episode,train_loss,train_reward
0,0.037401950749389214,98.53330311675488
1,0.00904739568803277,169.03593912920778
2,0.007477309051949109,182.035404750632
3,0.006595745765009959,30.441474390179714
4,0.0062048965891860885,244.9091429190053
5,0.005115027403581619,136.74463541606494
6,0.006620107859207471,172.01468746315084
7,0.007411047252949525,101.08186841707723
8,0.005287048535113147,70.31145030714431
9,0.005889898115128744,104.96901153558639
10,0.006880832796475299,252.02955189286973
11,0.004905356076482873,56.114749566594874
12,0.008071267961231815,69.83105280390245
13,0.009996869984098662,55.75925131599492
14,0.006075972715169317,70.82728195286403
15,0.010043897357937911,30.010788617219234
16,0.007486785866707663,136.2171567601037
17,0.009424572066163203,63.164164410936294
18,0.007054037343385227,43.16073605951226
19,0.007792640759336638,240.6879360885385
20,0.005396987058908784,170.2352779868994
21,0.007374338949729701,132.99815756285685
22,0.007258871442289873,141.32900796532638
23,0.007771158374222504,238.2817460574605
24,0.005879442474829823,243.58346588373763
25,0.005108438519281493,61.047987685832325
26,0.0042384531042120276,57.814874285656416
27,0.004215130253430551,55.16494320324844
28,0.0049056454009654615,129.3802550114256
29,0.006909715730916315,93.63016370963261
30,0.007083567865761738,43.320389448410126
31,0.006323577799659376,313.36880671602285
32,0.005406021086254425,60.340363015065385
33,0.006904897933054599,96.92570677372848
34,0.006016076577027057,321.5408592370752
35,0.006825514914109246,73.57624207726072
36,0.00427085897435659,30.038091808064095
37,0.005291272224316013,41.852266731767116
38,0.006529054860979066,51.003109759134304
39,0.00761205720542402,178.56461570446317
40,0.006972986420595799,95.78912025334894
41,0.00670574357078796,28.178073745561274
42,0.012124518281945546,45.821732231099936
43,0.007255438431764585,233.3261997196625
44,0.006252006864579508,73.78747327937454
45,0.005828547551621774,317.7791442154011
46,0.005255956778278568,136.7889947166
47,0.006064790270934513,60.44359457168534
48,0.007225176341607855,167.38175729875323
49,0.004675698140017436,298.28947924914564
50,0.005195774463835523,324.17006378171897
51,0.0043904480120840455,74.80116873436963
52,0.005031705560792365,42.53746393678347
53,0.005351107840066437,43.391072341956516
54,0.007287043253282635,43.08846499072901
55,0.006581384155486541,41.581534032246665
56,0.00392274734919986,47.65693055958624
57,0.006186697390258638,135.16021169445355
58,0.004826800573275911,41.18627143745631
59,0.007723923285745762,43.5127892620176
60,0.0058321680438714624,250.5362971479155
61,0.007346429060066381,135.02210480313383
62,0.006831734672932026,101.43082236386407
63,0.00592576307196434,242.9183784657816
64,0.0069642037600739825,140.94554762841693
65,0.004901899558825465,54.99485931237019
66,0.005316598822644946,245.50651299292318
67,0.0049609789084442265,248.63046344143305
68,0.004212905611474036,88.4754695957461
69,0.006928524056010329,46.20790091415488
70,0.006369362082812193,68.60029089918424
71,0.006294112273770644,102.36232242836644
72,0.0044775012312629125,236.3360074112873
73,0.0051204744458934245,166.40554256191382
74,0.005659224198442078,72.08569823632939
75,0.004966798695465046,71.65534057819394
76,0.004084031428352023,72.97460335462475
77,0.0033873188367579132,31.869908907037853
78,0.002838749957877083,31.126305373648353
79,0.005271643009748643,73.34454186626053
80,0.005606940855687038,299.5341315922454
81,0.006251262651968141,132.983377231978
82,0.00557269604498781,61.483683962495775
83,0.005405018857422426,245.11968094872287
84,0.005456920494290929,58.85188924510895
85,0.006570065196767959,172.22285163352606
86,0.005583701859595561,173.93143662162046
87,0.005000008547607491,140.07901123076743
88,0.003579482220861098,61.96415297090303
89,0.00352801634388447,61.1177268139062
90,0.003915015721802891,319.2928213330171
91,0.004338814123250565,47.515525409012255
92,0.0041428983513469575,92.34872355095536
93,0.004338463051834891,251.67158066788446
94,0.0045994030249784795,129.2769991141862
95,0.0038568903590496255,138.60126265690943
96,0.0036347583087058774,315.69201511517616
97,0.003819948005460315,135.27140160871897
98,0.002850597290737576,46.892470744635176
99,0.00341767071330023,242.07143567352998
100,0.003735859099491937,138.48217756463882
101,0.003306473213938418,30.163397619410905
102,0.004678463769212956,75.69595418054084
103,0.0033925882694113415,166.16648447547192
104,0.004164436670320216,92.47132196477233
105,0.004562686893701332,177.05440386904576
106,0.006619357119647743,42.50696266553421
107,0.005441035322292009,42.26267388427016
108,0.0053976850368127344,315.96522113759187
109,0.004724697923440294,30.303765847586792
110,0.003968877130319015,48.31148274305857
111,0.005134039939330763,254.6869203282519
112,0.0038796020410257707,307.41763998034577
113,0.004928568947854308,94.25487134750377
114,0.00296247948162173,42.51318722684315
115,0.0045144634330846695,95.64683018757157
116,0.004497862295528617,30.472792870400262
117,0.006587625010629731,97.7439355424527
118,0.004549443002631322,69.49695822722646
119,0.005182149398517479,55.613504667874054
120,0.006108339190763279,54.513776253739714
121,0.005070016827417112,135.02639623806684
122,0.007009329513245823,48.45207494400107
123,0.004152621780843313,31.947732862208756
124,0.0075177588795840335,72.33008936255516
125,0.006589670038649913,71.0048762532372
126,0.004969738055093577,56.110503845881404
127,0.005258844662805751,179.2166322152565
128,0.0036423667595461328,56.07160506272826
129,0.005907964697659745,171.55335324847186
130,0.006973224979116243,43.04436393883719
131,0.004570831305845159,29.39559356089639
132,0.006757167550610823,42.775039647445375
133,0.0051584739090356005,136.3668860360176
134,0.006423301629314965,175.7281588845
135,0.005394303307840936,164.3485863644045
136,0.0048314962387126965,171.2977012419126
137,0.0033052592556782044,68.16382417551556
138,0.004831839942322034,53.63941283402044
139,0.0038196127977026266,243.36048991279307
140,0.005136652392498921,137.46370216351394
141,0.004908471977449319,47.18958493523888
142,0.006042165861634368,45.507377739474265
143,0.004451092348471924,131.90596312955378
144,0.004143315746737012,60.74808270134643
145,0.0064601091504239054,59.64544657276724
146,0.005129385407711192,317.3275595321114
147,0.003944160262935012,43.48288420285921
148,0.003808340169757919,173.6038481862971
149,0.006028728277607146,27.77305436651474
150,0.003960276750810656,48.17208697406481
151,0.004739193488851676,46.72512790125774
152,0.004783909268976677,306.19514316572474
153,0.0026015350274313028,46.38179446689226
154,0.003390513768445581,68.6944224794275
155,0.006151524644255088,42.76177731665618
156,0.007861969555960968,60.005011453992154
157,0.005948283999144115,62.14765842286633
158,0.004100308862027966,41.813608999675495
159,0.0053361654805625085,95.7656363390697
160,0.006236999456462908,60.514435230361485
161,0.006194088576668152,233.58855076556262
162,0.005311955842094344,94.75991149162292
163,0.006716814002621982,59.79716871658544
164,0.00823896766642219,53.22139038730329
165,0.00581803769430627,58.50188131927848
166,0.004687203444890157,247.36410168962726
167,0.005876074807117568,137.61043577905056
168,0.004434226669977808,160.12195449789053
169,0.003874484147570296,236.652823313395
170,0.004909274721481976,71.40242333567538
171,0.0038128519067518376,102.66530282499335
172,0.004280642003893371,58.956686914970646
173,0.0066900659760656045,46.531857586186035
174,0.005747876150163216,142.64066488492725
175,0.0037323864524948093,326.0442383542629
176,0.002645776508069179,56.08587622869311
177,0.006297664399247991,177.89630917269466
178,0.004070470550756839,103.2023825452716
179,0.00346518964189394,170.4556628839523
180,0.00350140184533442,97.3199765314788
181,0.0041379807939677295,312.7923530049317
182,0.0032684317150691138,29.582005945730238
183,0.003628067899380521,71.25675793782584
184,0.0045112991244353065,103.20913051299841
185,0.004880517442241119,88.89668065029545
186,0.0035628801955522706,143.9725975839381
187,0.003960719321846475,42.64358852704014
188,0.004764980152147883,243.99587538997577
189,0.0032936682854944085,173.1240573047049
190,0.004758383675301769,30.05159116378478
191,0.0033863956583726324,140.3350716596392
192,0.001641083637690011,27.531416700503957
193,0.0035529795868569636,104.40367069888877
194,0.004003476811496341,133.57042002737072
195,0.004708884133089503,46.530775435288724
196,0.003730750158978218,168.97028518174113
197,0.0038023606846124764,71.37615581919806
198,0.004951119407607997,29.534876261898305
199,0.004590202896486937,105.19600199780731
200,0.0030387119271647954,27.06395194700611
201,0.003937655837452857,73.48641331765553
202,0.006273047664553115,97.99022257124338
203,0.005708500103021317,75.15165750027344
204,0.004490139060212171,31.862225163958726
205,0.00512746216332682,56.043258604459695
206,0.0052638930561631145,32.62128968743649
207,0.005506645434062597,316.37550387845715
208,0.004984044933210334,139.29690923688037
209,0.005048868282055943,314.26952606854013
210,0.004500789844816358,28.769519805743645
211,0.004305677151532402,59.24041051287205
212,0.0047923082167052105,100.25690263800776
213,0.003158539651567608,251.71791692514532
214,0.00350654249486229,170.27533286410016
215,0.003035154199173582,248.52952298197675
216,0.0024908153718570247,57.08103740918668
217,0.003296308836088991,165.87626314447988
218,0.0035614564377200704,46.01174725544151
219,0.0033967947414408175,127.14324592152902
220,0.00391506966507922,93.76628225660401
221,0.0034470429566676695,313.9454201109428
222,0.0035897581041913675,92.42555969045975
223,0.0037652371054057517,42.79623917609325
224,0.0035581613765316433,100.1444325633247
225,0.003561270447160216,102.48348408201299
226,0.002389292907702673,47.530268531042665
227,0.004129800079821367,101.09435354502583
228,0.004741058250312397,42.14111486484219
229,0.003646637930889495,139.4765338526472
230,0.00468537232572144,136.0279111364421
231,0.003728826131753687,307.60286280678434
232,0.004737228836116413,57.14072480416704
233,0.0036517087713766904,252.50006286634516
234,0.0031420155463746523,72.71036309914341
235,0.0032819561093140118,179.32630391792216
236,0.002581014600613548,316.0346658396272
237,0.002215436671592169,59.011454993872796
238,0.0026451554820956266,311.1545508256829
239,0.0027786702675270214,242.77693608041935
240,0.0027623259520332018,315.54992717864707
241,0.002666848388881507,44.012688601999066
242,0.0033727092671912173,101.35001719169402
243,0.004006006394849895,165.9851765652721
244,0.003328086724266054,248.1190704052445
245,0.002860681052116955,135.35610115242093
246,0.00347626993371287,74.79395068889164
247,0.0030168286109711093,323.1796659293205
248,0.003225158870528021,136.7568390407858
249,0.003413681750560537,172.97583037320643
250,0.0024616096941082292,130.7545990892594
251,0.0034999164320404156,47.93145474764578
252,0.002748674281731492,322.1000718801734
253,0.0034453601642359063,163.71763203133796
254,0.003456500379452628,315.8934222653748
255,0.0029731463238766246,43.08627340866224
256,0.003281813869114681,56.3943051840872
257,0.0037652501905174464,133.15449205571366
258,0.004708823471053227,71.71843316348387
259,0.004427111057421743,47.78823920462703
260,0.004936807045393511,147.3740081978244
261,0.0037166482600780714,163.1471459081569
262,0.0028803035794016277,104.26991182714195
263,0.00449688300835299,74.2986949010756
264,0.003340298530340934,316.0638936850699
265,0.0031995708226352526,238.51244369154048
266,0.003088948891476124,70.96244913727968
267,0.0035347326689092865,44.90366112895002
268,0.002682028449383971,176.6912147531915
269,0.0021928967742662116,44.731517629974576
270,0.0035841336494531087,103.19886406477131
271,0.002771495106455093,317.4440318761532
272,0.0027479299119354313,75.2141380262453
273,0.001964093026676769,74.30408457782336
274,0.004207354630015465,139.393295548761
275,0.003365515160042448,94.66143695543208
276,0.003346204496086681,48.03895764340847
277,0.0036423578359818737,240.34146526478844
278,0.0032897619199014952,178.03441819381342
279,0.003436664251944101,236.88340092885338
280,0.003213981622767025,178.03243181649108
281,0.00388489452173313,135.26004439378704
282,0.0027561040629903405,178.68516036786082
283,0.002643725590043149,240.07481620836936
284,0.0031262542814084584,27.57976732143879
285,0.0037142295362267257,29.198897184945608
286,0.0038833324534247394,135.37151369636558
287,0.003576665082065804,183.48872377007612
288,0.003195189061609033,42.05483216273912
289,0.0022148733876057466,27.657855330905473
290,0.004454086980115527,53.110221834601084
291,0.003763956289395421,135.13559885502553
292,0.003657273885367501,100.99878437595196
293,0.0028442254097171826,48.25574725878218
294,0.003803697472287271,54.851059401376055
295,0.004065652284439147,131.10026146943946
296,0.004009808323759681,241.08807282312424
297,0.003261799587306368,246.65614701448894
298,0.0031562318758444926,30.208334825262735
299,0.003623789903340554,179.54188699508225
300,0.004440099858501609,40.82122720863968
301,0.003400629681957221,175.07029524171767
302,0.002581129076096443,168.21481475220443
303,0.0023123524346870413,45.605526231531194
304,0.0027069355814588066,46.17905402469068
305,0.0035716300646107322,102.53969480921585
306,0.0030142908522415943,97.36057311849048
307,0.002403813250605509,324.1060842802183
308,0.0032002497788886793,76.29142123606297
309,0.0027875979849243822,322.8595047124942
310,0.0022713963094404257,29.236579665134958
311,0.0029058002751175867,68.4820986154402
312,0.0035394996504460293,130.14693096478743
313,0.0037569433776740413,71.49013854171781
314,0.003164422914937401,134.77703235807317
315,0.0029463922720733724,170.01949155334415
316,0.002260363957679353,177.462281731684
317,0.002381867148230683,69.87772126207808
318,0.002912369515377997,96.60155517078626
319,0.002307231256550453,45.29001719792348
320,0.0031975899511892817,101.86754274138121
321,0.003188230453200907,251.20913882924984
322,0.00466444962426144,60.89106511138
323,0.0027567927885609176,167.52009117202073
324,0.0021181805198940426,250.6632725048646
325,0.002086631145303672,134.623204860014
326,0.0020673829173584006,172.7898466100913
327,0.002825908723516969,69.44047944761012
328,0.002273030922981594,250.13337181862929
329,0.001965477484410813,133.36870414139645
330,0.002677533174253274,55.72240692438272
331,0.0035943607999306057,71.9448059006524
332,0.0036924036613851,52.23454518533282
333,0.003908873529739635,44.80749456065948
334,0.002590357974641246,60.55926940096208
335,0.0030999504326989064,250.6049075179114
336,0.003917326314218246,30.62473682726876
337,0.0035759866123325334,163.04057409077208
338,0.0028989231573792198,79.37198817708625
339,0.002285604150859978,44.78009072497538
340,0.0028353595788192594,70.61977049222506
341,0.004980500951278861,139.50892561369298
342,0.005159264775580072,56.59773576890167
343,0.004242500557092287,125.24352470172754
344,0.004101974965956736,253.60869554023395
345,0.00366603823214307,246.5972497830192
346,0.003975215368485242,242.8897686282635
347,0.0030200713297258326,250.80609095448375
348,0.0025901170864182695,43.53536772297197
349,0.0023950499880957456,320.7306156453396
350,0.0027814911586104027,28.86247749210684
351,0.002665876674885586,234.74331636253666
352,0.0032226011515542104,45.56409354297766
353,0.0026240683367267223,246.64529854994933
354,0.002431871686612481,28.031662264770226
355,0.003069487810931825,143.21896525038593
356,0.003139267391422952,70.3948229048982
357,0.0016326716312588278,48.28926750572277
358,0.003546604479647472,175.47681685533402
359,0.0017444661275005963,27.27869230201461
360,0.002133591753730658,100.6257512755278
361,0.00459097484020855,43.00351962624549
362,0.0026952882645104484,321.25653311793513
363,0.0035216459755560963,30.003671009809036
364,0.00244806525062682,174.61074422292128
365,0.0029786286635447743,236.30753498909743
366,0.0019634626127348434,74.86039091545699
367,0.0031309306640860787,94.72874989245487
368,0.0025731439737236065,56.027128932147725
369,0.0034126231910967153,308.6925642186479
370,0.002895596854475532,61.31694850054596
371,0.002585993851495844,107.69324571575615
372,0.0029433830625646535,317.5750520878605
373,0.002904973032049469,136.2919290916373
374,0.003572998797861214,317.0564784452712
375,0.00240827157042394,139.7550912551694
376,0.002712413569605491,60.66656558000573
377,0.002340111823924445,168.117353555203
378,0.003389824943786318,46.48851954651102
379,0.003386353535264592,76.10253447866889
380,0.0024601991996898737,242.23058404125422
381,0.0017347999067061533,58.049346378960415
382,0.003042152311816328,104.35814715276312
383,0.0023634789085431513,317.166232135564
384,0.0021987006409271877,130.31977151699422
385,0.001977494746055387,100.14340908041217
386,0.0023642563567075224,69.45837121838728
387,0.002230364541339941,147.03250771802504
388,0.0020984101567002064,76.1818972405306
389,0.0020653001337376663,69.13579544055942
390,0.0017878133724680391,63.57837178328213
391,0.002794123668123079,43.99925997733814
392,0.002979286637167007,310.44829083023666
393,0.0026561512148502104,247.20874051525618
394,0.0031615542651152128,65.18143313217585
395,0.0019171932569362862,310.93592429491207
396,0.002545698644590212,74.72111003432816
397,0.0017329169881327609,245.98328629188072
398,0.001336076261272742,72.17659225113975
399,0.0024523097449323707,93.91172898037037
400,0.0032544573344214746,69.87871263479688
401,0.004109586208704224,45.84812570648359
402,0.0026124441942620637,247.203169000114
403,0.0027564878350688406,317.6626255905185
404,0.0035869267474379126,250.16496776491107
405,0.0035096476902103904,169.68658286110684
406,0.003137719234370341,172.87946632605673
407,0.002907166515797144,70.2857469698415
408,0.0028364282789226937,245.5540557965348
409,0.0023709327887727655,29.667879386627092
410,0.0032121916008543703,73.92678211440449
411,0.002966333565437165,141.79339299855104
412,0.0025909831583703635,47.46774865904026
413,0.003556935061591428,176.4377180320639
414,0.0021784227673461746,47.05029975153379
415,0.002857287879702529,45.52635255320108
416,0.003128549850280154,317.26433887502685
417,0.003155971052212603,140.60114485711063
418,0.004003395737835474,53.21437906050556
419,0.001822829185302594,28.46143553919425
420,0.0031003865654135802,42.96023604545916
421,0.004557499039387599,102.53037301810377
422,0.0034148841509234226,32.37675604735095
423,0.0037573946808081996,93.51975088240944
424,0.0029561387021587926,317.39698949185697
425,0.002167268898452855,237.7232291634513
426,0.003021473996671954,41.86708423030948
427,0.0026408033625667307,140.51909653022514
428,0.002649009729863722,99.57383862092104
429,0.002891435670160438,98.3539714978238
430,0.0025592746919406075,95.00441195017966
431,0.003353695027096994,97.42726247256773
432,0.0022817441272217666,140.61142275185767
433,0.0023087774148175064,101.50348028309932
434,0.0023028554628645383,248.59386915122283
435,0.0028733479286252,58.09924942099671
436,0.0026877702451271876,100.6536718582357
437,0.0034130167861778165,241.76621155109984
438,0.0019421981792220322,102.93851784308414
439,0.0025172668224636378,69.49044288286925
440,0.0029093589798715727,312.6408820259173
441,0.002162290449088743,175.27714398734014
442,0.0023856204442663826,29.35209114112083
443,0.004811618515242148,28.166786458904102
444,0.004360548015855867,40.508647828915386
445,0.0039370299963248446,30.563764047498758
446,0.0027111585056612147,236.34005062239814
447,0.0035377719190224665,99.94852609399638
448,0.0032856168728148285,103.78337117567206
449,0.003851706229741811,77.38095539663762
450,0.003502934576505956,32.08502107772556
451,0.0033606780776939227,40.29255517768714
452,0.004083836834438812,74.32071958769099
453,0.0035138574788491006,318.75636193208555
454,0.0034949079104620267,61.732473652923225
455,0.0031431054256343587,71.40308926549763
456,0.0028366481267713584,316.36046682714306
457,0.002622678416658852,132.20666473425644
458,0.006168347453710559,26.763531212886775
459,0.0026648382594891737,241.45602213421571
460,0.002497734613684834,245.00741260863822
461,0.0027716188280366523,68.54404528861869
462,0.002741212379658085,133.88095613900222
463,0.0021269902567452184,56.306890202526745
464,0.0016904021590149073,44.49882627451257
465,0.002227646855404834,325.51389460268354
466,0.0017404131065484614,74.16049349754523
467,0.0022153423544616947,332.3270286781071
468,0.0019879734763890156,98.73506540505564
469,0.0027349159490768216,99.25249246177384
470,0.0025338718547806534,315.9150044639698
471,0.0027397098152906144,58.4001376015534
472,0.002235331672130359,179.01372588995176
473,0.00249745579714141,61.763476392804776
474,0.00214489953739271,249.4473829504164
475,0.001936788940617368,75.97544278028073
476,0.003260989249611157,58.622042302825754
477,0.003549761053148097,56.79309134486528
478,0.00404473356026686,103.41409396911416
479,0.002583032721792654,140.77196270565943
480,0.0025742174771375293,137.5914144765081
481,0.0033090932404015757,170.19212449383343
482,0.003956189652069889,28.432009711597544
483,0.005169635723898958,31.509902696158257
484,0.003059306042342799,312.54566391727093
485,0.003226654007298795,185.01355637058109
486,0.0026886132500166383,239.39451784553165
487,0.0035226894853684796,31.697108227543044
488,0.0030583930965609484,315.64896397452793
489,0.0031687055183143597,97.99585381662185
490,0.002741963951284269,316.43421390865285
491,0.003370809413144553,93.71772023702681
492,0.00234009893916119,326.47362813047954
493,0.002880504584446988,99.50059177367557
494,0.00299708734836685,182.0512330004885
495,0.0020824428227249024,322.0815484468009
496,0.0019998307519787117,95.61263809030677
497,0.0018795283579582784,241.15991332311148
498,0.0021459988857582732,313.55881081351015
499,0.002789564899975415,173.70213727103277
500,0.0023932692131790278,172.3164993380568
501,0.0021212694566031206,131.05618104012373
502,0.00222256599659591,76.41858850253776
503,0.00252987230555724,318.9453530153466
504,0.0022935565670341995,142.48804914228728
505,0.002307781052987416,142.75747430799143
506,0.0019086098107156712,96.77533102379698
507,0.003164337837570829,31.035947087085063
508,0.003813807833294787,74.41437727606088
509,0.00229931732642591,255.76325430942993
510,0.0021625607862286135,91.28825232205132
511,0.0021260702718603262,29.3460078036433
512,0.0031766356019190803,30.41837669036819
513,0.0031516039160959662,70.9417805070547
514,0.004553012102234862,145.14048108875238
515,0.0032622988282337948,94.47177154234726
516,0.00437134741563784,52.33142428805854
517,0.0033744799683727953,101.86519077028079
518,0.002820978414430223,178.92247181189197
519,0.00304934158421676,178.9093509382183
520,0.002404873404453404,181.10107351915548
521,0.0027113040381688595,139.65761440153634
522,0.0021126289117422525,44.2488264636496
523,0.00457706450648957,59.534928177677756
524,0.002938705271596766,45.45200249055257
525,0.0044905153995037275,92.61271978128676
526,0.002367099400480199,240.54912478603407
527,0.002457952779409003,170.9358580940977
528,0.002258238676007186,246.1432228753014
529,0.0036776913408884558,53.805489748158884
530,0.0036260562307936857,45.60166526834933
531,0.0024189057805774033,243.99384564196998
532,0.0024817008865491686,139.60513890284287
533,0.0030468578390010974,72.92174156408443
534,0.0022956002920119347,26.326483086529525
535,0.003028446178336942,166.4072508953802
536,0.003469528794963041,31.258584757437564
537,0.0034778421464910603,48.071563854677784
538,0.0037626460942302223,146.2861593354857
539,0.0031031666274303426,327.09548553602343
540,0.0029093300832038283,252.50801951470592
541,0.002892857211455999,57.39370799346409
542,0.003218611735441112,29.087551013170174
543,0.0027924098540097475,33.17563109228385
544,0.0036423896491055295,178.2496238555706
545,0.0032138695324087727,97.62621742668216
546,0.004619349552777084,144.368564192952
547,0.003875518525470495,130.43585207585207
548,0.0033681495453073205,99.20482471693336
549,0.003111989408615645,177.7079447884559
550,0.0021378517205728432,97.31505507097026
551,0.002802174549654123,131.74519310495754
552,0.0029401497051423442,173.54736389825788
553,0.0018524223149557998,133.06208345808344
554,0.0026384562700868474,60.649106581173065
555,0.0027376792521946218,43.75633427697159
556,0.0023648392981902525,46.85902834991039
557,0.002758586264667749,259.1499862442074
558,0.002280740884778989,29.83484069857423
559,0.002823715058109452,181.49484817085062
560,0.0025552527726283776,326.90093111232164
561,0.0030301959345092042,71.43745498985714
562,0.002766686785960214,245.25199009702163
563,0.0026711274894949664,240.9622850945472
564,0.002268464496943313,27.745324607195652
565,0.0027201813051785416,70.38768415150743
566,0.004012000691780242,170.67806176414285
567,0.0022976728207091865,136.39151185014072
568,0.0018548415144743137,104.55569025412525
569,0.0020398844248245888,31.821107498075847
570,0.002886552809827294,72.38110022198876
571,0.0034230462752958307,174.92755842331803
572,0.0038888550523777142,175.15205797202736
573,0.0018260738654824872,28.919846657296997
574,0.003635062058108328,248.8810542315972
575,0.0039526242780502305,77.4590331459357
576,0.0028180627003320307,244.34358437088872
577,0.0028063611429683375,72.7351536433873
578,0.002980982758024663,242.0881910890292
579,0.0038544274595386178,48.2000510157351
580,0.003070658586028418,144.20018697636652
581,0.0015873455087220747,28.641875339439746
582,0.005407801368730017,72.5958664497285
583,0.0035628104002572106,59.890831477277445
584,0.0031149535226742612,68.6839665821893
585,0.00361974946881486,178.00776577632203
586,0.004074436280709712,47.48914193456385
587,0.0047862007482637695,28.522425911740793
588,0.004534450472907413,175.1071219649748
589,0.003651048909155976,179.92064651297338
590,0.0037724623751686165,182.75898798189758
591,0.003089688144568426,175.22351837204482
592,0.0026690096165844232,142.11759716809786
593,0.0018008567758129332,29.79070403147303
594,0.0019094605875989786,241.87085408608112
595,0.0023033787417191956,99.24773137932227
596,0.002453379830430177,47.69184580238056
597,0.0029690110848642906,169.54120697284168
598,0.001957084619583107,171.3150017102787
599,0.002259934853300673,59.03692200558076
600,0.001813103139040681,239.66605072071366
601,0.002752112790977546,128.83117923587622
602,0.003106719284275912,71.01371075591526
603,0.002477272553264389,179.8834330730336
604,0.0030006308727304433,94.64865306928553
605,0.0019708118615800246,62.15342444352466
606,0.0027465230323481505,323.4011692179438
607,0.002065600274503455,100.99116816062512
608,0.0022621771214117697,69.36395331139997
609,0.0029258066442216166,69.57125621299583
610,0.0029136425374449103,28.675053466869524
611,0.002835256417383039,179.59997635728757
612,0.0033922818091291526,60.66929860973148
613,0.002360595644106446,29.52005614704212
614,0.00468118146950887,44.93748559030324
615,0.0049943505753241154,26.443858842464735
616,0.006562654295301964,29.460572314912184
617,0.00475767622562919,47.31982298720114
618,0.0038717716410451067,304.3650762517886
619,0.004707297877511167,60.44806211147324
620,0.0030904966216683174,249.87635682763775
621,0.003250666643659563,45.40915919794104
622,0.003088242264468512,31.36089131306079
623,0.004524258321195243,174.02461686475712
624,0.0032427747375612824,28.548691420941616
625,0.0033047913194213132,98.14947884432658
626,0.0035474610648619136,58.606939071823504
627,0.0035724312667260857,171.9074501513722
628,0.0028093535766715895,244.0479793039067
629,0.002567073583955111,57.235656018212424
630,0.004994900036928646,51.0322476780674
631,0.0029939382220130106,135.39525846545047
632,0.0029955444948567534,99.05073741719274
633,0.004790914351990348,94.31567655049658
634,0.0043480859122527445,41.80833730409912
635,0.003534547078841668,74.21074650405049
636,0.002268957491235026,57.080662993649945
637,0.0041701226638741155,40.14649805966282
638,0.0037766128044985146,98.64364912412533
639,0.0033036873575894654,175.8970803932317
640,0.004961307615634392,40.7565549261385
641,0.003196867363176598,72.17965426030969
642,0.0034948724273482067,134.55408483551267
643,0.0028249306749123866,47.903660063156615
644,0.003767886480133693,139.08852714422045
645,0.005694041672356079,62.32936909635281
646,0.003161688187440593,254.39850241819317
647,0.0026705453925718425,46.871681809822704
648,0.0027739476771840056,140.03247600150073
649,0.0022492370665753007,77.19875484087949
650,0.0024942943302295123,239.27662181092634
651,0.0025279775337488917,173.76503875122938
652,0.0023713878224673234,104.1600903223214
653,0.0027996930160086894,319.24361098667856
654,0.002696045398480884,322.456075698179
655,0.0021789436193269556,243.80441252128796
656,0.002585373920776195,239.77680935721284
657,0.0020462705255301643,314.9655274669495
658,0.0015226915339106631,56.98787889082981
659,0.001982422829149238,45.78181899521425
660,0.002973331811167904,106.60638845770535
661,0.0036738907028021376,43.99004040982635
662,0.004221616830207118,32.21974096687346
663,0.0024093452047964092,48.66481039175709
664,0.0020586254074165984,32.99189424828735
665,0.0033195470365697055,321.21717608390304
666,0.0034537443149266606,57.87720056820308
667,0.0031291572329689484,243.11174762534782
668,0.0029763649971265784,94.66979827650586
669,0.002769855847733337,100.99429869477537
670,0.0024180932295249395,49.027878933613806
671,0.00311248996525959,320.0093601630397
672,0.003421424421134902,70.21586458712126
673,0.003042645258326295,40.909170415380004
674,0.003416962598791524,141.59673579615492
675,0.003814179617250575,55.36271539260654
676,0.003277950318283364,319.0021114689112
677,0.003189413302876141,242.74552075164988
678,0.0026475045841722936,319.5053655591474
679,0.001786109120377251,321.03420749652884
680,0.001689091165260215,174.4254655903844
681,0.0013573299640464583,324.5227527839128
682,0.0017017061382620551,98.73267131147047
683,0.0017323411032098386,255.15181579937098
684,0.0025243174185843914,30.653565142536895
685,0.0028342656117344564,100.84483111295457
686,0.0028002109671621746,27.915179868265472
687,0.003421613832192664,132.71525953214615
688,0.003231450337037901,101.71257995201546
689,0.0019506973800049571,177.74511696330683
690,0.002377843201025962,317.4672788377817
691,0.002743577334541376,168.57400012610844
692,0.0023192069281569934,43.75450433026266
693,0.002474455702975172,70.5865446394891
694,0.001875012891892747,181.48944975159142
695,0.0022495468368327457,70.0269779442502
696,0.0018917473888209583,318.51924718828525
697,0.0021771750564851377,180.6265878637268
698,0.0024424906417222633,97.85087597912882
699,0.002399044997938694,322.8831851829099
700,0.001960808181055737,320.6769055067007
701,0.0015946288410796212,328.5876378658571
702,0.0015726335381469443,102.12680211977865
703,0.0017548005511638916,75.5356348063998
704,0.0028926868382603225,40.706590691657325
705,0.002410442889573888,330.3921073857854
706,0.001786362688624256,76.18269665722738
707,0.0022535256481828123,321.8325832261394
708,0.0016447216302239267,146.01462368599684
709,0.0023830126252861877,178.12394968057257
710,0.002855459080631684,32.68325375952174
711,0.002333414306583147,247.73412759675094
712,0.0017495338078929465,27.449228304162645
713,0.003200540534287438,139.0864115422319
714,0.002393159299892534,253.41654323290936
715,0.0021255981416828567,313.7700640501709
716,0.003855195752872863,44.50856609211968
717,0.0025515591389168395,258.3724928339024
718,0.0017377591031053554,30.626327276272313
719,0.002597091839195232,140.59851945524048
720,0.0021604395086041233,241.2610189901923
721,0.002535196699239817,78.31955944197396
722,0.0015081961064424831,43.56940553205634
723,0.0023998712862871824,321.54451166386986
724,0.002797048761134942,78.34474012410982
725,0.002999580372272896,60.285874526935125
726,0.0019027755933307099,253.49400720057642
727,0.0020554018285729773,175.04114992883362
728,0.0015200594368882147,94.20317950450116
729,0.002258714506332091,99.83246207442285
730,0.0022238046401367867,314.56018826119674
731,0.0028651961944666945,74.40029579756047
732,0.002157595934234105,330.84423267150976
733,0.001967417738391024,138.19603009164285
734,0.0017302906272479131,49.67406156189221
735,0.0021336847010238716,171.78778555714098
736,0.0027230716729497325,70.47928649555055
737,0.002077047183627508,75.99074515697001
738,0.0030356129915612515,183.4255361219416
739,0.0021972033299011247,182.12445951885812
740,0.0025462796497427356,95.9389539284075
741,0.0026147781969216065,145.26724547551476
742,0.001783580720270115,250.91652985865062
743,0.0022747713995805805,178.74520070054265
744,0.0029903752623331396,142.61318152796147
745,0.0030352679118963847,45.53865668768627
746,0.002350498730134509,318.26360087678825
747,0.001860865254657564,59.715022556450826
748,0.002650967407995218,74.70966434791481
749,0.002954106733754584,318.10116340744986
750,0.004185122595839042,29.598694039728066
751,0.002554209475663848,173.6052874950869
752,0.0028479262621750974,311.833961417048
753,0.002534954700797029,318.2515832100439
754,0.0016646764072055671,28.863080502660882
755,0.0034155146815823506,255.9075422144496
756,0.0026927532855930717,128.874516331783
757,0.0038310129004292485,48.46925581306868
758,0.003395180145796973,148.37697569569565
759,0.0027963169121414046,97.84111452694879
760,0.0037255188793297147,55.66155802163153
761,0.002853722306148533,73.58107680564281
762,0.0030886949037997346,242.72957683519908
763,0.0031857470295223503,248.41429028561163
764,0.0036568558686573445,31.832113893626723
765,0.0038056399205095783,53.36799768004712
766,0.0023836288377116917,248.92996280433525
767,0.0033909716670152937,142.08227681889053
768,0.003313836990855634,96.52768228457892
769,0.003635735571431444,103.57085054272075
770,0.0026185840215475764,69.61584660744568
771,0.004257221616933601,76.2086851487999
772,0.0028629878147832743,237.78965555069365
773,0.0031469179455318507,99.23467461202559
774,0.0027514554576309573,74.67201395155804
775,0.002878299523574017,179.39214505865985
776,0.001861911862165314,30.418585017874253
777,0.003336748263381465,251.1749875829693
778,0.002923647624158438,147.31975887371038
779,0.0019646860276609423,334.0703976244617
780,0.0026132303790710955,95.14347489303182
781,0.0022752964249031556,47.526088210246
782,0.0025651393632208715,39.937194983166115
783,0.003453753374329112,43.27390484017606
784,0.002888780873914987,134.82225018223141
785,0.002926673920018612,102.39772416558279
786,0.002626021171774976,58.302886927082604
787,0.0027667985216164826,100.44880853966137
788,0.0027990611509313428,62.06141915164917
789,0.0032739404778112657,43.35777930834057
790,0.002773700472908817,31.132284380352303
791,0.0026351747061338616,103.78521292443638
792,0.0030204112612311853,139.4609037535219
793,0.0030690326963648223,131.40631914703883
794,0.003467842563685704,30.602332222540795
795,0.004064234155858807,183.32166491574486
796,0.004084413491000305,96.92081620547852
797,0.0036342164259202457,92.72401495765338
798,0.003198185548880848,58.667717951773746
799,0.004033134528237331,44.45844060878388
800,0.003942215672380418,61.50859429244675
801,0.004789013570329049,99.10515784013596
802,0.003928158059401589,72.88686347010605
803,0.00332389459965105,44.55312111651613
804,0.005089144554753707,104.13769082645089
805,0.003246576829657039,251.57496652382878
806,0.002713450996147394,142.68172585786232
807,0.002645494926063775,147.69032596450182
808,0.0024060152271968864,46.77886515533632
809,0.003928907844080665,75.50196347006613
810,0.0030316521282071065,147.98983104474792
811,0.0020754901523669734,32.19889388234826
812,0.0024773599070238225,172.38693316451796
813,0.0031985788727038667,28.527699332488794
814,0.003338627258926863,99.06468617615577
815,0.004984850381553206,30.569976660899627
816,0.0038894828962229345,171.44980481321022
817,0.0045929120368038475,42.417770144814384
818,0.0035093332700396173,315.9994642653047
819,0.003434560920553493,174.92301420216955
820,0.0034764295128683195,59.39218339129707
821,0.0031214662528336982,178.57756164348166
822,0.002431395609411253,60.230188731747255
823,0.0030446286713105993,255.92892328724125
824,0.00198656298602414,146.08857863371006
825,0.0029496555837692172,190.04277092452497
826,0.0022102119771061244,58.76318698790147
827,0.0016830489887871732,59.69271714452725
828,0.002091384451331816,139.01096762069204
829,0.002551233203121228,48.41631274869966
830,0.0016240700003366398,106.31051841506341
831,0.002063270905073004,324.01801448354087
832,0.003077941700015349,174.95247179874673
833,0.0024804842047407133,58.155107095432975
834,0.00285193118462675,140.32914907119178
835,0.0026372320565788985,237.68204974829763
836,0.0027604852848212586,31.181596932615445
837,0.003241900385381252,45.917706725660416
838,0.0021450136259302563,30.376144952055505
839,0.00378044218802134,56.592867930220876
840,0.002816827817117552,44.18101862008889
841,0.004184930284153834,140.74774402757424
842,0.002192091709520565,98.29634190581555
843,0.004443861374800856,50.993038007317935
844,0.003821517285575386,180.60394394008406
845,0.002645220520822528,256.6090618882995
846,0.002601720666240687,75.11418415587927
847,0.002292869088803953,73.48385926144847
848,0.0030732457258559856,255.03251334485603
849,0.0027225331958772945,256.52671131213907
850,0.0024262658287249185,28.920543127427738
851,0.001943974478065133,249.50324607277716
852,0.0028301581160506007,248.912057522397
853,0.0028255851813679027,183.97085582828348
854,0.0019101256590034871,177.36991512763524
855,0.0014470518691592526,60.24143215711688
856,0.0021435708604258252,46.25266046093569
857,0.0019878197949642403,75.01623751381543
858,0.0026417603391672533,59.062012487484544
859,0.0025862483955559302,99.44732517479756
860,0.0025249172355012285,251.8756545805688
861,0.002807258761912934,142.50617542691668
862,0.004268227961462907,57.894117287429474
863,0.002182739307190599,175.22305831565723
864,0.0026389019050173015,250.5071472455886
865,0.0031873911716549215,178.56119233783775
866,0.002499946510782801,58.456604482496125
867,0.0026445427456410933,61.831102825083505
868,0.0032563920266810657,137.1397707138584
869,0.0030166386198040777,48.44015793416836
870,0.003188720055366446,183.698743910926
871,0.002532363989633847,49.71124241626931
872,0.0028119668786530383,101.33896602812868
873,0.002691105977597495,72.79081230415134
874,0.002204901507735185,182.59297636988515
875,0.0023396639149518383,253.81864460578961
876,0.0023499692148922398,30.23949222184479
877,0.0034189439552315213,56.98788566306598
878,0.0030155081039009855,77.41041464477514
879,0.0031771495986007365,172.23926480821703
880,0.0036417794213480805,70.72595648093365
881,0.003160926683406633,142.55946410436212
882,0.004952111587546573,32.41948759972483
883,0.003068063503364306,242.99806779846972
884,0.004244082450010889,70.63248823234952
885,0.005305919316015206,61.4683375475331
886,0.003755224708779465,139.20977063255177
887,0.003691175407687071,143.2522869189491
888,0.0033436549344992975,170.75531873625513
889,0.0032421232623750526,141.74021294412842
890,0.002502853984640722,318.1149926320309
891,0.003276583854709646,47.47281968183
892,0.0035576086234429785,31.21357628044374
893,0.00292027184546254,319.03035006289974
894,0.003079479822025116,41.53332997635051
895,0.0037211543132829226,62.04983989007033
896,0.004156450475027275,72.33491095608827
897,0.0037271111411358174,100.34199061888634
898,0.0038129833509838837,103.84684197426758
899,0.0036106445402055445,334.2176595450139
900,0.004216903899929494,65.46074442503354
901,0.003676861900531389,168.77540106682895
902,0.0027584772549995125,29.83537806827205
903,0.005135482867121089,57.02711551033952
904,0.0029209952262670077,182.64291672309474
905,0.0033135912650519655,73.4572101763483
906,0.0029134056518196547,148.27408244406604
907,0.004157164487598773,100.84285518956773
908,0.0032515929724776455,59.99715657097144
909,0.0030505190709915883,99.5305825997786
910,0.0025057987999466155,258.64702852624936
911,0.003983187634730712,45.86719418234159
912,0.0024564484161060506,72.61309509637373
913,0.0022088345087691768,323.93613388736287
914,0.0027864972235331774,139.7964156547448
915,0.002092210926462399,71.6550642379821
916,0.0026076629981238416,145.61501521233936
917,0.0024963192778082424,248.21779112664768
918,0.0022932473790536856,321.5208881015441
919,0.002018273002467537,258.23035569898934
920,0.0022333398670126826,325.27792591969353
921,0.0021563352499207587,144.82439587092446
922,0.0025162120522527966,184.0277577147507
923,0.0022341912266915964,236.23629077518223
924,0.0021657747901819243,54.53209599471286
925,0.0031178619429561303,143.41122456317453
926,0.0026669007632041082,243.951295507258
927,0.0018714560239952672,62.85542165895094
928,0.0028748375496778296,74.16111818768579
929,0.0018681182399600872,30.563923534518672
930,0.0031626904329040357,62.72297417824827
931,0.0028797297182951726,331.12207025852547
932,0.00435888223555748,61.882957639885696
933,0.002997181939603833,183.92639000663632
934,0.0027259587058742415,75.40658685704095
935,0.002586803185263777,31.843034687290313
936,0.005883437736254284,97.16568719931891
937,0.00315333297509245,49.31280232844964
938,0.003376279669329548,181.0619250832904
939,0.003949707291956822,44.445391306272
940,0.0017240359132053775,46.2008798831977
941,0.004566519226598856,73.03104583938298
942,0.004362248589201884,105.91980384845432
943,0.0035085648452041897,75.93694954283427
944,0.0032937646657886102,97.19837933504925
945,0.0033768558698702594,323.1406771920272
946,0.0028289557161244793,330.41192571149816
947,0.0029202412827623674,132.24543595013367
948,0.0022190472805202976,137.62429811856367
949,0.0021104870840546837,71.91715738413451
950,0.0030688729748362675,31.23554628256666
951,0.0034041552105257074,48.94502735792797
952,0.00381064414074805,33.015252641342805
953,0.0031678445716891673,58.07640363819144
954,0.0037019554495670423,104.57720429963044
955,0.0034989068658369048,255.66054868211583
956,0.00302236318408946,132.23857890746743
957,0.002074876926516564,43.552193346329695
958,0.004153197020561242,31.00934042731526
959,0.0033442340959311725,330.8064077871489
960,0.0025100242607456087,28.151077216096198
961,0.0030320358444655806,322.7580492596161
962,0.003211837634947957,104.46486093625025
963,0.0024242279305953757,31.675250959575227
964,0.0024258500864740087,174.21759208707707
965,0.002118699396081875,325.019909921366
966,0.0019306964048417985,321.56549949986953
967,0.002630547054896188,70.01271520046313
968,0.003123698437806432,63.29176480967443
969,0.0025859472251673634,178.1240661446543
970,0.0025788382832803926,31.489371896311745
971,0.0016928524829859656,58.970883680026105
972,0.004595216114780512,29.494888601401758
973,0.003652381445197349,57.81489812451485
974,0.003099019777048118,326.64749412070694
975,0.002531100851491456,144.86972312091493
976,0.0020337725586294154,261.3025223253949
977,0.0016736911500880398,28.41630383612802
978,0.0038352373858288047,96.6813592768559
979,0.003110688883887804,136.48338078235673
980,0.0022244970889764067,328.51867781697695
981,0.002347608906286847,137.38646164732285
982,0.0022781983953190305,61.932580238520856
983,0.003128259469331869,102.99176420627919
984,0.0024968290102778917,319.2012216222996
985,0.0023220680166713475,247.87119489058847
986,0.002378264518385451,74.31654230111718
987,0.0019742788115917403,245.78925811796918
988,0.002397251719230553,49.74776635090733
989,0.001964802409929689,56.073804831321
990,0.0025300685767140614,136.07124356999046
991,0.0025454118263410607,74.07244370409433
992,0.002534671555517539,95.22263092027127
993,0.002516914742955123,102.37644353791056
994,0.002670598937571336,244.7751588992465
995,0.0025155072392160287,42.88737489544545
996,0.0032469352953624583,257.704535734162
997,0.00201062175024576,44.63801308125765
998,0.0035540612731314136,47.671920212938645
999,0.0029254047033664514,132.6244075328571
1000,0.002958177405501266,59.916751748042415
1001,0.0027257902170853233,258.2374408441685
1002,0.0018688562918822253,335.1079995177134
1003,0.002148276010622897,256.0198324637274
1004,0.0013123810705768972,28.148137167627254
1005,0.001994638012576693,324.11312163829217
1006,0.002631771266125432,138.32050386954683
1007,0.0021149787596993815,258.67156037661107
1008,0.002913496447631744,30.64625392158707
1009,0.0022287872639002,317.5104019875712
1010,0.0021462845794828845,325.9278510089259
1011,0.003277787511439689,28.80225139196382
1012,0.002815131301968694,97.58967633444122
1013,0.003136728628922325,61.315224914143876
1014,0.0028990003080392713,104.85877266866083
1015,0.0026710957016204927,317.73161054695015
1016,0.0023157100381054493,45.58349401406733
1017,0.0029146938028464897,44.683749025805184
1018,0.002568040999965703,55.54701315492264
1019,0.00275059079404645,95.26570997553816
1020,0.0022208011036588724,255.36173396702532
1021,0.0020985534877233885,142.3362405233466
1022,0.0023527726212209514,46.75816888280419
1023,0.003860985427987328,60.76716241597604
1024,0.002354463573910521,31.801553468947926
1025,0.0018766734119708417,46.184234280813634
1026,0.003296271162943197,167.78610139465738
1027,0.0038462836848534394,141.92056349300907
1028,0.0032286476585718896,241.27973370652197
1029,0.0034390636103504317,137.26083604979405
1030,0.004189355017067692,140.35232809515145
1031,0.003602868062648988,246.8580021509681
1032,0.00446767649053323,29.50258786285106
1033,0.004931915887789581,75.41602253991628
1034,0.004039957233488298,179.5994456633221
1035,0.004060452414803975,71.8327360124173
1036,0.002800777911714852,330.0807310774728
1037,0.00327971936223611,29.04793281733658
1038,0.003442406059499213,70.49502798888578
1039,0.002133045890680069,140.06816086253687
1040,0.0026057348974394367,44.72677494561391
1041,0.002444195811772837,255.2657271305379
1042,0.003879095002233398,57.4715687536239
1043,0.002560576174129921,326.99359950039
1044,0.0020963161463902944,260.3704121963196
1045,0.0025488710377692893,60.57084075288409
1046,0.0019391693701258303,175.29231991304675
1047,0.0034250135044699578,42.556941763531135
1048,0.0028914423124365997,73.57194691987544
1049,0.0037987903564793966,66.156638080287
1050,0.004113428597520397,45.86386796644459
1051,0.003552230045408158,103.4661666293559
1052,0.00400206450581594,58.10589241252378
1053,0.0029318891502627333,318.78549726972614
1054,0.0029736892911515355,244.56725597176685
1055,0.002513201422516431,105.92526652945025
1056,0.0025577703763393416,62.22844438175173
1057,0.0014374762094089889,29.86958419330615
1058,0.0025724998879628454,252.50579103696106
1059,0.002482451773073375,256.38209618364755
1060,0.0018423082865317072,178.52761504229017
1061,0.001925278508501036,172.7749000943261
1062,0.0017740161078478903,59.93263536447475
1063,0.0021517397987108927,324.16066617776465
1064,0.0021566128572347637,248.41794012996138
1065,0.0032283683251727656,54.22718509869465
1066,0.0020073468544146186,261.8278999765065
1067,0.0046287920663003615,42.593808245141446
1068,0.002039037539738086,29.227757137365018
1069,0.0032190353873462535,330.8417869657589
1070,0.00233603006337354,75.20745380503043
1071,0.001838711307431429,56.801495027397074
1072,0.0037363126546802834,31.48724498464295
1073,0.0022538429540622145,30.915780622451802
1074,0.00285358912764629,179.77580170459052
1075,0.003020534148894625,183.4109698487585
1076,0.002406150262375153,333.13956391075226
1077,0.0018547073182620221,133.62786917311757
1078,0.002510521196126246,68.03647398315337
1079,0.0017327320052447311,28.21371446598525
1080,0.002316500200753787,176.11153583655144
1081,0.0023809975608532173,59.182550326004744
1082,0.00303969352510789,143.07715074731237
1083,0.002934563169302154,46.92878446637693
1084,0.0022018463637745226,178.98876057673533
1085,0.004641269443552652,27.611724499274153
1086,0.006257532189042179,31.713711998861584
1087,0.0033477252024427468,137.16120726898745
1088,0.002915043664839247,26.09987385639684
1089,0.003688418193447988,62.250628822018335
1090,0.004757565902834288,97.59341592849556
1091,0.004092719057136831,59.05044281410462
1092,0.003926757162182846,42.72664417501028
1093,0.003659214803720114,62.35239916701788
1094,0.004277760521074662,59.50208644999881
1095,0.004314920612930526,63.04823117251243
1096,0.005059475380991129,99.57261253518772
1097,0.005950250257966046,73.70122754791483
1098,0.0043929502654292095,71.99665152242696
1099,0.005018534630340924,141.7617553755014
1100,0.003145093938811554,306.7017337506151
1101,0.0057346108415830795,48.39178571190138
1102,0.0044811935982555185,135.6253409740219
1103,0.004603510769836108,141.15680747734402
1104,0.003693521280531559,143.50490438362127
1105,0.0035147490234146636,184.39662698253886
1106,0.0034039856500631023,75.98770778912309
1107,0.003061808587124294,68.12833834476794
1108,0.002156545759415826,138.23966088262333
1109,0.0030579021142991473,43.547377073091944
1110,0.0026274321220486085,101.82860181633023
1111,0.002603608739254642,179.7849801296361
1112,0.0033234656381285854,48.16987221376351
1113,0.0033406412221910118,141.03889019330197
1114,0.0033966320816461847,137.0409641512005
1115,0.0021749248776829736,28.230138470587043
1116,0.004412865688629189,102.4949637951057
1117,0.004240250796421016,73.4420393512517
1118,0.0038484191641495833,105.22832296805495
1119,0.003876159948915185,338.0390689354454
1120,0.003928397821239788,62.60989977714298
1121,0.003501571376084901,245.20127380744356
1122,0.002667426049734325,257.5078238755168
1123,0.0018263894844808262,30.46620486603997
1124,0.0019167298190643097,260.34937218027596
1125,0.0023610561824521053,326.4971227913811
1126,0.0034014715600698344,105.32918375513512
1127,0.002500363460729436,144.9028651093431
1128,0.0022119255320422176,137.43964142501056
1129,0.0030790284933821317,45.00388689329922
1130,0.0025762801665393607,325.87095407432236
1131,0.0026423861705039816,138.84408777651964
1132,0.002235483851083546,252.2139552493368
1133,0.001902429497425418,177.32023918385983
1134,0.002907317206737096,57.10750399616385
1135,0.0027365714570071315,330.51950982086834
1136,0.0024033013743092785,175.70594911175306
1137,0.0028590098070879247,142.12903181304392
1138,0.003290002335641726,29.92602352177017
1139,0.0025359890344341034,47.494436350037645
1140,0.0026685565876364637,176.45614070544755
1141,0.0026859748131849385,182.3879921763007
1142,0.0025096160893618093,245.4528264447462
1143,0.002196431385778726,31.908366726569092
1144,0.0027141318347984017,133.92162050768246
1145,0.0013939217090162194,43.57092324008924
1146,0.003090085630831779,102.61969519009914
1147,0.003369914007080143,62.13101745065987
1148,0.0027081926296054683,60.73281575307848
1149,0.002788326684386563,257.0368376156712
1150,0.003261292417974746,137.82894793426968
1151,0.003162152465429736,73.63284274146214
1152,0.0023649318691881696,251.77157728022647
1153,0.0020947143080006425,168.6065903048268
1154,0.002460182256088,63.193892038579094
1155,0.002472428689991791,249.22592623714863
1156,0.003046366047153872,101.49425021443408
1157,0.0025955527823746456,47.80316189213619
1158,0.0017350706133709474,30.082305180117203
1159,0.0021603509447641685,263.5140939266016
1160,0.0014409722265223866,43.742761329460826
1161,0.0038889107356602647,26.777874974784723
1162,0.0029333422023427604,329.25407086085204
1163,0.0022658294870101813,61.019108124886166
1164,0.004031736043642112,75.31773316241457
1165,0.002385480007746835,31.66432619741874
1166,0.003131456667128637,102.8145840282458
1167,0.003385888962529674,179.311457623261
1168,0.0025070822462035045,57.784568033715935
1169,0.002950800848548869,97.60897401619631
1170,0.0023223789418737465,104.09352387788591
1171,0.002917070154925003,70.01685819281633
1172,0.002580074993995761,77.79908971535588
1173,0.00285118878142581,70.50614074872286
1174,0.002224491985135321,337.7616203965738
1175,0.0017096161992656202,253.40651846514132
1176,0.0016710451177582523,77.07052624530493
1177,0.0025346702335359763,171.39525375180787
1178,0.00312689513884834,100.05966389572144
1179,0.002348279250507277,319.9339294450803
1180,0.0022989787762911626,62.779880766378085
1181,0.0022855618320703945,138.23024242058213
1182,0.002462486927909375,31.51009178439953
1183,0.0019508445047855753,330.21902371955537
1184,0.001856866598573856,182.86767662720555
1185,0.0027955482758952096,64.26588640891251
1186,0.0026554888288272487,142.09809240364032
1187,0.00246954869509444,104.88576345126097
1188,0.0024189533821833,30.82630586011545
1189,0.0035779587603334724,30.913124131410644
1190,0.003855417395243421,32.20441562028106
1191,0.0051305056118069155,28.958394242027943
1192,0.0030186877578531634,99.3445970952945
1193,0.0029990333001128394,326.2090291796559
1194,0.002905705407947223,256.66118492055557
1195,0.0024725485735865083,145.81456232348555
1196,0.002568303673864489,141.082989056998
1197,0.0019317538160217532,329.51239960997736
1198,0.0019213296518187392,30.0590910853002
1199,0.004178535197162411,76.58028607071171
1200,0.0021094368233010303,182.61371565561828
1201,0.0031453444081873043,74.89765950435704
1202,0.0021642352616648157,169.9523711362335
1203,0.002218041774746602,183.38869999928093
1204,0.002145905311914886,176.68155971857905
1205,0.002144645577723121,182.91961023293103
1206,0.002645965931112386,329.22023615829414
1207,0.002651515509168641,60.501146352092775
1208,0.0017087308614432473,32.98906154123482
1209,0.0024845652212403817,181.9878809940837
1210,0.0030223560720864604,103.72262004427753
1211,0.0037905636432893713,75.61490317544595
1212,0.002338441056793121,333.3292610348198
1213,0.0033047047260809518,105.53519727351193
1214,0.002608253620752462,169.83601268664722
1215,0.002975263382368366,60.62892951941463
1216,0.0032244909054777683,99.45099915471353
1217,0.0028135647044109646,44.88995980960783
1218,0.003256214047024304,91.12556593249825
1219,0.004313143483535708,28.810656912068655
1220,0.004706068828897047,73.92031794434068
1221,0.0030363744462474957,30.60115461901613
1222,0.0029231707889983893,259.3979031308103
1223,0.003922748122654334,58.41773072541521
1224,0.0053334635411539984,48.92836915469679
1225,0.004693999568730392,69.73077164153882
1226,0.0030458493801516257,28.928122602014877
1227,0.003252853988522327,71.35392065597054
1228,0.00415671580182019,100.65914925133542
1229,0.004229176639315153,145.0013944466056
1230,0.0045324499369598925,47.396710054248075
1231,0.004512850101574176,46.23078484741006
1232,0.004376825780190271,30.807756330708347
1233,0.0038593443607399898,260.66413544230244
1234,0.004437674711320701,102.27037986546692
1235,0.004873805860453021,44.64100616182014
1236,0.003886429764010401,339.58991349787084
1237,0.0028231325463977932,32.35471739398841
1238,0.0036247393394217863,75.64799742286452
1239,0.004760683298544874,48.07351023232062
1240,0.003864626793774033,104.44601052737124
1241,0.003425317378413876,143.39488379537204
1242,0.0036123060334580107,148.29418393875648
1243,0.0031562924374296786,96.73178338613386
1244,0.0034031762737537397,39.0058458310014
1245,0.0036315941414048554,70.82367369206186
1246,0.002738665265300173,75.34156218654263
1247,0.002738238907928964,29.276555076133608
1248,0.002900004358955564,47.96789457890525
1249,0.003960217402611586,97.04737340273937
1250,0.0030455584388787943,181.44915693078417
1251,0.003119413268456849,247.80726882742235
1252,0.002832176788124246,331.54466374792514
1253,0.0029047445553330295,108.13724153191922
1254,0.002908260813431273,73.70936442291291
1255,0.002847893194980729,48.99115636987581
1256,0.0030997956786119507,45.53216919527162
1257,0.0033126069310211196,43.30052101881321
1258,0.00224875586241853,30.181007546682547
1259,0.0037949428690392207,59.13709590433256
1260,0.0014987734784054655,47.02902737604964
1261,0.004089767547199681,132.18590131466064
1262,0.0027752493253091685,253.9958376349207
1263,0.00387372971727018,103.99973193093743
1264,0.0027993935511335744,324.2166909795305
1265,0.0032276600726287475,43.68754970193958
1266,0.0033856982700200835,252.43312438670364
1267,0.00301813123263167,69.84120946646162
1268,0.002010752778371793,141.98295841828838
1269,0.0030304321546561997,100.99951025355767
1270,0.0027882900533743827,69.58441812188043
1271,0.0026201927824083464,43.52086272760986
1272,0.0027666344014340375,45.043886806932264
1273,0.0028883185784661387,144.53310872379706
1274,0.0028121287667434787,69.96344602273946
1275,0.0029133234801457077,337.44983378249964
1276,0.0024152847735796753,336.77000559016784
1277,0.0021254386064899623,144.4298149654019
1278,0.0024532243028954973,59.41686534415739
1279,0.0021875681451976408,258.9450397926185
1280,0.00273542829567329,140.81886424971242
1281,0.0028745573241837053,69.280633370766
1282,0.0020911417563534112,327.9440448070784
1283,0.0025992255683707876,49.198257420676356
1284,0.0025645989641492903,145.98200914890592
1285,0.0022737630885715657,101.17860566074039
1286,0.0029896370671684217,41.622039816720346
1287,0.002529591832873677,147.11083434161907
1288,0.003201241993539476,137.09836048045253
1289,0.0028775054148790216,255.45885055427695
1290,0.0034006686819966175,32.51874549201198
1291,0.0023490758688624247,339.3503411918193
1292,0.0028415490689496304,181.65452589862798
1293,0.0033607427918799326,49.59171668121868
1294,0.0022727045088173892,253.73501964087967
1295,0.00547309949941901,29.75897617215457
1296,0.002481973545003148,253.14710177143942
1297,0.002142135905233351,143.17745055417902
1298,0.0028177538322604495,334.4521787990099
1299,0.002157758701055142,142.2454607577296
1300,0.0020319347469321845,180.7850049504714
1301,0.0012268090066010534,45.094617499681185
1302,0.0014576598202030912,27.899242006278794
1303,0.0020878840884328495,182.25840312452783
1304,0.001550402118559528,57.02117518968765
1305,0.0018919090014950033,77.63018783867683
1306,0.004195076637752836,32.99309691987686
1307,0.001841639222945205,63.12537449643044
1308,0.003542223201385873,61.40421214890554
1309,0.002785929008867652,260.05295775088115
1310,0.0026603706111829424,73.8660819038046
1311,0.003210816281683616,46.59003047972209
1312,0.00288310156911831,336.077827958136
1313,0.003370546178083369,28.80727416908538
1314,0.002398463114414798,42.512002562699315
1315,0.003302305061440385,31.485117311528803
1316,0.0019543052529053086,30.325681730251848
1317,0.0040521048897164905,261.2757822033678
1318,0.0033111665376385313,42.69778855863815
1319,0.00546164321432033,42.24200238352497
1320,0.0042186262739610705,101.62248153310959
1321,0.0035502303242464645,140.14427831400522
1322,0.0026766308053981064,144.95807499355598
1323,0.003471717867283807,142.43595721766707
1324,0.002402756616684713,255.22390649897605
1325,0.0022374818678095785,71.83813336052636
1326,0.003040580835157267,28.327526738332736
1327,0.002888827930851571,102.74595016255796
1328,0.0039057578605107583,43.93290825108837
1329,0.0029293877554524583,95.29824853540644
1330,0.003214295304633502,142.02627964051425
1331,0.0027362234837624818,146.83058680666372
1332,0.0026536828307394773,30.691666969114795
1333,0.003257843233645749,79.24943907761039
1334,0.003694092144401439,188.0909152751731
1335,0.0031167597901982777,98.59426362653471
1336,0.0026110681693270717,327.0930972258695
1337,0.0023026006771967355,74.69080874428764
1338,0.0024942158569012042,105.79586313851588
1339,0.0021781356218442934,44.79074403390264
1340,0.0039551469089929014,29.577041439331577
1341,0.0035558674280764535,60.06879150252391
1342,0.003069001803313268,256.826638663794
1343,0.0031403849448210985,145.0966505727787
1344,0.0031583413147212836,331.8119020924825
1345,0.0036103015275749874,98.98980110914836
1346,0.0023284916796211083,102.43724845681112
1347,0.002378213765781365,59.79473961945374
1348,0.003979132379001761,30.764622421324155
1349,0.004412451506840835,100.48108316467992
1350,0.0032722927605922355,142.6108994784488
1351,0.003240187631631342,188.4751772635077
1352,0.0025353632974248106,326.14820713894164
1353,0.0021817176166095266,252.3056622947017
1354,0.0032788237068736045,73.26585410186088
1355,0.0021348553316937807,252.23111882346248
1356,0.0017854660178722812,177.0235207807532
1357,0.0018277262050764723,144.49550810351138
1358,0.002417040728559327,244.08665311423823
1359,0.003526605538354488,46.836813085658996
1360,0.003124714646640393,134.39252384232566
1361,0.0024766288427108423,336.70309837495125
1362,0.002264439979704149,326.55369863586606
1363,0.002415341597719194,331.6909033771681
1364,0.0015731696752978182,44.334408435211316
1365,0.0022771602708468288,259.52361403731203
1366,0.002076017442678423,180.31974947619744
1367,0.0019143686446556319,72.74144455333136
1368,0.0017665650981717605,338.5047055579451
1369,0.0025036359007242557,139.4914251416949
1370,0.0017351302659994088,28.643453021092075
1371,0.0018989866007829953,30.910167685062984
1372,0.0032907260871717346,136.19209385222004
1373,0.0031168399030666732,247.78031619474388
1374,0.0032548397919658174,181.51517838182198
1375,0.003109845320779359,251.2288643183833
1376,0.00249478464531499,321.79075436673884
1377,0.0019516967127267083,260.6182170792679
1378,0.002023342579653051,260.2652728251881
1379,0.0023560154410821772,30.399574253355098
1380,0.0014975914593573876,138.84595005757498
1381,0.002096659259400104,143.80359736220666
1382,0.0028467428838856042,141.09628059160474
1383,0.002467382667949908,140.2475087859925
1384,0.00217418085244838,251.13563882479878
1385,0.0019326261066122572,43.53938400225047
1386,0.0035657084101762145,181.51028182684385
1387,0.0029075158864558075,335.2367593791045
1388,0.002623791200396506,104.29901985963343
1389,0.0030638973860778467,61.77052125366549
1390,0.0016846405062758342,45.62561541244145
1391,0.003436154461822523,175.65560733360908
1392,0.002644691053497696,189.60548833373576
1393,0.002638261871780601,253.22571491589173
1394,0.0016425543789581924,78.32238503341488
1395,0.0024388824718621885,259.5501050252523
1396,0.0023012573713064597,334.5794805147526
1397,0.0021084622608793856,140.94159751098937
1398,0.002561912337610424,45.7164580915327
1399,0.002533024400655939,104.08586447597108
1400,0.002505285783053281,327.11190691070385
1401,0.002636852302037534,45.45879813435642
1402,0.002591648116113041,333.44059355926686
1403,0.002021800236181343,186.36243015872483
1404,0.002233733275075587,258.6185699859882
1405,0.0027765334317254283,48.915592950015856
1406,0.0019070406801826483,326.4075219799061
1407,0.002170993324184297,326.2606437192268
1408,0.002033492064034338,140.480327849191
1409,0.0015819376309921679,94.13888932600467
1410,0.002060400367262577,334.5964876484619
1411,0.0018709120812183335,106.20491419086228
1412,0.0025340300761289088,73.58616741865485
1413,0.0031120940618452947,145.27514001160776
1414,0.002508620044625757,330.70133300917814
1415,0.0015606270329765815,29.241154427594438
1416,0.001717416425418168,96.21241337570093
1417,0.002122329180122973,77.68370004139346
1418,0.002968184087186618,27.224050023698332
1419,0.0029045838279680818,182.86181978137225
1420,0.002704502498341628,31.18749527042894
1421,0.003002107176639997,48.11140149205808
1422,0.0037574187784300125,101.68014089658145
1423,0.0038782808074461785,75.50157193785418
1424,0.00403816052718097,107.46485075968856
1425,0.00495213141781728,177.20490471355856
1426,0.003359493345938767,256.47291515902486
1427,0.0035902644021611587,137.74561097625724
1428,0.005435924361367582,32.14195545714126
1429,0.004234869870586032,29.33340529715168
1430,0.002993948868091279,330.739642326643
1431,0.0035944620191504986,28.965538393837253
1432,0.003236260806267375,144.00645109474547
1433,0.005384179302350746,30.044907142399722
1434,0.003571726299428106,45.45517339137352
1435,0.0031595313433005596,255.21624800991796
1436,0.003473785055753866,175.21845355030243
1437,0.002941687479744389,332.04284406351496
1438,0.0027709673575033885,65.56101394500459
1439,0.0032789971007594555,58.23230312653053
1440,0.0022511429397689933,179.64013381385493
1441,0.0025368910906656632,333.69325674790974
1442,0.0016141696328304533,106.26931283327845
1443,0.0031840323558404073,101.70642951659099
1444,0.0037719192282409117,30.316649724036022
1445,0.002092351105790099,176.23457239616846
1446,0.002125639100733079,183.70174022255122
1447,0.0019723885257421484,44.805746823488626
1448,0.002465588819767298,73.25725145106827
1449,0.0036569939893216557,62.753505311371676
1450,0.0026008912102147754,100.15184907982665
1451,0.0027517270545770424,339.72560215286245
1452,0.0020614038958228775,41.13913395546097
1453,0.0042234962567848835,55.16231621240489
1454,0.002300471849535669,330.33496632316917
1455,0.0024516977245325443,245.55975099869462
1456,0.0028304648719510166,181.24666450196386
1457,0.0033550905033472565,144.7331846043469
1458,0.003033537567368921,144.7673238481089
1459,0.0026738782221785848,63.981673784518534
1460,0.004826583052033976,28.998734375668334
1461,0.004867466778799506,29.66354143997231
1462,0.0032993879226203616,264.65078837272245
1463,0.002755047588285126,339.8911557832071
1464,0.002615231931050518,242.7394611278546
1465,0.002483939618889028,264.44651086266595
1466,0.0021611267428224765,255.98483235871666
1467,0.0016333615571616415,101.43556875146304
1468,0.0011158980875982459,43.88041640983762
1469,0.001999215714090375,345.05665945241475
1470,0.003007452318508347,46.021061929082975
1471,0.002445557598268631,102.98911983799366
1472,0.0012774142892019778,270.22831078947314
1473,0.0026247626439501416,186.2018284045556
1474,0.0018220209514289772,137.72358032769878
1475,0.002431811381517111,177.03423178117114
1476,0.0016801604664053974,145.53780102057868
1477,0.003940478242995972,27.241959700983433
1478,0.0017388961390804917,29.745507925623347
1479,0.0030485115023854543,263.2389258240214
1480,0.0020081959283461087,31.582768873714784
1481,0.002083750143521518,44.52116420156841
1482,0.0033251535038328057,340.2940002217629
1483,0.004451721796519043,31.34615961938465
1484,0.004654918113620794,60.351115164923236
1485,0.0022051717111527726,30.215738372281315
1486,0.004484157120135602,43.06048159227657
1487,0.0034525036973866155,76.00172481563582
1488,0.003857312104331683,335.08572830786676
1489,0.002392170049821264,138.86189321643496
1490,0.0031235815948599975,185.11532131762402
1491,0.004832117071518124,48.07315025547488
1492,0.003051514364707014,333.02110626869785
1493,0.0042660632081440945,42.629741414071354
1494,0.003658057851470613,100.98959107342242
1495,0.00487921742387698,47.91882699492973
1496,0.006400079748408612,31.417064094412485
1497,0.0038901829345401916,74.4820571608715
1498,0.0028971330240472946,108.18262530395678
1499,0.0058218826665763805,27.416907873197328
1500,0.003987489933011525,266.6927175334636
1501,0.0033194162001150703,46.360339743741534
1502,0.003856734187100995,186.75965136334912
1503,0.0038459587565893355,265.28685372098647
1504,0.0032330174777649824,256.146189459971
1505,0.0023826317282383026,139.37536333426485
1506,0.002529965533746512,178.88442764789946
1507,0.0025620075258792406,98.24050089694818
1508,0.0021503301467111643,250.6324482756726
1509,0.002784487844800079,31.28630504360285
1510,0.0038662650944884676,47.63541293348703
1511,0.0024870793505650792,261.02415050640803
1512,0.0022915916489926694,337.2804157836279
1513,0.0028345595205442244,102.92073040334775
1514,0.0030592321339746684,182.10731402691962
1515,0.0029908299801373406,30.179210866395152
1516,0.0026316269245860915,331.36588748805343
1517,0.003114981309338943,102.43502645204984
1518,0.0018492198033838833,145.14068281941422
1519,0.0025493964934431576,262.3070218902314
1520,0.0028869747437400635,75.4754027333812
1521,0.0021711481292483042,344.3668641178603
1522,0.0022365069440826936,27.57583987168658
1523,0.004960597796029601,45.40517152484586
1524,0.0033568398327836553,49.52661399462133
1525,0.0023391058841920826,148.54506162757517
1526,0.0028135517676302286,259.4850841594783
1527,0.0012241391144423939,29.795479457304598
1528,0.002964741796146169,75.09138192509265
1529,0.004095788913124627,31.665511974131878
1530,0.003728636566483083,341.3777595870865
1531,0.0027956591138333774,268.09865322333644
1532,0.003090478392795586,103.11663896722678
1533,0.003801755834670591,184.66296121777893
1534,0.004289973287578087,80.42719190829993
1535,0.003431647495088646,178.29451717711703
1536,0.0035577247409613864,185.8277574529917
1537,0.002702856703294434,175.86949865816746
1538,0.0021634132615479364,76.6895826258308
1539,0.0022380647492026744,184.1565548243208
1540,0.0021812198436256393,338.75311006659473
1541,0.00347031689439033,139.52032532867787
1542,0.002522143970260735,177.43597421823057
1543,0.0022252092079289585,269.4775171607667
1544,0.002021137045548213,49.62650259089203
1545,0.0022746560214334357,72.12872717433459
1546,0.0019320459681525274,171.10221149224452
1547,0.0018157689749138874,44.249596121447915
1548,0.003198285148608045,72.82263165118151
1549,0.00238300255622217,33.05312761784241
1550,0.003924813827576019,30.564575674467246
1551,0.003413644373265312,328.5735173590623
1552,0.0031966663553813024,30.936488389048776
1553,0.0033082952794201686,140.15277947256783
1554,0.003328985332535178,46.30337280028438
1555,0.005101706644464602,47.66895821166257
1556,0.007410644816029501,56.39781641885728
1557,0.0036034750791143996,257.03832870899146
1558,0.003366334013803753,326.90632714051526
1559,0.0030124180447133908,99.73096458775214
1560,0.0026262734759772695,191.7541305065748
1561,0.0032923149642098584,144.364936552759
1562,0.0028315028900840968,57.236331126093305
1563,0.0034869787642409474,49.16692294428926
1564,0.0027043827338044573,258.6559939098974
1565,0.0029848917610245996,140.82301471001904
1566,0.002859584896326588,177.50491284670395
1567,0.004495705434114285,57.232938726392504
1568,0.004543395307367881,62.34869187476117
1569,0.002961185782623943,96.9441100106972
1570,0.004506964658110126,74.29893426471492
1571,0.003687475187201851,181.47103201111688
1572,0.0031244561564976307,43.2312044367274
1573,0.002919851082039643,103.33836454038777
1574,0.004019096894885247,59.68919508758548
1575,0.0021154011460723645,27.255572588032937
1576,0.003017921946262835,334.6244569990497
1577,0.0034408784332789276,100.28358030352021
1578,0.002606795934868495,60.4336080508361
1579,0.003020587438899187,74.1137483828557
1580,0.003118559387526007,183.67329321819656
1581,0.0023642898074310347,78.0186196123527
1582,0.003388224481892125,143.3506353589174
1583,0.0024621097635095543,334.02601707616316
1584,0.0015057839232626561,44.25600394923959
1585,0.002124755349471413,102.36104515331846
1586,0.0036698661050618754,29.791518057924854
1587,0.0037426077539851944,187.16271104543193
1588,0.003365502427618209,59.54739845744985
1589,0.0034737163295102545,71.90507122768297
1590,0.002936746054663522,184.67233831741459
1591,0.002616527859389551,143.5360709590915
1592,0.0024992822956621764,182.50524318289223
1593,0.0024754283049487178,61.43502556266241
1594,0.003465294575491985,250.78561536240505
1595,0.0031753905193836057,145.19851122371162
1596,0.003523227267082389,45.263631863817665
1597,0.0022458028747742377,259.44908161773697
1598,0.0014509932419035042,72.83970427941487
1599,0.0039444527084759266,44.22631461116776
1600,0.0025021339925246893,30.166097281147
1601,0.00438072756233768,45.86927467712961
1602,0.004343979539357704,27.958787635302013
1603,0.0038703771601511006,259.4059461022111
1604,0.0041091325923655955,32.236159705627124
1605,0.0037218391421034044,338.93996897246546
1606,0.002992154868338794,265.41465274852055
1607,0.002772802975491455,56.878406560759224
1608,0.003055124928357539,332.5915064444402
1609,0.0023200730659059636,254.47371185278064
1610,0.002672053722352967,106.58353826877858
1611,0.0022400403444007063,61.85149708642233
1612,0.00251568529537868,142.74306932307218
1613,0.0027988180183651607,143.11802938338104
1614,0.0025083614951842627,27.902262394619086
1615,0.002475615544144289,27.161949972636197
1616,0.0036177501384703314,42.87982687352549
1617,0.002295139637267725,44.86630889573295
1618,0.0020040835036992132,74.7435562248455
1619,0.00341310212409623,107.93796964596298
1620,0.0029235125800763087,342.02099789478405
1621,0.002551295243429439,149.3234559890347
1622,0.003791903988960919,46.27800800136965
1623,0.003547836932809262,101.17323314300943
1624,0.0038887909636990295,186.40106283219842
1625,0.0035602718959000476,30.699518826653467
1626,0.0046530224604668605,28.234847950413037
1627,0.004669216121684942,184.78242560185896
1628,0.0047310605954469604,60.10536643879978
1629,0.004779673885143263,104.23448640696746
1630,0.004141127294273106,104.55982747021567
1631,0.0019200188775917364,93.8338803501247
1632,0.0044000517447619295,42.34615044253544
1633,0.004801715756072484,99.57506622056728
1634,0.006987256147489273,29.434757467252126
1635,0.0024669961695226133,31.399129781262094
1636,0.008949792445115424,31.873900316433396
1637,0.006501496476000914,100.01573610825434
1638,0.008334133193949872,45.96413984631931
1639,0.005141710479690049,99.40568544811705
1640,0.003974167798799966,75.1523682100842
1641,0.0046064550215619265,29.63379345856836
1642,0.0061271117764100875,95.36041743909831
1643,0.004876275954107072,145.35049080891503
1644,0.004061589701080466,57.890200481905225
1645,0.003675102031708557,246.4333394436272
1646,0.0029204603685614597,98.48857541111826
1647,0.00337786043118368,49.272370425640354
1648,0.0037020810878774764,46.639890265652205
1649,0.0034709091831411406,46.79112951102501
1650,0.003703392376562463,178.56865170021268
1651,0.0023538076138258043,59.00147427860264
1652,0.002963150699625575,43.54129207874696
1653,0.003318829476385774,73.14263129716035
1654,0.00325092600909669,182.12739444797035
1655,0.0030594540406573226,146.84545697336543
1656,0.002966530082700886,102.31294654916377
1657,0.0028742083929406866,33.11666009967072
1658,0.0024710499698082622,258.6660805579833
1659,0.00360804723557953,56.804895305812046
1660,0.004555460365240419,47.85671565587672
1661,0.0036672382514136527,60.05340808933748
1662,0.0030558221943399835,189.30642502470272
1663,0.0025535218368541515,336.852538028502
1664,0.0020302171957230233,179.86453315067988
1665,0.0020135592225862618,339.46738669532726
1666,0.002290851693722853,30.18127527963272
1667,0.0018506523845510264,145.95279254851417
1668,0.001519698023328864,336.5537797647246
1669,0.0014802574874858876,55.626897785019395
1670,0.0022768124356327855,75.73557289325974
1671,0.0016491797863966364,142.95744858256037
1672,0.002011596400606463,261.7517670160743
1673,0.0021130665674286707,60.56977309692589
1674,0.0016777922900766528,61.305039246843535
1675,0.0018187927123023853,185.60420116038858
1676,0.002328434604241188,136.92000996179058
1677,0.002145358419910283,332.8187030329181
1678,0.0026628952184112745,100.9250691585277
1679,0.002232670035527277,262.28025401985985
1680,0.0027466827428971725,61.02773832953985
1681,0.0023234141612250977,337.6710567125089
1682,0.001980269303093514,145.86042743892853
1683,0.0022194525760683642,141.3056483837196
1684,0.005034589986688184,32.09405899313992
1685,0.0025358284479283363,58.72023130379507
1686,0.002594778328538099,59.32892197938792
1687,0.0025453052625675197,76.24693723456164
1688,0.004061768872898855,48.87787626596976
1689,0.0032331685024729897,266.0268713886426
1690,0.0027362125066942742,329.4595690563389
1691,0.0026867329212817387,151.40643216400505
1692,0.003301971987811329,72.99907715864947
1693,0.0030062278709804776,259.34857193468
1694,0.0026693891058340133,107.28830258259042
1695,0.002000300379572414,93.79160285168426
1696,0.0030527225120959675,105.81277437921811
1697,0.0016216811064540789,48.05911688370953
1698,0.00533001904378497,47.355860104436516
1699,0.0031159552954267127,343.6251405892991
1700,0.0030652021863044896,332.98765706460273
1701,0.0027545664009019015,43.98777506277097
1702,0.003935510336305015,32.84503880302528
1703,0.0022491974757601492,58.54218632452338
1704,0.003274752644511654,106.04432817689911
1705,0.003334352845675162,180.0738238044374
1706,0.004002537871816508,253.83784730513253
1707,0.0029054453429912305,71.75221514526491
1708,0.003653678091660399,29.145076820491173
1709,0.0029934480461278894,344.0219800622275
1710,0.002165421380125516,28.603503290110332
1711,0.002929385614730894,46.7718297940263
1712,0.0034510432885588795,58.86708060972036
1713,0.0035103045458489543,182.79266138330854
1714,0.0027508558199439326,47.53638977562813
1715,0.004966044522668447,48.442156728329635
1716,0.002443647427466651,336.9095596237803
1717,0.0016555140988704555,33.1170727693157
1718,0.0033988115471650167,44.234449002302064
1719,0.00277797701649088,343.07664941635903
1720,0.0030380828828822713,177.28017792631388
1721,0.004420789901732033,49.28254018442644
1722,0.002836818111428392,347.2049110114398
1723,0.0014930268721769066,79.26236232569076
1724,0.002909900304507188,60.718358596267336
1725,0.0023564168531548008,32.003166771649234
1726,0.003285486652843452,267.4626736825033
1727,0.0034517336901646084,145.4073068927385
1728,0.0029666193875109554,340.4480170281184
1729,0.0023653452854893397,140.46253870787822
1730,0.0029301826623166854,142.91537953958957
1731,0.0034667962230644314,137.90338739917547
1732,0.0028502756714580166,74.80836087533994
1733,0.0034865276135281997,46.96423591659454
1734,0.0035592257053085443,181.8875490642013
1735,0.003400807718158781,78.61392882734509
1736,0.002513502366671617,189.3715283997366
1737,0.0036747641131384895,74.87593795329087
1738,0.0032037348006705426,260.14497946906386
1739,0.0043680097959133074,102.6162740694771
1740,0.002772331866161399,331.2439959624366
1741,0.002023716992895924,62.42083512640808
1742,0.0029879881303400153,31.56218799345285
1743,0.002276099049979785,182.37838814523198
1744,0.0019789225399182288,77.41710630410779
1745,0.0027479807380085073,30.121309413350538
1746,0.0032175618358490084,333.15425524879186
1747,0.0032384571581629148,42.62463852511614
1748,0.003307202370871726,44.552586057546165
1749,0.003279519299630428,74.72433012594878
1750,0.003049639684600121,148.85952935093866
1751,0.003650963268330703,255.28487484496378
1752,0.0027633440469675774,61.41186482306044
1753,0.002220840240274786,324.5306725762507
1754,0.002594776260361838,144.2117617636221
1755,0.0025020747312896217,140.94466721767884
1756,0.003091979572755835,45.74614510418435
1757,0.005453593353277855,49.06568784116866
1758,0.0036040790121552486,58.847255447178824
1759,0.0029232283156688257,345.0932383731983
1760,0.0032277444135030177,58.51329317946704
1761,0.0037568309683568236,73.23898293631306
1762,0.00349933559493703,181.66966289304335
1763,0.0023869922235742426,100.11010570610469
1764,0.002475956138183947,61.858796827293645
1765,0.0036557703652678438,46.47807892720315
1766,0.003521467920062108,175.98610045808707
1767,0.0038200333120502446,48.815648262625366
1768,0.0031528294776697143,187.0466411639274
1769,0.0024171525554771644,339.9519987272788
1770,0.0022722186102097546,258.6983102238593
1771,0.0014616945993259072,77.58726663840349
1772,0.0024177845192533266,139.6162471745589
1773,0.003232828874912476,64.49424873165142
1774,0.0029578285350491907,58.051358918146796
1775,0.0029409241620584033,141.8824430213058
1776,0.0015118604935857795,47.728504947650336
1777,0.004194568315473258,45.06347671634985
1778,0.0038247797482622915,32.87510571843702
1779,0.004370861337632697,184.5672924967862
1780,0.003628040455833588,103.71096856913567
1781,0.004285365091487351,139.82296169665628
1782,0.0033489126714594535,267.01259370106436
1783,0.003309200459138008,182.61260508510378
1784,0.004594509162165321,32.143835132386656
1785,0.0031152380273034947,338.803891369736
1786,0.002886409628200244,101.34100369497293
1787,0.0021031456673716257,46.760668683224715
1788,0.0029000762916229386,102.26382091946125
1789,0.0027100780290433267,186.18252615883173
1790,0.0024706227977474835,261.2348488597584
1791,0.0030856728536209316,28.617161199744057
1792,0.0026000883868414026,258.12627886521045
1793,0.003414613914837655,75.57823002092738
1794,0.002502488437990856,73.82054942585991
1795,0.0016431564383972066,45.088418673124735
1796,0.0030460340307940526,80.0408936854945
1797,0.0032249695732389227,102.05521287725458
1798,0.0031792380945122344,99.1045775405338
1799,0.0033402426216470847,143.9885182403334
1800,0.004957713193033595,72.89962566005099
1801,0.003979225008716357,27.55108716757433
1802,0.0034492037224341542,104.25432458280741
1803,0.004487222596997692,43.699180899844805
1804,0.003985579517995155,109.47976386850583
1805,0.002799501592878727,342.58118633735796
1806,0.0026886340600366745,343.21099224152294
1807,0.0020400945949545467,260.43528730712245
1808,0.002020437435283507,58.72101175098341
1809,0.0023637309758071066,344.68930266666143
1810,0.0014222297505165039,191.10436399814756
1811,0.0014540751382158689,345.38053805043467
1812,0.001375214961767017,139.28858454780072
1813,0.0022594336423308365,34.39836044408098
1814,0.0020866178020759905,331.20201973121476
1815,0.0011213724706515638,255.9450074446151
1816,0.0013592668082906287,31.94659356391592
1817,0.0021973190282708324,29.761574213510933
1818,0.002784110520661928,336.6343088728258
1819,0.0026284806963688,267.3987635402748
1820,0.002754009460859687,61.99141741640878
1821,0.002486444110715085,187.97919103305355
1822,0.0022472645699982076,185.99195325097926
1823,0.0031817355111589014,75.78699392977404
1824,0.0029683876419557445,103.577859290634
1825,0.003273469216593013,76.78457097570006
1826,0.005921947500610258,45.67242738885415
1827,0.002826416936866889,263.17957504479506
1828,0.002746750615438816,33.18557625589332
1829,0.0030343124438994722,57.30105070967849
1830,0.002850928346317591,252.94642520383093
1831,0.0044487150133301675,43.017797496106866
1832,0.00350821250977903,263.80207467925936
1833,0.0028420359475775686,72.24224834998759
1834,0.0030751950584423137,254.375470307465
1835,0.002874293457755769,138.1346256650493
1836,0.003248945245129132,75.92101039314907
1837,0.0027864658715426797,73.18037855160041
1838,0.0028402041521769852,61.90698273427725
1839,0.004736151618016191,77.56297311509928
1840,0.0036720787229569396,47.128275477201925
1841,0.0038984395248538835,146.262948249895
1842,0.00427459003823088,187.77810521662448
1843,0.0035626617340773956,258.75231194484724
1844,0.0036046547423981023,101.3083257628883
1845,0.0037031296544458676,264.76915981376334
1846,0.0021830960069454883,138.9336184610857
1847,0.002383075656764739,27.68132653307471
1848,0.005750217889475733,30.6319558294448
1849,0.00373168985490488,179.50301360426116
1850,0.0029925279913814596,183.4613740594515
1851,0.003867946115768341,55.64499179489023
1852,0.003994263087971942,76.35861360665912
1853,0.0033629339571701632,74.77591500067456
1854,0.0027560538690688027,47.87768167994677
1855,0.004263192811852126,172.56837519581117
1856,0.0046442933102794496,48.206251062054726
1857,0.005190706962821423,43.66081910939647
1858,0.004338462684525159,103.90198871828326
1859,0.0028306374725406594,106.8522797935768
1860,0.004442416160150201,181.83221949040185
1861,0.003990732591527206,63.28707034260162
1862,0.003974575848670528,331.4366027807346
1863,0.003242534081787223,326.9409874332152
1864,0.003383148446831714,69.94021578315899
1865,0.0033135344337179877,46.290613207017245
1866,0.00359873301191729,56.11647064509072
1867,0.003350833634500567,183.15593889540952
1868,0.003959461125336459,28.50138050086952
1869,0.0036026549815477873,105.96923359765678
1870,0.003145969121333293,141.09535240288972
1871,0.0033523209169436232,78.59211576882939
1872,0.0029462662268260093,68.75744186155609
1873,0.003858513101617909,268.1096250039976
1874,0.0026136477816600325,103.8973334284483
1875,0.0031473756914528702,186.76751672934222
1876,0.0028899128527563015,73.38218591909381
1877,0.002971715867216248,257.3869465739688
1878,0.0031520086482749923,186.40895080897275
1879,0.003148097975877745,175.20504217475983
1880,0.002564954135206002,182.38647733081004
1881,0.0019801622785486426,147.20667439863502
1882,0.002577837569389754,187.3162118652435
1883,0.0025930164505173605,337.09418858418474
1884,0.0033634038821111385,60.98660672246245
1885,0.002342154971480228,182.46604184762924
1886,0.0018417032568798723,140.29020743483463
1887,0.003793863007088256,29.363792524920314
1888,0.0016349156799621816,30.321174471180004
1889,0.0026895577885740533,264.07209928993325
1890,0.00218090062543996,336.661557655693
1891,0.0024806601726031913,263.2299542691524
1892,0.0026636608920702406,329.5394431301932
1893,0.0023736822049613693,103.82146384943842
1894,0.0014006280303121834,31.043743376232854
1895,0.002812409825383912,77.30454406989794
1896,0.0015648054251283549,59.895733244055826
1897,0.0028338917201329696,176.93614521239678
1898,0.0032563910310448147,344.0043997399677
1899,0.002107878118263686,30.212854644587953
1900,0.003252192416144233,341.0609205746765
1901,0.0031874281729952518,46.96616196410045
1902,0.0029235321138477164,265.6674000951952
1903,0.0024167282713214787,257.93527114927235
1904,0.001814829787525179,47.100504328183696
1905,0.002172298965522091,147.67772388662306
1906,0.003504897295018871,65.42801554705439
1907,0.002693213535948557,266.5254935704051
1908,0.004889275174656208,28.744470613171476
1909,0.002290082369335764,188.6288794979188
1910,0.0027665148321633555,77.79239860725289
1911,0.0021856181844930813,64.72970916148098
1912,0.003932816725278557,143.6529748589955
1913,0.003765963927041928,79.20541341767083
1914,0.003524846343146958,30.004076118780485
1915,0.003390616208168373,30.98078474566779
1916,0.0024326643530527855,144.85995981019937
1917,0.003021727578797309,141.76280428740475
1918,0.0026588639656194932,266.44596703553685
1919,0.002179326519216311,339.0855764444156
1920,0.002221820938267718,97.8246344100579
1921,0.002894096564028894,259.9876607646912
1922,0.002659405820254349,32.61362449110969
1923,0.002658628965615538,344.3858291481876
1924,0.0011468347211583455,59.38405408672685
1925,0.0023931523987935303,70.90266111326672
1926,0.0025767906917363607,49.37071523660765
1927,0.0037974088955414088,62.975511024007965
1928,0.003663448154545997,139.59115651366076
1929,0.0046676046090553805,30.060438197175433
1930,0.0021700273482565535,47.97836748916379
1931,0.0046573514502877235,97.84519303134444
1932,0.0043497165492807814,177.52985341940996
1933,0.0034636711866296343,343.67623809097387
1934,0.0021819600359859496,49.27663296757894
1935,0.004045630685202738,60.851282658443296
1936,0.003640434605795935,105.64595380052052
1937,0.0031451822801308238,264.9623579375908
1938,0.003492202586880687,191.2706279430976
1939,0.003426896593737183,73.17239264857068
1940,0.0022763183342986676,74.93665823841395
1941,0.002276262891519465,144.40691491850956
1942,0.002892919000290528,148.63405414235305
1943,0.0023125473287956113,31.12027076176886
1944,0.0030257116331714063,187.81971476384052
1945,0.0024666215080828436,74.9689270264962
1946,0.0023080597757297702,59.474799876957114
1947,0.0027211253277253477,146.41015490991597
1948,0.004572070591201247,105.07779747098743
1949,0.0029160355807351566,143.49728292095406
1950,0.003392696955415886,26.952818598976016
1951,0.003715751135555173,266.7175025549937
1952,0.003737156758189216,265.44753996091913
1953,0.0034370435818205946,105.21195836493719
1954,0.0023302624869904467,77.01215443438029
1955,0.0028537973972170647,140.17021236623248
1956,0.0036124381483484914,112.37727580220971
1957,0.0019815573232335737,47.56320646538822
1958,0.002975878095223718,56.68514746573767
1959,0.0026395051887848856,59.61066472545625
1960,0.00295508170691946,342.4706864139515
1961,0.002369253937472791,73.93168736882487
1962,0.0026730818009072753,147.0986491958434
1963,0.003271578115126086,29.382767860689455
1964,0.0034790974996526374,32.58118543896326
1965,0.0032335870994508946,47.36551248559735
1966,0.0028551302748383023,29.7368825688098
1967,0.004972650123156861,49.04468222620215
1968,0.0043547323879414455,249.3728054893882
1969,0.0033439834016647536,62.82987066644212
1970,0.004603663611428724,71.5004372227484
1971,0.0030947005374733815,256.72993910482637
1972,0.004062895751082357,71.1057792493556
1973,0.0030984179472436386,265.52394785336344
1974,0.0021830952611542834,46.28686796510569
1975,0.0026294415853874626,145.04968866093768
1976,0.003223934819797543,61.69519943366966
1977,0.002570041058895774,340.7629952033979
1978,0.0022577837452236104,332.0011594417343
1979,0.001989397454398668,31.35645848045265
1980,0.0022230240275138593,108.38193266026641
1981,0.0039034375720141475,46.57051492535277
1982,0.0027727280081007943,187.3621431009021
1983,0.0021234400329204445,72.0752090274187
1984,0.0034598348550364767,71.96362983007104
1985,0.00246763383598046,339.84911122290214
1986,0.0032556230338957257,59.60471141852932
1987,0.0019341125760171242,30.346625620355066
1988,0.004883739016372987,62.3993318811654
1989,0.00282016886576201,262.22881035877873
1990,0.0034554484587420733,74.651679502021
1991,0.0038578320793398045,29.048908684633002
1992,0.003129946404629832,189.25801084788986
1993,0.0028595110708755037,44.30755124199488
1994,0.0023357634289420002,187.67262186340432
1995,0.003021595874401853,34.626418967868936
1996,0.0023105500295809854,179.0307135576029
1997,0.0025118885180497523,44.63208073135682
1998,0.0032564724754373512,28.951388833077253
1999,0.003133553523863592,267.86440239364623
2000,0.00352337548801757,341.2932923864517
2001,0.002865008678101128,352.21120083405077
2002,0.0028328037999192485,345.1239404772222
2003,0.002313171666164354,180.17690348091526
2004,0.0022169992918696316,43.635513078341134
2005,0.002160716350019733,29.622650874455378
2006,0.0031039983499655277,105.39094560767644
2007,0.0017535299991084656,354.7140357818214
2008,0.0018116690949004112,61.97678416363588
2009,0.0015421528549237429,62.080739832460516
2010,0.003021045268639879,180.3742880901633
2011,0.003839197671692029,61.78467887712933
2012,0.003063534773009573,147.78382571320367
2013,0.003126056777251211,74.93274605063588
2014,0.0036417409274250045,188.70415865237896
2015,0.003267039768616087,48.447753079697925
2016,0.003391959173416286,267.46390893492674
2017,0.0024593309654637077,102.50646857713316
2018,0.003265571369755324,74.01078187853953
2019,0.002971838190681856,146.50602836405173
2020,0.00304019559478116,185.99790681984436
2021,0.0019438485756774937,57.370380872473596
2022,0.002241136566995338,186.67660827079786
2023,0.0031713533196149933,72.94316422091404
2024,0.0018698003094124776,48.0359751126697
2025,0.003701294055435238,105.66586999284159
2026,0.0023159057071517543,107.72951469395313
2027,0.002426508846346641,75.81112208456526
2028,0.003103725423007398,181.05041104031113
2029,0.003212173479947854,48.68308839833471
2030,0.005454762260216802,32.31126142685252
2031,0.005622008113403291,31.275541821784604
2032,0.004670598637718426,103.92865369885621
2033,0.0037259268549512353,141.02007003500916
2034,0.002795384728215821,344.9684036541565
2035,0.0028764136559402687,102.24520252115579
2036,0.002699800357794598,29.9953458093823
2037,0.003604394835995415,44.0326738231643
2038,0.003797183044945459,137.1560626253399
2039,0.003881161466810134,59.258355809047025
2040,0.0031373629351203907,264.7215512419747
2041,0.0027027319520129822,105.71643361564355
2042,0.004264851942287474,59.18584757384493
2043,0.0023821817238181752,61.134035772123944
2044,0.003383098189755059,146.60906585062926
2045,0.004351155444042811,258.46777369978736
2046,0.003638228819847612,61.9021774359174
2047,0.003573149575955044,50.31808928106714
2048,0.003697437336676238,74.94955035599038
2049,0.0039297425306759285,60.56686117575807
2050,0.0033416367614649816,31.406636094591892
2051,0.004241898975377217,185.11949553362527
2052,0.003371583867891996,103.15570239570647
2053,0.004488906832381778,32.37775019647811
2054,0.0032124534645845415,101.48940745730177
2055,0.0034691567516193125,65.30003761098011
2056,0.005356072960224129,62.45468593704112
2057,0.003626040888043127,149.1689421108551
2058,0.002795371241378374,104.86085250766332
2059,0.0031682777688239673,102.90051665528817
2060,0.002770820910544777,180.37469912487015
2061,0.002617458426653869,343.0485784568259
2062,0.0023059723517164944,268.46569685866245
2063,0.003058196791620315,28.643528708791106
2064,0.003981270120815539,100.58686655596962
2065,0.005788359115630838,32.09448566304226
2066,0.003297900534629503,139.85902006754532
2067,0.0032076524633314852,74.46741488841182
2068,0.0029923688856233893,261.51956245995825
2069,0.0035982310540790562,99.84926805120114
2070,0.00383536284739264,30.81164637016005
2071,0.003282581063201526,140.61372612161583
2072,0.004905674554890029,59.0730077299736
2073,0.0031265929286058273,74.62716243941031
2074,0.005192834593391785,28.795678018983313
2075,0.0031216187534079064,344.6052622864006
2076,0.00351986199961699,58.15169768169283
2077,0.0036352170643874923,78.8891544000234
2078,0.00446543042700545,29.881410649431686
2079,0.004201286000435092,48.64865623324006
2080,0.0033294319847287546,271.50277481530037
2081,0.00351624496068745,100.45617453638003
2082,0.003492690795209748,63.62416513208191
2083,0.004009376483785391,147.14592772585956
2084,0.0020813937218704002,338.01718310602104
2085,0.002358069724323286,109.63583194732404
2086,0.0023411492812562495,142.44041608851057
2087,0.0019207803132893467,76.27121731254194
2088,0.0035278199183097565,61.709042914091214
2089,0.0021597467221937156,189.65942146098948
2090,0.0026248684245791963,31.038738811670473
2091,0.0026704629863545538,269.17049391472204
2092,0.0020510799891920984,100.55733372309126
2093,0.002999832831433609,45.282002500286765
2094,0.002017051152882953,31.043572807174293
2095,0.002734158496920274,187.86145217339075
2096,0.0027953881594426507,46.76828585331618
2097,0.00310325586492022,347.97476611834867
2098,0.002776577722099758,148.88931689620435
2099,0.0021073507081821627,29.516271623301282
2100,0.002160469315363039,59.699933025083276
2101,0.00567375424324037,31.99063776829281
2102,0.0048289668367523025,102.13867769179453
2103,0.0033614085977344567,61.322717850043816
2104,0.0052035857231451455,47.968666902859205
2105,0.0036646092505154076,264.49210349288956
2106,0.0023436375435901924,138.1756868776058
2107,0.001905907214530931,148.90790667492263
2108,0.002075710163949298,341.93927445905234
2109,0.0022857558523773566,75.91049168648054
2110,0.0033636225987059083,49.158844416013444
2111,0.0023066224085327327,262.5008556206881
2112,0.0020571563712517924,30.072774871140865
2113,0.0016583343260271218,29.905539294830877
2114,0.0022601768544588527,107.53467953955393
2115,0.0021279386519637857,272.2179670363345
2116,0.002619249572443689,63.984962080332764
2117,0.002540753243950855,141.35772946924098
2118,0.002200811419636911,184.60244682749047
2119,0.0019013528533171418,46.18571725028445
2120,0.002161031893227062,186.69565543330484
2121,0.003253020454687461,62.385921208760635
2122,0.003175465473169744,78.70595366612608
2123,0.003090788410316173,32.31111255678554
2124,0.005002978711076892,30.778471043334715
2125,0.004056887672419888,64.00485161279241
2126,0.003631142928497866,76.87013280857934
2127,0.004361295832299023,80.3085986151561
2128,0.0038406597474003666,183.07536380651018
2129,0.003719982146391815,101.88116946418104
2130,0.0038103933273470666,48.96657262720285
2131,0.0041931417242223575,333.9496593867846
2132,0.0035019838966437126,62.324534306964644
2133,0.004262006006241348,70.64304901933605
2134,0.003291486800349205,30.51858488183793
2135,0.0029983977162540303,270.3789175196908
2136,0.004613199700739839,75.69106524643288
2137,0.0032198980079800508,139.09023519991672
2138,0.003542029612045675,181.9360629053176
2139,0.0028048456759048783,263.5864134869456
2140,0.002021632662791477,266.30149035970504
2141,0.003183216642599706,142.30192570635845
2142,0.005572221350044178,64.01407380488217
2143,0.0023005972805179757,344.7529548420696
2144,0.0020895703149329385,70.8325593240023
2145,0.002035832600582084,49.34335780352766
2146,0.003553574236644574,63.2076880372143
2147,0.003912360779102497,57.932546852666704
2148,0.003165029065157642,58.231209601494555
2149,0.003661392696690902,148.17996782105905
2150,0.002877957302227745,263.95838184960286
2151,0.0034483187307407866,47.046666173152275
2152,0.002727527352571948,340.02233904394615
2153,0.002624510970299087,338.4494541652485
2154,0.0022543669756827814,345.2413614357821
2155,0.0017663454407837078,74.6649824794759
2156,0.002771461939180696,63.11900325001265
2157,0.0019993393426874988,269.9239915744037
2158,0.001185394157677735,59.60866868705639
2159,0.002482129063292422,110.07874233626845
2160,0.003091791822098824,147.6998102641281
2161,0.0026395307581708796,335.0540516994078
2162,0.0024429872947383277,141.88815820920348
2163,0.0032434980866210853,46.55833806058898
2164,0.00268364850903295,46.85029518427724
2165,0.0022526995672949492,266.91862350823226
2166,0.0018065153059050663,186.2217837073503
2167,0.001979394325718277,78.67761903645957
2168,0.0020124737180299847,76.11762756170081
2169,0.00213169635004357,268.022382470059
2170,0.0019496713787649402,345.93954690486254
2171,0.0021222979668055887,75.78383428479628
2172,0.003447388930932927,74.59403462896782
2173,0.002237555379855314,263.7290578218198
2174,0.002872994624200286,106.85247620168501
2175,0.0017255182705081427,49.37010393124519
2176,0.002032565248523967,30.58092337718722
2177,0.002771763109029218,47.3305075691738
2178,0.0028338803780478252,59.06612029645392
2179,0.003431073992929592,257.325292315858
2180,0.003176478042752427,184.77626125544114
2181,0.0026167064311125943,165.78489242831796
2182,0.003999771197483754,107.5197853848668
2183,0.0024806945120558494,29.897651715791156
2184,0.003387184326467044,179.0851850590802
2185,0.002973557867157182,182.80154313915938
2186,0.0027621488605359323,345.2392799047396
2187,0.002743198042203573,344.4509052631333
2188,0.0023780997879530143,182.9304379918087
2189,0.002828816689130194,47.779846046644664
2190,0.002651773438298154,49.43808855399532
2191,0.0018886582669253396,348.64231839501986
2192,0.0024476126151991616,74.8135838044207
2193,0.002001170014728373,194.33793068071904
2194,0.0029443336532660232,45.48588410916226
2195,0.0022340476540281323,349.2178986950143
2196,0.0017387169582872306,349.7073840451265
2197,0.0014672068402140077,144.56216742782357
2198,0.002148809326561429,341.2533157765543
2199,0.0026260018294999615,336.33065970961394
2200,0.002636851140943525,43.005078621404955
2201,0.0025422799195881896,76.73041141096749
2202,0.003512405085817078,142.3127235071278
2203,0.0018463232552841707,50.61768529300418
2204,0.0038676174188931956,31.993773282833168
2205,0.0025245138512752993,186.8221369269602
2206,0.0030848957052315913,77.414970000522
2207,0.0025264389194740817,29.670709840389346
2208,0.0032064781285107914,272.95955460694955
2209,0.0031152185163528913,31.046626068659975
2210,0.006251517591573991,48.250428230732005
2211,0.002473661967087537,75.36571548264683
2212,0.002852735705392522,61.84955930540456
2213,0.004274980855100423,72.14068441741594
2214,0.0029236782605809052,101.2234371374902
2215,0.002789224505151553,75.02372630172994
2216,0.004022679578073704,43.382274639235234
2217,0.004119762281184241,186.14889187971056
2218,0.003593501298536479,258.5863158490912
2219,0.0048233552907901356,58.35112701310062
2220,0.004289235955534073,102.02185609578794
2221,0.003991717782270295,341.0320756138634
2222,0.0025143753221893404,186.6013660228432
2223,0.002510143574407517,30.815518844088643
2224,0.0030713611098146486,184.45887944378026
2225,0.0021272733139840955,268.8893481530381
2226,0.0022066582976277035,328.2323075088438
2227,0.002558251593241452,46.53375721189731
2228,0.002154897152294894,354.01951967908997
2229,0.0031388481886281978,65.60318734804069
2230,0.002774528347824203,142.26245081754118
2231,0.0028461266001927315,30.523845872828684
2232,0.0022830441301292166,261.30202489527665
2233,0.002015437483530316,271.9302223457094
2234,0.0014623734233199766,48.49239144380428
2235,0.0018683579578400512,268.6307585528674
2236,0.002017071099129338,149.8893781254864
2237,0.0022032245285160553,147.51606370003083
2238,0.002706385603862425,102.12919786147437
2239,0.00191943976090404,266.0612069450767
2240,0.0027068784984294325,60.17431476884374
2241,0.001866729291115485,62.49071720748468
2242,0.0021136687358027212,257.3872846997542
2243,0.002809024946985189,104.92012274830715
2244,0.0023785678766382098,46.92244006297569
2245,0.002008506742967397,262.4603153332893
2246,0.0022132868415741893,353.2196095737169
2247,0.0016188524133844944,59.98954886405248
2248,0.001821708090740775,272.5469868087805
2249,0.001910982904908276,352.4971227815969
2250,0.00193035910292629,273.69558504247857
2251,0.0023118684611824966,186.46250556869
2252,0.002354715885887082,341.60167732830377
2253,0.001997234335719239,149.9221877652826
2254,0.002505229002260243,190.35953537429018
2255,0.001662454177676409,48.46214016134039
2256,0.0023345443057876873,143.823710941459
2257,0.002329532264993009,194.34579662709194
2258,0.0024652330814116255,274.0025770199346
2259,0.0017702885603078536,194.18950456465265
2260,0.002079504956879994,144.90804973498763
2261,0.002398210588285725,77.67505303653887
2262,0.00188064584753275,42.52446655284157
2263,0.0025605333156790105,186.9756230948476
2264,0.002062180295094574,74.51490315138918
2265,0.0035373416557794787,77.76767516822223
2266,0.0022421329309110206,337.4095759610875
2267,0.0020682098166874695,350.4322770898596
2268,0.001892169214691173,48.622667452693825
2269,0.00210276017175384,258.87676245464286
2270,0.0015353998632374481,61.643172451064274
2271,0.0019815230164839676,187.13088357128444
2272,0.0027366316968943246,78.22974425201978
2273,0.0016351933305047389,32.13072330994093
2274,0.0027684497115912495,103.81242958365691
2275,0.002132163937563451,75.45711115243681
2276,0.002539258421383635,272.86840720788905
2277,0.0023793894480521388,275.1832818942646
2278,0.0027500470769463376,63.50813449987725
2279,0.0022263432240263573,61.46313366604609
2280,0.002033606764929242,44.12741715888873
2281,0.0030652558153803004,59.74910055188459
2282,0.003112915240614619,350.819056968851
2283,0.004033795496995434,59.79289016224081
2284,0.0023030356964666462,31.37327758433062
2285,0.004268700494985505,76.31046083470741
2286,0.0028537515293042097,265.0891766162234
2287,0.0022729406315628578,268.29451177458844
2288,0.0024943948094322873,141.09778683594246
2289,0.0022699785547598034,260.01220230793405
2290,0.003382561515197375,60.631500520635306
2291,0.0028325492454645096,49.25399949547119
2292,0.0030771357269064625,343.14035764742266
2293,0.002136238605649291,98.268397615077
2294,0.0024674998224734988,29.57945570127324
2295,0.002923936743674607,30.542574067674025
2296,0.0021527302632097477,63.97710457177618
2297,0.0029699734421648406,108.10809939713876
2298,0.004215635861830128,32.99386495376911
2299,0.004685203033824853,48.41365684852812
2300,0.0023743439416083955,32.71161728035608
2301,0.0038249952552247965,102.08558414968108
2302,0.003629582211893599,78.35644920370224
2303,0.005941273818942876,59.38451598131645
2304,0.003364691888866498,98.45633504669257
2305,0.0034536685023565427,185.95906572304926
2306,0.005565352871128888,31.232765311200552
2307,0.00325204557950351,186.77062713194059
2308,0.004003024916085918,75.74535471084226
2309,0.003926179719047021,56.511292233564426
2310,0.0031144806311063943,105.4874230708926
2311,0.004681982307643286,150.5866761426433
2312,0.004472952046610426,346.3882676645702
2313,0.0026195108661690963,340.1617126930037
2314,0.0024930799709133246,344.6824929632579
2315,0.002827214000162558,60.00611611199057
2316,0.00389233675649216,61.52817792769562
2317,0.0030150405566166374,77.5614554299528
2318,0.003080029251326903,29.438910112756382
2319,0.003619782368752147,104.58518197322203
2320,0.003584906122153464,30.517274558736865
2321,0.0029195339372089504,264.0237555097422
2322,0.002884276538484514,147.78713685835228
2323,0.0019689232801913302,105.288242400927
2324,0.002166560817166665,32.43002076524296
2325,0.002994603332988102,261.8367256541765
2326,0.002807651469973834,342.3970876598759
2327,0.0029521235945559545,102.42149952437595
2328,0.003566261445312931,77.13174897764627
2329,0.0024056187744677026,149.31281955973736
2330,0.0027755739211965036,147.4784404240634
2331,0.0022847970306647254,272.0970556738223
2332,0.0018701254879329556,140.2415589518323
2333,0.002123902420862578,74.97559078172344
2334,0.0021794572132158674,340.07362157608986
2335,0.0018155159687639438,30.268536061762777
2336,0.002325239657524034,62.717776069936555
2337,0.0027355443709868115,269.2533817956647
2338,0.0023651798775801655,142.58080208168877
2339,0.002378792576233867,50.62741207925824
2340,0.002952453490461966,104.56168354803398
2341,0.003354552779193786,63.29169512744432
2342,0.003593517650601412,45.97747557370453
2343,0.0039055979476186097,184.16849227599556
2344,0.004859124399131517,29.660095177675768
2345,0.0036704927678676033,186.8844088806607
2346,0.0034024925112749473,71.91667094948315
2347,0.0034850387853873907,77.36527456435901
2348,0.0034917892370095174,187.32040549322036
2349,0.0028179981831083843,29.758273727485385
2350,0.004196273059995958,265.73471153961947
2351,0.005274903428594493,72.52022145836517
2352,0.005936193250818178,46.923406833014276
2353,0.003112866144911339,147.85159434623628
2354,0.002359065970863569,32.89066302493582
2355,0.0031965819525599814,351.08927234607376
2356,0.004336576753397319,32.21547449895712
2357,0.002795170409871599,103.19255590877046
2358,0.0024694201768805466,30.340927444581048
2359,0.0034939751593332925,57.55323939770419
2360,0.0038219278561454676,349.92128335527525
2361,0.003318626719961825,106.18482579502191
2362,0.003603740137882365,57.954915311675585
2363,0.003135676331427161,104.05454450460891
2364,0.003427805541749959,42.78543948969885
2365,0.0029465759387114804,148.57853393001955
2366,0.003485530397455543,185.01365704923202
2367,0.0031153000065757093,346.5925809622413
2368,0.002345668403388511,80.13613705102205
2369,0.0037647522486062932,107.35307405215866
2370,0.002629124973117352,146.4742283459461
2371,0.003075668599028087,265.9310925624231
2372,0.0034983584899402394,46.94041656301736
2373,0.0020374308851073848,34.19128052481385
2374,0.0028964311063981885,148.47195655485416
2375,0.004966030540262264,44.8723628007343
2376,0.002214004402912135,63.674731629821586
2377,0.003052467460127611,50.299319752304925
2378,0.0024815791367296123,144.56230959108353
2379,0.001891252331946724,62.454945281928104
2380,0.0028261333780992383,175.9764331602796
2381,0.0028622269339179827,347.25365490736357
2382,0.003603279501288037,29.682700821916214
2383,0.002454577819700947,270.47206936025236
2384,0.0024098571022847333,340.94076171958704
2385,0.002936590339428418,78.15524819379982
2386,0.0035828588104116284,45.75810548447729
2387,0.004866972932103562,74.7258967015489
2388,0.0037646746365951273,81.94819433842058
2389,0.0026912867674551712,146.40213392347536
2390,0.0031835537231297796,104.91778167679902
2391,0.0032212197840050007,56.49342926492212
2392,0.0033674159277814818,108.15686237239393
2393,0.0032860737671647007,47.56877362052694
2394,0.0030095204589907923,259.46823978460975
2395,0.0023406934768868738,30.723818993084667
2396,0.0037124290253347215,76.58974590614433
2397,0.0032998651423456022,62.723590459370605
2398,0.003427925583623462,33.44254800167388
2399,0.0068790084370155425,63.21342853482671
2400,0.005183034824102339,147.14231069861117
2401,0.003216032663585598,346.50346335985887
2402,0.002874008967230854,270.77612757871026
2403,0.002883868004142117,63.83449440384255
2404,0.0032617417221154402,190.5371672975826
2405,0.003366882274139453,107.21012115096732
2406,0.0029032380305866815,347.3633799639687
2407,0.0012952163518560622,79.9608135444763
2408,0.0016166725779500773,58.17536047928105
2409,0.0020703486848434134,190.10836113645078
2410,0.002014344881342662,264.0111223391448
2411,0.0023389390772138884,269.4430180369502
2412,0.0022831637676626743,264.634144067782
2413,0.002043255098271271,188.1017895214832
2414,0.0015947071926977795,102.5932138486064
2415,0.0023262100996263952,78.64219516035621
2416,0.005291068107532016,30.584441375761017
2417,0.006477547527475539,33.11882105116461
2418,0.0037310438323262273,105.81337336064078
2419,0.003040803141924993,77.66375992471212
2420,0.005233499071017342,103.41835354443892
2421,0.003390296373942653,75.50790097327521
2422,0.004473717590579497,145.50195648874248
2423,0.0029719256212124043,266.3503508251401
2424,0.0031249890283176615,109.18590052156502
2425,0.004180017895950269,45.382830708712845
2426,0.004832211171842887,31.362431958099563
2427,0.0034344120709835714,27.564937891255653
2428,0.00350993741901517,348.8098843499077
2429,0.0027621625192787275,353.39172862229645
2430,0.0018682949631242288,272.91715736212393
2431,0.003105595367805077,31.953218972107177
2432,0.0030945664373082426,58.67402808353623
2433,0.002492209803316908,341.3862107670719
2434,0.0023970394293848164,102.09074883782307
2435,0.0019978535371083742,59.41972106941745
2436,0.003287966073470228,75.20945587133518
2437,0.0024654340618676194,109.58214051985127
2438,0.001984929598868555,45.68010926311423
2439,0.002941341229087971,185.3251643375856
2440,0.002627277168165831,265.8095406665771
2441,0.004196400198865872,50.75222208315777
2442,0.0030260532525715742,266.18801368368963
2443,0.0021626763498659917,187.99619810804265
2444,0.002880278618372898,64.2218724773296
2445,0.0017708086877789,60.71895417007243
2446,0.0027200111143289318,98.11442766407743
2447,0.003709954482348684,32.55643296938694
2448,0.0030357480677943947,108.56778720513218
2449,0.002519337567495323,348.93859400900703
2450,0.002846696316194252,144.97434465285525
2451,0.004398929606520988,31.269746402610043
2452,0.0037357960914081154,144.18721540849444
2453,0.004939129982554054,62.75362456431679
2454,0.004484631103948162,105.62555928736595
2455,0.0023188055681937375,350.11724005707623
2456,0.002304348156647362,61.826849479650065
2457,0.0033757422256019062,65.18712652310494
2458,0.002986988664954463,60.857208691230525
2459,0.003237393166612384,61.305248544761305
2460,0.002459625158489625,75.34349099101547
2461,0.0024683795821725985,48.94171124160324
2462,0.0030951227920869473,356.2125294026904
2463,0.0027085188048018402,271.4148572854595
2464,0.002761853229709106,30.79505485538286
2465,0.003401454747937723,145.06503602859482
2466,0.0023809894442141954,66.21869754156899
2467,0.0030806858226394783,143.46517745664383
2468,0.005673793446601786,31.061930755374913
2469,0.003966565364246114,146.2485431046856
2470,0.0044113685406635935,73.78532334679088
2471,0.005952447180130422,31.965695493173037
2472,0.004763987911905259,31.11994181535935
2473,0.00405172529281117,31.879382664884105
2474,0.004974007341242198,64.31646860068122
2475,0.00481190913458554,189.66336051568496
2476,0.004617636715889695,63.5674514426956
2477,0.005547387933394679,32.81716170708364
2478,0.0053254482302587895,184.32425808310427
2479,0.004314833960448815,149.24202918443032
2480,0.0054095725725597605,30.600779967266327
2481,0.00465497940073161,80.64049328324704
2482,0.0057112339758392545,106.5093280484541
2483,0.004217531663053921,186.1875254126062
2484,0.0038040212814600886,45.95104690112447
2485,0.003020776134658733,31.313465374969635
2486,0.003263684787732947,349.60960169799495
2487,0.0037422223541887854,108.27877949374393
2488,0.0026784407822829327,147.98900026977057
2489,0.003914419809668537,46.14220900225945
2490,0.0031315220620014702,102.51964503171905
2491,0.0036489042849515915,81.25894299329934
2492,0.003163361104039507,65.10207342439334
2493,0.0028567880576352202,100.1490631417455
2494,0.0033546723858797543,106.60779449090948
2495,0.0037798179169007875,62.95257475622711
2496,0.002781396547478335,265.7283282618456
2497,0.002708170872308422,153.97652604733562
2498,0.003396633194907653,44.6578126005033
2499,0.0025789939823627653,353.3531836056053
2500,0.0017149333452737708,351.34061305185753
2501,0.0024247821480241974,63.44522716643796
2502,0.0017446539015789032,102.11875069764058
2503,0.0018877404034894016,255.6593762701861
2504,0.002352891050080514,185.78834774571587
2505,0.0019826197061220074,60.75890619054816
2506,0.002728129943034859,270.0824689540636
2507,0.002694285025344553,45.39817955248977
2508,0.002284260374867229,31.41470590837046
2509,0.003567515210557633,30.154299546092684
2510,0.004342203461088833,48.357053554202416
2511,0.002945485100977841,63.953727495914535
2512,0.0034001769836135114,190.6002201227613
2513,0.0026277285149332716,101.00979884778127
2514,0.0034546445669941415,76.23503713014254
2515,0.0036964422023712277,47.045187291088524
2516,0.0028510695769333504,261.7851037400977
2517,0.0041774447005221964,103.28634159120213
2518,0.004009840533792551,81.00779780482605
2519,0.003507590578926021,150.68663947502986
2520,0.002984514294089772,102.3862941475096
2521,0.003411620398930443,46.41971789407067
2522,0.0036150975709102235,274.5969627011664
2523,0.0019053628755793532,140.8888296693601
2524,0.0023488278950981882,64.24356727519057
2525,0.0030851152958760947,188.70908673575894
2526,0.002196148450237423,335.9005756076159
2527,0.001974973293021866,348.4476407938528
2528,0.0018981895345713904,350.3649554174993
2529,0.001970816447193473,266.5279000810059
2530,0.0009433869759897974,60.28058816854798
2531,0.0023282215487485706,344.7432033747667
2532,0.0014826419669680647,149.38281150386612
2533,0.00159703424219515,105.49383602548836
2534,0.0015390107793958213,266.3484058425492
2535,0.0018068254491236775,111.8270456854706
2536,0.0016942097051507747,272.2473495915442
2537,0.0022048674345057063,273.14911807425807
2538,0.0038339161017740316,45.78628777447868
2539,0.0030421700128912205,189.27222180543214
2540,0.0028446369626365948,58.57951451494787
2541,0.0018621420797845691,351.9363402027427
2542,0.002152567042207535,60.654354576915054
2543,0.0010868108535038933,31.418340929984154
2544,0.002887746642430172,104.39297193862183
2545,0.0032150897968676873,33.404455351753064
2546,0.0049269175596221475,62.09164090530176
2547,0.0037134670547439366,80.5992715004756
2548,0.002467465521379033,140.20308613186822
2549,0.0033790294946811628,48.0473940286076
2550,0.0044762688544401266,65.23548825731515
2551,0.004851288003968925,78.09776078930942
2552,0.004347404623496748,44.17853485932393
2553,0.003983953731734581,147.1515118686682
2554,0.003390364321642465,349.40117546896926
2555,0.0032789734226802516,71.69140764667691
2556,0.0036800378043733493,147.5180588633927
2557,0.0030898507885656775,142.46457766232587
2558,0.0018939614518754312,31.731622140912858
2559,0.0035983220336060482,78.07315482163636
2560,0.0033728436466490836,141.61052090045052
2561,0.004072577415000352,78.63591101884536
2562,0.004196473000900306,32.744275213579996
2563,0.003184785347867277,269.9867794246056
2564,0.003159457622971856,107.48272083831696
2565,0.0027992284064294864,191.71372407341974
2566,0.002918875192434014,76.48749807936059
2567,0.004937169092706675,48.33401847487964
2568,0.0040566760138263215,61.827919591732666
2569,0.0033794197464022406,65.42223831480109
2570,0.004674167397927074,105.118328176148
2571,0.0035147873093757716,45.820342240777954
2572,0.0033985760434508596,30.887614083367424
2573,0.004354177057247331,146.9423152424437
2574,0.0034500080788630078,351.21553220941917
2575,0.002593125410016541,75.68590963067288
2576,0.0035368240966398355,104.99015919081988
2577,0.0030578386713632673,73.21262008416804
2578,0.0040041655303713,270.3379320139266
2579,0.0032079325664617006,73.12131565874735
2580,0.0034785256115215956,110.17136273367107
2581,0.003388682442038834,32.096190364313784
2582,0.004716131525276216,73.83984777556971
2583,0.005706074837783897,32.230658021263004
2584,0.0038830814702434766,147.82926241339678
2585,0.002721241455798339,342.09178169349667
2586,0.0023587389105473294,33.870039933788846
2587,0.00275760009341392,262.563379458026
2588,0.003104460823092738,32.41041481096235
2589,0.0039739359984774965,44.82849592542633
2590,0.0030437855641286806,78.93898261074568
2591,0.004465945609735098,77.75255608541728
2592,0.005767046268437267,29.87670805828056
2593,0.0031435852541662483,357.6618355530109
2594,0.0028287185015704545,46.92828698665381
2595,0.004776509293052997,79.35509237015287
2596,0.004265872157309393,74.87570117089636
2597,0.0027167123693727954,30.05255610378474
2598,0.0033377846043180937,75.73634614092776
2599,0.0028546836770560317,348.44725137581037
2600,0.002421732951623064,151.56571719288792
2601,0.0036441185280140912,49.14005998561794
2602,0.0024856365552264393,28.566094894029902
2603,0.0027323350592062703,191.38063675906935
2604,0.002491797173814529,349.09282206856875
2605,0.0022166885898292784,82.42991148081873
2606,0.002017441085799136,75.72608290258148
2607,0.0035245506533101434,99.96126921286381
2608,0.002473893885348609,183.70757216553534
2609,0.002749180145980001,62.50404058716224
2610,0.002866346886524273,74.70434249032718
2611,0.0021493929171842396,33.986855218827955
2612,0.00218496861634776,108.06750549760447
2613,0.003578875385648058,61.42134549195942
2614,0.005407463268934877,31.732992409847622
2615,0.0023007839693243363,48.02240118294033
2616,0.003741833893489994,265.3171166229405
2617,0.002478971137389893,350.54338479489616
2618,0.004262372719814586,76.08981238561694
2619,0.0029029304776311154,344.907287674943
2620,0.0025164244354277015,30.34361831467525
2621,0.0029250665350516033,100.80518147134434
2622,0.002500949588933066,79.32072274084179
2623,0.0024293904972938424,267.019924709906
2624,0.002020571792131,272.0556858960031
2625,0.002248325647706599,190.069691049088
2626,0.001844697726790426,264.81636491615524
2627,0.0019746142198445423,48.3832502087271
2628,0.0026038501391850645,151.55360379851086
2629,0.0019060442647303357,260.32363193617357
2630,0.0021880575909194334,72.8114842048099
2631,0.0030416393478326,139.0553932348516
2632,0.0020660174015255947,186.68314113842223
2633,0.0017699832504739469,81.87723802121342
2634,0.0019001185108618941,270.193604876117
2635,0.0020241407682860114,263.515641697107
2636,0.003077349950849489,60.23083597581088
2637,0.002371556618527393,104.49601653564976
2638,0.0020744932837921874,46.58962104803022
2639,0.0021518374947796424,76.91602053955853
2640,0.0022486058686016206,350.8446311613556
2641,0.0018947687206272003,32.44758255315351
2642,0.003099011822808373,30.993920746846538
2643,0.0027588202760806283,188.6603732910432
2644,0.003916291847267577,192.86978135660735
2645,0.0032730205543179728,350.1504281469741
2646,0.004241429045578116,47.339624481438136
2647,0.003131747711119136,48.57947826952842
2648,0.003792198145455031,143.26118274451372
2649,0.003373901524825889,31.07237961227381
2650,0.003119795416110084,152.30725661749736
2651,0.0020678258455330343,31.648905118884258
2652,0.002631696802299385,44.530284128355206
2653,0.0028906955130538034,363.53022744862346
2654,0.0038629795840122447,32.01033486248596
2655,0.0035243065694571824,32.31110506176275
2656,0.0030648591581876436,106.66558740355195
2657,0.003214265324376439,45.27130943677999
2658,0.0028067464824336388,32.050060722469
2659,0.003458171774334253,48.86746386132474
2660,0.0037146252811831124,63.39137356784397
2661,0.0035211475565679368,341.4967644807809
2662,0.0025671125321311597,352.0846094876341
2663,0.0016568643631229938,275.7608689496889
2664,0.0027091334878914684,188.3075165108705
2665,0.002681926131489573,49.75915552501984
2666,0.0020095126864957975,29.58338027134107
2667,0.003021733316988606,143.34839177941456
2668,0.002270205265320072,149.76490865712526
2669,0.0024252521579035085,347.78548438549353
2670,0.0024581150394585843,272.21154613683615
2671,0.0012191802449298596,31.025598662506518
2672,0.0016832897760242962,31.558245014313496
2673,0.0026287413715242835,63.12777815242969
2674,0.002677456530626532,189.8613137782137
2675,0.0028765374635881503,191.18608236792682
2676,0.0017393207128686928,101.76394636089611
2677,0.002247783954297914,270.434832093529
2678,0.002640390879251516,145.32748206614528
2679,0.0023745150462603374,109.38556524778741
2680,0.002698494011922976,62.90673618272545
2681,0.0034774506658240252,45.769071420029306
2682,0.0029423698298094527,193.07053579597311
2683,0.0028224756087393663,109.06696584404015
2684,0.0013022858701416144,49.33749407362305
2685,0.0031039920917134045,48.23648965446354
2686,0.0036674033583187484,80.2379682718483
2687,0.0032692583789414743,347.8051630150351
2688,0.0047155496544417416,29.608258118248713
2689,0.002733184226939858,346.9772299261098
2690,0.0032468874377837684,102.70651007952785
2691,0.005097192232165855,30.529083319466974
2692,0.003195467074770846,142.7568388133424
2693,0.0026179979423675472,270.74735240260907
2694,0.0020499990158140474,268.896679904161
2695,0.0018433524639056907,106.49050690704433
2696,0.0018114031930243578,347.26437506741894
2697,0.002158232768684124,108.809449409142
2698,0.0019219939948910043,64.94904196384812
2699,0.0016192093093205307,352.09887853769555
2700,0.0030271909971988126,72.01356301196945
2701,0.0026354293362158853,76.66818835062796
2702,0.0030495394456371036,347.3534566203282
2703,0.002509710475680928,153.76050081129742
2704,0.002217827626109597,30.919656102578955
2705,0.0026360539809174204,180.28324351945707
2706,0.0034987323015579583,104.76726664271355
2707,0.002565775577995983,78.23860993653858
2708,0.002586867799399227,186.1285682835293
2709,0.003231405717297793,106.83427109514794
2710,0.0048416832272276476,32.64824885668449
2711,0.0036952337240281114,74.91860719123213
2712,0.0030036573438444653,359.58293372971855
2713,0.0046953900765119815,30.439004563213015
2714,0.0034267096020836776,349.56395664493857
2715,0.003279110815714437,60.50191613986277
2716,0.004066156581462269,75.18148005131178
2717,0.003411596491912797,28.037918156438455
2718,0.003196629136668476,45.515081540090996
2719,0.004222275569316417,32.17987225295347
2720,0.003403154316265743,353.1322838313504
2721,0.003529893014921858,60.649752588805484
2722,0.0026791286867212773,352.0773206397036
2723,0.0025328832855370117,189.266618087965
2724,0.002615400958751069,188.7874875079169
2725,0.0027462528404134513,66.78096518089806
2726,0.0021462507962665372,189.11664893905686
2727,0.0021117964244130516,31.89200341304884
2728,0.0037177871060320887,64.78907832526133
2729,0.002407479284230108,266.96842801248755
2730,0.0027968861940206734,77.4737673031051
2731,0.0020933385689253605,79.58554011315455
2732,0.0036146512861235133,29.106423971602208
2733,0.0025778460901924563,188.3353847708934
2734,0.0030179186944655364,196.16568100225544
2735,0.002530196290732616,79.65707936828245
2736,0.0028048440590436705,62.46308879440426
2737,0.001701703822813911,150.68840575165018
2738,0.0026904849496501306,151.55491083777542
2739,0.0029335887128262264,72.90438029990297
2740,0.0029196211168156655,196.8944966362288
2741,0.0031005165409834054,100.21662020003825
2742,0.0032267199664850273,46.81457382158804
2743,0.0025904769696206975,152.42374890495432
2744,0.0023712474183565984,265.21690132044336
2745,0.003031545617308108,47.19671018575001
2746,0.0020983865797705634,146.32408692213087
2747,0.0030925410536348443,110.99665352193468
2748,0.0029430540628030506,267.0813278063782
2749,0.0026392741615538775,31.796184122047272
2750,0.0030663172989895023,31.689904743801915
2751,0.0026333155314008567,74.11375867771972
2752,0.004355024925738187,30.331080097761216
2753,0.004103079575129827,47.90669144858985
2754,0.0029596253897014664,75.40336946429069
2755,0.00278637899237585,354.08639946703937
2756,0.002625311709601413,72.5338950297127
2757,0.0033421834671641523,104.01035707402458
2758,0.0031684821509847558,263.9968515131016
2759,0.0029969981765287034,150.7789186999974
2760,0.0028091563535044034,74.84335832895475
2761,0.0024623658338390033,181.01965673108216
2762,0.002216033778175778,78.52030426607432
2763,0.002347434026764319,63.2449592276021
2764,0.001867366207518679,32.70742991165754
2765,0.002428806862538341,63.609302637164504
2766,0.004844778448789796,150.88789306872155
2767,0.003360827314306359,76.05402629116831
2768,0.003214307085163711,271.5871869313885
2769,0.002986929452188787,269.8056873637935
2770,0.003391670088542199,61.20225783569617
2771,0.002985051727591781,76.14010247142392
2772,0.00337129495528643,47.94527929408622
2773,0.0030115914232925374,188.3572905135499
2774,0.002737337323025786,153.4396970973511
2775,0.004000434126842615,108.15896995506883
2776,0.0020856577047085926,345.70773110072446
2777,0.0020203294451361076,104.70139145883533
2778,0.002186653186487434,152.02665491353233
2779,0.002278857932323422,190.06023451309844
2780,0.0014442186419811069,50.54232488236985
2781,0.002088742612952848,63.85962291187055
2782,0.002085634296895325,151.564726861322
2783,0.0022457859529542755,105.21144998540048
2784,0.0036104413261086477,73.40689440252933
2785,0.0019961132820656576,350.7428998555415
2786,0.002653865435726421,189.8410438361317
2787,0.0021856612824564564,65.4284858276344
2788,0.002050621452518742,272.7597617599608
2789,0.0015063461356350735,28.7680264788812
2790,0.003515723015390484,109.17138865049134
2791,0.0033472222308648333,31.84061695104597
2792,0.0026118000219021655,274.76125165694435
2793,0.003336677727929782,65.23092788668481
2794,0.0013508192418653794,46.16355505375112
2795,0.0031667990508769716,107.69600374713276
2796,0.0022569935883718873,109.42225404939873
2797,0.0020542072581951495,181.21493426772454
2798,0.003505092466959785,152.41577246310842
2799,0.002901309216725513,266.3050501235587
2800,0.004379480109491851,30.678751652856878
2801,0.003353442566962754,48.10120476410069
2802,0.004167595645412803,46.4386045532492
2803,0.002127744994140812,50.75721704069687
2804,0.003189181225369228,71.50717798199089
2805,0.005347423506629473,47.782033019817284
2806,0.003862642674480604,266.0932943251864
2807,0.0029330755437543808,148.78124314737371
2808,0.0032446720161114157,62.11462671324387
2809,0.0029262979234120777,350.7684387395318
2810,0.003329735065283155,109.24207892326598
2811,0.003281349404673983,153.72531310026417
2812,0.0033668291452505802,192.44197468580825
2813,0.0024728243419163986,110.69541402294219
2814,0.002018009019516733,270.286408497776
2815,0.0021190278606254497,62.952859802018956
2816,0.003286516711572619,60.01341442334473
2817,0.001999110232926546,149.92149740153016
2818,0.0020190290699908723,46.42560619509852
2819,0.0024330760734301293,46.99421091399697
2820,0.0030103549620085126,107.93933362537133
2821,0.0030478911006698067,195.06637961020266
2822,0.002113159395827404,268.5142706551037
2823,0.0018374556532563247,360.43620462104855
2824,0.003662110440100977,48.42735653969317
2825,0.00261623496456965,103.0016211586184
2826,0.0025134308267002483,76.8930628456195
2827,0.0023786845580419853,76.16079518408631
2828,0.0023686543656341956,268.88594802975047
2829,0.0029026803916213655,62.63100729114812
2830,0.0022742205835607613,190.3322841201718
2831,0.002103131611690325,347.0893351815746
2832,0.0029287231419880687,60.04518272891106
2833,0.003600538243101594,61.15778293620193
2834,0.0032132058424618653,356.67077960335763
2835,0.0020305901194455733,271.9973066257209
2836,0.004565451123825965,33.13972558067768
2837,0.002997775272907,191.53426044124254
2838,0.003518834257255517,31.601865644067022
2839,0.002895407115215061,76.09868491995921
2840,0.005230614825033965,62.991598658461896
2841,0.002646964020296482,31.930307307620794
2842,0.0035354172702952652,78.4421752504337
2843,0.003912391867276243,78.46936789750426
2844,0.003057860933165949,31.383858369609847
2845,0.002940078229634029,153.03412441227616
2846,0.002906472563294161,109.1565363724262
2847,0.005073576842995076,63.61667456877407
2848,0.004071347607571846,74.26785626886671
2849,0.003691676915115897,78.87651551217604
2850,0.006159822435080768,61.407876335107275
2851,0.004383306546852631,189.5881517399976
2852,0.004064162341770448,77.12563551102618
2853,0.005412664062081018,152.21472950861073
2854,0.0038488782380717078,109.37043703050585
2855,0.0028825944863389097,151.76175960726025
2856,0.003175723972933572,60.62217900423766
2857,0.0038085083208138667,190.11458830705013
2858,0.002611692754038125,75.66298119351569
2859,0.002981466217368672,45.47050642324949
2860,0.0033154451468085347,63.573795728812506
2861,0.004221507774935285,59.985918730790225
2862,0.0027910501617359473,353.38322016176426
2863,0.0032827286968467426,61.046772305131924
2864,0.0024221235853352273,151.03150998263519
2865,0.002667721151213963,59.99942556244594
2866,0.0024661672640093383,149.2327936385251
2867,0.0013129971291697263,32.73577246370926
2868,0.002131851613856581,352.07735497428064
2869,0.0029566970120343946,63.37766640127535
2870,0.0034910201922519427,47.650879154817375
2871,0.002935692624961962,350.2874495165073
2872,0.002533390179768497,147.44608157085295
2873,0.0023124854444139383,189.93782642993486
2874,0.004137054462971411,62.66274513003028
2875,0.0022470845385322395,65.18733067685757
2876,0.003333362364801488,267.04771328145574
2877,0.0034061514597101684,191.65858031611856
2878,0.0038902054406502727,82.40109110342969
2879,0.003326376076580482,355.57121450376485
2880,0.00200503951825756,65.42188512527203
2881,0.0030706228411542147,48.30858904072555
2882,0.0033287465622685794,352.41462067756237
2883,0.0035758326661287634,58.63172361305756
2884,0.0027940565213472068,102.14334960097743
2885,0.0030982504560956264,267.7372538446188
2886,0.002277491307591495,355.14974691531006
2887,0.0016920948728657483,362.81998505705883
2888,0.0015613576812275993,59.88047254847319
2889,0.0013873675938989667,65.64175323978351
2890,0.002162444835882079,148.99662541378933
2891,0.0018256304974784143,31.72554566334455
2892,0.0035446650912159716,49.18717749618624
2893,0.00267206528145392,79.01614518572217
2894,0.003593426496720624,77.77366221731658
2895,0.0019346850238300566,147.71527320015107
2896,0.0026086274491548063,58.83697957159764
2897,0.0028439761302964856,76.94084282339404
2898,0.0032457743974691126,267.9635911551776
2899,0.0035869747367681926,106.90311481426252
2900,0.003102896953538389,191.54713424868385
2901,0.0033025160725558703,107.2721280723439
2902,0.003933873058640067,58.17091176918391
2903,0.004042742982730144,77.41774130926102
2904,0.005789112172727795,32.26006654759219
2905,0.004550903925935588,64.30015558545848
2906,0.0033302125314352,185.75239809712855
2907,0.003293917643314274,271.30086317172834
2908,0.0023286540179130607,64.65035863132053
2909,0.002055941959878436,79.56138758862345
2910,0.0027183907399581,274.15379272037626
2911,0.003403914472936915,60.5544167275598
2912,0.0037307112030579115,49.83527147435524
2913,0.004088905019041424,110.17637434288037
2914,0.004620493402167055,147.17351806508927
2915,0.003212043520346582,149.22121158900634
2916,0.002644475446756517,106.83376986156223
2917,0.0037497843672595495,49.366313941722126
2918,0.0036986861664323723,357.9324193340441
2919,0.0029906199246041293,189.4564704281472
2920,0.002567163923776143,350.03874755227355
2921,0.0027094028065654595,144.35844031941144
2922,0.003131932161301626,76.79889617089432
2923,0.0023824930950296047,73.36283948340518
2924,0.002846928409361191,105.54324064324277
2925,0.0049363956370206295,28.54574345503622
2926,0.002619936212270729,109.21345584448886
2927,0.0020634323214339515,49.72001824895828
2928,0.003856953592468803,60.06526859860079
2929,0.002942975496384642,362.6514927785186
2930,0.0016417271482200234,30.9273123064273
2931,0.004217707404187912,104.25813988444786
2932,0.0033002569985001173,107.51035959436452
2933,0.004140410111240655,277.914381489663
2934,0.002774805667222224,273.6732187192051
2935,0.0023543305306284804,76.76973662567825
2936,0.002414053198225444,349.4017134063221
2937,0.0019600008193406283,357.6531224616532
2938,0.002250236622045523,61.032988293535894
2939,0.0024626126466720396,30.09109489000648
2940,0.002284316548968763,350.0001686235958
2941,0.0018721115938667065,271.3593239154676
2942,0.00233828801038546,362.4895041028275
2943,0.002348369138832255,155.58161634627228
2944,0.0012756208040049057,46.811296951925364
2945,0.002403754289104805,360.6218231651631
2946,0.0016107437663520896,281.3563246610467
2947,0.0024350935948055288,103.07934234439001
2948,0.0015772195470034743,272.46476016868894
2949,0.0025894146100176453,61.671194826245255
2950,0.0026732396541971153,80.00236066918183
2951,0.002454194590689563,59.90626726298555
2952,0.0031700388806072894,78.35633054002454
2953,0.002702199745549814,153.35189110641562
2954,0.002269149998284665,146.8303513398676
2955,0.00289583687421887,106.8925091524442
2956,0.002567680358962124,50.52386566502788
2957,0.003241574916731698,273.78728868601
2958,0.002897288871440885,185.71778793664595
2959,0.0030273641140476835,189.07813262314855
2960,0.002988039997235627,61.146897272336936
2961,0.0042564478733618525,76.11210174700655
2962,0.0033880456097195146,64.2116750670889
2963,0.0034915612588269267,30.88056239681469
2964,0.0036816824248349944,105.29137115047564
2965,0.004064137691587808,187.75179113722467
2966,0.005162030186280174,63.318480828114076
2967,0.004724200495656004,79.07233853454302
2968,0.00295611311243004,31.187150690138896
2969,0.002346232456129533,144.63284350806018
2970,0.003423363443009573,107.90651129882008
2971,0.0038087277221101955,266.83974329010664
2972,0.0024857756450369956,276.18455006971914
2973,0.002841150940850224,157.53419928958763
2974,0.0023673695547079617,145.85656340214535
2975,0.0021842504595849573,267.70305293174704
2976,0.0016900229914178701,43.37714960185031
2977,0.0027165642175783307,31.26868350372323
2978,0.0031113115168212775,76.1690917660946
2979,0.0027024018917538493,189.40442703766016
2980,0.003322111863334134,66.67312112291594
2981,0.0025874024449970504,188.517009832789
2982,0.0035003025434473213,62.919701182501846
2983,0.0027867741376203133,185.02918943461103
2984,0.002728091389080489,268.19940027693355
2985,0.0027981456600961164,343.34843241902047
2986,0.002435291058799534,272.4678830141839
2987,0.0023948463248246806,64.50585007188513
2988,0.0032675140334096544,32.97472437851882
2989,0.0025513877524030197,267.4426545707507
2990,0.0018405724828253515,354.86621742491604
2991,0.0028754986779565995,63.270910108888366
2992,0.0021884644491262702,271.8473252239525
2993,0.0026432334813160222,272.8082750566264
2994,0.0027341978205540573,61.423238791998536
2995,0.002026410746359695,45.26652439100175
2996,0.0020589291385784262,266.5421360470096
2997,0.0029777871093108967,61.95024394330423
2998,0.003210291230061557,33.041613471089065
2999,0.002787817948440524,190.4644939406145
3000,0.0030176180847444234,45.5875188806448
3001,0.0026154528088564925,190.30076764741588
3002,0.002325867978377933,348.26509892965146
3003,0.003137596623621273,108.09525844599918
3004,0.002065094978936774,269.10683315731234
3005,0.00203756324680627,355.7144007705082
3006,0.0013362346262510982,108.87440058628647
3007,0.0026742419366451815,31.626008361069402
3008,0.0013473397162096377,150.2558089161953
3009,0.0018863759613259859,188.22792677866263
3010,0.0016754373680425451,187.70444824536028
3011,0.0022639710891323053,150.75067019954844
3012,0.002781570388269129,31.780637594594097
3013,0.004328025186995047,272.79274311695343
3014,0.0021248051702166455,364.7704652711628
3015,0.0028080577855714205,74.41686419881789
3016,0.00180491279427991,77.85963610290375
3017,0.00266419013909259,109.3859129008529
3018,0.0021940169438683876,361.84693704245666
3019,0.0024771894378637946,77.57269022067189
3020,0.001033815517075709,45.50632312502388
3021,0.0030121140611934594,145.82165756766824
3022,0.0024767323729059433,150.69942902581684
3023,0.003089993598853023,108.88900003796496
3024,0.002559101048025465,276.5021737075947
3025,0.003203827056249547,80.75706198395562
3026,0.002789181675081221,152.6913482831021
3027,0.0031834194147638208,32.96907638358901
3028,0.0047177729921741894,195.63875430354128
3029,0.0035079293077064327,275.65234764493823
3030,0.002763458841477355,62.627510734288656
3031,0.0031173841863849317,195.2263592044586
3032,0.002778460558589282,274.87048128079573
3033,0.0024979412047110025,142.93719469664052
3034,0.0025733697890343485,153.74586541532315
3035,0.003536517392393972,110.44907417059021
3036,0.0027864241318721642,48.04482761250557
3037,0.0032003199422465044,29.50565506541949
3038,0.002082020250103161,277.8211930054285
3039,0.0026590599993421794,110.3304297821713
3040,0.0016725690507386885,48.07914324807592
3041,0.0031042609234838226,277.0376180144708
3042,0.003108895282162723,31.047904152915144
3043,0.0026620473386017316,32.963796362329546
3044,0.002743451562529462,30.15016174216841
3045,0.0036330284772517745,61.86753936270619
3046,0.005234355516428699,192.1226536566529
3047,0.003274669024416578,186.08704454750793
3048,0.004529179347505183,79.32647389687047
3049,0.003578888271791724,108.43824988668423
3050,0.002404834446411662,348.9943515893747
3051,0.004562338784265963,102.78235255245825
3052,0.002850493707228452,62.705070639398954
3053,0.004512700022665928,32.28998895050357
3054,0.005833271186114369,33.563696965991234
3055,0.003000654936890036,76.23746403763197
3056,0.004421017423276642,279.56372090606294
3057,0.005002357611705189,49.59439270191961
3058,0.0059781510445044645,60.13630693599492
3059,0.004034889373439544,194.12479317732817
3060,0.0043914920067684516,47.262286174157516
3061,0.003955257260431295,30.355570261136698
3062,0.00414239272428657,147.86229011529517
3063,0.0038480488367965268,109.78846993805875
3064,0.003496835433644574,191.92025260196633
3065,0.004205058333986849,60.25767409989137
3066,0.005022840130157026,74.86291252473329
3067,0.004619011697379115,63.16527513606683
3068,0.004057987051733801,64.40718901246242
3069,0.004424468046882964,63.93554903772651
3070,0.004872123824249932,48.31806082234221
3071,0.005739632862969302,31.476580367306656
3072,0.003706347185667705,185.3813281161144
3073,0.0030399620432112664,64.3173352812095
3074,0.00428077140969759,61.71416024571481
3075,0.003949039961424142,33.70933940211225
3076,0.0035892240657096194,355.7622852542056
3077,0.0021284349817063696,79.39114473792792
3078,0.0027588024185740898,194.05311890767274
3079,0.0026363911521142514,112.8796578115082
3080,0.0030664136707023084,60.697367471717115
3081,0.0028589115676892355,57.17274134209573
3082,0.0033698560421526733,355.02829725231834
3083,0.0029322480995944435,279.49535846670807
3084,0.0023720316357679454,196.45247171602628
3085,0.0027612613729121565,145.63367206291863
3086,0.003333656886721748,67.1506738899054
3087,0.002514260717080762,188.20869840911507
3088,0.0022804177892381135,47.291987396961105
3089,0.0031285501434779005,358.93770328317305
3090,0.002672768349179612,273.5274266848636
3091,0.0032105587023410005,64.39589995984177
3092,0.002638135787072735,106.64885233067012
3093,0.0025279053608250114,356.7766893179081
3094,0.0017491093146328612,274.82739386451925
3095,0.0024066673744918745,152.20430522140256
3096,0.002158472962093452,191.727851002391
3097,0.0018885986656781684,108.32608598764467
3098,0.0017523898404396214,359.13459136891896
3099,0.001184467916124997,276.10980081111285
3100,0.0018881788579873068,151.18404595979854
3101,0.002179880506249705,79.71783879575972
3102,0.0015008724364055195,48.8402838653378
3103,0.0016552972567569183,362.9669857152118
3104,0.0026131202973173023,151.58079717087278
3105,0.0037171983671710636,48.75619827694012
3106,0.002134266540058495,75.88264412009447
3107,0.0022614077725594734,195.62082235347523
3108,0.0027578958017968674,76.83015235843881
3109,0.0044967686241354134,33.253158317500215
3110,0.0034300188557064813,195.8484365579835
3111,0.003542118942102836,110.16531876138968
3112,0.004633509143002749,33.70103272127014
3113,0.005854506745820869,108.71648639812464
3114,0.002612415838401913,47.16695242992575
3115,0.006553946143208906,32.589790758606135
3116,0.003973572588120719,274.01552506485143
3117,0.004917750456686116,60.641426444790554
3118,0.0031732728838831724,360.36405154107655
3119,0.0035808999394388924,156.2068724201634
3120,0.002425949487906578,194.53347514069415
3121,0.0029187009419832433,188.53685143036952
3122,0.0028469096667742212,105.79790117576663
3123,0.0021390481638613543,107.26507022332336
3124,0.003230233519020289,76.3442586518435
3125,0.0027789800322390182,192.52408870049928
3126,0.0016276230764840595,110.04381595715361
3127,0.0018308032455733756,64.82623805219401
3128,0.0025382494948733977,265.67768176174854
3129,0.004189459108749508,80.0688604405569
3130,0.0031188400336415382,76.21825905959443
3131,0.0026911740294324133,80.32740043337935
3132,0.0035114630778922662,77.76731404894036
3133,0.0034824372225837298,107.86382173308172
3134,0.003319201132029066,64.97895212731585
3135,0.0045591471773789366,77.52708787965847
3136,0.0027628376378183955,359.45071732321264
3137,0.001642933762013854,108.87948530105257
3138,0.001371617632354504,50.75699831078557
3139,0.0026845365766250224,77.6423946621559
3140,0.0016273638922725427,358.94355684640027
3141,0.001961801985728655,75.48926833745134
3142,0.0025703800425178305,32.94031255283626
3143,0.0023781265699653886,109.86340591863103
3144,0.0032300794042715675,49.18883931283278
3145,0.002627432568153702,357.79407145075294
3146,0.004015993060200908,31.54536584755136
3147,0.0024241981897740886,277.92150527883456
3148,0.0028282195540556393,188.92062809541153
3149,0.0019206133105219866,271.44120596469804
3150,0.0018116860970251965,66.72973131601734
3151,0.0020937887248935663,273.59426964282915
3152,0.0012781240681294082,75.51717850980181
3153,0.0019955183918836166,268.3038169393711
3154,0.002098612147421481,155.58288556920868
3155,0.002855325441863709,31.266895491101224
3156,0.0031795556379504417,153.24125565274358
3157,0.0021204191563742947,355.0502951138722
3158,0.0019793145959700036,268.82259170067726
3159,0.001689208117943391,191.69188256433415
3160,0.0025440311083752697,192.0940990347316
3161,0.0025611607968356403,150.98630121551153
3162,0.0015856846903358885,362.1074392856306
3163,0.0016280636981891065,77.02942491465997
3164,0.0011696182729541886,29.43573141422094
3165,0.001652870020069923,111.72513439281528
3166,0.001672072672318819,195.19669316147028
3167,0.0020460271529824828,147.7006422044223
3168,0.0015381106104295876,78.29352043754693
3169,0.0019377235143440354,148.9424876089612
3170,0.0012379242964645808,110.02906723779921
3171,0.0023402826587573208,33.82233015638146
3172,0.0023312025531614035,194.53352678203308
3173,0.003150016071609668,147.30475152385296
3174,0.0027906514034673983,48.494882040196586
3175,0.0018335638851567637,65.20889173072486
3176,0.0031613659368583914,111.8044761371662
3177,0.0039306519827585215,79.15649675609552
3178,0.00326117286476315,365.82626274985734
3179,0.0024251312826471315,111.01875634721168
3180,0.0026776687086952486,65.11718883147832
3181,0.0036331028021703714,81.20257757984845
3182,0.0023797144617797254,78.36279370792768
3183,0.004632436734912492,80.0153790384972
3184,0.0026078719539944224,148.98538933510213
3185,0.0016091230285052336,46.787290928794064
3186,0.0030220679332113335,189.96652246887484
3187,0.0033998433293824996,47.859222850433106
3188,0.0023800215005618146,356.18576969212654
3189,0.0030582868561835094,32.50706465443528
3190,0.002969540354942543,154.24171330388543
3191,0.003800462012608281,80.97841689059216
3192,0.0029291885029296455,81.49162684826359
3193,0.0031927772508314953,152.89243981060469
3194,0.001994607372064304,78.03203388473956
3195,0.003707592902348831,110.17589753528114
3196,0.002628630920172293,358.8389002173275
3197,0.0030890758219823977,76.6096156786256
3198,0.0036630205293083752,80.02867301801898
3199,0.003262577645039749,76.21775589695288
3200,0.004230312978741251,189.2563441794729
3201,0.003287839465304966,50.05074632642337
3202,0.003004878864257333,196.12035280749245
3203,0.0022928958221934853,361.0892314366916
3204,0.0017486764796500055,354.2028057184568
3205,0.0013452153308952058,46.87586836985611
3206,0.00231139082504758,67.05944082634849
3207,0.0019777577072731425,273.10198707423467
3208,0.0038934794546379233,65.40473228567346
3209,0.0017282116237318425,343.65913178294204
3210,0.0014039845541172313,148.29989356422033
3211,0.003157644633229838,33.366463003141014
3212,0.0026552143615913215,359.15205106765353
3213,0.002553123267338281,154.86063840920994
3214,0.002026192590303747,60.95149219457239
3215,0.00237720827118954,50.50332922110548
3216,0.0026193189345295903,156.91922966019692
3217,0.0022961793810679066,273.1338687059004
3218,0.0020623140112547844,105.8165116383112
3219,0.0024853774727597415,62.121511934539534
3220,0.002518054589280527,190.1702323689261
3221,0.0031142920223338967,111.3651894989867
3222,0.002086677090856766,80.2549118986384
3223,0.002173039522269494,272.7120921582892
3224,0.0027625279267497185,32.93137721570358
3225,0.0024851983381899948,66.42731422799923
3226,0.0025812296947221444,106.82536066609634
3227,0.0026241916525999768,195.02449621035822
3228,0.0023186911466898086,152.0217729316114
3229,0.0019597651431252153,66.14463080128647
3230,0.002768119178269735,196.5324799076889
3231,0.0028934000863154,65.79782536117963
3232,0.0023794465897512495,31.077696400179175
3233,0.0027662488120806534,277.0697089642655
3234,0.0032109885667279702,194.48697266614542
3235,0.0018856050647399264,358.02107312508593
3236,0.002774416636199741,361.0916471076825
3237,0.0019871143680791,61.12434265313504
3238,0.001717237210805689,355.86908063002653
3239,0.0011481842395613094,194.77822637285527
3240,0.0019149902213986521,194.32409010116666
3241,0.0014769923996449431,192.5086580182479
3242,0.002123867244755764,105.8598224962537
3243,0.003907687356269011,33.21885583396061
3244,0.0023436141261547823,48.49060092920831
3245,0.002463052442743498,191.93871027641066
3246,0.0023152206148780658,359.1296019533196
3247,0.0021978609777338724,281.00675703726097
3248,0.0032296215983384675,33.400080345875246
3249,0.0015323354636589321,357.41641933797257
3250,0.0016032062629476283,352.70805535300303
3251,0.001502048387141558,186.1760319818534
3252,0.0029318211119805874,46.27306561647036
3253,0.003678891064141524,32.55793693114152
3254,0.005184654651680306,62.17251060478444
3255,0.0031594212825776717,191.84233291534736
3256,0.0044488114441754495,106.76585288870696
3257,0.00456562217105188,30.93332633024178
3258,0.0028049877974180414,195.04661566124037
3259,0.00438920550151614,110.92719262202607
3260,0.002730170465960148,281.79121788945014
3261,0.0030465546893050414,191.67313085189602
3262,0.0035991362077626176,110.74818239876447
3263,0.0027191134997267977,111.42418449167245
3264,0.004168652181318533,80.48583374103849
3265,0.005457188791379766,48.40056761927913
3266,0.004719946264892563,43.441115239522354
3267,0.0037811688784256995,31.781782281480545
3268,0.0038832300201038284,187.1943044763513
3269,0.0029135948437984693,109.43555103254974
3270,0.002253658770197633,362.905464874769
3271,0.0024998471631079155,103.94387030443124
3272,0.0026641918155061355,275.88808041619666
3273,0.001515719233294207,276.84480492146747
3274,0.0014512567311340293,361.74094165708414
3275,0.0012343363839989383,188.94124096104832
3276,0.0016019148013339836,193.623351247823
3277,0.0015092517737075374,192.65825972056692
3278,0.0025231327038809314,60.99302974320987
3279,0.0019812960431793303,284.79756922465504
3280,0.0014750904970947342,357.6769120314256
3281,0.001134781502290499,273.47078514239644
3282,0.0012006908464999551,49.31371407537033
3283,0.0014607524115558468,355.7050638820709
3284,0.002111559777692771,105.39162629665634
3285,0.0020674171929245012,270.91112244746756
3286,0.001384801129950994,110.2969215064877
3287,0.006478152575035547,31.610888725501976
3288,0.002492886307213807,192.9196356648636
3289,0.0019705904805619565,357.1675790105875
3290,0.002188257426820139,61.490309792618596
3291,0.0021190683464786596,353.0260339250418
3292,0.001638369410877306,282.95116238055635
3293,0.0019332851146735544,63.9791080863944
3294,0.0014370234821527307,279.32379488109154
3295,0.002331364228122822,193.1788879442844
3296,0.001325799406091625,355.846871313711
3297,0.001349457032632363,271.5563530374436
3298,0.0018190168459298903,62.210922129852904
3299,0.0021191464702825053,191.5394242105964
3300,0.0014114380710644825,277.54207913135866
3301,0.0014995662747069372,62.032034542701716
3302,0.0013696991636996069,357.5393973801235
3303,0.002673179939126291,30.84354640939905
3304,0.002824833950895838,186.4006729269903
3305,0.0024241804530756392,360.5600407423551
3306,0.002107674732591526,81.8550657059271
3307,0.0023738985475117557,357.8867858368234
3308,0.0020029093858942486,31.832902780874033
3309,0.004096731147886178,78.99907753779112
3310,0.003385707073903177,30.08538358691349
3311,0.003855435824015011,79.62045453053804
3312,0.0027108605137140173,149.39560369267346
3313,0.0027137973228424173,152.8274015727699
3314,0.0029368666903276273,75.39638211072895
3315,0.002571792696125811,279.8047439191566
3316,0.0019162935547613485,109.39155307145035
3317,0.002826942737085809,31.95562870174897
3318,0.0030860003639260206,63.896502152456954
3319,0.0034480694286697527,150.2427760765453
3320,0.004061436183505884,154.80894081055885
3321,0.004386221997430601,48.99095154783265
3322,0.0038659099579838358,150.42484989311205
3323,0.0029027804128837977,103.8341500666428
3324,0.0030592267279504226,101.0550476021133
3325,0.003753472113037953,46.57015232447407
3326,0.002665688303971586,78.79981065456849
3327,0.004133880528455156,281.48196401670367
3328,0.0036809657974047763,109.07119866165588
3329,0.0032273363182097315,108.92197195800473
3330,0.0030458872566607354,61.28368572547962
3331,0.003288610427318286,188.7589503514346
3332,0.002933072629066422,358.4404008834609
3333,0.002324808130558183,192.6047624391489
3334,0.0028247906001753415,359.37154976030536
3335,0.0018412972657569225,79.88041757173553
3336,0.0023952527391814396,103.68367608091599
3337,0.002470044476498112,153.72978222395398
3338,0.0020967501950858256,109.68629371176529
3339,0.003642396754995306,48.89016460439036
3340,0.0018510740443992064,146.0583307777265
3341,0.002579203707964866,31.213158870579978
3342,0.003423540663254581,192.12854018095192
3343,0.002801669044275354,190.7827972974812
3344,0.0021211638114606505,62.83754889142344
3345,0.0038370607620336005,59.536576412837974
3346,0.0038608808114216886,109.11974370989611
3347,0.003112068245698051,271.9251565449588
3348,0.0021518783539032087,276.68708080846955
3349,0.0021427686074056837,360.5291433323377
3350,0.001589059508125839,191.79459653283232
3351,0.0022509083254950357,149.3529934989472
3352,0.002145289422908202,74.94870471990252
3353,0.0037635243466783404,47.903367956249156
3354,0.0032647950995281353,66.03751988226053
3355,0.0022358397410275287,31.591713855494916
3356,0.0038607569154480406,30.069806298775557
3357,0.0034037172101237115,107.08947998249077
3358,0.003840206185887544,65.44820497735242
3359,0.0037915092459875313,193.1876577882578
3360,0.0034261657434104266,76.48408558172136
3361,0.003367431743888711,150.2079891477903
3362,0.003986409634186484,361.6112024711556
3363,0.003576876497662824,192.74641250253387
3364,0.003957623427350672,107.2076601942126
3365,0.002875805732513719,187.09298641513936
3366,0.002716569512512264,269.13797182647465
3367,0.0027794018026095447,106.5262043919775
3368,0.0026479844224041632,190.12202827611557
3369,0.002362330202829724,150.67359585249795
3370,0.002498197140208134,61.928886900381386
3371,0.005400197445024704,46.75757569343938
3372,0.0036480456847001875,270.43955679627084
3373,0.0035352786164597567,277.9771435093795
3374,0.00318825794300025,64.49855480389316
3375,0.0023043217206577538,48.9128753251868
3376,0.003939676815282359,192.75473627547746
3377,0.003408066439739989,46.15204317390756
3378,0.002588524160063781,108.96121750619797
3379,0.0028170518330261013,360.54500352501606
3380,0.002725697305392644,110.28233516233834
3381,0.002436865055325149,155.015537624283
3382,0.0015165825928773768,79.28018257679669
3383,0.0022296589902420956,278.5679590480777
3384,0.0019323784587338298,362.62766489257564
3385,0.0022442515870907454,63.5348199867089
3386,0.0015222640688935987,367.01846472685156
3387,0.0012720481483318674,45.60037411384967
3388,0.001674127504871572,282.0291539161161
3389,0.0019065006435505971,152.49772372563098
3390,0.0030482357659903673,44.17315738784485
3391,0.0028644871570828274,31.608751350941066
3392,0.0018553921282855486,193.956176963555
3393,0.0015067475878963376,196.59976972481405
3394,0.00200361782344466,150.76944028767437
3395,0.0028348923145515817,152.29670491072136
3396,0.0022108879283887044,76.89325193629432
3397,0.002828787902808003,197.7458345563469
3398,0.0024339341807367767,109.79994999912401
3399,0.0034683708581724204,46.237143483736084
3400,0.0019269683680249727,45.7896357340794
3401,0.005228175224178342,31.506748545727984
3402,0.0036887837342454498,108.51412057249355
3403,0.0023275062603870075,65.96629089216894
3404,0.0034090899260200815,31.939665746069963
3405,0.0037278859255606865,353.5427813623055
3406,0.003987085766680507,75.61487381118556
3407,0.003702863326715244,278.56322469428585
3408,0.0044933480681281475,32.18219279123543
3409,0.0034448929836798925,32.35643338327046
3410,0.004286895875828542,106.67723538598295
3411,0.0038630652272117648,364.568003657722
3412,0.003509749957960263,47.002962178885966
3413,0.002486090430400359,190.90309597932438
3414,0.003763821498290093,79.21638181252584
3415,0.003152522240881027,148.33662284492237
3416,0.00397234110539397,279.98807336881066
3417,0.003301857339183826,275.83310103116816
3418,0.0036354434900419882,64.9380063113066
3419,0.003501667004494481,195.50843352406048
3420,0.0032952309895170565,48.847719306196325
3421,0.0033127935813144385,109.08980641026221
3422,0.004408909861953801,30.50826556399103
3423,0.004100140584592611,32.36811286915469
3424,0.005383473854959386,66.94208779210963
3425,0.002782083124243813,50.26225348182368
3426,0.004485765128521852,152.64708337205803
3427,0.005657511527995387,112.24731610304025
3428,0.003326846415895211,63.22925763377236
3429,0.004015739118163048,285.7436073826363
3430,0.0033016350371326553,106.30209385841144
3431,0.003106815104014371,363.83387793540226
3432,0.0023237863712119843,360.9076213516824
3433,0.0014713122151002148,277.6520007278237
3434,0.0011079946812473777,46.352940098788075
3435,0.001858879387459028,195.66530770643223
3436,0.001574791002192135,48.18933195912065
3437,0.0019336335957168497,149.76064147092976
3438,0.0034227047397851836,77.88778416553247
3439,0.0020071006012865556,102.16816091255723
3440,0.00469320080829074,65.33226729273585
3441,0.0032131820882947163,154.9908377270906
3442,0.0026039428745158097,77.36235517528094
3443,0.002229802608102761,65.21859842930328
3444,0.004187065507721854,154.63617885604106
3445,0.0025600169531749886,193.62337415517783
3446,0.0028318106673696,200.5418487405744
3447,0.003170169318321781,79.04496484294853
3448,0.003709087963609302,80.16386440250339
3449,0.0030784676497186757,194.89258797793363
3450,0.003279380492428502,112.38223749549732
3451,0.003341947003608943,145.92049616200555
3452,0.0028258796820887643,64.29440969867746
3453,0.0025725443810805833,363.78072752923805
3454,0.0023213412672910805,151.9651966003523
3455,0.002032453794433338,197.0633897987266
3456,0.0024784295533162052,194.58953573352053
3457,0.002154863173927879,47.332288550526464
3458,0.0022020071871968238,111.76009330908416
3459,0.0017670405577518977,30.11950877545482
3460,0.0033733334446599027,107.55237965656687
3461,0.001969794493324513,276.03527151406433
3462,0.004888620271732838,30.914540790341913
3463,0.003332308010342515,77.86313889897302
3464,0.0028492542188731434,272.00258828193813
3465,0.0022194711521454314,81.65394190058183
3466,0.0031404754482268096,279.6374080386555
3467,0.003746728863546396,59.56518234100904
3468,0.0045455657555380485,30.567227915184578
3469,0.0034029784155616373,106.97058191664577
3470,0.00317001736932429,275.81366411649225
3471,0.002516923919461693,79.0957937347497
3472,0.0045383206497404145,31.859288792009547
3473,0.003301267486283005,193.59568473141266
3474,0.0036340906836149107,77.45612758110663
3475,0.0031673958257700994,61.553800907730874
3476,0.0036045948309135338,367.03539492984083
3477,0.00252314099742688,79.01349871528839
3478,0.004888271837223107,75.02930256034217
3479,0.005172327781606741,47.04234537772413
3480,0.003831294913774419,199.4161281311467
3481,0.0028573409025877974,62.05586635058339
3482,0.003148726902755867,61.96830142318175
3483,0.0045716242910546845,75.48464813780122
3484,0.003449756517844614,275.05859594928734
3485,0.0023690566283469457,360.3809420812513
3486,0.0026048854711770153,151.9894912015114
3487,0.001631081328685439,362.95966504735014
3488,0.0017367105882981314,280.50096607138937
3489,0.0013511392249151517,110.92814037243106
3490,0.0019248539604657861,272.40427148298215
3491,0.0014379160148092782,362.4325909838775
3492,0.0013624472804026325,32.21923760106985
3493,0.0022472109820326396,78.7580338449516
3494,0.0022666762298616627,47.50997126021564
3495,0.0021306675121665866,32.92003998200221
3496,0.0032578232312762585,81.12958173044194
3497,0.0017983069746233841,46.315914140582294
3498,0.0015525041385915067,32.90246848676518
3499,0.002937003885301114,63.2369428818468
3500,0.0036747619084691024,188.13586456067648
3501,0.0027957275372252548,46.37036444465189
3502,0.004933334019585608,61.93671993548812
3503,0.004425257808919523,62.73062508710825
3504,0.003896768433408781,364.4691423213824
3505,0.004135206329256353,79.74864938671264
3506,0.0035136389392251078,191.46754925540287
3507,0.0035230462537768643,65.81633934779023
3508,0.003449533479655131,358.13949392989406
3509,0.0025824654508001333,192.24068528321826
3510,0.0025839553418828057,79.70853337264116
3511,0.002049850897458388,368.0862054481789
3512,0.0015637592241060012,357.8954146601199
3513,0.0015302856379965076,278.9181520057465
3514,0.0014406570979441187,32.130716027503816
3515,0.001842032996457522,280.49527854803534
3516,0.0014643373826309831,365.9011817444698
3517,0.0020481315425863265,109.6401204156204
3518,0.0020736058747004046,148.81827097364942
3519,0.0016304246118650067,281.82568070233464
3520,0.0017797071473959823,192.82675467181497
3521,0.0016134984543404662,79.12142612842082
3522,0.0020187456278134203,276.2101359588674
3523,0.0013843227928818887,363.7090156796069
3524,0.001762202103212051,83.28469225632595
3525,0.0018906047807831783,155.91626507891664
3526,0.0020803880285490558,76.9905860377594
3527,0.0028930047578639992,33.99987987739206
3528,0.002881430411154065,154.73218644993452
3529,0.003160028022016454,62.36805032345303
3530,0.002707060324365347,109.56160138922318
3531,0.002958377870733606,197.21980915424052
3532,0.0020676947452182718,367.6981113499575
3533,0.0025415958635466476,107.46377776391721
3534,0.0023613974153768526,282.3438848315606
3535,0.002673593351666291,66.5006392939102
3536,0.002291286657546644,76.1582589220869
3537,0.002926601480892812,79.54910681959436
3538,0.0025329841094141807,51.22673678338084
3539,0.003029542569179441,31.529618716800396
3540,0.0034672673586150318,82.23890648487068
3541,0.003725130481921651,193.7007935047982
3542,0.0036165932036634663,47.32052168087123
3543,0.0019240128652708629,60.91887137723245
3544,0.0028548055136595326,110.74527882398188
3545,0.0031488572009226935,30.815370100623234
3546,0.002932454095781185,111.76554166109726
3547,0.0033988573395618005,358.0420648284803
3548,0.004711783223187508,47.34218800954132
3549,0.0035700056062297953,154.02675160378618
3550,0.002870764290504142,152.46179078602918
3551,0.0033832603974657946,108.46532859298047
3552,0.0036272170473239385,33.07439027536452
3553,0.003007849194097655,272.7185694336521
3554,0.004089786314705571,31.72243374399887
3555,0.003419683072506997,149.094513771851
3556,0.0022805575767128636,273.29676661772163
3557,0.002121253415796984,360.8579132725264
3558,0.0018913117288243933,276.1110204373783
3559,0.0024620613672300964,77.55292692260664
3560,0.0022755193742491383,197.66866740513476
3561,0.0015721415395738647,284.2125569962909
3562,0.002011691491071392,33.8909115626766
3563,0.0019944985256188374,111.12921000696491
3564,0.002058567929662576,111.52832247498002
3565,0.0017943784459226073,280.0332927681208
3566,0.0027869909872292892,31.356596423041406
3567,0.002336025406729162,273.99691490797335
3568,0.002867168522947984,273.5478916504884
3569,0.001707664745603343,190.649866235081
3570,0.0022974006834291768,47.52096113201387
3571,0.0019387019454588368,277.83256827308844
3572,0.0020034491299521567,367.75409616508347
3573,0.0029978917580843574,32.73447344718908
3574,0.0024148646633958297,45.80701248940495
3575,0.0019913426167413105,283.9624086610445
3576,0.0023870748724940717,362.02428384379607
3577,0.001330754333387383,48.99000418438645
3578,0.0016165454069700389,363.6451772646457
3579,0.0020521965049328443,277.44048297909313
3580,0.002650247483086724,30.305367706741286
3581,0.002055319278065006,278.71692967902845
3582,0.002283959302756032,193.40894968597533
3583,0.0026695732610548745,73.264052570708
3584,0.003108065037926959,64.88751073188091
3585,0.0033713238362080037,48.9140402110273
3586,0.005494761555598678,65.9263063441846
3587,0.003862225007651432,45.569551530468914
3588,0.00419930583418066,107.42975656959057
3589,0.0036327296771963076,155.56035108379476
3590,0.005666699183197564,32.33169214008898
3591,0.003449966202696459,194.68228150277474
3592,0.0025951865262853107,63.68241530495804
3593,0.003392014656466139,199.593044805445
3594,0.004043730953254481,197.2048146891994
3595,0.0035034655861986373,109.96714476035423
3596,0.0031981755502352304,65.46615140287136
3597,0.0033607283230254023,366.49494443986924
3598,0.0018653771865847631,278.2561194128945
3599,0.0018833531672282982,60.912380060623846
3600,0.002392771567560276,194.1549353878061
3601,0.001956481540673849,363.4347191526551
3602,0.0013787960156727242,276.58759081219637
3603,0.0011578109535650856,360.59850331348997
3604,0.0016572234049321692,45.23208543922977
3605,0.0016370802057714114,362.77013459105285
3606,0.0014896892819190209,78.05536368804344
3607,0.0021716897259014653,154.84803194413269
3608,0.0022827850506556306,49.27516458982839
3609,0.0021003145224371264,359.89684559909153
3610,0.0016599691081553604,359.9648069753022
3611,0.0027470017753483066,149.21111534310646
3612,0.0025187627417073573,283.1904998680175
3613,0.002088277890613205,77.45673704435424
3614,0.0032737303757843423,80.71604805789444
3615,0.0029567549477528352,105.38896213268218
3616,0.0015370253336029769,31.448292555654866
3617,0.0026812026187060124,187.59490207501375
3618,0.002606227201302087,284.02177019511953
3619,0.0022353647982772847,77.26907633811685
3620,0.002471311078855684,365.3641498339726
3621,0.0024779216299231684,50.0895637767072
3622,0.0037277241029956853,109.45982697380899
3623,0.0038549674984434327,191.53791484237874
3624,0.001995822892269721,367.19423447999293
3625,0.0020671294112002163,278.76589194115587
3626,0.0018818422609611029,202.14016373283107
3627,0.002387231981817328,30.188457978389494
3628,0.0019409130271674105,152.24280820489903
3629,0.003740889830906185,33.656940630742646
3630,0.003849873191479533,200.06195467308194
3631,0.0018600025261450257,78.0584076283993
3632,0.004921516366192844,79.4946856467529
3633,0.0025485093975035366,193.6709434463267
3634,0.00345323942407818,149.8713125742134
3635,0.003061080573252427,362.5340925050999
3636,0.003043526345359122,192.82863229502885
3637,0.0024913530639649544,150.16245698678495
3638,0.003801752483337561,61.81241349068304
3639,0.0032763866460934865,153.58789931504458
3640,0.0034126506051073637,153.40700110219873
3641,0.0026829610376778797,365.90403484183827
3642,0.0018502194776705107,45.96400958197177
3643,0.003572021767565623,155.364080172799
3644,0.002349212300973234,31.36665569372607
3645,0.003019416187937732,360.451802592743
3646,0.002158039718394611,192.0588060191495
3647,0.0014131342552239155,51.53818398366033
3648,0.0017404003659486568,110.67398679523944
3649,0.003395460029547024,63.71902792005822
3650,0.003683624623578523,150.97003496155736
3651,0.0030455461991819696,282.0592551724801
3652,0.004245080642665587,63.52362381542028
3653,0.0032697938892186,277.5963708375806
3654,0.003124070182070916,187.47198239608642
3655,0.003792392514452121,112.19608680352565
3656,0.0031355813729176812,196.54923596814487
3657,0.00233756610951023,369.8846254396909
3658,0.0021421516842540745,81.80835164945015
3659,0.0018193880145002462,31.092803521699448
3660,0.0025693027027861633,195.8483069356215
3661,0.0026958467911829278,194.4251428666272
3662,0.002025804240110056,367.98716570405014
3663,0.0015118821481888184,286.3360361615682
3664,0.001253795135694831,45.73397457154569
3665,0.002113355145380813,157.35732708279545
3666,0.0009763940164372219,45.52078353816463
3667,0.0016696697406632026,284.524335050658
3668,0.00173212800594856,369.64162717696814
3669,0.002197245478500604,34.071726143590006
3670,0.0027914980767936807,156.87152312788754
3671,0.0020627038796905057,75.33837611506682
3672,0.004848434394778058,82.02702888109577
3673,0.005740635602580432,32.13036474241582
3674,0.0021484023477744184,110.38899668404063
3675,0.004295360619485459,112.30960009679315
3676,0.0022916389275572956,363.1333816503418
3677,0.0022929274709895253,65.59039506607819
3678,0.003047998124620298,79.49860370952656
3679,0.003825912780552085,151.55335951851592
3680,0.003478637881016766,196.61031307513267
3681,0.003843107103467943,200.1945277215083
3682,0.0019256159353846732,31.36846214395457
3683,0.004037772627208173,33.61866474073596
3684,0.005451821145470603,48.23040264914928
3685,0.003154168270906615,275.5397269517692
3686,0.0015262861833089745,30.79580019243326
3687,0.002830552170082306,367.84004511140205
3688,0.003104874270787617,77.01593147256128
3689,0.0052390056752286045,64.03752111135748
3690,0.002954748938184191,109.46152720073277
3691,0.0031686675973125046,366.9559024095897
3692,0.0022673239531039884,63.425255176439215
3693,0.002420956180731853,65.4517178676223
3694,0.003499840504363502,47.16533291928407
3695,0.0032697072391899853,151.15121145244575
3696,0.0014748995391445615,47.95759013430882
3697,0.003510876048417462,59.84318301156183
3698,0.004874451700443481,189.45786934189888
3699,0.004631550168126724,154.50244712542053
3700,0.0033889558965609196,365.1422436042818
3701,0.003970780486565058,79.3141387971882
3702,0.003422949711895059,283.0216598520099
3703,0.0033666094350149993,194.02631146325243
3704,0.0020253103914224984,365.2147244587386
3705,0.0014336913228069504,63.679751124844465
3706,0.0023837081498553603,105.82021458565077
3707,0.0019873793670385225,366.01571071797775
3708,0.0034391634350289346,45.310356892052084
3709,0.003932368964812887,32.12380583646919
3710,0.0017827851998985212,110.17776655977792
3711,0.0028745501365360533,283.3391923711745
3712,0.0026787611453091935,156.33224087248902
3713,0.0017684365237324402,32.23613212618097
3714,0.0020980768277277587,76.6775876561471
3715,0.002166226454252095,108.80397769166308
3716,0.0032992137257329326,112.35161246234794
3717,0.0033358522556864983,191.93584496076969
3718,0.003394484353948963,363.0932626160051
3719,0.0029674354478960263,50.152851485007936
3720,0.0038242156758563147,45.82639803281169
3721,0.002216068310438211,372.1369752700557
3722,0.0034436872849894556,76.8841139126188
3723,0.002901913195340808,153.7572321482413
3724,0.0031406061874889894,147.48368530804177
3725,0.0029703048165339915,46.81660147637297
3726,0.0033668757388180736,150.03252309551885
3727,0.0031441996917349565,362.70327815928243
3728,0.0021910595974124177,195.62094618083586
3729,0.0021147483524555995,277.04933760053757
3730,0.0025824789618479668,284.1943848550501
3731,0.0024583833462044754,113.08548805156046
3732,0.0019602482149080574,193.9090639330104
3733,0.0028510363594647626,288.2006381125152
3734,0.00231048910622515,197.28503863892797
3735,0.002097762143988949,151.07134318220088
3736,0.0013621866138792702,154.98518380635036
3737,0.001491567840087649,32.22349028121626
3738,0.002081090334286273,47.87014797946319
3739,0.002914650114193633,47.04750056442775
3740,0.0027218116052531963,282.5518575480467
3741,0.002002789189302004,77.24902005724097
3742,0.0031675968853282243,64.22870739868223
3743,0.003528228998440117,33.9920429305912
3744,0.003593783267964886,364.4961252578211
3745,0.002221209312875334,108.92137030600537
3746,0.004291687877243415,201.9941662857958
3747,0.002731051287343222,80.89462060998942
3748,0.002744298471684213,152.07107252126457
3749,0.003851299169479351,198.37004484577338
3750,0.002786489719489222,361.75947864910313
3751,0.002466651000850717,152.13054608431636
3752,0.003155337803591619,65.06429368405364
3753,0.004554380190628845,45.65346216368473
3754,0.003773358992036063,151.92638634788395
3755,0.0021687594572944225,364.02278657894465
3756,0.0017015788459527382,80.26690393756348
3757,0.0028159899546573376,108.71434678010844
3758,0.002527390773733574,108.56173088196486
3759,0.0022027729184657878,367.12593858132067
3760,0.002745266077244406,105.65884410124369
3761,0.004322367507268347,61.73719749280792
3762,0.002585662940694253,279.2757960000069
3763,0.0025730268621949838,278.6126114419594
3764,0.0022002658831813795,81.9094445369193
3765,0.002029022125999949,32.19538369628923
3766,0.004465620121415916,47.2789043680424
3767,0.004623378209216003,194.10894302006778
3768,0.0028855350441603115,153.7815726199698
3769,0.0036708330354308935,152.89424776778242
3770,0.0029318059733440044,362.88093328440755
3771,0.0037038416923334465,81.60213872713553
3772,0.0030379124471406707,68.57861813765597
3773,0.0028292553446346933,284.203167169335
3774,0.0034439900631821666,31.26918682530157
3775,0.0025249742909429847,48.7281735404108
3776,0.004647969766295519,61.34907570486867
3777,0.003614589725309497,157.4924666944581
3778,0.0036682520780625953,197.26242722179342
3779,0.002774277504156386,364.861682690391
3780,0.0028725814931226845,280.18774582213433
3781,0.003270172423381342,200.02174535540075
3782,0.00218657978289497,370.85180933681977
3783,0.0019295575546671787,197.1077934396877
3784,0.0017184408418829248,362.5902150415295
3785,0.0017976577607347782,30.779717737172945
3786,0.002175066945719945,197.92471665830976
3787,0.002392300484889593,77.79223104144609
3788,0.0021090607663655507,63.72585300691163
3789,0.002358001338781959,362.85453417486025
3790,0.00238072720996521,157.4529564163867
3791,0.0030817180809558174,107.42832065782186
3792,0.0029023368830616934,193.06122101166525
3793,0.0027729804051804504,50.166614564057376
3794,0.004537817885308977,66.08377558872142
3795,0.0030089619227177357,279.62365425279137
3796,0.0029323370497070116,370.1352377144297
3797,0.002454811836549797,197.47229828171507
3798,0.003187532448712525,48.7694558228609
3799,0.0038870975598468715,80.20694698781146
3800,0.003504502903707673,154.06807196105623
3801,0.0038362426864521986,152.9731432736395
3802,0.0038521388335291044,47.83753198868964
3803,0.0022386915212813676,363.91717736004114
3804,0.0024688713560352426,369.7348276034612
3805,0.002315944555950158,32.60102633715819
3806,0.0022557979275500085,63.27900449157278
3807,0.0033476398035027586,151.2232866132504
3808,0.004664208222245427,48.79519195898189
3809,0.003086827992595151,283.46590321886157
3810,0.002885968927994081,78.89836735489236
3811,0.0026754236006200772,77.56572185653695
3812,0.0029212110667020583,160.32401451815295
3813,0.004446366244996296,32.59002184218055
3814,0.002424934969870405,154.6232802155547
3815,0.001557150212177256,32.59030103366091
3816,0.0043527729681893295,67.29537268118139
3817,0.004112594163181955,196.41262094888162
3818,0.0028124530685614694,61.520024561053646
3819,0.0038306386886688415,82.75630375357787
3820,0.0033095521795010277,200.5899802732691
3821,0.004722062285361824,78.28701327936298
3822,0.005329462221352052,64.98662617781594
3823,0.004436006481997678,108.55370530695477
3824,0.005920510260108069,63.664830951742466
3825,0.004748988484335342,191.4411854603176
3826,0.0029801498417559046,64.36806276183128
3827,0.0029980591732325862,75.4262329659264
3828,0.004276766818555789,193.70973953334044
3829,0.004324257037697569,65.04609021986847
3830,0.0033951044729449145,31.173916801804864
3831,0.0029894204584121056,151.66307246842243
3832,0.0031991949950240487,33.04288337928514
3833,0.005249791115672382,108.54327484157871
3834,0.004306742098165251,153.55382654432503
3835,0.0038488197234201778,158.1234678468989
3836,0.004257602028666532,108.40262184975798
3837,0.003591565654528373,367.8989551942754
3838,0.00267572056222467,198.50969634776698
3839,0.002332878177391471,196.4824272299619
3840,0.0021044854029791194,159.57277089338322
3841,0.0017418022371385943,148.88965899531107
3842,0.001662077800409117,53.63520231161738
3843,0.0034538779572496916,62.15996013385447
3844,0.0038884460478088427,52.12456645911464
3845,0.0036432633936452808,48.842407332415085
3846,0.0035479156679778905,31.903521452948475
3847,0.003218846638550616,157.2799333415604
3848,0.0016176402236381144,31.483935386090863
3849,0.003352230426805076,369.68405906925517
3850,0.003220183611985587,368.4261395047171
3851,0.003753541143089171,79.52743356468056
3852,0.0034456423206057495,375.30644064753534
3853,0.0021590256868783677,63.663127520476635
3854,0.004128996285544417,50.31563495017706
3855,0.0021505869836685163,153.5311936947428
3856,0.001911526525671502,371.09721799657405
3857,0.001751329929212606,30.136166871855927
3858,0.001786235760388667,148.82352246373
3859,0.003470005260086592,51.051509172961715
3860,0.003025538773148252,47.40508267784185
3861,0.003084161441806123,283.42603377374576
3862,0.0022459037742741314,199.19551820645313
3863,0.0025458666526081827,283.515909759311
3864,0.0018535012996315169,368.020587334358
3865,0.0013753667595226254,30.316565769609703
3866,0.001743600344128716,146.11436293588878
3867,0.002279469420181599,196.3703706944576
3868,0.0013644395401760045,365.9301806468003
3869,0.001719858078792419,76.26844417611687
3870,0.0021878711303109856,149.38869047647924
3871,0.002278792587244895,32.34384284681693
3872,0.0014361767034329362,33.8589939662558
3873,0.0028646167106519183,151.82913937570484
3874,0.0024279536618290447,369.54724886682504
3875,0.0023587587841295598,109.20478872564773
3876,0.0016404860314749483,81.56477609907431
3877,0.004398811799985886,31.60997006229841
3878,0.002924352888353715,368.07633448162017
3879,0.0018874940417597165,50.0142136388207
3880,0.003037613123609808,152.60302451911767
3881,0.0016605469505024798,48.45622730561157
3882,0.0033024312593478433,157.12001718260484
3883,0.002596755184762722,152.55580866650232
3884,0.0030529879555346476,280.29436782442775
3885,0.003344990860506218,33.85915924198788
3886,0.0026902170129338068,112.52897606986942
3887,0.001972388581819549,374.0256167831918
3888,0.0022867797707183824,65.7824235517508
3889,0.0025573369616309224,48.998425177498156
3890,0.0021716451347715583,277.5415310105055
3891,0.0020447956631659716,109.97959141938462
3892,0.0023234341399395765,369.2162479785102
3893,0.0015864396752481615,374.779150944015
3894,0.0019496115995095281,110.8156996026487
3895,0.002018749023359999,62.301327322835135
3896,0.0031239257324479105,78.65010105585966
3897,0.0029720628759793634,30.8091780521394
3898,0.0032330639708281804,108.35163534473357
3899,0.002948218048668177,78.20207716580627
3900,0.0020603357071684934,109.60695647202664
3901,0.003588321828998633,62.44758890058062
3902,0.0036986482689165064,47.3373241495257
3903,0.0028135422144211155,372.15801195209724
3904,0.0021389688316818278,109.86152336588215
3905,0.0033357011303647792,77.0375950238462
3906,0.004163300286481072,47.504734734135525
3907,0.0031417551419164395,82.91433083010953
3908,0.0047299120728737385,32.26086107878821
3909,0.005333641849081348,66.88987325865047
3910,0.004757657436580162,192.30218301593675
3911,0.004518097556683642,108.38423665391106
3912,0.004153712643694069,50.086119957475304
3913,0.003792942905395789,153.59001312855239
3914,0.00301705931247263,285.6922282453435
3915,0.002866415352793804,76.72549644496539
3916,0.0030017070718961554,46.880285821046414
3917,0.0037376307534794104,81.80235990318721
3918,0.004012533080134107,196.52629560021597
3919,0.005341495024285078,47.335542470673374
3920,0.004149511010767198,110.92943917094543
3921,0.002539597975079174,373.5729597051255
3922,0.0028595633713921903,155.972135605958
3923,0.00221545782718224,365.4126273822561
3924,0.0022701402312156854,365.7935800326744
3925,0.0018584530566086981,363.3886874892614
3926,0.0023383398748232165,152.90410875064933
3927,0.0023260899604513096,109.76199889337836
3928,0.0026839430078044895,155.8557048614332
3929,0.0019156213646732171,366.9487790995842
3930,0.00191948702622924,282.4623809710475
3931,0.0010939202823872871,32.07587134513406
3932,0.002012942694439038,199.91066938259254
3933,0.0018581305253925116,79.44333825045781
3934,0.003585789318814883,158.02585883152298
3935,0.002794569574129687,111.02190700699074
3936,0.0034511616882134813,197.200208339401
3937,0.0018571599643827296,287.05742185409156
3938,0.00332072790820348,113.07493648271321
3939,0.0033831802043893084,200.4719235948218
3940,0.0030399481666930884,106.52888297935671
3941,0.0040026963003489575,30.935637070963374
3942,0.0023678733514629884,33.03220727501057
3943,0.002930680289111855,31.94392315234331
3944,0.0049601760699060525,65.11490795422276
3945,0.0036307550663739183,64.8603607097372
3946,0.0038686256207448666,271.87252373365163
3947,0.00347025112062732,79.51756566324774
3948,0.0043694313349125465,191.87576751229793
3949,0.003260783444086367,75.54972784862976
3950,0.0028613572431612946,108.39483206769508
3951,0.003162217553910954,194.62805832406016
3952,0.002769698242217294,371.36634498501644
3953,0.0025591536845052452,32.79476904357208
3954,0.002538421187981274,82.23955028971997
3955,0.0027617065331009914,196.94078779194152
3956,0.0025753392243446937,111.61145548212322
3957,0.002521766546868259,46.05775558031265
3958,0.0016426213747393577,66.56226063929219
3959,0.002256187224391173,368.9569661152163
3960,0.00215479488061816,62.94522923528676
3961,0.0020461073898935048,372.0527941750212
3962,0.0036632187465298117,30.697118457631515
3963,0.0019069565901661228,34.1583230587937
3964,0.0025957406500359916,79.58263910105428
3965,0.0024528736198315515,150.39239549965265
3966,0.0027629378591144988,81.73951054761228
3967,0.002903278765538394,109.24805916736993
3968,0.0016995788623303683,49.053779202916786
3969,0.003079956518955772,50.40710658933515
3970,0.0026247537063117587,31.684458929441963
3971,0.003808516770669516,29.922208376982617
3972,0.0032168858115896207,282.22113288750455
3973,0.00378357294323643,64.63604165121913
3974,0.003259813205318704,364.6742230878376
3975,0.003027842206149575,285.90641248331815
3976,0.0025360955701566688,111.39534463878273
3977,0.002231051072243608,154.42645623989458
3978,0.0023534033944271272,152.50872092644062
3979,0.0014852305137881903,76.96031430827243
3980,0.0017485472337564435,105.68202540723819
3981,0.0019498700218629355,284.3182554876874
3982,0.0020176991236070157,369.02267939800737
3983,0.0029302184228041464,63.33859041833332
3984,0.0021683013821298088,150.0698770337639
3985,0.0022212853055779387,49.0929049869083
3986,0.0015767563646338619,63.351658632107096
3987,0.0029021733975786385,371.13727720385526
3988,0.0026479956952882916,77.69336638568268
3989,0.001820217074468515,369.368986316287
3990,0.00171686208051886,49.401711960972996
3991,0.0019449745316052832,156.52353434227922
3992,0.002508529819296743,150.01161248641924
3993,0.0016019298188369318,109.4967652324787
3994,0.002821773203692628,61.156136288139926
3995,0.0031843390790361973,47.283791282500175
