tasks=8 workers=8
cuda

trains: 500, tests: 30
Epoch # 1/1

Train 1/500cuda

trains: 500, tests: 30
Epoch # 1/1

Train 1/500cuda

trains: 500, tests: 30
Epoch # 1/1

Train 1/500cuda

trains: 500, tests: 30
Epoch # 1/1

Train 1/500cuda

trains: 500, tests: 30
Epoch # 1/1

Train 1/500cuda

trains: 500, tests: 30
Epoch # 1/1

Train 1/500cuda

trains: 500, tests: 30
Epoch # 1/1

Train 1/500cuda

trains: 500, tests: 30
Epoch # 1/1

Train 1/500 Loss: 0.262757, Reward: 78.3388, PSO_prob: 0.600, Eps: 0.300, PSO_count: 73, Steps: 118

Train 2/500 Loss: 0.263966, Reward: 78.3388, PSO_prob: 0.600, Eps: 0.300, PSO_count: 73, Steps: 118

Train 2/500 Loss: 0.016845, Reward: 76.0329, PSO_prob: 0.599, Eps: 0.299, PSO_count: 68, Steps: 118

Train 3/500 Loss: 0.019939, Reward: 70.1194, PSO_prob: 0.599, Eps: 0.299, PSO_count: 68, Steps: 118

Train 3/500 Loss: 0.006794, Reward: 32.1849, PSO_prob: 0.598, Eps: 0.299, PSO_count: 32, Steps: 58

Train 4/500 Loss: 0.010891, Reward: 34.8227, PSO_prob: 0.598, Eps: 0.299, PSO_count: 32, Steps: 58

Train 4/500 Loss: 0.028774, Reward: 214.6888, PSO_prob: 0.600, Eps: 0.300, PSO_count: 235, Steps: 388

Train 2/500 Loss: 0.015688, Reward: 211.6867, PSO_prob: 0.600, Eps: 0.300, PSO_count: 235, Steps: 388

Train 2/500 Loss: 0.270956, Reward: 78.0562, GA_prob: 0.600, Eps: 0.300, GA_count: 73, Steps: 118

Train 2/500 Loss: 0.282726, Reward: 78.0562, GA_prob: 0.600, Eps: 0.300, GA_count: 73, Steps: 118

Train 2/500 Loss: 0.009441, Reward: 60.2000, PSO_prob: 0.599, Eps: 0.299, PSO_count: 55, Steps: 88

Train 3/500 Loss: 0.009056, Reward: 59.1861, PSO_prob: 0.599, Eps: 0.299, PSO_count: 55, Steps: 88

Train 3/500 Loss: 0.018670, Reward: 178.9176, PSO_prob: 0.596, Eps: 0.298, PSO_count: 184, Steps: 298

Train 5/500 Loss: 0.016055, Reward: 170.3081, PSO_prob: 0.596, Eps: 0.298, PSO_count: 184, Steps: 298

Train 5/500 Loss: 0.011646, Reward: 57.3534, PSO_prob: 0.595, Eps: 0.298, PSO_count: 60, Steps: 88

Train 6/500 Loss: 0.015665, Reward: 58.0314, PSO_prob: 0.595, Eps: 0.298, PSO_count: 60, Steps: 88

Train 6/500 Loss: 0.019492, Reward: 77.3467, GA_prob: 0.599, Eps: 0.299, GA_count: 68, Steps: 118

Train 3/500 Loss: 0.022598, Reward: 70.7625, GA_prob: 0.599, Eps: 0.299, GA_count: 68, Steps: 118

Train 3/500 Loss: 0.017997, Reward: 179.9972, PSO_prob: 0.594, Eps: 0.297, PSO_count: 169, Steps: 298

Train 7/500 Loss: 0.007494, Reward: 35.2423, GA_prob: 0.598, Eps: 0.299, GA_count: 32, Steps: 58

Train 4/500 Loss: 0.012922, Reward: 33.1078, GA_prob: 0.598, Eps: 0.299, GA_count: 32, Steps: 58

Train 4/500 Loss: 0.012629, Reward: 59.8399, PSO_prob: 0.593, Eps: 0.297, PSO_count: 57, Steps: 88

Train 8/500 Loss: 0.012730, Reward: 170.7402, PSO_prob: 0.594, Eps: 0.297, PSO_count: 169, Steps: 298

Train 7/500 Loss: 0.013021, Reward: 57.7383, PSO_prob: 0.593, Eps: 0.297, PSO_count: 57, Steps: 88

Train 8/500 Loss: 0.012437, Reward: 440.0417, PSO_prob: 0.598, Eps: 0.299, PSO_count: 464, Steps: 748

Train 4/500 Loss: 0.030823, Reward: 213.4609, GA_prob: 0.600, Eps: 0.300, GA_count: 235, Steps: 388

Train 2/500 Loss: 0.008369, Reward: 417.1520, PSO_prob: 0.598, Eps: 0.299, PSO_count: 464, Steps: 748

Train 4/500 Loss: 0.017629, Reward: 207.5764, GA_prob: 0.600, Eps: 0.300, GA_count: 235, Steps: 388

Train 2/500 Loss: 0.008868, Reward: 57.8039, GA_prob: 0.599, Eps: 0.299, GA_count: 55, Steps: 88

Train 3/500 Loss: 0.007650, Reward: 177.8476, PSO_prob: 0.596, Eps: 0.298, PSO_count: 177, Steps: 298

Train 5/500 Loss: 0.013836, Reward: 180.5702, PSO_prob: 0.596, Eps: 0.298, PSO_count: 177, Steps: 298

Train 5/500 Loss: 0.008600, Reward: 59.0637, GA_prob: 0.599, Eps: 0.299, GA_count: 55, Steps: 88

Train 3/500 Loss: 0.010846, Reward: 37.0301, PSO_prob: 0.595, Eps: 0.298, PSO_count: 34, Steps: 58

Train 6/500 Loss: 0.007439, Reward: 38.8949, PSO_prob: 0.595, Eps: 0.298, PSO_count: 34, Steps: 58

Train 6/500 Loss: 0.016585, Reward: 330.8159, PSO_prob: 0.592, Eps: 0.296, PSO_count: 352, Steps: 568

Train 9/500 Loss: 0.012304, Reward: 308.7333, PSO_prob: 0.592, Eps: 0.296, PSO_count: 352, Steps: 568

Train 9/500 Loss: 0.018242, Reward: 92.5423, PSO_prob: 0.590, Eps: 0.296, PSO_count: 85, Steps: 148

Train 10/500 Loss: 0.011682, Reward: 88.5030, PSO_prob: 0.590, Eps: 0.296, PSO_count: 85, Steps: 148

Train 10/500 Loss: 0.015511, Reward: 170.0674, GA_prob: 0.596, Eps: 0.298, GA_count: 184, Steps: 298

Train 5/500 Loss: 0.019655, Reward: 179.3041, GA_prob: 0.596, Eps: 0.298, GA_count: 184, Steps: 298

Train 5/500 Loss: 0.010822, Reward: 128.3862, PSO_prob: 0.589, Eps: 0.295, PSO_count: 135, Steps: 208

Train 11/500 Loss: 0.017808, Reward: 96.4969, PSO_prob: 0.588, Eps: 0.295, PSO_count: 90, Steps: 148

Train 12/500 Loss: 0.010232, Reward: 129.3606, PSO_prob: 0.589, Eps: 0.295, PSO_count: 135, Steps: 208

Train 11/500 Loss: 0.006523, Reward: 321.3753, PSO_prob: 0.594, Eps: 0.297, PSO_count: 333, Steps: 568

Train 7/500 Loss: 0.012464, Reward: 329.5462, PSO_prob: 0.594, Eps: 0.297, PSO_count: 333, Steps: 568

Train 7/500 Loss: 0.009691, Reward: 88.6637, PSO_prob: 0.588, Eps: 0.295, PSO_count: 90, Steps: 148

Train 12/500 Loss: 0.014013, Reward: 55.5087, GA_prob: 0.595, Eps: 0.298, GA_count: 60, Steps: 88

Train 6/500 Loss: 0.010080, Reward: 95.3869, PSO_prob: 0.587, Eps: 0.294, PSO_count: 85, Steps: 148

Train 13/500 Loss: 0.006306, Reward: 40.0650, PSO_prob: 0.593, Eps: 0.297, PSO_count: 39, Steps: 58

Train 8/500 Loss: 0.013056, Reward: 57.7842, GA_prob: 0.595, Eps: 0.298, GA_count: 60, Steps: 88

Train 6/500 Loss: 0.011281, Reward: 38.1266, PSO_prob: 0.593, Eps: 0.297, PSO_count: 39, Steps: 58

Train 8/500 Loss: 0.008549, Reward: 90.9745, PSO_prob: 0.587, Eps: 0.294, PSO_count: 85, Steps: 148

Train 13/500 Loss: 0.017538, Reward: 73.2960, PSO_prob: 0.586, Eps: 0.294, PSO_count: 69, Steps: 118

Train 14/500 Loss: 0.008790, Reward: 73.7646, PSO_prob: 0.586, Eps: 0.294, PSO_count: 69, Steps: 118

Train 14/500 Loss: 0.017212, Reward: 186.9511, PSO_prob: 0.584, Eps: 0.293, PSO_count: 167, Steps: 298

Train 15/500 Loss: 0.008064, Reward: 175.0820, PSO_prob: 0.584, Eps: 0.293, PSO_count: 167, Steps: 298

Train 15/500 Loss: 0.005650, Reward: 430.4679, PSO_prob: 0.592, Eps: 0.296, PSO_count: 462, Steps: 748

Train 9/500 Loss: 0.011565, Reward: 438.9958, PSO_prob: 0.592, Eps: 0.296, PSO_count: 462, Steps: 748

Train 9/500 Loss: 0.019073, Reward: 176.7238, GA_prob: 0.594, Eps: 0.297, GA_count: 169, Steps: 298

Train 7/500 Loss: 0.013490, Reward: 340.0986, PSO_prob: 0.583, Eps: 0.293, PSO_count: 322, Steps: 568

Train 16/500 Loss: 0.009462, Reward: 93.7211, PSO_prob: 0.590, Eps: 0.296, PSO_count: 92, Steps: 148

Train 10/500 Loss: 0.012822, Reward: 166.1253, GA_prob: 0.594, Eps: 0.297, GA_count: 169, Steps: 298

Train 7/500 Loss: 0.004853, Reward: 87.5011, PSO_prob: 0.590, Eps: 0.296, PSO_count: 92, Steps: 148

Train 10/500 Loss: 0.007567, Reward: 323.2784, PSO_prob: 0.583, Eps: 0.293, PSO_count: 322, Steps: 568

Train 16/500 Loss: 0.013639, Reward: 59.6277, GA_prob: 0.593, Eps: 0.297, GA_count: 57, Steps: 88

Train 8/500 Loss: 0.013230, Reward: 182.0095, PSO_prob: 0.582, Eps: 0.292, PSO_count: 167, Steps: 298

Train 17/500 Loss: 0.013493, Reward: 60.5982, GA_prob: 0.593, Eps: 0.297, GA_count: 57, Steps: 88

Train 8/500 Loss: 0.012952, Reward: 244.2362, PSO_prob: 0.589, Eps: 0.295, PSO_count: 222, Steps: 388

Train 11/500 Loss: 0.005038, Reward: 235.4089, PSO_prob: 0.589, Eps: 0.295, PSO_count: 222, Steps: 388

Train 11/500 Loss: 0.006761, Reward: 177.0671, PSO_prob: 0.582, Eps: 0.292, PSO_count: 167, Steps: 298

Train 17/500 Loss: 0.011329, Reward: 456.5946, GA_prob: 0.598, Eps: 0.299, GA_count: 464, Steps: 748

Train 4/500 Loss: 0.010333, Reward: 182.0763, PSO_prob: 0.581, Eps: 0.292, PSO_count: 187, Steps: 298

Train 18/500 Loss: 0.006650, Reward: 182.2054, PSO_prob: 0.581, Eps: 0.292, PSO_count: 187, Steps: 298

Train 18/500 Loss: 0.007996, Reward: 425.6065, GA_prob: 0.598, Eps: 0.299, GA_count: 464, Steps: 748

Train 4/500 Loss: 0.011584, Reward: 241.6473, PSO_prob: 0.580, Eps: 0.291, PSO_count: 225, Steps: 388

Train 19/500 Loss: 0.010987, Reward: 441.5860, PSO_prob: 0.588, Eps: 0.295, PSO_count: 468, Steps: 748

Train 12/500 Loss: 0.006003, Reward: 227.2579, PSO_prob: 0.580, Eps: 0.291, PSO_count: 225, Steps: 388

Train 19/500 Loss: 0.004708, Reward: 442.0970, PSO_prob: 0.588, Eps: 0.295, PSO_count: 468, Steps: 748

Train 12/500 Loss: 0.009272, Reward: 131.7081, PSO_prob: 0.587, Eps: 0.294, PSO_count: 118, Steps: 208

Train 13/500 Loss: 0.004642, Reward: 132.8456, PSO_prob: 0.587, Eps: 0.294, PSO_count: 118, Steps: 208

Train 13/500 Loss: 0.013038, Reward: 231.2845, PSO_prob: 0.578, Eps: 0.291, PSO_count: 229, Steps: 388

Train 20/500 Loss: 0.005475, Reward: 226.0114, PSO_prob: 0.578, Eps: 0.291, PSO_count: 229, Steps: 388

Train 20/500 Loss: 0.010941, Reward: 183.8103, GA_prob: 0.596, Eps: 0.298, GA_count: 177, Steps: 298

Train 5/500 Loss: 0.004883, Reward: 88.4663, PSO_prob: 0.577, Eps: 0.290, PSO_count: 80, Steps: 148

Train 21/500 Loss: 0.008809, Reward: 91.1466, PSO_prob: 0.577, Eps: 0.290, PSO_count: 80, Steps: 148

Train 21/500 Loss: 0.008284, Reward: 37.9577, GA_prob: 0.595, Eps: 0.298, GA_count: 34, Steps: 58

Train 6/500 Loss: 0.004781, Reward: 60.7512, PSO_prob: 0.576, Eps: 0.290, PSO_count: 53, Steps: 88

Train 22/500 Loss: 0.006557, Reward: 181.2580, GA_prob: 0.596, Eps: 0.298, GA_count: 177, Steps: 298

Train 5/500 Loss: 0.013269, Reward: 57.2073, PSO_prob: 0.576, Eps: 0.290, PSO_count: 53, Steps: 88

Train 22/500 Loss: 0.004258, Reward: 75.2514, PSO_prob: 0.575, Eps: 0.289, PSO_count: 67, Steps: 118

Train 23/500 Loss: 0.013504, Reward: 72.1489, PSO_prob: 0.575, Eps: 0.289, PSO_count: 67, Steps: 118

Train 23/500 Loss: 0.006128, Reward: 38.7681, GA_prob: 0.595, Eps: 0.298, GA_count: 34, Steps: 58

Train 6/500 Loss: 0.010019, Reward: 333.5918, PSO_prob: 0.586, Eps: 0.294, PSO_count: 344, Steps: 568

Train 14/500 Loss: 0.004706, Reward: 334.7199, PSO_prob: 0.586, Eps: 0.294, PSO_count: 344, Steps: 568

Train 14/500 Loss: 0.018253, Reward: 336.3254, GA_prob: 0.592, Eps: 0.296, GA_count: 352, Steps: 568

Train 9/500 Loss: 0.011701, Reward: 308.6742, GA_prob: 0.592, Eps: 0.296, GA_count: 352, Steps: 568

Train 9/500 Loss: 0.004174, Reward: 236.3624, PSO_prob: 0.584, Eps: 0.293, PSO_count: 239, Steps: 388

Train 15/500 Loss: 0.007589, Reward: 234.1119, PSO_prob: 0.584, Eps: 0.293, PSO_count: 239, Steps: 388

Train 15/500 Loss: 0.004453, Reward: 325.8412, PSO_prob: 0.574, Eps: 0.289, PSO_count: 340, Steps: 568

Train 24/500 Loss: 0.009675, Reward: 329.7753, PSO_prob: 0.574, Eps: 0.289, PSO_count: 340, Steps: 568

Train 24/500 Loss: 0.004032, Reward: 173.9142, PSO_prob: 0.583, Eps: 0.293, PSO_count: 188, Steps: 298

Train 16/500 Loss: 0.009082, Reward: 88.6083, GA_prob: 0.590, Eps: 0.296, GA_count: 85, Steps: 148

Train 10/500 Loss: 0.020428, Reward: 92.9586, GA_prob: 0.590, Eps: 0.296, GA_count: 85, Steps: 148

Train 10/500 Loss: 0.007959, Reward: 174.0349, PSO_prob: 0.583, Eps: 0.293, PSO_count: 188, Steps: 298

Train 16/500 Loss: 0.003966, Reward: 165.5080, PSO_prob: 0.582, Eps: 0.292, PSO_count: 172, Steps: 298

Train 17/500 Loss: 0.004467, Reward: 37.9436, PSO_prob: 0.581, Eps: 0.292, PSO_count: 35, Steps: 58

Train 18/500 Loss: 0.009712, Reward: 174.3578, PSO_prob: 0.582, Eps: 0.292, PSO_count: 172, Steps: 298

Train 17/500 Loss: 0.005215, Reward: 36.6236, PSO_prob: 0.581, Eps: 0.292, PSO_count: 35, Steps: 58

Train 18/500 Loss: 0.004040, Reward: 424.3061, PSO_prob: 0.572, Eps: 0.288, PSO_count: 432, Steps: 748

Train 25/500 Loss: 0.004037, Reward: 136.1823, PSO_prob: 0.580, Eps: 0.291, PSO_count: 126, Steps: 208

Train 19/500 Loss: 0.011461, Reward: 443.1618, PSO_prob: 0.572, Eps: 0.288, PSO_count: 432, Steps: 748

Train 25/500 Loss: 0.004971, Reward: 58.6836, PSO_prob: 0.571, Eps: 0.288, PSO_count: 45, Steps: 88

Train 26/500 Loss: 0.011397, Reward: 133.0488, PSO_prob: 0.580, Eps: 0.291, PSO_count: 126, Steps: 208

Train 19/500 Loss: 0.011392, Reward: 56.1945, PSO_prob: 0.571, Eps: 0.288, PSO_count: 45, Steps: 88

Train 26/500 Loss: 0.008280, Reward: 128.1955, GA_prob: 0.589, Eps: 0.295, GA_count: 135, Steps: 208

Train 11/500 Loss: 0.010524, Reward: 331.1228, GA_prob: 0.594, Eps: 0.297, GA_count: 333, Steps: 568

Train 7/500 Loss: 0.010696, Reward: 129.8520, GA_prob: 0.589, Eps: 0.295, GA_count: 135, Steps: 208

Train 11/500 Loss: 0.004316, Reward: 170.3132, PSO_prob: 0.578, Eps: 0.291, PSO_count: 174, Steps: 298

Train 20/500 Loss: 0.009734, Reward: 40.5024, GA_prob: 0.593, Eps: 0.297, GA_count: 39, Steps: 58

Train 8/500 Loss: 0.011075, Reward: 179.9463, PSO_prob: 0.578, Eps: 0.291, PSO_count: 174, Steps: 298

Train 20/500 Loss: 0.005942, Reward: 324.6324, GA_prob: 0.594, Eps: 0.297, GA_count: 333, Steps: 568

Train 7/500 Loss: 0.005554, Reward: 40.2424, GA_prob: 0.593, Eps: 0.297, GA_count: 39, Steps: 58

Train 8/500 Loss: 0.008147, Reward: 91.1589, GA_prob: 0.588, Eps: 0.295, GA_count: 90, Steps: 148

Train 12/500 Loss: 0.016618, Reward: 94.9351, GA_prob: 0.588, Eps: 0.295, GA_count: 90, Steps: 148

Train 12/500 Loss: 0.003758, Reward: 227.5674, PSO_prob: 0.577, Eps: 0.290, PSO_count: 233, Steps: 388

Train 21/500 Loss: 0.009186, Reward: 238.4477, PSO_prob: 0.577, Eps: 0.290, PSO_count: 233, Steps: 388

Train 21/500 Loss: 0.003785, Reward: 70.1743, PSO_prob: 0.576, Eps: 0.290, PSO_count: 62, Steps: 118

Train 22/500 Loss: 0.004210, Reward: 431.3416, PSO_prob: 0.570, Eps: 0.287, PSO_count: 451, Steps: 748

Train 27/500 Loss: 0.010421, Reward: 437.1818, PSO_prob: 0.570, Eps: 0.287, PSO_count: 451, Steps: 748

Train 27/500 Loss: 0.007866, Reward: 72.4255, PSO_prob: 0.576, Eps: 0.290, PSO_count: 62, Steps: 118

Train 22/500 Loss: 0.004443, Reward: 55.1291, PSO_prob: 0.569, Eps: 0.287, PSO_count: 48, Steps: 88

Train 28/500 Loss: 0.011998, Reward: 56.8793, PSO_prob: 0.569, Eps: 0.287, PSO_count: 48, Steps: 88

Train 28/500 Loss: 0.008313, Reward: 87.0291, GA_prob: 0.587, Eps: 0.294, GA_count: 85, Steps: 148

Train 13/500 Loss: 0.010259, Reward: 89.0177, GA_prob: 0.587, Eps: 0.294, GA_count: 85, Steps: 148

Train 13/500 Loss: 0.004227, Reward: 129.8907, PSO_prob: 0.568, Eps: 0.286, PSO_count: 120, Steps: 208

Train 29/500 Loss: 0.010589, Reward: 132.1489, PSO_prob: 0.568, Eps: 0.286, PSO_count: 120, Steps: 208

Train 29/500 Loss: 0.004437, Reward: 76.3320, PSO_prob: 0.566, Eps: 0.286, PSO_count: 79, Steps: 118

Train 30/500 Loss: 0.011364, Reward: 75.4053, PSO_prob: 0.566, Eps: 0.286, PSO_count: 79, Steps: 118

Train 30/500 Loss: 0.004367, Reward: 37.8354, PSO_prob: 0.565, Eps: 0.285, PSO_count: 31, Steps: 58

Train 31/500 Loss: 0.010190, Reward: 37.3753, PSO_prob: 0.565, Eps: 0.285, PSO_count: 31, Steps: 58

Train 31/500 Loss: 0.004119, Reward: 325.0464, PSO_prob: 0.575, Eps: 0.289, PSO_count: 326, Steps: 568

Train 23/500 Loss: 0.007367, Reward: 69.3200, GA_prob: 0.586, Eps: 0.294, GA_count: 69, Steps: 118

Train 14/500 Loss: 0.004177, Reward: 54.6033, PSO_prob: 0.564, Eps: 0.285, PSO_count: 49, Steps: 88

Train 32/500 Loss: 0.010239, Reward: 52.3491, PSO_prob: 0.564, Eps: 0.285, PSO_count: 49, Steps: 88

Train 32/500 Loss: 0.004267, Reward: 58.7671, PSO_prob: 0.574, Eps: 0.289, PSO_count: 58, Steps: 88

Train 24/500 Loss: 0.008551, Reward: 336.8534, PSO_prob: 0.575, Eps: 0.289, PSO_count: 326, Steps: 568

Train 23/500 Loss: 0.016549, Reward: 70.8072, GA_prob: 0.586, Eps: 0.294, GA_count: 69, Steps: 118

Train 14/500 Loss: 0.009671, Reward: 58.5510, PSO_prob: 0.574, Eps: 0.289, PSO_count: 58, Steps: 88

Train 24/500 Loss: 0.003942, Reward: 179.0794, PSO_prob: 0.572, Eps: 0.288, PSO_count: 161, Steps: 298

Train 25/500 Loss: 0.010786, Reward: 175.6475, PSO_prob: 0.572, Eps: 0.288, PSO_count: 161, Steps: 298

Train 25/500 Loss: 0.003992, Reward: 333.7937, PSO_prob: 0.563, Eps: 0.284, PSO_count: 309, Steps: 568

Train 33/500 Loss: 0.008550, Reward: 343.2889, PSO_prob: 0.563, Eps: 0.284, PSO_count: 309, Steps: 568

Train 33/500 Loss: 0.008604, Reward: 182.8133, PSO_prob: 0.562, Eps: 0.284, PSO_count: 166, Steps: 298

Train 34/500 Loss: 0.004497, Reward: 180.5204, PSO_prob: 0.562, Eps: 0.284, PSO_count: 166, Steps: 298

Train 34/500 Loss: 0.007249, Reward: 177.0648, GA_prob: 0.584, Eps: 0.293, GA_count: 167, Steps: 298

Train 15/500 Loss: 0.004304, Reward: 323.3667, PSO_prob: 0.571, Eps: 0.288, PSO_count: 339, Steps: 568

Train 26/500 Loss: 0.016395, Reward: 177.1402, GA_prob: 0.584, Eps: 0.293, GA_count: 167, Steps: 298

Train 15/500 Loss: 0.010127, Reward: 326.7828, PSO_prob: 0.571, Eps: 0.288, PSO_count: 339, Steps: 568

Train 26/500 Loss: 0.009766, Reward: 236.2664, PSO_prob: 0.560, Eps: 0.283, PSO_count: 239, Steps: 388

Train 35/500 Loss: 0.004322, Reward: 236.4770, PSO_prob: 0.560, Eps: 0.283, PSO_count: 239, Steps: 388

Train 35/500 Loss: 0.010400, Reward: 428.9700, GA_prob: 0.592, Eps: 0.296, GA_count: 462, Steps: 748

Train 9/500 Loss: 0.005100, Reward: 415.3620, GA_prob: 0.592, Eps: 0.296, GA_count: 462, Steps: 748

Train 9/500 Loss: 0.004085, Reward: 412.7396, PSO_prob: 0.570, Eps: 0.287, PSO_count: 423, Steps: 748

Train 27/500 Loss: 0.007534, Reward: 91.6745, GA_prob: 0.590, Eps: 0.296, GA_count: 92, Steps: 148

Train 10/500 Loss: 0.009312, Reward: 427.8192, PSO_prob: 0.570, Eps: 0.287, PSO_count: 423, Steps: 748

Train 27/500 Loss: 0.003693, Reward: 59.3837, PSO_prob: 0.569, Eps: 0.287, PSO_count: 46, Steps: 88

Train 28/500 Loss: 0.007518, Reward: 61.3476, PSO_prob: 0.569, Eps: 0.287, PSO_count: 46, Steps: 88

Train 28/500 Loss: 0.004662, Reward: 93.2321, GA_prob: 0.590, Eps: 0.296, GA_count: 92, Steps: 148

Train 10/500 Loss: 0.010086, Reward: 442.0073, PSO_prob: 0.559, Eps: 0.283, PSO_count: 419, Steps: 748

Train 36/500 Loss: 0.004014, Reward: 420.4993, PSO_prob: 0.559, Eps: 0.283, PSO_count: 419, Steps: 748

Train 36/500 Loss: 0.003718, Reward: 239.9298, PSO_prob: 0.568, Eps: 0.286, PSO_count: 207, Steps: 388

Train 29/500 Loss: 0.008868, Reward: 235.1004, PSO_prob: 0.568, Eps: 0.286, PSO_count: 207, Steps: 388

Train 29/500 Loss: 0.003822, Reward: 95.3663, PSO_prob: 0.566, Eps: 0.286, PSO_count: 86, Steps: 148

Train 30/500 Loss: 0.011529, Reward: 92.6307, PSO_prob: 0.566, Eps: 0.286, PSO_count: 86, Steps: 148

Train 30/500 Loss: 0.012325, Reward: 237.5861, PSO_prob: 0.558, Eps: 0.282, PSO_count: 218, Steps: 388

Train 37/500 Loss: 0.004093, Reward: 233.8099, PSO_prob: 0.558, Eps: 0.282, PSO_count: 218, Steps: 388

Train 37/500 Loss: 0.003778, Reward: 78.3564, PSO_prob: 0.565, Eps: 0.285, PSO_count: 75, Steps: 118

Train 31/500 Loss: 0.010866, Reward: 77.3231, PSO_prob: 0.565, Eps: 0.285, PSO_count: 75, Steps: 118

Train 31/500 Loss: 0.013058, Reward: 342.4925, GA_prob: 0.583, Eps: 0.293, GA_count: 322, Steps: 568

Train 16/500 Loss: 0.007172, Reward: 327.1746, GA_prob: 0.583, Eps: 0.293, GA_count: 322, Steps: 568

Train 16/500 Loss: 0.008506, Reward: 94.2428, PSO_prob: 0.564, Eps: 0.285, PSO_count: 94, Steps: 148

Train 32/500 Loss: 0.003984, Reward: 92.3449, PSO_prob: 0.564, Eps: 0.285, PSO_count: 94, Steps: 148

Train 32/500 Loss: 0.012273, Reward: 240.1916, GA_prob: 0.589, Eps: 0.295, GA_count: 222, Steps: 388

Train 11/500 Loss: 0.008246, Reward: 339.6637, PSO_prob: 0.557, Eps: 0.282, PSO_count: 332, Steps: 568

Train 38/500 Loss: 0.003819, Reward: 330.3106, PSO_prob: 0.557, Eps: 0.282, PSO_count: 332, Steps: 568

Train 38/500 Loss: 0.009824, Reward: 231.5112, PSO_prob: 0.563, Eps: 0.284, PSO_count: 231, Steps: 388

Train 33/500 Loss: 0.004361, Reward: 235.0955, GA_prob: 0.589, Eps: 0.295, GA_count: 222, Steps: 388

Train 11/500 Loss: 0.003665, Reward: 227.1959, PSO_prob: 0.563, Eps: 0.284, PSO_count: 231, Steps: 388

Train 33/500 Loss: 0.005975, Reward: 79.1929, PSO_prob: 0.556, Eps: 0.281, PSO_count: 74, Steps: 118

Train 39/500 Loss: 0.003501, Reward: 80.8740, PSO_prob: 0.556, Eps: 0.281, PSO_count: 74, Steps: 118

Train 39/500 Loss: 0.006291, Reward: 35.4043, PSO_prob: 0.554, Eps: 0.281, PSO_count: 31, Steps: 58

Train 40/500 Loss: 0.002757, Reward: 38.3966, PSO_prob: 0.554, Eps: 0.281, PSO_count: 31, Steps: 58

Train 40/500 Loss: 0.007722, Reward: 125.3288, PSO_prob: 0.562, Eps: 0.284, PSO_count: 122, Steps: 208

Train 34/500 Loss: 0.003668, Reward: 132.1290, PSO_prob: 0.562, Eps: 0.284, PSO_count: 122, Steps: 208

Train 34/500 Loss: 0.003570, Reward: 99.9893, PSO_prob: 0.553, Eps: 0.280, PSO_count: 87, Steps: 148

Train 41/500 Loss: 0.004949, Reward: 95.7372, PSO_prob: 0.553, Eps: 0.280, PSO_count: 87, Steps: 148

Train 41/500 Loss: 0.010074, Reward: 77.7424, PSO_prob: 0.560, Eps: 0.283, PSO_count: 70, Steps: 118

Train 35/500 Loss: 0.003571, Reward: 78.4788, PSO_prob: 0.560, Eps: 0.283, PSO_count: 70, Steps: 118

Train 35/500 Loss: 0.006862, Reward: 174.0801, GA_prob: 0.582, Eps: 0.292, GA_count: 167, Steps: 298

Train 17/500 Loss: 0.014971, Reward: 180.5158, GA_prob: 0.582, Eps: 0.292, GA_count: 167, Steps: 298

Train 17/500 Loss: 0.003452, Reward: 230.6025, PSO_prob: 0.552, Eps: 0.280, PSO_count: 211, Steps: 388

Train 42/500 Loss: 0.007677, Reward: 237.5286, PSO_prob: 0.552, Eps: 0.280, PSO_count: 211, Steps: 388

Train 42/500 Loss: 0.009619, Reward: 436.7052, PSO_prob: 0.559, Eps: 0.283, PSO_count: 396, Steps: 748

Train 36/500 Loss: 0.003340, Reward: 415.2609, PSO_prob: 0.559, Eps: 0.283, PSO_count: 396, Steps: 748

Train 36/500 Loss: 0.010117, Reward: 132.1522, PSO_prob: 0.558, Eps: 0.282, PSO_count: 117, Steps: 208

Train 37/500 Loss: 0.003347, Reward: 129.0745, PSO_prob: 0.558, Eps: 0.282, PSO_count: 117, Steps: 208

Train 37/500 Loss: 0.002835, Reward: 415.5411, PSO_prob: 0.551, Eps: 0.279, PSO_count: 405, Steps: 748

Train 43/500 Loss: 0.005905, Reward: 181.8874, GA_prob: 0.581, Eps: 0.292, GA_count: 187, Steps: 298

Train 18/500 Loss: 0.011759, Reward: 182.3872, GA_prob: 0.581, Eps: 0.292, GA_count: 187, Steps: 298

Train 18/500 Loss: 0.006840, Reward: 452.1919, PSO_prob: 0.551, Eps: 0.279, PSO_count: 405, Steps: 748

Train 43/500 Loss: 0.003028, Reward: 127.3494, PSO_prob: 0.549, Eps: 0.279, PSO_count: 112, Steps: 208

Train 44/500 Loss: 0.007563, Reward: 128.4315, PSO_prob: 0.549, Eps: 0.279, PSO_count: 112, Steps: 208

Train 44/500 Loss: 0.002858, Reward: 221.2194, PSO_prob: 0.548, Eps: 0.278, PSO_count: 198, Steps: 388

Train 45/500 Loss: 0.003519, Reward: 39.7747, PSO_prob: 0.547, Eps: 0.278, PSO_count: 34, Steps: 58

Train 46/500 Loss: 0.009396, Reward: 437.2608, PSO_prob: 0.557, Eps: 0.282, PSO_count: 432, Steps: 748

Train 38/500 Loss: 0.002915, Reward: 36.2970, PSO_prob: 0.546, Eps: 0.277, PSO_count: 26, Steps: 58

Train 47/500 Loss: 0.009272, Reward: 56.5917, PSO_prob: 0.556, Eps: 0.281, PSO_count: 51, Steps: 88

Train 39/500 Loss: 0.008879, Reward: 227.9132, PSO_prob: 0.548, Eps: 0.278, PSO_count: 198, Steps: 388

Train 45/500 Loss: 0.003214, Reward: 417.8510, PSO_prob: 0.557, Eps: 0.282, PSO_count: 432, Steps: 748

Train 38/500 Loss: 0.006056, Reward: 37.9369, PSO_prob: 0.547, Eps: 0.278, PSO_count: 34, Steps: 58

Train 46/500 Loss: 0.003050, Reward: 55.5597, PSO_prob: 0.556, Eps: 0.281, PSO_count: 51, Steps: 88

Train 39/500 Loss: 0.006879, Reward: 36.8828, PSO_prob: 0.546, Eps: 0.277, PSO_count: 26, Steps: 58

Train 47/500 Loss: 0.002986, Reward: 123.2153, PSO_prob: 0.545, Eps: 0.277, PSO_count: 111, Steps: 208

Train 48/500 Loss: 0.010406, Reward: 446.9517, GA_prob: 0.588, Eps: 0.295, GA_count: 468, Steps: 748

Train 12/500 Loss: 0.002733, Reward: 51.4962, PSO_prob: 0.543, Eps: 0.276, PSO_count: 55, Steps: 88

Train 49/500 Loss: 0.009388, Reward: 180.2388, PSO_prob: 0.554, Eps: 0.281, PSO_count: 179, Steps: 298

Train 40/500 Loss: 0.004406, Reward: 434.4955, GA_prob: 0.588, Eps: 0.295, GA_count: 468, Steps: 748

Train 12/500 Loss: 0.003398, Reward: 57.7491, PSO_prob: 0.542, Eps: 0.276, PSO_count: 51, Steps: 88

Train 50/500 Loss: 0.010918, Reward: 127.0199, PSO_prob: 0.545, Eps: 0.277, PSO_count: 111, Steps: 208

Train 48/500 Loss: 0.005371, Reward: 229.6268, GA_prob: 0.580, Eps: 0.291, GA_count: 225, Steps: 388

Train 19/500 Loss: 0.003204, Reward: 56.5011, PSO_prob: 0.541, Eps: 0.275, PSO_count: 54, Steps: 88

Train 51/500 Loss: 0.002865, Reward: 189.1112, PSO_prob: 0.554, Eps: 0.281, PSO_count: 179, Steps: 298

Train 40/500 Loss: 0.013008, Reward: 49.7275, PSO_prob: 0.543, Eps: 0.276, PSO_count: 55, Steps: 88

Train 49/500 Loss: 0.013055, Reward: 232.8704, GA_prob: 0.580, Eps: 0.291, GA_count: 225, Steps: 388

Train 19/500 Loss: 0.012600, Reward: 96.3475, PSO_prob: 0.553, Eps: 0.280, PSO_count: 84, Steps: 148

Train 41/500 Loss: 0.002832, Reward: 36.7869, PSO_prob: 0.540, Eps: 0.275, PSO_count: 29, Steps: 58

Train 52/500 Loss: 0.011153, Reward: 52.0755, PSO_prob: 0.542, Eps: 0.276, PSO_count: 51, Steps: 88

Train 50/500 Loss: 0.003251, Reward: 94.7774, PSO_prob: 0.553, Eps: 0.280, PSO_count: 84, Steps: 148

Train 41/500 Loss: 0.006683, Reward: 75.8473, PSO_prob: 0.552, Eps: 0.280, PSO_count: 73, Steps: 118

Train 42/500 Loss: 0.007688, Reward: 54.5036, PSO_prob: 0.541, Eps: 0.275, PSO_count: 54, Steps: 88

Train 51/500 Loss: 0.015548, Reward: 39.0742, PSO_prob: 0.540, Eps: 0.275, PSO_count: 29, Steps: 58

Train 52/500 Loss: 0.012300, Reward: 57.5938, PSO_prob: 0.551, Eps: 0.279, PSO_count: 50, Steps: 88

Train 43/500 Loss: 0.002759, Reward: 80.1994, PSO_prob: 0.552, Eps: 0.280, PSO_count: 73, Steps: 118

Train 42/500 Loss: 0.009767, Reward: 135.7287, GA_prob: 0.587, Eps: 0.294, GA_count: 118, Steps: 208

Train 13/500 Loss: 0.003350, Reward: 172.4610, PSO_prob: 0.539, Eps: 0.274, PSO_count: 176, Steps: 298

Train 53/500 Loss: 0.002436, Reward: 62.1054, PSO_prob: 0.551, Eps: 0.279, PSO_count: 50, Steps: 88

Train 43/500 Loss: 0.016055, Reward: 178.2899, PSO_prob: 0.539, Eps: 0.274, PSO_count: 176, Steps: 298

Train 53/500 Loss: 0.002941, Reward: 131.5456, PSO_prob: 0.537, Eps: 0.274, PSO_count: 118, Steps: 208

Train 54/500 Loss: 0.009670, Reward: 192.1602, PSO_prob: 0.549, Eps: 0.279, PSO_count: 167, Steps: 298

Train 44/500 Loss: 0.004222, Reward: 132.7769, GA_prob: 0.587, Eps: 0.294, GA_count: 118, Steps: 208

Train 13/500 Loss: 0.002869, Reward: 192.4738, PSO_prob: 0.549, Eps: 0.279, PSO_count: 167, Steps: 298

Train 44/500 Loss: 0.011366, Reward: 134.5810, PSO_prob: 0.537, Eps: 0.274, PSO_count: 118, Steps: 208

Train 54/500 Loss: 0.003181, Reward: 169.6840, PSO_prob: 0.536, Eps: 0.273, PSO_count: 161, Steps: 298

Train 55/500 Loss: 0.007637, Reward: 234.6742, PSO_prob: 0.548, Eps: 0.278, PSO_count: 203, Steps: 388

Train 45/500 Loss: 0.011800, Reward: 182.1574, PSO_prob: 0.536, Eps: 0.273, PSO_count: 161, Steps: 298

Train 55/500 Loss: 0.003628, Reward: 119.3059, PSO_prob: 0.535, Eps: 0.273, PSO_count: 102, Steps: 208

Train 56/500 Loss: 0.002908, Reward: 231.8373, PSO_prob: 0.548, Eps: 0.278, PSO_count: 203, Steps: 388

Train 45/500 Loss: 0.005100, Reward: 230.7056, GA_prob: 0.578, Eps: 0.291, GA_count: 229, Steps: 388

Train 20/500 Loss: 0.013671, Reward: 234.0419, GA_prob: 0.578, Eps: 0.291, GA_count: 229, Steps: 388

Train 20/500 Loss: 0.007519, Reward: 125.1875, PSO_prob: 0.535, Eps: 0.273, PSO_count: 102, Steps: 208

Train 56/500 Loss: 0.009404, Reward: 180.1444, PSO_prob: 0.547, Eps: 0.278, PSO_count: 164, Steps: 298

Train 46/500 Loss: 0.003399, Reward: 173.5383, PSO_prob: 0.534, Eps: 0.272, PSO_count: 158, Steps: 298

Train 57/500 Loss: 0.002741, Reward: 178.8683, PSO_prob: 0.547, Eps: 0.278, PSO_count: 164, Steps: 298

Train 46/500 Loss: 0.003723, Reward: 92.8369, PSO_prob: 0.533, Eps: 0.272, PSO_count: 84, Steps: 148

Train 58/500 Loss: 0.012048, Reward: 181.1406, PSO_prob: 0.534, Eps: 0.272, PSO_count: 158, Steps: 298

Train 57/500 Loss: 0.004921, Reward: 95.5968, GA_prob: 0.577, Eps: 0.290, GA_count: 80, Steps: 148

Train 21/500 Loss: 0.009832, Reward: 92.3999, GA_prob: 0.577, Eps: 0.290, GA_count: 80, Steps: 148

Train 21/500 Loss: 0.010710, Reward: 182.3491, PSO_prob: 0.546, Eps: 0.277, PSO_count: 164, Steps: 298

Train 47/500 Loss: 0.003132, Reward: 183.5787, PSO_prob: 0.546, Eps: 0.277, PSO_count: 164, Steps: 298

Train 47/500 Loss: 0.014372, Reward: 96.0683, PSO_prob: 0.533, Eps: 0.272, PSO_count: 84, Steps: 148

Train 58/500 Loss: 0.003757, Reward: 179.2576, PSO_prob: 0.531, Eps: 0.271, PSO_count: 168, Steps: 298

Train 59/500 Loss: 0.003644, Reward: 35.7498, PSO_prob: 0.530, Eps: 0.271, PSO_count: 29, Steps: 58

Train 60/500 Loss: 0.002753, Reward: 120.7816, PSO_prob: 0.545, Eps: 0.277, PSO_count: 119, Steps: 208

Train 48/500 Loss: 0.009032, Reward: 124.6210, PSO_prob: 0.545, Eps: 0.277, PSO_count: 119, Steps: 208

Train 48/500 Loss: 0.005610, Reward: 60.1180, GA_prob: 0.576, Eps: 0.290, GA_count: 53, Steps: 88

Train 22/500 Loss: 0.013579, Reward: 59.0944, GA_prob: 0.576, Eps: 0.290, GA_count: 53, Steps: 88

Train 22/500 Loss: 0.004068, Reward: 39.6554, PSO_prob: 0.543, Eps: 0.276, PSO_count: 28, Steps: 58

Train 49/500 Loss: 0.003539, Reward: 34.0273, PSO_prob: 0.543, Eps: 0.276, PSO_count: 28, Steps: 58

Train 49/500 Loss: 0.015316, Reward: 187.2500, PSO_prob: 0.531, Eps: 0.271, PSO_count: 168, Steps: 298

Train 59/500 Loss: 0.008796, Reward: 39.0002, PSO_prob: 0.530, Eps: 0.271, PSO_count: 29, Steps: 58

Train 60/500 Loss: 0.003871, Reward: 128.3276, PSO_prob: 0.529, Eps: 0.270, PSO_count: 117, Steps: 208

Train 61/500 Loss: 0.010272, Reward: 336.8320, GA_prob: 0.586, Eps: 0.294, GA_count: 344, Steps: 568

Train 14/500 Loss: 0.012090, Reward: 129.9983, PSO_prob: 0.529, Eps: 0.270, PSO_count: 117, Steps: 208

Train 61/500 Loss: 0.014567, Reward: 68.6257, GA_prob: 0.575, Eps: 0.289, GA_count: 67, Steps: 118

Train 23/500 Loss: 0.004776, Reward: 70.7570, GA_prob: 0.575, Eps: 0.289, GA_count: 67, Steps: 118

Train 23/500 Loss: 0.003913, Reward: 181.5562, PSO_prob: 0.528, Eps: 0.270, PSO_count: 149, Steps: 298

Train 62/500 Loss: 0.004333, Reward: 324.8166, GA_prob: 0.586, Eps: 0.294, GA_count: 344, Steps: 568

Train 14/500 Loss: 0.011971, Reward: 181.5372, PSO_prob: 0.528, Eps: 0.270, PSO_count: 149, Steps: 298

Train 62/500 Loss: 0.010907, Reward: 436.2951, PSO_prob: 0.542, Eps: 0.276, PSO_count: 398, Steps: 748

Train 50/500 Loss: 0.003333, Reward: 437.3539, PSO_prob: 0.542, Eps: 0.276, PSO_count: 398, Steps: 748

Train 50/500 Loss: 0.013479, Reward: 55.8982, PSO_prob: 0.541, Eps: 0.275, PSO_count: 39, Steps: 88

Train 51/500 Loss: 0.003493, Reward: 56.9884, PSO_prob: 0.541, Eps: 0.275, PSO_count: 39, Steps: 88

Train 51/500 Loss: 0.004093, Reward: 426.4240, PSO_prob: 0.527, Eps: 0.269, PSO_count: 407, Steps: 748

Train 63/500 Loss: 0.010086, Reward: 433.7766, PSO_prob: 0.527, Eps: 0.269, PSO_count: 407, Steps: 748

Train 63/500 Loss: 0.008544, Reward: 235.3081, GA_prob: 0.584, Eps: 0.293, GA_count: 239, Steps: 388

Train 15/500 Loss: 0.008051, Reward: 334.1961, PSO_prob: 0.540, Eps: 0.275, PSO_count: 300, Steps: 568

Train 52/500 Loss: 0.010690, Reward: 35.9492, PSO_prob: 0.539, Eps: 0.274, PSO_count: 36, Steps: 58

Train 53/500 Loss: 0.003200, Reward: 326.0303, PSO_prob: 0.540, Eps: 0.275, PSO_count: 300, Steps: 568

Train 52/500 Loss: 0.003759, Reward: 183.5635, PSO_prob: 0.525, Eps: 0.269, PSO_count: 167, Steps: 298

Train 64/500 Loss: 0.002845, Reward: 38.7830, PSO_prob: 0.539, Eps: 0.274, PSO_count: 36, Steps: 58

Train 53/500 Loss: 0.003811, Reward: 57.9763, PSO_prob: 0.524, Eps: 0.268, PSO_count: 47, Steps: 88

Train 65/500 Loss: 0.006739, Reward: 79.6619, PSO_prob: 0.537, Eps: 0.274, PSO_count: 85, Steps: 148

Train 54/500 Loss: 0.006742, Reward: 181.6697, PSO_prob: 0.525, Eps: 0.269, PSO_count: 167, Steps: 298

Train 64/500 Loss: 0.003223, Reward: 89.7114, PSO_prob: 0.537, Eps: 0.274, PSO_count: 85, Steps: 148

Train 54/500 Loss: 0.004745, Reward: 52.3569, PSO_prob: 0.524, Eps: 0.268, PSO_count: 47, Steps: 88

Train 65/500 Loss: 0.003507, Reward: 81.0904, PSO_prob: 0.523, Eps: 0.268, PSO_count: 60, Steps: 118

Train 66/500 Loss: 0.004373, Reward: 232.0745, GA_prob: 0.584, Eps: 0.293, GA_count: 239, Steps: 388

Train 15/500 Loss: 0.010468, Reward: 75.5123, PSO_prob: 0.523, Eps: 0.268, PSO_count: 60, Steps: 118

Train 66/500 Loss: 0.003663, Reward: 133.7303, PSO_prob: 0.522, Eps: 0.267, PSO_count: 97, Steps: 208

Train 67/500 Loss: 0.007916, Reward: 129.4147, PSO_prob: 0.522, Eps: 0.267, PSO_count: 97, Steps: 208

Train 67/500 Loss: 0.003358, Reward: 58.9260, PSO_prob: 0.521, Eps: 0.267, PSO_count: 45, Steps: 88

Train 68/500 Loss: 0.008615, Reward: 57.9131, PSO_prob: 0.521, Eps: 0.267, PSO_count: 45, Steps: 88

Train 68/500 Loss: 0.004652, Reward: 322.7766, GA_prob: 0.574, Eps: 0.289, GA_count: 340, Steps: 568

Train 24/500 Loss: 0.009874, Reward: 336.6098, PSO_prob: 0.536, Eps: 0.273, PSO_count: 302, Steps: 568

Train 55/500 Loss: 0.010609, Reward: 328.8858, GA_prob: 0.574, Eps: 0.289, GA_count: 340, Steps: 568

Train 24/500 Loss: 0.002961, Reward: 324.9757, PSO_prob: 0.536, Eps: 0.273, PSO_count: 302, Steps: 568

Train 55/500 Loss: 0.009778, Reward: 57.1211, PSO_prob: 0.535, Eps: 0.273, PSO_count: 41, Steps: 88

Train 56/500 Loss: 0.003299, Reward: 176.1023, PSO_prob: 0.519, Eps: 0.266, PSO_count: 173, Steps: 298

Train 69/500 Loss: 0.008587, Reward: 37.8116, PSO_prob: 0.534, Eps: 0.272, PSO_count: 30, Steps: 58

Train 57/500 Loss: 0.002702, Reward: 55.8264, PSO_prob: 0.535, Eps: 0.273, PSO_count: 41, Steps: 88

Train 56/500 Loss: 0.009286, Reward: 172.9345, GA_prob: 0.583, Eps: 0.293, GA_count: 188, Steps: 298

Train 16/500 Loss: 0.003006, Reward: 38.2341, PSO_prob: 0.534, Eps: 0.272, PSO_count: 30, Steps: 58

Train 57/500 Loss: 0.014662, Reward: 177.4953, PSO_prob: 0.519, Eps: 0.266, PSO_count: 173, Steps: 298

Train 69/500 Loss: 0.003515, Reward: 124.1978, PSO_prob: 0.518, Eps: 0.266, PSO_count: 104, Steps: 208

Train 70/500 Loss: 0.003895, Reward: 75.2276, PSO_prob: 0.517, Eps: 0.265, PSO_count: 61, Steps: 118

Train 71/500 Loss: 0.010905, Reward: 127.2154, PSO_prob: 0.518, Eps: 0.266, PSO_count: 104, Steps: 208

Train 70/500 Loss: 0.006543, Reward: 73.2484, PSO_prob: 0.517, Eps: 0.265, PSO_count: 61, Steps: 118

Train 71/500 Loss: 0.004286, Reward: 166.5546, GA_prob: 0.583, Eps: 0.293, GA_count: 188, Steps: 298

Train 16/500 Loss: 0.003607, Reward: 178.4480, PSO_prob: 0.516, Eps: 0.265, PSO_count: 160, Steps: 298

Train 72/500 Loss: 0.002834, Reward: 326.9089, PSO_prob: 0.533, Eps: 0.272, PSO_count: 308, Steps: 568

Train 58/500 Loss: 0.009231, Reward: 335.0499, PSO_prob: 0.533, Eps: 0.272, PSO_count: 308, Steps: 568

Train 58/500 Loss: 0.002328, Reward: 39.1596, PSO_prob: 0.531, Eps: 0.271, PSO_count: 30, Steps: 58

Train 59/500 Loss: 0.013456, Reward: 38.4142, PSO_prob: 0.531, Eps: 0.271, PSO_count: 30, Steps: 58

Train 59/500 Loss: 0.008229, Reward: 182.1453, PSO_prob: 0.516, Eps: 0.265, PSO_count: 160, Steps: 298

Train 72/500 Loss: 0.002479, Reward: 57.9933, PSO_prob: 0.530, Eps: 0.271, PSO_count: 44, Steps: 88

Train 60/500 Loss: 0.012113, Reward: 57.4915, PSO_prob: 0.530, Eps: 0.271, PSO_count: 44, Steps: 88

Train 60/500 Loss: 0.003342, Reward: 133.9321, PSO_prob: 0.515, Eps: 0.264, PSO_count: 102, Steps: 208

Train 73/500 Loss: 0.003159, Reward: 77.7866, PSO_prob: 0.513, Eps: 0.264, PSO_count: 56, Steps: 118

Train 74/500 Loss: 0.010420, Reward: 173.3638, GA_prob: 0.582, Eps: 0.292, GA_count: 172, Steps: 298

Train 17/500 Loss: 0.008783, Reward: 129.2540, PSO_prob: 0.515, Eps: 0.264, PSO_count: 102, Steps: 208

Train 73/500 Loss: 0.005827, Reward: 73.9861, PSO_prob: 0.513, Eps: 0.264, PSO_count: 56, Steps: 118

Train 74/500 Loss: 0.005090, Reward: 37.6660, GA_prob: 0.581, Eps: 0.292, GA_count: 35, Steps: 58

Train 18/500 Loss: 0.002368, Reward: 232.2490, PSO_prob: 0.529, Eps: 0.270, PSO_count: 223, Steps: 388

Train 61/500 Loss: 0.003118, Reward: 179.3810, PSO_prob: 0.512, Eps: 0.263, PSO_count: 131, Steps: 298

Train 75/500 Loss: 0.010167, Reward: 238.3579, PSO_prob: 0.529, Eps: 0.270, PSO_count: 223, Steps: 388

Train 61/500 Loss: 0.003578, Reward: 38.4458, PSO_prob: 0.511, Eps: 0.263, PSO_count: 30, Steps: 58

Train 76/500 Loss: 0.011904, Reward: 186.7812, PSO_prob: 0.512, Eps: 0.263, PSO_count: 131, Steps: 298

Train 75/500 Loss: 0.004032, Reward: 177.0540, GA_prob: 0.582, Eps: 0.292, GA_count: 172, Steps: 298

Train 17/500 Loss: 0.003367, Reward: 89.8229, PSO_prob: 0.510, Eps: 0.262, PSO_count: 76, Steps: 148

Train 77/500 Loss: 0.006345, Reward: 37.0948, PSO_prob: 0.511, Eps: 0.263, PSO_count: 30, Steps: 58

Train 76/500 Loss: 0.003376, Reward: 61.6622, PSO_prob: 0.509, Eps: 0.262, PSO_count: 47, Steps: 88

Train 78/500 Loss: 0.009405, Reward: 91.1082, PSO_prob: 0.510, Eps: 0.262, PSO_count: 76, Steps: 148

Train 77/500 Loss: 0.004212, Reward: 38.3201, GA_prob: 0.581, Eps: 0.292, GA_count: 35, Steps: 58

Train 18/500 Loss: 0.003161, Reward: 58.4185, PSO_prob: 0.507, Eps: 0.261, PSO_count: 44, Steps: 88

Train 79/500 Loss: 0.015231, Reward: 57.6337, PSO_prob: 0.509, Eps: 0.262, PSO_count: 47, Steps: 88

Train 78/500 Loss: 0.003372, Reward: 77.2045, PSO_prob: 0.506, Eps: 0.261, PSO_count: 64, Steps: 118

Train 80/500 Loss: 0.012176, Reward: 133.6460, GA_prob: 0.580, Eps: 0.291, GA_count: 126, Steps: 208

Train 19/500 Loss: 0.013129, Reward: 53.4795, PSO_prob: 0.507, Eps: 0.261, PSO_count: 44, Steps: 88

Train 79/500 Loss: 0.002753, Reward: 58.4337, PSO_prob: 0.505, Eps: 0.260, PSO_count: 41, Steps: 88

Train 81/500 Loss: 0.009217, Reward: 74.2059, PSO_prob: 0.506, Eps: 0.261, PSO_count: 64, Steps: 118

Train 80/500 Loss: 0.002372, Reward: 438.4834, PSO_prob: 0.528, Eps: 0.270, PSO_count: 384, Steps: 748

Train 62/500 Loss: 0.004511, Reward: 432.5867, GA_prob: 0.572, Eps: 0.288, GA_count: 432, Steps: 748

Train 25/500 Loss: 0.012013, Reward: 56.4958, PSO_prob: 0.505, Eps: 0.260, PSO_count: 41, Steps: 88

Train 81/500 Loss: 0.010128, Reward: 443.0047, PSO_prob: 0.528, Eps: 0.270, PSO_count: 384, Steps: 748

Train 62/500 Loss: 0.011616, Reward: 436.7680, GA_prob: 0.572, Eps: 0.288, GA_count: 432, Steps: 748

Train 25/500 Loss: 0.005551, Reward: 59.0723, GA_prob: 0.571, Eps: 0.288, GA_count: 45, Steps: 88

Train 26/500 Loss: 0.002133, Reward: 235.8309, PSO_prob: 0.527, Eps: 0.269, PSO_count: 216, Steps: 388

Train 63/500 Loss: 0.004485, Reward: 134.3681, GA_prob: 0.580, Eps: 0.291, GA_count: 126, Steps: 208

Train 19/500 Loss: 0.012335, Reward: 56.8460, GA_prob: 0.571, Eps: 0.288, GA_count: 45, Steps: 88

Train 26/500 Loss: 0.002185, Reward: 79.1431, PSO_prob: 0.525, Eps: 0.269, PSO_count: 62, Steps: 118

Train 64/500 Loss: 0.007611, Reward: 238.8226, PSO_prob: 0.527, Eps: 0.269, PSO_count: 216, Steps: 388

Train 63/500 Loss: 0.006181, Reward: 74.7323, PSO_prob: 0.525, Eps: 0.269, PSO_count: 62, Steps: 118

Train 64/500 Loss: 0.003212, Reward: 430.5235, PSO_prob: 0.504, Eps: 0.260, PSO_count: 361, Steps: 748

Train 82/500 Loss: 0.011410, Reward: 175.2034, GA_prob: 0.578, Eps: 0.291, GA_count: 174, Steps: 298

Train 20/500 Loss: 0.011068, Reward: 439.1194, PSO_prob: 0.504, Eps: 0.260, PSO_count: 361, Steps: 748

Train 82/500 Loss: 0.002135, Reward: 228.9732, PSO_prob: 0.524, Eps: 0.268, PSO_count: 194, Steps: 388

Train 65/500 Loss: 0.002392, Reward: 99.1665, PSO_prob: 0.523, Eps: 0.268, PSO_count: 73, Steps: 148

Train 66/500 Loss: 0.006144, Reward: 239.6564, PSO_prob: 0.524, Eps: 0.268, PSO_count: 194, Steps: 388

Train 65/500 Loss: 0.002447, Reward: 95.7339, PSO_prob: 0.522, Eps: 0.267, PSO_count: 80, Steps: 148

Train 67/500 Loss: 0.006628, Reward: 92.9477, PSO_prob: 0.523, Eps: 0.268, PSO_count: 73, Steps: 148

Train 66/500 Loss: 0.003475, Reward: 322.4493, PSO_prob: 0.503, Eps: 0.259, PSO_count: 284, Steps: 568

Train 83/500 Loss: 0.004444, Reward: 169.8321, GA_prob: 0.578, Eps: 0.291, GA_count: 174, Steps: 298

Train 20/500 Loss: 0.008869, Reward: 332.9500, PSO_prob: 0.503, Eps: 0.259, PSO_count: 284, Steps: 568

Train 83/500 Loss: 0.005233, Reward: 93.2182, PSO_prob: 0.522, Eps: 0.267, PSO_count: 80, Steps: 148

Train 67/500 Loss: 0.003382, Reward: 218.7991, PSO_prob: 0.501, Eps: 0.259, PSO_count: 194, Steps: 388

Train 84/500 Loss: 0.003737, Reward: 35.2634, PSO_prob: 0.500, Eps: 0.258, PSO_count: 30, Steps: 58

Train 85/500 Loss: 0.008702, Reward: 221.6170, PSO_prob: 0.501, Eps: 0.259, PSO_count: 194, Steps: 388

Train 84/500 Loss: 0.012488, Reward: 36.7126, PSO_prob: 0.500, Eps: 0.258, PSO_count: 30, Steps: 58

Train 85/500 Loss: 0.008954, Reward: 243.3013, GA_prob: 0.577, Eps: 0.290, GA_count: 233, Steps: 388

Train 21/500 Loss: 0.003636, Reward: 122.2289, PSO_prob: 0.499, Eps: 0.258, PSO_count: 108, Steps: 208

Train 86/500 Loss: 0.002328, Reward: 423.2307, PSO_prob: 0.521, Eps: 0.267, PSO_count: 399, Steps: 748

Train 68/500 Loss: 0.010106, Reward: 124.6353, PSO_prob: 0.499, Eps: 0.258, PSO_count: 108, Steps: 208

Train 86/500 Loss: 0.003514, Reward: 75.0024, PSO_prob: 0.498, Eps: 0.257, PSO_count: 55, Steps: 118

Train 87/500 Loss: 0.007566, Reward: 75.1398, PSO_prob: 0.498, Eps: 0.257, PSO_count: 55, Steps: 118

Train 87/500 Loss: 0.003508, Reward: 67.1108, PSO_prob: 0.497, Eps: 0.257, PSO_count: 60, Steps: 118

Train 88/500 Loss: 0.002144, Reward: 134.7836, PSO_prob: 0.519, Eps: 0.266, PSO_count: 115, Steps: 208

Train 69/500 Loss: 0.007487, Reward: 435.2989, PSO_prob: 0.521, Eps: 0.267, PSO_count: 399, Steps: 748

Train 68/500 Loss: 0.003095, Reward: 37.1718, PSO_prob: 0.495, Eps: 0.256, PSO_count: 30, Steps: 58

Train 89/500 Loss: 0.007756, Reward: 72.8366, GA_prob: 0.576, Eps: 0.290, GA_count: 62, Steps: 118

Train 22/500 Loss: 0.008740, Reward: 67.3251, PSO_prob: 0.497, Eps: 0.257, PSO_count: 60, Steps: 118

Train 88/500 Loss: 0.003313, Reward: 37.9145, PSO_prob: 0.494, Eps: 0.256, PSO_count: 28, Steps: 58

Train 90/500 Loss: 0.002701, Reward: 37.2331, PSO_prob: 0.495, Eps: 0.256, PSO_count: 30, Steps: 58

Train 89/500 Loss: 0.013734, Reward: 37.9507, PSO_prob: 0.494, Eps: 0.256, PSO_count: 28, Steps: 58

Train 90/500 Loss: 0.004938, Reward: 127.4931, PSO_prob: 0.519, Eps: 0.266, PSO_count: 115, Steps: 208

Train 69/500 Loss: 0.004094, Reward: 238.4119, GA_prob: 0.577, Eps: 0.290, GA_count: 233, Steps: 388

Train 21/500 Loss: 0.004934, Reward: 421.8766, GA_prob: 0.570, Eps: 0.287, GA_count: 451, Steps: 748

Train 27/500 Loss: 0.002517, Reward: 327.0611, PSO_prob: 0.518, Eps: 0.266, PSO_count: 290, Steps: 568

Train 70/500 Loss: 0.003435, Reward: 324.8609, PSO_prob: 0.493, Eps: 0.255, PSO_count: 276, Steps: 568

Train 91/500 Loss: 0.010893, Reward: 434.8890, GA_prob: 0.570, Eps: 0.287, GA_count: 451, Steps: 748

Train 27/500 Loss: 0.004855, Reward: 57.8948, GA_prob: 0.569, Eps: 0.287, GA_count: 48, Steps: 88

Train 28/500 Loss: 0.003954, Reward: 75.5666, GA_prob: 0.576, Eps: 0.290, GA_count: 62, Steps: 118

Train 22/500 Loss: 0.005562, Reward: 338.2834, PSO_prob: 0.518, Eps: 0.266, PSO_count: 290, Steps: 568

Train 70/500 Loss: 0.010339, Reward: 332.0072, PSO_prob: 0.493, Eps: 0.255, PSO_count: 276, Steps: 568

Train 91/500 Loss: 0.002407, Reward: 135.1846, PSO_prob: 0.517, Eps: 0.265, PSO_count: 113, Steps: 208

Train 71/500 Loss: 0.012465, Reward: 57.5935, GA_prob: 0.569, Eps: 0.287, GA_count: 48, Steps: 88

Train 28/500 Loss: 0.007382, Reward: 129.7289, PSO_prob: 0.517, Eps: 0.265, PSO_count: 113, Steps: 208

Train 71/500 Loss: 0.002667, Reward: 181.3146, PSO_prob: 0.516, Eps: 0.265, PSO_count: 151, Steps: 298

Train 72/500 Loss: 0.002500, Reward: 35.4641, PSO_prob: 0.515, Eps: 0.264, PSO_count: 34, Steps: 58

Train 73/500 Loss: 0.005909, Reward: 185.2604, PSO_prob: 0.516, Eps: 0.265, PSO_count: 151, Steps: 298

Train 72/500 Loss: 0.002972, Reward: 424.1688, PSO_prob: 0.492, Eps: 0.255, PSO_count: 364, Steps: 748

Train 92/500 Loss: 0.004487, Reward: 125.0618, GA_prob: 0.568, Eps: 0.286, GA_count: 120, Steps: 208

Train 29/500 Loss: 0.006369, Reward: 36.0247, PSO_prob: 0.515, Eps: 0.264, PSO_count: 34, Steps: 58

Train 73/500 Loss: 0.002889, Reward: 179.3568, PSO_prob: 0.513, Eps: 0.264, PSO_count: 152, Steps: 298

Train 74/500 Loss: 0.009265, Reward: 441.5737, PSO_prob: 0.492, Eps: 0.255, PSO_count: 364, Steps: 748

Train 92/500 Loss: 0.010305, Reward: 129.6274, GA_prob: 0.568, Eps: 0.286, GA_count: 120, Steps: 208

Train 29/500 Loss: 0.002916, Reward: 184.5159, PSO_prob: 0.491, Eps: 0.254, PSO_count: 154, Steps: 298

Train 93/500 Loss: 0.008837, Reward: 341.4209, GA_prob: 0.575, Eps: 0.289, GA_count: 326, Steps: 568

Train 23/500 Loss: 0.009099, Reward: 173.5793, PSO_prob: 0.513, Eps: 0.264, PSO_count: 152, Steps: 298

Train 74/500 Loss: 0.003022, Reward: 38.2179, PSO_prob: 0.489, Eps: 0.254, PSO_count: 22, Steps: 58

Train 94/500 Loss: 0.002775, Reward: 177.5378, PSO_prob: 0.512, Eps: 0.263, PSO_count: 156, Steps: 298

Train 75/500 Loss: 0.004434, Reward: 76.9722, GA_prob: 0.566, Eps: 0.286, GA_count: 79, Steps: 118

Train 30/500 Loss: 0.008454, Reward: 185.4592, PSO_prob: 0.491, Eps: 0.254, PSO_count: 154, Steps: 298

Train 93/500 Loss: 0.002448, Reward: 60.4199, PSO_prob: 0.511, Eps: 0.263, PSO_count: 52, Steps: 88

Train 76/500 Loss: 0.008004, Reward: 37.5363, PSO_prob: 0.489, Eps: 0.254, PSO_count: 22, Steps: 58

Train 94/500 Loss: 0.002752, Reward: 119.9808, PSO_prob: 0.488, Eps: 0.253, PSO_count: 97, Steps: 208

Train 95/500 Loss: 0.004968, Reward: 33.8802, GA_prob: 0.565, Eps: 0.285, GA_count: 31, Steps: 58

Train 31/500 Loss: 0.009689, Reward: 56.7741, GA_prob: 0.574, Eps: 0.289, GA_count: 58, Steps: 88

Train 24/500 Loss: 0.011577, Reward: 77.1333, GA_prob: 0.566, Eps: 0.286, GA_count: 79, Steps: 118

Train 30/500 Loss: 0.007724, Reward: 172.9536, PSO_prob: 0.512, Eps: 0.263, PSO_count: 156, Steps: 298

Train 75/500 Loss: 0.007926, Reward: 128.7396, PSO_prob: 0.488, Eps: 0.253, PSO_count: 97, Steps: 208

Train 95/500 Loss: 0.010100, Reward: 59.3843, PSO_prob: 0.511, Eps: 0.263, PSO_count: 52, Steps: 88

Train 76/500 Loss: 0.004931, Reward: 55.0849, GA_prob: 0.564, Eps: 0.285, GA_count: 49, Steps: 88

Train 32/500 Loss: 0.003018, Reward: 178.9339, PSO_prob: 0.487, Eps: 0.253, PSO_count: 150, Steps: 298

Train 96/500 Loss: 0.002629, Reward: 230.4285, PSO_prob: 0.510, Eps: 0.262, PSO_count: 205, Steps: 388

Train 77/500 Loss: 0.010559, Reward: 33.7068, GA_prob: 0.565, Eps: 0.285, GA_count: 31, Steps: 58

Train 31/500 Loss: 0.007865, Reward: 181.7778, PSO_prob: 0.487, Eps: 0.253, PSO_count: 150, Steps: 298

Train 96/500 Loss: 0.009985, Reward: 55.0525, GA_prob: 0.564, Eps: 0.285, GA_count: 49, Steps: 88

Train 32/500 Loss: 0.006201, Reward: 234.5366, PSO_prob: 0.510, Eps: 0.262, PSO_count: 205, Steps: 388

Train 77/500 Loss: 0.003943, Reward: 327.3829, GA_prob: 0.575, Eps: 0.289, GA_count: 326, Steps: 568

Train 23/500 Loss: 0.002893, Reward: 322.8594, PSO_prob: 0.486, Eps: 0.252, PSO_count: 277, Steps: 568

Train 97/500 Loss: 0.002646, Reward: 324.7243, PSO_prob: 0.509, Eps: 0.262, PSO_count: 292, Steps: 568

Train 78/500 Loss: 0.010622, Reward: 173.0569, GA_prob: 0.572, Eps: 0.288, GA_count: 161, Steps: 298

Train 25/500 Loss: 0.003065, Reward: 57.6506, PSO_prob: 0.485, Eps: 0.252, PSO_count: 48, Steps: 88

Train 98/500 Loss: 0.004127, Reward: 57.2936, GA_prob: 0.574, Eps: 0.289, GA_count: 58, Steps: 88

Train 24/500 Loss: 0.003396, Reward: 34.2600, PSO_prob: 0.507, Eps: 0.261, PSO_count: 26, Steps: 58

Train 79/500 Loss: 0.007511, Reward: 342.7431, PSO_prob: 0.486, Eps: 0.252, PSO_count: 277, Steps: 568

Train 97/500 Loss: 0.002961, Reward: 77.2182, PSO_prob: 0.506, Eps: 0.261, PSO_count: 63, Steps: 118

Train 80/500 Loss: 0.005517, Reward: 59.1285, PSO_prob: 0.485, Eps: 0.252, PSO_count: 48, Steps: 88

Train 98/500 Loss: 0.002947, Reward: 129.7444, PSO_prob: 0.483, Eps: 0.251, PSO_count: 100, Steps: 208

Train 99/500 Loss: 0.002933, Reward: 95.4544, PSO_prob: 0.505, Eps: 0.260, PSO_count: 82, Steps: 148

Train 81/500 Loss: 0.008636, Reward: 336.3537, PSO_prob: 0.509, Eps: 0.262, PSO_count: 292, Steps: 568

Train 78/500 Loss: 0.003601, Reward: 32.5877, PSO_prob: 0.504, Eps: 0.260, PSO_count: 26, Steps: 58

Train 82/500 Loss: 0.006219, Reward: 34.6714, PSO_prob: 0.507, Eps: 0.261, PSO_count: 26, Steps: 58

Train 79/500 Loss: 0.007444, Reward: 127.8734, PSO_prob: 0.483, Eps: 0.251, PSO_count: 100, Steps: 208

Train 99/500 Loss: 0.002733, Reward: 138.3621, PSO_prob: 0.482, Eps: 0.251, PSO_count: 104, Steps: 208

Train 100/500 Loss: 0.014474, Reward: 72.3719, PSO_prob: 0.506, Eps: 0.261, PSO_count: 63, Steps: 118

Train 80/500 Loss: 0.008490, Reward: 129.4427, PSO_prob: 0.482, Eps: 0.251, PSO_count: 104, Steps: 208

Train 100/500 Loss: 0.009386, Reward: 98.3669, PSO_prob: 0.505, Eps: 0.260, PSO_count: 82, Steps: 148

Train 81/500 Loss: 0.005025, Reward: 38.0863, PSO_prob: 0.504, Eps: 0.260, PSO_count: 26, Steps: 58

Train 82/500 Loss: 0.002472, Reward: 126.5156, PSO_prob: 0.481, Eps: 0.250, PSO_count: 90, Steps: 208

Train 101/500 Loss: 0.003056, Reward: 36.7525, PSO_prob: 0.480, Eps: 0.250, PSO_count: 29, Steps: 58

Train 102/500 Loss: 0.008658, Reward: 127.4562, PSO_prob: 0.481, Eps: 0.250, PSO_count: 90, Steps: 208

Train 101/500 Loss: 0.003798, Reward: 171.5690, GA_prob: 0.572, Eps: 0.288, GA_count: 161, Steps: 298

Train 25/500 Loss: 0.006749, Reward: 32.3388, PSO_prob: 0.480, Eps: 0.250, PSO_count: 29, Steps: 58

Train 102/500 Loss: 0.004269, Reward: 330.8147, GA_prob: 0.563, Eps: 0.284, GA_count: 309, Steps: 568

Train 33/500 Loss: 0.003019, Reward: 416.9051, PSO_prob: 0.503, Eps: 0.259, PSO_count: 363, Steps: 748

Train 83/500 Loss: 0.002868, Reward: 187.4460, PSO_prob: 0.501, Eps: 0.259, PSO_count: 142, Steps: 298

Train 84/500 Loss: 0.008608, Reward: 341.5404, GA_prob: 0.563, Eps: 0.284, GA_count: 309, Steps: 568

Train 33/500 Loss: 0.008146, Reward: 448.6869, PSO_prob: 0.503, Eps: 0.259, PSO_count: 363, Steps: 748

Train 83/500 Loss: 0.002659, Reward: 32.9126, PSO_prob: 0.500, Eps: 0.258, PSO_count: 33, Steps: 58

Train 85/500 Loss: 0.002571, Reward: 441.3751, PSO_prob: 0.479, Eps: 0.249, PSO_count: 355, Steps: 748

Train 103/500 Loss: 0.002513, Reward: 39.8468, PSO_prob: 0.477, Eps: 0.249, PSO_count: 31, Steps: 58

Train 104/500 Loss: 0.009552, Reward: 340.5343, GA_prob: 0.571, Eps: 0.288, GA_count: 339, Steps: 568

Train 26/500 Loss: 0.006771, Reward: 445.7529, PSO_prob: 0.479, Eps: 0.249, PSO_count: 355, Steps: 748

Train 103/500 Loss: 0.002228, Reward: 96.0614, PSO_prob: 0.476, Eps: 0.248, PSO_count: 69, Steps: 148

Train 105/500 Loss: 0.007999, Reward: 188.8566, PSO_prob: 0.501, Eps: 0.259, PSO_count: 142, Steps: 298

Train 84/500 Loss: 0.009162, Reward: 37.7128, PSO_prob: 0.477, Eps: 0.249, PSO_count: 31, Steps: 58

Train 104/500 Loss: 0.007045, Reward: 35.5978, PSO_prob: 0.500, Eps: 0.258, PSO_count: 33, Steps: 58

Train 85/500 Loss: 0.002615, Reward: 95.1558, PSO_prob: 0.475, Eps: 0.248, PSO_count: 75, Steps: 148

Train 106/500 Loss: 0.004554, Reward: 185.5593, GA_prob: 0.562, Eps: 0.284, GA_count: 166, Steps: 298

Train 34/500 Loss: 0.003073, Reward: 228.6131, PSO_prob: 0.499, Eps: 0.258, PSO_count: 190, Steps: 388

Train 86/500 Loss: 0.007658, Reward: 99.2282, PSO_prob: 0.476, Eps: 0.248, PSO_count: 69, Steps: 148

Train 105/500 Loss: 0.002968, Reward: 40.8412, PSO_prob: 0.498, Eps: 0.257, PSO_count: 28, Steps: 58

Train 87/500 Loss: 0.005850, Reward: 90.2493, PSO_prob: 0.475, Eps: 0.248, PSO_count: 75, Steps: 148

Train 106/500 Loss: 0.006524, Reward: 228.9691, PSO_prob: 0.499, Eps: 0.258, PSO_count: 190, Steps: 388

Train 86/500 Loss: 0.002392, Reward: 222.6050, PSO_prob: 0.474, Eps: 0.247, PSO_count: 172, Steps: 388

Train 107/500 Loss: 0.008472, Reward: 37.9731, PSO_prob: 0.498, Eps: 0.257, PSO_count: 28, Steps: 58

Train 87/500 Loss: 0.002579, Reward: 87.0878, PSO_prob: 0.473, Eps: 0.247, PSO_count: 68, Steps: 148

Train 108/500 Loss: 0.002896, Reward: 231.7584, PSO_prob: 0.497, Eps: 0.257, PSO_count: 170, Steps: 388

Train 88/500 Loss: 0.009571, Reward: 183.2876, GA_prob: 0.562, Eps: 0.284, GA_count: 166, Steps: 298

Train 34/500 Loss: 0.002394, Reward: 34.9150, PSO_prob: 0.471, Eps: 0.246, PSO_count: 31, Steps: 58

Train 109/500 Loss: 0.002405, Reward: 59.5606, PSO_prob: 0.495, Eps: 0.256, PSO_count: 44, Steps: 88

Train 89/500 Loss: 0.005894, Reward: 232.2574, PSO_prob: 0.474, Eps: 0.247, PSO_count: 172, Steps: 388

Train 107/500 Loss: 0.003796, Reward: 327.0512, GA_prob: 0.571, Eps: 0.288, GA_count: 339, Steps: 568

Train 26/500 Loss: 0.007485, Reward: 231.0555, PSO_prob: 0.497, Eps: 0.257, PSO_count: 170, Steps: 388

Train 88/500 Loss: 0.002610, Reward: 93.0963, PSO_prob: 0.494, Eps: 0.256, PSO_count: 85, Steps: 148

Train 90/500 Loss: 0.007433, Reward: 89.5350, PSO_prob: 0.473, Eps: 0.247, PSO_count: 68, Steps: 148

Train 108/500 Loss: 0.014174, Reward: 33.1755, PSO_prob: 0.471, Eps: 0.246, PSO_count: 31, Steps: 58

Train 109/500 Loss: 0.007849, Reward: 56.3865, PSO_prob: 0.495, Eps: 0.256, PSO_count: 44, Steps: 88

Train 89/500 Loss: 0.002457, Reward: 99.2804, PSO_prob: 0.493, Eps: 0.255, PSO_count: 65, Steps: 148

Train 91/500 Loss: 0.005908, Reward: 92.5189, PSO_prob: 0.494, Eps: 0.256, PSO_count: 85, Steps: 148

Train 90/500 Loss: 0.002534, Reward: 323.0553, PSO_prob: 0.470, Eps: 0.246, PSO_count: 259, Steps: 568

Train 110/500 Loss: 0.009716, Reward: 92.0936, PSO_prob: 0.493, Eps: 0.255, PSO_count: 65, Steps: 148

Train 91/500 Loss: 0.002505, Reward: 76.2632, PSO_prob: 0.469, Eps: 0.245, PSO_count: 56, Steps: 118

Train 111/500 Loss: 0.004792, Reward: 235.3854, GA_prob: 0.560, Eps: 0.283, GA_count: 239, Steps: 388

Train 35/500 Loss: 0.002567, Reward: 74.3802, PSO_prob: 0.468, Eps: 0.245, PSO_count: 64, Steps: 118

Train 112/500 Loss: 0.002412, Reward: 35.7881, PSO_prob: 0.467, Eps: 0.244, PSO_count: 30, Steps: 58

Train 113/500 Loss: 0.009566, Reward: 333.8375, PSO_prob: 0.470, Eps: 0.246, PSO_count: 259, Steps: 568

Train 110/500 Loss: 0.010239, Reward: 76.0637, PSO_prob: 0.469, Eps: 0.245, PSO_count: 56, Steps: 118

Train 111/500 Loss: 0.002274, Reward: 426.4439, PSO_prob: 0.492, Eps: 0.255, PSO_count: 382, Steps: 748

Train 92/500 Loss: 0.002187, Reward: 32.8691, PSO_prob: 0.491, Eps: 0.254, PSO_count: 28, Steps: 58

Train 93/500 Loss: 0.009840, Reward: 76.6939, PSO_prob: 0.468, Eps: 0.245, PSO_count: 64, Steps: 118

Train 112/500 Loss: 0.010511, Reward: 240.9154, GA_prob: 0.560, Eps: 0.283, GA_count: 239, Steps: 388

Train 35/500 Loss: 0.007539, Reward: 36.1289, PSO_prob: 0.467, Eps: 0.244, PSO_count: 30, Steps: 58

Train 113/500 Loss: 0.002645, Reward: 323.0763, PSO_prob: 0.465, Eps: 0.244, PSO_count: 260, Steps: 568

Train 114/500 Loss: 0.008733, Reward: 430.0785, GA_prob: 0.570, Eps: 0.287, GA_count: 423, Steps: 748

Train 27/500 Loss: 0.006877, Reward: 432.6846, PSO_prob: 0.492, Eps: 0.255, PSO_count: 382, Steps: 748

Train 92/500 Loss: 0.006767, Reward: 37.0234, PSO_prob: 0.491, Eps: 0.254, PSO_count: 28, Steps: 58

Train 93/500 Loss: 0.002284, Reward: 325.2588, PSO_prob: 0.489, Eps: 0.254, PSO_count: 279, Steps: 568

Train 94/500 Loss: 0.007311, Reward: 56.4366, GA_prob: 0.569, Eps: 0.287, GA_count: 46, Steps: 88

Train 28/500 Loss: 0.002915, Reward: 222.3583, PSO_prob: 0.464, Eps: 0.243, PSO_count: 182, Steps: 388

Train 115/500 Loss: 0.007996, Reward: 337.9212, PSO_prob: 0.465, Eps: 0.244, PSO_count: 260, Steps: 568

Train 114/500 Loss: 0.002388, Reward: 72.2135, PSO_prob: 0.463, Eps: 0.243, PSO_count: 53, Steps: 118

Train 116/500 Loss: 0.002277, Reward: 187.7629, PSO_prob: 0.488, Eps: 0.253, PSO_count: 144, Steps: 298

Train 95/500 Loss: 0.002331, Reward: 79.1630, PSO_prob: 0.487, Eps: 0.253, PSO_count: 53, Steps: 118

Train 96/500 Loss: 0.007669, Reward: 340.4690, PSO_prob: 0.489, Eps: 0.254, PSO_count: 279, Steps: 568

Train 94/500 Loss: 0.009677, Reward: 227.0926, PSO_prob: 0.464, Eps: 0.243, PSO_count: 182, Steps: 388

Train 115/500 Loss: 0.003197, Reward: 167.7430, PSO_prob: 0.462, Eps: 0.242, PSO_count: 133, Steps: 298

Train 117/500 Loss: 0.009688, Reward: 74.7766, PSO_prob: 0.463, Eps: 0.243, PSO_count: 53, Steps: 118

Train 116/500 Loss: 0.003248, Reward: 124.7498, PSO_prob: 0.461, Eps: 0.242, PSO_count: 99, Steps: 208

Train 118/500 Loss: 0.009456, Reward: 183.8614, PSO_prob: 0.488, Eps: 0.253, PSO_count: 144, Steps: 298

Train 95/500 Loss: 0.003890, Reward: 416.3976, GA_prob: 0.570, Eps: 0.287, GA_count: 423, Steps: 748

Train 27/500 Loss: 0.008249, Reward: 77.3668, PSO_prob: 0.487, Eps: 0.253, PSO_count: 53, Steps: 118

Train 96/500 Loss: 0.003167, Reward: 133.9089, PSO_prob: 0.459, Eps: 0.241, PSO_count: 106, Steps: 208

Train 119/500 Loss: 0.011814, Reward: 173.8331, PSO_prob: 0.462, Eps: 0.242, PSO_count: 133, Steps: 298

Train 117/500 Loss: 0.002389, Reward: 318.5076, PSO_prob: 0.486, Eps: 0.252, PSO_count: 268, Steps: 568

Train 97/500 Loss: 0.003320, Reward: 60.3150, GA_prob: 0.569, Eps: 0.287, GA_count: 46, Steps: 88

Train 28/500 Loss: 0.008149, Reward: 238.4721, GA_prob: 0.568, Eps: 0.286, GA_count: 207, Steps: 388

Train 29/500 Loss: 0.004171, Reward: 417.2952, GA_prob: 0.559, Eps: 0.283, GA_count: 419, Steps: 748

Train 36/500 Loss: 0.006300, Reward: 126.5911, PSO_prob: 0.461, Eps: 0.242, PSO_count: 99, Steps: 208

Train 118/500 Loss: 0.003508, Reward: 229.0061, PSO_prob: 0.458, Eps: 0.241, PSO_count: 173, Steps: 388

Train 120/500 Loss: 0.002419, Reward: 224.9230, PSO_prob: 0.485, Eps: 0.252, PSO_count: 191, Steps: 388

Train 98/500 Loss: 0.008506, Reward: 132.2617, PSO_prob: 0.459, Eps: 0.241, PSO_count: 106, Steps: 208

Train 119/500 Loss: 0.006935, Reward: 337.6467, PSO_prob: 0.486, Eps: 0.252, PSO_count: 268, Steps: 568

Train 97/500 Loss: 0.002999, Reward: 91.8026, PSO_prob: 0.457, Eps: 0.240, PSO_count: 73, Steps: 148

Train 121/500 Loss: 0.011200, Reward: 92.0682, GA_prob: 0.566, Eps: 0.286, GA_count: 86, Steps: 148

Train 30/500 Loss: 0.002292, Reward: 177.8635, PSO_prob: 0.483, Eps: 0.251, PSO_count: 155, Steps: 298

Train 99/500 Loss: 0.002915, Reward: 132.5077, PSO_prob: 0.456, Eps: 0.240, PSO_count: 95, Steps: 208

Train 122/500 Loss: 0.010122, Reward: 428.2072, GA_prob: 0.559, Eps: 0.283, GA_count: 419, Steps: 748

Train 36/500 Loss: 0.002104, Reward: 77.8130, PSO_prob: 0.482, Eps: 0.251, PSO_count: 56, Steps: 118

Train 100/500 Loss: 0.008698, Reward: 232.9450, PSO_prob: 0.458, Eps: 0.241, PSO_count: 173, Steps: 388

Train 120/500 Loss: 0.002343, Reward: 78.2383, PSO_prob: 0.481, Eps: 0.250, PSO_count: 60, Steps: 118

Train 101/500 Loss: 0.006106, Reward: 231.7776, PSO_prob: 0.485, Eps: 0.252, PSO_count: 191, Steps: 388

Train 98/500 Loss: 0.002935, Reward: 135.6946, PSO_prob: 0.455, Eps: 0.239, PSO_count: 95, Steps: 208

Train 123/500 Loss: 0.002343, Reward: 61.1839, PSO_prob: 0.480, Eps: 0.250, PSO_count: 44, Steps: 88

Train 102/500 Loss: 0.007854, Reward: 91.6603, PSO_prob: 0.457, Eps: 0.240, PSO_count: 73, Steps: 148

Train 121/500 Loss: 0.011444, Reward: 79.9388, GA_prob: 0.565, Eps: 0.285, GA_count: 75, Steps: 118

Train 31/500 Loss: 0.002777, Reward: 98.8246, PSO_prob: 0.453, Eps: 0.239, PSO_count: 59, Steps: 148

Train 124/500 Loss: 0.003257, Reward: 234.0749, GA_prob: 0.568, Eps: 0.286, GA_count: 207, Steps: 388

Train 29/500 Loss: 0.002242, Reward: 126.4418, PSO_prob: 0.479, Eps: 0.249, PSO_count: 106, Steps: 208

Train 103/500 Loss: 0.009108, Reward: 130.0689, PSO_prob: 0.456, Eps: 0.240, PSO_count: 95, Steps: 208

Train 122/500 Loss: 0.008660, Reward: 182.5415, PSO_prob: 0.483, Eps: 0.251, PSO_count: 155, Steps: 298

Train 99/500 Loss: 0.004278, Reward: 239.5832, GA_prob: 0.558, Eps: 0.282, GA_count: 218, Steps: 388

Train 37/500 Loss: 0.005211, Reward: 78.5994, PSO_prob: 0.482, Eps: 0.251, PSO_count: 56, Steps: 118

Train 100/500 Loss: 0.013575, Reward: 130.4059, PSO_prob: 0.455, Eps: 0.239, PSO_count: 95, Steps: 208

Train 123/500 Loss: 0.002181, Reward: 176.1151, PSO_prob: 0.477, Eps: 0.249, PSO_count: 146, Steps: 298

Train 104/500 Loss: 0.005861, Reward: 73.4748, PSO_prob: 0.481, Eps: 0.250, PSO_count: 60, Steps: 118

Train 101/500 Loss: 0.003176, Reward: 224.2546, PSO_prob: 0.452, Eps: 0.238, PSO_count: 156, Steps: 388

Train 125/500 Loss: 0.008297, Reward: 92.4405, GA_prob: 0.564, Eps: 0.285, GA_count: 94, Steps: 148

Train 32/500 Loss: 0.007958, Reward: 57.6378, PSO_prob: 0.480, Eps: 0.250, PSO_count: 44, Steps: 88

Train 102/500 Loss: 0.002314, Reward: 77.1970, PSO_prob: 0.476, Eps: 0.248, PSO_count: 70, Steps: 118

Train 105/500 Loss: 0.011752, Reward: 99.0727, PSO_prob: 0.453, Eps: 0.239, PSO_count: 59, Steps: 148

Train 124/500 Loss: 0.003502, Reward: 96.4979, GA_prob: 0.566, Eps: 0.286, GA_count: 86, Steps: 148

Train 30/500 Loss: 0.002154, Reward: 38.7071, PSO_prob: 0.475, Eps: 0.248, PSO_count: 26, Steps: 58

Train 106/500 Loss: 0.006011, Reward: 130.1813, PSO_prob: 0.479, Eps: 0.249, PSO_count: 106, Steps: 208

Train 103/500 Loss: 0.002744, Reward: 179.0406, PSO_prob: 0.451, Eps: 0.238, PSO_count: 127, Steps: 298

Train 126/500 Loss: 0.002286, Reward: 125.6726, PSO_prob: 0.474, Eps: 0.247, PSO_count: 106, Steps: 208

Train 107/500 Loss: 0.012178, Reward: 238.6491, GA_prob: 0.558, Eps: 0.282, GA_count: 218, Steps: 388

Train 37/500 Loss: 0.007242, Reward: 232.7567, PSO_prob: 0.452, Eps: 0.238, PSO_count: 156, Steps: 388

Train 125/500 Loss: 0.002261, Reward: 131.0989, PSO_prob: 0.473, Eps: 0.247, PSO_count: 100, Steps: 208

Train 108/500 Loss: 0.003114, Reward: 79.7423, GA_prob: 0.565, Eps: 0.285, GA_count: 75, Steps: 118

Train 31/500 Loss: 0.011378, Reward: 179.2554, PSO_prob: 0.477, Eps: 0.249, PSO_count: 146, Steps: 298

Train 104/500 Loss: 0.007587, Reward: 75.4596, PSO_prob: 0.476, Eps: 0.248, PSO_count: 70, Steps: 118

Train 105/500 Loss: 0.002379, Reward: 128.6551, PSO_prob: 0.471, Eps: 0.246, PSO_count: 102, Steps: 208

Train 109/500 Loss: 0.012102, Reward: 37.2115, PSO_prob: 0.475, Eps: 0.248, PSO_count: 26, Steps: 58

Train 106/500 Loss: 0.008985, Reward: 185.4834, PSO_prob: 0.451, Eps: 0.238, PSO_count: 127, Steps: 298

Train 126/500 Loss: 0.002861, Reward: 323.6380, PSO_prob: 0.450, Eps: 0.237, PSO_count: 260, Steps: 568

Train 127/500 Loss: 0.002397, Reward: 128.1485, PSO_prob: 0.470, Eps: 0.246, PSO_count: 84, Steps: 208

Train 110/500 Loss: 0.003958, Reward: 38.7558, PSO_prob: 0.448, Eps: 0.237, PSO_count: 35, Steps: 58

Train 128/500 Loss: 0.008006, Reward: 125.9598, PSO_prob: 0.474, Eps: 0.247, PSO_count: 106, Steps: 208

Train 107/500 Loss: 0.003651, Reward: 91.7569, GA_prob: 0.564, Eps: 0.285, GA_count: 94, Steps: 148

Train 32/500 Loss: 0.002230, Reward: 136.2323, PSO_prob: 0.469, Eps: 0.245, PSO_count: 101, Steps: 208

Train 111/500 Loss: 0.010459, Reward: 126.9781, PSO_prob: 0.473, Eps: 0.247, PSO_count: 100, Steps: 208

Train 108/500 Loss: 0.009365, Reward: 240.7578, GA_prob: 0.563, Eps: 0.284, GA_count: 231, Steps: 388

Train 33/500 Loss: 0.002793, Reward: 169.9187, PSO_prob: 0.447, Eps: 0.236, PSO_count: 136, Steps: 298

Train 129/500 Loss: 0.002153, Reward: 89.9818, PSO_prob: 0.468, Eps: 0.245, PSO_count: 62, Steps: 148

Train 112/500 Loss: 0.005843, Reward: 338.3742, PSO_prob: 0.450, Eps: 0.237, PSO_count: 260, Steps: 568

Train 127/500 Loss: 0.002010, Reward: 59.0499, PSO_prob: 0.467, Eps: 0.244, PSO_count: 41, Steps: 88

Train 113/500 Loss: 0.008600, Reward: 132.1849, PSO_prob: 0.471, Eps: 0.246, PSO_count: 102, Steps: 208

Train 109/500 Loss: 0.003229, Reward: 78.7178, PSO_prob: 0.446, Eps: 0.236, PSO_count: 59, Steps: 118

Train 130/500 Loss: 0.004539, Reward: 36.9884, PSO_prob: 0.448, Eps: 0.237, PSO_count: 35, Steps: 58

Train 128/500 Loss: 0.002066, Reward: 59.7166, PSO_prob: 0.465, Eps: 0.244, PSO_count: 47, Steps: 88

Train 114/500 Loss: 0.011738, Reward: 128.8418, PSO_prob: 0.470, Eps: 0.246, PSO_count: 84, Steps: 208

Train 110/500 Loss: 0.004028, Reward: 327.4310, GA_prob: 0.557, Eps: 0.282, GA_count: 332, Steps: 568

Train 38/500 Loss: 0.002409, Reward: 181.5842, PSO_prob: 0.445, Eps: 0.235, PSO_count: 128, Steps: 298

Train 131/500 Loss: 0.005863, Reward: 179.4438, PSO_prob: 0.447, Eps: 0.236, PSO_count: 136, Steps: 298

Train 129/500 Loss: 0.006157, Reward: 136.5714, PSO_prob: 0.469, Eps: 0.245, PSO_count: 101, Steps: 208

Train 111/500 Loss: 0.002429, Reward: 91.9907, PSO_prob: 0.444, Eps: 0.235, PSO_count: 72, Steps: 148

Train 132/500 Loss: 0.010830, Reward: 75.1989, PSO_prob: 0.446, Eps: 0.236, PSO_count: 59, Steps: 118

Train 130/500 Loss: 0.007593, Reward: 87.8114, PSO_prob: 0.468, Eps: 0.245, PSO_count: 62, Steps: 148

Train 112/500 Loss: 0.007435, Reward: 128.5234, GA_prob: 0.562, Eps: 0.284, GA_count: 122, Steps: 208

Train 34/500 Loss: 0.003831, Reward: 77.8690, GA_prob: 0.556, Eps: 0.281, GA_count: 74, Steps: 118

Train 39/500 Loss: 0.002148, Reward: 330.3811, PSO_prob: 0.464, Eps: 0.243, PSO_count: 269, Steps: 568

Train 115/500 Loss: 0.016213, Reward: 54.6323, PSO_prob: 0.467, Eps: 0.244, PSO_count: 41, Steps: 88

Train 113/500 Loss: 0.002974, Reward: 125.7724, PSO_prob: 0.442, Eps: 0.234, PSO_count: 90, Steps: 208

Train 133/500 Loss: 0.008466, Reward: 343.7295, GA_prob: 0.557, Eps: 0.282, GA_count: 332, Steps: 568

Train 38/500 Loss: 0.012941, Reward: 58.7333, PSO_prob: 0.465, Eps: 0.244, PSO_count: 47, Steps: 88

Train 114/500 Loss: 0.003234, Reward: 38.5419, GA_prob: 0.554, Eps: 0.281, GA_count: 31, Steps: 58

Train 40/500 Loss: 0.006586, Reward: 186.0265, PSO_prob: 0.445, Eps: 0.235, PSO_count: 128, Steps: 298

Train 131/500 Loss: 0.003555, Reward: 239.7947, GA_prob: 0.563, Eps: 0.284, GA_count: 231, Steps: 388

Train 33/500 Loss: 0.009914, Reward: 78.4288, GA_prob: 0.560, Eps: 0.283, GA_count: 70, Steps: 118

Train 35/500 Loss: 0.004975, Reward: 96.8461, PSO_prob: 0.444, Eps: 0.235, PSO_count: 72, Steps: 148

Train 132/500 Loss: 0.006513, Reward: 79.9086, GA_prob: 0.556, Eps: 0.281, GA_count: 74, Steps: 118

Train 39/500 Loss: 0.002129, Reward: 327.8805, PSO_prob: 0.463, Eps: 0.243, PSO_count: 263, Steps: 568

Train 116/500 Loss: 0.006356, Reward: 129.7812, PSO_prob: 0.442, Eps: 0.234, PSO_count: 90, Steps: 208

Train 133/500 Loss: 0.003966, Reward: 98.8549, GA_prob: 0.553, Eps: 0.280, GA_count: 87, Steps: 148

Train 41/500 Loss: 0.006778, Reward: 38.0175, GA_prob: 0.554, Eps: 0.281, GA_count: 31, Steps: 58

Train 40/500 Loss: 0.002906, Reward: 332.4958, PSO_prob: 0.441, Eps: 0.234, PSO_count: 255, Steps: 568

Train 134/500 Loss: 0.009230, Reward: 352.9857, PSO_prob: 0.464, Eps: 0.243, PSO_count: 269, Steps: 568

Train 115/500 Loss: 0.003520, Reward: 124.8181, GA_prob: 0.562, Eps: 0.284, GA_count: 122, Steps: 208

Train 34/500 Loss: 0.002521, Reward: 184.5294, PSO_prob: 0.440, Eps: 0.233, PSO_count: 138, Steps: 298

Train 135/500 Loss: 0.004476, Reward: 95.8525, GA_prob: 0.553, Eps: 0.280, GA_count: 87, Steps: 148

Train 41/500 Loss: 0.004844, Reward: 339.0978, PSO_prob: 0.441, Eps: 0.234, PSO_count: 255, Steps: 568

Train 134/500 Loss: 0.002031, Reward: 429.9669, PSO_prob: 0.462, Eps: 0.242, PSO_count: 346, Steps: 748

Train 117/500 Loss: 0.006293, Reward: 338.2538, PSO_prob: 0.463, Eps: 0.243, PSO_count: 263, Steps: 568

Train 116/500 Loss: 0.003616, Reward: 77.6610, GA_prob: 0.560, Eps: 0.283, GA_count: 70, Steps: 118

Train 35/500 Loss: 0.002399, Reward: 237.6155, PSO_prob: 0.439, Eps: 0.233, PSO_count: 172, Steps: 388

Train 136/500 Loss: 0.006525, Reward: 176.7473, PSO_prob: 0.440, Eps: 0.233, PSO_count: 138, Steps: 298

Train 135/500 Loss: 0.001969, Reward: 232.9145, PSO_prob: 0.461, Eps: 0.242, PSO_count: 164, Steps: 388

Train 118/500 Loss: 0.003937, Reward: 225.4512, GA_prob: 0.552, Eps: 0.280, GA_count: 211, Steps: 388

Train 42/500 Loss: 0.001771, Reward: 60.0958, PSO_prob: 0.459, Eps: 0.241, PSO_count: 39, Steps: 88

Train 119/500 Loss: 0.002174, Reward: 40.3587, PSO_prob: 0.458, Eps: 0.241, PSO_count: 26, Steps: 58

Train 120/500 Loss: 0.007129, Reward: 242.7246, PSO_prob: 0.439, Eps: 0.233, PSO_count: 172, Steps: 388

Train 136/500 Loss: 0.002466, Reward: 312.7710, PSO_prob: 0.438, Eps: 0.232, PSO_count: 239, Steps: 568

Train 137/500 Loss: 0.002108, Reward: 74.7158, PSO_prob: 0.457, Eps: 0.240, PSO_count: 49, Steps: 118

Train 121/500 Loss: 0.002691, Reward: 37.3545, PSO_prob: 0.456, Eps: 0.240, PSO_count: 28, Steps: 58

Train 122/500 Loss: 0.002070, Reward: 94.3680, PSO_prob: 0.436, Eps: 0.232, PSO_count: 71, Steps: 148

Train 138/500 Loss: 0.005887, Reward: 438.7979, PSO_prob: 0.462, Eps: 0.242, PSO_count: 346, Steps: 748

Train 117/500 Loss: 0.002256, Reward: 56.5146, PSO_prob: 0.435, Eps: 0.231, PSO_count: 38, Steps: 88

Train 139/500 Loss: 0.007307, Reward: 231.0123, GA_prob: 0.552, Eps: 0.280, GA_count: 211, Steps: 388

Train 42/500 Loss: 0.009280, Reward: 428.6579, GA_prob: 0.559, Eps: 0.283, GA_count: 396, Steps: 748

Train 36/500 Loss: 0.005390, Reward: 229.7611, PSO_prob: 0.461, Eps: 0.242, PSO_count: 164, Steps: 388

Train 118/500 Loss: 0.006493, Reward: 327.5820, PSO_prob: 0.438, Eps: 0.232, PSO_count: 239, Steps: 568

Train 137/500 Loss: 0.002246, Reward: 327.1529, PSO_prob: 0.455, Eps: 0.239, PSO_count: 266, Steps: 568

Train 123/500 Loss: 0.005997, Reward: 55.2847, PSO_prob: 0.459, Eps: 0.241, PSO_count: 39, Steps: 88

Train 119/500 Loss: 0.005033, Reward: 38.9760, PSO_prob: 0.458, Eps: 0.241, PSO_count: 26, Steps: 58

Train 120/500 Loss: 0.007888, Reward: 97.0250, PSO_prob: 0.436, Eps: 0.232, PSO_count: 71, Steps: 148

Train 138/500 Loss: 0.006299, Reward: 55.4391, PSO_prob: 0.435, Eps: 0.231, PSO_count: 38, Steps: 88

Train 139/500 Loss: 0.009760, Reward: 69.0051, PSO_prob: 0.457, Eps: 0.240, PSO_count: 49, Steps: 118

Train 121/500 Loss: 0.009090, Reward: 36.0506, PSO_prob: 0.456, Eps: 0.240, PSO_count: 28, Steps: 58

Train 122/500 Loss: 0.002043, Reward: 427.4676, PSO_prob: 0.434, Eps: 0.231, PSO_count: 329, Steps: 748

Train 140/500 Loss: 0.001914, Reward: 228.3812, PSO_prob: 0.453, Eps: 0.239, PSO_count: 169, Steps: 388

Train 124/500 Loss: 0.009693, Reward: 125.3390, GA_prob: 0.558, Eps: 0.282, GA_count: 117, Steps: 208

Train 37/500 Loss: 0.006597, Reward: 321.7139, PSO_prob: 0.455, Eps: 0.239, PSO_count: 266, Steps: 568

Train 123/500 Loss: 0.003584, Reward: 416.2905, GA_prob: 0.559, Eps: 0.283, GA_count: 396, Steps: 748

Train 36/500 Loss: 0.005906, Reward: 443.7370, PSO_prob: 0.434, Eps: 0.231, PSO_count: 329, Steps: 748

Train 140/500 Loss: 0.001938, Reward: 421.8705, PSO_prob: 0.433, Eps: 0.230, PSO_count: 317, Steps: 748

Train 141/500 Loss: 0.001887, Reward: 429.8286, PSO_prob: 0.452, Eps: 0.238, PSO_count: 348, Steps: 748

Train 125/500 Loss: 0.005100, Reward: 235.7185, PSO_prob: 0.453, Eps: 0.239, PSO_count: 169, Steps: 388

Train 124/500 Loss: 0.003207, Reward: 426.7772, GA_prob: 0.551, Eps: 0.279, GA_count: 405, Steps: 748

Train 43/500 Loss: 0.001908, Reward: 174.0527, PSO_prob: 0.451, Eps: 0.238, PSO_count: 139, Steps: 298

Train 126/500 Loss: 0.003877, Reward: 127.2442, GA_prob: 0.558, Eps: 0.282, GA_count: 117, Steps: 208

Train 37/500 Loss: 0.001960, Reward: 332.0076, PSO_prob: 0.432, Eps: 0.230, PSO_count: 254, Steps: 568

Train 142/500 Loss: 0.001730, Reward: 96.4646, PSO_prob: 0.450, Eps: 0.237, PSO_count: 59, Steps: 148

Train 127/500 Loss: 0.001631, Reward: 36.3862, PSO_prob: 0.448, Eps: 0.237, PSO_count: 25, Steps: 58

Train 128/500 Loss: 0.005864, Reward: 432.7851, PSO_prob: 0.433, Eps: 0.230, PSO_count: 317, Steps: 748

Train 141/500 Loss: 0.006129, Reward: 445.5925, GA_prob: 0.551, Eps: 0.279, GA_count: 405, Steps: 748

Train 43/500 Loss: 0.001819, Reward: 39.4848, PSO_prob: 0.447, Eps: 0.236, PSO_count: 31, Steps: 58

Train 129/500 Loss: 0.001440, Reward: 35.9464, PSO_prob: 0.446, Eps: 0.236, PSO_count: 26, Steps: 58

Train 130/500 Loss: 0.003257, Reward: 125.6557, GA_prob: 0.549, Eps: 0.279, GA_count: 112, Steps: 208

Train 44/500 Loss: 0.005724, Reward: 433.1241, PSO_prob: 0.452, Eps: 0.238, PSO_count: 348, Steps: 748

Train 125/500 Loss: 0.001698, Reward: 232.6196, PSO_prob: 0.430, Eps: 0.229, PSO_count: 165, Steps: 388

Train 143/500 Loss: 0.001839, Reward: 77.8326, PSO_prob: 0.429, Eps: 0.229, PSO_count: 58, Steps: 118

Train 144/500 Loss: 0.001913, Reward: 180.5515, PSO_prob: 0.445, Eps: 0.235, PSO_count: 138, Steps: 298

Train 131/500 Loss: 0.001792, Reward: 34.9819, PSO_prob: 0.444, Eps: 0.235, PSO_count: 23, Steps: 58

Train 132/500 Loss: 0.005837, Reward: 169.4825, PSO_prob: 0.451, Eps: 0.238, PSO_count: 139, Steps: 298

Train 126/500 Loss: 0.004521, Reward: 337.7923, PSO_prob: 0.432, Eps: 0.230, PSO_count: 254, Steps: 568

Train 142/500 Loss: 0.006865, Reward: 127.2267, GA_prob: 0.549, Eps: 0.279, GA_count: 112, Steps: 208

Train 44/500 Loss: 0.001907, Reward: 138.7536, PSO_prob: 0.442, Eps: 0.234, PSO_count: 97, Steps: 208

Train 133/500 Loss: 0.005079, Reward: 94.1506, PSO_prob: 0.450, Eps: 0.237, PSO_count: 59, Steps: 148

Train 127/500 Loss: 0.009850, Reward: 36.8480, PSO_prob: 0.448, Eps: 0.237, PSO_count: 25, Steps: 58

Train 128/500 Loss: 0.007843, Reward: 38.4783, PSO_prob: 0.447, Eps: 0.236, PSO_count: 31, Steps: 58

Train 129/500 Loss: 0.002027, Reward: 80.2533, PSO_prob: 0.441, Eps: 0.234, PSO_count: 53, Steps: 118

Train 134/500 Loss: 0.011298, Reward: 38.1862, PSO_prob: 0.446, Eps: 0.236, PSO_count: 26, Steps: 58

Train 130/500 Loss: 0.001987, Reward: 39.2174, PSO_prob: 0.440, Eps: 0.233, PSO_count: 32, Steps: 58

Train 135/500 Loss: 0.001597, Reward: 35.1853, PSO_prob: 0.439, Eps: 0.233, PSO_count: 20, Steps: 58

Train 136/500 Loss: 0.005778, Reward: 239.4076, PSO_prob: 0.430, Eps: 0.229, PSO_count: 165, Steps: 388

Train 143/500 Loss: 0.008796, Reward: 438.1125, GA_prob: 0.557, Eps: 0.282, GA_count: 432, Steps: 748

Train 38/500 Loss: 0.001750, Reward: 427.9871, PSO_prob: 0.428, Eps: 0.228, PSO_count: 325, Steps: 748

Train 145/500 Loss: 0.004991, Reward: 72.6961, PSO_prob: 0.429, Eps: 0.229, PSO_count: 58, Steps: 118

Train 144/500 Loss: 0.009412, Reward: 186.9333, PSO_prob: 0.445, Eps: 0.235, PSO_count: 138, Steps: 298

Train 131/500 Loss: 0.001340, Reward: 56.0142, PSO_prob: 0.427, Eps: 0.228, PSO_count: 30, Steps: 88

Train 146/500 Loss: 0.006833, Reward: 35.2397, PSO_prob: 0.444, Eps: 0.235, PSO_count: 23, Steps: 58

Train 132/500 Loss: 0.003468, Reward: 229.2333, GA_prob: 0.548, Eps: 0.278, GA_count: 198, Steps: 388

Train 45/500 Loss: 0.008600, Reward: 56.3269, GA_prob: 0.556, Eps: 0.281, GA_count: 51, Steps: 88

Train 39/500 Loss: 0.001635, Reward: 241.0648, PSO_prob: 0.438, Eps: 0.232, PSO_count: 174, Steps: 388

Train 137/500 Loss: 0.003819, Reward: 39.8094, GA_prob: 0.547, Eps: 0.278, GA_count: 34, Steps: 58

Train 46/500 Loss: 0.009226, Reward: 134.7113, PSO_prob: 0.442, Eps: 0.234, PSO_count: 97, Steps: 208

Train 133/500 Loss: 0.001862, Reward: 74.7623, PSO_prob: 0.436, Eps: 0.232, PSO_count: 55, Steps: 118

Train 138/500 Loss: 0.008186, Reward: 75.4897, PSO_prob: 0.441, Eps: 0.234, PSO_count: 53, Steps: 118

Train 134/500 Loss: 0.003871, Reward: 33.6753, GA_prob: 0.546, Eps: 0.277, GA_count: 26, Steps: 58

Train 47/500 Loss: 0.010627, Reward: 36.7046, PSO_prob: 0.440, Eps: 0.233, PSO_count: 32, Steps: 58

Train 135/500 Loss: 0.008026, Reward: 37.1130, PSO_prob: 0.439, Eps: 0.233, PSO_count: 20, Steps: 58

Train 136/500 Loss: 0.007350, Reward: 234.0297, GA_prob: 0.548, Eps: 0.278, GA_count: 198, Steps: 388

Train 45/500 Loss: 0.005656, Reward: 441.3181, PSO_prob: 0.428, Eps: 0.228, PSO_count: 325, Steps: 748

Train 145/500 Loss: 0.001703, Reward: 419.8306, PSO_prob: 0.426, Eps: 0.227, PSO_count: 325, Steps: 748

Train 147/500 Loss: 0.006327, Reward: 38.9403, GA_prob: 0.547, Eps: 0.278, GA_count: 34, Steps: 58

Train 46/500 Loss: 0.005367, Reward: 53.7823, PSO_prob: 0.427, Eps: 0.228, PSO_count: 30, Steps: 88

Train 146/500 Loss: 0.001661, Reward: 332.4260, PSO_prob: 0.435, Eps: 0.231, PSO_count: 237, Steps: 568

Train 139/500 Loss: 0.003106, Reward: 424.2615, GA_prob: 0.557, Eps: 0.282, GA_count: 432, Steps: 748

Train 38/500 Loss: 0.001658, Reward: 54.6979, PSO_prob: 0.434, Eps: 0.231, PSO_count: 40, Steps: 88

Train 140/500 Loss: 0.005433, Reward: 31.6987, GA_prob: 0.546, Eps: 0.277, GA_count: 26, Steps: 58

Train 47/500 Loss: 0.006888, Reward: 231.5102, PSO_prob: 0.438, Eps: 0.232, PSO_count: 174, Steps: 388

Train 137/500 Loss: 0.002380, Reward: 34.7607, PSO_prob: 0.433, Eps: 0.230, PSO_count: 29, Steps: 58

Train 141/500 Loss: 0.003857, Reward: 132.5251, GA_prob: 0.545, Eps: 0.277, GA_count: 111, Steps: 208

Train 48/500 Loss: 0.001673, Reward: 183.5932, PSO_prob: 0.424, Eps: 0.227, PSO_count: 126, Steps: 298

Train 148/500 Loss: 0.004324, Reward: 78.5684, PSO_prob: 0.436, Eps: 0.232, PSO_count: 55, Steps: 118

Train 138/500 Loss: 0.009515, Reward: 179.0160, GA_prob: 0.554, Eps: 0.281, GA_count: 179, Steps: 298

Train 40/500 Loss: 0.001604, Reward: 97.8308, PSO_prob: 0.423, Eps: 0.226, PSO_count: 68, Steps: 148

Train 149/500 Loss: 0.003421, Reward: 57.9107, GA_prob: 0.556, Eps: 0.281, GA_count: 51, Steps: 88

Train 39/500 Loss: 0.003722, Reward: 52.2004, GA_prob: 0.543, Eps: 0.276, GA_count: 55, Steps: 88

Train 49/500 Loss: 0.001934, Reward: 321.1348, PSO_prob: 0.432, Eps: 0.230, PSO_count: 245, Steps: 568

Train 142/500 Loss: 0.005454, Reward: 427.9773, PSO_prob: 0.426, Eps: 0.227, PSO_count: 325, Steps: 748

Train 147/500 Loss: 0.010196, Reward: 129.6853, GA_prob: 0.545, Eps: 0.277, GA_count: 111, Steps: 208

Train 48/500 Loss: 0.003656, Reward: 57.7264, GA_prob: 0.542, Eps: 0.276, GA_count: 51, Steps: 88

Train 50/500 Loss: 0.012597, Reward: 92.9460, GA_prob: 0.553, Eps: 0.280, GA_count: 84, Steps: 148

Train 41/500 Loss: 0.001711, Reward: 234.2213, PSO_prob: 0.422, Eps: 0.226, PSO_count: 148, Steps: 388

Train 150/500 Loss: 0.008837, Reward: 338.9889, PSO_prob: 0.435, Eps: 0.231, PSO_count: 237, Steps: 568

Train 139/500 Loss: 0.002004, Reward: 127.3196, PSO_prob: 0.430, Eps: 0.229, PSO_count: 92, Steps: 208

Train 143/500 Loss: 0.011422, Reward: 54.7053, PSO_prob: 0.434, Eps: 0.231, PSO_count: 40, Steps: 88

Train 140/500 Loss: 0.009205, Reward: 36.0274, PSO_prob: 0.433, Eps: 0.230, PSO_count: 29, Steps: 58

Train 141/500 Loss: 0.006763, Reward: 178.6001, PSO_prob: 0.424, Eps: 0.227, PSO_count: 126, Steps: 298

Train 148/500 Loss: 0.001973, Reward: 58.3182, PSO_prob: 0.429, Eps: 0.229, PSO_count: 39, Steps: 88

Train 144/500 Loss: 0.003652, Reward: 52.8750, GA_prob: 0.541, Eps: 0.275, GA_count: 54, Steps: 88

Train 51/500 Loss: 0.012416, Reward: 53.1973, GA_prob: 0.543, Eps: 0.276, GA_count: 55, Steps: 88

Train 49/500 Loss: 0.006609, Reward: 95.8429, PSO_prob: 0.423, Eps: 0.226, PSO_count: 68, Steps: 148

Train 149/500 Loss: 0.007221, Reward: 78.5641, GA_prob: 0.552, Eps: 0.280, GA_count: 73, Steps: 118

Train 42/500 Loss: 0.001949, Reward: 126.5080, PSO_prob: 0.428, Eps: 0.228, PSO_count: 86, Steps: 208

Train 145/500 Loss: 0.003669, Reward: 38.1134, GA_prob: 0.540, Eps: 0.275, GA_count: 29, Steps: 58

Train 52/500 Loss: 0.009968, Reward: 59.0392, GA_prob: 0.542, Eps: 0.276, GA_count: 51, Steps: 88

Train 50/500 Loss: 0.002670, Reward: 183.2415, GA_prob: 0.554, Eps: 0.281, GA_count: 179, Steps: 298

Train 40/500 Loss: 0.012698, Reward: 57.9026, GA_prob: 0.551, Eps: 0.279, GA_count: 50, Steps: 88

Train 43/500 Loss: 0.002159, Reward: 179.7558, PSO_prob: 0.427, Eps: 0.228, PSO_count: 138, Steps: 298

Train 146/500 Loss: 0.007854, Reward: 243.6906, PSO_prob: 0.422, Eps: 0.226, PSO_count: 148, Steps: 388

Train 150/500 Loss: 0.001781, Reward: 440.1718, PSO_prob: 0.421, Eps: 0.225, PSO_count: 324, Steps: 748

Train 151/500 Loss: 0.001442, Reward: 37.6827, PSO_prob: 0.426, Eps: 0.227, PSO_count: 21, Steps: 58

Train 147/500 Loss: 0.009205, Reward: 331.2906, PSO_prob: 0.432, Eps: 0.230, PSO_count: 245, Steps: 568

Train 142/500 Loss: 0.006806, Reward: 55.0754, GA_prob: 0.541, Eps: 0.275, GA_count: 54, Steps: 88

Train 51/500 Loss: 0.001764, Reward: 94.3776, PSO_prob: 0.424, Eps: 0.227, PSO_count: 53, Steps: 148

Train 148/500 Loss: 0.001763, Reward: 132.6115, PSO_prob: 0.420, Eps: 0.225, PSO_count: 81, Steps: 208

Train 152/500 Loss: 0.013177, Reward: 37.9314, GA_prob: 0.540, Eps: 0.275, GA_count: 29, Steps: 58

Train 52/500 Loss: 0.003044, Reward: 94.8711, GA_prob: 0.553, Eps: 0.280, GA_count: 84, Steps: 148

Train 41/500 Loss: 0.009185, Reward: 133.2993, PSO_prob: 0.430, Eps: 0.229, PSO_count: 92, Steps: 208

Train 143/500 Loss: 0.001716, Reward: 56.3794, PSO_prob: 0.418, Eps: 0.224, PSO_count: 32, Steps: 88

Train 153/500 Loss: 0.007991, Reward: 59.0844, PSO_prob: 0.429, Eps: 0.229, PSO_count: 39, Steps: 88

Train 144/500 Loss: 0.001715, Reward: 170.8886, PSO_prob: 0.423, Eps: 0.226, PSO_count: 117, Steps: 298

Train 149/500 Loss: 0.002062, Reward: 36.5395, PSO_prob: 0.422, Eps: 0.226, PSO_count: 17, Steps: 58

Train 150/500 Loss: 0.007578, Reward: 129.8411, PSO_prob: 0.428, Eps: 0.228, PSO_count: 86, Steps: 208

Train 145/500 Loss: 0.002627, Reward: 79.2619, GA_prob: 0.552, Eps: 0.280, GA_count: 73, Steps: 118

Train 42/500 Loss: 0.003400, Reward: 169.0119, GA_prob: 0.539, Eps: 0.274, GA_count: 176, Steps: 298

Train 53/500 Loss: 0.002020, Reward: 231.0703, PSO_prob: 0.417, Eps: 0.224, PSO_count: 171, Steps: 388

Train 154/500 Loss: 0.006126, Reward: 443.3153, PSO_prob: 0.421, Eps: 0.225, PSO_count: 324, Steps: 748

Train 151/500 Loss: 0.007169, Reward: 180.0865, PSO_prob: 0.427, Eps: 0.228, PSO_count: 138, Steps: 298

Train 146/500 Loss: 0.003556, Reward: 61.8518, GA_prob: 0.551, Eps: 0.279, GA_count: 50, Steps: 88

Train 43/500 Loss: 0.009734, Reward: 192.0498, GA_prob: 0.549, Eps: 0.279, GA_count: 167, Steps: 298

Train 44/500 Loss: 0.010301, Reward: 34.0343, PSO_prob: 0.426, Eps: 0.227, PSO_count: 21, Steps: 58

Train 147/500 Loss: 0.005097, Reward: 131.3027, PSO_prob: 0.420, Eps: 0.225, PSO_count: 81, Steps: 208

Train 152/500 Loss: 0.001791, Reward: 336.8272, PSO_prob: 0.421, Eps: 0.225, PSO_count: 249, Steps: 568

Train 151/500 Loss: 0.006832, Reward: 52.2991, PSO_prob: 0.418, Eps: 0.224, PSO_count: 32, Steps: 88

Train 153/500 Loss: 0.007326, Reward: 92.4995, PSO_prob: 0.424, Eps: 0.227, PSO_count: 53, Steps: 148

Train 148/500 Loss: 0.014251, Reward: 176.4440, GA_prob: 0.539, Eps: 0.274, GA_count: 176, Steps: 298

Train 53/500 Loss: 0.001602, Reward: 74.4998, PSO_prob: 0.420, Eps: 0.225, PSO_count: 53, Steps: 118

Train 152/500 Loss: 0.003765, Reward: 126.9570, GA_prob: 0.537, Eps: 0.274, GA_count: 118, Steps: 208

Train 54/500 Loss: 0.001582, Reward: 89.6579, PSO_prob: 0.418, Eps: 0.224, PSO_count: 70, Steps: 148

Train 153/500 Loss: 0.001870, Reward: 426.6313, PSO_prob: 0.416, Eps: 0.223, PSO_count: 308, Steps: 748

Train 155/500 Loss: 0.008035, Reward: 177.6292, PSO_prob: 0.423, Eps: 0.226, PSO_count: 117, Steps: 298

Train 149/500 Loss: 0.008231, Reward: 237.3912, PSO_prob: 0.417, Eps: 0.224, PSO_count: 171, Steps: 388

Train 154/500 Loss: 0.013463, Reward: 35.4758, PSO_prob: 0.422, Eps: 0.226, PSO_count: 17, Steps: 58

Train 150/500 Loss: 0.001997, Reward: 121.6684, PSO_prob: 0.417, Eps: 0.224, PSO_count: 90, Steps: 208

Train 154/500 Loss: 0.001639, Reward: 134.4192, PSO_prob: 0.415, Eps: 0.223, PSO_count: 85, Steps: 208

Train 156/500 Loss: 0.001662, Reward: 131.2718, PSO_prob: 0.416, Eps: 0.223, PSO_count: 72, Steps: 208

Train 155/500 Loss: 0.011559, Reward: 131.3266, GA_prob: 0.537, Eps: 0.274, GA_count: 118, Steps: 208

Train 54/500 Loss: 0.002024, Reward: 132.2176, PSO_prob: 0.414, Eps: 0.222, PSO_count: 89, Steps: 208

Train 157/500 Loss: 0.003102, Reward: 193.6051, GA_prob: 0.549, Eps: 0.279, GA_count: 167, Steps: 298

Train 44/500 Loss: 0.001613, Reward: 133.1758, PSO_prob: 0.415, Eps: 0.223, PSO_count: 85, Steps: 208

Train 156/500 Loss: 0.002019, Reward: 78.7693, PSO_prob: 0.412, Eps: 0.222, PSO_count: 51, Steps: 118

Train 158/500 Loss: 0.007726, Reward: 238.6196, GA_prob: 0.548, Eps: 0.278, GA_count: 203, Steps: 388

Train 45/500 Loss: 0.007116, Reward: 338.5875, PSO_prob: 0.421, Eps: 0.225, PSO_count: 249, Steps: 568

Train 151/500 Loss: 0.003386, Reward: 179.7868, GA_prob: 0.536, Eps: 0.273, GA_count: 161, Steps: 298

Train 55/500 Loss: 0.001972, Reward: 132.4589, PSO_prob: 0.411, Eps: 0.221, PSO_count: 80, Steps: 208

Train 159/500 Loss: 0.006919, Reward: 73.6440, PSO_prob: 0.420, Eps: 0.225, PSO_count: 53, Steps: 118

Train 152/500 Loss: 0.005770, Reward: 430.9122, PSO_prob: 0.416, Eps: 0.223, PSO_count: 308, Steps: 748

Train 155/500 Loss: 0.001558, Reward: 62.5862, PSO_prob: 0.410, Eps: 0.221, PSO_count: 38, Steps: 88

Train 160/500 Loss: 0.001667, Reward: 237.0031, PSO_prob: 0.414, Eps: 0.222, PSO_count: 159, Steps: 388

Train 157/500 Loss: 0.008104, Reward: 91.9792, PSO_prob: 0.418, Eps: 0.224, PSO_count: 70, Steps: 148

Train 153/500 Loss: 0.001483, Reward: 56.0859, PSO_prob: 0.409, Eps: 0.220, PSO_count: 46, Steps: 88

Train 161/500 Loss: 0.005779, Reward: 134.4250, PSO_prob: 0.415, Eps: 0.223, PSO_count: 85, Steps: 208

Train 156/500 Loss: 0.001652, Reward: 92.1720, PSO_prob: 0.408, Eps: 0.220, PSO_count: 70, Steps: 148

Train 162/500 Loss: 0.008204, Reward: 129.1029, PSO_prob: 0.417, Eps: 0.224, PSO_count: 90, Steps: 208

Train 154/500 Loss: 0.003617, Reward: 133.2350, PSO_prob: 0.414, Eps: 0.222, PSO_count: 89, Steps: 208

Train 157/500 Loss: 0.001652, Reward: 58.6919, PSO_prob: 0.406, Eps: 0.219, PSO_count: 35, Steps: 88

Train 163/500 Loss: 0.013031, Reward: 184.2609, GA_prob: 0.536, Eps: 0.273, GA_count: 161, Steps: 298

Train 55/500 Loss: 0.001316, Reward: 231.8099, PSO_prob: 0.412, Eps: 0.222, PSO_count: 156, Steps: 388

Train 158/500 Loss: 0.002931, Reward: 123.4085, GA_prob: 0.535, Eps: 0.273, GA_count: 102, Steps: 208

Train 56/500 Loss: 0.007861, Reward: 81.4949, PSO_prob: 0.412, Eps: 0.222, PSO_count: 51, Steps: 118

Train 158/500 Loss: 0.007860, Reward: 133.9683, PSO_prob: 0.416, Eps: 0.223, PSO_count: 72, Steps: 208

Train 155/500 Loss: 0.001182, Reward: 60.8004, PSO_prob: 0.411, Eps: 0.221, PSO_count: 42, Steps: 88

Train 159/500 Loss: 0.001092, Reward: 59.5693, PSO_prob: 0.410, Eps: 0.221, PSO_count: 37, Steps: 88

Train 160/500 Loss: 0.002768, Reward: 235.3898, GA_prob: 0.548, Eps: 0.278, GA_count: 203, Steps: 388

Train 45/500 Loss: 0.001358, Reward: 54.0206, PSO_prob: 0.409, Eps: 0.220, PSO_count: 35, Steps: 88

Train 161/500 Loss: 0.008977, Reward: 177.6378, GA_prob: 0.547, Eps: 0.278, GA_count: 164, Steps: 298

Train 46/500 Loss: 0.009364, Reward: 133.3124, PSO_prob: 0.411, Eps: 0.221, PSO_count: 80, Steps: 208

Train 159/500 Loss: 0.010074, Reward: 131.2803, PSO_prob: 0.415, Eps: 0.223, PSO_count: 85, Steps: 208

Train 156/500 Loss: 0.006514, Reward: 56.8248, PSO_prob: 0.410, Eps: 0.221, PSO_count: 38, Steps: 88

Train 160/500 Loss: 0.001367, Reward: 92.8248, PSO_prob: 0.408, Eps: 0.220, PSO_count: 65, Steps: 148

Train 162/500 Loss: 0.001607, Reward: 35.4754, PSO_prob: 0.406, Eps: 0.219, PSO_count: 23, Steps: 58

Train 163/500 Loss: 0.007370, Reward: 54.9539, PSO_prob: 0.409, Eps: 0.220, PSO_count: 46, Steps: 88

Train 161/500 Loss: 0.008726, Reward: 128.3327, GA_prob: 0.535, Eps: 0.273, GA_count: 102, Steps: 208

Train 56/500 Loss: 0.001243, Reward: 54.5542, PSO_prob: 0.405, Eps: 0.219, PSO_count: 29, Steps: 88

Train 164/500 Loss: 0.001877, Reward: 332.9740, PSO_prob: 0.405, Eps: 0.219, PSO_count: 219, Steps: 568

Train 164/500 Loss: 0.009969, Reward: 94.4516, PSO_prob: 0.408, Eps: 0.220, PSO_count: 70, Steps: 148

Train 162/500 Loss: 0.002338, Reward: 93.4029, PSO_prob: 0.404, Eps: 0.218, PSO_count: 58, Steps: 148

Train 165/500 Loss: 0.005453, Reward: 238.3354, PSO_prob: 0.414, Eps: 0.222, PSO_count: 159, Steps: 388

Train 157/500 Loss: 0.007961, Reward: 56.5492, PSO_prob: 0.406, Eps: 0.219, PSO_count: 35, Steps: 88

Train 163/500 Loss: 0.003254, Reward: 172.9620, GA_prob: 0.534, Eps: 0.272, GA_count: 158, Steps: 298

Train 57/500 Loss: 0.001739, Reward: 175.5715, PSO_prob: 0.404, Eps: 0.218, PSO_count: 123, Steps: 298

Train 165/500 Loss: 0.001421, Reward: 131.5457, PSO_prob: 0.403, Eps: 0.218, PSO_count: 84, Steps: 208

Train 166/500 Loss: 0.007009, Reward: 235.0885, PSO_prob: 0.412, Eps: 0.222, PSO_count: 156, Steps: 388

Train 158/500 Loss: 0.002649, Reward: 174.4017, GA_prob: 0.547, Eps: 0.278, GA_count: 164, Steps: 298

Train 46/500 Loss: 0.010535, Reward: 181.5484, GA_prob: 0.546, Eps: 0.277, GA_count: 164, Steps: 298

Train 47/500 Loss: 0.001633, Reward: 181.2626, PSO_prob: 0.403, Eps: 0.218, PSO_count: 114, Steps: 298

Train 166/500 Loss: 0.006835, Reward: 57.5483, PSO_prob: 0.411, Eps: 0.221, PSO_count: 42, Steps: 88

Train 159/500 Loss: 0.001811, Reward: 37.0711, PSO_prob: 0.402, Eps: 0.217, PSO_count: 25, Steps: 58

Train 167/500 Loss: 0.007980, Reward: 57.9116, PSO_prob: 0.410, Eps: 0.221, PSO_count: 37, Steps: 88

Train 160/500 Loss: 0.003704, Reward: 90.1403, GA_prob: 0.533, Eps: 0.272, GA_count: 84, Steps: 148

Train 58/500 Loss: 0.009752, Reward: 341.6562, PSO_prob: 0.405, Eps: 0.219, PSO_count: 219, Steps: 568

Train 164/500 Loss: 0.012224, Reward: 178.8225, GA_prob: 0.534, Eps: 0.272, GA_count: 158, Steps: 298

Train 57/500 Loss: 0.010007, Reward: 53.5010, PSO_prob: 0.409, Eps: 0.220, PSO_count: 35, Steps: 88

Train 161/500 Loss: 0.008252, Reward: 94.1400, PSO_prob: 0.408, Eps: 0.220, PSO_count: 65, Steps: 148

Train 162/500 Loss: 0.007095, Reward: 36.0866, PSO_prob: 0.406, Eps: 0.219, PSO_count: 23, Steps: 58

Train 163/500 Loss: 0.007533, Reward: 181.7377, PSO_prob: 0.404, Eps: 0.218, PSO_count: 123, Steps: 298

Train 165/500 Loss: 0.001716, Reward: 226.3302, PSO_prob: 0.400, Eps: 0.217, PSO_count: 149, Steps: 388

Train 168/500 Loss: 0.006891, Reward: 54.9589, PSO_prob: 0.405, Eps: 0.219, PSO_count: 29, Steps: 88

Train 164/500 Loss: 0.001259, Reward: 425.4943, PSO_prob: 0.402, Eps: 0.217, PSO_count: 318, Steps: 748

Train 167/500 Loss: 0.002024, Reward: 54.5919, PSO_prob: 0.399, Eps: 0.216, PSO_count: 39, Steps: 88

Train 169/500 Loss: 0.009051, Reward: 124.5749, GA_prob: 0.545, Eps: 0.277, GA_count: 119, Steps: 208

Train 48/500 Loss: 0.011593, Reward: 93.0103, GA_prob: 0.533, Eps: 0.272, GA_count: 84, Steps: 148

Train 58/500 Loss: 0.008108, Reward: 91.0875, PSO_prob: 0.404, Eps: 0.218, PSO_count: 58, Steps: 148

Train 165/500 Loss: 0.008484, Reward: 186.0326, PSO_prob: 0.403, Eps: 0.218, PSO_count: 114, Steps: 298

Train 166/500 Loss: 0.004232, Reward: 38.1311, GA_prob: 0.543, Eps: 0.276, GA_count: 28, Steps: 58

Train 49/500 Loss: 0.012741, Reward: 36.6390, PSO_prob: 0.402, Eps: 0.217, PSO_count: 25, Steps: 58

Train 167/500 Loss: 0.002464, Reward: 182.0860, GA_prob: 0.546, Eps: 0.277, GA_count: 164, Steps: 298

Train 47/500 Loss: 0.008357, Reward: 131.7537, PSO_prob: 0.403, Eps: 0.218, PSO_count: 84, Steps: 208

Train 166/500 Loss: 0.001736, Reward: 170.8318, PSO_prob: 0.398, Eps: 0.216, PSO_count: 120, Steps: 298

Train 170/500 Loss: 0.002040, Reward: 38.0807, PSO_prob: 0.397, Eps: 0.215, PSO_count: 19, Steps: 58

Train 171/500 Loss: 0.003526, Reward: 187.1520, GA_prob: 0.531, Eps: 0.271, GA_count: 168, Steps: 298

Train 59/500 Loss: 0.003155, Reward: 39.5372, GA_prob: 0.530, Eps: 0.271, GA_count: 29, Steps: 58

Train 60/500 Loss: 0.008186, Reward: 239.0385, PSO_prob: 0.400, Eps: 0.217, PSO_count: 149, Steps: 388

Train 168/500 Loss: 0.001507, Reward: 442.9667, PSO_prob: 0.400, Eps: 0.217, PSO_count: 309, Steps: 748

Train 168/500 Loss: 0.005342, Reward: 55.2300, PSO_prob: 0.399, Eps: 0.216, PSO_count: 39, Steps: 88

Train 169/500 Loss: 0.002184, Reward: 124.4614, GA_prob: 0.545, Eps: 0.277, GA_count: 119, Steps: 208

Train 48/500 Loss: 0.001419, Reward: 95.0754, PSO_prob: 0.399, Eps: 0.216, PSO_count: 65, Steps: 148

Train 169/500 Loss: 0.013437, Reward: 186.5883, GA_prob: 0.531, Eps: 0.271, GA_count: 168, Steps: 298

Train 59/500 Loss: 0.001839, Reward: 329.7778, PSO_prob: 0.396, Eps: 0.215, PSO_count: 215, Steps: 568

Train 172/500 Loss: 0.001254, Reward: 59.0160, PSO_prob: 0.398, Eps: 0.216, PSO_count: 34, Steps: 88

Train 170/500 Loss: 0.007583, Reward: 429.8893, PSO_prob: 0.402, Eps: 0.217, PSO_count: 318, Steps: 748

Train 167/500 Loss: 0.002061, Reward: 39.0833, GA_prob: 0.543, Eps: 0.276, GA_count: 28, Steps: 58

Train 49/500 Loss: 0.008717, Reward: 176.0934, PSO_prob: 0.398, Eps: 0.216, PSO_count: 120, Steps: 298

Train 170/500 Loss: 0.006204, Reward: 38.5961, GA_prob: 0.530, Eps: 0.271, GA_count: 29, Steps: 58

Train 60/500 Loss: 0.009645, Reward: 35.3385, PSO_prob: 0.397, Eps: 0.215, PSO_count: 19, Steps: 58

Train 171/500 Loss: 0.001317, Reward: 137.5834, PSO_prob: 0.397, Eps: 0.215, PSO_count: 86, Steps: 208

Train 171/500 Loss: 0.002774, Reward: 129.6529, GA_prob: 0.529, Eps: 0.270, GA_count: 117, Steps: 208

Train 61/500 Loss: 0.001525, Reward: 224.3097, PSO_prob: 0.396, Eps: 0.215, PSO_count: 156, Steps: 388

Train 172/500 Loss: 0.007899, Reward: 335.3603, PSO_prob: 0.396, Eps: 0.215, PSO_count: 215, Steps: 568

Train 172/500 Loss: 0.001951, Reward: 421.7354, PSO_prob: 0.394, Eps: 0.214, PSO_count: 307, Steps: 748

Train 173/500 Loss: 0.007960, Reward: 437.6773, PSO_prob: 0.400, Eps: 0.217, PSO_count: 309, Steps: 748

Train 168/500 Loss: 0.011548, Reward: 133.5785, GA_prob: 0.529, Eps: 0.270, GA_count: 117, Steps: 208

Train 61/500 Loss: 0.002022, Reward: 93.1514, PSO_prob: 0.393, Eps: 0.214, PSO_count: 59, Steps: 148

Train 174/500 Loss: 0.007120, Reward: 97.2263, PSO_prob: 0.399, Eps: 0.216, PSO_count: 65, Steps: 148

Train 169/500 Loss: 0.001405, Reward: 229.3380, PSO_prob: 0.394, Eps: 0.214, PSO_count: 140, Steps: 388

Train 173/500 Loss: 0.006197, Reward: 61.8324, PSO_prob: 0.398, Eps: 0.216, PSO_count: 34, Steps: 88

Train 170/500 Loss: 0.001118, Reward: 55.3489, PSO_prob: 0.393, Eps: 0.214, PSO_count: 38, Steps: 88

Train 174/500 Loss: 0.003091, Reward: 185.2381, GA_prob: 0.528, Eps: 0.270, GA_count: 149, Steps: 298

Train 62/500 Loss: 0.001586, Reward: 184.6687, PSO_prob: 0.392, Eps: 0.213, PSO_count: 113, Steps: 298

Train 175/500 Loss: 0.008504, Reward: 130.9782, PSO_prob: 0.397, Eps: 0.215, PSO_count: 86, Steps: 208

Train 171/500 Loss: 0.011035, Reward: 446.0483, GA_prob: 0.542, Eps: 0.276, GA_count: 398, Steps: 748

Train 50/500 Loss: 0.001746, Reward: 77.0809, PSO_prob: 0.391, Eps: 0.213, PSO_count: 49, Steps: 118

Train 176/500 Loss: 0.001287, Reward: 183.2525, PSO_prob: 0.392, Eps: 0.213, PSO_count: 116, Steps: 298

Train 175/500 Loss: 0.006852, Reward: 435.5609, PSO_prob: 0.394, Eps: 0.214, PSO_count: 307, Steps: 748

Train 173/500 Loss: 0.013815, Reward: 54.7148, GA_prob: 0.541, Eps: 0.275, GA_count: 39, Steps: 88

Train 51/500 Loss: 0.011994, Reward: 184.2008, GA_prob: 0.528, Eps: 0.270, GA_count: 149, Steps: 298

Train 62/500 Loss: 0.001303, Reward: 91.7989, PSO_prob: 0.391, Eps: 0.213, PSO_count: 54, Steps: 148

Train 176/500 Loss: 0.007751, Reward: 93.2544, PSO_prob: 0.393, Eps: 0.214, PSO_count: 59, Steps: 148

Train 174/500 Loss: 0.001734, Reward: 184.2595, PSO_prob: 0.390, Eps: 0.212, PSO_count: 121, Steps: 298

Train 177/500 Loss: 0.001454, Reward: 62.4635, PSO_prob: 0.390, Eps: 0.212, PSO_count: 37, Steps: 88

Train 177/500 Loss: 0.007471, Reward: 232.4376, PSO_prob: 0.396, Eps: 0.215, PSO_count: 156, Steps: 388

Train 172/500 Loss: 0.006121, Reward: 181.0226, PSO_prob: 0.392, Eps: 0.213, PSO_count: 113, Steps: 298

Train 175/500 Loss: 0.007431, Reward: 75.7377, PSO_prob: 0.391, Eps: 0.213, PSO_count: 49, Steps: 118

Train 176/500 Loss: 0.001363, Reward: 182.4721, PSO_prob: 0.388, Eps: 0.212, PSO_count: 122, Steps: 298

Train 178/500 Loss: 0.001849, Reward: 36.1552, PSO_prob: 0.387, Eps: 0.211, PSO_count: 18, Steps: 58

Train 179/500 Loss: 0.005714, Reward: 231.0483, PSO_prob: 0.394, Eps: 0.214, PSO_count: 140, Steps: 388

Train 173/500 Loss: 0.005436, Reward: 52.8131, PSO_prob: 0.393, Eps: 0.214, PSO_count: 38, Steps: 88

Train 174/500 Loss: 0.002924, Reward: 430.8019, GA_prob: 0.542, Eps: 0.276, GA_count: 398, Steps: 748

Train 50/500 Loss: 0.007675, Reward: 183.8952, PSO_prob: 0.390, Eps: 0.212, PSO_count: 121, Steps: 298

Train 177/500 Loss: 0.001505, Reward: 436.3556, PSO_prob: 0.388, Eps: 0.212, PSO_count: 291, Steps: 748

Train 178/500 Loss: 0.002573, Reward: 53.7075, GA_prob: 0.541, Eps: 0.275, GA_count: 39, Steps: 88

Train 51/500 Loss: 0.001280, Reward: 229.5316, PSO_prob: 0.386, Eps: 0.211, PSO_count: 160, Steps: 388

Train 180/500 Loss: 0.005993, Reward: 180.6367, PSO_prob: 0.392, Eps: 0.213, PSO_count: 116, Steps: 298

Train 175/500 Loss: 0.001423, Reward: 74.4373, PSO_prob: 0.387, Eps: 0.211, PSO_count: 43, Steps: 118

Train 179/500 Loss: 0.000953, Reward: 35.2018, PSO_prob: 0.385, Eps: 0.210, PSO_count: 15, Steps: 58

Train 181/500 Loss: 0.001982, Reward: 36.3120, PSO_prob: 0.386, Eps: 0.211, PSO_count: 22, Steps: 58

Train 180/500 Loss: 0.006760, Reward: 88.8969, PSO_prob: 0.391, Eps: 0.213, PSO_count: 54, Steps: 148

Train 176/500 Loss: 0.001208, Reward: 135.0213, PSO_prob: 0.384, Eps: 0.210, PSO_count: 89, Steps: 208

Train 182/500 Loss: 0.009496, Reward: 60.1684, PSO_prob: 0.390, Eps: 0.212, PSO_count: 37, Steps: 88

Train 177/500 Loss: 0.001686, Reward: 228.0708, PSO_prob: 0.385, Eps: 0.210, PSO_count: 137, Steps: 388

Train 181/500 Loss: 0.005636, Reward: 448.1558, PSO_prob: 0.388, Eps: 0.212, PSO_count: 291, Steps: 748

Train 178/500 Loss: 0.001219, Reward: 183.7507, PSO_prob: 0.382, Eps: 0.209, PSO_count: 117, Steps: 298

Train 183/500 Loss: 0.001837, Reward: 90.4392, PSO_prob: 0.384, Eps: 0.210, PSO_count: 54, Steps: 148

Train 182/500 Loss: 0.007105, Reward: 182.4080, PSO_prob: 0.388, Eps: 0.212, PSO_count: 122, Steps: 298

Train 178/500 Loss: 0.005838, Reward: 76.6752, PSO_prob: 0.387, Eps: 0.211, PSO_count: 43, Steps: 118

Train 179/500 Loss: 0.006498, Reward: 34.2385, PSO_prob: 0.387, Eps: 0.211, PSO_count: 18, Steps: 58

Train 179/500 Loss: 0.001709, Reward: 60.7668, PSO_prob: 0.382, Eps: 0.209, PSO_count: 39, Steps: 88

Train 183/500 Loss: 0.007976, Reward: 338.2260, GA_prob: 0.540, Eps: 0.275, GA_count: 300, Steps: 568

Train 52/500 Loss: 0.001401, Reward: 54.0708, PSO_prob: 0.381, Eps: 0.209, PSO_count: 33, Steps: 88

Train 184/500 Loss: 0.008172, Reward: 36.6094, PSO_prob: 0.386, Eps: 0.211, PSO_count: 22, Steps: 58

Train 180/500 Loss: 0.001313, Reward: 129.0770, PSO_prob: 0.381, Eps: 0.209, PSO_count: 81, Steps: 208

Train 184/500 Loss: 0.003212, Reward: 428.1586, GA_prob: 0.527, Eps: 0.269, GA_count: 407, Steps: 748

Train 63/500 Loss: 0.009919, Reward: 36.5353, GA_prob: 0.539, Eps: 0.274, GA_count: 36, Steps: 58

Train 53/500 Loss: 0.006597, Reward: 230.4447, PSO_prob: 0.386, Eps: 0.211, PSO_count: 160, Steps: 388

Train 180/500 Loss: 0.001336, Reward: 230.1041, PSO_prob: 0.380, Eps: 0.208, PSO_count: 151, Steps: 388

Train 185/500 Loss: 0.006372, Reward: 227.0799, PSO_prob: 0.385, Eps: 0.210, PSO_count: 137, Steps: 388

Train 181/500 Loss: 0.010246, Reward: 34.5863, PSO_prob: 0.385, Eps: 0.210, PSO_count: 15, Steps: 58

Train 181/500 Loss: 0.001300, Reward: 188.0188, PSO_prob: 0.380, Eps: 0.208, PSO_count: 116, Steps: 298

Train 185/500 Loss: 0.006120, Reward: 91.9145, PSO_prob: 0.384, Eps: 0.210, PSO_count: 54, Steps: 148

Train 182/500 Loss: 0.010160, Reward: 441.3975, GA_prob: 0.527, Eps: 0.269, GA_count: 407, Steps: 748

Train 63/500 Loss: 0.010850, Reward: 56.7640, PSO_prob: 0.382, Eps: 0.209, PSO_count: 39, Steps: 88

Train 183/500 Loss: 0.006054, Reward: 134.7736, PSO_prob: 0.384, Eps: 0.210, PSO_count: 89, Steps: 208

Train 182/500 Loss: 0.005684, Reward: 84.7034, GA_prob: 0.537, Eps: 0.274, GA_count: 85, Steps: 148

Train 54/500 Loss: 0.005985, Reward: 127.5997, PSO_prob: 0.381, Eps: 0.209, PSO_count: 81, Steps: 208

Train 184/500 Loss: 0.002807, Reward: 331.3393, GA_prob: 0.540, Eps: 0.275, GA_count: 300, Steps: 568

Train 52/500 Loss: 0.007639, Reward: 186.1015, PSO_prob: 0.382, Eps: 0.209, PSO_count: 117, Steps: 298

Train 183/500 Loss: 0.001636, Reward: 328.2223, PSO_prob: 0.379, Eps: 0.208, PSO_count: 220, Steps: 568

Train 186/500 Loss: 0.007856, Reward: 56.5726, PSO_prob: 0.381, Eps: 0.209, PSO_count: 33, Steps: 88

Train 184/500 Loss: 0.003404, Reward: 180.7224, GA_prob: 0.525, Eps: 0.269, GA_count: 167, Steps: 298

Train 64/500 Loss: 0.001374, Reward: 421.6335, PSO_prob: 0.379, Eps: 0.208, PSO_count: 241, Steps: 748

Train 186/500 Loss: 0.006537, Reward: 184.2600, PSO_prob: 0.380, Eps: 0.208, PSO_count: 116, Steps: 298

Train 185/500 Loss: 0.002707, Reward: 39.3676, GA_prob: 0.539, Eps: 0.274, GA_count: 36, Steps: 58

Train 53/500 Loss: 0.001385, Reward: 55.3496, PSO_prob: 0.378, Eps: 0.207, PSO_count: 31, Steps: 88

Train 187/500 Loss: 0.001387, Reward: 180.4874, PSO_prob: 0.378, Eps: 0.207, PSO_count: 104, Steps: 298

Train 187/500 Loss: 0.002803, Reward: 53.9472, GA_prob: 0.524, Eps: 0.268, GA_count: 47, Steps: 88

Train 65/500 Loss: 0.005102, Reward: 238.5996, PSO_prob: 0.380, Eps: 0.208, PSO_count: 151, Steps: 388

Train 185/500 Loss: 0.001293, Reward: 172.7231, PSO_prob: 0.376, Eps: 0.207, PSO_count: 112, Steps: 298

Train 188/500 Loss: 0.007664, Reward: 184.6680, GA_prob: 0.525, Eps: 0.269, GA_count: 167, Steps: 298

Train 64/500 Loss: 0.001275, Reward: 53.0693, PSO_prob: 0.375, Eps: 0.206, PSO_count: 35, Steps: 88

Train 189/500 Loss: 0.001163, Reward: 37.8569, PSO_prob: 0.374, Eps: 0.206, PSO_count: 20, Steps: 58

Train 190/500 Loss: 0.002687, Reward: 88.3810, GA_prob: 0.537, Eps: 0.274, GA_count: 85, Steps: 148

Train 54/500 Loss: 0.006406, Reward: 335.3854, PSO_prob: 0.379, Eps: 0.208, PSO_count: 220, Steps: 568

Train 186/500 Loss: 0.003080, Reward: 79.7187, GA_prob: 0.523, Eps: 0.268, GA_count: 60, Steps: 118

Train 66/500 Loss: 0.005514, Reward: 52.9428, GA_prob: 0.524, Eps: 0.268, GA_count: 47, Steps: 88

Train 65/500 Loss: 0.001567, Reward: 175.5024, PSO_prob: 0.373, Eps: 0.205, PSO_count: 112, Steps: 298

Train 191/500 Loss: 0.005892, Reward: 181.0871, PSO_prob: 0.378, Eps: 0.207, PSO_count: 104, Steps: 298

Train 187/500 Loss: 0.001324, Reward: 422.8438, PSO_prob: 0.376, Eps: 0.207, PSO_count: 278, Steps: 748

Train 188/500 Loss: 0.001508, Reward: 85.9148, PSO_prob: 0.372, Eps: 0.205, PSO_count: 44, Steps: 148

Train 192/500 Loss: 0.009279, Reward: 72.5100, GA_prob: 0.523, Eps: 0.268, GA_count: 60, Steps: 118

Train 66/500 Loss: 0.008065, Reward: 437.3274, PSO_prob: 0.379, Eps: 0.208, PSO_count: 241, Steps: 748

Train 186/500 Loss: 0.008749, Reward: 336.2404, GA_prob: 0.536, Eps: 0.273, GA_count: 302, Steps: 568

Train 55/500 Loss: 0.001253, Reward: 128.2675, PSO_prob: 0.370, Eps: 0.204, PSO_count: 87, Steps: 208

Train 193/500 Loss: 0.003516, Reward: 132.4018, GA_prob: 0.522, Eps: 0.267, GA_count: 97, Steps: 208

Train 67/500 Loss: 0.006095, Reward: 58.4483, PSO_prob: 0.378, Eps: 0.207, PSO_count: 31, Steps: 88

Train 187/500 Loss: 0.001349, Reward: 96.9698, PSO_prob: 0.369, Eps: 0.204, PSO_count: 51, Steps: 148

Train 194/500 Loss: 0.009053, Reward: 54.0200, GA_prob: 0.535, Eps: 0.273, GA_count: 41, Steps: 88

Train 56/500 Loss: 0.001582, Reward: 56.4489, PSO_prob: 0.368, Eps: 0.203, PSO_count: 29, Steps: 88

Train 195/500 Loss: 0.003395, Reward: 58.7027, GA_prob: 0.521, Eps: 0.267, GA_count: 45, Steps: 88

Train 68/500 Loss: 0.010420, Reward: 176.9441, PSO_prob: 0.376, Eps: 0.207, PSO_count: 112, Steps: 298

Train 188/500 Loss: 0.007221, Reward: 34.2914, GA_prob: 0.534, Eps: 0.272, GA_count: 30, Steps: 58

Train 57/500 Loss: 0.001716, Reward: 79.5179, PSO_prob: 0.367, Eps: 0.203, PSO_count: 41, Steps: 118

Train 196/500 Loss: 0.006118, Reward: 53.1815, PSO_prob: 0.375, Eps: 0.206, PSO_count: 35, Steps: 88

Train 189/500 Loss: 0.006236, Reward: 446.3105, PSO_prob: 0.376, Eps: 0.207, PSO_count: 278, Steps: 748

Train 188/500 Loss: 0.009197, Reward: 133.0063, GA_prob: 0.522, Eps: 0.267, GA_count: 97, Steps: 208

Train 67/500 Loss: 0.006005, Reward: 36.7470, PSO_prob: 0.374, Eps: 0.206, PSO_count: 20, Steps: 58

Train 190/500 Loss: 0.001287, Reward: 428.6887, PSO_prob: 0.375, Eps: 0.206, PSO_count: 267, Steps: 748

Train 189/500 Loss: 0.002021, Reward: 35.1151, PSO_prob: 0.374, Eps: 0.206, PSO_count: 20, Steps: 58

Train 190/500 Loss: 0.007061, Reward: 54.5126, GA_prob: 0.521, Eps: 0.267, GA_count: 45, Steps: 88

Train 68/500 Loss: 0.001490, Reward: 233.3943, PSO_prob: 0.366, Eps: 0.202, PSO_count: 136, Steps: 388

Train 197/500 Loss: 0.009015, Reward: 177.7809, PSO_prob: 0.373, Eps: 0.205, PSO_count: 112, Steps: 298

Train 191/500 Loss: 0.001542, Reward: 182.7675, PSO_prob: 0.373, Eps: 0.205, PSO_count: 106, Steps: 298

Train 191/500 Loss: 0.007973, Reward: 91.6289, PSO_prob: 0.372, Eps: 0.205, PSO_count: 44, Steps: 148

Train 192/500 Loss: 0.002704, Reward: 325.0601, GA_prob: 0.536, Eps: 0.273, GA_count: 302, Steps: 568

Train 55/500 Loss: 0.001363, Reward: 91.5048, PSO_prob: 0.372, Eps: 0.205, PSO_count: 53, Steps: 148

Train 192/500 Loss: 0.004943, Reward: 442.2893, PSO_prob: 0.375, Eps: 0.206, PSO_count: 267, Steps: 748

Train 189/500 Loss: 0.001592, Reward: 223.9590, PSO_prob: 0.364, Eps: 0.202, PSO_count: 136, Steps: 388

Train 198/500 Loss: 0.005696, Reward: 123.6570, PSO_prob: 0.370, Eps: 0.204, PSO_count: 87, Steps: 208

Train 193/500 Loss: 0.009880, Reward: 36.3939, PSO_prob: 0.374, Eps: 0.206, PSO_count: 20, Steps: 58

Train 190/500 Loss: 0.002677, Reward: 53.8096, GA_prob: 0.535, Eps: 0.273, GA_count: 41, Steps: 88

Train 56/500 Loss: 0.003374, Reward: 175.8457, GA_prob: 0.519, Eps: 0.266, GA_count: 173, Steps: 298

Train 69/500 Loss: 0.008289, Reward: 93.9571, PSO_prob: 0.369, Eps: 0.204, PSO_count: 51, Steps: 148

Train 194/500 Loss: 0.001571, Reward: 132.8109, PSO_prob: 0.363, Eps: 0.201, PSO_count: 78, Steps: 208

Train 199/500 Loss: 0.009091, Reward: 58.3940, PSO_prob: 0.368, Eps: 0.203, PSO_count: 29, Steps: 88

Train 195/500 Loss: 0.002896, Reward: 35.5255, GA_prob: 0.534, Eps: 0.272, GA_count: 30, Steps: 58

Train 57/500 Loss: 0.006263, Reward: 190.8820, PSO_prob: 0.373, Eps: 0.205, PSO_count: 106, Steps: 298

Train 191/500 Loss: 0.004262, Reward: 72.8206, PSO_prob: 0.367, Eps: 0.203, PSO_count: 41, Steps: 118

Train 196/500 Loss: 0.001342, Reward: 338.6281, PSO_prob: 0.370, Eps: 0.204, PSO_count: 212, Steps: 568

Train 193/500 Loss: 0.004225, Reward: 91.2803, PSO_prob: 0.372, Eps: 0.205, PSO_count: 53, Steps: 148

Train 192/500 Loss: 0.015316, Reward: 180.1437, GA_prob: 0.519, Eps: 0.266, GA_count: 173, Steps: 298

Train 69/500 Loss: 0.003415, Reward: 123.7161, GA_prob: 0.518, Eps: 0.266, GA_count: 104, Steps: 208

Train 70/500 Loss: 0.004916, Reward: 232.9388, PSO_prob: 0.366, Eps: 0.202, PSO_count: 136, Steps: 388

Train 197/500 Loss: 0.007954, Reward: 341.7080, GA_prob: 0.533, Eps: 0.272, GA_count: 308, Steps: 568

Train 58/500 Loss: 0.001588, Reward: 440.1753, PSO_prob: 0.362, Eps: 0.201, PSO_count: 248, Steps: 748

Train 200/500 Loss: 0.001554, Reward: 307.7906, PSO_prob: 0.369, Eps: 0.204, PSO_count: 216, Steps: 568

Train 194/500 Loss: 0.005591, Reward: 350.4106, PSO_prob: 0.370, Eps: 0.204, PSO_count: 212, Steps: 568

Train 193/500 Loss: 0.003309, Reward: 73.4405, GA_prob: 0.517, Eps: 0.265, GA_count: 61, Steps: 118

Train 71/500 Loss: 0.011849, Reward: 38.4725, GA_prob: 0.531, Eps: 0.271, GA_count: 30, Steps: 58

Train 59/500 Loss: 0.005223, Reward: 233.0891, PSO_prob: 0.364, Eps: 0.202, PSO_count: 136, Steps: 388

Train 198/500 Loss: 0.001503, Reward: 54.5663, PSO_prob: 0.368, Eps: 0.203, PSO_count: 28, Steps: 88

Train 195/500 Loss: 0.010474, Reward: 127.9090, GA_prob: 0.518, Eps: 0.266, GA_count: 104, Steps: 208

Train 70/500 Loss: 0.001342, Reward: 131.2368, PSO_prob: 0.361, Eps: 0.200, PSO_count: 66, Steps: 208

Train 201/500 Loss: 0.005964, Reward: 131.5799, PSO_prob: 0.363, Eps: 0.201, PSO_count: 78, Steps: 208

Train 199/500 Loss: 0.001423, Reward: 72.5858, PSO_prob: 0.360, Eps: 0.200, PSO_count: 45, Steps: 118

Train 202/500 Loss: 0.010509, Reward: 55.9942, GA_prob: 0.530, Eps: 0.271, GA_count: 44, Steps: 88

Train 60/500 Loss: 0.001089, Reward: 94.1167, PSO_prob: 0.358, Eps: 0.199, PSO_count: 55, Steps: 148

Train 203/500 Loss: 0.008073, Reward: 72.5024, GA_prob: 0.517, Eps: 0.265, GA_count: 61, Steps: 118

Train 71/500 Loss: 0.005952, Reward: 326.6044, PSO_prob: 0.369, Eps: 0.204, PSO_count: 216, Steps: 568

Train 194/500 Loss: 0.004429, Reward: 54.2310, PSO_prob: 0.368, Eps: 0.203, PSO_count: 28, Steps: 88

Train 195/500 Loss: 0.001471, Reward: 422.5222, PSO_prob: 0.367, Eps: 0.203, PSO_count: 291, Steps: 748

Train 196/500 Loss: 0.003646, Reward: 177.5590, GA_prob: 0.516, Eps: 0.265, GA_count: 160, Steps: 298

Train 72/500 Loss: 0.002703, Reward: 326.9694, GA_prob: 0.533, Eps: 0.272, GA_count: 308, Steps: 568

Train 58/500 Loss: 0.004636, Reward: 444.7020, PSO_prob: 0.362, Eps: 0.201, PSO_count: 248, Steps: 748

Train 200/500 Loss: 0.001122, Reward: 342.7581, PSO_prob: 0.357, Eps: 0.199, PSO_count: 207, Steps: 568

Train 204/500 Loss: 0.001381, Reward: 126.3463, PSO_prob: 0.366, Eps: 0.202, PSO_count: 75, Steps: 208

Train 197/500 Loss: 0.000984, Reward: 35.8466, PSO_prob: 0.356, Eps: 0.198, PSO_count: 22, Steps: 58

Train 205/500 Loss: 0.001728, Reward: 36.7359, PSO_prob: 0.364, Eps: 0.202, PSO_count: 22, Steps: 58

Train 198/500 Loss: 0.002568, Reward: 39.2623, GA_prob: 0.531, Eps: 0.271, GA_count: 30, Steps: 58

Train 59/500 Loss: 0.005502, Reward: 127.3508, PSO_prob: 0.361, Eps: 0.200, PSO_count: 66, Steps: 208

Train 201/500 Loss: 0.001547, Reward: 71.6250, PSO_prob: 0.363, Eps: 0.201, PSO_count: 48, Steps: 118

Train 199/500 Loss: 0.005951, Reward: 72.6991, PSO_prob: 0.360, Eps: 0.200, PSO_count: 45, Steps: 118

Train 202/500 Loss: 0.001480, Reward: 56.4998, PSO_prob: 0.362, Eps: 0.201, PSO_count: 29, Steps: 88

Train 200/500 Loss: 0.009258, Reward: 183.6837, GA_prob: 0.516, Eps: 0.265, GA_count: 160, Steps: 298

Train 72/500 Loss: 0.002514, Reward: 58.5048, GA_prob: 0.530, Eps: 0.271, GA_count: 44, Steps: 88

Train 60/500 Loss: 0.004787, Reward: 439.7478, PSO_prob: 0.367, Eps: 0.203, PSO_count: 291, Steps: 748

Train 196/500 Loss: 0.007396, Reward: 97.8309, PSO_prob: 0.358, Eps: 0.199, PSO_count: 55, Steps: 148

Train 203/500 Loss: 0.008613, Reward: 238.7511, GA_prob: 0.529, Eps: 0.270, GA_count: 223, Steps: 388

Train 61/500 Loss: 0.003259, Reward: 132.1693, GA_prob: 0.515, Eps: 0.264, GA_count: 102, Steps: 208

Train 73/500 Loss: 0.001481, Reward: 136.2055, PSO_prob: 0.361, Eps: 0.200, PSO_count: 79, Steps: 208

Train 201/500 Loss: 0.001409, Reward: 54.1893, PSO_prob: 0.360, Eps: 0.200, PSO_count: 29, Steps: 88

Train 202/500 Loss: 0.007814, Reward: 133.9463, PSO_prob: 0.366, Eps: 0.202, PSO_count: 75, Steps: 208

Train 197/500 Loss: 0.003896, Reward: 35.9695, PSO_prob: 0.364, Eps: 0.202, PSO_count: 22, Steps: 58

Train 198/500 Loss: 0.003980, Reward: 76.1037, GA_prob: 0.513, Eps: 0.264, GA_count: 56, Steps: 118

Train 74/500 Loss: 0.005629, Reward: 76.0712, PSO_prob: 0.363, Eps: 0.201, PSO_count: 48, Steps: 118

Train 199/500 Loss: 0.000969, Reward: 449.9133, PSO_prob: 0.355, Eps: 0.198, PSO_count: 287, Steps: 748

Train 206/500 Loss: 0.005759, Reward: 55.6391, PSO_prob: 0.362, Eps: 0.201, PSO_count: 29, Steps: 88

Train 200/500 Loss: 0.010009, Reward: 129.9094, GA_prob: 0.515, Eps: 0.264, GA_count: 102, Steps: 208

Train 73/500 Loss: 0.001194, Reward: 69.3372, PSO_prob: 0.354, Eps: 0.197, PSO_count: 33, Steps: 118

Train 207/500 Loss: 0.005763, Reward: 342.9987, PSO_prob: 0.357, Eps: 0.199, PSO_count: 207, Steps: 568

Train 204/500 Loss: 0.007354, Reward: 34.7024, PSO_prob: 0.356, Eps: 0.198, PSO_count: 22, Steps: 58

Train 205/500 Loss: 0.000988, Reward: 57.3136, PSO_prob: 0.352, Eps: 0.197, PSO_count: 42, Steps: 88

Train 208/500 Loss: 0.001655, Reward: 330.8415, PSO_prob: 0.358, Eps: 0.199, PSO_count: 191, Steps: 568

Train 203/500 Loss: 0.006679, Reward: 130.4207, PSO_prob: 0.361, Eps: 0.200, PSO_count: 79, Steps: 208

Train 201/500 Loss: 0.001156, Reward: 37.4412, PSO_prob: 0.357, Eps: 0.199, PSO_count: 22, Steps: 58

Train 204/500 Loss: 0.004839, Reward: 57.1769, PSO_prob: 0.360, Eps: 0.200, PSO_count: 29, Steps: 88

Train 202/500 Loss: 0.005951, Reward: 76.1147, GA_prob: 0.513, Eps: 0.264, GA_count: 56, Steps: 118

Train 74/500 Loss: 0.001143, Reward: 188.1613, PSO_prob: 0.351, Eps: 0.196, PSO_count: 103, Steps: 298

Train 209/500 Loss: 0.001539, Reward: 131.2344, PSO_prob: 0.356, Eps: 0.198, PSO_count: 76, Steps: 208

Train 205/500 Loss: 0.002110, Reward: 236.3754, GA_prob: 0.529, Eps: 0.270, GA_count: 223, Steps: 388

Train 61/500 Loss: 0.001076, Reward: 129.5114, PSO_prob: 0.350, Eps: 0.196, PSO_count: 67, Steps: 208

Train 210/500 Loss: 0.003654, Reward: 180.9004, GA_prob: 0.512, Eps: 0.263, GA_count: 131, Steps: 298

Train 75/500 Loss: 0.001054, Reward: 54.0200, PSO_prob: 0.349, Eps: 0.195, PSO_count: 32, Steps: 88

Train 211/500 Loss: 0.003500, Reward: 35.8038, GA_prob: 0.511, Eps: 0.263, GA_count: 30, Steps: 58

Train 76/500 Loss: 0.005801, Reward: 339.6599, PSO_prob: 0.358, Eps: 0.199, PSO_count: 191, Steps: 568

Train 203/500 Loss: 0.005297, Reward: 452.9931, PSO_prob: 0.355, Eps: 0.198, PSO_count: 287, Steps: 748

Train 206/500 Loss: 0.007664, Reward: 37.2763, PSO_prob: 0.357, Eps: 0.199, PSO_count: 22, Steps: 58

Train 204/500 Loss: 0.001411, Reward: 339.8805, PSO_prob: 0.355, Eps: 0.198, PSO_count: 193, Steps: 568

Train 206/500 Loss: 0.006813, Reward: 71.9687, PSO_prob: 0.354, Eps: 0.197, PSO_count: 33, Steps: 118

Train 207/500 Loss: 0.001383, Reward: 57.2701, PSO_prob: 0.354, Eps: 0.197, PSO_count: 30, Steps: 88

Train 207/500 Loss: 0.012705, Reward: 183.1985, GA_prob: 0.512, Eps: 0.263, GA_count: 131, Steps: 298

Train 75/500 Loss: 0.008885, Reward: 58.4839, PSO_prob: 0.352, Eps: 0.197, PSO_count: 42, Steps: 88

Train 208/500 Loss: 0.007518, Reward: 131.2515, PSO_prob: 0.356, Eps: 0.198, PSO_count: 76, Steps: 208

Train 205/500 Loss: 0.003393, Reward: 94.0859, GA_prob: 0.510, Eps: 0.262, GA_count: 76, Steps: 148

Train 77/500 Loss: 0.006098, Reward: 36.6505, GA_prob: 0.511, Eps: 0.263, GA_count: 30, Steps: 58

Train 76/500 Loss: 0.001217, Reward: 440.5831, PSO_prob: 0.347, Eps: 0.195, PSO_count: 275, Steps: 748

Train 212/500 Loss: 0.006924, Reward: 185.1110, PSO_prob: 0.351, Eps: 0.196, PSO_count: 103, Steps: 298

Train 209/500 Loss: 0.003797, Reward: 58.8485, GA_prob: 0.509, Eps: 0.262, GA_count: 47, Steps: 88

Train 78/500 Loss: 0.001135, Reward: 58.7778, PSO_prob: 0.346, Eps: 0.194, PSO_count: 40, Steps: 88

Train 213/500 Loss: 0.008653, Reward: 449.8645, GA_prob: 0.528, Eps: 0.270, GA_count: 384, Steps: 748

Train 62/500 Loss: 0.006241, Reward: 131.1302, PSO_prob: 0.350, Eps: 0.196, PSO_count: 67, Steps: 208

Train 210/500 Loss: 0.003347, Reward: 56.6362, GA_prob: 0.507, Eps: 0.261, GA_count: 44, Steps: 88

Train 79/500 Loss: 0.006160, Reward: 344.2243, PSO_prob: 0.355, Eps: 0.198, PSO_count: 193, Steps: 568

Train 206/500 Loss: 0.005927, Reward: 57.2008, PSO_prob: 0.349, Eps: 0.195, PSO_count: 32, Steps: 88

Train 211/500 Loss: 0.009861, Reward: 93.4294, GA_prob: 0.510, Eps: 0.262, GA_count: 76, Steps: 148

Train 77/500 Loss: 0.001459, Reward: 433.9817, PSO_prob: 0.352, Eps: 0.197, PSO_count: 278, Steps: 748

Train 208/500 Loss: 0.007923, Reward: 55.5515, PSO_prob: 0.354, Eps: 0.197, PSO_count: 30, Steps: 88

Train 207/500 Loss: 0.001657, Reward: 129.3587, PSO_prob: 0.351, Eps: 0.196, PSO_count: 78, Steps: 208

Train 209/500 Loss: 0.015092, Reward: 58.9848, GA_prob: 0.509, Eps: 0.262, GA_count: 47, Steps: 88

Train 78/500 Loss: 0.001082, Reward: 340.2885, PSO_prob: 0.345, Eps: 0.194, PSO_count: 203, Steps: 568

Train 214/500 Loss: 0.003288, Reward: 76.4002, GA_prob: 0.506, Eps: 0.261, GA_count: 64, Steps: 118

Train 80/500 Loss: 0.004107, Reward: 56.2964, GA_prob: 0.505, Eps: 0.260, GA_count: 41, Steps: 88

Train 81/500 Loss: 0.012783, Reward: 55.2343, GA_prob: 0.507, Eps: 0.261, GA_count: 44, Steps: 88

Train 79/500 Loss: 0.001123, Reward: 180.4982, PSO_prob: 0.344, Eps: 0.193, PSO_count: 100, Steps: 298

Train 215/500 Loss: 0.005701, Reward: 444.9714, PSO_prob: 0.347, Eps: 0.195, PSO_count: 275, Steps: 748

Train 212/500 Loss: 0.001121, Reward: 136.0583, PSO_prob: 0.343, Eps: 0.193, PSO_count: 69, Steps: 208

Train 216/500 Loss: 0.005342, Reward: 450.0688, PSO_prob: 0.352, Eps: 0.197, PSO_count: 278, Steps: 748

Train 208/500 Loss: 0.005363, Reward: 58.5157, PSO_prob: 0.346, Eps: 0.194, PSO_count: 40, Steps: 88

Train 213/500 Loss: 0.000879, Reward: 37.4270, PSO_prob: 0.341, Eps: 0.192, PSO_count: 21, Steps: 58

Train 217/500 Loss: 0.002376, Reward: 437.1366, GA_prob: 0.528, Eps: 0.270, GA_count: 384, Steps: 748

Train 62/500 Loss: 0.009093, Reward: 74.4229, GA_prob: 0.506, Eps: 0.261, GA_count: 64, Steps: 118

Train 80/500 Loss: 0.001518, Reward: 433.4872, PSO_prob: 0.350, Eps: 0.196, PSO_count: 272, Steps: 748

Train 210/500 Loss: 0.006691, Reward: 240.5583, GA_prob: 0.527, Eps: 0.269, GA_count: 216, Steps: 388

Train 63/500 Loss: 0.003491, Reward: 124.7644, PSO_prob: 0.351, Eps: 0.196, PSO_count: 78, Steps: 208

Train 209/500 Loss: 0.014301, Reward: 56.4084, GA_prob: 0.505, Eps: 0.260, GA_count: 41, Steps: 88

Train 81/500 Loss: 0.001383, Reward: 178.8743, PSO_prob: 0.349, Eps: 0.195, PSO_count: 94, Steps: 298

Train 211/500 Loss: 0.007971, Reward: 71.3311, GA_prob: 0.525, Eps: 0.269, GA_count: 62, Steps: 118

Train 64/500 Loss: 0.006640, Reward: 338.0794, PSO_prob: 0.345, Eps: 0.194, PSO_count: 203, Steps: 568

Train 214/500 Loss: 0.001478, Reward: 438.2632, PSO_prob: 0.340, Eps: 0.192, PSO_count: 231, Steps: 748

Train 218/500 Loss: 0.006689, Reward: 183.4522, PSO_prob: 0.344, Eps: 0.193, PSO_count: 100, Steps: 298

Train 215/500 Loss: 0.001279, Reward: 38.7627, PSO_prob: 0.339, Eps: 0.191, PSO_count: 15, Steps: 58

Train 219/500 Loss: 0.005348, Reward: 443.2814, PSO_prob: 0.350, Eps: 0.196, PSO_count: 272, Steps: 748

Train 210/500 Loss: 0.005392, Reward: 132.0436, PSO_prob: 0.343, Eps: 0.193, PSO_count: 69, Steps: 208

Train 216/500 Loss: 0.001560, Reward: 341.2198, PSO_prob: 0.347, Eps: 0.195, PSO_count: 208, Steps: 568

Train 212/500 Loss: 0.005412, Reward: 38.1675, PSO_prob: 0.341, Eps: 0.192, PSO_count: 21, Steps: 58

Train 217/500 Loss: 0.005810, Reward: 178.9847, PSO_prob: 0.349, Eps: 0.195, PSO_count: 94, Steps: 298

Train 211/500 Loss: 0.002174, Reward: 231.4271, GA_prob: 0.527, Eps: 0.269, GA_count: 216, Steps: 388

Train 63/500 Loss: 0.001233, Reward: 339.3288, PSO_prob: 0.338, Eps: 0.191, PSO_count: 184, Steps: 568

Train 220/500 Loss: 0.001594, Reward: 229.7534, PSO_prob: 0.346, Eps: 0.194, PSO_count: 146, Steps: 388

Train 213/500 Loss: 0.000980, Reward: 73.3912, PSO_prob: 0.337, Eps: 0.190, PSO_count: 36, Steps: 118

Train 221/500 Loss: 0.006154, Reward: 233.3347, GA_prob: 0.524, Eps: 0.268, GA_count: 194, Steps: 388

Train 65/500 Loss: 0.002657, Reward: 77.5558, GA_prob: 0.525, Eps: 0.269, GA_count: 62, Steps: 118

Train 64/500 Loss: 0.003182, Reward: 430.3437, GA_prob: 0.504, Eps: 0.260, GA_count: 361, Steps: 748

Train 82/500 Loss: 0.001388, Reward: 120.8112, PSO_prob: 0.335, Eps: 0.190, PSO_count: 68, Steps: 208

Train 222/500 Loss: 0.006935, Reward: 452.4023, PSO_prob: 0.340, Eps: 0.192, PSO_count: 231, Steps: 748

Train 218/500 Loss: 0.001905, Reward: 35.1989, PSO_prob: 0.339, Eps: 0.191, PSO_count: 15, Steps: 58

Train 219/500 Loss: 0.001355, Reward: 54.3865, PSO_prob: 0.334, Eps: 0.189, PSO_count: 30, Steps: 88

Train 223/500 Loss: 0.005198, Reward: 340.7939, PSO_prob: 0.347, Eps: 0.195, PSO_count: 208, Steps: 568

Train 212/500 Loss: 0.006157, Reward: 94.4985, GA_prob: 0.523, Eps: 0.268, GA_count: 73, Steps: 148

Train 66/500 Loss: 0.001521, Reward: 433.1703, PSO_prob: 0.345, Eps: 0.194, PSO_count: 260, Steps: 748

Train 214/500 Loss: 0.004424, Reward: 234.8610, PSO_prob: 0.346, Eps: 0.194, PSO_count: 146, Steps: 388

Train 213/500 Loss: 0.011627, Reward: 441.2626, GA_prob: 0.504, Eps: 0.260, GA_count: 361, Steps: 748

Train 82/500 Loss: 0.001302, Reward: 37.2376, PSO_prob: 0.344, Eps: 0.193, PSO_count: 21, Steps: 58

Train 215/500 Loss: 0.005038, Reward: 92.2296, GA_prob: 0.522, Eps: 0.267, GA_count: 80, Steps: 148

Train 67/500 Loss: 0.001294, Reward: 328.4868, PSO_prob: 0.333, Eps: 0.189, PSO_count: 210, Steps: 568

Train 224/500 Loss: 0.005559, Reward: 343.3532, PSO_prob: 0.338, Eps: 0.191, PSO_count: 184, Steps: 568

Train 220/500 Loss: 0.001337, Reward: 97.6949, PSO_prob: 0.343, Eps: 0.193, PSO_count: 44, Steps: 148

Train 216/500 Loss: 0.007011, Reward: 75.1423, PSO_prob: 0.337, Eps: 0.190, PSO_count: 36, Steps: 118

Train 221/500 Loss: 0.001219, Reward: 132.3200, PSO_prob: 0.341, Eps: 0.192, PSO_count: 62, Steps: 208

Train 217/500 Loss: 0.001614, Reward: 176.2839, PSO_prob: 0.332, Eps: 0.188, PSO_count: 106, Steps: 298

Train 225/500 Loss: 0.002392, Reward: 228.7345, GA_prob: 0.524, Eps: 0.268, GA_count: 194, Steps: 388

Train 65/500 Loss: 0.004777, Reward: 127.8615, PSO_prob: 0.335, Eps: 0.190, PSO_count: 68, Steps: 208

Train 222/500 Loss: 0.009337, Reward: 53.5145, PSO_prob: 0.334, Eps: 0.189, PSO_count: 30, Steps: 88

Train 223/500 Loss: 0.001306, Reward: 176.4715, PSO_prob: 0.340, Eps: 0.192, PSO_count: 86, Steps: 298

Train 218/500 Loss: 0.004419, Reward: 446.4993, PSO_prob: 0.345, Eps: 0.194, PSO_count: 260, Steps: 748

Train 214/500 Loss: 0.002941, Reward: 36.9269, PSO_prob: 0.344, Eps: 0.193, PSO_count: 21, Steps: 58

Train 215/500 Loss: 0.001455, Reward: 139.8729, PSO_prob: 0.339, Eps: 0.191, PSO_count: 80, Steps: 208

Train 219/500 Loss: 0.002485, Reward: 99.4704, GA_prob: 0.523, Eps: 0.268, GA_count: 73, Steps: 148

Train 66/500 Loss: 0.003570, Reward: 91.2227, PSO_prob: 0.343, Eps: 0.193, PSO_count: 44, Steps: 148

Train 216/500 Loss: 0.003263, Reward: 322.9245, GA_prob: 0.503, Eps: 0.259, GA_count: 284, Steps: 568

Train 83/500 Loss: 0.001469, Reward: 423.8079, PSO_prob: 0.331, Eps: 0.188, PSO_count: 252, Steps: 748

Train 226/500 Loss: 0.005606, Reward: 339.4123, PSO_prob: 0.333, Eps: 0.189, PSO_count: 210, Steps: 568

Train 224/500 Loss: 0.005685, Reward: 129.5021, PSO_prob: 0.341, Eps: 0.192, PSO_count: 62, Steps: 208

Train 217/500 Loss: 0.002572, Reward: 99.0858, GA_prob: 0.522, Eps: 0.267, GA_count: 80, Steps: 148

Train 67/500 Loss: 0.001407, Reward: 174.5931, PSO_prob: 0.329, Eps: 0.187, PSO_count: 97, Steps: 298

Train 227/500 Loss: 0.007331, Reward: 179.5042, PSO_prob: 0.332, Eps: 0.188, PSO_count: 106, Steps: 298

Train 225/500 Loss: 0.004424, Reward: 186.9622, PSO_prob: 0.340, Eps: 0.192, PSO_count: 86, Steps: 298

Train 218/500 Loss: 0.008929, Reward: 331.4986, GA_prob: 0.503, Eps: 0.259, GA_count: 284, Steps: 568

Train 83/500 Loss: 0.001694, Reward: 124.5737, PSO_prob: 0.328, Eps: 0.187, PSO_count: 71, Steps: 208

Train 228/500 Loss: 0.001251, Reward: 436.1161, PSO_prob: 0.338, Eps: 0.191, PSO_count: 249, Steps: 748

Train 220/500 Loss: 0.001718, Reward: 39.4712, PSO_prob: 0.327, Eps: 0.186, PSO_count: 20, Steps: 58

Train 229/500 Loss: 0.008487, Reward: 132.5663, PSO_prob: 0.339, Eps: 0.191, PSO_count: 80, Steps: 208

Train 219/500 Loss: 0.001423, Reward: 88.1745, PSO_prob: 0.326, Eps: 0.186, PSO_count: 47, Steps: 148

Train 230/500 Loss: 0.001603, Reward: 80.8405, PSO_prob: 0.325, Eps: 0.185, PSO_count: 48, Steps: 118

Train 231/500 Loss: 0.001368, Reward: 224.0626, PSO_prob: 0.337, Eps: 0.190, PSO_count: 133, Steps: 388

Train 221/500 Loss: 0.001668, Reward: 89.6741, PSO_prob: 0.323, Eps: 0.185, PSO_count: 39, Steps: 148

Train 232/500 Loss: 0.005405, Reward: 448.4404, PSO_prob: 0.331, Eps: 0.188, PSO_count: 252, Steps: 748

Train 226/500 Loss: 0.003135, Reward: 209.5252, GA_prob: 0.501, Eps: 0.259, GA_count: 194, Steps: 388

Train 84/500 Loss: 0.006781, Reward: 440.8507, GA_prob: 0.521, Eps: 0.267, GA_count: 399, Steps: 748

Train 68/500 Loss: 0.001324, Reward: 129.2037, PSO_prob: 0.335, Eps: 0.190, PSO_count: 73, Steps: 208

Train 222/500 Loss: 0.002766, Reward: 36.5466, GA_prob: 0.500, Eps: 0.258, GA_count: 30, Steps: 58

Train 85/500 Loss: 0.001879, Reward: 183.0070, PSO_prob: 0.322, Eps: 0.184, PSO_count: 93, Steps: 298

Train 233/500 Loss: 0.005009, Reward: 177.6941, PSO_prob: 0.329, Eps: 0.187, PSO_count: 97, Steps: 298

Train 227/500 Loss: 0.001823, Reward: 59.0818, PSO_prob: 0.321, Eps: 0.184, PSO_count: 31, Steps: 88

Train 234/500 Loss: 0.006180, Reward: 454.2692, PSO_prob: 0.338, Eps: 0.191, PSO_count: 249, Steps: 748

Train 220/500 Loss: 0.001347, Reward: 184.2567, PSO_prob: 0.334, Eps: 0.189, PSO_count: 96, Steps: 298

Train 223/500 Loss: 0.007292, Reward: 217.1557, GA_prob: 0.501, Eps: 0.259, GA_count: 194, Steps: 388

Train 84/500 Loss: 0.001383, Reward: 121.0076, PSO_prob: 0.320, Eps: 0.183, PSO_count: 58, Steps: 208

Train 235/500 Loss: 0.007374, Reward: 132.8108, PSO_prob: 0.328, Eps: 0.187, PSO_count: 71, Steps: 208

Train 228/500 Loss: 0.001303, Reward: 75.0461, PSO_prob: 0.333, Eps: 0.189, PSO_count: 38, Steps: 118

Train 224/500 Loss: 0.004221, Reward: 35.8000, PSO_prob: 0.327, Eps: 0.186, PSO_count: 20, Steps: 58

Train 229/500 Loss: 0.013591, Reward: 37.5648, GA_prob: 0.500, Eps: 0.258, GA_count: 30, Steps: 58

Train 85/500 Loss: 0.001180, Reward: 79.8738, PSO_prob: 0.332, Eps: 0.188, PSO_count: 44, Steps: 118

Train 225/500 Loss: 0.001847, Reward: 137.2972, PSO_prob: 0.319, Eps: 0.183, PSO_count: 69, Steps: 208

Train 236/500 Loss: 0.004630, Reward: 231.9553, PSO_prob: 0.337, Eps: 0.190, PSO_count: 133, Steps: 388

Train 221/500 Loss: 0.007013, Reward: 92.8605, PSO_prob: 0.326, Eps: 0.186, PSO_count: 47, Steps: 148

Train 230/500 Loss: 0.000827, Reward: 35.6435, PSO_prob: 0.331, Eps: 0.188, PSO_count: 16, Steps: 58

Train 226/500 Loss: 0.004889, Reward: 128.9982, GA_prob: 0.519, Eps: 0.266, GA_count: 115, Steps: 208

Train 69/500 Loss: 0.003137, Reward: 124.9383, GA_prob: 0.499, Eps: 0.258, GA_count: 108, Steps: 208

Train 86/500 Loss: 0.001887, Reward: 92.9139, PSO_prob: 0.317, Eps: 0.182, PSO_count: 57, Steps: 148

Train 237/500 Loss: 0.007708, Reward: 73.3799, PSO_prob: 0.325, Eps: 0.185, PSO_count: 48, Steps: 118

Train 231/500 Loss: 0.005159, Reward: 130.9355, PSO_prob: 0.335, Eps: 0.190, PSO_count: 73, Steps: 208

Train 222/500 Loss: 0.010279, Reward: 91.9063, PSO_prob: 0.323, Eps: 0.185, PSO_count: 39, Steps: 148

Train 232/500 Loss: 0.001084, Reward: 181.0205, PSO_prob: 0.329, Eps: 0.187, PSO_count: 99, Steps: 298

Train 227/500 Loss: 0.002990, Reward: 78.7682, GA_prob: 0.498, Eps: 0.257, GA_count: 55, Steps: 118

Train 87/500 Loss: 0.005464, Reward: 183.2534, PSO_prob: 0.334, Eps: 0.189, PSO_count: 96, Steps: 298

Train 223/500 Loss: 0.000974, Reward: 93.0761, PSO_prob: 0.328, Eps: 0.187, PSO_count: 53, Steps: 148

Train 228/500 Loss: 0.011282, Reward: 129.5173, GA_prob: 0.499, Eps: 0.258, GA_count: 108, Steps: 208

Train 86/500 Loss: 0.005604, Reward: 71.1011, PSO_prob: 0.333, Eps: 0.189, PSO_count: 38, Steps: 118

Train 224/500 Loss: 0.007888, Reward: 182.2544, PSO_prob: 0.322, Eps: 0.184, PSO_count: 93, Steps: 298

Train 233/500 Loss: 0.002212, Reward: 429.0395, GA_prob: 0.521, Eps: 0.267, GA_count: 399, Steps: 748

Train 68/500 Loss: 0.009398, Reward: 58.9936, PSO_prob: 0.321, Eps: 0.184, PSO_count: 31, Steps: 88

Train 234/500 Loss: 0.007672, Reward: 75.8379, PSO_prob: 0.332, Eps: 0.188, PSO_count: 44, Steps: 118

Train 225/500 Loss: 0.009039, Reward: 36.8570, PSO_prob: 0.331, Eps: 0.188, PSO_count: 16, Steps: 58

Train 226/500 Loss: 0.003091, Reward: 70.0014, GA_prob: 0.497, Eps: 0.257, GA_count: 60, Steps: 118

Train 88/500 Loss: 0.008117, Reward: 76.6241, GA_prob: 0.498, Eps: 0.257, GA_count: 55, Steps: 118

Train 87/500 Loss: 0.001377, Reward: 432.8153, PSO_prob: 0.316, Eps: 0.182, PSO_count: 234, Steps: 748

Train 238/500 Loss: 0.001180, Reward: 231.6207, PSO_prob: 0.327, Eps: 0.186, PSO_count: 126, Steps: 388

Train 229/500 Loss: 0.007820, Reward: 129.1091, PSO_prob: 0.320, Eps: 0.183, PSO_count: 58, Steps: 208

Train 235/500 Loss: 0.002825, Reward: 36.4275, GA_prob: 0.495, Eps: 0.256, GA_count: 30, Steps: 58

Train 89/500 Loss: 0.001054, Reward: 61.0951, PSO_prob: 0.326, Eps: 0.186, PSO_count: 32, Steps: 88

Train 230/500 Loss: 0.006232, Reward: 187.2048, PSO_prob: 0.329, Eps: 0.187, PSO_count: 99, Steps: 298

Train 227/500 Loss: 0.002574, Reward: 38.5787, GA_prob: 0.494, Eps: 0.256, GA_count: 28, Steps: 58

Train 90/500 Loss: 0.009234, Reward: 136.5991, PSO_prob: 0.319, Eps: 0.183, PSO_count: 69, Steps: 208

Train 236/500 Loss: 0.008086, Reward: 68.6477, GA_prob: 0.497, Eps: 0.257, GA_count: 60, Steps: 118

Train 88/500 Loss: 0.006263, Reward: 96.7781, PSO_prob: 0.328, Eps: 0.187, PSO_count: 53, Steps: 148

Train 228/500 Loss: 0.002201, Reward: 128.1119, GA_prob: 0.519, Eps: 0.266, GA_count: 115, Steps: 208

Train 69/500 Loss: 0.001246, Reward: 173.2993, PSO_prob: 0.325, Eps: 0.185, PSO_count: 103, Steps: 298

Train 231/500 Loss: 0.001126, Reward: 233.0404, PSO_prob: 0.315, Eps: 0.181, PSO_count: 126, Steps: 388

Train 239/500 Loss: 0.011010, Reward: 88.2406, PSO_prob: 0.317, Eps: 0.182, PSO_count: 57, Steps: 148

Train 237/500 Loss: 0.002886, Reward: 36.0808, GA_prob: 0.495, Eps: 0.256, GA_count: 30, Steps: 58

Train 89/500 Loss: 0.001178, Reward: 74.7943, PSO_prob: 0.314, Eps: 0.181, PSO_count: 31, Steps: 118

Train 240/500 Loss: 0.005242, Reward: 233.8862, PSO_prob: 0.327, Eps: 0.186, PSO_count: 126, Steps: 388

Train 229/500 Loss: 0.015599, Reward: 38.9237, GA_prob: 0.494, Eps: 0.256, GA_count: 28, Steps: 58

Train 90/500 Loss: 0.005145, Reward: 56.1247, PSO_prob: 0.326, Eps: 0.186, PSO_count: 32, Steps: 88

Train 230/500 Loss: 0.006200, Reward: 335.1765, GA_prob: 0.518, Eps: 0.266, GA_count: 290, Steps: 568

Train 70/500 Loss: 0.007675, Reward: 176.0709, PSO_prob: 0.325, Eps: 0.185, PSO_count: 103, Steps: 298

Train 231/500 Loss: 0.001204, Reward: 412.6384, PSO_prob: 0.323, Eps: 0.185, PSO_count: 240, Steps: 748

Train 232/500 Loss: 0.008034, Reward: 448.9882, PSO_prob: 0.316, Eps: 0.182, PSO_count: 234, Steps: 748

Train 238/500 Loss: 0.001180, Reward: 438.5950, PSO_prob: 0.313, Eps: 0.180, PSO_count: 243, Steps: 748

Train 241/500 Loss: 0.007585, Reward: 129.6290, GA_prob: 0.517, Eps: 0.265, GA_count: 113, Steps: 208

Train 71/500 Loss: 0.001263, Reward: 72.1434, PSO_prob: 0.311, Eps: 0.180, PSO_count: 33, Steps: 118

Train 242/500 Loss: 0.001192, Reward: 187.6228, PSO_prob: 0.322, Eps: 0.184, PSO_count: 102, Steps: 298

Train 233/500 Loss: 0.007463, Reward: 241.5553, PSO_prob: 0.315, Eps: 0.181, PSO_count: 126, Steps: 388

Train 239/500 Loss: 0.008861, Reward: 76.9715, PSO_prob: 0.314, Eps: 0.181, PSO_count: 31, Steps: 118

Train 240/500 Loss: 0.005826, Reward: 437.1319, PSO_prob: 0.323, Eps: 0.185, PSO_count: 240, Steps: 748

Train 232/500 Loss: 0.001269, Reward: 233.8903, PSO_prob: 0.310, Eps: 0.179, PSO_count: 130, Steps: 388

Train 243/500 Loss: 0.001272, Reward: 37.7775, PSO_prob: 0.309, Eps: 0.179, PSO_count: 16, Steps: 58

Train 244/500 Loss: 0.003143, Reward: 322.4161, GA_prob: 0.493, Eps: 0.255, GA_count: 276, Steps: 568

Train 91/500 Loss: 0.001181, Reward: 95.8304, PSO_prob: 0.308, Eps: 0.178, PSO_count: 35, Steps: 148

Train 245/500 Loss: 0.002280, Reward: 333.4065, GA_prob: 0.518, Eps: 0.266, GA_count: 290, Steps: 568

Train 70/500 Loss: 0.006380, Reward: 183.3076, PSO_prob: 0.322, Eps: 0.184, PSO_count: 102, Steps: 298

Train 233/500 Loss: 0.001363, Reward: 330.4886, PSO_prob: 0.321, Eps: 0.184, PSO_count: 183, Steps: 568

Train 234/500 Loss: 0.001356, Reward: 80.9190, PSO_prob: 0.307, Eps: 0.178, PSO_count: 30, Steps: 118

Train 246/500 Loss: 0.005890, Reward: 182.5447, GA_prob: 0.516, Eps: 0.265, GA_count: 151, Steps: 298

Train 72/500 Loss: 0.001465, Reward: 132.8444, PSO_prob: 0.320, Eps: 0.183, PSO_count: 63, Steps: 208

Train 235/500 Loss: 0.010933, Reward: 331.9815, GA_prob: 0.493, Eps: 0.255, GA_count: 276, Steps: 568

Train 91/500 Loss: 0.007616, Reward: 36.5573, GA_prob: 0.515, Eps: 0.264, GA_count: 34, Steps: 58

Train 73/500 Loss: 0.006770, Reward: 452.6813, PSO_prob: 0.313, Eps: 0.180, PSO_count: 243, Steps: 748

Train 241/500 Loss: 0.008297, Reward: 75.1611, PSO_prob: 0.311, Eps: 0.180, PSO_count: 33, Steps: 118

Train 242/500 Loss: 0.005599, Reward: 330.2403, PSO_prob: 0.321, Eps: 0.184, PSO_count: 183, Steps: 568

Train 234/500 Loss: 0.001302, Reward: 316.6730, PSO_prob: 0.305, Eps: 0.177, PSO_count: 175, Steps: 568

Train 247/500 Loss: 0.002152, Reward: 132.1543, GA_prob: 0.517, Eps: 0.265, GA_count: 113, Steps: 208

Train 71/500 Loss: 0.005009, Reward: 128.8038, PSO_prob: 0.320, Eps: 0.183, PSO_count: 63, Steps: 208

Train 235/500 Loss: 0.001234, Reward: 93.4604, PSO_prob: 0.304, Eps: 0.177, PSO_count: 48, Steps: 148

Train 248/500 Loss: 0.001338, Reward: 328.8943, PSO_prob: 0.319, Eps: 0.183, PSO_count: 197, Steps: 568

Train 236/500 Loss: 0.001211, Reward: 60.2881, PSO_prob: 0.303, Eps: 0.176, PSO_count: 25, Steps: 88

Train 249/500 Loss: 0.006300, Reward: 239.6921, PSO_prob: 0.310, Eps: 0.179, PSO_count: 130, Steps: 388

Train 243/500 Loss: 0.005792, Reward: 36.0277, PSO_prob: 0.309, Eps: 0.179, PSO_count: 16, Steps: 58

Train 244/500 Loss: 0.005561, Reward: 96.5801, PSO_prob: 0.308, Eps: 0.178, PSO_count: 35, Steps: 148

Train 245/500 Loss: 0.001713, Reward: 194.5934, PSO_prob: 0.317, Eps: 0.182, PSO_count: 98, Steps: 298

Train 237/500 Loss: 0.001701, Reward: 54.3160, PSO_prob: 0.316, Eps: 0.182, PSO_count: 28, Steps: 88

Train 238/500 Loss: 0.004024, Reward: 77.1859, PSO_prob: 0.307, Eps: 0.178, PSO_count: 30, Steps: 118

Train 246/500 Loss: 0.008598, Reward: 173.2317, GA_prob: 0.513, Eps: 0.264, GA_count: 152, Steps: 298

Train 74/500 Loss: 0.001072, Reward: 237.5794, PSO_prob: 0.302, Eps: 0.176, PSO_count: 119, Steps: 388

Train 250/500 Loss: 0.001493, Reward: 36.0496, PSO_prob: 0.315, Eps: 0.181, PSO_count: 13, Steps: 58

Train 239/500 Loss: 0.005303, Reward: 335.6147, PSO_prob: 0.319, Eps: 0.183, PSO_count: 197, Steps: 568

Train 236/500 Loss: 0.001479, Reward: 100.0799, PSO_prob: 0.314, Eps: 0.181, PSO_count: 47, Steps: 148

Train 240/500 Loss: 0.002051, Reward: 181.6247, GA_prob: 0.516, Eps: 0.265, GA_count: 151, Steps: 298

Train 72/500 Loss: 0.006245, Reward: 186.6938, PSO_prob: 0.317, Eps: 0.182, PSO_count: 98, Steps: 298

Train 237/500 Loss: 0.002016, Reward: 35.1389, GA_prob: 0.515, Eps: 0.264, GA_count: 34, Steps: 58

Train 73/500 Loss: 0.005194, Reward: 54.3063, PSO_prob: 0.316, Eps: 0.182, PSO_count: 28, Steps: 88

Train 238/500 Loss: 0.005928, Reward: 38.2601, PSO_prob: 0.315, Eps: 0.181, PSO_count: 13, Steps: 58

Train 239/500 Loss: 0.004559, Reward: 336.3557, PSO_prob: 0.305, Eps: 0.177, PSO_count: 175, Steps: 568

Train 247/500 Loss: 0.001070, Reward: 327.1038, PSO_prob: 0.301, Eps: 0.175, PSO_count: 170, Steps: 568

Train 251/500 Loss: 0.004441, Reward: 100.1305, PSO_prob: 0.314, Eps: 0.181, PSO_count: 47, Steps: 148

Train 240/500 Loss: 0.006454, Reward: 95.8809, PSO_prob: 0.304, Eps: 0.177, PSO_count: 48, Steps: 148

Train 248/500 Loss: 0.003296, Reward: 423.0101, GA_prob: 0.492, Eps: 0.255, GA_count: 364, Steps: 748

Train 92/500 Loss: 0.001636, Reward: 328.4166, PSO_prob: 0.313, Eps: 0.180, PSO_count: 174, Steps: 568

Train 241/500 Loss: 0.003327, Reward: 59.6763, PSO_prob: 0.303, Eps: 0.176, PSO_count: 25, Steps: 88

Train 249/500 Loss: 0.001140, Reward: 123.4578, PSO_prob: 0.299, Eps: 0.175, PSO_count: 57, Steps: 208

Train 252/500 Loss: 0.001569, Reward: 54.2303, PSO_prob: 0.311, Eps: 0.180, PSO_count: 27, Steps: 88

Train 242/500 Loss: 0.007537, Reward: 178.7746, GA_prob: 0.512, Eps: 0.263, GA_count: 156, Steps: 298

Train 75/500 Loss: 0.001286, Reward: 132.6719, PSO_prob: 0.298, Eps: 0.174, PSO_count: 54, Steps: 208

Train 253/500 Loss: 0.010376, Reward: 437.6965, GA_prob: 0.492, Eps: 0.255, GA_count: 364, Steps: 748

Train 92/500 Loss: 0.006364, Reward: 240.2239, PSO_prob: 0.302, Eps: 0.176, PSO_count: 119, Steps: 388

Train 250/500 Loss: 0.010192, Reward: 58.2996, GA_prob: 0.511, Eps: 0.263, GA_count: 52, Steps: 88

Train 76/500 Loss: 0.004878, Reward: 337.7006, PSO_prob: 0.313, Eps: 0.180, PSO_count: 174, Steps: 568

Train 241/500 Loss: 0.002261, Reward: 168.8189, GA_prob: 0.513, Eps: 0.264, GA_count: 152, Steps: 298

Train 74/500 Loss: 0.002184, Reward: 52.3361, PSO_prob: 0.311, Eps: 0.180, PSO_count: 27, Steps: 88

Train 242/500 Loss: 0.001071, Reward: 231.4137, PSO_prob: 0.297, Eps: 0.174, PSO_count: 106, Steps: 388

Train 254/500 Loss: 0.001179, Reward: 98.6849, PSO_prob: 0.296, Eps: 0.173, PSO_count: 44, Steps: 148

Train 255/500 Loss: 0.001636, Reward: 435.4854, PSO_prob: 0.310, Eps: 0.179, PSO_count: 223, Steps: 748

Train 243/500 Loss: 0.002996, Reward: 182.9516, GA_prob: 0.491, Eps: 0.254, GA_count: 154, Steps: 298

Train 93/500 Loss: 0.006469, Reward: 332.2597, PSO_prob: 0.301, Eps: 0.175, PSO_count: 170, Steps: 568

Train 251/500 Loss: 0.003446, Reward: 37.5777, GA_prob: 0.489, Eps: 0.254, GA_count: 22, Steps: 58

Train 94/500 Loss: 0.008843, Reward: 184.2028, GA_prob: 0.491, Eps: 0.254, GA_count: 154, Steps: 298

Train 93/500 Loss: 0.001452, Reward: 172.4280, PSO_prob: 0.309, Eps: 0.179, PSO_count: 76, Steps: 298

Train 244/500 Loss: 0.006860, Reward: 129.7777, PSO_prob: 0.299, Eps: 0.175, PSO_count: 57, Steps: 208

Train 252/500 Loss: 0.008603, Reward: 36.8494, GA_prob: 0.489, Eps: 0.254, GA_count: 22, Steps: 58

Train 94/500 Loss: 0.002034, Reward: 172.5915, GA_prob: 0.512, Eps: 0.263, GA_count: 156, Steps: 298

Train 75/500 Loss: 0.005862, Reward: 442.2721, PSO_prob: 0.310, Eps: 0.179, PSO_count: 223, Steps: 748

Train 243/500 Loss: 0.007349, Reward: 127.0048, PSO_prob: 0.298, Eps: 0.174, PSO_count: 54, Steps: 208

Train 253/500 Loss: 0.001026, Reward: 447.3428, PSO_prob: 0.295, Eps: 0.173, PSO_count: 226, Steps: 748

Train 256/500 Loss: 0.005889, Reward: 228.3320, GA_prob: 0.510, Eps: 0.262, GA_count: 205, Steps: 388

Train 77/500 Loss: 0.002906, Reward: 132.7054, GA_prob: 0.488, Eps: 0.253, GA_count: 97, Steps: 208

Train 95/500 Loss: 0.002016, Reward: 58.5093, GA_prob: 0.511, Eps: 0.263, GA_count: 52, Steps: 88

Train 76/500 Loss: 0.000994, Reward: 94.1705, PSO_prob: 0.293, Eps: 0.172, PSO_count: 38, Steps: 148

Train 257/500 Loss: 0.004624, Reward: 182.2760, PSO_prob: 0.309, Eps: 0.179, PSO_count: 76, Steps: 298

Train 244/500 Loss: 0.001043, Reward: 56.6949, PSO_prob: 0.292, Eps: 0.172, PSO_count: 28, Steps: 88

Train 258/500 Loss: 0.001445, Reward: 329.6223, PSO_prob: 0.308, Eps: 0.178, PSO_count: 195, Steps: 568

Train 245/500 Loss: 0.006776, Reward: 231.3614, PSO_prob: 0.297, Eps: 0.174, PSO_count: 106, Steps: 388

Train 254/500 Loss: 0.001404, Reward: 36.9841, PSO_prob: 0.307, Eps: 0.178, PSO_count: 26, Steps: 58

Train 246/500 Loss: 0.009024, Reward: 129.1404, GA_prob: 0.488, Eps: 0.253, GA_count: 97, Steps: 208

Train 95/500 Loss: 0.004128, Reward: 96.7432, PSO_prob: 0.296, Eps: 0.173, PSO_count: 44, Steps: 148

Train 255/500 Loss: 0.001597, Reward: 180.7268, PSO_prob: 0.291, Eps: 0.171, PSO_count: 99, Steps: 298

Train 259/500 Loss: 0.001194, Reward: 36.9738, PSO_prob: 0.290, Eps: 0.171, PSO_count: 12, Steps: 58

Train 260/500 Loss: 0.001202, Reward: 89.1885, PSO_prob: 0.289, Eps: 0.170, PSO_count: 42, Steps: 148

Train 261/500 Loss: 0.004474, Reward: 340.2039, PSO_prob: 0.308, Eps: 0.178, PSO_count: 195, Steps: 568

Train 245/500 Loss: 0.008074, Reward: 36.2514, PSO_prob: 0.307, Eps: 0.178, PSO_count: 26, Steps: 58

Train 246/500 Loss: 0.003156, Reward: 181.1084, GA_prob: 0.487, Eps: 0.253, GA_count: 150, Steps: 298

Train 96/500 Loss: 0.001262, Reward: 185.9433, PSO_prob: 0.287, Eps: 0.170, PSO_count: 100, Steps: 298

Train 262/500 Loss: 0.001519, Reward: 37.9601, PSO_prob: 0.286, Eps: 0.169, PSO_count: 15, Steps: 58

Train 263/500 Loss: 0.001473, Reward: 428.7838, PSO_prob: 0.305, Eps: 0.177, PSO_count: 193, Steps: 748

Train 247/500 Loss: 0.004881, Reward: 462.1621, PSO_prob: 0.295, Eps: 0.173, PSO_count: 226, Steps: 748

Train 256/500 Loss: 0.009477, Reward: 184.6751, GA_prob: 0.487, Eps: 0.253, GA_count: 150, Steps: 298

Train 96/500 Loss: 0.002213, Reward: 225.9678, GA_prob: 0.510, Eps: 0.262, GA_count: 205, Steps: 388

Train 77/500 Loss: 0.005755, Reward: 97.3406, PSO_prob: 0.293, Eps: 0.172, PSO_count: 38, Steps: 148

Train 257/500 Loss: 0.001408, Reward: 185.0367, PSO_prob: 0.285, Eps: 0.169, PSO_count: 87, Steps: 298

Train 264/500 Loss: 0.002094, Reward: 36.0582, PSO_prob: 0.284, Eps: 0.168, PSO_count: 23, Steps: 58

Train 265/500 Loss: 0.006700, Reward: 54.5741, PSO_prob: 0.292, Eps: 0.172, PSO_count: 28, Steps: 88

Train 258/500 Loss: 0.001415, Reward: 333.4102, PSO_prob: 0.304, Eps: 0.177, PSO_count: 164, Steps: 568

Train 248/500 Loss: 0.004848, Reward: 431.6822, PSO_prob: 0.305, Eps: 0.177, PSO_count: 193, Steps: 748

Train 247/500 Loss: 0.008255, Reward: 323.1642, GA_prob: 0.509, Eps: 0.262, GA_count: 292, Steps: 568

Train 78/500 Loss: 0.004265, Reward: 179.0759, PSO_prob: 0.291, Eps: 0.171, PSO_count: 99, Steps: 298

Train 259/500 Loss: 0.006821, Reward: 35.9728, PSO_prob: 0.290, Eps: 0.171, PSO_count: 12, Steps: 58

Train 260/500 Loss: 0.004116, Reward: 33.7454, GA_prob: 0.507, Eps: 0.261, GA_count: 26, Steps: 58

Train 79/500 Loss: 0.001239, Reward: 187.9086, PSO_prob: 0.303, Eps: 0.176, PSO_count: 89, Steps: 298

Train 249/500 Loss: 0.008288, Reward: 88.6703, PSO_prob: 0.289, Eps: 0.170, PSO_count: 42, Steps: 148

Train 261/500 Loss: 0.001330, Reward: 94.2156, PSO_prob: 0.302, Eps: 0.176, PSO_count: 46, Steps: 148

Train 250/500 Loss: 0.001267, Reward: 425.6357, PSO_prob: 0.283, Eps: 0.168, PSO_count: 211, Steps: 748

Train 266/500 Loss: 0.014665, Reward: 73.4889, GA_prob: 0.506, Eps: 0.261, GA_count: 63, Steps: 118

Train 80/500 Loss: 0.004137, Reward: 342.1224, PSO_prob: 0.304, Eps: 0.177, PSO_count: 164, Steps: 568

Train 248/500 Loss: 0.001035, Reward: 52.8742, PSO_prob: 0.281, Eps: 0.167, PSO_count: 30, Steps: 88

Train 267/500 Loss: 0.001711, Reward: 133.8264, PSO_prob: 0.301, Eps: 0.175, PSO_count: 61, Steps: 208

Train 251/500 Loss: 0.005465, Reward: 187.7278, PSO_prob: 0.287, Eps: 0.170, PSO_count: 100, Steps: 298

Train 262/500 Loss: 0.001402, Reward: 40.3776, PSO_prob: 0.299, Eps: 0.175, PSO_count: 21, Steps: 58

Train 252/500 Loss: 0.006804, Reward: 39.5089, PSO_prob: 0.286, Eps: 0.169, PSO_count: 15, Steps: 58

Train 263/500 Loss: 0.001795, Reward: 35.9571, PSO_prob: 0.298, Eps: 0.174, PSO_count: 15, Steps: 58

Train 253/500 Loss: 0.002853, Reward: 328.9218, GA_prob: 0.486, Eps: 0.252, GA_count: 277, Steps: 568

Train 97/500 Loss: 0.004338, Reward: 182.9656, PSO_prob: 0.303, Eps: 0.176, PSO_count: 89, Steps: 298

Train 249/500 Loss: 0.001200, Reward: 185.0936, PSO_prob: 0.280, Eps: 0.167, PSO_count: 87, Steps: 298

Train 268/500 Loss: 0.009686, Reward: 95.3414, GA_prob: 0.505, Eps: 0.260, GA_count: 82, Steps: 148

Train 81/500 Loss: 0.005292, Reward: 187.7014, PSO_prob: 0.285, Eps: 0.169, PSO_count: 87, Steps: 298

Train 264/500 Loss: 0.001311, Reward: 193.7689, PSO_prob: 0.297, Eps: 0.174, PSO_count: 81, Steps: 298

Train 254/500 Loss: 0.003397, Reward: 39.2890, PSO_prob: 0.284, Eps: 0.168, PSO_count: 23, Steps: 58

Train 265/500 Loss: 0.004620, Reward: 90.8575, PSO_prob: 0.302, Eps: 0.176, PSO_count: 46, Steps: 148

Train 250/500 Loss: 0.006545, Reward: 36.8592, GA_prob: 0.504, Eps: 0.260, GA_count: 26, Steps: 58

Train 82/500 Loss: 0.003074, Reward: 60.5756, GA_prob: 0.485, Eps: 0.252, GA_count: 48, Steps: 88

Train 98/500 Loss: 0.001365, Reward: 95.6301, PSO_prob: 0.296, Eps: 0.173, PSO_count: 39, Steps: 148

Train 255/500 Loss: 0.008862, Reward: 333.1797, GA_prob: 0.486, Eps: 0.252, GA_count: 277, Steps: 568

Train 97/500 Loss: 0.002765, Reward: 312.3752, GA_prob: 0.509, Eps: 0.262, GA_count: 292, Steps: 568

Train 78/500 Loss: 0.005520, Reward: 132.7027, PSO_prob: 0.301, Eps: 0.175, PSO_count: 61, Steps: 208

Train 251/500 Loss: 0.001137, Reward: 231.0619, PSO_prob: 0.279, Eps: 0.166, PSO_count: 110, Steps: 388

Train 269/500 Loss: 0.010293, Reward: 38.2020, PSO_prob: 0.299, Eps: 0.175, PSO_count: 21, Steps: 58

Train 252/500 Loss: 0.007660, Reward: 36.3903, PSO_prob: 0.298, Eps: 0.174, PSO_count: 15, Steps: 58

Train 253/500 Loss: 0.002982, Reward: 33.6025, GA_prob: 0.507, Eps: 0.261, GA_count: 26, Steps: 58

Train 79/500 Loss: 0.006992, Reward: 59.0797, GA_prob: 0.485, Eps: 0.252, GA_count: 48, Steps: 88

Train 98/500 Loss: 0.001152, Reward: 180.2714, PSO_prob: 0.278, Eps: 0.166, PSO_count: 86, Steps: 298

Train 270/500 Loss: 0.002692, Reward: 132.6437, GA_prob: 0.483, Eps: 0.251, GA_count: 100, Steps: 208

Train 99/500 Loss: 0.000936, Reward: 36.4125, PSO_prob: 0.277, Eps: 0.165, PSO_count: 17, Steps: 58

Train 271/500 Loss: 0.008682, Reward: 190.3578, PSO_prob: 0.297, Eps: 0.174, PSO_count: 81, Steps: 298

Train 254/500 Loss: 0.001590, Reward: 325.9574, PSO_prob: 0.295, Eps: 0.173, PSO_count: 191, Steps: 568

Train 256/500 Loss: 0.002812, Reward: 75.5410, GA_prob: 0.506, Eps: 0.261, GA_count: 63, Steps: 118

Train 80/500 Loss: 0.007325, Reward: 445.3241, PSO_prob: 0.283, Eps: 0.168, PSO_count: 211, Steps: 748

Train 266/500 Loss: 0.000915, Reward: 95.8316, PSO_prob: 0.275, Eps: 0.165, PSO_count: 44, Steps: 148

Train 272/500 Loss: 0.011133, Reward: 55.0139, PSO_prob: 0.281, Eps: 0.167, PSO_count: 30, Steps: 88

Train 267/500 Loss: 0.004838, Reward: 96.8179, PSO_prob: 0.296, Eps: 0.173, PSO_count: 39, Steps: 148

Train 255/500 Loss: 0.001369, Reward: 96.6115, PSO_prob: 0.274, Eps: 0.164, PSO_count: 40, Steps: 148

Train 273/500 Loss: 0.009226, Reward: 130.8706, GA_prob: 0.483, Eps: 0.251, GA_count: 100, Steps: 208

Train 99/500 Loss: 0.006305, Reward: 190.0578, PSO_prob: 0.280, Eps: 0.167, PSO_count: 87, Steps: 298

Train 268/500 Loss: 0.002665, Reward: 96.4472, GA_prob: 0.505, Eps: 0.260, GA_count: 82, Steps: 148

Train 81/500 Loss: 0.002544, Reward: 136.8880, GA_prob: 0.482, Eps: 0.251, GA_count: 104, Steps: 208

Train 100/500 Loss: 0.001482, Reward: 328.0196, PSO_prob: 0.293, Eps: 0.172, PSO_count: 171, Steps: 568

Train 257/500 Loss: 0.003334, Reward: 36.7620, GA_prob: 0.504, Eps: 0.260, GA_count: 26, Steps: 58

Train 82/500 Loss: 0.007765, Reward: 331.7215, PSO_prob: 0.295, Eps: 0.173, PSO_count: 191, Steps: 568

Train 256/500 Loss: 0.006106, Reward: 238.3604, PSO_prob: 0.279, Eps: 0.166, PSO_count: 110, Steps: 388

Train 269/500 Loss: 0.001992, Reward: 126.8409, PSO_prob: 0.292, Eps: 0.172, PSO_count: 59, Steps: 208

Train 258/500 Loss: 0.008273, Reward: 130.1286, GA_prob: 0.482, Eps: 0.251, GA_count: 104, Steps: 208

Train 100/500 Loss: 0.001216, Reward: 438.3611, PSO_prob: 0.273, Eps: 0.164, PSO_count: 201, Steps: 748

Train 274/500 Loss: 0.006615, Reward: 183.4690, PSO_prob: 0.278, Eps: 0.166, PSO_count: 86, Steps: 298

Train 270/500 Loss: 0.002552, Reward: 134.0776, GA_prob: 0.481, Eps: 0.250, GA_count: 90, Steps: 208

Train 101/500 Loss: 0.004274, Reward: 37.4514, PSO_prob: 0.277, Eps: 0.165, PSO_count: 17, Steps: 58

Train 271/500 Loss: 0.002638, Reward: 37.2217, GA_prob: 0.480, Eps: 0.250, GA_count: 29, Steps: 58

Train 102/500 Loss: 0.007734, Reward: 90.2800, PSO_prob: 0.275, Eps: 0.165, PSO_count: 44, Steps: 148

Train 272/500 Loss: 0.007242, Reward: 340.1298, PSO_prob: 0.293, Eps: 0.172, PSO_count: 171, Steps: 568

Train 257/500 Loss: 0.008621, Reward: 132.2900, GA_prob: 0.481, Eps: 0.250, GA_count: 90, Steps: 208

Train 101/500 Loss: 0.008546, Reward: 436.0911, GA_prob: 0.503, Eps: 0.259, GA_count: 363, Steps: 748

Train 83/500 Loss: 0.001540, Reward: 329.5506, PSO_prob: 0.291, Eps: 0.171, PSO_count: 147, Steps: 568

Train 259/500 Loss: 0.000933, Reward: 237.7600, PSO_prob: 0.272, Eps: 0.163, PSO_count: 109, Steps: 388

Train 275/500 Loss: 0.006049, Reward: 91.1587, PSO_prob: 0.274, Eps: 0.164, PSO_count: 40, Steps: 148

Train 273/500 Loss: 0.000788, Reward: 76.8067, PSO_prob: 0.271, Eps: 0.163, PSO_count: 34, Steps: 118

Train 276/500 Loss: 0.006975, Reward: 130.9554, PSO_prob: 0.292, Eps: 0.172, PSO_count: 59, Steps: 208

Train 258/500 Loss: 0.008180, Reward: 36.7921, GA_prob: 0.480, Eps: 0.250, GA_count: 29, Steps: 58

Train 102/500 Loss: 0.000990, Reward: 135.7581, PSO_prob: 0.269, Eps: 0.162, PSO_count: 58, Steps: 208

Train 277/500 Loss: 0.000892, Reward: 35.9684, PSO_prob: 0.268, Eps: 0.162, PSO_count: 13, Steps: 58

Train 278/500 Loss: 0.001352, Reward: 331.4293, PSO_prob: 0.290, Eps: 0.171, PSO_count: 172, Steps: 568

Train 260/500 Loss: 0.001040, Reward: 188.5552, PSO_prob: 0.267, Eps: 0.161, PSO_count: 72, Steps: 298

Train 279/500 Loss: 0.005629, Reward: 339.8547, PSO_prob: 0.291, Eps: 0.171, PSO_count: 147, Steps: 568

Train 259/500 Loss: 0.005325, Reward: 448.4287, PSO_prob: 0.273, Eps: 0.164, PSO_count: 201, Steps: 748

Train 274/500 Loss: 0.001149, Reward: 59.0836, PSO_prob: 0.266, Eps: 0.161, PSO_count: 29, Steps: 88

Train 280/500 Loss: 0.008301, Reward: 182.8069, GA_prob: 0.501, Eps: 0.259, GA_count: 142, Steps: 298

Train 84/500 Loss: 0.001404, Reward: 127.3197, PSO_prob: 0.289, Eps: 0.170, PSO_count: 57, Steps: 208

Train 261/500 Loss: 0.001279, Reward: 37.8537, PSO_prob: 0.287, Eps: 0.170, PSO_count: 11, Steps: 58

Train 262/500 Loss: 0.001078, Reward: 59.5639, PSO_prob: 0.286, Eps: 0.169, PSO_count: 24, Steps: 88

Train 263/500 Loss: 0.006521, Reward: 37.0865, GA_prob: 0.500, Eps: 0.258, GA_count: 33, Steps: 58

Train 85/500 Loss: 0.006443, Reward: 240.1162, PSO_prob: 0.272, Eps: 0.163, PSO_count: 109, Steps: 388

Train 275/500 Loss: 0.002479, Reward: 414.6788, GA_prob: 0.503, Eps: 0.259, GA_count: 363, Steps: 748

Train 83/500 Loss: 0.005227, Reward: 331.4546, PSO_prob: 0.290, Eps: 0.171, PSO_count: 172, Steps: 568

Train 260/500 Loss: 0.006787, Reward: 75.6379, PSO_prob: 0.271, Eps: 0.163, PSO_count: 34, Steps: 118

Train 276/500 Loss: 0.006365, Reward: 131.3148, PSO_prob: 0.269, Eps: 0.162, PSO_count: 58, Steps: 208

Train 277/500 Loss: 0.001301, Reward: 334.3215, PSO_prob: 0.285, Eps: 0.169, PSO_count: 153, Steps: 568

Train 264/500 Loss: 0.004651, Reward: 127.9831, PSO_prob: 0.289, Eps: 0.170, PSO_count: 57, Steps: 208

Train 261/500 Loss: 0.001067, Reward: 438.5577, PSO_prob: 0.265, Eps: 0.160, PSO_count: 194, Steps: 748

Train 281/500 Loss: 0.007393, Reward: 35.3817, PSO_prob: 0.268, Eps: 0.162, PSO_count: 13, Steps: 58

Train 278/500 Loss: 0.007314, Reward: 36.5032, PSO_prob: 0.287, Eps: 0.170, PSO_count: 11, Steps: 58

Train 262/500 Loss: 0.007367, Reward: 59.1146, PSO_prob: 0.286, Eps: 0.169, PSO_count: 24, Steps: 88

Train 263/500 Loss: 0.001089, Reward: 98.6136, PSO_prob: 0.284, Eps: 0.168, PSO_count: 45, Steps: 148

Train 265/500 Loss: 0.007496, Reward: 187.8195, PSO_prob: 0.267, Eps: 0.161, PSO_count: 72, Steps: 298

Train 279/500 Loss: 0.002380, Reward: 430.6909, GA_prob: 0.479, Eps: 0.249, GA_count: 355, Steps: 748

Train 103/500 Loss: 0.001085, Reward: 129.1782, PSO_prob: 0.283, Eps: 0.168, PSO_count: 65, Steps: 208

Train 266/500 Loss: 0.007543, Reward: 56.6382, PSO_prob: 0.266, Eps: 0.161, PSO_count: 29, Steps: 88

Train 280/500 Loss: 0.007902, Reward: 237.2657, GA_prob: 0.499, Eps: 0.258, GA_count: 190, Steps: 388

Train 86/500 Loss: 0.002357, Reward: 180.4105, GA_prob: 0.501, Eps: 0.259, GA_count: 142, Steps: 298

Train 84/500 Loss: 0.002098, Reward: 39.0910, GA_prob: 0.477, Eps: 0.249, GA_count: 31, Steps: 58

Train 104/500 Loss: 0.006703, Reward: 40.1302, GA_prob: 0.498, Eps: 0.257, GA_count: 28, Steps: 58

Train 87/500 Loss: 0.002538, Reward: 35.4848, GA_prob: 0.500, Eps: 0.258, GA_count: 33, Steps: 58

Train 85/500 Loss: 0.007143, Reward: 443.5087, GA_prob: 0.479, Eps: 0.249, GA_count: 355, Steps: 748

Train 103/500 Loss: 0.005015, Reward: 342.2079, PSO_prob: 0.285, Eps: 0.169, PSO_count: 153, Steps: 568

Train 264/500 Loss: 0.000850, Reward: 436.7051, PSO_prob: 0.263, Eps: 0.160, PSO_count: 188, Steps: 748

Train 282/500 Loss: 0.004055, Reward: 94.0215, PSO_prob: 0.284, Eps: 0.168, PSO_count: 45, Steps: 148

Train 265/500 Loss: 0.000707, Reward: 55.8331, PSO_prob: 0.262, Eps: 0.159, PSO_count: 22, Steps: 88

Train 283/500 Loss: 0.007134, Reward: 38.5791, GA_prob: 0.477, Eps: 0.249, GA_count: 31, Steps: 58

Train 104/500 Loss: 0.002090, Reward: 99.3241, GA_prob: 0.476, Eps: 0.248, GA_count: 69, Steps: 148

Train 105/500 Loss: 0.005795, Reward: 129.8511, PSO_prob: 0.283, Eps: 0.168, PSO_count: 65, Steps: 208

Train 266/500 Loss: 0.000939, Reward: 128.5879, PSO_prob: 0.261, Eps: 0.159, PSO_count: 59, Steps: 208

Train 284/500 Loss: 0.005535, Reward: 445.2165, PSO_prob: 0.265, Eps: 0.160, PSO_count: 194, Steps: 748

Train 281/500 Loss: 0.001003, Reward: 446.3114, PSO_prob: 0.281, Eps: 0.167, PSO_count: 200, Steps: 748

Train 267/500 Loss: 0.000710, Reward: 100.3955, PSO_prob: 0.260, Eps: 0.158, PSO_count: 47, Steps: 148

Train 285/500 Loss: 0.010311, Reward: 97.3031, GA_prob: 0.476, Eps: 0.248, GA_count: 69, Steps: 148

Train 105/500 Loss: 0.002380, Reward: 93.2950, GA_prob: 0.475, Eps: 0.248, GA_count: 75, Steps: 148

Train 106/500 Loss: 0.001077, Reward: 237.1401, PSO_prob: 0.280, Eps: 0.167, PSO_count: 107, Steps: 388

Train 268/500 Loss: 0.008231, Reward: 232.9419, GA_prob: 0.497, Eps: 0.257, GA_count: 170, Steps: 388

Train 88/500 Loss: 0.007739, Reward: 92.5332, GA_prob: 0.475, Eps: 0.248, GA_count: 75, Steps: 148

Train 106/500 Loss: 0.002691, Reward: 235.2475, GA_prob: 0.499, Eps: 0.258, GA_count: 190, Steps: 388

Train 86/500 Loss: 0.006616, Reward: 450.5247, PSO_prob: 0.281, Eps: 0.167, PSO_count: 200, Steps: 748

Train 267/500 Loss: 0.000882, Reward: 322.6515, PSO_prob: 0.259, Eps: 0.158, PSO_count: 158, Steps: 568

Train 286/500 Loss: 0.000901, Reward: 55.2545, PSO_prob: 0.257, Eps: 0.157, PSO_count: 20, Steps: 88

Train 287/500 Loss: 0.000948, Reward: 181.8286, PSO_prob: 0.279, Eps: 0.166, PSO_count: 89, Steps: 298

Train 269/500 Loss: 0.002388, Reward: 37.9603, GA_prob: 0.498, Eps: 0.257, GA_count: 28, Steps: 58

Train 87/500 Loss: 0.008581, Reward: 56.5379, GA_prob: 0.495, Eps: 0.256, GA_count: 44, Steps: 88

Train 89/500 Loss: 0.006299, Reward: 449.7841, PSO_prob: 0.263, Eps: 0.160, PSO_count: 188, Steps: 748

Train 282/500 Loss: 0.001074, Reward: 81.9504, PSO_prob: 0.256, Eps: 0.157, PSO_count: 36, Steps: 118

Train 288/500 Loss: 0.006703, Reward: 54.8704, PSO_prob: 0.262, Eps: 0.159, PSO_count: 22, Steps: 88

Train 283/500 Loss: 0.000693, Reward: 90.0965, PSO_prob: 0.255, Eps: 0.156, PSO_count: 27, Steps: 148

Train 289/500 Loss: 0.004938, Reward: 241.1232, PSO_prob: 0.280, Eps: 0.167, PSO_count: 107, Steps: 388

Train 268/500 Loss: 0.003773, Reward: 133.0341, PSO_prob: 0.261, Eps: 0.159, PSO_count: 59, Steps: 208

Train 284/500 Loss: 0.000986, Reward: 228.0410, PSO_prob: 0.278, Eps: 0.166, PSO_count: 101, Steps: 388

Train 270/500 Loss: 0.002073, Reward: 225.9490, GA_prob: 0.474, Eps: 0.247, GA_count: 172, Steps: 388

Train 107/500 Loss: 0.007342, Reward: 91.3793, GA_prob: 0.494, Eps: 0.256, GA_count: 85, Steps: 148

Train 90/500 Loss: 0.007640, Reward: 96.3766, PSO_prob: 0.260, Eps: 0.158, PSO_count: 47, Steps: 148

Train 285/500 Loss: 0.006397, Reward: 187.5767, PSO_prob: 0.279, Eps: 0.166, PSO_count: 89, Steps: 298

Train 269/500 Loss: 0.001074, Reward: 131.5197, PSO_prob: 0.277, Eps: 0.165, PSO_count: 54, Steps: 208

Train 271/500 Loss: 0.001006, Reward: 73.6054, PSO_prob: 0.275, Eps: 0.165, PSO_count: 24, Steps: 118

Train 272/500 Loss: 0.001105, Reward: 338.2494, PSO_prob: 0.254, Eps: 0.156, PSO_count: 144, Steps: 568

Train 290/500 Loss: 0.002060, Reward: 88.2262, GA_prob: 0.473, Eps: 0.247, GA_count: 68, Steps: 148

Train 108/500 Loss: 0.001150, Reward: 61.2637, PSO_prob: 0.253, Eps: 0.155, PSO_count: 30, Steps: 88

Train 291/500 Loss: 0.006976, Reward: 234.8982, GA_prob: 0.474, Eps: 0.247, GA_count: 172, Steps: 388

Train 107/500 Loss: 0.012892, Reward: 91.3844, GA_prob: 0.493, Eps: 0.255, GA_count: 65, Steps: 148

Train 91/500 Loss: 0.001281, Reward: 90.9307, PSO_prob: 0.274, Eps: 0.164, PSO_count: 43, Steps: 148

Train 273/500 Loss: 0.000919, Reward: 61.4736, PSO_prob: 0.251, Eps: 0.155, PSO_count: 21, Steps: 88

Train 292/500 Loss: 0.005248, Reward: 241.5507, PSO_prob: 0.278, Eps: 0.166, PSO_count: 101, Steps: 388

Train 270/500 Loss: 0.001997, Reward: 38.1937, GA_prob: 0.471, Eps: 0.246, GA_count: 31, Steps: 58

Train 109/500 Loss: 0.002597, Reward: 228.1136, GA_prob: 0.497, Eps: 0.257, GA_count: 170, Steps: 388

Train 88/500 Loss: 0.005383, Reward: 338.9910, PSO_prob: 0.259, Eps: 0.158, PSO_count: 158, Steps: 568

Train 286/500 Loss: 0.006306, Reward: 129.1942, PSO_prob: 0.277, Eps: 0.165, PSO_count: 54, Steps: 208

Train 271/500 Loss: 0.003921, Reward: 56.3759, PSO_prob: 0.257, Eps: 0.157, PSO_count: 20, Steps: 88

Train 287/500 Loss: 0.007616, Reward: 88.5256, GA_prob: 0.473, Eps: 0.247, GA_count: 68, Steps: 148

Train 108/500 Loss: 0.002662, Reward: 59.0297, GA_prob: 0.495, Eps: 0.256, GA_count: 44, Steps: 88

Train 89/500 Loss: 0.004769, Reward: 73.2251, PSO_prob: 0.275, Eps: 0.165, PSO_count: 24, Steps: 118

Train 272/500 Loss: 0.007632, Reward: 78.9518, PSO_prob: 0.256, Eps: 0.157, PSO_count: 36, Steps: 118

Train 288/500 Loss: 0.012194, Reward: 37.4217, GA_prob: 0.471, Eps: 0.246, GA_count: 31, Steps: 58

Train 109/500 Loss: 0.007420, Reward: 93.1748, PSO_prob: 0.274, Eps: 0.164, PSO_count: 43, Steps: 148

Train 273/500 Loss: 0.006221, Reward: 88.4231, PSO_prob: 0.255, Eps: 0.156, PSO_count: 27, Steps: 148

Train 289/500 Loss: 0.001171, Reward: 443.4783, PSO_prob: 0.273, Eps: 0.164, PSO_count: 215, Steps: 748

Train 274/500 Loss: 0.000942, Reward: 436.0270, PSO_prob: 0.250, Eps: 0.154, PSO_count: 182, Steps: 748

Train 293/500 Loss: 0.002656, Reward: 90.3869, GA_prob: 0.494, Eps: 0.256, GA_count: 85, Steps: 148

Train 90/500 Loss: 0.000993, Reward: 189.2912, PSO_prob: 0.249, Eps: 0.154, PSO_count: 80, Steps: 298

Train 294/500 Loss: 0.005138, Reward: 344.4899, PSO_prob: 0.254, Eps: 0.156, PSO_count: 144, Steps: 568

Train 290/500 Loss: 0.007959, Reward: 58.7895, PSO_prob: 0.253, Eps: 0.155, PSO_count: 30, Steps: 88

Train 291/500 Loss: 0.002478, Reward: 91.1101, GA_prob: 0.493, Eps: 0.255, GA_count: 65, Steps: 148

Train 91/500 Loss: 0.001196, Reward: 342.0329, PSO_prob: 0.272, Eps: 0.163, PSO_count: 164, Steps: 568

Train 275/500 Loss: 0.005729, Reward: 452.7886, PSO_prob: 0.273, Eps: 0.164, PSO_count: 215, Steps: 748

Train 274/500 Loss: 0.008372, Reward: 56.5626, PSO_prob: 0.251, Eps: 0.155, PSO_count: 21, Steps: 88

Train 292/500 Loss: 0.000701, Reward: 233.5361, PSO_prob: 0.248, Eps: 0.153, PSO_count: 106, Steps: 388

Train 295/500 Loss: 0.002297, Reward: 332.2823, GA_prob: 0.470, Eps: 0.246, GA_count: 259, Steps: 568

Train 110/500 Loss: 0.000676, Reward: 176.8113, PSO_prob: 0.246, Eps: 0.153, PSO_count: 59, Steps: 298

Train 296/500 Loss: 0.003732, Reward: 344.2035, PSO_prob: 0.272, Eps: 0.163, PSO_count: 164, Steps: 568

Train 275/500 Loss: 0.002027, Reward: 76.9586, GA_prob: 0.469, Eps: 0.245, GA_count: 56, Steps: 118

Train 111/500 Loss: 0.006732, Reward: 445.5422, GA_prob: 0.492, Eps: 0.255, GA_count: 382, Steps: 748

Train 92/500 Loss: 0.000875, Reward: 228.6097, PSO_prob: 0.245, Eps: 0.152, PSO_count: 92, Steps: 388

Train 297/500 Loss: 0.005789, Reward: 449.5840, PSO_prob: 0.250, Eps: 0.154, PSO_count: 182, Steps: 748

Train 293/500 Loss: 0.009079, Reward: 337.5517, GA_prob: 0.470, Eps: 0.246, GA_count: 259, Steps: 568

Train 110/500 Loss: 0.001234, Reward: 435.5293, PSO_prob: 0.271, Eps: 0.163, PSO_count: 197, Steps: 748

Train 276/500 Loss: 0.009539, Reward: 31.2853, GA_prob: 0.491, Eps: 0.254, GA_count: 28, Steps: 58

Train 93/500 Loss: 0.002471, Reward: 73.0915, GA_prob: 0.468, Eps: 0.245, GA_count: 64, Steps: 118

Train 112/500 Loss: 0.006371, Reward: 185.8858, PSO_prob: 0.249, Eps: 0.154, PSO_count: 80, Steps: 298

Train 294/500 Loss: 0.012338, Reward: 73.8125, GA_prob: 0.469, Eps: 0.245, GA_count: 56, Steps: 118

Train 111/500 Loss: 0.001982, Reward: 33.4954, GA_prob: 0.467, Eps: 0.244, GA_count: 30, Steps: 58

Train 113/500 Loss: 0.001226, Reward: 225.0014, PSO_prob: 0.269, Eps: 0.162, PSO_count: 98, Steps: 388

Train 277/500 Loss: 0.001295, Reward: 56.9452, PSO_prob: 0.268, Eps: 0.162, PSO_count: 16, Steps: 88

Train 278/500 Loss: 0.004463, Reward: 442.7999, PSO_prob: 0.271, Eps: 0.163, PSO_count: 197, Steps: 748

Train 276/500 Loss: 0.011221, Reward: 74.7837, GA_prob: 0.468, Eps: 0.245, GA_count: 64, Steps: 118

Train 112/500 Loss: 0.004263, Reward: 240.6377, PSO_prob: 0.248, Eps: 0.153, PSO_count: 106, Steps: 388

Train 295/500 Loss: 0.000812, Reward: 447.1452, PSO_prob: 0.244, Eps: 0.152, PSO_count: 180, Steps: 748

Train 298/500 Loss: 0.001212, Reward: 191.7256, PSO_prob: 0.267, Eps: 0.161, PSO_count: 80, Steps: 298

Train 279/500 Loss: 0.007805, Reward: 35.2159, GA_prob: 0.467, Eps: 0.244, GA_count: 30, Steps: 58

Train 113/500 Loss: 0.004689, Reward: 186.5522, PSO_prob: 0.246, Eps: 0.153, PSO_count: 59, Steps: 298

Train 296/500 Loss: 0.000844, Reward: 185.6606, PSO_prob: 0.243, Eps: 0.151, PSO_count: 76, Steps: 298

Train 299/500 Loss: 0.003409, Reward: 237.6272, PSO_prob: 0.269, Eps: 0.162, PSO_count: 98, Steps: 388

Train 277/500 Loss: 0.005152, Reward: 56.2270, PSO_prob: 0.268, Eps: 0.162, PSO_count: 16, Steps: 88

Train 278/500 Loss: 0.001298, Reward: 238.5793, PSO_prob: 0.266, Eps: 0.161, PSO_count: 103, Steps: 388

Train 280/500 Loss: 0.002224, Reward: 432.9745, GA_prob: 0.492, Eps: 0.255, GA_count: 382, Steps: 748

Train 92/500 Loss: 0.002182, Reward: 33.8755, GA_prob: 0.491, Eps: 0.254, GA_count: 28, Steps: 58

Train 93/500 Loss: 0.003964, Reward: 183.4668, PSO_prob: 0.267, Eps: 0.161, PSO_count: 80, Steps: 298

Train 279/500 Loss: 0.004454, Reward: 232.8778, PSO_prob: 0.245, Eps: 0.152, PSO_count: 92, Steps: 388

Train 297/500 Loss: 0.001030, Reward: 337.2084, PSO_prob: 0.242, Eps: 0.151, PSO_count: 149, Steps: 568

Train 300/500 Loss: 0.008272, Reward: 335.2280, GA_prob: 0.489, Eps: 0.254, GA_count: 279, Steps: 568

Train 94/500 Loss: 0.001084, Reward: 339.4606, PSO_prob: 0.265, Eps: 0.160, PSO_count: 130, Steps: 568

Train 281/500 Loss: 0.003719, Reward: 238.9472, PSO_prob: 0.266, Eps: 0.161, PSO_count: 103, Steps: 388

Train 280/500 Loss: 0.001152, Reward: 98.4338, PSO_prob: 0.263, Eps: 0.160, PSO_count: 41, Steps: 148

Train 282/500 Loss: 0.002469, Reward: 328.1562, GA_prob: 0.465, Eps: 0.244, GA_count: 260, Steps: 568

Train 114/500 Loss: 0.000913, Reward: 184.8763, PSO_prob: 0.240, Eps: 0.150, PSO_count: 63, Steps: 298

Train 301/500 Loss: 0.001523, Reward: 75.3369, PSO_prob: 0.239, Eps: 0.150, PSO_count: 24, Steps: 118

Train 302/500 Loss: 0.004791, Reward: 447.0508, PSO_prob: 0.244, Eps: 0.152, PSO_count: 180, Steps: 748

Train 298/500 Loss: 0.001024, Reward: 236.5801, PSO_prob: 0.262, Eps: 0.159, PSO_count: 102, Steps: 388

Train 283/500 Loss: 0.008435, Reward: 340.5537, GA_prob: 0.465, Eps: 0.244, GA_count: 260, Steps: 568

Train 114/500 Loss: 0.000895, Reward: 59.1746, PSO_prob: 0.261, Eps: 0.159, PSO_count: 16, Steps: 88

Train 284/500 Loss: 0.004306, Reward: 344.8234, PSO_prob: 0.265, Eps: 0.160, PSO_count: 130, Steps: 568

Train 281/500 Loss: 0.001091, Reward: 38.9190, PSO_prob: 0.260, Eps: 0.158, PSO_count: 18, Steps: 58

Train 285/500 Loss: 0.004099, Reward: 185.3425, PSO_prob: 0.243, Eps: 0.151, PSO_count: 76, Steps: 298

Train 299/500 Loss: 0.009835, Reward: 187.3916, GA_prob: 0.488, Eps: 0.253, GA_count: 144, Steps: 298

Train 95/500 Loss: 0.007039, Reward: 92.8381, PSO_prob: 0.263, Eps: 0.160, PSO_count: 41, Steps: 148

Train 282/500 Loss: 0.001067, Reward: 330.8181, PSO_prob: 0.238, Eps: 0.149, PSO_count: 133, Steps: 568

Train 303/500 Loss: 0.000948, Reward: 61.7031, PSO_prob: 0.237, Eps: 0.149, PSO_count: 23, Steps: 88

Train 304/500 Loss: 0.000913, Reward: 187.1337, PSO_prob: 0.259, Eps: 0.158, PSO_count: 82, Steps: 298

Train 286/500 Loss: 0.008222, Reward: 76.2584, GA_prob: 0.487, Eps: 0.253, GA_count: 53, Steps: 118

Train 96/500 Loss: 0.005524, Reward: 237.4826, PSO_prob: 0.262, Eps: 0.159, PSO_count: 102, Steps: 388

Train 283/500 Loss: 0.002740, Reward: 224.5833, GA_prob: 0.464, Eps: 0.243, GA_count: 182, Steps: 388

Train 115/500 Loss: 0.002111, Reward: 321.0472, GA_prob: 0.489, Eps: 0.254, GA_count: 279, Steps: 568

Train 94/500 Loss: 0.001067, Reward: 133.3356, PSO_prob: 0.257, Eps: 0.157, PSO_count: 45, Steps: 208

Train 287/500 Loss: 0.008269, Reward: 59.8828, PSO_prob: 0.261, Eps: 0.159, PSO_count: 16, Steps: 88

Train 284/500 Loss: 0.001292, Reward: 183.3767, PSO_prob: 0.236, Eps: 0.148, PSO_count: 78, Steps: 298

Train 305/500 Loss: 0.004991, Reward: 343.1446, PSO_prob: 0.242, Eps: 0.151, PSO_count: 149, Steps: 568

Train 300/500 Loss: 0.001043, Reward: 57.0515, PSO_prob: 0.256, Eps: 0.157, PSO_count: 17, Steps: 88

Train 288/500 Loss: 0.012590, Reward: 38.1812, PSO_prob: 0.260, Eps: 0.158, PSO_count: 18, Steps: 58

Train 285/500 Loss: 0.002446, Reward: 74.0299, GA_prob: 0.463, Eps: 0.243, GA_count: 53, Steps: 118

Train 116/500 Loss: 0.001201, Reward: 181.0332, PSO_prob: 0.234, Eps: 0.148, PSO_count: 79, Steps: 298

Train 306/500 Loss: 0.005209, Reward: 183.6906, PSO_prob: 0.240, Eps: 0.150, PSO_count: 63, Steps: 298

Train 301/500 Loss: 0.008161, Reward: 183.0586, PSO_prob: 0.259, Eps: 0.158, PSO_count: 82, Steps: 298

Train 286/500 Loss: 0.009473, Reward: 230.8841, GA_prob: 0.464, Eps: 0.243, GA_count: 182, Steps: 388

Train 115/500 Loss: 0.000794, Reward: 59.5316, PSO_prob: 0.233, Eps: 0.147, PSO_count: 23, Steps: 88

Train 307/500 Loss: 0.004877, Reward: 78.0264, PSO_prob: 0.239, Eps: 0.150, PSO_count: 24, Steps: 118

Train 302/500 Loss: 0.001019, Reward: 229.0645, PSO_prob: 0.255, Eps: 0.156, PSO_count: 102, Steps: 388

Train 289/500 Loss: 0.009906, Reward: 132.3018, PSO_prob: 0.257, Eps: 0.157, PSO_count: 45, Steps: 208

Train 287/500 Loss: 0.007358, Reward: 55.7043, PSO_prob: 0.256, Eps: 0.157, PSO_count: 17, Steps: 88

Train 288/500 Loss: 0.008581, Reward: 76.1154, GA_prob: 0.463, Eps: 0.243, GA_count: 53, Steps: 118

Train 116/500 Loss: 0.001173, Reward: 182.5822, PSO_prob: 0.232, Eps: 0.147, PSO_count: 79, Steps: 298

Train 308/500 Loss: 0.001868, Reward: 183.7222, GA_prob: 0.488, Eps: 0.253, GA_count: 144, Steps: 298

Train 95/500 Loss: 0.001287, Reward: 55.5170, PSO_prob: 0.231, Eps: 0.146, PSO_count: 15, Steps: 88

Train 309/500 Loss: 0.002279, Reward: 170.9489, GA_prob: 0.462, Eps: 0.242, GA_count: 133, Steps: 298

Train 117/500 Loss: 0.004522, Reward: 344.9125, PSO_prob: 0.238, Eps: 0.149, PSO_count: 133, Steps: 568

Train 303/500 Loss: 0.009147, Reward: 226.4377, PSO_prob: 0.255, Eps: 0.156, PSO_count: 102, Steps: 388

Train 289/500 Loss: 0.002174, Reward: 81.7805, GA_prob: 0.487, Eps: 0.253, GA_count: 53, Steps: 118

Train 96/500 Loss: 0.003086, Reward: 59.6462, PSO_prob: 0.237, Eps: 0.149, PSO_count: 23, Steps: 88

Train 304/500 Loss: 0.000921, Reward: 431.4936, PSO_prob: 0.254, Eps: 0.156, PSO_count: 181, Steps: 748

Train 290/500 Loss: 0.004139, Reward: 179.3202, PSO_prob: 0.236, Eps: 0.148, PSO_count: 78, Steps: 298

Train 305/500 Loss: 0.010534, Reward: 178.7652, GA_prob: 0.462, Eps: 0.242, GA_count: 133, Steps: 298

Train 117/500 Loss: 0.006009, Reward: 328.0786, GA_prob: 0.486, Eps: 0.252, GA_count: 268, Steps: 568

Train 97/500 Loss: 0.001087, Reward: 435.4962, PSO_prob: 0.230, Eps: 0.146, PSO_count: 161, Steps: 748

Train 310/500 Loss: 0.002470, Reward: 130.1501, GA_prob: 0.461, Eps: 0.242, GA_count: 99, Steps: 208

Train 118/500 Loss: 0.003223, Reward: 180.3315, PSO_prob: 0.234, Eps: 0.148, PSO_count: 79, Steps: 298

Train 306/500 Loss: 0.008926, Reward: 449.5667, PSO_prob: 0.254, Eps: 0.156, PSO_count: 181, Steps: 748

Train 290/500 Loss: 0.004109, Reward: 58.6298, PSO_prob: 0.233, Eps: 0.147, PSO_count: 23, Steps: 88

Train 307/500 Loss: 0.000909, Reward: 341.5264, PSO_prob: 0.253, Eps: 0.155, PSO_count: 152, Steps: 568

Train 291/500 Loss: 0.006707, Reward: 128.9631, GA_prob: 0.461, Eps: 0.242, GA_count: 99, Steps: 208

Train 118/500 Loss: 0.000959, Reward: 338.5896, PSO_prob: 0.228, Eps: 0.145, PSO_count: 127, Steps: 568

Train 311/500 Loss: 0.004252, Reward: 187.5196, PSO_prob: 0.232, Eps: 0.147, PSO_count: 79, Steps: 298

Train 308/500 Loss: 0.001017, Reward: 180.5380, PSO_prob: 0.251, Eps: 0.155, PSO_count: 78, Steps: 298

Train 292/500 Loss: 0.002272, Reward: 134.5377, GA_prob: 0.459, Eps: 0.241, GA_count: 106, Steps: 208

Train 119/500 Loss: 0.005384, Reward: 55.2506, PSO_prob: 0.231, Eps: 0.146, PSO_count: 15, Steps: 88

Train 309/500 Loss: 0.000887, Reward: 132.5541, PSO_prob: 0.227, Eps: 0.145, PSO_count: 55, Steps: 208

Train 312/500 Loss: 0.001428, Reward: 97.7376, PSO_prob: 0.250, Eps: 0.154, PSO_count: 37, Steps: 148

Train 293/500 Loss: 0.006520, Reward: 352.3798, PSO_prob: 0.253, Eps: 0.155, PSO_count: 152, Steps: 568

Train 291/500 Loss: 0.001024, Reward: 56.6259, PSO_prob: 0.249, Eps: 0.154, PSO_count: 23, Steps: 88

Train 294/500 Loss: 0.001198, Reward: 75.6472, PSO_prob: 0.226, Eps: 0.144, PSO_count: 24, Steps: 118

Train 313/500 Loss: 0.000727, Reward: 37.6246, PSO_prob: 0.248, Eps: 0.153, PSO_count: 15, Steps: 58

Train 295/500 Loss: 0.000856, Reward: 61.5722, PSO_prob: 0.225, Eps: 0.144, PSO_count: 21, Steps: 88

Train 314/500 Loss: 0.000972, Reward: 79.5904, PSO_prob: 0.246, Eps: 0.153, PSO_count: 33, Steps: 118

Train 296/500 Loss: 0.001964, Reward: 323.1776, GA_prob: 0.486, Eps: 0.252, GA_count: 268, Steps: 568

Train 97/500 Loss: 0.009951, Reward: 128.2545, GA_prob: 0.459, Eps: 0.241, GA_count: 106, Steps: 208

Train 119/500 Loss: 0.005706, Reward: 231.5888, GA_prob: 0.485, Eps: 0.252, GA_count: 191, Steps: 388

Train 98/500 Loss: 0.007807, Reward: 183.2383, PSO_prob: 0.251, Eps: 0.155, PSO_count: 78, Steps: 298

Train 292/500 Loss: 0.006630, Reward: 96.8817, PSO_prob: 0.250, Eps: 0.154, PSO_count: 37, Steps: 148

Train 293/500 Loss: 0.003740, Reward: 55.3100, PSO_prob: 0.249, Eps: 0.154, PSO_count: 23, Steps: 88

Train 294/500 Loss: 0.000994, Reward: 231.4522, PSO_prob: 0.245, Eps: 0.152, PSO_count: 91, Steps: 388

Train 297/500 Loss: 0.005590, Reward: 37.0602, PSO_prob: 0.248, Eps: 0.153, PSO_count: 15, Steps: 58

Train 295/500 Loss: 0.004956, Reward: 452.0792, PSO_prob: 0.230, Eps: 0.146, PSO_count: 161, Steps: 748

Train 310/500 Loss: 0.000784, Reward: 339.5750, PSO_prob: 0.224, Eps: 0.143, PSO_count: 130, Steps: 568

Train 315/500 Loss: 0.002955, Reward: 80.8428, PSO_prob: 0.246, Eps: 0.153, PSO_count: 33, Steps: 118

Train 296/500 Loss: 0.000943, Reward: 177.4130, PSO_prob: 0.244, Eps: 0.152, PSO_count: 60, Steps: 298

Train 298/500 Loss: 0.002474, Reward: 229.3713, GA_prob: 0.458, Eps: 0.241, GA_count: 173, Steps: 388

Train 120/500 Loss: 0.000748, Reward: 180.2795, PSO_prob: 0.222, Eps: 0.143, PSO_count: 62, Steps: 298

Train 316/500 Loss: 0.005503, Reward: 230.6107, PSO_prob: 0.245, Eps: 0.152, PSO_count: 91, Steps: 388

Train 297/500 Loss: 0.000768, Reward: 56.3126, PSO_prob: 0.221, Eps: 0.142, PSO_count: 12, Steps: 88

Train 317/500 Loss: 0.006446, Reward: 181.6180, GA_prob: 0.483, Eps: 0.251, GA_count: 155, Steps: 298

Train 99/500 Loss: 0.004162, Reward: 343.4203, PSO_prob: 0.228, Eps: 0.145, PSO_count: 127, Steps: 568

Train 311/500 Loss: 0.008265, Reward: 239.8803, GA_prob: 0.458, Eps: 0.241, GA_count: 173, Steps: 388

Train 120/500 Loss: 0.002537, Reward: 90.0244, GA_prob: 0.457, Eps: 0.240, GA_count: 73, Steps: 148

Train 121/500 Loss: 0.001203, Reward: 136.8603, PSO_prob: 0.220, Eps: 0.142, PSO_count: 43, Steps: 208

Train 318/500 Loss: 0.006192, Reward: 182.9918, PSO_prob: 0.244, Eps: 0.152, PSO_count: 60, Steps: 298

Train 298/500 Loss: 0.001933, Reward: 224.2949, GA_prob: 0.485, Eps: 0.252, GA_count: 191, Steps: 388

Train 98/500 Loss: 0.005377, Reward: 136.0866, PSO_prob: 0.227, Eps: 0.145, PSO_count: 55, Steps: 208

Train 312/500 Loss: 0.004529, Reward: 78.1852, GA_prob: 0.482, Eps: 0.251, GA_count: 56, Steps: 118

Train 100/500 Loss: 0.001182, Reward: 101.0187, PSO_prob: 0.219, Eps: 0.141, PSO_count: 39, Steps: 148

Train 319/500 Loss: 0.005447, Reward: 77.6173, PSO_prob: 0.226, Eps: 0.144, PSO_count: 24, Steps: 118

Train 313/500 Loss: 0.001043, Reward: 433.9182, PSO_prob: 0.243, Eps: 0.151, PSO_count: 181, Steps: 748

Train 299/500 Loss: 0.005595, Reward: 58.6845, PSO_prob: 0.225, Eps: 0.144, PSO_count: 21, Steps: 88

Train 314/500 Loss: 0.000925, Reward: 126.9341, PSO_prob: 0.218, Eps: 0.141, PSO_count: 41, Steps: 208

Train 320/500 Loss: 0.007240, Reward: 89.5007, GA_prob: 0.457, Eps: 0.240, GA_count: 73, Steps: 148

Train 121/500 Loss: 0.005024, Reward: 73.0693, GA_prob: 0.481, Eps: 0.250, GA_count: 60, Steps: 118

Train 101/500 Loss: 0.002127, Reward: 130.2635, GA_prob: 0.456, Eps: 0.240, GA_count: 95, Steps: 208

Train 122/500 Loss: 0.001001, Reward: 188.9430, PSO_prob: 0.216, Eps: 0.140, PSO_count: 64, Steps: 298

Train 321/500 Loss: 0.007663, Reward: 55.2355, GA_prob: 0.480, Eps: 0.250, GA_count: 44, Steps: 88

Train 102/500 Loss: 0.006026, Reward: 443.4925, PSO_prob: 0.243, Eps: 0.151, PSO_count: 181, Steps: 748

Train 299/500 Loss: 0.001053, Reward: 72.9714, PSO_prob: 0.215, Eps: 0.140, PSO_count: 23, Steps: 118

Train 322/500 Loss: 0.001028, Reward: 324.7359, PSO_prob: 0.242, Eps: 0.151, PSO_count: 124, Steps: 568

Train 300/500 Loss: 0.001182, Reward: 60.1290, PSO_prob: 0.240, Eps: 0.150, PSO_count: 24, Steps: 88

Train 301/500 Loss: 0.005140, Reward: 340.4466, PSO_prob: 0.224, Eps: 0.143, PSO_count: 130, Steps: 568

Train 315/500 Loss: 0.009175, Reward: 133.7772, GA_prob: 0.456, Eps: 0.240, GA_count: 95, Steps: 208

Train 122/500 Loss: 0.001681, Reward: 179.8706, GA_prob: 0.483, Eps: 0.251, GA_count: 155, Steps: 298

Train 99/500 Loss: 0.000710, Reward: 134.7440, PSO_prob: 0.214, Eps: 0.139, PSO_count: 44, Steps: 208

Train 323/500 Loss: 0.001101, Reward: 133.1413, PSO_prob: 0.239, Eps: 0.150, PSO_count: 53, Steps: 208

Train 302/500 Loss: 0.002512, Reward: 132.5336, GA_prob: 0.455, Eps: 0.239, GA_count: 95, Steps: 208

Train 123/500 Loss: 0.007179, Reward: 181.8993, PSO_prob: 0.222, Eps: 0.143, PSO_count: 62, Steps: 298

Train 316/500 Loss: 0.001141, Reward: 136.0779, PSO_prob: 0.213, Eps: 0.139, PSO_count: 37, Steps: 208

Train 324/500 Loss: 0.005111, Reward: 58.4068, PSO_prob: 0.221, Eps: 0.142, PSO_count: 12, Steps: 88

Train 317/500 Loss: 0.001482, Reward: 78.1539, GA_prob: 0.482, Eps: 0.251, GA_count: 56, Steps: 118

Train 100/500 Loss: 0.005274, Reward: 133.7645, GA_prob: 0.479, Eps: 0.249, GA_count: 106, Steps: 208

Train 103/500 Loss: 0.006234, Reward: 341.0283, PSO_prob: 0.242, Eps: 0.151, PSO_count: 124, Steps: 568

Train 300/500 Loss: 0.000918, Reward: 184.3529, PSO_prob: 0.238, Eps: 0.149, PSO_count: 72, Steps: 298

Train 303/500 Loss: 0.000822, Reward: 93.6192, PSO_prob: 0.212, Eps: 0.138, PSO_count: 39, Steps: 148

Train 325/500 Loss: 0.005563, Reward: 59.0341, PSO_prob: 0.240, Eps: 0.150, PSO_count: 24, Steps: 88

Train 301/500 Loss: 0.006372, Reward: 136.2265, PSO_prob: 0.220, Eps: 0.142, PSO_count: 43, Steps: 208

Train 318/500 Loss: 0.013652, Reward: 135.1838, GA_prob: 0.455, Eps: 0.239, GA_count: 95, Steps: 208

Train 123/500 Loss: 0.002261, Reward: 97.9324, GA_prob: 0.453, Eps: 0.239, GA_count: 59, Steps: 148

Train 124/500 Loss: 0.000941, Reward: 91.4912, PSO_prob: 0.237, Eps: 0.149, PSO_count: 34, Steps: 148

Train 304/500 Loss: 0.001118, Reward: 79.6975, PSO_prob: 0.210, Eps: 0.138, PSO_count: 26, Steps: 118

Train 326/500 Loss: 0.008089, Reward: 132.9782, PSO_prob: 0.239, Eps: 0.150, PSO_count: 53, Steps: 208

Train 302/500 Loss: 0.000993, Reward: 49.8338, PSO_prob: 0.236, Eps: 0.148, PSO_count: 20, Steps: 88

Train 305/500 Loss: 0.005921, Reward: 98.4417, PSO_prob: 0.219, Eps: 0.141, PSO_count: 39, Steps: 148

Train 319/500 Loss: 0.001937, Reward: 76.5785, GA_prob: 0.481, Eps: 0.250, GA_count: 60, Steps: 118

Train 101/500 Loss: 0.000992, Reward: 131.9430, PSO_prob: 0.209, Eps: 0.137, PSO_count: 47, Steps: 208

Train 327/500 Loss: 0.000844, Reward: 135.3976, PSO_prob: 0.234, Eps: 0.148, PSO_count: 57, Steps: 208

Train 306/500 Loss: 0.004052, Reward: 133.9075, PSO_prob: 0.218, Eps: 0.141, PSO_count: 41, Steps: 208

Train 320/500 Loss: 0.008215, Reward: 183.6551, PSO_prob: 0.238, Eps: 0.149, PSO_count: 72, Steps: 298

Train 303/500 Loss: 0.013505, Reward: 94.6207, GA_prob: 0.453, Eps: 0.239, GA_count: 59, Steps: 148

Train 124/500 Loss: 0.001513, Reward: 56.6740, GA_prob: 0.480, Eps: 0.250, GA_count: 44, Steps: 88

Train 102/500 Loss: 0.005366, Reward: 94.5221, PSO_prob: 0.237, Eps: 0.149, PSO_count: 34, Steps: 148

Train 304/500 Loss: 0.005056, Reward: 54.4221, PSO_prob: 0.236, Eps: 0.148, PSO_count: 20, Steps: 88

Train 305/500 Loss: 0.003881, Reward: 188.4554, PSO_prob: 0.216, Eps: 0.140, PSO_count: 64, Steps: 298

Train 321/500 Loss: 0.001130, Reward: 233.4894, PSO_prob: 0.208, Eps: 0.137, PSO_count: 90, Steps: 388

Train 328/500 Loss: 0.009893, Reward: 181.0465, GA_prob: 0.477, Eps: 0.249, GA_count: 146, Steps: 298

Train 104/500 Loss: 0.006710, Reward: 76.7812, PSO_prob: 0.215, Eps: 0.140, PSO_count: 23, Steps: 118

Train 322/500 Loss: 0.001112, Reward: 77.4343, PSO_prob: 0.207, Eps: 0.136, PSO_count: 27, Steps: 118

Train 329/500 Loss: 0.006861, Reward: 133.1302, PSO_prob: 0.234, Eps: 0.148, PSO_count: 57, Steps: 208

Train 306/500 Loss: 0.000945, Reward: 330.8365, PSO_prob: 0.233, Eps: 0.147, PSO_count: 117, Steps: 568

Train 307/500 Loss: 0.008546, Reward: 133.6416, PSO_prob: 0.214, Eps: 0.139, PSO_count: 44, Steps: 208

Train 323/500 Loss: 0.001081, Reward: 128.4228, PSO_prob: 0.206, Eps: 0.136, PSO_count: 33, Steps: 208

Train 330/500 Loss: 0.000887, Reward: 75.2312, PSO_prob: 0.232, Eps: 0.147, PSO_count: 30, Steps: 118

Train 308/500 Loss: 0.002337, Reward: 222.2977, GA_prob: 0.452, Eps: 0.238, GA_count: 156, Steps: 388

Train 125/500 Loss: 0.001720, Reward: 130.3260, GA_prob: 0.479, Eps: 0.249, GA_count: 106, Steps: 208

Train 103/500 Loss: 0.000843, Reward: 35.9713, PSO_prob: 0.231, Eps: 0.146, PSO_count: 15, Steps: 58

Train 309/500 Loss: 0.005620, Reward: 75.2369, GA_prob: 0.476, Eps: 0.248, GA_count: 70, Steps: 118

Train 105/500 Loss: 0.004972, Reward: 133.3832, PSO_prob: 0.213, Eps: 0.139, PSO_count: 37, Steps: 208

Train 324/500 Loss: 0.009767, Reward: 37.0913, GA_prob: 0.475, Eps: 0.248, GA_count: 26, Steps: 58

Train 106/500 Loss: 0.000748, Reward: 127.4720, PSO_prob: 0.230, Eps: 0.146, PSO_count: 60, Steps: 208

Train 310/500 Loss: 0.007058, Reward: 96.1497, PSO_prob: 0.212, Eps: 0.138, PSO_count: 39, Steps: 148

Train 325/500 Loss: 0.008100, Reward: 230.5787, GA_prob: 0.452, Eps: 0.238, GA_count: 156, Steps: 388

Train 125/500 Loss: 0.004877, Reward: 345.1866, PSO_prob: 0.233, Eps: 0.147, PSO_count: 117, Steps: 568

Train 307/500 Loss: 0.006347, Reward: 73.7991, PSO_prob: 0.210, Eps: 0.138, PSO_count: 26, Steps: 118

Train 326/500 Loss: 0.006816, Reward: 74.9156, PSO_prob: 0.232, Eps: 0.147, PSO_count: 30, Steps: 118

Train 308/500 Loss: 0.005039, Reward: 34.8452, PSO_prob: 0.231, Eps: 0.146, PSO_count: 15, Steps: 58

Train 309/500 Loss: 0.000884, Reward: 179.1538, PSO_prob: 0.228, Eps: 0.145, PSO_count: 68, Steps: 298

Train 311/500 Loss: 0.008348, Reward: 133.0314, PSO_prob: 0.209, Eps: 0.137, PSO_count: 47, Steps: 208

Train 327/500 Loss: 0.000870, Reward: 48.0158, PSO_prob: 0.227, Eps: 0.145, PSO_count: 13, Steps: 88

Train 312/500 Loss: 0.000927, Reward: 451.5990, PSO_prob: 0.204, Eps: 0.135, PSO_count: 145, Steps: 748

Train 331/500 Loss: 0.006979, Reward: 129.5078, PSO_prob: 0.230, Eps: 0.146, PSO_count: 60, Steps: 208

Train 310/500 Loss: 0.000904, Reward: 57.8556, PSO_prob: 0.226, Eps: 0.144, PSO_count: 19, Steps: 88

Train 313/500 Loss: 0.002108, Reward: 177.4711, GA_prob: 0.451, Eps: 0.238, GA_count: 127, Steps: 298

Train 126/500 Loss: 0.001569, Reward: 181.7942, GA_prob: 0.477, Eps: 0.249, GA_count: 146, Steps: 298

Train 104/500 Loss: 0.000849, Reward: 38.5211, PSO_prob: 0.225, Eps: 0.144, PSO_count: 17, Steps: 58

Train 314/500 Loss: 0.010320, Reward: 126.3099, GA_prob: 0.474, Eps: 0.247, GA_count: 106, Steps: 208

Train 107/500 Loss: 0.000696, Reward: 61.4561, PSO_prob: 0.224, Eps: 0.143, PSO_count: 17, Steps: 88

Train 315/500 Loss: 0.005402, Reward: 232.5456, PSO_prob: 0.208, Eps: 0.137, PSO_count: 90, Steps: 388

Train 328/500 Loss: 0.005230, Reward: 182.2370, PSO_prob: 0.228, Eps: 0.145, PSO_count: 68, Steps: 298

Train 311/500 Loss: 0.000812, Reward: 229.4024, PSO_prob: 0.203, Eps: 0.135, PSO_count: 79, Steps: 388

Train 332/500 Loss: 0.010489, Reward: 180.9563, GA_prob: 0.451, Eps: 0.238, GA_count: 127, Steps: 298

Train 126/500 Loss: 0.006341, Reward: 75.0490, PSO_prob: 0.207, Eps: 0.136, PSO_count: 27, Steps: 118

Train 329/500 Loss: 0.004517, Reward: 52.0097, PSO_prob: 0.227, Eps: 0.145, PSO_count: 13, Steps: 88

Train 312/500 Loss: 0.012041, Reward: 53.8341, PSO_prob: 0.226, Eps: 0.144, PSO_count: 19, Steps: 88

Train 313/500 Loss: 0.001773, Reward: 79.0128, GA_prob: 0.476, Eps: 0.248, GA_count: 70, Steps: 118

Train 105/500 Loss: 0.014544, Reward: 38.2405, PSO_prob: 0.225, Eps: 0.144, PSO_count: 17, Steps: 58

Train 314/500 Loss: 0.000830, Reward: 125.9966, PSO_prob: 0.202, Eps: 0.134, PSO_count: 48, Steps: 208

Train 333/500 Loss: 0.006691, Reward: 127.8031, PSO_prob: 0.206, Eps: 0.136, PSO_count: 33, Steps: 208

Train 330/500 Loss: 0.009562, Reward: 60.3610, PSO_prob: 0.224, Eps: 0.143, PSO_count: 17, Steps: 88

Train 315/500 Loss: 0.000760, Reward: 69.0080, PSO_prob: 0.201, Eps: 0.134, PSO_count: 18, Steps: 118

Train 334/500 Loss: 0.001503, Reward: 37.8888, GA_prob: 0.475, Eps: 0.248, GA_count: 26, Steps: 58

Train 106/500 Loss: 0.009848, Reward: 132.5876, GA_prob: 0.473, Eps: 0.247, GA_count: 100, Steps: 208

Train 108/500 Loss: 0.000917, Reward: 440.3954, PSO_prob: 0.222, Eps: 0.143, PSO_count: 134, Steps: 748

Train 316/500 Loss: 0.000978, Reward: 95.3129, PSO_prob: 0.221, Eps: 0.142, PSO_count: 29, Steps: 148

Train 317/500 Loss: 0.000841, Reward: 96.9483, PSO_prob: 0.220, Eps: 0.142, PSO_count: 28, Steps: 148

Train 318/500 Loss: 0.000828, Reward: 342.0089, PSO_prob: 0.200, Eps: 0.133, PSO_count: 113, Steps: 568

Train 335/500 Loss: 0.007843, Reward: 132.3102, GA_prob: 0.471, Eps: 0.246, GA_count: 102, Steps: 208

Train 109/500 Loss: 0.001706, Reward: 125.2102, GA_prob: 0.474, Eps: 0.247, GA_count: 106, Steps: 208

Train 107/500 Loss: 0.005759, Reward: 459.4853, PSO_prob: 0.204, Eps: 0.135, PSO_count: 145, Steps: 748

Train 331/500 Loss: 0.000963, Reward: 60.6577, PSO_prob: 0.198, Eps: 0.133, PSO_count: 16, Steps: 88

Train 336/500 Loss: 0.000681, Reward: 92.9010, PSO_prob: 0.219, Eps: 0.141, PSO_count: 29, Steps: 148

Train 319/500 Loss: 0.006906, Reward: 451.2777, PSO_prob: 0.222, Eps: 0.143, PSO_count: 134, Steps: 748

Train 316/500 Loss: 0.001997, Reward: 333.0096, GA_prob: 0.450, Eps: 0.237, GA_count: 260, Steps: 568

Train 127/500 Loss: 0.006334, Reward: 93.4720, PSO_prob: 0.221, Eps: 0.142, PSO_count: 29, Steps: 148

Train 317/500 Loss: 0.004954, Reward: 96.0530, PSO_prob: 0.220, Eps: 0.142, PSO_count: 28, Steps: 148

Train 318/500 Loss: 0.005489, Reward: 234.5268, PSO_prob: 0.203, Eps: 0.135, PSO_count: 79, Steps: 388

Train 332/500 Loss: 0.002078, Reward: 39.2377, GA_prob: 0.448, Eps: 0.237, GA_count: 35, Steps: 58

Train 128/500 Loss: 0.011898, Reward: 127.0346, GA_prob: 0.470, Eps: 0.246, GA_count: 84, Steps: 208

Train 110/500 Loss: 0.007463, Reward: 341.2789, GA_prob: 0.450, Eps: 0.237, GA_count: 260, Steps: 568

Train 127/500 Loss: 0.010364, Reward: 91.8928, PSO_prob: 0.219, Eps: 0.141, PSO_count: 29, Steps: 148

Train 319/500 Loss: 0.001999, Reward: 130.7979, GA_prob: 0.473, Eps: 0.247, GA_count: 100, Steps: 208

Train 108/500 Loss: 0.001017, Reward: 334.9521, PSO_prob: 0.197, Eps: 0.132, PSO_count: 124, Steps: 568

Train 337/500 Loss: 0.004158, Reward: 128.3490, PSO_prob: 0.202, Eps: 0.134, PSO_count: 48, Steps: 208

Train 333/500 Loss: 0.000772, Reward: 331.6116, PSO_prob: 0.218, Eps: 0.141, PSO_count: 126, Steps: 568

Train 320/500 Loss: 0.000844, Reward: 59.9445, PSO_prob: 0.196, Eps: 0.132, PSO_count: 19, Steps: 88

Train 338/500 Loss: 0.005192, Reward: 70.1867, PSO_prob: 0.201, Eps: 0.134, PSO_count: 18, Steps: 118

Train 334/500 Loss: 0.004488, Reward: 38.0859, GA_prob: 0.448, Eps: 0.237, GA_count: 35, Steps: 58

Train 128/500 Loss: 0.006541, Reward: 130.2326, GA_prob: 0.469, Eps: 0.245, GA_count: 101, Steps: 208

Train 111/500 Loss: 0.007204, Reward: 341.0236, PSO_prob: 0.218, Eps: 0.141, PSO_count: 126, Steps: 568

Train 320/500 Loss: 0.000837, Reward: 231.1564, PSO_prob: 0.195, Eps: 0.131, PSO_count: 74, Steps: 388

Train 339/500 Loss: 0.001789, Reward: 128.8220, GA_prob: 0.471, Eps: 0.246, GA_count: 102, Steps: 208

Train 109/500 Loss: 0.002131, Reward: 174.3125, GA_prob: 0.447, Eps: 0.236, GA_count: 136, Steps: 298

Train 129/500 Loss: 0.005261, Reward: 350.2715, PSO_prob: 0.200, Eps: 0.133, PSO_count: 113, Steps: 568

Train 335/500 Loss: 0.003275, Reward: 58.6569, PSO_prob: 0.198, Eps: 0.133, PSO_count: 16, Steps: 88

Train 336/500 Loss: 0.000954, Reward: 438.7029, PSO_prob: 0.216, Eps: 0.140, PSO_count: 148, Steps: 748

Train 321/500 Loss: 0.010777, Reward: 89.2610, GA_prob: 0.468, Eps: 0.245, GA_count: 62, Steps: 148

Train 112/500 Loss: 0.000803, Reward: 243.4098, PSO_prob: 0.194, Eps: 0.131, PSO_count: 67, Steps: 388

Train 340/500 Loss: 0.006212, Reward: 180.0930, GA_prob: 0.447, Eps: 0.236, GA_count: 136, Steps: 298

Train 129/500 Loss: 0.001250, Reward: 55.9225, PSO_prob: 0.215, Eps: 0.140, PSO_count: 20, Steps: 88

Train 322/500 Loss: 0.002088, Reward: 82.2014, GA_prob: 0.446, Eps: 0.236, GA_count: 59, Steps: 118

Train 130/500 Loss: 0.001047, Reward: 81.3359, PSO_prob: 0.192, Eps: 0.130, PSO_count: 33, Steps: 118

Train 341/500 Loss: 0.001024, Reward: 93.5966, PSO_prob: 0.214, Eps: 0.139, PSO_count: 23, Steps: 148

Train 323/500 Loss: 0.001702, Reward: 129.3948, GA_prob: 0.470, Eps: 0.246, GA_count: 84, Steps: 208

Train 110/500 Loss: 0.019114, Reward: 55.8148, GA_prob: 0.467, Eps: 0.244, GA_count: 41, Steps: 88

Train 113/500 Loss: 0.000971, Reward: 36.8551, PSO_prob: 0.213, Eps: 0.139, PSO_count: 15, Steps: 58

Train 324/500 Loss: 0.005503, Reward: 462.4250, PSO_prob: 0.216, Eps: 0.140, PSO_count: 148, Steps: 748

Train 321/500 Loss: 0.011093, Reward: 78.6781, GA_prob: 0.446, Eps: 0.236, GA_count: 59, Steps: 118

Train 130/500 Loss: 0.004179, Reward: 57.0254, PSO_prob: 0.215, Eps: 0.140, PSO_count: 20, Steps: 88

Train 322/500 Loss: 0.003814, Reward: 346.9519, PSO_prob: 0.197, Eps: 0.132, PSO_count: 124, Steps: 568

Train 337/500 Loss: 0.017868, Reward: 57.6051, GA_prob: 0.465, Eps: 0.244, GA_count: 47, Steps: 88

Train 114/500 Loss: 0.000867, Reward: 185.4820, PSO_prob: 0.212, Eps: 0.138, PSO_count: 64, Steps: 298

Train 325/500 Loss: 0.003755, Reward: 58.4190, PSO_prob: 0.196, Eps: 0.132, PSO_count: 19, Steps: 88

Train 338/500 Loss: 0.002924, Reward: 95.4409, PSO_prob: 0.214, Eps: 0.139, PSO_count: 23, Steps: 148

Train 323/500 Loss: 0.003961, Reward: 36.7170, PSO_prob: 0.213, Eps: 0.139, PSO_count: 15, Steps: 58

Train 324/500 Loss: 0.001674, Reward: 133.3491, GA_prob: 0.469, Eps: 0.245, GA_count: 101, Steps: 208

Train 111/500 Loss: 0.002013, Reward: 177.9186, GA_prob: 0.445, Eps: 0.235, GA_count: 128, Steps: 298

Train 131/500 Loss: 0.001000, Reward: 443.4048, PSO_prob: 0.191, Eps: 0.130, PSO_count: 144, Steps: 748

Train 342/500 Loss: 0.006727, Reward: 235.9690, PSO_prob: 0.195, Eps: 0.131, PSO_count: 74, Steps: 388

Train 339/500 Loss: 0.000849, Reward: 236.2431, PSO_prob: 0.210, Eps: 0.138, PSO_count: 89, Steps: 388

Train 326/500 Loss: 0.006711, Reward: 183.4961, PSO_prob: 0.212, Eps: 0.138, PSO_count: 64, Steps: 298

Train 325/500 Loss: 0.000932, Reward: 57.7957, PSO_prob: 0.209, Eps: 0.137, PSO_count: 12, Steps: 88

Train 327/500 Loss: 0.000896, Reward: 99.3722, PSO_prob: 0.190, Eps: 0.129, PSO_count: 24, Steps: 148

Train 343/500 Loss: 0.007955, Reward: 181.4760, GA_prob: 0.445, Eps: 0.235, GA_count: 128, Steps: 298

Train 131/500 Loss: 0.001707, Reward: 86.2842, GA_prob: 0.468, Eps: 0.245, GA_count: 62, Steps: 148

Train 112/500 Loss: 0.000945, Reward: 128.3593, PSO_prob: 0.208, Eps: 0.137, PSO_count: 53, Steps: 208

Train 328/500 Loss: 0.005380, Reward: 240.4957, PSO_prob: 0.194, Eps: 0.131, PSO_count: 67, Steps: 388

Train 340/500 Loss: 0.001718, Reward: 100.2438, GA_prob: 0.444, Eps: 0.235, GA_count: 72, Steps: 148

Train 132/500 Loss: 0.005028, Reward: 238.5783, PSO_prob: 0.210, Eps: 0.138, PSO_count: 89, Steps: 388

Train 326/500 Loss: 0.005675, Reward: 78.8225, PSO_prob: 0.192, Eps: 0.130, PSO_count: 33, Steps: 118

Train 341/500 Loss: 0.000937, Reward: 90.8419, PSO_prob: 0.207, Eps: 0.136, PSO_count: 38, Steps: 148

Train 329/500 Loss: 0.001478, Reward: 54.7581, GA_prob: 0.467, Eps: 0.244, GA_count: 41, Steps: 88

Train 113/500 Loss: 0.008212, Reward: 57.4081, PSO_prob: 0.209, Eps: 0.137, PSO_count: 12, Steps: 88

Train 327/500 Loss: 0.001205, Reward: 75.2550, PSO_prob: 0.206, Eps: 0.136, PSO_count: 21, Steps: 118

Train 330/500 Loss: 0.007506, Reward: 97.7920, GA_prob: 0.444, Eps: 0.235, GA_count: 72, Steps: 148

Train 132/500 Loss: 0.006986, Reward: 134.3986, PSO_prob: 0.208, Eps: 0.137, PSO_count: 53, Steps: 208

Train 328/500 Loss: 0.000818, Reward: 96.7979, PSO_prob: 0.204, Eps: 0.135, PSO_count: 23, Steps: 148

Train 331/500 Loss: 0.001958, Reward: 61.1962, GA_prob: 0.465, Eps: 0.244, GA_count: 47, Steps: 88

Train 114/500 Loss: 0.000954, Reward: 59.8536, PSO_prob: 0.203, Eps: 0.135, PSO_count: 24, Steps: 88

Train 332/500 Loss: 0.001096, Reward: 439.8779, PSO_prob: 0.189, Eps: 0.129, PSO_count: 112, Steps: 748

Train 344/500 Loss: 0.009866, Reward: 93.4596, PSO_prob: 0.207, Eps: 0.136, PSO_count: 38, Steps: 148

Train 329/500 Loss: 0.001843, Reward: 124.1824, GA_prob: 0.442, Eps: 0.234, GA_count: 90, Steps: 208

Train 133/500 Loss: 0.004751, Reward: 74.2980, PSO_prob: 0.206, Eps: 0.136, PSO_count: 21, Steps: 118

Train 330/500 Loss: 0.000706, Reward: 100.1662, PSO_prob: 0.202, Eps: 0.134, PSO_count: 34, Steps: 148

Train 333/500 Loss: 0.011228, Reward: 343.5050, GA_prob: 0.464, Eps: 0.243, GA_count: 269, Steps: 568

Train 115/500 Loss: 0.005527, Reward: 91.3635, PSO_prob: 0.204, Eps: 0.135, PSO_count: 23, Steps: 148

Train 331/500 Loss: 0.000843, Reward: 182.7688, PSO_prob: 0.188, Eps: 0.128, PSO_count: 37, Steps: 298

Train 345/500 Loss: 0.008562, Reward: 130.1832, GA_prob: 0.442, Eps: 0.234, GA_count: 90, Steps: 208

Train 133/500 Loss: 0.005341, Reward: 449.3821, PSO_prob: 0.191, Eps: 0.130, PSO_count: 144, Steps: 748

Train 342/500 Loss: 0.009144, Reward: 57.9725, PSO_prob: 0.203, Eps: 0.135, PSO_count: 24, Steps: 88

Train 332/500 Loss: 0.001430, Reward: 54.8748, PSO_prob: 0.186, Eps: 0.128, PSO_count: 12, Steps: 88

Train 346/500 Loss: 0.005369, Reward: 91.6362, PSO_prob: 0.190, Eps: 0.129, PSO_count: 24, Steps: 148

Train 343/500 Loss: 0.013207, Reward: 93.7915, PSO_prob: 0.202, Eps: 0.134, PSO_count: 34, Steps: 148

Train 333/500 Loss: 0.000866, Reward: 450.8985, PSO_prob: 0.201, Eps: 0.134, PSO_count: 135, Steps: 748

Train 334/500 Loss: 0.000932, Reward: 432.6262, PSO_prob: 0.185, Eps: 0.127, PSO_count: 134, Steps: 748

Train 347/500 Loss: 0.000755, Reward: 57.5725, PSO_prob: 0.184, Eps: 0.127, PSO_count: 12, Steps: 88

Train 348/500 Loss: 0.003914, Reward: 457.4946, PSO_prob: 0.189, Eps: 0.129, PSO_count: 112, Steps: 748

Train 344/500 Loss: 0.007301, Reward: 456.4237, PSO_prob: 0.201, Eps: 0.134, PSO_count: 135, Steps: 748

Train 334/500 Loss: 0.000801, Reward: 232.2910, PSO_prob: 0.200, Eps: 0.133, PSO_count: 85, Steps: 388

Train 335/500 Loss: 0.000867, Reward: 97.5787, PSO_prob: 0.183, Eps: 0.126, PSO_count: 29, Steps: 148

Train 349/500 Loss: 0.000802, Reward: 56.3925, PSO_prob: 0.182, Eps: 0.126, PSO_count: 17, Steps: 88

Train 350/500 Loss: 0.003765, Reward: 182.4120, PSO_prob: 0.188, Eps: 0.128, PSO_count: 37, Steps: 298

Train 345/500 Loss: 0.001728, Reward: 333.2218, GA_prob: 0.464, Eps: 0.243, GA_count: 269, Steps: 568

Train 115/500 Loss: 0.004206, Reward: 54.4430, PSO_prob: 0.186, Eps: 0.128, PSO_count: 12, Steps: 88

Train 346/500 Loss: 0.001912, Reward: 333.0508, GA_prob: 0.441, Eps: 0.234, GA_count: 255, Steps: 568

Train 134/500 Loss: 0.008784, Reward: 237.1390, PSO_prob: 0.200, Eps: 0.133, PSO_count: 85, Steps: 388

Train 335/500 Loss: 0.000748, Reward: 233.9904, PSO_prob: 0.198, Eps: 0.133, PSO_count: 69, Steps: 388

Train 336/500 Loss: 0.000697, Reward: 182.9555, PSO_prob: 0.180, Eps: 0.125, PSO_count: 56, Steps: 298

Train 351/500 Loss: 0.008484, Reward: 332.8126, GA_prob: 0.463, Eps: 0.243, GA_count: 263, Steps: 568

Train 116/500 Loss: 0.000774, Reward: 37.3480, PSO_prob: 0.197, Eps: 0.132, PSO_count: 10, Steps: 58

Train 337/500 Loss: 0.005694, Reward: 340.3850, GA_prob: 0.441, Eps: 0.234, GA_count: 255, Steps: 568

Train 134/500 Loss: 0.000962, Reward: 76.8110, PSO_prob: 0.196, Eps: 0.132, PSO_count: 20, Steps: 118

Train 338/500 Loss: 0.000803, Reward: 97.2872, PSO_prob: 0.179, Eps: 0.125, PSO_count: 24, Steps: 148

Train 352/500 Loss: 0.005698, Reward: 242.8845, PSO_prob: 0.198, Eps: 0.133, PSO_count: 69, Steps: 388

Train 336/500 Loss: 0.009072, Reward: 38.0776, PSO_prob: 0.197, Eps: 0.132, PSO_count: 10, Steps: 58

Train 337/500 Loss: 0.007698, Reward: 76.9802, PSO_prob: 0.196, Eps: 0.132, PSO_count: 20, Steps: 118

Train 338/500 Loss: 0.003282, Reward: 453.4022, PSO_prob: 0.185, Eps: 0.127, PSO_count: 134, Steps: 748

Train 347/500 Loss: 0.002467, Reward: 54.7090, PSO_prob: 0.184, Eps: 0.127, PSO_count: 12, Steps: 88

Train 348/500 Loss: 0.000913, Reward: 333.5192, PSO_prob: 0.195, Eps: 0.131, PSO_count: 110, Steps: 568

Train 339/500 Loss: 0.000740, Reward: 339.3252, PSO_prob: 0.178, Eps: 0.124, PSO_count: 106, Steps: 568

Train 353/500 Loss: 0.001989, Reward: 182.9355, GA_prob: 0.440, Eps: 0.233, GA_count: 138, Steps: 298

Train 135/500 Loss: 0.004270, Reward: 92.5042, PSO_prob: 0.183, Eps: 0.126, PSO_count: 29, Steps: 148

Train 349/500 Loss: 0.000892, Reward: 71.7350, PSO_prob: 0.194, Eps: 0.131, PSO_count: 22, Steps: 118

Train 340/500 Loss: 0.000793, Reward: 76.9061, PSO_prob: 0.177, Eps: 0.124, PSO_count: 22, Steps: 118

Train 354/500 Loss: 0.001117, Reward: 40.9193, PSO_prob: 0.192, Eps: 0.130, PSO_count: 12, Steps: 58

Train 341/500 Loss: 0.003348, Reward: 57.1845, PSO_prob: 0.182, Eps: 0.126, PSO_count: 17, Steps: 88

Train 350/500 Loss: 0.006458, Reward: 183.8516, GA_prob: 0.440, Eps: 0.233, GA_count: 138, Steps: 298

Train 135/500 Loss: 0.007286, Reward: 336.9889, PSO_prob: 0.195, Eps: 0.131, PSO_count: 110, Steps: 568

Train 339/500 Loss: 0.003310, Reward: 185.3733, PSO_prob: 0.180, Eps: 0.125, PSO_count: 56, Steps: 298

Train 351/500 Loss: 0.000825, Reward: 186.6001, PSO_prob: 0.191, Eps: 0.130, PSO_count: 61, Steps: 298

Train 342/500 Loss: 0.005854, Reward: 70.6214, PSO_prob: 0.194, Eps: 0.131, PSO_count: 22, Steps: 118

Train 340/500 Loss: 0.008075, Reward: 38.5386, PSO_prob: 0.192, Eps: 0.130, PSO_count: 12, Steps: 58

Train 341/500 Loss: 0.001832, Reward: 327.3501, GA_prob: 0.463, Eps: 0.243, GA_count: 263, Steps: 568

Train 116/500 Loss: 0.004550, Reward: 98.5958, PSO_prob: 0.179, Eps: 0.125, PSO_count: 24, Steps: 148

Train 352/500 Loss: 0.006043, Reward: 186.9509, PSO_prob: 0.191, Eps: 0.130, PSO_count: 61, Steps: 298

Train 342/500 Loss: 0.000821, Reward: 230.8087, PSO_prob: 0.190, Eps: 0.129, PSO_count: 85, Steps: 388

Train 343/500 Loss: 0.000723, Reward: 434.5719, PSO_prob: 0.176, Eps: 0.123, PSO_count: 128, Steps: 748

Train 355/500 Loss: 0.000814, Reward: 55.4549, PSO_prob: 0.174, Eps: 0.123, PSO_count: 17, Steps: 88

Train 356/500 Loss: 0.002020, Reward: 233.0294, GA_prob: 0.439, Eps: 0.233, GA_count: 172, Steps: 388

Train 136/500 Loss: 0.000863, Reward: 96.6050, PSO_prob: 0.189, Eps: 0.129, PSO_count: 30, Steps: 148

Train 344/500 Loss: 0.006979, Reward: 450.8951, GA_prob: 0.462, Eps: 0.242, GA_count: 346, Steps: 748

Train 117/500 Loss: 0.003148, Reward: 343.2728, PSO_prob: 0.178, Eps: 0.124, PSO_count: 106, Steps: 568

Train 353/500 Loss: 0.006523, Reward: 235.3293, GA_prob: 0.439, Eps: 0.233, GA_count: 172, Steps: 388

Train 136/500 Loss: 0.004037, Reward: 245.5443, PSO_prob: 0.190, Eps: 0.129, PSO_count: 85, Steps: 388

Train 343/500 Loss: 0.000605, Reward: 134.7623, PSO_prob: 0.188, Eps: 0.128, PSO_count: 47, Steps: 208

Train 345/500 Loss: 0.004034, Reward: 74.7990, PSO_prob: 0.177, Eps: 0.124, PSO_count: 22, Steps: 118

Train 354/500 Loss: 0.000799, Reward: 242.2119, PSO_prob: 0.173, Eps: 0.122, PSO_count: 70, Steps: 388

Train 357/500 Loss: 0.000796, Reward: 80.0505, PSO_prob: 0.186, Eps: 0.128, PSO_count: 25, Steps: 118

Train 346/500 Loss: 0.006977, Reward: 96.4998, PSO_prob: 0.189, Eps: 0.129, PSO_count: 30, Steps: 148

Train 344/500 Loss: 0.000565, Reward: 80.0328, PSO_prob: 0.185, Eps: 0.127, PSO_count: 21, Steps: 118

Train 347/500 Loss: 0.008367, Reward: 134.4524, PSO_prob: 0.188, Eps: 0.128, PSO_count: 47, Steps: 208

Train 345/500 Loss: 0.000631, Reward: 78.9811, PSO_prob: 0.184, Eps: 0.127, PSO_count: 30, Steps: 118

Train 348/500 Loss: 0.006875, Reward: 73.7126, PSO_prob: 0.186, Eps: 0.128, PSO_count: 25, Steps: 118

Train 346/500 Loss: 0.000987, Reward: 239.1052, PSO_prob: 0.172, Eps: 0.122, PSO_count: 59, Steps: 388

Train 358/500 Loss: 0.005082, Reward: 72.6116, PSO_prob: 0.185, Eps: 0.127, PSO_count: 21, Steps: 118

Train 347/500 Loss: 0.009360, Reward: 75.0197, PSO_prob: 0.184, Eps: 0.127, PSO_count: 30, Steps: 118

Train 348/500 Loss: 0.003778, Reward: 439.7722, PSO_prob: 0.176, Eps: 0.123, PSO_count: 128, Steps: 748

Train 355/500 Loss: 0.003200, Reward: 55.1297, PSO_prob: 0.174, Eps: 0.123, PSO_count: 17, Steps: 88

Train 356/500 Loss: 0.005530, Reward: 237.0390, GA_prob: 0.461, Eps: 0.242, GA_count: 164, Steps: 388

Train 118/500 Loss: 0.000588, Reward: 244.7642, PSO_prob: 0.171, Eps: 0.121, PSO_count: 81, Steps: 388

Train 359/500 Loss: 0.000760, Reward: 445.9094, PSO_prob: 0.183, Eps: 0.126, PSO_count: 152, Steps: 748

Train 349/500 Loss: 0.007052, Reward: 56.9339, GA_prob: 0.459, Eps: 0.241, GA_count: 39, Steps: 88

Train 119/500 Loss: 0.002014, Reward: 312.0609, GA_prob: 0.438, Eps: 0.232, GA_count: 239, Steps: 568

Train 137/500 Loss: 0.001590, Reward: 440.4643, GA_prob: 0.462, Eps: 0.242, GA_count: 346, Steps: 748

Train 117/500 Loss: 0.000592, Reward: 190.8985, PSO_prob: 0.170, Eps: 0.121, PSO_count: 50, Steps: 298

Train 360/500 Loss: 0.005397, Reward: 239.9773, PSO_prob: 0.173, Eps: 0.122, PSO_count: 70, Steps: 388

Train 357/500 Loss: 0.003619, Reward: 36.9363, GA_prob: 0.458, Eps: 0.241, GA_count: 26, Steps: 58

Train 120/500 Loss: 0.006323, Reward: 324.8320, GA_prob: 0.438, Eps: 0.232, GA_count: 239, Steps: 568

Train 137/500 Loss: 0.000735, Reward: 73.7661, PSO_prob: 0.168, Eps: 0.120, PSO_count: 16, Steps: 118

Train 361/500 Loss: 0.005587, Reward: 449.1798, PSO_prob: 0.183, Eps: 0.126, PSO_count: 152, Steps: 748

Train 349/500 Loss: 0.010507, Reward: 73.7557, GA_prob: 0.457, Eps: 0.240, GA_count: 49, Steps: 118

Train 121/500 Loss: 0.001947, Reward: 95.6687, GA_prob: 0.436, Eps: 0.232, GA_count: 71, Steps: 148

Train 138/500 Loss: 0.000718, Reward: 337.2666, PSO_prob: 0.182, Eps: 0.126, PSO_count: 101, Steps: 568

Train 350/500 Loss: 0.000620, Reward: 187.7244, PSO_prob: 0.167, Eps: 0.120, PSO_count: 55, Steps: 298

Train 362/500 Loss: 0.005098, Reward: 239.2379, PSO_prob: 0.172, Eps: 0.122, PSO_count: 59, Steps: 388

Train 358/500 Loss: 0.000545, Reward: 36.2877, PSO_prob: 0.180, Eps: 0.125, PSO_count: 11, Steps: 58

Train 351/500 Loss: 0.000496, Reward: 60.1874, PSO_prob: 0.179, Eps: 0.125, PSO_count: 19, Steps: 88

Train 352/500 Loss: 0.008380, Reward: 92.2932, GA_prob: 0.436, Eps: 0.232, GA_count: 71, Steps: 148

Train 138/500 Loss: 0.011895, Reward: 35.4270, GA_prob: 0.456, Eps: 0.240, GA_count: 28, Steps: 58

Train 122/500 Loss: 0.000739, Reward: 95.0504, PSO_prob: 0.166, Eps: 0.119, PSO_count: 20, Steps: 148

Train 363/500 Loss: 0.001787, Reward: 56.6311, GA_prob: 0.435, Eps: 0.231, GA_count: 38, Steps: 88

Train 139/500 Loss: 0.000437, Reward: 97.1681, PSO_prob: 0.178, Eps: 0.124, PSO_count: 36, Steps: 148

Train 353/500 Loss: 0.006770, Reward: 344.4188, PSO_prob: 0.182, Eps: 0.126, PSO_count: 101, Steps: 568

Train 350/500 Loss: 0.000552, Reward: 39.2818, PSO_prob: 0.177, Eps: 0.124, PSO_count: 9, Steps: 58

Train 354/500 Loss: 0.007841, Reward: 56.6989, GA_prob: 0.435, Eps: 0.231, GA_count: 38, Steps: 88

Train 139/500 Loss: 0.004708, Reward: 36.5073, PSO_prob: 0.180, Eps: 0.125, PSO_count: 11, Steps: 58

Train 351/500 Loss: 0.004394, Reward: 242.7184, PSO_prob: 0.171, Eps: 0.121, PSO_count: 81, Steps: 388

Train 359/500 Loss: 0.000534, Reward: 92.4186, PSO_prob: 0.176, Eps: 0.123, PSO_count: 24, Steps: 148

Train 355/500 Loss: 0.005207, Reward: 56.0389, PSO_prob: 0.179, Eps: 0.125, PSO_count: 19, Steps: 88

Train 352/500 Loss: 0.001871, Reward: 231.2856, GA_prob: 0.461, Eps: 0.242, GA_count: 164, Steps: 388

Train 118/500 Loss: 0.004154, Reward: 95.0308, PSO_prob: 0.178, Eps: 0.124, PSO_count: 36, Steps: 148

Train 353/500 Loss: 0.009819, Reward: 35.6483, PSO_prob: 0.177, Eps: 0.124, PSO_count: 9, Steps: 58

Train 354/500 Loss: 0.003501, Reward: 194.1086, PSO_prob: 0.170, Eps: 0.121, PSO_count: 50, Steps: 298

Train 360/500 Loss: 0.001699, Reward: 58.9071, GA_prob: 0.459, Eps: 0.241, GA_count: 39, Steps: 88

Train 119/500 Loss: 0.004865, Reward: 89.0531, PSO_prob: 0.176, Eps: 0.123, PSO_count: 24, Steps: 148

Train 355/500 Loss: 0.004320, Reward: 72.5910, PSO_prob: 0.168, Eps: 0.120, PSO_count: 16, Steps: 118

Train 361/500 Loss: 0.000533, Reward: 249.1658, PSO_prob: 0.174, Eps: 0.123, PSO_count: 80, Steps: 388

Train 356/500 Loss: 0.000790, Reward: 439.0129, PSO_prob: 0.165, Eps: 0.119, PSO_count: 131, Steps: 748

Train 364/500 Loss: 0.001740, Reward: 37.6079, GA_prob: 0.458, Eps: 0.241, GA_count: 26, Steps: 58

Train 120/500 Loss: 0.006289, Reward: 188.3191, PSO_prob: 0.167, Eps: 0.120, PSO_count: 55, Steps: 298

Train 362/500 Loss: 0.000541, Reward: 191.0434, PSO_prob: 0.173, Eps: 0.122, PSO_count: 59, Steps: 298

Train 357/500 Loss: 0.007040, Reward: 245.6811, PSO_prob: 0.174, Eps: 0.123, PSO_count: 80, Steps: 388

Train 356/500 Loss: 0.006867, Reward: 95.0721, PSO_prob: 0.166, Eps: 0.119, PSO_count: 20, Steps: 148

Train 363/500 Loss: 0.001914, Reward: 73.0768, GA_prob: 0.457, Eps: 0.240, GA_count: 49, Steps: 118

Train 121/500 Loss: 0.000617, Reward: 123.3623, PSO_prob: 0.172, Eps: 0.122, PSO_count: 46, Steps: 208

Train 358/500 Loss: 0.000561, Reward: 54.9564, PSO_prob: 0.171, Eps: 0.121, PSO_count: 15, Steps: 88

Train 359/500 Loss: 0.002489, Reward: 36.9888, GA_prob: 0.456, Eps: 0.240, GA_count: 28, Steps: 58

Train 122/500 Loss: 0.005955, Reward: 190.6018, PSO_prob: 0.173, Eps: 0.122, PSO_count: 59, Steps: 298

Train 357/500 Loss: 0.000779, Reward: 453.5863, PSO_prob: 0.164, Eps: 0.118, PSO_count: 112, Steps: 748

Train 365/500 Loss: 0.007399, Reward: 330.5230, GA_prob: 0.455, Eps: 0.239, GA_count: 266, Steps: 568

Train 123/500 Loss: 0.005573, Reward: 126.0702, PSO_prob: 0.172, Eps: 0.122, PSO_count: 46, Steps: 208

Train 358/500 Loss: 0.007861, Reward: 56.7608, PSO_prob: 0.171, Eps: 0.121, PSO_count: 15, Steps: 88

Train 359/500 Loss: 0.000638, Reward: 342.8963, PSO_prob: 0.170, Eps: 0.121, PSO_count: 87, Steps: 568

Train 360/500 Loss: 0.003792, Reward: 443.4446, PSO_prob: 0.165, Eps: 0.119, PSO_count: 131, Steps: 748

Train 364/500 Loss: 0.000789, Reward: 236.1224, PSO_prob: 0.162, Eps: 0.118, PSO_count: 67, Steps: 388

Train 366/500 Loss: 0.001890, Reward: 433.3583, GA_prob: 0.434, Eps: 0.231, GA_count: 329, Steps: 748

Train 140/500 Loss: 0.006535, Reward: 444.2694, GA_prob: 0.434, Eps: 0.231, GA_count: 329, Steps: 748

Train 140/500 Loss: 0.000558, Reward: 230.5351, PSO_prob: 0.168, Eps: 0.120, PSO_count: 73, Steps: 388

Train 361/500 Loss: 0.004972, Reward: 346.7671, PSO_prob: 0.170, Eps: 0.121, PSO_count: 87, Steps: 568

Train 360/500 Loss: 0.005016, Reward: 236.1820, GA_prob: 0.453, Eps: 0.239, GA_count: 169, Steps: 388

Train 124/500 Loss: 0.000841, Reward: 338.9083, PSO_prob: 0.161, Eps: 0.117, PSO_count: 102, Steps: 568

Train 367/500 Loss: 0.000908, Reward: 36.6689, PSO_prob: 0.160, Eps: 0.117, PSO_count: 4, Steps: 58

Train 368/500 Loss: 0.005630, Reward: 237.2481, PSO_prob: 0.168, Eps: 0.120, PSO_count: 73, Steps: 388

Train 361/500 Loss: 0.003825, Reward: 457.8530, PSO_prob: 0.164, Eps: 0.118, PSO_count: 112, Steps: 748

Train 365/500 Loss: 0.001649, Reward: 321.9165, GA_prob: 0.455, Eps: 0.239, GA_count: 266, Steps: 568

Train 123/500 Loss: 0.000736, Reward: 442.1519, PSO_prob: 0.167, Eps: 0.120, PSO_count: 126, Steps: 748

Train 362/500 Loss: 0.003766, Reward: 235.8673, PSO_prob: 0.162, Eps: 0.118, PSO_count: 67, Steps: 388

Train 366/500 Loss: 0.000848, Reward: 341.3339, PSO_prob: 0.159, Eps: 0.116, PSO_count: 81, Steps: 568

Train 369/500 Loss: 0.004449, Reward: 456.2288, PSO_prob: 0.167, Eps: 0.120, PSO_count: 126, Steps: 748

Train 362/500 Loss: 0.000693, Reward: 241.5747, PSO_prob: 0.166, Eps: 0.119, PSO_count: 72, Steps: 388

Train 363/500 Loss: 0.000916, Reward: 194.5957, PSO_prob: 0.158, Eps: 0.116, PSO_count: 51, Steps: 298

Train 370/500 Loss: 0.000932, Reward: 80.8427, PSO_prob: 0.156, Eps: 0.115, PSO_count: 18, Steps: 118

Train 371/500 Loss: 0.003621, Reward: 342.1831, PSO_prob: 0.161, Eps: 0.117, PSO_count: 102, Steps: 568

Train 367/500 Loss: 0.000676, Reward: 181.8889, PSO_prob: 0.165, Eps: 0.119, PSO_count: 48, Steps: 298

Train 364/500 Loss: 0.005200, Reward: 37.1935, PSO_prob: 0.160, Eps: 0.117, PSO_count: 4, Steps: 58

Train 368/500 Loss: 0.000971, Reward: 89.4534, PSO_prob: 0.155, Eps: 0.115, PSO_count: 22, Steps: 148

Train 372/500 Loss: 0.003985, Reward: 239.4000, PSO_prob: 0.166, Eps: 0.119, PSO_count: 72, Steps: 388

Train 363/500 Loss: 0.000664, Reward: 97.6061, PSO_prob: 0.164, Eps: 0.118, PSO_count: 29, Steps: 148

Train 365/500 Loss: 0.001441, Reward: 231.9663, GA_prob: 0.453, Eps: 0.239, GA_count: 169, Steps: 388

Train 124/500 Loss: 0.001971, Reward: 441.6480, GA_prob: 0.433, Eps: 0.230, GA_count: 317, Steps: 748

Train 141/500 Loss: 0.004792, Reward: 184.8013, PSO_prob: 0.165, Eps: 0.119, PSO_count: 48, Steps: 298

Train 364/500 Loss: 0.005937, Reward: 451.2942, GA_prob: 0.433, Eps: 0.230, GA_count: 317, Steps: 748

Train 141/500 Loss: 0.002940, Reward: 96.5634, PSO_prob: 0.164, Eps: 0.118, PSO_count: 29, Steps: 148

Train 365/500 Loss: 0.004044, Reward: 353.7273, PSO_prob: 0.159, Eps: 0.116, PSO_count: 81, Steps: 568

Train 369/500 Loss: 0.000938, Reward: 348.3671, PSO_prob: 0.154, Eps: 0.114, PSO_count: 77, Steps: 568

Train 373/500 Loss: 0.001196, Reward: 56.6617, PSO_prob: 0.153, Eps: 0.114, PSO_count: 6, Steps: 88

Train 374/500 Loss: 0.003444, Reward: 188.2100, PSO_prob: 0.158, Eps: 0.116, PSO_count: 51, Steps: 298

Train 370/500 Loss: 0.006183, Reward: 437.1562, GA_prob: 0.452, Eps: 0.238, GA_count: 348, Steps: 748

Train 125/500 Loss: 0.000783, Reward: 448.6172, PSO_prob: 0.162, Eps: 0.118, PSO_count: 115, Steps: 748

Train 366/500 Loss: 0.004283, Reward: 74.7382, PSO_prob: 0.156, Eps: 0.115, PSO_count: 18, Steps: 118

Train 371/500 Loss: 0.000898, Reward: 191.5898, PSO_prob: 0.152, Eps: 0.113, PSO_count: 36, Steps: 298

Train 375/500 Loss: 0.006598, Reward: 92.8689, PSO_prob: 0.155, Eps: 0.115, PSO_count: 22, Steps: 148

Train 372/500 Loss: 0.000740, Reward: 195.3644, PSO_prob: 0.161, Eps: 0.117, PSO_count: 55, Steps: 298

Train 367/500 Loss: 0.000514, Reward: 133.9998, PSO_prob: 0.150, Eps: 0.113, PSO_count: 38, Steps: 208

Train 376/500 Loss: 0.000508, Reward: 37.8417, PSO_prob: 0.160, Eps: 0.117, PSO_count: 14, Steps: 58

Train 368/500 Loss: 0.003945, Reward: 448.2827, PSO_prob: 0.162, Eps: 0.118, PSO_count: 115, Steps: 748

Train 366/500 Loss: 0.000556, Reward: 102.6129, PSO_prob: 0.149, Eps: 0.112, PSO_count: 22, Steps: 148

Train 377/500 Loss: 0.003855, Reward: 189.7245, PSO_prob: 0.161, Eps: 0.117, PSO_count: 55, Steps: 298

Train 367/500 Loss: 0.000998, Reward: 238.7330, PSO_prob: 0.159, Eps: 0.116, PSO_count: 50, Steps: 388

Train 369/500 Loss: 0.003098, Reward: 37.7696, PSO_prob: 0.160, Eps: 0.117, PSO_count: 14, Steps: 58

Train 368/500 Loss: 0.005739, Reward: 175.3290, GA_prob: 0.451, Eps: 0.238, GA_count: 139, Steps: 298

Train 126/500 Loss: 0.005448, Reward: 355.6000, PSO_prob: 0.154, Eps: 0.114, PSO_count: 77, Steps: 568

Train 373/500 Loss: 0.000713, Reward: 60.1183, PSO_prob: 0.158, Eps: 0.116, PSO_count: 18, Steps: 88

Train 370/500 Loss: 0.001896, Reward: 331.0678, GA_prob: 0.432, Eps: 0.230, GA_count: 254, Steps: 568

Train 142/500 Loss: 0.002943, Reward: 56.0858, PSO_prob: 0.153, Eps: 0.114, PSO_count: 6, Steps: 88

Train 374/500 Loss: 0.004332, Reward: 334.5103, GA_prob: 0.432, Eps: 0.230, GA_count: 254, Steps: 568

Train 142/500 Loss: 0.000563, Reward: 346.0386, PSO_prob: 0.148, Eps: 0.112, PSO_count: 83, Steps: 568

Train 378/500 Loss: 0.000810, Reward: 181.9474, PSO_prob: 0.156, Eps: 0.115, PSO_count: 51, Steps: 298

Train 371/500 Loss: 0.003864, Reward: 88.8609, GA_prob: 0.450, Eps: 0.237, GA_count: 59, Steps: 148

Train 127/500 Loss: 0.003163, Reward: 241.8978, PSO_prob: 0.159, Eps: 0.116, PSO_count: 50, Steps: 388

Train 369/500 Loss: 0.006876, Reward: 192.3313, PSO_prob: 0.152, Eps: 0.113, PSO_count: 36, Steps: 298

Train 375/500 Loss: 0.001041, Reward: 73.2540, PSO_prob: 0.155, Eps: 0.115, PSO_count: 17, Steps: 118

Train 372/500 Loss: 0.004024, Reward: 59.2805, PSO_prob: 0.158, Eps: 0.116, PSO_count: 18, Steps: 88

Train 370/500 Loss: 0.001379, Reward: 428.6118, GA_prob: 0.452, Eps: 0.238, GA_count: 348, Steps: 748

Train 125/500 Loss: 0.006868, Reward: 36.0389, GA_prob: 0.448, Eps: 0.237, GA_count: 25, Steps: 58

Train 128/500 Loss: 0.000842, Reward: 56.5754, PSO_prob: 0.154, Eps: 0.114, PSO_count: 13, Steps: 88

Train 373/500 Loss: 0.000752, Reward: 61.3824, PSO_prob: 0.153, Eps: 0.114, PSO_count: 13, Steps: 88

Train 374/500 Loss: 0.007097, Reward: 134.1866, PSO_prob: 0.150, Eps: 0.113, PSO_count: 38, Steps: 208

Train 376/500 Loss: 0.007776, Reward: 37.3468, GA_prob: 0.447, Eps: 0.236, GA_count: 31, Steps: 58

Train 129/500 Loss: 0.006759, Reward: 189.7275, PSO_prob: 0.156, Eps: 0.115, PSO_count: 51, Steps: 298

Train 371/500 Loss: 0.007909, Reward: 97.5715, PSO_prob: 0.149, Eps: 0.112, PSO_count: 22, Steps: 148

Train 377/500 Loss: 0.007456, Reward: 38.0111, GA_prob: 0.446, Eps: 0.236, GA_count: 26, Steps: 58

Train 130/500 Loss: 0.005186, Reward: 74.1465, PSO_prob: 0.155, Eps: 0.115, PSO_count: 17, Steps: 118

Train 372/500 Loss: 0.000792, Reward: 183.9476, PSO_prob: 0.152, Eps: 0.113, PSO_count: 33, Steps: 298

Train 375/500 Loss: 0.000612, Reward: 449.4336, PSO_prob: 0.147, Eps: 0.111, PSO_count: 113, Steps: 748

Train 379/500 Loss: 0.004892, Reward: 56.2494, PSO_prob: 0.154, Eps: 0.114, PSO_count: 13, Steps: 88

Train 373/500 Loss: 0.001747, Reward: 227.4272, GA_prob: 0.430, Eps: 0.229, GA_count: 165, Steps: 388

Train 143/500 Loss: 0.003411, Reward: 57.4793, PSO_prob: 0.153, Eps: 0.114, PSO_count: 13, Steps: 88

Train 374/500 Loss: 0.006069, Reward: 230.5404, GA_prob: 0.430, Eps: 0.229, GA_count: 165, Steps: 388

Train 143/500 Loss: 0.001702, Reward: 175.1945, GA_prob: 0.451, Eps: 0.238, GA_count: 139, Steps: 298

Train 126/500 Loss: 0.001837, Reward: 78.6682, GA_prob: 0.429, Eps: 0.229, GA_count: 58, Steps: 118

Train 144/500 Loss: 0.004752, Reward: 351.7288, PSO_prob: 0.148, Eps: 0.112, PSO_count: 83, Steps: 568

Train 378/500 Loss: 0.006598, Reward: 187.6521, PSO_prob: 0.152, Eps: 0.113, PSO_count: 33, Steps: 298

Train 375/500 Loss: 0.000822, Reward: 339.5389, PSO_prob: 0.150, Eps: 0.113, PSO_count: 87, Steps: 568

Train 376/500 Loss: 0.000535, Reward: 346.8409, PSO_prob: 0.145, Eps: 0.111, PSO_count: 79, Steps: 568

Train 380/500 Loss: 0.005321, Reward: 76.5396, GA_prob: 0.429, Eps: 0.229, GA_count: 58, Steps: 118

Train 144/500 Loss: 0.001583, Reward: 93.1343, GA_prob: 0.450, Eps: 0.237, GA_count: 59, Steps: 148

Train 127/500 Loss: 0.008825, Reward: 181.7263, GA_prob: 0.445, Eps: 0.235, GA_count: 138, Steps: 298

Train 131/500 Loss: 0.000825, Reward: 184.7257, PSO_prob: 0.149, Eps: 0.112, PSO_count: 45, Steps: 298

Train 377/500 Loss: 0.006729, Reward: 35.8343, GA_prob: 0.444, Eps: 0.235, GA_count: 23, Steps: 58

Train 132/500 Loss: 0.001259, Reward: 37.2752, GA_prob: 0.448, Eps: 0.237, GA_count: 25, Steps: 58

Train 128/500 Loss: 0.000566, Reward: 60.7083, PSO_prob: 0.148, Eps: 0.112, PSO_count: 17, Steps: 88

Train 378/500 Loss: 0.004466, Reward: 352.5001, PSO_prob: 0.150, Eps: 0.113, PSO_count: 87, Steps: 568

Train 376/500 Loss: 0.001511, Reward: 39.0479, GA_prob: 0.447, Eps: 0.236, GA_count: 31, Steps: 58

Train 129/500 Loss: 0.000562, Reward: 353.2621, PSO_prob: 0.144, Eps: 0.110, PSO_count: 79, Steps: 568

Train 381/500 Loss: 0.001409, Reward: 38.4820, GA_prob: 0.446, Eps: 0.236, GA_count: 26, Steps: 58

Train 130/500 Loss: 0.004774, Reward: 453.9159, PSO_prob: 0.147, Eps: 0.111, PSO_count: 113, Steps: 748

Train 379/500 Loss: 0.004614, Reward: 187.9116, PSO_prob: 0.149, Eps: 0.112, PSO_count: 45, Steps: 298

Train 377/500 Loss: 0.005817, Reward: 56.2182, PSO_prob: 0.148, Eps: 0.112, PSO_count: 17, Steps: 88

Train 378/500 Loss: 0.009914, Reward: 133.5487, GA_prob: 0.442, Eps: 0.234, GA_count: 97, Steps: 208

Train 133/500 Loss: 0.000656, Reward: 180.0744, PSO_prob: 0.143, Eps: 0.110, PSO_count: 42, Steps: 298

Train 382/500 Loss: 0.000859, Reward: 334.2973, PSO_prob: 0.147, Eps: 0.111, PSO_count: 95, Steps: 568

Train 379/500 Loss: 0.001102, Reward: 38.7015, PSO_prob: 0.145, Eps: 0.111, PSO_count: 10, Steps: 58

Train 380/500 Loss: 0.000573, Reward: 131.3429, PSO_prob: 0.142, Eps: 0.109, PSO_count: 25, Steps: 208

Train 383/500 Loss: 0.008195, Reward: 74.2510, GA_prob: 0.441, Eps: 0.234, GA_count: 53, Steps: 118

Train 134/500 Loss: 0.005409, Reward: 350.1618, PSO_prob: 0.145, Eps: 0.111, PSO_count: 79, Steps: 568

Train 380/500 Loss: 0.010011, Reward: 38.2062, GA_prob: 0.440, Eps: 0.233, GA_count: 32, Steps: 58

Train 135/500 Loss: 0.005227, Reward: 344.1096, PSO_prob: 0.147, Eps: 0.111, PSO_count: 95, Steps: 568

Train 379/500 Loss: 0.001336, Reward: 187.4339, GA_prob: 0.445, Eps: 0.235, GA_count: 138, Steps: 298

Train 131/500 Loss: 0.006669, Reward: 38.2049, PSO_prob: 0.145, Eps: 0.111, PSO_count: 10, Steps: 58

Train 380/500 Loss: 0.000688, Reward: 243.6187, PSO_prob: 0.141, Eps: 0.109, PSO_count: 53, Steps: 388

Train 384/500 Loss: 0.008435, Reward: 34.7786, GA_prob: 0.439, Eps: 0.233, GA_count: 20, Steps: 58

Train 136/500 Loss: 0.001354, Reward: 35.6064, GA_prob: 0.444, Eps: 0.235, GA_count: 23, Steps: 58

Train 132/500 Loss: 0.001554, Reward: 433.2924, GA_prob: 0.428, Eps: 0.228, GA_count: 325, Steps: 748

Train 145/500 Loss: 0.004108, Reward: 357.1235, PSO_prob: 0.144, Eps: 0.110, PSO_count: 79, Steps: 568

Train 381/500 Loss: 0.000648, Reward: 191.0383, PSO_prob: 0.139, Eps: 0.108, PSO_count: 45, Steps: 298

Train 385/500 Loss: 0.000668, Reward: 444.2751, PSO_prob: 0.144, Eps: 0.110, PSO_count: 112, Steps: 748

Train 381/500 Loss: 0.001636, Reward: 52.5360, GA_prob: 0.427, Eps: 0.228, GA_count: 30, Steps: 88

Train 146/500 Loss: 0.000772, Reward: 74.7545, PSO_prob: 0.143, Eps: 0.110, PSO_count: 18, Steps: 118

Train 382/500 Loss: 0.005186, Reward: 443.3374, GA_prob: 0.428, Eps: 0.228, GA_count: 325, Steps: 748

Train 145/500 Loss: 0.003390, Reward: 185.1923, PSO_prob: 0.143, Eps: 0.110, PSO_count: 42, Steps: 298

Train 382/500 Loss: 0.001218, Reward: 135.4350, GA_prob: 0.442, Eps: 0.234, GA_count: 97, Steps: 208

Train 133/500 Loss: 0.004030, Reward: 53.7613, GA_prob: 0.427, Eps: 0.228, GA_count: 30, Steps: 88

Train 146/500 Loss: 0.003863, Reward: 452.9113, PSO_prob: 0.144, Eps: 0.110, PSO_count: 112, Steps: 748

Train 381/500 Loss: 0.003709, Reward: 137.1075, PSO_prob: 0.142, Eps: 0.109, PSO_count: 25, Steps: 208

Train 383/500 Loss: 0.000663, Reward: 241.6793, PSO_prob: 0.142, Eps: 0.109, PSO_count: 58, Steps: 388

Train 383/500 Loss: 0.004130, Reward: 77.7282, PSO_prob: 0.143, Eps: 0.110, PSO_count: 18, Steps: 118

Train 382/500 Loss: 0.000809, Reward: 56.5925, PSO_prob: 0.141, Eps: 0.109, PSO_count: 11, Steps: 88

Train 384/500 Loss: 0.000600, Reward: 57.5478, PSO_prob: 0.139, Eps: 0.108, PSO_count: 15, Steps: 88

Train 385/500 Loss: 0.001260, Reward: 77.9199, GA_prob: 0.441, Eps: 0.234, GA_count: 53, Steps: 118

Train 134/500 Loss: 0.000705, Reward: 455.6059, PSO_prob: 0.138, Eps: 0.108, PSO_count: 102, Steps: 748

Train 386/500 Loss: 0.006834, Reward: 235.5777, GA_prob: 0.438, Eps: 0.232, GA_count: 174, Steps: 388

Train 137/500 Loss: 0.000586, Reward: 37.1196, PSO_prob: 0.137, Eps: 0.107, PSO_count: 5, Steps: 58

Train 387/500 Loss: 0.001175, Reward: 81.2618, PSO_prob: 0.138, Eps: 0.108, PSO_count: 15, Steps: 118

Train 386/500 Loss: 0.000873, Reward: 37.3860, PSO_prob: 0.137, Eps: 0.107, PSO_count: 6, Steps: 58

Train 387/500 Loss: 0.001405, Reward: 37.2323, GA_prob: 0.440, Eps: 0.233, GA_count: 32, Steps: 58

Train 135/500 Loss: 0.003041, Reward: 243.0431, PSO_prob: 0.141, Eps: 0.109, PSO_count: 53, Steps: 388

Train 384/500 Loss: 0.002725, Reward: 242.9598, PSO_prob: 0.142, Eps: 0.109, PSO_count: 58, Steps: 388

Train 383/500 Loss: 0.000699, Reward: 83.6718, PSO_prob: 0.136, Eps: 0.107, PSO_count: 11, Steps: 118

Train 388/500 Loss: 0.002181, Reward: 53.5373, PSO_prob: 0.141, Eps: 0.109, PSO_count: 11, Steps: 88

Train 384/500 Loss: 0.001218, Reward: 36.6102, GA_prob: 0.439, Eps: 0.233, GA_count: 20, Steps: 58

Train 136/500 Loss: 0.000675, Reward: 59.7718, PSO_prob: 0.135, Eps: 0.106, PSO_count: 17, Steps: 88

Train 389/500 Loss: 0.004356, Reward: 77.5086, GA_prob: 0.436, Eps: 0.232, GA_count: 55, Steps: 118

Train 138/500 Loss: 0.003904, Reward: 58.5954, PSO_prob: 0.139, Eps: 0.108, PSO_count: 15, Steps: 88

Train 385/500 Loss: 0.004460, Reward: 185.2733, PSO_prob: 0.139, Eps: 0.108, PSO_count: 45, Steps: 298

Train 385/500 Loss: 0.003074, Reward: 75.6718, PSO_prob: 0.138, Eps: 0.108, PSO_count: 15, Steps: 118

Train 386/500 Loss: 0.003486, Reward: 37.5217, PSO_prob: 0.137, Eps: 0.107, PSO_count: 6, Steps: 58

Train 387/500 Loss: 0.000612, Reward: 341.8223, PSO_prob: 0.136, Eps: 0.107, PSO_count: 61, Steps: 568

Train 388/500 Loss: 0.003884, Reward: 76.0062, PSO_prob: 0.136, Eps: 0.107, PSO_count: 11, Steps: 118

Train 388/500 Loss: 0.001004, Reward: 58.3748, PSO_prob: 0.135, Eps: 0.106, PSO_count: 6, Steps: 88

Train 389/500 Loss: 0.000681, Reward: 244.4597, PSO_prob: 0.133, Eps: 0.106, PSO_count: 55, Steps: 388

Train 390/500 Loss: 0.003559, Reward: 57.1595, PSO_prob: 0.135, Eps: 0.106, PSO_count: 17, Steps: 88

Train 389/500 Loss: 0.000615, Reward: 237.7768, PSO_prob: 0.132, Eps: 0.105, PSO_count: 55, Steps: 388

Train 391/500 Loss: 0.008316, Reward: 245.4518, PSO_prob: 0.133, Eps: 0.106, PSO_count: 55, Steps: 388

Train 390/500 Loss: 0.003072, Reward: 460.1235, PSO_prob: 0.138, Eps: 0.108, PSO_count: 102, Steps: 748

Train 386/500 Loss: 0.001425, Reward: 411.9830, GA_prob: 0.426, Eps: 0.227, GA_count: 325, Steps: 748

Train 147/500 Loss: 0.000720, Reward: 339.5236, PSO_prob: 0.133, Eps: 0.106, PSO_count: 98, Steps: 568

Train 390/500 Loss: 0.003993, Reward: 36.8654, PSO_prob: 0.137, Eps: 0.107, PSO_count: 5, Steps: 58

Train 387/500 Loss: 0.001366, Reward: 230.6765, GA_prob: 0.438, Eps: 0.232, GA_count: 174, Steps: 388

Train 137/500 Loss: 0.000765, Reward: 99.3820, PSO_prob: 0.132, Eps: 0.105, PSO_count: 25, Steps: 148

Train 391/500 Loss: 0.000640, Reward: 240.4934, PSO_prob: 0.131, Eps: 0.105, PSO_count: 42, Steps: 388

Train 392/500 Loss: 0.006560, Reward: 240.9729, PSO_prob: 0.132, Eps: 0.105, PSO_count: 55, Steps: 388

Train 391/500 Loss: 0.005023, Reward: 438.0746, GA_prob: 0.426, Eps: 0.227, GA_count: 325, Steps: 748

Train 147/500 Loss: 0.000661, Reward: 59.5808, PSO_prob: 0.130, Eps: 0.104, PSO_count: 10, Steps: 88

Train 393/500 Loss: 0.001317, Reward: 76.2783, GA_prob: 0.436, Eps: 0.232, GA_count: 55, Steps: 118

Train 138/500 Loss: 0.008668, Reward: 340.6947, GA_prob: 0.435, Eps: 0.231, GA_count: 237, Steps: 568

Train 139/500 Loss: 0.000651, Reward: 240.6876, PSO_prob: 0.131, Eps: 0.105, PSO_count: 57, Steps: 388

Train 392/500 Loss: 0.003478, Reward: 353.0306, PSO_prob: 0.136, Eps: 0.107, PSO_count: 61, Steps: 568

Train 388/500 Loss: 0.000686, Reward: 60.3572, PSO_prob: 0.130, Eps: 0.104, PSO_count: 9, Steps: 88

Train 393/500 Loss: 0.005628, Reward: 239.0680, PSO_prob: 0.131, Eps: 0.105, PSO_count: 42, Steps: 388

Train 392/500 Loss: 0.004479, Reward: 56.3882, PSO_prob: 0.135, Eps: 0.106, PSO_count: 6, Steps: 88

Train 389/500 Loss: 0.000769, Reward: 241.6639, PSO_prob: 0.129, Eps: 0.104, PSO_count: 54, Steps: 388

Train 394/500 Loss: 0.006688, Reward: 56.9312, PSO_prob: 0.130, Eps: 0.104, PSO_count: 10, Steps: 88

Train 393/500 Loss: 0.001608, Reward: 177.4789, GA_prob: 0.424, Eps: 0.227, GA_count: 126, Steps: 298

Train 148/500 Loss: 0.009892, Reward: 53.7774, GA_prob: 0.434, Eps: 0.231, GA_count: 40, Steps: 88

Train 140/500 Loss: 0.000555, Reward: 139.2909, PSO_prob: 0.129, Eps: 0.104, PSO_count: 24, Steps: 208

Train 394/500 Loss: 0.008477, Reward: 36.8486, GA_prob: 0.433, Eps: 0.230, GA_count: 29, Steps: 58

Train 141/500 Loss: 0.000865, Reward: 177.7387, PSO_prob: 0.127, Eps: 0.103, PSO_count: 36, Steps: 298

Train 395/500 Loss: 0.006038, Reward: 179.0647, GA_prob: 0.424, Eps: 0.227, GA_count: 126, Steps: 298

Train 148/500 Loss: 0.000768, Reward: 56.3371, PSO_prob: 0.126, Eps: 0.103, PSO_count: 15, Steps: 88

Train 396/500 Loss: 0.007398, Reward: 240.2716, PSO_prob: 0.129, Eps: 0.104, PSO_count: 54, Steps: 388

Train 394/500 Loss: 0.000721, Reward: 178.8526, PSO_prob: 0.127, Eps: 0.103, PSO_count: 45, Steps: 298

Train 395/500 Loss: 0.001574, Reward: 98.3542, GA_prob: 0.423, Eps: 0.226, GA_count: 68, Steps: 148

Train 149/500 Loss: 0.000556, Reward: 34.6817, PSO_prob: 0.125, Eps: 0.102, PSO_count: 9, Steps: 58

Train 397/500 Loss: 0.000726, Reward: 94.5697, PSO_prob: 0.126, Eps: 0.103, PSO_count: 21, Steps: 148

Train 396/500 Loss: 0.004451, Reward: 352.2017, PSO_prob: 0.133, Eps: 0.106, PSO_count: 98, Steps: 568

Train 390/500 Loss: 0.000801, Reward: 39.7519, PSO_prob: 0.125, Eps: 0.102, PSO_count: 7, Steps: 58

Train 397/500 Loss: 0.000736, Reward: 135.4390, PSO_prob: 0.124, Eps: 0.102, PSO_count: 26, Steps: 208

Train 398/500 Loss: 0.007531, Reward: 184.7127, PSO_prob: 0.127, Eps: 0.103, PSO_count: 36, Steps: 298

Train 395/500 Loss: 0.002542, Reward: 95.8491, PSO_prob: 0.132, Eps: 0.105, PSO_count: 25, Steps: 148

Train 391/500 Loss: 0.004834, Reward: 96.2055, GA_prob: 0.423, Eps: 0.226, GA_count: 68, Steps: 148

Train 149/500 Loss: 0.000776, Reward: 76.9100, PSO_prob: 0.123, Eps: 0.101, PSO_count: 13, Steps: 118

Train 399/500 Loss: 0.010222, Reward: 55.6169, PSO_prob: 0.126, Eps: 0.103, PSO_count: 15, Steps: 88

Train 396/500 Loss: 0.009019, Reward: 36.4229, PSO_prob: 0.125, Eps: 0.102, PSO_count: 9, Steps: 58

Train 397/500 Loss: 0.000738, Reward: 82.2130, PSO_prob: 0.121, Eps: 0.101, PSO_count: 14, Steps: 118

Train 400/500 Loss: 0.000527, Reward: 232.7297, PSO_prob: 0.124, Eps: 0.102, PSO_count: 67, Steps: 388

Train 398/500 Loss: 0.007315, Reward: 138.1735, PSO_prob: 0.124, Eps: 0.102, PSO_count: 26, Steps: 208

Train 398/500 Loss: 0.005477, Reward: 239.9272, PSO_prob: 0.131, Eps: 0.105, PSO_count: 57, Steps: 388

Train 392/500 Loss: 0.008441, Reward: 75.6278, PSO_prob: 0.123, Eps: 0.101, PSO_count: 13, Steps: 118

Train 399/500 Loss: 0.001676, Reward: 314.5674, GA_prob: 0.435, Eps: 0.231, GA_count: 237, Steps: 568

Train 139/500 Loss: 0.008531, Reward: 59.0707, PSO_prob: 0.130, Eps: 0.104, PSO_count: 9, Steps: 88

Train 393/500 Loss: 0.000898, Reward: 245.4177, PSO_prob: 0.120, Eps: 0.100, PSO_count: 44, Steps: 388

Train 401/500 Loss: 0.009000, Reward: 76.7332, PSO_prob: 0.121, Eps: 0.101, PSO_count: 14, Steps: 118

Train 400/500 Loss: 0.001696, Reward: 234.2581, GA_prob: 0.422, Eps: 0.226, GA_count: 148, Steps: 388

Train 150/500 Loss: 0.000979, Reward: 235.9133, PSO_prob: 0.123, Eps: 0.101, PSO_count: 48, Steps: 388

Train 399/500 Loss: 0.006591, Reward: 134.3800, PSO_prob: 0.129, Eps: 0.104, PSO_count: 24, Steps: 208

Train 394/500 Loss: 0.000662, Reward: 131.1149, PSO_prob: 0.119, Eps: 0.100, PSO_count: 26, Steps: 208

Train 402/500 Loss: 0.001675, Reward: 57.9095, GA_prob: 0.434, Eps: 0.231, GA_count: 40, Steps: 88

Train 140/500 Loss: 0.000653, Reward: 128.0666, PSO_prob: 0.121, Eps: 0.101, PSO_count: 24, Steps: 208

Train 400/500 Loss: 0.001990, Reward: 36.6883, GA_prob: 0.433, Eps: 0.230, GA_count: 29, Steps: 58

Train 141/500 Loss: 0.005658, Reward: 240.1212, GA_prob: 0.422, Eps: 0.226, GA_count: 148, Steps: 388

Train 150/500 Loss: 0.008006, Reward: 243.7699, PSO_prob: 0.120, Eps: 0.100, PSO_count: 44, Steps: 388

Train 401/500 Loss: 0.000778, Reward: 78.0756, PSO_prob: 0.120, Eps: 0.100, PSO_count: 16, Steps: 118

Train 401/500 Loss: 0.009693, Reward: 333.0511, GA_prob: 0.432, Eps: 0.230, GA_count: 245, Steps: 568

Train 142/500 Loss: 0.000826, Reward: 193.1349, PSO_prob: 0.118, Eps: 0.099, PSO_count: 31, Steps: 298

Train 403/500 Loss: 0.005985, Reward: 181.7708, PSO_prob: 0.127, Eps: 0.103, PSO_count: 45, Steps: 298

Train 395/500 Loss: 0.000738, Reward: 96.2380, PSO_prob: 0.117, Eps: 0.099, PSO_count: 21, Steps: 148

Train 404/500 Loss: 0.007294, Reward: 131.1193, PSO_prob: 0.119, Eps: 0.100, PSO_count: 26, Steps: 208

Train 402/500 Loss: 0.004390, Reward: 95.0957, PSO_prob: 0.126, Eps: 0.103, PSO_count: 21, Steps: 148

Train 396/500 Loss: 0.005294, Reward: 38.8208, PSO_prob: 0.125, Eps: 0.102, PSO_count: 7, Steps: 58

Train 397/500 Loss: 0.000717, Reward: 182.2787, PSO_prob: 0.119, Eps: 0.100, PSO_count: 35, Steps: 298

Train 402/500 Loss: 0.000760, Reward: 93.8347, PSO_prob: 0.115, Eps: 0.098, PSO_count: 13, Steps: 148

Train 405/500 Loss: 0.000984, Reward: 36.6335, PSO_prob: 0.118, Eps: 0.099, PSO_count: 6, Steps: 58

Train 403/500 Loss: 0.000426, Reward: 59.0437, PSO_prob: 0.114, Eps: 0.098, PSO_count: 12, Steps: 88

Train 406/500 Loss: 0.008465, Reward: 184.0017, PSO_prob: 0.118, Eps: 0.099, PSO_count: 31, Steps: 298

Train 403/500 Loss: 0.009334, Reward: 132.8500, GA_prob: 0.430, Eps: 0.229, GA_count: 92, Steps: 208

Train 143/500 Loss: 0.000948, Reward: 137.2323, PSO_prob: 0.113, Eps: 0.097, PSO_count: 19, Steps: 208

Train 407/500 Loss: 0.000720, Reward: 190.1217, PSO_prob: 0.117, Eps: 0.099, PSO_count: 35, Steps: 298

Train 404/500 Loss: 0.008683, Reward: 94.1866, PSO_prob: 0.117, Eps: 0.099, PSO_count: 21, Steps: 148

Train 404/500 Loss: 0.005499, Reward: 242.8713, PSO_prob: 0.124, Eps: 0.102, PSO_count: 67, Steps: 388

Train 398/500 Loss: 0.000790, Reward: 101.2081, PSO_prob: 0.112, Eps: 0.097, PSO_count: 14, Steps: 148

Train 408/500 Loss: 0.008166, Reward: 91.5839, PSO_prob: 0.115, Eps: 0.098, PSO_count: 13, Steps: 148

Train 405/500 Loss: 0.000770, Reward: 61.0823, PSO_prob: 0.111, Eps: 0.096, PSO_count: 7, Steps: 88

Train 409/500 Loss: 0.008833, Reward: 58.0230, GA_prob: 0.429, Eps: 0.229, GA_count: 39, Steps: 88

Train 144/500 Loss: 0.005912, Reward: 57.9691, PSO_prob: 0.114, Eps: 0.098, PSO_count: 12, Steps: 88

Train 406/500 Loss: 0.006217, Reward: 241.5037, PSO_prob: 0.123, Eps: 0.101, PSO_count: 48, Steps: 388

Train 399/500 Loss: 0.007940, Reward: 134.0069, PSO_prob: 0.113, Eps: 0.097, PSO_count: 19, Steps: 208

Train 407/500 Loss: 0.005845, Reward: 126.4792, PSO_prob: 0.121, Eps: 0.101, PSO_count: 24, Steps: 208

Train 400/500 Loss: 0.008103, Reward: 98.2271, PSO_prob: 0.112, Eps: 0.097, PSO_count: 14, Steps: 148

Train 408/500 Loss: 0.006876, Reward: 58.5141, PSO_prob: 0.111, Eps: 0.096, PSO_count: 7, Steps: 88

Train 409/500 Loss: 0.005565, Reward: 81.0690, PSO_prob: 0.120, Eps: 0.100, PSO_count: 16, Steps: 118

Train 401/500 Loss: 0.000786, Reward: 459.7764, PSO_prob: 0.115, Eps: 0.098, PSO_count: 87, Steps: 748

Train 405/500 Loss: 0.001701, Reward: 323.4156, GA_prob: 0.432, Eps: 0.230, GA_count: 245, Steps: 568

Train 142/500 Loss: 0.001021, Reward: 346.8587, PSO_prob: 0.109, Eps: 0.096, PSO_count: 64, Steps: 568

Train 410/500 Loss: 0.009472, Reward: 126.9971, GA_prob: 0.428, Eps: 0.228, GA_count: 86, Steps: 208

Train 145/500 Loss: 0.000707, Reward: 60.8801, PSO_prob: 0.114, Eps: 0.098, PSO_count: 16, Steps: 88

Train 406/500 Loss: 0.000728, Reward: 81.1307, PSO_prob: 0.113, Eps: 0.097, PSO_count: 14, Steps: 118

Train 407/500 Loss: 0.000648, Reward: 133.9480, PSO_prob: 0.108, Eps: 0.095, PSO_count: 21, Steps: 208

Train 411/500 Loss: 0.001799, Reward: 439.8554, GA_prob: 0.421, Eps: 0.225, GA_count: 324, Steps: 748

Train 151/500 Loss: 0.006020, Reward: 180.6846, PSO_prob: 0.119, Eps: 0.100, PSO_count: 35, Steps: 298

Train 402/500 Loss: 0.006249, Reward: 37.3177, PSO_prob: 0.118, Eps: 0.099, PSO_count: 6, Steps: 58

Train 403/500 Loss: 0.000958, Reward: 101.2930, PSO_prob: 0.112, Eps: 0.097, PSO_count: 14, Steps: 148

Train 408/500 Loss: 0.004439, Reward: 450.6618, GA_prob: 0.421, Eps: 0.225, GA_count: 324, Steps: 748

Train 151/500 Loss: 0.006869, Reward: 350.5947, PSO_prob: 0.109, Eps: 0.096, PSO_count: 64, Steps: 568

Train 410/500 Loss: 0.001454, Reward: 136.5691, GA_prob: 0.430, Eps: 0.229, GA_count: 92, Steps: 208

Train 143/500 Loss: 0.007782, Reward: 191.6266, PSO_prob: 0.117, Eps: 0.099, PSO_count: 35, Steps: 298

Train 404/500 Loss: 0.005962, Reward: 134.4629, PSO_prob: 0.108, Eps: 0.095, PSO_count: 21, Steps: 208

Train 411/500 Loss: 0.000740, Reward: 236.9304, PSO_prob: 0.111, Eps: 0.096, PSO_count: 37, Steps: 388

Train 409/500 Loss: 0.000907, Reward: 335.3351, PSO_prob: 0.107, Eps: 0.095, PSO_count: 56, Steps: 568

Train 412/500 Loss: 0.001694, Reward: 136.6573, GA_prob: 0.420, Eps: 0.225, GA_count: 81, Steps: 208

Train 152/500 Loss: 0.001793, Reward: 57.7245, GA_prob: 0.429, Eps: 0.229, GA_count: 39, Steps: 88

Train 144/500 Loss: 0.000645, Reward: 57.7858, PSO_prob: 0.106, Eps: 0.094, PSO_count: 7, Steps: 88

Train 413/500 Loss: 0.009410, Reward: 186.9408, GA_prob: 0.427, Eps: 0.228, GA_count: 138, Steps: 298

Train 146/500 Loss: 0.001482, Reward: 51.8250, GA_prob: 0.418, Eps: 0.224, GA_count: 32, Steps: 88

Train 153/500 Loss: 0.010283, Reward: 36.0271, GA_prob: 0.426, Eps: 0.227, GA_count: 21, Steps: 58

Train 147/500 Loss: 0.000790, Reward: 192.8340, PSO_prob: 0.109, Eps: 0.096, PSO_count: 42, Steps: 298

Train 410/500 Loss: 0.003789, Reward: 130.4730, GA_prob: 0.420, Eps: 0.225, GA_count: 81, Steps: 208

Train 152/500 Loss: 0.001112, Reward: 132.1050, PSO_prob: 0.105, Eps: 0.094, PSO_count: 18, Steps: 208

Train 414/500 Loss: 0.000974, Reward: 40.2842, PSO_prob: 0.108, Eps: 0.095, PSO_count: 4, Steps: 58

Train 411/500 Loss: 0.000877, Reward: 56.1412, PSO_prob: 0.103, Eps: 0.093, PSO_count: 12, Steps: 88

Train 415/500 Loss: 0.005213, Reward: 52.2623, GA_prob: 0.418, Eps: 0.224, GA_count: 32, Steps: 88

Train 153/500 Loss: 0.006490, Reward: 349.4942, PSO_prob: 0.107, Eps: 0.095, PSO_count: 56, Steps: 568

Train 412/500 Loss: 0.008417, Reward: 95.2781, GA_prob: 0.424, Eps: 0.227, GA_count: 53, Steps: 148

Train 148/500 Loss: 0.005409, Reward: 465.6628, PSO_prob: 0.115, Eps: 0.098, PSO_count: 87, Steps: 748

Train 405/500 Loss: 0.001760, Reward: 123.1898, GA_prob: 0.428, Eps: 0.228, GA_count: 86, Steps: 208

Train 145/500 Loss: 0.004603, Reward: 58.5312, PSO_prob: 0.106, Eps: 0.094, PSO_count: 7, Steps: 88

Train 413/500 Loss: 0.005177, Reward: 56.2433, PSO_prob: 0.114, Eps: 0.098, PSO_count: 16, Steps: 88

Train 406/500 Loss: 0.003910, Reward: 77.5345, PSO_prob: 0.113, Eps: 0.097, PSO_count: 14, Steps: 118

Train 407/500 Loss: 0.007123, Reward: 131.4089, PSO_prob: 0.105, Eps: 0.094, PSO_count: 18, Steps: 208

Train 414/500 Loss: 0.000640, Reward: 344.8343, PSO_prob: 0.107, Eps: 0.095, PSO_count: 54, Steps: 568

Train 412/500 Loss: 0.004230, Reward: 58.7397, PSO_prob: 0.103, Eps: 0.093, PSO_count: 12, Steps: 88

Train 415/500 Loss: 0.004559, Reward: 94.4000, PSO_prob: 0.112, Eps: 0.097, PSO_count: 14, Steps: 148

Train 408/500 Loss: 0.000593, Reward: 99.5364, PSO_prob: 0.106, Eps: 0.094, PSO_count: 17, Steps: 148

Train 413/500 Loss: 0.000811, Reward: 460.2865, PSO_prob: 0.102, Eps: 0.093, PSO_count: 83, Steps: 748

Train 416/500 Loss: 0.000598, Reward: 94.3847, PSO_prob: 0.105, Eps: 0.094, PSO_count: 12, Steps: 148

Train 414/500 Loss: 0.002016, Reward: 236.1894, GA_prob: 0.417, Eps: 0.224, GA_count: 171, Steps: 388

Train 154/500 Loss: 0.000807, Reward: 93.4984, PSO_prob: 0.101, Eps: 0.092, PSO_count: 17, Steps: 148

Train 417/500 Loss: 0.011021, Reward: 174.9953, GA_prob: 0.423, Eps: 0.226, GA_count: 117, Steps: 298

Train 149/500 Loss: 0.000584, Reward: 138.3913, PSO_prob: 0.103, Eps: 0.093, PSO_count: 15, Steps: 208

Train 415/500 Loss: 0.005755, Reward: 243.9267, PSO_prob: 0.111, Eps: 0.096, PSO_count: 37, Steps: 388

Train 409/500 Loss: 0.001436, Reward: 182.9597, GA_prob: 0.427, Eps: 0.228, GA_count: 138, Steps: 298

Train 146/500 Loss: 0.013945, Reward: 35.2118, GA_prob: 0.422, Eps: 0.226, GA_count: 17, Steps: 58

Train 150/500 Loss: 0.000433, Reward: 74.5668, PSO_prob: 0.102, Eps: 0.093, PSO_count: 12, Steps: 118

Train 416/500 Loss: 0.006875, Reward: 240.3110, GA_prob: 0.417, Eps: 0.224, GA_count: 171, Steps: 388

Train 154/500 Loss: 0.000741, Reward: 192.3006, PSO_prob: 0.100, Eps: 0.092, PSO_count: 32, Steps: 298

Train 418/500 Loss: 0.001641, Reward: 36.2310, GA_prob: 0.426, Eps: 0.227, GA_count: 21, Steps: 58

Train 147/500 Loss: 0.000610, Reward: 75.8248, PSO_prob: 0.101, Eps: 0.092, PSO_count: 13, Steps: 118

Train 417/500 Loss: 0.007506, Reward: 185.2981, PSO_prob: 0.109, Eps: 0.096, PSO_count: 42, Steps: 298

Train 410/500 Loss: 0.000643, Reward: 79.3634, PSO_prob: 0.099, Eps: 0.091, PSO_count: 10, Steps: 118

Train 419/500 Loss: 0.005147, Reward: 461.3034, PSO_prob: 0.102, Eps: 0.093, PSO_count: 83, Steps: 748

Train 416/500 Loss: 0.004687, Reward: 38.4503, PSO_prob: 0.108, Eps: 0.095, PSO_count: 4, Steps: 58

Train 411/500 Loss: 0.006098, Reward: 97.5420, PSO_prob: 0.101, Eps: 0.092, PSO_count: 17, Steps: 148

Train 417/500 Loss: 0.000532, Reward: 187.8957, PSO_prob: 0.100, Eps: 0.092, PSO_count: 28, Steps: 298

Train 418/500 Loss: 0.001304, Reward: 98.5440, GA_prob: 0.424, Eps: 0.227, GA_count: 53, Steps: 148

Train 148/500 Loss: 0.004999, Reward: 191.2886, PSO_prob: 0.100, Eps: 0.092, PSO_count: 32, Steps: 298

Train 418/500 Loss: 0.000530, Reward: 241.6460, PSO_prob: 0.099, Eps: 0.091, PSO_count: 38, Steps: 388

Train 419/500 Loss: 0.004344, Reward: 346.8006, PSO_prob: 0.107, Eps: 0.095, PSO_count: 54, Steps: 568

Train 412/500 Loss: 0.004456, Reward: 76.6017, PSO_prob: 0.099, Eps: 0.091, PSO_count: 10, Steps: 118

Train 419/500 Loss: 0.003999, Reward: 97.1311, PSO_prob: 0.106, Eps: 0.094, PSO_count: 17, Steps: 148

Train 413/500 Loss: 0.000482, Reward: 132.1590, PSO_prob: 0.097, Eps: 0.091, PSO_count: 16, Steps: 208

Train 420/500 Loss: 0.000706, Reward: 450.7591, PSO_prob: 0.097, Eps: 0.091, PSO_count: 70, Steps: 748

Train 420/500 Loss: 0.000538, Reward: 38.3579, PSO_prob: 0.096, Eps: 0.090, PSO_count: 9, Steps: 58

Train 421/500 Loss: 0.005572, Reward: 91.3095, PSO_prob: 0.105, Eps: 0.094, PSO_count: 12, Steps: 148

Train 414/500 Loss: 0.001218, Reward: 170.4495, GA_prob: 0.423, Eps: 0.226, GA_count: 117, Steps: 298

Train 149/500 Loss: 0.000401, Reward: 142.6836, PSO_prob: 0.095, Eps: 0.090, PSO_count: 17, Steps: 208

Train 422/500 Loss: 0.007531, Reward: 135.1946, PSO_prob: 0.103, Eps: 0.093, PSO_count: 15, Steps: 208

Train 415/500 Loss: 0.001623, Reward: 34.0315, GA_prob: 0.422, Eps: 0.226, GA_count: 17, Steps: 58

Train 150/500 Loss: 0.000345, Reward: 98.4717, PSO_prob: 0.094, Eps: 0.089, PSO_count: 14, Steps: 148

Train 423/500 Loss: 0.002066, Reward: 74.5594, PSO_prob: 0.102, Eps: 0.093, PSO_count: 12, Steps: 118

Train 416/500 Loss: 0.009105, Reward: 341.4434, GA_prob: 0.421, Eps: 0.225, GA_count: 249, Steps: 568

Train 151/500 Loss: 0.004185, Reward: 72.7431, PSO_prob: 0.101, Eps: 0.092, PSO_count: 13, Steps: 118

Train 417/500 Loss: 0.004256, Reward: 455.7699, PSO_prob: 0.097, Eps: 0.091, PSO_count: 70, Steps: 748

Train 420/500 Loss: 0.001817, Reward: 415.9049, GA_prob: 0.416, Eps: 0.223, GA_count: 308, Steps: 748

Train 155/500 Loss: 0.000527, Reward: 137.9034, PSO_prob: 0.093, Eps: 0.089, PSO_count: 19, Steps: 208

Train 424/500 Loss: 0.000554, Reward: 452.2873, PSO_prob: 0.096, Eps: 0.090, PSO_count: 59, Steps: 748

Train 421/500 Loss: 0.006940, Reward: 184.8434, PSO_prob: 0.100, Eps: 0.092, PSO_count: 28, Steps: 298

Train 418/500 Loss: 0.008010, Reward: 75.8419, GA_prob: 0.420, Eps: 0.225, GA_count: 53, Steps: 118

Train 152/500 Loss: 0.000571, Reward: 100.5192, PSO_prob: 0.095, Eps: 0.090, PSO_count: 13, Steps: 148

Train 422/500 Loss: 0.005478, Reward: 430.0229, GA_prob: 0.416, Eps: 0.223, GA_count: 308, Steps: 748

Train 155/500 Loss: 0.000412, Reward: 75.4908, PSO_prob: 0.094, Eps: 0.089, PSO_count: 8, Steps: 118

Train 423/500 Loss: 0.001528, Reward: 134.9659, GA_prob: 0.415, Eps: 0.223, GA_count: 85, Steps: 208

Train 156/500 Loss: 0.000379, Reward: 347.7389, PSO_prob: 0.091, Eps: 0.088, PSO_count: 56, Steps: 568

Train 425/500 Loss: 0.000640, Reward: 131.7768, PSO_prob: 0.093, Eps: 0.089, PSO_count: 28, Steps: 208

Train 424/500 Loss: 0.006487, Reward: 234.8938, PSO_prob: 0.099, Eps: 0.091, PSO_count: 38, Steps: 388

Train 419/500 Loss: 0.004102, Reward: 463.5482, PSO_prob: 0.096, Eps: 0.090, PSO_count: 59, Steps: 748

Train 421/500 Loss: 0.009479, Reward: 93.9543, GA_prob: 0.418, Eps: 0.224, GA_count: 70, Steps: 148

Train 153/500 Loss: 0.000833, Reward: 61.0430, PSO_prob: 0.091, Eps: 0.088, PSO_count: 12, Steps: 88

Train 425/500 Loss: 0.004201, Reward: 95.9181, PSO_prob: 0.095, Eps: 0.090, PSO_count: 13, Steps: 148

Train 422/500 Loss: 0.005097, Reward: 129.0985, PSO_prob: 0.097, Eps: 0.091, PSO_count: 16, Steps: 208

Train 420/500 Loss: 0.006926, Reward: 132.9995, GA_prob: 0.415, Eps: 0.223, GA_count: 85, Steps: 208

Train 156/500 Loss: 0.004113, Reward: 39.3737, PSO_prob: 0.096, Eps: 0.090, PSO_count: 9, Steps: 58

Train 421/500 Loss: 0.006047, Reward: 76.0158, PSO_prob: 0.094, Eps: 0.089, PSO_count: 8, Steps: 118

Train 423/500 Loss: 0.001551, Reward: 133.7241, GA_prob: 0.414, Eps: 0.222, GA_count: 89, Steps: 208

Train 157/500 Loss: 0.000589, Reward: 240.6546, PSO_prob: 0.090, Eps: 0.088, PSO_count: 33, Steps: 388

Train 426/500 Loss: 0.004950, Reward: 136.7169, PSO_prob: 0.095, Eps: 0.090, PSO_count: 17, Steps: 208

Train 422/500 Loss: 0.003979, Reward: 132.5650, PSO_prob: 0.093, Eps: 0.089, PSO_count: 28, Steps: 208

Train 424/500 Loss: 0.001750, Reward: 338.0412, GA_prob: 0.421, Eps: 0.225, GA_count: 249, Steps: 568

Train 151/500 Loss: 0.009075, Reward: 131.1164, GA_prob: 0.417, Eps: 0.224, GA_count: 90, Steps: 208

Train 154/500 Loss: 0.008352, Reward: 59.9110, PSO_prob: 0.091, Eps: 0.088, PSO_count: 12, Steps: 88

Train 425/500 Loss: 0.006740, Reward: 95.0723, PSO_prob: 0.094, Eps: 0.089, PSO_count: 14, Steps: 148

Train 423/500 Loss: 0.000547, Reward: 462.1911, PSO_prob: 0.090, Eps: 0.088, PSO_count: 68, Steps: 748

Train 426/500 Loss: 0.001539, Reward: 77.2834, GA_prob: 0.412, Eps: 0.222, GA_count: 51, Steps: 118

Train 158/500 Loss: 0.004243, Reward: 130.2862, GA_prob: 0.414, Eps: 0.222, GA_count: 89, Steps: 208

Train 157/500 Loss: 0.000744, Reward: 192.9732, PSO_prob: 0.089, Eps: 0.087, PSO_count: 29, Steps: 298

Train 427/500 Loss: 0.001436, Reward: 79.6030, GA_prob: 0.420, Eps: 0.225, GA_count: 53, Steps: 118

Train 152/500 Loss: 0.007573, Reward: 133.7980, PSO_prob: 0.093, Eps: 0.089, PSO_count: 19, Steps: 208

Train 424/500 Loss: 0.000423, Reward: 138.9105, PSO_prob: 0.089, Eps: 0.087, PSO_count: 28, Steps: 208

Train 427/500 Loss: 0.004849, Reward: 248.9893, PSO_prob: 0.090, Eps: 0.088, PSO_count: 33, Steps: 388

Train 426/500 Loss: 0.000626, Reward: 133.4994, PSO_prob: 0.088, Eps: 0.087, PSO_count: 25, Steps: 208

Train 428/500 Loss: 0.000285, Reward: 56.4673, PSO_prob: 0.088, Eps: 0.087, PSO_count: 9, Steps: 88

Train 428/500 Loss: 0.008953, Reward: 132.3336, GA_prob: 0.416, Eps: 0.223, GA_count: 72, Steps: 208

Train 155/500 Loss: 0.007724, Reward: 74.5407, GA_prob: 0.412, Eps: 0.222, GA_count: 51, Steps: 118

Train 158/500 Loss: 0.000331, Reward: 59.7131, PSO_prob: 0.087, Eps: 0.086, PSO_count: 11, Steps: 88

Train 429/500 Loss: 0.000315, Reward: 60.1522, PSO_prob: 0.085, Eps: 0.086, PSO_count: 12, Steps: 88

Train 430/500 Loss: 0.001407, Reward: 95.6781, GA_prob: 0.418, Eps: 0.224, GA_count: 70, Steps: 148

Train 153/500 Loss: 0.001566, Reward: 131.1674, GA_prob: 0.411, Eps: 0.221, GA_count: 80, Steps: 208

Train 159/500 Loss: 0.005455, Reward: 190.7161, PSO_prob: 0.089, Eps: 0.087, PSO_count: 29, Steps: 298

Train 427/500 Loss: 0.000599, Reward: 248.1708, PSO_prob: 0.087, Eps: 0.086, PSO_count: 35, Steps: 388

Train 429/500 Loss: 0.005640, Reward: 354.3266, PSO_prob: 0.091, Eps: 0.088, PSO_count: 56, Steps: 568

Train 425/500 Loss: 0.005698, Reward: 134.0997, PSO_prob: 0.088, Eps: 0.087, PSO_count: 25, Steps: 208

Train 428/500 Loss: 0.000377, Reward: 189.2053, PSO_prob: 0.084, Eps: 0.085, PSO_count: 26, Steps: 298

Train 431/500 Loss: 0.000839, Reward: 59.5785, PSO_prob: 0.085, Eps: 0.086, PSO_count: 4, Steps: 88

Train 430/500 Loss: 0.000594, Reward: 39.1536, PSO_prob: 0.083, Eps: 0.085, PSO_count: 1, Steps: 58

Train 432/500 Loss: 0.001282, Reward: 58.6701, GA_prob: 0.410, Eps: 0.221, GA_count: 38, Steps: 88

Train 160/500 Loss: 0.009092, Reward: 132.8692, GA_prob: 0.411, Eps: 0.221, GA_count: 80, Steps: 208

Train 159/500 Loss: 0.012568, Reward: 135.1591, GA_prob: 0.415, Eps: 0.223, GA_count: 85, Steps: 208

Train 156/500 Loss: 0.000592, Reward: 128.4874, PSO_prob: 0.084, Eps: 0.085, PSO_count: 22, Steps: 208

Train 431/500 Loss: 0.001457, Reward: 130.9588, GA_prob: 0.417, Eps: 0.224, GA_count: 90, Steps: 208

Train 154/500 Loss: 0.000370, Reward: 190.7695, PSO_prob: 0.082, Eps: 0.084, PSO_count: 20, Steps: 298

Train 433/500 Loss: 0.001428, Reward: 53.8501, GA_prob: 0.409, Eps: 0.220, GA_count: 46, Steps: 88

Train 161/500 Loss: 0.006908, Reward: 54.9187, GA_prob: 0.410, Eps: 0.221, GA_count: 38, Steps: 88

Train 160/500 Loss: 0.005442, Reward: 249.0085, PSO_prob: 0.087, Eps: 0.086, PSO_count: 35, Steps: 388

Train 429/500 Loss: 0.003876, Reward: 58.8293, PSO_prob: 0.085, Eps: 0.086, PSO_count: 4, Steps: 88

Train 430/500 Loss: 0.000411, Reward: 133.9435, PSO_prob: 0.081, Eps: 0.084, PSO_count: 23, Steps: 208

Train 434/500 Loss: 0.007090, Reward: 54.0301, GA_prob: 0.409, Eps: 0.220, GA_count: 46, Steps: 88

Train 161/500 Loss: 0.000466, Reward: 100.4708, PSO_prob: 0.079, Eps: 0.083, PSO_count: 11, Steps: 148

Train 435/500 Loss: 0.005855, Reward: 130.6965, PSO_prob: 0.084, Eps: 0.085, PSO_count: 22, Steps: 208

Train 431/500 Loss: 0.006194, Reward: 461.8463, PSO_prob: 0.090, Eps: 0.088, PSO_count: 68, Steps: 748

Train 426/500 Loss: 0.001706, Reward: 90.9133, GA_prob: 0.408, Eps: 0.220, GA_count: 70, Steps: 148

Train 162/500 Loss: 0.001183, Reward: 132.5411, GA_prob: 0.416, Eps: 0.223, GA_count: 72, Steps: 208

Train 155/500 Loss: 0.000632, Reward: 349.5847, PSO_prob: 0.083, Eps: 0.085, PSO_count: 41, Steps: 568

Train 432/500 Loss: 0.000514, Reward: 92.6114, PSO_prob: 0.078, Eps: 0.083, PSO_count: 19, Steps: 148

Train 436/500 Loss: 0.001342, Reward: 61.4613, PSO_prob: 0.082, Eps: 0.084, PSO_count: 3, Steps: 88

Train 433/500 Loss: 0.004846, Reward: 135.2689, PSO_prob: 0.089, Eps: 0.087, PSO_count: 28, Steps: 208

Train 427/500 Loss: 0.001439, Reward: 57.1063, GA_prob: 0.406, Eps: 0.219, GA_count: 35, Steps: 88

Train 163/500 Loss: 0.004126, Reward: 54.4526, PSO_prob: 0.088, Eps: 0.087, PSO_count: 9, Steps: 88

Train 428/500 Loss: 0.008603, Reward: 91.9700, GA_prob: 0.408, Eps: 0.220, GA_count: 70, Steps: 148

Train 162/500 Loss: 0.007422, Reward: 55.6039, PSO_prob: 0.087, Eps: 0.086, PSO_count: 11, Steps: 88

Train 429/500 Loss: 0.006955, Reward: 239.9029, GA_prob: 0.414, Eps: 0.222, GA_count: 159, Steps: 388

Train 157/500 Loss: 0.000637, Reward: 188.1051, PSO_prob: 0.081, Eps: 0.084, PSO_count: 29, Steps: 298

Train 434/500 Loss: 0.004775, Reward: 53.9586, PSO_prob: 0.085, Eps: 0.086, PSO_count: 12, Steps: 88

Train 430/500 Loss: 0.000469, Reward: 243.5840, PSO_prob: 0.077, Eps: 0.082, PSO_count: 30, Steps: 388

Train 437/500 Loss: 0.005022, Reward: 350.0142, PSO_prob: 0.083, Eps: 0.085, PSO_count: 41, Steps: 568

Train 432/500 Loss: 0.007736, Reward: 57.8482, GA_prob: 0.406, Eps: 0.219, GA_count: 35, Steps: 88

Train 163/500 Loss: 0.000533, Reward: 102.2162, PSO_prob: 0.079, Eps: 0.083, PSO_count: 9, Steps: 148

Train 435/500 Loss: 0.001350, Reward: 138.2026, GA_prob: 0.415, Eps: 0.223, GA_count: 85, Steps: 208

Train 156/500 Loss: 0.005732, Reward: 56.8889, PSO_prob: 0.082, Eps: 0.084, PSO_count: 3, Steps: 88

Train 433/500 Loss: 0.007172, Reward: 186.9717, PSO_prob: 0.084, Eps: 0.085, PSO_count: 26, Steps: 298

Train 431/500 Loss: 0.000664, Reward: 189.1572, PSO_prob: 0.076, Eps: 0.082, PSO_count: 24, Steps: 298

Train 438/500 Loss: 0.009152, Reward: 39.4087, PSO_prob: 0.083, Eps: 0.085, PSO_count: 1, Steps: 58

Train 432/500 Loss: 0.004835, Reward: 189.6054, PSO_prob: 0.081, Eps: 0.084, PSO_count: 29, Steps: 298

Train 434/500 Loss: 0.000650, Reward: 247.0007, PSO_prob: 0.078, Eps: 0.083, PSO_count: 30, Steps: 388

Train 436/500 Loss: 0.007388, Reward: 98.2327, PSO_prob: 0.079, Eps: 0.083, PSO_count: 9, Steps: 148

Train 435/500 Loss: 0.000627, Reward: 60.1514, PSO_prob: 0.077, Eps: 0.082, PSO_count: 5, Steps: 88

Train 437/500 Loss: 0.006286, Reward: 194.5618, PSO_prob: 0.082, Eps: 0.084, PSO_count: 20, Steps: 298

Train 433/500 Loss: 0.000705, Reward: 38.5423, PSO_prob: 0.076, Eps: 0.082, PSO_count: 3, Steps: 58

Train 438/500 Loss: 0.000506, Reward: 77.8218, PSO_prob: 0.075, Eps: 0.081, PSO_count: 8, Steps: 118

Train 439/500 Loss: 0.004557, Reward: 133.2487, PSO_prob: 0.081, Eps: 0.084, PSO_count: 23, Steps: 208

Train 434/500 Loss: 0.007673, Reward: 234.5468, GA_prob: 0.412, Eps: 0.222, GA_count: 156, Steps: 388

Train 158/500 Loss: 0.004916, Reward: 242.1553, PSO_prob: 0.078, Eps: 0.083, PSO_count: 30, Steps: 388

Train 436/500 Loss: 0.007106, Reward: 95.2533, PSO_prob: 0.079, Eps: 0.083, PSO_count: 11, Steps: 148

Train 435/500 Loss: 0.000519, Reward: 472.9015, PSO_prob: 0.075, Eps: 0.081, PSO_count: 43, Steps: 748

Train 439/500 Loss: 0.004359, Reward: 57.2167, PSO_prob: 0.077, Eps: 0.082, PSO_count: 5, Steps: 88

Train 437/500 Loss: 0.000395, Reward: 41.7299, PSO_prob: 0.073, Eps: 0.081, PSO_count: 3, Steps: 58

Train 440/500 Loss: 0.001250, Reward: 235.2020, GA_prob: 0.414, Eps: 0.222, GA_count: 159, Steps: 388

Train 157/500 Loss: 0.004687, Reward: 37.5564, PSO_prob: 0.076, Eps: 0.082, PSO_count: 3, Steps: 58

Train 438/500 Loss: 0.006652, Reward: 55.2114, GA_prob: 0.411, Eps: 0.221, GA_count: 42, Steps: 88

Train 159/500 Loss: 0.001531, Reward: 334.7429, GA_prob: 0.405, Eps: 0.219, GA_count: 219, Steps: 568

Train 164/500 Loss: 0.004982, Reward: 87.2234, PSO_prob: 0.078, Eps: 0.083, PSO_count: 19, Steps: 148

Train 436/500 Loss: 0.005115, Reward: 77.0899, PSO_prob: 0.075, Eps: 0.081, PSO_count: 8, Steps: 118

Train 439/500 Loss: 0.000409, Reward: 141.9533, PSO_prob: 0.072, Eps: 0.080, PSO_count: 9, Steps: 208

Train 441/500 Loss: 0.011078, Reward: 57.8554, GA_prob: 0.410, Eps: 0.221, GA_count: 37, Steps: 88

Train 160/500 Loss: 0.008811, Reward: 345.3338, GA_prob: 0.405, Eps: 0.219, GA_count: 219, Steps: 568

Train 164/500 Loss: 0.000523, Reward: 460.3757, PSO_prob: 0.073, Eps: 0.081, PSO_count: 61, Steps: 748

Train 440/500 Loss: 0.006437, Reward: 244.1328, PSO_prob: 0.077, Eps: 0.082, PSO_count: 30, Steps: 388

Train 437/500 Loss: 0.000446, Reward: 183.8961, PSO_prob: 0.071, Eps: 0.080, PSO_count: 17, Steps: 298

Train 442/500 Loss: 0.013655, Reward: 52.8022, GA_prob: 0.409, Eps: 0.220, GA_count: 35, Steps: 88

Train 161/500 Loss: 0.000441, Reward: 94.3903, PSO_prob: 0.070, Eps: 0.079, PSO_count: 8, Steps: 148

Train 443/500 Loss: 0.000820, Reward: 55.5186, PSO_prob: 0.069, Eps: 0.079, PSO_count: 9, Steps: 88

Train 444/500 Loss: 0.005043, Reward: 190.4442, PSO_prob: 0.076, Eps: 0.082, PSO_count: 24, Steps: 298

Train 438/500 Loss: 0.000551, Reward: 237.0074, PSO_prob: 0.072, Eps: 0.080, PSO_count: 30, Steps: 388

Train 441/500 Loss: 0.001524, Reward: 182.1610, GA_prob: 0.404, Eps: 0.218, GA_count: 123, Steps: 298

Train 165/500 Loss: 0.004719, Reward: 467.7647, PSO_prob: 0.073, Eps: 0.081, PSO_count: 61, Steps: 748

Train 440/500 Loss: 0.009592, Reward: 92.5933, GA_prob: 0.408, Eps: 0.220, GA_count: 65, Steps: 148

Train 162/500 Loss: 0.001519, Reward: 230.7388, GA_prob: 0.412, Eps: 0.222, GA_count: 156, Steps: 388

Train 158/500 Loss: 0.007450, Reward: 36.5998, GA_prob: 0.406, Eps: 0.219, GA_count: 23, Steps: 58

Train 163/500 Loss: 0.005734, Reward: 182.1787, GA_prob: 0.404, Eps: 0.218, GA_count: 123, Steps: 298

Train 165/500 Loss: 0.000547, Reward: 247.8148, PSO_prob: 0.067, Eps: 0.078, PSO_count: 27, Steps: 388

Train 445/500 Loss: 0.000784, Reward: 247.0602, PSO_prob: 0.071, Eps: 0.080, PSO_count: 41, Steps: 388

Train 442/500 Loss: 0.004105, Reward: 240.8162, PSO_prob: 0.072, Eps: 0.080, PSO_count: 30, Steps: 388

Train 441/500 Loss: 0.001201, Reward: 59.5325, GA_prob: 0.411, Eps: 0.221, GA_count: 42, Steps: 88

Train 159/500 Loss: 0.000417, Reward: 100.1635, PSO_prob: 0.066, Eps: 0.078, PSO_count: 14, Steps: 148

Train 446/500 Loss: 0.000618, Reward: 77.3290, PSO_prob: 0.070, Eps: 0.079, PSO_count: 11, Steps: 118

Train 443/500 Loss: 0.006954, Reward: 56.1502, GA_prob: 0.405, Eps: 0.219, GA_count: 29, Steps: 88

Train 164/500 Loss: 0.001426, Reward: 59.7531, GA_prob: 0.410, Eps: 0.221, GA_count: 37, Steps: 88

Train 160/500 Loss: 0.005254, Reward: 471.6563, PSO_prob: 0.075, Eps: 0.081, PSO_count: 43, Steps: 748

Train 439/500 Loss: 0.000743, Reward: 136.7099, PSO_prob: 0.069, Eps: 0.079, PSO_count: 9, Steps: 208

Train 444/500 Loss: 0.004835, Reward: 38.6188, PSO_prob: 0.073, Eps: 0.081, PSO_count: 3, Steps: 58

Train 440/500 Loss: 0.001746, Reward: 180.5675, GA_prob: 0.403, Eps: 0.218, GA_count: 114, Steps: 298

Train 166/500 Loss: 0.000628, Reward: 193.0980, PSO_prob: 0.065, Eps: 0.077, PSO_count: 18, Steps: 298

Train 447/500 Loss: 0.003238, Reward: 248.1850, PSO_prob: 0.071, Eps: 0.080, PSO_count: 41, Steps: 388

Train 442/500 Loss: 0.000560, Reward: 82.2826, PSO_prob: 0.067, Eps: 0.078, PSO_count: 6, Steps: 118

Train 445/500 Loss: 0.001105, Reward: 54.6839, GA_prob: 0.409, Eps: 0.220, GA_count: 35, Steps: 88

Train 161/500 Loss: 0.009239, Reward: 91.6368, GA_prob: 0.404, Eps: 0.218, GA_count: 58, Steps: 148

Train 165/500 Loss: 0.001545, Reward: 37.6851, GA_prob: 0.402, Eps: 0.217, GA_count: 25, Steps: 58

Train 167/500 Loss: 0.005476, Reward: 134.1863, PSO_prob: 0.072, Eps: 0.080, PSO_count: 9, Steps: 208

Train 441/500 Loss: 0.003287, Reward: 75.3206, PSO_prob: 0.070, Eps: 0.079, PSO_count: 11, Steps: 118

Train 443/500 Loss: 0.007174, Reward: 185.6366, GA_prob: 0.403, Eps: 0.218, GA_count: 114, Steps: 298

Train 166/500 Loss: 0.004779, Reward: 136.7153, PSO_prob: 0.069, Eps: 0.079, PSO_count: 9, Steps: 208

Train 444/500 Loss: 0.007945, Reward: 36.4406, GA_prob: 0.402, Eps: 0.217, GA_count: 25, Steps: 58

Train 167/500 Loss: 0.004730, Reward: 184.1848, PSO_prob: 0.071, Eps: 0.080, PSO_count: 17, Steps: 298

Train 442/500 Loss: 0.003274, Reward: 76.7518, PSO_prob: 0.067, Eps: 0.078, PSO_count: 6, Steps: 118

Train 445/500 Loss: 0.001154, Reward: 92.8873, GA_prob: 0.408, Eps: 0.220, GA_count: 65, Steps: 148

Train 162/500 Loss: 0.000431, Reward: 356.3904, PSO_prob: 0.064, Eps: 0.077, PSO_count: 38, Steps: 568

Train 448/500 Loss: 0.005321, Reward: 92.4476, PSO_prob: 0.070, Eps: 0.079, PSO_count: 8, Steps: 148

Train 443/500 Loss: 0.000679, Reward: 336.4943, PSO_prob: 0.066, Eps: 0.078, PSO_count: 32, Steps: 568

Train 446/500 Loss: 0.001209, Reward: 36.9974, GA_prob: 0.406, Eps: 0.219, GA_count: 23, Steps: 58

Train 163/500 Loss: 0.000515, Reward: 101.1377, PSO_prob: 0.063, Eps: 0.076, PSO_count: 6, Steps: 148

Train 449/500 Loss: 0.000650, Reward: 38.2253, PSO_prob: 0.065, Eps: 0.077, PSO_count: 7, Steps: 58

Train 447/500 Loss: 0.009104, Reward: 131.3434, GA_prob: 0.403, Eps: 0.218, GA_count: 84, Steps: 208

Train 166/500 Loss: 0.007907, Reward: 55.6032, PSO_prob: 0.069, Eps: 0.079, PSO_count: 9, Steps: 88

Train 444/500 Loss: 0.000893, Reward: 35.7600, PSO_prob: 0.064, Eps: 0.077, PSO_count: 10, Steps: 58

Train 448/500 Loss: 0.000989, Reward: 55.9149, GA_prob: 0.405, Eps: 0.219, GA_count: 29, Steps: 88

Train 164/500 Loss: 0.000510, Reward: 186.5825, PSO_prob: 0.061, Eps: 0.076, PSO_count: 18, Steps: 298

Train 450/500 Loss: 0.000730, Reward: 191.3515, PSO_prob: 0.063, Eps: 0.076, PSO_count: 21, Steps: 298

Train 449/500 Loss: 0.004220, Reward: 349.5589, PSO_prob: 0.066, Eps: 0.078, PSO_count: 32, Steps: 568

Train 446/500 Loss: 0.001628, Reward: 230.0693, GA_prob: 0.400, Eps: 0.217, GA_count: 149, Steps: 388

Train 168/500 Loss: 0.000357, Reward: 75.3186, PSO_prob: 0.060, Eps: 0.075, PSO_count: 6, Steps: 118

Train 451/500 Loss: 0.005035, Reward: 249.9354, PSO_prob: 0.067, Eps: 0.078, PSO_count: 27, Steps: 388

Train 445/500 Loss: 0.004946, Reward: 38.8882, PSO_prob: 0.065, Eps: 0.077, PSO_count: 7, Steps: 58

Train 447/500 Loss: 0.000374, Reward: 38.0835, PSO_prob: 0.059, Eps: 0.075, PSO_count: 6, Steps: 58

Train 452/500 Loss: 0.007202, Reward: 36.2816, PSO_prob: 0.064, Eps: 0.077, PSO_count: 10, Steps: 58

Train 448/500 Loss: 0.001251, Reward: 89.8568, GA_prob: 0.404, Eps: 0.218, GA_count: 58, Steps: 148

Train 165/500 Loss: 0.006898, Reward: 92.2067, PSO_prob: 0.066, Eps: 0.078, PSO_count: 14, Steps: 148

Train 446/500 Loss: 0.001650, Reward: 55.6786, GA_prob: 0.399, Eps: 0.216, GA_count: 39, Steps: 88

Train 169/500 Loss: 0.007936, Reward: 240.8162, GA_prob: 0.400, Eps: 0.217, GA_count: 149, Steps: 388

Train 168/500 Loss: 0.000650, Reward: 242.8135, PSO_prob: 0.061, Eps: 0.076, PSO_count: 26, Steps: 388

Train 450/500 Loss: 0.000512, Reward: 189.1167, PSO_prob: 0.058, Eps: 0.074, PSO_count: 21, Steps: 298

Train 453/500 Loss: 0.005518, Reward: 187.5787, PSO_prob: 0.063, Eps: 0.076, PSO_count: 21, Steps: 298

Train 449/500 Loss: 0.005667, Reward: 186.9077, PSO_prob: 0.065, Eps: 0.077, PSO_count: 18, Steps: 298

Train 447/500 Loss: 0.004926, Reward: 53.2948, GA_prob: 0.399, Eps: 0.216, GA_count: 39, Steps: 88

Train 169/500 Loss: 0.000842, Reward: 189.6292, PSO_prob: 0.060, Eps: 0.075, PSO_count: 13, Steps: 298

Train 451/500 Loss: 0.000739, Reward: 195.8087, PSO_prob: 0.057, Eps: 0.074, PSO_count: 13, Steps: 298

Train 454/500 Loss: 0.001472, Reward: 128.9413, GA_prob: 0.403, Eps: 0.218, GA_count: 84, Steps: 208

Train 166/500 Loss: 0.004117, Reward: 247.8143, PSO_prob: 0.061, Eps: 0.076, PSO_count: 26, Steps: 388

Train 450/500 Loss: 0.000575, Reward: 190.0230, PSO_prob: 0.059, Eps: 0.075, PSO_count: 19, Steps: 298

Train 452/500 Loss: 0.001646, Reward: 177.2839, GA_prob: 0.398, Eps: 0.216, GA_count: 120, Steps: 298

Train 170/500 Loss: 0.003649, Reward: 358.5878, PSO_prob: 0.064, Eps: 0.077, PSO_count: 38, Steps: 568

Train 448/500 Loss: 0.006627, Reward: 187.8398, PSO_prob: 0.060, Eps: 0.075, PSO_count: 13, Steps: 298

Train 451/500 Loss: 0.001442, Reward: 35.7650, GA_prob: 0.397, Eps: 0.215, GA_count: 19, Steps: 58

Train 171/500 Loss: 0.005653, Reward: 97.9714, PSO_prob: 0.063, Eps: 0.076, PSO_count: 6, Steps: 148

Train 449/500 Loss: 0.008625, Reward: 179.5647, GA_prob: 0.398, Eps: 0.216, GA_count: 120, Steps: 298

Train 170/500 Loss: 0.009408, Reward: 36.5843, GA_prob: 0.397, Eps: 0.215, GA_count: 19, Steps: 58

Train 171/500 Loss: 0.005700, Reward: 188.2449, PSO_prob: 0.059, Eps: 0.075, PSO_count: 19, Steps: 298

Train 452/500 Loss: 0.000642, Reward: 463.5099, PSO_prob: 0.055, Eps: 0.073, PSO_count: 44, Steps: 748

Train 455/500 Loss: 0.006858, Reward: 187.6649, PSO_prob: 0.061, Eps: 0.076, PSO_count: 18, Steps: 298

Train 450/500 Loss: 0.000779, Reward: 59.3467, PSO_prob: 0.054, Eps: 0.073, PSO_count: 3, Steps: 88

Train 456/500 Loss: 0.006539, Reward: 77.2093, PSO_prob: 0.060, Eps: 0.075, PSO_count: 6, Steps: 118

Train 451/500 Loss: 0.008340, Reward: 430.2032, GA_prob: 0.402, Eps: 0.217, GA_count: 318, Steps: 748

Train 167/500 Loss: 0.004829, Reward: 36.6410, PSO_prob: 0.059, Eps: 0.075, PSO_count: 6, Steps: 58

Train 452/500 Loss: 0.000621, Reward: 459.6883, PSO_prob: 0.058, Eps: 0.074, PSO_count: 50, Steps: 748

Train 453/500 Loss: 0.000915, Reward: 58.8190, PSO_prob: 0.057, Eps: 0.074, PSO_count: 5, Steps: 88

Train 454/500 Loss: 0.000679, Reward: 36.9033, PSO_prob: 0.055, Eps: 0.073, PSO_count: 4, Steps: 58

Train 455/500 Loss: 0.007009, Reward: 189.6033, PSO_prob: 0.058, Eps: 0.074, PSO_count: 21, Steps: 298

Train 453/500 Loss: 0.000645, Reward: 192.8668, PSO_prob: 0.054, Eps: 0.073, PSO_count: 21, Steps: 298

Train 456/500 Loss: 0.003297, Reward: 466.2352, PSO_prob: 0.058, Eps: 0.074, PSO_count: 50, Steps: 748

Train 453/500 Loss: 0.007578, Reward: 191.2972, PSO_prob: 0.057, Eps: 0.074, PSO_count: 13, Steps: 298

Train 454/500 Loss: 0.005337, Reward: 58.1325, PSO_prob: 0.057, Eps: 0.074, PSO_count: 5, Steps: 88

Train 454/500 Loss: 0.000648, Reward: 470.5497, PSO_prob: 0.053, Eps: 0.072, PSO_count: 42, Steps: 748

Train 457/500 Loss: 0.006057, Reward: 38.0945, PSO_prob: 0.055, Eps: 0.073, PSO_count: 4, Steps: 58

Train 455/500 Loss: 0.000530, Reward: 58.3756, PSO_prob: 0.052, Eps: 0.072, PSO_count: 7, Steps: 88

Train 458/500 Loss: 0.001769, Reward: 338.0002, GA_prob: 0.396, Eps: 0.215, GA_count: 215, Steps: 568

Train 172/500 Loss: 0.000656, Reward: 241.1319, PSO_prob: 0.053, Eps: 0.072, PSO_count: 17, Steps: 388

Train 457/500 Loss: 0.000673, Reward: 138.2856, PSO_prob: 0.051, Eps: 0.071, PSO_count: 3, Steps: 208

Train 459/500 Loss: 0.005330, Reward: 188.3549, PSO_prob: 0.054, Eps: 0.073, PSO_count: 21, Steps: 298

Train 456/500 Loss: 0.001210, Reward: 425.3408, GA_prob: 0.402, Eps: 0.217, GA_count: 318, Steps: 748

Train 167/500 Loss: 0.000679, Reward: 98.3447, PSO_prob: 0.052, Eps: 0.072, PSO_count: 5, Steps: 148

Train 458/500 Loss: 0.007678, Reward: 343.8322, GA_prob: 0.396, Eps: 0.215, GA_count: 215, Steps: 568

Train 172/500 Loss: 0.000653, Reward: 80.0767, PSO_prob: 0.051, Eps: 0.071, PSO_count: 6, Steps: 118

Train 459/500 Loss: 0.000599, Reward: 191.7660, PSO_prob: 0.049, Eps: 0.071, PSO_count: 14, Steps: 298

Train 460/500 Loss: 0.001221, Reward: 71.0296, PSO_prob: 0.049, Eps: 0.071, PSO_count: 5, Steps: 118

Train 460/500 Loss: 0.005445, Reward: 466.7458, PSO_prob: 0.055, Eps: 0.073, PSO_count: 44, Steps: 748

Train 455/500 Loss: 0.004599, Reward: 243.5047, PSO_prob: 0.053, Eps: 0.072, PSO_count: 17, Steps: 388

Train 457/500 Loss: 0.005728, Reward: 58.4766, PSO_prob: 0.054, Eps: 0.073, PSO_count: 3, Steps: 88

Train 456/500 Loss: 0.003295, Reward: 97.4043, PSO_prob: 0.052, Eps: 0.072, PSO_count: 5, Steps: 148

Train 458/500 Loss: 0.000441, Reward: 196.0979, PSO_prob: 0.048, Eps: 0.070, PSO_count: 14, Steps: 298

Train 461/500 Loss: 0.004593, Reward: 79.1214, PSO_prob: 0.051, Eps: 0.071, PSO_count: 6, Steps: 118

Train 459/500 Loss: 0.007441, Reward: 75.4081, PSO_prob: 0.049, Eps: 0.071, PSO_count: 5, Steps: 118

Train 460/500 Loss: 0.000680, Reward: 142.0855, PSO_prob: 0.047, Eps: 0.070, PSO_count: 8, Steps: 208

Train 462/500 Loss: 0.000853, Reward: 81.0668, PSO_prob: 0.046, Eps: 0.069, PSO_count: 8, Steps: 118

Train 463/500 Loss: 0.007360, Reward: 438.5577, GA_prob: 0.400, Eps: 0.217, GA_count: 309, Steps: 748

Train 168/500 Loss: 0.000565, Reward: 473.6704, PSO_prob: 0.048, Eps: 0.070, PSO_count: 38, Steps: 748

Train 461/500 Loss: 0.000544, Reward: 191.7115, PSO_prob: 0.044, Eps: 0.069, PSO_count: 16, Steps: 298

Train 464/500 Loss: 0.004484, Reward: 478.1542, PSO_prob: 0.053, Eps: 0.072, PSO_count: 42, Steps: 748

Train 457/500 Loss: 0.005355, Reward: 96.3046, GA_prob: 0.399, Eps: 0.216, GA_count: 65, Steps: 148

Train 169/500 Loss: 0.004890, Reward: 56.1492, PSO_prob: 0.052, Eps: 0.072, PSO_count: 7, Steps: 88

Train 458/500 Loss: 0.000632, Reward: 188.5049, PSO_prob: 0.047, Eps: 0.070, PSO_count: 13, Steps: 298

Train 462/500 Loss: 0.006626, Reward: 133.5150, PSO_prob: 0.051, Eps: 0.071, PSO_count: 3, Steps: 208

Train 459/500 Loss: 0.004714, Reward: 474.4450, PSO_prob: 0.048, Eps: 0.070, PSO_count: 38, Steps: 748

Train 461/500 Loss: 0.005032, Reward: 58.4792, GA_prob: 0.398, Eps: 0.216, GA_count: 34, Steps: 88

Train 170/500 Loss: 0.000498, Reward: 244.5750, PSO_prob: 0.046, Eps: 0.069, PSO_count: 25, Steps: 388

Train 463/500 Loss: 0.000502, Reward: 354.0195, PSO_prob: 0.043, Eps: 0.068, PSO_count: 25, Steps: 568

Train 465/500 Loss: 0.002778, Reward: 190.1490, PSO_prob: 0.047, Eps: 0.070, PSO_count: 13, Steps: 298

Train 462/500 Loss: 0.006814, Reward: 193.3607, PSO_prob: 0.049, Eps: 0.071, PSO_count: 14, Steps: 298

Train 460/500 Loss: 0.001602, Reward: 426.6487, GA_prob: 0.394, Eps: 0.214, GA_count: 307, Steps: 748

Train 173/500 Loss: 0.000615, Reward: 136.7480, PSO_prob: 0.044, Eps: 0.069, PSO_count: 13, Steps: 208

Train 464/500 Loss: 0.001520, Reward: 421.4099, GA_prob: 0.400, Eps: 0.217, GA_count: 309, Steps: 748

Train 168/500 Loss: 0.006545, Reward: 430.3838, GA_prob: 0.394, Eps: 0.214, GA_count: 307, Steps: 748

Train 173/500 Loss: 0.005542, Reward: 133.1751, GA_prob: 0.397, Eps: 0.215, GA_count: 86, Steps: 208

Train 171/500 Loss: 0.004713, Reward: 194.3987, PSO_prob: 0.048, Eps: 0.070, PSO_count: 14, Steps: 298

Train 461/500 Loss: 0.000415, Reward: 245.1840, PSO_prob: 0.042, Eps: 0.068, PSO_count: 18, Steps: 388

Train 466/500 Loss: 0.005784, Reward: 248.5906, PSO_prob: 0.046, Eps: 0.069, PSO_count: 25, Steps: 388

Train 463/500 Loss: 0.002013, Reward: 88.6478, GA_prob: 0.393, Eps: 0.214, GA_count: 59, Steps: 148

Train 174/500 Loss: 0.000360, Reward: 57.6295, PSO_prob: 0.041, Eps: 0.067, PSO_count: 2, Steps: 88

Train 467/500 Loss: 0.004841, Reward: 135.4997, PSO_prob: 0.047, Eps: 0.070, PSO_count: 8, Steps: 208

Train 462/500 Loss: 0.001533, Reward: 97.1028, GA_prob: 0.399, Eps: 0.216, GA_count: 65, Steps: 148

Train 169/500 Loss: 0.000340, Reward: 72.9771, PSO_prob: 0.040, Eps: 0.067, PSO_count: 6, Steps: 118

Train 468/500 Loss: 0.004498, Reward: 137.3421, PSO_prob: 0.044, Eps: 0.069, PSO_count: 13, Steps: 208

Train 464/500 Loss: 0.006156, Reward: 90.3645, GA_prob: 0.393, Eps: 0.214, GA_count: 59, Steps: 148

Train 174/500 Loss: 0.003574, Reward: 76.1415, PSO_prob: 0.046, Eps: 0.069, PSO_count: 8, Steps: 118

Train 463/500 Loss: 0.000252, Reward: 75.4894, PSO_prob: 0.038, Eps: 0.066, PSO_count: 6, Steps: 118

Train 469/500 Loss: 0.000219, Reward: 37.6577, PSO_prob: 0.037, Eps: 0.066, PSO_count: 0, Steps: 58

Train 470/500 Loss: 0.001443, Reward: 58.0517, GA_prob: 0.398, Eps: 0.216, GA_count: 34, Steps: 88

Train 170/500 Loss: 0.000528, Reward: 453.2999, PSO_prob: 0.043, Eps: 0.068, PSO_count: 37, Steps: 748

Train 465/500 Loss: 0.003782, Reward: 191.5601, PSO_prob: 0.044, Eps: 0.069, PSO_count: 16, Steps: 298

Train 464/500 Loss: 0.000495, Reward: 191.7958, PSO_prob: 0.036, Eps: 0.065, PSO_count: 14, Steps: 298

Train 471/500 Loss: 0.001647, Reward: 191.1991, GA_prob: 0.392, Eps: 0.213, GA_count: 113, Steps: 298

Train 175/500 Loss: 0.000459, Reward: 247.5705, PSO_prob: 0.042, Eps: 0.068, PSO_count: 14, Steps: 388

Train 466/500 Loss: 0.007527, Reward: 237.3981, GA_prob: 0.396, Eps: 0.215, GA_count: 156, Steps: 388

Train 172/500 Loss: 0.001329, Reward: 130.8897, GA_prob: 0.397, Eps: 0.215, GA_count: 86, Steps: 208

Train 171/500 Loss: 0.005053, Reward: 189.4206, GA_prob: 0.392, Eps: 0.213, GA_count: 113, Steps: 298

Train 175/500 Loss: 0.005146, Reward: 454.0019, PSO_prob: 0.043, Eps: 0.068, PSO_count: 37, Steps: 748

Train 465/500 Loss: 0.001636, Reward: 70.9953, GA_prob: 0.391, Eps: 0.213, GA_count: 49, Steps: 118

Train 176/500 Loss: 0.000453, Reward: 247.0859, PSO_prob: 0.035, Eps: 0.065, PSO_count: 10, Steps: 388

Train 472/500 Loss: 0.004751, Reward: 359.5294, PSO_prob: 0.043, Eps: 0.068, PSO_count: 25, Steps: 568

Train 465/500 Loss: 0.000350, Reward: 186.5022, PSO_prob: 0.041, Eps: 0.067, PSO_count: 14, Steps: 298

Train 467/500 Loss: 0.000478, Reward: 133.6928, PSO_prob: 0.034, Eps: 0.064, PSO_count: 5, Steps: 208

Train 473/500 Loss: 0.005830, Reward: 71.7271, GA_prob: 0.391, Eps: 0.213, GA_count: 49, Steps: 118

Train 176/500 Loss: 0.000468, Reward: 94.7074, PSO_prob: 0.040, Eps: 0.067, PSO_count: 4, Steps: 148

Train 468/500 Loss: 0.004538, Reward: 243.9984, PSO_prob: 0.042, Eps: 0.068, PSO_count: 14, Steps: 388

Train 466/500 Loss: 0.005157, Reward: 249.4485, PSO_prob: 0.042, Eps: 0.068, PSO_count: 18, Steps: 388

Train 466/500 Loss: 0.000334, Reward: 132.5344, PSO_prob: 0.038, Eps: 0.066, PSO_count: 8, Steps: 208

Train 469/500 Loss: 0.001513, Reward: 56.4767, PSO_prob: 0.041, Eps: 0.067, PSO_count: 2, Steps: 88

Train 467/500 Loss: 0.005160, Reward: 184.4691, PSO_prob: 0.041, Eps: 0.067, PSO_count: 14, Steps: 298

Train 467/500 Loss: 0.000430, Reward: 243.3674, PSO_prob: 0.032, Eps: 0.064, PSO_count: 13, Steps: 388

Train 474/500 Loss: 0.005741, Reward: 74.3323, PSO_prob: 0.040, Eps: 0.067, PSO_count: 6, Steps: 118

Train 468/500 Loss: 0.000456, Reward: 40.9710, PSO_prob: 0.031, Eps: 0.063, PSO_count: 5, Steps: 58

Train 475/500 Loss: 0.004639, Reward: 95.2373, PSO_prob: 0.040, Eps: 0.067, PSO_count: 4, Steps: 148

Train 468/500 Loss: 0.006358, Reward: 230.2623, GA_prob: 0.394, Eps: 0.214, GA_count: 140, Steps: 388

Train 173/500 Loss: 0.001854, Reward: 177.2092, GA_prob: 0.390, Eps: 0.212, GA_count: 121, Steps: 298

Train 177/500 Loss: 0.004984, Reward: 73.7609, PSO_prob: 0.038, Eps: 0.066, PSO_count: 6, Steps: 118

Train 469/500 Loss: 0.009205, Reward: 37.4741, PSO_prob: 0.037, Eps: 0.066, PSO_count: 0, Steps: 58

Train 470/500 Loss: 0.001417, Reward: 236.0691, GA_prob: 0.396, Eps: 0.215, GA_count: 156, Steps: 388

Train 172/500 Loss: 0.004012, Reward: 133.7436, PSO_prob: 0.038, Eps: 0.066, PSO_count: 8, Steps: 208

Train 469/500 Loss: 0.005630, Reward: 180.5871, GA_prob: 0.390, Eps: 0.212, GA_count: 121, Steps: 298

Train 177/500 Loss: 0.005943, Reward: 51.1687, GA_prob: 0.393, Eps: 0.214, GA_count: 38, Steps: 88

Train 174/500 Loss: 0.007756, Reward: 189.2372, PSO_prob: 0.036, Eps: 0.065, PSO_count: 14, Steps: 298

Train 471/500 Loss: 0.000442, Reward: 465.9119, PSO_prob: 0.037, Eps: 0.066, PSO_count: 23, Steps: 748

Train 470/500 Loss: 0.000376, Reward: 39.3034, PSO_prob: 0.036, Eps: 0.065, PSO_count: 1, Steps: 58

Train 471/500 Loss: 0.000412, Reward: 355.0164, PSO_prob: 0.030, Eps: 0.063, PSO_count: 32, Steps: 568

Train 476/500 Loss: 0.000512, Reward: 130.1149, PSO_prob: 0.029, Eps: 0.062, PSO_count: 3, Steps: 208

Train 477/500 Loss: 0.006405, Reward: 245.7094, PSO_prob: 0.035, Eps: 0.065, PSO_count: 10, Steps: 388

Train 472/500 Loss: 0.000683, Reward: 77.7290, PSO_prob: 0.028, Eps: 0.062, PSO_count: 4, Steps: 118

Train 478/500 Loss: 0.000425, Reward: 243.8525, PSO_prob: 0.035, Eps: 0.065, PSO_count: 14, Steps: 388

Train 472/500 Loss: 0.005775, Reward: 183.7109, GA_prob: 0.392, Eps: 0.213, GA_count: 116, Steps: 298

Train 175/500 Loss: 0.005370, Reward: 133.4592, PSO_prob: 0.034, Eps: 0.064, PSO_count: 5, Steps: 208

Train 473/500 Loss: 0.003897, Reward: 461.9788, PSO_prob: 0.037, Eps: 0.066, PSO_count: 23, Steps: 748

Train 470/500 Loss: 0.003514, Reward: 38.5958, PSO_prob: 0.036, Eps: 0.065, PSO_count: 1, Steps: 58

Train 471/500 Loss: 0.001428, Reward: 226.3221, GA_prob: 0.394, Eps: 0.214, GA_count: 140, Steps: 388

Train 173/500 Loss: 0.000449, Reward: 192.6253, PSO_prob: 0.026, Eps: 0.061, PSO_count: 11, Steps: 298

Train 479/500 Loss: 0.000303, Reward: 191.5013, PSO_prob: 0.034, Eps: 0.064, PSO_count: 9, Steps: 298

Train 473/500 Loss: 0.001297, Reward: 51.2898, GA_prob: 0.393, Eps: 0.214, GA_count: 38, Steps: 88

Train 174/500 Loss: 0.007724, Reward: 91.4081, GA_prob: 0.391, Eps: 0.213, GA_count: 54, Steps: 148

Train 176/500 Loss: 0.004974, Reward: 247.3928, PSO_prob: 0.032, Eps: 0.064, PSO_count: 13, Steps: 388

Train 474/500 Loss: 0.000305, Reward: 91.2316, PSO_prob: 0.032, Eps: 0.064, PSO_count: 5, Steps: 148

Train 474/500 Loss: 0.003817, Reward: 250.9358, PSO_prob: 0.035, Eps: 0.065, PSO_count: 14, Steps: 388

Train 472/500 Loss: 0.006381, Reward: 39.9217, PSO_prob: 0.031, Eps: 0.063, PSO_count: 5, Steps: 58

Train 475/500 Loss: 0.012673, Reward: 59.6376, GA_prob: 0.390, Eps: 0.212, GA_count: 37, Steps: 88

Train 177/500 Loss: 0.000436, Reward: 191.3650, PSO_prob: 0.031, Eps: 0.063, PSO_count: 6, Steps: 298

Train 475/500 Loss: 0.000394, Reward: 361.8167, PSO_prob: 0.025, Eps: 0.061, PSO_count: 12, Steps: 568

Train 480/500 Loss: 0.002245, Reward: 190.3872, PSO_prob: 0.034, Eps: 0.064, PSO_count: 9, Steps: 298

Train 473/500 Loss: 0.000628, Reward: 38.0045, PSO_prob: 0.024, Eps: 0.060, PSO_count: 3, Steps: 58

Train 481/500 Loss: 0.001546, Reward: 442.8441, GA_prob: 0.388, Eps: 0.212, GA_count: 291, Steps: 748

Train 178/500 Loss: 0.005189, Reward: 91.9429, PSO_prob: 0.032, Eps: 0.064, PSO_count: 5, Steps: 148

Train 474/500 Loss: 0.004337, Reward: 353.8124, PSO_prob: 0.030, Eps: 0.063, PSO_count: 32, Steps: 568

Train 476/500 Loss: 0.004319, Reward: 451.7368, GA_prob: 0.388, Eps: 0.212, GA_count: 291, Steps: 748

Train 178/500 Loss: 0.000321, Reward: 255.3340, PSO_prob: 0.030, Eps: 0.063, PSO_count: 10, Steps: 388

Train 476/500 Loss: 0.001193, Reward: 173.5398, GA_prob: 0.392, Eps: 0.213, GA_count: 116, Steps: 298

Train 175/500 Loss: 0.001120, Reward: 72.5407, GA_prob: 0.387, Eps: 0.211, GA_count: 43, Steps: 118

Train 179/500 Loss: 0.005875, Reward: 190.1064, PSO_prob: 0.031, Eps: 0.063, PSO_count: 6, Steps: 298

Train 475/500 Loss: 0.004566, Reward: 128.6783, PSO_prob: 0.029, Eps: 0.062, PSO_count: 3, Steps: 208

Train 477/500 Loss: 0.001432, Reward: 36.5456, GA_prob: 0.386, Eps: 0.211, GA_count: 22, Steps: 58

Train 180/500 Loss: 0.003277, Reward: 79.5099, PSO_prob: 0.028, Eps: 0.062, PSO_count: 4, Steps: 118

Train 478/500 Loss: 0.003699, Reward: 73.0091, GA_prob: 0.387, Eps: 0.211, GA_count: 43, Steps: 118

Train 179/500 Loss: 0.000380, Reward: 192.5700, PSO_prob: 0.029, Eps: 0.062, PSO_count: 7, Steps: 298

Train 477/500 Loss: 0.000317, Reward: 359.6147, PSO_prob: 0.023, Eps: 0.060, PSO_count: 14, Steps: 568

Train 482/500 Loss: 0.007711, Reward: 184.9903, GA_prob: 0.388, Eps: 0.212, GA_count: 122, Steps: 298

Train 178/500 Loss: 0.001468, Reward: 88.2478, GA_prob: 0.391, Eps: 0.213, GA_count: 54, Steps: 148

Train 176/500 Loss: 0.006927, Reward: 36.3918, GA_prob: 0.386, Eps: 0.211, GA_count: 22, Steps: 58

Train 180/500 Loss: 0.008245, Reward: 35.3423, GA_prob: 0.387, Eps: 0.211, GA_count: 18, Steps: 58

Train 179/500 Loss: 0.004743, Reward: 250.6387, PSO_prob: 0.030, Eps: 0.063, PSO_count: 10, Steps: 388

Train 476/500 Loss: 0.004427, Reward: 192.1837, PSO_prob: 0.026, Eps: 0.061, PSO_count: 11, Steps: 298

Train 479/500 Loss: 0.001222, Reward: 63.4990, GA_prob: 0.390, Eps: 0.212, GA_count: 37, Steps: 88

Train 177/500 Loss: 0.000327, Reward: 246.0592, PSO_prob: 0.028, Eps: 0.062, PSO_count: 10, Steps: 388

Train 478/500 Loss: 0.000215, Reward: 248.1120, PSO_prob: 0.022, Eps: 0.059, PSO_count: 12, Steps: 388

Train 483/500 Loss: 0.004816, Reward: 190.0850, PSO_prob: 0.029, Eps: 0.062, PSO_count: 7, Steps: 298

Train 477/500 Loss: 0.005134, Reward: 358.1129, PSO_prob: 0.025, Eps: 0.061, PSO_count: 12, Steps: 568

Train 480/500 Loss: 0.003064, Reward: 246.9030, PSO_prob: 0.028, Eps: 0.062, PSO_count: 10, Steps: 388

Train 478/500 Loss: 0.001470, Reward: 228.1435, GA_prob: 0.385, Eps: 0.210, GA_count: 137, Steps: 388

Train 181/500 Loss: 0.005746, Reward: 38.2786, PSO_prob: 0.024, Eps: 0.060, PSO_count: 3, Steps: 58

Train 481/500 Loss: 0.000357, Reward: 358.3179, PSO_prob: 0.026, Eps: 0.061, PSO_count: 12, Steps: 568

Train 479/500 Loss: 0.000337, Reward: 349.4365, PSO_prob: 0.020, Eps: 0.059, PSO_count: 15, Steps: 568

Train 484/500 Loss: 0.005221, Reward: 231.0637, GA_prob: 0.385, Eps: 0.210, GA_count: 137, Steps: 388

Train 181/500 Loss: 0.000324, Reward: 55.6152, PSO_prob: 0.019, Eps: 0.058, PSO_count: 2, Steps: 88

Train 485/500 Loss: 0.001042, Reward: 183.2589, GA_prob: 0.388, Eps: 0.212, GA_count: 122, Steps: 298

Train 178/500 Loss: 0.007927, Reward: 237.7975, GA_prob: 0.386, Eps: 0.211, GA_count: 160, Steps: 388

Train 180/500 Loss: 0.001492, Reward: 90.0516, GA_prob: 0.384, Eps: 0.210, GA_count: 54, Steps: 148

Train 182/500 Loss: 0.001185, Reward: 35.2744, GA_prob: 0.387, Eps: 0.211, GA_count: 18, Steps: 58

Train 179/500 Loss: 0.012436, Reward: 36.2021, GA_prob: 0.385, Eps: 0.210, GA_count: 15, Steps: 58

Train 181/500 Loss: 0.000277, Reward: 191.8794, PSO_prob: 0.018, Eps: 0.058, PSO_count: 6, Steps: 298

Train 486/500 Loss: 0.004112, Reward: 90.7656, GA_prob: 0.384, Eps: 0.210, GA_count: 54, Steps: 148

Train 182/500 Loss: 0.003080, Reward: 358.8379, PSO_prob: 0.026, Eps: 0.061, PSO_count: 12, Steps: 568

Train 479/500 Loss: 0.004713, Reward: 362.9689, PSO_prob: 0.023, Eps: 0.060, PSO_count: 14, Steps: 568

Train 482/500 Loss: 0.001125, Reward: 61.9938, GA_prob: 0.382, Eps: 0.209, GA_count: 39, Steps: 88

Train 183/500 Loss: 0.007835, Reward: 58.4679, GA_prob: 0.382, Eps: 0.209, GA_count: 39, Steps: 88

Train 183/500 Loss: 0.000313, Reward: 468.6910, PSO_prob: 0.025, Eps: 0.061, PSO_count: 20, Steps: 748

Train 480/500 Loss: 0.000372, Reward: 95.0961, PSO_prob: 0.024, Eps: 0.060, PSO_count: 2, Steps: 148

Train 481/500 Loss: 0.007365, Reward: 131.4440, GA_prob: 0.384, Eps: 0.210, GA_count: 89, Steps: 208

Train 182/500 Loss: 0.004215, Reward: 245.8119, PSO_prob: 0.022, Eps: 0.059, PSO_count: 12, Steps: 388

Train 483/500 Loss: 0.000329, Reward: 98.2567, PSO_prob: 0.023, Eps: 0.060, PSO_count: 6, Steps: 148

Train 482/500 Loss: 0.001305, Reward: 128.9505, GA_prob: 0.381, Eps: 0.209, GA_count: 81, Steps: 208

Train 184/500 Loss: 0.000335, Reward: 458.4002, PSO_prob: 0.017, Eps: 0.057, PSO_count: 14, Steps: 748

Train 487/500 Loss: 0.000377, Reward: 79.3060, PSO_prob: 0.022, Eps: 0.059, PSO_count: 1, Steps: 118

Train 483/500 Loss: 0.005868, Reward: 128.9416, GA_prob: 0.381, Eps: 0.209, GA_count: 81, Steps: 208

Train 184/500 Loss: 0.004019, Reward: 473.7034, PSO_prob: 0.025, Eps: 0.061, PSO_count: 20, Steps: 748

Train 480/500 Loss: 0.000430, Reward: 82.5193, PSO_prob: 0.020, Eps: 0.059, PSO_count: 1, Steps: 118

Train 484/500 Loss: 0.001222, Reward: 229.0878, GA_prob: 0.386, Eps: 0.211, GA_count: 160, Steps: 388

Train 180/500 Loss: 0.006301, Reward: 96.4540, PSO_prob: 0.024, Eps: 0.060, PSO_count: 2, Steps: 148

Train 481/500 Loss: 0.001022, Reward: 37.1752, GA_prob: 0.385, Eps: 0.210, GA_count: 15, Steps: 58

Train 181/500 Loss: 0.004082, Reward: 357.7076, PSO_prob: 0.020, Eps: 0.059, PSO_count: 15, Steps: 568

Train 484/500 Loss: 0.005420, Reward: 95.9907, PSO_prob: 0.023, Eps: 0.060, PSO_count: 6, Steps: 148

Train 482/500 Loss: 0.002751, Reward: 57.7984, PSO_prob: 0.019, Eps: 0.058, PSO_count: 2, Steps: 88

Train 485/500 Loss: 0.007698, Reward: 182.9156, GA_prob: 0.382, Eps: 0.209, GA_count: 117, Steps: 298

Train 183/500 Loss: 0.003721, Reward: 79.6711, PSO_prob: 0.022, Eps: 0.059, PSO_count: 1, Steps: 118

Train 483/500 Loss: 0.000312, Reward: 368.3863, PSO_prob: 0.016, Eps: 0.057, PSO_count: 3, Steps: 568

Train 488/500 Loss: 0.004930, Reward: 77.6156, PSO_prob: 0.020, Eps: 0.059, PSO_count: 1, Steps: 118

Train 484/500 Loss: 0.000428, Reward: 82.5555, PSO_prob: 0.014, Eps: 0.056, PSO_count: 2, Steps: 118

Train 489/500 Loss: 0.000382, Reward: 358.3756, PSO_prob: 0.019, Eps: 0.058, PSO_count: 10, Steps: 568

Train 485/500 Loss: 0.001292, Reward: 186.7918, GA_prob: 0.380, Eps: 0.208, GA_count: 116, Steps: 298

Train 185/500 Loss: 0.003814, Reward: 192.1864, PSO_prob: 0.018, Eps: 0.058, PSO_count: 6, Steps: 298

Train 486/500 Loss: 0.009614, Reward: 56.5982, GA_prob: 0.381, Eps: 0.209, GA_count: 33, Steps: 88

Train 184/500 Loss: 0.006474, Reward: 182.5278, GA_prob: 0.380, Eps: 0.208, GA_count: 116, Steps: 298

Train 185/500 Loss: 0.000898, Reward: 130.7004, GA_prob: 0.384, Eps: 0.210, GA_count: 89, Steps: 208

Train 182/500 Loss: 0.005434, Reward: 361.5134, PSO_prob: 0.019, Eps: 0.058, PSO_count: 10, Steps: 568

Train 485/500 Loss: 0.000410, Reward: 350.9472, PSO_prob: 0.013, Eps: 0.056, PSO_count: 11, Steps: 568

Train 490/500 Loss: 0.000226, Reward: 83.7681, PSO_prob: 0.012, Eps: 0.055, PSO_count: 2, Steps: 118

Train 491/500 Loss: 0.000429, Reward: 56.4591, PSO_prob: 0.011, Eps: 0.055, PSO_count: 2, Steps: 88

Train 492/500 Loss: 0.000431, Reward: 453.7933, PSO_prob: 0.018, Eps: 0.058, PSO_count: 19, Steps: 748

Train 486/500 Loss: 0.003871, Reward: 472.0974, PSO_prob: 0.017, Eps: 0.057, PSO_count: 14, Steps: 748

Train 487/500 Loss: 0.000334, Reward: 37.4826, PSO_prob: 0.017, Eps: 0.057, PSO_count: 0, Steps: 58

Train 487/500 Loss: 0.000277, Reward: 103.1071, PSO_prob: 0.010, Eps: 0.054, PSO_count: 3, Steps: 148

Train 493/500 Loss: 0.005887, Reward: 240.5023, GA_prob: 0.380, Eps: 0.208, GA_count: 151, Steps: 388

Train 185/500 Loss: 0.001111, Reward: 181.4548, GA_prob: 0.382, Eps: 0.209, GA_count: 117, Steps: 298

Train 183/500 Loss: 0.000370, Reward: 137.2403, PSO_prob: 0.016, Eps: 0.057, PSO_count: 1, Steps: 208

Train 488/500 Loss: 0.000852, Reward: 58.2343, GA_prob: 0.381, Eps: 0.209, GA_count: 33, Steps: 88

Train 184/500 Loss: 0.004812, Reward: 459.2801, PSO_prob: 0.018, Eps: 0.058, PSO_count: 19, Steps: 748

Train 486/500 Loss: 0.000236, Reward: 193.6954, PSO_prob: 0.014, Eps: 0.056, PSO_count: 5, Steps: 298

Train 489/500 Loss: 0.002676, Reward: 38.2748, PSO_prob: 0.017, Eps: 0.057, PSO_count: 0, Steps: 58

Train 487/500 Loss: 0.003825, Reward: 364.1062, PSO_prob: 0.016, Eps: 0.057, PSO_count: 3, Steps: 568

Train 488/500 Loss: 0.001215, Reward: 336.6377, GA_prob: 0.379, Eps: 0.208, GA_count: 220, Steps: 568

Train 186/500 Loss: 0.000296, Reward: 60.7056, PSO_prob: 0.013, Eps: 0.056, PSO_count: 0, Steps: 88

Train 490/500 Loss: 0.000389, Reward: 354.8330, PSO_prob: 0.008, Eps: 0.054, PSO_count: 8, Steps: 568

Train 494/500 Loss: 0.003136, Reward: 79.2797, PSO_prob: 0.014, Eps: 0.056, PSO_count: 2, Steps: 118

Train 489/500 Loss: 0.000484, Reward: 37.9447, PSO_prob: 0.012, Eps: 0.055, PSO_count: 0, Steps: 58

Train 491/500 Loss: 0.005218, Reward: 133.5935, PSO_prob: 0.016, Eps: 0.057, PSO_count: 1, Steps: 208

Train 488/500 Loss: 0.005614, Reward: 343.6657, GA_prob: 0.379, Eps: 0.208, GA_count: 220, Steps: 568

Train 186/500 Loss: 0.004241, Reward: 190.1291, PSO_prob: 0.014, Eps: 0.056, PSO_count: 5, Steps: 298

Train 489/500 Loss: 0.000475, Reward: 247.4825, PSO_prob: 0.011, Eps: 0.055, PSO_count: 4, Steps: 388

Train 492/500 Loss: 0.002353, Reward: 57.9148, PSO_prob: 0.013, Eps: 0.056, PSO_count: 0, Steps: 88

Train 490/500 Loss: 0.003692, Reward: 39.3576, PSO_prob: 0.012, Eps: 0.055, PSO_count: 0, Steps: 58

Train 491/500 Loss: 0.000534, Reward: 92.0422, PSO_prob: 0.010, Eps: 0.054, PSO_count: 2, Steps: 148

Train 493/500 Loss: 0.004535, Reward: 353.6928, PSO_prob: 0.013, Eps: 0.056, PSO_count: 11, Steps: 568

Train 490/500 Loss: 0.000436, Reward: 38.1241, PSO_prob: 0.008, Eps: 0.054, PSO_count: 0, Steps: 58

Train 494/500 Loss: 0.001283, Reward: 173.1577, GA_prob: 0.378, Eps: 0.207, GA_count: 104, Steps: 298

Train 187/500 Loss: 0.001213, Reward: 235.8330, GA_prob: 0.380, Eps: 0.208, GA_count: 151, Steps: 388

Train 185/500 Loss: 0.003019, Reward: 78.0236, PSO_prob: 0.012, Eps: 0.055, PSO_count: 2, Steps: 118

Train 491/500 Loss: 0.007828, Reward: 176.2827, GA_prob: 0.378, Eps: 0.207, GA_count: 104, Steps: 298

Train 187/500 Loss: 0.000356, Reward: 462.9477, PSO_prob: 0.007, Eps: 0.053, PSO_count: 2, Steps: 748

Train 495/500 Loss: 0.007161, Reward: 56.9456, PSO_prob: 0.011, Eps: 0.055, PSO_count: 2, Steps: 88

Train 492/500 Loss: 0.006971, Reward: 243.6466, PSO_prob: 0.011, Eps: 0.055, PSO_count: 4, Steps: 388

Train 492/500 Loss: 0.007721, Reward: 97.4617, PSO_prob: 0.010, Eps: 0.054, PSO_count: 3, Steps: 148

Train 493/500 Loss: 0.010286, Reward: 94.4381, PSO_prob: 0.010, Eps: 0.054, PSO_count: 2, Steps: 148

Train 493/500 Loss: 0.002979, Reward: 36.9318, PSO_prob: 0.008, Eps: 0.054, PSO_count: 0, Steps: 58

Train 494/500 Loss: 0.008175, Reward: 433.4031, GA_prob: 0.379, Eps: 0.208, GA_count: 241, Steps: 748

Train 186/500 Loss: 0.000575, Reward: 363.4085, PSO_prob: 0.007, Eps: 0.053, PSO_count: 4, Steps: 568

Train 495/500 Loss: 0.007916, Reward: 58.8703, GA_prob: 0.378, Eps: 0.207, GA_count: 31, Steps: 88

Train 187/500 Loss: 0.000385, Reward: 132.5575, PSO_prob: 0.006, Eps: 0.053, PSO_count: 0, Steps: 208

Train 496/500 Loss: 0.000502, Reward: 38.5877, PSO_prob: 0.005, Eps: 0.052, PSO_count: 1, Steps: 58

Train 497/500 Loss: 0.005563, Reward: 359.9479, PSO_prob: 0.008, Eps: 0.054, PSO_count: 8, Steps: 568

Train 494/500 Loss: 0.000404, Reward: 476.6449, PSO_prob: 0.006, Eps: 0.053, PSO_count: 5, Steps: 748

Train 496/500 Loss: 0.000213, Reward: 77.6558, PSO_prob: 0.005, Eps: 0.052, PSO_count: 1, Steps: 118

Train 497/500 Loss: 0.005452, Reward: 362.1767, PSO_prob: 0.007, Eps: 0.053, PSO_count: 4, Steps: 568

Train 495/500 Loss: 0.000334, Reward: 76.5495, PSO_prob: 0.004, Eps: 0.052, PSO_count: 1, Steps: 118

Train 498/500 Loss: 0.000788, Reward: 37.1744, PSO_prob: 0.002, Eps: 0.051, PSO_count: 0, Steps: 58

Train 499/500 Loss: 0.005092, Reward: 134.1135, PSO_prob: 0.006, Eps: 0.053, PSO_count: 0, Steps: 208

Train 496/500 Loss: 0.007468, Reward: 38.0947, PSO_prob: 0.005, Eps: 0.052, PSO_count: 1, Steps: 58

Train 497/500 Loss: 0.009498, Reward: 182.6442, GA_prob: 0.376, Eps: 0.207, GA_count: 112, Steps: 298

Train 188/500 Loss: 0.000439, Reward: 465.8543, PSO_prob: 0.004, Eps: 0.052, PSO_count: 3, Steps: 748

Train 498/500 Loss: 0.003531, Reward: 470.1811, PSO_prob: 0.007, Eps: 0.053, PSO_count: 2, Steps: 748

Train 495/500 Loss: 0.000434, Reward: 100.1350, PSO_prob: 0.002, Eps: 0.051, PSO_count: 0, Steps: 148

Train 499/500 Loss: 0.001416, Reward: 427.8499, GA_prob: 0.379, Eps: 0.208, GA_count: 241, Steps: 748

Train 186/500 Loss: 0.006669, Reward: 54.0944, GA_prob: 0.375, Eps: 0.206, GA_count: 35, Steps: 88

Train 189/500 Loss: 0.001263, Reward: 425.5378, GA_prob: 0.376, Eps: 0.207, GA_count: 278, Steps: 748

Train 188/500 Loss: 0.005732, Reward: 37.9207, GA_prob: 0.374, Eps: 0.206, GA_count: 20, Steps: 58

Train 190/500 Loss: 0.000396, Reward: 478.0664, PSO_prob: 0.001, Eps: 0.051, PSO_count: 1, Steps: 748

Train 500/500 Loss: 0.001454, Reward: 60.4197, GA_prob: 0.378, Eps: 0.207, GA_count: 31, Steps: 88

Train 187/500 Loss: 0.006656, Reward: 438.1460, GA_prob: 0.376, Eps: 0.207, GA_count: 278, Steps: 748

Train 188/500 Loss: 0.000571, Reward: 186.9135, PSO_prob: 0.001, Eps: 0.051, PSO_count: 1, Steps: 298

Train 500/500 Loss: 0.006370, Reward: 467.5724, PSO_prob: 0.004, Eps: 0.052, PSO_count: 3, Steps: 748

Train 498/500 Loss: 0.004315, Reward: 98.1746, PSO_prob: 0.002, Eps: 0.051, PSO_count: 0, Steps: 148

Train 499/500 Loss: 0.000268, Reward: 253.6483, PSO_prob: 0.000, Eps: 0.050, PSO_count: 0, Steps: 388

Elapsed time for ddqn guided by PSO: 1045.9751489229966 seconds
training is completed -> trained_models/DIAGRP_alfix_orig_PSO_500_seed2.pkl

DQN guided by PSO Test #0
DQN guided by PSO Test #1
DQN guided by PSO Test #2 Loss: 0.004174, Reward: 477.0412, PSO_prob: 0.006, Eps: 0.053, PSO_count: 5, Steps: 748

Train 496/500
DQN guided by PSO Test #3
DQN guided by PSO Test #4
DQN guided by PSO Test #5 Loss: 0.002636, Reward: 75.8002, PSO_prob: 0.005, Eps: 0.052, PSO_count: 1, Steps: 118

Train 497/500 Loss: 0.007142, Reward: 188.3547, PSO_prob: 0.001, Eps: 0.051, PSO_count: 1, Steps: 298

Train 500/500 Loss: 0.000556, Reward: 359.6472, PSO_prob: 0.000, Eps: 0.050, PSO_count: 0, Steps: 568

Elapsed time for ddqn guided by PSO: 1047.7661545339506 seconds
training is completed -> trained_models/DIAGRP_alfix_orig_PSO_500_seed1.pkl

DQN guided by PSO Test #0
DQN guided by PSO Test #1
DQN guided by PSO Test #2 Loss: 0.002276, Reward: 76.4201, PSO_prob: 0.004, Eps: 0.052, PSO_count: 1, Steps: 118

Train 498/500 Loss: 0.007675, Reward: 185.1456, GA_prob: 0.373, Eps: 0.205, GA_count: 112, Steps: 298

Train 191/500
DQN guided by PSO Test #3 Loss: 0.004498, Reward: 37.7766, PSO_prob: 0.002, Eps: 0.051, PSO_count: 0, Steps: 58

Train 499/500
DQN guided by PSO Test #6 Loss: 0.001387, Reward: 175.4143, GA_prob: 0.376, Eps: 0.207, GA_count: 112, Steps: 298

Train 188/500
DQN guided by PSO Test #4
DQN guided by PSO Test #7
DQN guided by PSO Test #5
DQN guided by PSO Test #8
DQN guided by PSO Test #9
DQN guided by PSO Test #10
DQN guided by PSO Test #6 Loss: 0.001348, Reward: 54.5193, GA_prob: 0.375, Eps: 0.206, GA_count: 35, Steps: 88

Train 189/500
DQN guided by PSO Test #7 Loss: 0.010007, Reward: 89.7274, GA_prob: 0.372, Eps: 0.205, GA_count: 44, Steps: 148

Train 192/500
DQN guided by PSO Test #8
DQN guided by PSO Test #9
DQN guided by PSO Test #11 Loss: 0.004761, Reward: 361.1308, PSO_prob: 0.000, Eps: 0.050, PSO_count: 0, Steps: 568

Elapsed time for ddqn guided by PSO: 1050.786828404991 seconds
training is completed -> trained_models/DIAGRP_alfix_full_PSO_500_seed1.pkl

DQN guided by PSO Test #0
DQN guided by PSO Test #1
DQN guided by PSO Test #2 Loss: 0.001246, Reward: 38.4587, GA_prob: 0.374, Eps: 0.206, GA_count: 20, Steps: 58

Train 190/500
DQN guided by PSO Test #12
DQN guided by PSO Test #3
DQN guided by PSO Test #10
DQN guided by PSO Test #4
DQN guided by PSO Test #13
DQN guided by PSO Test #5
DQN guided by PSO Test #11
DQN guided by PSO Test #12 Loss: 0.004042, Reward: 479.2300, PSO_prob: 0.001, Eps: 0.051, PSO_count: 1, Steps: 748

Train 500/500
DQN guided by PSO Test #14
DQN guided by PSO Test #6
DQN guided by PSO Test #7
DQN guided by PSO Test #15
DQN guided by PSO Test #13
DQN guided by PSO Test #8
DQN guided by PSO Test #16
DQN guided by PSO Test #9 Loss: 0.009554, Reward: 128.7028, GA_prob: 0.370, Eps: 0.204, GA_count: 87, Steps: 208

Train 193/500
DQN guided by PSO Test #10
DQN guided by PSO Test #14
DQN guided by PSO Test #17
DQN guided by PSO Test #15 Loss: 0.001773, Reward: 247.1717, PSO_prob: 0.000, Eps: 0.050, PSO_count: 0, Steps: 388

Elapsed time for ddqn guided by PSO: 1054.5542063629255 seconds
training is completed -> trained_models/DIAGRP_alfix_full_PSO_500_seed2.pkl

DQN guided by PSO Test #0 Loss: 0.001133, Reward: 425.1949, GA_prob: 0.375, Eps: 0.206, GA_count: 267, Steps: 748

Train 189/500
DQN guided by PSO Test #1
DQN guided by PSO Test #2
DQN guided by PSO Test #16
DQN guided by PSO Test #11
DQN guided by PSO Test #3
DQN guided by PSO Test #18
DQN guided by PSO Test #19
DQN guided by PSO Test #4
DQN guided by PSO Test #12
DQN guided by PSO Test #5
DQN guided by PSO Test #20 Loss: 0.001141, Reward: 36.1758, GA_prob: 0.374, Eps: 0.206, GA_count: 20, Steps: 58

Train 190/500
DQN guided by PSO Test #21 Loss: 0.004202, Reward: 430.3867, GA_prob: 0.375, Eps: 0.206, GA_count: 267, Steps: 748

Train 189/500
DQN guided by PSO Test #17
DQN guided by PSO Test #13
DQN guided by PSO Test #22
DQN guided by PSO Test #23 Loss: 0.001424, Reward: 181.7327, GA_prob: 0.373, Eps: 0.205, GA_count: 112, Steps: 298

Train 191/500
DQN guided by PSO Test #24 Loss: 0.008595, Reward: 95.1945, GA_prob: 0.369, Eps: 0.204, GA_count: 51, Steps: 148

Train 194/500
DQN guided by PSO Test #18
DQN guided by PSO Test #6
DQN guided by PSO Test #7
DQN guided by PSO Test #19
DQN guided by PSO Test #8
DQN guided by PSO Test #9
DQN guided by PSO Test #20 Loss: 0.008142, Reward: 34.2951, GA_prob: 0.374, Eps: 0.206, GA_count: 20, Steps: 58

Train 190/500
DQN guided by PSO Test #14
DQN guided by PSO Test #21
DQN guided by PSO Test #15
DQN guided by PSO Test #25
DQN guided by PSO Test #22
DQN guided by PSO Test #16
DQN guided by PSO Test #26
DQN guided by PSO Test #23
DQN guided by PSO Test #27
DQN guided by PSO Test #10
DQN guided by PSO Test #24 Loss: 0.014098, Reward: 56.1040, GA_prob: 0.368, Eps: 0.203, GA_count: 29, Steps: 88

Train 195/500
DQN guided by PSO Test #28
DQN guided by PSO Test #29>>> 1/8 [alfix_orig] PSO seed2 overflow=1.0 max_level=10.0 act0=0.1333 i100=142.07 (1057.5s)
 Loss: 0.001301, Reward: 87.9454, GA_prob: 0.372, Eps: 0.205, GA_count: 44, Steps: 148

Train 192/500
DQN guided by PSO Test #11
DQN guided by PSO Test #17
DQN guided by PSO Test #25
DQN guided by PSO Test #26
DQN guided by PSO Test #12
DQN guided by PSO Test #27
DQN guided by PSO Test #18
DQN guided by PSO Test #19
DQN guided by PSO Test #28
DQN guided by PSO Test #29
DQN guided by PSO Test #13
DQN guided by PSO Test #20
DQN guided by PSO Test #21>>> 2/8 [alfix_orig] PSO seed1 overflow=1.0 max_level=10.0 act0=1.0 i100=0.0 (1058.7s)
 Loss: 0.007844, Reward: 79.1528, GA_prob: 0.367, Eps: 0.203, GA_count: 41, Steps: 118

Train 196/500
DQN guided by PSO Test #22
DQN guided by PSO Test #23
DQN guided by PSO Test #24
DQN guided by PSO Test #14
DQN guided by PSO Test #15
DQN guided by PSO Test #16 Loss: 0.001124, Reward: 189.3055, GA_prob: 0.373, Eps: 0.205, GA_count: 106, Steps: 298

Train 191/500
DQN guided by PSO Test #25
DQN guided by PSO Test #26
DQN guided by PSO Test #27
DQN guided by PSO Test #28
DQN guided by PSO Test #29
DQN guided by PSO Test #17 Loss: 0.005199, Reward: 193.4360, GA_prob: 0.373, Eps: 0.205, GA_count: 106, Steps: 298

Train 191/500>>> 3/8 [alfix_full] PSO seed1 overflow=0.0 max_level=8.2038 act0=0.0 i100=237.87 (1060.4s)
 Loss: 0.001411, Reward: 126.6719, GA_prob: 0.370, Eps: 0.204, GA_count: 87, Steps: 208

Train 193/500
DQN guided by PSO Test #18
DQN guided by PSO Test #19
DQN guided by PSO Test #20
DQN guided by PSO Test #21
DQN guided by PSO Test #22
DQN guided by PSO Test #23
DQN guided by PSO Test #24 Loss: 0.001264, Reward: 90.6127, GA_prob: 0.372, Eps: 0.205, GA_count: 53, Steps: 148

Train 192/500
DQN guided by PSO Test #25
DQN guided by PSO Test #26
DQN guided by PSO Test #27 Loss: 0.004000, Reward: 89.2111, GA_prob: 0.372, Eps: 0.205, GA_count: 53, Steps: 148

Train 192/500 Loss: 0.001580, Reward: 93.0337, GA_prob: 0.369, Eps: 0.204, GA_count: 51, Steps: 148

Train 194/500
DQN guided by PSO Test #28
DQN guided by PSO Test #29>>> 4/8 [alfix_full] PSO seed2 overflow=0.0 max_level=7.8123 act0=0.0 i100=234.73 (1062.5s)
 Loss: 0.009837, Reward: 235.1255, GA_prob: 0.366, Eps: 0.202, GA_count: 136, Steps: 388

Train 197/500 Loss: 0.001619, Reward: 55.9661, GA_prob: 0.368, Eps: 0.203, GA_count: 29, Steps: 88

Train 195/500 Loss: 0.001707, Reward: 78.4699, GA_prob: 0.367, Eps: 0.203, GA_count: 41, Steps: 118

Train 196/500 Loss: 0.008075, Reward: 232.6909, GA_prob: 0.364, Eps: 0.202, GA_count: 136, Steps: 388

Train 198/500 Loss: 0.001315, Reward: 335.0078, GA_prob: 0.370, Eps: 0.204, GA_count: 212, Steps: 568

Train 193/500 Loss: 0.005366, Reward: 343.9422, GA_prob: 0.370, Eps: 0.204, GA_count: 212, Steps: 568

Train 193/500 Loss: 0.001445, Reward: 230.2879, GA_prob: 0.366, Eps: 0.202, GA_count: 136, Steps: 388

Train 197/500 Loss: 0.007945, Reward: 131.2490, GA_prob: 0.363, Eps: 0.201, GA_count: 78, Steps: 208

Train 199/500 Loss: 0.001637, Reward: 226.9983, GA_prob: 0.364, Eps: 0.202, GA_count: 136, Steps: 388

Train 198/500 Loss: 0.001290, Reward: 315.6513, GA_prob: 0.369, Eps: 0.204, GA_count: 216, Steps: 568

Train 194/500 Loss: 0.005100, Reward: 320.7511, GA_prob: 0.369, Eps: 0.204, GA_count: 216, Steps: 568

Train 194/500 Loss: 0.001405, Reward: 132.9769, GA_prob: 0.363, Eps: 0.201, GA_count: 78, Steps: 208

Train 199/500 Loss: 0.001269, Reward: 54.3064, GA_prob: 0.368, Eps: 0.203, GA_count: 28, Steps: 88

Train 195/500 Loss: 0.003321, Reward: 55.2108, GA_prob: 0.368, Eps: 0.203, GA_count: 28, Steps: 88

Train 195/500 Loss: 0.007342, Reward: 446.1967, GA_prob: 0.362, Eps: 0.201, GA_count: 248, Steps: 748

Train 200/500 Loss: 0.007761, Reward: 125.4663, GA_prob: 0.361, Eps: 0.200, GA_count: 66, Steps: 208

Train 201/500 Loss: 0.009797, Reward: 73.5996, GA_prob: 0.360, Eps: 0.200, GA_count: 45, Steps: 118

Train 202/500 Loss: 0.001261, Reward: 440.8937, GA_prob: 0.362, Eps: 0.201, GA_count: 248, Steps: 748

Train 200/500 Loss: 0.007558, Reward: 91.0552, GA_prob: 0.358, Eps: 0.199, GA_count: 55, Steps: 148

Train 203/500 Loss: 0.001257, Reward: 433.8673, GA_prob: 0.367, Eps: 0.203, GA_count: 291, Steps: 748

Train 196/500 Loss: 0.004236, Reward: 444.6415, GA_prob: 0.367, Eps: 0.203, GA_count: 291, Steps: 748

Train 196/500 Loss: 0.001140, Reward: 122.6065, GA_prob: 0.361, Eps: 0.200, GA_count: 66, Steps: 208

Train 201/500 Loss: 0.001221, Reward: 73.0520, GA_prob: 0.360, Eps: 0.200, GA_count: 45, Steps: 118

Train 202/500 Loss: 0.001369, Reward: 129.7936, GA_prob: 0.366, Eps: 0.202, GA_count: 75, Steps: 208

Train 197/500 Loss: 0.006774, Reward: 131.7750, GA_prob: 0.366, Eps: 0.202, GA_count: 75, Steps: 208

Train 197/500 Loss: 0.001292, Reward: 33.8492, GA_prob: 0.364, Eps: 0.202, GA_count: 22, Steps: 58

Train 198/500 Loss: 0.003063, Reward: 35.2440, GA_prob: 0.364, Eps: 0.202, GA_count: 22, Steps: 58

Train 198/500 Loss: 0.001329, Reward: 95.5805, GA_prob: 0.358, Eps: 0.199, GA_count: 55, Steps: 148

Train 203/500 Loss: 0.003893, Reward: 78.3802, GA_prob: 0.363, Eps: 0.201, GA_count: 48, Steps: 118

Train 199/500 Loss: 0.001398, Reward: 74.7603, GA_prob: 0.363, Eps: 0.201, GA_count: 48, Steps: 118

Train 199/500 Loss: 0.006419, Reward: 347.1934, GA_prob: 0.357, Eps: 0.199, GA_count: 207, Steps: 568

Train 204/500 Loss: 0.006636, Reward: 58.1531, GA_prob: 0.362, Eps: 0.201, GA_count: 29, Steps: 88

Train 200/500 Loss: 0.001352, Reward: 58.3066, GA_prob: 0.362, Eps: 0.201, GA_count: 29, Steps: 88

Train 200/500 Loss: 0.005768, Reward: 34.3283, GA_prob: 0.356, Eps: 0.198, GA_count: 22, Steps: 58

Train 205/500 Loss: 0.006463, Reward: 130.4377, GA_prob: 0.361, Eps: 0.200, GA_count: 79, Steps: 208

Train 201/500 Loss: 0.001284, Reward: 130.9856, GA_prob: 0.361, Eps: 0.200, GA_count: 79, Steps: 208

Train 201/500 Loss: 0.004604, Reward: 57.5687, GA_prob: 0.360, Eps: 0.200, GA_count: 29, Steps: 88

Train 202/500 Loss: 0.001342, Reward: 56.1409, GA_prob: 0.360, Eps: 0.200, GA_count: 29, Steps: 88

Train 202/500 Loss: 0.001345, Reward: 331.0075, GA_prob: 0.357, Eps: 0.199, GA_count: 207, Steps: 568

Train 204/500 Loss: 0.001406, Reward: 33.7173, GA_prob: 0.356, Eps: 0.198, GA_count: 22, Steps: 58

Train 205/500 Loss: 0.006565, Reward: 454.9493, GA_prob: 0.355, Eps: 0.198, GA_count: 287, Steps: 748

Train 206/500 Loss: 0.005818, Reward: 345.1462, GA_prob: 0.358, Eps: 0.199, GA_count: 191, Steps: 568

Train 203/500 Loss: 0.001415, Reward: 336.6429, GA_prob: 0.358, Eps: 0.199, GA_count: 191, Steps: 568

Train 203/500 Loss: 0.008379, Reward: 37.8645, GA_prob: 0.357, Eps: 0.199, GA_count: 22, Steps: 58

Train 204/500 Loss: 0.009573, Reward: 73.4597, GA_prob: 0.354, Eps: 0.197, GA_count: 33, Steps: 118

Train 207/500 Loss: 0.001202, Reward: 37.3009, GA_prob: 0.357, Eps: 0.199, GA_count: 22, Steps: 58

Train 204/500 Loss: 0.011030, Reward: 58.2958, GA_prob: 0.352, Eps: 0.197, GA_count: 42, Steps: 88

Train 208/500 Loss: 0.008820, Reward: 127.8400, GA_prob: 0.356, Eps: 0.198, GA_count: 76, Steps: 208

Train 205/500 Loss: 0.001455, Reward: 126.0785, GA_prob: 0.356, Eps: 0.198, GA_count: 76, Steps: 208

Train 205/500 Loss: 0.001242, Reward: 444.6596, GA_prob: 0.355, Eps: 0.198, GA_count: 287, Steps: 748

Train 206/500 Loss: 0.006314, Reward: 184.2706, GA_prob: 0.351, Eps: 0.196, GA_count: 103, Steps: 298

Train 209/500 Loss: 0.001180, Reward: 75.0618, GA_prob: 0.354, Eps: 0.197, GA_count: 33, Steps: 118

Train 207/500 Loss: 0.001027, Reward: 58.1454, GA_prob: 0.352, Eps: 0.197, GA_count: 42, Steps: 88

Train 208/500 Loss: 0.006429, Reward: 122.2285, GA_prob: 0.350, Eps: 0.196, GA_count: 67, Steps: 208

Train 210/500 Loss: 0.007227, Reward: 57.0095, GA_prob: 0.349, Eps: 0.195, GA_count: 32, Steps: 88

Train 211/500 Loss: 0.007718, Reward: 353.6150, GA_prob: 0.355, Eps: 0.198, GA_count: 193, Steps: 568

Train 206/500 Loss: 0.001173, Reward: 346.2295, GA_prob: 0.355, Eps: 0.198, GA_count: 193, Steps: 568

Train 206/500 Loss: 0.009501, Reward: 55.5957, GA_prob: 0.354, Eps: 0.197, GA_count: 30, Steps: 88

Train 207/500 Loss: 0.001230, Reward: 58.8631, GA_prob: 0.354, Eps: 0.197, GA_count: 30, Steps: 88

Train 207/500 Loss: 0.001251, Reward: 179.3076, GA_prob: 0.351, Eps: 0.196, GA_count: 103, Steps: 298

Train 209/500 Loss: 0.001435, Reward: 122.3172, GA_prob: 0.350, Eps: 0.196, GA_count: 67, Steps: 208

Train 210/500 Loss: 0.001255, Reward: 57.6377, GA_prob: 0.349, Eps: 0.195, GA_count: 32, Steps: 88

Train 211/500 Loss: 0.005564, Reward: 442.5042, GA_prob: 0.347, Eps: 0.195, GA_count: 275, Steps: 748

Train 212/500 Loss: 0.006787, Reward: 59.8673, GA_prob: 0.346, Eps: 0.194, GA_count: 40, Steps: 88

Train 213/500 Loss: 0.008427, Reward: 439.3168, GA_prob: 0.352, Eps: 0.197, GA_count: 278, Steps: 748

Train 208/500 Loss: 0.001150, Reward: 426.6360, GA_prob: 0.352, Eps: 0.197, GA_count: 278, Steps: 748

Train 208/500 Loss: 0.005733, Reward: 126.9572, GA_prob: 0.351, Eps: 0.196, GA_count: 78, Steps: 208

Train 209/500 Loss: 0.001287, Reward: 127.4167, GA_prob: 0.351, Eps: 0.196, GA_count: 78, Steps: 208

Train 209/500 Loss: 0.001477, Reward: 429.1760, GA_prob: 0.347, Eps: 0.195, GA_count: 275, Steps: 748

Train 212/500 Loss: 0.001551, Reward: 58.9448, GA_prob: 0.346, Eps: 0.194, GA_count: 40, Steps: 88

Train 213/500 Loss: 0.007059, Reward: 341.5932, GA_prob: 0.345, Eps: 0.194, GA_count: 203, Steps: 568

Train 214/500 Loss: 0.006745, Reward: 181.0679, GA_prob: 0.344, Eps: 0.193, GA_count: 100, Steps: 298

Train 215/500 Loss: 0.006401, Reward: 447.1351, GA_prob: 0.350, Eps: 0.196, GA_count: 272, Steps: 748

Train 210/500 Loss: 0.001439, Reward: 330.6405, GA_prob: 0.345, Eps: 0.194, GA_count: 203, Steps: 568

Train 214/500 Loss: 0.001192, Reward: 423.0277, GA_prob: 0.350, Eps: 0.196, GA_count: 272, Steps: 748

Train 210/500 Loss: 0.005260, Reward: 132.3623, GA_prob: 0.343, Eps: 0.193, GA_count: 69, Steps: 208

Train 216/500 Loss: 0.006509, Reward: 35.0322, GA_prob: 0.341, Eps: 0.192, GA_count: 21, Steps: 58

Train 217/500 Loss: 0.007229, Reward: 177.0803, GA_prob: 0.349, Eps: 0.195, GA_count: 94, Steps: 298

Train 211/500 Loss: 0.001537, Reward: 185.5210, GA_prob: 0.344, Eps: 0.193, GA_count: 100, Steps: 298

Train 215/500 Loss: 0.001034, Reward: 174.6768, GA_prob: 0.349, Eps: 0.195, GA_count: 94, Steps: 298

Train 211/500 Loss: 0.001538, Reward: 139.0172, GA_prob: 0.343, Eps: 0.193, GA_count: 69, Steps: 208

Train 216/500 Loss: 0.001392, Reward: 35.1943, GA_prob: 0.341, Eps: 0.192, GA_count: 21, Steps: 58

Train 217/500 Loss: 0.006042, Reward: 458.4042, GA_prob: 0.340, Eps: 0.192, GA_count: 231, Steps: 748

Train 218/500 Loss: 0.004312, Reward: 345.3608, GA_prob: 0.347, Eps: 0.195, GA_count: 208, Steps: 568

Train 212/500 Loss: 0.002213, Reward: 35.5128, GA_prob: 0.339, Eps: 0.191, GA_count: 15, Steps: 58

Train 219/500 Loss: 0.001068, Reward: 321.2375, GA_prob: 0.347, Eps: 0.195, GA_count: 208, Steps: 568

Train 212/500 Loss: 0.003666, Reward: 233.1033, GA_prob: 0.346, Eps: 0.194, GA_count: 146, Steps: 388

Train 213/500 Loss: 0.001766, Reward: 436.6776, GA_prob: 0.340, Eps: 0.192, GA_count: 231, Steps: 748

Train 218/500 Loss: 0.001569, Reward: 35.4138, GA_prob: 0.339, Eps: 0.191, GA_count: 15, Steps: 58

Train 219/500 Loss: 0.001196, Reward: 226.8880, GA_prob: 0.346, Eps: 0.194, GA_count: 146, Steps: 388

Train 213/500 Loss: 0.005956, Reward: 341.3660, GA_prob: 0.338, Eps: 0.191, GA_count: 184, Steps: 568

Train 220/500 Loss: 0.006702, Reward: 75.2985, GA_prob: 0.337, Eps: 0.190, GA_count: 36, Steps: 118

Train 221/500 Loss: 0.004793, Reward: 127.7201, GA_prob: 0.335, Eps: 0.190, GA_count: 68, Steps: 208

Train 222/500 Loss: 0.008663, Reward: 53.9828, GA_prob: 0.334, Eps: 0.189, GA_count: 30, Steps: 88

Train 223/500 Loss: 0.001371, Reward: 335.3071, GA_prob: 0.338, Eps: 0.191, GA_count: 184, Steps: 568

Train 220/500 Loss: 0.001125, Reward: 76.8828, GA_prob: 0.337, Eps: 0.190, GA_count: 36, Steps: 118

Train 221/500 Loss: 0.003509, Reward: 443.5348, GA_prob: 0.345, Eps: 0.194, GA_count: 260, Steps: 748

Train 214/500 Loss: 0.002805, Reward: 35.9618, GA_prob: 0.344, Eps: 0.193, GA_count: 21, Steps: 58

Train 215/500 Loss: 0.001369, Reward: 424.5861, GA_prob: 0.345, Eps: 0.194, GA_count: 260, Steps: 748

Train 214/500 Loss: 0.001464, Reward: 130.0370, GA_prob: 0.335, Eps: 0.190, GA_count: 68, Steps: 208

Train 222/500 Loss: 0.001492, Reward: 34.8267, GA_prob: 0.344, Eps: 0.193, GA_count: 21, Steps: 58

Train 215/500 Loss: 0.003349, Reward: 88.6245, GA_prob: 0.343, Eps: 0.193, GA_count: 44, Steps: 148

Train 216/500 Loss: 0.001744, Reward: 52.9817, GA_prob: 0.334, Eps: 0.189, GA_count: 30, Steps: 88

Train 223/500 Loss: 0.001372, Reward: 94.1392, GA_prob: 0.343, Eps: 0.193, GA_count: 44, Steps: 148

Train 216/500 Loss: 0.005549, Reward: 339.7525, GA_prob: 0.333, Eps: 0.189, GA_count: 210, Steps: 568

Train 224/500 Loss: 0.005251, Reward: 131.3725, GA_prob: 0.341, Eps: 0.192, GA_count: 62, Steps: 208

Train 217/500 Loss: 0.001390, Reward: 129.5842, GA_prob: 0.341, Eps: 0.192, GA_count: 62, Steps: 208

Train 217/500 Loss: 0.007627, Reward: 178.7537, GA_prob: 0.332, Eps: 0.188, GA_count: 106, Steps: 298

Train 225/500 Loss: 0.004526, Reward: 185.0646, GA_prob: 0.340, Eps: 0.192, GA_count: 86, Steps: 298

Train 218/500 Loss: 0.001405, Reward: 182.1887, GA_prob: 0.340, Eps: 0.192, GA_count: 86, Steps: 298

Train 218/500 Loss: 0.001285, Reward: 328.9605, GA_prob: 0.333, Eps: 0.189, GA_count: 210, Steps: 568

Train 224/500 Loss: 0.007022, Reward: 135.6134, GA_prob: 0.339, Eps: 0.191, GA_count: 80, Steps: 208

Train 219/500 Loss: 0.001743, Reward: 142.8465, GA_prob: 0.339, Eps: 0.191, GA_count: 80, Steps: 208

Train 219/500 Loss: 0.001282, Reward: 178.6039, GA_prob: 0.332, Eps: 0.188, GA_count: 106, Steps: 298

Train 225/500 Loss: 0.005474, Reward: 442.7820, GA_prob: 0.331, Eps: 0.188, GA_count: 252, Steps: 748

Train 226/500 Loss: 0.005662, Reward: 452.4918, GA_prob: 0.338, Eps: 0.191, GA_count: 249, Steps: 748

Train 220/500 Loss: 0.005007, Reward: 177.0487, GA_prob: 0.329, Eps: 0.187, GA_count: 97, Steps: 298

Train 227/500 Loss: 0.001321, Reward: 437.1118, GA_prob: 0.338, Eps: 0.191, GA_count: 249, Steps: 748

Train 220/500 Loss: 0.001212, Reward: 435.3098, GA_prob: 0.331, Eps: 0.188, GA_count: 252, Steps: 748

Train 226/500 Loss: 0.006859, Reward: 132.5691, GA_prob: 0.328, Eps: 0.187, GA_count: 71, Steps: 208

Train 228/500 Loss: 0.003375, Reward: 38.2037, GA_prob: 0.327, Eps: 0.186, GA_count: 20, Steps: 58

Train 229/500 Loss: 0.006378, Reward: 231.0371, GA_prob: 0.337, Eps: 0.190, GA_count: 133, Steps: 388

Train 221/500 Loss: 0.006020, Reward: 93.3133, GA_prob: 0.326, Eps: 0.186, GA_count: 47, Steps: 148

Train 230/500 Loss: 0.001305, Reward: 182.8475, GA_prob: 0.329, Eps: 0.187, GA_count: 97, Steps: 298

Train 227/500 Loss: 0.001118, Reward: 220.2411, GA_prob: 0.337, Eps: 0.190, GA_count: 133, Steps: 388

Train 221/500 Loss: 0.006178, Reward: 130.7440, GA_prob: 0.335, Eps: 0.190, GA_count: 73, Steps: 208

Train 222/500 Loss: 0.007115, Reward: 79.8123, GA_prob: 0.325, Eps: 0.185, GA_count: 48, Steps: 118

Train 231/500 Loss: 0.008626, Reward: 91.7030, GA_prob: 0.323, Eps: 0.185, GA_count: 39, Steps: 148

Train 232/500 Loss: 0.001112, Reward: 138.3722, GA_prob: 0.328, Eps: 0.187, GA_count: 71, Steps: 208

Train 228/500 Loss: 0.001101, Reward: 132.0515, GA_prob: 0.335, Eps: 0.190, GA_count: 73, Steps: 208

Train 222/500 Loss: 0.001121, Reward: 39.7118, GA_prob: 0.327, Eps: 0.186, GA_count: 20, Steps: 58

Train 229/500 Loss: 0.005906, Reward: 185.1896, GA_prob: 0.334, Eps: 0.189, GA_count: 96, Steps: 298

Train 223/500 Loss: 0.001185, Reward: 94.1132, GA_prob: 0.326, Eps: 0.186, GA_count: 47, Steps: 148

Train 230/500 Loss: 0.007311, Reward: 74.0118, GA_prob: 0.333, Eps: 0.189, GA_count: 38, Steps: 118

Train 224/500 Loss: 0.006990, Reward: 179.9367, GA_prob: 0.322, Eps: 0.184, GA_count: 93, Steps: 298

Train 233/500 Loss: 0.001101, Reward: 186.2656, GA_prob: 0.334, Eps: 0.189, GA_count: 96, Steps: 298

Train 223/500 Loss: 0.001262, Reward: 81.4053, GA_prob: 0.325, Eps: 0.185, GA_count: 48, Steps: 118

Train 231/500 Loss: 0.006713, Reward: 57.8001, GA_prob: 0.321, Eps: 0.184, GA_count: 31, Steps: 88

Train 234/500 Loss: 0.009709, Reward: 76.0474, GA_prob: 0.332, Eps: 0.188, GA_count: 44, Steps: 118

Train 225/500 Loss: 0.000950, Reward: 72.4800, GA_prob: 0.333, Eps: 0.189, GA_count: 38, Steps: 118

Train 224/500 Loss: 0.009674, Reward: 38.5355, GA_prob: 0.331, Eps: 0.188, GA_count: 16, Steps: 58

Train 226/500 Loss: 0.001195, Reward: 91.1931, GA_prob: 0.323, Eps: 0.185, GA_count: 39, Steps: 148

Train 232/500 Loss: 0.007893, Reward: 122.7141, GA_prob: 0.320, Eps: 0.183, GA_count: 58, Steps: 208

Train 235/500 Loss: 0.001092, Reward: 74.1652, GA_prob: 0.332, Eps: 0.188, GA_count: 44, Steps: 118

Train 225/500 Loss: 0.000995, Reward: 38.0041, GA_prob: 0.331, Eps: 0.188, GA_count: 16, Steps: 58

Train 226/500 Loss: 0.007586, Reward: 186.5600, GA_prob: 0.329, Eps: 0.187, GA_count: 99, Steps: 298

Train 227/500 Loss: 0.007256, Reward: 135.3241, GA_prob: 0.319, Eps: 0.183, GA_count: 69, Steps: 208

Train 236/500 Loss: 0.001311, Reward: 178.0759, GA_prob: 0.322, Eps: 0.184, GA_count: 93, Steps: 298

Train 233/500 Loss: 0.001149, Reward: 58.5402, GA_prob: 0.321, Eps: 0.184, GA_count: 31, Steps: 88

Train 234/500 Loss: 0.007114, Reward: 96.3953, GA_prob: 0.328, Eps: 0.187, GA_count: 53, Steps: 148

Train 228/500 Loss: 0.001219, Reward: 182.2094, GA_prob: 0.329, Eps: 0.187, GA_count: 99, Steps: 298

Train 227/500 Loss: 0.009198, Reward: 93.8556, GA_prob: 0.317, Eps: 0.182, GA_count: 57, Steps: 148

Train 237/500 Loss: 0.001078, Reward: 123.5187, GA_prob: 0.320, Eps: 0.183, GA_count: 58, Steps: 208

Train 235/500 Loss: 0.000976, Reward: 96.2342, GA_prob: 0.328, Eps: 0.187, GA_count: 53, Steps: 148

Train 228/500 Loss: 0.001118, Reward: 138.0533, GA_prob: 0.319, Eps: 0.183, GA_count: 69, Steps: 208

Train 236/500 Loss: 0.005751, Reward: 237.2207, GA_prob: 0.327, Eps: 0.186, GA_count: 126, Steps: 388

Train 229/500 Loss: 0.005522, Reward: 57.2446, GA_prob: 0.326, Eps: 0.186, GA_count: 32, Steps: 88

Train 230/500 Loss: 0.001226, Reward: 92.0447, GA_prob: 0.317, Eps: 0.182, GA_count: 57, Steps: 148

Train 237/500 Loss: 0.001039, Reward: 226.5155, GA_prob: 0.327, Eps: 0.186, GA_count: 126, Steps: 388

Train 229/500 Loss: 0.001251, Reward: 57.5327, GA_prob: 0.326, Eps: 0.186, GA_count: 32, Steps: 88

Train 230/500 Loss: 0.006775, Reward: 454.7998, GA_prob: 0.316, Eps: 0.182, GA_count: 234, Steps: 748

Train 238/500 Loss: 0.008268, Reward: 177.8178, GA_prob: 0.325, Eps: 0.185, GA_count: 103, Steps: 298

Train 231/500 Loss: 0.001200, Reward: 171.6056, GA_prob: 0.325, Eps: 0.185, GA_count: 103, Steps: 298

Train 231/500 Loss: 0.006662, Reward: 239.8789, GA_prob: 0.315, Eps: 0.181, GA_count: 126, Steps: 388

Train 239/500 Loss: 0.007170, Reward: 76.2140, GA_prob: 0.314, Eps: 0.181, GA_count: 31, Steps: 118

Train 240/500 Loss: 0.001068, Reward: 429.4833, GA_prob: 0.316, Eps: 0.182, GA_count: 234, Steps: 748

Train 238/500 Loss: 0.006383, Reward: 445.5776, GA_prob: 0.323, Eps: 0.185, GA_count: 240, Steps: 748

Train 232/500 Loss: 0.000905, Reward: 236.3391, GA_prob: 0.315, Eps: 0.181, GA_count: 126, Steps: 388

Train 239/500 Loss: 0.001209, Reward: 436.8183, GA_prob: 0.323, Eps: 0.185, GA_count: 240, Steps: 748

Train 232/500 Loss: 0.000782, Reward: 76.0836, GA_prob: 0.314, Eps: 0.181, GA_count: 31, Steps: 118

Train 240/500 Loss: 0.006288, Reward: 183.5366, GA_prob: 0.322, Eps: 0.184, GA_count: 102, Steps: 298

Train 233/500 Loss: 0.006405, Reward: 449.8043, GA_prob: 0.313, Eps: 0.180, GA_count: 243, Steps: 748

Train 241/500 Loss: 0.001433, Reward: 190.5924, GA_prob: 0.322, Eps: 0.184, GA_count: 102, Steps: 298

Train 233/500 Loss: 0.007628, Reward: 74.1556, GA_prob: 0.311, Eps: 0.180, GA_count: 33, Steps: 118

Train 242/500 Loss: 0.005204, Reward: 333.0313, GA_prob: 0.321, Eps: 0.184, GA_count: 183, Steps: 568

Train 234/500 Loss: 0.006399, Reward: 234.6646, GA_prob: 0.310, Eps: 0.179, GA_count: 130, Steps: 388

Train 243/500 Loss: 0.000987, Reward: 441.1186, GA_prob: 0.313, Eps: 0.180, GA_count: 243, Steps: 748

Train 241/500 Loss: 0.006215, Reward: 37.7135, GA_prob: 0.309, Eps: 0.179, GA_count: 16, Steps: 58

Train 244/500 Loss: 0.003390, Reward: 133.6540, GA_prob: 0.320, Eps: 0.183, GA_count: 63, Steps: 208

Train 235/500 Loss: 0.001318, Reward: 328.2338, GA_prob: 0.321, Eps: 0.184, GA_count: 183, Steps: 568

Train 234/500 Loss: 0.000891, Reward: 75.3256, GA_prob: 0.311, Eps: 0.180, GA_count: 33, Steps: 118

Train 242/500 Loss: 0.006412, Reward: 96.5661, GA_prob: 0.308, Eps: 0.178, GA_count: 35, Steps: 148

Train 245/500 Loss: 0.005493, Reward: 80.6941, GA_prob: 0.307, Eps: 0.178, GA_count: 30, Steps: 118

Train 246/500 Loss: 0.001232, Reward: 133.5554, GA_prob: 0.320, Eps: 0.183, GA_count: 63, Steps: 208

Train 235/500 Loss: 0.000937, Reward: 232.8588, GA_prob: 0.310, Eps: 0.179, GA_count: 130, Steps: 388

Train 243/500 Loss: 0.000997, Reward: 37.1604, GA_prob: 0.309, Eps: 0.179, GA_count: 16, Steps: 58

Train 244/500 Loss: 0.005268, Reward: 337.5223, GA_prob: 0.319, Eps: 0.183, GA_count: 197, Steps: 568

Train 236/500 Loss: 0.001040, Reward: 94.4248, GA_prob: 0.308, Eps: 0.178, GA_count: 35, Steps: 148

Train 245/500 Loss: 0.005064, Reward: 336.1884, GA_prob: 0.305, Eps: 0.177, GA_count: 175, Steps: 568

Train 247/500 Loss: 0.001010, Reward: 82.2765, GA_prob: 0.307, Eps: 0.178, GA_count: 30, Steps: 118

Train 246/500 Loss: 0.001324, Reward: 334.4537, GA_prob: 0.319, Eps: 0.183, GA_count: 197, Steps: 568

Train 236/500 Loss: 0.006228, Reward: 94.0690, GA_prob: 0.304, Eps: 0.177, GA_count: 48, Steps: 148

Train 248/500 Loss: 0.005257, Reward: 185.7826, GA_prob: 0.317, Eps: 0.182, GA_count: 98, Steps: 298

Train 237/500 Loss: 0.003080, Reward: 57.8703, GA_prob: 0.303, Eps: 0.176, GA_count: 25, Steps: 88

Train 249/500 Loss: 0.004667, Reward: 54.7544, GA_prob: 0.316, Eps: 0.182, GA_count: 28, Steps: 88

Train 238/500 Loss: 0.006048, Reward: 35.7202, GA_prob: 0.315, Eps: 0.181, GA_count: 13, Steps: 58

Train 239/500 Loss: 0.001465, Reward: 181.2100, GA_prob: 0.317, Eps: 0.182, GA_count: 98, Steps: 298

Train 237/500 Loss: 0.004810, Reward: 98.3295, GA_prob: 0.314, Eps: 0.181, GA_count: 47, Steps: 148

Train 240/500 Loss: 0.001175, Reward: 54.5837, GA_prob: 0.316, Eps: 0.182, GA_count: 28, Steps: 88

Train 238/500 Loss: 0.001165, Reward: 327.3956, GA_prob: 0.305, Eps: 0.177, GA_count: 175, Steps: 568

Train 247/500 Loss: 0.000967, Reward: 36.4494, GA_prob: 0.315, Eps: 0.181, GA_count: 13, Steps: 58

Train 239/500 Loss: 0.005303, Reward: 238.5784, GA_prob: 0.302, Eps: 0.176, GA_count: 119, Steps: 388

Train 250/500 Loss: 0.001081, Reward: 95.2995, GA_prob: 0.304, Eps: 0.177, GA_count: 48, Steps: 148

Train 248/500 Loss: 0.001158, Reward: 100.6528, GA_prob: 0.314, Eps: 0.181, GA_count: 47, Steps: 148

Train 240/500 Loss: 0.001131, Reward: 61.6636, GA_prob: 0.303, Eps: 0.176, GA_count: 25, Steps: 88

Train 249/500 Loss: 0.005533, Reward: 338.4284, GA_prob: 0.313, Eps: 0.180, GA_count: 174, Steps: 568

Train 241/500 Loss: 0.006702, Reward: 338.0821, GA_prob: 0.301, Eps: 0.175, GA_count: 170, Steps: 568

Train 251/500 Loss: 0.003587, Reward: 54.9249, GA_prob: 0.311, Eps: 0.180, GA_count: 27, Steps: 88

Train 242/500 Loss: 0.001093, Reward: 231.3774, GA_prob: 0.302, Eps: 0.176, GA_count: 119, Steps: 388

Train 250/500 Loss: 0.001190, Reward: 330.9342, GA_prob: 0.313, Eps: 0.180, GA_count: 174, Steps: 568

Train 241/500 Loss: 0.005396, Reward: 125.5629, GA_prob: 0.299, Eps: 0.175, GA_count: 57, Steps: 208

Train 252/500 Loss: 0.001134, Reward: 55.5579, GA_prob: 0.311, Eps: 0.180, GA_count: 27, Steps: 88

Train 242/500 Loss: 0.005595, Reward: 132.3659, GA_prob: 0.298, Eps: 0.174, GA_count: 54, Steps: 208

Train 253/500 Loss: 0.001135, Reward: 333.9246, GA_prob: 0.301, Eps: 0.175, GA_count: 170, Steps: 568

Train 251/500 Loss: 0.005723, Reward: 239.9230, GA_prob: 0.297, Eps: 0.174, GA_count: 106, Steps: 388

Train 254/500 Loss: 0.005085, Reward: 445.5312, GA_prob: 0.310, Eps: 0.179, GA_count: 223, Steps: 748

Train 243/500 Loss: 0.001262, Reward: 123.1379, GA_prob: 0.299, Eps: 0.175, GA_count: 57, Steps: 208

Train 252/500 Loss: 0.004078, Reward: 94.3106, GA_prob: 0.296, Eps: 0.173, GA_count: 44, Steps: 148

Train 255/500 Loss: 0.001199, Reward: 438.9487, GA_prob: 0.310, Eps: 0.179, GA_count: 223, Steps: 748

Train 243/500 Loss: 0.001081, Reward: 131.6698, GA_prob: 0.298, Eps: 0.174, GA_count: 54, Steps: 208

Train 253/500 Loss: 0.004916, Reward: 179.6230, GA_prob: 0.309, Eps: 0.179, GA_count: 76, Steps: 298

Train 244/500 Loss: 0.001238, Reward: 177.3816, GA_prob: 0.309, Eps: 0.179, GA_count: 76, Steps: 298

Train 244/500 Loss: 0.001114, Reward: 234.8411, GA_prob: 0.297, Eps: 0.174, GA_count: 106, Steps: 388

Train 254/500 Loss: 0.001212, Reward: 97.6030, GA_prob: 0.296, Eps: 0.173, GA_count: 44, Steps: 148

Train 255/500 Loss: 0.004374, Reward: 458.7750, GA_prob: 0.295, Eps: 0.173, GA_count: 226, Steps: 748

Train 256/500 Loss: 0.004803, Reward: 337.4940, GA_prob: 0.308, Eps: 0.178, GA_count: 195, Steps: 568

Train 245/500 Loss: 0.005249, Reward: 94.4913, GA_prob: 0.293, Eps: 0.172, GA_count: 38, Steps: 148

Train 257/500 Loss: 0.010427, Reward: 38.4397, GA_prob: 0.307, Eps: 0.178, GA_count: 26, Steps: 58

Train 246/500 Loss: 0.006087, Reward: 52.2044, GA_prob: 0.292, Eps: 0.172, GA_count: 28, Steps: 88

Train 258/500 Loss: 0.001248, Reward: 332.0029, GA_prob: 0.308, Eps: 0.178, GA_count: 195, Steps: 568

Train 245/500 Loss: 0.001171, Reward: 39.9102, GA_prob: 0.307, Eps: 0.178, GA_count: 26, Steps: 58

Train 246/500 Loss: 0.003775, Reward: 176.6464, GA_prob: 0.291, Eps: 0.171, GA_count: 99, Steps: 298

Train 259/500 Loss: 0.009336, Reward: 35.9599, GA_prob: 0.290, Eps: 0.171, GA_count: 12, Steps: 58

Train 260/500 Loss: 0.000990, Reward: 453.0288, GA_prob: 0.295, Eps: 0.173, GA_count: 226, Steps: 748

Train 256/500 Loss: 0.006986, Reward: 85.9715, GA_prob: 0.289, Eps: 0.170, GA_count: 42, Steps: 148

Train 261/500 Loss: 0.000885, Reward: 97.9925, GA_prob: 0.293, Eps: 0.172, GA_count: 38, Steps: 148

Train 257/500 Loss: 0.005722, Reward: 445.9776, GA_prob: 0.305, Eps: 0.177, GA_count: 193, Steps: 748

Train 247/500 Loss: 0.001123, Reward: 56.0182, GA_prob: 0.292, Eps: 0.172, GA_count: 28, Steps: 88

Train 258/500 Loss: 0.001439, Reward: 444.7339, GA_prob: 0.305, Eps: 0.177, GA_count: 193, Steps: 748

Train 247/500 Loss: 0.006453, Reward: 187.0607, GA_prob: 0.287, Eps: 0.170, GA_count: 100, Steps: 298

Train 262/500 Loss: 0.007317, Reward: 40.2194, GA_prob: 0.286, Eps: 0.169, GA_count: 15, Steps: 58

Train 263/500 Loss: 0.001095, Reward: 176.4946, GA_prob: 0.291, Eps: 0.171, GA_count: 99, Steps: 298

Train 259/500 Loss: 0.001195, Reward: 36.7232, GA_prob: 0.290, Eps: 0.171, GA_count: 12, Steps: 58

Train 260/500 Loss: 0.004188, Reward: 348.7988, GA_prob: 0.304, Eps: 0.177, GA_count: 164, Steps: 568

Train 248/500 Loss: 0.001039, Reward: 87.4776, GA_prob: 0.289, Eps: 0.170, GA_count: 42, Steps: 148

Train 261/500 Loss: 0.004896, Reward: 190.6975, GA_prob: 0.285, Eps: 0.169, GA_count: 87, Steps: 298

Train 264/500 Loss: 0.004962, Reward: 38.1436, GA_prob: 0.284, Eps: 0.168, GA_count: 23, Steps: 58

Train 265/500 Loss: 0.001413, Reward: 341.6957, GA_prob: 0.304, Eps: 0.177, GA_count: 164, Steps: 568

Train 248/500 Loss: 0.004185, Reward: 184.7319, GA_prob: 0.303, Eps: 0.176, GA_count: 89, Steps: 298

Train 249/500 Loss: 0.000885, Reward: 188.0810, GA_prob: 0.287, Eps: 0.170, GA_count: 100, Steps: 298

Train 262/500 Loss: 0.000888, Reward: 38.8942, GA_prob: 0.286, Eps: 0.169, GA_count: 15, Steps: 58

Train 263/500 Loss: 0.005101, Reward: 90.1809, GA_prob: 0.302, Eps: 0.176, GA_count: 46, Steps: 148

Train 250/500 Loss: 0.001093, Reward: 187.7937, GA_prob: 0.303, Eps: 0.176, GA_count: 89, Steps: 298

Train 249/500 Loss: 0.001191, Reward: 90.4458, GA_prob: 0.302, Eps: 0.176, GA_count: 46, Steps: 148

Train 250/500 Loss: 0.004904, Reward: 131.6228, GA_prob: 0.301, Eps: 0.175, GA_count: 61, Steps: 208

Train 251/500 Loss: 0.001168, Reward: 190.0686, GA_prob: 0.285, Eps: 0.169, GA_count: 87, Steps: 298

Train 264/500 Loss: 0.006808, Reward: 38.9672, GA_prob: 0.299, Eps: 0.175, GA_count: 21, Steps: 58

Train 252/500 Loss: 0.001012, Reward: 38.6150, GA_prob: 0.284, Eps: 0.168, GA_count: 23, Steps: 58

Train 265/500 Loss: 0.006718, Reward: 449.7847, GA_prob: 0.283, Eps: 0.168, GA_count: 211, Steps: 748

Train 266/500 Loss: 0.005024, Reward: 35.4372, GA_prob: 0.298, Eps: 0.174, GA_count: 15, Steps: 58

Train 253/500 Loss: 0.001414, Reward: 134.1115, GA_prob: 0.301, Eps: 0.175, GA_count: 61, Steps: 208

Train 251/500 Loss: 0.009437, Reward: 50.6220, GA_prob: 0.281, Eps: 0.167, GA_count: 30, Steps: 88

Train 267/500 Loss: 0.001464, Reward: 38.3349, GA_prob: 0.299, Eps: 0.175, GA_count: 21, Steps: 58

Train 252/500 Loss: 0.001310, Reward: 35.3553, GA_prob: 0.298, Eps: 0.174, GA_count: 15, Steps: 58

Train 253/500 Loss: 0.007211, Reward: 195.4392, GA_prob: 0.297, Eps: 0.174, GA_count: 81, Steps: 298

Train 254/500 Loss: 0.008098, Reward: 190.3518, GA_prob: 0.280, Eps: 0.167, GA_count: 87, Steps: 298

Train 268/500 Loss: 0.004405, Reward: 96.2500, GA_prob: 0.296, Eps: 0.173, GA_count: 39, Steps: 148

Train 255/500 Loss: 0.001151, Reward: 194.3543, GA_prob: 0.297, Eps: 0.174, GA_count: 81, Steps: 298

Train 254/500 Loss: 0.001221, Reward: 93.6861, GA_prob: 0.296, Eps: 0.173, GA_count: 39, Steps: 148

Train 255/500 Loss: 0.000937, Reward: 443.6905, GA_prob: 0.283, Eps: 0.168, GA_count: 211, Steps: 748

Train 266/500 Loss: 0.005555, Reward: 243.5084, GA_prob: 0.279, Eps: 0.166, GA_count: 110, Steps: 388

Train 269/500 Loss: 0.000895, Reward: 52.5160, GA_prob: 0.281, Eps: 0.167, GA_count: 30, Steps: 88

Train 267/500 Loss: 0.006429, Reward: 327.3203, GA_prob: 0.295, Eps: 0.173, GA_count: 191, Steps: 568

Train 256/500 Loss: 0.005403, Reward: 183.0594, GA_prob: 0.278, Eps: 0.166, GA_count: 86, Steps: 298

Train 270/500 Loss: 0.000881, Reward: 183.8226, GA_prob: 0.280, Eps: 0.167, GA_count: 87, Steps: 298

Train 268/500 Loss: 0.004521, Reward: 37.3315, GA_prob: 0.277, Eps: 0.165, GA_count: 17, Steps: 58

Train 271/500 Loss: 0.001367, Reward: 324.1067, GA_prob: 0.295, Eps: 0.173, GA_count: 191, Steps: 568

Train 256/500 Loss: 0.006759, Reward: 95.6995, GA_prob: 0.275, Eps: 0.165, GA_count: 44, Steps: 148

Train 272/500 Loss: 0.007079, Reward: 92.7389, GA_prob: 0.274, Eps: 0.164, GA_count: 40, Steps: 148

Train 273/500 Loss: 0.000857, Reward: 242.6069, GA_prob: 0.279, Eps: 0.166, GA_count: 110, Steps: 388

Train 269/500 Loss: 0.007125, Reward: 340.6981, GA_prob: 0.293, Eps: 0.172, GA_count: 171, Steps: 568

Train 257/500 Loss: 0.000807, Reward: 181.5152, GA_prob: 0.278, Eps: 0.166, GA_count: 86, Steps: 298

Train 270/500 Loss: 0.001222, Reward: 337.9608, GA_prob: 0.293, Eps: 0.172, GA_count: 171, Steps: 568

Train 257/500 Loss: 0.000522, Reward: 39.2110, GA_prob: 0.277, Eps: 0.165, GA_count: 17, Steps: 58

Train 271/500 Loss: 0.006079, Reward: 129.5071, GA_prob: 0.292, Eps: 0.172, GA_count: 59, Steps: 208

Train 258/500 Loss: 0.000744, Reward: 97.2583, GA_prob: 0.275, Eps: 0.165, GA_count: 44, Steps: 148

Train 272/500 Loss: 0.001230, Reward: 125.6769, GA_prob: 0.292, Eps: 0.172, GA_count: 59, Steps: 208

Train 258/500 Loss: 0.005859, Reward: 444.0854, GA_prob: 0.273, Eps: 0.164, GA_count: 201, Steps: 748

Train 274/500 Loss: 0.000794, Reward: 92.5276, GA_prob: 0.274, Eps: 0.164, GA_count: 40, Steps: 148

Train 273/500 Loss: 0.006015, Reward: 340.9095, GA_prob: 0.291, Eps: 0.171, GA_count: 147, Steps: 568

Train 259/500 Loss: 0.004334, Reward: 237.2546, GA_prob: 0.272, Eps: 0.163, GA_count: 109, Steps: 388

Train 275/500 Loss: 0.001193, Reward: 335.7560, GA_prob: 0.291, Eps: 0.171, GA_count: 147, Steps: 568

Train 259/500 Loss: 0.005240, Reward: 75.0778, GA_prob: 0.271, Eps: 0.163, GA_count: 34, Steps: 118

Train 276/500 Loss: 0.000747, Reward: 442.3193, GA_prob: 0.273, Eps: 0.164, GA_count: 201, Steps: 748

Train 274/500 Loss: 0.004493, Reward: 128.2516, GA_prob: 0.269, Eps: 0.162, GA_count: 58, Steps: 208

Train 277/500 Loss: 0.008416, Reward: 37.4600, GA_prob: 0.268, Eps: 0.162, GA_count: 13, Steps: 58

Train 278/500 Loss: 0.005401, Reward: 338.1349, GA_prob: 0.290, Eps: 0.171, GA_count: 172, Steps: 568

Train 260/500 Loss: 0.000964, Reward: 334.6608, GA_prob: 0.290, Eps: 0.171, GA_count: 172, Steps: 568

Train 260/500 Loss: 0.004473, Reward: 128.4121, GA_prob: 0.289, Eps: 0.170, GA_count: 57, Steps: 208

Train 261/500 Loss: 0.005970, Reward: 186.2240, GA_prob: 0.267, Eps: 0.161, GA_count: 72, Steps: 298

Train 279/500 Loss: 0.007694, Reward: 36.3332, GA_prob: 0.287, Eps: 0.170, GA_count: 11, Steps: 58

Train 262/500 Loss: 0.000758, Reward: 237.0089, GA_prob: 0.272, Eps: 0.163, GA_count: 109, Steps: 388

Train 275/500 Loss: 0.006100, Reward: 55.4025, GA_prob: 0.266, Eps: 0.161, GA_count: 29, Steps: 88

Train 280/500 Loss: 0.007900, Reward: 59.5679, GA_prob: 0.286, Eps: 0.169, GA_count: 24, Steps: 88

Train 263/500 Loss: 0.000854, Reward: 127.7881, GA_prob: 0.289, Eps: 0.170, GA_count: 57, Steps: 208

Train 261/500 Loss: 0.000815, Reward: 73.4568, GA_prob: 0.271, Eps: 0.163, GA_count: 34, Steps: 118

Train 276/500 Loss: 0.001019, Reward: 37.3896, GA_prob: 0.287, Eps: 0.170, GA_count: 11, Steps: 58

Train 262/500 Loss: 0.000831, Reward: 63.2602, GA_prob: 0.286, Eps: 0.169, GA_count: 24, Steps: 88

Train 263/500 Loss: 0.000835, Reward: 127.3261, GA_prob: 0.269, Eps: 0.162, GA_count: 58, Steps: 208

Train 277/500 Loss: 0.000970, Reward: 38.5524, GA_prob: 0.268, Eps: 0.162, GA_count: 13, Steps: 58

Train 278/500 Loss: 0.005857, Reward: 340.6914, GA_prob: 0.285, Eps: 0.169, GA_count: 153, Steps: 568

Train 264/500 Loss: 0.000945, Reward: 193.4608, GA_prob: 0.267, Eps: 0.161, GA_count: 72, Steps: 298

Train 279/500 Loss: 0.005983, Reward: 438.7340, GA_prob: 0.265, Eps: 0.160, GA_count: 194, Steps: 748

Train 281/500 Loss: 0.005123, Reward: 95.1323, GA_prob: 0.284, Eps: 0.168, GA_count: 45, Steps: 148

Train 265/500 Loss: 0.000759, Reward: 56.8892, GA_prob: 0.266, Eps: 0.161, GA_count: 29, Steps: 88

Train 280/500 Loss: 0.000760, Reward: 335.7625, GA_prob: 0.285, Eps: 0.169, GA_count: 153, Steps: 568

Train 264/500 Loss: 0.000849, Reward: 99.5345, GA_prob: 0.284, Eps: 0.168, GA_count: 45, Steps: 148

Train 265/500 Loss: 0.007588, Reward: 134.1279, GA_prob: 0.283, Eps: 0.168, GA_count: 65, Steps: 208

Train 266/500 Loss: 0.001136, Reward: 133.4619, GA_prob: 0.283, Eps: 0.168, GA_count: 65, Steps: 208

Train 266/500 Loss: 0.006148, Reward: 446.0214, GA_prob: 0.263, Eps: 0.160, GA_count: 188, Steps: 748

Train 282/500 Loss: 0.001107, Reward: 429.2749, GA_prob: 0.265, Eps: 0.160, GA_count: 194, Steps: 748

Train 281/500 Loss: 0.004346, Reward: 56.7360, GA_prob: 0.262, Eps: 0.159, GA_count: 22, Steps: 88

Train 283/500 Loss: 0.006008, Reward: 448.0126, GA_prob: 0.281, Eps: 0.167, GA_count: 200, Steps: 748

Train 267/500 Loss: 0.003525, Reward: 133.4809, GA_prob: 0.261, Eps: 0.159, GA_count: 59, Steps: 208

Train 284/500 Loss: 0.006416, Reward: 97.5807, GA_prob: 0.260, Eps: 0.158, GA_count: 47, Steps: 148

Train 285/500 Loss: 0.000864, Reward: 443.5788, GA_prob: 0.281, Eps: 0.167, GA_count: 200, Steps: 748

Train 267/500 Loss: 0.004893, Reward: 242.4300, GA_prob: 0.280, Eps: 0.167, GA_count: 107, Steps: 388

Train 268/500 Loss: 0.001170, Reward: 438.7808, GA_prob: 0.263, Eps: 0.160, GA_count: 188, Steps: 748

Train 282/500 Loss: 0.000740, Reward: 55.6382, GA_prob: 0.262, Eps: 0.159, GA_count: 22, Steps: 88

Train 283/500 Loss: 0.000779, Reward: 239.7307, GA_prob: 0.280, Eps: 0.167, GA_count: 107, Steps: 388

Train 268/500 Loss: 0.005549, Reward: 188.5366, GA_prob: 0.279, Eps: 0.166, GA_count: 89, Steps: 298

Train 269/500 Loss: 0.004796, Reward: 342.0418, GA_prob: 0.259, Eps: 0.158, GA_count: 158, Steps: 568

Train 286/500 Loss: 0.001032, Reward: 131.4824, GA_prob: 0.261, Eps: 0.159, GA_count: 59, Steps: 208

Train 284/500 Loss: 0.002973, Reward: 57.8833, GA_prob: 0.257, Eps: 0.157, GA_count: 20, Steps: 88

Train 287/500 Loss: 0.000760, Reward: 188.8064, GA_prob: 0.279, Eps: 0.166, GA_count: 89, Steps: 298

Train 269/500 Loss: 0.001034, Reward: 101.8167, GA_prob: 0.260, Eps: 0.158, GA_count: 47, Steps: 148

Train 285/500 Loss: 0.008109, Reward: 77.5962, GA_prob: 0.256, Eps: 0.157, GA_count: 36, Steps: 118

Train 288/500 Loss: 0.003864, Reward: 243.3812, GA_prob: 0.278, Eps: 0.166, GA_count: 101, Steps: 388

Train 270/500 Loss: 0.006663, Reward: 92.7659, GA_prob: 0.255, Eps: 0.156, GA_count: 27, Steps: 148

Train 289/500 Loss: 0.003436, Reward: 131.3740, GA_prob: 0.277, Eps: 0.165, GA_count: 54, Steps: 208

Train 271/500 Loss: 0.000789, Reward: 236.1342, GA_prob: 0.278, Eps: 0.166, GA_count: 101, Steps: 388

Train 270/500 Loss: 0.002562, Reward: 73.9286, GA_prob: 0.275, Eps: 0.165, GA_count: 24, Steps: 118

Train 272/500 Loss: 0.001115, Reward: 334.9141, GA_prob: 0.259, Eps: 0.158, GA_count: 158, Steps: 568

Train 286/500 Loss: 0.005657, Reward: 92.4659, GA_prob: 0.274, Eps: 0.164, GA_count: 43, Steps: 148

Train 273/500 Loss: 0.000676, Reward: 132.2922, GA_prob: 0.277, Eps: 0.165, GA_count: 54, Steps: 208

Train 271/500 Loss: 0.001159, Reward: 57.5006, GA_prob: 0.257, Eps: 0.157, GA_count: 20, Steps: 88

Train 287/500 Loss: 0.005842, Reward: 334.3629, GA_prob: 0.254, Eps: 0.156, GA_count: 144, Steps: 568

Train 290/500 Loss: 0.000668, Reward: 71.0065, GA_prob: 0.275, Eps: 0.165, GA_count: 24, Steps: 118

Train 272/500 Loss: 0.000858, Reward: 77.4958, GA_prob: 0.256, Eps: 0.157, GA_count: 36, Steps: 118

Train 288/500 Loss: 0.007821, Reward: 59.1050, GA_prob: 0.253, Eps: 0.155, GA_count: 30, Steps: 88

Train 291/500 Loss: 0.000812, Reward: 96.0693, GA_prob: 0.274, Eps: 0.164, GA_count: 43, Steps: 148

Train 273/500 Loss: 0.008575, Reward: 57.3947, GA_prob: 0.251, Eps: 0.155, GA_count: 21, Steps: 88

Train 292/500 Loss: 0.001015, Reward: 90.1988, GA_prob: 0.255, Eps: 0.156, GA_count: 27, Steps: 148

Train 289/500 Loss: 0.004564, Reward: 461.9436, GA_prob: 0.273, Eps: 0.164, GA_count: 215, Steps: 748

Train 274/500 Loss: 0.001135, Reward: 327.3775, GA_prob: 0.254, Eps: 0.156, GA_count: 144, Steps: 568

Train 290/500 Loss: 0.001069, Reward: 60.6840, GA_prob: 0.253, Eps: 0.155, GA_count: 30, Steps: 88

Train 291/500 Loss: 0.006893, Reward: 450.8903, GA_prob: 0.250, Eps: 0.154, GA_count: 182, Steps: 748

Train 293/500 Loss: 0.000847, Reward: 451.1094, GA_prob: 0.273, Eps: 0.164, GA_count: 215, Steps: 748

Train 274/500 Loss: 0.001391, Reward: 57.8001, GA_prob: 0.251, Eps: 0.155, GA_count: 21, Steps: 88

Train 292/500 Loss: 0.006995, Reward: 181.2565, GA_prob: 0.249, Eps: 0.154, GA_count: 80, Steps: 298

Train 294/500 Loss: 0.003752, Reward: 350.4705, GA_prob: 0.272, Eps: 0.163, GA_count: 164, Steps: 568

Train 275/500 Loss: 0.000774, Reward: 342.6824, GA_prob: 0.272, Eps: 0.163, GA_count: 164, Steps: 568

Train 275/500 Loss: 0.004851, Reward: 244.3593, GA_prob: 0.248, Eps: 0.153, GA_count: 106, Steps: 388

Train 295/500 Loss: 0.001168, Reward: 440.5516, GA_prob: 0.250, Eps: 0.154, GA_count: 182, Steps: 748

Train 293/500 Loss: 0.005044, Reward: 186.3851, GA_prob: 0.246, Eps: 0.153, GA_count: 59, Steps: 298

Train 296/500 Loss: 0.001256, Reward: 183.6949, GA_prob: 0.249, Eps: 0.154, GA_count: 80, Steps: 298

Train 294/500 Loss: 0.005059, Reward: 450.6103, GA_prob: 0.271, Eps: 0.163, GA_count: 197, Steps: 748

Train 276/500 Loss: 0.005496, Reward: 230.8379, GA_prob: 0.245, Eps: 0.152, GA_count: 92, Steps: 388

Train 297/500 Loss: 0.000855, Reward: 443.6068, GA_prob: 0.271, Eps: 0.163, GA_count: 197, Steps: 748

Train 276/500 Loss: 0.001202, Reward: 238.8193, GA_prob: 0.248, Eps: 0.153, GA_count: 106, Steps: 388

Train 295/500 Loss: 0.002743, Reward: 238.4051, GA_prob: 0.269, Eps: 0.162, GA_count: 98, Steps: 388

Train 277/500 Loss: 0.004537, Reward: 56.0276, GA_prob: 0.268, Eps: 0.162, GA_count: 16, Steps: 88

Train 278/500 Loss: 0.001056, Reward: 198.4617, GA_prob: 0.246, Eps: 0.153, GA_count: 59, Steps: 298

Train 296/500 Loss: 0.000688, Reward: 231.7134, GA_prob: 0.269, Eps: 0.162, GA_count: 98, Steps: 388

Train 277/500 Loss: 0.001463, Reward: 56.6951, GA_prob: 0.268, Eps: 0.162, GA_count: 16, Steps: 88

Train 278/500 Loss: 0.003555, Reward: 190.7080, GA_prob: 0.267, Eps: 0.161, GA_count: 80, Steps: 298

Train 279/500 Loss: 0.005432, Reward: 452.6240, GA_prob: 0.244, Eps: 0.152, GA_count: 180, Steps: 748

Train 298/500 Loss: 0.001245, Reward: 228.6150, GA_prob: 0.245, Eps: 0.152, GA_count: 92, Steps: 388

Train 297/500 Loss: 0.000873, Reward: 192.6794, GA_prob: 0.267, Eps: 0.161, GA_count: 80, Steps: 298

Train 279/500 Loss: 0.003115, Reward: 237.9061, GA_prob: 0.266, Eps: 0.161, GA_count: 103, Steps: 388

Train 280/500 Loss: 0.005145, Reward: 181.3403, GA_prob: 0.243, Eps: 0.151, GA_count: 76, Steps: 298

Train 299/500 Loss: 0.000779, Reward: 233.7064, GA_prob: 0.266, Eps: 0.161, GA_count: 103, Steps: 388

Train 280/500 Loss: 0.004258, Reward: 336.1892, GA_prob: 0.265, Eps: 0.160, GA_count: 130, Steps: 568

Train 281/500 Loss: 0.001035, Reward: 442.4371, GA_prob: 0.244, Eps: 0.152, GA_count: 180, Steps: 748

Train 298/500 Loss: 0.005319, Reward: 349.2272, GA_prob: 0.242, Eps: 0.151, GA_count: 149, Steps: 568

Train 300/500 Loss: 0.005156, Reward: 96.0310, GA_prob: 0.263, Eps: 0.160, GA_count: 41, Steps: 148

Train 282/500 Loss: 0.000819, Reward: 331.4516, GA_prob: 0.265, Eps: 0.160, GA_count: 130, Steps: 568

Train 281/500 Loss: 0.006137, Reward: 182.7862, GA_prob: 0.240, Eps: 0.150, GA_count: 63, Steps: 298

Train 301/500 Loss: 0.000915, Reward: 185.0977, GA_prob: 0.243, Eps: 0.151, GA_count: 76, Steps: 298

Train 299/500 Loss: 0.007134, Reward: 77.5187, GA_prob: 0.239, Eps: 0.150, GA_count: 24, Steps: 118

Train 302/500 Loss: 0.000691, Reward: 97.2434, GA_prob: 0.263, Eps: 0.160, GA_count: 41, Steps: 148

Train 282/500 Loss: 0.005104, Reward: 246.7905, GA_prob: 0.262, Eps: 0.159, GA_count: 102, Steps: 388

Train 283/500 Loss: 0.007872, Reward: 57.3088, GA_prob: 0.261, Eps: 0.159, GA_count: 16, Steps: 88

Train 284/500 Loss: 0.012661, Reward: 37.0628, GA_prob: 0.260, Eps: 0.158, GA_count: 18, Steps: 58

Train 285/500 Loss: 0.000835, Reward: 250.1825, GA_prob: 0.262, Eps: 0.159, GA_count: 102, Steps: 388

Train 283/500 Loss: 0.000627, Reward: 59.6979, GA_prob: 0.261, Eps: 0.159, GA_count: 16, Steps: 88

Train 284/500 Loss: 0.000851, Reward: 344.0494, GA_prob: 0.242, Eps: 0.151, GA_count: 149, Steps: 568

Train 300/500 Loss: 0.006749, Reward: 346.6148, GA_prob: 0.238, Eps: 0.149, GA_count: 133, Steps: 568

Train 303/500 Loss: 0.000726, Reward: 39.4688, GA_prob: 0.260, Eps: 0.158, GA_count: 18, Steps: 58

Train 285/500 Loss: 0.007597, Reward: 183.4261, GA_prob: 0.259, Eps: 0.158, GA_count: 82, Steps: 298

Train 286/500 Loss: 0.005161, Reward: 59.0228, GA_prob: 0.237, Eps: 0.149, GA_count: 23, Steps: 88

Train 304/500 Loss: 0.007859, Reward: 135.1429, GA_prob: 0.257, Eps: 0.157, GA_count: 45, Steps: 208

Train 287/500 Loss: 0.001036, Reward: 183.1409, GA_prob: 0.240, Eps: 0.150, GA_count: 63, Steps: 298

Train 301/500 Loss: 0.006493, Reward: 53.7781, GA_prob: 0.256, Eps: 0.157, GA_count: 17, Steps: 88

Train 288/500 Loss: 0.000847, Reward: 181.2981, GA_prob: 0.259, Eps: 0.158, GA_count: 82, Steps: 298

Train 286/500 Loss: 0.001101, Reward: 80.5259, GA_prob: 0.239, Eps: 0.150, GA_count: 24, Steps: 118

Train 302/500 Loss: 0.006221, Reward: 181.7288, GA_prob: 0.236, Eps: 0.148, GA_count: 78, Steps: 298

Train 305/500 Loss: 0.000627, Reward: 139.2213, GA_prob: 0.257, Eps: 0.157, GA_count: 45, Steps: 208

Train 287/500 Loss: 0.000747, Reward: 53.3599, GA_prob: 0.256, Eps: 0.157, GA_count: 17, Steps: 88

Train 288/500 Loss: 0.006420, Reward: 184.5899, GA_prob: 0.234, Eps: 0.148, GA_count: 79, Steps: 298

Train 306/500 Loss: 0.007807, Reward: 238.7865, GA_prob: 0.255, Eps: 0.156, GA_count: 102, Steps: 388

Train 289/500 Loss: 0.004997, Reward: 55.6853, GA_prob: 0.233, Eps: 0.147, GA_count: 23, Steps: 88

Train 307/500 Loss: 0.000906, Reward: 344.7827, GA_prob: 0.238, Eps: 0.149, GA_count: 133, Steps: 568

Train 303/500 Loss: 0.001035, Reward: 58.9072, GA_prob: 0.237, Eps: 0.149, GA_count: 23, Steps: 88

Train 304/500 Loss: 0.000764, Reward: 237.9784, GA_prob: 0.255, Eps: 0.156, GA_count: 102, Steps: 388

Train 289/500 Loss: 0.006980, Reward: 181.2653, GA_prob: 0.232, Eps: 0.147, GA_count: 79, Steps: 298

Train 308/500 Loss: 0.008407, Reward: 56.7250, GA_prob: 0.231, Eps: 0.146, GA_count: 15, Steps: 88

Train 309/500 Loss: 0.001074, Reward: 178.9212, GA_prob: 0.236, Eps: 0.148, GA_count: 78, Steps: 298

Train 305/500 Loss: 0.007542, Reward: 446.8760, GA_prob: 0.254, Eps: 0.156, GA_count: 181, Steps: 748

Train 290/500 Loss: 0.001038, Reward: 176.5400, GA_prob: 0.234, Eps: 0.148, GA_count: 79, Steps: 298

Train 306/500 Loss: 0.000673, Reward: 58.3794, GA_prob: 0.233, Eps: 0.147, GA_count: 23, Steps: 88

Train 307/500 Loss: 0.000777, Reward: 438.9639, GA_prob: 0.254, Eps: 0.156, GA_count: 181, Steps: 748

Train 290/500 Loss: 0.005620, Reward: 455.1302, GA_prob: 0.230, Eps: 0.146, GA_count: 161, Steps: 748

Train 310/500 Loss: 0.005352, Reward: 349.8473, GA_prob: 0.253, Eps: 0.155, GA_count: 152, Steps: 568

Train 291/500 Loss: 0.000817, Reward: 177.8965, GA_prob: 0.232, Eps: 0.147, GA_count: 79, Steps: 298

Train 308/500 Loss: 0.000948, Reward: 55.5227, GA_prob: 0.231, Eps: 0.146, GA_count: 15, Steps: 88

Train 309/500 Loss: 0.005985, Reward: 186.6061, GA_prob: 0.251, Eps: 0.155, GA_count: 78, Steps: 298

Train 292/500 Loss: 0.000756, Reward: 349.3463, GA_prob: 0.253, Eps: 0.155, GA_count: 152, Steps: 568

Train 291/500 Loss: 0.004762, Reward: 349.0645, GA_prob: 0.228, Eps: 0.145, GA_count: 127, Steps: 568

Train 311/500 Loss: 0.008369, Reward: 93.8441, GA_prob: 0.250, Eps: 0.154, GA_count: 37, Steps: 148

Train 293/500 Loss: 0.003683, Reward: 56.2266, GA_prob: 0.249, Eps: 0.154, GA_count: 23, Steps: 88

Train 294/500 Loss: 0.005693, Reward: 134.9605, GA_prob: 0.227, Eps: 0.145, GA_count: 55, Steps: 208

Train 312/500 Loss: 0.006388, Reward: 37.4267, GA_prob: 0.248, Eps: 0.153, GA_count: 15, Steps: 58

Train 295/500 Loss: 0.000713, Reward: 185.2296, GA_prob: 0.251, Eps: 0.155, GA_count: 78, Steps: 298

Train 292/500 Loss: 0.005708, Reward: 74.9565, GA_prob: 0.226, Eps: 0.144, GA_count: 24, Steps: 118

Train 313/500 Loss: 0.000781, Reward: 450.9198, GA_prob: 0.230, Eps: 0.146, GA_count: 161, Steps: 748

Train 310/500 Loss: 0.004016, Reward: 80.1663, GA_prob: 0.246, Eps: 0.153, GA_count: 33, Steps: 118

Train 296/500 Loss: 0.005446, Reward: 58.0923, GA_prob: 0.225, Eps: 0.144, GA_count: 21, Steps: 88

Train 314/500 Loss: 0.000557, Reward: 96.5191, GA_prob: 0.250, Eps: 0.154, GA_count: 37, Steps: 148

Train 293/500 Loss: 0.001092, Reward: 56.9351, GA_prob: 0.249, Eps: 0.154, GA_count: 23, Steps: 88

Train 294/500 Loss: 0.000565, Reward: 37.0462, GA_prob: 0.248, Eps: 0.153, GA_count: 15, Steps: 58

Train 295/500 Loss: 0.000903, Reward: 81.2834, GA_prob: 0.246, Eps: 0.153, GA_count: 33, Steps: 118

Train 296/500 Loss: 0.005280, Reward: 239.7173, GA_prob: 0.245, Eps: 0.152, GA_count: 91, Steps: 388

Train 297/500 Loss: 0.000795, Reward: 344.5640, GA_prob: 0.228, Eps: 0.145, GA_count: 127, Steps: 568

Train 311/500 Loss: 0.004954, Reward: 336.9078, GA_prob: 0.224, Eps: 0.143, GA_count: 130, Steps: 568

Train 315/500 Loss: 0.005768, Reward: 183.5294, GA_prob: 0.244, Eps: 0.152, GA_count: 60, Steps: 298

Train 298/500 Loss: 0.000739, Reward: 237.7979, GA_prob: 0.245, Eps: 0.152, GA_count: 91, Steps: 388

Train 297/500 Loss: 0.001005, Reward: 134.2531, GA_prob: 0.227, Eps: 0.145, GA_count: 55, Steps: 208

Train 312/500 Loss: 0.006050, Reward: 184.8709, GA_prob: 0.222, Eps: 0.143, GA_count: 62, Steps: 298

Train 316/500 Loss: 0.000970, Reward: 83.3931, GA_prob: 0.226, Eps: 0.144, GA_count: 24, Steps: 118

Train 313/500 Loss: 0.006026, Reward: 57.2200, GA_prob: 0.221, Eps: 0.142, GA_count: 12, Steps: 88

Train 317/500 Loss: 0.000776, Reward: 57.7126, GA_prob: 0.225, Eps: 0.144, GA_count: 21, Steps: 88

Train 314/500 Loss: 0.000764, Reward: 182.0518, GA_prob: 0.244, Eps: 0.152, GA_count: 60, Steps: 298

Train 298/500 Loss: 0.005746, Reward: 129.6059, GA_prob: 0.220, Eps: 0.142, GA_count: 43, Steps: 208

Train 318/500 Loss: 0.006967, Reward: 97.8095, GA_prob: 0.219, Eps: 0.141, GA_count: 39, Steps: 148

Train 319/500 Loss: 0.005365, Reward: 440.9462, GA_prob: 0.243, Eps: 0.151, GA_count: 181, Steps: 748

Train 299/500 Loss: 0.004538, Reward: 134.3145, GA_prob: 0.218, Eps: 0.141, GA_count: 41, Steps: 208

Train 320/500 Loss: 0.000749, Reward: 334.4895, GA_prob: 0.224, Eps: 0.143, GA_count: 130, Steps: 568

Train 315/500 Loss: 0.003756, Reward: 189.9770, GA_prob: 0.216, Eps: 0.140, GA_count: 64, Steps: 298

Train 321/500 Loss: 0.000780, Reward: 439.9070, GA_prob: 0.243, Eps: 0.151, GA_count: 181, Steps: 748

Train 299/500 Loss: 0.000826, Reward: 182.7928, GA_prob: 0.222, Eps: 0.143, GA_count: 62, Steps: 298

Train 316/500 Loss: 0.005983, Reward: 71.9043, GA_prob: 0.215, Eps: 0.140, GA_count: 23, Steps: 118

Train 322/500 Loss: 0.000763, Reward: 56.6653, GA_prob: 0.221, Eps: 0.142, GA_count: 12, Steps: 88

Train 317/500 Loss: 0.006279, Reward: 338.0398, GA_prob: 0.242, Eps: 0.151, GA_count: 124, Steps: 568

Train 300/500 Loss: 0.005737, Reward: 60.0625, GA_prob: 0.240, Eps: 0.150, GA_count: 24, Steps: 88

Train 301/500 Loss: 0.009087, Reward: 129.7769, GA_prob: 0.214, Eps: 0.139, GA_count: 44, Steps: 208

Train 323/500 Loss: 0.000880, Reward: 130.9769, GA_prob: 0.220, Eps: 0.142, GA_count: 43, Steps: 208

Train 318/500 Loss: 0.000799, Reward: 101.9112, GA_prob: 0.219, Eps: 0.141, GA_count: 39, Steps: 148

Train 319/500 Loss: 0.005681, Reward: 131.7314, GA_prob: 0.213, Eps: 0.139, GA_count: 37, Steps: 208

Train 324/500 Loss: 0.008138, Reward: 134.4122, GA_prob: 0.239, Eps: 0.150, GA_count: 53, Steps: 208

Train 302/500 Loss: 0.000915, Reward: 333.4996, GA_prob: 0.242, Eps: 0.151, GA_count: 124, Steps: 568

Train 300/500 Loss: 0.008768, Reward: 95.8843, GA_prob: 0.212, Eps: 0.138, GA_count: 39, Steps: 148

Train 325/500 Loss: 0.000954, Reward: 57.8157, GA_prob: 0.240, Eps: 0.150, GA_count: 24, Steps: 88

Train 301/500 Loss: 0.000825, Reward: 137.7731, GA_prob: 0.218, Eps: 0.141, GA_count: 41, Steps: 208

Train 320/500 Loss: 0.007940, Reward: 75.9134, GA_prob: 0.210, Eps: 0.138, GA_count: 26, Steps: 118

Train 326/500 Loss: 0.008545, Reward: 182.3372, GA_prob: 0.238, Eps: 0.149, GA_count: 72, Steps: 298

Train 303/500 Loss: 0.000838, Reward: 138.3052, GA_prob: 0.239, Eps: 0.150, GA_count: 53, Steps: 208

Train 302/500 Loss: 0.000744, Reward: 188.7343, GA_prob: 0.216, Eps: 0.140, GA_count: 64, Steps: 298

Train 321/500 Loss: 0.009238, Reward: 132.3445, GA_prob: 0.209, Eps: 0.137, GA_count: 47, Steps: 208

Train 327/500 Loss: 0.005550, Reward: 93.7669, GA_prob: 0.237, Eps: 0.149, GA_count: 34, Steps: 148

Train 304/500 Loss: 0.000702, Reward: 74.5306, GA_prob: 0.215, Eps: 0.140, GA_count: 23, Steps: 118

Train 322/500 Loss: 0.006462, Reward: 54.4556, GA_prob: 0.236, Eps: 0.148, GA_count: 20, Steps: 88

Train 305/500 Loss: 0.000925, Reward: 178.4033, GA_prob: 0.238, Eps: 0.149, GA_count: 72, Steps: 298

Train 303/500 Loss: 0.000740, Reward: 134.4066, GA_prob: 0.214, Eps: 0.139, GA_count: 44, Steps: 208

Train 323/500 Loss: 0.008409, Reward: 133.8862, GA_prob: 0.234, Eps: 0.148, GA_count: 57, Steps: 208

Train 306/500 Loss: 0.007599, Reward: 227.9941, GA_prob: 0.208, Eps: 0.137, GA_count: 90, Steps: 388

Train 328/500 Loss: 0.000928, Reward: 96.6856, GA_prob: 0.237, Eps: 0.149, GA_count: 34, Steps: 148

Train 304/500 Loss: 0.000669, Reward: 128.4380, GA_prob: 0.213, Eps: 0.139, GA_count: 37, Steps: 208

Train 324/500 Loss: 0.001125, Reward: 53.4300, GA_prob: 0.236, Eps: 0.148, GA_count: 20, Steps: 88

Train 305/500 Loss: 0.009707, Reward: 73.3108, GA_prob: 0.207, Eps: 0.136, GA_count: 27, Steps: 118

Train 329/500 Loss: 0.000773, Reward: 96.2359, GA_prob: 0.212, Eps: 0.138, GA_count: 39, Steps: 148

Train 325/500 Loss: 0.010340, Reward: 131.2586, GA_prob: 0.206, Eps: 0.136, GA_count: 33, Steps: 208

Train 330/500 Loss: 0.001168, Reward: 137.9545, GA_prob: 0.234, Eps: 0.148, GA_count: 57, Steps: 208

Train 306/500 Loss: 0.000651, Reward: 80.6379, GA_prob: 0.210, Eps: 0.138, GA_count: 26, Steps: 118

Train 326/500 Loss: 0.004781, Reward: 337.2377, GA_prob: 0.233, Eps: 0.147, GA_count: 117, Steps: 568

Train 307/500 Loss: 0.000813, Reward: 131.3608, GA_prob: 0.209, Eps: 0.137, GA_count: 47, Steps: 208

Train 327/500 Loss: 0.005287, Reward: 74.5840, GA_prob: 0.232, Eps: 0.147, GA_count: 30, Steps: 118

Train 308/500 Loss: 0.004494, Reward: 37.5543, GA_prob: 0.231, Eps: 0.146, GA_count: 15, Steps: 58

Train 309/500 Loss: 0.001208, Reward: 322.3185, GA_prob: 0.233, Eps: 0.147, GA_count: 117, Steps: 568

Train 307/500 Loss: 0.007453, Reward: 130.1641, GA_prob: 0.230, Eps: 0.146, GA_count: 60, Steps: 208

Train 310/500 Loss: 0.005827, Reward: 462.5547, GA_prob: 0.204, Eps: 0.135, GA_count: 145, Steps: 748

Train 331/500 Loss: 0.000928, Reward: 228.0312, GA_prob: 0.208, Eps: 0.137, GA_count: 90, Steps: 388

Train 328/500 Loss: 0.001076, Reward: 74.3023, GA_prob: 0.232, Eps: 0.147, GA_count: 30, Steps: 118

Train 308/500 Loss: 0.000794, Reward: 38.2974, GA_prob: 0.231, Eps: 0.146, GA_count: 15, Steps: 58

Train 309/500 Loss: 0.001163, Reward: 75.9152, GA_prob: 0.207, Eps: 0.136, GA_count: 27, Steps: 118

Train 329/500 Loss: 0.005302, Reward: 179.8333, GA_prob: 0.228, Eps: 0.145, GA_count: 68, Steps: 298

Train 311/500 Loss: 0.000947, Reward: 134.6395, GA_prob: 0.206, Eps: 0.136, GA_count: 33, Steps: 208

Train 330/500 Loss: 0.005524, Reward: 51.2383, GA_prob: 0.227, Eps: 0.145, GA_count: 13, Steps: 88

Train 312/500 Loss: 0.004451, Reward: 237.4540, GA_prob: 0.203, Eps: 0.135, GA_count: 79, Steps: 388

Train 332/500 Loss: 0.001001, Reward: 126.8807, GA_prob: 0.230, Eps: 0.146, GA_count: 60, Steps: 208

Train 310/500 Loss: 0.011753, Reward: 54.3587, GA_prob: 0.226, Eps: 0.144, GA_count: 19, Steps: 88

Train 313/500 Loss: 0.013229, Reward: 37.0261, GA_prob: 0.225, Eps: 0.144, GA_count: 17, Steps: 58

Train 314/500 Loss: 0.004754, Reward: 127.0734, GA_prob: 0.202, Eps: 0.134, GA_count: 48, Steps: 208

Train 333/500 Loss: 0.009020, Reward: 59.2505, GA_prob: 0.224, Eps: 0.143, GA_count: 17, Steps: 88

Train 315/500 Loss: 0.007189, Reward: 69.9860, GA_prob: 0.201, Eps: 0.134, GA_count: 18, Steps: 118

Train 334/500 Loss: 0.001000, Reward: 181.8291, GA_prob: 0.228, Eps: 0.145, GA_count: 68, Steps: 298

Train 311/500 Loss: 0.000868, Reward: 48.4231, GA_prob: 0.227, Eps: 0.145, GA_count: 13, Steps: 88

Train 312/500 Loss: 0.000874, Reward: 58.2163, GA_prob: 0.226, Eps: 0.144, GA_count: 19, Steps: 88

Train 313/500 Loss: 0.000883, Reward: 38.4021, GA_prob: 0.225, Eps: 0.144, GA_count: 17, Steps: 58

Train 314/500 Loss: 0.000904, Reward: 59.3145, GA_prob: 0.224, Eps: 0.143, GA_count: 17, Steps: 88

Train 315/500 Loss: 0.001023, Reward: 456.7401, GA_prob: 0.204, Eps: 0.135, GA_count: 145, Steps: 748

Train 331/500 Loss: 0.004648, Reward: 351.7490, GA_prob: 0.200, Eps: 0.133, GA_count: 113, Steps: 568

Train 335/500 Loss: 0.005854, Reward: 445.6202, GA_prob: 0.222, Eps: 0.143, GA_count: 134, Steps: 748

Train 316/500 Loss: 0.003830, Reward: 58.8062, GA_prob: 0.198, Eps: 0.133, GA_count: 16, Steps: 88

Train 336/500 Loss: 0.003963, Reward: 91.6218, GA_prob: 0.221, Eps: 0.142, GA_count: 29, Steps: 148

Train 317/500 Loss: 0.000987, Reward: 232.9343, GA_prob: 0.203, Eps: 0.135, GA_count: 79, Steps: 388

Train 332/500 Loss: 0.004704, Reward: 96.8782, GA_prob: 0.220, Eps: 0.142, GA_count: 28, Steps: 148

Train 318/500 Loss: 0.001019, Reward: 127.7826, GA_prob: 0.202, Eps: 0.134, GA_count: 48, Steps: 208

Train 333/500 Loss: 0.000923, Reward: 439.9743, GA_prob: 0.222, Eps: 0.143, GA_count: 134, Steps: 748

Train 316/500 Loss: 0.005569, Reward: 94.3592, GA_prob: 0.219, Eps: 0.141, GA_count: 29, Steps: 148

Train 319/500 Loss: 0.000763, Reward: 69.1427, GA_prob: 0.201, Eps: 0.134, GA_count: 18, Steps: 118

Train 334/500 Loss: 0.000696, Reward: 86.9362, GA_prob: 0.221, Eps: 0.142, GA_count: 29, Steps: 148

Train 317/500 Loss: 0.003788, Reward: 343.5569, GA_prob: 0.197, Eps: 0.132, GA_count: 124, Steps: 568

Train 337/500 Loss: 0.003374, Reward: 56.8708, GA_prob: 0.196, Eps: 0.132, GA_count: 19, Steps: 88

Train 338/500 Loss: 0.000655, Reward: 93.1955, GA_prob: 0.220, Eps: 0.142, GA_count: 28, Steps: 148

Train 318/500 Loss: 0.000676, Reward: 92.5083, GA_prob: 0.219, Eps: 0.141, GA_count: 29, Steps: 148

Train 319/500 Loss: 0.005512, Reward: 341.1013, GA_prob: 0.218, Eps: 0.141, GA_count: 126, Steps: 568

Train 320/500 Loss: 0.000977, Reward: 347.7708, GA_prob: 0.200, Eps: 0.133, GA_count: 113, Steps: 568

Train 335/500 Loss: 0.005502, Reward: 237.6273, GA_prob: 0.195, Eps: 0.131, GA_count: 74, Steps: 388

Train 339/500 Loss: 0.000864, Reward: 61.9044, GA_prob: 0.198, Eps: 0.133, GA_count: 16, Steps: 88

Train 336/500 Loss: 0.005235, Reward: 238.9185, GA_prob: 0.194, Eps: 0.131, GA_count: 67, Steps: 388

Train 340/500 Loss: 0.000815, Reward: 335.8232, GA_prob: 0.218, Eps: 0.141, GA_count: 126, Steps: 568

Train 320/500 Loss: 0.005148, Reward: 80.4518, GA_prob: 0.192, Eps: 0.130, GA_count: 33, Steps: 118

Train 341/500 Loss: 0.000951, Reward: 340.9899, GA_prob: 0.197, Eps: 0.132, GA_count: 124, Steps: 568

Train 337/500 Loss: 0.004685, Reward: 458.2144, GA_prob: 0.216, Eps: 0.140, GA_count: 148, Steps: 748

Train 321/500 Loss: 0.000839, Reward: 59.9910, GA_prob: 0.196, Eps: 0.132, GA_count: 19, Steps: 88

Train 338/500 Loss: 0.004111, Reward: 56.5480, GA_prob: 0.215, Eps: 0.140, GA_count: 20, Steps: 88

Train 322/500 Loss: 0.002317, Reward: 95.4085, GA_prob: 0.214, Eps: 0.139, GA_count: 23, Steps: 148

Train 323/500 Loss: 0.001950, Reward: 37.3025, GA_prob: 0.213, Eps: 0.139, GA_count: 15, Steps: 58

Train 324/500 Loss: 0.000798, Reward: 454.7740, GA_prob: 0.216, Eps: 0.140, GA_count: 148, Steps: 748

Train 321/500 Loss: 0.000765, Reward: 237.4633, GA_prob: 0.195, Eps: 0.131, GA_count: 74, Steps: 388

Train 339/500 Loss: 0.000859, Reward: 55.1244, GA_prob: 0.215, Eps: 0.140, GA_count: 20, Steps: 88

Train 322/500 Loss: 0.005406, Reward: 442.1469, GA_prob: 0.191, Eps: 0.130, GA_count: 144, Steps: 748

Train 342/500 Loss: 0.004657, Reward: 179.3292, GA_prob: 0.212, Eps: 0.138, GA_count: 64, Steps: 298

Train 325/500 Loss: 0.000768, Reward: 97.3154, GA_prob: 0.214, Eps: 0.139, GA_count: 23, Steps: 148

Train 323/500 Loss: 0.005291, Reward: 93.2149, GA_prob: 0.190, Eps: 0.129, GA_count: 24, Steps: 148

Train 343/500 Loss: 0.000954, Reward: 38.2137, GA_prob: 0.213, Eps: 0.139, GA_count: 15, Steps: 58

Train 324/500 Loss: 0.000764, Reward: 240.9259, GA_prob: 0.194, Eps: 0.131, GA_count: 67, Steps: 388

Train 340/500 Loss: 0.000764, Reward: 83.8844, GA_prob: 0.192, Eps: 0.130, GA_count: 33, Steps: 118

Train 341/500 Loss: 0.004522, Reward: 237.0956, GA_prob: 0.210, Eps: 0.138, GA_count: 89, Steps: 388

Train 326/500 Loss: 0.000943, Reward: 182.2865, GA_prob: 0.212, Eps: 0.138, GA_count: 64, Steps: 298

Train 325/500 Loss: 0.008328, Reward: 58.2910, GA_prob: 0.209, Eps: 0.137, GA_count: 12, Steps: 88

Train 327/500 Loss: 0.004605, Reward: 447.2407, GA_prob: 0.189, Eps: 0.129, GA_count: 112, Steps: 748

Train 344/500 Loss: 0.006687, Reward: 132.1247, GA_prob: 0.208, Eps: 0.137, GA_count: 53, Steps: 208

Train 328/500 Loss: 0.000729, Reward: 230.9430, GA_prob: 0.210, Eps: 0.138, GA_count: 89, Steps: 388

Train 326/500 Loss: 0.009255, Reward: 92.1421, GA_prob: 0.207, Eps: 0.136, GA_count: 38, Steps: 148

Train 329/500 Loss: 0.001062, Reward: 60.9644, GA_prob: 0.209, Eps: 0.137, GA_count: 12, Steps: 88

Train 327/500 Loss: 0.003806, Reward: 184.6192, GA_prob: 0.188, Eps: 0.128, GA_count: 37, Steps: 298

Train 345/500 Loss: 0.004502, Reward: 53.3115, GA_prob: 0.186, Eps: 0.128, GA_count: 12, Steps: 88

Train 346/500 Loss: 0.005011, Reward: 74.6375, GA_prob: 0.206, Eps: 0.136, GA_count: 21, Steps: 118

Train 330/500 Loss: 0.000994, Reward: 439.1987, GA_prob: 0.191, Eps: 0.130, GA_count: 144, Steps: 748

Train 342/500 Loss: 0.006647, Reward: 90.8630, GA_prob: 0.204, Eps: 0.135, GA_count: 23, Steps: 148

Train 331/500 Loss: 0.000860, Reward: 136.8535, GA_prob: 0.208, Eps: 0.137, GA_count: 53, Steps: 208

Train 328/500 Loss: 0.000786, Reward: 97.3605, GA_prob: 0.190, Eps: 0.129, GA_count: 24, Steps: 148

Train 343/500 Loss: 0.007938, Reward: 59.9725, GA_prob: 0.203, Eps: 0.135, GA_count: 24, Steps: 88

Train 332/500 Loss: 0.001019, Reward: 90.5186, GA_prob: 0.207, Eps: 0.136, GA_count: 38, Steps: 148

Train 329/500 Loss: 0.011993, Reward: 90.1785, GA_prob: 0.202, Eps: 0.134, GA_count: 34, Steps: 148

Train 333/500 Loss: 0.001143, Reward: 73.1288, GA_prob: 0.206, Eps: 0.136, GA_count: 21, Steps: 118

Train 330/500 Loss: 0.001031, Reward: 88.7212, GA_prob: 0.204, Eps: 0.135, GA_count: 23, Steps: 148

Train 331/500 Loss: 0.004063, Reward: 438.5280, GA_prob: 0.185, Eps: 0.127, GA_count: 134, Steps: 748

Train 347/500 Loss: 0.001017, Reward: 60.0112, GA_prob: 0.203, Eps: 0.135, GA_count: 24, Steps: 88

Train 332/500 Loss: 0.003692, Reward: 57.4960, GA_prob: 0.184, Eps: 0.127, GA_count: 12, Steps: 88

Train 348/500 Loss: 0.000980, Reward: 441.1147, GA_prob: 0.189, Eps: 0.129, GA_count: 112, Steps: 748

Train 344/500 Loss: 0.000765, Reward: 89.8851, GA_prob: 0.202, Eps: 0.134, GA_count: 34, Steps: 148

Train 333/500 Loss: 0.006551, Reward: 94.8945, GA_prob: 0.183, Eps: 0.126, GA_count: 29, Steps: 148

Train 349/500 Loss: 0.004312, Reward: 51.0463, GA_prob: 0.182, Eps: 0.126, GA_count: 17, Steps: 88

Train 350/500 Loss: 0.000786, Reward: 183.3239, GA_prob: 0.188, Eps: 0.128, GA_count: 37, Steps: 298

Train 345/500 Loss: 0.001130, Reward: 56.4335, GA_prob: 0.186, Eps: 0.128, GA_count: 12, Steps: 88

Train 346/500 Loss: 0.006894, Reward: 459.4105, GA_prob: 0.201, Eps: 0.134, GA_count: 135, Steps: 748

Train 334/500 Loss: 0.005915, Reward: 185.8955, GA_prob: 0.180, Eps: 0.125, GA_count: 56, Steps: 298

Train 351/500 Loss: 0.006657, Reward: 100.0497, GA_prob: 0.179, Eps: 0.125, GA_count: 24, Steps: 148

Train 352/500 Loss: 0.009937, Reward: 242.1008, GA_prob: 0.200, Eps: 0.133, GA_count: 85, Steps: 388

Train 335/500 Loss: 0.001029, Reward: 445.6923, GA_prob: 0.201, Eps: 0.134, GA_count: 135, Steps: 748

Train 334/500 Loss: 0.000908, Reward: 428.6730, GA_prob: 0.185, Eps: 0.127, GA_count: 134, Steps: 748

Train 347/500 Loss: 0.000890, Reward: 56.5403, GA_prob: 0.184, Eps: 0.127, GA_count: 12, Steps: 88

Train 348/500 Loss: 0.006190, Reward: 245.0215, GA_prob: 0.198, Eps: 0.133, GA_count: 69, Steps: 388

Train 336/500 Loss: 0.004333, Reward: 347.7384, GA_prob: 0.178, Eps: 0.124, GA_count: 106, Steps: 568

Train 353/500 Loss: 0.009404, Reward: 36.5451, GA_prob: 0.197, Eps: 0.132, GA_count: 10, Steps: 58

Train 337/500 Loss: 0.000979, Reward: 239.2143, GA_prob: 0.200, Eps: 0.133, GA_count: 85, Steps: 388

Train 335/500 Loss: 0.001010, Reward: 94.1702, GA_prob: 0.183, Eps: 0.126, GA_count: 29, Steps: 148

Train 349/500 Loss: 0.008065, Reward: 76.4927, GA_prob: 0.196, Eps: 0.132, GA_count: 20, Steps: 118

Train 338/500 Loss: 0.006331, Reward: 75.7299, GA_prob: 0.177, Eps: 0.124, GA_count: 22, Steps: 118

Train 354/500 Loss: 0.001109, Reward: 54.7444, GA_prob: 0.182, Eps: 0.126, GA_count: 17, Steps: 88

Train 350/500 Loss: 0.000752, Reward: 248.3532, GA_prob: 0.198, Eps: 0.133, GA_count: 69, Steps: 388

Train 336/500 Loss: 0.000856, Reward: 36.9119, GA_prob: 0.197, Eps: 0.132, GA_count: 10, Steps: 58

Train 337/500 Loss: 0.000988, Reward: 182.8736, GA_prob: 0.180, Eps: 0.125, GA_count: 56, Steps: 298

Train 351/500 Loss: 0.000891, Reward: 80.9909, GA_prob: 0.196, Eps: 0.132, GA_count: 20, Steps: 118

Train 338/500 Loss: 0.000932, Reward: 103.1907, GA_prob: 0.179, Eps: 0.125, GA_count: 24, Steps: 148

Train 352/500 Loss: 0.008393, Reward: 345.7030, GA_prob: 0.195, Eps: 0.131, GA_count: 110, Steps: 568

Train 339/500 Loss: 0.005617, Reward: 443.0066, GA_prob: 0.176, Eps: 0.123, GA_count: 128, Steps: 748

Train 355/500 Loss: 0.007465, Reward: 75.1765, GA_prob: 0.194, Eps: 0.131, GA_count: 22, Steps: 118

Train 340/500 Loss: 0.006756, Reward: 38.0082, GA_prob: 0.192, Eps: 0.130, GA_count: 12, Steps: 58

Train 341/500 Loss: 0.005286, Reward: 56.2670, GA_prob: 0.174, Eps: 0.123, GA_count: 17, Steps: 88

Train 356/500 Loss: 0.000811, Reward: 341.4496, GA_prob: 0.195, Eps: 0.131, GA_count: 110, Steps: 568

Train 339/500 Loss: 0.006391, Reward: 187.6047, GA_prob: 0.191, Eps: 0.130, GA_count: 61, Steps: 298

Train 342/500 Loss: 0.000866, Reward: 343.1930, GA_prob: 0.178, Eps: 0.124, GA_count: 106, Steps: 568

Train 353/500 Loss: 0.000666, Reward: 73.0271, GA_prob: 0.194, Eps: 0.131, GA_count: 22, Steps: 118

Train 340/500 Loss: 0.006637, Reward: 242.6053, GA_prob: 0.173, Eps: 0.122, GA_count: 70, Steps: 388

Train 357/500 Loss: 0.000744, Reward: 40.3810, GA_prob: 0.192, Eps: 0.130, GA_count: 12, Steps: 58

Train 341/500 Loss: 0.000960, Reward: 74.9534, GA_prob: 0.177, Eps: 0.124, GA_count: 22, Steps: 118

Train 354/500 Loss: 0.003952, Reward: 241.8096, GA_prob: 0.190, Eps: 0.129, GA_count: 85, Steps: 388

Train 343/500 Loss: 0.005008, Reward: 239.3985, GA_prob: 0.172, Eps: 0.122, GA_count: 59, Steps: 388

Train 358/500 Loss: 0.000941, Reward: 184.6184, GA_prob: 0.191, Eps: 0.130, GA_count: 61, Steps: 298

Train 342/500 Loss: 0.005842, Reward: 97.0142, GA_prob: 0.189, Eps: 0.129, GA_count: 30, Steps: 148

Train 344/500 Loss: 0.006853, Reward: 131.5780, GA_prob: 0.188, Eps: 0.128, GA_count: 47, Steps: 208

Train 345/500 Loss: 0.000920, Reward: 437.5300, GA_prob: 0.176, Eps: 0.123, GA_count: 128, Steps: 748

Train 355/500 Loss: 0.004386, Reward: 242.6756, GA_prob: 0.171, Eps: 0.121, GA_count: 81, Steps: 388

Train 359/500 Loss: 0.000758, Reward: 239.9116, GA_prob: 0.190, Eps: 0.129, GA_count: 85, Steps: 388

Train 343/500 Loss: 0.000733, Reward: 54.5404, GA_prob: 0.174, Eps: 0.123, GA_count: 17, Steps: 88

Train 356/500 Loss: 0.007601, Reward: 76.6827, GA_prob: 0.186, Eps: 0.128, GA_count: 25, Steps: 118

Train 346/500 Loss: 0.000557, Reward: 102.8063, GA_prob: 0.189, Eps: 0.129, GA_count: 30, Steps: 148

Train 344/500 Loss: 0.005654, Reward: 77.3140, GA_prob: 0.185, Eps: 0.127, GA_count: 21, Steps: 118

Train 347/500 Loss: 0.003158, Reward: 188.1204, GA_prob: 0.170, Eps: 0.121, GA_count: 50, Steps: 298

Train 360/500 Loss: 0.009906, Reward: 75.3137, GA_prob: 0.184, Eps: 0.127, GA_count: 30, Steps: 118

Train 348/500 Loss: 0.005040, Reward: 69.9707, GA_prob: 0.168, Eps: 0.120, GA_count: 16, Steps: 118

Train 361/500 Loss: 0.000780, Reward: 242.8493, GA_prob: 0.173, Eps: 0.122, GA_count: 70, Steps: 388

Train 357/500 Loss: 0.000532, Reward: 129.9768, GA_prob: 0.188, Eps: 0.128, GA_count: 47, Steps: 208

Train 345/500 Loss: 0.000699, Reward: 80.2657, GA_prob: 0.186, Eps: 0.128, GA_count: 25, Steps: 118

Train 346/500 Loss: 0.006047, Reward: 190.2896, GA_prob: 0.167, Eps: 0.120, GA_count: 55, Steps: 298

Train 362/500 Loss: 0.000643, Reward: 76.5205, GA_prob: 0.185, Eps: 0.127, GA_count: 21, Steps: 118

Train 347/500 Loss: 0.000903, Reward: 236.0265, GA_prob: 0.172, Eps: 0.122, GA_count: 59, Steps: 388

Train 358/500 Loss: 0.006695, Reward: 93.3063, GA_prob: 0.166, Eps: 0.119, GA_count: 20, Steps: 148

Train 363/500 Loss: 0.000501, Reward: 78.3654, GA_prob: 0.184, Eps: 0.127, GA_count: 30, Steps: 118

Train 348/500 Loss: 0.005721, Reward: 455.0156, GA_prob: 0.183, Eps: 0.126, GA_count: 152, Steps: 748

Train 349/500 Loss: 0.000653, Reward: 238.2576, GA_prob: 0.171, Eps: 0.121, GA_count: 81, Steps: 388

Train 359/500 Loss: 0.000567, Reward: 187.2534, GA_prob: 0.170, Eps: 0.121, GA_count: 50, Steps: 298

Train 360/500 Loss: 0.005276, Reward: 444.4612, GA_prob: 0.165, Eps: 0.119, GA_count: 131, Steps: 748

Train 364/500 Loss: 0.000603, Reward: 69.3607, GA_prob: 0.168, Eps: 0.120, GA_count: 16, Steps: 118

Train 361/500 Loss: 0.000689, Reward: 450.5271, GA_prob: 0.183, Eps: 0.126, GA_count: 152, Steps: 748

Train 349/500 Loss: 0.007045, Reward: 340.6610, GA_prob: 0.182, Eps: 0.126, GA_count: 101, Steps: 568

Train 350/500 Loss: 0.005839, Reward: 35.7957, GA_prob: 0.180, Eps: 0.125, GA_count: 11, Steps: 58

Train 351/500 Loss: 0.006481, Reward: 58.9377, GA_prob: 0.179, Eps: 0.125, GA_count: 19, Steps: 88

Train 352/500 Loss: 0.000572, Reward: 189.6857, GA_prob: 0.167, Eps: 0.120, GA_count: 55, Steps: 298

Train 362/500 Loss: 0.005147, Reward: 94.2874, GA_prob: 0.178, Eps: 0.124, GA_count: 36, Steps: 148

Train 353/500 Loss: 0.000586, Reward: 94.1801, GA_prob: 0.166, Eps: 0.119, GA_count: 20, Steps: 148

Train 363/500 Loss: 0.009004, Reward: 36.2054, GA_prob: 0.177, Eps: 0.124, GA_count: 9, Steps: 58

Train 354/500 Loss: 0.005775, Reward: 462.3446, GA_prob: 0.164, Eps: 0.118, GA_count: 112, Steps: 748

Train 365/500 Loss: 0.004329, Reward: 91.1904, GA_prob: 0.176, Eps: 0.123, GA_count: 24, Steps: 148

Train 355/500 Loss: 0.000730, Reward: 335.1938, GA_prob: 0.182, Eps: 0.126, GA_count: 101, Steps: 568

Train 350/500 Loss: 0.001088, Reward: 36.2632, GA_prob: 0.180, Eps: 0.125, GA_count: 11, Steps: 58

Train 351/500 Loss: 0.000858, Reward: 59.3414, GA_prob: 0.179, Eps: 0.125, GA_count: 19, Steps: 88

Train 352/500 Loss: 0.004336, Reward: 234.2365, GA_prob: 0.162, Eps: 0.118, GA_count: 67, Steps: 388

Train 366/500 Loss: 0.001076, Reward: 98.0695, GA_prob: 0.178, Eps: 0.124, GA_count: 36, Steps: 148

Train 353/500 Loss: 0.007281, Reward: 243.7370, GA_prob: 0.174, Eps: 0.123, GA_count: 80, Steps: 388

Train 356/500 Loss: 0.001012, Reward: 37.0603, GA_prob: 0.177, Eps: 0.124, GA_count: 9, Steps: 58

Train 354/500 Loss: 0.000919, Reward: 89.9247, GA_prob: 0.176, Eps: 0.123, GA_count: 24, Steps: 148

Train 355/500 Loss: 0.000716, Reward: 436.9736, GA_prob: 0.165, Eps: 0.119, GA_count: 131, Steps: 748

Train 364/500 Loss: 0.006558, Reward: 191.1095, GA_prob: 0.173, Eps: 0.122, GA_count: 59, Steps: 298

Train 357/500 Loss: 0.004824, Reward: 335.7547, GA_prob: 0.161, Eps: 0.117, GA_count: 102, Steps: 568

Train 367/500 Loss: 0.006514, Reward: 36.7349, GA_prob: 0.160, Eps: 0.117, GA_count: 4, Steps: 58

Train 368/500 Loss: 0.007148, Reward: 129.5777, GA_prob: 0.172, Eps: 0.122, GA_count: 46, Steps: 208

Train 358/500 Loss: 0.000706, Reward: 240.1297, GA_prob: 0.174, Eps: 0.123, GA_count: 80, Steps: 388

Train 356/500 Loss: 0.007634, Reward: 54.6899, GA_prob: 0.171, Eps: 0.121, GA_count: 15, Steps: 88

Train 359/500 Loss: 0.000763, Reward: 453.1045, GA_prob: 0.164, Eps: 0.118, GA_count: 112, Steps: 748

Train 365/500 Loss: 0.000674, Reward: 189.3547, GA_prob: 0.173, Eps: 0.122, GA_count: 59, Steps: 298

Train 357/500 Loss: 0.004659, Reward: 349.5864, GA_prob: 0.159, Eps: 0.116, GA_count: 81, Steps: 568

Train 369/500 Loss: 0.005533, Reward: 350.4345, GA_prob: 0.170, Eps: 0.121, GA_count: 87, Steps: 568

Train 360/500 Loss: 0.000676, Reward: 129.3801, GA_prob: 0.172, Eps: 0.122, GA_count: 46, Steps: 208

Train 358/500 Loss: 0.000704, Reward: 234.9353, GA_prob: 0.162, Eps: 0.118, GA_count: 67, Steps: 388

Train 366/500 Loss: 0.000648, Reward: 51.2055, GA_prob: 0.171, Eps: 0.121, GA_count: 15, Steps: 88

Train 359/500 Loss: 0.004316, Reward: 187.9218, GA_prob: 0.158, Eps: 0.116, GA_count: 51, Steps: 298

Train 370/500 Loss: 0.004924, Reward: 74.1386, GA_prob: 0.156, Eps: 0.115, GA_count: 18, Steps: 118

Train 371/500 Loss: 0.007910, Reward: 92.4312, GA_prob: 0.155, Eps: 0.115, GA_count: 22, Steps: 148

Train 372/500 Loss: 0.006287, Reward: 243.2202, GA_prob: 0.168, Eps: 0.120, GA_count: 73, Steps: 388

Train 361/500 Loss: 0.000848, Reward: 346.3227, GA_prob: 0.170, Eps: 0.121, GA_count: 87, Steps: 568

Train 360/500 Loss: 0.000903, Reward: 328.7304, GA_prob: 0.161, Eps: 0.117, GA_count: 102, Steps: 568

Train 367/500 Loss: 0.000822, Reward: 36.9438, GA_prob: 0.160, Eps: 0.117, GA_count: 4, Steps: 58

Train 368/500 Loss: 0.006641, Reward: 356.6957, GA_prob: 0.154, Eps: 0.114, GA_count: 77, Steps: 568

Train 373/500 Loss: 0.003303, Reward: 56.8830, GA_prob: 0.153, Eps: 0.114, GA_count: 6, Steps: 88

Train 374/500 Loss: 0.000757, Reward: 243.5930, GA_prob: 0.168, Eps: 0.120, GA_count: 73, Steps: 388

Train 361/500 Loss: 0.004811, Reward: 453.7945, GA_prob: 0.167, Eps: 0.120, GA_count: 126, Steps: 748

Train 362/500 Loss: 0.006304, Reward: 193.3424, GA_prob: 0.152, Eps: 0.113, GA_count: 36, Steps: 298

Train 375/500 Loss: 0.000809, Reward: 326.1823, GA_prob: 0.159, Eps: 0.116, GA_count: 81, Steps: 568

Train 369/500 Loss: 0.007052, Reward: 132.9204, GA_prob: 0.150, Eps: 0.113, GA_count: 38, Steps: 208

Train 376/500 Loss: 0.000851, Reward: 196.2381, GA_prob: 0.158, Eps: 0.116, GA_count: 51, Steps: 298

Train 370/500 Loss: 0.003289, Reward: 242.9374, GA_prob: 0.166, Eps: 0.119, GA_count: 72, Steps: 388

Train 363/500 Loss: 0.006989, Reward: 96.7377, GA_prob: 0.149, Eps: 0.112, GA_count: 22, Steps: 148

Train 377/500 Loss: 0.000768, Reward: 75.3929, GA_prob: 0.156, Eps: 0.115, GA_count: 18, Steps: 118

Train 371/500 Loss: 0.000701, Reward: 438.7644, GA_prob: 0.167, Eps: 0.120, GA_count: 126, Steps: 748

Train 362/500 Loss: 0.000647, Reward: 93.5640, GA_prob: 0.155, Eps: 0.115, GA_count: 22, Steps: 148

Train 372/500 Loss: 0.004263, Reward: 185.0782, GA_prob: 0.165, Eps: 0.119, GA_count: 48, Steps: 298

Train 364/500 Loss: 0.003182, Reward: 97.6433, GA_prob: 0.164, Eps: 0.118, GA_count: 29, Steps: 148

Train 365/500 Loss: 0.004794, Reward: 348.8371, GA_prob: 0.148, Eps: 0.112, GA_count: 83, Steps: 568

Train 378/500 Loss: 0.000631, Reward: 240.6993, GA_prob: 0.166, Eps: 0.119, GA_count: 72, Steps: 388

Train 363/500 Loss: 0.000857, Reward: 350.8699, GA_prob: 0.154, Eps: 0.114, GA_count: 77, Steps: 568

Train 373/500 Loss: 0.000652, Reward: 57.9864, GA_prob: 0.153, Eps: 0.114, GA_count: 6, Steps: 88

Train 374/500 Loss: 0.000512, Reward: 183.7545, GA_prob: 0.165, Eps: 0.119, GA_count: 48, Steps: 298

Train 364/500 Loss: 0.000575, Reward: 190.4516, GA_prob: 0.152, Eps: 0.113, GA_count: 36, Steps: 298

Train 375/500 Loss: 0.000533, Reward: 101.1894, GA_prob: 0.164, Eps: 0.118, GA_count: 29, Steps: 148

Train 365/500 Loss: 0.004317, Reward: 456.0558, GA_prob: 0.162, Eps: 0.118, GA_count: 115, Steps: 748

Train 366/500 Loss: 0.004537, Reward: 456.2059, GA_prob: 0.147, Eps: 0.111, GA_count: 113, Steps: 748

Train 379/500 Loss: 0.000641, Reward: 140.6053, GA_prob: 0.150, Eps: 0.113, GA_count: 38, Steps: 208

Train 376/500 Loss: 0.000500, Reward: 99.2754, GA_prob: 0.149, Eps: 0.112, GA_count: 22, Steps: 148

Train 377/500 Loss: 0.004283, Reward: 187.7009, GA_prob: 0.161, Eps: 0.117, GA_count: 55, Steps: 298

Train 367/500 Loss: 0.002991, Reward: 38.5077, GA_prob: 0.160, Eps: 0.117, GA_count: 14, Steps: 58

Train 368/500 Loss: 0.004690, Reward: 344.0961, GA_prob: 0.145, Eps: 0.111, GA_count: 79, Steps: 568

Train 380/500 Loss: 0.000636, Reward: 432.7457, GA_prob: 0.162, Eps: 0.118, GA_count: 115, Steps: 748

Train 366/500 Loss: 0.003392, Reward: 239.9800, GA_prob: 0.159, Eps: 0.116, GA_count: 50, Steps: 388

Train 369/500 Loss: 0.000432, Reward: 336.8439, GA_prob: 0.148, Eps: 0.112, GA_count: 83, Steps: 568

Train 378/500 Loss: 0.006671, Reward: 59.1220, GA_prob: 0.158, Eps: 0.116, GA_count: 18, Steps: 88

Train 370/500 Loss: 0.000677, Reward: 187.0930, GA_prob: 0.161, Eps: 0.117, GA_count: 55, Steps: 298

Train 367/500 Loss: 0.000654, Reward: 39.3899, GA_prob: 0.160, Eps: 0.117, GA_count: 14, Steps: 58

Train 368/500 Loss: 0.003549, Reward: 354.1961, GA_prob: 0.144, Eps: 0.110, GA_count: 79, Steps: 568

Train 381/500 Loss: 0.008161, Reward: 186.5942, GA_prob: 0.156, Eps: 0.115, GA_count: 51, Steps: 298

Train 371/500 Loss: 0.006628, Reward: 74.5980, GA_prob: 0.155, Eps: 0.115, GA_count: 17, Steps: 118

Train 372/500 Loss: 0.000673, Reward: 236.4775, GA_prob: 0.159, Eps: 0.116, GA_count: 50, Steps: 388

Train 369/500 Loss: 0.007753, Reward: 56.2996, GA_prob: 0.154, Eps: 0.114, GA_count: 13, Steps: 88

Train 373/500 Loss: 0.003254, Reward: 186.7675, GA_prob: 0.143, Eps: 0.110, GA_count: 42, Steps: 298

Train 382/500 Loss: 0.003447, Reward: 58.0728, GA_prob: 0.153, Eps: 0.114, GA_count: 13, Steps: 88

Train 374/500 Loss: 0.000714, Reward: 60.1309, GA_prob: 0.158, Eps: 0.116, GA_count: 18, Steps: 88

Train 370/500 Loss: 0.000667, Reward: 444.7414, GA_prob: 0.147, Eps: 0.111, GA_count: 113, Steps: 748

Train 379/500 Loss: 0.003116, Reward: 137.3606, GA_prob: 0.142, Eps: 0.109, GA_count: 25, Steps: 208

Train 383/500 Loss: 0.008074, Reward: 185.8295, GA_prob: 0.152, Eps: 0.113, GA_count: 33, Steps: 298

Train 375/500 Loss: 0.000691, Reward: 185.0169, GA_prob: 0.156, Eps: 0.115, GA_count: 51, Steps: 298

Train 371/500 Loss: 0.001130, Reward: 74.3333, GA_prob: 0.155, Eps: 0.115, GA_count: 17, Steps: 118

Train 372/500 Loss: 0.002805, Reward: 244.5934, GA_prob: 0.141, Eps: 0.109, GA_count: 53, Steps: 388

Train 384/500 Loss: 0.001430, Reward: 55.2579, GA_prob: 0.154, Eps: 0.114, GA_count: 13, Steps: 88

Train 373/500 Loss: 0.000482, Reward: 338.6937, GA_prob: 0.145, Eps: 0.111, GA_count: 79, Steps: 568

Train 380/500 Loss: 0.000739, Reward: 60.4667, GA_prob: 0.153, Eps: 0.114, GA_count: 13, Steps: 88

Train 374/500 Loss: 0.004646, Reward: 187.2395, GA_prob: 0.139, Eps: 0.108, GA_count: 45, Steps: 298

Train 385/500 Loss: 0.005787, Reward: 351.2572, GA_prob: 0.150, Eps: 0.113, GA_count: 87, Steps: 568

Train 376/500 Loss: 0.000805, Reward: 184.7668, GA_prob: 0.152, Eps: 0.113, GA_count: 33, Steps: 298

Train 375/500 Loss: 0.004836, Reward: 189.4851, GA_prob: 0.149, Eps: 0.112, GA_count: 45, Steps: 298

Train 377/500 Loss: 0.000676, Reward: 347.2549, GA_prob: 0.144, Eps: 0.110, GA_count: 79, Steps: 568

Train 381/500 Loss: 0.008733, Reward: 58.2374, GA_prob: 0.148, Eps: 0.112, GA_count: 17, Steps: 88

Train 378/500 Loss: 0.000811, Reward: 181.8104, GA_prob: 0.143, Eps: 0.110, GA_count: 42, Steps: 298

Train 382/500 Loss: 0.000665, Reward: 345.5185, GA_prob: 0.150, Eps: 0.113, GA_count: 87, Steps: 568

Train 376/500 Loss: 0.002806, Reward: 459.1731, GA_prob: 0.138, Eps: 0.108, GA_count: 102, Steps: 748

Train 386/500 Loss: 0.003215, Reward: 32.4588, GA_prob: 0.137, Eps: 0.107, GA_count: 5, Steps: 58

Train 387/500 Loss: 0.000729, Reward: 147.2576, GA_prob: 0.142, Eps: 0.109, GA_count: 25, Steps: 208

Train 383/500 Loss: 0.000539, Reward: 184.2635, GA_prob: 0.149, Eps: 0.112, GA_count: 45, Steps: 298

Train 377/500 Loss: 0.006983, Reward: 334.1457, GA_prob: 0.147, Eps: 0.111, GA_count: 95, Steps: 568

Train 379/500 Loss: 0.000401, Reward: 58.8661, GA_prob: 0.148, Eps: 0.112, GA_count: 17, Steps: 88

Train 378/500 Loss: 0.007153, Reward: 38.5000, GA_prob: 0.145, Eps: 0.111, GA_count: 10, Steps: 58

Train 380/500 Loss: 0.000649, Reward: 242.6694, GA_prob: 0.141, Eps: 0.109, GA_count: 53, Steps: 388

Train 384/500 Loss: 0.002642, Reward: 356.6104, GA_prob: 0.136, Eps: 0.107, GA_count: 61, Steps: 568

Train 388/500 Loss: 0.003986, Reward: 57.1295, GA_prob: 0.135, Eps: 0.106, GA_count: 6, Steps: 88

Train 389/500 Loss: 0.000786, Reward: 183.0923, GA_prob: 0.139, Eps: 0.108, GA_count: 45, Steps: 298

Train 385/500 Loss: 0.000691, Reward: 323.0885, GA_prob: 0.147, Eps: 0.111, GA_count: 95, Steps: 568

Train 379/500 Loss: 0.000585, Reward: 38.3365, GA_prob: 0.145, Eps: 0.111, GA_count: 10, Steps: 58

Train 380/500 Loss: 0.006492, Reward: 443.8962, GA_prob: 0.144, Eps: 0.110, GA_count: 112, Steps: 748

Train 381/500 Loss: 0.002170, Reward: 347.5964, GA_prob: 0.133, Eps: 0.106, GA_count: 98, Steps: 568

Train 390/500 Loss: 0.005353, Reward: 73.2804, GA_prob: 0.143, Eps: 0.110, GA_count: 18, Steps: 118

Train 382/500 Loss: 0.001660, Reward: 92.7299, GA_prob: 0.132, Eps: 0.105, GA_count: 25, Steps: 148

Train 391/500 Loss: 0.000733, Reward: 449.4249, GA_prob: 0.138, Eps: 0.108, GA_count: 102, Steps: 748

Train 386/500 Loss: 0.000771, Reward: 36.1511, GA_prob: 0.137, Eps: 0.107, GA_count: 5, Steps: 58

Train 387/500 Loss: 0.005227, Reward: 237.6837, GA_prob: 0.142, Eps: 0.109, GA_count: 58, Steps: 388

Train 383/500 Loss: 0.008623, Reward: 53.6401, GA_prob: 0.141, Eps: 0.109, GA_count: 11, Steps: 88

Train 384/500 Loss: 0.003785, Reward: 243.1412, GA_prob: 0.131, Eps: 0.105, GA_count: 57, Steps: 388

Train 392/500 Loss: 0.000651, Reward: 422.7385, GA_prob: 0.144, Eps: 0.110, GA_count: 112, Steps: 748

Train 381/500 Loss: 0.004445, Reward: 57.9921, GA_prob: 0.130, Eps: 0.104, GA_count: 9, Steps: 88

Train 393/500 Loss: 0.007423, Reward: 57.6770, GA_prob: 0.139, Eps: 0.108, GA_count: 15, Steps: 88

Train 385/500 Loss: 0.000564, Reward: 77.3135, GA_prob: 0.143, Eps: 0.110, GA_count: 18, Steps: 118

Train 382/500 Loss: 0.007645, Reward: 75.4363, GA_prob: 0.138, Eps: 0.108, GA_count: 15, Steps: 118

Train 386/500 Loss: 0.004526, Reward: 35.9379, GA_prob: 0.137, Eps: 0.107, GA_count: 6, Steps: 58

Train 387/500 Loss: 0.005068, Reward: 133.6631, GA_prob: 0.129, Eps: 0.104, GA_count: 24, Steps: 208

Train 394/500 Loss: 0.000601, Reward: 353.1932, GA_prob: 0.136, Eps: 0.107, GA_count: 61, Steps: 568

Train 388/500 Loss: 0.006240, Reward: 76.7294, GA_prob: 0.136, Eps: 0.107, GA_count: 11, Steps: 118

Train 388/500 Loss: 0.000756, Reward: 56.9700, GA_prob: 0.135, Eps: 0.106, GA_count: 6, Steps: 88

Train 389/500 Loss: 0.004043, Reward: 56.1643, GA_prob: 0.135, Eps: 0.106, GA_count: 17, Steps: 88

Train 389/500 Loss: 0.005145, Reward: 182.7899, GA_prob: 0.127, Eps: 0.103, GA_count: 45, Steps: 298

Train 395/500 Loss: 0.000674, Reward: 218.3999, GA_prob: 0.142, Eps: 0.109, GA_count: 58, Steps: 388

Train 383/500 Loss: 0.000755, Reward: 58.4030, GA_prob: 0.141, Eps: 0.109, GA_count: 11, Steps: 88

Train 384/500 Loss: 0.004368, Reward: 93.5156, GA_prob: 0.126, Eps: 0.103, GA_count: 21, Steps: 148

Train 396/500 Loss: 0.000698, Reward: 59.3013, GA_prob: 0.139, Eps: 0.108, GA_count: 15, Steps: 88

Train 385/500 Loss: 0.004050, Reward: 37.4935, GA_prob: 0.125, Eps: 0.102, GA_count: 7, Steps: 58

Train 397/500 Loss: 0.009598, Reward: 241.5913, GA_prob: 0.133, Eps: 0.106, GA_count: 55, Steps: 388

Train 390/500 Loss: 0.000788, Reward: 77.1959, GA_prob: 0.138, Eps: 0.108, GA_count: 15, Steps: 118

Train 386/500 Loss: 0.000712, Reward: 37.5629, GA_prob: 0.137, Eps: 0.107, GA_count: 6, Steps: 58

Train 387/500 Loss: 0.000574, Reward: 337.1580, GA_prob: 0.133, Eps: 0.106, GA_count: 98, Steps: 568

Train 390/500 Loss: 0.000803, Reward: 81.7388, GA_prob: 0.136, Eps: 0.107, GA_count: 11, Steps: 118

Train 388/500 Loss: 0.000645, Reward: 56.9995, GA_prob: 0.135, Eps: 0.106, GA_count: 17, Steps: 88

Train 389/500 Loss: 0.000486, Reward: 99.1677, GA_prob: 0.132, Eps: 0.105, GA_count: 25, Steps: 148

Train 391/500 Loss: 0.004634, Reward: 247.6164, GA_prob: 0.124, Eps: 0.102, GA_count: 67, Steps: 388

Train 398/500 Loss: 0.007971, Reward: 237.5836, GA_prob: 0.132, Eps: 0.105, GA_count: 55, Steps: 388

Train 391/500 Loss: 0.000686, Reward: 255.1199, GA_prob: 0.133, Eps: 0.106, GA_count: 55, Steps: 388

Train 390/500 Loss: 0.007117, Reward: 244.2981, GA_prob: 0.123, Eps: 0.101, GA_count: 48, Steps: 388

Train 399/500 Loss: 0.005521, Reward: 242.2728, GA_prob: 0.131, Eps: 0.105, GA_count: 42, Steps: 388

Train 392/500 Loss: 0.000535, Reward: 246.6774, GA_prob: 0.131, Eps: 0.105, GA_count: 57, Steps: 388

Train 392/500 Loss: 0.005747, Reward: 56.9529, GA_prob: 0.130, Eps: 0.104, GA_count: 10, Steps: 88

Train 393/500 Loss: 0.000555, Reward: 56.7076, GA_prob: 0.130, Eps: 0.104, GA_count: 9, Steps: 88

Train 393/500 Loss: 0.006770, Reward: 130.4124, GA_prob: 0.121, Eps: 0.101, GA_count: 24, Steps: 208

Train 400/500 Loss: 0.000736, Reward: 134.1709, GA_prob: 0.129, Eps: 0.104, GA_count: 24, Steps: 208

Train 394/500 Loss: 0.005655, Reward: 76.3673, GA_prob: 0.120, Eps: 0.100, GA_count: 16, Steps: 118

Train 401/500 Loss: 0.000721, Reward: 237.2936, GA_prob: 0.132, Eps: 0.105, GA_count: 55, Steps: 388

Train 391/500 Loss: 0.005978, Reward: 236.7806, GA_prob: 0.129, Eps: 0.104, GA_count: 54, Steps: 388

Train 394/500 Loss: 0.007372, Reward: 181.6320, GA_prob: 0.119, Eps: 0.100, GA_count: 35, Steps: 298

Train 402/500 Loss: 0.000735, Reward: 180.2058, GA_prob: 0.127, Eps: 0.103, GA_count: 45, Steps: 298

Train 395/500 Loss: 0.007007, Reward: 35.4444, GA_prob: 0.118, Eps: 0.099, GA_count: 6, Steps: 58

Train 403/500 Loss: 0.000707, Reward: 247.8605, GA_prob: 0.131, Eps: 0.105, GA_count: 42, Steps: 388

Train 392/500 Loss: 0.000757, Reward: 59.7061, GA_prob: 0.130, Eps: 0.104, GA_count: 10, Steps: 88

Train 393/500 Loss: 0.006659, Reward: 182.2098, GA_prob: 0.127, Eps: 0.103, GA_count: 36, Steps: 298

Train 395/500 Loss: 0.000511, Reward: 95.9111, GA_prob: 0.126, Eps: 0.103, GA_count: 21, Steps: 148

Train 396/500 Loss: 0.000813, Reward: 39.3845, GA_prob: 0.125, Eps: 0.102, GA_count: 7, Steps: 58

Train 397/500 Loss: 0.007613, Reward: 57.9708, GA_prob: 0.126, Eps: 0.103, GA_count: 15, Steps: 88

Train 396/500 Loss: 0.009691, Reward: 192.3743, GA_prob: 0.117, Eps: 0.099, GA_count: 35, Steps: 298

Train 404/500 Loss: 0.007517, Reward: 36.9267, GA_prob: 0.125, Eps: 0.102, GA_count: 9, Steps: 58

Train 397/500 Loss: 0.000825, Reward: 231.7443, GA_prob: 0.129, Eps: 0.104, GA_count: 54, Steps: 388

Train 394/500 Loss: 0.005840, Reward: 134.8529, GA_prob: 0.124, Eps: 0.102, GA_count: 26, Steps: 208

Train 398/500 Loss: 0.007083, Reward: 72.2588, GA_prob: 0.123, Eps: 0.101, GA_count: 13, Steps: 118

Train 399/500 Loss: 0.000731, Reward: 240.8276, GA_prob: 0.124, Eps: 0.102, GA_count: 67, Steps: 388

Train 398/500 Loss: 0.006778, Reward: 76.2145, GA_prob: 0.121, Eps: 0.101, GA_count: 14, Steps: 118

Train 400/500 Loss: 0.000710, Reward: 183.2256, GA_prob: 0.127, Eps: 0.103, GA_count: 36, Steps: 298

Train 395/500 Loss: 0.000574, Reward: 54.4315, GA_prob: 0.126, Eps: 0.103, GA_count: 15, Steps: 88

Train 396/500 Loss: 0.000478, Reward: 36.5407, GA_prob: 0.125, Eps: 0.102, GA_count: 9, Steps: 58

Train 397/500 Loss: 0.006360, Reward: 465.0479, GA_prob: 0.115, Eps: 0.098, GA_count: 87, Steps: 748

Train 405/500 Loss: 0.000557, Reward: 245.5456, GA_prob: 0.123, Eps: 0.101, GA_count: 48, Steps: 388

Train 399/500 Loss: 0.004618, Reward: 57.5225, GA_prob: 0.114, Eps: 0.098, GA_count: 16, Steps: 88

Train 406/500 Loss: 0.007134, Reward: 244.1417, GA_prob: 0.120, Eps: 0.100, GA_count: 44, Steps: 388

Train 401/500 Loss: 0.000664, Reward: 135.5530, GA_prob: 0.124, Eps: 0.102, GA_count: 26, Steps: 208

Train 398/500 Loss: 0.005029, Reward: 77.1841, GA_prob: 0.113, Eps: 0.097, GA_count: 14, Steps: 118

Train 407/500 Loss: 0.000535, Reward: 129.7509, GA_prob: 0.121, Eps: 0.101, GA_count: 24, Steps: 208

Train 400/500 Loss: 0.000711, Reward: 73.4312, GA_prob: 0.123, Eps: 0.101, GA_count: 13, Steps: 118

Train 399/500 Loss: 0.005997, Reward: 131.9960, GA_prob: 0.119, Eps: 0.100, GA_count: 26, Steps: 208

Train 402/500 Loss: 0.005445, Reward: 97.2961, GA_prob: 0.112, Eps: 0.097, GA_count: 14, Steps: 148

Train 408/500 Loss: 0.000542, Reward: 76.3580, GA_prob: 0.120, Eps: 0.100, GA_count: 16, Steps: 118

Train 401/500 Loss: 0.000640, Reward: 82.5472, GA_prob: 0.121, Eps: 0.101, GA_count: 14, Steps: 118

Train 400/500 Loss: 0.006587, Reward: 186.1570, GA_prob: 0.118, Eps: 0.099, GA_count: 31, Steps: 298

Train 403/500 Loss: 0.006528, Reward: 241.9650, GA_prob: 0.111, Eps: 0.096, GA_count: 37, Steps: 388

Train 409/500 Loss: 0.000513, Reward: 180.5970, GA_prob: 0.119, Eps: 0.100, GA_count: 35, Steps: 298

Train 402/500 Loss: 0.000783, Reward: 36.4317, GA_prob: 0.118, Eps: 0.099, GA_count: 6, Steps: 58

Train 403/500 Loss: 0.000587, Reward: 246.7124, GA_prob: 0.120, Eps: 0.100, GA_count: 44, Steps: 388

Train 401/500 Loss: 0.006943, Reward: 97.3356, GA_prob: 0.117, Eps: 0.099, GA_count: 21, Steps: 148

Train 404/500 Loss: 0.007007, Reward: 92.3882, GA_prob: 0.115, Eps: 0.098, GA_count: 13, Steps: 148

Train 405/500 Loss: 0.000609, Reward: 130.1460, GA_prob: 0.119, Eps: 0.100, GA_count: 26, Steps: 208

Train 402/500 Loss: 0.008347, Reward: 189.7535, GA_prob: 0.109, Eps: 0.096, GA_count: 42, Steps: 298

Train 410/500 Loss: 0.005827, Reward: 57.1582, GA_prob: 0.114, Eps: 0.098, GA_count: 12, Steps: 88

Train 406/500 Loss: 0.000514, Reward: 191.5018, GA_prob: 0.117, Eps: 0.099, GA_count: 35, Steps: 298

Train 404/500 Loss: 0.004868, Reward: 37.8388, GA_prob: 0.108, Eps: 0.095, GA_count: 4, Steps: 58

Train 411/500 Loss: 0.005489, Reward: 132.3204, GA_prob: 0.113, Eps: 0.097, GA_count: 19, Steps: 208

Train 407/500 Loss: 0.000683, Reward: 192.0105, GA_prob: 0.118, Eps: 0.099, GA_count: 31, Steps: 298

Train 403/500 Loss: 0.007677, Reward: 98.9917, GA_prob: 0.112, Eps: 0.097, GA_count: 14, Steps: 148

Train 408/500 Loss: 0.006285, Reward: 57.6054, GA_prob: 0.111, Eps: 0.096, GA_count: 7, Steps: 88

Train 409/500 Loss: 0.000653, Reward: 100.7203, GA_prob: 0.117, Eps: 0.099, GA_count: 21, Steps: 148

Train 404/500 Loss: 0.000712, Reward: 93.7063, GA_prob: 0.115, Eps: 0.098, GA_count: 13, Steps: 148

Train 405/500 Loss: 0.005367, Reward: 353.6301, GA_prob: 0.107, Eps: 0.095, GA_count: 54, Steps: 568

Train 412/500 Loss: 0.000413, Reward: 57.4453, GA_prob: 0.114, Eps: 0.098, GA_count: 12, Steps: 88

Train 406/500 Loss: 0.006323, Reward: 96.5919, GA_prob: 0.106, Eps: 0.094, GA_count: 17, Steps: 148

Train 413/500 Loss: 0.000667, Reward: 457.6770, GA_prob: 0.115, Eps: 0.098, GA_count: 87, Steps: 748

Train 405/500 Loss: 0.007845, Reward: 92.7119, GA_prob: 0.105, Eps: 0.094, GA_count: 12, Steps: 148

Train 414/500 Loss: 0.000711, Reward: 131.7585, GA_prob: 0.113, Eps: 0.097, GA_count: 19, Steps: 208

Train 407/500 Loss: 0.000601, Reward: 60.8352, GA_prob: 0.114, Eps: 0.098, GA_count: 16, Steps: 88

Train 406/500 Loss: 0.007105, Reward: 351.6179, GA_prob: 0.109, Eps: 0.096, GA_count: 64, Steps: 568

Train 410/500 Loss: 0.000654, Reward: 99.8652, GA_prob: 0.112, Eps: 0.097, GA_count: 14, Steps: 148

Train 408/500 Loss: 0.007938, Reward: 131.1923, GA_prob: 0.103, Eps: 0.093, GA_count: 15, Steps: 208

Train 415/500 Loss: 0.000650, Reward: 77.5528, GA_prob: 0.113, Eps: 0.097, GA_count: 14, Steps: 118

Train 407/500 Loss: 0.000882, Reward: 62.2061, GA_prob: 0.111, Eps: 0.096, GA_count: 7, Steps: 88

Train 409/500 Loss: 0.003151, Reward: 74.9655, GA_prob: 0.102, Eps: 0.093, GA_count: 12, Steps: 118

Train 416/500 Loss: 0.000490, Reward: 92.5168, GA_prob: 0.112, Eps: 0.097, GA_count: 14, Steps: 148

Train 408/500 Loss: 0.006468, Reward: 136.2976, GA_prob: 0.108, Eps: 0.095, GA_count: 21, Steps: 208

Train 411/500 Loss: 0.004991, Reward: 74.5606, GA_prob: 0.101, Eps: 0.092, GA_count: 13, Steps: 118

Train 417/500 Loss: 0.008166, Reward: 186.4858, GA_prob: 0.100, Eps: 0.092, GA_count: 28, Steps: 298

Train 418/500 Loss: 0.000558, Reward: 243.7262, GA_prob: 0.111, Eps: 0.096, GA_count: 37, Steps: 388

Train 409/500 Loss: 0.000778, Reward: 343.7740, GA_prob: 0.109, Eps: 0.096, GA_count: 64, Steps: 568

Train 410/500 Loss: 0.005789, Reward: 349.6495, GA_prob: 0.107, Eps: 0.095, GA_count: 56, Steps: 568

Train 412/500 Loss: 0.005512, Reward: 57.8933, GA_prob: 0.106, Eps: 0.094, GA_count: 7, Steps: 88

Train 413/500 Loss: 0.000502, Reward: 145.3829, GA_prob: 0.108, Eps: 0.095, GA_count: 21, Steps: 208

Train 411/500 Loss: 0.000490, Reward: 193.6715, GA_prob: 0.109, Eps: 0.096, GA_count: 42, Steps: 298

Train 410/500 Loss: 0.008304, Reward: 241.3103, GA_prob: 0.099, Eps: 0.091, GA_count: 38, Steps: 388

Train 419/500 Loss: 0.000654, Reward: 41.1113, GA_prob: 0.108, Eps: 0.095, GA_count: 4, Steps: 58

Train 411/500 Loss: 0.006854, Reward: 134.1317, GA_prob: 0.105, Eps: 0.094, GA_count: 18, Steps: 208

Train 414/500 Loss: 0.005329, Reward: 131.7763, GA_prob: 0.097, Eps: 0.091, GA_count: 16, Steps: 208

Train 420/500 Loss: 0.006676, Reward: 56.3562, GA_prob: 0.103, Eps: 0.093, GA_count: 12, Steps: 88

Train 415/500 Loss: 0.003631, Reward: 39.4413, GA_prob: 0.096, Eps: 0.090, GA_count: 9, Steps: 58

Train 421/500 Loss: 0.004731, Reward: 137.1655, GA_prob: 0.095, Eps: 0.090, GA_count: 17, Steps: 208

Train 422/500 Loss: 0.000722, Reward: 345.4952, GA_prob: 0.107, Eps: 0.095, GA_count: 56, Steps: 568

Train 412/500 Loss: 0.000514, Reward: 349.0306, GA_prob: 0.107, Eps: 0.095, GA_count: 54, Steps: 568

Train 412/500 Loss: 0.006795, Reward: 97.3821, GA_prob: 0.094, Eps: 0.089, GA_count: 14, Steps: 148

Train 423/500 Loss: 0.000515, Reward: 58.6669, GA_prob: 0.106, Eps: 0.094, GA_count: 7, Steps: 88

Train 413/500 Loss: 0.000367, Reward: 100.7362, GA_prob: 0.106, Eps: 0.094, GA_count: 17, Steps: 148

Train 413/500 Loss: 0.007680, Reward: 135.8798, GA_prob: 0.093, Eps: 0.089, GA_count: 19, Steps: 208

Train 424/500 Loss: 0.000603, Reward: 130.9419, GA_prob: 0.105, Eps: 0.094, GA_count: 18, Steps: 208

Train 414/500 Loss: 0.000318, Reward: 98.1608, GA_prob: 0.105, Eps: 0.094, GA_count: 12, Steps: 148

Train 414/500 Loss: 0.000789, Reward: 55.5733, GA_prob: 0.103, Eps: 0.093, GA_count: 12, Steps: 88

Train 415/500 Loss: 0.005571, Reward: 460.9573, GA_prob: 0.102, Eps: 0.093, GA_count: 83, Steps: 748

Train 416/500 Loss: 0.000496, Reward: 131.7260, GA_prob: 0.103, Eps: 0.093, GA_count: 15, Steps: 208

Train 415/500 Loss: 0.007651, Reward: 95.3366, GA_prob: 0.101, Eps: 0.092, GA_count: 17, Steps: 148

Train 417/500 Loss: 0.000439, Reward: 75.6697, GA_prob: 0.102, Eps: 0.093, GA_count: 12, Steps: 118

Train 416/500 Loss: 0.000363, Reward: 73.4368, GA_prob: 0.101, Eps: 0.092, GA_count: 13, Steps: 118

Train 417/500 Loss: 0.005873, Reward: 352.3216, GA_prob: 0.091, Eps: 0.088, GA_count: 56, Steps: 568

Train 425/500 Loss: 0.006361, Reward: 191.5013, GA_prob: 0.100, Eps: 0.092, GA_count: 32, Steps: 298

Train 418/500 Loss: 0.003549, Reward: 75.6013, GA_prob: 0.099, Eps: 0.091, GA_count: 10, Steps: 118

Train 419/500 Loss: 0.000453, Reward: 185.7992, GA_prob: 0.100, Eps: 0.092, GA_count: 28, Steps: 298

Train 418/500 Loss: 0.000640, Reward: 448.4952, GA_prob: 0.102, Eps: 0.093, GA_count: 83, Steps: 748

Train 416/500 Loss: 0.000797, Reward: 102.5099, GA_prob: 0.101, Eps: 0.092, GA_count: 17, Steps: 148

Train 417/500 Loss: 0.000394, Reward: 235.4072, GA_prob: 0.099, Eps: 0.091, GA_count: 38, Steps: 388

Train 419/500 Loss: 0.006731, Reward: 465.4337, GA_prob: 0.090, Eps: 0.088, GA_count: 68, Steps: 748

Train 426/500 Loss: 0.000452, Reward: 136.3183, GA_prob: 0.097, Eps: 0.091, GA_count: 16, Steps: 208

Train 420/500 Loss: 0.000589, Reward: 190.1997, GA_prob: 0.100, Eps: 0.092, GA_count: 32, Steps: 298

Train 418/500 Loss: 0.000384, Reward: 41.0120, GA_prob: 0.096, Eps: 0.090, GA_count: 9, Steps: 58

Train 421/500 Loss: 0.000531, Reward: 81.1897, GA_prob: 0.099, Eps: 0.091, GA_count: 10, Steps: 118

Train 419/500 Loss: 0.004090, Reward: 455.5903, GA_prob: 0.097, Eps: 0.091, GA_count: 70, Steps: 748

Train 420/500 Loss: 0.007098, Reward: 134.2165, GA_prob: 0.089, Eps: 0.087, GA_count: 28, Steps: 208

Train 427/500 Loss: 0.003950, Reward: 57.4061, GA_prob: 0.088, Eps: 0.087, GA_count: 9, Steps: 88

Train 428/500 Loss: 0.000361, Reward: 143.3624, GA_prob: 0.095, Eps: 0.090, GA_count: 17, Steps: 208

Train 422/500 Loss: 0.007597, Reward: 56.6699, GA_prob: 0.087, Eps: 0.086, GA_count: 11, Steps: 88

Train 429/500 Loss: 0.000404, Reward: 99.9274, GA_prob: 0.094, Eps: 0.089, GA_count: 14, Steps: 148

Train 423/500 Loss: 0.004627, Reward: 57.1030, GA_prob: 0.085, Eps: 0.086, GA_count: 12, Steps: 88

Train 430/500 Loss: 0.000336, Reward: 141.9046, GA_prob: 0.093, Eps: 0.089, GA_count: 19, Steps: 208

Train 424/500 Loss: 0.006881, Reward: 187.0765, GA_prob: 0.084, Eps: 0.085, GA_count: 26, Steps: 298

Train 431/500 Loss: 0.008604, Reward: 38.0691, GA_prob: 0.083, Eps: 0.085, GA_count: 1, Steps: 58

Train 432/500 Loss: 0.004317, Reward: 464.8124, GA_prob: 0.096, Eps: 0.090, GA_count: 59, Steps: 748

Train 421/500 Loss: 0.000501, Reward: 443.9748, GA_prob: 0.097, Eps: 0.091, GA_count: 70, Steps: 748

Train 420/500 Loss: 0.003650, Reward: 93.5010, GA_prob: 0.095, Eps: 0.090, GA_count: 13, Steps: 148

Train 422/500 Loss: 0.006632, Reward: 192.4531, GA_prob: 0.082, Eps: 0.084, GA_count: 20, Steps: 298

Train 433/500 Loss: 0.004956, Reward: 76.9531, GA_prob: 0.094, Eps: 0.089, GA_count: 8, Steps: 118

Train 423/500 Loss: 0.000461, Reward: 346.6711, GA_prob: 0.091, Eps: 0.088, GA_count: 56, Steps: 568

Train 425/500 Loss: 0.003624, Reward: 133.1675, GA_prob: 0.081, Eps: 0.084, GA_count: 23, Steps: 208

Train 434/500 Loss: 0.003659, Reward: 130.4437, GA_prob: 0.093, Eps: 0.089, GA_count: 28, Steps: 208

Train 424/500 Loss: 0.006893, Reward: 92.5915, GA_prob: 0.079, Eps: 0.083, GA_count: 11, Steps: 148

Train 435/500 Loss: 0.007225, Reward: 58.3385, GA_prob: 0.091, Eps: 0.088, GA_count: 12, Steps: 88

Train 425/500 Loss: 0.000452, Reward: 463.3100, GA_prob: 0.096, Eps: 0.090, GA_count: 59, Steps: 748

Train 421/500 Loss: 0.004734, Reward: 92.9119, GA_prob: 0.078, Eps: 0.083, GA_count: 19, Steps: 148

Train 436/500 Loss: 0.000533, Reward: 94.9882, GA_prob: 0.095, Eps: 0.090, GA_count: 13, Steps: 148

Train 422/500 Loss: 0.000802, Reward: 75.6908, GA_prob: 0.094, Eps: 0.089, GA_count: 8, Steps: 118

Train 423/500 Loss: 0.004960, Reward: 245.6770, GA_prob: 0.090, Eps: 0.088, GA_count: 33, Steps: 388

Train 426/500 Loss: 0.000486, Reward: 463.8220, GA_prob: 0.090, Eps: 0.088, GA_count: 68, Steps: 748

Train 426/500 Loss: 0.007205, Reward: 246.0827, GA_prob: 0.077, Eps: 0.082, GA_count: 30, Steps: 388

Train 437/500 Loss: 0.000602, Reward: 128.9896, GA_prob: 0.093, Eps: 0.089, GA_count: 28, Steps: 208

Train 424/500 Loss: 0.006374, Reward: 189.0125, GA_prob: 0.089, Eps: 0.087, GA_count: 29, Steps: 298

Train 427/500 Loss: 0.000749, Reward: 58.9978, GA_prob: 0.091, Eps: 0.088, GA_count: 12, Steps: 88

Train 425/500 Loss: 0.000341, Reward: 136.6403, GA_prob: 0.089, Eps: 0.087, GA_count: 28, Steps: 208

Train 427/500 Loss: 0.005303, Reward: 189.9193, GA_prob: 0.076, Eps: 0.082, GA_count: 24, Steps: 298

Train 438/500 Loss: 0.000288, Reward: 59.5691, GA_prob: 0.088, Eps: 0.087, GA_count: 9, Steps: 88

Train 428/500 Loss: 0.007290, Reward: 135.9839, GA_prob: 0.088, Eps: 0.087, GA_count: 25, Steps: 208

Train 428/500 Loss: 0.000358, Reward: 58.5036, GA_prob: 0.087, Eps: 0.086, GA_count: 11, Steps: 88

Train 429/500 Loss: 0.000434, Reward: 57.7248, GA_prob: 0.085, Eps: 0.086, GA_count: 12, Steps: 88

Train 430/500 Loss: 0.000608, Reward: 248.0942, GA_prob: 0.090, Eps: 0.088, GA_count: 33, Steps: 388

Train 426/500 Loss: 0.006921, Reward: 246.7559, GA_prob: 0.087, Eps: 0.086, GA_count: 35, Steps: 388

Train 429/500 Loss: 0.000408, Reward: 185.2805, GA_prob: 0.084, Eps: 0.085, GA_count: 26, Steps: 298

Train 431/500 Loss: 0.005526, Reward: 58.5274, GA_prob: 0.085, Eps: 0.086, GA_count: 4, Steps: 88

Train 430/500 Loss: 0.000549, Reward: 37.7770, GA_prob: 0.083, Eps: 0.085, GA_count: 1, Steps: 58

Train 432/500 Loss: 0.000681, Reward: 190.2905, GA_prob: 0.089, Eps: 0.087, GA_count: 29, Steps: 298

Train 427/500 Loss: 0.006973, Reward: 470.0608, GA_prob: 0.075, Eps: 0.081, GA_count: 43, Steps: 748

Train 439/500 Loss: 0.010411, Reward: 38.6098, GA_prob: 0.073, Eps: 0.081, GA_count: 3, Steps: 58

Train 440/500 Loss: 0.006613, Reward: 132.6337, GA_prob: 0.084, Eps: 0.085, GA_count: 22, Steps: 208

Train 431/500 Loss: 0.000480, Reward: 138.2587, GA_prob: 0.088, Eps: 0.087, GA_count: 25, Steps: 208

Train 428/500 Loss: 0.005969, Reward: 135.1863, GA_prob: 0.072, Eps: 0.080, GA_count: 9, Steps: 208

Train 441/500 Loss: 0.000354, Reward: 196.8222, GA_prob: 0.082, Eps: 0.084, GA_count: 20, Steps: 298

Train 433/500 Loss: 0.000373, Reward: 131.9717, GA_prob: 0.081, Eps: 0.084, GA_count: 23, Steps: 208

Train 434/500 Loss: 0.004691, Reward: 185.2618, GA_prob: 0.071, Eps: 0.080, GA_count: 17, Steps: 298

Train 442/500 Loss: 0.006121, Reward: 90.9350, GA_prob: 0.070, Eps: 0.079, GA_count: 8, Steps: 148

Train 443/500 Loss: 0.000365, Reward: 94.3020, GA_prob: 0.079, Eps: 0.083, GA_count: 11, Steps: 148

Train 435/500 Loss: 0.000472, Reward: 248.3787, GA_prob: 0.087, Eps: 0.086, GA_count: 35, Steps: 388

Train 429/500 Loss: 0.000649, Reward: 62.1804, GA_prob: 0.085, Eps: 0.086, GA_count: 4, Steps: 88

Train 430/500 Loss: 0.006018, Reward: 352.5534, GA_prob: 0.083, Eps: 0.085, GA_count: 41, Steps: 568

Train 432/500 Loss: 0.007379, Reward: 56.2624, GA_prob: 0.069, Eps: 0.079, GA_count: 9, Steps: 88

Train 444/500 Loss: 0.006928, Reward: 57.0404, GA_prob: 0.082, Eps: 0.084, GA_count: 3, Steps: 88

Train 433/500 Loss: 0.000423, Reward: 90.3368, GA_prob: 0.078, Eps: 0.083, GA_count: 19, Steps: 148

Train 436/500 Loss: 0.000621, Reward: 129.8348, GA_prob: 0.084, Eps: 0.085, GA_count: 22, Steps: 208

Train 431/500 Loss: 0.006552, Reward: 246.8934, GA_prob: 0.067, Eps: 0.078, GA_count: 27, Steps: 388

Train 445/500 Loss: 0.005407, Reward: 188.2238, GA_prob: 0.081, Eps: 0.084, GA_count: 29, Steps: 298

Train 434/500 Loss: 0.000445, Reward: 241.8992, GA_prob: 0.077, Eps: 0.082, GA_count: 30, Steps: 388

Train 437/500 Loss: 0.007394, Reward: 98.6159, GA_prob: 0.079, Eps: 0.083, GA_count: 9, Steps: 148

Train 435/500 Loss: 0.005023, Reward: 96.1013, GA_prob: 0.066, Eps: 0.078, GA_count: 14, Steps: 148

Train 446/500 Loss: 0.000525, Reward: 199.7208, GA_prob: 0.076, Eps: 0.082, GA_count: 24, Steps: 298

Train 438/500 Loss: 0.000617, Reward: 349.8379, GA_prob: 0.083, Eps: 0.085, GA_count: 41, Steps: 568

Train 432/500 Loss: 0.006066, Reward: 190.8915, GA_prob: 0.065, Eps: 0.077, GA_count: 18, Steps: 298

Train 447/500 Loss: 0.000943, Reward: 57.8682, GA_prob: 0.082, Eps: 0.084, GA_count: 3, Steps: 88

Train 433/500 Loss: 0.005520, Reward: 242.9982, GA_prob: 0.078, Eps: 0.083, GA_count: 30, Steps: 388

Train 436/500 Loss: 0.005083, Reward: 56.9847, GA_prob: 0.077, Eps: 0.082, GA_count: 5, Steps: 88

Train 437/500 Loss: 0.004168, Reward: 37.4388, GA_prob: 0.076, Eps: 0.082, GA_count: 3, Steps: 58

Train 438/500 Loss: 0.005632, Reward: 74.6544, GA_prob: 0.075, Eps: 0.081, GA_count: 8, Steps: 118

Train 439/500 Loss: 0.000664, Reward: 181.7453, GA_prob: 0.081, Eps: 0.084, GA_count: 29, Steps: 298

Train 434/500 Loss: 0.000533, Reward: 100.6033, GA_prob: 0.079, Eps: 0.083, GA_count: 9, Steps: 148

Train 435/500 Loss: 0.004137, Reward: 359.5603, GA_prob: 0.064, Eps: 0.077, GA_count: 38, Steps: 568

Train 448/500 Loss: 0.000489, Reward: 464.9791, GA_prob: 0.075, Eps: 0.081, GA_count: 43, Steps: 748

Train 439/500 Loss: 0.000328, Reward: 40.6318, GA_prob: 0.073, Eps: 0.081, GA_count: 3, Steps: 58

Train 440/500 Loss: 0.006562, Reward: 99.5207, GA_prob: 0.063, Eps: 0.076, GA_count: 6, Steps: 148

Train 449/500 Loss: 0.000537, Reward: 134.5914, GA_prob: 0.072, Eps: 0.080, GA_count: 9, Steps: 208

Train 441/500 Loss: 0.000621, Reward: 234.0853, GA_prob: 0.078, Eps: 0.083, GA_count: 30, Steps: 388

Train 436/500 Loss: 0.006361, Reward: 187.2119, GA_prob: 0.061, Eps: 0.076, GA_count: 18, Steps: 298

Train 450/500 Loss: 0.000465, Reward: 62.4967, GA_prob: 0.077, Eps: 0.082, GA_count: 5, Steps: 88

Train 437/500 Loss: 0.000846, Reward: 35.3184, GA_prob: 0.076, Eps: 0.082, GA_count: 3, Steps: 58

Train 438/500 Loss: 0.005073, Reward: 76.3721, GA_prob: 0.060, Eps: 0.075, GA_count: 6, Steps: 118

Train 451/500 Loss: 0.005757, Reward: 465.1052, GA_prob: 0.073, Eps: 0.081, GA_count: 61, Steps: 748

Train 440/500 Loss: 0.000535, Reward: 185.1022, GA_prob: 0.071, Eps: 0.080, GA_count: 17, Steps: 298

Train 442/500 Loss: 0.005176, Reward: 37.7277, GA_prob: 0.059, Eps: 0.075, GA_count: 6, Steps: 58

Train 452/500 Loss: 0.000603, Reward: 76.6330, GA_prob: 0.075, Eps: 0.081, GA_count: 8, Steps: 118

Train 439/500 Loss: 0.000612, Reward: 93.2467, GA_prob: 0.070, Eps: 0.079, GA_count: 8, Steps: 148

Train 443/500 Loss: 0.000582, Reward: 59.1530, GA_prob: 0.069, Eps: 0.079, GA_count: 9, Steps: 88

Train 444/500 Loss: 0.006626, Reward: 189.3154, GA_prob: 0.058, Eps: 0.074, GA_count: 21, Steps: 298

Train 453/500 Loss: 0.004812, Reward: 243.0220, GA_prob: 0.072, Eps: 0.080, GA_count: 30, Steps: 388

Train 441/500 Loss: 0.007726, Reward: 188.3136, GA_prob: 0.057, Eps: 0.074, GA_count: 13, Steps: 298

Train 454/500 Loss: 0.000408, Reward: 246.6356, GA_prob: 0.067, Eps: 0.078, GA_count: 27, Steps: 388

Train 445/500 Loss: 0.000435, Reward: 99.5638, GA_prob: 0.066, Eps: 0.078, GA_count: 14, Steps: 148

Train 446/500 Loss: 0.004749, Reward: 245.8431, GA_prob: 0.071, Eps: 0.080, GA_count: 41, Steps: 388

Train 442/500 Loss: 0.000554, Reward: 447.0058, GA_prob: 0.073, Eps: 0.081, GA_count: 61, Steps: 748

Train 440/500 Loss: 0.006157, Reward: 74.4015, GA_prob: 0.070, Eps: 0.079, GA_count: 11, Steps: 118

Train 443/500 Loss: 0.000478, Reward: 192.5695, GA_prob: 0.065, Eps: 0.077, GA_count: 18, Steps: 298

Train 447/500 Loss: 0.004563, Reward: 137.1810, GA_prob: 0.069, Eps: 0.079, GA_count: 9, Steps: 208

Train 444/500 Loss: 0.000656, Reward: 244.0342, GA_prob: 0.072, Eps: 0.080, GA_count: 30, Steps: 388

Train 441/500 Loss: 0.005449, Reward: 466.4462, GA_prob: 0.055, Eps: 0.073, GA_count: 44, Steps: 748

Train 455/500 Loss: 0.003886, Reward: 78.4082, GA_prob: 0.067, Eps: 0.078, GA_count: 6, Steps: 118

Train 445/500 Loss: 0.008229, Reward: 58.4959, GA_prob: 0.054, Eps: 0.073, GA_count: 3, Steps: 88

Train 456/500 Loss: 0.000387, Reward: 358.4303, GA_prob: 0.064, Eps: 0.077, GA_count: 38, Steps: 568

Train 448/500 Loss: 0.000752, Reward: 241.0410, GA_prob: 0.071, Eps: 0.080, GA_count: 41, Steps: 388

Train 442/500 Loss: 0.000411, Reward: 102.4782, GA_prob: 0.063, Eps: 0.076, GA_count: 6, Steps: 148

Train 449/500 Loss: 0.004567, Reward: 354.5033, GA_prob: 0.066, Eps: 0.078, GA_count: 32, Steps: 568

Train 446/500 Loss: 0.000530, Reward: 78.1886, GA_prob: 0.070, Eps: 0.079, GA_count: 11, Steps: 118

Train 443/500 Loss: 0.005421, Reward: 38.6742, GA_prob: 0.065, Eps: 0.077, GA_count: 7, Steps: 58

Train 447/500 Loss: 0.005540, Reward: 35.2426, GA_prob: 0.064, Eps: 0.077, GA_count: 10, Steps: 58

Train 448/500 Loss: 0.000727, Reward: 138.3133, GA_prob: 0.069, Eps: 0.079, GA_count: 9, Steps: 208

Train 444/500 Loss: 0.005243, Reward: 472.2984, GA_prob: 0.053, Eps: 0.072, GA_count: 42, Steps: 748

Train 457/500 Loss: 0.000403, Reward: 184.3665, GA_prob: 0.061, Eps: 0.076, GA_count: 18, Steps: 298

Train 450/500 Loss: 0.006271, Reward: 58.1989, GA_prob: 0.052, Eps: 0.072, GA_count: 7, Steps: 88

Train 458/500 Loss: 0.000530, Reward: 79.3450, GA_prob: 0.067, Eps: 0.078, GA_count: 6, Steps: 118

Train 445/500 Loss: 0.000236, Reward: 79.4735, GA_prob: 0.060, Eps: 0.075, GA_count: 6, Steps: 118

Train 451/500 Loss: 0.000249, Reward: 37.6333, GA_prob: 0.059, Eps: 0.075, GA_count: 6, Steps: 58

Train 452/500 Loss: 0.003906, Reward: 189.1348, GA_prob: 0.063, Eps: 0.076, GA_count: 21, Steps: 298

Train 449/500 Loss: 0.007862, Reward: 134.0299, GA_prob: 0.051, Eps: 0.071, GA_count: 3, Steps: 208

Train 459/500 Loss: 0.000421, Reward: 189.6669, GA_prob: 0.058, Eps: 0.074, GA_count: 21, Steps: 298

Train 453/500 Loss: 0.007371, Reward: 190.0516, GA_prob: 0.049, Eps: 0.071, GA_count: 14, Steps: 298

Train 460/500 Loss: 0.000624, Reward: 354.4567, GA_prob: 0.066, Eps: 0.078, GA_count: 32, Steps: 568

Train 446/500 Loss: 0.004571, Reward: 248.8260, GA_prob: 0.061, Eps: 0.076, GA_count: 26, Steps: 388

Train 450/500 Loss: 0.000437, Reward: 38.9018, GA_prob: 0.065, Eps: 0.077, GA_count: 7, Steps: 58

Train 447/500 Loss: 0.000494, Reward: 189.6966, GA_prob: 0.057, Eps: 0.074, GA_count: 13, Steps: 298

Train 454/500 Loss: 0.005246, Reward: 195.3391, GA_prob: 0.048, Eps: 0.070, GA_count: 14, Steps: 298

Train 461/500 Loss: 0.000885, Reward: 38.5720, GA_prob: 0.064, Eps: 0.077, GA_count: 10, Steps: 58

Train 448/500 Loss: 0.006309, Reward: 186.1953, GA_prob: 0.060, Eps: 0.075, GA_count: 13, Steps: 298

Train 451/500 Loss: 0.004849, Reward: 139.0203, GA_prob: 0.047, Eps: 0.070, GA_count: 8, Steps: 208

Train 462/500 Loss: 0.004407, Reward: 77.7451, GA_prob: 0.046, Eps: 0.069, GA_count: 8, Steps: 118

Train 463/500 Loss: 0.000562, Reward: 188.2091, GA_prob: 0.063, Eps: 0.076, GA_count: 21, Steps: 298

Train 449/500 Loss: 0.005674, Reward: 186.5585, GA_prob: 0.059, Eps: 0.075, GA_count: 19, Steps: 298

Train 452/500 Loss: 0.004245, Reward: 193.1431, GA_prob: 0.044, Eps: 0.069, GA_count: 16, Steps: 298

Train 464/500 Loss: 0.000572, Reward: 467.7747, GA_prob: 0.055, Eps: 0.073, GA_count: 44, Steps: 748

Train 455/500 Loss: 0.000524, Reward: 247.3019, GA_prob: 0.061, Eps: 0.076, GA_count: 26, Steps: 388

Train 450/500 Loss: 0.000488, Reward: 62.2513, GA_prob: 0.054, Eps: 0.073, GA_count: 3, Steps: 88

Train 456/500 Loss: 0.000651, Reward: 181.2865, GA_prob: 0.060, Eps: 0.075, GA_count: 13, Steps: 298

Train 451/500 Loss: 0.005997, Reward: 364.3689, GA_prob: 0.043, Eps: 0.068, GA_count: 25, Steps: 568

Train 465/500 Loss: 0.004410, Reward: 471.0996, GA_prob: 0.058, Eps: 0.074, GA_count: 50, Steps: 748

Train 453/500 Loss: 0.005368, Reward: 55.7828, GA_prob: 0.057, Eps: 0.074, GA_count: 5, Steps: 88

Train 454/500 Loss: 0.000439, Reward: 188.5599, GA_prob: 0.059, Eps: 0.075, GA_count: 19, Steps: 298

Train 452/500 Loss: 0.008410, Reward: 37.4668, GA_prob: 0.055, Eps: 0.073, GA_count: 4, Steps: 58

Train 455/500 Loss: 0.005822, Reward: 247.4710, GA_prob: 0.042, Eps: 0.068, GA_count: 18, Steps: 388

Train 466/500 Loss: 0.000499, Reward: 469.8867, GA_prob: 0.053, Eps: 0.072, GA_count: 42, Steps: 748

Train 457/500 Loss: 0.001740, Reward: 58.2257, GA_prob: 0.041, Eps: 0.067, GA_count: 2, Steps: 88

Train 467/500 Loss: 0.000470, Reward: 57.5395, GA_prob: 0.052, Eps: 0.072, GA_count: 7, Steps: 88

Train 458/500 Loss: 0.005322, Reward: 190.7941, GA_prob: 0.054, Eps: 0.073, GA_count: 21, Steps: 298

Train 456/500 Loss: 0.006092, Reward: 75.3754, GA_prob: 0.040, Eps: 0.067, GA_count: 6, Steps: 118

Train 468/500 Loss: 0.000553, Reward: 132.9871, GA_prob: 0.051, Eps: 0.071, GA_count: 3, Steps: 208

Train 459/500 Loss: 0.002819, Reward: 75.3974, GA_prob: 0.038, Eps: 0.066, GA_count: 6, Steps: 118

Train 469/500 Loss: 0.008295, Reward: 37.0361, GA_prob: 0.037, Eps: 0.066, GA_count: 0, Steps: 58

Train 470/500 Loss: 0.006845, Reward: 239.9660, GA_prob: 0.053, Eps: 0.072, GA_count: 17, Steps: 388

Train 457/500 Loss: 0.000357, Reward: 194.9995, GA_prob: 0.049, Eps: 0.071, GA_count: 14, Steps: 298

Train 460/500 Loss: 0.000591, Reward: 467.2074, GA_prob: 0.058, Eps: 0.074, GA_count: 50, Steps: 748

Train 453/500 Loss: 0.009008, Reward: 191.0644, GA_prob: 0.036, Eps: 0.065, GA_count: 14, Steps: 298

Train 471/500 Loss: 0.003527, Reward: 98.3160, GA_prob: 0.052, Eps: 0.072, GA_count: 5, Steps: 148

Train 458/500 Loss: 0.000657, Reward: 57.2847, GA_prob: 0.057, Eps: 0.074, GA_count: 5, Steps: 88

Train 454/500 Loss: 0.000620, Reward: 38.5320, GA_prob: 0.055, Eps: 0.073, GA_count: 4, Steps: 58

Train 455/500 Loss: 0.006772, Reward: 79.5177, GA_prob: 0.051, Eps: 0.071, GA_count: 6, Steps: 118

Train 459/500 Loss: 0.000364, Reward: 197.3650, GA_prob: 0.048, Eps: 0.070, GA_count: 14, Steps: 298

Train 461/500 Loss: 0.007630, Reward: 75.5297, GA_prob: 0.049, Eps: 0.071, GA_count: 5, Steps: 118

Train 460/500 Loss: 0.006111, Reward: 246.1390, GA_prob: 0.035, Eps: 0.065, GA_count: 10, Steps: 388

Train 472/500 Loss: 0.000296, Reward: 142.5822, GA_prob: 0.047, Eps: 0.070, GA_count: 8, Steps: 208

Train 462/500 Loss: 0.000497, Reward: 194.2457, GA_prob: 0.054, Eps: 0.073, GA_count: 21, Steps: 298

Train 456/500 Loss: 0.005152, Reward: 131.7629, GA_prob: 0.034, Eps: 0.064, GA_count: 5, Steps: 208

Train 473/500 Loss: 0.000400, Reward: 77.2015, GA_prob: 0.046, Eps: 0.069, GA_count: 8, Steps: 118

Train 463/500 Loss: 0.000803, Reward: 240.7560, GA_prob: 0.053, Eps: 0.072, GA_count: 17, Steps: 388

Train 457/500 Loss: 0.000353, Reward: 189.1406, GA_prob: 0.044, Eps: 0.069, GA_count: 16, Steps: 298

Train 464/500 Loss: 0.005306, Reward: 240.5713, GA_prob: 0.032, Eps: 0.064, GA_count: 13, Steps: 388

Train 474/500 Loss: 0.005173, Reward: 38.3938, GA_prob: 0.031, Eps: 0.063, GA_count: 5, Steps: 58

Train 475/500 Loss: 0.000755, Reward: 103.9290, GA_prob: 0.052, Eps: 0.072, GA_count: 5, Steps: 148

Train 458/500 Loss: 0.004220, Reward: 475.0852, GA_prob: 0.048, Eps: 0.070, GA_count: 38, Steps: 748

Train 461/500 Loss: 0.000813, Reward: 81.7415, GA_prob: 0.051, Eps: 0.071, GA_count: 6, Steps: 118

Train 459/500 Loss: 0.000821, Reward: 75.7555, GA_prob: 0.049, Eps: 0.071, GA_count: 5, Steps: 118

Train 460/500 Loss: 0.002796, Reward: 187.5761, GA_prob: 0.047, Eps: 0.070, GA_count: 13, Steps: 298

Train 462/500 Loss: 0.000333, Reward: 357.9091, GA_prob: 0.043, Eps: 0.068, GA_count: 25, Steps: 568

Train 465/500 Loss: 0.005785, Reward: 356.4545, GA_prob: 0.030, Eps: 0.063, GA_count: 32, Steps: 568

Train 476/500 Loss: 0.005669, Reward: 244.8694, GA_prob: 0.046, Eps: 0.069, GA_count: 25, Steps: 388

Train 463/500 Loss: 0.006237, Reward: 129.0275, GA_prob: 0.029, Eps: 0.062, GA_count: 3, Steps: 208

Train 477/500 Loss: 0.000330, Reward: 242.2937, GA_prob: 0.042, Eps: 0.068, GA_count: 18, Steps: 388

Train 466/500 Loss: 0.005063, Reward: 78.7453, GA_prob: 0.028, Eps: 0.062, GA_count: 4, Steps: 118

Train 478/500 Loss: 0.000271, Reward: 59.0518, GA_prob: 0.041, Eps: 0.067, GA_count: 2, Steps: 88

Train 467/500 Loss: 0.000651, Reward: 471.2370, GA_prob: 0.048, Eps: 0.070, GA_count: 38, Steps: 748

Train 461/500 Loss: 0.004507, Reward: 136.0231, GA_prob: 0.044, Eps: 0.069, GA_count: 13, Steps: 208

Train 464/500 Loss: 0.000281, Reward: 75.1561, GA_prob: 0.040, Eps: 0.067, GA_count: 6, Steps: 118

Train 468/500 Loss: 0.000223, Reward: 77.3593, GA_prob: 0.038, Eps: 0.066, GA_count: 6, Steps: 118

Train 469/500 Loss: 0.005989, Reward: 189.3790, GA_prob: 0.026, Eps: 0.061, GA_count: 11, Steps: 298

Train 479/500 Loss: 0.000253, Reward: 36.9967, GA_prob: 0.037, Eps: 0.066, GA_count: 0, Steps: 58

Train 470/500 Loss: 0.000695, Reward: 189.5667, GA_prob: 0.047, Eps: 0.070, GA_count: 13, Steps: 298

Train 462/500 Loss: 0.000295, Reward: 189.3345, GA_prob: 0.036, Eps: 0.065, GA_count: 14, Steps: 298

Train 471/500 Loss: 0.005294, Reward: 362.0874, GA_prob: 0.025, Eps: 0.061, GA_count: 12, Steps: 568

Train 480/500 Loss: 0.000539, Reward: 246.0081, GA_prob: 0.046, Eps: 0.069, GA_count: 25, Steps: 388

Train 463/500 Loss: 0.005717, Reward: 39.2005, GA_prob: 0.024, Eps: 0.060, GA_count: 3, Steps: 58

Train 481/500 Loss: 0.004812, Reward: 456.3422, GA_prob: 0.043, Eps: 0.068, GA_count: 37, Steps: 748

Train 465/500 Loss: 0.000346, Reward: 245.5677, GA_prob: 0.035, Eps: 0.065, GA_count: 10, Steps: 388

Train 472/500 Loss: 0.000468, Reward: 135.6592, GA_prob: 0.044, Eps: 0.069, GA_count: 13, Steps: 208

Train 464/500 Loss: 0.000371, Reward: 136.0698, GA_prob: 0.034, Eps: 0.064, GA_count: 5, Steps: 208

Train 473/500 Loss: 0.003730, Reward: 247.7526, GA_prob: 0.042, Eps: 0.068, GA_count: 14, Steps: 388

Train 466/500 Loss: 0.005953, Reward: 351.9078, GA_prob: 0.023, Eps: 0.060, GA_count: 14, Steps: 568

Train 482/500 Loss: 0.000424, Reward: 242.4839, GA_prob: 0.032, Eps: 0.064, GA_count: 13, Steps: 388

Train 474/500 Loss: 0.004076, Reward: 184.0969, GA_prob: 0.041, Eps: 0.067, GA_count: 14, Steps: 298

Train 467/500 Loss: 0.000440, Reward: 41.6686, GA_prob: 0.031, Eps: 0.063, GA_count: 5, Steps: 58

Train 475/500 Loss: 0.003731, Reward: 96.5814, GA_prob: 0.040, Eps: 0.067, GA_count: 4, Steps: 148

Train 468/500 Loss: 0.005430, Reward: 238.2092, GA_prob: 0.022, Eps: 0.059, GA_count: 12, Steps: 388

Train 483/500 Loss: 0.000397, Reward: 449.0411, GA_prob: 0.043, Eps: 0.068, GA_count: 37, Steps: 748

Train 465/500 Loss: 0.002610, Reward: 133.1253, GA_prob: 0.038, Eps: 0.066, GA_count: 8, Steps: 208

Train 469/500 Loss: 0.000461, Reward: 241.6870, GA_prob: 0.042, Eps: 0.068, GA_count: 14, Steps: 388

Train 466/500 Loss: 0.000449, Reward: 359.0369, GA_prob: 0.030, Eps: 0.063, GA_count: 32, Steps: 568

Train 476/500 Loss: 0.005210, Reward: 350.9224, GA_prob: 0.020, Eps: 0.059, GA_count: 15, Steps: 568

Train 484/500 Loss: 0.001865, Reward: 55.3360, GA_prob: 0.019, Eps: 0.058, GA_count: 2, Steps: 88

Train 485/500 Loss: 0.000436, Reward: 130.5095, GA_prob: 0.029, Eps: 0.062, GA_count: 3, Steps: 208

Train 477/500 Loss: 0.000724, Reward: 77.5933, GA_prob: 0.028, Eps: 0.062, GA_count: 4, Steps: 118

Train 478/500 Loss: 0.000348, Reward: 193.6714, GA_prob: 0.041, Eps: 0.067, GA_count: 14, Steps: 298

Train 467/500 Loss: 0.004425, Reward: 190.0665, GA_prob: 0.018, Eps: 0.058, GA_count: 6, Steps: 298

Train 486/500 Loss: 0.003947, Reward: 456.8403, GA_prob: 0.037, Eps: 0.066, GA_count: 23, Steps: 748

Train 470/500 Loss: 0.004672, Reward: 38.4077, GA_prob: 0.036, Eps: 0.065, GA_count: 1, Steps: 58

Train 471/500 Loss: 0.000653, Reward: 97.3377, GA_prob: 0.040, Eps: 0.067, GA_count: 4, Steps: 148

Train 468/500 Loss: 0.000499, Reward: 186.7737, GA_prob: 0.026, Eps: 0.061, GA_count: 11, Steps: 298

Train 479/500 Loss: 0.000327, Reward: 140.7029, GA_prob: 0.038, Eps: 0.066, GA_count: 8, Steps: 208

Train 469/500 Loss: 0.004487, Reward: 248.5541, GA_prob: 0.035, Eps: 0.065, GA_count: 14, Steps: 388

Train 472/500 Loss: 0.003686, Reward: 468.6014, GA_prob: 0.017, Eps: 0.057, GA_count: 14, Steps: 748

Train 487/500 Loss: 0.000423, Reward: 365.2706, GA_prob: 0.025, Eps: 0.061, GA_count: 12, Steps: 568

Train 480/500 Loss: 0.002569, Reward: 192.9628, GA_prob: 0.034, Eps: 0.064, GA_count: 9, Steps: 298

Train 473/500 Loss: 0.000319, Reward: 39.0947, GA_prob: 0.024, Eps: 0.060, GA_count: 3, Steps: 58

Train 481/500 Loss: 0.004735, Reward: 92.1828, GA_prob: 0.032, Eps: 0.064, GA_count: 5, Steps: 148

Train 474/500 Loss: 0.000437, Reward: 457.8281, GA_prob: 0.037, Eps: 0.066, GA_count: 23, Steps: 748

Train 470/500 Loss: 0.000489, Reward: 38.4171, GA_prob: 0.036, Eps: 0.065, GA_count: 1, Steps: 58

Train 471/500 Loss: 0.003217, Reward: 364.6554, GA_prob: 0.016, Eps: 0.057, GA_count: 3, Steps: 568

Train 488/500 Loss: 0.004402, Reward: 189.8664, GA_prob: 0.031, Eps: 0.063, GA_count: 6, Steps: 298

Train 475/500 Loss: 0.003513, Reward: 80.7541, GA_prob: 0.014, Eps: 0.056, GA_count: 2, Steps: 118

Train 489/500 Loss: 0.000332, Reward: 355.4873, GA_prob: 0.023, Eps: 0.060, GA_count: 14, Steps: 568

Train 482/500 Loss: 0.000476, Reward: 248.9922, GA_prob: 0.035, Eps: 0.065, GA_count: 14, Steps: 388

Train 472/500 Loss: 0.004703, Reward: 248.5003, GA_prob: 0.030, Eps: 0.063, GA_count: 10, Steps: 388

Train 476/500 Loss: 0.000325, Reward: 238.7851, GA_prob: 0.022, Eps: 0.059, GA_count: 12, Steps: 388

Train 483/500 Loss: 0.000345, Reward: 193.7686, GA_prob: 0.034, Eps: 0.064, GA_count: 9, Steps: 298

Train 473/500 Loss: 0.003991, Reward: 355.5303, GA_prob: 0.013, Eps: 0.056, GA_count: 11, Steps: 568

Train 490/500 Loss: 0.005638, Reward: 186.9565, GA_prob: 0.029, Eps: 0.062, GA_count: 7, Steps: 298

Train 477/500 Loss: 0.003592, Reward: 77.9163, GA_prob: 0.012, Eps: 0.055, GA_count: 2, Steps: 118

Train 491/500 Loss: 0.000495, Reward: 91.3783, GA_prob: 0.032, Eps: 0.064, GA_count: 5, Steps: 148

Train 474/500 Loss: 0.005195, Reward: 57.1526, GA_prob: 0.011, Eps: 0.055, GA_count: 2, Steps: 88

Train 492/500 Loss: 0.004491, Reward: 98.4599, GA_prob: 0.010, Eps: 0.054, GA_count: 3, Steps: 148

Train 493/500 Loss: 0.000472, Reward: 195.4623, GA_prob: 0.031, Eps: 0.063, GA_count: 6, Steps: 298

Train 475/500 Loss: 0.005182, Reward: 243.0867, GA_prob: 0.028, Eps: 0.062, GA_count: 10, Steps: 388

Train 478/500 Loss: 0.000350, Reward: 350.9798, GA_prob: 0.020, Eps: 0.059, GA_count: 15, Steps: 568

Train 484/500 Loss: 0.000277, Reward: 58.1114, GA_prob: 0.019, Eps: 0.058, GA_count: 2, Steps: 88

Train 485/500 Loss: 0.000530, Reward: 245.7981, GA_prob: 0.030, Eps: 0.063, GA_count: 10, Steps: 388

Train 476/500 Loss: 0.004701, Reward: 357.6151, GA_prob: 0.008, Eps: 0.054, GA_count: 8, Steps: 568

Train 494/500 Loss: 0.000305, Reward: 187.9130, GA_prob: 0.018, Eps: 0.058, GA_count: 6, Steps: 298

Train 486/500 Loss: 0.003172, Reward: 360.1441, GA_prob: 0.026, Eps: 0.061, GA_count: 12, Steps: 568

Train 479/500 Loss: 0.000486, Reward: 188.5630, GA_prob: 0.029, Eps: 0.062, GA_count: 7, Steps: 298

Train 477/500 Loss: 0.000342, Reward: 241.7422, GA_prob: 0.028, Eps: 0.062, GA_count: 10, Steps: 388

Train 478/500 Loss: 0.004514, Reward: 465.5271, GA_prob: 0.007, Eps: 0.053, GA_count: 2, Steps: 748

Train 495/500 Loss: 0.000296, Reward: 468.2085, GA_prob: 0.017, Eps: 0.057, GA_count: 14, Steps: 748

Train 487/500 Loss: 0.004268, Reward: 471.5360, GA_prob: 0.025, Eps: 0.061, GA_count: 20, Steps: 748

Train 480/500 Loss: 0.007126, Reward: 99.0232, GA_prob: 0.024, Eps: 0.060, GA_count: 2, Steps: 148

Train 481/500 Loss: 0.007831, Reward: 94.7501, GA_prob: 0.023, Eps: 0.060, GA_count: 6, Steps: 148

Train 482/500 Loss: 0.000408, Reward: 357.9505, GA_prob: 0.026, Eps: 0.061, GA_count: 12, Steps: 568

Train 479/500 Loss: 0.003361, Reward: 79.7527, GA_prob: 0.022, Eps: 0.059, GA_count: 1, Steps: 118

Train 483/500 Loss: 0.000258, Reward: 364.4537, GA_prob: 0.016, Eps: 0.057, GA_count: 3, Steps: 568

Train 488/500 Loss: 0.005036, Reward: 480.0456, GA_prob: 0.006, Eps: 0.053, GA_count: 5, Steps: 748

Train 496/500 Loss: 0.005470, Reward: 78.4398, GA_prob: 0.020, Eps: 0.059, GA_count: 1, Steps: 118

Train 484/500 Loss: 0.000309, Reward: 82.5261, GA_prob: 0.014, Eps: 0.056, GA_count: 2, Steps: 118

Train 489/500 Loss: 0.003642, Reward: 76.2077, GA_prob: 0.005, Eps: 0.052, GA_count: 1, Steps: 118

Train 497/500 Loss: 0.002923, Reward: 76.4917, GA_prob: 0.004, Eps: 0.052, GA_count: 1, Steps: 118

Train 498/500 Loss: 0.005191, Reward: 36.5229, GA_prob: 0.002, Eps: 0.051, GA_count: 0, Steps: 58

Train 499/500 Loss: 0.000320, Reward: 471.4208, GA_prob: 0.025, Eps: 0.061, GA_count: 20, Steps: 748

Train 480/500 Loss: 0.005481, Reward: 360.4522, GA_prob: 0.019, Eps: 0.058, GA_count: 10, Steps: 568

Train 485/500 Loss: 0.000291, Reward: 359.3239, GA_prob: 0.013, Eps: 0.056, GA_count: 11, Steps: 568

Train 490/500 Loss: 0.000334, Reward: 98.4482, GA_prob: 0.024, Eps: 0.060, GA_count: 2, Steps: 148

Train 481/500 Loss: 0.000353, Reward: 79.7607, GA_prob: 0.012, Eps: 0.055, GA_count: 2, Steps: 118

Train 491/500 Loss: 0.000214, Reward: 60.9785, GA_prob: 0.011, Eps: 0.055, GA_count: 2, Steps: 88

Train 492/500 Loss: 0.000404, Reward: 93.9447, GA_prob: 0.023, Eps: 0.060, GA_count: 6, Steps: 148

Train 482/500 Loss: 0.005524, Reward: 475.8851, GA_prob: 0.001, Eps: 0.051, GA_count: 1, Steps: 748

Train 500/500 Loss: 0.000224, Reward: 97.1630, GA_prob: 0.010, Eps: 0.054, GA_count: 3, Steps: 148

Train 493/500 Loss: 0.000530, Reward: 77.4200, GA_prob: 0.022, Eps: 0.059, GA_count: 1, Steps: 118

Train 483/500 Loss: 0.000522, Reward: 77.1615, GA_prob: 0.020, Eps: 0.059, GA_count: 1, Steps: 118

Train 484/500 Loss: 0.002168, Reward: 247.9715, GA_prob: 0.000, Eps: 0.050, GA_count: 0, Steps: 388

Elapsed time for ddqn guided by GA: 1740.4198392529506 seconds
training is completed -> trained_models/DIAGRP_alfix_full_GA_500_seed2.pkl

DQN guided by GA Test #0
DQN guided by GA Test #1
DQN guided by GA Test #2
DQN guided by GA Test #3 Loss: 0.004418, Reward: 466.4276, GA_prob: 0.018, Eps: 0.058, GA_count: 19, Steps: 748

Train 486/500
DQN guided by GA Test #4
DQN guided by GA Test #5 Loss: 0.001779, Reward: 38.9297, GA_prob: 0.017, Eps: 0.057, GA_count: 0, Steps: 58

Train 487/500 Loss: 0.000320, Reward: 346.2387, GA_prob: 0.008, Eps: 0.054, GA_count: 8, Steps: 568

Train 494/500 Loss: 0.004230, Reward: 134.6358, GA_prob: 0.016, Eps: 0.057, GA_count: 1, Steps: 208

Train 488/500
DQN guided by GA Test #6
DQN guided by GA Test #7 Loss: 0.000319, Reward: 357.1371, GA_prob: 0.019, Eps: 0.058, GA_count: 10, Steps: 568

Train 485/500
DQN guided by GA Test #8
DQN guided by GA Test #9
DQN guided by GA Test #10 Loss: 0.003236, Reward: 189.0463, GA_prob: 0.014, Eps: 0.056, GA_count: 5, Steps: 298

Train 489/500 Loss: 0.001372, Reward: 58.3686, GA_prob: 0.013, Eps: 0.056, GA_count: 0, Steps: 88

Train 490/500
DQN guided by GA Test #11 Loss: 0.002125, Reward: 38.3688, GA_prob: 0.012, Eps: 0.055, GA_count: 0, Steps: 58

Train 491/500
DQN guided by GA Test #12
DQN guided by GA Test #13 Loss: 0.000305, Reward: 463.7283, GA_prob: 0.007, Eps: 0.053, GA_count: 2, Steps: 748

Train 495/500 Loss: 0.005561, Reward: 248.5089, GA_prob: 0.011, Eps: 0.055, GA_count: 4, Steps: 388

Train 492/500 Loss: 0.000292, Reward: 463.2306, GA_prob: 0.018, Eps: 0.058, GA_count: 19, Steps: 748

Train 486/500
DQN guided by GA Test #14
DQN guided by GA Test #15 Loss: 0.000181, Reward: 38.2066, GA_prob: 0.017, Eps: 0.057, GA_count: 0, Steps: 58

Train 487/500
DQN guided by GA Test #16 Loss: 0.008080, Reward: 91.3628, GA_prob: 0.010, Eps: 0.054, GA_count: 2, Steps: 148

Train 493/500 Loss: 0.003353, Reward: 38.0142, GA_prob: 0.008, Eps: 0.054, GA_count: 0, Steps: 58

Train 494/500 Loss: 0.000488, Reward: 142.1812, GA_prob: 0.016, Eps: 0.057, GA_count: 1, Steps: 208

Train 488/500
DQN guided by GA Test #17
DQN guided by GA Test #18
DQN guided by GA Test #19
DQN guided by GA Test #20 Loss: 0.000257, Reward: 482.3314, GA_prob: 0.006, Eps: 0.053, GA_count: 5, Steps: 748

Train 496/500
DQN guided by GA Test #21 Loss: 0.000401, Reward: 193.1820, GA_prob: 0.014, Eps: 0.056, GA_count: 5, Steps: 298

Train 489/500
DQN guided by GA Test #22
DQN guided by GA Test #23 Loss: 0.000314, Reward: 77.9157, GA_prob: 0.005, Eps: 0.052, GA_count: 1, Steps: 118

Train 497/500 Loss: 0.000292, Reward: 57.4281, GA_prob: 0.013, Eps: 0.056, GA_count: 0, Steps: 88

Train 490/500
DQN guided by GA Test #24 Loss: 0.000428, Reward: 38.6728, GA_prob: 0.012, Eps: 0.055, GA_count: 0, Steps: 58

Train 491/500 Loss: 0.005748, Reward: 357.8882, GA_prob: 0.007, Eps: 0.053, GA_count: 4, Steps: 568

Train 495/500 Loss: 0.000275, Reward: 75.8493, GA_prob: 0.004, Eps: 0.052, GA_count: 1, Steps: 118

Train 498/500
DQN guided by GA Test #25 Loss: 0.000173, Reward: 35.1283, GA_prob: 0.002, Eps: 0.051, GA_count: 0, Steps: 58

Train 499/500
DQN guided by GA Test #26
DQN guided by GA Test #27 Loss: 0.004889, Reward: 132.5828, GA_prob: 0.006, Eps: 0.053, GA_count: 0, Steps: 208

Train 496/500
DQN guided by GA Test #28
DQN guided by GA Test #29 Loss: 0.008645, Reward: 36.6794, GA_prob: 0.005, Eps: 0.052, GA_count: 1, Steps: 58

Train 497/500>>> 5/8 [alfix_full] GA seed2 overflow=0.0 max_level=8.0081 act0=0.0 i100=236.53 (1750.3s)
 Loss: 0.000341, Reward: 247.9696, GA_prob: 0.011, Eps: 0.055, GA_count: 4, Steps: 388

Train 492/500 Loss: 0.000415, Reward: 93.3918, GA_prob: 0.010, Eps: 0.054, GA_count: 2, Steps: 148

Train 493/500 Loss: 0.000406, Reward: 37.1287, GA_prob: 0.008, Eps: 0.054, GA_count: 0, Steps: 58

Train 494/500 Loss: 0.000280, Reward: 479.8566, GA_prob: 0.001, Eps: 0.051, GA_count: 1, Steps: 748

Train 500/500 Loss: 0.006027, Reward: 462.0150, GA_prob: 0.004, Eps: 0.052, GA_count: 3, Steps: 748

Train 498/500 Loss: 0.000214, Reward: 261.5741, GA_prob: 0.000, Eps: 0.050, GA_count: 0, Steps: 388

Elapsed time for ddqn guided by GA: 1753.6184859899804 seconds
training is completed -> trained_models/DIAGRP_alfix_orig_GA_500_seed2.pkl

DQN guided by GA Test #0
DQN guided by GA Test #1 Loss: 0.005304, Reward: 95.7421, GA_prob: 0.002, Eps: 0.051, GA_count: 0, Steps: 148

Train 499/500 Loss: 0.000395, Reward: 347.0594, GA_prob: 0.007, Eps: 0.053, GA_count: 4, Steps: 568

Train 495/500
DQN guided by GA Test #2
DQN guided by GA Test #3
DQN guided by GA Test #4
DQN guided by GA Test #5 Loss: 0.000331, Reward: 135.7142, GA_prob: 0.006, Eps: 0.053, GA_count: 0, Steps: 208

Train 496/500 Loss: 0.000645, Reward: 38.8069, GA_prob: 0.005, Eps: 0.052, GA_count: 1, Steps: 58

Train 497/500 Loss: 0.008007, Reward: 191.5137, GA_prob: 0.001, Eps: 0.051, GA_count: 1, Steps: 298

Train 500/500
DQN guided by GA Test #6
DQN guided by GA Test #7
DQN guided by GA Test #8
DQN guided by GA Test #9
DQN guided by GA Test #10
DQN guided by GA Test #11
DQN guided by GA Test #12 Loss: 0.005379, Reward: 361.1358, GA_prob: 0.000, Eps: 0.050, GA_count: 0, Steps: 568

Elapsed time for ddqn guided by GA: 1756.637640513014 seconds
training is completed -> trained_models/DIAGRP_alfix_full_GA_500_seed1.pkl

DQN guided by GA Test #0
DQN guided by GA Test #1
DQN guided by GA Test #2
DQN guided by GA Test #3
DQN guided by GA Test #13
DQN guided by GA Test #4 Loss: 0.000590, Reward: 459.7472, GA_prob: 0.004, Eps: 0.052, GA_count: 3, Steps: 748

Train 498/500
DQN guided by GA Test #5 Loss: 0.000888, Reward: 93.9592, GA_prob: 0.002, Eps: 0.051, GA_count: 0, Steps: 148

Train 499/500
DQN guided by GA Test #14
DQN guided by GA Test #15
DQN guided by GA Test #6
DQN guided by GA Test #16
DQN guided by GA Test #7
DQN guided by GA Test #8
DQN guided by GA Test #9 Loss: 0.000571, Reward: 189.5702, GA_prob: 0.001, Eps: 0.051, GA_count: 1, Steps: 298

Train 500/500
DQN guided by GA Test #17
DQN guided by GA Test #10
DQN guided by GA Test #18
DQN guided by GA Test #11
DQN guided by GA Test #19
DQN guided by GA Test #20
DQN guided by GA Test #21
DQN guided by GA Test #12
DQN guided by GA Test #22
DQN guided by GA Test #23
DQN guided by GA Test #24
DQN guided by GA Test #13 Loss: 0.000425, Reward: 358.7548, GA_prob: 0.000, Eps: 0.050, GA_count: 0, Steps: 568

Elapsed time for ddqn guided by GA: 1759.846296739066 seconds
training is completed -> trained_models/DIAGRP_alfix_orig_GA_500_seed1.pkl

DQN guided by GA Test #0
DQN guided by GA Test #1
DQN guided by GA Test #2
DQN guided by GA Test #3
DQN guided by GA Test #25
DQN guided by GA Test #4
DQN guided by GA Test #26
DQN guided by GA Test #14
DQN guided by GA Test #5
DQN guided by GA Test #27
DQN guided by GA Test #15
DQN guided by GA Test #28
DQN guided by GA Test #16
DQN guided by GA Test #29>>> 6/8 [alfix_orig] GA seed2 overflow=1.0 max_level=10.0 act0=0.0333 i100=159.6 (1760.7s)

DQN guided by GA Test #6
DQN guided by GA Test #7
DQN guided by GA Test #8
DQN guided by GA Test #17
DQN guided by GA Test #9
DQN guided by GA Test #18
DQN guided by GA Test #19
DQN guided by GA Test #10
DQN guided by GA Test #20
DQN guided by GA Test #21
DQN guided by GA Test #22
DQN guided by GA Test #11
DQN guided by GA Test #23
DQN guided by GA Test #24
DQN guided by GA Test #12
DQN guided by GA Test #13
DQN guided by GA Test #25
DQN guided by GA Test #26
DQN guided by GA Test #27
DQN guided by GA Test #28
DQN guided by GA Test #29
DQN guided by GA Test #14
DQN guided by GA Test #15>>> 7/8 [alfix_full] GA seed1 overflow=0.0 max_level=8.3933 act0=0.0 i100=230.87 (1763.0s)

DQN guided by GA Test #16
DQN guided by GA Test #17
DQN guided by GA Test #18
DQN guided by GA Test #19
DQN guided by GA Test #20
DQN guided by GA Test #21
DQN guided by GA Test #22
DQN guided by GA Test #23
DQN guided by GA Test #24
DQN guided by GA Test #25
DQN guided by GA Test #26
DQN guided by GA Test #27
DQN guided by GA Test #28
DQN guided by GA Test #29>>> 8/8 [alfix_orig] GA seed1 overflow=1.0 max_level=10.0 act0=0.0 i100=136.07 (1765.5s)

all done 1767s

    config  gamma   norm  fix_al guide  seed  n_train  n_test  overflow_rate  mean_max_level_m  action0_lock_rate  mean_n_intervals_100  mean_n_intervals_170  mean_n_switches  mean_dryrun_proxy  elapsed_s
alfix_full    0.7 minmax       1    GA     1      500      30            0.0            8.3933             0.0000                230.87                 51.20            15.07             0.6667     1763.0
alfix_full    0.7 minmax       1    GA     2      500      30            0.0            8.0081             0.0000                236.53                 47.73            17.93             0.7333     1750.3
alfix_full    0.7 minmax       1   PSO     1      500      30            0.0            8.2038             0.0000                237.87                 46.70            17.20             0.2667     1060.4
alfix_full    0.7 minmax       1   PSO     2      500      30            0.0            7.8123             0.0000                234.73                 42.97            13.93             1.8000     1062.5
alfix_orig    0.1    sum       1    GA     1      500      30            1.0           10.0000             0.0000                136.07                  0.00             1.03             0.0000     1765.5
alfix_orig    0.1    sum       1    GA     2      500      30            1.0           10.0000             0.0333                159.60                 45.23            10.43             0.4000     1760.7
alfix_orig    0.1    sum       1   PSO     1      500      30            1.0           10.0000             1.0000                  0.00                  0.00             0.00             0.0000     1058.7
alfix_orig    0.1    sum       1   PSO     2      500      30            1.0           10.0000             0.1333                142.07                 60.17             6.53             0.7333     1057.5

=== mean over seeds ===
                  overflow_rate  mean_max_level_m  action0_lock_rate  mean_n_intervals_100  mean_dryrun_proxy
config     guide                                                                                             
alfix_full GA               0.0           8.20070            0.00000               233.700            0.70000
           PSO              0.0           8.00805            0.00000               236.300            1.03335
alfix_orig GA               1.0          10.00000            0.01665               147.835            0.20000
           PSO              1.0          10.00000            0.56665                71.035            0.36665
