cuda

trains: 500, tests: 30
Epoch # 1/1

Train 1/500cuda

trains: 500, tests: 30
Epoch # 1/1

Train 1/500cuda

trains: 500, tests: 30
Epoch # 1/1

Train 1/500cuda

trains: 500, tests: 30
Epoch # 1/1

Train 1/500 Loss: 0.170376, Reward: 67.3918, PSO_prob: 0.600, Eps: 0.300, PSO_count: 73, Steps: 118

Train 2/500 Loss: 0.015670, Reward: 71.2546, PSO_prob: 0.599, Eps: 0.299, PSO_count: 68, Steps: 118

Train 3/500 Loss: 0.006655, Reward: 35.2004, PSO_prob: 0.598, Eps: 0.299, PSO_count: 32, Steps: 58

Train 4/500 Loss: 0.029027, Reward: 216.5728, PSO_prob: 0.600, Eps: 0.300, PSO_count: 235, Steps: 388

Train 2/500 Loss: 0.013073, Reward: 51.9989, PSO_prob: 0.599, Eps: 0.299, PSO_count: 55, Steps: 88

Train 3/500 Loss: 0.165365, Reward: 66.4658, GA_prob: 0.600, Eps: 0.300, GA_count: 73, Steps: 118

Train 2/500 Loss: 0.008608, Reward: 178.1947, PSO_prob: 0.596, Eps: 0.298, PSO_count: 184, Steps: 298

Train 5/500 Loss: 0.006016, Reward: 54.7167, PSO_prob: 0.595, Eps: 0.298, PSO_count: 60, Steps: 88

Train 6/500 Loss: 0.007175, Reward: 174.3280, PSO_prob: 0.594, Eps: 0.297, PSO_count: 169, Steps: 298

Train 7/500 Loss: 0.015544, Reward: 72.0764, GA_prob: 0.599, Eps: 0.299, GA_count: 68, Steps: 118

Train 3/500 Loss: 0.006530, Reward: 52.6135, PSO_prob: 0.593, Eps: 0.297, PSO_count: 57, Steps: 88

Train 8/500 Loss: 0.009004, Reward: 35.2037, GA_prob: 0.598, Eps: 0.299, GA_count: 32, Steps: 58

Train 4/500 Loss: 0.008248, Reward: 446.5898, PSO_prob: 0.598, Eps: 0.299, PSO_count: 464, Steps: 748

Train 4/500 Loss: 0.007684, Reward: 174.3324, PSO_prob: 0.596, Eps: 0.298, PSO_count: 177, Steps: 298

Train 5/500 Loss: 0.029031, Reward: 221.5542, GA_prob: 0.600, Eps: 0.300, GA_count: 235, Steps: 388

Train 2/500 Loss: 0.007153, Reward: 35.7612, PSO_prob: 0.595, Eps: 0.298, PSO_count: 34, Steps: 58

Train 6/500 Loss: 0.007250, Reward: 335.0161, PSO_prob: 0.592, Eps: 0.296, PSO_count: 352, Steps: 568

Train 9/500 Loss: 0.007258, Reward: 90.0296, PSO_prob: 0.590, Eps: 0.296, PSO_count: 85, Steps: 148

Train 10/500 Loss: 0.012612, Reward: 54.6850, GA_prob: 0.599, Eps: 0.299, GA_count: 55, Steps: 88

Train 3/500 Loss: 0.006172, Reward: 126.5201, PSO_prob: 0.589, Eps: 0.295, PSO_count: 135, Steps: 208

Train 11/500 Loss: 0.005525, Reward: 91.5129, PSO_prob: 0.588, Eps: 0.295, PSO_count: 90, Steps: 148

Train 12/500 Loss: 0.006425, Reward: 336.7202, PSO_prob: 0.594, Eps: 0.297, PSO_count: 333, Steps: 568

Train 7/500 Loss: 0.005183, Reward: 36.3607, PSO_prob: 0.593, Eps: 0.297, PSO_count: 39, Steps: 58

Train 8/500 Loss: 0.005171, Reward: 88.7731, PSO_prob: 0.587, Eps: 0.294, PSO_count: 85, Steps: 148

Train 13/500 Loss: 0.005607, Reward: 70.4802, PSO_prob: 0.586, Eps: 0.294, PSO_count: 69, Steps: 118

Train 14/500 Loss: 0.009807, Reward: 174.8933, GA_prob: 0.596, Eps: 0.298, GA_count: 184, Steps: 298

Train 5/500 Loss: 0.004103, Reward: 182.3830, PSO_prob: 0.584, Eps: 0.293, PSO_count: 167, Steps: 298

Train 15/500 Loss: 0.007950, Reward: 54.0784, GA_prob: 0.595, Eps: 0.298, GA_count: 60, Steps: 88

Train 6/500 Loss: 0.003662, Reward: 453.4944, PSO_prob: 0.592, Eps: 0.296, PSO_count: 462, Steps: 748

Train 9/500 Loss: 0.002062, Reward: 88.6914, PSO_prob: 0.590, Eps: 0.296, PSO_count: 92, Steps: 148

Train 10/500 Loss: 0.002633, Reward: 347.4459, PSO_prob: 0.583, Eps: 0.293, PSO_count: 322, Steps: 568

Train 16/500 Loss: 0.001733, Reward: 238.9171, PSO_prob: 0.589, Eps: 0.295, PSO_count: 222, Steps: 388

Train 11/500 Loss: 0.002191, Reward: 178.9891, PSO_prob: 0.582, Eps: 0.292, PSO_count: 167, Steps: 298

Train 17/500 Loss: 0.001918, Reward: 182.6558, PSO_prob: 0.581, Eps: 0.292, PSO_count: 187, Steps: 298

Train 18/500 Loss: 0.008771, Reward: 173.4146, GA_prob: 0.594, Eps: 0.297, GA_count: 169, Steps: 298

Train 7/500 Loss: 0.001716, Reward: 240.6397, PSO_prob: 0.580, Eps: 0.291, PSO_count: 225, Steps: 388

Train 19/500 Loss: 0.008330, Reward: 51.7942, GA_prob: 0.593, Eps: 0.297, GA_count: 57, Steps: 88

Train 8/500 Loss: 0.001659, Reward: 455.5617, PSO_prob: 0.588, Eps: 0.295, PSO_count: 468, Steps: 748

Train 12/500 Loss: 0.001514, Reward: 126.9252, PSO_prob: 0.587, Eps: 0.294, PSO_count: 118, Steps: 208

Train 13/500 Loss: 0.001515, Reward: 234.4469, PSO_prob: 0.578, Eps: 0.291, PSO_count: 229, Steps: 388

Train 20/500 Loss: 0.001448, Reward: 88.7270, PSO_prob: 0.577, Eps: 0.290, PSO_count: 80, Steps: 148

Train 21/500 Loss: 0.001241, Reward: 54.0565, PSO_prob: 0.576, Eps: 0.290, PSO_count: 53, Steps: 88

Train 22/500 Loss: 0.008755, Reward: 452.7923, GA_prob: 0.598, Eps: 0.299, GA_count: 464, Steps: 748

Train 4/500 Loss: 0.001272, Reward: 72.2370, PSO_prob: 0.575, Eps: 0.289, PSO_count: 67, Steps: 118

Train 23/500 Loss: 0.001498, Reward: 347.5843, PSO_prob: 0.586, Eps: 0.294, PSO_count: 344, Steps: 568

Train 14/500 Loss: 0.001216, Reward: 238.9108, PSO_prob: 0.584, Eps: 0.293, PSO_count: 239, Steps: 388

Train 15/500 Loss: 0.001273, Reward: 347.3895, PSO_prob: 0.574, Eps: 0.289, PSO_count: 340, Steps: 568

Train 24/500 Loss: 0.001216, Reward: 180.7943, PSO_prob: 0.583, Eps: 0.293, PSO_count: 188, Steps: 298

Train 16/500 Loss: 0.001238, Reward: 176.4339, PSO_prob: 0.582, Eps: 0.292, PSO_count: 172, Steps: 298

Train 17/500 Loss: 0.007464, Reward: 175.0558, GA_prob: 0.596, Eps: 0.298, GA_count: 177, Steps: 298

Train 5/500 Loss: 0.001334, Reward: 35.0505, PSO_prob: 0.581, Eps: 0.292, PSO_count: 35, Steps: 58

Train 18/500 Loss: 0.001469, Reward: 456.2136, PSO_prob: 0.572, Eps: 0.288, PSO_count: 432, Steps: 748

Train 25/500 Loss: 0.006517, Reward: 35.7539, GA_prob: 0.595, Eps: 0.298, GA_count: 34, Steps: 58

Train 6/500 Loss: 0.001231, Reward: 51.4665, PSO_prob: 0.571, Eps: 0.288, PSO_count: 45, Steps: 88

Train 26/500 Loss: 0.001283, Reward: 130.7028, PSO_prob: 0.580, Eps: 0.291, PSO_count: 126, Steps: 208

Train 19/500 Loss: 0.007947, Reward: 331.7490, GA_prob: 0.592, Eps: 0.296, GA_count: 352, Steps: 568

Train 9/500 Loss: 0.001598, Reward: 181.6911, PSO_prob: 0.578, Eps: 0.291, PSO_count: 174, Steps: 298

Train 20/500 Loss: 0.001125, Reward: 239.1057, PSO_prob: 0.577, Eps: 0.290, PSO_count: 233, Steps: 388

Train 21/500 Loss: 0.001381, Reward: 454.4817, PSO_prob: 0.570, Eps: 0.287, PSO_count: 451, Steps: 748

Train 27/500 Loss: 0.000916, Reward: 73.1277, PSO_prob: 0.576, Eps: 0.290, PSO_count: 62, Steps: 118

Train 22/500 Loss: 0.001811, Reward: 54.2310, PSO_prob: 0.569, Eps: 0.287, PSO_count: 48, Steps: 88

Train 28/500 Loss: 0.006793, Reward: 91.4488, GA_prob: 0.590, Eps: 0.296, GA_count: 85, Steps: 148

Train 10/500 Loss: 0.001664, Reward: 127.0793, PSO_prob: 0.568, Eps: 0.286, PSO_count: 120, Steps: 208

Train 29/500 Loss: 0.001512, Reward: 74.1412, PSO_prob: 0.566, Eps: 0.286, PSO_count: 79, Steps: 118

Train 30/500 Loss: 0.001612, Reward: 34.8989, PSO_prob: 0.565, Eps: 0.285, PSO_count: 31, Steps: 58

Train 31/500 Loss: 0.001734, Reward: 50.9647, PSO_prob: 0.564, Eps: 0.285, PSO_count: 49, Steps: 88

Train 32/500 Loss: 0.001168, Reward: 351.1939, PSO_prob: 0.575, Eps: 0.289, PSO_count: 326, Steps: 568

Train 23/500 Loss: 0.001066, Reward: 55.3207, PSO_prob: 0.574, Eps: 0.289, PSO_count: 58, Steps: 88

Train 24/500 Loss: 0.006443, Reward: 125.6646, GA_prob: 0.589, Eps: 0.295, GA_count: 135, Steps: 208

Train 11/500 Loss: 0.001227, Reward: 177.8084, PSO_prob: 0.572, Eps: 0.288, PSO_count: 161, Steps: 298

Train 25/500 Loss: 0.001486, Reward: 344.9561, PSO_prob: 0.563, Eps: 0.284, PSO_count: 309, Steps: 568

Train 33/500 Loss: 0.001526, Reward: 181.3844, PSO_prob: 0.562, Eps: 0.284, PSO_count: 166, Steps: 298

Train 34/500 Loss: 0.005881, Reward: 342.1010, GA_prob: 0.594, Eps: 0.297, GA_count: 333, Steps: 568

Train 7/500 Loss: 0.001145, Reward: 351.6788, PSO_prob: 0.571, Eps: 0.288, PSO_count: 339, Steps: 568

Train 26/500 Loss: 0.006191, Reward: 90.8852, GA_prob: 0.588, Eps: 0.295, GA_count: 90, Steps: 148

Train 12/500 Loss: 0.004289, Reward: 35.3551, GA_prob: 0.593, Eps: 0.297, GA_count: 39, Steps: 58

Train 8/500 Loss: 0.001486, Reward: 240.4890, PSO_prob: 0.560, Eps: 0.283, PSO_count: 239, Steps: 388

Train 35/500 Loss: 0.006183, Reward: 88.4431, GA_prob: 0.587, Eps: 0.294, GA_count: 85, Steps: 148

Train 13/500 Loss: 0.001188, Reward: 455.0100, PSO_prob: 0.570, Eps: 0.287, PSO_count: 423, Steps: 748

Train 27/500 Loss: 0.000888, Reward: 52.0373, PSO_prob: 0.569, Eps: 0.287, PSO_count: 46, Steps: 88

Train 28/500 Loss: 0.001752, Reward: 448.4515, PSO_prob: 0.559, Eps: 0.283, PSO_count: 419, Steps: 748

Train 36/500 Loss: 0.006184, Reward: 70.1079, GA_prob: 0.586, Eps: 0.294, GA_count: 69, Steps: 118

Train 14/500 Loss: 0.001085, Reward: 240.1642, PSO_prob: 0.568, Eps: 0.286, PSO_count: 207, Steps: 388

Train 29/500 Loss: 0.001442, Reward: 241.3491, PSO_prob: 0.558, Eps: 0.282, PSO_count: 218, Steps: 388

Train 37/500 Loss: 0.001075, Reward: 88.2658, PSO_prob: 0.566, Eps: 0.286, PSO_count: 86, Steps: 148

Train 30/500 Loss: 0.001090, Reward: 75.9198, PSO_prob: 0.565, Eps: 0.285, PSO_count: 75, Steps: 118

Train 31/500 Loss: 0.001210, Reward: 91.4346, PSO_prob: 0.564, Eps: 0.285, PSO_count: 94, Steps: 148

Train 32/500 Loss: 0.001508, Reward: 343.9221, PSO_prob: 0.557, Eps: 0.282, PSO_count: 332, Steps: 568

Train 38/500 Loss: 0.001149, Reward: 242.9136, PSO_prob: 0.563, Eps: 0.284, PSO_count: 231, Steps: 388

Train 33/500 Loss: 0.001235, Reward: 73.0631, PSO_prob: 0.556, Eps: 0.281, PSO_count: 74, Steps: 118

Train 39/500 Loss: 0.001310, Reward: 33.9424, PSO_prob: 0.554, Eps: 0.281, PSO_count: 31, Steps: 58

Train 40/500 Loss: 0.005148, Reward: 176.9592, GA_prob: 0.584, Eps: 0.293, GA_count: 167, Steps: 298

Train 15/500 Loss: 0.001012, Reward: 128.4248, PSO_prob: 0.562, Eps: 0.284, PSO_count: 122, Steps: 208

Train 34/500 Loss: 0.001581, Reward: 91.2731, PSO_prob: 0.553, Eps: 0.280, PSO_count: 87, Steps: 148

Train 41/500 Loss: 0.001275, Reward: 75.1177, PSO_prob: 0.560, Eps: 0.283, PSO_count: 70, Steps: 118

Train 35/500 Loss: 0.001625, Reward: 233.0962, PSO_prob: 0.552, Eps: 0.280, PSO_count: 211, Steps: 388

Train 42/500 Loss: 0.001167, Reward: 450.6928, PSO_prob: 0.559, Eps: 0.283, PSO_count: 396, Steps: 748

Train 36/500 Loss: 0.002763, Reward: 451.3516, GA_prob: 0.592, Eps: 0.296, GA_count: 462, Steps: 748

Train 9/500 Loss: 0.000949, Reward: 126.3345, PSO_prob: 0.558, Eps: 0.282, PSO_count: 117, Steps: 208

Train 37/500 Loss: 0.001451, Reward: 460.4370, PSO_prob: 0.551, Eps: 0.279, PSO_count: 405, Steps: 748

Train 43/500 Loss: 0.001442, Reward: 123.7755, PSO_prob: 0.549, Eps: 0.279, PSO_count: 112, Steps: 208

Train 44/500 Loss: 0.002021, Reward: 90.6543, GA_prob: 0.590, Eps: 0.296, GA_count: 92, Steps: 148

Train 10/500 Loss: 0.001461, Reward: 239.7850, PSO_prob: 0.548, Eps: 0.278, PSO_count: 198, Steps: 388

Train 45/500 Loss: 0.001555, Reward: 35.7304, PSO_prob: 0.547, Eps: 0.278, PSO_count: 34, Steps: 58

Train 46/500 Loss: 0.000941, Reward: 461.2713, PSO_prob: 0.557, Eps: 0.282, PSO_count: 432, Steps: 748

Train 38/500 Loss: 0.001547, Reward: 34.9726, PSO_prob: 0.546, Eps: 0.277, PSO_count: 26, Steps: 58

Train 47/500 Loss: 0.001222, Reward: 53.3499, PSO_prob: 0.556, Eps: 0.281, PSO_count: 51, Steps: 88

Train 39/500 Loss: 0.001315, Reward: 126.8972, PSO_prob: 0.545, Eps: 0.277, PSO_count: 111, Steps: 208

Train 48/500 Loss: 0.001554, Reward: 52.2149, PSO_prob: 0.543, Eps: 0.276, PSO_count: 55, Steps: 88

Train 49/500 Loss: 0.003131, Reward: 347.0034, GA_prob: 0.583, Eps: 0.293, GA_count: 322, Steps: 568

Train 16/500 Loss: 0.000899, Reward: 181.3319, PSO_prob: 0.554, Eps: 0.281, PSO_count: 179, Steps: 298

Train 40/500 Loss: 0.001153, Reward: 53.7411, PSO_prob: 0.542, Eps: 0.276, PSO_count: 51, Steps: 88

Train 50/500 Loss: 0.001249, Reward: 53.9638, PSO_prob: 0.541, Eps: 0.275, PSO_count: 54, Steps: 88

Train 51/500 Loss: 0.000978, Reward: 89.2336, PSO_prob: 0.553, Eps: 0.280, PSO_count: 84, Steps: 148

Train 41/500 Loss: 0.001172, Reward: 36.3149, PSO_prob: 0.540, Eps: 0.275, PSO_count: 29, Steps: 58

Train 52/500 Loss: 0.000847, Reward: 72.1693, PSO_prob: 0.552, Eps: 0.280, PSO_count: 73, Steps: 118

Train 42/500 Loss: 0.000978, Reward: 54.7790, PSO_prob: 0.551, Eps: 0.279, PSO_count: 50, Steps: 88

Train 43/500 Loss: 0.001538, Reward: 178.0762, PSO_prob: 0.539, Eps: 0.274, PSO_count: 176, Steps: 298

Train 53/500 Loss: 0.001820, Reward: 127.7184, PSO_prob: 0.537, Eps: 0.274, PSO_count: 118, Steps: 208

Train 54/500 Loss: 0.001070, Reward: 187.5102, PSO_prob: 0.549, Eps: 0.279, PSO_count: 167, Steps: 298

Train 44/500 Loss: 0.001889, Reward: 240.2127, GA_prob: 0.589, Eps: 0.295, GA_count: 222, Steps: 388

Train 11/500 Loss: 0.001430, Reward: 185.8680, PSO_prob: 0.536, Eps: 0.273, PSO_count: 161, Steps: 298

Train 55/500 Loss: 0.001129, Reward: 238.4787, PSO_prob: 0.548, Eps: 0.278, PSO_count: 203, Steps: 388

Train 45/500 Loss: 0.002047, Reward: 179.4340, GA_prob: 0.582, Eps: 0.292, GA_count: 167, Steps: 298

Train 17/500 Loss: 0.001306, Reward: 128.2973, PSO_prob: 0.535, Eps: 0.273, PSO_count: 102, Steps: 208

Train 56/500 Loss: 0.001104, Reward: 182.7098, PSO_prob: 0.547, Eps: 0.278, PSO_count: 164, Steps: 298

Train 46/500 Loss: 0.001288, Reward: 180.6012, PSO_prob: 0.534, Eps: 0.272, PSO_count: 158, Steps: 298

Train 57/500 Loss: 0.001337, Reward: 93.0250, PSO_prob: 0.533, Eps: 0.272, PSO_count: 84, Steps: 148

Train 58/500 Loss: 0.001105, Reward: 182.7292, PSO_prob: 0.546, Eps: 0.277, PSO_count: 164, Steps: 298

Train 47/500 Loss: 0.001060, Reward: 125.8929, PSO_prob: 0.545, Eps: 0.277, PSO_count: 119, Steps: 208

Train 48/500 Loss: 0.001356, Reward: 184.3353, PSO_prob: 0.531, Eps: 0.271, PSO_count: 168, Steps: 298

Train 59/500 Loss: 0.001388, Reward: 35.7247, PSO_prob: 0.543, Eps: 0.276, PSO_count: 28, Steps: 58

Train 49/500 Loss: 0.001233, Reward: 36.0551, PSO_prob: 0.530, Eps: 0.271, PSO_count: 29, Steps: 58

Train 60/500 Loss: 0.001545, Reward: 128.4869, PSO_prob: 0.529, Eps: 0.270, PSO_count: 117, Steps: 208

Train 61/500 Loss: 0.001765, Reward: 182.6852, GA_prob: 0.581, Eps: 0.292, GA_count: 187, Steps: 298

Train 18/500 Loss: 0.001305, Reward: 178.8645, PSO_prob: 0.528, Eps: 0.270, PSO_count: 149, Steps: 298

Train 62/500 Loss: 0.001279, Reward: 463.0204, PSO_prob: 0.542, Eps: 0.276, PSO_count: 398, Steps: 748

Train 50/500 Loss: 0.001385, Reward: 52.0997, PSO_prob: 0.541, Eps: 0.275, PSO_count: 39, Steps: 88

Train 51/500 Loss: 0.001467, Reward: 452.6335, PSO_prob: 0.527, Eps: 0.269, PSO_count: 407, Steps: 748

Train 63/500 Loss: 0.001217, Reward: 347.5272, PSO_prob: 0.540, Eps: 0.275, PSO_count: 300, Steps: 568

Train 52/500 Loss: 0.001107, Reward: 36.1432, PSO_prob: 0.539, Eps: 0.274, PSO_count: 36, Steps: 58

Train 53/500 Loss: 0.001283, Reward: 179.3000, PSO_prob: 0.525, Eps: 0.269, PSO_count: 167, Steps: 298

Train 64/500 Loss: 0.001318, Reward: 88.8398, PSO_prob: 0.537, Eps: 0.274, PSO_count: 85, Steps: 148

Train 54/500 Loss: 0.001271, Reward: 53.3883, PSO_prob: 0.524, Eps: 0.268, PSO_count: 47, Steps: 88

Train 65/500 Loss: 0.001657, Reward: 69.7924, PSO_prob: 0.523, Eps: 0.268, PSO_count: 60, Steps: 118

Train 66/500 Loss: 0.001421, Reward: 130.2609, PSO_prob: 0.522, Eps: 0.267, PSO_count: 97, Steps: 208

Train 67/500 Loss: 0.001775, Reward: 237.1902, GA_prob: 0.580, Eps: 0.291, GA_count: 225, Steps: 388

Train 19/500 Loss: 0.001958, Reward: 454.7453, GA_prob: 0.588, Eps: 0.295, GA_count: 468, Steps: 748

Train 12/500 Loss: 0.001558, Reward: 54.7228, PSO_prob: 0.521, Eps: 0.267, PSO_count: 45, Steps: 88

Train 68/500 Loss: 0.001344, Reward: 340.1245, PSO_prob: 0.536, Eps: 0.273, PSO_count: 302, Steps: 568

Train 55/500 Loss: 0.001385, Reward: 52.7829, PSO_prob: 0.535, Eps: 0.273, PSO_count: 41, Steps: 88

Train 56/500 Loss: 0.001599, Reward: 35.3492, PSO_prob: 0.534, Eps: 0.272, PSO_count: 30, Steps: 58

Train 57/500 Loss: 0.001619, Reward: 177.0646, PSO_prob: 0.519, Eps: 0.266, PSO_count: 173, Steps: 298

Train 69/500 Loss: 0.001610, Reward: 124.5381, PSO_prob: 0.518, Eps: 0.266, PSO_count: 104, Steps: 208

Train 70/500 Loss: 0.001694, Reward: 71.3409, PSO_prob: 0.517, Eps: 0.265, PSO_count: 61, Steps: 118

Train 71/500 Loss: 0.001757, Reward: 130.1073, GA_prob: 0.587, Eps: 0.294, GA_count: 118, Steps: 208

Train 13/500 Loss: 0.001448, Reward: 340.5617, PSO_prob: 0.533, Eps: 0.272, PSO_count: 308, Steps: 568

Train 58/500 Loss: 0.001543, Reward: 36.7703, PSO_prob: 0.531, Eps: 0.271, PSO_count: 30, Steps: 58

Train 59/500 Loss: 0.001775, Reward: 182.7847, PSO_prob: 0.516, Eps: 0.265, PSO_count: 160, Steps: 298

Train 72/500 Loss: 0.001420, Reward: 53.3844, PSO_prob: 0.530, Eps: 0.271, PSO_count: 44, Steps: 88

Train 60/500 Loss: 0.001785, Reward: 124.8385, PSO_prob: 0.515, Eps: 0.264, PSO_count: 102, Steps: 208

Train 73/500 Loss: 0.001883, Reward: 72.1162, PSO_prob: 0.513, Eps: 0.264, PSO_count: 56, Steps: 118

Train 74/500 Loss: 0.001272, Reward: 239.0506, PSO_prob: 0.529, Eps: 0.270, PSO_count: 223, Steps: 388

Train 61/500 Loss: 0.001978, Reward: 182.8676, PSO_prob: 0.512, Eps: 0.263, PSO_count: 131, Steps: 298

Train 75/500 Loss: 0.001640, Reward: 237.1012, GA_prob: 0.578, Eps: 0.291, GA_count: 229, Steps: 388

Train 20/500 Loss: 0.001420, Reward: 35.5964, PSO_prob: 0.511, Eps: 0.263, PSO_count: 30, Steps: 58

Train 76/500 Loss: 0.001346, Reward: 90.7725, PSO_prob: 0.510, Eps: 0.262, PSO_count: 76, Steps: 148

Train 77/500 Loss: 0.001584, Reward: 53.9832, PSO_prob: 0.509, Eps: 0.262, PSO_count: 47, Steps: 88

Train 78/500 Loss: 0.001502, Reward: 52.7863, PSO_prob: 0.507, Eps: 0.261, PSO_count: 44, Steps: 88

Train 79/500 Loss: 0.001537, Reward: 71.4540, PSO_prob: 0.506, Eps: 0.261, PSO_count: 64, Steps: 118

Train 80/500 Loss: 0.001361, Reward: 91.3869, GA_prob: 0.577, Eps: 0.290, GA_count: 80, Steps: 148

Train 21/500 Loss: 0.001950, Reward: 53.5873, PSO_prob: 0.505, Eps: 0.260, PSO_count: 41, Steps: 88

Train 81/500 Loss: 0.001605, Reward: 454.8382, PSO_prob: 0.528, Eps: 0.270, PSO_count: 384, Steps: 748

Train 62/500 Loss: 0.001311, Reward: 55.4886, GA_prob: 0.576, Eps: 0.290, GA_count: 53, Steps: 88

Train 22/500 Loss: 0.001617, Reward: 241.8485, PSO_prob: 0.527, Eps: 0.269, PSO_count: 216, Steps: 388

Train 63/500 Loss: 0.001036, Reward: 73.7278, PSO_prob: 0.525, Eps: 0.269, PSO_count: 62, Steps: 118

Train 64/500 Loss: 0.001567, Reward: 451.4155, PSO_prob: 0.504, Eps: 0.260, PSO_count: 361, Steps: 748

Train 82/500 Loss: 0.001473, Reward: 71.2939, GA_prob: 0.575, Eps: 0.289, GA_count: 67, Steps: 118

Train 23/500 Loss: 0.001251, Reward: 239.6118, PSO_prob: 0.524, Eps: 0.268, PSO_count: 194, Steps: 388

Train 65/500 Loss: 0.001202, Reward: 90.6129, PSO_prob: 0.523, Eps: 0.268, PSO_count: 73, Steps: 148

Train 66/500 Loss: 0.001689, Reward: 344.3550, GA_prob: 0.586, Eps: 0.294, GA_count: 344, Steps: 568

Train 14/500 Loss: 0.001117, Reward: 91.4522, PSO_prob: 0.522, Eps: 0.267, PSO_count: 80, Steps: 148

Train 67/500 Loss: 0.001703, Reward: 342.9602, PSO_prob: 0.503, Eps: 0.259, PSO_count: 284, Steps: 568

Train 83/500 Loss: 0.001612, Reward: 234.4970, PSO_prob: 0.501, Eps: 0.259, PSO_count: 194, Steps: 388

Train 84/500 Loss: 0.001603, Reward: 35.3020, PSO_prob: 0.500, Eps: 0.258, PSO_count: 30, Steps: 58

Train 85/500 Loss: 0.001516, Reward: 129.1441, PSO_prob: 0.499, Eps: 0.258, PSO_count: 108, Steps: 208

Train 86/500 Loss: 0.001166, Reward: 463.3204, PSO_prob: 0.521, Eps: 0.267, PSO_count: 399, Steps: 748

Train 68/500 Loss: 0.001745, Reward: 70.8732, PSO_prob: 0.498, Eps: 0.257, PSO_count: 55, Steps: 118

Train 87/500 Loss: 0.001482, Reward: 68.0154, PSO_prob: 0.497, Eps: 0.257, PSO_count: 60, Steps: 118

Train 88/500 Loss: 0.001030, Reward: 124.3730, PSO_prob: 0.519, Eps: 0.266, PSO_count: 115, Steps: 208

Train 69/500 Loss: 0.001303, Reward: 35.3018, PSO_prob: 0.495, Eps: 0.256, PSO_count: 30, Steps: 58

Train 89/500 Loss: 0.001284, Reward: 36.1728, PSO_prob: 0.494, Eps: 0.256, PSO_count: 28, Steps: 58

Train 90/500 Loss: 0.001393, Reward: 239.8266, GA_prob: 0.584, Eps: 0.293, GA_count: 239, Steps: 388

Train 15/500 Loss: 0.001253, Reward: 342.7802, PSO_prob: 0.518, Eps: 0.266, PSO_count: 290, Steps: 568

Train 70/500 Loss: 0.001594, Reward: 339.3024, PSO_prob: 0.493, Eps: 0.255, PSO_count: 276, Steps: 568

Train 91/500 Loss: 0.001111, Reward: 130.0424, PSO_prob: 0.517, Eps: 0.265, PSO_count: 113, Steps: 208

Train 71/500 Loss: 0.001312, Reward: 346.4184, GA_prob: 0.574, Eps: 0.289, GA_count: 340, Steps: 568

Train 24/500 Loss: 0.001270, Reward: 182.9029, PSO_prob: 0.516, Eps: 0.265, PSO_count: 151, Steps: 298

Train 72/500 Loss: 0.001209, Reward: 36.4360, PSO_prob: 0.515, Eps: 0.264, PSO_count: 34, Steps: 58

Train 73/500 Loss: 0.001707, Reward: 447.1771, PSO_prob: 0.492, Eps: 0.255, PSO_count: 364, Steps: 748

Train 92/500 Loss: 0.001545, Reward: 177.3798, PSO_prob: 0.513, Eps: 0.264, PSO_count: 152, Steps: 298

Train 74/500 Loss: 0.001740, Reward: 185.1889, PSO_prob: 0.491, Eps: 0.254, PSO_count: 154, Steps: 298

Train 93/500 Loss: 0.001700, Reward: 37.8804, PSO_prob: 0.489, Eps: 0.254, PSO_count: 22, Steps: 58

Train 94/500 Loss: 0.001222, Reward: 184.2360, PSO_prob: 0.512, Eps: 0.263, PSO_count: 156, Steps: 298

Train 75/500 Loss: 0.001387, Reward: 178.7972, GA_prob: 0.583, Eps: 0.293, GA_count: 188, Steps: 298

Train 16/500 Loss: 0.001307, Reward: 55.1183, PSO_prob: 0.511, Eps: 0.263, PSO_count: 52, Steps: 88

Train 76/500 Loss: 0.001797, Reward: 128.9031, PSO_prob: 0.488, Eps: 0.253, PSO_count: 97, Steps: 208

Train 95/500 Loss: 0.001999, Reward: 181.1169, PSO_prob: 0.487, Eps: 0.253, PSO_count: 150, Steps: 298

Train 96/500 Loss: 0.001304, Reward: 236.6497, PSO_prob: 0.510, Eps: 0.262, PSO_count: 205, Steps: 388

Train 77/500 Loss: 0.001623, Reward: 350.4802, PSO_prob: 0.486, Eps: 0.252, PSO_count: 277, Steps: 568

Train 97/500 Loss: 0.001357, Reward: 344.5115, PSO_prob: 0.509, Eps: 0.262, PSO_count: 292, Steps: 568

Train 78/500 Loss: 0.001529, Reward: 34.3724, PSO_prob: 0.507, Eps: 0.261, PSO_count: 26, Steps: 58

Train 79/500 Loss: 0.001721, Reward: 55.2962, PSO_prob: 0.485, Eps: 0.252, PSO_count: 48, Steps: 88

Train 98/500 Loss: 0.001071, Reward: 73.8326, PSO_prob: 0.506, Eps: 0.261, PSO_count: 63, Steps: 118

Train 80/500 Loss: 0.001348, Reward: 178.6392, GA_prob: 0.582, Eps: 0.292, GA_count: 172, Steps: 298

Train 17/500 Loss: 0.001711, Reward: 126.2976, PSO_prob: 0.483, Eps: 0.251, PSO_count: 100, Steps: 208

Train 99/500 Loss: 0.001271, Reward: 90.0708, PSO_prob: 0.505, Eps: 0.260, PSO_count: 82, Steps: 148

Train 81/500 Loss: 0.001039, Reward: 35.9772, PSO_prob: 0.504, Eps: 0.260, PSO_count: 26, Steps: 58

Train 82/500 Loss: 0.001482, Reward: 35.8203, GA_prob: 0.581, Eps: 0.292, GA_count: 35, Steps: 58

Train 18/500 Loss: 0.001398, Reward: 128.1679, PSO_prob: 0.482, Eps: 0.251, PSO_count: 104, Steps: 208

Train 100/500 Loss: 0.001484, Reward: 128.9009, PSO_prob: 0.481, Eps: 0.250, PSO_count: 90, Steps: 208

Train 101/500 Loss: 0.001624, Reward: 35.0451, PSO_prob: 0.480, Eps: 0.250, PSO_count: 29, Steps: 58

Train 102/500 Loss: 0.001120, Reward: 455.4323, PSO_prob: 0.503, Eps: 0.259, PSO_count: 363, Steps: 748

Train 83/500 Loss: 0.001313, Reward: 457.5939, GA_prob: 0.572, Eps: 0.288, GA_count: 432, Steps: 748

Train 25/500 Loss: 0.001239, Reward: 130.0913, GA_prob: 0.580, Eps: 0.291, GA_count: 126, Steps: 208

Train 19/500 Loss: 0.001059, Reward: 187.8448, PSO_prob: 0.501, Eps: 0.259, PSO_count: 142, Steps: 298

Train 84/500 Loss: 0.000937, Reward: 33.8648, PSO_prob: 0.500, Eps: 0.258, PSO_count: 33, Steps: 58

Train 85/500 Loss: 0.001079, Reward: 51.8701, GA_prob: 0.571, Eps: 0.288, GA_count: 45, Steps: 88

Train 26/500 Loss: 0.001514, Reward: 450.7450, PSO_prob: 0.479, Eps: 0.249, PSO_count: 355, Steps: 748

Train 103/500 Loss: 0.001452, Reward: 36.1551, PSO_prob: 0.477, Eps: 0.249, PSO_count: 31, Steps: 58

Train 104/500 Loss: 0.001438, Reward: 91.1224, PSO_prob: 0.476, Eps: 0.248, PSO_count: 69, Steps: 148

Train 105/500 Loss: 0.001197, Reward: 238.9907, PSO_prob: 0.499, Eps: 0.258, PSO_count: 190, Steps: 388

Train 86/500 Loss: 0.001178, Reward: 89.6108, PSO_prob: 0.475, Eps: 0.248, PSO_count: 75, Steps: 148

Train 106/500 Loss: 0.001002, Reward: 36.6398, PSO_prob: 0.498, Eps: 0.257, PSO_count: 28, Steps: 58

Train 87/500 Loss: 0.001090, Reward: 241.7205, PSO_prob: 0.474, Eps: 0.247, PSO_count: 172, Steps: 388

Train 107/500 Loss: 0.001100, Reward: 237.9398, PSO_prob: 0.497, Eps: 0.257, PSO_count: 170, Steps: 388

Train 88/500 Loss: 0.001187, Reward: 56.5199, PSO_prob: 0.495, Eps: 0.256, PSO_count: 44, Steps: 88

Train 89/500 Loss: 0.001249, Reward: 88.0416, PSO_prob: 0.473, Eps: 0.247, PSO_count: 68, Steps: 148

Train 108/500 Loss: 0.001133, Reward: 34.7762, PSO_prob: 0.471, Eps: 0.246, PSO_count: 31, Steps: 58

Train 109/500 Loss: 0.000949, Reward: 90.2871, PSO_prob: 0.494, Eps: 0.256, PSO_count: 85, Steps: 148

Train 90/500 Loss: 0.001398, Reward: 180.7686, GA_prob: 0.578, Eps: 0.291, GA_count: 174, Steps: 298

Train 20/500 Loss: 0.000971, Reward: 91.2724, PSO_prob: 0.493, Eps: 0.255, PSO_count: 65, Steps: 148

Train 91/500 Loss: 0.001280, Reward: 345.1860, PSO_prob: 0.470, Eps: 0.246, PSO_count: 259, Steps: 568

Train 110/500 Loss: 0.001135, Reward: 73.9540, PSO_prob: 0.469, Eps: 0.245, PSO_count: 56, Steps: 118

Train 111/500 Loss: 0.001368, Reward: 70.7953, PSO_prob: 0.468, Eps: 0.245, PSO_count: 64, Steps: 118

Train 112/500 Loss: 0.000771, Reward: 34.5864, PSO_prob: 0.467, Eps: 0.244, PSO_count: 30, Steps: 58

Train 113/500 Loss: 0.001164, Reward: 453.6104, PSO_prob: 0.492, Eps: 0.255, PSO_count: 382, Steps: 748

Train 92/500 Loss: 0.000875, Reward: 35.7958, PSO_prob: 0.491, Eps: 0.254, PSO_count: 28, Steps: 58

Train 93/500 Loss: 0.001182, Reward: 342.7170, PSO_prob: 0.465, Eps: 0.244, PSO_count: 260, Steps: 568

Train 114/500 Loss: 0.001223, Reward: 345.7745, PSO_prob: 0.489, Eps: 0.254, PSO_count: 279, Steps: 568

Train 94/500 Loss: 0.001293, Reward: 242.0427, GA_prob: 0.577, Eps: 0.290, GA_count: 233, Steps: 388

Train 21/500 Loss: 0.001238, Reward: 182.3221, PSO_prob: 0.488, Eps: 0.253, PSO_count: 144, Steps: 298

Train 95/500 Loss: 0.001206, Reward: 235.7491, PSO_prob: 0.464, Eps: 0.243, PSO_count: 182, Steps: 388

Train 115/500 Loss: 0.001231, Reward: 73.4248, PSO_prob: 0.487, Eps: 0.253, PSO_count: 53, Steps: 118

Train 96/500 Loss: 0.001135, Reward: 71.8635, PSO_prob: 0.463, Eps: 0.243, PSO_count: 53, Steps: 118

Train 116/500 Loss: 0.001484, Reward: 452.5704, GA_prob: 0.570, Eps: 0.287, GA_count: 451, Steps: 748

Train 27/500 Loss: 0.001115, Reward: 72.7829, GA_prob: 0.576, Eps: 0.290, GA_count: 62, Steps: 118

Train 22/500 Loss: 0.001085, Reward: 184.4126, PSO_prob: 0.462, Eps: 0.242, PSO_count: 133, Steps: 298

Train 117/500 Loss: 0.001790, Reward: 55.8307, GA_prob: 0.569, Eps: 0.287, GA_count: 48, Steps: 88

Train 28/500 Loss: 0.001430, Reward: 340.1876, PSO_prob: 0.486, Eps: 0.252, PSO_count: 268, Steps: 568

Train 97/500 Loss: 0.001312, Reward: 128.4467, PSO_prob: 0.461, Eps: 0.242, PSO_count: 99, Steps: 208

Train 118/500 Loss: 0.001302, Reward: 127.5535, PSO_prob: 0.459, Eps: 0.241, PSO_count: 106, Steps: 208

Train 119/500 Loss: 0.001274, Reward: 237.2680, PSO_prob: 0.485, Eps: 0.252, PSO_count: 191, Steps: 388

Train 98/500 Loss: 0.001141, Reward: 242.8000, PSO_prob: 0.458, Eps: 0.241, PSO_count: 173, Steps: 388

Train 120/500 Loss: 0.001097, Reward: 183.5642, PSO_prob: 0.483, Eps: 0.251, PSO_count: 155, Steps: 298

Train 99/500 Loss: 0.001534, Reward: 127.9198, GA_prob: 0.568, Eps: 0.286, GA_count: 120, Steps: 208

Train 29/500 Loss: 0.001205, Reward: 72.4254, PSO_prob: 0.482, Eps: 0.251, PSO_count: 56, Steps: 118

Train 100/500 Loss: 0.000903, Reward: 92.3266, PSO_prob: 0.457, Eps: 0.240, PSO_count: 73, Steps: 148

Train 121/500 Loss: 0.001128, Reward: 69.4147, PSO_prob: 0.481, Eps: 0.250, PSO_count: 60, Steps: 118

Train 101/500 Loss: 0.001166, Reward: 53.7609, PSO_prob: 0.480, Eps: 0.250, PSO_count: 44, Steps: 88

Train 102/500 Loss: 0.001319, Reward: 125.1148, PSO_prob: 0.456, Eps: 0.240, PSO_count: 95, Steps: 208

Train 122/500 Loss: 0.001515, Reward: 128.9735, PSO_prob: 0.455, Eps: 0.239, PSO_count: 95, Steps: 208

Train 123/500 Loss: 0.001330, Reward: 128.1046, PSO_prob: 0.479, Eps: 0.249, PSO_count: 106, Steps: 208

Train 103/500 Loss: 0.001742, Reward: 73.6602, GA_prob: 0.566, Eps: 0.286, GA_count: 79, Steps: 118

Train 30/500 Loss: 0.001196, Reward: 92.2244, PSO_prob: 0.453, Eps: 0.239, PSO_count: 59, Steps: 148

Train 124/500 Loss: 0.002025, Reward: 33.4862, GA_prob: 0.565, Eps: 0.285, GA_count: 31, Steps: 58

Train 31/500 Loss: 0.001221, Reward: 181.3325, PSO_prob: 0.477, Eps: 0.249, PSO_count: 146, Steps: 298

Train 104/500 Loss: 0.001279, Reward: 73.6735, PSO_prob: 0.476, Eps: 0.248, PSO_count: 70, Steps: 118

Train 105/500 Loss: 0.001035, Reward: 34.9057, PSO_prob: 0.475, Eps: 0.248, PSO_count: 26, Steps: 58

Train 106/500 Loss: 0.001399, Reward: 238.4776, PSO_prob: 0.452, Eps: 0.238, PSO_count: 156, Steps: 388

Train 125/500 Loss: 0.001484, Reward: 51.4045, GA_prob: 0.564, Eps: 0.285, GA_count: 49, Steps: 88

Train 32/500 Loss: 0.001276, Reward: 125.3750, PSO_prob: 0.474, Eps: 0.247, PSO_count: 106, Steps: 208

Train 107/500 Loss: 0.001177, Reward: 352.8526, GA_prob: 0.575, Eps: 0.289, GA_count: 326, Steps: 568

Train 23/500 Loss: 0.001066, Reward: 184.2340, PSO_prob: 0.451, Eps: 0.238, PSO_count: 127, Steps: 298

Train 126/500 Loss: 0.001377, Reward: 129.3559, PSO_prob: 0.473, Eps: 0.247, PSO_count: 100, Steps: 208

Train 108/500 Loss: 0.000984, Reward: 130.3850, PSO_prob: 0.471, Eps: 0.246, PSO_count: 102, Steps: 208

Train 109/500 Loss: 0.001305, Reward: 54.9310, GA_prob: 0.574, Eps: 0.289, GA_count: 58, Steps: 88

Train 24/500 Loss: 0.001266, Reward: 127.2175, PSO_prob: 0.470, Eps: 0.246, PSO_count: 84, Steps: 208

Train 110/500 Loss: 0.001118, Reward: 339.5294, PSO_prob: 0.450, Eps: 0.237, PSO_count: 260, Steps: 568

Train 127/500 Loss: 0.000918, Reward: 35.7468, PSO_prob: 0.448, Eps: 0.237, PSO_count: 35, Steps: 58

Train 128/500 Loss: 0.000948, Reward: 129.3481, PSO_prob: 0.469, Eps: 0.245, PSO_count: 101, Steps: 208

Train 111/500 Loss: 0.000976, Reward: 88.4884, PSO_prob: 0.468, Eps: 0.245, PSO_count: 62, Steps: 148

Train 112/500 Loss: 0.000980, Reward: 184.7810, PSO_prob: 0.447, Eps: 0.236, PSO_count: 136, Steps: 298

Train 129/500 Loss: 0.000925, Reward: 52.4524, PSO_prob: 0.467, Eps: 0.244, PSO_count: 41, Steps: 88

Train 113/500 Loss: 0.001041, Reward: 73.6812, PSO_prob: 0.446, Eps: 0.236, PSO_count: 59, Steps: 118

Train 130/500 Loss: 0.001319, Reward: 55.4066, PSO_prob: 0.465, Eps: 0.244, PSO_count: 47, Steps: 88

Train 114/500 Loss: 0.000845, Reward: 186.0989, PSO_prob: 0.445, Eps: 0.235, PSO_count: 128, Steps: 298

Train 131/500 Loss: 0.001215, Reward: 177.7186, GA_prob: 0.572, Eps: 0.288, GA_count: 161, Steps: 298

Train 25/500 Loss: 0.000883, Reward: 93.8183, PSO_prob: 0.444, Eps: 0.235, PSO_count: 72, Steps: 148

Train 132/500 Loss: 0.001384, Reward: 347.2997, PSO_prob: 0.464, Eps: 0.243, PSO_count: 269, Steps: 568

Train 115/500 Loss: 0.001024, Reward: 127.6790, PSO_prob: 0.442, Eps: 0.234, PSO_count: 90, Steps: 208

Train 133/500 Loss: 0.001714, Reward: 348.4757, GA_prob: 0.563, Eps: 0.284, GA_count: 309, Steps: 568

Train 33/500 Loss: 0.001317, Reward: 341.2637, PSO_prob: 0.463, Eps: 0.243, PSO_count: 263, Steps: 568

Train 116/500 Loss: 0.001137, Reward: 341.8617, PSO_prob: 0.441, Eps: 0.234, PSO_count: 255, Steps: 568

Train 134/500 Loss: 0.001250, Reward: 179.2896, PSO_prob: 0.440, Eps: 0.233, PSO_count: 138, Steps: 298

Train 135/500 Loss: 0.001203, Reward: 229.2986, PSO_prob: 0.439, Eps: 0.233, PSO_count: 172, Steps: 388

Train 136/500 Loss: 0.001414, Reward: 451.6929, PSO_prob: 0.462, Eps: 0.242, PSO_count: 346, Steps: 748

Train 117/500 Loss: 0.001742, Reward: 180.7603, GA_prob: 0.562, Eps: 0.284, GA_count: 166, Steps: 298

Train 34/500 Loss: 0.001830, Reward: 236.1987, PSO_prob: 0.461, Eps: 0.242, PSO_count: 164, Steps: 388

Train 118/500 Loss: 0.001635, Reward: 52.5173, PSO_prob: 0.459, Eps: 0.241, PSO_count: 39, Steps: 88

Train 119/500 Loss: 0.001209, Reward: 341.7406, PSO_prob: 0.438, Eps: 0.232, PSO_count: 239, Steps: 568

Train 137/500 Loss: 0.001534, Reward: 35.8438, PSO_prob: 0.458, Eps: 0.241, PSO_count: 26, Steps: 58

Train 120/500 Loss: 0.002084, Reward: 73.8411, PSO_prob: 0.457, Eps: 0.240, PSO_count: 49, Steps: 118

Train 121/500 Loss: 0.001315, Reward: 92.9933, PSO_prob: 0.436, Eps: 0.232, PSO_count: 71, Steps: 148

Train 138/500 Loss: 0.001704, Reward: 34.7410, PSO_prob: 0.456, Eps: 0.240, PSO_count: 28, Steps: 58

Train 122/500 Loss: 0.001203, Reward: 54.4312, PSO_prob: 0.435, Eps: 0.231, PSO_count: 38, Steps: 88

Train 139/500 Loss: 0.001216, Reward: 351.2386, GA_prob: 0.571, Eps: 0.288, GA_count: 339, Steps: 568

Train 26/500 Loss: 0.001804, Reward: 337.8989, PSO_prob: 0.455, Eps: 0.239, PSO_count: 266, Steps: 568

Train 123/500 Loss: 0.001741, Reward: 446.2185, PSO_prob: 0.434, Eps: 0.231, PSO_count: 329, Steps: 748

Train 140/500 Loss: 0.001653, Reward: 231.8282, PSO_prob: 0.453, Eps: 0.239, PSO_count: 169, Steps: 388

Train 124/500 Loss: 0.001616, Reward: 243.0436, GA_prob: 0.560, Eps: 0.283, GA_count: 239, Steps: 388

Train 35/500 Loss: 0.001879, Reward: 457.8584, PSO_prob: 0.433, Eps: 0.230, PSO_count: 317, Steps: 748

Train 141/500 Loss: 0.001489, Reward: 450.2907, PSO_prob: 0.452, Eps: 0.238, PSO_count: 348, Steps: 748

Train 125/500 Loss: 0.001380, Reward: 183.6602, PSO_prob: 0.451, Eps: 0.238, PSO_count: 139, Steps: 298

Train 126/500 Loss: 0.001862, Reward: 341.5945, PSO_prob: 0.432, Eps: 0.230, PSO_count: 254, Steps: 568

Train 142/500 Loss: 0.001406, Reward: 93.6090, PSO_prob: 0.450, Eps: 0.237, PSO_count: 59, Steps: 148

Train 127/500 Loss: 0.001365, Reward: 34.9777, PSO_prob: 0.448, Eps: 0.237, PSO_count: 25, Steps: 58

Train 128/500 Loss: 0.001138, Reward: 35.6810, PSO_prob: 0.447, Eps: 0.236, PSO_count: 31, Steps: 58

Train 129/500 Loss: 0.001221, Reward: 36.3213, PSO_prob: 0.446, Eps: 0.236, PSO_count: 26, Steps: 58

Train 130/500 Loss: 0.001874, Reward: 235.4610, PSO_prob: 0.430, Eps: 0.229, PSO_count: 165, Steps: 388

Train 143/500 Loss: 0.001360, Reward: 182.5717, PSO_prob: 0.445, Eps: 0.235, PSO_count: 138, Steps: 298

Train 131/500 Loss: 0.001908, Reward: 73.4149, PSO_prob: 0.429, Eps: 0.229, PSO_count: 58, Steps: 118

Train 144/500 Loss: 0.001298, Reward: 34.4528, PSO_prob: 0.444, Eps: 0.235, PSO_count: 23, Steps: 58

Train 132/500 Loss: 0.001341, Reward: 126.6252, PSO_prob: 0.442, Eps: 0.234, PSO_count: 97, Steps: 208

Train 133/500 Loss: 0.001444, Reward: 72.4158, PSO_prob: 0.441, Eps: 0.234, PSO_count: 53, Steps: 118

Train 134/500 Loss: 0.001363, Reward: 35.9477, PSO_prob: 0.440, Eps: 0.233, PSO_count: 32, Steps: 58

Train 135/500 Loss: 0.001379, Reward: 35.7730, PSO_prob: 0.439, Eps: 0.233, PSO_count: 20, Steps: 58

Train 136/500 Loss: 0.001261, Reward: 453.3673, GA_prob: 0.570, Eps: 0.287, GA_count: 423, Steps: 748

Train 27/500 Loss: 0.001723, Reward: 441.3159, PSO_prob: 0.428, Eps: 0.228, PSO_count: 325, Steps: 748

Train 145/500 Loss: 0.002064, Reward: 52.4702, PSO_prob: 0.427, Eps: 0.228, PSO_count: 30, Steps: 88

Train 146/500 Loss: 0.000868, Reward: 52.9700, GA_prob: 0.569, Eps: 0.287, GA_count: 46, Steps: 88

Train 28/500 Loss: 0.001306, Reward: 231.5619, PSO_prob: 0.438, Eps: 0.232, PSO_count: 174, Steps: 388

Train 137/500 Loss: 0.001412, Reward: 70.4401, PSO_prob: 0.436, Eps: 0.232, PSO_count: 55, Steps: 118

Train 138/500 Loss: 0.001778, Reward: 449.4249, GA_prob: 0.559, Eps: 0.283, GA_count: 419, Steps: 748

Train 36/500 Loss: 0.001409, Reward: 443.7574, PSO_prob: 0.426, Eps: 0.227, PSO_count: 325, Steps: 748

Train 147/500 Loss: 0.001392, Reward: 342.8049, PSO_prob: 0.435, Eps: 0.231, PSO_count: 237, Steps: 568

Train 139/500 Loss: 0.001576, Reward: 53.8308, PSO_prob: 0.434, Eps: 0.231, PSO_count: 40, Steps: 88

Train 140/500 Loss: 0.001319, Reward: 34.0059, PSO_prob: 0.433, Eps: 0.230, PSO_count: 29, Steps: 58

Train 141/500 Loss: 0.001141, Reward: 182.3796, PSO_prob: 0.424, Eps: 0.227, PSO_count: 126, Steps: 298

Train 148/500 Loss: 0.001561, Reward: 92.1357, PSO_prob: 0.423, Eps: 0.226, PSO_count: 68, Steps: 148

Train 149/500 Loss: 0.001163, Reward: 243.1092, GA_prob: 0.568, Eps: 0.286, GA_count: 207, Steps: 388

Train 29/500 Loss: 0.001307, Reward: 345.9859, PSO_prob: 0.432, Eps: 0.230, PSO_count: 245, Steps: 568

Train 142/500 Loss: 0.001352, Reward: 239.4982, PSO_prob: 0.422, Eps: 0.226, PSO_count: 148, Steps: 388

Train 150/500 Loss: 0.001145, Reward: 127.8210, PSO_prob: 0.430, Eps: 0.229, PSO_count: 92, Steps: 208

Train 143/500 Loss: 0.001304, Reward: 54.3124, PSO_prob: 0.429, Eps: 0.229, PSO_count: 39, Steps: 88

Train 144/500 Loss: 0.001100, Reward: 127.1980, PSO_prob: 0.428, Eps: 0.228, PSO_count: 86, Steps: 208

Train 145/500 Loss: 0.001155, Reward: 88.0383, GA_prob: 0.566, Eps: 0.286, GA_count: 86, Steps: 148

Train 30/500 Loss: 0.001464, Reward: 241.4878, GA_prob: 0.558, Eps: 0.282, GA_count: 218, Steps: 388

Train 37/500 Loss: 0.001447, Reward: 452.3213, PSO_prob: 0.421, Eps: 0.225, PSO_count: 324, Steps: 748

Train 151/500 Loss: 0.001106, Reward: 185.2042, PSO_prob: 0.427, Eps: 0.228, PSO_count: 138, Steps: 298

Train 146/500 Loss: 0.001485, Reward: 35.6799, PSO_prob: 0.426, Eps: 0.227, PSO_count: 21, Steps: 58

Train 147/500 Loss: 0.001248, Reward: 124.3510, PSO_prob: 0.420, Eps: 0.225, PSO_count: 81, Steps: 208

Train 152/500 Loss: 0.001191, Reward: 90.4429, PSO_prob: 0.424, Eps: 0.227, PSO_count: 53, Steps: 148

Train 148/500 Loss: 0.001152, Reward: 52.7367, PSO_prob: 0.418, Eps: 0.224, PSO_count: 32, Steps: 88

Train 153/500 Loss: 0.001137, Reward: 75.4988, GA_prob: 0.565, Eps: 0.285, GA_count: 75, Steps: 118

Train 31/500 Loss: 0.001101, Reward: 182.5642, PSO_prob: 0.423, Eps: 0.226, PSO_count: 117, Steps: 298

Train 149/500 Loss: 0.001113, Reward: 34.2766, PSO_prob: 0.422, Eps: 0.226, PSO_count: 17, Steps: 58

Train 150/500 Loss: 0.001326, Reward: 241.1436, PSO_prob: 0.417, Eps: 0.224, PSO_count: 171, Steps: 388

Train 154/500 Loss: 0.001180, Reward: 92.0830, GA_prob: 0.564, Eps: 0.285, GA_count: 94, Steps: 148

Train 32/500 Loss: 0.001081, Reward: 351.7061, PSO_prob: 0.421, Eps: 0.225, PSO_count: 249, Steps: 568

Train 151/500 Loss: 0.000853, Reward: 70.8893, PSO_prob: 0.420, Eps: 0.225, PSO_count: 53, Steps: 118

Train 152/500 Loss: 0.000845, Reward: 91.8056, PSO_prob: 0.418, Eps: 0.224, PSO_count: 70, Steps: 148

Train 153/500 Loss: 0.001197, Reward: 444.2785, PSO_prob: 0.416, Eps: 0.223, PSO_count: 308, Steps: 748

Train 155/500 Loss: 0.000886, Reward: 130.9349, PSO_prob: 0.417, Eps: 0.224, PSO_count: 90, Steps: 208

Train 154/500 Loss: 0.001282, Reward: 130.0723, PSO_prob: 0.415, Eps: 0.223, PSO_count: 85, Steps: 208

Train 156/500 Loss: 0.000792, Reward: 131.4359, PSO_prob: 0.416, Eps: 0.223, PSO_count: 72, Steps: 208

Train 155/500 Loss: 0.001311, Reward: 128.0225, PSO_prob: 0.414, Eps: 0.222, PSO_count: 89, Steps: 208

Train 157/500 Loss: 0.001754, Reward: 73.7039, PSO_prob: 0.412, Eps: 0.222, PSO_count: 51, Steps: 118

Train 158/500 Loss: 0.000871, Reward: 128.3789, PSO_prob: 0.415, Eps: 0.223, PSO_count: 85, Steps: 208

Train 156/500 Loss: 0.001446, Reward: 127.0656, PSO_prob: 0.411, Eps: 0.221, PSO_count: 80, Steps: 208

Train 159/500 Loss: 0.001185, Reward: 55.9848, PSO_prob: 0.410, Eps: 0.221, PSO_count: 38, Steps: 88

Train 160/500 Loss: 0.001380, Reward: 346.0961, GA_prob: 0.557, Eps: 0.282, GA_count: 332, Steps: 568

Train 38/500 Loss: 0.001655, Reward: 54.8648, PSO_prob: 0.409, Eps: 0.220, PSO_count: 46, Steps: 88

Train 161/500 Loss: 0.000796, Reward: 242.7067, PSO_prob: 0.414, Eps: 0.222, PSO_count: 159, Steps: 388

Train 157/500 Loss: 0.001415, Reward: 89.7330, PSO_prob: 0.408, Eps: 0.220, PSO_count: 70, Steps: 148

Train 162/500 Loss: 0.001334, Reward: 55.9056, PSO_prob: 0.406, Eps: 0.219, PSO_count: 35, Steps: 88

Train 163/500 Loss: 0.001201, Reward: 242.3108, GA_prob: 0.563, Eps: 0.284, GA_count: 231, Steps: 388

Train 33/500 Loss: 0.000703, Reward: 243.1951, PSO_prob: 0.412, Eps: 0.222, PSO_count: 156, Steps: 388

Train 158/500 Loss: 0.000977, Reward: 74.7346, GA_prob: 0.556, Eps: 0.281, GA_count: 74, Steps: 118

Train 39/500 Loss: 0.000807, Reward: 53.1779, PSO_prob: 0.411, Eps: 0.221, PSO_count: 42, Steps: 88

Train 159/500 Loss: 0.001042, Reward: 54.6737, PSO_prob: 0.410, Eps: 0.221, PSO_count: 37, Steps: 88

Train 160/500 Loss: 0.001167, Reward: 35.3884, GA_prob: 0.554, Eps: 0.281, GA_count: 31, Steps: 58

Train 40/500 Loss: 0.000596, Reward: 51.3667, PSO_prob: 0.409, Eps: 0.220, PSO_count: 35, Steps: 88

Train 161/500 Loss: 0.001279, Reward: 347.9269, PSO_prob: 0.405, Eps: 0.219, PSO_count: 219, Steps: 568

Train 164/500 Loss: 0.000732, Reward: 90.2549, PSO_prob: 0.408, Eps: 0.220, PSO_count: 65, Steps: 148

Train 162/500 Loss: 0.000816, Reward: 35.7827, PSO_prob: 0.406, Eps: 0.219, PSO_count: 23, Steps: 58

Train 163/500 Loss: 0.000696, Reward: 55.6983, PSO_prob: 0.405, Eps: 0.219, PSO_count: 29, Steps: 88

Train 164/500 Loss: 0.001151, Reward: 128.8528, GA_prob: 0.562, Eps: 0.284, GA_count: 122, Steps: 208

Train 34/500 Loss: 0.001285, Reward: 184.3574, PSO_prob: 0.404, Eps: 0.218, PSO_count: 123, Steps: 298

Train 165/500 Loss: 0.001003, Reward: 91.9370, PSO_prob: 0.404, Eps: 0.218, PSO_count: 58, Steps: 148

Train 165/500 Loss: 0.001296, Reward: 91.2621, GA_prob: 0.553, Eps: 0.280, GA_count: 87, Steps: 148

Train 41/500 Loss: 0.000950, Reward: 125.5745, PSO_prob: 0.403, Eps: 0.218, PSO_count: 84, Steps: 208

Train 166/500 Loss: 0.001236, Reward: 181.6953, PSO_prob: 0.403, Eps: 0.218, PSO_count: 114, Steps: 298

Train 166/500 Loss: 0.001257, Reward: 34.6220, PSO_prob: 0.402, Eps: 0.217, PSO_count: 25, Steps: 58

Train 167/500 Loss: 0.001127, Reward: 75.3861, GA_prob: 0.560, Eps: 0.283, GA_count: 70, Steps: 118

Train 35/500 Loss: 0.001194, Reward: 239.9473, PSO_prob: 0.400, Eps: 0.217, PSO_count: 149, Steps: 388

Train 168/500 Loss: 0.000919, Reward: 51.9147, PSO_prob: 0.399, Eps: 0.216, PSO_count: 39, Steps: 88

Train 169/500 Loss: 0.000949, Reward: 433.7165, PSO_prob: 0.402, Eps: 0.217, PSO_count: 318, Steps: 748

Train 167/500 Loss: 0.001113, Reward: 178.7666, PSO_prob: 0.398, Eps: 0.216, PSO_count: 120, Steps: 298

Train 170/500 Loss: 0.001154, Reward: 35.3423, PSO_prob: 0.397, Eps: 0.215, PSO_count: 19, Steps: 58

Train 171/500 Loss: 0.001408, Reward: 452.7258, PSO_prob: 0.400, Eps: 0.217, PSO_count: 309, Steps: 748

Train 168/500 Loss: 0.001142, Reward: 352.4391, PSO_prob: 0.396, Eps: 0.215, PSO_count: 215, Steps: 568

Train 172/500 Loss: 0.001520, Reward: 235.8414, GA_prob: 0.552, Eps: 0.280, GA_count: 211, Steps: 388

Train 42/500 Loss: 0.001276, Reward: 91.6240, PSO_prob: 0.399, Eps: 0.216, PSO_count: 65, Steps: 148

Train 169/500 Loss: 0.001431, Reward: 55.7227, PSO_prob: 0.398, Eps: 0.216, PSO_count: 34, Steps: 88

Train 170/500 Loss: 0.001267, Reward: 132.4574, PSO_prob: 0.397, Eps: 0.215, PSO_count: 86, Steps: 208

Train 171/500 Loss: 0.001111, Reward: 440.1169, PSO_prob: 0.394, Eps: 0.214, PSO_count: 307, Steps: 748

Train 173/500 Loss: 0.001354, Reward: 237.0019, PSO_prob: 0.396, Eps: 0.215, PSO_count: 156, Steps: 388

Train 172/500 Loss: 0.001580, Reward: 91.4499, PSO_prob: 0.393, Eps: 0.214, PSO_count: 59, Steps: 148

Train 174/500 Loss: 0.001343, Reward: 180.4271, PSO_prob: 0.392, Eps: 0.213, PSO_count: 113, Steps: 298

Train 175/500 Loss: 0.001179, Reward: 245.3262, PSO_prob: 0.394, Eps: 0.214, PSO_count: 140, Steps: 388

Train 173/500 Loss: 0.001145, Reward: 54.6510, PSO_prob: 0.393, Eps: 0.214, PSO_count: 38, Steps: 88

Train 174/500 Loss: 0.001538, Reward: 71.6624, PSO_prob: 0.391, Eps: 0.213, PSO_count: 49, Steps: 118

Train 176/500 Loss: 0.001234, Reward: 186.2334, PSO_prob: 0.392, Eps: 0.213, PSO_count: 116, Steps: 298

Train 175/500 Loss: 0.001404, Reward: 186.9720, PSO_prob: 0.390, Eps: 0.212, PSO_count: 121, Steps: 298

Train 177/500 Loss: 0.001261, Reward: 447.8886, GA_prob: 0.559, Eps: 0.283, GA_count: 396, Steps: 748

Train 36/500 Loss: 0.000883, Reward: 91.1373, PSO_prob: 0.391, Eps: 0.213, PSO_count: 54, Steps: 148

Train 176/500 Loss: 0.000909, Reward: 54.7079, PSO_prob: 0.390, Eps: 0.212, PSO_count: 37, Steps: 88

Train 177/500 Loss: 0.000808, Reward: 182.0447, PSO_prob: 0.388, Eps: 0.212, PSO_count: 122, Steps: 298

Train 178/500 Loss: 0.000674, Reward: 34.4723, PSO_prob: 0.387, Eps: 0.211, PSO_count: 18, Steps: 58

Train 179/500 Loss: 0.001391, Reward: 451.4128, PSO_prob: 0.388, Eps: 0.212, PSO_count: 291, Steps: 748

Train 178/500 Loss: 0.001287, Reward: 69.0442, PSO_prob: 0.387, Eps: 0.211, PSO_count: 43, Steps: 118

Train 179/500 Loss: 0.001126, Reward: 123.5097, GA_prob: 0.558, Eps: 0.282, GA_count: 117, Steps: 208

Train 37/500 Loss: 0.001459, Reward: 34.6039, PSO_prob: 0.386, Eps: 0.211, PSO_count: 22, Steps: 58

Train 180/500 Loss: 0.000986, Reward: 237.3539, PSO_prob: 0.386, Eps: 0.211, PSO_count: 160, Steps: 388

Train 180/500 Loss: 0.001009, Reward: 34.6749, PSO_prob: 0.385, Eps: 0.210, PSO_count: 15, Steps: 58

Train 181/500 Loss: 0.001079, Reward: 133.1010, PSO_prob: 0.384, Eps: 0.210, PSO_count: 89, Steps: 208

Train 182/500 Loss: 0.001395, Reward: 236.4087, PSO_prob: 0.385, Eps: 0.210, PSO_count: 137, Steps: 388

Train 181/500 Loss: 0.001230, Reward: 463.9995, GA_prob: 0.551, Eps: 0.279, GA_count: 405, Steps: 748

Train 43/500 Loss: 0.001307, Reward: 89.7951, PSO_prob: 0.384, Eps: 0.210, PSO_count: 54, Steps: 148

Train 182/500 Loss: 0.001190, Reward: 54.0683, PSO_prob: 0.382, Eps: 0.209, PSO_count: 39, Steps: 88

Train 183/500 Loss: 0.000946, Reward: 186.0713, PSO_prob: 0.382, Eps: 0.209, PSO_count: 117, Steps: 298

Train 183/500 Loss: 0.001021, Reward: 54.5473, PSO_prob: 0.381, Eps: 0.209, PSO_count: 33, Steps: 88

Train 184/500 Loss: 0.001334, Reward: 128.8566, PSO_prob: 0.381, Eps: 0.209, PSO_count: 81, Steps: 208

Train 184/500 Loss: 0.001202, Reward: 238.8760, PSO_prob: 0.380, Eps: 0.208, PSO_count: 151, Steps: 388

Train 185/500 Loss: 0.001415, Reward: 186.3048, PSO_prob: 0.380, Eps: 0.208, PSO_count: 116, Steps: 298

Train 185/500 Loss: 0.001261, Reward: 122.7857, GA_prob: 0.549, Eps: 0.279, GA_count: 112, Steps: 208

Train 44/500 Loss: 0.001334, Reward: 342.5603, PSO_prob: 0.379, Eps: 0.208, PSO_count: 220, Steps: 568

Train 186/500 Loss: 0.001315, Reward: 435.0509, PSO_prob: 0.379, Eps: 0.208, PSO_count: 241, Steps: 748

Train 186/500 Loss: 0.001440, Reward: 55.2327, PSO_prob: 0.378, Eps: 0.207, PSO_count: 31, Steps: 88

Train 187/500 Loss: 0.001107, Reward: 179.7933, PSO_prob: 0.378, Eps: 0.207, PSO_count: 104, Steps: 298

Train 187/500 Loss: 0.001509, Reward: 186.0383, PSO_prob: 0.376, Eps: 0.207, PSO_count: 112, Steps: 298

Train 188/500 Loss: 0.000824, Reward: 55.1745, PSO_prob: 0.375, Eps: 0.206, PSO_count: 35, Steps: 88

Train 189/500 Loss: 0.001497, Reward: 36.7053, PSO_prob: 0.374, Eps: 0.206, PSO_count: 20, Steps: 58

Train 190/500 Loss: 0.001236, Reward: 183.1599, PSO_prob: 0.373, Eps: 0.205, PSO_count: 112, Steps: 298

Train 191/500 Loss: 0.001077, Reward: 448.2930, PSO_prob: 0.376, Eps: 0.207, PSO_count: 278, Steps: 748

Train 188/500 Loss: 0.001052, Reward: 91.9910, PSO_prob: 0.372, Eps: 0.205, PSO_count: 44, Steps: 148

Train 192/500 Loss: 0.001227, Reward: 238.1767, GA_prob: 0.548, Eps: 0.278, GA_count: 198, Steps: 388

Train 45/500 Loss: 0.001224, Reward: 126.9586, PSO_prob: 0.370, Eps: 0.204, PSO_count: 87, Steps: 208

Train 193/500 Loss: 0.001477, Reward: 36.1501, GA_prob: 0.547, Eps: 0.278, GA_count: 34, Steps: 58

Train 46/500 Loss: 0.001136, Reward: 458.6797, GA_prob: 0.557, Eps: 0.282, GA_count: 432, Steps: 748

Train 38/500 Loss: 0.001010, Reward: 90.5977, PSO_prob: 0.369, Eps: 0.204, PSO_count: 51, Steps: 148

Train 194/500 Loss: 0.001020, Reward: 52.7551, PSO_prob: 0.368, Eps: 0.203, PSO_count: 29, Steps: 88

Train 195/500 Loss: 0.001449, Reward: 33.6831, GA_prob: 0.546, Eps: 0.277, GA_count: 26, Steps: 58

Train 47/500 Loss: 0.001250, Reward: 70.7598, PSO_prob: 0.367, Eps: 0.203, PSO_count: 41, Steps: 118

Train 196/500 Loss: 0.001097, Reward: 441.8303, PSO_prob: 0.375, Eps: 0.206, PSO_count: 267, Steps: 748

Train 189/500 Loss: 0.001546, Reward: 54.4302, GA_prob: 0.556, Eps: 0.281, GA_count: 51, Steps: 88

Train 39/500 Loss: 0.001105, Reward: 36.6374, PSO_prob: 0.374, Eps: 0.206, PSO_count: 20, Steps: 58

Train 190/500 Loss: 0.001162, Reward: 240.5977, PSO_prob: 0.366, Eps: 0.202, PSO_count: 136, Steps: 388

Train 197/500 Loss: 0.001200, Reward: 184.9877, PSO_prob: 0.373, Eps: 0.205, PSO_count: 106, Steps: 298

Train 191/500 Loss: 0.001311, Reward: 87.9842, PSO_prob: 0.372, Eps: 0.205, PSO_count: 53, Steps: 148

Train 192/500 Loss: 0.001295, Reward: 127.3376, GA_prob: 0.545, Eps: 0.277, GA_count: 111, Steps: 208

Train 48/500 Loss: 0.001157, Reward: 236.3055, PSO_prob: 0.364, Eps: 0.202, PSO_count: 136, Steps: 388

Train 198/500 Loss: 0.001119, Reward: 126.7367, PSO_prob: 0.363, Eps: 0.201, PSO_count: 78, Steps: 208

Train 199/500 Loss: 0.001079, Reward: 352.5605, PSO_prob: 0.370, Eps: 0.204, PSO_count: 212, Steps: 568

Train 193/500 Loss: 0.001644, Reward: 53.1655, GA_prob: 0.543, Eps: 0.276, GA_count: 55, Steps: 88

Train 49/500 Loss: 0.000856, Reward: 182.6146, GA_prob: 0.554, Eps: 0.281, GA_count: 179, Steps: 298

Train 40/500 Loss: 0.001514, Reward: 53.5302, GA_prob: 0.542, Eps: 0.276, GA_count: 51, Steps: 88

Train 50/500 Loss: 0.000979, Reward: 460.1012, PSO_prob: 0.362, Eps: 0.201, PSO_count: 248, Steps: 748

Train 200/500 Loss: 0.001239, Reward: 337.1141, PSO_prob: 0.369, Eps: 0.204, PSO_count: 216, Steps: 568

Train 194/500 Loss: 0.001089, Reward: 54.2150, PSO_prob: 0.368, Eps: 0.203, PSO_count: 28, Steps: 88

Train 195/500 Loss: 0.001088, Reward: 128.8202, PSO_prob: 0.361, Eps: 0.200, PSO_count: 66, Steps: 208

Train 201/500 Loss: 0.001110, Reward: 53.2596, GA_prob: 0.541, Eps: 0.275, GA_count: 54, Steps: 88

Train 51/500 Loss: 0.001028, Reward: 74.2078, PSO_prob: 0.360, Eps: 0.200, PSO_count: 45, Steps: 118

Train 202/500 Loss: 0.001110, Reward: 90.9464, GA_prob: 0.553, Eps: 0.280, GA_count: 84, Steps: 148

Train 41/500 Loss: 0.001057, Reward: 92.4129, PSO_prob: 0.358, Eps: 0.199, PSO_count: 55, Steps: 148

Train 203/500 Loss: 0.001446, Reward: 34.9953, GA_prob: 0.540, Eps: 0.275, GA_count: 29, Steps: 58

Train 52/500 Loss: 0.001230, Reward: 442.0658, PSO_prob: 0.367, Eps: 0.203, PSO_count: 291, Steps: 748

Train 196/500 Loss: 0.000762, Reward: 71.6000, GA_prob: 0.552, Eps: 0.280, GA_count: 73, Steps: 118

Train 42/500 Loss: 0.001028, Reward: 351.9405, PSO_prob: 0.357, Eps: 0.199, PSO_count: 207, Steps: 568

Train 204/500 Loss: 0.001107, Reward: 129.6130, PSO_prob: 0.366, Eps: 0.202, PSO_count: 75, Steps: 208

Train 197/500 Loss: 0.001246, Reward: 36.9115, PSO_prob: 0.356, Eps: 0.198, PSO_count: 22, Steps: 58

Train 205/500 Loss: 0.000980, Reward: 34.6270, PSO_prob: 0.364, Eps: 0.202, PSO_count: 22, Steps: 58

Train 198/500 Loss: 0.001116, Reward: 72.3319, PSO_prob: 0.363, Eps: 0.201, PSO_count: 48, Steps: 118

Train 199/500 Loss: 0.001368, Reward: 53.7228, PSO_prob: 0.362, Eps: 0.201, PSO_count: 29, Steps: 88

Train 200/500 Loss: 0.000975, Reward: 55.7491, GA_prob: 0.551, Eps: 0.279, GA_count: 50, Steps: 88

Train 43/500 Loss: 0.001258, Reward: 129.0536, PSO_prob: 0.361, Eps: 0.200, PSO_count: 79, Steps: 208

Train 201/500 Loss: 0.001048, Reward: 53.0389, PSO_prob: 0.360, Eps: 0.200, PSO_count: 29, Steps: 88

Train 202/500 Loss: 0.001382, Reward: 179.1012, GA_prob: 0.539, Eps: 0.274, GA_count: 176, Steps: 298

Train 53/500 Loss: 0.001026, Reward: 448.1850, PSO_prob: 0.355, Eps: 0.198, PSO_count: 287, Steps: 748

Train 206/500 Loss: 0.001101, Reward: 69.0871, PSO_prob: 0.354, Eps: 0.197, PSO_count: 33, Steps: 118

Train 207/500 Loss: 0.001093, Reward: 56.2158, PSO_prob: 0.352, Eps: 0.197, PSO_count: 42, Steps: 88

Train 208/500 Loss: 0.001152, Reward: 348.1024, PSO_prob: 0.358, Eps: 0.199, PSO_count: 191, Steps: 568

Train 203/500 Loss: 0.001121, Reward: 35.5927, PSO_prob: 0.357, Eps: 0.199, PSO_count: 22, Steps: 58

Train 204/500 Loss: 0.001072, Reward: 182.8955, PSO_prob: 0.351, Eps: 0.196, PSO_count: 103, Steps: 298

Train 209/500 Loss: 0.001451, Reward: 128.3750, PSO_prob: 0.356, Eps: 0.198, PSO_count: 76, Steps: 208

Train 205/500 Loss: 0.001003, Reward: 127.5330, PSO_prob: 0.350, Eps: 0.196, PSO_count: 67, Steps: 208

Train 210/500 Loss: 0.001063, Reward: 52.6511, PSO_prob: 0.349, Eps: 0.195, PSO_count: 32, Steps: 88

Train 211/500 Loss: 0.001054, Reward: 186.7374, GA_prob: 0.549, Eps: 0.279, GA_count: 167, Steps: 298

Train 44/500 Loss: 0.001408, Reward: 127.2832, GA_prob: 0.537, Eps: 0.274, GA_count: 118, Steps: 208

Train 54/500 Loss: 0.001181, Reward: 358.4088, PSO_prob: 0.355, Eps: 0.198, PSO_count: 193, Steps: 568

Train 206/500 Loss: 0.001387, Reward: 55.4200, PSO_prob: 0.354, Eps: 0.197, PSO_count: 30, Steps: 88

Train 207/500 Loss: 0.001286, Reward: 444.7371, PSO_prob: 0.347, Eps: 0.195, PSO_count: 275, Steps: 748

Train 212/500 Loss: 0.001236, Reward: 52.9902, PSO_prob: 0.346, Eps: 0.194, PSO_count: 40, Steps: 88

Train 213/500 Loss: 0.001029, Reward: 451.5573, PSO_prob: 0.352, Eps: 0.197, PSO_count: 278, Steps: 748

Train 208/500 Loss: 0.001279, Reward: 187.7214, GA_prob: 0.536, Eps: 0.273, GA_count: 161, Steps: 298

Train 55/500 Loss: 0.000934, Reward: 125.6240, PSO_prob: 0.351, Eps: 0.196, PSO_count: 78, Steps: 208

Train 209/500 Loss: 0.001170, Reward: 343.3771, PSO_prob: 0.345, Eps: 0.194, PSO_count: 203, Steps: 568

Train 214/500 Loss: 0.001192, Reward: 238.7551, GA_prob: 0.548, Eps: 0.278, GA_count: 203, Steps: 388

Train 45/500 Loss: 0.001262, Reward: 186.1788, PSO_prob: 0.344, Eps: 0.193, PSO_count: 100, Steps: 298

Train 215/500 Loss: 0.001192, Reward: 131.6563, PSO_prob: 0.343, Eps: 0.193, PSO_count: 69, Steps: 208

Train 216/500 Loss: 0.001150, Reward: 34.7343, PSO_prob: 0.341, Eps: 0.192, PSO_count: 21, Steps: 58

Train 217/500 Loss: 0.001098, Reward: 442.4862, PSO_prob: 0.350, Eps: 0.196, PSO_count: 272, Steps: 748

Train 210/500 Loss: 0.001170, Reward: 127.4562, GA_prob: 0.535, Eps: 0.273, GA_count: 102, Steps: 208

Train 56/500 Loss: 0.001064, Reward: 182.6084, PSO_prob: 0.349, Eps: 0.195, PSO_count: 94, Steps: 298

Train 211/500 Loss: 0.001129, Reward: 458.7716, PSO_prob: 0.340, Eps: 0.192, PSO_count: 231, Steps: 748

Train 218/500 Loss: 0.001534, Reward: 36.6862, PSO_prob: 0.339, Eps: 0.191, PSO_count: 15, Steps: 58

Train 219/500 Loss: 0.001138, Reward: 182.7506, GA_prob: 0.547, Eps: 0.278, GA_count: 164, Steps: 298

Train 46/500 Loss: 0.000938, Reward: 345.1770, PSO_prob: 0.347, Eps: 0.195, PSO_count: 208, Steps: 568

Train 212/500 Loss: 0.000917, Reward: 239.4658, PSO_prob: 0.346, Eps: 0.194, PSO_count: 146, Steps: 388

Train 213/500 Loss: 0.001054, Reward: 353.8402, PSO_prob: 0.338, Eps: 0.191, PSO_count: 184, Steps: 568

Train 220/500 Loss: 0.001265, Reward: 181.3541, GA_prob: 0.534, Eps: 0.272, GA_count: 158, Steps: 298

Train 57/500 Loss: 0.000999, Reward: 74.1527, PSO_prob: 0.337, Eps: 0.190, PSO_count: 36, Steps: 118

Train 221/500 Loss: 0.001081, Reward: 128.0173, PSO_prob: 0.335, Eps: 0.190, PSO_count: 68, Steps: 208

Train 222/500 Loss: 0.001092, Reward: 54.1648, PSO_prob: 0.334, Eps: 0.189, PSO_count: 30, Steps: 88

Train 223/500 Loss: 0.001371, Reward: 92.7998, GA_prob: 0.533, Eps: 0.272, GA_count: 84, Steps: 148

Train 58/500 Loss: 0.000774, Reward: 463.0417, PSO_prob: 0.345, Eps: 0.194, PSO_count: 260, Steps: 748

Train 214/500 Loss: 0.001158, Reward: 35.7888, PSO_prob: 0.344, Eps: 0.193, PSO_count: 21, Steps: 58

Train 215/500 Loss: 0.000994, Reward: 178.7208, GA_prob: 0.546, Eps: 0.277, GA_count: 164, Steps: 298

Train 47/500 Loss: 0.000663, Reward: 91.0119, PSO_prob: 0.343, Eps: 0.193, PSO_count: 44, Steps: 148

Train 216/500 Loss: 0.000781, Reward: 350.7563, PSO_prob: 0.333, Eps: 0.189, PSO_count: 210, Steps: 568

Train 224/500 Loss: 0.000555, Reward: 132.6909, PSO_prob: 0.341, Eps: 0.192, PSO_count: 62, Steps: 208

Train 217/500 Loss: 0.001071, Reward: 184.2478, PSO_prob: 0.332, Eps: 0.188, PSO_count: 106, Steps: 298

Train 225/500 Loss: 0.000672, Reward: 182.5084, PSO_prob: 0.340, Eps: 0.192, PSO_count: 86, Steps: 298

Train 218/500 Loss: 0.000550, Reward: 132.0725, PSO_prob: 0.339, Eps: 0.191, PSO_count: 80, Steps: 208

Train 219/500 Loss: 0.000863, Reward: 128.3823, GA_prob: 0.545, Eps: 0.277, GA_count: 119, Steps: 208

Train 48/500 Loss: 0.001415, Reward: 183.9654, GA_prob: 0.531, Eps: 0.271, GA_count: 168, Steps: 298

Train 59/500 Loss: 0.001208, Reward: 35.5881, GA_prob: 0.543, Eps: 0.276, GA_count: 28, Steps: 58

Train 49/500 Loss: 0.000921, Reward: 451.7686, PSO_prob: 0.331, Eps: 0.188, PSO_count: 252, Steps: 748

Train 226/500 Loss: 0.001663, Reward: 35.2161, GA_prob: 0.530, Eps: 0.271, GA_count: 29, Steps: 58

Train 60/500 Loss: 0.000546, Reward: 456.8903, PSO_prob: 0.338, Eps: 0.191, PSO_count: 249, Steps: 748

Train 220/500 Loss: 0.000805, Reward: 186.7595, PSO_prob: 0.329, Eps: 0.187, PSO_count: 97, Steps: 298

Train 227/500 Loss: 0.000898, Reward: 130.9411, PSO_prob: 0.328, Eps: 0.187, PSO_count: 71, Steps: 208

Train 228/500 Loss: 0.000827, Reward: 36.4555, PSO_prob: 0.327, Eps: 0.186, PSO_count: 20, Steps: 58

Train 229/500 Loss: 0.000735, Reward: 239.8155, PSO_prob: 0.337, Eps: 0.190, PSO_count: 133, Steps: 388

Train 221/500 Loss: 0.000777, Reward: 90.3536, PSO_prob: 0.326, Eps: 0.186, PSO_count: 47, Steps: 148

Train 230/500 Loss: 0.001237, Reward: 75.1552, PSO_prob: 0.325, Eps: 0.185, PSO_count: 48, Steps: 118

Train 231/500 Loss: 0.000831, Reward: 130.9641, PSO_prob: 0.335, Eps: 0.190, PSO_count: 73, Steps: 208

Train 222/500 Loss: 0.000815, Reward: 93.4694, PSO_prob: 0.323, Eps: 0.185, PSO_count: 39, Steps: 148

Train 232/500 Loss: 0.001177, Reward: 127.8606, GA_prob: 0.529, Eps: 0.270, GA_count: 117, Steps: 208

Train 61/500 Loss: 0.000616, Reward: 186.7082, PSO_prob: 0.334, Eps: 0.189, PSO_count: 96, Steps: 298

Train 223/500 Loss: 0.000639, Reward: 74.0496, PSO_prob: 0.333, Eps: 0.189, PSO_count: 38, Steps: 118

Train 224/500 Loss: 0.000929, Reward: 186.8937, PSO_prob: 0.322, Eps: 0.184, PSO_count: 93, Steps: 298

Train 233/500 Loss: 0.000937, Reward: 73.6971, PSO_prob: 0.332, Eps: 0.188, PSO_count: 44, Steps: 118

Train 225/500 Loss: 0.000914, Reward: 56.7929, PSO_prob: 0.321, Eps: 0.184, PSO_count: 31, Steps: 88

Train 234/500 Loss: 0.000517, Reward: 36.0994, PSO_prob: 0.331, Eps: 0.188, PSO_count: 16, Steps: 58

Train 226/500 Loss: 0.000702, Reward: 130.0854, PSO_prob: 0.320, Eps: 0.183, PSO_count: 58, Steps: 208

Train 235/500 Loss: 0.000770, Reward: 185.1966, PSO_prob: 0.329, Eps: 0.187, PSO_count: 99, Steps: 298

Train 227/500 Loss: 0.000743, Reward: 130.8178, PSO_prob: 0.319, Eps: 0.183, PSO_count: 69, Steps: 208

Train 236/500 Loss: 0.000720, Reward: 93.2986, PSO_prob: 0.328, Eps: 0.187, PSO_count: 53, Steps: 148

Train 228/500 Loss: 0.001073, Reward: 91.4960, PSO_prob: 0.317, Eps: 0.182, PSO_count: 57, Steps: 148

Train 237/500 Loss: 0.000690, Reward: 246.1313, PSO_prob: 0.327, Eps: 0.186, PSO_count: 126, Steps: 388

Train 229/500 Loss: 0.001345, Reward: 181.7463, GA_prob: 0.528, Eps: 0.270, GA_count: 149, Steps: 298

Train 62/500 Loss: 0.000770, Reward: 55.3261, PSO_prob: 0.326, Eps: 0.186, PSO_count: 32, Steps: 88

Train 230/500 Loss: 0.000758, Reward: 182.9495, PSO_prob: 0.325, Eps: 0.185, PSO_count: 103, Steps: 298

Train 231/500 Loss: 0.000870, Reward: 451.4268, PSO_prob: 0.316, Eps: 0.182, PSO_count: 234, Steps: 748

Train 238/500 Loss: 0.000836, Reward: 244.8108, PSO_prob: 0.315, Eps: 0.181, PSO_count: 126, Steps: 388

Train 239/500 Loss: 0.001166, Reward: 458.2927, GA_prob: 0.542, Eps: 0.276, GA_count: 398, Steps: 748

Train 50/500 Loss: 0.000568, Reward: 72.8872, PSO_prob: 0.314, Eps: 0.181, PSO_count: 31, Steps: 118

Train 240/500 Loss: 0.000832, Reward: 441.7370, PSO_prob: 0.323, Eps: 0.185, PSO_count: 240, Steps: 748

Train 232/500 Loss: 0.000990, Reward: 52.5881, GA_prob: 0.541, Eps: 0.275, GA_count: 39, Steps: 88

Train 51/500 Loss: 0.000757, Reward: 190.1479, PSO_prob: 0.322, Eps: 0.184, PSO_count: 102, Steps: 298

Train 233/500 Loss: 0.000827, Reward: 457.3656, PSO_prob: 0.313, Eps: 0.180, PSO_count: 243, Steps: 748

Train 241/500 Loss: 0.001107, Reward: 70.6941, PSO_prob: 0.311, Eps: 0.180, PSO_count: 33, Steps: 118

Train 242/500 Loss: 0.000719, Reward: 348.3007, PSO_prob: 0.321, Eps: 0.184, PSO_count: 183, Steps: 568

Train 234/500 Loss: 0.000901, Reward: 240.8699, PSO_prob: 0.310, Eps: 0.179, PSO_count: 130, Steps: 388

Train 243/500 Loss: 0.000874, Reward: 130.9956, PSO_prob: 0.320, Eps: 0.183, PSO_count: 63, Steps: 208

Train 235/500 Loss: 0.000657, Reward: 38.1932, PSO_prob: 0.309, Eps: 0.179, PSO_count: 16, Steps: 58

Train 244/500 Loss: 0.000846, Reward: 93.7369, PSO_prob: 0.308, Eps: 0.178, PSO_count: 35, Steps: 148

Train 245/500 Loss: 0.000695, Reward: 76.4005, PSO_prob: 0.307, Eps: 0.178, PSO_count: 30, Steps: 118

Train 246/500 Loss: 0.000869, Reward: 339.9996, PSO_prob: 0.319, Eps: 0.183, PSO_count: 197, Steps: 568

Train 236/500 Loss: 0.000963, Reward: 343.1336, PSO_prob: 0.305, Eps: 0.177, PSO_count: 175, Steps: 568

Train 247/500 Loss: 0.001052, Reward: 187.8754, PSO_prob: 0.317, Eps: 0.182, PSO_count: 98, Steps: 298

Train 237/500 Loss: 0.001053, Reward: 54.1093, PSO_prob: 0.316, Eps: 0.182, PSO_count: 28, Steps: 88

Train 238/500 Loss: 0.001102, Reward: 97.0348, PSO_prob: 0.304, Eps: 0.177, PSO_count: 48, Steps: 148

Train 248/500 Loss: 0.001419, Reward: 35.1636, PSO_prob: 0.315, Eps: 0.181, PSO_count: 13, Steps: 58

Train 239/500 Loss: 0.001346, Reward: 449.4884, GA_prob: 0.527, Eps: 0.269, GA_count: 407, Steps: 748

Train 63/500 Loss: 0.000825, Reward: 54.1928, PSO_prob: 0.303, Eps: 0.176, PSO_count: 25, Steps: 88

Train 249/500 Loss: 0.001182, Reward: 92.6003, PSO_prob: 0.314, Eps: 0.181, PSO_count: 47, Steps: 148

Train 240/500 Loss: 0.001201, Reward: 348.2900, GA_prob: 0.540, Eps: 0.275, GA_count: 300, Steps: 568

Train 52/500 Loss: 0.001004, Reward: 245.8657, PSO_prob: 0.302, Eps: 0.176, PSO_count: 119, Steps: 388

Train 250/500 Loss: 0.000938, Reward: 35.0770, GA_prob: 0.539, Eps: 0.274, GA_count: 36, Steps: 58

Train 53/500 Loss: 0.001121, Reward: 355.2784, PSO_prob: 0.313, Eps: 0.180, PSO_count: 174, Steps: 568

Train 241/500 Loss: 0.001012, Reward: 51.8903, PSO_prob: 0.311, Eps: 0.180, PSO_count: 27, Steps: 88

Train 242/500 Loss: 0.000965, Reward: 343.0042, PSO_prob: 0.301, Eps: 0.175, PSO_count: 170, Steps: 568

Train 251/500 Loss: 0.000829, Reward: 129.0270, PSO_prob: 0.299, Eps: 0.175, PSO_count: 57, Steps: 208

Train 252/500 Loss: 0.001150, Reward: 87.1546, GA_prob: 0.537, Eps: 0.274, GA_count: 85, Steps: 148

Train 54/500 Loss: 0.000858, Reward: 128.8090, PSO_prob: 0.298, Eps: 0.174, PSO_count: 54, Steps: 208

Train 253/500 Loss: 0.001777, Reward: 181.0843, GA_prob: 0.525, Eps: 0.269, GA_count: 167, Steps: 298

Train 64/500 Loss: 0.001418, Reward: 454.0065, PSO_prob: 0.310, Eps: 0.179, PSO_count: 223, Steps: 748

Train 243/500 Loss: 0.000928, Reward: 240.9487, PSO_prob: 0.297, Eps: 0.174, PSO_count: 106, Steps: 388

Train 254/500 Loss: 0.001376, Reward: 52.1632, GA_prob: 0.524, Eps: 0.268, GA_count: 47, Steps: 88

Train 65/500 Loss: 0.001101, Reward: 182.2749, PSO_prob: 0.309, Eps: 0.179, PSO_count: 76, Steps: 298

Train 244/500 Loss: 0.000891, Reward: 94.9368, PSO_prob: 0.296, Eps: 0.173, PSO_count: 44, Steps: 148

Train 255/500 Loss: 0.001583, Reward: 69.5342, GA_prob: 0.523, Eps: 0.268, GA_count: 60, Steps: 118

Train 66/500 Loss: 0.001260, Reward: 341.3236, PSO_prob: 0.308, Eps: 0.178, PSO_count: 195, Steps: 568

Train 245/500 Loss: 0.001008, Reward: 36.8517, PSO_prob: 0.307, Eps: 0.178, PSO_count: 26, Steps: 58

Train 246/500 Loss: 0.001001, Reward: 457.3873, PSO_prob: 0.295, Eps: 0.173, PSO_count: 226, Steps: 748

Train 256/500 Loss: 0.000827, Reward: 92.5862, PSO_prob: 0.293, Eps: 0.172, PSO_count: 38, Steps: 148

Train 257/500 Loss: 0.000996, Reward: 51.8280, PSO_prob: 0.292, Eps: 0.172, PSO_count: 28, Steps: 88

Train 258/500 Loss: 0.001626, Reward: 130.5912, GA_prob: 0.522, Eps: 0.267, GA_count: 97, Steps: 208

Train 67/500 Loss: 0.001159, Reward: 185.9698, PSO_prob: 0.291, Eps: 0.171, PSO_count: 99, Steps: 298

Train 259/500 Loss: 0.001010, Reward: 445.8956, PSO_prob: 0.305, Eps: 0.177, PSO_count: 193, Steps: 748

Train 247/500 Loss: 0.001717, Reward: 34.5372, PSO_prob: 0.290, Eps: 0.171, PSO_count: 12, Steps: 58

Train 260/500 Loss: 0.001061, Reward: 92.7292, PSO_prob: 0.289, Eps: 0.170, PSO_count: 42, Steps: 148

Train 261/500 Loss: 0.001549, Reward: 53.5807, GA_prob: 0.521, Eps: 0.267, GA_count: 45, Steps: 88

Train 68/500 Loss: 0.001078, Reward: 184.7605, PSO_prob: 0.287, Eps: 0.170, PSO_count: 100, Steps: 298

Train 262/500 Loss: 0.001133, Reward: 36.6641, PSO_prob: 0.286, Eps: 0.169, PSO_count: 15, Steps: 58

Train 263/500 Loss: 0.000821, Reward: 357.0767, PSO_prob: 0.304, Eps: 0.177, PSO_count: 164, Steps: 568

Train 248/500 Loss: 0.001227, Reward: 345.2279, GA_prob: 0.536, Eps: 0.273, GA_count: 302, Steps: 568

Train 55/500 Loss: 0.001404, Reward: 184.9052, PSO_prob: 0.285, Eps: 0.169, PSO_count: 87, Steps: 298

Train 264/500 Loss: 0.000855, Reward: 36.9664, PSO_prob: 0.284, Eps: 0.168, PSO_count: 23, Steps: 58

Train 265/500 Loss: 0.000666, Reward: 181.9644, PSO_prob: 0.303, Eps: 0.176, PSO_count: 89, Steps: 298

Train 249/500 Loss: 0.001171, Reward: 52.6803, GA_prob: 0.535, Eps: 0.273, GA_count: 41, Steps: 88

Train 56/500 Loss: 0.000658, Reward: 94.2430, PSO_prob: 0.302, Eps: 0.176, PSO_count: 46, Steps: 148

Train 250/500 Loss: 0.001613, Reward: 34.6244, GA_prob: 0.534, Eps: 0.272, GA_count: 30, Steps: 58

Train 57/500 Loss: 0.000876, Reward: 129.7688, PSO_prob: 0.301, Eps: 0.175, PSO_count: 61, Steps: 208

Train 251/500 Loss: 0.000888, Reward: 35.9945, PSO_prob: 0.299, Eps: 0.175, PSO_count: 21, Steps: 58

Train 252/500 Loss: 0.000806, Reward: 35.8624, PSO_prob: 0.298, Eps: 0.174, PSO_count: 15, Steps: 58

Train 253/500 Loss: 0.001054, Reward: 453.6402, PSO_prob: 0.283, Eps: 0.168, PSO_count: 211, Steps: 748

Train 266/500 Loss: 0.001740, Reward: 177.0869, GA_prob: 0.519, Eps: 0.266, GA_count: 173, Steps: 298

Train 69/500 Loss: 0.000798, Reward: 188.8906, PSO_prob: 0.297, Eps: 0.174, PSO_count: 81, Steps: 298

Train 254/500 Loss: 0.001084, Reward: 57.8970, PSO_prob: 0.281, Eps: 0.167, PSO_count: 30, Steps: 88

Train 267/500 Loss: 0.000664, Reward: 89.8717, PSO_prob: 0.296, Eps: 0.173, PSO_count: 39, Steps: 148

Train 255/500 Loss: 0.000995, Reward: 187.4512, PSO_prob: 0.280, Eps: 0.167, PSO_count: 87, Steps: 298

Train 268/500 Loss: 0.001163, Reward: 340.3557, PSO_prob: 0.295, Eps: 0.173, PSO_count: 191, Steps: 568

Train 256/500 Loss: 0.000949, Reward: 247.8415, PSO_prob: 0.279, Eps: 0.166, PSO_count: 110, Steps: 388

Train 269/500 Loss: 0.001618, Reward: 123.5920, GA_prob: 0.518, Eps: 0.266, GA_count: 104, Steps: 208

Train 70/500 Loss: 0.000804, Reward: 183.5295, PSO_prob: 0.278, Eps: 0.166, PSO_count: 86, Steps: 298

Train 270/500 Loss: 0.000463, Reward: 36.2741, PSO_prob: 0.277, Eps: 0.165, PSO_count: 17, Steps: 58

Train 271/500 Loss: 0.001060, Reward: 341.6761, PSO_prob: 0.293, Eps: 0.172, PSO_count: 171, Steps: 568

Train 257/500 Loss: 0.001063, Reward: 94.4750, PSO_prob: 0.275, Eps: 0.165, PSO_count: 44, Steps: 148

Train 272/500 Loss: 0.001619, Reward: 71.2415, GA_prob: 0.517, Eps: 0.265, GA_count: 61, Steps: 118

Train 71/500 Loss: 0.000750, Reward: 95.7118, PSO_prob: 0.274, Eps: 0.164, PSO_count: 40, Steps: 148

Train 273/500 Loss: 0.001083, Reward: 125.2496, PSO_prob: 0.292, Eps: 0.172, PSO_count: 59, Steps: 208

Train 258/500 Loss: 0.001382, Reward: 350.4616, GA_prob: 0.533, Eps: 0.272, GA_count: 308, Steps: 568

Train 58/500 Loss: 0.001246, Reward: 340.3559, PSO_prob: 0.291, Eps: 0.171, PSO_count: 147, Steps: 568

Train 259/500 Loss: 0.001495, Reward: 36.8208, GA_prob: 0.531, Eps: 0.271, GA_count: 30, Steps: 58

Train 59/500 Loss: 0.000891, Reward: 457.7329, PSO_prob: 0.273, Eps: 0.164, PSO_count: 201, Steps: 748

Train 274/500 Loss: 0.001237, Reward: 52.9098, GA_prob: 0.530, Eps: 0.271, GA_count: 44, Steps: 88

Train 60/500 Loss: 0.000822, Reward: 243.3955, PSO_prob: 0.272, Eps: 0.163, PSO_count: 109, Steps: 388

Train 275/500 Loss: 0.001263, Reward: 335.2206, PSO_prob: 0.290, Eps: 0.171, PSO_count: 172, Steps: 568

Train 260/500 Loss: 0.001967, Reward: 181.1916, GA_prob: 0.516, Eps: 0.265, GA_count: 160, Steps: 298

Train 72/500 Loss: 0.000879, Reward: 72.8156, PSO_prob: 0.271, Eps: 0.163, PSO_count: 34, Steps: 118

Train 276/500 Loss: 0.001234, Reward: 130.2168, PSO_prob: 0.289, Eps: 0.170, PSO_count: 57, Steps: 208

Train 261/500 Loss: 0.000955, Reward: 37.0477, PSO_prob: 0.287, Eps: 0.170, PSO_count: 11, Steps: 58

Train 262/500 Loss: 0.000850, Reward: 125.8273, PSO_prob: 0.269, Eps: 0.162, PSO_count: 58, Steps: 208

Train 277/500 Loss: 0.000719, Reward: 36.6867, PSO_prob: 0.268, Eps: 0.162, PSO_count: 13, Steps: 58

Train 278/500 Loss: 0.001565, Reward: 56.7941, PSO_prob: 0.286, Eps: 0.169, PSO_count: 24, Steps: 88

Train 263/500 Loss: 0.000837, Reward: 187.2455, PSO_prob: 0.267, Eps: 0.161, PSO_count: 72, Steps: 298

Train 279/500 Loss: 0.000711, Reward: 52.1545, PSO_prob: 0.266, Eps: 0.161, PSO_count: 29, Steps: 88

Train 280/500 Loss: 0.001929, Reward: 124.2198, GA_prob: 0.515, Eps: 0.264, GA_count: 102, Steps: 208

Train 73/500 Loss: 0.001028, Reward: 336.6327, PSO_prob: 0.285, Eps: 0.169, PSO_count: 153, Steps: 568

Train 264/500 Loss: 0.000896, Reward: 91.2070, PSO_prob: 0.284, Eps: 0.168, PSO_count: 45, Steps: 148

Train 265/500 Loss: 0.000938, Reward: 126.0047, PSO_prob: 0.283, Eps: 0.168, PSO_count: 65, Steps: 208

Train 266/500 Loss: 0.002034, Reward: 71.5752, GA_prob: 0.513, Eps: 0.264, GA_count: 56, Steps: 118

Train 74/500 Loss: 0.000992, Reward: 444.6463, PSO_prob: 0.265, Eps: 0.160, PSO_count: 194, Steps: 748

Train 281/500 Loss: 0.001154, Reward: 240.7958, GA_prob: 0.529, Eps: 0.270, GA_count: 223, Steps: 388

Train 61/500 Loss: 0.001082, Reward: 442.3370, PSO_prob: 0.281, Eps: 0.167, PSO_count: 200, Steps: 748

Train 267/500 Loss: 0.000851, Reward: 455.6295, PSO_prob: 0.263, Eps: 0.160, PSO_count: 188, Steps: 748

Train 282/500 Loss: 0.000657, Reward: 54.5375, PSO_prob: 0.262, Eps: 0.159, PSO_count: 22, Steps: 88

Train 283/500 Loss: 0.001092, Reward: 246.9596, PSO_prob: 0.280, Eps: 0.167, PSO_count: 107, Steps: 388

Train 268/500 Loss: 0.001795, Reward: 182.8051, GA_prob: 0.512, Eps: 0.263, GA_count: 131, Steps: 298

Train 75/500 Loss: 0.000818, Reward: 122.4022, PSO_prob: 0.261, Eps: 0.159, PSO_count: 59, Steps: 208

Train 284/500 Loss: 0.000718, Reward: 93.7741, PSO_prob: 0.260, Eps: 0.158, PSO_count: 47, Steps: 148

Train 285/500 Loss: 0.001372, Reward: 35.2324, GA_prob: 0.511, Eps: 0.263, GA_count: 30, Steps: 58

Train 76/500 Loss: 0.000979, Reward: 187.9398, PSO_prob: 0.279, Eps: 0.166, PSO_count: 89, Steps: 298

Train 269/500 Loss: 0.000966, Reward: 246.4305, PSO_prob: 0.278, Eps: 0.166, PSO_count: 101, Steps: 388

Train 270/500 Loss: 0.000896, Reward: 343.0389, PSO_prob: 0.259, Eps: 0.158, PSO_count: 158, Steps: 568

Train 286/500 Loss: 0.001783, Reward: 90.9456, GA_prob: 0.510, Eps: 0.262, GA_count: 76, Steps: 148

Train 77/500 Loss: 0.000656, Reward: 129.4130, PSO_prob: 0.277, Eps: 0.165, PSO_count: 54, Steps: 208

Train 271/500 Loss: 0.000675, Reward: 52.9931, PSO_prob: 0.257, Eps: 0.157, PSO_count: 20, Steps: 88

Train 287/500 Loss: 0.000932, Reward: 70.0684, PSO_prob: 0.275, Eps: 0.165, PSO_count: 24, Steps: 118

Train 272/500 Loss: 0.001031, Reward: 75.5554, PSO_prob: 0.256, Eps: 0.157, PSO_count: 36, Steps: 118

Train 288/500 Loss: 0.000962, Reward: 93.7538, PSO_prob: 0.274, Eps: 0.164, PSO_count: 43, Steps: 148

Train 273/500 Loss: 0.000806, Reward: 93.5943, PSO_prob: 0.255, Eps: 0.156, PSO_count: 27, Steps: 148

Train 289/500 Loss: 0.001658, Reward: 54.9179, GA_prob: 0.509, Eps: 0.262, GA_count: 47, Steps: 88

Train 78/500 Loss: 0.001680, Reward: 52.8157, GA_prob: 0.507, Eps: 0.261, GA_count: 44, Steps: 88

Train 79/500 Loss: 0.000969, Reward: 346.7040, PSO_prob: 0.254, Eps: 0.156, PSO_count: 144, Steps: 568

Train 290/500 Loss: 0.001036, Reward: 56.6387, PSO_prob: 0.253, Eps: 0.155, PSO_count: 30, Steps: 88

Train 291/500 Loss: 0.000783, Reward: 468.5530, PSO_prob: 0.273, Eps: 0.164, PSO_count: 215, Steps: 748

Train 274/500 Loss: 0.001020, Reward: 53.3251, PSO_prob: 0.251, Eps: 0.155, PSO_count: 21, Steps: 88

Train 292/500 Loss: 0.001663, Reward: 71.0961, GA_prob: 0.506, Eps: 0.261, GA_count: 64, Steps: 118

Train 80/500 Loss: 0.001512, Reward: 456.0971, GA_prob: 0.528, Eps: 0.270, GA_count: 384, Steps: 748

Train 62/500 Loss: 0.001958, Reward: 53.0532, GA_prob: 0.505, Eps: 0.260, GA_count: 41, Steps: 88

Train 81/500 Loss: 0.000778, Reward: 356.6382, PSO_prob: 0.272, Eps: 0.163, PSO_count: 164, Steps: 568

Train 275/500 Loss: 0.000928, Reward: 451.5032, PSO_prob: 0.250, Eps: 0.154, PSO_count: 182, Steps: 748

Train 293/500 Loss: 0.000962, Reward: 188.2007, PSO_prob: 0.249, Eps: 0.154, PSO_count: 80, Steps: 298

Train 294/500 Loss: 0.000689, Reward: 447.8857, PSO_prob: 0.271, Eps: 0.163, PSO_count: 197, Steps: 748

Train 276/500 Loss: 0.000949, Reward: 243.4523, PSO_prob: 0.248, Eps: 0.153, PSO_count: 106, Steps: 388

Train 295/500 Loss: 0.000734, Reward: 237.2719, PSO_prob: 0.269, Eps: 0.162, PSO_count: 98, Steps: 388

Train 277/500 Loss: 0.000799, Reward: 189.2930, PSO_prob: 0.246, Eps: 0.153, PSO_count: 59, Steps: 298

Train 296/500 Loss: 0.000801, Reward: 54.5902, PSO_prob: 0.268, Eps: 0.162, PSO_count: 16, Steps: 88

Train 278/500 Loss: 0.001283, Reward: 242.6294, GA_prob: 0.527, Eps: 0.269, GA_count: 216, Steps: 388

Train 63/500 Loss: 0.000654, Reward: 188.8432, PSO_prob: 0.267, Eps: 0.161, PSO_count: 80, Steps: 298

Train 279/500 Loss: 0.000851, Reward: 238.4913, PSO_prob: 0.245, Eps: 0.152, PSO_count: 92, Steps: 388

Train 297/500 Loss: 0.000779, Reward: 243.9475, PSO_prob: 0.266, Eps: 0.161, PSO_count: 103, Steps: 388

Train 280/500 Loss: 0.001323, Reward: 70.9822, GA_prob: 0.525, Eps: 0.269, GA_count: 62, Steps: 118

Train 64/500 Loss: 0.000800, Reward: 452.5768, PSO_prob: 0.244, Eps: 0.152, PSO_count: 180, Steps: 748

Train 298/500 Loss: 0.000744, Reward: 350.5712, PSO_prob: 0.265, Eps: 0.160, PSO_count: 130, Steps: 568

Train 281/500 Loss: 0.000775, Reward: 182.0998, PSO_prob: 0.243, Eps: 0.151, PSO_count: 76, Steps: 298

Train 299/500 Loss: 0.000792, Reward: 97.9991, PSO_prob: 0.263, Eps: 0.160, PSO_count: 41, Steps: 148

Train 282/500 Loss: 0.001496, Reward: 453.1123, GA_prob: 0.504, Eps: 0.260, GA_count: 361, Steps: 748

Train 82/500 Loss: 0.001038, Reward: 244.5521, PSO_prob: 0.262, Eps: 0.159, PSO_count: 102, Steps: 388

Train 283/500 Loss: 0.000853, Reward: 53.2518, PSO_prob: 0.261, Eps: 0.159, PSO_count: 16, Steps: 88

Train 284/500 Loss: 0.000914, Reward: 356.7335, PSO_prob: 0.242, Eps: 0.151, PSO_count: 149, Steps: 568

Train 300/500 Loss: 0.000801, Reward: 35.8947, PSO_prob: 0.260, Eps: 0.158, PSO_count: 18, Steps: 58

Train 285/500 Loss: 0.000842, Reward: 190.3059, PSO_prob: 0.240, Eps: 0.150, PSO_count: 63, Steps: 298

Train 301/500 Loss: 0.000948, Reward: 190.3424, PSO_prob: 0.259, Eps: 0.158, PSO_count: 82, Steps: 298

Train 286/500 Loss: 0.000833, Reward: 72.8364, PSO_prob: 0.239, Eps: 0.150, PSO_count: 24, Steps: 118

Train 302/500 Loss: 0.001219, Reward: 238.3294, GA_prob: 0.524, Eps: 0.268, GA_count: 194, Steps: 388

Train 65/500 Loss: 0.000934, Reward: 130.4913, PSO_prob: 0.257, Eps: 0.157, PSO_count: 45, Steps: 208

Train 287/500 Loss: 0.000938, Reward: 56.1719, PSO_prob: 0.256, Eps: 0.157, PSO_count: 17, Steps: 88

Train 288/500 Loss: 0.000943, Reward: 244.9733, PSO_prob: 0.255, Eps: 0.156, PSO_count: 102, Steps: 388

Train 289/500 Loss: 0.000900, Reward: 341.7199, PSO_prob: 0.238, Eps: 0.149, PSO_count: 133, Steps: 568

Train 303/500 Loss: 0.001128, Reward: 91.5616, GA_prob: 0.523, Eps: 0.268, GA_count: 73, Steps: 148

Train 66/500 Loss: 0.000721, Reward: 56.1979, PSO_prob: 0.237, Eps: 0.149, PSO_count: 23, Steps: 88

Train 304/500 Loss: 0.001006, Reward: 186.6366, PSO_prob: 0.236, Eps: 0.148, PSO_count: 78, Steps: 298

Train 305/500 Loss: 0.001092, Reward: 90.2545, GA_prob: 0.522, Eps: 0.267, GA_count: 80, Steps: 148

Train 67/500 Loss: 0.000921, Reward: 187.4954, PSO_prob: 0.234, Eps: 0.148, PSO_count: 79, Steps: 298

Train 306/500 Loss: 0.000932, Reward: 457.0419, PSO_prob: 0.254, Eps: 0.156, PSO_count: 181, Steps: 748

Train 290/500 Loss: 0.000801, Reward: 54.7444, PSO_prob: 0.233, Eps: 0.147, PSO_count: 23, Steps: 88

Train 307/500 Loss: 0.000686, Reward: 189.3739, PSO_prob: 0.232, Eps: 0.147, PSO_count: 79, Steps: 298

Train 308/500 Loss: 0.001464, Reward: 345.0687, GA_prob: 0.503, Eps: 0.259, GA_count: 284, Steps: 568

Train 83/500 Loss: 0.000704, Reward: 52.1111, PSO_prob: 0.231, Eps: 0.146, PSO_count: 15, Steps: 88

Train 309/500 Loss: 0.000862, Reward: 346.7787, PSO_prob: 0.253, Eps: 0.155, PSO_count: 152, Steps: 568

Train 291/500 Loss: 0.000792, Reward: 187.0526, PSO_prob: 0.251, Eps: 0.155, PSO_count: 78, Steps: 298

Train 292/500 Loss: 0.000597, Reward: 93.4260, PSO_prob: 0.250, Eps: 0.154, PSO_count: 37, Steps: 148

Train 293/500 Loss: 0.000758, Reward: 56.5815, PSO_prob: 0.249, Eps: 0.154, PSO_count: 23, Steps: 88

Train 294/500 Loss: 0.000798, Reward: 453.2361, PSO_prob: 0.230, Eps: 0.146, PSO_count: 161, Steps: 748

Train 310/500 Loss: 0.000401, Reward: 36.3496, PSO_prob: 0.248, Eps: 0.153, PSO_count: 15, Steps: 58

Train 295/500 Loss: 0.000660, Reward: 73.8978, PSO_prob: 0.246, Eps: 0.153, PSO_count: 33, Steps: 118

Train 296/500 Loss: 0.000649, Reward: 235.5193, PSO_prob: 0.245, Eps: 0.152, PSO_count: 91, Steps: 388

Train 297/500 Loss: 0.000747, Reward: 363.4357, PSO_prob: 0.228, Eps: 0.145, PSO_count: 127, Steps: 568

Train 311/500 Loss: 0.000929, Reward: 129.1792, PSO_prob: 0.227, Eps: 0.145, PSO_count: 55, Steps: 208

Train 312/500 Loss: 0.001458, Reward: 232.8014, GA_prob: 0.501, Eps: 0.259, GA_count: 194, Steps: 388

Train 84/500 Loss: 0.000849, Reward: 177.4132, PSO_prob: 0.244, Eps: 0.152, PSO_count: 60, Steps: 298

Train 298/500 Loss: 0.000878, Reward: 75.6049, PSO_prob: 0.226, Eps: 0.144, PSO_count: 24, Steps: 118

Train 313/500 Loss: 0.000850, Reward: 57.9967, PSO_prob: 0.225, Eps: 0.144, PSO_count: 21, Steps: 88

Train 314/500 Loss: 0.001270, Reward: 35.3398, GA_prob: 0.500, Eps: 0.258, GA_count: 30, Steps: 58

Train 85/500 Loss: 0.000702, Reward: 352.4388, PSO_prob: 0.224, Eps: 0.143, PSO_count: 130, Steps: 568

Train 315/500 Loss: 0.000929, Reward: 448.7910, PSO_prob: 0.243, Eps: 0.151, PSO_count: 181, Steps: 748

Train 299/500 Loss: 0.000719, Reward: 186.3797, PSO_prob: 0.222, Eps: 0.143, PSO_count: 62, Steps: 298

Train 316/500 Loss: 0.000923, Reward: 55.1980, PSO_prob: 0.221, Eps: 0.142, PSO_count: 12, Steps: 88

Train 317/500 Loss: 0.000992, Reward: 464.0423, GA_prob: 0.521, Eps: 0.267, GA_count: 399, Steps: 748

Train 68/500 Loss: 0.001215, Reward: 128.9689, GA_prob: 0.499, Eps: 0.258, GA_count: 108, Steps: 208

Train 86/500 Loss: 0.000931, Reward: 130.4552, PSO_prob: 0.220, Eps: 0.142, PSO_count: 43, Steps: 208

Train 318/500 Loss: 0.000986, Reward: 342.6660, PSO_prob: 0.242, Eps: 0.151, PSO_count: 124, Steps: 568

Train 300/500 Loss: 0.001339, Reward: 55.9372, PSO_prob: 0.240, Eps: 0.150, PSO_count: 24, Steps: 88

Train 301/500 Loss: 0.000764, Reward: 96.1167, PSO_prob: 0.219, Eps: 0.141, PSO_count: 39, Steps: 148

Train 319/500 Loss: 0.000973, Reward: 130.9827, PSO_prob: 0.239, Eps: 0.150, PSO_count: 53, Steps: 208

Train 302/500 Loss: 0.001214, Reward: 73.4183, GA_prob: 0.498, Eps: 0.257, GA_count: 55, Steps: 118

Train 87/500 Loss: 0.000842, Reward: 134.4697, PSO_prob: 0.218, Eps: 0.141, PSO_count: 41, Steps: 208

Train 320/500 Loss: 0.000960, Reward: 192.9521, PSO_prob: 0.238, Eps: 0.149, PSO_count: 72, Steps: 298

Train 303/500 Loss: 0.000584, Reward: 186.8836, PSO_prob: 0.216, Eps: 0.140, PSO_count: 64, Steps: 298

Train 321/500 Loss: 0.000643, Reward: 68.4543, PSO_prob: 0.215, Eps: 0.140, PSO_count: 23, Steps: 118

Train 322/500 Loss: 0.000935, Reward: 95.7010, PSO_prob: 0.237, Eps: 0.149, PSO_count: 34, Steps: 148

Train 304/500 Loss: 0.000911, Reward: 126.1609, GA_prob: 0.519, Eps: 0.266, GA_count: 115, Steps: 208

Train 69/500 Loss: 0.001405, Reward: 69.6813, GA_prob: 0.497, Eps: 0.257, GA_count: 60, Steps: 118

Train 88/500 Loss: 0.000991, Reward: 56.2218, PSO_prob: 0.236, Eps: 0.148, PSO_count: 20, Steps: 88

Train 305/500 Loss: 0.000747, Reward: 128.4693, PSO_prob: 0.214, Eps: 0.139, PSO_count: 44, Steps: 208

Train 323/500 Loss: 0.000960, Reward: 131.5599, PSO_prob: 0.234, Eps: 0.148, PSO_count: 57, Steps: 208

Train 306/500 Loss: 0.001299, Reward: 33.9001, GA_prob: 0.495, Eps: 0.256, GA_count: 30, Steps: 58

Train 89/500 Loss: 0.000676, Reward: 133.5882, PSO_prob: 0.213, Eps: 0.139, PSO_count: 37, Steps: 208

Train 324/500 Loss: 0.000840, Reward: 95.8121, PSO_prob: 0.212, Eps: 0.138, PSO_count: 39, Steps: 148

Train 325/500 Loss: 0.001178, Reward: 36.2388, GA_prob: 0.494, Eps: 0.256, GA_count: 28, Steps: 58

Train 90/500 Loss: 0.000573, Reward: 75.0754, PSO_prob: 0.210, Eps: 0.138, PSO_count: 26, Steps: 118

Train 326/500 Loss: 0.000999, Reward: 339.8205, PSO_prob: 0.233, Eps: 0.147, PSO_count: 117, Steps: 568

Train 307/500 Loss: 0.000839, Reward: 132.5824, PSO_prob: 0.209, Eps: 0.137, PSO_count: 47, Steps: 208

Train 327/500 Loss: 0.000811, Reward: 72.7482, PSO_prob: 0.232, Eps: 0.147, PSO_count: 30, Steps: 118

Train 308/500 Loss: 0.000440, Reward: 35.7696, PSO_prob: 0.231, Eps: 0.146, PSO_count: 15, Steps: 58

Train 309/500 Loss: 0.000777, Reward: 128.4034, PSO_prob: 0.230, Eps: 0.146, PSO_count: 60, Steps: 208

Train 310/500 Loss: 0.000683, Reward: 235.1937, PSO_prob: 0.208, Eps: 0.137, PSO_count: 90, Steps: 388

Train 328/500 Loss: 0.000985, Reward: 76.0858, PSO_prob: 0.207, Eps: 0.136, PSO_count: 27, Steps: 118

Train 329/500 Loss: 0.000733, Reward: 187.0160, PSO_prob: 0.228, Eps: 0.145, PSO_count: 68, Steps: 298

Train 311/500 Loss: 0.000660, Reward: 136.4212, PSO_prob: 0.206, Eps: 0.136, PSO_count: 33, Steps: 208

Train 330/500 Loss: 0.000766, Reward: 55.1435, PSO_prob: 0.227, Eps: 0.145, PSO_count: 13, Steps: 88

Train 312/500 Loss: 0.000939, Reward: 53.8731, PSO_prob: 0.226, Eps: 0.144, PSO_count: 19, Steps: 88

Train 313/500 Loss: 0.001036, Reward: 37.7032, PSO_prob: 0.225, Eps: 0.144, PSO_count: 17, Steps: 58

Train 314/500 Loss: 0.000707, Reward: 55.8990, PSO_prob: 0.224, Eps: 0.143, PSO_count: 17, Steps: 88

Train 315/500 Loss: 0.000850, Reward: 467.0249, PSO_prob: 0.204, Eps: 0.135, PSO_count: 145, Steps: 748

Train 331/500 Loss: 0.001102, Reward: 343.1635, GA_prob: 0.518, Eps: 0.266, GA_count: 290, Steps: 568

Train 70/500 Loss: 0.000831, Reward: 448.8342, PSO_prob: 0.222, Eps: 0.143, PSO_count: 134, Steps: 748

Train 316/500 Loss: 0.000894, Reward: 233.6677, PSO_prob: 0.203, Eps: 0.135, PSO_count: 79, Steps: 388

Train 332/500 Loss: 0.000678, Reward: 97.3220, PSO_prob: 0.221, Eps: 0.142, PSO_count: 29, Steps: 148

Train 317/500 Loss: 0.001318, Reward: 343.7243, GA_prob: 0.493, Eps: 0.255, GA_count: 276, Steps: 568

Train 91/500 Loss: 0.000750, Reward: 93.4989, PSO_prob: 0.220, Eps: 0.142, PSO_count: 28, Steps: 148

Train 318/500 Loss: 0.001243, Reward: 130.3111, PSO_prob: 0.202, Eps: 0.134, PSO_count: 48, Steps: 208

Train 333/500 Loss: 0.000669, Reward: 95.3864, PSO_prob: 0.219, Eps: 0.141, PSO_count: 29, Steps: 148

Train 319/500 Loss: 0.001146, Reward: 72.6253, PSO_prob: 0.201, Eps: 0.134, PSO_count: 18, Steps: 118

Train 334/500 Loss: 0.001104, Reward: 128.8244, GA_prob: 0.517, Eps: 0.265, GA_count: 113, Steps: 208

Train 71/500 Loss: 0.000664, Reward: 361.9790, PSO_prob: 0.200, Eps: 0.133, PSO_count: 113, Steps: 568

Train 335/500 Loss: 0.000696, Reward: 341.7181, PSO_prob: 0.218, Eps: 0.141, PSO_count: 126, Steps: 568

Train 320/500 Loss: 0.001145, Reward: 56.0703, PSO_prob: 0.198, Eps: 0.133, PSO_count: 16, Steps: 88

Train 336/500 Loss: 0.000676, Reward: 359.9722, PSO_prob: 0.197, Eps: 0.132, PSO_count: 124, Steps: 568

Train 337/500 Loss: 0.000664, Reward: 58.1776, PSO_prob: 0.196, Eps: 0.132, PSO_count: 19, Steps: 88

Train 338/500 Loss: 0.000707, Reward: 457.1140, PSO_prob: 0.216, Eps: 0.140, PSO_count: 148, Steps: 748

Train 321/500 Loss: 0.000686, Reward: 55.0055, PSO_prob: 0.215, Eps: 0.140, PSO_count: 20, Steps: 88

Train 322/500 Loss: 0.001212, Reward: 181.9019, GA_prob: 0.516, Eps: 0.265, GA_count: 151, Steps: 298

Train 72/500 Loss: 0.000624, Reward: 92.0831, PSO_prob: 0.214, Eps: 0.139, PSO_count: 23, Steps: 148

Train 323/500 Loss: 0.000701, Reward: 34.4249, PSO_prob: 0.213, Eps: 0.139, PSO_count: 15, Steps: 58

Train 324/500 Loss: 0.000595, Reward: 236.2158, PSO_prob: 0.195, Eps: 0.131, PSO_count: 74, Steps: 388

Train 339/500 Loss: 0.001267, Reward: 33.9606, GA_prob: 0.515, Eps: 0.264, GA_count: 34, Steps: 58

Train 73/500 Loss: 0.000810, Reward: 186.6746, PSO_prob: 0.212, Eps: 0.138, PSO_count: 64, Steps: 298

Train 325/500 Loss: 0.000561, Reward: 245.9259, PSO_prob: 0.194, Eps: 0.131, PSO_count: 67, Steps: 388

Train 340/500 Loss: 0.000601, Reward: 76.5941, PSO_prob: 0.192, Eps: 0.130, PSO_count: 33, Steps: 118

Train 341/500 Loss: 0.000663, Reward: 242.5495, PSO_prob: 0.210, Eps: 0.138, PSO_count: 89, Steps: 388

Train 326/500 Loss: 0.000617, Reward: 58.3831, PSO_prob: 0.209, Eps: 0.137, PSO_count: 12, Steps: 88

Train 327/500 Loss: 0.000588, Reward: 131.8425, PSO_prob: 0.208, Eps: 0.137, PSO_count: 53, Steps: 208

Train 328/500 Loss: 0.000719, Reward: 92.5731, PSO_prob: 0.207, Eps: 0.136, PSO_count: 38, Steps: 148

Train 329/500 Loss: 0.000782, Reward: 74.5084, PSO_prob: 0.206, Eps: 0.136, PSO_count: 21, Steps: 118

Train 330/500 Loss: 0.001548, Reward: 453.8865, GA_prob: 0.492, Eps: 0.255, GA_count: 364, Steps: 748

Train 92/500 Loss: 0.000620, Reward: 455.2240, PSO_prob: 0.191, Eps: 0.130, PSO_count: 144, Steps: 748

Train 342/500 Loss: 0.000906, Reward: 93.1954, PSO_prob: 0.204, Eps: 0.135, PSO_count: 23, Steps: 148

Train 331/500 Loss: 0.001338, Reward: 57.1723, PSO_prob: 0.203, Eps: 0.135, PSO_count: 24, Steps: 88

Train 332/500 Loss: 0.000522, Reward: 93.5079, PSO_prob: 0.190, Eps: 0.129, PSO_count: 24, Steps: 148

Train 343/500 Loss: 0.001348, Reward: 176.0364, GA_prob: 0.513, Eps: 0.264, GA_count: 152, Steps: 298

Train 74/500 Loss: 0.000825, Reward: 90.3871, PSO_prob: 0.202, Eps: 0.134, PSO_count: 34, Steps: 148

Train 333/500 Loss: 0.000584, Reward: 458.6045, PSO_prob: 0.189, Eps: 0.129, PSO_count: 112, Steps: 748

Train 344/500 Loss: 0.000885, Reward: 465.8176, PSO_prob: 0.201, Eps: 0.134, PSO_count: 135, Steps: 748

Train 334/500 Loss: 0.000518, Reward: 189.9994, PSO_prob: 0.188, Eps: 0.128, PSO_count: 37, Steps: 298

Train 345/500 Loss: 0.000777, Reward: 53.5798, PSO_prob: 0.186, Eps: 0.128, PSO_count: 12, Steps: 88

Train 346/500 Loss: 0.001485, Reward: 185.8700, GA_prob: 0.491, Eps: 0.254, GA_count: 154, Steps: 298

Train 93/500 Loss: 0.000676, Reward: 244.3950, PSO_prob: 0.200, Eps: 0.133, PSO_count: 85, Steps: 388

Train 335/500 Loss: 0.001389, Reward: 36.9215, GA_prob: 0.489, Eps: 0.254, GA_count: 22, Steps: 58

Train 94/500 Loss: 0.001234, Reward: 184.8562, GA_prob: 0.512, Eps: 0.263, GA_count: 156, Steps: 298

Train 75/500 Loss: 0.000703, Reward: 241.8428, PSO_prob: 0.198, Eps: 0.133, PSO_count: 69, Steps: 388

Train 336/500 Loss: 0.000798, Reward: 37.1548, PSO_prob: 0.197, Eps: 0.132, PSO_count: 10, Steps: 58

Train 337/500 Loss: 0.001217, Reward: 53.7841, GA_prob: 0.511, Eps: 0.263, GA_count: 52, Steps: 88

Train 76/500 Loss: 0.000676, Reward: 74.0957, PSO_prob: 0.196, Eps: 0.132, PSO_count: 20, Steps: 118

Train 338/500 Loss: 0.000618, Reward: 444.0362, PSO_prob: 0.185, Eps: 0.127, PSO_count: 134, Steps: 748

Train 347/500 Loss: 0.000437, Reward: 55.7982, PSO_prob: 0.184, Eps: 0.127, PSO_count: 12, Steps: 88

Train 348/500 Loss: 0.000720, Reward: 93.9770, PSO_prob: 0.183, Eps: 0.126, PSO_count: 29, Steps: 148

Train 349/500 Loss: 0.000727, Reward: 54.7580, PSO_prob: 0.182, Eps: 0.126, PSO_count: 17, Steps: 88

Train 350/500 Loss: 0.001495, Reward: 129.9590, GA_prob: 0.488, Eps: 0.253, GA_count: 97, Steps: 208

Train 95/500 Loss: 0.000910, Reward: 345.5677, PSO_prob: 0.195, Eps: 0.131, PSO_count: 110, Steps: 568

Train 339/500 Loss: 0.000609, Reward: 191.9696, PSO_prob: 0.180, Eps: 0.125, PSO_count: 56, Steps: 298

Train 351/500 Loss: 0.001068, Reward: 71.5408, PSO_prob: 0.194, Eps: 0.131, PSO_count: 22, Steps: 118

Train 340/500 Loss: 0.001014, Reward: 37.7000, PSO_prob: 0.192, Eps: 0.130, PSO_count: 12, Steps: 58

Train 341/500 Loss: 0.000648, Reward: 95.9384, PSO_prob: 0.179, Eps: 0.125, PSO_count: 24, Steps: 148

Train 352/500 Loss: 0.001010, Reward: 184.2894, PSO_prob: 0.191, Eps: 0.130, PSO_count: 61, Steps: 298

Train 342/500 Loss: 0.000651, Reward: 349.0342, PSO_prob: 0.178, Eps: 0.124, PSO_count: 106, Steps: 568

Train 353/500 Loss: 0.000555, Reward: 247.8343, PSO_prob: 0.190, Eps: 0.129, PSO_count: 85, Steps: 388

Train 343/500 Loss: 0.000538, Reward: 76.2812, PSO_prob: 0.177, Eps: 0.124, PSO_count: 22, Steps: 118

Train 354/500 Loss: 0.000643, Reward: 93.0961, PSO_prob: 0.189, Eps: 0.129, PSO_count: 30, Steps: 148

Train 344/500 Loss: 0.001618, Reward: 181.3803, GA_prob: 0.487, Eps: 0.253, GA_count: 150, Steps: 298

Train 96/500 Loss: 0.001331, Reward: 235.1963, GA_prob: 0.510, Eps: 0.262, GA_count: 205, Steps: 388

Train 77/500 Loss: 0.000477, Reward: 135.7533, PSO_prob: 0.188, Eps: 0.128, PSO_count: 47, Steps: 208

Train 345/500 Loss: 0.000479, Reward: 77.9483, PSO_prob: 0.186, Eps: 0.128, PSO_count: 25, Steps: 118

Train 346/500 Loss: 0.000428, Reward: 75.7241, PSO_prob: 0.185, Eps: 0.127, PSO_count: 21, Steps: 118

Train 347/500 Loss: 0.000434, Reward: 74.6521, PSO_prob: 0.184, Eps: 0.127, PSO_count: 30, Steps: 118

Train 348/500 Loss: 0.000766, Reward: 433.5602, PSO_prob: 0.176, Eps: 0.123, PSO_count: 128, Steps: 748

Train 355/500 Loss: 0.000805, Reward: 56.4699, PSO_prob: 0.174, Eps: 0.123, PSO_count: 17, Steps: 88

Train 356/500 Loss: 0.000921, Reward: 241.7149, PSO_prob: 0.173, Eps: 0.122, PSO_count: 70, Steps: 388

Train 357/500 Loss: 0.000670, Reward: 465.3298, PSO_prob: 0.183, Eps: 0.126, PSO_count: 152, Steps: 748

Train 349/500 Loss: 0.000846, Reward: 252.0130, PSO_prob: 0.172, Eps: 0.122, PSO_count: 59, Steps: 388

Train 358/500 Loss: 0.000693, Reward: 251.4061, PSO_prob: 0.171, Eps: 0.121, PSO_count: 81, Steps: 388

Train 359/500 Loss: 0.000496, Reward: 352.2714, PSO_prob: 0.182, Eps: 0.126, PSO_count: 101, Steps: 568

Train 350/500 Loss: 0.000500, Reward: 36.8361, PSO_prob: 0.180, Eps: 0.125, PSO_count: 11, Steps: 58

Train 351/500 Loss: 0.000401, Reward: 57.9196, PSO_prob: 0.179, Eps: 0.125, PSO_count: 19, Steps: 88

Train 352/500 Loss: 0.000495, Reward: 188.9199, PSO_prob: 0.170, Eps: 0.121, PSO_count: 50, Steps: 298

Train 360/500 Loss: 0.000642, Reward: 95.6869, PSO_prob: 0.178, Eps: 0.124, PSO_count: 36, Steps: 148

Train 353/500 Loss: 0.000707, Reward: 35.2571, PSO_prob: 0.177, Eps: 0.124, PSO_count: 9, Steps: 58

Train 354/500 Loss: 0.000831, Reward: 70.7938, PSO_prob: 0.168, Eps: 0.120, PSO_count: 16, Steps: 118

Train 361/500 Loss: 0.000575, Reward: 96.8174, PSO_prob: 0.176, Eps: 0.123, PSO_count: 24, Steps: 148

Train 355/500 Loss: 0.001284, Reward: 349.9489, GA_prob: 0.486, Eps: 0.252, GA_count: 277, Steps: 568

Train 97/500 Loss: 0.000756, Reward: 191.8612, PSO_prob: 0.167, Eps: 0.120, PSO_count: 55, Steps: 298

Train 362/500 Loss: 0.001459, Reward: 340.8180, GA_prob: 0.509, Eps: 0.262, GA_count: 292, Steps: 568

Train 78/500 Loss: 0.000712, Reward: 93.6538, PSO_prob: 0.166, Eps: 0.119, PSO_count: 20, Steps: 148

Train 363/500 Loss: 0.000470, Reward: 240.9471, PSO_prob: 0.174, Eps: 0.123, PSO_count: 80, Steps: 388

Train 356/500 Loss: 0.001458, Reward: 34.5527, GA_prob: 0.507, Eps: 0.261, GA_count: 26, Steps: 58

Train 79/500 Loss: 0.001405, Reward: 55.1198, GA_prob: 0.485, Eps: 0.252, GA_count: 48, Steps: 88

Train 98/500 Loss: 0.000426, Reward: 188.8493, PSO_prob: 0.173, Eps: 0.122, PSO_count: 59, Steps: 298

Train 357/500 Loss: 0.000435, Reward: 130.8301, PSO_prob: 0.172, Eps: 0.122, PSO_count: 46, Steps: 208

Train 358/500 Loss: 0.001400, Reward: 72.4066, GA_prob: 0.506, Eps: 0.261, GA_count: 63, Steps: 118

Train 80/500 Loss: 0.000555, Reward: 54.4801, PSO_prob: 0.171, Eps: 0.121, PSO_count: 15, Steps: 88

Train 359/500 Loss: 0.000668, Reward: 444.7642, PSO_prob: 0.165, Eps: 0.119, PSO_count: 131, Steps: 748

Train 364/500 Loss: 0.001284, Reward: 125.1470, GA_prob: 0.483, Eps: 0.251, GA_count: 100, Steps: 208

Train 99/500 Loss: 0.000530, Reward: 349.4687, PSO_prob: 0.170, Eps: 0.121, PSO_count: 87, Steps: 568

Train 360/500 Loss: 0.001222, Reward: 91.4732, GA_prob: 0.505, Eps: 0.260, GA_count: 82, Steps: 148

Train 81/500 Loss: 0.000792, Reward: 459.2358, PSO_prob: 0.164, Eps: 0.118, PSO_count: 112, Steps: 748

Train 365/500 Loss: 0.001468, Reward: 35.7950, GA_prob: 0.504, Eps: 0.260, GA_count: 26, Steps: 58

Train 82/500 Loss: 0.000579, Reward: 246.5493, PSO_prob: 0.168, Eps: 0.120, PSO_count: 73, Steps: 388

Train 361/500 Loss: 0.000934, Reward: 246.1584, PSO_prob: 0.162, Eps: 0.118, PSO_count: 67, Steps: 388

Train 366/500 Loss: 0.001209, Reward: 128.4798, GA_prob: 0.482, Eps: 0.251, GA_count: 104, Steps: 208

Train 100/500 Loss: 0.000589, Reward: 456.7513, PSO_prob: 0.167, Eps: 0.120, PSO_count: 126, Steps: 748

Train 362/500 Loss: 0.001114, Reward: 339.9399, PSO_prob: 0.161, Eps: 0.117, PSO_count: 102, Steps: 568

Train 367/500 Loss: 0.001424, Reward: 35.7033, PSO_prob: 0.160, Eps: 0.117, PSO_count: 4, Steps: 58

Train 368/500 Loss: 0.001157, Reward: 128.8511, GA_prob: 0.481, Eps: 0.250, GA_count: 90, Steps: 208

Train 101/500 Loss: 0.000632, Reward: 246.8106, PSO_prob: 0.166, Eps: 0.119, PSO_count: 72, Steps: 388

Train 363/500 Loss: 0.000905, Reward: 35.8976, GA_prob: 0.480, Eps: 0.250, GA_count: 29, Steps: 58

Train 102/500 Loss: 0.000669, Reward: 357.6676, PSO_prob: 0.159, Eps: 0.116, PSO_count: 81, Steps: 568

Train 369/500 Loss: 0.000565, Reward: 189.4414, PSO_prob: 0.165, Eps: 0.119, PSO_count: 48, Steps: 298

Train 364/500 Loss: 0.000513, Reward: 94.0034, PSO_prob: 0.164, Eps: 0.118, PSO_count: 29, Steps: 148

Train 365/500 Loss: 0.000744, Reward: 188.1556, PSO_prob: 0.158, Eps: 0.116, PSO_count: 51, Steps: 298

Train 370/500 Loss: 0.000884, Reward: 75.2527, PSO_prob: 0.156, Eps: 0.115, PSO_count: 18, Steps: 118

Train 371/500 Loss: 0.000733, Reward: 93.6718, PSO_prob: 0.155, Eps: 0.115, PSO_count: 22, Steps: 148

Train 372/500 Loss: 0.000618, Reward: 461.0624, PSO_prob: 0.162, Eps: 0.118, PSO_count: 115, Steps: 748

Train 366/500 Loss: 0.000725, Reward: 357.6508, PSO_prob: 0.154, Eps: 0.114, PSO_count: 77, Steps: 568

Train 373/500 Loss: 0.000578, Reward: 188.6422, PSO_prob: 0.161, Eps: 0.117, PSO_count: 55, Steps: 298

Train 367/500 Loss: 0.000401, Reward: 56.5236, PSO_prob: 0.153, Eps: 0.114, PSO_count: 6, Steps: 88

Train 374/500 Loss: 0.000430, Reward: 36.5392, PSO_prob: 0.160, Eps: 0.117, PSO_count: 14, Steps: 58

Train 368/500 Loss: 0.000507, Reward: 198.2674, PSO_prob: 0.152, Eps: 0.113, PSO_count: 36, Steps: 298

Train 375/500 Loss: 0.000642, Reward: 245.8427, PSO_prob: 0.159, Eps: 0.116, PSO_count: 50, Steps: 388

Train 369/500 Loss: 0.001283, Reward: 451.7109, GA_prob: 0.503, Eps: 0.259, GA_count: 363, Steps: 748

Train 83/500 Loss: 0.000552, Reward: 133.5915, PSO_prob: 0.150, Eps: 0.113, PSO_count: 38, Steps: 208

Train 376/500 Loss: 0.000718, Reward: 55.4098, PSO_prob: 0.158, Eps: 0.116, PSO_count: 18, Steps: 88

Train 370/500 Loss: 0.000496, Reward: 100.2793, PSO_prob: 0.149, Eps: 0.112, PSO_count: 22, Steps: 148

Train 377/500 Loss: 0.000561, Reward: 190.9075, PSO_prob: 0.156, Eps: 0.115, PSO_count: 51, Steps: 298

Train 371/500 Loss: 0.000951, Reward: 76.3326, PSO_prob: 0.155, Eps: 0.115, PSO_count: 17, Steps: 118

Train 372/500 Loss: 0.000957, Reward: 56.9292, PSO_prob: 0.154, Eps: 0.114, PSO_count: 13, Steps: 88

Train 373/500 Loss: 0.000511, Reward: 56.9460, PSO_prob: 0.153, Eps: 0.114, PSO_count: 13, Steps: 88

Train 374/500 Loss: 0.000446, Reward: 355.5444, PSO_prob: 0.148, Eps: 0.112, PSO_count: 83, Steps: 568

Train 378/500 Loss: 0.000525, Reward: 192.1717, PSO_prob: 0.152, Eps: 0.113, PSO_count: 33, Steps: 298

Train 375/500 Loss: 0.001280, Reward: 183.9649, GA_prob: 0.501, Eps: 0.259, GA_count: 142, Steps: 298

Train 84/500 Loss: 0.001093, Reward: 450.1385, GA_prob: 0.479, Eps: 0.249, GA_count: 355, Steps: 748

Train 103/500 Loss: 0.000658, Reward: 352.5614, PSO_prob: 0.150, Eps: 0.113, PSO_count: 87, Steps: 568

Train 376/500 Loss: 0.000457, Reward: 451.2637, PSO_prob: 0.147, Eps: 0.111, PSO_count: 113, Steps: 748

Train 379/500 Loss: 0.000924, Reward: 35.4658, GA_prob: 0.500, Eps: 0.258, GA_count: 33, Steps: 58

Train 85/500 Loss: 0.001038, Reward: 35.6622, GA_prob: 0.477, Eps: 0.249, GA_count: 31, Steps: 58

Train 104/500 Loss: 0.000611, Reward: 192.1956, PSO_prob: 0.149, Eps: 0.112, PSO_count: 45, Steps: 298

Train 377/500 Loss: 0.000444, Reward: 55.6763, PSO_prob: 0.148, Eps: 0.112, PSO_count: 17, Steps: 88

Train 378/500 Loss: 0.000393, Reward: 356.1807, PSO_prob: 0.145, Eps: 0.111, PSO_count: 79, Steps: 568

Train 380/500 Loss: 0.001238, Reward: 91.6793, GA_prob: 0.476, Eps: 0.248, GA_count: 69, Steps: 148

Train 105/500 Loss: 0.000882, Reward: 341.4105, PSO_prob: 0.147, Eps: 0.111, PSO_count: 95, Steps: 568

Train 379/500 Loss: 0.000586, Reward: 37.7000, PSO_prob: 0.145, Eps: 0.111, PSO_count: 10, Steps: 58

Train 380/500 Loss: 0.000558, Reward: 356.9342, PSO_prob: 0.144, Eps: 0.110, PSO_count: 79, Steps: 568

Train 381/500 Loss: 0.001120, Reward: 90.5467, GA_prob: 0.475, Eps: 0.248, GA_count: 75, Steps: 148

Train 106/500 Loss: 0.000776, Reward: 188.3011, PSO_prob: 0.143, Eps: 0.110, PSO_count: 42, Steps: 298

Train 382/500 Loss: 0.000646, Reward: 139.9608, PSO_prob: 0.142, Eps: 0.109, PSO_count: 25, Steps: 208

Train 383/500 Loss: 0.001299, Reward: 236.8909, GA_prob: 0.499, Eps: 0.258, GA_count: 190, Steps: 388

Train 86/500 Loss: 0.000541, Reward: 460.0116, PSO_prob: 0.144, Eps: 0.110, PSO_count: 112, Steps: 748

Train 381/500 Loss: 0.000741, Reward: 75.8997, PSO_prob: 0.143, Eps: 0.110, PSO_count: 18, Steps: 118

Train 382/500 Loss: 0.001211, Reward: 37.1254, GA_prob: 0.498, Eps: 0.257, GA_count: 28, Steps: 58

Train 87/500 Loss: 0.000685, Reward: 247.7713, PSO_prob: 0.141, Eps: 0.109, PSO_count: 53, Steps: 388

Train 384/500 Loss: 0.000548, Reward: 246.1991, PSO_prob: 0.142, Eps: 0.109, PSO_count: 58, Steps: 388

Train 383/500 Loss: 0.000889, Reward: 193.7204, PSO_prob: 0.139, Eps: 0.108, PSO_count: 45, Steps: 298

Train 385/500 Loss: 0.000328, Reward: 58.1450, PSO_prob: 0.141, Eps: 0.109, PSO_count: 11, Steps: 88

Train 384/500 Loss: 0.001324, Reward: 56.5681, PSO_prob: 0.139, Eps: 0.108, PSO_count: 15, Steps: 88

Train 385/500 Loss: 0.000402, Reward: 74.3637, PSO_prob: 0.138, Eps: 0.108, PSO_count: 15, Steps: 118

Train 386/500 Loss: 0.000399, Reward: 36.3648, PSO_prob: 0.137, Eps: 0.107, PSO_count: 6, Steps: 58

Train 387/500 Loss: 0.000392, Reward: 77.8764, PSO_prob: 0.136, Eps: 0.107, PSO_count: 11, Steps: 118

Train 388/500 Loss: 0.000319, Reward: 55.1236, PSO_prob: 0.135, Eps: 0.106, PSO_count: 17, Steps: 88

Train 389/500 Loss: 0.000930, Reward: 242.1643, GA_prob: 0.474, Eps: 0.247, GA_count: 172, Steps: 388

Train 107/500 Loss: 0.000704, Reward: 461.1832, PSO_prob: 0.138, Eps: 0.108, PSO_count: 102, Steps: 748

Train 386/500 Loss: 0.000761, Reward: 37.4786, PSO_prob: 0.137, Eps: 0.107, PSO_count: 5, Steps: 58

Train 387/500 Loss: 0.000445, Reward: 252.0211, PSO_prob: 0.133, Eps: 0.106, PSO_count: 55, Steps: 388

Train 390/500 Loss: 0.001166, Reward: 236.9582, GA_prob: 0.497, Eps: 0.257, GA_count: 170, Steps: 388

Train 88/500 Loss: 0.001079, Reward: 89.3812, GA_prob: 0.473, Eps: 0.247, GA_count: 68, Steps: 148

Train 108/500 Loss: 0.000344, Reward: 250.4362, PSO_prob: 0.132, Eps: 0.105, PSO_count: 55, Steps: 388

Train 391/500 Loss: 0.000619, Reward: 358.8935, PSO_prob: 0.136, Eps: 0.107, PSO_count: 61, Steps: 568

Train 388/500 Loss: 0.000661, Reward: 56.5207, PSO_prob: 0.135, Eps: 0.106, PSO_count: 6, Steps: 88

Train 389/500 Loss: 0.000705, Reward: 36.2713, GA_prob: 0.471, Eps: 0.246, GA_count: 31, Steps: 58

Train 109/500 Loss: 0.001088, Reward: 55.8890, GA_prob: 0.495, Eps: 0.256, GA_count: 44, Steps: 88

Train 89/500 Loss: 0.000514, Reward: 247.1930, PSO_prob: 0.131, Eps: 0.105, PSO_count: 42, Steps: 388

Train 392/500 Loss: 0.000678, Reward: 58.7851, PSO_prob: 0.130, Eps: 0.104, PSO_count: 10, Steps: 88

Train 393/500 Loss: 0.000599, Reward: 347.1350, PSO_prob: 0.133, Eps: 0.106, PSO_count: 98, Steps: 568

Train 390/500 Loss: 0.000796, Reward: 241.4071, PSO_prob: 0.129, Eps: 0.104, PSO_count: 54, Steps: 388

Train 394/500 Loss: 0.000713, Reward: 90.5973, PSO_prob: 0.132, Eps: 0.105, PSO_count: 25, Steps: 148

Train 391/500 Loss: 0.001159, Reward: 88.4461, GA_prob: 0.494, Eps: 0.256, GA_count: 85, Steps: 148

Train 90/500 Loss: 0.000534, Reward: 186.8319, PSO_prob: 0.127, Eps: 0.103, PSO_count: 36, Steps: 298

Train 395/500 Loss: 0.000486, Reward: 57.0794, PSO_prob: 0.126, Eps: 0.103, PSO_count: 15, Steps: 88

Train 396/500 Loss: 0.000557, Reward: 241.7874, PSO_prob: 0.131, Eps: 0.105, PSO_count: 57, Steps: 388

Train 392/500 Loss: 0.000685, Reward: 36.5439, PSO_prob: 0.125, Eps: 0.102, PSO_count: 9, Steps: 58

Train 397/500 Loss: 0.000688, Reward: 55.8389, PSO_prob: 0.130, Eps: 0.104, PSO_count: 9, Steps: 88

Train 393/500 Loss: 0.000824, Reward: 139.5979, PSO_prob: 0.124, Eps: 0.102, PSO_count: 26, Steps: 208

Train 398/500 Loss: 0.001040, Reward: 90.0338, GA_prob: 0.493, Eps: 0.255, GA_count: 65, Steps: 148

Train 91/500 Loss: 0.000431, Reward: 132.5356, PSO_prob: 0.129, Eps: 0.104, PSO_count: 24, Steps: 208

Train 394/500 Loss: 0.001043, Reward: 75.5076, PSO_prob: 0.123, Eps: 0.101, PSO_count: 13, Steps: 118

Train 399/500 Loss: 0.000782, Reward: 79.3997, PSO_prob: 0.121, Eps: 0.101, PSO_count: 14, Steps: 118

Train 400/500 Loss: 0.000720, Reward: 188.2101, PSO_prob: 0.127, Eps: 0.103, PSO_count: 45, Steps: 298

Train 395/500 Loss: 0.000439, Reward: 91.8990, PSO_prob: 0.126, Eps: 0.103, PSO_count: 21, Steps: 148

Train 396/500 Loss: 0.000414, Reward: 35.6810, PSO_prob: 0.125, Eps: 0.102, PSO_count: 7, Steps: 58

Train 397/500 Loss: 0.000620, Reward: 250.4560, PSO_prob: 0.120, Eps: 0.100, PSO_count: 44, Steps: 388

Train 401/500 Loss: 0.000564, Reward: 137.3735, PSO_prob: 0.119, Eps: 0.100, PSO_count: 26, Steps: 208

Train 402/500 Loss: 0.000527, Reward: 244.3167, PSO_prob: 0.124, Eps: 0.102, PSO_count: 67, Steps: 388

Train 398/500 Loss: 0.000968, Reward: 348.9685, GA_prob: 0.470, Eps: 0.246, GA_count: 259, Steps: 568

Train 110/500 Loss: 0.000835, Reward: 191.2144, PSO_prob: 0.118, Eps: 0.099, PSO_count: 31, Steps: 298

Train 403/500 Loss: 0.000471, Reward: 95.2439, PSO_prob: 0.117, Eps: 0.099, PSO_count: 21, Steps: 148

Train 404/500 Loss: 0.000718, Reward: 240.9087, PSO_prob: 0.123, Eps: 0.101, PSO_count: 48, Steps: 388

Train 399/500 Loss: 0.000709, Reward: 91.2722, PSO_prob: 0.115, Eps: 0.098, PSO_count: 13, Steps: 148

Train 405/500 Loss: 0.000970, Reward: 72.0813, GA_prob: 0.469, Eps: 0.245, GA_count: 56, Steps: 118

Train 111/500 Loss: 0.000654, Reward: 127.7482, PSO_prob: 0.121, Eps: 0.101, PSO_count: 24, Steps: 208

Train 400/500 Loss: 0.000352, Reward: 59.1700, PSO_prob: 0.114, Eps: 0.098, PSO_count: 12, Steps: 88

Train 406/500 Loss: 0.000602, Reward: 73.9410, PSO_prob: 0.120, Eps: 0.100, PSO_count: 16, Steps: 118

Train 401/500 Loss: 0.000646, Reward: 135.1701, PSO_prob: 0.113, Eps: 0.097, PSO_count: 19, Steps: 208

Train 407/500 Loss: 0.000459, Reward: 97.5394, PSO_prob: 0.112, Eps: 0.097, PSO_count: 14, Steps: 148

Train 408/500 Loss: 0.000668, Reward: 179.9392, PSO_prob: 0.119, Eps: 0.100, PSO_count: 35, Steps: 298

Train 402/500 Loss: 0.000574, Reward: 57.1511, PSO_prob: 0.111, Eps: 0.096, PSO_count: 7, Steps: 88

Train 409/500 Loss: 0.001274, Reward: 37.5785, PSO_prob: 0.118, Eps: 0.099, PSO_count: 6, Steps: 58

Train 403/500 Loss: 0.001072, Reward: 71.0348, GA_prob: 0.468, Eps: 0.245, GA_count: 64, Steps: 118

Train 112/500 Loss: 0.000603, Reward: 192.9438, PSO_prob: 0.117, Eps: 0.099, PSO_count: 35, Steps: 298

Train 404/500 Loss: 0.000752, Reward: 34.4677, GA_prob: 0.467, Eps: 0.244, GA_count: 30, Steps: 58

Train 113/500 Loss: 0.000754, Reward: 354.8291, PSO_prob: 0.109, Eps: 0.096, PSO_count: 64, Steps: 568

Train 410/500 Loss: 0.000433, Reward: 141.1363, PSO_prob: 0.108, Eps: 0.095, PSO_count: 21, Steps: 208

Train 411/500 Loss: 0.000624, Reward: 474.5200, PSO_prob: 0.115, Eps: 0.098, PSO_count: 87, Steps: 748

Train 405/500 Loss: 0.000476, Reward: 56.9647, PSO_prob: 0.114, Eps: 0.098, PSO_count: 16, Steps: 88

Train 406/500 Loss: 0.000410, Reward: 79.7245, PSO_prob: 0.113, Eps: 0.097, PSO_count: 14, Steps: 118

Train 407/500 Loss: 0.000772, Reward: 350.7056, PSO_prob: 0.107, Eps: 0.095, PSO_count: 56, Steps: 568

Train 412/500 Loss: 0.001309, Reward: 456.9480, GA_prob: 0.492, Eps: 0.255, GA_count: 382, Steps: 748

Train 92/500 Loss: 0.000397, Reward: 58.2436, PSO_prob: 0.106, Eps: 0.094, PSO_count: 7, Steps: 88

Train 413/500 Loss: 0.000703, Reward: 97.3868, PSO_prob: 0.112, Eps: 0.097, PSO_count: 14, Steps: 148

Train 408/500 Loss: 0.000557, Reward: 130.8495, PSO_prob: 0.105, Eps: 0.094, PSO_count: 18, Steps: 208

Train 414/500 Loss: 0.000920, Reward: 33.1006, GA_prob: 0.491, Eps: 0.254, GA_count: 28, Steps: 58

Train 93/500 Loss: 0.000389, Reward: 58.4498, PSO_prob: 0.103, Eps: 0.093, PSO_count: 12, Steps: 88

Train 415/500 Loss: 0.000488, Reward: 248.3757, PSO_prob: 0.111, Eps: 0.096, PSO_count: 37, Steps: 388

Train 409/500 Loss: 0.000664, Reward: 186.5149, PSO_prob: 0.109, Eps: 0.096, PSO_count: 42, Steps: 298

Train 410/500 Loss: 0.000611, Reward: 39.4051, PSO_prob: 0.108, Eps: 0.095, PSO_count: 4, Steps: 58

Train 411/500 Loss: 0.000463, Reward: 468.0440, PSO_prob: 0.102, Eps: 0.093, PSO_count: 83, Steps: 748

Train 416/500 Loss: 0.000327, Reward: 98.3196, PSO_prob: 0.101, Eps: 0.092, PSO_count: 17, Steps: 148

Train 417/500 Loss: 0.001151, Reward: 342.7496, GA_prob: 0.465, Eps: 0.244, GA_count: 260, Steps: 568

Train 114/500 Loss: 0.000640, Reward: 353.1298, PSO_prob: 0.107, Eps: 0.095, PSO_count: 54, Steps: 568

Train 412/500 Loss: 0.000774, Reward: 192.8885, PSO_prob: 0.100, Eps: 0.092, PSO_count: 32, Steps: 298

Train 418/500 Loss: 0.000753, Reward: 98.5571, PSO_prob: 0.106, Eps: 0.094, PSO_count: 17, Steps: 148

Train 413/500 Loss: 0.000586, Reward: 78.3731, PSO_prob: 0.099, Eps: 0.091, PSO_count: 10, Steps: 118

Train 419/500 Loss: 0.000475, Reward: 97.4845, PSO_prob: 0.105, Eps: 0.094, PSO_count: 12, Steps: 148

Train 414/500 Loss: 0.000403, Reward: 136.5748, PSO_prob: 0.103, Eps: 0.093, PSO_count: 15, Steps: 208

Train 415/500 Loss: 0.000419, Reward: 77.3877, PSO_prob: 0.102, Eps: 0.093, PSO_count: 12, Steps: 118

Train 416/500 Loss: 0.000494, Reward: 71.6174, PSO_prob: 0.101, Eps: 0.092, PSO_count: 13, Steps: 118

Train 417/500 Loss: 0.000665, Reward: 455.6353, PSO_prob: 0.097, Eps: 0.091, PSO_count: 70, Steps: 748

Train 420/500 Loss: 0.000505, Reward: 182.9946, PSO_prob: 0.100, Eps: 0.092, PSO_count: 28, Steps: 298

Train 418/500 Loss: 0.001206, Reward: 344.1673, GA_prob: 0.489, Eps: 0.254, GA_count: 279, Steps: 568

Train 94/500 Loss: 0.000786, Reward: 242.5730, PSO_prob: 0.099, Eps: 0.091, PSO_count: 38, Steps: 388

Train 419/500 Loss: 0.001347, Reward: 234.1669, GA_prob: 0.464, Eps: 0.243, GA_count: 182, Steps: 388

Train 115/500 Loss: 0.000574, Reward: 137.4151, PSO_prob: 0.097, Eps: 0.091, PSO_count: 16, Steps: 208

Train 420/500 Loss: 0.000538, Reward: 461.6760, PSO_prob: 0.096, Eps: 0.090, PSO_count: 59, Steps: 748

Train 421/500 Loss: 0.000614, Reward: 37.4972, PSO_prob: 0.096, Eps: 0.090, PSO_count: 9, Steps: 58

Train 421/500 Loss: 0.000450, Reward: 96.3005, PSO_prob: 0.095, Eps: 0.090, PSO_count: 13, Steps: 148

Train 422/500 Loss: 0.000588, Reward: 142.1627, PSO_prob: 0.095, Eps: 0.090, PSO_count: 17, Steps: 208

Train 422/500 Loss: 0.000631, Reward: 73.3388, PSO_prob: 0.094, Eps: 0.089, PSO_count: 8, Steps: 118

Train 423/500 Loss: 0.000365, Reward: 97.5432, PSO_prob: 0.094, Eps: 0.089, PSO_count: 14, Steps: 148

Train 423/500 Loss: 0.001034, Reward: 72.4144, GA_prob: 0.463, Eps: 0.243, GA_count: 53, Steps: 118

Train 116/500 Loss: 0.000745, Reward: 131.4987, PSO_prob: 0.093, Eps: 0.089, PSO_count: 28, Steps: 208

Train 424/500 Loss: 0.000372, Reward: 137.1357, PSO_prob: 0.093, Eps: 0.089, PSO_count: 19, Steps: 208

Train 424/500 Loss: 0.000561, Reward: 56.5107, PSO_prob: 0.091, Eps: 0.088, PSO_count: 12, Steps: 88

Train 425/500 Loss: 0.001052, Reward: 182.5610, GA_prob: 0.488, Eps: 0.253, GA_count: 144, Steps: 298

Train 95/500 Loss: 0.000757, Reward: 243.0249, PSO_prob: 0.090, Eps: 0.088, PSO_count: 33, Steps: 388

Train 426/500 Loss: 0.000423, Reward: 344.5957, PSO_prob: 0.091, Eps: 0.088, PSO_count: 56, Steps: 568

Train 425/500 Loss: 0.000575, Reward: 194.3920, PSO_prob: 0.089, Eps: 0.087, PSO_count: 29, Steps: 298

Train 427/500 Loss: 0.001357, Reward: 73.4049, GA_prob: 0.487, Eps: 0.253, GA_count: 53, Steps: 118

Train 96/500 Loss: 0.000493, Reward: 139.3820, PSO_prob: 0.088, Eps: 0.087, PSO_count: 25, Steps: 208

Train 428/500 Loss: 0.001064, Reward: 187.4220, GA_prob: 0.462, Eps: 0.242, GA_count: 133, Steps: 298

Train 117/500 Loss: 0.000493, Reward: 460.6922, PSO_prob: 0.090, Eps: 0.088, PSO_count: 68, Steps: 748

Train 426/500 Loss: 0.000391, Reward: 248.2396, PSO_prob: 0.087, Eps: 0.086, PSO_count: 35, Steps: 388

Train 429/500 Loss: 0.000432, Reward: 60.5100, PSO_prob: 0.085, Eps: 0.086, PSO_count: 4, Steps: 88

Train 430/500 Loss: 0.000517, Reward: 128.5775, PSO_prob: 0.089, Eps: 0.087, PSO_count: 28, Steps: 208

Train 427/500 Loss: 0.000601, Reward: 54.8476, PSO_prob: 0.088, Eps: 0.087, PSO_count: 9, Steps: 88

Train 428/500 Loss: 0.000773, Reward: 134.0736, PSO_prob: 0.084, Eps: 0.085, PSO_count: 22, Steps: 208

Train 431/500 Loss: 0.000366, Reward: 56.6393, PSO_prob: 0.087, Eps: 0.086, PSO_count: 11, Steps: 88

Train 429/500 Loss: 0.000563, Reward: 57.0325, PSO_prob: 0.085, Eps: 0.086, PSO_count: 12, Steps: 88

Train 430/500 Loss: 0.001051, Reward: 129.0061, GA_prob: 0.461, Eps: 0.242, GA_count: 99, Steps: 208

Train 118/500 Loss: 0.000533, Reward: 194.6246, PSO_prob: 0.084, Eps: 0.085, PSO_count: 26, Steps: 298

Train 431/500 Loss: 0.000493, Reward: 37.0781, PSO_prob: 0.083, Eps: 0.085, PSO_count: 1, Steps: 58

Train 432/500 Loss: 0.000522, Reward: 344.3832, PSO_prob: 0.083, Eps: 0.085, PSO_count: 41, Steps: 568

Train 432/500 Loss: 0.000634, Reward: 62.6104, PSO_prob: 0.082, Eps: 0.084, PSO_count: 3, Steps: 88

Train 433/500 Loss: 0.000461, Reward: 195.3585, PSO_prob: 0.082, Eps: 0.084, PSO_count: 20, Steps: 298

Train 433/500 Loss: 0.000793, Reward: 189.6350, PSO_prob: 0.081, Eps: 0.084, PSO_count: 29, Steps: 298

Train 434/500 Loss: 0.000448, Reward: 136.4776, PSO_prob: 0.081, Eps: 0.084, PSO_count: 23, Steps: 208

Train 434/500 Loss: 0.000520, Reward: 103.6014, PSO_prob: 0.079, Eps: 0.083, PSO_count: 9, Steps: 148

Train 435/500 Loss: 0.000594, Reward: 98.1344, PSO_prob: 0.079, Eps: 0.083, PSO_count: 11, Steps: 148

Train 435/500 Loss: 0.001126, Reward: 127.7983, GA_prob: 0.459, Eps: 0.241, GA_count: 106, Steps: 208

Train 119/500 Loss: 0.000617, Reward: 93.4168, PSO_prob: 0.078, Eps: 0.083, PSO_count: 19, Steps: 148

Train 436/500 Loss: 0.000652, Reward: 246.9962, PSO_prob: 0.078, Eps: 0.083, PSO_count: 30, Steps: 388

Train 436/500 Loss: 0.000941, Reward: 57.8225, PSO_prob: 0.077, Eps: 0.082, PSO_count: 5, Steps: 88

Train 437/500 Loss: 0.000760, Reward: 39.2907, PSO_prob: 0.076, Eps: 0.082, PSO_count: 3, Steps: 58

Train 438/500 Loss: 0.001372, Reward: 338.2298, GA_prob: 0.486, Eps: 0.252, GA_count: 268, Steps: 568

Train 97/500 Loss: 0.000459, Reward: 259.0408, PSO_prob: 0.077, Eps: 0.082, PSO_count: 30, Steps: 388

Train 437/500 Loss: 0.000475, Reward: 80.3908, PSO_prob: 0.075, Eps: 0.081, PSO_count: 8, Steps: 118

Train 439/500 Loss: 0.000727, Reward: 197.1149, PSO_prob: 0.076, Eps: 0.082, PSO_count: 24, Steps: 298

Train 438/500 Loss: 0.000461, Reward: 471.9120, PSO_prob: 0.073, Eps: 0.081, PSO_count: 61, Steps: 748

Train 440/500 Loss: 0.000540, Reward: 462.9962, PSO_prob: 0.075, Eps: 0.081, PSO_count: 43, Steps: 748

Train 439/500 Loss: 0.000469, Reward: 39.9405, PSO_prob: 0.073, Eps: 0.081, PSO_count: 3, Steps: 58

Train 440/500 Loss: 0.000535, Reward: 244.2049, PSO_prob: 0.072, Eps: 0.080, PSO_count: 30, Steps: 388

Train 441/500 Loss: 0.001245, Reward: 240.9254, GA_prob: 0.458, Eps: 0.241, GA_count: 173, Steps: 388

Train 120/500 Loss: 0.000366, Reward: 142.5316, PSO_prob: 0.072, Eps: 0.080, PSO_count: 9, Steps: 208

Train 441/500 Loss: 0.000613, Reward: 252.3301, PSO_prob: 0.071, Eps: 0.080, PSO_count: 41, Steps: 388

Train 442/500 Loss: 0.000542, Reward: 186.6989, PSO_prob: 0.071, Eps: 0.080, PSO_count: 17, Steps: 298

Train 442/500 Loss: 0.001394, Reward: 238.1473, GA_prob: 0.485, Eps: 0.252, GA_count: 191, Steps: 388

Train 98/500 Loss: 0.000642, Reward: 76.1361, PSO_prob: 0.070, Eps: 0.079, PSO_count: 11, Steps: 118

Train 443/500 Loss: 0.000361, Reward: 98.0305, PSO_prob: 0.070, Eps: 0.079, PSO_count: 8, Steps: 148

Train 443/500 Loss: 0.000526, Reward: 54.5181, PSO_prob: 0.069, Eps: 0.079, PSO_count: 9, Steps: 88

Train 444/500 Loss: 0.001063, Reward: 91.1370, GA_prob: 0.457, Eps: 0.240, GA_count: 73, Steps: 148

Train 121/500 Loss: 0.000753, Reward: 141.4460, PSO_prob: 0.069, Eps: 0.079, PSO_count: 9, Steps: 208

Train 444/500 Loss: 0.000678, Reward: 79.0500, PSO_prob: 0.067, Eps: 0.078, PSO_count: 6, Steps: 118

Train 445/500 Loss: 0.000590, Reward: 260.1881, PSO_prob: 0.067, Eps: 0.078, PSO_count: 27, Steps: 388

Train 445/500 Loss: 0.000478, Reward: 96.3231, PSO_prob: 0.066, Eps: 0.078, PSO_count: 14, Steps: 148

Train 446/500 Loss: 0.000541, Reward: 349.0859, PSO_prob: 0.066, Eps: 0.078, PSO_count: 32, Steps: 568

Train 446/500 Loss: 0.000741, Reward: 36.2861, PSO_prob: 0.065, Eps: 0.077, PSO_count: 7, Steps: 58

Train 447/500 Loss: 0.000471, Reward: 188.0425, PSO_prob: 0.065, Eps: 0.077, PSO_count: 18, Steps: 298

Train 447/500 Loss: 0.000667, Reward: 37.5330, PSO_prob: 0.064, Eps: 0.077, PSO_count: 10, Steps: 58

Train 448/500 Loss: 0.001105, Reward: 126.9785, GA_prob: 0.456, Eps: 0.240, GA_count: 95, Steps: 208

Train 122/500 Loss: 0.000614, Reward: 190.7212, PSO_prob: 0.063, Eps: 0.076, PSO_count: 21, Steps: 298

Train 449/500 Loss: 0.001291, Reward: 183.3730, GA_prob: 0.483, Eps: 0.251, GA_count: 155, Steps: 298

Train 99/500 Loss: 0.000404, Reward: 364.4890, PSO_prob: 0.064, Eps: 0.077, PSO_count: 38, Steps: 568

Train 448/500 Loss: 0.000618, Reward: 255.6989, PSO_prob: 0.061, Eps: 0.076, PSO_count: 26, Steps: 388

Train 450/500 Loss: 0.000419, Reward: 96.2332, PSO_prob: 0.063, Eps: 0.076, PSO_count: 6, Steps: 148

Train 449/500 Loss: 0.001053, Reward: 72.0982, GA_prob: 0.482, Eps: 0.251, GA_count: 56, Steps: 118

Train 100/500 Loss: 0.001272, Reward: 130.7469, GA_prob: 0.455, Eps: 0.239, GA_count: 95, Steps: 208

Train 123/500 Loss: 0.000635, Reward: 186.8604, PSO_prob: 0.060, Eps: 0.075, PSO_count: 13, Steps: 298

Train 451/500 Loss: 0.000465, Reward: 191.8632, PSO_prob: 0.061, Eps: 0.076, PSO_count: 18, Steps: 298

Train 450/500 Loss: 0.000349, Reward: 75.5130, PSO_prob: 0.060, Eps: 0.075, PSO_count: 6, Steps: 118

Train 451/500 Loss: 0.000299, Reward: 37.0033, PSO_prob: 0.059, Eps: 0.075, PSO_count: 6, Steps: 58

Train 452/500 Loss: 0.000553, Reward: 190.6376, PSO_prob: 0.059, Eps: 0.075, PSO_count: 19, Steps: 298

Train 452/500 Loss: 0.001450, Reward: 70.6057, GA_prob: 0.481, Eps: 0.250, GA_count: 60, Steps: 118

Train 101/500 Loss: 0.000334, Reward: 194.8606, PSO_prob: 0.058, Eps: 0.074, PSO_count: 21, Steps: 298

Train 453/500 Loss: 0.001132, Reward: 92.6424, GA_prob: 0.453, Eps: 0.239, GA_count: 59, Steps: 148

Train 124/500 Loss: 0.000677, Reward: 192.8208, PSO_prob: 0.057, Eps: 0.074, PSO_count: 13, Steps: 298

Train 454/500 Loss: 0.001291, Reward: 52.1697, GA_prob: 0.480, Eps: 0.250, GA_count: 44, Steps: 88

Train 102/500 Loss: 0.000788, Reward: 456.2720, PSO_prob: 0.058, Eps: 0.074, PSO_count: 50, Steps: 748

Train 453/500 Loss: 0.000988, Reward: 57.9974, PSO_prob: 0.057, Eps: 0.074, PSO_count: 5, Steps: 88

Train 454/500 Loss: 0.000803, Reward: 37.3414, PSO_prob: 0.055, Eps: 0.073, PSO_count: 4, Steps: 58

Train 455/500 Loss: 0.000351, Reward: 469.8592, PSO_prob: 0.055, Eps: 0.073, PSO_count: 44, Steps: 748

Train 455/500 Loss: 0.000586, Reward: 189.9902, PSO_prob: 0.054, Eps: 0.073, PSO_count: 21, Steps: 298

Train 456/500 Loss: 0.000344, Reward: 57.5212, PSO_prob: 0.054, Eps: 0.073, PSO_count: 3, Steps: 88

Train 456/500 Loss: 0.001264, Reward: 129.4994, GA_prob: 0.479, Eps: 0.249, GA_count: 106, Steps: 208

Train 103/500 Loss: 0.000758, Reward: 249.8078, PSO_prob: 0.053, Eps: 0.072, PSO_count: 17, Steps: 388

Train 457/500 Loss: 0.001177, Reward: 238.2401, GA_prob: 0.452, Eps: 0.238, GA_count: 156, Steps: 388

Train 125/500 Loss: 0.001100, Reward: 98.4555, PSO_prob: 0.052, Eps: 0.072, PSO_count: 5, Steps: 148

Train 458/500 Loss: 0.000965, Reward: 81.5722, PSO_prob: 0.051, Eps: 0.071, PSO_count: 6, Steps: 118

Train 459/500 Loss: 0.001156, Reward: 77.4889, PSO_prob: 0.049, Eps: 0.071, PSO_count: 5, Steps: 118

Train 460/500 Loss: 0.000354, Reward: 472.1976, PSO_prob: 0.053, Eps: 0.072, PSO_count: 42, Steps: 748

Train 457/500 Loss: 0.000349, Reward: 57.6204, PSO_prob: 0.052, Eps: 0.072, PSO_count: 7, Steps: 88

Train 458/500 Loss: 0.000359, Reward: 139.7833, PSO_prob: 0.051, Eps: 0.071, PSO_count: 3, Steps: 208

Train 459/500 Loss: 0.000518, Reward: 197.3184, PSO_prob: 0.049, Eps: 0.071, PSO_count: 14, Steps: 298

Train 460/500 Loss: 0.000594, Reward: 461.2091, PSO_prob: 0.048, Eps: 0.070, PSO_count: 38, Steps: 748

Train 461/500 Loss: 0.001316, Reward: 183.7125, GA_prob: 0.477, Eps: 0.249, GA_count: 146, Steps: 298

Train 104/500 Loss: 0.001006, Reward: 183.9891, GA_prob: 0.451, Eps: 0.238, GA_count: 127, Steps: 298

Train 126/500 Loss: 0.000386, Reward: 196.7700, PSO_prob: 0.048, Eps: 0.070, PSO_count: 14, Steps: 298

Train 461/500 Loss: 0.000651, Reward: 197.4088, PSO_prob: 0.047, Eps: 0.070, PSO_count: 13, Steps: 298

Train 462/500 Loss: 0.000514, Reward: 135.4898, PSO_prob: 0.047, Eps: 0.070, PSO_count: 8, Steps: 208

Train 462/500 Loss: 0.000312, Reward: 80.7873, PSO_prob: 0.046, Eps: 0.069, PSO_count: 8, Steps: 118

Train 463/500 Loss: 0.000603, Reward: 250.2694, PSO_prob: 0.046, Eps: 0.069, PSO_count: 25, Steps: 388

Train 463/500 Loss: 0.001581, Reward: 72.2997, GA_prob: 0.476, Eps: 0.248, GA_count: 70, Steps: 118

Train 105/500 Loss: 0.000506, Reward: 187.1056, PSO_prob: 0.044, Eps: 0.069, PSO_count: 16, Steps: 298

Train 464/500 Loss: 0.000529, Reward: 140.0673, PSO_prob: 0.044, Eps: 0.069, PSO_count: 13, Steps: 208

Train 464/500 Loss: 0.001257, Reward: 35.5781, GA_prob: 0.475, Eps: 0.248, GA_count: 26, Steps: 58

Train 106/500 Loss: 0.000465, Reward: 352.4636, PSO_prob: 0.043, Eps: 0.068, PSO_count: 25, Steps: 568

Train 465/500 Loss: 0.000652, Reward: 455.7942, PSO_prob: 0.043, Eps: 0.068, PSO_count: 37, Steps: 748

Train 465/500 Loss: 0.000329, Reward: 254.6284, PSO_prob: 0.042, Eps: 0.068, PSO_count: 18, Steps: 388

Train 466/500 Loss: 0.000432, Reward: 59.0460, PSO_prob: 0.041, Eps: 0.067, PSO_count: 2, Steps: 88

Train 467/500 Loss: 0.001318, Reward: 123.6926, GA_prob: 0.474, Eps: 0.247, GA_count: 106, Steps: 208

Train 107/500 Loss: 0.000375, Reward: 75.0761, PSO_prob: 0.040, Eps: 0.067, PSO_count: 6, Steps: 118

Train 468/500 Loss: 0.000589, Reward: 254.3358, PSO_prob: 0.042, Eps: 0.068, PSO_count: 14, Steps: 388

Train 466/500 Loss: 0.000260, Reward: 76.0095, PSO_prob: 0.038, Eps: 0.066, PSO_count: 6, Steps: 118

Train 469/500 Loss: 0.000324, Reward: 36.2308, PSO_prob: 0.037, Eps: 0.066, PSO_count: 0, Steps: 58

Train 470/500 Loss: 0.000518, Reward: 188.3151, PSO_prob: 0.041, Eps: 0.067, PSO_count: 14, Steps: 298

Train 467/500 Loss: 0.000436, Reward: 194.9978, PSO_prob: 0.036, Eps: 0.065, PSO_count: 14, Steps: 298

Train 471/500 Loss: 0.000525, Reward: 100.3696, PSO_prob: 0.040, Eps: 0.067, PSO_count: 4, Steps: 148

Train 468/500 Loss: 0.000983, Reward: 347.6112, GA_prob: 0.450, Eps: 0.237, GA_count: 260, Steps: 568

Train 127/500 Loss: 0.000623, Reward: 133.3965, PSO_prob: 0.038, Eps: 0.066, PSO_count: 8, Steps: 208

Train 469/500 Loss: 0.000456, Reward: 248.4736, PSO_prob: 0.035, Eps: 0.065, PSO_count: 10, Steps: 388

Train 472/500 Loss: 0.001134, Reward: 36.0743, GA_prob: 0.448, Eps: 0.237, GA_count: 35, Steps: 58

Train 128/500 Loss: 0.001500, Reward: 131.3254, GA_prob: 0.473, Eps: 0.247, GA_count: 100, Steps: 208

Train 108/500 Loss: 0.000675, Reward: 129.9813, PSO_prob: 0.034, Eps: 0.064, PSO_count: 5, Steps: 208

Train 473/500 Loss: 0.000505, Reward: 243.6768, PSO_prob: 0.032, Eps: 0.064, PSO_count: 13, Steps: 388

Train 474/500 Loss: 0.000459, Reward: 37.2087, PSO_prob: 0.031, Eps: 0.063, PSO_count: 5, Steps: 58

Train 475/500 Loss: 0.000630, Reward: 455.7181, PSO_prob: 0.037, Eps: 0.066, PSO_count: 23, Steps: 748

Train 470/500 Loss: 0.000805, Reward: 41.1165, PSO_prob: 0.036, Eps: 0.065, PSO_count: 1, Steps: 58

Train 471/500 Loss: 0.001247, Reward: 129.5412, GA_prob: 0.471, Eps: 0.246, GA_count: 102, Steps: 208

Train 109/500 Loss: 0.000711, Reward: 245.5653, PSO_prob: 0.035, Eps: 0.065, PSO_count: 14, Steps: 388

Train 472/500 Loss: 0.000476, Reward: 364.5125, PSO_prob: 0.030, Eps: 0.063, PSO_count: 32, Steps: 568

Train 476/500 Loss: 0.001050, Reward: 184.5031, GA_prob: 0.447, Eps: 0.236, GA_count: 136, Steps: 298

Train 129/500 Loss: 0.000409, Reward: 132.7999, PSO_prob: 0.029, Eps: 0.062, PSO_count: 3, Steps: 208

Train 477/500 Loss: 0.000487, Reward: 202.1134, PSO_prob: 0.034, Eps: 0.064, PSO_count: 9, Steps: 298

Train 473/500 Loss: 0.000484, Reward: 76.8478, PSO_prob: 0.028, Eps: 0.062, PSO_count: 4, Steps: 118

Train 478/500 Loss: 0.000403, Reward: 95.1946, PSO_prob: 0.032, Eps: 0.064, PSO_count: 5, Steps: 148

Train 474/500 Loss: 0.001345, Reward: 124.7758, GA_prob: 0.470, Eps: 0.246, GA_count: 84, Steps: 208

Train 110/500 Loss: 0.000924, Reward: 74.0401, GA_prob: 0.446, Eps: 0.236, GA_count: 59, Steps: 118

Train 130/500 Loss: 0.000560, Reward: 195.8551, PSO_prob: 0.026, Eps: 0.061, PSO_count: 11, Steps: 298

Train 479/500 Loss: 0.000383, Reward: 192.8465, PSO_prob: 0.031, Eps: 0.063, PSO_count: 6, Steps: 298

Train 475/500 Loss: 0.000523, Reward: 253.6326, PSO_prob: 0.030, Eps: 0.063, PSO_count: 10, Steps: 388

Train 476/500 Loss: 0.000439, Reward: 367.2558, PSO_prob: 0.025, Eps: 0.061, PSO_count: 12, Steps: 568

Train 480/500 Loss: 0.000451, Reward: 37.4506, PSO_prob: 0.024, Eps: 0.060, PSO_count: 3, Steps: 58

Train 481/500 Loss: 0.000364, Reward: 187.9486, PSO_prob: 0.029, Eps: 0.062, PSO_count: 7, Steps: 298

Train 477/500 Loss: 0.001218, Reward: 127.7199, GA_prob: 0.469, Eps: 0.245, GA_count: 101, Steps: 208

Train 111/500 Loss: 0.000544, Reward: 241.8019, PSO_prob: 0.028, Eps: 0.062, PSO_count: 10, Steps: 388

Train 478/500 Loss: 0.000346, Reward: 358.8073, PSO_prob: 0.023, Eps: 0.060, PSO_count: 14, Steps: 568

Train 482/500 Loss: 0.000812, Reward: 186.7055, GA_prob: 0.445, Eps: 0.235, GA_count: 128, Steps: 298

Train 131/500 Loss: 0.001270, Reward: 89.7604, GA_prob: 0.468, Eps: 0.245, GA_count: 62, Steps: 148

Train 112/500 Loss: 0.000371, Reward: 237.2703, PSO_prob: 0.022, Eps: 0.059, PSO_count: 12, Steps: 388

Train 483/500 Loss: 0.000388, Reward: 359.4313, PSO_prob: 0.026, Eps: 0.061, PSO_count: 12, Steps: 568

Train 479/500 Loss: 0.000922, Reward: 52.0861, GA_prob: 0.467, Eps: 0.244, GA_count: 41, Steps: 88

Train 113/500 Loss: 0.000723, Reward: 93.6391, GA_prob: 0.444, Eps: 0.235, GA_count: 72, Steps: 148

Train 132/500 Loss: 0.000358, Reward: 347.9239, PSO_prob: 0.020, Eps: 0.059, PSO_count: 15, Steps: 568

Train 484/500 Loss: 0.000338, Reward: 55.0651, PSO_prob: 0.019, Eps: 0.058, PSO_count: 2, Steps: 88

Train 485/500 Loss: 0.000830, Reward: 54.8359, GA_prob: 0.465, Eps: 0.244, GA_count: 47, Steps: 88

Train 114/500 Loss: 0.000355, Reward: 473.4996, PSO_prob: 0.025, Eps: 0.061, PSO_count: 20, Steps: 748

Train 480/500 Loss: 0.000355, Reward: 189.8516, PSO_prob: 0.018, Eps: 0.058, PSO_count: 6, Steps: 298

Train 486/500 Loss: 0.000512, Reward: 100.6299, PSO_prob: 0.024, Eps: 0.060, PSO_count: 2, Steps: 148

Train 481/500 Loss: 0.000846, Reward: 127.4208, GA_prob: 0.442, Eps: 0.234, GA_count: 90, Steps: 208

Train 133/500 Loss: 0.000336, Reward: 95.8531, PSO_prob: 0.023, Eps: 0.060, PSO_count: 6, Steps: 148

Train 482/500 Loss: 0.000340, Reward: 75.8908, PSO_prob: 0.022, Eps: 0.059, PSO_count: 1, Steps: 118

Train 483/500 Loss: 0.000288, Reward: 79.2232, PSO_prob: 0.020, Eps: 0.059, PSO_count: 1, Steps: 118

Train 484/500 Loss: 0.000292, Reward: 465.2960, PSO_prob: 0.017, Eps: 0.057, PSO_count: 14, Steps: 748

Train 487/500 Loss: 0.000399, Reward: 357.7056, PSO_prob: 0.019, Eps: 0.058, PSO_count: 10, Steps: 568

Train 485/500 Loss: 0.000405, Reward: 354.5858, PSO_prob: 0.016, Eps: 0.057, PSO_count: 3, Steps: 568

Train 488/500 Loss: 0.000385, Reward: 83.1190, PSO_prob: 0.014, Eps: 0.056, PSO_count: 2, Steps: 118

Train 489/500 Loss: 0.000423, Reward: 461.5146, PSO_prob: 0.018, Eps: 0.058, PSO_count: 19, Steps: 748

Train 486/500 Loss: 0.000238, Reward: 38.7159, PSO_prob: 0.017, Eps: 0.057, PSO_count: 0, Steps: 58

Train 487/500 Loss: 0.000459, Reward: 348.3997, PSO_prob: 0.013, Eps: 0.056, PSO_count: 11, Steps: 568

Train 490/500 Loss: 0.000370, Reward: 141.1178, PSO_prob: 0.016, Eps: 0.057, PSO_count: 1, Steps: 208

Train 488/500 Loss: 0.000507, Reward: 79.7356, PSO_prob: 0.012, Eps: 0.055, PSO_count: 2, Steps: 118

Train 491/500 Loss: 0.000337, Reward: 58.0671, PSO_prob: 0.011, Eps: 0.055, PSO_count: 2, Steps: 88

Train 492/500 Loss: 0.001138, Reward: 347.4195, GA_prob: 0.464, Eps: 0.243, GA_count: 269, Steps: 568

Train 115/500 Loss: 0.000423, Reward: 95.0205, PSO_prob: 0.010, Eps: 0.054, PSO_count: 3, Steps: 148

Train 493/500 Loss: 0.000452, Reward: 202.2534, PSO_prob: 0.014, Eps: 0.056, PSO_count: 5, Steps: 298

Train 489/500 Loss: 0.000275, Reward: 59.0670, PSO_prob: 0.013, Eps: 0.056, PSO_count: 0, Steps: 88

Train 490/500 Loss: 0.000251, Reward: 38.9264, PSO_prob: 0.012, Eps: 0.055, PSO_count: 0, Steps: 58

Train 491/500 Loss: 0.000966, Reward: 342.9062, GA_prob: 0.441, Eps: 0.234, GA_count: 255, Steps: 568

Train 134/500 Loss: 0.000300, Reward: 255.1327, PSO_prob: 0.011, Eps: 0.055, PSO_count: 4, Steps: 388

Train 492/500 Loss: 0.000437, Reward: 354.2744, PSO_prob: 0.008, Eps: 0.054, PSO_count: 8, Steps: 568

Train 494/500 Loss: 0.000469, Reward: 94.2281, PSO_prob: 0.010, Eps: 0.054, PSO_count: 2, Steps: 148

Train 493/500 Loss: 0.000437, Reward: 37.7806, PSO_prob: 0.008, Eps: 0.054, PSO_count: 0, Steps: 58

Train 494/500 Loss: 0.000547, Reward: 462.4285, PSO_prob: 0.007, Eps: 0.053, PSO_count: 2, Steps: 748

Train 495/500 Loss: 0.000432, Reward: 355.1655, PSO_prob: 0.007, Eps: 0.053, PSO_count: 4, Steps: 568

Train 495/500 Loss: 0.000378, Reward: 138.0578, PSO_prob: 0.006, Eps: 0.053, PSO_count: 0, Steps: 208

Train 496/500 Loss: 0.000245, Reward: 40.2169, PSO_prob: 0.005, Eps: 0.052, PSO_count: 1, Steps: 58

Train 497/500 Loss: 0.000956, Reward: 183.1599, GA_prob: 0.440, Eps: 0.233, GA_count: 138, Steps: 298

Train 135/500 Loss: 0.000437, Reward: 471.2129, PSO_prob: 0.006, Eps: 0.053, PSO_count: 5, Steps: 748

Train 496/500 Loss: 0.000317, Reward: 77.0745, PSO_prob: 0.005, Eps: 0.052, PSO_count: 1, Steps: 118

Train 497/500 Loss: 0.000360, Reward: 74.8484, PSO_prob: 0.004, Eps: 0.052, PSO_count: 1, Steps: 118

Train 498/500 Loss: 0.000382, Reward: 460.9785, PSO_prob: 0.004, Eps: 0.052, PSO_count: 3, Steps: 748

Train 498/500 Loss: 0.000455, Reward: 36.7374, PSO_prob: 0.002, Eps: 0.051, PSO_count: 0, Steps: 58

Train 499/500 Loss: 0.001248, Reward: 338.5854, GA_prob: 0.463, Eps: 0.243, GA_count: 263, Steps: 568

Train 116/500 Loss: 0.000311, Reward: 99.5208, PSO_prob: 0.002, Eps: 0.051, PSO_count: 0, Steps: 148

Train 499/500 Loss: 0.000636, Reward: 187.1837, PSO_prob: 0.001, Eps: 0.051, PSO_count: 1, Steps: 298

Train 500/500 Loss: 0.000355, Reward: 472.4652, PSO_prob: 0.001, Eps: 0.051, PSO_count: 1, Steps: 748

Train 500/500 Loss: 0.000938, Reward: 237.0038, GA_prob: 0.439, Eps: 0.233, GA_count: 172, Steps: 388

Train 136/500 Loss: 0.000450, Reward: 357.3808, PSO_prob: 0.000, Eps: 0.050, PSO_count: 0, Steps: 568

Elapsed time for ddqn guided by PSO: 507.00490681105293 seconds
training is completed -> trained_models/DIAG_PSOguided_500_seed1.pkl

DQN guided by PSO Test #0
DQN guided by PSO Test #1
DQN guided by PSO Test #2
DQN guided by PSO Test #3 Loss: 0.000245, Reward: 253.3132, PSO_prob: 0.000, Eps: 0.050, PSO_count: 0, Steps: 388

Elapsed time for ddqn guided by PSO: 507.357232544804 seconds
training is completed -> trained_models/DIAG_PSOguided_500_seed2.pkl

DQN guided by PSO Test #0
DQN guided by PSO Test #1
DQN guided by PSO Test #4
DQN guided by PSO Test #2
DQN guided by PSO Test #5
DQN guided by PSO Test #3
DQN guided by PSO Test #4
DQN guided by PSO Test #5
DQN guided by PSO Test #6
DQN guided by PSO Test #7
DQN guided by PSO Test #8
DQN guided by PSO Test #9
DQN guided by PSO Test #6
DQN guided by PSO Test #7
DQN guided by PSO Test #8
DQN guided by PSO Test #9
DQN guided by PSO Test #10
DQN guided by PSO Test #11
DQN guided by PSO Test #10
DQN guided by PSO Test #12
DQN guided by PSO Test #11
DQN guided by PSO Test #13
DQN guided by PSO Test #12
DQN guided by PSO Test #13
DQN guided by PSO Test #14
DQN guided by PSO Test #15
DQN guided by PSO Test #16
DQN guided by PSO Test #14
DQN guided by PSO Test #15
DQN guided by PSO Test #16
DQN guided by PSO Test #17
DQN guided by PSO Test #18
DQN guided by PSO Test #17
DQN guided by PSO Test #19
DQN guided by PSO Test #20
DQN guided by PSO Test #18
DQN guided by PSO Test #21
DQN guided by PSO Test #22
DQN guided by PSO Test #19
DQN guided by PSO Test #23
DQN guided by PSO Test #20
DQN guided by PSO Test #21
DQN guided by PSO Test #24
DQN guided by PSO Test #22
DQN guided by PSO Test #23
DQN guided by PSO Test #24
DQN guided by PSO Test #25
DQN guided by PSO Test #26
DQN guided by PSO Test #27
DQN guided by PSO Test #25
DQN guided by PSO Test #28
DQN guided by PSO Test #29
DQN guided by PSO Test #26
DQN guided by PSO Test #27>>> 1/4  PSO-guided seed1  overflow=1.0  max_level=10.0  act0=1.0  (513.4s)
 Loss: 0.001204, Reward: 333.8839, GA_prob: 0.438, Eps: 0.232, GA_count: 239, Steps: 568

Train 137/500
DQN guided by PSO Test #28
DQN guided by PSO Test #29 Loss: 0.001161, Reward: 457.1637, GA_prob: 0.462, Eps: 0.242, GA_count: 346, Steps: 748

Train 117/500>>> 2/4  PSO-guided seed2  overflow=1.0  max_level=10.0  act0=1.0  (513.7s)
 Loss: 0.001337, Reward: 91.3706, GA_prob: 0.436, Eps: 0.232, GA_count: 71, Steps: 148

Train 138/500 Loss: 0.001656, Reward: 53.8452, GA_prob: 0.435, Eps: 0.231, GA_count: 38, Steps: 88

Train 139/500 Loss: 0.001247, Reward: 241.1945, GA_prob: 0.461, Eps: 0.242, GA_count: 164, Steps: 388

Train 118/500 Loss: 0.001092, Reward: 52.9066, GA_prob: 0.459, Eps: 0.241, GA_count: 39, Steps: 88

Train 119/500 Loss: 0.001232, Reward: 35.8101, GA_prob: 0.458, Eps: 0.241, GA_count: 26, Steps: 58

Train 120/500 Loss: 0.001431, Reward: 72.3663, GA_prob: 0.457, Eps: 0.240, GA_count: 49, Steps: 118

Train 121/500 Loss: 0.001491, Reward: 34.5043, GA_prob: 0.456, Eps: 0.240, GA_count: 28, Steps: 58

Train 122/500 Loss: 0.001548, Reward: 455.8118, GA_prob: 0.434, Eps: 0.231, GA_count: 329, Steps: 748

Train 140/500 Loss: 0.001264, Reward: 331.7815, GA_prob: 0.455, Eps: 0.239, GA_count: 266, Steps: 568

Train 123/500 Loss: 0.001250, Reward: 234.0660, GA_prob: 0.453, Eps: 0.239, GA_count: 169, Steps: 388

Train 124/500 Loss: 0.001680, Reward: 462.0765, GA_prob: 0.433, Eps: 0.230, GA_count: 317, Steps: 748

Train 141/500 Loss: 0.001506, Reward: 337.0379, GA_prob: 0.432, Eps: 0.230, GA_count: 254, Steps: 568

Train 142/500 Loss: 0.001089, Reward: 456.4383, GA_prob: 0.452, Eps: 0.238, GA_count: 348, Steps: 748

Train 125/500 Loss: 0.001605, Reward: 236.5729, GA_prob: 0.430, Eps: 0.229, GA_count: 165, Steps: 388

Train 143/500 Loss: 0.001078, Reward: 184.2286, GA_prob: 0.451, Eps: 0.238, GA_count: 139, Steps: 298

Train 126/500 Loss: 0.001553, Reward: 72.0028, GA_prob: 0.429, Eps: 0.229, GA_count: 58, Steps: 118

Train 144/500 Loss: 0.001065, Reward: 91.4542, GA_prob: 0.450, Eps: 0.237, GA_count: 59, Steps: 148

Train 127/500 Loss: 0.000742, Reward: 35.4802, GA_prob: 0.448, Eps: 0.237, GA_count: 25, Steps: 58

Train 128/500 Loss: 0.001034, Reward: 36.1277, GA_prob: 0.447, Eps: 0.236, GA_count: 31, Steps: 58

Train 129/500 Loss: 0.000706, Reward: 35.5194, GA_prob: 0.446, Eps: 0.236, GA_count: 26, Steps: 58

Train 130/500 Loss: 0.000892, Reward: 180.7051, GA_prob: 0.445, Eps: 0.235, GA_count: 138, Steps: 298

Train 131/500 Loss: 0.000961, Reward: 35.2278, GA_prob: 0.444, Eps: 0.235, GA_count: 23, Steps: 58

Train 132/500 Loss: 0.001344, Reward: 450.3385, GA_prob: 0.428, Eps: 0.228, GA_count: 325, Steps: 748

Train 145/500 Loss: 0.001500, Reward: 51.8392, GA_prob: 0.427, Eps: 0.228, GA_count: 30, Steps: 88

Train 146/500 Loss: 0.000906, Reward: 127.7567, GA_prob: 0.442, Eps: 0.234, GA_count: 97, Steps: 208

Train 133/500 Loss: 0.000977, Reward: 72.8411, GA_prob: 0.441, Eps: 0.234, GA_count: 53, Steps: 118

Train 134/500 Loss: 0.001329, Reward: 36.2220, GA_prob: 0.440, Eps: 0.233, GA_count: 32, Steps: 58

Train 135/500 Loss: 0.000951, Reward: 36.0435, GA_prob: 0.439, Eps: 0.233, GA_count: 20, Steps: 58

Train 136/500 Loss: 0.001019, Reward: 231.2035, GA_prob: 0.438, Eps: 0.232, GA_count: 174, Steps: 388

Train 137/500 Loss: 0.001290, Reward: 448.8610, GA_prob: 0.426, Eps: 0.227, GA_count: 325, Steps: 748

Train 147/500 Loss: 0.001113, Reward: 70.5199, GA_prob: 0.436, Eps: 0.232, GA_count: 55, Steps: 118

Train 138/500 Loss: 0.001298, Reward: 178.5867, GA_prob: 0.424, Eps: 0.227, GA_count: 126, Steps: 298

Train 148/500 Loss: 0.001288, Reward: 91.7280, GA_prob: 0.423, Eps: 0.226, GA_count: 68, Steps: 148

Train 149/500 Loss: 0.001161, Reward: 343.5430, GA_prob: 0.435, Eps: 0.231, GA_count: 237, Steps: 568

Train 139/500 Loss: 0.000934, Reward: 51.9163, GA_prob: 0.434, Eps: 0.231, GA_count: 40, Steps: 88

Train 140/500 Loss: 0.001283, Reward: 242.3378, GA_prob: 0.422, Eps: 0.226, GA_count: 148, Steps: 388

Train 150/500 Loss: 0.001164, Reward: 34.8063, GA_prob: 0.433, Eps: 0.230, GA_count: 29, Steps: 58

Train 141/500 Loss: 0.001119, Reward: 345.9972, GA_prob: 0.432, Eps: 0.230, GA_count: 245, Steps: 568

Train 142/500 Loss: 0.001349, Reward: 454.7535, GA_prob: 0.421, Eps: 0.225, GA_count: 324, Steps: 748

Train 151/500 Loss: 0.001282, Reward: 128.4843, GA_prob: 0.430, Eps: 0.229, GA_count: 92, Steps: 208

Train 143/500 Loss: 0.001229, Reward: 55.7782, GA_prob: 0.429, Eps: 0.229, GA_count: 39, Steps: 88

Train 144/500 Loss: 0.001121, Reward: 127.0222, GA_prob: 0.420, Eps: 0.225, GA_count: 81, Steps: 208

Train 152/500 Loss: 0.000967, Reward: 52.4205, GA_prob: 0.418, Eps: 0.224, GA_count: 32, Steps: 88

Train 153/500 Loss: 0.001170, Reward: 127.5705, GA_prob: 0.428, Eps: 0.228, GA_count: 86, Steps: 208

Train 145/500 Loss: 0.001167, Reward: 184.8557, GA_prob: 0.427, Eps: 0.228, GA_count: 138, Steps: 298

Train 146/500 Loss: 0.001351, Reward: 242.1337, GA_prob: 0.417, Eps: 0.224, GA_count: 171, Steps: 388

Train 154/500 Loss: 0.000793, Reward: 35.2456, GA_prob: 0.426, Eps: 0.227, GA_count: 21, Steps: 58

Train 147/500 Loss: 0.001094, Reward: 90.8647, GA_prob: 0.424, Eps: 0.227, GA_count: 53, Steps: 148

Train 148/500 Loss: 0.001028, Reward: 182.7368, GA_prob: 0.423, Eps: 0.226, GA_count: 117, Steps: 298

Train 149/500 Loss: 0.001041, Reward: 33.6492, GA_prob: 0.422, Eps: 0.226, GA_count: 17, Steps: 58

Train 150/500 Loss: 0.001077, Reward: 448.2158, GA_prob: 0.416, Eps: 0.223, GA_count: 308, Steps: 748

Train 155/500 Loss: 0.001196, Reward: 128.7859, GA_prob: 0.415, Eps: 0.223, GA_count: 85, Steps: 208

Train 156/500 Loss: 0.001100, Reward: 351.1879, GA_prob: 0.421, Eps: 0.225, GA_count: 249, Steps: 568

Train 151/500 Loss: 0.001143, Reward: 127.1136, GA_prob: 0.414, Eps: 0.222, GA_count: 89, Steps: 208

Train 157/500 Loss: 0.000848, Reward: 72.4033, GA_prob: 0.420, Eps: 0.225, GA_count: 53, Steps: 118

Train 152/500 Loss: 0.001303, Reward: 72.1774, GA_prob: 0.412, Eps: 0.222, GA_count: 51, Steps: 118

Train 158/500 Loss: 0.000878, Reward: 91.3764, GA_prob: 0.418, Eps: 0.224, GA_count: 70, Steps: 148

Train 153/500 Loss: 0.001366, Reward: 129.9211, GA_prob: 0.411, Eps: 0.221, GA_count: 80, Steps: 208

Train 159/500 Loss: 0.000914, Reward: 55.0813, GA_prob: 0.410, Eps: 0.221, GA_count: 38, Steps: 88

Train 160/500 Loss: 0.000831, Reward: 131.2562, GA_prob: 0.417, Eps: 0.224, GA_count: 90, Steps: 208

Train 154/500 Loss: 0.001037, Reward: 54.6259, GA_prob: 0.409, Eps: 0.220, GA_count: 46, Steps: 88

Train 161/500 Loss: 0.000880, Reward: 131.5665, GA_prob: 0.416, Eps: 0.223, GA_count: 72, Steps: 208

Train 155/500 Loss: 0.001172, Reward: 89.8833, GA_prob: 0.408, Eps: 0.220, GA_count: 70, Steps: 148

Train 162/500 Loss: 0.001079, Reward: 55.6766, GA_prob: 0.406, Eps: 0.219, GA_count: 35, Steps: 88

Train 163/500 Loss: 0.000719, Reward: 131.1854, GA_prob: 0.415, Eps: 0.223, GA_count: 85, Steps: 208

Train 156/500 Loss: 0.000701, Reward: 245.6903, GA_prob: 0.414, Eps: 0.222, GA_count: 159, Steps: 388

Train 157/500 Loss: 0.001037, Reward: 349.9248, GA_prob: 0.405, Eps: 0.219, GA_count: 219, Steps: 568

Train 164/500 Loss: 0.000962, Reward: 182.3490, GA_prob: 0.404, Eps: 0.218, GA_count: 123, Steps: 298

Train 165/500 Loss: 0.000662, Reward: 238.9331, GA_prob: 0.412, Eps: 0.222, GA_count: 156, Steps: 388

Train 158/500 Loss: 0.000598, Reward: 53.4779, GA_prob: 0.411, Eps: 0.221, GA_count: 42, Steps: 88

Train 159/500 Loss: 0.000718, Reward: 54.5537, GA_prob: 0.410, Eps: 0.221, GA_count: 37, Steps: 88

Train 160/500 Loss: 0.000719, Reward: 51.9611, GA_prob: 0.409, Eps: 0.220, GA_count: 35, Steps: 88

Train 161/500 Loss: 0.001147, Reward: 179.8548, GA_prob: 0.403, Eps: 0.218, GA_count: 114, Steps: 298

Train 166/500 Loss: 0.001209, Reward: 34.4343, GA_prob: 0.402, Eps: 0.217, GA_count: 25, Steps: 58

Train 167/500 Loss: 0.000638, Reward: 90.2100, GA_prob: 0.408, Eps: 0.220, GA_count: 65, Steps: 148

Train 162/500 Loss: 0.000622, Reward: 35.1439, GA_prob: 0.406, Eps: 0.219, GA_count: 23, Steps: 58

Train 163/500 Loss: 0.000608, Reward: 52.9438, GA_prob: 0.405, Eps: 0.219, GA_count: 29, Steps: 88

Train 164/500 Loss: 0.001106, Reward: 238.8118, GA_prob: 0.400, Eps: 0.217, GA_count: 149, Steps: 388

Train 168/500 Loss: 0.000959, Reward: 92.2789, GA_prob: 0.404, Eps: 0.218, GA_count: 58, Steps: 148

Train 165/500 Loss: 0.000845, Reward: 52.8376, GA_prob: 0.399, Eps: 0.216, GA_count: 39, Steps: 88

Train 169/500 Loss: 0.000818, Reward: 124.1064, GA_prob: 0.403, Eps: 0.218, GA_count: 84, Steps: 208

Train 166/500 Loss: 0.001012, Reward: 179.9570, GA_prob: 0.398, Eps: 0.216, GA_count: 120, Steps: 298

Train 170/500 Loss: 0.000943, Reward: 34.9042, GA_prob: 0.397, Eps: 0.215, GA_count: 19, Steps: 58

Train 171/500 Loss: 0.001011, Reward: 354.7917, GA_prob: 0.396, Eps: 0.215, GA_count: 215, Steps: 568

Train 172/500 Loss: 0.000918, Reward: 433.8815, GA_prob: 0.402, Eps: 0.217, GA_count: 318, Steps: 748

Train 167/500 Loss: 0.001063, Reward: 442.2970, GA_prob: 0.394, Eps: 0.214, GA_count: 307, Steps: 748

Train 173/500 Loss: 0.001292, Reward: 453.7084, GA_prob: 0.400, Eps: 0.217, GA_count: 309, Steps: 748

Train 168/500 Loss: 0.001103, Reward: 90.2570, GA_prob: 0.393, Eps: 0.214, GA_count: 59, Steps: 148

Train 174/500 Loss: 0.001334, Reward: 91.0801, GA_prob: 0.399, Eps: 0.216, GA_count: 65, Steps: 148

Train 169/500 Loss: 0.001295, Reward: 55.4313, GA_prob: 0.398, Eps: 0.216, GA_count: 34, Steps: 88

Train 170/500 Loss: 0.001128, Reward: 181.8003, GA_prob: 0.392, Eps: 0.213, GA_count: 113, Steps: 298

Train 175/500 Loss: 0.001254, Reward: 130.7420, GA_prob: 0.397, Eps: 0.215, GA_count: 86, Steps: 208

Train 171/500 Loss: 0.001529, Reward: 69.9940, GA_prob: 0.391, Eps: 0.213, GA_count: 49, Steps: 118

Train 176/500 Loss: 0.001253, Reward: 237.5686, GA_prob: 0.396, Eps: 0.215, GA_count: 156, Steps: 388

Train 172/500 Loss: 0.001324, Reward: 188.4524, GA_prob: 0.390, Eps: 0.212, GA_count: 121, Steps: 298

Train 177/500 Loss: 0.001324, Reward: 241.5869, GA_prob: 0.394, Eps: 0.214, GA_count: 140, Steps: 388

Train 173/500 Loss: 0.001095, Reward: 53.7275, GA_prob: 0.393, Eps: 0.214, GA_count: 38, Steps: 88

Train 174/500 Loss: 0.001200, Reward: 455.7213, GA_prob: 0.388, Eps: 0.212, GA_count: 291, Steps: 748

Train 178/500 Loss: 0.001003, Reward: 186.6877, GA_prob: 0.392, Eps: 0.213, GA_count: 116, Steps: 298

Train 175/500 Loss: 0.001092, Reward: 68.2499, GA_prob: 0.387, Eps: 0.211, GA_count: 43, Steps: 118

Train 179/500 Loss: 0.000769, Reward: 91.4867, GA_prob: 0.391, Eps: 0.213, GA_count: 54, Steps: 148

Train 176/500 Loss: 0.001321, Reward: 33.3405, GA_prob: 0.386, Eps: 0.211, GA_count: 22, Steps: 58

Train 180/500 Loss: 0.000643, Reward: 55.9914, GA_prob: 0.390, Eps: 0.212, GA_count: 37, Steps: 88

Train 177/500 Loss: 0.001217, Reward: 240.3112, GA_prob: 0.385, Eps: 0.210, GA_count: 137, Steps: 388

Train 181/500 Loss: 0.000641, Reward: 181.3666, GA_prob: 0.388, Eps: 0.212, GA_count: 122, Steps: 298

Train 178/500 Loss: 0.000792, Reward: 34.1294, GA_prob: 0.387, Eps: 0.211, GA_count: 18, Steps: 58

Train 179/500 Loss: 0.001265, Reward: 92.3544, GA_prob: 0.384, Eps: 0.210, GA_count: 54, Steps: 148

Train 182/500 Loss: 0.000871, Reward: 55.8817, GA_prob: 0.382, Eps: 0.209, GA_count: 39, Steps: 88

Train 183/500 Loss: 0.001019, Reward: 128.6324, GA_prob: 0.381, Eps: 0.209, GA_count: 81, Steps: 208

Train 184/500 Loss: 0.000765, Reward: 241.6413, GA_prob: 0.386, Eps: 0.211, GA_count: 160, Steps: 388

Train 180/500 Loss: 0.000580, Reward: 35.4638, GA_prob: 0.385, Eps: 0.210, GA_count: 15, Steps: 58

Train 181/500 Loss: 0.000699, Reward: 132.7896, GA_prob: 0.384, Eps: 0.210, GA_count: 89, Steps: 208

Train 182/500 Loss: 0.001077, Reward: 186.6983, GA_prob: 0.380, Eps: 0.208, GA_count: 116, Steps: 298

Train 185/500 Loss: 0.000620, Reward: 183.2586, GA_prob: 0.382, Eps: 0.209, GA_count: 117, Steps: 298

Train 183/500 Loss: 0.000732, Reward: 55.2819, GA_prob: 0.381, Eps: 0.209, GA_count: 33, Steps: 88

Train 184/500 Loss: 0.001055, Reward: 344.6581, GA_prob: 0.379, Eps: 0.208, GA_count: 220, Steps: 568

Train 186/500 Loss: 0.000796, Reward: 238.8478, GA_prob: 0.380, Eps: 0.208, GA_count: 151, Steps: 388

Train 185/500 Loss: 0.001075, Reward: 180.7268, GA_prob: 0.378, Eps: 0.207, GA_count: 104, Steps: 298

Train 187/500 Loss: 0.001160, Reward: 438.7835, GA_prob: 0.379, Eps: 0.208, GA_count: 241, Steps: 748

Train 186/500 Loss: 0.001207, Reward: 57.5535, GA_prob: 0.378, Eps: 0.207, GA_count: 31, Steps: 88

Train 187/500 Loss: 0.000949, Reward: 446.2987, GA_prob: 0.376, Eps: 0.207, GA_count: 278, Steps: 748

Train 188/500 Loss: 0.001078, Reward: 184.6932, GA_prob: 0.376, Eps: 0.207, GA_count: 112, Steps: 298

Train 188/500 Loss: 0.001036, Reward: 54.2426, GA_prob: 0.375, Eps: 0.206, GA_count: 35, Steps: 88

Train 189/500 Loss: 0.000918, Reward: 35.4809, GA_prob: 0.374, Eps: 0.206, GA_count: 20, Steps: 58

Train 190/500 Loss: 0.001044, Reward: 179.7441, GA_prob: 0.373, Eps: 0.205, GA_count: 112, Steps: 298

Train 191/500 Loss: 0.001210, Reward: 439.6756, GA_prob: 0.375, Eps: 0.206, GA_count: 267, Steps: 748

Train 189/500 Loss: 0.000891, Reward: 37.3037, GA_prob: 0.374, Eps: 0.206, GA_count: 20, Steps: 58

Train 190/500 Loss: 0.001028, Reward: 91.4413, GA_prob: 0.372, Eps: 0.205, GA_count: 44, Steps: 148

Train 192/500 Loss: 0.001133, Reward: 124.9420, GA_prob: 0.370, Eps: 0.204, GA_count: 87, Steps: 208

Train 193/500 Loss: 0.001156, Reward: 186.1987, GA_prob: 0.373, Eps: 0.205, GA_count: 106, Steps: 298

Train 191/500 Loss: 0.001028, Reward: 90.4967, GA_prob: 0.369, Eps: 0.204, GA_count: 51, Steps: 148

Train 194/500 Loss: 0.001196, Reward: 89.5181, GA_prob: 0.372, Eps: 0.205, GA_count: 53, Steps: 148

Train 192/500 Loss: 0.001326, Reward: 52.7389, GA_prob: 0.368, Eps: 0.203, GA_count: 29, Steps: 88

Train 195/500 Loss: 0.001414, Reward: 74.2585, GA_prob: 0.367, Eps: 0.203, GA_count: 41, Steps: 118

Train 196/500 Loss: 0.001193, Reward: 242.4067, GA_prob: 0.366, Eps: 0.202, GA_count: 136, Steps: 388

Train 197/500 Loss: 0.000937, Reward: 351.5580, GA_prob: 0.370, Eps: 0.204, GA_count: 212, Steps: 568

Train 193/500 Loss: 0.001340, Reward: 235.4378, GA_prob: 0.364, Eps: 0.202, GA_count: 136, Steps: 388

Train 198/500 Loss: 0.001193, Reward: 127.5027, GA_prob: 0.363, Eps: 0.201, GA_count: 78, Steps: 208

Train 199/500 Loss: 0.001022, Reward: 331.8036, GA_prob: 0.369, Eps: 0.204, GA_count: 216, Steps: 568

Train 194/500 Loss: 0.001072, Reward: 52.8572, GA_prob: 0.368, Eps: 0.203, GA_count: 28, Steps: 88

Train 195/500 Loss: 0.001202, Reward: 447.0258, GA_prob: 0.362, Eps: 0.201, GA_count: 248, Steps: 748

Train 200/500 Loss: 0.001050, Reward: 125.5371, GA_prob: 0.361, Eps: 0.200, GA_count: 66, Steps: 208

Train 201/500 Loss: 0.000977, Reward: 449.1490, GA_prob: 0.367, Eps: 0.203, GA_count: 291, Steps: 748

Train 196/500 Loss: 0.001256, Reward: 74.9062, GA_prob: 0.360, Eps: 0.200, GA_count: 45, Steps: 118

Train 202/500 Loss: 0.000921, Reward: 130.2197, GA_prob: 0.366, Eps: 0.202, GA_count: 75, Steps: 208

Train 197/500 Loss: 0.001146, Reward: 91.3800, GA_prob: 0.358, Eps: 0.199, GA_count: 55, Steps: 148

Train 203/500 Loss: 0.000741, Reward: 34.6623, GA_prob: 0.364, Eps: 0.202, GA_count: 22, Steps: 58

Train 198/500 Loss: 0.000792, Reward: 70.5389, GA_prob: 0.363, Eps: 0.201, GA_count: 48, Steps: 118

Train 199/500 Loss: 0.001084, Reward: 54.2167, GA_prob: 0.362, Eps: 0.201, GA_count: 29, Steps: 88

Train 200/500 Loss: 0.001081, Reward: 127.5383, GA_prob: 0.361, Eps: 0.200, GA_count: 79, Steps: 208

Train 201/500 Loss: 0.001077, Reward: 53.9274, GA_prob: 0.360, Eps: 0.200, GA_count: 29, Steps: 88

Train 202/500 Loss: 0.001287, Reward: 349.4474, GA_prob: 0.357, Eps: 0.199, GA_count: 207, Steps: 568

Train 204/500 Loss: 0.001140, Reward: 34.9515, GA_prob: 0.356, Eps: 0.198, GA_count: 22, Steps: 58

Train 205/500 Loss: 0.001091, Reward: 346.0439, GA_prob: 0.358, Eps: 0.199, GA_count: 191, Steps: 568

Train 203/500 Loss: 0.000963, Reward: 36.1131, GA_prob: 0.357, Eps: 0.199, GA_count: 22, Steps: 58

Train 204/500 Loss: 0.001319, Reward: 126.4424, GA_prob: 0.356, Eps: 0.198, GA_count: 76, Steps: 208

Train 205/500 Loss: 0.001163, Reward: 452.5965, GA_prob: 0.355, Eps: 0.198, GA_count: 287, Steps: 748

Train 206/500 Loss: 0.001034, Reward: 72.2370, GA_prob: 0.354, Eps: 0.197, GA_count: 33, Steps: 118

Train 207/500 Loss: 0.001071, Reward: 56.0303, GA_prob: 0.352, Eps: 0.197, GA_count: 42, Steps: 88

Train 208/500 Loss: 0.001050, Reward: 361.0338, GA_prob: 0.355, Eps: 0.198, GA_count: 193, Steps: 568

Train 206/500 Loss: 0.000997, Reward: 181.2762, GA_prob: 0.351, Eps: 0.196, GA_count: 103, Steps: 298

Train 209/500 Loss: 0.001152, Reward: 55.7816, GA_prob: 0.354, Eps: 0.197, GA_count: 30, Steps: 88

Train 207/500 Loss: 0.000948, Reward: 126.2120, GA_prob: 0.350, Eps: 0.196, GA_count: 67, Steps: 208

Train 210/500 Loss: 0.000969, Reward: 52.3821, GA_prob: 0.349, Eps: 0.195, GA_count: 32, Steps: 88

Train 211/500 Loss: 0.000953, Reward: 453.1230, GA_prob: 0.352, Eps: 0.197, GA_count: 278, Steps: 748

Train 208/500 Loss: 0.001078, Reward: 446.2472, GA_prob: 0.347, Eps: 0.195, GA_count: 275, Steps: 748

Train 212/500 Loss: 0.001047, Reward: 127.6472, GA_prob: 0.351, Eps: 0.196, GA_count: 78, Steps: 208

Train 209/500 Loss: 0.001135, Reward: 55.0227, GA_prob: 0.346, Eps: 0.194, GA_count: 40, Steps: 88

Train 213/500 Loss: 0.001022, Reward: 343.2270, GA_prob: 0.345, Eps: 0.194, GA_count: 203, Steps: 568

Train 214/500 Loss: 0.000998, Reward: 453.6306, GA_prob: 0.350, Eps: 0.196, GA_count: 272, Steps: 748

Train 210/500 Loss: 0.001181, Reward: 184.9327, GA_prob: 0.344, Eps: 0.193, GA_count: 100, Steps: 298

Train 215/500 Loss: 0.000854, Reward: 186.5025, GA_prob: 0.349, Eps: 0.195, GA_count: 94, Steps: 298

Train 211/500 Loss: 0.001141, Reward: 130.9190, GA_prob: 0.343, Eps: 0.193, GA_count: 69, Steps: 208

Train 216/500 Loss: 0.001204, Reward: 34.0870, GA_prob: 0.341, Eps: 0.192, GA_count: 21, Steps: 58

Train 217/500 Loss: 0.000917, Reward: 346.4001, GA_prob: 0.347, Eps: 0.195, GA_count: 208, Steps: 568

Train 212/500 Loss: 0.001236, Reward: 459.2310, GA_prob: 0.340, Eps: 0.192, GA_count: 231, Steps: 748

Train 218/500 Loss: 0.001348, Reward: 35.6287, GA_prob: 0.339, Eps: 0.191, GA_count: 15, Steps: 58

Train 219/500 Loss: 0.000858, Reward: 235.3209, GA_prob: 0.346, Eps: 0.194, GA_count: 146, Steps: 388

Train 213/500 Loss: 0.001040, Reward: 347.2902, GA_prob: 0.338, Eps: 0.191, GA_count: 184, Steps: 568

Train 220/500 Loss: 0.000925, Reward: 74.4709, GA_prob: 0.337, Eps: 0.190, GA_count: 36, Steps: 118

Train 221/500 Loss: 0.000842, Reward: 128.7418, GA_prob: 0.335, Eps: 0.190, GA_count: 68, Steps: 208

Train 222/500 Loss: 0.000927, Reward: 459.9307, GA_prob: 0.345, Eps: 0.194, GA_count: 260, Steps: 748

Train 214/500 Loss: 0.001465, Reward: 52.8314, GA_prob: 0.334, Eps: 0.189, GA_count: 30, Steps: 88

Train 223/500 Loss: 0.000943, Reward: 33.3920, GA_prob: 0.344, Eps: 0.193, GA_count: 21, Steps: 58

Train 215/500 Loss: 0.000995, Reward: 92.3105, GA_prob: 0.343, Eps: 0.193, GA_count: 44, Steps: 148

Train 216/500 Loss: 0.000915, Reward: 131.3417, GA_prob: 0.341, Eps: 0.192, GA_count: 62, Steps: 208

Train 217/500 Loss: 0.001062, Reward: 182.1627, GA_prob: 0.340, Eps: 0.192, GA_count: 86, Steps: 298

Train 218/500 Loss: 0.000929, Reward: 344.2945, GA_prob: 0.333, Eps: 0.189, GA_count: 210, Steps: 568

Train 224/500 Loss: 0.000905, Reward: 131.1248, GA_prob: 0.339, Eps: 0.191, GA_count: 80, Steps: 208

Train 219/500 Loss: 0.001074, Reward: 186.4725, GA_prob: 0.332, Eps: 0.188, GA_count: 106, Steps: 298

Train 225/500 Loss: 0.000949, Reward: 460.2900, GA_prob: 0.338, Eps: 0.191, GA_count: 249, Steps: 748

Train 220/500 Loss: 0.000926, Reward: 449.8378, GA_prob: 0.331, Eps: 0.188, GA_count: 252, Steps: 748

Train 226/500 Loss: 0.000908, Reward: 187.4991, GA_prob: 0.329, Eps: 0.187, GA_count: 97, Steps: 298

Train 227/500 Loss: 0.001081, Reward: 236.6545, GA_prob: 0.337, Eps: 0.190, GA_count: 133, Steps: 388

Train 221/500 Loss: 0.001104, Reward: 131.1121, GA_prob: 0.328, Eps: 0.187, GA_count: 71, Steps: 208

Train 228/500 Loss: 0.000837, Reward: 131.2293, GA_prob: 0.335, Eps: 0.190, GA_count: 73, Steps: 208

Train 222/500 Loss: 0.000761, Reward: 36.8856, GA_prob: 0.327, Eps: 0.186, GA_count: 20, Steps: 58

Train 229/500 Loss: 0.001047, Reward: 88.0548, GA_prob: 0.326, Eps: 0.186, GA_count: 47, Steps: 148

Train 230/500 Loss: 0.000729, Reward: 189.9496, GA_prob: 0.334, Eps: 0.189, GA_count: 96, Steps: 298

Train 223/500 Loss: 0.001068, Reward: 75.8968, GA_prob: 0.325, Eps: 0.185, GA_count: 48, Steps: 118

Train 231/500 Loss: 0.000842, Reward: 71.4611, GA_prob: 0.333, Eps: 0.189, GA_count: 38, Steps: 118

Train 224/500 Loss: 0.000876, Reward: 91.3064, GA_prob: 0.323, Eps: 0.185, GA_count: 39, Steps: 148

Train 232/500 Loss: 0.000879, Reward: 75.1547, GA_prob: 0.332, Eps: 0.188, GA_count: 44, Steps: 118

Train 225/500 Loss: 0.000752, Reward: 37.1485, GA_prob: 0.331, Eps: 0.188, GA_count: 16, Steps: 58

Train 226/500 Loss: 0.001116, Reward: 182.6448, GA_prob: 0.322, Eps: 0.184, GA_count: 93, Steps: 298

Train 233/500 Loss: 0.001229, Reward: 55.5716, GA_prob: 0.321, Eps: 0.184, GA_count: 31, Steps: 88

Train 234/500 Loss: 0.000932, Reward: 186.0311, GA_prob: 0.329, Eps: 0.187, GA_count: 99, Steps: 298

Train 227/500 Loss: 0.000952, Reward: 126.4448, GA_prob: 0.320, Eps: 0.183, GA_count: 58, Steps: 208

Train 235/500 Loss: 0.000825, Reward: 91.2282, GA_prob: 0.328, Eps: 0.187, GA_count: 53, Steps: 148

Train 228/500 Loss: 0.001014, Reward: 133.5310, GA_prob: 0.319, Eps: 0.183, GA_count: 69, Steps: 208

Train 236/500 Loss: 0.000944, Reward: 92.2647, GA_prob: 0.317, Eps: 0.182, GA_count: 57, Steps: 148

Train 237/500 Loss: 0.000872, Reward: 244.0503, GA_prob: 0.327, Eps: 0.186, GA_count: 126, Steps: 388

Train 229/500 Loss: 0.000708, Reward: 54.7416, GA_prob: 0.326, Eps: 0.186, GA_count: 32, Steps: 88

Train 230/500 Loss: 0.000803, Reward: 179.5070, GA_prob: 0.325, Eps: 0.185, GA_count: 103, Steps: 298

Train 231/500 Loss: 0.000896, Reward: 455.4017, GA_prob: 0.316, Eps: 0.182, GA_count: 234, Steps: 748

Train 238/500 Loss: 0.000807, Reward: 247.4528, GA_prob: 0.315, Eps: 0.181, GA_count: 126, Steps: 388

Train 239/500 Loss: 0.000876, Reward: 450.7600, GA_prob: 0.323, Eps: 0.185, GA_count: 240, Steps: 748

Train 232/500 Loss: 0.000605, Reward: 72.7180, GA_prob: 0.314, Eps: 0.181, GA_count: 31, Steps: 118

Train 240/500 Loss: 0.000867, Reward: 186.5526, GA_prob: 0.322, Eps: 0.184, GA_count: 102, Steps: 298

Train 233/500 Loss: 0.000729, Reward: 464.2821, GA_prob: 0.313, Eps: 0.180, GA_count: 243, Steps: 748

Train 241/500 Loss: 0.000617, Reward: 69.8739, GA_prob: 0.311, Eps: 0.180, GA_count: 33, Steps: 118

Train 242/500 Loss: 0.000889, Reward: 345.1015, GA_prob: 0.321, Eps: 0.184, GA_count: 183, Steps: 568

Train 234/500 Loss: 0.001104, Reward: 130.4909, GA_prob: 0.320, Eps: 0.183, GA_count: 63, Steps: 208

Train 235/500 Loss: 0.000813, Reward: 235.8702, GA_prob: 0.310, Eps: 0.179, GA_count: 130, Steps: 388

Train 243/500 Loss: 0.000472, Reward: 36.7741, GA_prob: 0.309, Eps: 0.179, GA_count: 16, Steps: 58

Train 244/500 Loss: 0.000745, Reward: 92.6263, GA_prob: 0.308, Eps: 0.178, GA_count: 35, Steps: 148

Train 245/500 Loss: 0.000480, Reward: 75.3411, GA_prob: 0.307, Eps: 0.178, GA_count: 30, Steps: 118

Train 246/500 Loss: 0.000942, Reward: 344.0005, GA_prob: 0.319, Eps: 0.183, GA_count: 197, Steps: 568

Train 236/500 Loss: 0.001131, Reward: 185.7600, GA_prob: 0.317, Eps: 0.182, GA_count: 98, Steps: 298

Train 237/500 Loss: 0.000871, Reward: 54.2321, GA_prob: 0.316, Eps: 0.182, GA_count: 28, Steps: 88

Train 238/500 Loss: 0.000805, Reward: 342.4010, GA_prob: 0.305, Eps: 0.177, GA_count: 175, Steps: 568

Train 247/500 Loss: 0.000622, Reward: 35.6213, GA_prob: 0.315, Eps: 0.181, GA_count: 13, Steps: 58

Train 239/500 Loss: 0.000773, Reward: 95.8268, GA_prob: 0.304, Eps: 0.177, GA_count: 48, Steps: 148

Train 248/500 Loss: 0.000886, Reward: 95.0809, GA_prob: 0.314, Eps: 0.181, GA_count: 47, Steps: 148

Train 240/500 Loss: 0.000756, Reward: 55.0147, GA_prob: 0.303, Eps: 0.176, GA_count: 25, Steps: 88

Train 249/500 Loss: 0.000748, Reward: 242.0379, GA_prob: 0.302, Eps: 0.176, GA_count: 119, Steps: 388

Train 250/500 Loss: 0.000871, Reward: 349.3148, GA_prob: 0.313, Eps: 0.180, GA_count: 174, Steps: 568

Train 241/500 Loss: 0.001340, Reward: 52.1645, GA_prob: 0.311, Eps: 0.180, GA_count: 27, Steps: 88

Train 242/500 Loss: 0.000860, Reward: 342.6639, GA_prob: 0.301, Eps: 0.175, GA_count: 170, Steps: 568

Train 251/500 Loss: 0.000974, Reward: 122.3993, GA_prob: 0.299, Eps: 0.175, GA_count: 57, Steps: 208

Train 252/500 Loss: 0.000843, Reward: 129.1023, GA_prob: 0.298, Eps: 0.174, GA_count: 54, Steps: 208

Train 253/500 Loss: 0.001175, Reward: 454.5912, GA_prob: 0.310, Eps: 0.179, GA_count: 223, Steps: 748

Train 243/500 Loss: 0.001039, Reward: 183.2823, GA_prob: 0.309, Eps: 0.179, GA_count: 76, Steps: 298

Train 244/500 Loss: 0.000826, Reward: 242.5460, GA_prob: 0.297, Eps: 0.174, GA_count: 106, Steps: 388

Train 254/500 Loss: 0.000993, Reward: 96.9725, GA_prob: 0.296, Eps: 0.173, GA_count: 44, Steps: 148

Train 255/500 Loss: 0.001006, Reward: 342.3115, GA_prob: 0.308, Eps: 0.178, GA_count: 195, Steps: 568

Train 245/500 Loss: 0.001160, Reward: 36.0806, GA_prob: 0.307, Eps: 0.178, GA_count: 26, Steps: 58

Train 246/500 Loss: 0.001001, Reward: 456.9400, GA_prob: 0.295, Eps: 0.173, GA_count: 226, Steps: 748

Train 256/500 Loss: 0.001061, Reward: 93.0724, GA_prob: 0.293, Eps: 0.172, GA_count: 38, Steps: 148

Train 257/500 Loss: 0.000938, Reward: 53.8794, GA_prob: 0.292, Eps: 0.172, GA_count: 28, Steps: 88

Train 258/500 Loss: 0.001248, Reward: 460.8098, GA_prob: 0.305, Eps: 0.177, GA_count: 193, Steps: 748

Train 247/500 Loss: 0.000837, Reward: 182.7620, GA_prob: 0.291, Eps: 0.171, GA_count: 99, Steps: 298

Train 259/500 Loss: 0.001102, Reward: 36.0200, GA_prob: 0.290, Eps: 0.171, GA_count: 12, Steps: 58

Train 260/500 Loss: 0.001136, Reward: 90.9682, GA_prob: 0.289, Eps: 0.170, GA_count: 42, Steps: 148

Train 261/500 Loss: 0.001059, Reward: 355.8445, GA_prob: 0.304, Eps: 0.177, GA_count: 164, Steps: 568

Train 248/500 Loss: 0.001013, Reward: 187.2199, GA_prob: 0.287, Eps: 0.170, GA_count: 100, Steps: 298

Train 262/500 Loss: 0.001004, Reward: 37.6705, GA_prob: 0.286, Eps: 0.169, GA_count: 15, Steps: 58

Train 263/500 Loss: 0.001855, Reward: 181.4145, GA_prob: 0.303, Eps: 0.176, GA_count: 89, Steps: 298

Train 249/500 Loss: 0.001095, Reward: 95.4281, GA_prob: 0.302, Eps: 0.176, GA_count: 46, Steps: 148

Train 250/500 Loss: 0.001144, Reward: 186.5365, GA_prob: 0.285, Eps: 0.169, GA_count: 87, Steps: 298

Train 264/500 Loss: 0.000906, Reward: 35.6007, GA_prob: 0.284, Eps: 0.168, GA_count: 23, Steps: 58

Train 265/500 Loss: 0.001048, Reward: 127.2213, GA_prob: 0.301, Eps: 0.175, GA_count: 61, Steps: 208

Train 251/500 Loss: 0.000945, Reward: 36.4164, GA_prob: 0.299, Eps: 0.175, GA_count: 21, Steps: 58

Train 252/500 Loss: 0.000717, Reward: 35.0330, GA_prob: 0.298, Eps: 0.174, GA_count: 15, Steps: 58

Train 253/500 Loss: 0.001021, Reward: 189.2735, GA_prob: 0.297, Eps: 0.174, GA_count: 81, Steps: 298

Train 254/500 Loss: 0.000767, Reward: 91.7168, GA_prob: 0.296, Eps: 0.173, GA_count: 39, Steps: 148

Train 255/500 Loss: 0.000831, Reward: 452.8568, GA_prob: 0.283, Eps: 0.168, GA_count: 211, Steps: 748

Train 266/500 Loss: 0.001275, Reward: 54.6637, GA_prob: 0.281, Eps: 0.167, GA_count: 30, Steps: 88

Train 267/500 Loss: 0.001049, Reward: 184.5752, GA_prob: 0.280, Eps: 0.167, GA_count: 87, Steps: 298

Train 268/500 Loss: 0.000944, Reward: 337.0009, GA_prob: 0.295, Eps: 0.173, GA_count: 191, Steps: 568

Train 256/500 Loss: 0.000710, Reward: 247.8960, GA_prob: 0.279, Eps: 0.166, GA_count: 110, Steps: 388

Train 269/500 Loss: 0.000716, Reward: 185.5018, GA_prob: 0.278, Eps: 0.166, GA_count: 86, Steps: 298

Train 270/500 Loss: 0.000671, Reward: 36.6051, GA_prob: 0.277, Eps: 0.165, GA_count: 17, Steps: 58

Train 271/500 Loss: 0.000986, Reward: 336.4658, GA_prob: 0.293, Eps: 0.172, GA_count: 171, Steps: 568

Train 257/500 Loss: 0.000622, Reward: 96.3900, GA_prob: 0.275, Eps: 0.165, GA_count: 44, Steps: 148

Train 272/500 Loss: 0.001198, Reward: 127.5959, GA_prob: 0.292, Eps: 0.172, GA_count: 59, Steps: 208

Train 258/500 Loss: 0.000640, Reward: 96.9454, GA_prob: 0.274, Eps: 0.164, GA_count: 40, Steps: 148

Train 273/500 Loss: 0.000971, Reward: 339.3926, GA_prob: 0.291, Eps: 0.171, GA_count: 147, Steps: 568

Train 259/500 Loss: 0.000848, Reward: 455.2102, GA_prob: 0.273, Eps: 0.164, GA_count: 201, Steps: 748

Train 274/500 Loss: 0.000905, Reward: 338.9813, GA_prob: 0.290, Eps: 0.171, GA_count: 172, Steps: 568

Train 260/500 Loss: 0.000705, Reward: 243.6430, GA_prob: 0.272, Eps: 0.163, GA_count: 109, Steps: 388

Train 275/500 Loss: 0.000775, Reward: 73.6712, GA_prob: 0.271, Eps: 0.163, GA_count: 34, Steps: 118

Train 276/500 Loss: 0.000759, Reward: 130.5822, GA_prob: 0.289, Eps: 0.170, GA_count: 57, Steps: 208

Train 261/500 Loss: 0.000947, Reward: 36.2842, GA_prob: 0.287, Eps: 0.170, GA_count: 11, Steps: 58

Train 262/500 Loss: 0.000800, Reward: 57.5105, GA_prob: 0.286, Eps: 0.169, GA_count: 24, Steps: 88

Train 263/500 Loss: 0.000793, Reward: 124.6686, GA_prob: 0.269, Eps: 0.162, GA_count: 58, Steps: 208

Train 277/500 Loss: 0.000571, Reward: 37.6043, GA_prob: 0.268, Eps: 0.162, GA_count: 13, Steps: 58

Train 278/500 Loss: 0.000630, Reward: 188.5428, GA_prob: 0.267, Eps: 0.161, GA_count: 72, Steps: 298

Train 279/500 Loss: 0.000494, Reward: 53.4446, GA_prob: 0.266, Eps: 0.161, GA_count: 29, Steps: 88

Train 280/500 Loss: 0.000885, Reward: 345.4009, GA_prob: 0.285, Eps: 0.169, GA_count: 153, Steps: 568

Train 264/500 Loss: 0.000792, Reward: 91.7504, GA_prob: 0.284, Eps: 0.168, GA_count: 45, Steps: 148

Train 265/500 Loss: 0.000725, Reward: 127.0881, GA_prob: 0.283, Eps: 0.168, GA_count: 65, Steps: 208

Train 266/500 Loss: 0.000697, Reward: 442.9423, GA_prob: 0.265, Eps: 0.160, GA_count: 194, Steps: 748

Train 281/500 Loss: 0.000793, Reward: 461.0292, GA_prob: 0.281, Eps: 0.167, GA_count: 200, Steps: 748

Train 267/500 Loss: 0.000677, Reward: 449.3771, GA_prob: 0.263, Eps: 0.160, GA_count: 188, Steps: 748

Train 282/500 Loss: 0.000574, Reward: 54.5711, GA_prob: 0.262, Eps: 0.159, GA_count: 22, Steps: 88

Train 283/500 Loss: 0.000728, Reward: 252.8018, GA_prob: 0.280, Eps: 0.167, GA_count: 107, Steps: 388

Train 268/500 Loss: 0.000817, Reward: 126.1263, GA_prob: 0.261, Eps: 0.159, GA_count: 59, Steps: 208

Train 284/500 Loss: 0.000591, Reward: 95.3345, GA_prob: 0.260, Eps: 0.158, GA_count: 47, Steps: 148

Train 285/500 Loss: 0.000647, Reward: 187.6796, GA_prob: 0.279, Eps: 0.166, GA_count: 89, Steps: 298

Train 269/500 Loss: 0.000512, Reward: 247.2796, GA_prob: 0.278, Eps: 0.166, GA_count: 101, Steps: 388

Train 270/500 Loss: 0.000855, Reward: 342.8295, GA_prob: 0.259, Eps: 0.158, GA_count: 158, Steps: 568

Train 286/500 Loss: 0.000443, Reward: 126.8656, GA_prob: 0.277, Eps: 0.165, GA_count: 54, Steps: 208

Train 271/500 Loss: 0.000763, Reward: 55.2996, GA_prob: 0.257, Eps: 0.157, GA_count: 20, Steps: 88

Train 287/500 Loss: 0.000427, Reward: 73.6880, GA_prob: 0.275, Eps: 0.165, GA_count: 24, Steps: 118

Train 272/500 Loss: 0.000745, Reward: 75.2020, GA_prob: 0.256, Eps: 0.157, GA_count: 36, Steps: 118

Train 288/500 Loss: 0.000603, Reward: 93.4920, GA_prob: 0.274, Eps: 0.164, GA_count: 43, Steps: 148

Train 273/500 Loss: 0.000601, Reward: 93.1461, GA_prob: 0.255, Eps: 0.156, GA_count: 27, Steps: 148

Train 289/500 Loss: 0.000834, Reward: 345.1062, GA_prob: 0.254, Eps: 0.156, GA_count: 144, Steps: 568

Train 290/500 Loss: 0.000947, Reward: 56.7395, GA_prob: 0.253, Eps: 0.155, GA_count: 30, Steps: 88

Train 291/500 Loss: 0.000634, Reward: 471.5718, GA_prob: 0.273, Eps: 0.164, GA_count: 215, Steps: 748

Train 274/500 Loss: 0.001712, Reward: 53.6440, GA_prob: 0.251, Eps: 0.155, GA_count: 21, Steps: 88

Train 292/500 Loss: 0.000584, Reward: 357.5817, GA_prob: 0.272, Eps: 0.163, GA_count: 164, Steps: 568

Train 275/500 Loss: 0.001069, Reward: 451.8296, GA_prob: 0.250, Eps: 0.154, GA_count: 182, Steps: 748

Train 293/500 Loss: 0.000976, Reward: 186.7204, GA_prob: 0.249, Eps: 0.154, GA_count: 80, Steps: 298

Train 294/500 Loss: 0.000782, Reward: 455.9285, GA_prob: 0.271, Eps: 0.163, GA_count: 197, Steps: 748

Train 276/500 Loss: 0.000984, Reward: 246.2123, GA_prob: 0.248, Eps: 0.153, GA_count: 106, Steps: 388

Train 295/500 Loss: 0.001012, Reward: 188.0334, GA_prob: 0.246, Eps: 0.153, GA_count: 59, Steps: 298

Train 296/500 Loss: 0.000710, Reward: 240.3905, GA_prob: 0.269, Eps: 0.162, GA_count: 98, Steps: 388

Train 277/500 Loss: 0.001231, Reward: 55.9508, GA_prob: 0.268, Eps: 0.162, GA_count: 16, Steps: 88

Train 278/500 Loss: 0.000978, Reward: 238.5121, GA_prob: 0.245, Eps: 0.152, GA_count: 92, Steps: 388

Train 297/500 Loss: 0.000861, Reward: 188.8763, GA_prob: 0.267, Eps: 0.161, GA_count: 80, Steps: 298

Train 279/500 Loss: 0.000789, Reward: 244.5350, GA_prob: 0.266, Eps: 0.161, GA_count: 103, Steps: 388

Train 280/500 Loss: 0.000842, Reward: 453.2645, GA_prob: 0.244, Eps: 0.152, GA_count: 180, Steps: 748

Train 298/500 Loss: 0.000943, Reward: 343.6541, GA_prob: 0.265, Eps: 0.160, GA_count: 130, Steps: 568

Train 281/500 Loss: 0.000791, Reward: 177.5793, GA_prob: 0.243, Eps: 0.151, GA_count: 76, Steps: 298

Train 299/500 Loss: 0.000727, Reward: 97.2227, GA_prob: 0.263, Eps: 0.160, GA_count: 41, Steps: 148

Train 282/500 Loss: 0.000783, Reward: 249.9703, GA_prob: 0.262, Eps: 0.159, GA_count: 102, Steps: 388

Train 283/500 Loss: 0.000809, Reward: 357.1125, GA_prob: 0.242, Eps: 0.151, GA_count: 149, Steps: 568

Train 300/500 Loss: 0.000689, Reward: 54.2826, GA_prob: 0.261, Eps: 0.159, GA_count: 16, Steps: 88

Train 284/500 Loss: 0.000481, Reward: 36.6378, GA_prob: 0.260, Eps: 0.158, GA_count: 18, Steps: 58

Train 285/500 Loss: 0.000853, Reward: 190.6779, GA_prob: 0.240, Eps: 0.150, GA_count: 63, Steps: 298

Train 301/500 Loss: 0.000753, Reward: 73.5234, GA_prob: 0.239, Eps: 0.150, GA_count: 24, Steps: 118

Train 302/500 Loss: 0.000658, Reward: 188.1224, GA_prob: 0.259, Eps: 0.158, GA_count: 82, Steps: 298

Train 286/500 Loss: 0.000523, Reward: 132.6115, GA_prob: 0.257, Eps: 0.157, GA_count: 45, Steps: 208

Train 287/500 Loss: 0.000637, Reward: 55.7412, GA_prob: 0.256, Eps: 0.157, GA_count: 17, Steps: 88

Train 288/500 Loss: 0.000703, Reward: 352.0281, GA_prob: 0.238, Eps: 0.149, GA_count: 133, Steps: 568

Train 303/500 Loss: 0.000975, Reward: 56.8550, GA_prob: 0.237, Eps: 0.149, GA_count: 23, Steps: 88

Train 304/500 Loss: 0.000760, Reward: 243.9943, GA_prob: 0.255, Eps: 0.156, GA_count: 102, Steps: 388

Train 289/500 Loss: 0.000895, Reward: 185.1021, GA_prob: 0.236, Eps: 0.148, GA_count: 78, Steps: 298

Train 305/500 Loss: 0.000862, Reward: 189.4708, GA_prob: 0.234, Eps: 0.148, GA_count: 79, Steps: 298

Train 306/500 Loss: 0.000633, Reward: 54.4942, GA_prob: 0.233, Eps: 0.147, GA_count: 23, Steps: 88

Train 307/500 Loss: 0.000677, Reward: 451.0994, GA_prob: 0.254, Eps: 0.156, GA_count: 181, Steps: 748

Train 290/500 Loss: 0.000698, Reward: 189.0788, GA_prob: 0.232, Eps: 0.147, GA_count: 79, Steps: 298

Train 308/500 Loss: 0.000616, Reward: 54.5351, GA_prob: 0.231, Eps: 0.146, GA_count: 15, Steps: 88

Train 309/500 Loss: 0.000623, Reward: 353.4578, GA_prob: 0.253, Eps: 0.155, GA_count: 152, Steps: 568

Train 291/500 Loss: 0.000535, Reward: 188.4107, GA_prob: 0.251, Eps: 0.155, GA_count: 78, Steps: 298

Train 292/500 Loss: 0.000568, Reward: 453.8438, GA_prob: 0.230, Eps: 0.146, GA_count: 161, Steps: 748

Train 310/500 Loss: 0.000456, Reward: 94.1182, GA_prob: 0.250, Eps: 0.154, GA_count: 37, Steps: 148

Train 293/500 Loss: 0.000606, Reward: 54.0357, GA_prob: 0.249, Eps: 0.154, GA_count: 23, Steps: 88

Train 294/500 Loss: 0.000440, Reward: 36.4442, GA_prob: 0.248, Eps: 0.153, GA_count: 15, Steps: 58

Train 295/500 Loss: 0.000705, Reward: 75.1293, GA_prob: 0.246, Eps: 0.153, GA_count: 33, Steps: 118

Train 296/500 Loss: 0.000652, Reward: 362.7068, GA_prob: 0.228, Eps: 0.145, GA_count: 127, Steps: 568

Train 311/500 Loss: 0.001008, Reward: 129.2602, GA_prob: 0.227, Eps: 0.145, GA_count: 55, Steps: 208

Train 312/500 Loss: 0.000729, Reward: 239.5725, GA_prob: 0.245, Eps: 0.152, GA_count: 91, Steps: 388

Train 297/500 Loss: 0.000698, Reward: 76.5641, GA_prob: 0.226, Eps: 0.144, GA_count: 24, Steps: 118

Train 313/500 Loss: 0.000641, Reward: 57.5897, GA_prob: 0.225, Eps: 0.144, GA_count: 21, Steps: 88

Train 314/500 Loss: 0.000709, Reward: 181.1138, GA_prob: 0.244, Eps: 0.152, GA_count: 60, Steps: 298

Train 298/500 Loss: 0.000676, Reward: 344.0006, GA_prob: 0.224, Eps: 0.143, GA_count: 130, Steps: 568

Train 315/500 Loss: 0.000763, Reward: 188.6831, GA_prob: 0.222, Eps: 0.143, GA_count: 62, Steps: 298

Train 316/500 Loss: 0.000643, Reward: 448.9889, GA_prob: 0.243, Eps: 0.151, GA_count: 181, Steps: 748

Train 299/500 Loss: 0.000453, Reward: 55.6867, GA_prob: 0.221, Eps: 0.142, GA_count: 12, Steps: 88

Train 317/500 Loss: 0.000612, Reward: 129.3863, GA_prob: 0.220, Eps: 0.142, GA_count: 43, Steps: 208

Train 318/500 Loss: 0.000943, Reward: 95.7479, GA_prob: 0.219, Eps: 0.141, GA_count: 39, Steps: 148

Train 319/500 Loss: 0.000706, Reward: 346.7800, GA_prob: 0.242, Eps: 0.151, GA_count: 124, Steps: 568

Train 300/500 Loss: 0.000645, Reward: 134.7984, GA_prob: 0.218, Eps: 0.141, GA_count: 41, Steps: 208

Train 320/500 Loss: 0.000649, Reward: 56.8186, GA_prob: 0.240, Eps: 0.150, GA_count: 24, Steps: 88

Train 301/500 Loss: 0.000595, Reward: 190.2699, GA_prob: 0.216, Eps: 0.140, GA_count: 64, Steps: 298

Train 321/500 Loss: 0.000804, Reward: 129.2941, GA_prob: 0.239, Eps: 0.150, GA_count: 53, Steps: 208

Train 302/500 Loss: 0.000700, Reward: 70.5255, GA_prob: 0.215, Eps: 0.140, GA_count: 23, Steps: 118

Train 322/500 Loss: 0.000648, Reward: 127.3173, GA_prob: 0.214, Eps: 0.139, GA_count: 44, Steps: 208

Train 323/500 Loss: 0.000781, Reward: 189.8640, GA_prob: 0.238, Eps: 0.149, GA_count: 72, Steps: 298

Train 303/500 Loss: 0.000786, Reward: 94.9581, GA_prob: 0.237, Eps: 0.149, GA_count: 34, Steps: 148

Train 304/500 Loss: 0.000697, Reward: 135.9069, GA_prob: 0.213, Eps: 0.139, GA_count: 37, Steps: 208

Train 324/500 Loss: 0.001339, Reward: 56.1667, GA_prob: 0.236, Eps: 0.148, GA_count: 20, Steps: 88

Train 305/500 Loss: 0.000596, Reward: 94.3520, GA_prob: 0.212, Eps: 0.138, GA_count: 39, Steps: 148

Train 325/500 Loss: 0.000507, Reward: 74.5906, GA_prob: 0.210, Eps: 0.138, GA_count: 26, Steps: 118

Train 326/500 Loss: 0.001144, Reward: 131.3470, GA_prob: 0.234, Eps: 0.148, GA_count: 57, Steps: 208

Train 306/500 Loss: 0.000683, Reward: 133.3034, GA_prob: 0.209, Eps: 0.137, GA_count: 47, Steps: 208

Train 327/500 Loss: 0.000884, Reward: 344.1823, GA_prob: 0.233, Eps: 0.147, GA_count: 117, Steps: 568

Train 307/500 Loss: 0.000814, Reward: 228.5070, GA_prob: 0.208, Eps: 0.137, GA_count: 90, Steps: 388

Train 328/500 Loss: 0.000841, Reward: 73.9408, GA_prob: 0.232, Eps: 0.147, GA_count: 30, Steps: 118

Train 308/500 Loss: 0.000997, Reward: 76.4041, GA_prob: 0.207, Eps: 0.136, GA_count: 27, Steps: 118

Train 329/500 Loss: 0.000719, Reward: 36.8971, GA_prob: 0.231, Eps: 0.146, GA_count: 15, Steps: 58

Train 309/500 Loss: 0.000812, Reward: 137.6649, GA_prob: 0.206, Eps: 0.136, GA_count: 33, Steps: 208

Train 330/500 Loss: 0.000630, Reward: 128.6786, GA_prob: 0.230, Eps: 0.146, GA_count: 60, Steps: 208

Train 310/500 Loss: 0.001002, Reward: 188.5135, GA_prob: 0.228, Eps: 0.145, GA_count: 68, Steps: 298

Train 311/500 Loss: 0.000687, Reward: 53.5523, GA_prob: 0.227, Eps: 0.145, GA_count: 13, Steps: 88

Train 312/500 Loss: 0.000782, Reward: 56.4474, GA_prob: 0.226, Eps: 0.144, GA_count: 19, Steps: 88

Train 313/500 Loss: 0.000752, Reward: 37.4823, GA_prob: 0.225, Eps: 0.144, GA_count: 17, Steps: 58

Train 314/500 Loss: 0.000641, Reward: 467.8286, GA_prob: 0.204, Eps: 0.135, GA_count: 145, Steps: 748

Train 331/500 Loss: 0.001163, Reward: 54.7541, GA_prob: 0.224, Eps: 0.143, GA_count: 17, Steps: 88

Train 315/500 Loss: 0.000702, Reward: 236.8355, GA_prob: 0.203, Eps: 0.135, GA_count: 79, Steps: 388

Train 332/500 Loss: 0.000881, Reward: 130.8444, GA_prob: 0.202, Eps: 0.134, GA_count: 48, Steps: 208

Train 333/500 Loss: 0.000730, Reward: 68.4587, GA_prob: 0.201, Eps: 0.134, GA_count: 18, Steps: 118

Train 334/500 Loss: 0.000740, Reward: 450.2663, GA_prob: 0.222, Eps: 0.143, GA_count: 134, Steps: 748

Train 316/500 Loss: 0.000679, Reward: 96.4289, GA_prob: 0.221, Eps: 0.142, GA_count: 29, Steps: 148

Train 317/500 Loss: 0.000434, Reward: 92.8404, GA_prob: 0.220, Eps: 0.142, GA_count: 28, Steps: 148

Train 318/500 Loss: 0.000625, Reward: 94.1887, GA_prob: 0.219, Eps: 0.141, GA_count: 29, Steps: 148

Train 319/500 Loss: 0.000779, Reward: 360.9075, GA_prob: 0.200, Eps: 0.133, GA_count: 113, Steps: 568

Train 335/500 Loss: 0.000849, Reward: 57.1419, GA_prob: 0.198, Eps: 0.133, GA_count: 16, Steps: 88

Train 336/500 Loss: 0.000650, Reward: 343.4903, GA_prob: 0.218, Eps: 0.141, GA_count: 126, Steps: 568

Train 320/500 Loss: 0.000716, Reward: 354.1839, GA_prob: 0.197, Eps: 0.132, GA_count: 124, Steps: 568

Train 337/500 Loss: 0.000563, Reward: 57.8343, GA_prob: 0.196, Eps: 0.132, GA_count: 19, Steps: 88

Train 338/500 Loss: 0.000600, Reward: 236.6619, GA_prob: 0.195, Eps: 0.131, GA_count: 74, Steps: 388

Train 339/500 Loss: 0.000581, Reward: 460.2395, GA_prob: 0.216, Eps: 0.140, GA_count: 148, Steps: 748

Train 321/500 Loss: 0.000646, Reward: 54.2683, GA_prob: 0.215, Eps: 0.140, GA_count: 20, Steps: 88

Train 322/500 Loss: 0.000531, Reward: 95.2224, GA_prob: 0.214, Eps: 0.139, GA_count: 23, Steps: 148

Train 323/500 Loss: 0.000615, Reward: 248.3144, GA_prob: 0.194, Eps: 0.131, GA_count: 67, Steps: 388

Train 340/500 Loss: 0.000450, Reward: 34.4495, GA_prob: 0.213, Eps: 0.139, GA_count: 15, Steps: 58

Train 324/500 Loss: 0.000594, Reward: 76.9456, GA_prob: 0.192, Eps: 0.130, GA_count: 33, Steps: 118

Train 341/500 Loss: 0.000616, Reward: 190.7157, GA_prob: 0.212, Eps: 0.138, GA_count: 64, Steps: 298

Train 325/500 Loss: 0.000583, Reward: 245.2549, GA_prob: 0.210, Eps: 0.138, GA_count: 89, Steps: 388

Train 326/500 Loss: 0.000706, Reward: 58.3697, GA_prob: 0.209, Eps: 0.137, GA_count: 12, Steps: 88

Train 327/500 Loss: 0.000771, Reward: 449.5195, GA_prob: 0.191, Eps: 0.130, GA_count: 144, Steps: 748

Train 342/500 Loss: 0.000723, Reward: 91.8633, GA_prob: 0.190, Eps: 0.129, GA_count: 24, Steps: 148

Train 343/500 Loss: 0.000560, Reward: 131.7433, GA_prob: 0.208, Eps: 0.137, GA_count: 53, Steps: 208

Train 328/500 Loss: 0.000646, Reward: 94.0202, GA_prob: 0.207, Eps: 0.136, GA_count: 38, Steps: 148

Train 329/500 Loss: 0.000934, Reward: 73.9624, GA_prob: 0.206, Eps: 0.136, GA_count: 21, Steps: 118

Train 330/500 Loss: 0.000868, Reward: 92.7267, GA_prob: 0.204, Eps: 0.135, GA_count: 23, Steps: 148

Train 331/500 Loss: 0.000638, Reward: 56.5311, GA_prob: 0.203, Eps: 0.135, GA_count: 24, Steps: 88

Train 332/500 Loss: 0.000890, Reward: 448.2338, GA_prob: 0.189, Eps: 0.129, GA_count: 112, Steps: 748

Train 344/500 Loss: 0.000435, Reward: 91.7774, GA_prob: 0.202, Eps: 0.134, GA_count: 34, Steps: 148

Train 333/500 Loss: 0.000728, Reward: 191.4471, GA_prob: 0.188, Eps: 0.128, GA_count: 37, Steps: 298

Train 345/500 Loss: 0.000963, Reward: 53.2320, GA_prob: 0.186, Eps: 0.128, GA_count: 12, Steps: 88

Train 346/500 Loss: 0.000636, Reward: 467.9843, GA_prob: 0.201, Eps: 0.134, GA_count: 135, Steps: 748

Train 334/500 Loss: 0.000975, Reward: 439.3349, GA_prob: 0.185, Eps: 0.127, GA_count: 134, Steps: 748

Train 347/500 Loss: 0.000978, Reward: 57.0048, GA_prob: 0.184, Eps: 0.127, GA_count: 12, Steps: 88

Train 348/500 Loss: 0.000950, Reward: 91.8496, GA_prob: 0.183, Eps: 0.126, GA_count: 29, Steps: 148

Train 349/500 Loss: 0.000543, Reward: 246.0669, GA_prob: 0.200, Eps: 0.133, GA_count: 85, Steps: 388

Train 335/500 Loss: 0.000748, Reward: 56.0036, GA_prob: 0.182, Eps: 0.126, GA_count: 17, Steps: 88

Train 350/500 Loss: 0.000585, Reward: 239.0774, GA_prob: 0.198, Eps: 0.133, GA_count: 69, Steps: 388

Train 336/500 Loss: 0.001019, Reward: 190.5169, GA_prob: 0.180, Eps: 0.125, GA_count: 56, Steps: 298

Train 351/500 Loss: 0.000855, Reward: 36.2046, GA_prob: 0.197, Eps: 0.132, GA_count: 10, Steps: 58

Train 337/500 Loss: 0.000982, Reward: 96.5435, GA_prob: 0.179, Eps: 0.125, GA_count: 24, Steps: 148

Train 352/500 Loss: 0.000437, Reward: 76.2415, GA_prob: 0.196, Eps: 0.132, GA_count: 20, Steps: 118

Train 338/500 Loss: 0.000840, Reward: 353.2369, GA_prob: 0.178, Eps: 0.124, GA_count: 106, Steps: 568

Train 353/500 Loss: 0.000629, Reward: 351.5979, GA_prob: 0.195, Eps: 0.131, GA_count: 110, Steps: 568

Train 339/500 Loss: 0.000871, Reward: 76.6702, GA_prob: 0.177, Eps: 0.124, GA_count: 22, Steps: 118

Train 354/500 Loss: 0.000668, Reward: 75.0799, GA_prob: 0.194, Eps: 0.131, GA_count: 22, Steps: 118

Train 340/500 Loss: 0.000674, Reward: 36.8941, GA_prob: 0.192, Eps: 0.130, GA_count: 12, Steps: 58

Train 341/500 Loss: 0.000627, Reward: 186.4893, GA_prob: 0.191, Eps: 0.130, GA_count: 61, Steps: 298

Train 342/500 Loss: 0.000866, Reward: 439.9787, GA_prob: 0.176, Eps: 0.123, GA_count: 128, Steps: 748

Train 355/500 Loss: 0.000932, Reward: 53.8509, GA_prob: 0.174, Eps: 0.123, GA_count: 17, Steps: 88

Train 356/500 Loss: 0.000647, Reward: 249.0815, GA_prob: 0.190, Eps: 0.129, GA_count: 85, Steps: 388

Train 343/500 Loss: 0.000456, Reward: 95.0311, GA_prob: 0.189, Eps: 0.129, GA_count: 30, Steps: 148

Train 344/500 Loss: 0.000761, Reward: 240.0031, GA_prob: 0.173, Eps: 0.122, GA_count: 70, Steps: 388

Train 357/500 Loss: 0.000546, Reward: 137.0207, GA_prob: 0.188, Eps: 0.128, GA_count: 47, Steps: 208

Train 345/500 Loss: 0.000764, Reward: 77.5808, GA_prob: 0.186, Eps: 0.128, GA_count: 25, Steps: 118

Train 346/500 Loss: 0.000512, Reward: 77.5231, GA_prob: 0.185, Eps: 0.127, GA_count: 21, Steps: 118

Train 347/500 Loss: 0.000794, Reward: 246.9730, GA_prob: 0.172, Eps: 0.122, GA_count: 59, Steps: 388

Train 358/500 Loss: 0.000421, Reward: 74.5335, GA_prob: 0.184, Eps: 0.127, GA_count: 30, Steps: 118

Train 348/500 Loss: 0.000453, Reward: 252.3281, GA_prob: 0.171, Eps: 0.121, GA_count: 81, Steps: 388

Train 359/500 Loss: 0.000305, Reward: 188.3285, GA_prob: 0.170, Eps: 0.121, GA_count: 50, Steps: 298

Train 360/500 Loss: 0.000410, Reward: 70.5779, GA_prob: 0.168, Eps: 0.120, GA_count: 16, Steps: 118

Train 361/500 Loss: 0.000768, Reward: 459.7655, GA_prob: 0.183, Eps: 0.126, GA_count: 152, Steps: 748

Train 349/500 Loss: 0.000584, Reward: 189.7563, GA_prob: 0.167, Eps: 0.120, GA_count: 55, Steps: 298

Train 362/500 Loss: 0.000536, Reward: 96.8286, GA_prob: 0.166, Eps: 0.119, GA_count: 20, Steps: 148

Train 363/500 Loss: 0.000542, Reward: 343.0914, GA_prob: 0.182, Eps: 0.126, GA_count: 101, Steps: 568

Train 350/500 Loss: 0.000732, Reward: 37.4614, GA_prob: 0.180, Eps: 0.125, GA_count: 11, Steps: 58

Train 351/500 Loss: 0.000660, Reward: 57.6913, GA_prob: 0.179, Eps: 0.125, GA_count: 19, Steps: 88

Train 352/500 Loss: 0.000631, Reward: 94.8936, GA_prob: 0.178, Eps: 0.124, GA_count: 36, Steps: 148

Train 353/500 Loss: 0.000521, Reward: 36.9190, GA_prob: 0.177, Eps: 0.124, GA_count: 9, Steps: 58

Train 354/500 Loss: 0.000545, Reward: 442.1178, GA_prob: 0.165, Eps: 0.119, GA_count: 131, Steps: 748

Train 364/500 Loss: 0.000607, Reward: 96.0855, GA_prob: 0.176, Eps: 0.123, GA_count: 24, Steps: 148

Train 355/500 Loss: 0.000570, Reward: 240.9882, GA_prob: 0.174, Eps: 0.123, GA_count: 80, Steps: 388

Train 356/500 Loss: 0.000747, Reward: 464.8348, GA_prob: 0.164, Eps: 0.118, GA_count: 112, Steps: 748

Train 365/500 Loss: 0.000634, Reward: 190.9490, GA_prob: 0.173, Eps: 0.122, GA_count: 59, Steps: 298

Train 357/500 Loss: 0.000521, Reward: 132.6027, GA_prob: 0.172, Eps: 0.122, GA_count: 46, Steps: 208

Train 358/500 Loss: 0.000714, Reward: 242.9304, GA_prob: 0.162, Eps: 0.118, GA_count: 67, Steps: 388

Train 366/500 Loss: 0.000552, Reward: 52.9952, GA_prob: 0.171, Eps: 0.121, GA_count: 15, Steps: 88

Train 359/500 Loss: 0.000702, Reward: 351.2549, GA_prob: 0.170, Eps: 0.121, GA_count: 87, Steps: 568

Train 360/500 Loss: 0.000786, Reward: 343.7507, GA_prob: 0.161, Eps: 0.117, GA_count: 102, Steps: 568

Train 367/500 Loss: 0.000520, Reward: 36.5882, GA_prob: 0.160, Eps: 0.117, GA_count: 4, Steps: 58

Train 368/500 Loss: 0.000743, Reward: 246.5412, GA_prob: 0.168, Eps: 0.120, GA_count: 73, Steps: 388

Train 361/500 Loss: 0.000651, Reward: 350.2542, GA_prob: 0.159, Eps: 0.116, GA_count: 81, Steps: 568

Train 369/500 Loss: 0.000601, Reward: 190.1504, GA_prob: 0.158, Eps: 0.116, GA_count: 51, Steps: 298

Train 370/500 Loss: 0.000505, Reward: 77.7281, GA_prob: 0.156, Eps: 0.115, GA_count: 18, Steps: 118

Train 371/500 Loss: 0.000579, Reward: 92.1047, GA_prob: 0.155, Eps: 0.115, GA_count: 22, Steps: 148

Train 372/500 Loss: 0.000518, Reward: 458.4495, GA_prob: 0.167, Eps: 0.120, GA_count: 126, Steps: 748

Train 362/500 Loss: 0.000489, Reward: 242.8953, GA_prob: 0.166, Eps: 0.119, GA_count: 72, Steps: 388

Train 363/500 Loss: 0.000621, Reward: 358.5461, GA_prob: 0.154, Eps: 0.114, GA_count: 77, Steps: 568

Train 373/500 Loss: 0.000771, Reward: 55.9709, GA_prob: 0.153, Eps: 0.114, GA_count: 6, Steps: 88

Train 374/500 Loss: 0.000346, Reward: 188.9052, GA_prob: 0.165, Eps: 0.119, GA_count: 48, Steps: 298

Train 364/500 Loss: 0.000647, Reward: 193.7902, GA_prob: 0.152, Eps: 0.113, GA_count: 36, Steps: 298

Train 375/500 Loss: 0.000458, Reward: 94.2844, GA_prob: 0.164, Eps: 0.118, GA_count: 29, Steps: 148

Train 365/500 Loss: 0.000415, Reward: 135.6680, GA_prob: 0.150, Eps: 0.113, GA_count: 38, Steps: 208

Train 376/500 Loss: 0.000369, Reward: 99.2412, GA_prob: 0.149, Eps: 0.112, GA_count: 22, Steps: 148

Train 377/500 Loss: 0.000462, Reward: 458.5143, GA_prob: 0.162, Eps: 0.118, GA_count: 115, Steps: 748

Train 366/500 Loss: 0.000440, Reward: 345.2274, GA_prob: 0.148, Eps: 0.112, GA_count: 83, Steps: 568

Train 378/500 Loss: 0.000500, Reward: 188.8182, GA_prob: 0.161, Eps: 0.117, GA_count: 55, Steps: 298

Train 367/500 Loss: 0.000402, Reward: 37.1344, GA_prob: 0.160, Eps: 0.117, GA_count: 14, Steps: 58

Train 368/500 Loss: 0.000509, Reward: 246.0109, GA_prob: 0.159, Eps: 0.116, GA_count: 50, Steps: 388

Train 369/500 Loss: 0.000429, Reward: 453.4186, GA_prob: 0.147, Eps: 0.111, GA_count: 113, Steps: 748

Train 379/500 Loss: 0.000549, Reward: 57.2343, GA_prob: 0.158, Eps: 0.116, GA_count: 18, Steps: 88

Train 370/500 Loss: 0.000625, Reward: 186.4835, GA_prob: 0.156, Eps: 0.115, GA_count: 51, Steps: 298

Train 371/500 Loss: 0.001044, Reward: 75.7707, GA_prob: 0.155, Eps: 0.115, GA_count: 17, Steps: 118

Train 372/500 Loss: 0.000531, Reward: 350.6683, GA_prob: 0.145, Eps: 0.111, GA_count: 79, Steps: 568

Train 380/500 Loss: 0.001118, Reward: 57.1595, GA_prob: 0.154, Eps: 0.114, GA_count: 13, Steps: 88

Train 373/500 Loss: 0.000770, Reward: 55.8622, GA_prob: 0.153, Eps: 0.114, GA_count: 13, Steps: 88

Train 374/500 Loss: 0.000640, Reward: 191.5689, GA_prob: 0.152, Eps: 0.113, GA_count: 33, Steps: 298

Train 375/500 Loss: 0.000531, Reward: 359.8438, GA_prob: 0.144, Eps: 0.110, GA_count: 79, Steps: 568

Train 381/500 Loss: 0.000528, Reward: 188.8332, GA_prob: 0.143, Eps: 0.110, GA_count: 42, Steps: 298

Train 382/500 Loss: 0.000563, Reward: 355.2641, GA_prob: 0.150, Eps: 0.113, GA_count: 87, Steps: 568

Train 376/500 Loss: 0.000401, Reward: 137.7241, GA_prob: 0.142, Eps: 0.109, GA_count: 25, Steps: 208

Train 383/500 Loss: 0.000490, Reward: 192.1660, GA_prob: 0.149, Eps: 0.112, GA_count: 45, Steps: 298

Train 377/500 Loss: 0.000338, Reward: 55.7785, GA_prob: 0.148, Eps: 0.112, GA_count: 17, Steps: 88

Train 378/500 Loss: 0.000596, Reward: 246.3869, GA_prob: 0.141, Eps: 0.109, GA_count: 53, Steps: 388

Train 384/500 Loss: 0.000562, Reward: 195.8857, GA_prob: 0.139, Eps: 0.108, GA_count: 45, Steps: 298

Train 385/500 Loss: 0.000556, Reward: 336.3951, GA_prob: 0.147, Eps: 0.111, GA_count: 95, Steps: 568

Train 379/500 Loss: 0.000455, Reward: 37.7000, GA_prob: 0.145, Eps: 0.111, GA_count: 10, Steps: 58

Train 380/500 Loss: 0.000480, Reward: 455.5890, GA_prob: 0.138, Eps: 0.108, GA_count: 102, Steps: 748

Train 386/500 Loss: 0.000497, Reward: 37.5485, GA_prob: 0.137, Eps: 0.107, GA_count: 5, Steps: 58

Train 387/500 Loss: 0.000505, Reward: 457.0301, GA_prob: 0.144, Eps: 0.110, GA_count: 112, Steps: 748

Train 381/500 Loss: 0.000639, Reward: 362.0178, GA_prob: 0.136, Eps: 0.107, GA_count: 61, Steps: 568

Train 388/500 Loss: 0.000238, Reward: 79.0621, GA_prob: 0.143, Eps: 0.110, GA_count: 18, Steps: 118

Train 382/500 Loss: 0.000289, Reward: 57.8013, GA_prob: 0.135, Eps: 0.106, GA_count: 6, Steps: 88

Train 389/500 Loss: 0.000383, Reward: 248.0629, GA_prob: 0.142, Eps: 0.109, GA_count: 58, Steps: 388

Train 383/500 Loss: 0.000905, Reward: 54.8144, GA_prob: 0.141, Eps: 0.109, GA_count: 11, Steps: 88

Train 384/500 Loss: 0.000532, Reward: 55.5149, GA_prob: 0.139, Eps: 0.108, GA_count: 15, Steps: 88

Train 385/500 Loss: 0.000510, Reward: 341.2191, GA_prob: 0.133, Eps: 0.106, GA_count: 98, Steps: 568

Train 390/500 Loss: 0.000447, Reward: 76.6323, GA_prob: 0.138, Eps: 0.108, GA_count: 15, Steps: 118

Train 386/500 Loss: 0.000479, Reward: 36.7344, GA_prob: 0.137, Eps: 0.107, GA_count: 6, Steps: 58

Train 387/500 Loss: 0.000564, Reward: 75.2498, GA_prob: 0.136, Eps: 0.107, GA_count: 11, Steps: 118

Train 388/500 Loss: 0.000611, Reward: 90.5785, GA_prob: 0.132, Eps: 0.105, GA_count: 25, Steps: 148

Train 391/500 Loss: 0.000335, Reward: 53.9060, GA_prob: 0.135, Eps: 0.106, GA_count: 17, Steps: 88

Train 389/500 Loss: 0.000411, Reward: 245.2311, GA_prob: 0.131, Eps: 0.105, GA_count: 57, Steps: 388

Train 392/500 Loss: 0.000388, Reward: 55.7231, GA_prob: 0.130, Eps: 0.104, GA_count: 9, Steps: 88

Train 393/500 Loss: 0.000733, Reward: 248.3688, GA_prob: 0.133, Eps: 0.106, GA_count: 55, Steps: 388

Train 390/500 Loss: 0.000432, Reward: 134.7895, GA_prob: 0.129, Eps: 0.104, GA_count: 24, Steps: 208

Train 394/500 Loss: 0.000496, Reward: 242.3860, GA_prob: 0.132, Eps: 0.105, GA_count: 55, Steps: 388

Train 391/500 Loss: 0.000557, Reward: 179.8044, GA_prob: 0.127, Eps: 0.103, GA_count: 45, Steps: 298

Train 395/500 Loss: 0.000391, Reward: 90.7351, GA_prob: 0.126, Eps: 0.103, GA_count: 21, Steps: 148

Train 396/500 Loss: 0.000503, Reward: 35.4368, GA_prob: 0.125, Eps: 0.102, GA_count: 7, Steps: 58

Train 397/500 Loss: 0.000616, Reward: 247.4921, GA_prob: 0.131, Eps: 0.105, GA_count: 42, Steps: 388

Train 392/500 Loss: 0.000569, Reward: 60.4953, GA_prob: 0.130, Eps: 0.104, GA_count: 10, Steps: 88

Train 393/500 Loss: 0.000600, Reward: 244.7685, GA_prob: 0.124, Eps: 0.102, GA_count: 67, Steps: 388

Train 398/500 Loss: 0.000746, Reward: 240.1156, GA_prob: 0.129, Eps: 0.104, GA_count: 54, Steps: 388

Train 394/500 Loss: 0.000531, Reward: 184.7389, GA_prob: 0.127, Eps: 0.103, GA_count: 36, Steps: 298

Train 395/500 Loss: 0.000592, Reward: 248.9665, GA_prob: 0.123, Eps: 0.101, GA_count: 48, Steps: 388

Train 399/500 Loss: 0.000463, Reward: 56.4531, GA_prob: 0.126, Eps: 0.103, GA_count: 15, Steps: 88

Train 396/500 Loss: 0.000515, Reward: 35.8785, GA_prob: 0.125, Eps: 0.102, GA_count: 9, Steps: 58

Train 397/500 Loss: 0.000527, Reward: 130.9544, GA_prob: 0.121, Eps: 0.101, GA_count: 24, Steps: 208

Train 400/500 Loss: 0.000409, Reward: 73.1691, GA_prob: 0.120, Eps: 0.100, GA_count: 16, Steps: 118

Train 401/500 Loss: 0.000478, Reward: 140.0908, GA_prob: 0.124, Eps: 0.102, GA_count: 26, Steps: 208

Train 398/500 Loss: 0.000753, Reward: 74.4651, GA_prob: 0.123, Eps: 0.101, GA_count: 13, Steps: 118

Train 399/500 Loss: 0.000648, Reward: 77.1181, GA_prob: 0.121, Eps: 0.101, GA_count: 14, Steps: 118

Train 400/500 Loss: 0.000582, Reward: 180.6548, GA_prob: 0.119, Eps: 0.100, GA_count: 35, Steps: 298

Train 402/500 Loss: 0.000840, Reward: 35.4996, GA_prob: 0.118, Eps: 0.099, GA_count: 6, Steps: 58

Train 403/500 Loss: 0.000559, Reward: 246.9443, GA_prob: 0.120, Eps: 0.100, GA_count: 44, Steps: 388

Train 401/500 Loss: 0.000562, Reward: 192.7941, GA_prob: 0.117, Eps: 0.099, GA_count: 35, Steps: 298

Train 404/500 Loss: 0.000425, Reward: 139.4486, GA_prob: 0.119, Eps: 0.100, GA_count: 26, Steps: 208

Train 402/500 Loss: 0.000699, Reward: 192.5995, GA_prob: 0.118, Eps: 0.099, GA_count: 31, Steps: 298

Train 403/500 Loss: 0.000508, Reward: 97.1863, GA_prob: 0.117, Eps: 0.099, GA_count: 21, Steps: 148

Train 404/500 Loss: 0.000676, Reward: 466.5265, GA_prob: 0.115, Eps: 0.098, GA_count: 87, Steps: 748

Train 405/500 Loss: 0.000753, Reward: 91.1744, GA_prob: 0.115, Eps: 0.098, GA_count: 13, Steps: 148

Train 405/500 Loss: 0.000578, Reward: 56.8483, GA_prob: 0.114, Eps: 0.098, GA_count: 16, Steps: 88

Train 406/500 Loss: 0.000629, Reward: 58.5222, GA_prob: 0.114, Eps: 0.098, GA_count: 12, Steps: 88

Train 406/500 Loss: 0.000610, Reward: 79.4131, GA_prob: 0.113, Eps: 0.097, GA_count: 14, Steps: 118

Train 407/500 Loss: 0.000661, Reward: 132.8480, GA_prob: 0.113, Eps: 0.097, GA_count: 19, Steps: 208

Train 407/500 Loss: 0.000512, Reward: 98.0013, GA_prob: 0.112, Eps: 0.097, GA_count: 14, Steps: 148

Train 408/500 Loss: 0.000631, Reward: 101.2329, GA_prob: 0.112, Eps: 0.097, GA_count: 14, Steps: 148

Train 408/500 Loss: 0.000548, Reward: 56.9042, GA_prob: 0.111, Eps: 0.096, GA_count: 7, Steps: 88

Train 409/500 Loss: 0.000557, Reward: 243.1869, GA_prob: 0.111, Eps: 0.096, GA_count: 37, Steps: 388

Train 409/500 Loss: 0.000572, Reward: 191.7493, GA_prob: 0.109, Eps: 0.096, GA_count: 42, Steps: 298

Train 410/500 Loss: 0.000706, Reward: 354.2994, GA_prob: 0.109, Eps: 0.096, GA_count: 64, Steps: 568

Train 410/500 Loss: 0.000610, Reward: 39.0599, GA_prob: 0.108, Eps: 0.095, GA_count: 4, Steps: 58

Train 411/500 Loss: 0.000562, Reward: 139.1370, GA_prob: 0.108, Eps: 0.095, GA_count: 21, Steps: 208

Train 411/500 Loss: 0.000572, Reward: 354.3480, GA_prob: 0.107, Eps: 0.095, GA_count: 54, Steps: 568

Train 412/500 Loss: 0.000425, Reward: 98.6947, GA_prob: 0.106, Eps: 0.094, GA_count: 17, Steps: 148

Train 413/500 Loss: 0.000684, Reward: 351.8926, GA_prob: 0.107, Eps: 0.095, GA_count: 56, Steps: 568

Train 412/500 Loss: 0.000343, Reward: 60.7726, GA_prob: 0.106, Eps: 0.094, GA_count: 7, Steps: 88

Train 413/500 Loss: 0.000408, Reward: 99.2209, GA_prob: 0.105, Eps: 0.094, GA_count: 12, Steps: 148

Train 414/500 Loss: 0.000498, Reward: 135.8410, GA_prob: 0.105, Eps: 0.094, GA_count: 18, Steps: 208

Train 414/500 Loss: 0.000558, Reward: 136.3802, GA_prob: 0.103, Eps: 0.093, GA_count: 15, Steps: 208

Train 415/500 Loss: 0.000481, Reward: 56.8764, GA_prob: 0.103, Eps: 0.093, GA_count: 12, Steps: 88

Train 415/500 Loss: 0.000410, Reward: 75.1438, GA_prob: 0.102, Eps: 0.093, GA_count: 12, Steps: 118

Train 416/500 Loss: 0.000361, Reward: 72.5269, GA_prob: 0.101, Eps: 0.092, GA_count: 13, Steps: 118

Train 417/500 Loss: 0.000462, Reward: 186.1459, GA_prob: 0.100, Eps: 0.092, GA_count: 28, Steps: 298

Train 418/500 Loss: 0.000520, Reward: 468.5996, GA_prob: 0.102, Eps: 0.093, GA_count: 83, Steps: 748

Train 416/500 Loss: 0.000422, Reward: 243.4990, GA_prob: 0.099, Eps: 0.091, GA_count: 38, Steps: 388

Train 419/500 Loss: 0.000363, Reward: 100.1862, GA_prob: 0.101, Eps: 0.092, GA_count: 17, Steps: 148

Train 417/500 Loss: 0.000393, Reward: 136.4389, GA_prob: 0.097, Eps: 0.091, GA_count: 16, Steps: 208

Train 420/500 Loss: 0.000310, Reward: 37.7289, GA_prob: 0.096, Eps: 0.090, GA_count: 9, Steps: 58

Train 421/500 Loss: 0.000328, Reward: 135.7985, GA_prob: 0.095, Eps: 0.090, GA_count: 17, Steps: 208

Train 422/500 Loss: 0.000417, Reward: 193.7540, GA_prob: 0.100, Eps: 0.092, GA_count: 32, Steps: 298

Train 418/500 Loss: 0.000609, Reward: 79.4734, GA_prob: 0.099, Eps: 0.091, GA_count: 10, Steps: 118

Train 419/500 Loss: 0.000341, Reward: 98.3772, GA_prob: 0.094, Eps: 0.089, GA_count: 14, Steps: 148

Train 423/500 Loss: 0.000242, Reward: 138.5129, GA_prob: 0.093, Eps: 0.089, GA_count: 19, Steps: 208

Train 424/500 Loss: 0.000535, Reward: 448.2762, GA_prob: 0.097, Eps: 0.091, GA_count: 70, Steps: 748

Train 420/500 Loss: 0.000335, Reward: 359.3311, GA_prob: 0.091, Eps: 0.088, GA_count: 56, Steps: 568

Train 425/500 Loss: 0.000465, Reward: 468.1441, GA_prob: 0.096, Eps: 0.090, GA_count: 59, Steps: 748

Train 421/500 Loss: 0.000260, Reward: 477.0597, GA_prob: 0.090, Eps: 0.088, GA_count: 68, Steps: 748

Train 426/500 Loss: 0.000324, Reward: 97.7685, GA_prob: 0.095, Eps: 0.090, GA_count: 13, Steps: 148

Train 422/500 Loss: 0.000411, Reward: 72.8177, GA_prob: 0.094, Eps: 0.089, GA_count: 8, Steps: 118

Train 423/500 Loss: 0.000448, Reward: 125.3921, GA_prob: 0.089, Eps: 0.087, GA_count: 28, Steps: 208

Train 427/500 Loss: 0.000243, Reward: 55.3481, GA_prob: 0.088, Eps: 0.087, GA_count: 9, Steps: 88

Train 428/500 Loss: 0.000524, Reward: 133.2169, GA_prob: 0.093, Eps: 0.089, GA_count: 28, Steps: 208

Train 424/500 Loss: 0.000361, Reward: 59.3945, GA_prob: 0.087, Eps: 0.086, GA_count: 11, Steps: 88

Train 429/500 Loss: 0.000685, Reward: 55.1167, GA_prob: 0.091, Eps: 0.088, GA_count: 12, Steps: 88

Train 425/500 Loss: 0.000267, Reward: 56.1185, GA_prob: 0.085, Eps: 0.086, GA_count: 12, Steps: 88

Train 430/500 Loss: 0.000340, Reward: 193.8498, GA_prob: 0.084, Eps: 0.085, GA_count: 26, Steps: 298

Train 431/500 Loss: 0.000535, Reward: 251.5754, GA_prob: 0.090, Eps: 0.088, GA_count: 33, Steps: 388

Train 426/500 Loss: 0.000572, Reward: 38.6187, GA_prob: 0.083, Eps: 0.085, GA_count: 1, Steps: 58

Train 432/500 Loss: 0.000462, Reward: 194.2635, GA_prob: 0.082, Eps: 0.084, GA_count: 20, Steps: 298

Train 433/500 Loss: 0.000736, Reward: 191.7222, GA_prob: 0.089, Eps: 0.087, GA_count: 29, Steps: 298

Train 427/500 Loss: 0.000355, Reward: 136.1700, GA_prob: 0.081, Eps: 0.084, GA_count: 23, Steps: 208

Train 434/500 Loss: 0.000564, Reward: 134.2047, GA_prob: 0.088, Eps: 0.087, GA_count: 25, Steps: 208

Train 428/500 Loss: 0.000421, Reward: 98.0896, GA_prob: 0.079, Eps: 0.083, GA_count: 11, Steps: 148

Train 435/500 Loss: 0.000859, Reward: 90.6545, GA_prob: 0.078, Eps: 0.083, GA_count: 19, Steps: 148

Train 436/500 Loss: 0.000716, Reward: 251.0977, GA_prob: 0.087, Eps: 0.086, GA_count: 35, Steps: 388

Train 429/500 Loss: 0.000630, Reward: 61.1940, GA_prob: 0.085, Eps: 0.086, GA_count: 4, Steps: 88

Train 430/500 Loss: 0.000480, Reward: 254.4766, GA_prob: 0.077, Eps: 0.082, GA_count: 30, Steps: 388

Train 437/500 Loss: 0.000551, Reward: 131.6115, GA_prob: 0.084, Eps: 0.085, GA_count: 22, Steps: 208

Train 431/500 Loss: 0.000512, Reward: 203.1752, GA_prob: 0.076, Eps: 0.082, GA_count: 24, Steps: 298

Train 438/500 Loss: 0.000601, Reward: 356.8828, GA_prob: 0.083, Eps: 0.085, GA_count: 41, Steps: 568

Train 432/500 Loss: 0.000915, Reward: 60.3901, GA_prob: 0.082, Eps: 0.084, GA_count: 3, Steps: 88

Train 433/500 Loss: 0.000467, Reward: 475.0432, GA_prob: 0.075, Eps: 0.081, GA_count: 43, Steps: 748

Train 439/500 Loss: 0.000338, Reward: 40.4179, GA_prob: 0.073, Eps: 0.081, GA_count: 3, Steps: 58

Train 440/500 Loss: 0.000565, Reward: 192.3961, GA_prob: 0.081, Eps: 0.084, GA_count: 29, Steps: 298

Train 434/500 Loss: 0.000455, Reward: 99.6761, GA_prob: 0.079, Eps: 0.083, GA_count: 9, Steps: 148

Train 435/500 Loss: 0.000521, Reward: 133.8031, GA_prob: 0.072, Eps: 0.080, GA_count: 9, Steps: 208

Train 441/500 Loss: 0.000541, Reward: 186.0059, GA_prob: 0.071, Eps: 0.080, GA_count: 17, Steps: 298

Train 442/500 Loss: 0.000555, Reward: 243.7341, GA_prob: 0.078, Eps: 0.083, GA_count: 30, Steps: 388

Train 436/500 Loss: 0.000875, Reward: 90.7855, GA_prob: 0.070, Eps: 0.079, GA_count: 8, Steps: 148

Train 443/500 Loss: 0.000481, Reward: 59.9642, GA_prob: 0.077, Eps: 0.082, GA_count: 5, Steps: 88

Train 437/500 Loss: 0.001100, Reward: 55.4663, GA_prob: 0.069, Eps: 0.079, GA_count: 9, Steps: 88

Train 444/500 Loss: 0.000578, Reward: 39.3693, GA_prob: 0.076, Eps: 0.082, GA_count: 3, Steps: 58

Train 438/500 Loss: 0.000588, Reward: 81.5630, GA_prob: 0.075, Eps: 0.081, GA_count: 8, Steps: 118

Train 439/500 Loss: 0.000652, Reward: 253.3881, GA_prob: 0.067, Eps: 0.078, GA_count: 27, Steps: 388

Train 445/500 Loss: 0.000352, Reward: 95.6724, GA_prob: 0.066, Eps: 0.078, GA_count: 14, Steps: 148

Train 446/500 Loss: 0.000359, Reward: 196.3283, GA_prob: 0.065, Eps: 0.077, GA_count: 18, Steps: 298

Train 447/500 Loss: 0.000640, Reward: 468.4852, GA_prob: 0.073, Eps: 0.081, GA_count: 61, Steps: 748

Train 440/500 Loss: 0.000629, Reward: 244.8672, GA_prob: 0.072, Eps: 0.080, GA_count: 30, Steps: 388

Train 441/500 Loss: 0.000459, Reward: 369.7488, GA_prob: 0.064, Eps: 0.077, GA_count: 38, Steps: 568

Train 448/500 Loss: 0.000321, Reward: 103.2291, GA_prob: 0.063, Eps: 0.076, GA_count: 6, Steps: 148

Train 449/500 Loss: 0.000405, Reward: 194.9544, GA_prob: 0.061, Eps: 0.076, GA_count: 18, Steps: 298

Train 450/500 Loss: 0.000513, Reward: 247.1639, GA_prob: 0.071, Eps: 0.080, GA_count: 41, Steps: 388

Train 442/500 Loss: 0.000506, Reward: 77.0422, GA_prob: 0.060, Eps: 0.075, GA_count: 6, Steps: 118

Train 451/500 Loss: 0.000340, Reward: 37.4855, GA_prob: 0.059, Eps: 0.075, GA_count: 6, Steps: 58

Train 452/500 Loss: 0.000285, Reward: 76.5931, GA_prob: 0.070, Eps: 0.079, GA_count: 11, Steps: 118

Train 443/500 Loss: 0.000475, Reward: 136.1452, GA_prob: 0.069, Eps: 0.079, GA_count: 9, Steps: 208

Train 444/500 Loss: 0.000409, Reward: 190.8059, GA_prob: 0.058, Eps: 0.074, GA_count: 21, Steps: 298

Train 453/500 Loss: 0.000334, Reward: 80.8422, GA_prob: 0.067, Eps: 0.078, GA_count: 6, Steps: 118

Train 445/500 Loss: 0.000358, Reward: 199.8338, GA_prob: 0.057, Eps: 0.074, GA_count: 13, Steps: 298

Train 454/500 Loss: 0.000497, Reward: 358.1750, GA_prob: 0.066, Eps: 0.078, GA_count: 32, Steps: 568

Train 446/500 Loss: 0.000260, Reward: 36.7351, GA_prob: 0.065, Eps: 0.077, GA_count: 7, Steps: 58

Train 447/500 Loss: 0.000641, Reward: 38.4524, GA_prob: 0.064, Eps: 0.077, GA_count: 10, Steps: 58

Train 448/500 Loss: 0.000406, Reward: 470.4114, GA_prob: 0.055, Eps: 0.073, GA_count: 44, Steps: 748

Train 455/500 Loss: 0.000377, Reward: 190.1834, GA_prob: 0.063, Eps: 0.076, GA_count: 21, Steps: 298

Train 449/500 Loss: 0.000654, Reward: 62.2068, GA_prob: 0.054, Eps: 0.073, GA_count: 3, Steps: 88

Train 456/500 Loss: 0.000424, Reward: 256.3115, GA_prob: 0.061, Eps: 0.076, GA_count: 26, Steps: 388

Train 450/500 Loss: 0.000609, Reward: 183.1703, GA_prob: 0.060, Eps: 0.075, GA_count: 13, Steps: 298

Train 451/500 Loss: 0.000450, Reward: 479.6460, GA_prob: 0.053, Eps: 0.072, GA_count: 42, Steps: 748

Train 457/500 Loss: 0.000965, Reward: 54.6618, GA_prob: 0.052, Eps: 0.072, GA_count: 7, Steps: 88

Train 458/500 Loss: 0.000394, Reward: 189.7929, GA_prob: 0.059, Eps: 0.075, GA_count: 19, Steps: 298

Train 452/500 Loss: 0.000660, Reward: 134.5368, GA_prob: 0.051, Eps: 0.071, GA_count: 3, Steps: 208

Train 459/500 Loss: 0.000337, Reward: 198.7418, GA_prob: 0.049, Eps: 0.071, GA_count: 14, Steps: 298

Train 460/500 Loss: 0.000190, Reward: 197.4727, GA_prob: 0.048, Eps: 0.070, GA_count: 14, Steps: 298

Train 461/500 Loss: 0.000265, Reward: 142.1521, GA_prob: 0.047, Eps: 0.070, GA_count: 8, Steps: 208

Train 462/500 Loss: 0.000576, Reward: 467.6789, GA_prob: 0.058, Eps: 0.074, GA_count: 50, Steps: 748

Train 453/500 Loss: 0.000171, Reward: 75.8739, GA_prob: 0.046, Eps: 0.069, GA_count: 8, Steps: 118

Train 463/500 Loss: 0.000657, Reward: 57.0048, GA_prob: 0.057, Eps: 0.074, GA_count: 5, Steps: 88

Train 454/500 Loss: 0.000713, Reward: 36.9969, GA_prob: 0.055, Eps: 0.073, GA_count: 4, Steps: 58

Train 455/500 Loss: 0.000305, Reward: 193.5556, GA_prob: 0.044, Eps: 0.069, GA_count: 16, Steps: 298

Train 464/500 Loss: 0.000559, Reward: 189.8190, GA_prob: 0.054, Eps: 0.073, GA_count: 21, Steps: 298

Train 456/500 Loss: 0.000834, Reward: 237.8348, GA_prob: 0.053, Eps: 0.072, GA_count: 17, Steps: 388

Train 457/500 Loss: 0.000640, Reward: 362.7579, GA_prob: 0.043, Eps: 0.068, GA_count: 25, Steps: 568

Train 465/500 Loss: 0.000817, Reward: 102.3861, GA_prob: 0.052, Eps: 0.072, GA_count: 5, Steps: 148

Train 458/500 Loss: 0.001048, Reward: 79.5153, GA_prob: 0.051, Eps: 0.071, GA_count: 6, Steps: 118

Train 459/500 Loss: 0.000748, Reward: 79.0757, GA_prob: 0.049, Eps: 0.071, GA_count: 5, Steps: 118

Train 460/500 Loss: 0.000286, Reward: 251.4437, GA_prob: 0.042, Eps: 0.068, GA_count: 18, Steps: 388

Train 466/500 Loss: 0.000301, Reward: 57.9200, GA_prob: 0.041, Eps: 0.067, GA_count: 2, Steps: 88

Train 467/500 Loss: 0.000270, Reward: 73.1888, GA_prob: 0.040, Eps: 0.067, GA_count: 6, Steps: 118

Train 468/500 Loss: 0.000336, Reward: 78.4366, GA_prob: 0.038, Eps: 0.066, GA_count: 6, Steps: 118

Train 469/500 Loss: 0.000272, Reward: 37.3007, GA_prob: 0.037, Eps: 0.066, GA_count: 0, Steps: 58

Train 470/500 Loss: 0.000304, Reward: 198.8365, GA_prob: 0.036, Eps: 0.065, GA_count: 14, Steps: 298

Train 471/500 Loss: 0.000636, Reward: 479.2612, GA_prob: 0.048, Eps: 0.070, GA_count: 38, Steps: 748

Train 461/500 Loss: 0.000289, Reward: 252.0017, GA_prob: 0.035, Eps: 0.065, GA_count: 10, Steps: 388

Train 472/500 Loss: 0.000718, Reward: 194.7472, GA_prob: 0.047, Eps: 0.070, GA_count: 13, Steps: 298

Train 462/500 Loss: 0.000603, Reward: 135.5341, GA_prob: 0.034, Eps: 0.064, GA_count: 5, Steps: 208

Train 473/500 Loss: 0.000709, Reward: 256.4425, GA_prob: 0.046, Eps: 0.069, GA_count: 25, Steps: 388

Train 463/500 Loss: 0.000422, Reward: 241.1223, GA_prob: 0.032, Eps: 0.064, GA_count: 13, Steps: 388

Train 474/500 Loss: 0.000836, Reward: 37.0291, GA_prob: 0.031, Eps: 0.063, GA_count: 5, Steps: 58

Train 475/500 Loss: 0.000546, Reward: 136.9300, GA_prob: 0.044, Eps: 0.069, GA_count: 13, Steps: 208

Train 464/500 Loss: 0.000496, Reward: 362.3911, GA_prob: 0.030, Eps: 0.063, GA_count: 32, Steps: 568

Train 476/500 Loss: 0.000475, Reward: 129.1156, GA_prob: 0.029, Eps: 0.062, GA_count: 3, Steps: 208

Train 477/500 Loss: 0.000942, Reward: 79.4030, GA_prob: 0.028, Eps: 0.062, GA_count: 4, Steps: 118

Train 478/500 Loss: 0.000528, Reward: 454.8702, GA_prob: 0.043, Eps: 0.068, GA_count: 37, Steps: 748

Train 465/500 Loss: 0.000556, Reward: 190.5155, GA_prob: 0.026, Eps: 0.061, GA_count: 11, Steps: 298

Train 479/500 Loss: 0.000484, Reward: 244.1047, GA_prob: 0.042, Eps: 0.068, GA_count: 14, Steps: 388

Train 466/500 Loss: 0.000595, Reward: 192.1474, GA_prob: 0.041, Eps: 0.067, GA_count: 14, Steps: 298

Train 467/500 Loss: 0.000429, Reward: 364.6295, GA_prob: 0.025, Eps: 0.061, GA_count: 12, Steps: 568

Train 480/500 Loss: 0.000353, Reward: 37.2020, GA_prob: 0.024, Eps: 0.060, GA_count: 3, Steps: 58

Train 481/500 Loss: 0.000773, Reward: 96.5198, GA_prob: 0.040, Eps: 0.067, GA_count: 4, Steps: 148

Train 468/500 Loss: 0.000404, Reward: 141.4734, GA_prob: 0.038, Eps: 0.066, GA_count: 8, Steps: 208

Train 469/500 Loss: 0.000421, Reward: 353.1261, GA_prob: 0.023, Eps: 0.060, GA_count: 14, Steps: 568

Train 482/500 Loss: 0.000445, Reward: 241.9108, GA_prob: 0.022, Eps: 0.059, GA_count: 12, Steps: 388

Train 483/500 Loss: 0.000657, Reward: 459.4106, GA_prob: 0.037, Eps: 0.066, GA_count: 23, Steps: 748

Train 470/500 Loss: 0.000737, Reward: 38.1239, GA_prob: 0.036, Eps: 0.065, GA_count: 1, Steps: 58

Train 471/500 Loss: 0.000806, Reward: 244.0192, GA_prob: 0.035, Eps: 0.065, GA_count: 14, Steps: 388

Train 472/500 Loss: 0.000457, Reward: 350.3466, GA_prob: 0.020, Eps: 0.059, GA_count: 15, Steps: 568

Train 484/500 Loss: 0.000484, Reward: 56.0434, GA_prob: 0.019, Eps: 0.058, GA_count: 2, Steps: 88

Train 485/500 Loss: 0.000487, Reward: 193.9920, GA_prob: 0.034, Eps: 0.064, GA_count: 9, Steps: 298

Train 473/500 Loss: 0.000397, Reward: 187.3257, GA_prob: 0.018, Eps: 0.058, GA_count: 6, Steps: 298

Train 486/500 Loss: 0.000520, Reward: 89.1707, GA_prob: 0.032, Eps: 0.064, GA_count: 5, Steps: 148

Train 474/500 Loss: 0.000837, Reward: 195.8895, GA_prob: 0.031, Eps: 0.063, GA_count: 6, Steps: 298

Train 475/500 Loss: 0.000777, Reward: 254.7492, GA_prob: 0.030, Eps: 0.063, GA_count: 10, Steps: 388

Train 476/500 Loss: 0.000428, Reward: 468.2625, GA_prob: 0.017, Eps: 0.057, GA_count: 14, Steps: 748

Train 487/500 Loss: 0.000731, Reward: 182.0888, GA_prob: 0.029, Eps: 0.062, GA_count: 7, Steps: 298

Train 477/500 Loss: 0.000427, Reward: 365.1663, GA_prob: 0.016, Eps: 0.057, GA_count: 3, Steps: 568

Train 488/500 Loss: 0.000370, Reward: 84.2646, GA_prob: 0.014, Eps: 0.056, GA_count: 2, Steps: 118

Train 489/500 Loss: 0.000612, Reward: 242.1147, GA_prob: 0.028, Eps: 0.062, GA_count: 10, Steps: 388

Train 478/500 Loss: 0.000428, Reward: 358.5228, GA_prob: 0.013, Eps: 0.056, GA_count: 11, Steps: 568

Train 490/500 Loss: 0.000604, Reward: 360.3882, GA_prob: 0.026, Eps: 0.061, GA_count: 12, Steps: 568

Train 479/500 Loss: 0.000280, Reward: 79.3895, GA_prob: 0.012, Eps: 0.055, GA_count: 2, Steps: 118

Train 491/500 Loss: 0.000295, Reward: 58.8840, GA_prob: 0.011, Eps: 0.055, GA_count: 2, Steps: 88

Train 492/500 Loss: 0.000343, Reward: 94.7347, GA_prob: 0.010, Eps: 0.054, GA_count: 3, Steps: 148

Train 493/500 Loss: 0.000389, Reward: 361.3471, GA_prob: 0.008, Eps: 0.054, GA_count: 8, Steps: 568

Train 494/500 Loss: 0.000504, Reward: 471.6580, GA_prob: 0.025, Eps: 0.061, GA_count: 20, Steps: 748

Train 480/500 Loss: 0.000633, Reward: 95.6681, GA_prob: 0.024, Eps: 0.060, GA_count: 2, Steps: 148

Train 481/500 Loss: 0.000431, Reward: 95.3301, GA_prob: 0.023, Eps: 0.060, GA_count: 6, Steps: 148

Train 482/500 Loss: 0.000607, Reward: 77.0035, GA_prob: 0.022, Eps: 0.059, GA_count: 1, Steps: 118

Train 483/500 Loss: 0.000845, Reward: 74.3640, GA_prob: 0.020, Eps: 0.059, GA_count: 1, Steps: 118

Train 484/500 Loss: 0.000294, Reward: 465.1530, GA_prob: 0.007, Eps: 0.053, GA_count: 2, Steps: 748

Train 495/500 Loss: 0.000736, Reward: 349.4888, GA_prob: 0.019, Eps: 0.058, GA_count: 10, Steps: 568

Train 485/500 Loss: 0.000253, Reward: 484.2503, GA_prob: 0.006, Eps: 0.053, GA_count: 5, Steps: 748

Train 496/500 Loss: 0.000260, Reward: 80.2642, GA_prob: 0.005, Eps: 0.052, GA_count: 1, Steps: 118

Train 497/500 Loss: 0.000278, Reward: 75.8131, GA_prob: 0.004, Eps: 0.052, GA_count: 1, Steps: 118

Train 498/500 Loss: 0.000239, Reward: 36.6503, GA_prob: 0.002, Eps: 0.051, GA_count: 0, Steps: 58

Train 499/500 Loss: 0.000481, Reward: 459.6042, GA_prob: 0.018, Eps: 0.058, GA_count: 19, Steps: 748

Train 486/500 Loss: 0.000394, Reward: 38.7794, GA_prob: 0.017, Eps: 0.057, GA_count: 0, Steps: 58

Train 487/500 Loss: 0.000490, Reward: 143.4251, GA_prob: 0.016, Eps: 0.057, GA_count: 1, Steps: 208

Train 488/500 Loss: 0.000400, Reward: 476.1581, GA_prob: 0.001, Eps: 0.051, GA_count: 1, Steps: 748

Train 500/500 Loss: 0.000491, Reward: 192.3437, GA_prob: 0.014, Eps: 0.056, GA_count: 5, Steps: 298

Train 489/500 Loss: 0.000295, Reward: 58.0035, GA_prob: 0.013, Eps: 0.056, GA_count: 0, Steps: 88

Train 490/500 Loss: 0.000305, Reward: 38.5383, GA_prob: 0.012, Eps: 0.055, GA_count: 0, Steps: 58

Train 491/500 Loss: 0.000303, Reward: 254.2920, GA_prob: 0.000, Eps: 0.050, GA_count: 0, Steps: 388

Elapsed time for ddqn guided by GA: 1250.0693992900196 seconds
training is completed -> trained_models/DIAG_GAguided_500_seed2.pkl

DQN guided by GA Test #0
DQN guided by GA Test #1
DQN guided by GA Test #2
DQN guided by GA Test #3
DQN guided by GA Test #4
DQN guided by GA Test #5 Loss: 0.000633, Reward: 242.4410, GA_prob: 0.011, Eps: 0.055, GA_count: 4, Steps: 388

Train 492/500
DQN guided by GA Test #6
DQN guided by GA Test #7
DQN guided by GA Test #8 Loss: 0.000869, Reward: 92.8610, GA_prob: 0.010, Eps: 0.054, GA_count: 2, Steps: 148

Train 493/500
DQN guided by GA Test #9 Loss: 0.000563, Reward: 38.0037, GA_prob: 0.008, Eps: 0.054, GA_count: 0, Steps: 58

Train 494/500
DQN guided by GA Test #10
DQN guided by GA Test #11
DQN guided by GA Test #12 Loss: 0.000516, Reward: 354.3147, GA_prob: 0.007, Eps: 0.053, GA_count: 4, Steps: 568

Train 495/500
DQN guided by GA Test #13 Loss: 0.000405, Reward: 131.3422, GA_prob: 0.006, Eps: 0.053, GA_count: 0, Steps: 208

Train 496/500 Loss: 0.000941, Reward: 38.5768, GA_prob: 0.005, Eps: 0.052, GA_count: 1, Steps: 58

Train 497/500
DQN guided by GA Test #14
DQN guided by GA Test #15
DQN guided by GA Test #16
DQN guided by GA Test #17
DQN guided by GA Test #18
DQN guided by GA Test #19
DQN guided by GA Test #20
DQN guided by GA Test #21 Loss: 0.000582, Reward: 458.1764, GA_prob: 0.004, Eps: 0.052, GA_count: 3, Steps: 748

Train 498/500
DQN guided by GA Test #22
DQN guided by GA Test #23 Loss: 0.000679, Reward: 98.2255, GA_prob: 0.002, Eps: 0.051, GA_count: 0, Steps: 148

Train 499/500
DQN guided by GA Test #24
DQN guided by GA Test #25
DQN guided by GA Test #26 Loss: 0.000673, Reward: 189.1195, GA_prob: 0.001, Eps: 0.051, GA_count: 1, Steps: 298

Train 500/500
DQN guided by GA Test #27
DQN guided by GA Test #28
DQN guided by GA Test #29>>> 3/4  GA-guided seed2  overflow=1.0  max_level=10.0  act0=0.4  (1256.7s)
 Loss: 0.000616, Reward: 338.2297, GA_prob: 0.000, Eps: 0.050, GA_count: 0, Steps: 568

Elapsed time for ddqn guided by GA: 1257.330129954964 seconds
training is completed -> trained_models/DIAG_GAguided_500_seed1.pkl

DQN guided by GA Test #0
DQN guided by GA Test #1
DQN guided by GA Test #2
DQN guided by GA Test #3
DQN guided by GA Test #4
DQN guided by GA Test #5
DQN guided by GA Test #6
DQN guided by GA Test #7
DQN guided by GA Test #8
DQN guided by GA Test #9
DQN guided by GA Test #10
DQN guided by GA Test #11
DQN guided by GA Test #12
DQN guided by GA Test #13
DQN guided by GA Test #14
DQN guided by GA Test #15
DQN guided by GA Test #16
DQN guided by GA Test #17
DQN guided by GA Test #18
DQN guided by GA Test #19
DQN guided by GA Test #20
DQN guided by GA Test #21
DQN guided by GA Test #22
DQN guided by GA Test #23
DQN guided by GA Test #24
DQN guided by GA Test #25
DQN guided by GA Test #26
DQN guided by GA Test #27
DQN guided by GA Test #28
DQN guided by GA Test #29>>> 4/4  GA-guided seed1  overflow=1.0  max_level=10.0  act0=0.8667  (1262.6s)

all done in 1264s

=== guided diagnostic (mean over seeds 1,2) ===
       overflow_rate  mean_max_level_m  action0_lock_rate  mean_n_intervals_100  mean_dryrun_proxy
guide                                                                                             
GA               1.0              10.0            0.63335                46.535             0.1333
PSO              1.0              10.0            1.00000                 0.000             0.0000

per-seed:
guide  seed  n_train  n_test  overflow_rate  mean_max_level_m  action0_lock_rate  mean_n_intervals_100  mean_n_intervals_170  mean_n_switches  mean_dryrun_proxy  elapsed_s
  PSO     1      500      30            1.0              10.0             1.0000                  0.00                   0.0              0.0             0.0000      513.4
  PSO     2      500      30            1.0              10.0             1.0000                  0.00                   0.0              0.0             0.0000      513.7
   GA     2      500      30            1.0              10.0             0.4000                 81.30                   1.1              0.9             0.0333     1256.7
   GA     1      500      30            1.0              10.0             0.8667                 11.77                   3.6              0.9             0.2333     1262.6
