scenario_id,return_period,duration_min,quartile,seed,model,max_level_m,n_switches,n_intervals_100,n_intervals_170,n_dryrun_proxy,cum_reward,overflow_flag,inference_time_s,swmm_time_s,total_time_s
20yr_0060m_h225,20,0060,,0,ENUM,6.2553389849995895,14,73,27,0,31.788609398125345,0,,,0.04120163293555379
20yr_0120m_h366,20,0120,,0,ENUM,6.329707296333251,24,115,37,0,47.693470915388076,0,,,0.05763647914864123
80yr_1440m_h1188,80,1440,,0,ENUM,6.2839013340698555,218,420,82,0,378.7557061833299,0,,,0.42822999111376703
50yr_1080m_h1083,50,1080,,0,ENUM,6.286584353308594,128,420,46,0,291.1886612799819,0,,,0.3278839089907706
30yr_0060m_h135,30,0060,,0,ENUM,6.514178138159782,10,88,26,0,32.7894691675252,0,,,0.043963061878457665
20yr_0720m_h983,20,0720,,0,ENUM,6.276716568223774,120,302,50,3,198.1064242874808,0,,,0.22790027013979852
30yr_0540m_h753,30,0540,,0,ENUM,6.308889460121635,52,351,21,0,157.31631909058478,0,,,0.178459363989532
20yr_0180m_h419,20,0180,,0,ENUM,6.32278887194661,18,168,29,0,63.45984087543216,0,,,0.07466313894838095
30yr_0540m_h803,30,0540,,0,ENUM,6.310269375176947,72,344,31,0,155.9061789297526,0,,,0.1732808391097933
20yr_0060m_h247,20,0060,,0,ENUM,6.286991540890259,12,76,28,0,31.94134107568535,0,,,0.04085118882358074
50yr_0120m_h326,50,0120,,0,ENUM,6.34075045390405,16,127,48,0,49.290232028288486,0,,,0.058881836012005806
100yr_1440m_h1192,100,1440,,0,ENUM,6.295171684433167,226,431,86,0,378.8322470603589,0,,,0.4266429408453405
80yr_1080m_h1070,80,1080,,0,ENUM,6.293656060875527,122,456,45,2,292.12224282384346,0,,,0.3269739730749279
80yr_0240m_h559,80,0240,,0,ENUM,6.281983805824545,26,223,60,0,80.99148992294886,0,,,0.09399821399711072
50yr_1080m_h1043,50,1080,,0,ENUM,6.301119009210876,136,414,51,0,291.0713501962849,0,,,0.3277257769368589
100yr_1440m_h1121,100,1440,,0,ENUM,6.291460505467286,228,428,87,1,378.85680396602277,0,,,0.4330687620677054
20yr_0180m_h491,20,0180,,0,ENUM,6.313919548753279,26,150,42,0,63.389361514657125,0,,,0.0796941730659455
30yr_1080m_h996,30,1080,,0,ENUM,6.29706205179185,192,319,75,2,286.74369532754076,0,,,0.3906363439746201
20yr_0540m_h860,20,0540,,0,ENUM,6.304628624670728,88,297,39,2,153.65608342771057,0,,,0.20951908291317523
20yr_0060m_h165,20,0060,,0,ENUM,6.572733896296392,10,72,28,0,32.49925832025042,0,,,0.049754241947084665
100yr_0060m_h152,100,0060,,0,ENUM,6.583215381599198,10,95,38,0,34.21121811034831,0,,,0.05125170201063156
10yr_1440m_h1152,10,1440,,0,ENUM,6.315540807731407,138,299,47,0,377.99429207562207,0,,,0.5529162280727178
50yr_0240m_h505,50,0240,,0,ENUM,6.300880965778695,18,239,37,0,80.86148488453115,0,,,0.09522954002022743
80yr_0180m_h419,80,0180,,0,ENUM,6.319711444938423,16,189,56,0,65.75992111911204,0,,,0.0772239058278501
50yr_0360m_h711,50,0360,,0,ENUM,6.299806240471265,60,272,57,0,109.90121371502264,0,,,0.1270533159840852
50yr_0720m_h954,50,0720,,0,ENUM,6.30371218931041,116,381,47,0,200.2577348329214,0,,,0.22506819386035204
20yr_1440m_h1183,20,1440,,0,ENUM,6.310145363924578,190,323,68,2,376.715940916407,0,,,0.4200164780486375
50yr_0240m_h529,50,0240,,0,ENUM,6.324520318907757,22,228,47,0,80.87225765890193,0,,,0.09581342292949557
20yr_0360m_h691,20,0360,,0,ENUM,6.291059128802393,64,249,36,1,108.59494810243419,0,,,0.12097575888037682
10yr_0120m_h362,10,0120,,0,ENUM,6.262824519131117,24,107,29,0,46.81180860264981,0,,,0.05652302596718073
80yr_0720m_h916,80,0720,,0,ENUM,6.284471651653052,88,429,36,2,202.25773743009285,0,,,0.23086927901022136
50yr_0180m_h457,50,0180,,0,ENUM,6.3200587926671865,18,176,51,0,64.97117425195773,0,,,0.07570242206566036
50yr_0720m_h943,50,0720,,0,ENUM,6.30725760731156,106,390,42,0,200.60881631581088,0,,,0.22697322792373598
10yr_0180m_h454,10,0180,,0,ENUM,6.32578158918582,24,146,21,0,62.24054487442232,0,,,0.0707025108858943
80yr_1440m_h1136,80,1440,,0,ENUM,6.284636393101892,212,424,76,1,379.16171418509487,0,,,0.42953694984316826
80yr_0180m_h393,80,0180,,0,ENUM,6.3691091806625755,18,198,47,0,65.39343419972911,0,,,0.07982415612787008
80yr_0180m_h480,80,0180,,0,ENUM,6.2716505684666295,28,174,62,0,65.5954231508027,0,,,0.0763134709559381
80yr_0120m_h368,80,0120,,0,ENUM,6.519893743289794,20,136,53,0,50.277211020815734,0,,,0.06002089404501021
10yr_0540m_h860,10,0540,,0,ENUM,6.314062235099575,88,249,36,0,152.5343012766175,0,,,0.1729663028381765
100yr_0240m_h611,100,0240,,0,ENUM,6.2743308163836415,38,215,73,0,81.88283996907568,0,,,0.09353871596977115
50yr_1080m_h1052,50,1080,,0,ENUM,6.2910010716859315,126,424,44,0,291.2555600119176,0,,,0.3284488320350647
10yr_0120m_h363,10,0120,,0,ENUM,6.323450208281817,20,101,29,0,46.7786037646779,0,,,0.05577077507041395
20yr_0180m_h410,20,0180,,0,ENUM,6.342763124862939,22,168,31,0,63.44066779738428,0,,,0.07496031885966659
10yr_0720m_h957,10,0720,,0,ENUM,6.284715424662087,90,278,33,1,198.34971573575586,0,,,0.2187362927943468
10yr_0540m_h824,10,0540,,0,ENUM,6.2963093955717,80,253,34,0,153.50469764151603,0,,,0.16797911818139255
30yr_0360m_h629,30,0360,,0,ENUM,6.280768807667611,36,288,23,0,111.21710333677919,0,,,0.12443211791105568
10yr_0720m_h871,10,0720,,0,ENUM,6.311597890433613,118,237,47,1,196.7329463517333,0,,,0.2650918879080564
30yr_0540m_h864,30,0540,,0,ENUM,6.292799634252759,90,323,44,1,154.49985121584103,0,,,0.21919229114428163
30yr_0060m_h192,30,0060,,0,ENUM,6.477915160140482,10,73,32,0,32.97414387508117,0,,,0.0491075289901346
50yr_1080m_h999,50,1080,,0,ENUM,6.286276143511618,158,386,60,0,289.5883074104969,0,,,0.3929356650914997
30yr_1080m_h994,30,1080,,0,ENUM,6.284788829186936,174,335,65,2,287.6709005650225,0,,,0.42523029795847833
80yr_1440m_h1125,80,1440,,0,ENUM,6.289824825164391,230,406,85,3,377.6548427763652,0,,,0.4329671850427985
20yr_0120m_h350,20,0120,,0,ENUM,6.312437383899143,18,120,34,0,47.89369117533835,0,,,0.05764505406841636
10yr_0720m_h944,10,0720,,0,ENUM,6.2837480019814205,80,275,29,0,199.1029590594086,0,,,0.218432298861444
10yr_0540m_h842,10,0540,,0,ENUM,6.3183234733606195,88,257,37,0,152.8161064029394,0,,,0.17248838092200458
100yr_0240m_h612,100,0240,,0,ENUM,6.2719783188772515,38,213,73,1,81.61998100243773,0,,,0.09392495499923825
30yr_0360m_h647,30,0360,,0,ENUM,6.285343036685359,50,286,28,0,110.14606872919512,0,,,0.12416242808103561
20yr_0060m_h132,20,0060,,0,ENUM,6.399166546499847,10,86,21,0,32.17664291705607,0,,,0.040278584929183125
100yr_0180m_h375,100,0180,,0,ENUM,6.399848790962122,12,202,49,0,65.99649303997859,0,,,0.07857775781303644
30yr_0120m_h308,30,0120,,0,ENUM,6.349447939208069,12,130,40,0,48.436091555108895,0,,,0.058849401073530316
80yr_0720m_h937,80,0720,,0,ENUM,6.293609113330705,92,430,37,1,202.41587986820258,0,,,0.2259835321456194
10yr_0360m_h660,10,0360,,0,ENUM,6.298624601313366,44,235,18,0,108.69698142132192,0,,,0.11941428785212338
50yr_1080m_h1102,50,1080,,0,ENUM,6.300413888473543,162,396,61,1,289.3078276303176,0,,,0.3300514491274953
80yr_0240m_h529,80,0240,,0,ENUM,6.274366340874077,32,224,59,0,80.52601105433645,0,,,0.09493301785551012
30yr_0240m_h577,30,0240,,0,ENUM,6.294007207828697,30,198,45,0,79.60839226673171,0,,,0.09765602508559823
10yr_0360m_h636,10,0360,,0,ENUM,6.264408602972116,38,228,17,0,109.20438230627934,0,,,0.12309202714823186
80yr_0720m_h951,80,0720,,0,ENUM,6.285787446150828,102,426,42,0,201.8521794504798,0,,,0.22739340690895915
50yr_0180m_h469,50,0180,,0,ENUM,6.333667230133745,26,167,53,0,64.96964194728753,0,,,0.07575964904390275
10yr_0120m_h332,10,0120,,0,ENUM,6.293185245361611,16,115,22,0,47.12299854923846,0,,,0.055468244943767786
100yr_0360m_h646,100,0360,,0,ENUM,6.393177029018992,40,324,52,0,112.6938338143806,0,,,0.13144132494926453
30yr_0540m_h811,30,0540,,0,ENUM,6.2960064696966125,76,336,33,1,155.10114592499266,0,,,0.17313751089386642
20yr_0540m_h826,20,0540,,0,ENUM,6.290659644856423,76,316,31,0,154.84443115368356,0,,,0.1708147549070418
50yr_0720m_h902,50,0720,,0,ENUM,6.286511848320638,114,376,47,0,200.22855431543593,0,,,0.22653515986166894
100yr_1080m_h1081,100,1080,,0,ENUM,6.300404247987046,146,472,51,0,291.7107858188059,0,,,0.3347851010039449
100yr_1080m_h1040,100,1080,,0,ENUM,6.281362674668712,126,477,45,2,292.9335971512944,0,,,0.4069084918592125
20yr_1440m_h1223,20,1440,,0,ENUM,6.303074819747402,190,327,67,1,377.12595115932515,0,,,0.5150828310288489
20yr_0720m_h921,20,0720,,0,ENUM,6.317254425108907,102,326,37,1,199.21023031783508,0,,,0.3144935080781579
10yr_0240m_h560,10,0240,,0,ENUM,6.308898881508779,30,175,18,0,77.55150967168572,0,,,0.08557047601789236
30yr_0120m_h331,30,0120,,0,ENUM,6.3597798392804705,16,126,41,0,48.39242929186423,0,,,0.05867023207247257
80yr_0720m_h932,80,0720,,0,ENUM,6.276863901503264,108,412,45,0,201.46757830740327,0,,,0.22776926215738058
10yr_0060m_h228,10,0060,,0,ENUM,6.397709731677562,10,66,23,0,31.07179871138942,0,,,0.04003321100026369
50yr_0120m_h369,50,0120,,0,ENUM,6.328826619110578,18,128,47,0,49.501094459925056,0,,,0.059407902881503105
80yr_0720m_h912,80,0720,,0,ENUM,6.286124282344891,100,434,39,0,202.08976734038234,0,,,0.23046631808392704
100yr_0240m_h569,100,0240,,0,ENUM,6.32339522001431,26,225,65,0,81.2253286317568,0,,,0.09322587796486914
20yr_0720m_h889,20,0720,,0,ENUM,6.332291279001088,98,318,35,1,199.3399699803436,0,,,0.22465476021170616
30yr_0540m_h827,30,0540,,0,ENUM,6.30572431499383,78,331,35,2,155.03634180688158,0,,,0.17257859697565436
80yr_0240m_h517,80,0240,,0,ENUM,6.41212990913387,18,246,48,0,81.74149611725502,0,,,0.09817489609122276
100yr_0720m_h885,100,0720,,0,ENUM,6.296647649659528,103,429,43,0,202.51218769035535,0,,,0.22973485896363854
80yr_0180m_h482,80,0180,,0,ENUM,6.264758105388541,26,175,61,0,65.90883708927677,0,,,0.07674628705717623
20yr_0180m_h464,20,0180,,0,ENUM,6.273377177591338,24,155,37,0,63.369117491661356,0,,,0.08160228002816439
10yr_0240m_h606,10,0240,,0,ENUM,6.279068364164536,36,166,28,0,77.61912135390612,0,,,0.08868439798243344
80yr_1440m_h1186,80,1440,,0,ENUM,6.294960750100813,218,427,81,2,378.8417959097178,0,,,0.4249400650151074
20yr_0540m_h768,20,0540,,0,ENUM,6.338843522170602,88,301,35,0,154.357470916694,0,,,0.17475332412868738
30yr_0120m_h356,30,0120,,0,ENUM,6.350334826887663,18,126,42,0,48.88783481288043,0,,,0.05872952495701611
10yr_0240m_h507,10,0240,,0,ENUM,6.396310147012278,32,186,15,0,77.99923756014917,0,,,0.08848980301991105
10yr_0120m_h286,10,0120,,0,ENUM,6.442262310510843,14,115,22,0,47.2256259346936,0,,,0.05549427680671215
20yr_0540m_h838,20,0540,,0,ENUM,6.3175149199410985,90,300,38,0,153.73392821624282,0,,,0.173632285092026
10yr_0360m_h633,10,0360,,0,ENUM,6.294436052426548,66,215,27,1,107.47602916598714,0,,,0.12247116793878376
10yr_1080m_h1093,10,1080,,0,ENUM,6.299622826532113,150,267,56,3,286.5601303405019,0,,,0.32047300902195275
50yr_1080m_h1040,50,1080,,0,ENUM,6.307737056219607,116,420,43,0,291.974456897124,0,,,0.3272255409974605
20yr_1080m_h1104,20,1080,,0,ENUM,6.283842503485935,142,335,51,1,287.77252667807477,0,,,0.35188242606818676
80yr_0240m_h602,80,0240,,0,ENUM,6.3111997747827155,38,214,68,0,81.01897407771952,0,,,0.11288888799026608
20yr_0180m_h466,20,0180,,0,ENUM,6.289171939973204,30,147,40,0,62.98041338576925,0,,,0.088898436864838
50yr_0180m_h415,50,0180,,0,ENUM,6.406534421967793,18,180,50,0,64.83059521097027,0,,,0.09307794994674623
80yr_0720m_h960,80,0720,,0,ENUM,6.288570674787579,88,420,38,2,202.21935138198089,0,,,0.2728000180795789
10yr_0180m_h424,10,0180,,0,ENUM,6.3216174146095705,22,159,18,0,62.82721149150919,0,,,0.08521958207711577
20yr_0060m_h236,20,0060,,0,ENUM,6.274448029277624,12,76,27,0,31.829968593941786,0,,,0.04888593987561762
30yr_0060m_h201,30,0060,,0,ENUM,6.570883988623057,10,72,34,0,33.208990346979476,0,,,0.049794910941272974
80yr_0360m_h712,80,0360,,0,ENUM,6.274411757280268,46,291,64,0,111.56185959202807,0,,,0.23282069899141788
10yr_1080m_h1086,10,1080,,0,ENUM,6.3241277667902684,150,272,54,1,286.7831803965212,0,,,0.32146758888848126
10yr_1440m_h1211,10,1440,,0,ENUM,6.301152079597902,174,287,59,0,376.06423320123895,0,,,0.4259750279597938
100yr_0240m_h567,100,0240,,0,ENUM,6.258176123001203,26,225,67,0,81.2256002441001,0,,,0.09435151307843626
100yr_1440m_h1186,100,1440,,0,ENUM,6.292754076203813,226,432,87,2,378.7377458299152,0,,,0.427942211041227
80yr_0240m_h543,80,0240,,0,ENUM,6.282585456434909,26,228,59,0,81.01279678391994,0,,,0.09605904296040535
50yr_1440m_h1180,50,1440,,0,ENUM,6.28845472223115,202,397,75,2,378.36816359151726,0,,,0.4278272860683501
80yr_1440m_h1224,80,1440,,0,ENUM,6.302677296637248,190,455,66,1,379.48376439211916,0,,,0.4339632939081639
30yr_0060m_h140,30,0060,,0,ENUM,6.5093858949427315,10,86,26,0,32.65115281251854,0,,,0.04333966295234859
30yr_1080m_h1088,30,1080,,0,ENUM,6.2897509499198945,150,364,56,1,288.8070050535807,0,,,0.3280452180188149
20yr_0060m_h219,20,0060,,0,ENUM,6.270319765301227,12,77,27,0,31.835010574215346,0,,,0.04081219993531704
20yr_0720m_h963,20,0720,,0,ENUM,6.301447416403092,126,302,52,2,197.77631118288735,0,,,0.22588508808985353
30yr_0180m_h416,30,0180,,0,ENUM,6.29178291283889,22,178,39,0,64.27434060902026,0,,,0.07870173291303217
20yr_0240m_h550,20,0240,,0,ENUM,6.360016567536874,30,207,26,0,78.76624825483356,0,,,0.09116936614736915
80yr_0120m_h357,80,0120,,0,ENUM,6.41369311742689,20,134,52,0,49.96205503442904,0,,,0.06129684788174927
10yr_0180m_h478,10,0180,,0,ENUM,6.285371707559247,30,137,30,0,62.3342896924794,0,,,0.07281712489202619
50yr_0720m_h988,50,0720,,0,ENUM,6.303583149935046,106,383,43,0,200.53224401560334,0,,,0.23041086900047958
100yr_0180m_h436,100,0180,,0,ENUM,6.271226813846882,24,180,64,0,66.27125696440916,0,,,0.07747213006950915
10yr_0240m_h599,10,0240,,0,ENUM,6.309771755952051,36,171,29,0,77.80852522997255,0,,,0.0896879700012505
100yr_0180m_h404,100,0180,,0,ENUM,6.377673065669999,12,190,61,0,66.186355357921,0,,,0.07834394415840507
100yr_0360m_h719,100,0360,,0,ENUM,6.29884001319167,52,291,73,0,112.04501994733921,0,,,0.12942720600403845
30yr_0240m_h561,30,0240,,0,ENUM,6.28183706800431,24,203,40,0,79.57615565200695,0,,,0.10126487095840275
80yr_0720m_h954,80,0720,,0,ENUM,6.312677951481825,102,425,43,0,201.84281747953355,0,,,0.27592083904892206
10yr_0060m_h245,10,0060,,0,ENUM,6.348574909121743,12,66,21,0,31.09794819326857,0,,,0.047244986053556204
50yr_0540m_h864,50,0540,,0,ENUM,6.271307159866378,80,359,48,1,156.04888713924993,0,,,0.2165358690544963
30yr_0360m_h667,30,0360,,0,ENUM,6.312784607526882,36,286,27,0,110.59749495994684,0,,,0.14986889180727303
80yr_0360m_h703,80,0360,,0,ENUM,6.261871912530156,48,289,64,0,111.55649119137787,0,,,0.16281675803475082
30yr_1440m_h1203,30,1440,,0,ENUM,6.29976903758066,168,368,58,0,378.8476328134091,0,,,0.5244825771078467
100yr_0720m_h961,100,0720,,0,ENUM,6.3006237536126095,112,426,51,0,201.5675475848846,0,,,0.23024138412438333
20yr_0180m_h469,20,0180,,0,ENUM,6.310524034496903,26,151,41,0,63.36360068161359,0,,,0.08289794786833227
50yr_0540m_h794,50,0540,,0,ENUM,6.295171284318554,102,357,45,0,155.1313177441524,0,,,0.17674606619402766
80yr_1440m_h1180,80,1440,,0,ENUM,6.283643510171139,208,426,78,1,379.1527470927738,0,,,0.4267068679910153
10yr_0180m_h482,10,0180,,0,ENUM,6.2718750401598715,30,139,29,0,62.38116240711699,0,,,0.07210594695061445
30yr_0540m_h793,30,0540,,0,ENUM,6.302640870374651,68,344,30,1,156.02861209716002,0,,,0.17502210102975368
80yr_0240m_h609,80,0240,,0,ENUM,6.307862571255217,38,208,70,0,80.80042619777149,0,,,0.09419744811020792
10yr_0120m_h256,10,0120,,0,ENUM,6.420933096715897,18,117,17,0,47.22378650743566,0,,,0.055134763941168785
20yr_0060m_h234,20,0060,,0,ENUM,6.388549490743177,10,71,27,0,31.31362055936658,0,,,0.04054804192855954
80yr_0240m_h581,80,0240,,0,ENUM,6.279175810931761,28,225,59,0,80.85851502221712,0,,,0.09353767102584243
50yr_0540m_h775,50,0540,,0,ENUM,6.293872163188217,104,355,49,0,155.13080022183442,0,,,0.17517032311297953
30yr_0720m_h895,30,0720,,0,ENUM,6.334253535470831,124,329,48,1,199.11183960696013,0,,,0.22605961980298162
100yr_0120m_h297,100,0120,,0,ENUM,6.412671771183637,10,137,58,0,51.57999301588177,0,,,0.060525245033204556
30yr_0180m_h420,30,0180,,0,ENUM,6.287520408750168,26,168,41,0,63.77640524133429,0,,,0.07845746190287173
30yr_0240m_h547,30,0240,,0,ENUM,6.3516273601263755,22,219,36,0,80.09718881665367,0,,,0.09298193897120655
50yr_0180m_h404,50,0180,,0,ENUM,6.376497208424943,18,184,46,0,65.04359837344957,0,,,0.07683874410577118
50yr_0720m_h888,50,0720,,0,ENUM,6.280786692596295,106,375,42,1,200.7905111843868,0,,,0.22803315916098654
30yr_0720m_h930,30,0720,,0,ENUM,6.31043683674981,102,340,43,2,199.96453159886323,0,,,0.22317269700579345
80yr_1080m_h1076,80,1080,,0,ENUM,6.296701680151063,122,460,43,0,292.11300311171465,0,,,0.3309605289250612
100yr_0240m_h530,100,0240,,0,ENUM,6.311415520218479,32,228,63,0,80.73738179599545,0,,,0.09601850784383714
100yr_1080m_h1055,100,1080,,0,ENUM,6.282120865218835,146,456,55,1,291.4015828247665,0,,,0.3283003098331392
100yr_0240m_h607,100,0240,,0,ENUM,6.266548372490859,38,214,72,0,81.61388402718552,0,,,0.09440722898580134
30yr_1080m_h1019,30,1080,,0,ENUM,6.279025666822802,174,328,67,2,287.55866750593503,0,,,0.3714608328882605
20yr_1440m_h1130,20,1440,,0,ENUM,6.295018040046245,182,330,63,2,377.26022447517886,0,,,0.5089691660832614
100yr_0060m_h200,100,0060,,0,ENUM,7.085376384607396,10,81,42,0,34.751944162942934,0,,,0.05088906199671328
10yr_0360m_h645,10,0360,,0,ENUM,6.375773394364029,38,219,18,0,109.02336296898986,0,,,0.14450847893022
80yr_0060m_h221,80,0060,,0,ENUM,6.418996672783385,10,85,39,0,33.10748664472825,0,,,0.12525300402194262
20yr_1080m_h1073,20,1080,,0,ENUM,6.283396178864142,164,317,61,2,287.3652272109408,0,,,0.3272043480537832
10yr_0360m_h671,10,0360,,0,ENUM,6.312622855227622,36,241,14,0,109.0433564260995,0,,,0.11955162486992776
50yr_0120m_h263,50,0120,,0,ENUM,6.381406526427593,14,144,41,0,49.49794519055955,0,,,0.06179985008202493
30yr_0120m_h324,30,0120,,0,ENUM,6.358218836728985,16,125,41,0,48.298547820765734,0,,,0.05916743306443095
100yr_1440m_h1176,100,1440,,0,ENUM,6.2923390565094826,208,456,80,1,380.4784808279584,0,,,0.4337294378783554
100yr_0360m_h725,100,0360,,0,ENUM,6.259044970827549,48,297,74,0,112.3005599599117,0,,,0.12883271998725832
50yr_0180m_h448,50,0180,,0,ENUM,6.299307267005203,26,171,51,0,64.5743037727596,0,,,0.07594586513005197
80yr_1440m_h1230,80,1440,,0,ENUM,6.300858024478544,190,450,70,3,379.3272201881341,0,,,0.43207376496866345
100yr_0720m_h940,100,0720,,0,ENUM,6.279462626810574,100,443,41,0,202.5150006034844,0,,,0.22791104088537395
10yr_0060m_h124,10,0060,,0,ENUM,6.517710177559635,10,75,16,0,31.40774017940506,0,,,0.03798818006180227
80yr_1080m_h1091,80,1080,,0,ENUM,6.309198706742826,176,430,67,4,289.38971676454184,0,,,0.33509743004105985
30yr_0360m_h672,30,0360,,0,ENUM,6.312564773883822,36,284,27,0,110.56780037702518,0,,,0.12563291494734585
10yr_0240m_h501,10,0240,,0,ENUM,6.390976182535966,14,194,9,0,79.09075348076911,0,,,0.08870185702107847
30yr_1440m_h1167,30,1440,,0,ENUM,6.288585655443837,158,381,55,0,379.99234840833367,0,,,0.42884878697805107
30yr_0120m_h298,30,0120,,0,ENUM,6.329680673791176,12,126,40,0,48.461665473877694,0,,,0.060014124028384686
80yr_0540m_h827,80,0540,,0,ENUM,6.311803403679511,90,380,51,0,156.2577508650677,0,,,0.17993810609914362
80yr_0060m_h148,80,0060,,0,ENUM,6.479791758673775,10,93,36,0,33.813601020020144,0,,,0.04325343598611653
30yr_0720m_h968,30,0720,,0,ENUM,6.2936787394622,114,343,45,0,198.94839712830048,0,,,0.22842461103573442
50yr_0540m_h772,50,0540,,0,ENUM,6.313487230665523,66,369,28,1,156.4686772795559,0,,,0.17830375279299915
30yr_0360m_h702,30,0360,,0,ENUM,6.3119392417973135,72,258,45,0,108.81837227203945,0,,,0.12833389593288302
30yr_0720m_h902,30,0720,,0,ENUM,6.2892802461112405,104,340,43,1,199.67516312438957,0,,,0.23340598703362048
100yr_0240m_h589,100,0240,,0,ENUM,6.263128292942366,38,214,72,0,81.0605187108494,0,,,0.11362111708149314
20yr_0540m_h819,20,0540,,0,ENUM,6.287525502131695,72,311,30,0,154.66149528192864,0,,,0.20786242000758648
10yr_0360m_h714,10,0360,,0,ENUM,6.288174723205978,60,216,31,0,107.74824468468157,0,,,0.1445836299099028
80yr_1080m_h992,80,1080,,0,ENUM,6.294313221837358,154,431,56,0,290.56054142772376,0,,,0.39599464810453355
30yr_1440m_h1119,30,1440,,0,ENUM,6.304965803238964,198,354,67,0,377.2503454979576,0,,,0.5236310220789164
30yr_1080m_h1081,30,1080,,0,ENUM,6.3180817870093975,154,344,60,0,288.60243893108407,0,,,0.32412720983847976
50yr_0120m_h305,50,0120,,0,ENUM,6.457652438372091,10,132,47,0,50.011337826914215,0,,,0.059313267935067415
30yr_1440m_h1139,30,1440,,0,ENUM,6.294279800857121,170,364,58,1,379.0025627036998,0,,,0.42629228299483657
50yr_0180m_h481,50,0180,,0,ENUM,6.264126397212198,30,167,55,0,64.68711442410793,0,,,0.07617323100566864
10yr_0540m_h786,10,0540,,0,ENUM,6.283768268329757,56,268,22,1,154.31081935177826,0,,,0.17089217389002442
80yr_0180m_h465,80,0180,,0,ENUM,6.254914983110307,30,175,60,0,65.72077798986757,0,,,0.07684810506179929
80yr_0720m_h938,80,0720,,0,ENUM,6.309978116821763,102,425,42,0,201.69715197284222,0,,,0.22738356818445027
80yr_0360m_h737,80,0360,,0,ENUM,6.265234768670926,48,290,68,0,112.14134144600533,0,,,0.13010226096957922
20yr_1440m_h1156,20,1440,,0,ENUM,6.292477845414613,180,338,62,0,377.5167556646964,0,,,0.4342711209319532
10yr_0120m_h316,10,0120,,0,ENUM,6.300416561489559,14,114,23,0,47.19293399179652,0,,,0.05581020493991673
30yr_0540m_h754,30,0540,,0,ENUM,6.307438687910114,52,352,20,0,157.1588899673041,0,,,0.1768701751716435
10yr_1080m_h993,10,1080,,0,ENUM,6.288869520721678,132,275,45,0,287.65559517267553,0,,,0.32506244792602956
50yr_0240m_h512,50,0240,,0,ENUM,6.269860354257703,36,231,40,0,79.6879104634231,0,,,0.09512953506782651
100yr_0120m_h263,100,0120,,0,ENUM,6.517283270260263,14,149,50,0,51.03021667903231,0,,,0.06165203405544162
20yr_1080m_h1064,20,1080,,0,ENUM,6.3060392758454356,164,311,63,0,287.50418846807275,0,,,0.32603320106863976
30yr_0540m_h750,30,0540,,0,ENUM,6.328059119404144,70,341,28,0,155.7274890424051,0,,,0.1770463411230594
100yr_0060m_h147,100,0060,,0,ENUM,6.63916274884907,10,92,40,0,34.247787528705985,0,,,0.04313454311341047
80yr_0120m_h291,80,0120,,0,ENUM,6.313344177709556,10,140,52,0,50.60087084447894,0,,,0.06034140195697546
10yr_0360m_h624,10,0360,,0,ENUM,6.278469162807353,56,223,23,0,107.93744833035173,0,,,0.1235288290772587
100yr_0720m_h932,100,0720,,0,ENUM,6.295310126340139,96,433,42,1,202.41199036441958,0,,,0.23645241488702595
80yr_1440m_h1176,80,1440,,0,ENUM,6.276443493759863,218,429,81,0,379.02671745847863,0,,,0.5194653959479183
30yr_0720m_h986,30,0720,,0,ENUM,6.292400693982091,114,344,45,0,199.1305881989586,0,,,0.27317134803161025
20yr_0120m_h357,20,0120,,0,ENUM,6.335707062862019,22,117,37,0,47.60975882032936,0,,,0.07014900003559887
30yr_1440m_h1185,30,1440,,0,ENUM,6.293039719783877,168,377,58,1,379.2278543548032,0,,,0.519689628155902
80yr_0720m_h969,80,0720,,0,ENUM,6.316595960099619,122,408,53,1,200.60623205104486,0,,,0.23348452197387815
10yr_0360m_h661,10,0360,,0,ENUM,6.3164819490981605,46,236,19,0,108.58504217697964,0,,,0.12045848090201616
80yr_1080m_h1037,80,1080,,0,ENUM,6.291043132900133,158,445,57,1,290.7311039544392,0,,,0.33280870504677296
30yr_0060m_h177,30,0060,,0,ENUM,6.31947521938413,10,78,30,0,32.63447884817407,0,,,0.04188732407055795
10yr_0180m_h480,10,0180,,0,ENUM,6.268698109345777,24,141,26,0,62.407488936171454,0,,,0.0718717451673001
20yr_1080m_h999,20,1080,,0,ENUM,6.283457468731663,166,315,58,0,287.46801258527796,0,,,0.32522341306321323
30yr_0240m_h582,30,0240,,0,ENUM,6.288066689452416,28,205,40,0,79.42742229547105,0,,,0.09780812100507319
20yr_1440m_h1199,20,1440,,0,ENUM,6.291247351913112,180,339,62,0,377.35996658343527,0,,,0.4257205899339169
80yr_0360m_h622,80,0360,,0,ENUM,6.343857043095026,48,320,46,0,111.73919348546919,0,,,0.13325582584366202
50yr_1440m_h1154,50,1440,,0,ENUM,6.287191781700818,192,406,70,2,379.19234726346633,0,,,0.43648276291787624
10yr_1440m_h1172,10,1440,,0,ENUM,6.308394723027777,138,300,47,0,378.14240569986976,0,,,0.4335502339527011
50yr_0120m_h317,50,0120,,0,ENUM,6.320551086191241,18,124,49,0,49.06571044359209,0,,,0.05996258603408933
50yr_0120m_h321,50,0120,,0,ENUM,6.336828344107574,16,131,47,0,49.27628178928747,0,,,0.05966093810275197
100yr_1080m_h1032,100,1080,,0,ENUM,6.286120117603021,144,465,51,0,291.78525040896056,0,,,0.3363607730716467
10yr_0540m_h764,10,0540,,0,ENUM,6.345645459527103,78,249,30,0,153.27477630355082,0,,,0.17432057694531977
50yr_1080m_h1037,50,1080,,0,ENUM,6.317819997238961,136,417,50,0,291.0053341200495,0,,,0.34761845390312374
10yr_0060m_h241,10,0060,,0,ENUM,6.387060935427505,12,67,22,0,31.13375110854106,0,,,0.048471658024936914
100yr_0540m_h864,100,0540,,0,ENUM,6.30909570109586,76,383,63,0,157.5178590988337,0,,,0.22425844497047365
20yr_0720m_h966,20,0720,,0,ENUM,6.29376596423013,126,302,52,0,198.30242271503096,0,,,0.27436244999989867
100yr_0540m_h794,100,0540,,0,ENUM,6.2937339720970265,76,405,50,1,157.5602772664896,0,,,0.21687836782075465
10yr_0360m_h669,10,0360,,0,ENUM,6.296341543970364,39,233,17,1,108.69165694279414,0,,,0.2055210021790117
100yr_0120m_h354,100,0120,,0,ENUM,6.5627710017222425,20,143,54,0,50.556657584879304,0,,,0.08101486694067717
50yr_1440m_h1121,50,1440,,0,ENUM,6.2997044122378565,204,383,72,2,377.8936487142219,0,,,0.4302871781401336
50yr_0240m_h546,50,0240,,0,ENUM,6.301985123731822,28,222,47,0,80.3401474959563,0,,,0.09737698710523546
80yr_0120m_h267,80,0120,,0,ENUM,6.491386169876351,14,149,48,0,50.690799226320166,0,,,0.06148792803287506
10yr_0240m_h614,10,0240,,0,ENUM,6.292746074968623,32,170,28,0,77.79215276782563,0,,,0.08820029115304351
10yr_0540m_h818,10,0540,,0,ENUM,6.310603656021497,74,253,29,0,153.45443145332064,0,,,0.1687354319728911
100yr_0180m_h405,100,0180,,0,ENUM,6.350267535811799,18,187,59,0,65.43906534378658,0,,,0.07791859493590891
100yr_0180m_h479,100,0180,,0,ENUM,6.310863738877854,30,176,63,0,66.21764071515076,0,,,0.07674380904063582
50yr_0240m_h545,50,0240,,0,ENUM,6.317795504192461,22,228,46,0,80.65835225453979,0,,,0.09607629594393075
80yr_1080m_h1026,80,1080,,0,ENUM,6.28085693430093,148,451,53,0,291.3657305323738,0,,,0.33039237186312675
50yr_1080m_h1095,50,1080,,0,ENUM,6.29009805769521,162,397,61,2,289.1826357138649,0,,,0.3328814578708261
50yr_0180m_h461,50,0180,,0,ENUM,6.295163757514945,26,169,52,0,64.26927210019903,0,,,0.0770751410163939
100yr_0720m_h938,100,0720,,0,ENUM,6.276031088328254,100,440,42,1,202.33801193853753,0,,,0.23052284214645624
80yr_0360m_h715,80,0360,,0,ENUM,6.270838276631308,50,284,73,0,112.18689969581871,0,,,0.13233407400548458
20yr_1440m_h1163,20,1440,,0,ENUM,6.304260343698347,180,331,64,0,377.3997809013998,0,,,0.4323467561043799
30yr_0720m_h915,30,0720,,0,ENUM,6.293714085826047,104,345,41,1,199.69982702334042,0,,,0.2273317789658904
10yr_0120m_h358,10,0120,,0,ENUM,6.256667257576323,24,104,30,0,46.750961063707564,0,,,0.0574181629344821
80yr_0240m_h580,80,0240,,0,ENUM,6.297869782103391,26,221,63,0,81.01795376808315,0,,,0.09477961692027748
50yr_1440m_h1220,50,1440,,0,ENUM,6.29538685111744,214,389,79,1,377.83794714120734,0,,,0.4356676950119436
100yr_0060m_h129,100,0060,,0,ENUM,6.662570588620201,10,92,40,0,34.28794497272612,0,,,0.043270369060337543
100yr_0720m_h950,100,0720,,0,ENUM,6.281418399070422,100,444,41,0,202.5726714626618,0,,,0.23269245494157076
50yr_1440m_h1165,50,1440,,0,ENUM,6.29081269348688,192,410,70,1,379.6551844893154,0,,,0.499822658021003
10yr_0360m_h652,10,0360,,0,ENUM,6.3222139148342,40,238,16,0,108.74280977944002,0,,,0.1450531219597906
50yr_0060m_h208,50,0060,,0,ENUM,6.592891098343517,10,80,37,0,33.69813857015228,0,,,0.05039624706842005
20yr_1440m_h1151,20,1440,,0,ENUM,6.304200636809418,190,332,67,1,376.9972891056476,0,,,0.5895750999916345
80yr_0240m_h561,80,0240,,0,ENUM,6.286086732482017,28,225,60,0,80.97115311632241,0,,,0.09380845888517797
80yr_1440m_h1207,80,1440,,0,ENUM,6.298512327857148,218,416,84,3,378.45347981025975,0,,,0.42934363009408116
30yr_0240m_h496,30,0240,,0,ENUM,6.359316439662216,44,220,32,0,78.90143250761581,0,,,0.09256946481764317
20yr_0060m_h164,20,0060,,0,ENUM,6.574001637789583,10,73,28,0,32.534838946011405,0,,,0.04159452114254236
80yr_1440m_h1144,80,1440,,0,ENUM,6.290006424656547,230,413,84,1,378.0599561167961,0,,,0.44594219303689897
10yr_0060m_h238,10,0060,,0,ENUM,6.380023615076397,12,68,22,0,31.232855914951802,0,,,0.04022240615449846
100yr_1080m_h996,100,1080,,0,ENUM,6.324181101113102,150,445,56,1,291.2880693810134,0,,,0.33454259391874075
30yr_0720m_h946,30,0720,,0,ENUM,6.312919986243137,106,354,40,0,200.09698335111818,0,,,0.22642581607215106
100yr_0720m_h924,100,0720,,0,ENUM,6.275644896919257,80,453,33,0,203.34014572272432,0,,,0.2341939560137689
20yr_0240m_h598,20,0240,,0,ENUM,6.293091674270714,32,188,41,0,79.0969431663623,0,,,0.09363590204156935
100yr_0060m_h228,100,0060,,0,ENUM,6.415999441865453,12,87,38,0,33.21458241952304,0,,,0.04354474204592407
50yr_0120m_h331,50,0120,,0,ENUM,6.345528148126662,16,131,48,0,49.44725382094798,0,,,0.06031475402414799
50yr_0720m_h967,50,0720,,0,ENUM,6.303447974686427,120,373,51,1,199.94657504718725,0,,,0.2308909969870001
50yr_0720m_h937,50,0720,,0,ENUM,6.287380032007682,106,388,42,0,200.54871169557737,0,,,0.2282709761057049
20yr_1080m_h1061,20,1080,,0,ENUM,6.312857841318026,154,315,59,1,287.90223544503095,0,,,0.3306928591337055
80yr_0120m_h312,80,0120,,0,ENUM,6.305243615817671,14,135,53,0,49.714332843605646,0,,,0.060389791149646044
10yr_0720m_h959,10,0720,,0,ENUM,6.284260555500885,90,279,33,1,198.40386602331003,0,,,0.2232510419562459
50yr_1080m_h1021,50,1080,,0,ENUM,6.295739925198873,150,389,55,2,289.53340877056587,0,,,0.3347641041036695
80yr_0240m_h542,80,0240,,0,ENUM,6.261008433872453,32,223,58,0,80.54430854282603,0,,,0.09680045093409717
50yr_1080m_h1006,50,1080,,0,ENUM,6.324559101546905,150,391,55,2,289.44695560570926,0,,,0.362990366993472
80yr_0540m_h766,80,0540,,0,ENUM,6.299333663542707,78,396,38,0,157.2427048713281,0,,,0.2166093299165368
10yr_0360m_h635,10,0360,,0,ENUM,6.3806121582133155,56,212,24,0,107.77034845252737,0,,,0.1460226639173925
30yr_1440m_h1168,30,1440,,0,ENUM,6.294018216325065,158,381,55,0,379.89073989879614,0,,,0.5890636630356312
100yr_0180m_h445,100,0180,,0,ENUM,6.283780800263065,24,182,64,0,66.38326425950765,0,,,0.07677765400148928
10yr_0240m_h502,10,0240,,0,ENUM,6.420483992607501,14,196,10,0,79.1868543952546,0,,,0.08854639390483499
20yr_1080m_h1112,20,1080,,0,ENUM,6.302488383473074,152,325,56,1,287.313236535485,0,,,0.32874332601204515
10yr_0360m_h664,10,0360,,0,ENUM,6.322231353836934,36,239,15,1,108.80656771518325,0,,,0.12082091486081481
100yr_0060m_h155,100,0060,,0,ENUM,6.743388043268867,10,87,42,0,34.4275034976749,0,,,0.04258055589161813
50yr_0060m_h149,50,0060,,0,ENUM,6.293347249776376,10,91,31,0,33.05350225331644,0,,,0.04263365501537919
30yr_1440m_h1214,30,1440,,0,ENUM,6.288125621894544,206,347,73,2,376.854497595914,0,,,0.44453254202380776
50yr_0720m_h962,50,0720,,0,ENUM,6.296154181455705,116,374,49,1,199.99845872943732,0,,,0.23375109606422484
100yr_0360m_h623,100,0360,,0,ENUM,6.391504506860875,40,326,51,0,112.57045407110222,0,,,0.1339474730193615
30yr_1440m_h1175,30,1440,,0,ENUM,6.310080785627577,168,384,56,0,379.491774162144,0,,,0.43908486305736005
80yr_1440m_h1175,80,1440,,0,ENUM,6.285152843219687,208,429,79,2,379.3574599998965,0,,,0.44296658388338983
50yr_1080m_h1011,50,1080,,0,ENUM,6.291407013587091,150,398,53,1,289.7660760362161,0,,,0.33389881486073136
50yr_0060m_h229,50,0060,,0,ENUM,6.3301805519105505,12,84,35,0,32.87305139323524,0,,,0.04300202080048621
100yr_0720m_h966,100,0720,,0,ENUM,6.30482805241039,122,418,54,1,200.93567322037708,0,,,0.23665749188512564
30yr_1080m_h1000,30,1080,,0,ENUM,6.286619199628192,174,333,66,1,287.77874938299533,0,,,0.3338639459107071
10yr_0180m_h426,10,0180,,0,ENUM,6.290507814843455,22,155,17,0,62.55394255516849,0,,,0.07148572406731546
10yr_0720m_h906,10,0720,,0,ENUM,6.307018325963925,92,271,35,0,198.33031236300207,0,,,0.2241988640744239
10yr_0120m_h364,10,0120,,0,ENUM,6.341096021803412,20,106,29,0,46.97625567715289,0,,,0.05749987019225955
80yr_1440m_h1118,80,1440,,0,ENUM,6.280274659797851,220,414,80,2,378.29221381986554,0,,,0.49164334894157946
20yr_0060m_h143,20,0060,,0,ENUM,6.445192391254018,10,84,23,0,32.19290025090219,0,,,0.04890342801809311
100yr_0540m_h768,100,0540,,0,ENUM,6.341143682772727,78,404,43,0,157.58570934198056,0,,,0.21690965606831014
30yr_0180m_h470,30,0180,,0,ENUM,6.314268819214156,26,157,46,0,63.93607740177971,0,,,0.09007398714311421
50yr_0240m_h564,50,0240,,0,ENUM,6.271105763556293,30,216,52,0,80.24440483799935,0,,,0.11193027719855309
100yr_0720m_h901,100,0720,,0,ENUM,6.267679564578867,80,450,34,3,202.8872238351508,0,,,0.3494999639224261
20yr_0720m_h975,20,0720,,0,ENUM,6.319110724919392,126,300,52,0,198.11534729484262,0,,,0.22480017016641796
100yr_0540m_h776,100,0540,,0,ENUM,6.2801849128963605,90,403,53,0,157.02205423850788,0,,,0.1798729570582509
80yr_0120m_h371,80,0120,,0,ENUM,6.4232594162462675,20,135,53,0,49.943579797653385,0,,,0.059720274060964584
10yr_0540m_h797,10,0540,,0,ENUM,6.279743312920086,56,268,22,1,154.36876350568681,0,,,0.16892895195633173
100yr_1440m_h1132,100,1440,,0,ENUM,6.282951584390906,228,422,88,1,378.6119577502344,0,,,0.4342738769482821
30yr_1080m_h1096,30,1080,,0,ENUM,6.3182136663228174,150,366,54,0,288.883228910504,0,,,0.32619938696734607
80yr_1080m_h1036,80,1080,,0,ENUM,6.280016747169963,138,447,50,1,291.46620276175634,0,,,0.33026157203130424
10yr_0060m_h159,10,0060,,0,ENUM,6.389962636548022,10,71,21,0,31.651591009207763,0,,,0.03914817306213081
30yr_0120m_h266,30,0120,,0,ENUM,6.539048151420755,14,140,33,0,48.84549169558421,0,,,0.05988631397485733
80yr_0360m_h742,80,0360,,0,ENUM,6.2571348023913,54,284,71,0,111.93921326972747,0,,,0.1297442950308323
30yr_0720m_h887,30,0720,,0,ENUM,6.336135311618584,114,339,41,0,199.3781352858515,0,,,0.22472301591187716
80yr_1080m_h1003,80,1080,,0,ENUM,6.2912279686669486,154,432,56,1,290.54162081457923,0,,,0.32826415193267167
100yr_0360m_h639,100,0360,,0,ENUM,6.3908171388747315,40,325,51,0,112.42380048084317,0,,,0.13191015389747918
100yr_0720m_h960,100,0720,,0,ENUM,6.289505299993715,106,440,43,0,202.00489561811196,0,,,0.2279249569401145
50yr_0060m_h194,50,0060,,0,ENUM,6.598941770008282,10,80,37,0,33.71830790785794,0,,,0.0419562419410795
50yr_0240m_h518,50,0240,,0,ENUM,6.275964972876249,18,238,35,0,80.87264618355779,0,,,0.09504062216728926
20yr_0720m_h892,20,0720,,0,ENUM,6.311840907066999,116,294,44,1,198.14840023739254,0,,,0.2223823310341686
80yr_0720m_h882,80,0720,,0,ENUM,6.268974793302476,104,415,41,1,201.68705456073593,0,,,0.22785968706011772
80yr_0540m_h851,80,0540,,0,ENUM,6.303035510548078,70,382,54,0,157.36492727391294,0,,,0.18048250791616738
30yr_0720m_h935,30,0720,,0,ENUM,6.309570134406702,96,345,38,1,200.12305957121993,0,,,0.22661327105015516
30yr_0720m_h949,30,0720,,0,ENUM,6.285817502120203,106,346,43,1,199.9889816379467,0,,,0.21384795708581805
50yr_0180m_h419,50,0180,,0,ENUM,6.395791766726672,22,170,51,0,64.53501773591478,0,,,0.07343005202710629
80yr_0720m_h917,80,0720,,0,ENUM,6.287073785220353,116,418,47,0,201.19454267445445,0,,,0.21674473909661174
80yr_0060m_h170,80,0060,,0,ENUM,6.977356100404869,10,84,40,0,34.5800220355439,0,,,0.04000928904861212
50yr_0720m_h890,50,0720,,0,ENUM,6.28041800733368,116,368,46,0,200.06277876709817,0,,,0.2138405239675194
80yr_0180m_h434,80,0180,,0,ENUM,6.319350100719391,18,183,58,0,65.78851705730662,0,,,0.07283776183612645
10yr_0720m_h889,10,0720,,0,ENUM,6.2903126104070095,100,247,39,0,198.0975135905941,0,,,0.20844328682869673
50yr_0240m_h536,50,0240,,0,ENUM,6.311751270397309,30,218,47,0,79.99543402870628,0,,,0.09159913402982056
20yr_1440m_h1237,20,1440,,0,ENUM,6.293499932780384,180,340,62,0,377.638783456312,0,,,0.4033895479515195
30yr_0240m_h530,30,0240,,0,ENUM,6.3511054945828445,22,220,36,0,80.19241829713874,0,,,0.08795634098351002
80yr_0180m_h423,80,0180,,0,ENUM,6.32610642705967,18,190,56,0,65.52427680347607,0,,,0.07337034191004932
20yr_0360m_h675,20,0360,,0,ENUM,6.325134744530789,42,277,23,0,109.96474887989262,0,,,0.11672128294594586
30yr_0060m_h214,30,0060,,0,ENUM,6.585443964362088,10,73,34,0,33.254994681312645,0,,,0.041543512837961316
10yr_1080m_h1061,10,1080,,0,ENUM,6.290681982496174,140,276,49,0,287.1332085074289,0,,,0.3202466128859669
80yr_0720m_h952,80,0720,,0,ENUM,6.294891461714958,88,423,37,1,202.23073140372247,0,,,0.22820361098274589
100yr_0240m_h585,100,0240,,0,ENUM,6.264741331535492,26,229,66,0,81.40168855495551,0,,,0.09364437987096608
80yr_0240m_h569,80,0240,,0,ENUM,6.290532107384917,32,222,62,0,80.80942000228265,0,,,0.09313672292046249
50yr_0060m_h244,50,0060,,0,ENUM,6.300919656928107,12,81,34,0,32.75245354681438,0,,,0.04189453204162419
30yr_1080m_h1011,30,1080,,0,ENUM,6.280054781393152,174,332,66,0,287.8823146984122,0,,,0.32276784908026457
30yr_0720m_h903,30,0720,,0,ENUM,6.288556165038216,104,343,42,0,199.8854160686255,0,,,0.2259046658873558
20yr_0720m_h945,20,0720,,0,ENUM,6.309064596985353,84,328,30,0,200.02576735017556,0,,,0.2209092688281089
20yr_0180m_h490,20,0180,,0,ENUM,6.292507234667003,30,149,40,0,63.03445823952076,0,,,0.07417862699367106
10yr_1080m_h1110,10,1080,,0,ENUM,6.283612276256155,168,264,59,1,285.8375944148516,0,,,0.3190862510818988
50yr_0180m_h410,50,0180,,0,ENUM,6.397306688401438,18,181,49,0,64.92107499088002,0,,,0.07734485296532512
30yr_0060m_h211,30,0060,,0,ENUM,6.500898796523703,10,74,33,0,33.142375994104036,0,,,0.04105198383331299
100yr_0060m_h140,100,0060,,0,ENUM,6.599575781076536,10,92,39,0,34.12278683006795,0,,,0.04272354883141816
20yr_0720m_h973,20,0720,,0,ENUM,6.297533669695876,120,301,50,0,198.52281608215998,0,,,0.2247165769804269
100yr_1080m_h1054,100,1080,,0,ENUM,6.298061845609518,136,468,49,1,291.96291105153887,0,,,0.3266459610313177
80yr_0060m_h155,80,0060,,0,ENUM,7.014104135054953,10,84,41,0,34.68703815008839,0,,,0.042878663865849376
80yr_0180m_h481,80,0180,,0,ENUM,6.2510820730706165,30,171,60,0,65.45418367305862,0,,,0.07631416013464332
50yr_0240m_h561,50,0240,,0,ENUM,6.260021461003179,26,213,52,0,80.30026329508861,0,,,0.09356624400243163
50yr_1440m_h1135,50,1440,,0,ENUM,6.2970977969059785,204,385,71,1,378.06444497162533,0,,,0.4313271560240537
80yr_1440m_h1234,80,1440,,0,ENUM,6.295046980560613,208,442,75,0,378.5532590386962,0,,,0.5159080128651112
100yr_0120m_h366,100,0120,,0,ENUM,6.592646631564986,20,143,54,0,50.52481878357585,0,,,0.07268823287449777
20yr_0060m_h185,20,0060,,0,ENUM,6.5771992582853045,10,74,28,0,32.576077627959975,0,,,0.04992682300508022
100yr_0360m_h729,100,0360,,0,ENUM,6.252692691614115,48,299,72,0,112.44160165706589,0,,,0.1557599138468504
30yr_0540m_h762,30,0540,,0,ENUM,6.306624952798508,52,348,21,0,156.94400063018406,0,,,0.2880457460414618
20yr_0240m_h566,20,0240,,0,ENUM,6.305639702886208,32,184,35,0,78.20299899039583,0,,,0.09310750779695809
100yr_1080m_h1070,100,1080,,0,ENUM,6.298061845609518,136,468,49,1,291.96291105153887,0,,,0.3283930439502001
100yr_1080m_h1058,100,1080,,0,ENUM,6.310390270412568,156,464,56,0,291.25767236372116,0,,,0.3276373080443591
50yr_0720m_h931,50,0720,,0,ENUM,6.292456689403283,100,389,39,0,200.92616337528187,0,,,0.22612627781927586
20yr_0720m_h897,20,0720,,0,ENUM,6.333272336181327,98,319,35,0,199.5294917639961,0,,,0.22234759596176445
10yr_0180m_h472,10,0180,,0,ENUM,6.2532389434873386,28,134,29,0,62.270006327655345,0,,,0.07109286217018962
50yr_0060m_h138,50,0060,,0,ENUM,6.2696699208635795,10,90,30,0,32.796758662849236,0,,,0.04275101190432906
80yr_1080m_h1005,80,1080,,0,ENUM,6.287444431947603,144,428,53,0,291.05312107479915,0,,,0.3288522120565176
20yr_0120m_h349,20,0120,,0,ENUM,6.321875114777617,22,116,37,0,47.58676751583493,0,,,0.05771340406499803
30yr_0360m_h734,30,0360,,0,ENUM,6.276708694104122,50,255,50,0,110.13818472968256,0,,,0.1265093688853085
10yr_0360m_h668,10,0360,,0,ENUM,6.3153431348869145,46,235,19,0,108.62486822757836,0,,,0.12091645202599466
20yr_0180m_h379,20,0180,,0,ENUM,6.263836679482579,22,178,22,0,63.366956605618114,0,,,0.07310065696947277
20yr_0720m_h947,20,0720,,0,ENUM,6.296512201838673,108,321,40,0,199.14709461005012,0,,,0.22093934705480933
20yr_1080m_h1085,20,1080,,0,ENUM,6.284065265371038,142,333,51,1,287.78466012764443,0,,,0.324851511977613
20yr_1080m_h1049,20,1080,,0,ENUM,6.306804862856551,154,328,57,2,288.2652840076418,0,,,0.32384586008265615
100yr_0180m_h424,100,0180,,0,ENUM,6.375521669343866,14,189,61,0,65.95133932318703,0,,,0.07793207792565227
30yr_0720m_h876,30,0720,,0,ENUM,6.341722191187789,100,340,38,1,200.2144676522561,0,,,0.22566971485503018
20yr_0240m_h575,20,0240,,0,ENUM,6.258917531967649,30,193,33,0,78.63220808336101,0,,,0.09029224002733827
100yr_1080m_h1021,100,1080,,0,ENUM,6.327952780100212,150,447,54,0,291.3086929727075,0,,,0.3305875000078231
50yr_0540m_h766,50,0540,,0,ENUM,6.325596538033599,52,389,24,1,158.31109117652505,0,,,0.17694144905544817
80yr_0060m_h186,80,0060,,0,ENUM,6.913357849831727,10,82,40,0,34.390025072617014,0,,,0.04229231388308108
20yr_0120m_h297,20,0120,,0,ENUM,6.440265249638987,16,120,34,0,47.85559153256576,0,,,0.06105618504807353
10yr_0240m_h497,10,0240,,0,ENUM,6.389511494157343,14,193,9,0,79.05748749878538,0,,,0.10661141597665846
100yr_1440m_h1230,100,1440,,0,ENUM,6.304181998391733,192,463,72,4,380.1304487859019,0,,,0.5155693439301103
20yr_0120m_h365,20,0120,,0,ENUM,6.344477253127296,22,114,39,0,47.289780845313786,0,,,0.06975545617751777
10yr_0360m_h620,10,0360,,0,ENUM,6.258706285315991,38,226,17,0,109.17696928826493,0,,,0.1455773119814694
80yr_0360m_h624,80,0360,,0,ENUM,6.359058364598725,34,318,44,0,112.35494590767854,0,,,0.23910656687803566
10yr_1440m_h1224,10,1440,,0,ENUM,6.308314831708984,174,279,58,0,375.77417869922635,0,,,0.42789495293982327
50yr_1080m_h1012,50,1080,,0,ENUM,6.288680718554987,150,389,55,1,289.6139944071076,0,,,0.3277743139769882
10yr_0060m_h229,10,0060,,0,ENUM,6.367967833229194,12,68,21,0,31.146835117672175,0,,,0.03960995888337493
80yr_1440m_h1199,80,1440,,0,ENUM,6.293652726811344,218,425,82,1,378.90352056224503,0,,,0.4299535299651325
100yr_1080m_h1045,100,1080,,0,ENUM,6.284178959556565,130,479,44,0,292.9789833661987,0,,,0.3287354400381446
30yr_0060m_h206,30,0060,,0,ENUM,6.534364638547976,10,73,33,0,33.14374386581456,0,,,0.04091449500992894
30yr_0240m_h578,30,0240,,0,ENUM,6.29823615440269,30,199,45,0,79.5483926315641,0,,,0.09542116802185774
10yr_0060m_h199,10,0060,,0,ENUM,6.438385358351228,10,65,23,0,31.70198020147319,0,,,0.040003587026149035
30yr_0540m_h774,30,0540,,0,ENUM,6.312741893124249,52,339,23,1,156.81324399758935,0,,,0.17540419194847345
20yr_0240m_h543,20,0240,,0,ENUM,6.375262175442519,30,209,27,0,78.95648150814742,0,,,0.09187215194106102
10yr_0720m_h876,10,0720,,0,ENUM,6.317503479102908,118,241,48,2,196.91242453854824,0,,,0.222179614007473
30yr_0120m_h353,30,0120,,0,ENUM,6.323914912045174,18,123,40,0,48.55497601510031,0,,,0.0581918410025537
80yr_0360m_h676,80,0360,,0,ENUM,6.333774322118548,30,314,52,0,113.16784857918309,0,,,0.13150072284042835
10yr_1440m_h1221,10,1440,,0,ENUM,6.293698040815489,174,281,59,1,375.77437552912727,0,,,0.4248105080332607
80yr_0120m_h340,80,0120,,0,ENUM,6.311969517556742,16,135,52,0,50.12667837195619,0,,,0.05929797515273094
80yr_0540m_h813,80,0540,,0,ENUM,6.283983555194701,108,373,58,0,155.60707914270736,0,,,0.17831248021684587
80yr_1080m_h1048,80,1080,,0,ENUM,6.281354604732229,138,455,48,0,291.7667080933197,0,,,0.32986059901304543
30yr_0180m_h443,30,0180,,0,ENUM,6.276236631314609,26,163,43,0,63.76005249004227,0,,,0.07510661496780813
80yr_0360m_h660,80,0360,,0,ENUM,6.339649133450735,30,316,52,0,113.15047637882617,0,,,0.13349509495310485
100yr_1080m_h1030,100,1080,,0,ENUM,6.279215721356101,154,471,54,1,291.3593025333556,0,,,0.3428633539006114
100yr_0180m_h380,100,0180,,0,ENUM,6.4270240818501,22,200,54,0,65.73514145800993,0,,,0.09676633193157613
50yr_0120m_h347,50,0120,,0,ENUM,6.346434794104922,20,131,47,0,49.424785214014314,0,,,0.07268355693668127
10yr_0120m_h249,10,0120,,0,ENUM,6.4453181597323,14,123,17,0,47.29028553899265,0,,,0.06726276711560786
100yr_1440m_h1211,100,1440,,0,ENUM,6.303575806688597,182,475,66,1,381.0996179189797,0,,,0.5276384230237454
80yr_0540m_h771,80,0540,,0,ENUM,6.311060030569042,78,400,39,1,157.26657423198412,0,,,0.29114026413299143
10yr_0540m_h839,10,0540,,0,ENUM,6.307168000330545,80,251,35,1,152.93194021567973,0,,,0.1736173671670258
80yr_1440m_h1214,80,1440,,0,ENUM,6.29654854446909,190,449,69,1,379.4728764992897,0,,,0.4279421328101307
50yr_1080m_h1028,50,1080,,0,ENUM,6.302745019381994,134,407,51,1,290.66051422073053,0,,,0.32806146098300815
50yr_1440m_h1212,50,1440,,0,ENUM,6.307277342028368,232,379,88,1,377.01579649215677,0,,,0.42810392403043807
50yr_1080m_h1057,50,1080,,0,ENUM,6.289525936125275,128,412,49,2,290.96353451491166,0,,,0.3252092159818858
30yr_0720m_h984,30,0720,,0,ENUM,6.306401824635417,118,350,46,0,199.35245147171247,0,,,0.22612720797769725
20yr_0180m_h387,20,0180,,0,ENUM,6.2692688588023335,26,179,22,0,63.28911886426698,0,,,0.07319969404488802
20yr_0360m_h647,20,0360,,0,ENUM,6.31973669130714,52,260,24,0,109.25365230011602,0,,,0.12327214586548507
100yr_0060m_h126,100,0060,,0,ENUM,6.585827038631335,10,93,39,0,34.10586956097322,0,,,0.04316719598136842
20yr_0060m_h188,20,0060,,0,ENUM,6.340678436266944,10,68,28,0,32.131319454255454,0,,,0.04079176299273968
80yr_1080m_h1095,80,1080,,0,ENUM,6.295612202551876,174,424,68,2,289.6174626173465,0,,,0.32873161998577416
100yr_0360m_h656,100,0360,,0,ENUM,6.279174297216969,28,322,58,0,113.48258629323084,0,,,0.13613704196177423
80yr_1080m_h1039,80,1080,,0,ENUM,6.274993151164271,130,456,47,2,292.3122893492233,0,,,0.3289040680974722
20yr_0240m_h547,20,0240,,0,ENUM,6.355216449840775,32,203,28,0,78.8832301526071,0,,,0.09105751500464976
80yr_0060m_h180,80,0060,,0,ENUM,7.086389983401808,10,84,42,0,34.90917480461894,0,,,0.04244464682415128
30yr_0240m_h545,30,0240,,0,ENUM,6.348197027309822,32,208,38,0,79.38149532474603,0,,,0.09272991819307208
30yr_1080m_h1013,30,1080,,0,ENUM,6.295591802173725,174,331,65,0,287.5405272338261,0,,,0.3242289151530713
20yr_0240m_h556,20,0240,,0,ENUM,6.363270646244218,26,211,25,0,79.24232406197537,0,,,0.09156464599072933
10yr_1080m_h1094,10,1080,,0,ENUM,6.291275122438766,150,266,56,2,286.6812824645691,0,,,0.33865112299099565
20yr_0540m_h867,20,0540,,0,ENUM,6.316622257799277,80,312,34,0,154.353544536031,0,,,0.21150082303211093
100yr_0240m_h547,100,0240,,0,ENUM,6.315307848992851,32,228,63,0,80.84699762667441,0,,,0.11422460596077144
100yr_0120m_h319,100,0120,,0,ENUM,6.335965517770923,14,136,55,0,49.861779073815434,0,,,0.0715494379401207
20yr_1440m_h1139,20,1440,,0,ENUM,6.298088722780498,192,326,64,0,376.61431191984383,0,,,0.5730846929363906
80yr_1080m_h1073,80,1080,,0,ENUM,6.29947320404003,130,453,47,1,291.7169627839962,0,,,0.34227729099802673
100yr_0720m_h975,100,0720,,0,ENUM,6.292834755302207,112,424,51,0,201.33159980796052,0,,,0.23107085097581148
10yr_1440m_h1204,10,1440,,0,ENUM,6.285681723533237,148,288,51,0,377.3160931585842,0,,,0.41998770204372704
100yr_0240m_h614,100,0240,,0,ENUM,6.26155671181011,38,214,72,0,81.54881758632624,0,,,0.09389683790504932
50yr_0360m_h639,50,0360,,0,ENUM,6.4097279054720095,52,306,36,0,110.8126250750864,0,,,0.12728210305795074
10yr_0540m_h810,10,0540,,0,ENUM,6.284856675983332,80,250,34,3,153.17147926093475,0,,,0.1695758809801191
20yr_1080m_h1043,20,1080,,0,ENUM,6.283266999693689,154,322,57,0,288.1168832748252,0,,,0.32395045598968863
30yr_0060m_h196,30,0060,,0,ENUM,6.5104288367494885,10,73,33,0,33.108482485158135,0,,,0.04151234799064696
80yr_0540m_h814,80,0540,,0,ENUM,6.304438566295115,86,380,51,0,156.59165803521918,0,,,0.17785849492065609
30yr_0120m_h357,30,0120,,0,ENUM,6.32151708437759,18,124,40,0,48.50671422975455,0,,,0.05814923206344247
20yr_0360m_h682,20,0360,,0,ENUM,6.284134888923119,68,244,37,0,108.55476770162377,0,,,0.12074578204192221
100yr_0540m_h858,100,0540,,0,ENUM,6.314966626873222,76,382,63,0,157.51154396842423,0,,,0.18672515894286335
10yr_1080m_h1038,10,1080,,0,ENUM,6.281067031834922,140,280,48,0,287.15738868320733,0,,,0.3191403648816049
100yr_0540m_h833,100,0540,,0,ENUM,6.298775597774862,108,383,64,1,156.09706611618944,0,,,0.180502288043499
50yr_0240m_h532,50,0240,,0,ENUM,6.303668102613653,28,223,47,0,80.43296703899651,0,,,0.09726071008481085
10yr_0360m_h686,10,0360,,0,ENUM,6.2910127928606,52,221,23,0,108.03336430520224,0,,,0.11872363206930459
30yr_0180m_h454,30,0180,,0,ENUM,6.296143805228052,26,164,45,0,63.928067066518665,0,,,0.07556796004064381
50yr_1440m_h1138,50,1440,,0,ENUM,6.303489516562541,224,380,78,3,377.06194277837847,0,,,0.42995522706769407
10yr_0720m_h882,10,0720,,0,ENUM,6.309836182000379,110,242,45,1,197.15060513479128,0,,,0.22351780510507524
50yr_0060m_h210,50,0060,,0,ENUM,6.582586714498026,10,78,37,0,33.60189218158709,0,,,0.04179774806834757
100yr_0540m_h751,100,0540,,0,ENUM,6.343765774415463,72,409,39,1,157.7620771759755,0,,,0.19060161313973367
20yr_0240m_h544,20,0240,,0,ENUM,6.361912213433458,30,208,26,0,78.82767198289484,0,,,0.11088098585605621
30yr_0360m_h703,30,0360,,0,ENUM,6.287277631396678,68,266,43,0,109.24451648094949,0,,,0.15614267904311419
100yr_0060m_h225,100,0060,,0,ENUM,6.512367124065382,11,90,40,0,33.723676549502834,0,,,0.050828888081014156
30yr_0540m_h862,30,0540,,0,ENUM,6.299449958892088,86,325,44,0,154.81580826074986,0,,,0.21118564205244184
30yr_0060m_h204,30,0060,,0,ENUM,6.583485966464558,10,73,34,0,33.24541721297338,0,,,0.049173014936968684
100yr_0540m_h760,100,0540,,0,ENUM,6.342445844885667,82,409,42,1,157.44904750889674,0,,,0.21595054701901972
50yr_0060m_h175,50,0060,,0,ENUM,6.691372384584421,10,79,37,0,33.75223803222969,0,,,0.050654711900278926
10yr_1080m_h1005,10,1080,,0,ENUM,6.2926645843024485,132,275,44,0,287.4881028124349,0,,,0.42303313687443733
100yr_0240m_h556,100,0240,,0,ENUM,6.307626922707649,32,232,65,0,81.11856853629604,0,,,0.0959041379392147
30yr_0240m_h615,30,0240,,0,ENUM,6.30012341649278,34,192,48,0,79.31008077896908,0,,,0.09168437495827675
20yr_0120m_h336,20,0120,,0,ENUM,6.257143117172165,16,124,34,0,47.65491101693091,0,,,0.05799479898996651
80yr_0720m_h877,80,0720,,0,ENUM,6.291518952307665,94,415,37,1,201.89988117135113,0,,,0.2392264329828322
10yr_0060m_h169,10,0060,,0,ENUM,6.324076933173821,10,70,18,0,31.34614736177985,0,,,0.03880811994895339
10yr_0720m_h921,10,0720,,0,ENUM,6.273545587272152,92,271,34,0,198.32649627051785,0,,,0.2186716829892248
100yr_0060m_h160,100,0060,,0,ENUM,6.714808350408457,10,87,41,0,34.36296735081108,0,,,0.0425965148024261
30yr_0240m_h542,30,0240,,0,ENUM,6.323349408150035,24,211,37,0,79.7168816275977,0,,,0.0938229188323021
100yr_1440m_h1127,100,1440,,0,ENUM,6.287818890024679,220,435,82,2,379.1950547728429,0,,,0.4372110271360725
50yr_0060m_h204,50,0060,,0,ENUM,6.56805805626913,10,78,37,0,33.58429848087652,0,,,0.041879712138324976
20yr_0180m_h481,20,0180,,0,ENUM,6.285869540863006,32,148,40,0,62.98089490522512,0,,,0.07464507292024791
20yr_1440m_h1216,20,1440,,0,ENUM,6.311791994738687,208,316,73,1,375.978037871568,0,,,0.42663787002675235
10yr_1080m_h1015,10,1080,,0,ENUM,6.281028922676887,132,272,46,2,287.1971291190828,0,,,0.3234278690069914
80yr_0120m_h362,80,0120,,0,ENUM,6.416318350596728,20,136,53,0,49.96089615996318,0,,,0.06014141393825412
50yr_0540m_h755,50,0540,,0,ENUM,6.319797998785077,52,390,22,0,158.36929761584634,0,,,0.17892730399034917
20yr_0720m_h932,20,0720,,0,ENUM,6.298182118224943,84,321,32,0,199.97984703517153,0,,,0.22147768083959818
10yr_0240m_h552,10,0240,,0,ENUM,6.283175322694139,28,181,16,0,77.98651666564835,0,,,0.0881049579475075
50yr_0180m_h488,50,0180,,0,ENUM,6.2511024988816235,30,166,54,0,64.76722707453314,0,,,0.07633607112802565
10yr_0060m_h168,10,0060,,0,ENUM,6.330406754767143,10,72,18,0,31.427095010636,0,,,0.03891447698697448
80yr_0180m_h447,80,0180,,0,ENUM,6.3341367998905,22,183,59,0,65.61637906971936,0,,,0.07653322396799922
10yr_0180m_h493,10,0180,,0,ENUM,6.275510668628903,30,138,29,0,62.21562074781104,0,,,0.07330376491881907
20yr_1080m_h1046,20,1080,,0,ENUM,6.305959659164464,154,321,59,2,287.9530902389363,0,,,0.32162838499061763
10yr_1080m_h1029,10,1080,,0,ENUM,6.294151941540666,130,280,46,1,287.45432326240115,0,,,0.32212623092345893
30yr_0720m_h892,30,0720,,0,ENUM,6.327733096592098,104,335,39,0,199.5157279924939,0,,,0.2679711510427296
80yr_1080m_h1084,80,1080,,0,ENUM,6.286305584011236,132,448,49,2,291.47391899095385,0,,,0.3972598030231893
20yr_0120m_h283,20,0120,,0,ENUM,6.455148343062573,12,124,34,0,48.209514412249916,0,,,0.07103526801802218
10yr_0060m_h233,10,0060,,0,ENUM,6.391598391243539,10,65,23,0,31.14585892676911,0,,,0.04798347898758948
20yr_0540m_h829,20,0540,,0,ENUM,6.289419138029741,72,311,31,0,154.90633833036884,0,,,0.21832215506583452
30yr_0180m_h492,30,0180,,0,ENUM,6.3039438346920775,30,157,45,0,63.41575130072843,0,,,0.14548259391449392
50yr_0720m_h936,50,0720,,0,ENUM,6.2954832811294406,106,386,42,0,200.72371903021673,0,,,0.22672680113464594
20yr_1080m_h1017,20,1080,,0,ENUM,6.291226602050478,156,309,57,0,287.8516355998041,0,,,0.326819937909022
10yr_0060m_h167,10,0060,,0,ENUM,6.344863903968113,10,70,19,0,31.412832003489562,0,,,0.03902649995870888
80yr_0240m_h617,80,0240,,0,ENUM,6.306121316428798,38,210,69,0,80.67931529646668,0,,,0.09330488299019635
30yr_0120m_h326,30,0120,,0,ENUM,6.315578122311349,16,125,39,0,48.3083647686758,0,,,0.05805799504742026
50yr_0180m_h452,50,0180,,0,ENUM,6.305979683367659,26,172,52,0,64.4880269332441,0,,,0.07629188592545688
100yr_0720m_h887,100,0720,,0,ENUM,6.293603977008332,100,430,40,0,202.12372765327058,0,,,0.22927212296053767
100yr_0540m_h838,100,0540,,0,ENUM,6.310067744871549,80,382,63,1,157.28810973467392,0,,,0.18673165794461966
100yr_0060m_h141,100,0060,,0,ENUM,6.681382303199053,10,94,40,0,34.402787878120016,0,,,0.04362367303110659
30yr_0540m_h749,30,0540,,0,ENUM,6.327687940121464,80,335,32,0,155.0318237229306,0,,,0.17526941909454763
20yr_0180m_h485,20,0180,,0,ENUM,6.306033463923212,30,149,41,0,63.0840113190054,0,,,0.07443625899031758
50yr_0180m_h430,50,0180,,0,ENUM,6.411411309375442,14,184,49,0,65.34835031896435,0,,,0.07709088316187263
10yr_0240m_h615,10,0240,,0,ENUM,6.287627409905316,36,166,28,0,77.63971195543813,0,,,0.08821510197594762
100yr_0540m_h835,100,0540,,0,ENUM,6.311751898104828,98,383,60,1,156.29888449777025,0,,,0.18157823593355715
10yr_1080m_h1040,10,1080,,0,ENUM,6.271915914476961,140,275,49,1,286.9632715855126,0,,,0.32419223990291357
50yr_0540m_h801,50,0540,,0,ENUM,6.284997961954789,74,366,36,0,156.44660940989417,0,,,0.17841432616114616
20yr_0180m_h441,20,0180,,0,ENUM,6.256950965802873,24,158,34,0,63.28456210478035,0,,,0.0756737741176039
100yr_0240m_h539,100,0240,,0,ENUM,6.3291931434501425,28,230,64,0,81.30230859996799,0,,,0.0959709039889276
80yr_1080m_h1011,80,1080,,0,ENUM,6.296860384119953,154,433,55,0,290.5424322555482,0,,,0.3334611051250249
20yr_0540m_h793,20,0540,,0,ENUM,6.296509298942007,84,309,34,0,154.47616518391047,0,,,0.17488920618779957
20yr_0720m_h990,20,0720,,0,ENUM,6.298468059460529,120,297,50,0,198.146398749211,0,,,0.2271011029370129
50yr_1080m_h1020,50,1080,,0,ENUM,6.279734965943166,158,383,61,4,289.14035774602587,0,,,0.3300125270616263
30yr_0120m_h319,30,0120,,0,ENUM,6.3660443158090905,16,123,42,0,48.438514785999494,0,,,0.059699244098737836
20yr_0720m_h891,20,0720,,0,ENUM,6.315618989636685,98,316,35,0,199.58348372834084,0,,,0.23495484702289104
20yr_0180m_h492,20,0180,,0,ENUM,6.324236169114268,26,152,42,0,63.43803234359688,0,,,0.0892778318375349
20yr_0240m_h615,20,0240,,0,ENUM,6.295504402378962,34,190,41,0,79.05251375424595,0,,,0.11068078689277172
10yr_0360m_h642,10,0360,,0,ENUM,6.382675486898927,56,212,24,0,107.79508259733778,0,,,0.1473820370156318
80yr_0120m_h354,80,0120,,0,ENUM,6.63325180661615,18,138,53,0,50.53782903177689,0,,,0.07222000090405345
80yr_0540m_h780,80,0540,,0,ENUM,6.309259642360745,86,395,47,0,156.92768415159887,0,,,0.21377997589297593
50yr_0540m_h834,50,0540,,0,ENUM,6.295577074151389,82,365,40,0,155.89765590634013,0,,,0.2102542428765446
100yr_0060m_h208,100,0060,,0,ENUM,7.038943887927039,10,81,42,0,34.656710388946195,0,,,0.050823285011574626
20yr_0180m_h477,20,0180,,0,ENUM,6.2975383089464785,30,150,40,0,63.07295096932511,0,,,0.1645584451034665
100yr_0120m_h353,100,0120,,0,ENUM,6.7242843306394535,20,140,54,0,50.81871904368022,0,,,0.061028460040688515
80yr_0120m_h350,80,0120,,0,ENUM,6.503978784147155,20,139,52,0,50.34001742540555,0,,,0.059632670134305954
100yr_0360m_h652,100,0360,,0,ENUM,6.276383928748524,32,319,58,0,113.01759722302788,0,,,0.13630016217939556
10yr_1440m_h1123,10,1440,,0,ENUM,6.293197875495264,148,287,49,1,377.23202945355797,0,,,0.5087466819677502
10yr_0360m_h673,10,0360,,0,ENUM,6.310702286846226,36,235,15,0,108.81854128426491,0,,,0.12143218400888145
20yr_0240m_h563,20,0240,,0,ENUM,6.316468296732761,32,187,35,0,78.5148986847321,0,,,0.09076005616225302
20yr_0240m_h512,20,0240,,0,ENUM,6.266569226992765,44,214,25,0,78.44380616131053,0,,,0.09017007309012115
80yr_0540m_h760,80,0540,,0,ENUM,6.297373653178001,78,396,38,0,157.2254752820305,0,,,0.17946327710524201
80yr_0120m_h299,80,0120,,0,ENUM,6.3257246431290355,10,136,54,0,50.75773250424179,0,,,0.06025599781423807
80yr_0540m_h808,80,0540,,0,ENUM,6.282807177992448,108,374,57,0,155.80737678636604,0,,,0.17745129391551018
50yr_0120m_h252,50,0120,,0,ENUM,6.380568813420473,14,145,41,0,49.513673688902756,0,,,0.06171336118131876
10yr_0540m_h857,10,0540,,0,ENUM,6.297987256442352,82,247,34,0,152.90526785423378,0,,,0.170952812070027
30yr_0240m_h539,30,0240,,0,ENUM,6.337345677955466,18,217,35,0,80.05024499571303,0,,,0.09298274503089488
80yr_0720m_h891,80,0720,,0,ENUM,6.290076152576636,94,419,37,0,202.38639314114346,0,,,0.22998969303444028
100yr_0720m_h982,100,0720,,0,ENUM,6.307100374143109,116,425,51,0,201.28852930129395,0,,,0.23394506284967065
100yr_0240m_h531,100,0240,,0,ENUM,6.320249455208583,32,229,64,0,81.01768498297076,0,,,0.09601615904830396
30yr_0720m_h919,30,0720,,0,ENUM,6.296282664547616,104,342,43,2,199.63192999908722,0,,,0.2276617051102221
10yr_0240m_h592,10,0240,,0,ENUM,6.306645841862414,32,169,29,0,77.8183519087674,0,,,0.08899035886861384
100yr_0060m_h131,100,0060,,0,ENUM,6.609311014964997,10,94,39,0,34.22228555062169,0,,,0.04308807896450162
80yr_0720m_h876,80,0720,,0,ENUM,6.349238712054392,94,410,38,0,202.05447017648385,0,,,0.22929807589389384
50yr_0120m_h334,50,0120,,0,ENUM,6.339411830436762,16,129,48,0,49.30247256505109,0,,,0.0596194330137223
100yr_0060m_h190,100,0060,,0,ENUM,7.125364047991979,10,82,43,0,34.903783062578114,0,,,0.04221651307307184
30yr_0240m_h534,30,0240,,0,ENUM,6.321221457606066,24,213,36,0,79.80594729963848,0,,,0.09387562284246087
100yr_1440m_h1173,100,1440,,0,ENUM,6.301429941435046,216,441,83,2,379.20493733149084,0,,,0.4382078289054334
30yr_0540m_h826,30,0540,,0,ENUM,6.2704841953321075,78,333,35,1,155.1199125570102,0,,,0.1742505410220474
100yr_0120m_h309,100,0120,,0,ENUM,6.447213338070511,10,138,58,0,51.60620308923144,0,,,0.06131301308050752
100yr_0360m_h704,100,0360,,0,ENUM,6.303159978480903,52,297,70,0,111.80251990332926,0,,,0.15094937197864056
50yr_0540m_h842,50,0540,,0,ENUM,6.316871987258673,80,358,48,1,155.94918594997287,0,,,0.2182193270418793
50yr_1440m_h1202,50,1440,,0,ENUM,6.299390150966762,202,395,72,1,378.28735265723697,0,,,0.5158039638772607
10yr_0180m_h396,10,0180,,0,ENUM,6.271468585378954,18,163,12,0,62.99082860589155,0,,,0.08628435805439949
20yr_0360m_h743,20,0360,,0,ENUM,6.287405430098292,58,243,42,0,109.14460730360912,0,,,0.21616917080245912
20yr_0240m_h581,20,0240,,0,ENUM,6.256065462299639,30,192,33,0,78.60882102092945,0,,,0.0905237109400332
10yr_0180m_h383,10,0180,,0,ENUM,6.284477632601291,18,164,12,0,63.08797832643437,0,,,0.0722006200812757
80yr_0240m_h601,80,0240,,0,ENUM,6.307037312070365,38,210,69,0,80.77685333432234,0,,,0.09409328899346292
20yr_0180m_h384,20,0180,,0,ENUM,6.27910376852723,26,177,23,0,63.27046845714029,0,,,0.07302641496062279
80yr_1080m_h1027,80,1080,,0,ENUM,6.272331690877575,130,456,47,1,292.4552639231256,0,,,0.3382005321327597
10yr_0120m_h282,10,0120,,0,ENUM,6.253446850576746,18,117,22,0,46.91168800217301,0,,,0.05758230201900005
20yr_0180m_h391,20,0180,,0,ENUM,6.254608220096704,22,178,21,0,63.353244482044055,0,,,0.07245168788358569
20yr_0240m_h504,20,0240,,0,ENUM,6.418112235265408,44,198,26,0,78.2281512507272,0,,,0.08992178994230926
80yr_1440m_h1135,80,1440,,0,ENUM,6.285328929113928,230,417,83,1,378.08008976218673,0,,,0.4322289249394089
80yr_0240m_h575,80,0240,,0,ENUM,6.280987974104356,26,224,60,0,80.99721336915765,0,,,0.09442323888652027
50yr_1080m_h1056,50,1080,,0,ENUM,6.29351295663966,144,404,53,1,289.97701120908425,0,,,0.32839946798048913
80yr_0720m_h946,80,0720,,0,ENUM,6.287825495940364,102,427,42,0,201.69747579550807,0,,,0.23072053398936987
50yr_0240m_h523,50,0240,,0,ENUM,6.285122528281325,18,238,36,0,81.02120357023766,0,,,0.09644547384232283
20yr_0180m_h402,20,0180,,0,ENUM,6.270623004120375,26,181,22,0,63.3734667431964,0,,,0.07395343715324998
30yr_0540m_h846,30,0540,,0,ENUM,6.308543216081578,88,325,41,0,154.50367177040604,0,,,0.17656810209155083
50yr_0180m_h495,50,0180,,0,ENUM,6.265157973650365,30,166,55,0,64.69360666928088,0,,,0.07657102798111737
80yr_0180m_h436,80,0180,,0,ENUM,6.31422201356213,18,180,58,0,65.3557409180917,0,,,0.07723407889716327
30yr_0180m_h445,30,0180,,0,ENUM,6.277458342075988,30,162,44,0,63.52007049589595,0,,,0.07661323086358607
50yr_0060m_h202,50,0060,,0,ENUM,6.475999209906266,10,79,36,0,33.43310627658677,0,,,0.042087069945409894
50yr_0360m_h625,50,0360,,0,ENUM,6.4132602603367985,52,308,36,0,111.04572076507756,0,,,0.1275130759458989
50yr_0180m_h484,50,0180,,0,ENUM,6.252258254086737,30,165,54,0,64.78469339800291,0,,,0.07611272507347167
10yr_0720m_h927,10,0720,,0,ENUM,6.27310741870459,92,272,34,1,198.2146886498017,0,,,0.22349395393393934
30yr_0060m_h129,30,0060,,0,ENUM,6.55090036630296,10,87,28,0,32.87513406969616,0,,,0.043052579974755645
20yr_0240m_h549,20,0240,,0,ENUM,6.377712035047087,30,209,27,0,78.88331986434015,0,,,0.09334874199703336
50yr_1440m_h1132,50,1440,,0,ENUM,6.305753030908746,214,378,77,1,377.5322741228605,0,,,0.4341970458626747
10yr_1080m_h1045,10,1080,,0,ENUM,6.29213055418641,130,285,45,0,287.71390760795,0,,,0.3405583081766963
100yr_0060m_h189,100,0060,,0,ENUM,7.119637220207158,10,83,43,0,34.93757071902415,0,,,0.05073244287632406
20yr_0540m_h821,20,0540,,0,ENUM,6.309899322032607,72,308,31,0,154.5471166374978,0,,,0.20755295106209815
80yr_0720m_h896,80,0720,,0,ENUM,6.353280427481691,86,419,34,0,202.06328760010126,0,,,0.2771546230651438
100yr_0120m_h305,100,0120,,0,ENUM,6.3479910319033666,10,138,56,0,51.20040811597034,0,,,0.07228006585501134
30yr_1440m_h1125,30,1440,,0,ENUM,6.298965961365538,170,367,58,1,379.01563986047336,0,,,0.5530318759847432
30yr_1440m_h1210,30,1440,,0,ENUM,6.30528439175944,206,358,72,0,377.4445089181599,0,,,0.4269819650799036
50yr_0120m_h361,50,0120,,0,ENUM,6.361812671311108,20,131,48,0,49.5162973018777,0,,,0.05978960101492703
100yr_0540m_h783,100,0540,,0,ENUM,6.295997961386363,76,409,47,0,157.84353939595042,0,,,0.1792714272160083
30yr_0060m_h149,30,0060,,0,ENUM,6.4983814799206625,10,86,26,0,32.55739483310147,0,,,0.04242498707026243
50yr_0360m_h683,50,0360,,0,ENUM,6.3043790821651084,60,274,55,0,110.37377948030374,0,,,0.1280085858888924
50yr_1440m_h1173,50,1440,,0,ENUM,6.296997428984074,192,395,71,2,378.75806622405486,0,,,0.4298130690585822
80yr_0720m_h953,80,0720,,0,ENUM,6.292392348472992,92,428,37,1,202.42515517406557,0,,,0.22880764491856098
80yr_0240m_h541,80,0240,,0,ENUM,6.2707253174922775,26,225,58,0,80.76747307695729,0,,,0.09687822801060975
100yr_0720m_h958,100,0720,,0,ENUM,6.282604668712746,100,445,41,0,202.49543685359984,0,,,0.22870712215080857
20yr_0720m_h914,20,0720,,0,ENUM,6.303592110266242,92,332,32,0,199.67592681463267,0,,,0.2256200599949807
100yr_0360m_h626,100,0360,,0,ENUM,6.403734362321156,36,324,49,0,112.78763546207277,0,,,0.13444367400370538
100yr_0180m_h385,100,0180,,0,ENUM,6.414276663058975,22,200,53,0,65.66432366086799,0,,,0.08055309811607003
80yr_0360m_h697,80,0360,,0,ENUM,6.28279537439641,50,291,65,0,111.40600733401993,0,,,0.13640683214180171
50yr_0120m_h352,50,0120,,0,ENUM,6.343848189186227,20,130,47,0,49.328156363551734,0,,,0.06063252501189709
100yr_0240m_h603,100,0240,,0,ENUM,6.254998444732378,38,214,71,0,81.07055809663368,0,,,0.09376346808858216
50yr_0360m_h706,50,0360,,0,ENUM,6.299552433261027,60,272,57,0,109.93110215215155,0,,,0.1279670491348952
80yr_0120m_h321,80,0120,,0,ENUM,6.303128227729191,14,134,53,0,49.603434748809605,0,,,0.06066111079417169
30yr_0180m_h481,30,0180,,0,ENUM,6.318656609593061,26,159,46,0,63.75020297753458,0,,,0.07626429991796613
30yr_0180m_h439,30,0180,,0,ENUM,6.272789239223096,24,160,44,0,63.821876324487796,0,,,0.0760872638784349
10yr_0540m_h775,10,0540,,0,ENUM,6.2805568648700545,68,265,27,1,153.96231330016286,0,,,0.17076702206395566
80yr_0360m_h701,80,0360,,0,ENUM,6.290460106837487,46,292,64,0,111.6768670725546,0,,,0.13534020609222353
80yr_0180m_h493,80,0180,,0,ENUM,6.261408787931551,28,174,61,0,65.38424510280778,0,,,0.07727018999867141
30yr_1080m_h993,30,1080,,0,ENUM,6.286093331873284,164,333,61,1,288.07589056160896,0,,,0.329371107975021
50yr_1440m_h1171,50,1440,,0,ENUM,6.294737780203731,202,399,74,2,378.47998796867273,0,,,0.4990146120544523
80yr_0060m_h159,80,0060,,0,ENUM,7.03450708049396,10,84,41,0,34.74614282648267,0,,,0.05083632608875632
30yr_0360m_h635,30,0360,,0,ENUM,6.276764402662752,48,286,24,0,110.03155272792432,0,,,0.15133426012471318
30yr_0180m_h482,30,0180,,0,ENUM,6.323893872803252,30,159,47,0,63.88101389210766,0,,,0.0903704920783639
30yr_0120m_h369,30,0120,,0,ENUM,6.360042179190849,18,124,43,0,48.77705734592553,0,,,0.07001339294947684
20yr_0720m_h924,20,0720,,0,ENUM,6.2919421002793054,92,326,34,2,199.60501991273424,0,,,0.34402743307873607
80yr_0720m_h985,80,0720,,0,ENUM,6.288863934598367,122,404,52,0,200.60999103762694,0,,,0.23892044508829713
50yr_0120m_h320,50,0120,,0,ENUM,6.343607874867978,16,130,48,0,49.45347978585924,0,,,0.058846671832725406
30yr_1440m_h1184,30,1440,,0,ENUM,6.293292552036608,168,377,58,1,379.2328826472159,0,,,0.42826298205181956
50yr_0240m_h568,50,0240,,0,ENUM,6.271367831031068,26,215,53,0,80.3917545171554,0,,,0.10155187407508492
10yr_0720m_h893,10,0720,,0,ENUM,6.2998213112090395,118,238,47,1,196.91183856357495,0,,,0.22090247296728194
10yr_0120m_h341,10,0120,,0,ENUM,6.341096021803412,20,106,29,0,46.97625567715289,0,,,0.056896910071372986
10yr_0540m_h850,10,0540,,0,ENUM,6.303632995071657,80,251,34,1,152.84280622548218,0,,,0.17326888488605618
10yr_1080m_h992,10,1080,,0,ENUM,6.273924975138026,132,272,44,0,287.2962141224866,0,,,0.32398667512461543
100yr_1440m_h1219,100,1440,,0,ENUM,6.284853922246824,192,465,70,1,380.6523489420373,0,,,0.4394589988514781
20yr_1440m_h1189,20,1440,,0,ENUM,6.311100205846399,190,320,67,0,376.8015062783643,0,,,0.4294239510782063
50yr_0180m_h399,50,0180,,0,ENUM,6.274195681833557,18,197,37,0,64.77991103300226,0,,,0.08002550294622779
100yr_1440m_h1223,100,1440,,0,ENUM,6.296489706022653,182,469,68,2,380.8133921249351,0,,,0.43989991187117994
10yr_0240m_h510,10,0240,,0,ENUM,6.388170837028306,14,193,9,0,78.99873734248253,0,,,0.08890350395813584
10yr_0120m_h270,10,0120,,0,ENUM,6.40960984908201,14,122,15,0,47.164565920355614,0,,,0.05570324999280274
30yr_0180m_h410,30,0180,,0,ENUM,6.275923683656755,16,176,38,0,64.36840725407197,0,,,0.08161696791648865
50yr_0360m_h669,50,0360,,0,ENUM,6.346698044196614,32,304,41,0,111.92984028965833,0,,,0.13104994711466134
20yr_1440m_h1215,20,1440,,0,ENUM,6.3174862584158245,190,329,67,3,376.7604078842977,0,,,0.4343296780716628
20yr_0360m_h716,20,0360,,0,ENUM,6.309093210203613,52,246,41,1,109.12315971434859,0,,,0.12948538409546018
20yr_0360m_h676,20,0360,,0,ENUM,6.314041163176535,50,266,27,0,109.59526509601463,0,,,0.1496139159426093
10yr_0720m_h967,10,0720,,0,ENUM,6.2957061318154475,108,263,41,0,197.43141924170186,0,,,0.2667617849074304
30yr_0180m_h396,30,0180,,0,ENUM,6.37210262174864,14,185,29,0,64.2572510823912,0,,,0.09341268101707101
80yr_0120m_h314,80,0120,,0,ENUM,6.287290077168127,16,132,52,0,49.96374001109844,0,,,0.07203915202990174
20yr_0360m_h625,20,0360,,0,ENUM,6.313003526249228,30,277,17,0,110.915560862201,0,,,0.14940600795671344
20yr_0060m_h194,20,0060,,0,ENUM,6.3499388217148685,10,70,28,0,32.1975048618511,0,,,0.049043060978874564
30yr_0360m_h716,30,0360,,0,ENUM,6.292246006987072,50,254,49,0,110.2583478166521,0,,,0.15332082798704505
50yr_0360m_h684,50,0360,,0,ENUM,6.288672436676432,56,275,56,0,110.40762606627504,0,,,0.21903119701892138
30yr_0720m_h954,30,0720,,0,ENUM,6.310602525952245,102,344,42,0,200.14761024543603,0,,,0.22251861495897174
80yr_0120m_h359,80,0120,,0,ENUM,6.341153562310895,20,136,52,0,49.75935332011312,0,,,0.05968915205448866
80yr_0060m_h163,80,0060,,0,ENUM,6.994080991349946,10,82,41,0,34.57607009666843,0,,,0.042310792952775955
100yr_0240m_h515,100,0240,,0,ENUM,6.447868091822618,18,251,51,0,81.98901713099421,0,,,0.09900670405477285
20yr_1080m_h1030,20,1080,,0,ENUM,6.284591510849883,154,319,58,2,287.87209980094826,0,,,0.32534195203334093
20yr_0120m_h323,20,0120,,0,ENUM,6.364009107393253,16,116,35,0,47.686468730247014,0,,,0.059342031832784414
80yr_0720m_h910,80,0720,,0,ENUM,6.280911580536814,98,432,38,0,201.81571597576328,0,,,0.23170159105211496
20yr_1080m_h1045,20,1080,,0,ENUM,6.282341339678186,154,320,58,2,287.8570463166919,0,,,0.3296832381747663
100yr_0360m_h653,100,0360,,0,ENUM,6.275496607385605,28,322,57,0,113.37010145958905,0,,,0.13846132811158895
80yr_0060m_h223,80,0060,,0,ENUM,6.425583180268664,10,84,39,0,33.12065756323193,0,,,0.042765585007146
10yr_0540m_h855,10,0540,,0,ENUM,6.294688254870098,94,249,42,1,152.58021010588925,0,,,0.17259137285873294
100yr_0120m_h348,100,0120,,0,ENUM,6.500510442702234,20,136,55,0,50.23310076276868,0,,,0.06146277394145727
30yr_1440m_h1130,30,1440,,0,ENUM,6.305443812830523,198,354,68,1,377.2069717799302,0,,,0.4323996379971504
50yr_0180m_h373,50,0180,,0,ENUM,6.277224350554085,16,191,39,0,65.05727406287582,0,,,0.08090168796479702
10yr_0180m_h440,10,0180,,0,ENUM,6.268259241488281,34,142,25,0,61.88790821428994,0,,,0.07430367707274854
30yr_1080m_h1112,30,1080,,0,ENUM,6.323540626916578,150,365,55,0,288.9994916095059,0,,,0.3303305439185351
100yr_1080m_h1089,100,1080,,0,ENUM,6.288373985645288,172,440,69,2,289.9355938687518,0,,,0.3385548961814493
80yr_0180m_h458,80,0180,,0,ENUM,6.3271702650249955,26,181,59,0,65.57527881586176,0,,,0.0783677389845252
10yr_0060m_h178,10,0060,,0,ENUM,6.374243951423315,10,72,20,0,31.63013025135693,0,,,0.04024917399510741
30yr_0180m_h407,30,0180,,0,ENUM,6.281299629589446,22,178,38,0,64.16836476804963,0,,,0.08064649789594114
10yr_0540m_h840,10,0540,,0,ENUM,6.291852236235123,80,252,33,1,152.84249275904082,0,,,0.17349108308553696
80yr_0540m_h792,80,0540,,0,ENUM,6.302621328274703,72,389,43,0,157.21177845516277,0,,,0.18101292988285422
20yr_0540m_h748,20,0540,,0,ENUM,6.324981953521557,88,296,36,0,154.10298937127789,0,,,0.17725410708226264
50yr_1440m_h1234,50,1440,,0,ENUM,6.28611769226761,214,386,83,5,377.4649998717411,0,,,0.512266431003809
10yr_0240m_h583,10,0240,,0,ENUM,6.260049653983959,46,173,26,0,77.24307299358921,0,,,0.10325883305631578
20yr_0180m_h374,20,0180,,0,ENUM,6.265104790636927,26,178,22,0,63.19857210182814,0,,,0.08777971589006484
50yr_1080m_h1100,50,1080,,0,ENUM,6.283340889873878,162,398,61,1,289.29940621315654,0,,,0.4717581360600889
20yr_1080m_h1018,20,1080,,0,ENUM,6.275670807584225,166,306,59,1,287.07052643020415,0,,,0.321892503881827
80yr_0180m_h373,80,0180,,0,ENUM,6.362177648916709,12,201,45,0,65.69472186030025,0,,,0.07889542100019753
80yr_0720m_h895,80,0720,,0,ENUM,6.34811729812948,94,413,37,0,202.1405114978732,0,,,0.2271628649905324
10yr_0540m_h837,10,0540,,0,ENUM,6.306099999280424,70,259,29,1,153.20161123034026,0,,,0.172641655895859
20yr_0180m_h435,20,0180,,0,ENUM,6.265827195745034,24,157,36,0,63.34573205250922,0,,,0.07830883818678558
100yr_0720m_h964,100,0720,,0,ENUM,6.308892705216095,126,418,56,0,200.90827878900996,0,,,0.23524194303900003
100yr_0240m_h602,100,0240,,0,ENUM,6.260687947613777,38,215,71,0,81.50824402219828,0,,,0.09462082502432168
100yr_0120m_h277,100,0120,,0,ENUM,6.562523167789743,10,155,50,0,51.691182605931594,0,,,0.0619042138569057
20yr_0240m_h515,20,0240,,0,ENUM,6.26771937420912,44,212,26,0,78.31814863627702,0,,,0.09047310100868344
20yr_0360m_h664,20,0360,,0,ENUM,6.327495222637714,56,270,28,0,109.24771804082268,0,,,0.12305100588127971
20yr_0720m_h928,20,0720,,0,ENUM,6.294536055184204,102,323,38,1,199.2220045023891,0,,,0.22386983502656221
30yr_1440m_h1148,30,1440,,0,ENUM,6.283699095144015,168,380,58,0,379.3583635316226,0,,,0.4326242869719863
100yr_0240m_h519,100,0240,,0,ENUM,6.4411450872450144,18,247,51,0,82.04868896470177,0,,,0.09815650386735797
10yr_0720m_h912,10,0720,,0,ENUM,6.280261263775505,92,270,35,1,198.2061897775464,0,,,0.2208276060409844
10yr_0060m_h193,10,0060,,0,ENUM,6.408444960256085,10,64,22,0,31.536246010649034,0,,,0.03986535198055208
30yr_0240m_h529,30,0240,,0,ENUM,6.341063546936624,22,219,35,0,80.05702024324535,0,,,0.09294702298939228
50yr_0720m_h940,50,0720,,0,ENUM,6.312533976888574,102,389,41,0,200.89101711969505,0,,,0.22703193593770266
100yr_0240m_h508,100,0240,,0,ENUM,6.452829196793337,32,235,58,0,81.22951642536536,0,,,0.09799610101617873
50yr_1440m_h1145,50,1440,,0,ENUM,6.302359744121605,204,383,72,1,377.91235463982514,0,,,0.42679205909371376
30yr_1440m_h1133,30,1440,,0,ENUM,6.283950666440688,208,343,72,1,376.63351802304726,0,,,0.42711607296951115
30yr_1080m_h995,30,1080,,0,ENUM,6.2896599924223455,174,335,64,1,287.6196853240447,0,,,0.33013005508109927
100yr_0360m_h732,100,0360,,0,ENUM,6.256565422086203,50,291,77,0,112.24593813813848,0,,,0.15366394584998488
100yr_1440m_h1153,100,1440,,0,ENUM,6.288143101199241,236,432,92,5,378.24311554419444,0,,,0.5183964788448066
100yr_0360m_h624,100,0360,,0,ENUM,6.397831099845304,30,324,48,0,113.14491680529969,0,,,0.15842509386129677
10yr_1440m_h1176,10,1440,,0,ENUM,6.303225700926535,138,306,46,1,378.2045157474185,0,,,0.543219936080277
50yr_0240m_h522,50,0240,,0,ENUM,6.302424441660893,36,234,42,0,80.1052763089856,0,,,0.09458300890401006
20yr_0120m_h292,20,0120,,0,ENUM,6.455527730366656,12,123,34,0,48.15574611922649,0,,,0.05971755203790963
80yr_1080m_h1038,80,1080,,0,ENUM,6.288853485808407,148,443,53,0,291.3524401716031,0,,,0.3298373569268733
10yr_0060m_h195,10,0060,,0,ENUM,6.452845335509963,10,66,23,0,31.801208300296334,0,,,0.04021535278297961
10yr_0120m_h345,10,0120,,0,ENUM,6.332534551662494,24,107,27,0,46.812577998072896,0,,,0.0569758249912411
10yr_0540m_h800,10,0540,,0,ENUM,6.287403317216307,82,249,33,1,152.97109863411214,0,,,0.17067992710508406
30yr_0180m_h403,30,0180,,0,ENUM,6.273944987339782,16,178,37,0,64.5007968293746,0,,,0.08101202710531652
30yr_0120m_h273,30,0120,,0,ENUM,6.51120340449998,14,140,31,0,48.68507574950132,0,,,0.05907845986075699
30yr_0060m_h144,30,0060,,0,ENUM,6.52896112912897,10,87,27,0,32.754154521733355,0,,,0.043295196956023574
80yr_0060m_h158,80,0060,,0,ENUM,7.014104135054953,10,84,41,0,34.68703815008839,0,,,0.0422358310315758
30yr_0180m_h441,30,0180,,0,ENUM,6.305137671480758,26,165,45,0,63.8034592805259,0,,,0.07556949206627905
50yr_0180m_h418,50,0180,,0,ENUM,6.3827638595072616,22,178,48,0,64.651995766669,0,,,0.07786675402894616
10yr_0120m_h312,10,0120,,0,ENUM,6.3198010471453,16,114,24,0,47.0930378294107,0,,,0.05639865295961499
80yr_1440m_h1211,80,1440,,0,ENUM,6.291996763674723,216,436,80,1,378.2604146950094,0,,,0.4314855569973588
100yr_0720m_h888,100,0720,,0,ENUM,6.298097011946338,98,428,41,1,202.52822882895526,0,,,0.2286594188772142
100yr_1440m_h1183,100,1440,,0,ENUM,6.275497141010824,226,433,86,1,378.74419838854124,0,,,0.43008067179471254
100yr_0720m_h891,100,0720,,0,ENUM,6.29486096830197,92,441,36,0,202.7145340686144,0,,,0.2311125579290092
100yr_1440m_h1215,100,1440,,0,ENUM,6.295099368330037,182,472,68,3,381.0772737896183,0,,,0.4330712128430605
10yr_0180m_h476,10,0180,,0,ENUM,6.265818725737095,26,134,29,0,62.37001886895469,0,,,0.0715691561345011
20yr_1080m_h1053,20,1080,,0,ENUM,6.272302714498787,154,325,56,0,288.2116719672727,0,,,0.3261286721099168
10yr_0720m_h976,10,0720,,0,ENUM,6.309010075881207,108,265,40,0,197.6118583379121,0,,,0.22042413405142725
50yr_0180m_h374,50,0180,,0,ENUM,6.27426119515606,18,194,38,0,64.68928039103821,0,,,0.08057369408197701
100yr_0720m_h935,100,0720,,0,ENUM,6.289511283284231,96,434,42,1,202.2964457818761,0,,,0.2756331148557365
30yr_0180m_h460,30,0180,,0,ENUM,6.287601309385641,26,164,44,0,63.86052858031991,0,,,0.09065738902427256
50yr_0060m_h127,50,0060,,0,ENUM,6.3113081255136105,10,93,32,0,33.317460245847165,0,,,0.05983020085841417
80yr_0060m_h228,80,0060,,0,ENUM,6.412995705926822,10,82,39,0,32.95242526768603,0,,,0.0506598309148103
10yr_1440m_h1157,10,1440,,0,ENUM,6.299602937906666,138,302,47,1,378.03304458934133,0,,,0.5846069869585335
50yr_0120m_h253,50,0120,,0,ENUM,6.384289579647984,14,145,41,0,49.461325577664624,0,,,0.07435318687930703
30yr_0360m_h622,30,0360,,0,ENUM,6.278141923509565,48,287,24,0,110.06368915379439,0,,,0.12485502590425313
30yr_0060m_h199,30,0060,,0,ENUM,6.538697883670175,10,74,33,0,33.2018075194642,0,,,0.0419122080784291
10yr_1440m_h1171,10,1440,,0,ENUM,6.297832542604702,138,301,47,1,377.9822953362428,0,,,0.42597716208547354
100yr_0240m_h592,100,0240,,0,ENUM,6.270175096137311,38,216,71,0,81.567259097472,0,,,0.09468436101451516
80yr_0120m_h324,80,0120,,0,ENUM,6.314662939860738,18,130,56,0,49.96478484409228,0,,,0.05992120807059109
100yr_1440m_h1232,100,1440,,0,ENUM,6.298220535359654,182,469,69,4,380.6776926839641,0,,,0.4356386121362448
20yr_0360m_h697,20,0360,,0,ENUM,6.2915038150641545,64,253,35,0,108.73098927158682,0,,,0.12180799315683544
30yr_0360m_h674,30,0360,,0,ENUM,6.335790520681143,38,282,32,0,110.55008660994844,0,,,0.12477391096763313
100yr_0540m_h851,100,0540,,0,ENUM,6.30964209646595,80,382,62,1,157.3033309775979,0,,,0.18573429598473012
30yr_0360m_h628,30,0360,,0,ENUM,6.27879308503144,58,282,29,0,109.8056969773015,0,,,0.1252326238900423
20yr_0720m_h960,20,0720,,0,ENUM,6.290110918191348,84,324,31,1,200.03507522170923,0,,,0.22158005204983056
30yr_1080m_h1031,30,1080,,0,ENUM,6.306280859684575,144,357,55,0,289.6235426698912,0,,,0.32539104809984565
80yr_0720m_h936,80,0720,,0,ENUM,6.317368268928415,102,425,41,0,201.9884177827982,0,,,0.23004177794791758
80yr_1080m_h994,80,1080,,0,ENUM,6.287786484687699,154,430,56,0,290.55198862577816,0,,,0.328882560133934
20yr_0360m_h670,20,0360,,0,ENUM,6.328129300005799,42,274,23,0,109.77498598614585,0,,,0.12307931086979806
20yr_0060m_h182,20,0060,,0,ENUM,6.269518844890405,10,79,27,0,32.34174736052728,0,,,0.04159499704837799
30yr_0720m_h973,30,0720,,0,ENUM,6.312824037605143,114,343,45,0,199.1338887033903,0,,,0.22869907296262681
20yr_0720m_h954,20,0720,,0,ENUM,6.2878024822819825,84,327,30,0,200.1005716141849,0,,,0.22269277088344097
80yr_0360m_h658,80,0360,,0,ENUM,6.3267056593418705,30,311,52,0,112.5366732122072,0,,,0.13258176506496966
30yr_1080m_h1109,30,1080,,0,ENUM,6.2990898317465085,140,374,50,0,289.44153493640056,0,,,0.3463172900956124
100yr_1080m_h1099,100,1080,,0,ENUM,6.292722848384064,172,440,70,3,289.8102997658715,0,,,0.41143390792421997
20yr_0060m_h184,20,0060,,0,ENUM,6.264243926946107,10,79,26,0,32.29704162071502,0,,,0.05056833801791072
50yr_0720m_h975,50,0720,,0,ENUM,6.313599970507042,126,370,53,1,199.6327180546408,0,,,0.278450729791075
50yr_1080m_h1090,50,1080,,0,ENUM,6.286597132408778,162,400,60,1,289.30140728986134,0,,,0.4425211490597576
80yr_0120m_h308,80,0120,,0,ENUM,6.327410982801252,10,139,54,0,50.8903327661377,0,,,0.06043622409924865
80yr_1440m_h1190,80,1440,,0,ENUM,6.300643007538337,223,418,85,1,378.57039403496776,0,,,0.4259089280385524
10yr_0180m_h455,10,0180,,0,ENUM,6.253078821291472,30,142,24,0,62.09286007507221,0,,,0.07206840999424458
100yr_1440m_h1226,100,1440,,0,ENUM,6.3050226460051935,200,462,73,3,379.5069923450569,0,,,0.4346965840086341
80yr_0540m_h789,80,0540,,0,ENUM,6.311830972653796,86,393,48,0,156.9266075883828,0,,,0.18028484284877777
10yr_0180m_h434,10,0180,,0,ENUM,6.2518662136945515,30,143,24,0,62.15046664769825,0,,,0.07123250095173717
50yr_0360m_h642,50,0360,,0,ENUM,6.4090016431778976,52,306,36,0,110.88662403113653,0,,,0.1275312469806522
100yr_0720m_h868,100,0720,,0,ENUM,6.289566996314051,90,443,34,0,202.99919498565248,0,,,0.23112488305196166
30yr_1080m_h1091,30,1080,,0,ENUM,6.318565641405601,150,363,56,2,288.7403661684081,0,,,0.32708237087354064
30yr_0180m_h387,30,0180,,0,ENUM,6.350908460146822,14,186,27,0,64.09584358396596,0,,,0.07950576394796371
30yr_0180m_h405,30,0180,,0,ENUM,6.270353114564679,20,177,37,0,64.25863382876885,0,,,0.08128909184597433
80yr_0120m_h255,80,0120,,0,ENUM,6.499944622740756,10,154,47,0,51.09783045091212,0,,,0.062234353041276336
100yr_1080m_h1067,100,1080,,0,ENUM,6.3075636928217245,146,460,54,0,291.61599451220195,0,,,0.3325229329057038
10yr_0120m_h315,10,0120,,0,ENUM,6.276086623571496,14,110,22,0,46.95861639189565,0,,,0.05532775213941932
10yr_1440m_h1145,10,1440,,0,ENUM,6.291097100528803,158,280,53,0,376.58755088067795,0,,,0.42445619008503854
20yr_0540m_h801,20,0540,,0,ENUM,6.280737440077048,54,330,21,0,155.82590400694735,0,,,0.1744815760757774
100yr_0360m_h740,100,0360,,0,ENUM,6.307824310884539,52,289,76,0,112.08828533774933,0,,,0.13001657999120653
30yr_0180m_h413,30,0180,,0,ENUM,6.284894492156831,16,179,38,0,64.52836054000859,0,,,0.07890431792475283
80yr_1080m_h1086,80,1080,,0,ENUM,6.313105206399285,184,419,72,2,289.3367060035696,0,,,0.3322155959904194
10yr_0180m_h427,10,0180,,0,ENUM,6.27662835420781,22,158,15,0,62.74359765352749,0,,,0.08370809606276453
80yr_1440m_h1137,80,1440,,0,ENUM,6.290952133942103,230,409,86,2,377.88722369918685,0,,,0.5181149279233068
20yr_0060m_h141,20,0060,,0,ENUM,6.442490958416029,14,82,24,0,31.980485552930595,0,,,0.049219615990296006
50yr_0060m_h220,50,0060,,0,ENUM,6.2823635061867,12,83,33,0,32.62927537993761,0,,,0.0497302811127156
50yr_1440m_h1185,50,1440,,0,ENUM,6.296017201650739,202,393,73,2,378.1510076323191,0,,,0.5658715751487762
50yr_0120m_h350,50,0120,,0,ENUM,6.35029465769211,18,130,48,0,49.45416418924064,0,,,0.06035098899155855
100yr_0120m_h364,100,0120,,0,ENUM,6.574227594067373,20,142,54,0,50.430061192283304,0,,,0.06091393297538161
50yr_0120m_h313,50,0120,,0,ENUM,6.323867226282522,14,130,46,0,48.881201243875616,0,,,0.05952897295355797
100yr_1440m_h1141,100,1440,,0,ENUM,6.282983670621868,220,438,81,2,379.18890155343075,0,,,0.43763491488061845
50yr_0060m_h199,50,0060,,0,ENUM,6.528755727613126,10,78,37,0,33.51575077144931,0,,,0.042128114961087704
50yr_0120m_h282,50,0120,,0,ENUM,6.452777486015433,10,132,47,0,50.00334357176963,0,,,0.05985434399917722
20yr_0240m_h604,20,0240,,0,ENUM,6.304304024379279,34,187,43,0,79.00793317985892,0,,,0.09269744995981455
30yr_0060m_h203,30,0060,,0,ENUM,6.564295991460942,10,72,34,0,33.189114222135125,0,,,0.04143479699268937
100yr_0120m_h291,100,0120,,0,ENUM,6.350804594616987,10,136,56,0,51.163980589811004,0,,,0.06032896204851568
100yr_0540m_h797,100,0540,,0,ENUM,6.292110104767554,80,406,48,0,157.48549636064365,0,,,0.1804376752115786
30yr_1080m_h1016,30,1080,,0,ENUM,6.2968590838337155,184,333,69,1,287.18393369685936,0,,,0.32902623899281025
10yr_0540m_h754,10,0540,,0,ENUM,6.3525821044028605,78,253,29,0,153.3276622410886,0,,,0.17283250880427659
100yr_1440m_h1126,100,1440,,0,ENUM,6.313893299823249,220,425,83,3,378.57773228506494,0,,,0.4328584528993815
80yr_0180m_h417,80,0180,,0,ENUM,6.316854055800775,18,190,55,0,65.58138295095388,0,,,0.07852498698048294
100yr_0360m_h651,100,0360,,0,ENUM,6.276191057706439,28,322,57,0,113.41443256018472,0,,,0.13705714303068817
30yr_0180m_h462,30,0180,,0,ENUM,6.283655399555374,26,165,43,0,63.979230185695165,0,,,0.07523836009204388
20yr_0540m_h850,20,0540,,0,ENUM,6.27974692112789,80,306,35,0,154.1801759164212,0,,,0.17633179295808077
20yr_0360m_h627,20,0360,,0,ENUM,6.3355016308653145,38,278,19,0,110.63009606823488,0,,,0.12459482112899423
50yr_1440m_h1120,50,1440,,0,ENUM,6.2910216361016555,186,397,64,2,379.16217773914684,0,,,0.431375419953838
20yr_0180m_h422,20,0180,,0,ENUM,6.335281701784781,14,171,29,0,64.03351337703097,0,,,0.07564413989894092
30yr_0240m_h526,30,0240,,0,ENUM,6.370166924316584,30,227,28,0,79.81073189012557,0,,,0.0930483010597527
100yr_1080m_h998,100,1080,,0,ENUM,6.327269099065744,150,448,55,3,291.23048136548476,0,,,0.3377779161091894
10yr_0180m_h417,10,0180,,0,ENUM,6.278337657173193,22,155,16,0,62.515399617812925,0,,,0.07120883418247104
50yr_0180m_h400,50,0180,,0,ENUM,6.2653262607977105,12,196,36,0,64.98405331503322,0,,,0.07849362795241177
80yr_0540m_h825,80,0540,,0,ENUM,6.290098511714332,94,372,53,1,156.05517877107638,0,,,0.2133012991398573
100yr_0720m_h916,100,0720,,0,ENUM,6.2847262234754,80,454,33,0,203.49939057892766,0,,,0.2773875358980149
80yr_1440m_h1133,80,1440,,0,ENUM,6.2833529048751995,202,424,73,1,379.7834053475233,0,,,0.5751052820123732
10yr_0180m_h494,10,0180,,0,ENUM,6.260485217777394,24,135,29,0,62.40920487655406,0,,,0.0967062150593847
20yr_0060m_h168,20,0060,,0,ENUM,6.555361159981583,10,74,27,0,32.46946926146134,0,,,0.04192381096072495
100yr_0540m_h804,100,0540,,0,ENUM,6.295254820204266,76,402,49,0,157.7615080653888,0,,,0.18235900695435703
10yr_0540m_h779,10,0540,,0,ENUM,6.293897957908378,66,271,26,0,154.40373626046505,0,,,0.17053832416422665
80yr_1440m_h1153,80,1440,,0,ENUM,6.320581959439296,208,425,79,2,379.28087841128496,0,,,0.43329753796570003
100yr_0720m_h983,100,0720,,0,ENUM,6.3006237536126095,112,426,51,0,201.5675475848846,0,,,0.23403188912197948
50yr_1440m_h1184,50,1440,,0,ENUM,6.282616658725834,202,393,74,3,378.1397370860743,0,,,0.43228601897135377
10yr_1080m_h1102,10,1080,,0,ENUM,6.293173853364402,150,269,54,0,286.86355564432597,0,,,0.3224191840272397
80yr_1440m_h1167,80,1440,,0,ENUM,6.269590767856591,208,428,78,0,379.54726448806525,0,,,0.43627510499209166
80yr_0120m_h345,80,0120,,0,ENUM,6.498183026977558,18,136,52,0,50.17329321131051,0,,,0.06080173095688224
100yr_0120m_h349,100,0120,,0,ENUM,6.514107053587459,20,139,55,0,50.37310641951791,0,,,0.060735664097592235
20yr_0240m_h507,20,0240,,0,ENUM,6.262517157343495,44,212,24,0,78.32173680077835,0,,,0.09128469508141279
100yr_0720m_h939,100,0720,,0,ENUM,6.293058993645188,106,437,44,1,201.84476269693124,0,,,0.2301916831638664
20yr_0720m_h887,20,0720,,0,ENUM,6.317554959111692,98,317,35,0,199.6801954936182,0,,,0.22516527399420738
80yr_0240m_h592,80,0240,,0,ENUM,6.298829579210654,38,212,67,0,80.8311376465292,0,,,0.09459945186972618
10yr_0720m_h963,10,0720,,0,ENUM,6.292104610485385,108,261,42,1,197.37968451514098,0,,,0.2250576929654926
100yr_0120m_h326,100,0120,,0,ENUM,6.335279997917124,14,137,55,0,49.93332289876618,0,,,0.060110773891210556
100yr_0240m_h617,100,0240,,0,ENUM,6.268207488716683,38,217,71,0,81.34050727708383,0,,,0.09447017009370029
100yr_0180m_h476,100,0180,,0,ENUM,6.316097154356525,28,177,65,0,65.92133795022563,0,,,0.07744102086871862
10yr_0540m_h793,10,0540,,0,ENUM,6.2805568648700545,68,265,27,1,153.96231330016286,0,,,0.1712768990546465
30yr_1440m_h1231,30,1440,,0,ENUM,6.306071257534656,206,348,75,2,376.99826393443243,0,,,0.47795537603087723
80yr_0120m_h301,80,0120,,0,ENUM,6.302800323803307,10,137,52,0,50.417273824704004,0,,,0.07266849302686751
10yr_0360m_h657,10,0360,,0,ENUM,6.3237563016792775,40,240,16,0,108.83679134614297,0,,,0.14584883605130017
10yr_0120m_h297,10,0120,,0,ENUM,6.436988649983542,14,115,22,0,47.240969051779906,0,,,0.06726109189912677
80yr_0540m_h784,80,0540,,0,ENUM,6.3138514363759795,86,392,48,0,156.9026829628233,0,,,0.21699784509837627
30yr_1080m_h1049,30,1080,,0,ENUM,6.300460345167364,172,343,66,0,288.00771359077044,0,,,0.4476761680562049
80yr_0120m_h293,80,0120,,0,ENUM,6.32714581977939,10,137,54,0,50.80057736164321,0,,,0.06086450000293553
100yr_1080m_h1108,100,1080,,0,ENUM,6.296047162669738,172,441,68,0,290.216210709056,0,,,0.33587483991868794
10yr_1080m_h1068,10,1080,,0,ENUM,6.3127718656141285,140,271,50,1,286.8538424725738,0,,,0.328647730872035
20yr_0120m_h333,20,0120,,0,ENUM,6.254210577824439,16,122,34,0,47.645605913095544,0,,,0.058454359881579876
20yr_1440m_h1234,20,1440,,0,ENUM,6.307679284425235,208,316,75,5,375.54515069523967,0,,,0.42925671697594225
30yr_0720m_h904,30,0720,,0,ENUM,6.283483069991913,90,357,36,2,200.9458659031814,0,,,0.228740663966164
100yr_0060m_h151,100,0060,,0,ENUM,6.7260074496834035,10,94,41,0,34.55101421699247,0,,,0.04332979815080762
20yr_1080m_h1103,20,1080,,0,ENUM,6.3098645390047885,152,328,55,1,287.4584338478021,0,,,0.32672763196751475
100yr_0120m_h316,100,0120,,0,ENUM,6.349488282413097,14,134,57,0,50.3123632584101,0,,,0.06080446392297745
80yr_0180m_h409,80,0180,,0,ENUM,6.322878336957641,22,187,57,0,65.11327886526104,0,,,0.078462383011356
50yr_0180m_h479,50,0180,,0,ENUM,6.2521860892849075,26,166,54,0,64.93850247984848,0,,,0.07733378489501774
50yr_0540m_h854,50,0540,,0,ENUM,6.293032131911521,80,361,46,0,156.19004333172444,0,,,0.18361945310607553
20yr_0060m_h244,20,0060,,0,ENUM,6.277436754817824,12,75,28,0,31.848930788695647,0,,,0.041617677081376314
100yr_0120m_h260,100,0120,,0,ENUM,6.527866817674064,14,151,50,0,51.09614360252495,0,,,0.062138989102095366
20yr_0540m_h820,20,0540,,0,ENUM,6.300596745736037,64,312,27,1,154.68693842519656,0,,,0.1735620298422873
80yr_1440m_h1215,80,1440,,0,ENUM,6.2998142003739845,216,435,80,1,378.18217217506503,0,,,0.4377371817827225
30yr_0060m_h145,30,0060,,0,ENUM,6.537027531343892,10,85,28,0,32.70787948407293,0,,,0.04330204310826957
50yr_1440m_h1205,50,1440,,0,ENUM,6.283520764681006,202,396,72,0,378.40345208206685,0,,,0.4314936101436615
80yr_0540m_h824,80,0540,,0,ENUM,6.295439868130739,86,381,50,0,156.49109009303206,0,,,0.18154800403863192
30yr_0180m_h489,30,0180,,0,ENUM,6.331233395798533,30,160,47,0,63.74611662152249,0,,,0.07665724400430918
10yr_1080m_h1070,10,1080,,0,ENUM,6.28642453419339,140,276,49,0,287.12093625284126,0,,,0.3664686460979283
100yr_0120m_h283,100,0120,,0,ENUM,6.35857857575427,10,140,56,0,51.285943878134695,0,,,0.07384321512654424
100yr_0180m_h466,100,0180,,0,ENUM,6.296670302650234,30,174,64,0,66.04371809409062,0,,,0.09316003904677927
100yr_0240m_h598,100,0240,,0,ENUM,6.26912744162372,38,217,71,0,81.44897529570368,0,,,0.1132279650773853
50yr_0360m_h731,50,0360,,0,ENUM,6.2928700849873636,48,280,58,0,111.41854855993007,0,,,0.15571874496527016
30yr_1080m_h1099,30,1080,,0,ENUM,6.319446443379887,150,356,58,2,288.65288682175697,0,,,0.460181696806103
20yr_0060m_h181,20,0060,,0,ENUM,6.562995586907998,10,75,27,0,32.5469974965275,0,,,0.04146475694142282
20yr_1440m_h1119,20,1440,,0,ENUM,6.3175239266845145,182,328,62,1,377.1404301854441,0,,,0.42381401103921235
30yr_1440m_h1135,30,1440,,0,ENUM,6.295618788769481,198,350,67,0,377.208368801082,0,,,0.4397029890678823
10yr_0720m_h990,10,0720,,0,ENUM,6.2976451102277275,98,267,38,1,197.75307372564737,0,,,0.22421935619786382
100yr_0120m_h370,100,0120,,0,ENUM,6.630172814183058,18,139,53,0,50.497153467263516,0,,,0.061149373883381486
20yr_0360m_h665,20,0360,,0,ENUM,6.318716715131746,59,259,31,0,109.08954559363002,0,,,0.12407082202844322
80yr_0240m_h619,80,0240,,0,ENUM,6.297063205774876,38,211,67,0,80.79423961464417,0,,,0.09419027995318174
30yr_0240m_h518,30,0240,,0,ENUM,6.3603710010731005,48,218,33,0,78.63951706612681,0,,,0.09260271512903273
10yr_0060m_h235,10,0060,,0,ENUM,6.358565955933808,12,66,21,0,31.09299301086748,0,,,0.039925252087414265
30yr_1440m_h1146,30,1440,,0,ENUM,6.29491926466882,170,367,57,1,379.05019568362,0,,,0.4306276591960341
100yr_0540m_h812,100,0540,,0,ENUM,6.324638229708676,108,384,64,1,155.86365596273657,0,,,0.1861406951211393
80yr_0060m_h225,80,0060,,0,ENUM,6.417648223090831,10,84,39,0,33.038199602962315,0,,,0.04254567204043269
100yr_0720m_h897,100,0720,,0,ENUM,6.287270913769187,90,438,35,0,202.72452442447496,0,,,0.23455371684394777
80yr_0360m_h671,80,0360,,0,ENUM,6.341514645667615,36,316,53,0,112.91925213177791,0,,,0.13609425514005125
50yr_0060m_h153,50,0060,,0,ENUM,6.295747983166995,10,90,32,0,33.04185718156032,0,,,0.043746381998062134
20yr_0120m_h317,20,0120,,0,ENUM,6.362405044871963,16,123,34,0,47.96395883080304,0,,,0.058427004143595695
20yr_0180m_h428,20,0180,,0,ENUM,6.363849931304218,20,171,32,0,63.8689846278789,0,,,0.07568703591823578
20yr_0240m_h602,20,0240,,0,ENUM,6.272339066609858,32,183,40,0,78.79414247193768,0,,,0.09296801080927253
50yr_0720m_h965,50,0720,,0,ENUM,6.309894727132224,116,379,48,0,200.20141257851208,0,,,0.23245917889289558
100yr_0360m_h730,100,0360,,0,ENUM,6.297009715201626,44,294,71,0,112.44080791916338,0,,,0.13259588414803147
30yr_0240m_h527,30,0240,,0,ENUM,6.338570656084904,18,218,35,0,80.14412987799196,0,,,0.09406749904155731
30yr_0360m_h737,30,0360,,0,ENUM,6.289575453286137,46,261,48,0,110.41288098098059,0,,,0.12885092198848724
100yr_0720m_h927,100,0720,,0,ENUM,6.279775339722571,88,450,36,0,203.00738835598645,0,,,0.23229522304609418
10yr_0120m_h307,10,0120,,0,ENUM,6.251733426790249,18,118,22,0,46.92675345041432,0,,,0.05768716707825661
80yr_0060m_h213,80,0060,,0,ENUM,6.891430854031888,10,82,40,0,34.36526487482234,0,,,0.04307785117998719
30yr_1440m_h1188,30,1440,,0,ENUM,6.289882195145999,168,377,58,0,379.3067204075213,0,,,0.4996853801421821
50yr_0540m_h751,50,0540,,0,ENUM,6.317583351486721,52,389,22,0,158.2633378186605,0,,,0.21432604221627116
30yr_0360m_h705,30,0360,,0,ENUM,6.290876926318173,68,258,44,0,108.9702437499835,0,,,0.1527339108288288
50yr_0720m_h897,50,0720,,0,ENUM,6.347100865284309,116,361,48,0,200.0235367330169,0,,,0.33749990491196513
10yr_0240m_h574,10,0240,,0,ENUM,6.257650808726319,36,169,23,0,77.4738426035369,0,,,0.08658746187575161
10yr_0060m_h127,10,0060,,0,ENUM,6.5447945054994126,10,74,17,0,31.421594973291725,0,,,0.03828148799948394
10yr_0360m_h634,10,0360,,0,ENUM,6.272209434878424,38,235,16,0,109.36155069839172,0,,,0.12232672004029155
20yr_0720m_h898,20,0720,,0,ENUM,6.312577922804525,88,314,32,1,199.96107113467644,0,,,0.22303692111745477
80yr_0180m_h411,80,0180,,0,ENUM,6.305671249998424,22,180,57,0,65.02969783220037,0,,,0.08586129895411432
20yr_0240m_h608,20,0240,,0,ENUM,6.271053098204438,32,189,38,0,78.98968664542059,0,,,0.09277164493687451
80yr_0540m_h857,80,0540,,0,ENUM,6.308155739623604,84,376,58,0,156.90317301122033,0,,,0.18765668710693717
10yr_0360m_h697,10,0360,,0,ENUM,6.297407473384538,52,225,23,1,108.11652770832308,0,,,0.12055343599058688
80yr_0060m_h206,80,0060,,0,ENUM,6.816893831728261,10,78,40,0,34.09031479456316,0,,,0.04270483599975705
50yr_0180m_h460,50,0180,,0,ENUM,6.3032832869402915,26,171,52,0,64.37650077062433,0,,,0.07556219701655209
10yr_1440m_h1135,10,1440,,0,ENUM,6.317711971048022,168,277,56,0,376.2475601076273,0,,,0.4257622351869941
30yr_0540m_h775,30,0540,,0,ENUM,6.303439900976692,72,349,30,0,155.79838501843437,0,,,0.17633980885148048
30yr_0540m_h796,30,0540,,0,ENUM,6.306437155448627,68,344,29,0,155.9842583471923,0,,,0.17825151002034545
50yr_0120m_h345,50,0120,,0,ENUM,6.334873841658486,18,129,47,0,49.33816364825677,0,,,0.06065850402228534
20yr_1080m_h1113,20,1080,,0,ENUM,6.294597645092434,150,322,56,1,287.5555785540209,0,,,0.32780905184336007
20yr_1080m_h1022,20,1080,,0,ENUM,6.281570053779512,166,310,62,2,287.34794320011054,0,,,0.3291707900352776
20yr_1080m_h1059,20,1080,,0,ENUM,6.287532876108133,164,312,62,2,287.27637302747746,0,,,0.3291037380695343
80yr_0240m_h507,80,0240,,0,ENUM,6.402666636158844,18,248,46,0,81.57544103632661,0,,,0.10215393383987248
100yr_0240m_h513,100,0240,,0,ENUM,6.447347553214392,18,248,52,0,81.97198873642486,0,,,0.09957366692833602
80yr_0720m_h958,80,0720,,0,ENUM,6.308172199933562,112,417,46,0,201.46818920421907,0,,,0.23170953802764416
20yr_0180m_h454,20,0180,,0,ENUM,6.269328990429854,24,156,36,0,63.28700520381923,0,,,0.07961626816540956
50yr_0120m_h364,50,0120,,0,ENUM,6.335704642789231,20,130,47,0,49.19421058666366,0,,,0.0613789779599756
30yr_0720m_h936,30,0720,,0,ENUM,6.291672366200466,106,350,42,0,200.11990049483273,0,,,0.22748084203340113
50yr_0720m_h908,50,0720,,0,ENUM,6.292511856202668,90,396,37,1,201.80873841868564,0,,,0.2522138950880617
10yr_0360m_h717,10,0360,,0,ENUM,6.307354377086101,60,213,31,0,107.70937141628464,0,,,0.1450539289508015
100yr_0720m_h876,100,0720,,0,ENUM,6.288007268602014,90,439,35,0,202.81032596063574,0,,,0.27923729084432125
100yr_0120m_h299,100,0120,,0,ENUM,6.352130774370526,10,137,56,0,51.161640910128796,0,,,0.07370338309556246
20yr_0720m_h964,20,0720,,0,ENUM,6.305220598777579,126,296,53,0,197.87457479937694,0,,,0.27091286703944206
10yr_1080m_h1097,10,1080,,0,ENUM,6.315537501908118,150,270,56,3,286.6174720461176,0,,,0.4222529411781579
100yr_0360m_h641,100,0360,,0,ENUM,6.400833940303691,58,313,59,1,111.80065830466603,0,,,0.1326397191733122
80yr_0240m_h513,80,0240,,0,ENUM,6.387277662888838,18,248,45,0,81.59509481153678,0,,,0.10507851117290556
80yr_0120m_h365,80,0120,,0,ENUM,6.34987137567514,20,136,52,0,49.79547074148648,0,,,0.060402028961107135
100yr_0360m_h700,100,0360,,0,ENUM,6.312072099382038,52,296,70,0,111.90472065831712,0,,,0.1402672571130097
100yr_1080m_h1013,100,1080,,0,ENUM,6.329623135264337,150,449,55,2,291.2054404509615,0,,,0.33216968504711986
100yr_0060m_h230,100,0060,,0,ENUM,6.542695084235138,12,89,39,0,33.556651116445686,0,,,0.04295937390998006
80yr_0540m_h769,80,0540,,0,ENUM,6.301641970819735,78,402,37,0,157.41912597055475,0,,,0.1812012151349336
20yr_1440m_h1132,20,1440,,0,ENUM,6.308453550120387,182,323,62,2,376.7463997072148,0,,,0.42908996203914285
100yr_0120m_h274,100,0120,,0,ENUM,6.551778832884452,14,152,51,0,51.271679115774255,0,,,0.06271627987734973
80yr_0060m_h218,80,0060,,0,ENUM,6.409325061222524,10,83,39,0,32.93704019576788,0,,,0.04307857411913574
100yr_0240m_h574,100,0240,,0,ENUM,6.255172087293006,26,226,66,0,81.24179541881756,0,,,0.0959920568857342
50yr_0540m_h761,50,0540,,0,ENUM,6.310922171317613,48,390,21,0,158.47462953702717,0,,,0.17985380184836686
30yr_0720m_h926,30,0720,,0,ENUM,6.2945721663343885,104,352,40,0,200.06647882166385,0,,,0.23161243204958737
100yr_1080m_h1110,100,1080,,0,ENUM,6.290293692107835,180,436,71,0,290.0053612681528,0,,,0.3432460248004645
10yr_0240m_h601,10,0240,,0,ENUM,6.281112106879563,36,165,28,0,77.60058187342017,0,,,0.08934767893515527
30yr_0060m_h222,30,0060,,0,ENUM,6.351187147315342,12,76,31,0,32.132547273621554,0,,,0.04116754210554063
20yr_0540m_h803,20,0540,,0,ENUM,6.270248435957802,60,321,25,1,155.7613420545802,0,,,0.1762961798813194
100yr_0060m_h157,100,0060,,0,ENUM,6.726009892294929,10,85,42,0,34.3541173311377,0,,,0.043613479007035494
80yr_0540m_h762,80,0540,,0,ENUM,6.307287811421863,68,403,34,0,157.82837833550622,0,,,0.18213383806869388
80yr_0180m_h421,80,0180,,0,ENUM,6.301132258185405,14,191,54,0,65.63859906678218,0,,,0.07866713893599808
80yr_0120m_h286,80,0120,,0,ENUM,6.319439430588547,10,138,53,0,50.66509022130734,0,,,0.06149708991870284
100yr_0720m_h913,100,0720,,0,ENUM,6.3008093245549635,108,439,43,0,201.88418344953584,0,,,0.23413005704060197
50yr_0540m_h821,50,0540,,0,ENUM,6.287880131326253,94,354,44,0,155.3817733579387,0,,,0.1797642910387367
100yr_0180m_h373,100,0180,,0,ENUM,6.424034441331536,12,204,50,0,66.01713797145342,0,,,0.08099712198600173
10yr_0240m_h587,10,0240,,0,ENUM,6.276639950539053,34,179,20,0,77.4898772829606,0,,,0.0880948540288955
30yr_0120m_h264,30,0120,,0,ENUM,6.517411279298443,14,138,32,0,48.65638543811983,0,,,0.06638249196112156
30yr_0720m_h985,30,0720,,0,ENUM,6.283651295198818,114,336,47,0,198.79464327814057,0,,,0.27650874899700284
20yr_0540m_h800,20,0540,,0,ENUM,6.280650950398292,84,308,33,0,154.42288858566985,0,,,0.20965912798419595
20yr_0540m_h845,20,0540,,0,ENUM,6.301501127755441,80,305,34,1,154.02935433742493,0,,,0.21069565182551742
50yr_1440m_h1221,50,1440,,0,ENUM,6.306265109687675,214,391,79,1,377.95516686782037,0,,,0.5675460700877011
100yr_0180m_h437,100,0180,,0,ENUM,6.253770474613633,20,179,63,0,66.32661266670235,0,,,0.07687080116011202
10yr_1440m_h1198,10,1440,,0,ENUM,6.303225231945785,166,274,59,1,375.93325207070933,0,,,0.4250699901022017
50yr_1080m_h1001,50,1080,,0,ENUM,6.300688738087529,150,391,54,1,289.73465553238987,0,,,0.3419906629715115
10yr_1080m_h1035,10,1080,,0,ENUM,6.293938757682006,130,280,45,0,287.51215763533105,0,,,0.3261040369980037
30yr_0240m_h595,30,0240,,0,ENUM,6.311521803986147,34,198,47,0,79.52905414961597,0,,,0.0935817458666861
100yr_1080m_h1027,100,1080,,0,ENUM,6.277667558115182,144,465,53,1,291.6732219656151,0,,,0.33840806712396443
50yr_1440m_h1191,50,1440,,0,ENUM,6.29218492443931,202,401,73,0,378.7903027102349,0,,,0.43337038718163967
30yr_1080m_h1056,30,1080,,0,ENUM,6.311194446618423,164,352,61,0,288.1609053534607,0,,,0.3280329790432006
100yr_1440m_h1171,100,1440,,0,ENUM,6.310891804033743,208,455,80,1,380.3100500366159,0,,,0.4430463130120188
100yr_0240m_h514,100,0240,,0,ENUM,6.458444517406941,18,249,53,0,81.99929441975522,0,,,0.09846043400466442
80yr_0120m_h331,80,0120,,0,ENUM,6.2967371798019665,14,133,53,0,49.482982973871145,0,,,0.06154074799269438
100yr_0060m_h167,100,0060,,0,ENUM,6.743388043268867,10,87,42,0,34.4275034976749,0,,,0.04328920808620751
100yr_0180m_h394,100,0180,,0,ENUM,6.429434882505871,16,201,52,0,66.0104935504942,0,,,0.08026805287227035
20yr_1080m_h1060,20,1080,,0,ENUM,6.288903286397066,164,313,61,1,287.3535184605384,0,,,0.32660115603357553
20yr_1080m_h1042,20,1080,,0,ENUM,6.306587686051642,144,324,55,3,288.24706801439436,0,,,0.3388593608979136
100yr_0060m_h196,100,0060,,0,ENUM,7.097350620307357,10,84,42,0,34.8829158100575,0,,,0.0519251290243119
100yr_0540m_h762,100,0540,,0,ENUM,6.342370206157678,68,410,40,1,158.08967861811578,0,,,0.21851084381341934
50yr_0360m_h631,50,0360,,0,ENUM,6.398959419729135,52,297,36,0,110.73972632076813,0,,,0.1528297469485551
50yr_0060m_h165,50,0060,,0,ENUM,6.613635867170979,10,81,35,0,33.5879723499873,0,,,0.049884708132594824
30yr_0360m_h627,30,0360,,0,ENUM,6.2729735821586114,48,282,24,0,109.90630061697709,0,,,0.15039673913270235
20yr_0240m_h548,20,0240,,0,ENUM,6.373982610117704,30,208,27,0,78.91170724455637,0,,,0.10995247308164835
30yr_0120m_h355,30,0120,,0,ENUM,6.325882072044411,22,120,43,0,48.002595146614674,0,,,0.0703429349232465
80yr_0540m_h812,80,0540,,0,ENUM,6.2834786287516735,108,374,57,1,155.5293528299594,0,,,0.2808627171907574
80yr_0240m_h603,80,0240,,0,ENUM,6.296990718108618,38,208,68,0,80.79677484921979,0,,,0.09347294294275343
30yr_0180m_h474,30,0180,,0,ENUM,6.322569754286988,30,158,47,0,63.78630638775284,0,,,0.07488608686253428
10yr_0540m_h778,10,0540,,0,ENUM,6.273833790625684,64,261,26,0,154.25867473756847,0,,,0.1680521690286696
50yr_0360m_h729,50,0360,,0,ENUM,6.270134306592236,48,274,57,0,111.02918410632506,0,,,0.13087133411318064
10yr_1440m_h1188,10,1440,,0,ENUM,6.294835693629208,176,273,62,1,375.68316124942476,0,,,0.4297499929089099
20yr_0720m_h968,20,0720,,0,ENUM,6.296034673671439,126,302,51,0,198.00747890110986,0,,,0.2278187470510602
20yr_0360m_h731,20,0360,,0,ENUM,6.278378971601505,56,243,39,0,109.06967150615482,0,,,0.12721546296961606
10yr_0180m_h428,10,0180,,0,ENUM,6.298119446821347,22,157,17,0,62.664975535293934,0,,,0.07265331619419158
100yr_0360m_h742,100,0360,,0,ENUM,6.305592396207529,58,288,76,0,111.83121218406987,0,,,0.13274842803366482
10yr_1440m_h1179,10,1440,,0,ENUM,6.291951898221973,166,279,58,1,376.01514833460567,0,,,0.4223552269395441
20yr_0540m_h755,20,0540,,0,ENUM,6.314337966361784,64,300,28,1,155.49686126813057,0,,,0.20368520519696176
100yr_0540m_h746,100,0540,,0,ENUM,6.3520690311772166,76,406,41,0,157.76737567756302,0,,,0.18297921610064805
20yr_0360m_h683,20,0360,,0,ENUM,6.279311759762162,64,251,34,0,108.68048316576599,0,,,0.12356734601780772
10yr_0540m_h753,10,0540,,0,ENUM,6.337859629565838,78,247,30,0,153.2563101905328,0,,,0.17386712785810232
10yr_0060m_h152,10,0060,,0,ENUM,6.498399208447616,10,74,16,0,31.322568355407448,0,,,0.0380346889141947
10yr_0540m_h858,10,0540,,0,ENUM,6.301786231663808,80,255,34,1,152.9140146459338,0,,,0.17447805684059858
100yr_1080m_h1071,100,1080,,0,ENUM,6.295712563245023,143,470,51,0,291.68951815783373,0,,,0.33705846685916185
100yr_0540m_h773,100,0540,,0,ENUM,6.339820725398625,68,406,38,0,158.15506611966725,0,,,0.18372116493992507
20yr_0240m_h570,20,0240,,0,ENUM,6.253173975945707,42,187,39,0,78.28739228094571,0,,,0.09094769600778818
80yr_0120m_h367,80,0120,,0,ENUM,6.343464769328365,20,137,53,0,49.75814661647915,0,,,0.06050622696056962
50yr_0120m_h292,50,0120,,0,ENUM,6.444689416009404,10,132,46,0,49.88455358810518,0,,,0.06053825397975743
80yr_0360m_h685,80,0360,,0,ENUM,6.281590618321882,60,281,68,0,111.15458651924084,0,,,0.1400492109823972
20yr_0180m_h425,20,0180,,0,ENUM,6.351058595867327,18,167,32,0,63.66078752908835,0,,,0.07628609798848629
30yr_1080m_h1106,30,1080,,0,ENUM,6.286651494696196,150,364,55,0,288.9890177818344,0,,,0.3768698959611356
20yr_0120m_h268,20,0120,,0,ENUM,6.403905094174581,14,134,26,0,47.95622756028117,0,,,0.07114238711073995
20yr_0060m_h176,20,0060,,0,ENUM,6.551220777679993,10,74,27,0,32.461624601964004,0,,,0.049569790018722415
50yr_0240m_h580,50,0240,,0,ENUM,6.25588944257158,32,208,55,0,80.14935632343945,0,,,0.11245503718964756
30yr_0540m_h839,30,0540,,0,ENUM,6.308223571743489,101,318,48,0,154.263121908004,0,,,0.21153287193737924
100yr_0540m_h758,100,0540,,0,ENUM,6.353760236781751,72,409,41,0,158.08119708867486,0,,,0.21750208595767617
100yr_0120m_h298,100,0120,,0,ENUM,6.3907007084474605,10,139,57,0,51.48190304050308,0,,,0.14971760800108314
50yr_0540m_h851,50,0540,,0,ENUM,6.29419837759216,84,355,48,0,155.94072571494803,0,,,0.1892940599936992
50yr_0060m_h157,50,0060,,0,ENUM,6.608588145952588,10,82,35,0,33.61988421811792,0,,,0.04159244103357196
30yr_0720m_h975,30,0720,,0,ENUM,6.289785537775392,114,340,46,0,198.9354740925792,0,,,0.22504087397828698
80yr_0360m_h655,80,0360,,0,ENUM,6.33625303206477,34,310,54,0,112.56013520528771,0,,,0.13162298197858036
100yr_0060m_h245,100,0060,,0,ENUM,6.494982299818863,12,88,39,0,33.437361026299364,0,,,0.04271763702854514
10yr_1080m_h1096,10,1080,,0,ENUM,6.303338942404021,150,269,55,0,286.8723138906505,0,,,0.3209184219595045
80yr_0180m_h397,80,0180,,0,ENUM,6.381144010451797,18,200,47,0,65.50858619765837,0,,,0.07939271302893758
10yr_0060m_h138,10,0060,,0,ENUM,6.504171532753402,10,75,16,0,31.398066807458,0,,,0.03801229479722679
30yr_0240m_h581,30,0240,,0,ENUM,6.28244459607667,28,201,41,0,79.30425589793565,0,,,0.09511112095788121
30yr_1440m_h1204,30,1440,,0,ENUM,6.315607557425095,178,366,62,0,378.6675777588467,0,,,0.42843709606677294
20yr_0060m_h159,20,0060,,0,ENUM,6.550832359783172,10,73,27,0,32.423473929317346,0,,,0.0412341661285609
30yr_0720m_h913,30,0720,,0,ENUM,6.2980317021336365,80,366,29,0,201.42487321359,0,,,0.22474277997389436
10yr_0180m_h399,10,0180,,0,ENUM,6.251669059070897,18,159,12,0,62.89549633944207,0,,,0.07157813804224133
80yr_0180m_h410,80,0180,,0,ENUM,6.315626123532167,18,191,55,0,65.55964031625147,0,,,0.07758818101137877
100yr_1440m_h1228,100,1440,,0,ENUM,6.2836757976647135,210,451,77,3,379.23285508044614,0,,,0.43512541707605124
10yr_0720m_h900,10,0720,,0,ENUM,6.264490014072143,92,270,35,0,198.3233037155607,0,,,0.22018801211379468
30yr_1080m_h1111,30,1080,,0,ENUM,6.287113177827392,150,358,57,0,288.8701776941242,0,,,0.3277629930526018
10yr_0180m_h475,10,0180,,0,ENUM,6.263885693465425,24,135,29,0,62.48637575872608,0,,,0.07233312795870006
80yr_0360m_h733,80,0360,,0,ENUM,6.263070165075325,48,289,68,0,112.05814142496246,0,,,0.13139737606979907
80yr_0360m_h702,80,0360,,0,ENUM,6.301191399373083,50,290,64,0,111.4095013474599,0,,,0.13629971910268068
100yr_0540m_h787,100,0540,,0,ENUM,6.273537111009158,90,400,52,0,156.89806717657711,0,,,0.1787848910316825
50yr_0360m_h678,50,0360,,0,ENUM,6.329642587016056,40,296,41,0,111.1530631105712,0,,,0.13002500520087779
100yr_0540m_h862,100,0540,,0,ENUM,6.274773380653306,66,390,60,0,157.8938551288586,0,,,0.18889264902099967
100yr_0240m_h549,100,0240,,0,ENUM,6.33437308122271,24,239,63,0,81.62808032249939,0,,,0.09555571596138179
10yr_0360m_h672,10,0360,,0,ENUM,6.314358887994516,46,234,19,0,108.56900604536006,0,,,0.1207615858875215
100yr_0240m_h615,100,0240,,0,ENUM,6.2630223760680535,38,212,73,0,81.65184786338088,0,,,0.09421395696699619
50yr_0240m_h504,50,0240,,0,ENUM,6.295961995602159,36,231,42,0,79.80262742219406,0,,,0.09461884200572968
30yr_0540m_h771,30,0540,,0,ENUM,6.321757296842498,80,326,33,0,154.87434313053282,0,,,0.1761575590353459
100yr_1080m_h1077,100,1080,,0,ENUM,6.293915918255559,146,462,53,1,291.50210599994597,0,,,0.3311595660634339
50yr_0180m_h382,50,0180,,0,ENUM,6.264278803560072,16,192,37,0,64.76977853289651,0,,,0.07814397197216749
100yr_1080m_h1085,100,1080,,0,ENUM,6.291236477311581,172,443,68,1,290.0951042627558,0,,,0.3304083908442408
80yr_0360m_h677,80,0360,,0,ENUM,6.332949082265172,30,314,52,0,113.18437729405626,0,,,0.13161239912733436
100yr_0180m_h428,100,0180,,0,ENUM,6.352535768015212,18,185,60,0,65.62194489908293,0,,,0.07756115705706179
100yr_1440m_h1213,100,1440,,0,ENUM,6.303288560651003,192,466,71,2,380.6744520792512,0,,,0.42682011309079826
10yr_0360m_h696,10,0360,,0,ENUM,6.286967446186242,52,223,23,0,108.031854442723,0,,,0.11880898103117943
20yr_0540m_h751,20,0540,,0,ENUM,6.3347200589221115,88,295,36,0,153.92468235034326,0,,,0.17482039891183376
80yr_1440m_h1117,80,1440,,0,ENUM,6.29487522720633,230,402,86,2,377.75090396099034,0,,,0.42888349504210055
30yr_0540m_h819,30,0540,,0,ENUM,6.295122057611076,84,329,36,0,154.83998863966468,0,,,0.1726293950341642
100yr_1080m_h1087,100,1080,,0,ENUM,6.30326437292779,182,433,73,0,289.8335661232335,0,,,0.3709187291096896
80yr_0540m_h850,80,0540,,0,ENUM,6.299099833230055,74,381,54,0,157.27752588040835,0,,,0.22487154905684292
30yr_1080m_h1087,30,1080,,0,ENUM,6.317218973017847,150,361,57,2,288.71651415645965,0,,,0.3906833289656788
50yr_0540m_h777,50,0540,,0,ENUM,6.269654185676635,80,364,39,1,156.06160693858538,0,,,0.28522537904791534
50yr_0360m_h740,50,0360,,0,ENUM,6.267242165734755,40,275,56,0,111.37625797599932,0,,,0.130816584918648
20yr_0060m_h186,20,0060,,0,ENUM,6.374240138963164,10,71,29,0,32.38333702815414,0,,,0.04127527796663344
50yr_1080m_h1092,50,1080,,0,ENUM,6.280628042002836,162,397,61,2,289.16041117747176,0,,,0.3272284159902483
30yr_0060m_h165,30,0060,,0,ENUM,6.33330831622889,10,80,30,0,32.78908917598534,0,,,0.04156992910429835
20yr_1440m_h1165,20,1440,,0,ENUM,6.294850796888551,170,337,60,0,377.7768699099279,0,,,0.42499608593061566
20yr_0240m_h508,20,0240,,0,ENUM,6.265483134808307,34,209,22,0,78.60939367792406,0,,,0.0904437298886478
80yr_1080m_h1010,80,1080,,0,ENUM,6.277014306186843,154,429,57,2,290.4691620571272,0,,,0.3270434979349375
10yr_0120m_h248,10,0120,,0,ENUM,6.431340432724905,14,120,17,0,47.11584667129781,0,,,0.05536207905970514
30yr_0120m_h254,30,0120,,0,ENUM,6.258830717192898,10,142,32,0,48.594996839347736,0,,,0.06077939993701875
10yr_0240m_h600,10,0240,,0,ENUM,6.302002129576441,32,170,28,0,77.72869805183603,0,,,0.08914332394488156
10yr_0180m_h431,10,0180,,0,ENUM,6.309951180802407,22,158,17,0,62.75998628759575,0,,,0.07066419697366655
100yr_0120m_h318,100,0120,,0,ENUM,6.3518414182636205,14,135,57,0,50.383142989385334,0,,,0.05992828495800495
100yr_0720m_h903,100,0720,,0,ENUM,6.284267206636183,88,450,37,0,203.1060458881731,0,,,0.22869415604509413
20yr_0360m_h668,20,0360,,0,ENUM,6.300499962822258,46,264,23,0,109.42446285669484,0,,,0.12194848293438554
50yr_0180m_h475,50,0180,,0,ENUM,6.329838866505884,26,165,53,0,64.69500479263917,0,,,0.07557420688681304
30yr_1080m_h1098,30,1080,,0,ENUM,6.297374586349757,140,365,53,1,289.19155223696487,0,,,0.327352873980999
10yr_0360m_h658,10,0360,,0,ENUM,6.30317770017392,44,234,19,0,108.60136002502476,0,,,0.11989412410184741
80yr_0120m_h269,80,0120,,0,ENUM,6.4675534182235035,14,148,46,0,50.302850663981644,0,,,0.061566597083583474
100yr_0540m_h745,100,0540,,0,ENUM,6.345778478347447,82,409,43,0,157.5939963935833,0,,,0.18131003296002746
80yr_0180m_h413,80,0180,,0,ENUM,6.317096038607282,18,190,55,0,65.60100402958618,0,,,0.07730070617981255
100yr_1440m_h1188,100,1440,,0,ENUM,6.290264965784922,226,427,87,1,378.76073386649864,0,,,0.42635267204605043
80yr_0180m_h488,80,0180,,0,ENUM,6.259172208762507,30,173,61,0,65.78331965563841,0,,,0.07696417206898332
50yr_0180m_h384,50,0180,,0,ENUM,6.277355515313898,18,195,38,0,64.71590195750953,0,,,0.07961520086973906
20yr_0540m_h780,20,0540,,0,ENUM,6.272314269165302,60,322,25,0,155.92532348241105,0,,,0.17240251996554434
20yr_0060m_h192,20,0060,,0,ENUM,6.347767383540842,10,71,28,0,32.25185688517447,0,,,0.04042199905961752
10yr_0120m_h306,10,0120,,0,ENUM,6.260465592192101,14,119,22,0,47.072968274670956,0,,,0.05911777797155082
10yr_0540m_h804,10,0540,,0,ENUM,6.283275983246012,56,266,23,1,154.31344844817377,0,,,0.18777960306033492
30yr_0180m_h440,30,0180,,0,ENUM,6.274497317146216,26,165,42,0,63.93098380045002,0,,,0.09036597609519958
20yr_0240m_h587,20,0240,,0,ENUM,6.266210141785233,26,196,33,0,78.73804719627276,0,,,0.10895668203011155
20yr_0720m_h981,20,0720,,0,ENUM,6.301388312919018,126,299,52,0,198.01725310951008,0,,,0.2777862430084497
50yr_0060m_h147,50,0060,,0,ENUM,6.29623891276361,10,92,31,0,33.106087402844096,0,,,0.05206244601868093
80yr_0540m_h831,80,0540,,0,ENUM,6.316887888999195,94,375,56,0,156.2209226933819,0,,,0.2134895739145577
80yr_0240m_h508,80,0240,,0,ENUM,6.377138889396472,22,243,45,0,81.19641614595525,0,,,0.157908994005993
20yr_0240m_h551,20,0240,,0,ENUM,6.365286205198407,26,209,26,0,79.02709177826654,0,,,0.14335104706697166
10yr_1080m_h1073,10,1080,,0,ENUM,6.289260560850124,130,278,46,0,287.6501525438417,0,,,0.32000057911500335
50yr_0720m_h942,50,0720,,0,ENUM,6.309270953374123,101,389,41,0,200.79598140303992,0,,,0.2271409009117633
30yr_0060m_h156,30,0060,,0,ENUM,6.35883932564782,10,78,32,0,32.92973262292085,0,,,0.042261875001713634
80yr_0060m_h235,80,0060,,0,ENUM,6.406157493468827,10,83,39,0,32.92445516530205,0,,,0.04227017890661955
10yr_0060m_h141,10,0060,,0,ENUM,6.543362795280459,10,76,17,0,31.515001607493623,0,,,0.037907029036432505
20yr_0540m_h857,20,0540,,0,ENUM,6.3079549769899925,88,298,39,1,153.82242439017585,0,,,0.1736077528912574
30yr_0540m_h778,30,0540,,0,ENUM,6.295895739833253,68,348,28,0,156.11995405806135,0,,,0.17405050294473767
80yr_0540m_h834,80,0540,,0,ENUM,6.2834226857575395,108,375,57,0,155.91349113755658,0,,,0.17804657109081745
100yr_0240m_h566,100,0240,,0,ENUM,6.326290033423046,30,220,69,0,81.2121190329431,0,,,0.09303622413426638
30yr_0240m_h618,30,0240,,0,ENUM,6.32105801972352,34,195,49,0,79.35277650598627,0,,,0.09189721802249551
50yr_1440m_h1223,50,1440,,0,ENUM,6.309873365417003,214,389,78,0,378.07307490279953,0,,,0.4272027949336916
30yr_1080m_h1100,30,1080,,0,ENUM,6.301220477917197,140,365,53,0,289.31060544824084,0,,,0.3286871968302876
50yr_1440m_h1134,50,1440,,0,ENUM,6.300776372699675,204,387,71,1,378.0963135365349,0,,,0.43501894106157124
80yr_0180m_h377,80,0180,,0,ENUM,6.36102703790162,12,202,45,0,65.678200691953,0,,,0.07931255106814206
100yr_1440m_h1218,100,1440,,0,ENUM,6.284140234491567,192,463,71,3,380.42803369335485,0,,,0.4347580629400909
80yr_0360m_h668,80,0360,,0,ENUM,6.339524002985974,30,315,53,0,113.24883556353342,0,,,0.13344308407977223
50yr_0720m_h964,50,0720,,0,ENUM,6.306988967515568,125,373,53,0,199.9955258576374,0,,,0.2300940239802003
30yr_0060m_h187,30,0060,,0,ENUM,6.479490020114262,10,72,32,0,32.94887709255862,0,,,0.04128637397661805
20yr_0720m_h976,20,0720,,0,ENUM,6.27584291297101,130,307,53,3,197.87590305604385,0,,,0.22428494598716497
10yr_0360m_h713,10,0360,,0,ENUM,6.309042562777536,60,214,30,0,107.71792804550405,0,,,0.1206013651099056
100yr_0180m_h480,100,0180,,0,ENUM,6.303098522041489,30,176,64,0,66.0866132036477,0,,,0.09490803792141378
50yr_0120m_h328,50,0120,,0,ENUM,6.314460838146725,16,129,46,0,49.151370683194564,0,,,0.07083195983432233
80yr_0120m_h369,80,0120,,0,ENUM,6.4928600615702265,20,135,52,0,50.150503953065375,0,,,0.07273941882885993
50yr_0120m_h318,50,0120,,0,ENUM,6.340512544085911,16,130,48,0,49.359446979272576,0,,,0.07124522398225963
80yr_0720m_h925,80,0720,,0,ENUM,6.287776433408852,88,432,36,0,202.79287454667,0,,,0.28803254198282957
10yr_0720m_h956,10,0720,,0,ENUM,6.277596567479139,76,286,27,0,199.50528719507747,0,,,0.26533088204450905
80yr_0180m_h433,80,0180,,0,ENUM,6.325193470345329,22,188,57,0,65.25092288454692,0,,,0.10220448789186776
10yr_0720m_h955,10,0720,,0,ENUM,6.296997892373544,90,279,32,0,198.4088330736622,0,,,0.3000976969487965
30yr_1080m_h1055,30,1080,,0,ENUM,6.292736563082599,164,348,62,0,288.1155064752862,0,,,0.3220788692124188
10yr_0180m_h484,10,0180,,0,ENUM,6.288561976187889,30,138,30,0,62.41258766173702,0,,,0.07281777006573975
30yr_0360m_h636,30,0360,,0,ENUM,6.2697358594920365,30,292,18,0,111.28656914992618,0,,,0.12518957606516778
30yr_0720m_h947,30,0720,,0,ENUM,6.287373212653716,96,347,37,1,200.1213163901094,0,,,0.22472077305428684
80yr_0180m_h452,80,0180,,0,ENUM,6.330977309742514,22,183,58,0,65.9131894801107,0,,,0.07587046804837883
30yr_0060m_h221,30,0060,,0,ENUM,6.335254744035768,12,76,30,0,32.1207489903676,0,,,0.04118765494786203
80yr_0540m_h745,80,0540,,0,ENUM,6.29839804494028,68,398,34,0,157.57834185895845,0,,,0.18033272703178227
20yr_0360m_h636,20,0360,,0,ENUM,6.312003873863129,52,259,24,0,109.28932218164455,0,,,0.12261892389506102
50yr_0720m_h968,50,0720,,0,ENUM,6.301595241207817,106,382,45,0,200.48611612963043,0,,,0.22789883217774332
20yr_0060m_h167,20,0060,,0,ENUM,6.261394947748325,10,79,26,0,32.267138670409715,0,,,0.041454714024439454
30yr_0240m_h550,30,0240,,0,ENUM,6.350692461154288,22,219,36,0,80.03697945186258,0,,,0.09292923100292683
50yr_0240m_h563,50,0240,,0,ENUM,6.260984463925026,32,209,55,0,80.15319120254885,0,,,0.09301210683770478
100yr_0720m_h989,100,0720,,0,ENUM,6.2946555087283915,116,424,51,0,201.20631355914625,0,,,0.22935491986572742
80yr_0360m_h743,80,0360,,0,ENUM,6.253390397457174,52,284,69,0,111.65899224310495,0,,,0.12989823799580336
80yr_0120m_h288,80,0120,,0,ENUM,6.332964755766829,10,140,54,0,50.95025174389441,0,,,0.060439664870500565
10yr_0180m_h378,10,0180,,0,ENUM,6.26803636345893,18,162,12,0,62.91987913986185,0,,,0.07151296897791326
80yr_0060m_h131,80,0060,,0,ENUM,6.572923849905672,10,91,38,0,33.97198819012459,0,,,0.04309044010005891
50yr_0180m_h387,50,0180,,0,ENUM,6.270712507675502,18,195,37,0,64.72222757488368,0,,,0.07836144114844501
20yr_0120m_h277,20,0120,,0,ENUM,6.397233128673888,14,133,26,0,48.020812321456276,0,,,0.05835030414164066
80yr_1440m_h1162,80,1440,,0,ENUM,6.308290991478219,208,438,79,1,380.1128994783902,0,,,0.42909495485946536
30yr_0240m_h538,30,0240,,0,ENUM,6.340578147906672,22,218,35,0,80.01051216855821,0,,,0.09312130697071552
80yr_1080m_h1028,80,1080,,0,ENUM,6.281576266343336,148,449,52,0,291.2488233040391,0,,,0.3297316019888967
80yr_0060m_h214,80,0060,,0,ENUM,6.960646970555337,10,80,41,0,34.43555971321844,0,,,0.042272225953638554
30yr_0540m_h860,30,0540,,0,ENUM,6.307143470382957,96,320,44,0,154.35217178401592,0,,,0.17515212390571833
50yr_0240m_h593,50,0240,,0,ENUM,6.276221971630119,40,202,59,0,79.69562189466666,0,,,0.09301089495420456
10yr_1080m_h1115,10,1080,,0,ENUM,6.316980537078127,168,265,62,2,285.7326671230253,0,,,0.3362695660907775
20yr_0240m_h533,20,0240,,0,ENUM,6.3783622496436285,26,211,27,0,79.21001344527268,0,,,0.11250532511621714
100yr_0060m_h204,100,0060,,0,ENUM,7.00272807342836,10,81,41,0,34.54176669961487,0,,,0.050682106986641884
50yr_0060m_h173,50,0060,,0,ENUM,6.7014808447059515,10,81,37,0,33.82612667507004,0,,,0.05086777685210109
30yr_0720m_h878,30,0720,,0,ENUM,6.327825302733622,104,337,37,1,199.49960021230305,0,,,0.2701734979636967
80yr_0060m_h128,80,0060,,0,ENUM,6.57218269335481,10,91,38,0,33.95843720351843,0,,,0.05187557986937463
80yr_0540m_h805,80,0540,,0,ENUM,6.30392707522804,86,393,47,0,156.83606567261006,0,,,0.21396945999003947
10yr_0180m_h492,10,0180,,0,ENUM,6.2577493022980635,28,136,28,0,62.30974086629409,0,,,0.08668469195254147
100yr_1080m_h1048,100,1080,,0,ENUM,6.287106573705232,154,466,55,0,291.48930087137603,0,,,0.42869905987754464
20yr_0540m_h836,20,0540,,0,ENUM,6.297829809987414,62,312,26,0,155.1241982156131,0,,,0.1721221930347383
10yr_0240m_h577,10,0240,,0,ENUM,6.266630297971496,36,172,23,0,77.4774821628764,0,,,0.08578795194625854
30yr_1440m_h1154,30,1440,,0,ENUM,6.288304845758635,158,381,55,0,380.08638756694904,0,,,0.43201722693629563
100yr_0120m_h292,100,0120,,0,ENUM,6.36007453195865,10,139,56,0,51.32572298419458,0,,,0.06074944301508367
30yr_0540m_h821,30,0540,,0,ENUM,6.263966388617556,84,329,36,2,154.70304190495193,0,,,0.17219469998963177
80yr_1080m_h1047,80,1080,,0,ENUM,6.285485978949186,148,451,53,1,291.26077317639056,0,,,0.3320254241116345
30yr_0720m_h958,30,0720,,0,ENUM,6.297469394745906,106,349,42,0,200.18533357065752,0,,,0.22329145297408104
50yr_0540m_h760,50,0540,,0,ENUM,6.308994222170041,76,373,31,0,156.27021199762368,0,,,0.1779987351037562
50yr_0360m_h739,50,0360,,0,ENUM,6.271611646619303,44,277,56,0,111.36707166448208,0,,,0.12993292207829654
100yr_1080m_h1068,100,1080,,0,ENUM,6.2934774216346305,128,470,46,1,292.03653111807023,0,,,0.32933264691382647
20yr_0360m_h661,20,0360,,0,ENUM,6.316384870187049,50,267,27,0,109.72254639667014,0,,,0.12248034402728081
30yr_0060m_h238,30,0060,,0,ENUM,6.369084958420406,12,77,31,0,32.30173119712618,0,,,0.04127582907676697
20yr_0060m_h162,20,0060,,0,ENUM,6.2529366636798995,10,79,26,0,32.22081662484368,0,,,0.04144600220024586
30yr_0060m_h207,30,0060,,0,ENUM,6.4898811810891255,10,74,32,0,33.04877269051814,0,,,0.04153354908339679
80yr_0360m_h635,80,0360,,0,ENUM,6.347383452072174,48,321,46,0,111.63932614541136,0,,,0.13140031788498163
50yr_0240m_h583,50,0240,,0,ENUM,6.257167034830055,32,209,54,0,80.07321702169031,0,,,0.0933631518855691
80yr_0120m_h332,80,0120,,0,ENUM,6.2824959152510385,16,134,51,0,50.01284400788157,0,,,0.05984358582645655
20yr_0180m_h386,20,0180,,0,ENUM,6.282440938138613,26,178,23,0,63.27033964344502,0,,,0.07400246593169868
100yr_0720m_h900,100,0720,,0,ENUM,6.289518795596065,102,434,43,0,202.0169737670897,0,,,0.23043854301795363
50yr_1080m_h1073,50,1080,,0,ENUM,6.3038218651025035,126,410,46,1,290.7154210650518,0,,,0.3307441358920187
30yr_0360m_h715,30,0360,,0,ENUM,6.292168589958285,40,262,48,0,110.72471898122635,0,,,0.1292205499485135
20yr_1080m_h992,20,1080,,0,ENUM,6.275297938583065,166,312,60,1,287.4418524297776,0,,,0.3462547848466784
50yr_1440m_h1206,50,1440,,0,ENUM,6.283142025401111,202,398,74,2,378.4400293243225,0,,,0.508266813820228
50yr_0060m_h214,50,0060,,0,ENUM,6.575296817035735,10,79,37,0,33.627495929463144,0,,,0.05029790801927447
10yr_0120m_h268,10,0120,,0,ENUM,6.436709858765485,14,121,17,0,47.13609326710281,0,,,0.06595326098613441
50yr_0060m_h197,50,0060,,0,ENUM,6.504697958639024,10,77,36,0,33.41473074968635,0,,,0.05005363910458982
10yr_0360m_h662,10,0360,,0,ENUM,6.309569661566161,26,240,11,0,109.25547006784791,0,,,0.1435401609633118
20yr_0540m_h808,20,0540,,0,ENUM,6.309359600751533,72,306,31,1,154.36213531857473,0,,,0.26676340121775866
30yr_0540m_h815,30,0540,,0,ENUM,6.301571043920125,76,346,32,1,155.35159868760476,0,,,0.1729928778950125
20yr_0180m_h407,20,0180,,0,ENUM,6.328685393640478,18,168,30,0,63.594638630560404,0,,,0.07455814001150429
10yr_1080m_h1036,10,1080,,0,ENUM,6.2910629688717785,130,284,45,0,287.631170876899,0,,,0.32017971109598875
50yr_0240m_h608,50,0240,,0,ENUM,6.2887556044683155,36,203,60,0,80.03108529361177,0,,,0.0930523129645735
20yr_1440m_h1125,20,1440,,0,ENUM,6.300250233724331,182,325,62,0,377.19954185229807,0,,,0.4244611558970064
100yr_0060m_h241,100,0060,,0,ENUM,6.527753247236478,12,89,40,0,33.65264228729687,0,,,0.04258684208616614
10yr_0120m_h280,10,0120,,0,ENUM,6.441755926659559,14,115,22,0,47.1831163503464,0,,,0.0552647989243269
10yr_1080m_h1012,10,1080,,0,ENUM,6.282398009939558,132,272,45,1,287.36098621741314,0,,,0.32159697310999036
100yr_0540m_h848,100,0540,,0,ENUM,6.277037288044433,70,389,60,0,157.57031355378902,0,,,0.18698464683257043
80yr_1080m_h1018,80,1080,,0,ENUM,6.292264046214038,154,429,55,0,290.4965716182422,0,,,0.3307568139862269
20yr_1440m_h1135,20,1440,,0,ENUM,6.309369936891219,182,330,61,0,377.26198213145193,0,,,0.42582638491876423
80yr_0240m_h555,80,0240,,0,ENUM,6.2608188783615875,26,236,55,0,81.28389459028025,0,,,0.09611572604626417
80yr_1080m_h1000,80,1080,,0,ENUM,6.280478580278032,154,433,55,0,290.72390357634464,0,,,0.3297018720768392
80yr_0540m_h751,80,0540,,0,ENUM,6.298542772689827,78,399,38,0,157.22939489467606,0,,,0.18113844189792871
10yr_0120m_h296,10,0120,,0,ENUM,6.439821937803979,14,115,22,0,47.193741636077434,0,,,0.05649380898103118
50yr_0540m_h782,50,0540,,0,ENUM,6.284548879492925,78,374,37,0,156.36344534661885,0,,,0.17702872585505247
100yr_0360m_h676,100,0360,,0,ENUM,6.280396770817818,28,320,59,0,113.46702183334818,0,,,0.13582954788580537
20yr_0120m_h346,20,0120,,0,ENUM,6.326395161537066,24,116,37,0,47.72100827303956,0,,,0.05823324993252754
100yr_0240m_h542,100,0240,,0,ENUM,6.3086440664969015,26,227,62,0,81.19100721277825,0,,,0.09561483794823289
80yr_0540m_h865,80,0540,,0,ENUM,6.29492135392068,74,380,53,1,156.95254797976372,0,,,0.18821828183718026
100yr_1440m_h1207,100,1440,,0,ENUM,6.298079769042698,226,435,88,0,379.03443859690844,0,,,0.5110129560343921
100yr_0060m_h206,100,0060,,0,ENUM,7.059667784436695,10,83,42,0,34.7648406188263,0,,,0.05151866003870964
10yr_0060m_h172,10,0060,,0,ENUM,6.348441828298955,10,70,19,0,31.435659474095456,0,,,0.04754194593988359
30yr_0360m_h658,30,0360,,0,ENUM,6.327273642203288,40,289,28,0,110.79979348439723,0,,,0.1503696150612086
50yr_1440m_h1131,50,1440,,0,ENUM,6.303909912369148,214,393,73,1,377.7633143380511,0,,,0.55400779703632
80yr_0360m_h648,80,0360,,0,ENUM,6.3582872664671966,44,323,47,0,112.03887022222423,0,,,0.13116593495942652
50yr_0060m_h182,50,0060,,0,ENUM,6.721135369123322,10,82,37,0,33.90559035812009,0,,,0.04172992892563343
10yr_0060m_h188,10,0060,,0,ENUM,6.421528348675002,10,66,22,0,31.649336046338952,0,,,0.04079785104840994
80yr_0720m_h968,80,0720,,0,ENUM,6.29136319159389,118,406,52,0,200.9023242167472,0,,,0.2385824730154127
10yr_0180m_h485,10,0180,,0,ENUM,6.276966478682267,30,140,29,0,62.35238022350935,0,,,0.07200300809927285
10yr_0240m_h580,10,0240,,0,ENUM,6.258928488005567,36,170,23,0,77.53047773574025,0,,,0.08578079915605485
30yr_0240m_h513,30,0240,,0,ENUM,6.360810861462181,48,212,34,1,78.5259431094463,0,,,0.09159633913077414
100yr_0180m_h412,100,0180,,0,ENUM,6.378668872550774,12,190,61,0,66.22999778443503,0,,,0.07750044902786613
10yr_0180m_h373,10,0180,,0,ENUM,6.284191356328737,18,165,12,0,63.13146360477011,0,,,0.07140599400736392
30yr_0240m_h613,30,0240,,0,ENUM,6.322411547979468,34,197,48,0,79.46784865929433,0,,,0.09186351695097983
30yr_0720m_h923,30,0720,,0,ENUM,6.297408747065504,104,343,43,2,199.6389496405099,0,,,0.22479778504930437
80yr_0180m_h478,80,0180,,0,ENUM,6.269620137054157,30,177,61,0,65.98536037246251,0,,,0.07702849013730884
80yr_0360m_h726,80,0360,,0,ENUM,6.252702472405243,48,289,67,0,111.94248622083661,0,,,0.13033384084701538
10yr_1080m_h1006,10,1080,,0,ENUM,6.284819248004716,132,272,45,0,287.44837855101684,0,,,0.32083952287212014
50yr_0540m_h783,50,0540,,0,ENUM,6.299508795102497,84,366,39,0,156.1220050717023,0,,,0.17629794194363058
20yr_0360m_h648,20,0360,,0,ENUM,6.334158039108639,38,278,19,0,110.6490171724175,0,,,0.12472166609950364
20yr_0180m_h486,20,0180,,0,ENUM,6.307272979229878,30,151,41,0,63.11386063690879,0,,,0.0750359280500561
10yr_0720m_h883,10,0720,,0,ENUM,6.2931138713913715,100,248,38,0,198.0177278111667,0,,,0.2206247029826045
20yr_0720m_h916,20,0720,,0,ENUM,6.297890619953571,92,325,34,1,199.50002233698203,0,,,0.2242048028856516
30yr_1080m_h1070,30,1080,,0,ENUM,6.305481932688182,154,358,59,1,288.6178507278902,0,,,0.3261386160738766
20yr_0120m_h273,20,0120,,0,ENUM,6.390579336096589,14,134,25,0,47.91695668915074,0,,,0.059189212042838335
20yr_0120m_h363,20,0120,,0,ENUM,6.346160816114538,22,115,39,0,47.36486944068247,0,,,0.058858609991148114
100yr_0360m_h661,100,0360,,0,ENUM,6.268062151177397,36,319,57,0,112.97890842471145,0,,,0.13994493312202394
10yr_0540m_h851,10,0540,,0,ENUM,6.2881393949525055,82,250,34,1,152.74945777005595,0,,,0.17336049512960017
50yr_1080m_h1061,50,1080,,0,ENUM,6.28684763942402,128,415,48,2,290.9840214335218,0,,,0.3308766430709511
30yr_0180m_h422,30,0180,,0,ENUM,6.273944987339782,16,178,37,0,64.5007968293746,0,,,0.08285984210669994
10yr_0120m_h254,10,0120,,0,ENUM,6.415675882907924,14,123,15,0,47.27795273897014,0,,,0.06713083013892174
20yr_0540m_h779,20,0540,,0,ENUM,6.272740143967459,56,319,22,0,155.57911695150088,0,,,0.20900980895385146
30yr_0540m_h759,30,0540,,0,ENUM,6.328992737512752,80,336,32,0,155.07254106613476,0,,,0.21191348391585052
80yr_0360m_h683,80,0360,,0,ENUM,6.302210622898538,50,292,65,0,111.4671389968115,0,,,0.15918578300625086
50yr_0540m_h764,50,0540,,0,ENUM,6.318395371594988,52,391,22,0,158.33707414107,0,,,0.21414091694168746
50yr_0540m_h858,50,0540,,0,ENUM,6.292444714540072,80,357,47,0,155.95020230273926,0,,,0.286605505971238
30yr_0240m_h520,30,0240,,0,ENUM,6.373035923002545,48,218,34,0,78.6815348019982,0,,,0.0915031898766756
50yr_0180m_h485,50,0180,,0,ENUM,6.268280855562559,30,168,55,0,65.0572974372817,0,,,0.07577607897110283
100yr_0180m_h403,100,0180,,0,ENUM,6.369219736960834,18,186,61,0,65.51856098568017,0,,,0.07780403783544898
50yr_0720m_h917,50,0720,,0,ENUM,6.302562066968699,104,381,43,1,200.40945903656623,0,,,0.22670109709724784
50yr_1440m_h1182,50,1440,,0,ENUM,6.2781907536673325,202,390,75,3,378.0572441857096,0,,,0.42786607099696994
100yr_0060m_h142,100,0060,,0,ENUM,6.666775494961148,10,94,40,0,34.369958544848764,0,,,0.043586540035903454
50yr_0720m_h913,50,0720,,0,ENUM,6.30332964976116,104,392,41,0,200.83616765191798,0,,,0.22876601293683052
50yr_0360m_h703,50,0360,,0,ENUM,6.330959738541725,60,273,56,0,110.44223319448385,0,,,0.1279965708963573
30yr_0180m_h377,30,0180,,0,ENUM,6.364905097955514,14,186,28,0,64.2085184284415,0,,,0.07856514793820679
30yr_1080m_h1074,30,1080,,0,ENUM,6.297859176657731,144,355,54,0,289.04002577685446,0,,,0.32272150507196784
50yr_1440m_h1203,50,1440,,0,ENUM,6.28952338161042,192,393,72,1,379.00962774222137,0,,,0.43143958505243063
20yr_1440m_h1232,20,1440,,0,ENUM,6.291854518045184,180,333,63,3,377.11551883428035,0,,,0.4303084339480847
20yr_0540m_h789,20,0540,,0,ENUM,6.271228610040655,80,311,32,1,154.2880393106375,0,,,0.17476114607416093
10yr_1440m_h1175,10,1440,,0,ENUM,6.306208977355472,138,297,48,0,378.0477997604379,0,,,0.42486678808927536
10yr_0720m_h907,10,0720,,0,ENUM,6.3193328920172,92,274,35,0,198.52076452037085,0,,,0.22161286789923906
50yr_0540m_h830,50,0540,,0,ENUM,6.290265298191685,88,358,44,0,155.71812559124095,0,,,0.17763803992420435
100yr_0180m_h386,100,0180,,0,ENUM,6.436636227809945,16,201,52,0,66.01868179907046,0,,,0.07946966495364904
80yr_1080m_h1017,80,1080,,0,ENUM,6.293184535456644,154,433,56,1,290.5276789895262,0,,,0.35795503086410463
30yr_0360m_h724,30,0360,,0,ENUM,6.294111950636047,54,251,50,0,109.75542612772918,0,,,0.15283542592078447
50yr_0180m_h372,50,0180,,0,ENUM,6.269426591565648,16,190,38,0,65.0941199400401,0,,,0.09462521504610777
50yr_0120m_h340,50,0120,,0,ENUM,6.3189824869104125,18,126,48,0,49.08112218121626,0,,,0.07125089108012617
10yr_0720m_h873,10,0720,,0,ENUM,6.294802247788459,110,247,43,0,197.5717445760261,0,,,0.26659462694078684
100yr_0120m_h280,100,0120,,0,ENUM,6.406263458388642,10,137,58,0,51.626569561125045,0,,,0.07313784398138523
80yr_0180m_h438,80,0180,,0,ENUM,6.311774356252968,18,181,57,0,65.60231346925791,0,,,0.09175487095490098
50yr_0720m_h966,50,0720,,0,ENUM,6.298926099803107,110,382,46,0,200.31664638526019,0,,,0.32242917898111045
10yr_0720m_h961,10,0720,,0,ENUM,6.2976451102277275,98,267,38,1,197.75307372564737,0,,,0.22118901694193482
10yr_0540m_h854,10,0540,,0,ENUM,6.308610962863922,82,261,34,2,152.77605978675493,0,,,0.17165007488802075
20yr_0060m_h153,20,0060,,0,ENUM,6.394796287136022,10,84,21,0,32.04396119630505,0,,,0.04644306190311909
50yr_0540m_h833,50,0540,,0,ENUM,6.295537158418402,90,355,46,1,155.40884698797555,0,,,0.17563657509163022
30yr_0240m_h510,30,0240,,0,ENUM,6.382763059651578,44,222,34,0,78.92782184040888,0,,,0.09228803496807814
20yr_0240m_h572,20,0240,,0,ENUM,6.314128883581421,32,191,35,0,78.81864410226933,0,,,0.09073749696835876
30yr_0720m_h989,30,0720,,0,ENUM,6.3017906018610255,114,338,47,0,198.94310585871165,0,,,0.22673058090731502
20yr_0120m_h304,20,0120,,0,ENUM,6.2522163361033005,12,125,34,0,48.08485610267785,0,,,0.059119672048836946
30yr_1440m_h1179,30,1440,,0,ENUM,6.293624743079068,168,374,58,1,379.22261679837084,0,,,0.4250484958756715
20yr_0720m_h988,20,0720,,0,ENUM,6.296640579330101,120,298,50,0,198.15449455677862,0,,,0.2259634342044592
20yr_0060m_h241,20,0060,,0,ENUM,6.267425207369356,14,75,27,0,31.932775020765558,0,,,0.04171823291108012
80yr_0360m_h738,80,0360,,0,ENUM,6.255043246148178,48,289,67,0,111.97601488266173,0,,,0.1311947819776833
100yr_1440m_h1166,100,1440,,0,ENUM,6.275146183919844,236,431,92,5,378.278509464043,0,,,0.43429801892489195
80yr_0060m_h229,80,0060,,0,ENUM,6.389968463271403,12,84,38,0,33.12119815400505,0,,,0.04278695699758828
10yr_0360m_h699,10,0360,,0,ENUM,6.278845918831593,52,220,23,0,107.95564432176079,0,,,0.12079766695387661
20yr_0060m_h155,20,0060,,0,ENUM,6.2529366636798995,10,79,26,0,32.22081662484368,0,,,0.04173748102039099
100yr_1440m_h1177,100,1440,,0,ENUM,6.288641453602468,198,448,77,1,380.7338991870712,0,,,0.43773945490829647
80yr_1440m_h1217,80,1440,,0,ENUM,6.289573370521438,198,445,72,2,379.1994156077132,0,,,0.4388894480653107
30yr_0540m_h768,30,0540,,0,ENUM,6.312031836766366,52,339,23,0,156.88430255158474,0,,,0.17807487188838422
20yr_0240m_h580,20,0240,,0,ENUM,6.250025524018703,26,191,33,0,78.56240395384691,0,,,0.09113814285956323
100yr_0060m_h240,100,0060,,0,ENUM,6.488486927547007,12,88,40,0,33.52154791124043,0,,,0.042881499975919724
50yr_0540m_h835,50,0540,,0,ENUM,6.28904733854642,96,364,44,0,155.29300476754025,0,,,0.21115397801622748
50yr_0060m_h195,50,0060,,0,ENUM,6.483131753214974,10,78,36,0,33.398221736192546,0,,,0.05045026307925582
30yr_1080m_h1003,30,1080,,0,ENUM,6.293857221232932,164,335,63,1,288.303426474468,0,,,0.39431984606198967
10yr_1080m_h1088,10,1080,,0,ENUM,6.2825937625686885,158,261,59,1,286.1093311478244,0,,,0.456923316931352
30yr_1080m_h1040,30,1080,,0,ENUM,6.28222316757071,144,369,55,1,289.5390371134307,0,,,0.32829822809435427
20yr_0180m_h376,20,0180,,0,ENUM,6.261798965305218,22,180,21,0,63.488843455868164,0,,,0.0737175508402288
100yr_0180m_h447,100,0180,,0,ENUM,6.261733721676592,20,183,61,0,65.20069232755311,0,,,0.07662352710030973
10yr_0360m_h690,10,0360,,0,ENUM,6.287019382840397,52,226,22,0,108.06777911782116,0,,,0.1263395759742707
50yr_0180m_h480,50,0180,,0,ENUM,6.259266264000365,28,168,54,0,64.59020956816519,0,,,0.07540951715782285
80yr_0180m_h468,80,0180,,0,ENUM,6.344249910606096,28,172,60,0,65.15667858285434,0,,,0.07571669784374535
10yr_0060m_h153,10,0060,,0,ENUM,6.4806119292576225,10,76,15,0,31.366020023161838,0,,,0.03741289279423654
10yr_0180m_h389,10,0180,,0,ENUM,6.2642368970148965,18,161,12,0,62.881022731679835,0,,,0.07161226589232683
10yr_0720m_h982,10,0720,,0,ENUM,6.32117798347043,108,263,42,1,197.44346993080413,0,,,0.22119484702125192
10yr_0360m_h740,10,0360,,0,ENUM,6.299239637446599,46,219,26,0,108.19959328029772,0,,,0.12049603299237788
80yr_0240m_h618,80,0240,,0,ENUM,6.29389685573609,38,209,67,0,80.64147869801104,0,,,0.09324734308756888
100yr_0060m_h247,100,0060,,0,ENUM,6.46925453382841,12,85,39,0,33.28511169947655,0,,,0.04265959118492901
10yr_0060m_h230,10,0060,,0,ENUM,6.355396193908207,12,67,21,0,31.097150114788946,0,,,0.03985321382060647
10yr_1080m_h1001,10,1080,,0,ENUM,6.277450598452834,132,265,46,1,287.00988457400854,0,,,0.3252457759808749
20yr_0360m_h739,20,0360,,0,ENUM,6.318394066485729,54,244,38,0,109.16586729469759,0,,,0.12867761380039155
20yr_0060m_h158,20,0060,,0,ENUM,6.276476053004123,10,80,27,0,32.441689258471065,0,,,0.0419867760501802
20yr_0240m_h506,20,0240,,0,ENUM,6.265090589789496,26,217,20,0,79.46063891250174,0,,,0.09003292815759778
50yr_0360m_h693,50,0360,,0,ENUM,6.294881985803237,46,286,52,0,111.04211911495845,0,,,0.12901608808897436
20yr_0720m_h956,20,0720,,0,ENUM,6.2891407976038,84,326,30,1,199.9074788727632,0,,,0.22547725518234074
80yr_0360m_h666,80,0360,,0,ENUM,6.343092622743181,36,316,53,0,112.89668247706724,0,,,0.1356840250082314
80yr_0540m_h778,80,0540,,0,ENUM,6.295546731211006,86,391,46,0,156.81399526618225,0,,,0.18071499792858958
50yr_0060m_h150,50,0060,,0,ENUM,6.309561404618845,10,94,32,0,33.306961643612595,0,,,0.043038659961894155
50yr_0360m_h721,50,0360,,0,ENUM,6.281495060423302,40,278,57,0,111.45835490591114,0,,,0.13007375691086054
10yr_0120m_h357,10,0120,,0,ENUM,6.270053181253077,24,109,29,0,46.88626770499218,0,,,0.05729542882181704
100yr_0120m_h261,100,0120,,0,ENUM,6.547842306919767,14,151,51,0,51.23731289472781,0,,,0.06285739690065384
80yr_0060m_h176,80,0060,,0,ENUM,6.943051747250354,10,84,40,0,34.52566609226639,0,,,0.04293948505073786
20yr_0360m_h696,20,0360,,0,ENUM,6.293254854572198,64,248,35,0,108.55252668969882,0,,,0.12227844097651541
100yr_0540m_h801,100,0540,,0,ENUM,6.284258964437602,90,402,52,0,156.98868607750615,0,,,0.18127478496171534
80yr_0360m_h699,80,0360,,0,ENUM,6.2764871731915175,46,291,66,0,111.82370751104156,0,,,0.13376501598395407
30yr_0060m_h235,30,0060,,0,ENUM,6.32895619265417,12,75,30,0,32.03974239262293,0,,,0.04154548700898886
30yr_0060m_h232,30,0060,,0,ENUM,6.364796226844248,12,78,31,0,32.29046194970941,0,,,0.04139214078895748
20yr_0120m_h311,20,0120,,0,ENUM,6.255766085949695,16,126,34,0,47.88297011691391,0,,,0.05932134296745062
20yr_1080m_h1070,20,1080,,0,ENUM,6.297293216693768,154,322,56,1,287.7850068432661,0,,,0.3258736920543015
50yr_1440m_h1140,50,1440,,0,ENUM,6.300288591758865,214,383,75,2,377.48319714264863,0,,,0.5185025141108781
30yr_0120m_h313,30,0120,,0,ENUM,6.349314825846231,16,124,41,0,48.45929730309564,0,,,0.07057546102441847
30yr_1440m_h1190,30,1440,,0,ENUM,6.290721048232409,168,374,58,0,379.3380446585127,0,,,0.5790925060864538
100yr_0540m_h837,100,0540,,0,ENUM,6.273478783593283,70,388,60,0,157.80351460736844,0,,,0.1856479230336845
10yr_0240m_h603,10,0240,,0,ENUM,6.293192025989302,32,169,28,0,77.72445245284143,0,,,0.0883865908253938
10yr_0060m_h205,10,0060,,0,ENUM,6.436522809155085,10,64,23,0,31.642525391489038,0,,,0.04029111284762621
20yr_1440m_h1233,20,1440,,0,ENUM,6.301623682197679,190,332,65,0,377.2259921559485,0,,,0.43059633090160787
100yr_0120m_h254,100,0120,,0,ENUM,6.563069522765857,14,150,52,0,51.432774609080994,0,,,0.06168788089416921
20yr_0360m_h634,20,0360,,0,ENUM,6.3241914142587925,38,277,18,0,110.54027702321113,0,,,0.12488180794753134
50yr_1080m_h992,50,1080,,0,ENUM,6.291407013587091,150,398,53,1,289.7660760362161,0,,,0.33125152718275785
50yr_0240m_h615,50,0240,,0,ENUM,6.28031456770445,40,202,60,0,79.85019839419223,0,,,0.09362231893464923
80yr_0720m_h908,80,0720,,0,ENUM,6.2881937587036525,106,422,44,1,201.53237004800422,0,,,0.23133724415674806
50yr_0180m_h401,50,0180,,0,ENUM,6.482356596395021,16,191,37,0,64.87711736289464,0,,,0.07836634619161487
100yr_0540m_h750,100,0540,,0,ENUM,6.335707721443432,82,407,42,0,157.44340636693636,0,,,0.1827674019150436
30yr_0360m_h664,30,0360,,0,ENUM,6.323275038222442,50,288,32,0,110.1222157083965,0,,,0.12663979502394795
100yr_0720m_h873,100,0720,,0,ENUM,6.28216506347697,90,436,35,0,202.5392755107132,0,,,0.2346870549954474
10yr_0240m_h512,10,0240,,0,ENUM,6.404495828534976,42,183,19,0,77.63660007838104,0,,,0.08971124980598688
100yr_0540m_h771,100,0540,,0,ENUM,6.34205904871424,68,408,39,1,157.9894242247312,0,,,0.182524171192199
50yr_0720m_h941,50,0720,,0,ENUM,6.308053258281946,106,376,45,1,200.6296639499208,0,,,0.2284245560877025
50yr_0720m_h969,50,0720,,0,ENUM,6.298535809359664,116,376,48,2,199.99257892421127,0,,,0.2332738800905645
30yr_0120m_h362,30,0120,,0,ENUM,6.327572852374714,22,120,43,0,48.395449925249835,0,,,0.059026160975918174
50yr_1440m_h1207,50,1440,,0,ENUM,6.28535884005978,202,398,74,3,378.3684701983271,0,,,0.43231303594075143
80yr_0120m_h297,80,0120,,0,ENUM,6.310030441434457,10,135,53,0,50.42314711028581,0,,,0.061511957086622715
100yr_0120m_h344,100,0120,,0,ENUM,6.654621576084978,18,139,54,0,50.61450496566631,0,,,0.061682253843173385
10yr_0060m_h151,10,0060,,0,ENUM,6.255716056150662,14,80,16,0,31.175418637872784,0,,,0.03879270516335964
100yr_0180m_h417,100,0180,,0,ENUM,6.357062834819474,12,188,60,0,66.02478426203572,0,,,0.07905224105343223
20yr_1080m_h1000,20,1080,,0,ENUM,6.288881649757549,166,312,58,1,287.2244716191883,0,,,0.3674029288813472
100yr_1440m_h1224,100,1440,,0,ENUM,6.297519397497368,182,471,68,1,380.9797650108631,0,,,0.519021910848096
10yr_0360m_h644,10,0360,,0,ENUM,6.26472705139092,56,215,23,0,107.76097671392859,0,,,0.14733809512108564
50yr_0360m_h654,50,0360,,0,ENUM,6.345731824250426,32,303,41,0,111.87511699609442,0,,,0.22894077794626355
20yr_0540m_h822,20,0540,,0,ENUM,6.262771632443661,58,322,23,0,155.32609749279138,0,,,0.17249488295055926
30yr_1440m_h1178,30,1440,,0,ENUM,6.294661597784293,168,375,58,1,379.024168056441,0,,,0.4280207909177989
20yr_1080m_h1010,20,1080,,0,ENUM,6.300025755709933,166,308,61,3,286.97576047279233,0,,,0.3306458289735019
20yr_0240m_h600,20,0240,,0,ENUM,6.283867707387169,36,185,41,0,78.77417128394917,0,,,0.09233290608972311
80yr_1440m_h1138,80,1440,,0,ENUM,6.285911911226099,230,404,86,3,377.63626546658594,0,,,0.4397856420837343
10yr_0060m_h210,10,0060,,0,ENUM,6.418453275789297,10,65,22,0,31.596729917661055,0,,,0.040840588975697756
80yr_0060m_h201,80,0060,,0,ENUM,6.886568768498148,10,81,40,0,34.30042135396573,0,,,0.04257828905247152
50yr_0060m_h218,50,0060,,0,ENUM,6.299164185908646,12,82,34,0,32.78428561211851,0,,,0.04203684697858989
20yr_1440m_h1179,20,1440,,0,ENUM,6.295731353969472,180,329,64,2,377.09933904873253,0,,,0.4327424638904631
100yr_0180m_h444,100,0180,,0,ENUM,6.274845355987843,24,181,64,0,66.30088429709113,0,,,0.07828594488091767
80yr_1440m_h1166,80,1440,,0,ENUM,6.2730906984776755,208,427,79,1,379.3992883644042,0,,,0.4401246318593621
20yr_1080m_h1105,20,1080,,0,ENUM,6.314168100662648,142,334,51,0,287.86906782201123,0,,,0.3299894470255822
10yr_1440m_h1138,10,1440,,0,ENUM,6.308613538829234,158,287,53,1,376.76644475177324,0,,,0.4310393917839974
10yr_0720m_h972,10,0720,,0,ENUM,6.310451880480458,108,259,42,2,197.19463142487453,0,,,0.22479336499236524
50yr_0360m_h679,50,0360,,0,ENUM,6.333007602602883,36,300,40,0,111.42001573591389,0,,,0.13213967811316252
80yr_0060m_h165,80,0060,,0,ENUM,7.073576915067592,10,85,42,0,34.90083105296073,0,,,0.04375481395982206
30yr_0060m_h168,30,0060,,0,ENUM,6.3417720555722275,10,79,31,0,32.808691578860184,0,,,0.042667613830417395
100yr_0060m_h198,100,0060,,0,ENUM,7.130818527987561,10,82,43,0,34.92376177997703,0,,,0.04190509393811226
20yr_1440m_h1193,20,1440,,0,ENUM,6.291818936540265,162,341,56,0,378.63459880385875,0,,,0.49631464411504567
100yr_1440m_h1204,100,1440,,0,ENUM,6.289252027109322,226,430,88,1,378.8292964944737,0,,,0.5109764100052416
80yr_0240m_h554,80,0240,,0,ENUM,6.277132381981529,32,226,59,0,80.5909772189641,0,,,0.19212273880839348
50yr_0240m_h556,50,0240,,0,ENUM,6.308181292514874,36,211,50,0,79.75732304387844,0,,,0.0971146379597485
80yr_0180m_h460,80,0180,,0,ENUM,6.304720645145143,24,177,59,0,65.3238270275003,0,,,0.0762532870285213
10yr_0180m_h385,10,0180,,0,ENUM,6.285825521545759,18,166,12,0,63.250042225500664,0,,,0.07218516804277897
30yr_0720m_h988,30,0720,,0,ENUM,6.308433045657411,114,334,47,0,198.80119149742058,0,,,0.22895598504692316
100yr_0120m_h322,100,0120,,0,ENUM,6.341370492374965,14,134,56,0,50.04865898771702,0,,,0.059672289062291384
80yr_0060m_h246,80,0060,,0,ENUM,6.419277736746624,10,84,39,0,33.061984261052174,0,,,0.04222233593463898
20yr_0120m_h249,20,0120,,0,ENUM,6.380800991524812,14,129,25,0,47.855961643832075,0,,,0.06005905708298087
20yr_0240m_h539,20,0240,,0,ENUM,6.258358597743453,32,206,31,0,78.9857484172297,0,,,0.09484637808054686
100yr_0180m_h433,100,0180,,0,ENUM,6.382026653295125,12,188,62,0,66.29989533326193,0,,,0.07793044811114669
100yr_0540m_h802,100,0540,,0,ENUM,6.281231262996463,86,400,52,0,157.26269775702366,0,,,0.1805696520023048
80yr_1440m_h1173,80,1440,,0,ENUM,6.280082155952053,208,432,79,2,379.552847015697,0,,,0.4356673920992762
50yr_0360m_h658,50,0360,,0,ENUM,6.351383199732888,36,303,42,0,111.76707165613607,0,,,0.1297222818247974
30yr_0240m_h608,30,0240,,0,ENUM,6.300315220851091,34,196,47,0,79.29942920204283,0,,,0.09115430782549083
80yr_0120m_h311,80,0120,,0,ENUM,6.313512711335805,14,134,54,0,49.84330720751696,0,,,0.059511562110856175
100yr_0360m_h690,100,0360,,0,ENUM,6.294745700037266,52,299,70,0,112.00992944360985,0,,,0.13104381202720106
80yr_0360m_h691,80,0360,,0,ENUM,6.2929813869780435,56,286,67,0,111.25448389970944,0,,,0.13470964296720922
50yr_0360m_h692,50,0360,,0,ENUM,6.294824974915796,60,271,57,0,109.91475797163744,0,,,0.12750674900598824
10yr_0240m_h532,10,0240,,0,ENUM,6.301003545609368,28,186,16,0,77.96324491776991,0,,,0.0876156350132078
10yr_0180m_h395,10,0180,,0,ENUM,6.274463774302151,18,163,12,0,62.98238670770411,0,,,0.07101674005389214
80yr_0720m_h873,80,0720,,0,ENUM,6.351881780942047,94,413,38,0,202.33322068859172,0,,,0.22797772497870028
30yr_0240m_h574,30,0240,,0,ENUM,6.287186821916457,28,206,40,0,79.49344449257597,0,,,0.09666716889478266
20yr_0360m_h734,20,0360,,0,ENUM,6.288242848590837,56,245,40,0,109.0843738931695,0,,,0.12633780483156443
50yr_0540m_h756,50,0540,,0,ENUM,6.322894362780887,80,362,34,0,156.37935765710094,0,,,0.1773941379506141
10yr_0360m_h685,10,0360,,0,ENUM,6.299316723967843,52,228,22,0,108.30716509001147,0,,,0.11893370910547674
100yr_0360m_h715,100,0360,,0,ENUM,6.257312391514955,50,291,77,0,112.36483892713527,0,,,0.1305137339513749
100yr_1440m_h1189,100,1440,,0,ENUM,6.286046143853039,226,433,87,1,378.7375607872617,0,,,0.4484561018180102
20yr_0120m_h364,20,0120,,0,ENUM,6.337111216386814,22,117,37,0,47.960566808342904,0,,,0.06962159019894898
30yr_0360m_h680,30,0360,,0,ENUM,6.318119431427004,40,284,28,0,110.31487053165102,0,,,0.15024796198122203
100yr_0060m_h144,100,0060,,0,ENUM,6.730123659242896,10,93,41,0,34.50852596940291,0,,,0.05199076212011278
80yr_0240m_h539,80,0240,,0,ENUM,6.273439217118708,26,227,58,0,80.98500950163,0,,,0.11421388410963118
20yr_0180m_h383,20,0180,,0,ENUM,6.253567504551101,22,178,21,0,63.33417800659492,0,,,0.0875151848886162
50yr_0360m_h667,50,0360,,0,ENUM,6.338801993836487,36,297,42,0,111.33776604227548,0,,,0.15567595488391817
10yr_0240m_h563,10,0240,,0,ENUM,6.255376909553864,46,174,26,0,77.2648796850006,0,,,0.10306465602479875
20yr_1440m_h1198,20,1440,,0,ENUM,6.311035545241933,162,339,56,1,378.4413898446146,0,,,0.5326636370737106
50yr_0180m_h378,50,0180,,0,ENUM,6.268415320130292,16,191,38,0,65.14961479519246,0,,,0.07803624495863914
100yr_0060m_h197,100,0060,,0,ENUM,6.991582258320111,10,82,41,0,34.56368787850562,0,,,0.04246679204516113
10yr_0120m_h349,10,0120,,0,ENUM,6.3253979850879825,20,104,29,0,46.94436570367982,0,,,0.05628966400399804
80yr_0360m_h693,80,0360,,0,ENUM,6.27377871435204,50,290,66,0,111.63159321005557,0,,,0.1325893399771303
100yr_1080m_h1031,100,1080,,0,ENUM,6.293745686158506,144,466,51,0,291.769129852815,0,,,0.3301177220419049
80yr_0540m_h750,80,0540,,0,ENUM,6.3065781691077145,78,403,38,0,157.4554632694922,0,,,0.17889555310830474
100yr_0120m_h321,100,0120,,0,ENUM,6.343735234533262,14,135,56,0,50.09547285749568,0,,,0.06003604317083955
10yr_1440m_h1126,10,1440,,0,ENUM,6.308092735995267,158,282,54,0,376.67351161080614,0,,,0.42097488697618246
50yr_1440m_h1195,50,1440,,0,ENUM,6.284587594662436,202,395,73,2,378.2028232951108,0,,,0.4230728968977928
50yr_0360m_h645,50,0360,,0,ENUM,6.400172370385226,52,302,36,0,110.78661046099168,0,,,0.1268801260739565
80yr_0720m_h935,80,0720,,0,ENUM,6.315151662531988,112,419,45,0,201.29035832165061,0,,,0.2267195989843458
10yr_1440m_h1137,10,1440,,0,ENUM,6.306821459301963,158,289,51,0,376.74919643225303,0,,,0.4194546558428556
20yr_1080m_h1100,20,1080,,0,ENUM,6.289196685821387,142,332,52,1,287.8349192133496,0,,,0.32451172010041773
100yr_0120m_h302,100,0120,,0,ENUM,6.46910679471592,10,140,58,0,51.718284796154435,0,,,0.06079660402610898
10yr_0540m_h830,10,0540,,0,ENUM,6.287222903734526,80,250,34,2,153.20597886104343,0,,,0.16763214603997767
50yr_1080m_h1099,50,1080,,0,ENUM,6.300895094910837,162,391,62,3,288.96499437936393,0,,,0.3294671999756247
80yr_0360m_h678,80,0360,,0,ENUM,6.328835679742037,30,315,51,0,113.05439241111534,0,,,0.13132155104540288
50yr_0120m_h342,50,0120,,0,ENUM,6.338548887883805,20,131,47,0,49.274539764785644,0,,,0.059399747056886554
30yr_0540m_h805,30,0540,,0,ENUM,6.298343570554896,78,341,33,0,155.5759384173486,0,,,0.20016384799964726
50yr_0360m_h686,50,0360,,0,ENUM,6.2922167109922835,56,274,57,0,110.42778277985707,0,,,0.15383081207983196
30yr_1080m_h1089,30,1080,,0,ENUM,6.293746566979772,150,359,57,2,288.70351828298806,0,,,0.3985718600451946
100yr_0720m_h944,100,0720,,0,ENUM,6.292764941873669,102,439,43,1,201.97370949081193,0,,,0.3445957391522825
50yr_0120m_h275,50,0120,,0,ENUM,6.363752394578153,14,145,39,0,49.159544980501565,0,,,0.08125939196906984
30yr_0120m_h365,30,0120,,0,ENUM,6.324861143220058,18,126,39,0,48.590974825378524,0,,,0.058239764999598265
50yr_0240m_h609,50,0240,,0,ENUM,6.26923170224022,36,201,59,0,79.94594992629685,0,,,0.09235278307460248
20yr_1440m_h1217,20,1440,,0,ENUM,6.305785293204826,190,331,65,0,377.16916170752677,0,,,0.4257028098218143
100yr_1440m_h1135,100,1440,,0,ENUM,6.313404577113061,210,428,80,3,379.41797777930174,0,,,0.42749869101680815
10yr_0120m_h328,10,0120,,0,ENUM,6.316916198919965,16,114,24,0,47.11843934611519,0,,,0.05687025492079556
100yr_0540m_h757,100,0540,,0,ENUM,6.34184448698798,68,408,39,1,158.21716397422853,0,,,0.1812048088759184
80yr_0060m_h141,80,0060,,0,ENUM,6.581034671387475,10,92,38,0,34.06809277554199,0,,,0.042662605876103044
10yr_0240m_h528,10,0240,,0,ENUM,6.3110421521730045,28,186,17,0,78.01776477864948,0,,,0.08696954208426178
50yr_0120m_h344,50,0120,,0,ENUM,6.329927127629328,18,129,47,0,49.55451276544946,0,,,0.05919855204410851
10yr_0720m_h877,10,0720,,0,ENUM,6.314816786482002,118,246,45,1,197.07948313683602,0,,,0.21946450183168054
100yr_0360m_h665,100,0360,,0,ENUM,6.269030264468432,32,322,56,0,113.36544033463693,0,,,0.13686289312317967
30yr_0540m_h852,30,0540,,0,ENUM,6.293215737118123,86,324,44,1,154.67747504290364,0,,,0.17601103894412518
100yr_0060m_h184,100,0060,,0,ENUM,6.762563255161471,10,86,42,0,34.44666261660205,0,,,0.04244161886163056
20yr_0120m_h309,20,0120,,0,ENUM,6.43497157642398,12,123,33,0,47.99757704639788,0,,,0.059577255975455046
20yr_0240m_h510,20,0240,,0,ENUM,6.431095203302161,30,205,22,0,78.778736468755,0,,,0.09057030593976378
20yr_1440m_h1143,20,1440,,0,ENUM,6.315752245873577,182,328,62,0,377.2129064505435,0,,,0.42601981898769736
100yr_0720m_h905,100,0720,,0,ENUM,6.29367693346952,86,444,35,0,202.5146988812371,0,,,0.22809489793144166
10yr_0720m_h948,10,0720,,0,ENUM,6.269813013189249,66,283,24,0,199.62202509388428,0,,,0.21749985497444868
10yr_0060m_h243,10,0060,,0,ENUM,6.385739379903776,12,66,22,0,31.088050914940602,0,,,0.03974622301757336
80yr_0540m_h829,80,0540,,0,ENUM,6.302967595202902,86,379,51,0,156.417040380449,0,,,0.1776726278476417
80yr_1080m_h1081,80,1080,,0,ENUM,6.296965398621915,150,451,54,2,290.94685346019867,0,,,0.32610516087152064
50yr_0540m_h803,50,0540,,0,ENUM,6.297402337878792,92,361,41,0,155.33996099004338,0,,,0.1764313350431621
30yr_0540m_h782,30,0540,,0,ENUM,6.293653730406575,68,346,28,0,155.99528736533935,0,,,0.190389899071306
30yr_0180m_h415,30,0180,,0,ENUM,6.256921306292686,24,167,38,0,63.73734631878272,0,,,0.09415988996624947
50yr_0120m_h335,50,0120,,0,ENUM,6.3248504120809885,14,128,47,0,48.90588495821345,0,,,0.07148177898488939
100yr_0120m_h295,100,0120,,0,ENUM,6.381525238451383,10,138,57,0,51.45049012796634,0,,,0.07300357916392386
100yr_0120m_h265,100,0120,,0,ENUM,6.563218879098874,14,149,52,0,51.404125897813536,0,,,0.08044569101184607
100yr_0360m_h722,100,0360,,0,ENUM,6.251958027970927,48,299,72,0,112.29769560172963,0,,,0.1591084988322109
80yr_0240m_h615,80,0240,,0,ENUM,6.302830433653023,38,209,69,0,81.00757443208738,0,,,0.11349117010831833
100yr_0060m_h199,100,0060,,0,ENUM,7.111893830255057,10,82,43,0,34.887518403516744,0,,,0.05083019006997347
10yr_1440m_h1193,10,1440,,0,ENUM,6.296612044128042,138,291,47,1,377.85322647370174,0,,,0.5465663110371679
100yr_0240m_h544,100,0240,,0,ENUM,6.323859451512119,24,239,62,0,81.73232248444081,0,,,0.09506695810705423
10yr_0180m_h415,10,0180,,0,ENUM,6.316853595309073,26,155,19,0,62.53203544206462,0,,,0.07080737501382828
100yr_0240m_h559,100,0240,,0,ENUM,6.252310106435805,28,228,64,0,81.2533023925378,0,,,0.0935677329543978
10yr_1440m_h1199,10,1440,,0,ENUM,6.2958166466465615,176,275,61,0,375.83456440728116,0,,,0.41759796999394894
80yr_1080m_h1093,80,1080,,0,ENUM,6.2926925029884195,166,435,63,4,289.5524406963769,0,,,0.33101792889647186
50yr_0060m_h151,50,0060,,0,ENUM,6.298896048910402,10,92,32,0,33.15059469073616,0,,,0.04270771401934326
30yr_0240m_h553,30,0240,,0,ENUM,6.348666906711218,28,217,36,0,79.69154826916349,0,,,0.09262809692882001
80yr_0120m_h252,80,0120,,0,ENUM,6.496094197990167,14,151,48,0,50.71782198531139,0,,,0.061733303125947714
80yr_0120m_h285,80,0120,,0,ENUM,6.301509999289125,10,139,52,0,50.442095208337086,0,,,0.06015224289149046
80yr_0720m_h939,80,0720,,0,ENUM,6.297254687023884,92,430,37,1,202.28876023848412,0,,,0.22709036711603403
80yr_0180m_h374,80,0180,,0,ENUM,6.368321785327554,18,199,47,0,65.36363603473454,0,,,0.07963985810056329
20yr_0060m_h208,20,0060,,0,ENUM,6.3956327631675745,10,71,30,0,32.49980966520523,0,,,0.0411651770118624
80yr_0360m_h650,80,0360,,0,ENUM,6.346043486152251,48,318,47,0,111.6907326857532,0,,,0.13011222798377275
30yr_0360m_h637,30,0360,,0,ENUM,6.28923816036416,50,287,28,0,110.28138097368085,0,,,0.1243148020002991
50yr_1440m_h1123,50,1440,,0,ENUM,6.293959231695739,186,401,64,2,379.4475460060622,0,,,0.42494077887386084
20yr_0120m_h254,20,0120,,0,ENUM,6.387754131272168,14,132,25,0,47.864687191895655,0,,,0.05923544196411967
20yr_0360m_h646,20,0360,,0,ENUM,6.310857479692112,52,259,24,0,109.27577070753729,0,,,0.12405432085506618
20yr_0540m_h763,20,0540,,0,ENUM,6.324170061334742,78,292,33,0,154.46017529065168,0,,,0.1736792279407382
100yr_0180m_h409,100,0180,,0,ENUM,6.355849442616098,12,191,59,0,66.14987606259623,0,,,0.07749298913404346
20yr_0180m_h421,20,0180,,0,ENUM,6.317141650323018,22,170,28,0,63.478413210076006,0,,,0.07483395002782345
80yr_0120m_h251,80,0120,,0,ENUM,6.506247051949866,14,153,48,0,50.874797130027865,0,,,0.062178255058825016
80yr_0240m_h594,80,0240,,0,ENUM,6.2957462703623435,38,212,67,0,80.81566890689564,0,,,0.0935284630395472
20yr_0360m_h705,20,0360,,0,ENUM,6.310418406298229,64,248,37,1,108.54921302135176,0,,,0.12054749089293182
10yr_0720m_h987,10,0720,,0,ENUM,6.294263728659562,108,259,42,3,197.0923695566484,0,,,0.22074480797164142
10yr_0720m_h985,10,0720,,0,ENUM,6.316154201436747,108,260,40,1,197.3509134131532,0,,,0.22094413707964122
10yr_1080m_h1037,10,1080,,0,ENUM,6.268720559009039,130,276,45,1,287.28200350613974,0,,,0.35015955986455083
30yr_0060m_h198,30,0060,,0,ENUM,6.477107554594219,10,72,32,0,32.93184196737039,0,,,0.04945372510701418
100yr_1080m_h1072,100,1080,,0,ENUM,6.2911603653003665,136,468,50,2,292.0991510737183,0,,,0.39447240694426
10yr_0240m_h597,10,0240,,0,ENUM,6.288947703568274,32,171,27,0,77.94527747314056,0,,,0.10617046593688428
10yr_1440m_h1167,10,1440,,0,ENUM,6.3062132418801955,138,305,47,0,378.314132738687,0,,,0.5541800949722528
100yr_0180m_h440,100,0180,,0,ENUM,6.273416008062328,28,178,65,0,65.87305420618148,0,,,0.0768102090805769
100yr_1440m_h1159,100,1440,,0,ENUM,6.287125123492532,198,448,78,0,380.8689636628955,0,,,0.4354869849048555
20yr_1080m_h1067,20,1080,,0,ENUM,6.29842777510692,144,319,56,2,288.1443443225139,0,,,0.32352470979094505
10yr_0120m_h335,10,0120,,0,ENUM,6.328598811802623,16,116,24,0,47.191696508516976,0,,,0.05599599122069776
20yr_1080m_h1074,20,1080,,0,ENUM,6.2894136191732,154,319,60,2,288.221332775124,0,,,0.3224640430416912
100yr_1440m_h1167,100,1440,,0,ENUM,6.283039819477555,216,437,84,1,379.43611172806413,0,,,0.43510363018140197
20yr_1440m_h1152,20,1440,,0,ENUM,6.306486994392345,180,333,63,0,377.42321087986977,0,,,0.42766590416431427
100yr_0060m_h238,100,0060,,0,ENUM,6.4931649462495145,12,88,39,0,33.43396479583399,0,,,0.04271636996418238
50yr_1080m_h1004,50,1080,,0,ENUM,6.281473915818576,150,394,54,1,289.624305861509,0,,,0.32690873905085027
80yr_0720m_h921,80,0720,,0,ENUM,6.284747247912274,93,432,37,0,202.2351440088704,0,,,0.2289768538903445
80yr_1440m_h1120,80,1440,,0,ENUM,6.29838764260408,230,408,86,2,377.8804635679485,0,,,0.4313455489464104
100yr_0060m_h221,100,0060,,0,ENUM,6.506487588901073,12,87,40,0,33.528628137530646,0,,,0.04261294403113425
30yr_0720m_h957,30,0720,,0,ENUM,6.290803729336254,106,348,43,0,200.16026065195337,0,,,0.22778359288349748
80yr_0180m_h376,80,0180,,0,ENUM,6.376247638172107,18,198,48,0,65.52785408560733,0,,,0.08010437712073326
100yr_0120m_h350,100,0120,,0,ENUM,6.4392330642633295,20,138,54,0,50.04437901347107,0,,,0.06093573500402272
10yr_1440m_h1185,10,1440,,0,ENUM,6.297011344312503,166,278,57,1,375.9983455837863,0,,,0.4656536001712084
20yr_0120m_h370,20,0120,,0,ENUM,6.3384243055196166,20,116,38,0,47.91801475899545,0,,,0.06950970599427819
80yr_0360m_h633,80,0360,,0,ENUM,6.344623621827613,38,318,42,0,112.2545415892081,0,,,0.1582165379077196
30yr_0540m_h835,30,0540,,0,ENUM,6.297357099744714,80,342,33,1,155.1349687251671,0,,,0.20789285795763135
100yr_0060m_h175,100,0060,,0,ENUM,7.1091813769073235,10,85,42,0,34.99732690683921,0,,,0.051066316897049546
80yr_1440m_h1127,80,1440,,0,ENUM,6.295246450189735,230,401,85,0,377.92825452751936,0,,,0.5585343721322715
100yr_0720m_h967,100,0720,,0,ENUM,6.302420625046859,122,414,57,0,200.94239727256763,0,,,0.23216209490783513
100yr_1080m_h1080,100,1080,,0,ENUM,6.283369122387883,146,457,56,2,291.7193812151511,0,,,0.3317796259652823
100yr_0120m_h313,100,0120,,0,ENUM,6.348356110829575,14,133,57,0,50.31476808482445,0,,,0.0603121779859066
20yr_0540m_h804,20,0540,,0,ENUM,6.269690873572219,56,318,23,0,155.8010666779541,0,,,0.17249629204161465
30yr_1440m_h1173,30,1440,,0,ENUM,6.282021897376135,168,380,59,1,379.4251761073974,0,,,0.43194082099944353
50yr_1080m_h1049,50,1080,,0,ENUM,6.28978003397396,136,417,49,1,291.01824050060634,0,,,0.3308317300397903
100yr_0240m_h525,100,0240,,0,ENUM,6.442102986088871,18,250,50,0,81.86949739271574,0,,,0.09775845287367702
20yr_0540m_h783,20,0540,,0,ENUM,6.271788384483214,74,307,29,0,154.80957551601563,0,,,0.17349460581317544
100yr_0120m_h267,100,0120,,0,ENUM,6.532137805316587,14,151,50,0,51.07440555591152,0,,,0.0625665180850774
30yr_0120m_h283,30,0120,,0,ENUM,6.328360748829284,12,125,40,0,48.37786920370422,0,,,0.05984862893819809
100yr_0060m_h226,100,0060,,0,ENUM,6.439132484170481,12,89,38,0,33.36092394635873,0,,,0.042689010966569185
50yr_1440m_h1211,50,1440,,0,ENUM,6.291883979175883,214,388,80,1,377.9838925722031,0,,,0.43305876199156046
20yr_0360m_h685,20,0360,,0,ENUM,6.280868890703361,64,252,34,0,108.67650510441493,0,,,0.12084806500934064
10yr_0240m_h566,10,0240,,0,ENUM,6.270714189505166,46,175,26,0,77.24678184264246,0,,,0.08595016412436962
20yr_1080m_h1099,20,1080,,0,ENUM,6.286912091316429,150,322,58,1,287.6500400277623,0,,,0.32638817001134157
50yr_0120m_h274,50,0120,,0,ENUM,6.376105436161859,14,146,40,0,49.34358310193366,0,,,0.06212573009543121
20yr_0180m_h450,20,0180,,0,ENUM,6.2843859833356275,24,156,38,0,63.48008671395955,0,,,0.07663969602435827
30yr_0120m_h334,30,0120,,0,ENUM,6.369774802347079,16,126,42,0,48.56765422034394,0,,,0.058459490071982145
20yr_0540m_h866,20,0540,,0,ENUM,6.30668036717529,80,304,35,0,154.04510474125496,0,,,0.17518263403326273
100yr_0240m_h551,100,0240,,0,ENUM,6.3103750092787045,32,230,62,0,80.99264881849396,0,,,0.09590382687747478
80yr_0120m_h316,80,0120,,0,ENUM,6.291165537284978,16,134,52,0,50.08779020501338,0,,,0.05961858993396163
10yr_1440m_h1118,10,1440,,0,ENUM,6.292673574564526,148,284,51,1,377.187635368868,0,,,0.47256654500961304
20yr_0180m_h447,20,0180,,0,ENUM,6.272006007352149,24,155,37,0,63.29219375942998,0,,,0.09352196496911347
50yr_0360m_h656,50,0360,,0,ENUM,6.339551713590934,40,301,41,0,111.44883537108876,0,,,0.15699643199332058
20yr_1440m_h1173,20,1440,,0,ENUM,6.296310957496788,142,354,48,1,379.63220980635504,0,,,0.5817967089824378
50yr_0180m_h433,50,0180,,0,ENUM,6.412663959121045,14,184,49,0,65.3642186818128,0,,,0.07896645506843925
50yr_0060m_h155,50,0060,,0,ENUM,6.685325040281431,10,84,36,0,33.89488775722426,0,,,0.0422464010771364
100yr_0540m_h800,100,0540,,0,ENUM,6.286900782231746,90,403,54,0,157.15607226609018,0,,,0.18066810397431254
80yr_1080m_h1001,80,1080,,0,ENUM,6.289996908505912,154,431,56,0,290.4474039275933,0,,,0.3313263568561524
100yr_0720m_h984,100,0720,,0,ENUM,6.301291281500495,112,422,52,0,201.3968972928554,0,,,0.23266901494935155
10yr_1440m_h1192,10,1440,,0,ENUM,6.296570634046361,138,292,47,1,377.78396429186,0,,,0.4213597329799086
20yr_0120m_h285,20,0120,,0,ENUM,6.470802500480205,12,123,35,0,48.2356396159569,0,,,0.05855314992368221
10yr_0180m_h486,10,0180,,0,ENUM,6.254585724236106,24,135,29,0,62.52050688625492,0,,,0.07173692295327783
30yr_0240m_h537,30,0240,,0,ENUM,6.330512156034031,28,213,37,0,79.56820258579111,0,,,0.09345894400030375
20yr_0120m_h367,20,0120,,0,ENUM,6.320251966896192,22,115,37,0,47.53168702826534,0,,,0.058125318959355354
100yr_0240m_h608,100,0240,,0,ENUM,6.275672954877973,38,214,73,0,81.46404124318244,0,,,0.09368995390832424
50yr_0060m_h183,50,0060,,0,ENUM,6.593384354239869,10,82,35,0,33.592596813452154,0,,,0.04157183994539082
100yr_0360m_h713,100,0360,,0,ENUM,6.3097401376093805,58,288,77,0,111.92602984674183,0,,,0.13096805103123188
100yr_0240m_h583,100,0240,,0,ENUM,6.261407638129025,26,225,67,0,81.13177828950654,0,,,0.09433891903609037
80yr_0240m_h605,80,0240,,0,ENUM,6.303787776209234,38,208,69,0,81.05310168890597,0,,,0.09373317402787507
50yr_1080m_h1093,50,1080,,0,ENUM,6.287733874414111,162,396,61,2,289.2103992839268,0,,,0.33383431984111667
20yr_0120m_h322,20,0120,,0,ENUM,6.265966337462185,16,123,35,0,47.734413129714255,0,,,0.058338146889582276
50yr_0120m_h337,50,0120,,0,ENUM,6.331670016655488,16,128,47,0,49.17243851004065,0,,,0.058609040919691324
50yr_0180m_h447,50,0180,,0,ENUM,6.323559021628098,20,176,51,0,64.6032455891825,0,,,0.07604706706479192
10yr_0120m_h313,10,0120,,0,ENUM,6.310454837689627,16,115,23,0,47.14825962446451,0,,,0.05555665004067123
20yr_0540m_h785,20,0540,,0,ENUM,6.282122935146697,60,320,25,0,155.75837266419143,0,,,0.1744861458428204
80yr_0060m_h174,80,0060,,0,ENUM,7.05223339661427,10,83,42,0,34.778947508176,0,,,0.042793418979272246
20yr_0060m_h193,20,0060,,0,ENUM,6.398515168236735,10,71,30,0,32.52215860632978,0,,,0.040855074068531394
10yr_0180m_h458,10,0180,,0,ENUM,6.255045392984449,30,144,23,0,62.02064600513822,0,,,0.0725752068683505
10yr_0240m_h531,10,0240,,0,ENUM,6.306250828896331,28,187,16,0,78.05029867611356,0,,,0.087883923901245
100yr_0720m_h870,100,0720,,0,ENUM,6.286774898063209,90,442,34,0,202.87963590594597,0,,,0.2319840721320361
50yr_0180m_h476,50,0180,,0,ENUM,6.338906525140684,28,168,53,0,64.01508051302872,0,,,0.0762285920791328
10yr_0180m_h456,10,0180,,0,ENUM,6.321743013673571,34,142,23,0,61.83267495474839,0,,,0.07136992481537163
10yr_0240m_h539,10,0240,,0,ENUM,6.293884664900253,28,187,15,0,78.09643466647924,0,,,0.0877513790037483
30yr_0360m_h673,30,0360,,0,ENUM,6.313578019916502,46,290,30,0,110.3419117060419,0,,,0.12572482181712985
30yr_0720m_h898,30,0720,,0,ENUM,6.33852706597521,100,342,37,1,200.2327250024258,0,,,0.22791287791915238
80yr_0120m_h338,80,0120,,0,ENUM,6.307716537227014,14,136,53,0,49.808287517628656,0,,,0.07149484008550644
80yr_1080m_h1106,80,1080,,0,ENUM,6.300614448857918,174,424,68,2,289.5924035074984,0,,,0.4002781098242849
80yr_1080m_h1050,80,1080,,0,ENUM,6.296233111723875,158,441,59,2,290.65932794258345,0,,,0.39753847289830446
20yr_0240m_h536,20,0240,,0,ENUM,6.379568535638798,30,208,28,0,78.95206120720664,0,,,0.15270920703187585
100yr_0720m_h980,100,0720,,0,ENUM,6.303020615295176,112,424,52,0,201.49509172591178,0,,,0.27800065092742443
80yr_0120m_h281,80,0120,,0,ENUM,6.31460335879215,10,140,52,0,50.65164838358474,0,,,0.06048932299017906
100yr_0360m_h643,100,0360,,0,ENUM,6.413328101793962,36,323,50,0,112.77421655434534,0,,,0.13239505607634783
50yr_0720m_h928,50,0720,,0,ENUM,6.282318925871062,86,392,34,0,201.8091377882759,0,,,0.22831300110556185
30yr_0360m_h679,30,0360,,0,ENUM,6.3334504996072996,52,280,36,0,110.15539329097317,0,,,0.12443223805166781
30yr_0360m_h735,30,0360,,0,ENUM,6.282463192188297,40,264,46,0,110.71080070258213,0,,,0.12887174589559436
10yr_0180m_h423,10,0180,,0,ENUM,6.299588400731112,26,157,17,0,62.51397390391284,0,,,0.07148898509331048
30yr_1440m_h1153,30,1440,,0,ENUM,6.299936420299492,158,384,55,0,380.13175843729243,0,,,0.432781427167356
100yr_0360m_h711,100,0360,,0,ENUM,6.3127575653571535,52,296,70,0,111.76837374803978,0,,,0.1314116520807147
30yr_0180m_h412,30,0180,,0,ENUM,6.2892500902282364,16,178,39,0,64.56392689436346,0,,,0.0784866779576987
10yr_0060m_h215,10,0060,,0,ENUM,6.427491777978688,10,65,22,0,31.628723730871116,0,,,0.04157581692561507
30yr_0060m_h162,30,0060,,0,ENUM,6.345607430435755,10,80,31,0,32.86210177714638,0,,,0.04176573804579675
20yr_0720m_h915,20,0720,,0,ENUM,6.303417796868213,92,328,34,2,199.44345686190496,0,,,0.22427876410074532
20yr_1080m_h1080,20,1080,,0,ENUM,6.298281763327976,154,320,58,1,287.8680776088661,0,,,0.3275132889393717
10yr_0720m_h869,10,0720,,0,ENUM,6.308071761168849,110,252,42,1,197.40723696351864,0,,,0.2217968888580799
10yr_1080m_h1046,10,1080,,0,ENUM,6.267179382940204,140,281,48,0,287.20507885063137,0,,,0.32579304091632366
80yr_0180m_h495,80,0180,,0,ENUM,6.337531828303275,30,171,60,0,65.47736111021085,0,,,0.07630227413028479
80yr_0060m_h190,80,0060,,0,ENUM,7.017134668975887,10,81,42,0,34.61130456195905,0,,,0.043012019945308566
80yr_0060m_h144,80,0060,,0,ENUM,6.556851269259224,10,92,38,0,33.970336617457065,0,,,0.04308291897177696
30yr_1440m_h1151,30,1440,,0,ENUM,6.287585671763762,168,384,58,0,379.6194081249387,0,,,0.4312410429120064
50yr_0240m_h603,50,0240,,0,ENUM,6.271149439809041,36,201,59,1,79.95471923795574,0,,,0.09377074707299471
50yr_0120m_h359,50,0120,,0,ENUM,6.336242413935458,18,131,47,0,49.43880402860113,0,,,0.06003059702925384
50yr_0360m_h702,50,0360,,0,ENUM,6.326287703349321,56,274,55,0,110.50769891005947,0,,,0.12863623001612723
10yr_0060m_h155,10,0060,,0,ENUM,6.354824377887695,10,72,19,0,31.556426394604994,0,,,0.03936387691646814
30yr_0120m_h360,30,0120,,0,ENUM,6.330295651130107,22,120,43,0,48.44657533729932,0,,,0.05858656205236912
20yr_0060m_h245,20,0060,,0,ENUM,6.3958098431876556,10,73,27,0,31.43632783846937,0,,,0.040357904974371195
20yr_0360m_h706,20,0360,,0,ENUM,6.28032981699695,64,250,35,1,108.56977903422579,0,,,0.12443103105761111
50yr_0720m_h935,50,0720,,0,ENUM,6.280340403663864,96,382,40,1,200.95629154376041,0,,,0.27167173381894827
80yr_0720m_h914,80,0720,,0,ENUM,6.291128541830068,88,431,36,1,202.40690480312517,0,,,0.27625627093948424
50yr_0540m_h759,50,0540,,0,ENUM,6.320553457644183,66,370,29,1,156.48762994023923,0,,,0.21348259900696576
30yr_0060m_h194,30,0060,,0,ENUM,6.616251238531276,10,73,34,0,33.315894645058606,0,,,0.04998261691071093
20yr_0240m_h577,20,0240,,0,ENUM,6.261068596132751,30,195,33,0,78.49215548921423,0,,,0.10865747602656484
30yr_0720m_h982,30,0720,,0,ENUM,6.306477685686886,120,334,50,1,198.80509064925968,0,,,0.31670930702239275
20yr_0540m_h824,20,0540,,0,ENUM,6.3109161306403045,66,314,27,0,155.1289217182862,0,,,0.17214011494070292
100yr_1440m_h1187,100,1440,,0,ENUM,6.277020696437843,226,424,87,2,378.49603729143917,0,,,0.42813713592477143
50yr_1080m_h1033,50,1080,,0,ENUM,6.29743772611573,126,425,44,0,291.31973408615494,0,,,0.3292067900765687
50yr_0240m_h590,50,0240,,0,ENUM,6.2684849599051455,36,202,59,0,79.97437731715561,0,,,0.09287132299505174
20yr_0060m_h154,20,0060,,0,ENUM,6.418237839133383,10,83,22,0,32.132309086293716,0,,,0.04053163598291576
100yr_0120m_h281,100,0120,,0,ENUM,6.387539509901337,10,141,57,0,51.52072484873398,0,,,0.06069558206945658
100yr_0120m_h275,100,0120,,0,ENUM,6.550101599073438,14,150,51,0,51.21772020296939,0,,,0.06179143092595041
50yr_1440m_h1186,50,1440,,0,ENUM,6.301137708498573,202,390,72,1,378.20945151166916,0,,,0.42854293808341026
30yr_0240m_h516,30,0240,,0,ENUM,6.346725652720615,44,213,32,1,78.65084050389389,0,,,0.09275504387915134
50yr_0060m_h159,50,0060,,0,ENUM,6.715483181281446,10,81,37,0,33.84706159779299,0,,,0.04268178693018854
20yr_0360m_h658,20,0360,,0,ENUM,6.32455232699895,46,265,25,1,109.41131137145553,0,,,0.1236037751659751
10yr_0240m_h509,10,0240,,0,ENUM,6.3866491662537115,14,193,9,0,79.03340194976778,0,,,0.0888909560162574
20yr_0060m_h148,20,0060,,0,ENUM,6.421831122027583,10,85,22,0,32.232078284366565,0,,,0.04066505702212453
30yr_0120m_h348,30,0120,,0,ENUM,6.349832160223373,18,125,42,0,48.829862894389876,0,,,0.059057881124317646
80yr_1440m_h1226,80,1440,,0,ENUM,6.296172099523827,204,445,74,2,378.5580013592036,0,,,0.43828320619650185
50yr_1440m_h1126,50,1440,,0,ENUM,6.304224759067348,224,381,78,2,377.09077506983044,0,,,0.43636508099734783
80yr_1440m_h1220,80,1440,,0,ENUM,6.286952768341477,206,431,76,0,378.6018038467014,0,,,0.4394710110500455
80yr_0180m_h455,80,0180,,0,ENUM,6.316341312543238,18,181,58,0,65.53300268260614,0,,,0.07735299784690142
30yr_1080m_h1110,30,1080,,0,ENUM,6.2959142404484485,150,360,57,0,288.85841046487803,0,,,0.342247644206509
20yr_0360m_h637,20,0360,,0,ENUM,6.33725602965225,32,286,15,0,110.84517593390011,0,,,0.1499639619141817
100yr_1080m_h1088,100,1080,,0,ENUM,6.291028779195947,172,446,67,2,290.2231348472933,0,,,0.40521990205161273
100yr_0540m_h823,100,0540,,0,ENUM,6.325388847301455,98,381,62,0,156.41022738660882,0,,,0.21604080800898373
30yr_0060m_h188,30,0060,,0,ENUM,6.480373645986065,10,72,32,0,32.96142002101211,0,,,0.04951212904416025
30yr_0240m_h590,30,0240,,0,ENUM,6.323435452974452,34,196,49,0,79.39370549423697,0,,,0.17929849214851856
100yr_0720m_h937,100,0720,,0,ENUM,6.281850878143571,100,443,41,0,202.571077224782,0,,,0.2413423580583185
50yr_0720m_h974,50,0720,,0,ENUM,6.302548429646835,106,381,44,0,200.47194747612872,0,,,0.2300521049182862
100yr_0240m_h606,100,0240,,0,ENUM,6.267547753196126,38,215,72,0,81.72685386249626,0,,,0.09366999985650182
80yr_0240m_h515,80,0240,,0,ENUM,6.403044435075988,22,244,48,0,81.53246746137393,0,,,0.10690105799585581
30yr_0240m_h587,30,0240,,0,ENUM,6.275386970721447,34,193,44,0,78.91074258640924,0,,,0.09335249196738005
50yr_0120m_h316,50,0120,,0,ENUM,6.34647641239447,16,130,48,0,49.369499752604526,0,,,0.05846021813340485
20yr_0360m_h695,20,0360,,0,ENUM,6.284134888923119,68,244,37,0,108.55476770162377,0,,,0.12093941494822502
20yr_1080m_h1005,20,1080,,0,ENUM,6.287307685349677,166,312,59,1,287.30675150421257,0,,,0.3258239009883255
20yr_1080m_h1013,20,1080,,0,ENUM,6.318480919078948,166,305,58,0,287.06705645451035,0,,,0.3262768068816513
50yr_1080m_h1105,50,1080,,0,ENUM,6.314757410425457,162,399,60,1,289.3399989414637,0,,,0.33196678501553833
100yr_1440m_h1178,100,1440,,0,ENUM,6.298079769042698,226,435,88,0,379.03443859690844,0,,,0.4330758119467646
50yr_0720m_h972,50,0720,,0,ENUM,6.31207102620074,116,378,48,0,200.2560278926477,0,,,0.23368952190503478
50yr_1080m_h1053,50,1080,,0,ENUM,6.301798133473166,126,420,46,1,291.4123221636771,0,,,0.330544943921268
10yr_0120m_h295,10,0120,,0,ENUM,6.264929876896857,10,122,22,0,47.59317126562899,0,,,0.05832184897735715
10yr_0180m_h381,10,0180,,0,ENUM,6.262826475009976,18,161,12,0,62.82798326012971,0,,,0.07313904003240168
10yr_0360m_h693,10,0360,,0,ENUM,6.275084015107117,52,221,23,1,107.88144877720998,0,,,0.1198320691473782
20yr_0360m_h652,20,0360,,0,ENUM,6.3320356496654995,46,280,23,0,109.9471079002733,0,,,0.12401818507350981
50yr_0360m_h626,50,0360,,0,ENUM,6.410930739414763,56,304,37,0,110.69633213914756,0,,,0.12883874983526766
10yr_0120m_h273,10,0120,,0,ENUM,6.418076300299428,18,118,17,0,47.12425542205456,0,,,0.05583649990148842
10yr_0540m_h801,10,0540,,0,ENUM,6.284989444522779,60,268,23,1,154.21414809526948,0,,,0.17343955114483833
30yr_0240m_h569,30,0240,,0,ENUM,6.289107215517594,24,204,41,0,79.59966007524554,0,,,0.1010783480014652
100yr_0060m_h150,100,0060,,0,ENUM,6.586856335727026,10,92,39,0,34.06549945152989,0,,,0.04382368107326329
50yr_0240m_h497,50,0240,,0,ENUM,6.2948655389829575,36,233,42,0,79.76390875476392,0,,,0.0965751470066607
30yr_0540m_h792,30,0540,,0,ENUM,6.29204485351188,82,325,36,2,154.76574952614604,0,,,0.20746470685116947
30yr_1080m_h1009,30,1080,,0,ENUM,6.297396247049608,184,331,70,2,287.0492932865335,0,,,0.3959399650339037
10yr_1080m_h1109,10,1080,,0,ENUM,6.295176041316167,168,267,60,0,285.9251801325315,0,,,0.43371470691636205
10yr_0540m_h771,10,0540,,0,ENUM,6.32806015167687,64,261,23,0,154.50580640481678,0,,,0.21107576205395162
30yr_0180m_h398,30,0180,,0,ENUM,6.379264121857237,14,186,29,0,64.41292087315392,0,,,0.07728079194203019
10yr_0120m_h311,10,0120,,0,ENUM,6.320655076692255,22,109,27,1,46.83649808562207,0,,,0.05582218896597624
100yr_0540m_h780,100,0540,,0,ENUM,6.287840304797111,86,404,52,0,157.45999542355753,0,,,0.1813699461054057
30yr_0720m_h880,30,0720,,0,ENUM,6.328628073620757,114,337,42,0,199.43702185692183,0,,,0.22816022904589772
30yr_0120m_h305,30,0120,,0,ENUM,6.305083945458408,12,127,38,0,48.33936243646036,0,,,0.05955876596271992
80yr_0540m_h838,80,0540,,0,ENUM,6.288282924174577,80,376,59,0,156.9774095000747,0,,,0.19637274998240173
20yr_0540m_h854,20,0540,,0,ENUM,6.303070766751706,86,299,37,1,153.8005477108622,0,,,0.1778968251310289
80yr_1080m_h1097,80,1080,,0,ENUM,6.303381403086302,184,423,70,1,289.4515830459086,0,,,0.3369037990923971
50yr_0240m_h577,50,0240,,0,ENUM,6.254659338756547,32,206,55,0,79.9442351460346,0,,,0.09432526002638042
30yr_1080m_h1034,30,1080,,0,ENUM,6.326482157471274,144,352,57,0,289.5854946925852,0,,,0.33277318999171257
30yr_0120m_h351,30,0120,,0,ENUM,6.316562314036209,18,122,40,0,48.47476509507139,0,,,0.05970831005834043
30yr_1440m_h1172,30,1440,,0,ENUM,6.295818341612603,168,386,58,0,379.65556587319617,0,,,0.4662963910959661
10yr_1080m_h1039,10,1080,,0,ENUM,6.2867007772815064,140,273,49,0,287.03806214806843,0,,,0.32637840299867094
10yr_0120m_h303,10,0120,,0,ENUM,6.459172272869576,14,111,24,0,47.16516582930229,0,,,0.05787533102557063
10yr_0240m_h516,10,0240,,0,ENUM,6.378481152339426,14,190,9,0,78.85631115218655,0,,,0.09110292885452509
10yr_0240m_h586,10,0240,,0,ENUM,6.2544473578239455,30,179,18,0,77.83305286183793,0,,,0.08747796807438135
80yr_0060m_h231,80,0060,,0,ENUM,6.431900793031066,10,83,40,0,33.157557995443995,0,,,0.04301780601963401
20yr_0120m_h298,20,0120,,0,ENUM,6.439504719144882,12,125,33,0,48.22944471415799,0,,,0.06040392001159489
80yr_0180m_h400,80,0180,,0,ENUM,6.384902421105249,18,199,48,0,65.54371172701137,0,,,0.08142287493683398
80yr_0240m_h588,80,0240,,0,ENUM,6.28342752163024,26,224,60,0,80.93903656529196,0,,,0.09572109207510948
50yr_0540m_h789,50,0540,,0,ENUM,6.289569771222143,84,369,41,0,156.21128231401843,0,,,0.1791465701535344
80yr_0120m_h272,80,0120,,0,ENUM,6.497722858566075,14,150,48,0,50.68919819552791,0,,,0.0630433619953692
100yr_0720m_h914,100,0720,,0,ENUM,6.2722229578712545,84,445,35,1,203.04712407492693,0,,,0.23685666196979582
80yr_0360m_h734,80,0360,,0,ENUM,6.271342124283252,48,291,69,0,112.0630069704354,0,,,0.1333534789737314
10yr_0240m_h591,10,0240,,0,ENUM,6.277776165904903,32,169,26,0,77.84540141060282,0,,,0.10378202795982361
100yr_1080m_h1086,100,1080,,0,ENUM,6.319844812331939,190,429,77,0,289.6136686220809,0,,,0.40193597902543843
30yr_0540m_h786,30,0540,,0,ENUM,6.303439900976692,72,349,30,0,155.79838501843437,0,,,0.21094371378421783
30yr_1440m_h1197,30,1440,,0,ENUM,6.282026205601294,168,379,58,0,379.2706894128288,0,,,0.5596522619016469
20yr_1080m_h1002,20,1080,,0,ENUM,6.286315413728212,176,297,67,3,286.4029914842273,0,,,0.3266841259319335
100yr_0360m_h728,100,0360,,0,ENUM,6.30928192724282,56,288,76,0,111.91385149607322,0,,,0.13252047379501164
50yr_0360m_h624,50,0360,,0,ENUM,6.401196938800137,52,304,36,0,110.80109187997617,0,,,0.12759036105126143
100yr_0540m_h806,100,0540,,0,ENUM,6.291013269534928,90,388,56,0,156.6183377141051,0,,,0.19303417694754899
80yr_0120m_h276,80,0120,,0,ENUM,6.482395169127874,14,151,47,0,50.55434699774206,0,,,0.06219237414188683
10yr_0540m_h806,10,0540,,0,ENUM,6.290928266806916,79,253,33,1,153.39745470994174,0,,,0.17273328406736255
100yr_0060m_h181,100,0060,,0,ENUM,6.803331404281,10,90,42,0,34.6923346868,0,,,0.0426575259771198
10yr_1440m_h1150,10,1440,,0,ENUM,6.314529950368104,138,300,47,0,378.0842741720027,0,,,0.4323277531657368
50yr_0360m_h736,50,0360,,0,ENUM,6.290666594301767,40,279,58,0,111.61341488861683,0,,,0.13101966003887355
100yr_0720m_h985,100,0720,,0,ENUM,6.308664665003681,126,420,56,0,201.00059438510587,0,,,0.23922248394228518
50yr_0720m_h879,50,0720,,0,ENUM,6.273885428150634,116,372,45,1,199.97405091385286,0,,,0.23314639902673662
30yr_1080m_h1071,30,1080,,0,ENUM,6.304813314740049,154,357,58,0,288.72487791945264,0,,,0.33554261503741145
50yr_1440m_h1201,50,1440,,0,ENUM,6.2859832891664515,202,396,75,2,378.4810919835632,0,,,0.4394702850840986
80yr_0120m_h278,80,0120,,0,ENUM,6.4774439050752175,14,153,46,0,50.60483361824669,0,,,0.0624513931106776
30yr_0060m_h247,30,0060,,0,ENUM,6.402160355940111,10,77,33,0,32.08955779563583,0,,,0.042638004990294576
50yr_0720m_h886,50,0720,,0,ENUM,6.35214401558877,116,370,46,1,200.15001852304908,0,,,0.2346805848646909
20yr_0180m_h473,20,0180,,0,ENUM,6.296229363072334,30,149,40,0,63.04314733292982,0,,,0.07537700491957366
50yr_0060m_h124,50,0060,,0,ENUM,6.296474686602642,10,93,31,0,33.17621911040104,0,,,0.04332427796907723
30yr_0060m_h159,30,0060,,0,ENUM,6.38635576228312,10,81,32,0,33.07224040984688,0,,,0.042640295112505555
50yr_0180m_h422,50,0180,,0,ENUM,6.415801080971162,22,173,52,0,64.57620830945811,0,,,0.07880555093288422
30yr_0360m_h704,30,0360,,0,ENUM,6.290953787578663,68,258,46,0,109.00052908939983,0,,,0.1324135409668088
50yr_1080m_h1031,50,1080,,0,ENUM,6.2958170329245,126,423,45,0,291.1909867952826,0,,,0.3714623819105327
50yr_0120m_h294,50,0120,,0,ENUM,6.484732135813995,10,134,49,0,50.36999442234581,0,,,0.0738290511071682
30yr_0180m_h394,30,0180,,0,ENUM,6.364645313937334,14,186,28,0,64.21875325132271,0,,,0.09520861087366939
50yr_0540m_h750,50,0540,,0,ENUM,6.307530865083608,76,372,31,0,156.10886395998463,0,,,0.21494854893535376
100yr_0180m_h381,100,0180,,0,ENUM,6.441192390877993,16,203,52,0,65.96328602764069,0,,,0.09577462682500482
80yr_1080m_h1065,80,1080,,0,ENUM,6.297034797755139,130,455,46,1,291.74012708337443,0,,,0.46773968799971044
80yr_0540m_h781,80,0540,,0,ENUM,6.303418874864877,86,394,46,0,156.77380587497,0,,,0.17953189508989453
20yr_1440m_h1149,20,1440,,0,ENUM,6.308002394243377,190,331,67,0,377.1242409331204,0,,,0.42785879387520254
100yr_1440m_h1202,100,1440,,0,ENUM,6.295388954439659,226,433,86,1,378.7674172595219,0,,,0.42773885396309197
100yr_0180m_h465,100,0180,,0,ENUM,6.302236231656439,30,175,64,0,66.00743953493775,0,,,0.07642439915798604
20yr_0240m_h588,20,0240,,0,ENUM,6.263064565596217,26,194,33,0,78.54993142114284,0,,,0.09008266497403383
30yr_0180m_h490,30,0180,,0,ENUM,6.317384503402489,26,157,47,0,63.72245668916845,0,,,0.07495636399835348
100yr_0360m_h670,100,0360,,0,ENUM,6.283790476547504,32,324,58,0,113.48995684214401,0,,,0.1370700199622661
100yr_0360m_h699,100,0360,,0,ENUM,6.304621328222558,62,289,73,0,111.42860507257186,0,,,0.1334142480045557
30yr_1440m_h1206,30,1440,,0,ENUM,6.296008520945398,178,371,61,1,378.4054622479014,0,,,0.4203289798460901
100yr_0180m_h472,100,0180,,0,ENUM,6.3121133689889914,30,178,64,0,66.28191120489889,0,,,0.07630992401391268
20yr_0540m_h775,20,0540,,0,ENUM,6.270248435957802,60,321,25,1,155.7613420545802,0,,,0.17322875605896115
20yr_0060m_h198,20,0060,,0,ENUM,6.390776114238051,10,72,29,0,32.495475110916814,0,,,0.04062475683167577
30yr_1080m_h1037,30,1080,,0,ENUM,6.2962210508523695,162,342,63,1,288.2573117438693,0,,,0.3240483261179179
10yr_0240m_h522,10,0240,,0,ENUM,6.410126515447396,18,191,11,0,78.92361642333645,0,,,0.08825397002510726
100yr_0060m_h231,100,0060,,0,ENUM,6.430939563345289,12,88,38,0,33.280614281211534,0,,,0.04248693585395813
30yr_0120m_h335,30,0120,,0,ENUM,6.346250617846556,16,127,40,0,48.496159306700775,0,,,0.058528176974505186
100yr_0240m_h529,100,0240,,0,ENUM,6.327529027939406,32,228,65,0,81.00596991635585,0,,,0.0954965699929744
100yr_0060m_h185,100,0060,,0,ENUM,6.796708394025015,10,87,42,0,34.53444395838174,0,,,0.04242999805137515
20yr_0060m_h224,20,0060,,0,ENUM,6.286513657767908,12,75,28,0,31.921425505439576,0,,,0.040487562073394656
100yr_0240m_h613,100,0240,,0,ENUM,6.272786862648274,38,214,73,1,81.70432558182068,0,,,0.0940157319419086
10yr_1080m_h1089,10,1080,,0,ENUM,6.287734969639486,150,272,54,1,286.7736944581444,0,,,0.3203030079603195
10yr_0720m_h923,10,0720,,0,ENUM,6.281221945660905,92,270,35,1,198.22787982193324,0,,,0.23569929995574057
100yr_0720m_h892,100,0720,,0,ENUM,6.293071521739521,80,441,31,0,203.41027711110848,0,,,0.2744496639352292
30yr_0060m_h160,30,0060,,0,ENUM,6.347611494408461,10,79,31,0,32.80883657301199,0,,,0.04964147601276636
30yr_0360m_h687,30,0360,,0,ENUM,6.288556755230099,68,263,45,1,109.10065517904448,0,,,0.1567739879246801
20yr_1080m_h1023,20,1080,,0,ENUM,6.272302714498787,154,325,56,0,288.2116719672727,0,,,0.3913440390024334
20yr_0060m_h197,20,0060,,0,ENUM,6.408073649777072,10,72,30,0,32.60162078135209,0,,,0.12514067091979086
80yr_0060m_h135,80,0060,,0,ENUM,6.564716847052544,10,94,38,0,34.0740186093648,0,,,0.04988192208111286
10yr_0240m_h602,10,0240,,0,ENUM,6.285123667730944,28,169,26,0,77.96080190975643,0,,,0.0889930808916688
20yr_0240m_h531,20,0240,,0,ENUM,6.35679655059547,32,204,28,0,78.96585026875789,0,,,0.09092663112096488
50yr_0360m_h671,50,0360,,0,ENUM,6.334645335649829,36,302,40,0,111.68813047050608,0,,,0.1296235870104283
100yr_0360m_h669,100,0360,,0,ENUM,6.268820981539699,32,322,56,0,113.32234133117896,0,,,0.13887650100514293
20yr_0120m_h306,20,0120,,0,ENUM,6.422188753352222,12,124,32,0,48.00829801143757,0,,,0.061092976946383715
30yr_1080m_h1023,30,1080,,0,ENUM,6.308226302195255,144,358,56,0,289.74730349704475,0,,,0.3262294330634177
20yr_0720m_h893,20,0720,,0,ENUM,6.316406446893625,98,315,36,1,199.52044849643062,0,,,0.2229031240567565
20yr_1440m_h1235,20,1440,,0,ENUM,6.304909076350041,190,332,66,2,377.0575816505281,0,,,0.4238419549074024
80yr_0060m_h238,80,0060,,0,ENUM,6.393573277188012,10,83,38,0,32.79397063092784,0,,,0.042700137943029404
80yr_0720m_h909,80,0720,,0,ENUM,6.286011668655449,110,418,45,0,201.43021816758133,0,,,0.22874872013926506
50yr_0120m_h353,50,0120,,0,ENUM,6.35578386950772,18,132,48,0,49.67320241080809,0,,,0.060001273872330785
50yr_1440m_h1146,50,1440,,0,ENUM,6.30148824724561,204,383,74,2,378.06876678550907,0,,,0.42291678092442453
10yr_0540m_h774,10,0540,,0,ENUM,6.33327949743273,80,252,29,0,152.90170781549375,0,,,0.17034381697885692
50yr_1440m_h1216,50,1440,,0,ENUM,6.308425417218881,232,376,90,3,376.7274012482883,0,,,0.42959622107446194
100yr_0360m_h703,100,0360,,0,ENUM,6.307492185485735,52,296,71,0,111.80433606978073,0,,,0.13101067789830267
30yr_0180m_h476,30,0180,,0,ENUM,6.305966139353936,30,157,46,0,63.5075582276266,0,,,0.07532504200935364
10yr_1080m_h1016,10,1080,,0,ENUM,6.276433783560195,132,269,45,1,287.1353663275418,0,,,0.3199537261389196
50yr_0360m_h657,50,0360,,0,ENUM,6.348219160282612,36,305,41,0,111.92483344896638,0,,,0.13033241615630686
10yr_0360m_h659,10,0360,,0,ENUM,6.304453490078524,44,234,19,0,108.67834381406279,0,,,0.12020423705689609
50yr_0180m_h397,50,0180,,0,ENUM,6.275153951919444,18,194,38,0,64.74049439562582,0,,,0.07851013704203069
30yr_0540m_h770,30,0540,,0,ENUM,6.324707344960609,80,329,33,0,154.89035878192408,0,,,0.1781688160263002
100yr_0180m_h493,100,0180,,0,ENUM,6.306097432758638,30,179,64,0,66.28285474676473,0,,,0.09325646585784853
20yr_0120m_h371,20,0120,,0,ENUM,6.321853390652194,22,117,36,0,47.611031131104056,0,,,0.06939600897021592
20yr_0240m_h586,20,0240,,0,ENUM,6.252824910133926,26,193,32,0,78.6100886170367,0,,,0.10871687391772866
80yr_0360m_h662,80,0360,,0,ENUM,6.331134285474066,30,313,52,0,112.97074706642351,0,,,0.15756326611153781
80yr_1440m_h1212,80,1440,,0,ENUM,6.2928415600385375,206,431,77,1,378.50107777101516,0,,,0.5280180491972715
50yr_0060m_h228,50,0060,,0,ENUM,6.284241187383195,12,83,33,0,32.648921178979535,0,,,0.11002421611919999
10yr_1080m_h1013,10,1080,,0,ENUM,6.273924975138026,132,272,44,0,287.2962141224866,0,,,0.3254315590020269
30yr_0240m_h592,30,0240,,0,ENUM,6.3061328208875445,34,195,48,1,79.31057566501747,0,,,0.09164057997986674
10yr_0240m_h530,10,0240,,0,ENUM,6.314968310938358,32,185,17,0,77.876957195937,0,,,0.08741850405931473
20yr_1440m_h1225,20,1440,,0,ENUM,6.304543017547076,208,321,73,2,375.941316398007,0,,,0.42445922805927694
50yr_0240m_h550,50,0240,,0,ENUM,6.315088170344341,22,227,46,0,80.6819851535843,0,,,0.09604709595441818
100yr_0060m_h236,100,0060,,0,ENUM,6.577797162335406,12,89,39,0,33.62885036344204,0,,,0.042913322104141116
100yr_0360m_h632,100,0360,,0,ENUM,6.414813344374315,44,325,54,0,112.7109696662528,0,,,0.13241630792617798
30yr_0240m_h568,30,0240,,0,ENUM,6.28278453611425,24,204,40,0,79.61881884521713,0,,,0.09520837594754994
50yr_0060m_h178,50,0060,,0,ENUM,6.685325040281431,10,84,36,0,33.89488775722426,0,,,0.04185044299811125
20yr_0540m_h757,20,0540,,0,ENUM,6.327828490300958,88,291,37,0,153.93445600871456,0,,,0.1725477590225637
50yr_0060m_h246,50,0060,,0,ENUM,6.288254854685292,12,81,34,0,32.64622047306953,0,,,0.041610267013311386
100yr_0180m_h372,100,0180,,0,ENUM,6.421729424837218,16,200,51,0,65.8534811449538,0,,,0.07890303200110793
10yr_1080m_h1058,10,1080,,0,ENUM,6.276820448539366,140,280,49,0,287.1898941609288,0,,,0.31481430400162935
80yr_0060m_h189,80,0060,,0,ENUM,6.935282502184598,10,80,41,0,34.39627428117713,0,,,0.042252694023773074
50yr_0540m_h831,50,0540,,0,ENUM,6.311205511112161,95,355,46,0,155.3262226820164,0,,,0.17476307903416455
10yr_1440m_h1226,10,1440,,0,ENUM,6.3008953682100595,184,280,63,0,375.67299967446144,0,,,0.42316880403086543
20yr_0060m_h129,20,0060,,0,ENUM,6.447598190673013,10,83,23,0,32.203006146466606,0,,,0.04066590289585292
80yr_0240m_h525,80,0240,,0,ENUM,6.3771529935370275,22,243,45,0,81.21163756408845,0,,,0.0992547778878361
50yr_1440m_h1137,50,1440,,0,ENUM,6.304752316934531,224,385,77,0,377.34792342780213,0,,,0.4257772958371788
100yr_0120m_h332,100,0120,,0,ENUM,6.338551262570133,14,133,56,0,49.94531801048321,0,,,0.06021348387002945
50yr_0540m_h809,50,0540,,0,ENUM,6.303349535217088,78,362,39,0,156.04967850465286,0,,,0.17460090713575482
20yr_0120m_h284,20,0120,,0,ENUM,6.467302525882059,16,119,36,0,48.02617413805703,0,,,0.058565633138641715
80yr_0060m_h177,80,0060,,0,ENUM,6.973666141797435,10,84,40,0,34.56210755504324,0,,,0.04229924804531038
100yr_0240m_h537,100,0240,,0,ENUM,6.316340747622096,24,238,61,0,81.54987421420694,0,,,0.09597815084271133
30yr_0060m_h243,30,0060,,0,ENUM,6.387804946255494,12,77,32,0,32.264823201844365,0,,,0.041114629013463855
100yr_0360m_h630,100,0360,,0,ENUM,6.405443540880668,36,324,49,0,112.87203742081456,0,,,0.1315518480259925
10yr_0060m_h218,10,0060,,0,ENUM,6.3729090992592665,12,65,22,0,31.061790181391757,0,,,0.03947473596781492
30yr_0360m_h625,30,0360,,0,ENUM,6.27127574914283,58,283,28,1,109.64309525222198,0,,,0.1321335630491376
100yr_1440m_h1149,100,1440,,0,ENUM,6.291505789199119,198,452,76,0,380.7359659614867,0,,,0.5327964099124074
50yr_0060m_h205,50,0060,,0,ENUM,6.461703378051604,10,76,36,0,33.30828080862214,0,,,0.050683633890002966
100yr_0720m_h925,100,0720,,0,ENUM,6.282322597433911,90,452,38,0,202.98744498596488,0,,,0.27734301914460957
50yr_0360m_h710,50,0360,,0,ENUM,6.3101327748347895,60,270,58,0,110.20663382015933,0,,,0.22660563397221267
10yr_0240m_h581,10,0240,,0,ENUM,6.310294620205891,44,176,22,0,77.15362509117907,0,,,0.08633542293682694
30yr_1080m_h1045,30,1080,,0,ENUM,6.277701119425768,144,365,54,1,289.2263844640855,0,,,0.32332203700207174
20yr_0120m_h293,20,0120,,0,ENUM,6.440128324530673,12,124,33,0,48.167029896041754,0,,,0.059673963114619255
30yr_1080m_h1010,30,1080,,0,ENUM,6.301047948575163,174,331,66,0,287.57427798084024,0,,,0.3259435158688575
80yr_1080m_h1100,80,1080,,0,ENUM,6.294607560805426,174,426,67,3,289.48751925549885,0,,,0.3308465878944844
100yr_0180m_h430,100,0180,,0,ENUM,6.359228515429818,12,188,60,0,66.1358607749144,0,,,0.07800535298883915
100yr_1080m_h1047,100,1080,,0,ENUM,6.277927203313146,144,469,53,3,291.7974582546849,0,,,0.32939294003881514
100yr_0720m_h908,100,0720,,0,ENUM,6.2795544101546055,88,455,36,0,203.1625192276876,0,,,0.23086182703264058
30yr_0540m_h848,30,0540,,0,ENUM,6.309760832085995,96,318,45,0,154.2391079269383,0,,,0.17464679782278836
20yr_0720m_h938,20,0720,,0,ENUM,6.302573532168906,104,320,39,0,199.34672910375906,0,,,0.22114206897094846
30yr_0060m_h190,30,0060,,0,ENUM,6.491705337224111,10,71,33,0,33.008824643212236,0,,,0.041097396053373814
80yr_0060m_h196,80,0060,,0,ENUM,6.856052068050886,10,80,40,0,34.22611216726146,0,,,0.04242368205450475
20yr_0180m_h460,20,0180,,0,ENUM,6.266710948631588,24,157,35,0,63.27416931401007,0,,,0.07626463612541556
100yr_0360m_h636,100,0360,,0,ENUM,6.415544872817275,30,324,50,0,113.25839341032336,0,,,0.13199122110381722
80yr_0720m_h928,80,0720,,0,ENUM,6.282452489508069,70,438,30,1,203.19892535834362,0,,,0.2286584700923413
20yr_0120m_h266,20,0120,,0,ENUM,6.413633439949941,14,133,27,0,48.06440938696481,0,,,0.05849217087961733
80yr_0120m_h322,80,0120,,0,ENUM,6.3013054695949435,16,134,52,0,50.191701165512264,0,,,0.05955553217791021
20yr_0060m_h200,20,0060,,0,ENUM,6.3688969632640156,10,72,28,0,32.3639986022385,0,,,0.04051337903365493
50yr_0540m_h795,50,0540,,0,ENUM,6.300087440951955,70,371,36,0,156.76696941918595,0,,,0.17690610187128186
50yr_1080m_h1048,50,1080,,0,ENUM,6.304842358643375,144,408,53,0,290.2427718148175,0,,,0.32759975199587643
80yr_0120m_h329,80,0120,,0,ENUM,6.300702524375027,14,135,53,0,49.56451750710217,0,,,0.05982999596744776
20yr_1080m_h1097,20,1080,,0,ENUM,6.2937800872881775,142,330,53,2,287.6490908586809,0,,,0.32390301511622965
50yr_0540m_h745,50,0540,,0,ENUM,6.313911016633195,66,371,27,0,156.68422301428546,0,,,0.1879692729562521
30yr_0060m_h197,30,0060,,0,ENUM,6.472246942366828,10,72,32,0,32.910346836833426,0,,,0.049951238092035055
20yr_0120m_h329,20,0120,,0,ENUM,6.259790578035554,16,122,35,0,47.643242628760696,0,,,0.06986703700385988
80yr_0540m_h832,80,0540,,0,ENUM,6.285231987549716,94,372,54,0,156.18214680919542,0,,,0.213038477813825
30yr_0120m_h294,30,0120,,0,ENUM,6.310965073029322,12,128,38,0,48.34719434382717,0,,,0.07117743301205337
30yr_0120m_h281,30,0120,,0,ENUM,6.319594980478128,12,126,39,0,48.382004843405745,0,,,0.07128813699819148
80yr_0120m_h366,80,0120,,0,ENUM,6.477708709566629,18,135,52,0,50.07224866143694,0,,,0.07250280003063381
100yr_0360m_h718,100,0360,,0,ENUM,6.306188326979053,54,292,75,0,112.1895997259414,0,,,0.156255611917004
20yr_1080m_h1078,20,1080,,0,ENUM,6.314783023966926,154,321,58,0,288.3102577432178,0,,,0.4470741969998926
10yr_0120m_h261,10,0120,,0,ENUM,6.464791872492537,14,122,18,0,47.29479028951633,0,,,0.05511008691973984
50yr_0540m_h815,50,0540,,0,ENUM,6.307457559190411,92,366,42,0,155.54625121820186,0,,,0.17583259800449014
30yr_1080m_h1084,30,1080,,0,ENUM,6.311724897938565,154,344,60,0,288.5459542519618,0,,,0.32787080900743604
10yr_0060m_h143,10,0060,,0,ENUM,6.512464720918142,10,76,16,0,31.428646606104305,0,,,0.03821587795391679
10yr_0120m_h324,10,0120,,0,ENUM,6.283740144568139,14,112,22,0,47.126658329218316,0,,,0.05552915297448635
80yr_0060m_h149,80,0060,,0,ENUM,6.50616174491485,10,94,37,0,33.93514093939565,0,,,0.04274715483188629
50yr_0360m_h737,50,0360,,0,ENUM,6.273043984288099,44,276,56,0,111.36829341146908,0,,,0.1305687150452286
10yr_0180m_h433,10,0180,,0,ENUM,6.298087024275883,26,155,18,0,62.41414050770292,0,,,0.07101619686000049
100yr_0180m_h443,100,0180,,0,ENUM,6.272111809325718,24,180,64,0,66.04327255808172,0,,,0.07625404000282288
10yr_0240m_h529,10,0240,,0,ENUM,6.313699765890202,28,187,17,0,78.08287444914933,0,,,0.08695660904049873
30yr_1080m_h1057,30,1080,,0,ENUM,6.293072677651313,164,348,63,1,288.0942370480998,0,,,0.32543932599946856
30yr_0180m_h434,30,0180,,0,ENUM,6.286182407395279,26,163,44,0,63.67984554197656,0,,,0.07562886411324143
30yr_1080m_h1075,30,1080,,0,ENUM,6.305766987481644,144,358,57,0,289.4197349232539,0,,,0.3257811900693923
80yr_0180m_h380,80,0180,,0,ENUM,6.355430656685888,18,196,46,0,65.53771156279585,0,,,0.07903396105393767
50yr_0240m_h535,50,0240,,0,ENUM,6.312754883066567,30,217,48,0,79.91316947087992,0,,,0.09623566386289895
80yr_0720m_h913,80,0720,,0,ENUM,6.289452539332006,70,441,28,0,203.48180311815946,0,,,0.2302953051403165
30yr_0540m_h751,30,0540,,0,ENUM,6.310464588277478,42,347,18,0,157.5548581545217,0,,,0.17494806088507175
30yr_0360m_h670,30,0360,,0,ENUM,6.319752000022804,46,288,31,0,110.185624281401,0,,,0.12437321990728378
50yr_0120m_h363,50,0120,,0,ENUM,6.321751920481274,18,131,46,0,49.45034056757828,0,,,0.05906748189590871
10yr_0060m_h209,10,0060,,0,ENUM,6.43010925776419,10,65,22,0,31.650032982382587,0,,,0.04177587595768273
20yr_1440m_h1224,20,1440,,0,ENUM,6.2994080062339135,180,332,63,3,377.15564461070085,0,,,0.42772925714962184
10yr_0180m_h471,10,0180,,0,ENUM,6.290607707673443,30,139,30,0,62.37675495500953,0,,,0.0732665709219873
80yr_1080m_h1020,80,1080,,0,ENUM,6.287157572790413,144,433,53,0,291.3473029589521,0,,,0.3347263301257044
80yr_1440m_h1143,80,1440,,0,ENUM,6.291852002332411,230,409,86,3,377.7676853348156,0,,,0.4513676150236279
30yr_0240m_h554,30,0240,,0,ENUM,6.349471991662601,22,219,36,0,80.00144662301386,0,,,0.11233726097270846
30yr_0060m_h127,30,0060,,0,ENUM,6.560150948544516,10,85,29,0,32.83668004989884,0,,,0.051658178912475705
50yr_0540m_h847,50,0540,,0,ENUM,6.299051453311602,76,360,47,0,156.28816956816922,0,,,0.2178742380347103
100yr_0360m_h628,100,0360,,0,ENUM,6.393282727799695,44,323,52,0,112.42444383290429,0,,,0.15733208716847003
30yr_0540m_h857,30,0540,,0,ENUM,6.310353713682855,92,323,45,0,154.74881102477522,0,,,0.21103828796185553
80yr_0720m_h905,80,0720,,0,ENUM,6.287945743133028,94,438,37,0,202.40322175177093,0,,,0.337415779940784
100yr_0060m_h224,100,0060,,0,ENUM,6.445731670177823,12,89,38,0,33.33874510517777,0,,,0.04261829284951091
20yr_0240m_h553,20,0240,,0,ENUM,6.357840841762778,36,204,28,0,78.59386131293786,0,,,0.09119147504679859
80yr_0180m_h372,80,0180,,0,ENUM,6.3691091806625755,18,198,47,0,65.39343419972911,0,,,0.07944649597629905
10yr_1440m_h1191,10,1440,,0,ENUM,6.290587339815179,138,286,49,2,377.64965791094346,0,,,0.41948942514136434
100yr_0120m_h287,100,0120,,0,ENUM,6.361431657485656,10,141,56,0,51.391877325178314,0,,,0.060663696145638824
10yr_0360m_h684,10,0360,,0,ENUM,6.279274646208717,52,225,22,0,108.13626705875248,0,,,0.11861339886672795
50yr_0120m_h286,50,0120,,0,ENUM,6.4481864462373615,10,129,47,0,49.83491691059083,0,,,0.059395389165729284
50yr_0180m_h489,50,0180,,0,ENUM,6.33096075624468,26,165,53,0,64.76818065237569,0,,,0.07543960399925709
10yr_0180m_h402,10,0180,,0,ENUM,6.285880252490556,32,158,18,0,62.33466408956454,0,,,0.07279182109050453
10yr_0360m_h725,10,0360,,0,ENUM,6.290044913243562,50,223,27,0,108.15768724427863,0,,,0.12059271102771163
50yr_0060m_h181,50,0060,,0,ENUM,6.7517619184176265,10,84,37,0,34.06282835965709,0,,,0.041732197161763906
100yr_1440m_h1122,100,1440,,0,ENUM,6.288527351417132,228,424,88,3,378.5300515964998,0,,,0.43428745912387967
80yr_0120m_h347,80,0120,,0,ENUM,6.623350180813016,18,138,53,0,50.53971560585281,0,,,0.06025583506561816
10yr_0720m_h977,10,0720,,0,ENUM,6.311853098774968,108,260,42,1,197.34479219723974,0,,,0.22115769889205694
20yr_0540m_h782,20,0540,,0,ENUM,6.273645270109727,56,319,23,0,155.85711839116365,0,,,0.17415722296573222
50yr_0060m_h174,50,0060,,0,ENUM,6.668553240430943,10,82,36,0,33.74228712257823,0,,,0.042539268964901567
10yr_1440m_h1207,10,1440,,0,ENUM,6.294632613366061,166,276,59,1,375.99325877851516,0,,,0.42126708198338747
20yr_0540m_h827,20,0540,,0,ENUM,6.297788198460846,66,312,28,1,154.9599291087069,0,,,0.17167975078336895
10yr_0060m_h232,10,0060,,0,ENUM,6.412427738056399,10,67,23,0,31.15178819882697,0,,,0.03984070802107453
30yr_1440m_h1202,30,1440,,0,ENUM,6.298879099585284,178,371,62,0,378.86062889546736,0,,,0.4269997470546514
20yr_0120m_h280,20,0120,,0,ENUM,6.472817006584183,12,125,35,0,48.25027987526859,0,,,0.059338084887713194
20yr_0360m_h673,20,0360,,0,ENUM,6.321536515839825,46,274,23,0,109.66539190539923,0,,,0.12243230105377734
20yr_0540m_h855,20,0540,,0,ENUM,6.308747754733757,88,301,38,0,154.07187525386297,0,,,0.1751541248522699
10yr_0720m_h915,10,0720,,0,ENUM,6.296174518994115,92,270,36,0,198.44879876367776,0,,,0.22183341719210148
50yr_0120m_h262,50,0120,,0,ENUM,6.362419605634452,14,145,39,0,49.18025188026232,0,,,0.06691914307884872
50yr_0180m_h492,50,0180,,0,ENUM,6.3326287549492175,26,166,53,0,64.8484262551126,0,,,0.09160607191734016
20yr_1440m_h1236,20,1440,,0,ENUM,6.305556821289029,198,330,67,1,376.39019244069004,0,,,0.5149579159915447
100yr_0240m_h601,100,0240,,0,ENUM,6.274781064477456,38,214,73,0,81.39466763956662,0,,,0.11413016705773771
20yr_1080m_h1109,20,1080,,0,ENUM,6.293995103865763,152,337,55,2,287.5054661804405,0,,,0.4490519280079752
100yr_1080m_h1069,100,1080,,0,ENUM,6.29017094264489,128,471,46,1,292.1952052433697,0,,,0.32701093005016446
20yr_1440m_h1187,20,1440,,0,ENUM,6.293289898042296,180,329,62,0,377.2741559308349,0,,,0.4307594900019467
100yr_0540m_h791,100,0540,,0,ENUM,6.293217789799159,76,401,50,0,157.64008199938118,0,,,0.18102477304637432
100yr_0720m_h909,100,0720,,0,ENUM,6.281524941984701,86,444,35,2,202.39631246949634,0,,,0.23038711794652045
100yr_1080m_h993,100,1080,,0,ENUM,6.330238171464295,160,453,57,1,290.8255938811152,0,,,0.3301325640641153
50yr_0360m_h728,50,0360,,0,ENUM,6.286893460108552,48,276,59,1,111.14783053769295,0,,,0.12901174905709922
30yr_0240m_h533,30,0240,,0,ENUM,6.339518702365327,22,218,35,0,79.94852751620968,0,,,0.09368251101113856
10yr_0360m_h736,10,0360,,0,ENUM,6.305328223967462,60,212,31,0,107.64288006448072,0,,,0.12088951095938683
100yr_0240m_h512,100,0240,,0,ENUM,6.459877568930265,18,251,52,0,82.08320906233595,0,,,0.09773945808410645
20yr_1080m_h1008,20,1080,,0,ENUM,6.292800100065161,166,300,61,2,286.85961761823967,0,,,0.32635970413684845
20yr_0120m_h360,20,0120,,0,ENUM,6.327968276933169,24,116,37,0,47.78105733098468,0,,,0.058160644955933094
80yr_1440m_h1194,80,1440,,0,ENUM,6.2956605113848525,218,425,81,2,378.60191966491857,0,,,0.43013882217928767
10yr_1080m_h1032,10,1080,,0,ENUM,6.282199873365242,130,280,45,0,287.5300852685288,0,,,0.3260944520588964
100yr_0120m_h268,100,0120,,0,ENUM,6.561210198163543,10,156,50,0,51.70696917311962,0,,,0.06216000602580607
30yr_0060m_h205,30,0060,,0,ENUM,6.475681877305355,10,73,32,0,32.95560646079507,0,,,0.04132037307135761
10yr_0240m_h619,10,0240,,0,ENUM,6.27493521915929,32,166,27,0,77.6436890103499,0,,,0.0900820018723607
10yr_1440m_h1134,10,1440,,0,ENUM,6.296163282757472,148,287,50,0,377.39628321294765,0,,,0.4288516480010003
10yr_0120m_h359,10,0120,,0,ENUM,6.312578774084507,24,105,27,0,46.65995265022342,0,,,0.056457786820828915
80yr_0060m_h171,80,0060,,0,ENUM,7.0084033660788085,10,83,41,0,34.6531522763462,0,,,0.047537116101011634
80yr_0720m_h990,80,0720,,0,ENUM,6.320004684195409,132,394,56,0,200.20154004912723,0,,,0.2789943350944668
100yr_0060m_h244,100,0060,,0,ENUM,6.454682074866713,12,86,39,0,33.29215402195934,0,,,0.05095242103561759
30yr_0180m_h458,30,0180,,0,ENUM,6.294507086286676,26,164,45,0,63.89627987364785,0,,,0.09028661996126175
10yr_0720m_h941,10,0720,,0,ENUM,6.297121634146863,90,279,32,1,198.48527403521004,0,,,0.26219653082080185
30yr_0060m_h167,30,0060,,0,ENUM,6.374897399068474,10,80,32,0,33.01197009222701,0,,,0.05001732404343784
80yr_0060m_h132,80,0060,,0,ENUM,6.535471359221018,10,91,38,0,33.89345721765319,0,,,0.05148488492704928
30yr_0540m_h772,30,0540,,0,ENUM,6.323102058616558,52,344,22,0,156.8800681804885,0,,,0.2879227490630001
50yr_1080m_h1088,50,1080,,0,ENUM,6.306662270354563,162,395,61,3,289.035462125302,0,,,0.3317496420349926
80yr_0240m_h612,80,0240,,0,ENUM,6.28609849368004,38,209,67,0,80.65134331298508,0,,,0.0935283771250397
30yr_0120m_h249,30,0120,,0,ENUM,6.53089718167924,10,141,32,0,49.0443659947327,0,,,0.0600238130427897
80yr_0060m_h139,80,0060,,0,ENUM,6.5797550429032645,10,93,38,0,34.078406309069905,0,,,0.04310559295117855
50yr_0060m_h235,50,0060,,0,ENUM,6.304461680835572,12,82,34,0,32.69688904737488,0,,,0.04785884288139641
20yr_0720m_h929,20,0720,,0,ENUM,6.3033455070774735,92,326,34,0,199.54076160211793,0,,,0.22439767513424158
50yr_0360m_h690,50,0360,,0,ENUM,6.291600905394291,56,276,54,0,110.5822992823106,0,,,0.12797713605687022
50yr_0240m_h617,50,0240,,0,ENUM,6.265305959322692,40,199,59,0,79.71333482367669,0,,,0.09236398083157837
100yr_1440m_h1212,100,1440,,0,ENUM,6.283493050376389,200,462,74,1,380.3815909711169,0,,,0.4334253971464932
20yr_1440m_h1146,20,1440,,0,ENUM,6.299190212149041,182,318,63,1,376.7171771190094,0,,,0.4245340311899781
30yr_0120m_h297,30,0120,,0,ENUM,6.32259043068015,12,129,39,0,48.42279428388887,0,,,0.05967135704122484
10yr_0720m_h930,10,0720,,0,ENUM,6.273147355856213,66,283,24,0,199.7321498531708,0,,,0.2229251000098884
30yr_1440m_h1141,30,1440,,0,ENUM,6.298455708571115,208,352,71,1,376.80989122500426,0,,,0.4329857851844281
50yr_1440m_h1236,50,1440,,0,ENUM,6.28612776156377,214,389,78,1,377.8951901478989,0,,,0.4304033138323575
30yr_0060m_h134,30,0060,,0,ENUM,6.530156257378145,10,86,27,0,32.723319385310035,0,,,0.04344222601503134
20yr_0360m_h635,20,0360,,0,ENUM,6.338242873818642,50,271,22,0,109.42174495443872,0,,,0.12590164807625115
20yr_0180m_h455,20,0180,,0,ENUM,6.2873121909745,24,158,37,0,63.44715587042344,0,,,0.07719376403838396
80yr_0240m_h497,80,0240,,0,ENUM,6.400522366119065,18,247,47,0,81.6942313503055,0,,,0.10043369699269533
100yr_1440m_h1156,100,1440,,0,ENUM,6.301546128637596,198,449,79,2,380.73643702023685,0,,,0.43657328211702406
80yr_0360m_h646,80,0360,,0,ENUM,6.35278347480701,34,318,43,0,112.22166579986136,0,,,0.1431875261478126
50yr_1440m_h1168,50,1440,,0,ENUM,6.28849255762028,202,394,75,1,378.4047246234052,0,,,0.5199051219969988
50yr_0720m_h892,50,0720,,0,ENUM,6.344067442985679,116,368,46,0,200.27229984149227,0,,,0.2756702331826091
30yr_1080m_h1062,30,1080,,0,ENUM,6.288493839762345,160,349,63,1,288.3649563952715,0,,,0.42749332007952034
30yr_0180m_h450,30,0180,,0,ENUM,6.27559695392662,26,164,43,0,63.91174477054889,0,,,0.07570485305041075
50yr_1080m_h1013,50,1080,,0,ENUM,6.284278235859193,150,389,56,1,289.73974440749896,0,,,0.35447252984158695
50yr_0060m_h146,50,0060,,0,ENUM,6.298884524552129,10,93,32,0,33.183953146368424,0,,,0.0428669978864491
30yr_0060m_h152,30,0060,,0,ENUM,6.565108591075136,10,87,28,0,32.95858150749649,0,,,0.04279506881721318
80yr_0360m_h631,80,0360,,0,ENUM,6.3632499644089595,34,321,44,0,112.75060263069004,0,,,0.1314613891299814
50yr_0360m_h629,50,0360,,0,ENUM,6.4080313035637095,52,304,36,0,110.81467450814195,0,,,0.12764031812548637
10yr_0180m_h403,10,0180,,0,ENUM,6.298087024275883,26,155,18,0,62.41414050770292,0,,,0.07097820099443197
100yr_0540m_h763,100,0540,,0,ENUM,6.34860983027797,72,412,40,0,157.96590164972702,0,,,0.1807237220928073
20yr_0360m_h674,20,0360,,0,ENUM,6.3105364994596185,42,267,23,0,109.59578220377243,0,,,0.12254531006328762
20yr_0060m_h124,20,0060,,0,ENUM,6.40240807126406,10,84,22,0,32.0767140910398,0,,,0.04173090704716742
20yr_0720m_h980,20,0720,,0,ENUM,6.305914315889959,125,306,51,1,198.13709088247492,0,,,0.2277132540475577
100yr_1440m_h1239,100,1440,,0,ENUM,6.310895658279828,210,455,76,1,379.3652137278209,0,,,0.4415680409874767
20yr_0360m_h726,20,0360,,0,ENUM,6.317674417964488,56,247,41,0,109.17646106486427,0,,,0.1273946720175445
100yr_0240m_h518,100,0240,,0,ENUM,6.4487896823758835,18,248,52,0,81.99854363824082,0,,,0.09888937510550022
20yr_0120m_h286,20,0120,,0,ENUM,6.43438914074039,12,124,32,0,48.14504432788217,0,,,0.061054369900375605
80yr_0180m_h416,80,0180,,0,ENUM,6.303659409752304,14,190,54,0,65.57119404696888,0,,,0.07837495114654303
50yr_0120m_h304,50,0120,,0,ENUM,6.468774007576808,10,133,48,0,50.15807407122365,0,,,0.06018924596719444
30yr_0360m_h648,30,0360,,0,ENUM,6.292090128668042,60,283,32,0,109.95669790286082,0,,,0.12802525307051837
50yr_1440m_h1219,50,1440,,0,ENUM,6.303997089528252,214,388,81,3,377.67620572647246,0,,,0.4436492370441556
10yr_0540m_h796,10,0540,,0,ENUM,6.286447850425361,56,267,23,2,154.2084783010241,0,,,0.1723160007968545
30yr_0240m_h557,30,0240,,0,ENUM,6.324406988187573,24,211,37,0,79.6675432987834,0,,,0.0943606870714575
50yr_0240m_h575,50,0240,,0,ENUM,6.273459323293109,26,215,53,0,80.39773008137232,0,,,0.0942174750380218
80yr_1440m_h1200,80,1440,,0,ENUM,6.283013738464704,218,422,84,3,378.58150981830806,0,,,0.43268993590027094
50yr_0240m_h547,50,0240,,0,ENUM,6.3220193368147735,22,229,46,0,80.78512073229614,0,,,0.10777211794629693
50yr_0240m_h531,50,0240,,0,ENUM,6.308799020876285,30,214,49,0,80.1492481616712,0,,,0.1168319748248905
20yr_0360m_h729,20,0360,,0,ENUM,6.2760730664265125,56,243,39,0,109.0406187563026,0,,,0.1522198210004717
20yr_1080m_h1054,20,1080,,0,ENUM,6.287532876108133,164,312,62,2,287.27637302747746,0,,,0.3883367730304599
20yr_0720m_h900,20,0720,,0,ENUM,6.300661072509513,102,327,37,0,199.44733250218678,0,,,0.32778268307447433
50yr_1440m_h1169,50,1440,,0,ENUM,6.296626292969274,192,399,69,0,379.03339489011387,0,,,0.4489639608655125
50yr_0180m_h388,50,0180,,0,ENUM,6.250983806481977,16,193,36,0,64.50230583321638,0,,,0.07772305188700557
20yr_0360m_h659,20,0360,,0,ENUM,6.322238702838043,46,273,23,0,109.59773056391728,0,,,0.13016446609981358
30yr_1080m_h1029,30,1080,,0,ENUM,6.271079086097085,164,352,61,0,288.24349965444014,0,,,0.32482001720927656
30yr_0240m_h519,30,0240,,0,ENUM,6.375189584544977,48,220,34,0,78.6790574516634,0,,,0.0925194351002574
10yr_0540m_h817,10,0540,,0,ENUM,6.293094843491974,80,253,34,0,153.5608574350125,0,,,0.169684202875942
10yr_0540m_h752,10,0540,,0,ENUM,6.348680916646607,78,249,29,0,153.07011350253185,0,,,0.17073087091557682
80yr_0720m_h965,80,0720,,0,ENUM,6.295530532575336,132,397,57,0,200.20915240788895,0,,,0.23293161392211914
20yr_0720m_h935,20,0720,,0,ENUM,6.290176750600405,84,325,31,0,200.15881320926223,0,,,0.2241313538979739
100yr_1440m_h1133,100,1440,,0,ENUM,6.285518988548219,220,438,81,1,379.3383911793881,0,,,0.43748609395697713
50yr_1080m_h997,50,1080,,0,ENUM,6.288906279966405,150,391,55,0,289.82482970303005,0,,,0.33188756881281734
50yr_0540m_h771,50,0540,,0,ENUM,6.330165511056655,52,393,22,0,158.42720503796636,0,,,0.1778796431608498
30yr_1080m_h1039,30,1080,,0,ENUM,6.276321414804777,154,362,56,0,288.7282156691608,0,,,0.33028830494731665
20yr_0720m_h936,20,0720,,0,ENUM,6.289835647402986,94,331,35,1,199.862442465576,0,,,0.22391347284428775
20yr_0360m_h714,20,0360,,0,ENUM,6.28988739365487,58,238,44,0,109.02232047209428,0,,,0.1272362000308931
50yr_0180m_h383,50,0180,,0,ENUM,6.252127295092509,16,193,36,0,64.58913885527556,0,,,0.07821704703383148
50yr_0240m_h574,50,0240,,0,ENUM,6.320112922330478,30,210,52,0,79.9329589358125,0,,,0.09610256506130099
50yr_0360m_h635,50,0360,,0,ENUM,6.2538911118881995,58,306,38,0,110.72124477356337,0,,,0.12901526992209256
50yr_0240m_h571,50,0240,,0,ENUM,6.265765806607697,32,212,54,0,80.05478086866435,0,,,0.09491495601832867
10yr_0060m_h181,10,0060,,0,ENUM,6.3881212420712155,10,71,20,0,31.655691706466385,0,,,0.04004691098816693
80yr_0240m_h582,80,0240,,0,ENUM,6.294398882602052,26,224,62,0,81.10046338392424,0,,,0.11340519483201206
20yr_0540m_h749,20,0540,,0,ENUM,6.327074624012107,88,295,36,0,154.06696077931542,0,,,0.21196445915848017
20yr_0240m_h554,20,0240,,0,ENUM,6.376702565619021,30,209,27,0,78.89422491401513,0,,,0.11133569199591875
50yr_0540m_h749,50,0540,,0,ENUM,6.325054651870743,52,391,22,0,158.407815053433,0,,,0.21454875590279698
30yr_0720m_h875,30,0720,,0,ENUM,6.328436901805907,104,336,38,0,199.66983208858164,0,,,0.26872313884086907
80yr_0180m_h430,80,0180,,0,ENUM,6.318245431859125,26,179,58,0,65.09834333435208,0,,,0.17182768718339503
20yr_0120m_h321,20,0120,,0,ENUM,6.380368434807252,16,119,36,0,47.77258491621317,0,,,0.06374828889966011
10yr_0060m_h149,10,0060,,0,ENUM,6.4722327853858745,10,75,15,0,31.310015800165274,0,,,0.03768021799623966
10yr_0360m_h666,10,0360,,0,ENUM,6.309197531653186,44,236,19,0,108.66457928286798,0,,,0.11990588484331965
30yr_0540m_h776,30,0540,,0,ENUM,6.3131207131524745,68,343,31,1,155.89740170685073,0,,,0.172946855193004
80yr_0060m_h146,80,0060,,0,ENUM,6.463792949835696,10,93,36,0,33.770136783465446,0,,,0.04290941799990833
100yr_1440m_h1180,100,1440,,0,ENUM,6.289969132675191,208,449,79,1,380.04761314028906,0,,,0.4407193830702454
30yr_1080m_h1046,30,1080,,0,ENUM,6.275027201084081,144,359,54,1,289.4158672568314,0,,,0.3314227149821818
100yr_1080m_h1073,100,1080,,0,ENUM,6.284647373595005,138,461,51,2,291.4683937551474,0,,,0.33528246101923287
50yr_0060m_h137,50,0060,,0,ENUM,6.293220904326991,10,90,32,0,33.0213382056349,0,,,0.043771276948973536
10yr_1440m_h1121,10,1440,,0,ENUM,6.307885636988221,148,281,50,0,376.9826233930016,0,,,0.43148286477662623
30yr_0360m_h689,30,0360,,0,ENUM,6.306604471821533,68,262,43,0,109.15188481770517,0,,,0.13014962594024837
50yr_0540m_h770,50,0540,,0,ENUM,6.3145832410338105,76,374,31,0,156.29698857419766,0,,,0.18020705482922494
20yr_0060m_h173,20,0060,,0,ENUM,6.271576534957347,10,78,27,0,32.322441645787194,0,,,0.041958600049838424
100yr_0360m_h680,100,0360,,0,ENUM,6.2784618834712695,28,322,58,0,113.51990883368188,0,,,0.13822451210580766
30yr_0060m_h210,30,0060,,0,ENUM,6.4872348828653,10,75,32,0,33.08255090459747,0,,,0.0414148960262537
10yr_1080m_h1067,10,1080,,0,ENUM,6.2879921696077234,140,274,49,0,287.0182657117706,0,,,0.32244032504968345
10yr_0060m_h177,10,0060,,0,ENUM,6.354824377887695,10,72,19,0,31.556426394604994,0,,,0.03973558498546481
80yr_0060m_h130,80,0060,,0,ENUM,6.538526270894726,10,91,38,0,33.891067447789695,0,,,0.0433818690944463
20yr_0240m_h594,20,0240,,0,ENUM,6.294346042236185,34,188,41,0,78.96225305866292,0,,,0.0931136969011277
30yr_0720m_h918,30,0720,,0,ENUM,6.302875469690653,104,348,41,2,199.73167516394648,0,,,0.22937215398997068
20yr_0180m_h424,20,0180,,0,ENUM,6.331471001454143,18,168,30,0,63.64153355337696,0,,,0.07565947389230132
100yr_1440m_h1144,100,1440,,0,ENUM,6.2847151978520674,220,437,82,2,379.2441042354399,0,,,0.4395012278109789
20yr_0720m_h974,20,0720,,0,ENUM,6.294913633909455,126,300,51,0,198.08834220443381,0,,,0.2572998460382223
10yr_0240m_h513,10,0240,,0,ENUM,6.392365864737096,14,194,9,0,79.11841736136387,0,,,0.10696668992750347
80yr_0540m_h817,80,0540,,0,ENUM,6.302741891957698,96,382,54,0,156.33618806302857,0,,,0.214176706969738
20yr_1440m_h1124,20,1440,,0,ENUM,6.30743835017604,182,327,61,0,377.18546839403484,0,,,0.5774713698774576
50yr_0540m_h843,50,0540,,0,ENUM,6.289967068647687,76,360,46,0,156.19583933205803,0,,,0.1956443339586258
30yr_0180m_h468,30,0180,,0,ENUM,6.309032115796887,30,157,46,0,63.68958724746821,0,,,0.07501594815403223
10yr_1080m_h1076,10,1080,,0,ENUM,6.281303699649094,140,277,49,0,287.15812418561376,0,,,0.3235027538612485
80yr_1080m_h1052,80,1080,,0,ENUM,6.28249209482675,138,456,48,0,291.7093348655798,0,,,0.33711005793884397
30yr_0360m_h713,30,0360,,0,ENUM,6.276708694104122,50,255,50,0,110.13818472968256,0,,,0.12841892195865512
20yr_0360m_h629,20,0360,,0,ENUM,6.327835109563131,33,276,17,0,110.77854067903064,0,,,0.12589703081175685
10yr_0540m_h856,10,0540,,0,ENUM,6.2959556112112125,88,247,38,0,152.63640099297646,0,,,0.17379944515414536
50yr_0720m_h875,50,0720,,0,ENUM,6.352355890347773,116,367,47,0,200.14724546579552,0,,,0.23281455994583666
10yr_0540m_h843,10,0540,,0,ENUM,6.299894494078612,82,253,35,1,152.73200372620968,0,,,0.17330475291237235
20yr_1080m_h1044,20,1080,,0,ENUM,6.31065638748275,154,325,59,3,288.1360169827809,0,,,0.33463604212738574
10yr_1440m_h1154,10,1440,,0,ENUM,6.308886972388029,138,305,46,0,378.3332624467635,0,,,0.4361754059791565
80yr_0180m_h440,80,0180,,0,ENUM,6.31597756708549,18,180,58,0,65.37682446659464,0,,,0.07838717196136713
50yr_0540m_h769,50,0540,,0,ENUM,6.328458647317227,80,364,34,2,156.02105820571728,0,,,0.1804089331999421
10yr_0180m_h379,10,0180,,0,ENUM,6.285311880003253,18,166,12,0,63.200356437177014,0,,,0.07338499301113188
50yr_1080m_h1008,50,1080,,0,ENUM,6.291957274519004,158,388,58,1,289.4292321941556,0,,,0.33631470100954175
20yr_0120m_h302,20,0120,,0,ENUM,6.425102560234717,12,123,32,0,48.06425934963421,0,,,0.06491152802482247
20yr_1440m_h1182,20,1440,,0,ENUM,6.3117335442538645,190,331,66,1,376.85646550124335,0,,,0.4301181430928409
80yr_0180m_h471,80,0180,,0,ENUM,6.27070295333341,30,176,61,0,65.88932011610144,0,,,0.07874058792367578
100yr_1080m_h1020,100,1080,,0,ENUM,6.324658068330213,150,447,54,1,291.1812573047858,0,,,0.3722611458506435
50yr_0720m_h930,50,0720,,0,ENUM,6.321465294813006,116,380,47,1,200.07614190235302,0,,,0.27396584302186966
100yr_0360m_h717,100,0360,,0,ENUM,6.255827509690572,50,290,77,0,112.29594771752103,0,,,0.15643974393606186
20yr_1080m_h1047,20,1080,,0,ENUM,6.287565924110517,154,323,57,0,288.299956525684,0,,,0.46628369810059667
30yr_0360m_h718,30,0360,,0,ENUM,6.2793968293257265,40,264,46,0,110.84375374754165,0,,,0.12818515906110406
10yr_0720m_h936,10,0720,,0,ENUM,6.279606596993443,66,282,24,0,199.80593964383775,0,,,0.21906630089506507
30yr_1080m_h1041,30,1080,,0,ENUM,6.28355446613608,144,352,57,1,289.43596696298977,0,,,0.32574320887215436
50yr_0060m_h179,50,0060,,0,ENUM,6.672500474548667,10,82,36,0,33.76962025827844,0,,,0.04190861899405718
100yr_1440m_h1205,100,1440,,0,ENUM,6.285190849550175,226,428,90,3,378.52188763912045,0,,,0.4392821411602199
100yr_1440m_h1157,100,1440,,0,ENUM,6.277857368068808,208,455,79,2,380.33884341582905,0,,,0.43647696916013956
30yr_0120m_h260,30,0120,,0,ENUM,6.526226650444598,14,137,33,0,48.88731794488663,0,,,0.0595321930013597
100yr_1080m_h1041,100,1080,,0,ENUM,6.27913743306925,154,467,56,2,291.2740834938487,0,,,0.3307421621866524
50yr_0240m_h594,50,0240,,0,ENUM,6.275332765579564,34,207,56,0,79.91727054415253,0,,,0.10045589413493872
100yr_1080m_h1095,100,1080,,0,ENUM,6.309196476435472,190,432,76,0,289.63766900142184,0,,,0.33264996600337327
20yr_0060m_h216,20,0060,,0,ENUM,6.4005405050359565,10,71,30,0,32.54443950305423,0,,,0.042033799923956394
10yr_0180m_h429,10,0180,,0,ENUM,6.2889694652778,22,157,16,0,62.65984698650094,0,,,0.07069708895869553
30yr_0240m_h619,30,0240,,0,ENUM,6.2548537034997915,34,198,49,0,79.41551692022637,0,,,0.09207338513806462
50yr_0180m_h411,50,0180,,0,ENUM,6.407752946222157,18,181,50,0,64.84639325120673,0,,,0.07786485902033746
20yr_0180m_h465,20,0180,,0,ENUM,6.3027156149672585,30,150,41,0,63.069821638718395,0,,,0.07457578694447875
50yr_0360m_h621,50,0360,,0,ENUM,6.401280016698995,52,297,36,0,110.91314303911449,0,,,0.1280194539576769
50yr_0240m_h501,50,0240,,0,ENUM,6.277720877073808,18,238,35,0,80.79784489781123,0,,,0.09413579502142966
80yr_0720m_h934,80,0720,,0,ENUM,6.302756156957723,102,421,43,1,201.85855528283537,0,,,0.22700270009227097
30yr_1440m_h1177,30,1440,,0,ENUM,6.281578809045089,158,382,54,0,379.9935406118439,0,,,0.42902101879008114
100yr_0540m_h825,100,0540,,0,ENUM,6.327425402987874,90,389,57,0,156.521472016948,0,,,0.18061641999520361
100yr_0180m_h490,100,0180,,0,ENUM,6.305762931216602,30,177,64,0,66.19746176789714,0,,,0.07639878406189382
80yr_0720m_h982,80,0720,,0,ENUM,6.314741403137193,122,404,52,0,200.68538154045515,0,,,0.22993205394595861
80yr_0360m_h740,80,0360,,0,ENUM,6.2644643898878085,48,284,71,0,111.96494550134494,0,,,0.12947251903824508
10yr_0720m_h942,10,0720,,0,ENUM,6.281633894201597,66,282,24,0,199.8842385468306,0,,,0.21893093595281243
80yr_0240m_h536,80,0240,,0,ENUM,6.279482067791703,26,227,59,0,81.09910399126686,0,,,0.09497970901429653
10yr_0060m_h207,10,0060,,0,ENUM,6.45109398351,10,64,24,0,31.757548240910065,0,,,0.040062588173896074
50yr_1440m_h1215,50,1440,,0,ENUM,6.305970985288782,232,387,86,0,377.1492227635796,0,,,0.42804004997015
30yr_0180m_h417,30,0180,,0,ENUM,6.2652175001858135,22,178,36,0,64.23033520289195,0,,,0.07875584904104471
20yr_1440m_h1147,20,1440,,0,ENUM,6.304200636809418,190,332,67,1,376.9972891056476,0,,,0.42521646595560014
20yr_1440m_h1231,20,1440,,0,ENUM,6.305637644639409,190,327,66,2,376.83858267242306,0,,,0.4695804719813168
30yr_1440m_h1192,30,1440,,0,ENUM,6.299814727280367,168,371,58,0,379.10524143154635,0,,,0.5134057719260454
20yr_0060m_h177,20,0060,,0,ENUM,6.572736499572056,10,72,28,0,32.49404320228236,0,,,0.04988234303891659
50yr_0240m_h542,50,0240,,0,ENUM,6.313788632666365,30,218,48,0,80.01086415380868,0,,,0.1152575621381402
20yr_1080m_h1037,20,1080,,0,ENUM,6.290804930902194,154,323,56,0,288.0734380210925,0,,,0.41544636501930654
50yr_0720m_h961,50,0720,,0,ENUM,6.297866130209406,116,376,49,0,200.0785575735309,0,,,0.2283202358521521
100yr_0120m_h335,100,0120,,0,ENUM,6.3560166639972655,14,136,57,0,50.441996543859034,0,,,0.05988609488122165
20yr_0540m_h754,20,0540,,0,ENUM,6.321457952327894,98,289,40,1,153.34403051642076,0,,,0.1729808240197599
30yr_0240m_h597,30,0240,,0,ENUM,6.300384850760674,34,194,47,0,79.2902222877357,0,,,0.09202060801908374
30yr_0360m_h709,30,0360,,0,ENUM,6.3124079131750594,72,258,45,0,108.86216905878554,0,,,0.12643803586252034
20yr_0240m_h576,20,0240,,0,ENUM,6.253651173918277,26,195,32,0,78.63338278046909,0,,,0.08981355396099389
30yr_1080m_h1097,30,1080,,0,ENUM,6.3088537211081315,140,371,51,0,289.37927037327574,0,,,0.324454610934481
80yr_1080m_h1060,80,1080,,0,ENUM,6.313264948457119,140,443,52,1,291.49301707271206,0,,,0.32679131999611855
100yr_0540m_h786,100,0540,,0,ENUM,6.290604483892687,80,405,48,0,157.40723040331704,0,,,0.18061524187214673
10yr_0180m_h407,10,0180,,0,ENUM,6.285183467251885,22,157,16,0,62.61210120330619,0,,,0.0712181949056685
100yr_0360m_h650,100,0360,,0,ENUM,6.392324006143611,30,322,48,0,112.86730676235275,0,,,0.13049866585060954
100yr_0120m_h320,100,0120,,0,ENUM,6.345346001777486,14,134,56,0,50.13350216648907,0,,,0.06006481102667749
100yr_0240m_h619,100,0240,,0,ENUM,6.252539249859868,38,213,70,0,81.11810834613074,0,,,0.09362816414795816
10yr_0180m_h465,10,0180,,0,ENUM,6.2718750401598715,30,139,29,0,62.38116240711699,0,,,0.07174416189081967
100yr_0180m_h484,100,0180,,0,ENUM,6.344338637342499,30,178,63,0,66.3297623256614,0,,,0.07688389904797077
20yr_0180m_h430,20,0180,,0,ENUM,6.338315881734812,14,170,30,0,64.08600729884057,0,,,0.07500432198867202
10yr_0360m_h707,10,0360,,0,ENUM,6.3130476673636275,52,231,22,0,108.45956148442019,0,,,0.11833525286056101
50yr_0540m_h859,50,0540,,0,ENUM,6.2857375291804525,80,359,46,0,156.08353469428783,0,,,0.1800323729403317
80yr_1080m_h996,80,1080,,0,ENUM,6.283300689199861,154,435,55,0,290.74132260833176,0,,,0.3273316868580878
50yr_0060m_h243,50,0060,,0,ENUM,6.32196716581625,12,82,35,0,32.85270416401903,0,,,0.04218916385434568
10yr_1440m_h1189,10,1440,,0,ENUM,6.298883075957053,166,279,58,1,376.00086988060013,0,,,0.4179161209613085
30yr_0720m_h969,30,0720,,0,ENUM,6.316955575981541,114,339,46,0,198.96764295129896,0,,,0.22562614805065095
30yr_0180m_h464,30,0180,,0,ENUM,6.285013176110478,26,164,44,0,63.81627248246315,0,,,0.07492793397977948
80yr_0360m_h706,80,0360,,0,ENUM,6.264197520432969,46,289,65,0,111.50797082951041,0,,,0.15331155201420188
80yr_0360m_h724,80,0360,,0,ENUM,6.2663137508337,46,288,69,0,112.11926002288291,0,,,0.15619616000913084
50yr_0240m_h606,50,0240,,0,ENUM,6.273838691746323,34,206,56,0,79.86877058285572,0,,,0.11181866913102567
20yr_0720m_h971,20,0720,,0,ENUM,6.320718734048172,120,303,49,0,198.40417119126332,0,,,0.26951868017204106
10yr_0120m_h318,10,0120,,0,ENUM,6.298954178378708,14,112,23,0,47.02246290470703,0,,,0.06714299996383488
50yr_0180m_h472,50,0180,,0,ENUM,6.343143911747038,26,167,54,0,65.02659790538304,0,,,0.09082113904878497
10yr_0720m_h911,10,0720,,0,ENUM,6.277292592866614,92,273,34,0,198.32708385584425,0,,,0.34242118103429675
30yr_0360m_h620,30,0360,,0,ENUM,6.27879308503144,58,282,29,0,109.8056969773015,0,,,0.12445329991169274
50yr_0360m_h659,50,0360,,0,ENUM,6.354026125453325,36,304,42,0,111.62427099965613,0,,,0.13050973089411855
30yr_1440m_h1238,30,1440,,0,ENUM,6.302855066238716,196,355,70,0,377.5769451143816,0,,,0.42862802697345614
80yr_0120m_h319,80,0120,,0,ENUM,6.301944889101832,14,135,53,0,49.60572494685569,0,,,0.05971730803139508
10yr_0060m_h244,10,0060,,0,ENUM,6.352689501204585,12,65,21,0,31.007450894856238,0,,,0.03952929493971169
10yr_0180m_h483,10,0180,,0,ENUM,6.289797955396168,28,136,31,0,62.469974304267346,0,,,0.07293989905156195
80yr_1080m_h1105,80,1080,,0,ENUM,6.297956696661686,174,424,68,2,289.7546229598871,0,,,0.3308712968137115
10yr_0060m_h234,10,0060,,0,ENUM,6.251964266885329,14,69,22,0,31.250450810995268,0,,,0.03966215392574668
20yr_1440m_h1131,20,1440,,0,ENUM,6.305526225159814,182,320,62,1,376.76540486959766,0,,,0.41852058307267725
30yr_0180m_h433,30,0180,,0,ENUM,6.292341903712537,22,179,39,0,64.3746829579176,0,,,0.07744927797466516
10yr_0720m_h888,10,0720,,0,ENUM,6.310682684902408,110,248,41,0,197.16681450510634,0,,,0.21841439697891474
100yr_0240m_h543,100,0240,,0,ENUM,6.33331941173344,26,239,63,0,81.67014357328472,0,,,0.09550364897586405
50yr_0120m_h261,50,0120,,0,ENUM,6.372071496253665,14,144,40,0,49.40200867247084,0,,,0.06120075494982302
50yr_0120m_h255,50,0120,,0,ENUM,6.381223441385505,14,148,40,0,49.39551578965996,0,,,0.061325937043875456
20yr_1440m_h1238,20,1440,,0,ENUM,6.30466695623107,190,331,65,1,377.0042880732476,0,,,0.42619807878509164
80yr_0720m_h899,80,0720,,0,ENUM,6.282452489508069,70,438,30,1,203.19892535834362,0,,,0.22886335896328092
100yr_0360m_h633,100,0360,,0,ENUM,6.387178157550162,34,323,47,0,112.70346744406594,0,,,0.13154473202303052
80yr_0120m_h339,80,0120,,0,ENUM,6.306717896815354,14,136,53,0,49.77126456739245,0,,,0.06025841389782727
10yr_0120m_h259,10,0120,,0,ENUM,6.433356184870442,14,121,17,0,47.18549779070046,0,,,0.054909829050302505
30yr_0120m_h253,30,0120,,0,ENUM,6.508874472613137,14,133,32,0,48.70752274552413,0,,,0.059178464114665985
50yr_1440m_h1128,50,1440,,0,ENUM,6.301889886270581,204,388,72,1,378.18644813522974,0,,,0.42761184903793037
100yr_0360m_h622,100,0360,,0,ENUM,6.3947694393717205,30,323,48,0,113.02642714884232,0,,,0.13190991710871458
80yr_0720m_h919,80,0720,,0,ENUM,6.285536310771054,88,430,36,3,202.04065742383852,0,,,0.24405921110883355
30yr_1440m_h1157,30,1440,,0,ENUM,6.31014015110501,196,360,69,1,377.71897489238575,0,,,0.5242478700820357
10yr_0120m_h265,10,0120,,0,ENUM,6.440364114795529,14,122,17,0,47.22109394526579,0,,,0.06642843899317086
10yr_0540m_h825,10,0540,,0,ENUM,6.299361667171386,74,257,29,1,153.54608391913524,0,,,0.20391258411109447
20yr_0060m_h142,20,0060,,0,ENUM,6.395725803440968,10,83,21,0,32.02373480704804,0,,,0.04888331098482013
10yr_0060m_h128,10,0060,,0,ENUM,6.526286252294923,10,76,16,0,31.50484938911484,0,,,0.10201672185212374
20yr_0360m_h654,20,0360,,0,ENUM,6.313819910143014,46,273,22,0,109.60424669527997,0,,,0.15242194500751793
10yr_0720m_h945,10,0720,,0,ENUM,6.276208350305662,66,282,24,0,199.75401942897787,0,,,0.21802770416252315
80yr_0120m_h351,80,0120,,0,ENUM,6.337630818443065,20,136,53,0,49.719176893679105,0,,,0.059555774787440896
80yr_0180m_h388,80,0180,,0,ENUM,6.362880179934027,22,198,49,0,65.50336166873811,0,,,0.07927473215386271
10yr_1440m_h1182,10,1440,,0,ENUM,6.298229721320371,138,287,47,0,377.77543086933196,0,,,0.4175525759346783
20yr_0120m_h334,20,0120,,0,ENUM,6.270508150438696,16,126,35,0,47.995000663603726,0,,,0.05786826997064054
50yr_0060m_h190,50,0060,,0,ENUM,6.442456037987129,10,77,36,0,33.297095564776015,0,,,0.041458908934146166
10yr_0240m_h558,10,0240,,0,ENUM,6.2663766733122355,46,175,26,0,77.33520758760054,0,,,0.08636393398046494
10yr_0180m_h442,10,0180,,0,ENUM,6.3347775078708315,28,145,22,0,62.08030288281668,0,,,0.07152766594663262
20yr_0540m_h753,20,0540,,0,ENUM,6.335521547376477,78,299,32,0,154.66855843769855,0,,,0.17377727897837758
10yr_1440m_h1205,10,1440,,0,ENUM,6.286280878371747,166,280,57,0,376.0861126911986,0,,,0.4168419430498034
80yr_0360m_h672,80,0360,,0,ENUM,6.341102389816547,36,315,53,0,112.78551317406351,0,,,0.13348631118424237
80yr_0240m_h528,80,0240,,0,ENUM,6.2687981719339545,34,226,58,0,80.50598311309562,0,,,0.09538470092229545
100yr_0720m_h956,100,0720,,0,ENUM,6.2859665771184785,100,443,42,1,202.53704189838874,0,,,0.2282425530720502
100yr_0060m_h176,100,0060,,0,ENUM,6.798881700617633,10,87,42,0,34.546785554809844,0,,,0.04278844501823187
100yr_0540m_h748,100,0540,,0,ENUM,6.339084290804214,72,404,39,0,157.75815136997693,0,,,0.1794026040006429
50yr_0720m_h896,50,0720,,0,ENUM,6.34842345673238,112,366,46,0,200.77762620651924,0,,,0.22750533185899258
80yr_0240m_h595,80,0240,,0,ENUM,6.302443946299687,38,210,68,1,80.85841297490896,0,,,0.09372965293005109
30yr_1440m_h1189,30,1440,,0,ENUM,6.298533844579057,168,377,58,0,379.36705027964297,0,,,0.42284032609313726
30yr_0540m_h797,30,0540,,0,ENUM,6.292850259591468,68,342,29,0,155.91526699617884,0,,,0.17470719409175217
80yr_1080m_h1111,80,1080,,0,ENUM,6.2901627203729005,174,425,68,0,289.8502847345158,0,,,0.3315056550782174
30yr_0540m_h755,30,0540,,0,ENUM,6.309656390472947,42,347,18,1,157.34817933798925,0,,,0.17557460418902338
80yr_1440m_h1206,80,1440,,0,ENUM,6.281318580035405,228,416,85,0,378.3946464158473,0,,,0.5004260181449354
10yr_0120m_h291,10,0120,,0,ENUM,6.261293912473861,14,116,23,0,47.01995464097344,0,,,0.07058106805197895
10yr_0240m_h618,10,0240,,0,ENUM,6.277053154654188,32,167,27,0,77.73240875061286,0,,,0.10791519493795931
80yr_0720m_h967,80,0720,,0,ENUM,6.305442382245892,122,408,52,0,200.5890340924654,0,,,0.2769623761996627
10yr_0540m_h780,10,0540,,0,ENUM,6.282186435616412,64,260,27,0,154.277668003487,0,,,0.2721945259254426
50yr_0720m_h899,50,0720,,0,ENUM,6.294780438340891,88,400,36,2,201.48844608540728,0,,,0.2278362021315843
10yr_1440m_h1217,10,1440,,0,ENUM,6.288952940692664,174,287,59,0,376.1777070010793,0,,,0.42860010894946754
80yr_1080m_h1044,80,1080,,0,ENUM,6.272741358433829,148,445,54,2,290.9713114201293,0,,,0.331017310032621
30yr_1440m_h1170,30,1440,,0,ENUM,6.28319683238801,168,385,57,0,379.57175105389985,0,,,0.43043566890992224
50yr_0180m_h438,50,0180,,0,ENUM,6.307131595994804,26,170,53,0,64.42987955773515,0,,,0.07559038209728897
10yr_1440m_h1155,10,1440,,0,ENUM,6.312201187564109,138,304,47,0,378.3908550214694,0,,,0.4253966680262238
30yr_0060m_h157,30,0060,,0,ENUM,6.367381677492517,10,79,32,0,32.96268627819011,0,,,0.04153215792030096
30yr_0120m_h341,30,0120,,0,ENUM,6.333801729566038,24,120,44,0,48.420912071251976,0,,,0.05887241382151842
50yr_0720m_h907,50,0720,,0,ENUM,6.293923644849284,114,383,46,1,200.18374960506287,0,,,0.2293466420378536
50yr_0360m_h660,50,0360,,0,ENUM,6.3411325451732825,36,299,42,0,111.37873285888696,0,,,0.12955390708521008
30yr_0720m_h900,30,0720,,0,ENUM,6.282065784606819,80,353,32,1,201.1922776252279,0,,,0.22460196795873344
100yr_1080m_h1051,100,1080,,0,ENUM,6.275185008661998,154,466,54,2,291.1955050359266,0,,,0.3318043779581785
80yr_0240m_h501,80,0240,,0,ENUM,6.401743694063338,18,248,46,0,81.59595370856098,0,,,0.10056308493949473
10yr_0060m_h144,10,0060,,0,ENUM,6.523751248194105,10,76,16,0,31.477855489646608,0,,,0.03839528211392462
30yr_1440m_h1209,30,1440,,0,ENUM,6.296460525224903,206,348,76,3,376.87285417566403,0,,,0.4341063878964633
80yr_0540m_h758,80,0540,,0,ENUM,6.2858670924086635,78,401,36,0,157.58822509195323,0,,,0.17989834700711071
10yr_0180m_h384,10,0180,,0,ENUM,6.2581506922492975,18,159,12,0,62.7840827922838,0,,,0.07146084611304104
30yr_0060m_h150,30,0060,,0,ENUM,6.560906438852461,10,87,28,0,32.93745776371857,0,,,0.04232239513657987
30yr_0120m_h327,30,0120,,0,ENUM,6.357405841605353,16,127,41,0,48.38420066395974,0,,,0.06725201988592744
50yr_0060m_h226,50,0060,,0,ENUM,6.334472296639321,12,83,35,0,32.86465089716142,0,,,0.0513789679389447
50yr_0240m_h506,50,0240,,0,ENUM,6.297580704880615,18,240,37,0,81.02465668160525,0,,,0.11489283805713058
50yr_0720m_h871,50,0720,,0,ENUM,6.286597722272257,106,374,42,0,200.8304125362224,0,,,0.2739813248626888
50yr_0060m_h144,50,0060,,0,ENUM,6.273540453535287,10,91,30,0,32.902051176197624,0,,,0.051149016013368964
20yr_0360m_h657,20,0360,,0,ENUM,6.3097033933318745,42,272,22,0,109.69038741590407,0,,,0.14686551503837109
50yr_0180m_h428,50,0180,,0,ENUM,6.394175835874488,22,180,49,0,64.7012106988658,0,,,0.0922967188525945
80yr_1080m_h1056,80,1080,,0,ENUM,6.295234075937244,132,455,47,1,291.5749353211659,0,,,0.4505016750190407
80yr_0540m_h830,80,0540,,0,ENUM,6.285939358261338,94,369,55,0,155.98398492587802,0,,,0.1784199990797788
10yr_1080m_h1075,10,1080,,0,ENUM,6.313361409041081,140,279,49,1,287.06693956024515,0,,,0.3264486459083855
50yr_0060m_h145,50,0060,,0,ENUM,6.301022342097733,10,91,32,0,33.15950581917469,0,,,0.04331487091258168
80yr_0360m_h718,80,0360,,0,ENUM,6.254247179457856,46,290,66,0,111.99238456059446,0,,,0.13056174013763666
80yr_0720m_h947,80,0720,,0,ENUM,6.291248294563454,92,428,37,1,202.33391495578752,0,,,0.2267926160711795
20yr_0120m_h261,20,0120,,0,ENUM,6.405327346106315,14,134,26,0,47.91734976658079,0,,,0.05924878385849297
10yr_1440m_h1148,10,1440,,0,ENUM,6.31581536754007,138,301,46,0,378.11094158329456,0,,,0.42922309692949057
100yr_0120m_h294,100,0120,,0,ENUM,6.397846016347084,10,140,57,0,51.547424172891375,0,,,0.06102217617444694
100yr_0240m_h550,100,0240,,0,ENUM,6.313304760886767,32,227,63,0,80.8027509112591,0,,,0.09612257103435695
10yr_0540m_h832,10,0540,,0,ENUM,6.279941998117735,80,253,33,0,153.29491646330848,0,,,0.16933062695898116
30yr_0180m_h484,30,0180,,0,ENUM,6.301592793078624,30,157,45,0,63.41219710235536,0,,,0.07516491808928549
10yr_1440m_h1233,10,1440,,0,ENUM,6.29940747200539,174,276,59,0,375.71398294899245,0,,,0.4243128758389503
20yr_0120m_h320,20,0120,,0,ENUM,6.365472742803108,16,118,35,0,47.762077256159344,0,,,0.0581323909573257
10yr_0180m_h393,10,0180,,0,ENUM,6.28130813427889,18,166,12,0,63.18811123600882,0,,,0.07210705406032503
20yr_0060m_h199,20,0060,,0,ENUM,6.34286662989247,10,69,28,0,32.17422634583922,0,,,0.04103257390670478
10yr_0060m_h135,10,0060,,0,ENUM,6.530190663402403,10,76,16,0,31.482228943304868,0,,,0.038001356879249215
10yr_0360m_h675,10,0360,,0,ENUM,6.325873050730456,40,242,16,0,108.85491210235912,0,,,0.121271489886567
50yr_1080m_h1082,50,1080,,0,ENUM,6.300256781748518,118,420,44,1,291.4578301281523,0,,,0.3266809908673167
10yr_1080m_h1114,10,1080,,0,ENUM,6.292216212573407,168,265,61,0,285.86275605409185,0,,,0.3244519780855626
20yr_0180m_h389,20,0180,,0,ENUM,6.260128246768936,22,179,21,0,63.400965280742035,0,,,0.07328462996520102
20yr_0060m_h222,20,0060,,0,ENUM,6.257460001019947,14,74,27,0,31.840107429547075,0,,,0.04069765005260706
10yr_0360m_h719,10,0360,,0,ENUM,6.285615520211999,56,217,30,0,108.0308615872285,0,,,0.12037327699363232
50yr_1080m_h1087,50,1080,,0,ENUM,6.298960018648405,162,395,62,3,289.1276833329669,0,,,0.3301070900633931
10yr_0120m_h361,10,0120,,0,ENUM,6.273578455877726,24,106,30,0,46.85548454367556,0,,,0.06984095205552876
10yr_0360m_h712,10,0360,,0,ENUM,6.3153347803645685,56,224,24,0,108.18556633805879,0,,,0.14404350682161748
100yr_1440m_h1134,100,1440,,0,ENUM,6.292190011933744,220,438,82,1,379.4134609378062,0,,,0.5209371049422771
30yr_1440m_h1216,30,1440,,0,ENUM,6.2912936233503265,206,356,72,0,377.3266375333087,0,,,0.5546666011214256
50yr_1440m_h1176,50,1440,,0,ENUM,6.289325537277271,192,402,69,1,378.9837893115366,0,,,0.4427541990298778
100yr_1080m_h1084,100,1080,,0,ENUM,6.294780514482079,136,468,49,0,292.13267153770767,0,,,0.3289026969578117
100yr_0180m_h459,100,0180,,0,ENUM,6.257564412726841,24,180,63,0,66.04939752046373,0,,,0.07639111601747572
100yr_0120m_h331,100,0120,,0,ENUM,6.362177386489777,14,134,57,0,50.455370088150225,0,,,0.059608675073832273
20yr_0240m_h605,20,0240,,0,ENUM,6.281218753934784,34,185,41,0,78.85197422158708,0,,,0.09225470898672938
80yr_0240m_h598,80,0240,,0,ENUM,6.30202795766465,38,212,68,1,81.00001887032796,0,,,0.0943402349948883
10yr_0360m_h735,10,0360,,0,ENUM,6.310144158991242,56,213,29,0,107.77888783487339,0,,,0.11991461785510182
30yr_0240m_h607,30,0240,,0,ENUM,6.252819764809766,34,198,49,0,79.63734986423559,0,,,0.09234527288936079
30yr_0060m_h208,30,0060,,0,ENUM,6.4935681673277035,10,72,33,0,33.05320735562898,0,,,0.0414049478713423
80yr_0180m_h427,80,0180,,0,ENUM,6.32381846616532,22,186,57,0,65.08299227643377,0,,,0.07813501288183033
30yr_0240m_h528,30,0240,,0,ENUM,6.328766480902899,24,212,37,0,79.85181490236698,0,,,0.09208867815323174
10yr_0060m_h213,10,0060,,0,ENUM,6.431491199890257,10,66,22,0,31.69191215411454,0,,,0.04077822994440794
10yr_0240m_h579,10,0240,,0,ENUM,6.281222981747678,44,178,24,0,77.27823614418008,0,,,0.08722644508816302
50yr_0120m_h269,50,0120,,0,ENUM,6.355190058797241,14,142,39,0,49.26471940903587,0,,,0.06132715381681919
20yr_0180m_h467,20,0180,,0,ENUM,6.318540738815832,30,154,41,0,63.26999941660114,0,,,0.07369315484538674
30yr_0720m_h869,30,0720,,0,ENUM,6.320656155289165,114,332,42,1,199.33299519418,0,,,0.22672603791579604
100yr_1080m_h1112,100,1080,,0,ENUM,6.291236477311581,172,443,68,1,290.0951042627558,0,,,0.3311633300036192
100yr_0360m_h679,100,0360,,0,ENUM,6.27279910647127,32,321,57,0,113.290055864234,0,,,0.13815236696973443
80yr_0540m_h757,80,0540,,0,ENUM,6.296636791040807,78,399,37,0,157.3158801045963,0,,,0.18077903799712658
30yr_0720m_h932,30,0720,,0,ENUM,6.311275976189188,120,336,48,1,199.23402826847536,0,,,0.22615951695479453
100yr_0180m_h468,100,0180,,0,ENUM,6.296902978173973,30,176,64,0,66.14099609339192,0,,,0.07759965513832867
20yr_0720m_h925,20,0720,,0,ENUM,6.314498619614836,102,326,37,0,199.37093382445192,0,,,0.22473720111884177
80yr_1080m_h1068,80,1080,,0,ENUM,6.2947060473844045,122,461,43,0,292.14873702045963,0,,,0.3308557369746268
80yr_0240m_h519,80,0240,,0,ENUM,6.40118650360442,18,248,47,0,81.67013455489143,0,,,0.1008958660531789
30yr_0720m_h929,30,0720,,0,ENUM,6.298713070482518,104,351,40,1,199.78830157435897,0,,,0.2586272538173944
30yr_0720m_h953,30,0720,,0,ENUM,6.286868340246827,96,345,37,0,200.2140984181459,0,,,0.2699496801942587
30yr_1440m_h1142,30,1440,,0,ENUM,6.299534719181697,170,371,56,1,379.1169795274974,0,,,0.5438544449862093
30yr_0240m_h599,30,0240,,0,ENUM,6.3137255491463184,40,190,52,0,79.34823118005907,0,,,0.1386755199637264
80yr_0540m_h798,80,0540,,0,ENUM,6.307565480831577,82,396,46,0,157.2836784284907,0,,,0.17863898910582066
80yr_0540m_h797,80,0540,,0,ENUM,6.304643678752206,80,396,42,0,157.01712533169245,0,,,0.17850505304522812
30yr_0360m_h726,30,0360,,0,ENUM,6.281322392933809,36,265,45,0,110.77050803564738,0,,,0.1274170910473913
100yr_1080m_h1076,100,1080,,0,ENUM,6.2859785249359215,138,464,50,1,291.65230469990985,0,,,0.3401172859594226
80yr_1440m_h1239,80,1440,,0,ENUM,6.293003576179557,218,435,79,1,377.94659038055204,0,,,0.43460264801979065
50yr_0720m_h955,50,0720,,0,ENUM,6.285007296038616,100,394,40,1,200.69793190666306,0,,,0.22569593414664268
10yr_0060m_h157,10,0060,,0,ENUM,6.337731242239903,10,72,18,0,31.479222010437198,0,,,0.03898379998281598
10yr_0540m_h770,10,0540,,0,ENUM,6.333449027644062,70,254,25,0,153.43478682061087,0,,,0.17075536586344242
50yr_0720m_h970,50,0720,,0,ENUM,6.302512643173575,106,378,45,0,200.3299436871851,0,,,0.22975220484659076
30yr_0360m_h624,30,0360,,0,ENUM,6.2764122894215575,48,281,25,1,109.87076247321025,0,,,0.1260645401198417
10yr_1440m_h1234,10,1440,,0,ENUM,6.290138360097234,174,286,59,1,376.005519071008,0,,,0.42845142795704305
80yr_0540m_h770,80,0540,,0,ENUM,6.310327796301662,68,403,34,0,158.22152840731866,0,,,0.18140822695568204
10yr_0060m_h137,10,0060,,0,ENUM,6.4853093380547016,10,75,15,0,31.381833000664173,0,,,0.03794492897577584
10yr_0360m_h729,10,0360,,0,ENUM,6.27303743150335,60,214,31,0,107.78052824834214,0,,,0.1205516280606389
20yr_0720m_h920,20,0720,,0,ENUM,6.3003737519939635,92,327,34,0,199.64832650025687,0,,,0.22486671595834196
30yr_0120m_h299,30,0120,,0,ENUM,6.344767743650408,12,129,40,0,48.42256844984419,0,,,0.06028802413493395
30yr_1440m_h1237,30,1440,,0,ENUM,6.311968830708156,206,353,72,0,377.18397923619113,0,,,0.43191954493522644
100yr_0060m_h217,100,0060,,0,ENUM,6.504534308025292,12,87,39,0,33.410665641745794,0,,,0.043164212023839355
80yr_0180m_h492,80,0180,,0,ENUM,6.265787895392844,26,173,62,0,65.89858416565755,0,,,0.0773825931828469
30yr_1440m_h1162,30,1440,,0,ENUM,6.277432515725141,158,378,55,1,379.798029643545,0,,,0.47889025998301804
10yr_0360m_h720,10,0360,,0,ENUM,6.309042562777536,60,214,30,0,107.71792804550405,0,,,0.14538390398956835
30yr_0720m_h881,30,0720,,0,ENUM,6.343553349773008,124,332,48,3,199.107455976676,0,,,0.27269733999855816
100yr_0180m_h460,100,0180,,0,ENUM,6.260061194593948,22,185,60,0,66.10066222160593,0,,,0.09315243386663496
50yr_0540m_h757,50,0540,,0,ENUM,6.3160902664206375,66,372,28,1,156.76848243331307,0,,,0.2854659869335592
100yr_1080m_h992,100,1080,,0,ENUM,6.325655937955488,160,440,60,2,290.5301013181319,0,,,0.33439464890398085
30yr_0120m_h303,30,0120,,0,ENUM,6.338572116949246,12,129,40,0,48.4197676686486,0,,,0.059282357804477215
20yr_0240m_h525,20,0240,,0,ENUM,6.255519947604037,26,217,19,0,79.33838611482682,0,,,0.08975415793247521
10yr_0540m_h773,10,0540,,0,ENUM,6.337911814053787,78,243,31,1,152.98402551058015,0,,,0.17009909613989294
100yr_1080m_h1064,100,1080,,0,ENUM,6.296542319912385,136,465,50,1,291.9892556333931,0,,,0.33129561599344015
30yr_0120m_h312,30,0120,,0,ENUM,6.334326213977832,16,125,40,0,47.83430116720861,0,,,0.05882886401377618
50yr_1080m_h1000,50,1080,,0,ENUM,6.286273291217182,150,389,55,2,289.46548916831165,0,,,0.32903464906848967
10yr_1080m_h1022,10,1080,,0,ENUM,6.283717518204218,132,280,44,0,287.74411414282474,0,,,0.3237527080345899
50yr_0240m_h581,50,0240,,0,ENUM,6.267784156548469,26,215,52,0,80.42314505162064,0,,,0.09421093692071736
10yr_0180m_h487,10,0180,,0,ENUM,6.287185333065575,30,140,29,0,62.47227617293723,0,,,0.07327096303924918
30yr_0120m_h354,30,0120,,0,ENUM,6.334176802998912,22,122,43,0,47.927733341711054,0,,,0.059675619937479496
20yr_0240m_h585,20,0240,,0,ENUM,6.268270619148137,26,195,34,0,78.85850950954907,0,,,0.09089538897387683
80yr_0180m_h448,80,0180,,0,ENUM,6.332071127545441,22,184,58,0,66.00135064639048,0,,,0.07781291496939957
30yr_0180m_h495,30,0180,,0,ENUM,6.318636849166552,26,159,46,0,63.810341854052645,0,,,0.07546564005315304
80yr_1440m_h1221,80,1440,,0,ENUM,6.313081035447025,216,420,82,1,378.1043708494552,0,,,0.43903635418973863
50yr_0060m_h192,50,0060,,0,ENUM,6.512206560686235,10,81,36,0,33.582420288349034,0,,,0.04233546694740653
20yr_0360m_h649,20,0360,,0,ENUM,6.317139353902021,52,264,24,0,109.35207557821968,0,,,0.12336935801431537
20yr_0240m_h573,20,0240,,0,ENUM,6.311588260988592,32,188,36,0,78.57661208286618,0,,,0.09138884884305298
20yr_0720m_h874,20,0720,,0,ENUM,6.325251299628895,88,314,33,0,199.96398640456266,0,,,0.2272655451670289
100yr_0240m_h553,100,0240,,0,ENUM,6.330126621033798,30,227,65,0,81.16208475414783,0,,,0.09714544308371842
50yr_0720m_h987,50,0720,,0,ENUM,6.300572580872711,116,373,49,1,199.81942602962744,0,,,0.23060814011842012
50yr_0180m_h455,50,0180,,0,ENUM,6.308192415805017,26,172,52,0,64.4310740724983,0,,,0.07692698389291763
10yr_0180m_h491,10,0180,,0,ENUM,6.274038281080066,28,136,30,0,62.439691371754066,0,,,0.07327512698248029
50yr_0120m_h278,50,0120,,0,ENUM,6.360650008336613,14,144,39,0,49.13142866959079,0,,,0.0616787311155349
10yr_0540m_h835,10,0540,,0,ENUM,6.297521364798813,80,257,32,1,153.25056733537002,0,,,0.17057672096416354
80yr_1440m_h1227,80,1440,,0,ENUM,6.290504844248811,208,433,77,1,378.9128213057854,0,,,0.5032770959660411
80yr_0180m_h464,80,0180,,0,ENUM,6.319350100719391,18,183,58,0,65.78851705730662,0,,,0.09259759983979166
50yr_0060m_h186,50,0060,,0,ENUM,6.512206560686235,10,81,36,0,33.582420288349034,0,,,0.05116141983307898
50yr_0060m_h170,50,0060,,0,ENUM,6.744908086837263,10,81,37,0,33.907680204488074,0,,,0.05113820009864867
30yr_0360m_h677,30,0360,,0,ENUM,6.3327056698124355,50,287,33,0,110.06850825830278,0,,,0.14946339698508382
100yr_0180m_h491,100,0180,,0,ENUM,6.288671197004525,28,174,63,0,65.45712056097331,0,,,0.09217577590607107
80yr_0360m_h620,80,0360,,0,ENUM,6.346043486152251,48,318,47,0,111.6907326857532,0,,,0.22952428297139704
80yr_0360m_h690,80,0360,,0,ENUM,6.28160783266841,60,285,66,0,111.1622467311353,0,,,0.1483535459265113
80yr_0180m_h389,80,0180,,0,ENUM,6.370783254198573,18,200,47,0,65.42026200636698,0,,,0.07949733990244567
100yr_0180m_h401,100,0180,,0,ENUM,6.393726615753623,22,199,52,0,65.53682771545844,0,,,0.07956788595765829
50yr_0720m_h872,50,0720,,0,ENUM,6.267651553895805,116,369,46,1,200.07889088071295,0,,,0.22644884116016328
50yr_0720m_h960,50,0720,,0,ENUM,6.322696288836094,106,378,44,2,200.3943156053644,0,,,0.23368166689760983
30yr_0240m_h570,30,0240,,0,ENUM,6.289969650015237,28,200,42,0,79.23347332811598,0,,,0.09951319405809045
80yr_1080m_h1015,80,1080,,0,ENUM,6.286494140485712,154,428,58,1,290.53335535458723,0,,,0.33069657697342336
10yr_0540m_h746,10,0540,,0,ENUM,6.320109710246084,78,247,29,0,153.35204879985986,0,,,0.17065183096565306
20yr_1080m_h1081,20,1080,,0,ENUM,6.30784908049733,164,315,62,2,287.4227516918128,0,,,0.32705572294071317
50yr_1440m_h1238,50,1440,,0,ENUM,6.30487895974552,214,382,81,2,377.7737221958543,0,,,0.43354770191945136
50yr_0120m_h333,50,0120,,0,ENUM,6.330762131094171,16,131,47,0,49.269805559944025,0,,,0.059799426002427936
50yr_0240m_h549,50,0240,,0,ENUM,6.327930590133288,26,229,47,0,80.67188823593136,0,,,0.09790240996517241
10yr_0060m_h239,10,0060,,0,ENUM,6.258587207359655,14,69,22,0,31.263305076470175,0,,,0.04052900802344084
30yr_0360m_h643,30,0360,,0,ENUM,6.280684876749018,60,283,31,1,109.91905287801049,0,,,0.1265480190049857
80yr_0060m_h183,80,0060,,0,ENUM,6.95632712682049,10,84,40,0,34.53311171663848,0,,,0.04354808502830565
20yr_1440m_h1133,20,1440,,0,ENUM,6.2989040313543185,182,317,63,1,376.7221278733074,0,,,0.429409968201071
20yr_0720m_h984,20,0720,,0,ENUM,6.309429209287154,126,294,53,0,197.91861263941303,0,,,0.22860660194419324
80yr_1440m_h1119,80,1440,,0,ENUM,6.30009213723683,230,414,85,1,378.0498011488655,0,,,0.4411693951115012
100yr_0720m_h957,100,0720,,0,ENUM,6.285088229479601,100,444,41,0,202.49438404275446,0,,,0.23187405290082097
50yr_0360m_h628,50,0360,,0,ENUM,6.413898960703491,56,302,38,0,110.79332884215458,0,,,0.14175910991616547
100yr_0540m_h753,100,0540,,0,ENUM,6.353050622334548,72,407,41,1,157.79466752777952,0,,,0.22031217999756336
30yr_0180m_h473,30,0180,,0,ENUM,6.322132439991508,30,158,46,0,63.68445638135756,0,,,0.09055946813896298
100yr_0180m_h420,100,0180,,0,ENUM,6.358245136223952,12,187,60,0,66.03783171290407,0,,,0.09385217097587883
100yr_0540m_h807,100,0540,,0,ENUM,6.284681432106675,98,378,59,0,156.27214989896663,0,,,0.21632391004823148
20yr_0120m_h250,20,0120,,0,ENUM,6.393111299104061,14,131,26,0,48.10055558090376,0,,,0.07038931897841394
50yr_0540m_h747,50,0540,,0,ENUM,6.316874631341165,52,387,23,1,158.19896399227036,0,,,0.27118604094721377
100yr_0120m_h367,100,0120,,0,ENUM,6.536909338447557,20,138,55,0,50.41944327032398,0,,,0.09172574616968632
50yr_0240m_h565,50,0240,,0,ENUM,6.266806646997819,26,214,52,0,80.31755258857899,0,,,0.0932835009880364
20yr_0240m_h523,20,0240,,0,ENUM,6.425424453785735,26,213,20,0,79.39047694784804,0,,,0.08948261314071715
50yr_1440m_h1189,50,1440,,0,ENUM,6.282476255068266,192,397,70,0,378.9284527275813,0,,,0.428545214002952
50yr_0180m_h393,50,0180,,0,ENUM,6.257399201426462,16,190,37,0,64.81109066572427,0,,,0.07868456095457077
30yr_0180m_h408,30,0180,,0,ENUM,6.267608286107283,22,177,37,0,64.14571862471983,0,,,0.08007817808538675
100yr_1080m_h1022,100,1080,,0,ENUM,6.3193546822110305,178,422,68,1,289.65348705041265,0,,,0.33633653493598104
100yr_0540m_h785,100,0540,,0,ENUM,6.283182660482359,76,404,47,0,157.68769502163246,0,,,0.18234806996770203
80yr_0060m_h182,80,0060,,0,ENUM,6.963618298075142,10,83,40,0,34.50419504990887,0,,,0.042623517103493214
80yr_1440m_h1146,80,1440,,0,ENUM,6.299114162031663,230,410,85,0,378.0885246299259,0,,,0.43584498716518283
50yr_0720m_h971,50,0720,,0,ENUM,6.291591187991893,116,377,49,0,200.21919309137218,0,,,0.2332333188969642
30yr_0120m_h272,30,0120,,0,ENUM,6.529270513299169,14,137,33,0,48.81165537065465,0,,,0.061154365073889494
100yr_0180m_h453,100,0180,,0,ENUM,6.27395635216266,24,181,64,0,66.28797693870841,0,,,0.07867651898413897
100yr_0180m_h415,100,0180,,0,ENUM,6.369816406258093,12,190,61,0,66.04331476890046,0,,,0.07901913695968688
80yr_0060m_h151,80,0060,,0,ENUM,6.548564107559994,10,93,38,0,33.983096386845304,0,,,0.044023592956364155
20yr_0120m_h307,20,0120,,0,ENUM,6.43728194211638,12,124,33,0,48.08688243403252,0,,,0.06033260002732277
80yr_0360m_h626,80,0360,,0,ENUM,6.35577659547914,48,317,48,0,111.8831268017114,0,,,0.13344184402376413
10yr_0540m_h761,10,0540,,0,ENUM,6.340546371222373,78,254,29,1,153.43487704601174,0,,,0.17226064088754356
10yr_0120m_h281,10,0120,,0,ENUM,6.258702407506517,14,119,22,0,47.11449238096345,0,,,0.059132769936695695
50yr_1440m_h1170,50,1440,,0,ENUM,6.291989385491671,202,393,75,2,378.3111161399104,0,,,0.433916037902236
10yr_1440m_h1125,10,1440,,0,ENUM,6.297417186844121,148,287,50,1,377.33020190201375,0,,,0.4276100369170308
10yr_0540m_h803,10,0540,,0,ENUM,6.277193315113684,74,257,27,0,153.3378408920336,0,,,0.17246881104074419
20yr_1080m_h1032,20,1080,,0,ENUM,6.301443255731487,144,326,53,0,288.5405401755452,0,,,0.36758726206608117
10yr_0360m_h704,10,0360,,0,ENUM,6.301002210480079,52,228,22,0,108.31779983300436,0,,,0.14293872495181859
20yr_1440m_h1162,20,1440,,0,ENUM,6.294429216965196,142,354,48,1,379.6203281788157,0,,,0.5105009970720857
30yr_0360m_h707,30,0360,,0,ENUM,6.2876080625581405,68,261,45,0,109.08688350373151,0,,,0.230443307897076
20yr_0540m_h858,20,0540,,0,ENUM,6.282827302708752,88,299,40,0,153.99925913949352,0,,,0.17495698481798172
50yr_1440m_h1160,50,1440,,0,ENUM,6.286627738956053,192,408,69,1,379.38019107768173,0,,,0.4299298641271889
30yr_1440m_h1220,30,1440,,0,ENUM,6.299383256045052,196,363,69,1,377.70678407242593,0,,,0.43210726603865623
100yr_0540m_h843,100,0540,,0,ENUM,6.279929736364452,66,392,60,0,158.13201486883412,0,,,0.18832264002412558
80yr_0540m_h848,80,0540,,0,ENUM,6.307075948943324,80,376,58,0,157.0185366284727,0,,,0.18924750690348446
10yr_1440m_h1131,10,1440,,0,ENUM,6.311246571561134,168,275,57,0,376.1679056367448,0,,,0.4248706779908389
10yr_0540m_h784,10,0540,,0,ENUM,6.274721338209861,64,261,26,0,154.27435341236384,0,,,0.17378799803555012
10yr_1080m_h1092,10,1080,,0,ENUM,6.29781417659218,158,260,59,1,286.1282259838242,0,,,0.3289524109568447
50yr_1080m_h1097,50,1080,,0,ENUM,6.293290948244359,162,398,60,0,289.4525745745146,0,,,0.33388380496762693
10yr_0240m_h598,10,0240,,0,ENUM,6.250204405610153,28,171,28,0,78.06483878205788,0,,,0.08976596500724554
30yr_0180m_h469,30,0180,,0,ENUM,6.333112153115048,30,158,48,0,63.85493228730585,0,,,0.0766825401224196
80yr_0120m_h335,80,0120,,0,ENUM,6.302919556105931,14,135,53,0,49.681240444977504,0,,,0.06111632101237774
100yr_0540m_h767,100,0540,,0,ENUM,6.349461973998449,68,411,40,0,158.54263423560843,0,,,0.183614457026124
80yr_0240m_h538,80,0240,,0,ENUM,6.2761764992988605,26,230,58,0,81.18424891132933,0,,,0.09781502094119787
30yr_1440m_h1234,30,1440,,0,ENUM,6.298154876694843,196,357,70,1,377.61161006636485,0,,,0.43485843390226364
80yr_0720m_h941,80,0720,,0,ENUM,6.28241734240227,102,427,42,0,201.79346727027718,0,,,0.2308814509306103
20yr_0720m_h927,20,0720,,0,ENUM,6.301402943857578,92,326,35,2,199.50594371945368,0,,,0.26907565095461905
20yr_0540m_h837,20,0540,,0,ENUM,6.3175149199410985,90,300,38,0,153.73392821624282,0,,,0.21144770900718868
20yr_0720m_h907,20,0720,,0,ENUM,6.296336194250527,92,327,34,0,199.7305554212951,0,,,0.26746055809780955
100yr_0180m_h469,100,0180,,0,ENUM,6.3049135736301425,30,178,64,0,66.19800803910911,0,,,0.09202681295573711
100yr_0120m_h270,100,0120,,0,ENUM,6.524012811136576,14,148,50,0,51.013220761628546,0,,,0.07380419597029686
50yr_1080m_h1009,50,1080,,0,ENUM,6.2895087344199325,150,391,56,1,289.6770534185962,0,,,0.4309665260370821
100yr_0180m_h470,100,0180,,0,ENUM,6.322539552660533,30,179,64,0,66.3568462899492,0,,,0.07741205184720457
50yr_1080m_h1113,50,1080,,0,ENUM,6.313791125185666,162,396,62,2,289.29175514824146,0,,,0.3286336150486022
100yr_0060m_h201,100,0060,,0,ENUM,7.007139099530919,10,82,42,1,34.534782914146355,0,,,0.04242318496108055
50yr_0540m_h762,50,0540,,0,ENUM,6.329346353939205,80,370,33,0,156.34580732256046,0,,,0.17850966192781925
50yr_0120m_h259,50,0120,,0,ENUM,6.368379509445993,10,149,39,0,49.602279602649745,0,,,0.06098338100127876
20yr_0720m_h946,20,0720,,0,ENUM,6.3068524909438946,94,332,33,0,199.94017621276913,0,,,0.22306609502993524
80yr_1440m_h1191,80,1440,,0,ENUM,6.279039466392462,208,426,78,1,379.1668995109439,0,,,0.4338658389169723
10yr_0720m_h899,10,0720,,0,ENUM,6.277292592866614,92,273,34,0,198.32708385584425,0,,,0.2207913799211383
30yr_0240m_h497,30,0240,,0,ENUM,6.371083098590193,30,227,28,0,79.81281202105062,0,,,0.09127010800875723
80yr_0360m_h630,80,0360,,0,ENUM,6.340430947094844,48,316,46,0,111.74981283734465,0,,,0.1321834798436612
100yr_0540m_h778,100,0540,,0,ENUM,6.2868198872232774,90,401,52,0,157.02175057715093,0,,,0.18017430999316275
80yr_0060m_h191,80,0060,,0,ENUM,7.00272807342836,10,81,41,0,34.54176669961487,0,,,0.04227511095814407
20yr_0240m_h537,20,0240,,0,ENUM,6.3593334621308175,30,206,26,0,78.68850640481911,0,,,0.09118159487843513
80yr_0120m_h260,80,0120,,0,ENUM,6.494585933188391,14,150,48,0,50.71519587038229,0,,,0.06221900298260152
50yr_0540m_h853,50,0540,,0,ENUM,6.293314470050081,80,353,47,0,156.0140708185992,0,,,0.18107445794157684
30yr_1440m_h1124,30,1440,,0,ENUM,6.306665607863213,198,358,67,1,377.26986419406273,0,,,0.42852632608264685
50yr_0360m_h714,50,0360,,0,ENUM,6.277058108120818,44,277,56,0,111.27741276912491,0,,,0.1312879549805075
10yr_0240m_h515,10,0240,,0,ENUM,6.397563446884185,32,182,16,1,77.88612422398228,0,,,0.08868270507082343
80yr_0240m_h578,80,0240,,0,ENUM,6.274243142329473,26,221,60,0,80.77225444250502,0,,,0.09308681287802756
50yr_0240m_h616,50,0240,,0,ENUM,6.279413037953014,40,200,60,0,79.70209474203448,0,,,0.09311277605593204
10yr_1080m_h1095,10,1080,,0,ENUM,6.301946914491858,168,260,61,2,285.6072507312234,0,,,0.3214215289335698
10yr_1080m_h1023,10,1080,,0,ENUM,6.281113682348469,130,282,46,1,287.6396765189239,0,,,0.32171465503051877
20yr_1440m_h1120,20,1440,,0,ENUM,6.277977529873065,182,332,61,1,377.2355207164654,0,,,0.4257999239489436
20yr_0720m_h904,20,0720,,0,ENUM,6.317039639523939,102,323,38,1,199.16681855865056,0,,,0.2224529159720987
20yr_0180m_h457,20,0180,,0,ENUM,6.2625277389986636,24,157,35,0,63.305714853742984,0,,,0.07616044813767076
20yr_0180m_h461,20,0180,,0,ENUM,6.290183928085811,26,157,38,0,63.34195734362841,0,,,0.07599739590659738
10yr_0720m_h922,10,0720,,0,ENUM,6.296747940555442,92,274,35,0,198.38095124092814,0,,,0.21860559098422527
100yr_0360m_h659,100,0360,,0,ENUM,6.273474595277549,40,321,57,0,112.76484447645052,0,,,0.13702180399559438
50yr_0360m_h673,50,0360,,0,ENUM,6.344906957601481,36,302,41,0,111.58220978082002,0,,,0.12887957296334207
20yr_0120m_h257,20,0120,,0,ENUM,6.370508471447207,14,132,24,0,47.687857617036514,0,,,0.06091116298921406
80yr_0180m_h396,80,0180,,0,ENUM,6.378208972101241,22,198,50,0,65.4478160926349,0,,,0.07955530402250588
20yr_1080m_h1084,20,1080,,0,ENUM,6.3006598219489796,154,324,55,0,287.9169852568067,0,,,0.32009804784320295
100yr_1080m_h1098,100,1080,,0,ENUM,6.291598153121997,172,443,67,0,290.15424915178335,0,,,0.33276046882383525
20yr_1080m_h1107,20,1080,,0,ENUM,6.289819230933767,150,326,56,1,287.7826819009997,0,,,0.33029354899190366
100yr_0360m_h709,100,0360,,0,ENUM,6.325206815726896,62,288,73,0,111.44828595244459,0,,,0.1592053580097854
100yr_0540m_h855,100,0540,,0,ENUM,6.310550110306231,76,381,63,1,157.21508662324896,0,,,0.23320706514641643
80yr_1440m_h1209,80,1440,,0,ENUM,6.2998142003739845,216,435,80,1,378.18217217506503,0,,,0.513020935934037
80yr_0360m_h684,80,0360,,0,ENUM,6.300068310086938,54,291,65,0,111.31533387331338,0,,,0.22949645086191595
20yr_0240m_h560,20,0240,,0,ENUM,6.267860697595612,26,193,34,0,78.7419398613543,0,,,0.09079527808353305
30yr_1080m_h1048,30,1080,,0,ENUM,6.319528007090237,154,357,59,1,288.8853222607163,0,,,0.3258674331009388
30yr_0060m_h202,30,0060,,0,ENUM,6.558408526452659,10,74,33,0,33.22483244433286,0,,,0.04154338198713958
80yr_1080m_h1082,80,1080,,0,ENUM,6.306137354787078,130,451,48,2,291.6664344564074,0,,,0.32752658403478563
30yr_0120m_h263,30,0120,,0,ENUM,6.257463778079162,10,144,31,0,48.72389922907128,0,,,0.06080730585381389
100yr_1080m_h1023,100,1080,,0,ENUM,6.268946920487286,154,468,55,2,291.22597278416754,0,,,0.3293584838975221
50yr_1080m_h1063,50,1080,,0,ENUM,6.297707515594202,136,408,51,1,290.26388956656524,0,,,0.3260104828514159
30yr_0360m_h688,30,0360,,0,ENUM,6.298601573118242,68,259,44,0,108.98446234819983,0,,,0.1260329899378121
100yr_0720m_h968,100,0720,,0,ENUM,6.296222797551174,116,419,53,1,201.01887168476907,0,,,0.23018939793109894
50yr_0120m_h323,50,0120,,0,ENUM,6.322546492594864,14,130,46,0,48.826211630380286,0,,,0.05890794890001416
80yr_0060m_h175,80,0060,,0,ENUM,6.936382280965214,10,83,40,0,34.449617797020146,0,,,0.04237542091868818
30yr_0240m_h507,30,0240,,0,ENUM,6.341708512148282,44,219,31,0,78.7941812471712,0,,,0.09142012312076986
50yr_1080m_h1112,50,1080,,0,ENUM,6.3113547771587015,162,396,62,2,289.264040178554,0,,,0.32976734009571373
10yr_1080m_h1062,10,1080,,0,ENUM,6.316652716364039,140,280,49,0,287.19213053317117,0,,,0.3181363930925727
50yr_0360m_h648,50,0360,,0,ENUM,6.410612563361609,52,300,37,0,110.78646422741232,0,,,0.12727490300312638
10yr_0720m_h943,10,0720,,0,ENUM,6.283601572305041,90,278,33,1,198.42445877555613,0,,,0.21776185114867985
20yr_0060m_h172,20,0060,,0,ENUM,6.257700374061919,10,79,26,0,32.2679850100485,0,,,0.04122713184915483
100yr_1080m_h1053,100,1080,,0,ENUM,6.288726759561113,144,461,53,2,291.4659918238931,0,,,0.3306064100470394
100yr_0180m_h438,100,0180,,0,ENUM,6.262764750702033,20,184,61,0,65.35437595502572,0,,,0.07714831386692822
20yr_0360m_h620,20,0360,,0,ENUM,6.3241914142587925,38,277,18,0,110.54027702321113,0,,,0.1229545408859849
100yr_0180m_h473,100,0180,,0,ENUM,6.301714640058725,30,176,63,0,66.18073975064294,0,,,0.07623900612816215
20yr_1440m_h1194,20,1440,,0,ENUM,6.308701556192897,180,325,63,0,377.1523838953417,0,,,0.47743208101019263
30yr_0720m_h890,30,0720,,0,ENUM,6.3255777295737365,104,335,39,0,199.59063990147507,0,,,0.2672944040969014
100yr_0240m_h522,100,0240,,0,ENUM,6.447177351199759,18,250,51,0,81.9093608997304,0,,,0.11763495905324817
10yr_0360m_h625,10,0360,,0,ENUM,6.257761662673838,38,229,16,0,109.15124621753722,0,,,0.14616022910922766
30yr_1440m_h1164,30,1440,,0,ENUM,6.2763034969959834,168,380,58,1,379.2507366411028,0,,,0.5385881899856031
80yr_0060m_h188,80,0060,,0,ENUM,6.8626755462662645,10,81,40,0,34.26653889108863,0,,,0.042462261859327555
80yr_0720m_h930,80,0720,,0,ENUM,6.328652567067002,102,425,41,0,202.03245805014382,0,,,0.22860033391043544
30yr_0540m_h830,30,0540,,0,ENUM,6.268170070553024,84,339,37,1,155.03819256594178,0,,,0.17287709098309278
100yr_1080m_h1052,100,1080,,0,ENUM,6.268946920487286,154,468,55,2,291.22597278416754,0,,,0.33168386085890234
80yr_0720m_h981,80,0720,,0,ENUM,6.316489209141804,118,408,51,0,200.92044222123172,0,,,0.2302198139950633
100yr_0120m_h300,100,0120,,0,ENUM,6.3571366722077185,10,139,56,0,51.26663953021611,0,,,0.0604013551492244
20yr_0360m_h704,20,0360,,0,ENUM,6.287570419564226,64,246,37,1,108.45778067083289,0,,,0.12099583400413394
10yr_0360m_h705,10,0360,,0,ENUM,6.3087760850237755,52,227,23,1,108.18594063674632,0,,,0.11867825011722744
20yr_0060m_h166,20,0060,,0,ENUM,6.262523253825729,10,78,27,0,32.247791353097675,0,,,0.04144224594347179
50yr_0720m_h985,50,0720,,0,ENUM,6.3115477267604385,116,375,49,1,200.148946147706,0,,,0.2271449549589306
50yr_1080m_h1044,50,1080,,0,ENUM,6.307305567431112,116,418,44,1,291.77173846043496,0,,,0.3278852079529315
30yr_0120m_h346,30,0120,,0,ENUM,6.332548403498433,24,118,44,0,48.34412893382496,0,,,0.05816906504333019
30yr_0360m_h630,30,0360,,0,ENUM,6.284214055799801,54,281,28,0,109.75802507015153,0,,,0.12419295101426542
50yr_0720m_h898,50,0720,,0,ENUM,6.282924398732117,116,369,46,0,200.17915154691406,0,,,0.22928019799292088
10yr_0240m_h534,10,0240,,0,ENUM,6.299074130627049,28,188,15,0,78.11248053188956,0,,,0.0867959288880229
100yr_0540m_h754,100,0540,,0,ENUM,6.344392252977213,82,407,44,0,157.54957450096128,0,,,0.17973031313158572
30yr_1440m_h1191,30,1440,,0,ENUM,6.29260748819908,168,376,58,1,379.14934182073165,0,,,0.4216131470166147
100yr_1440m_h1194,100,1440,,0,ENUM,6.292047653763104,226,431,89,2,378.7575551441108,0,,,0.42531363805755973
20yr_0060m_h160,20,0060,,0,ENUM,6.2551441435133555,10,80,26,0,32.30478512244097,0,,,0.04129748698323965
10yr_0120m_h340,10,0120,,0,ENUM,6.309642925500717,16,115,23,0,47.16442159391939,0,,,0.05563251092098653
30yr_0180m_h400,30,0180,,0,ENUM,6.38379223578895,14,185,30,0,64.12179391935798,0,,,0.08568287896923721
100yr_0360m_h649,100,0360,,0,ENUM,6.406373566177158,46,326,53,0,112.34586008706617,0,,,0.16073655895888805
100yr_0540m_h755,100,0540,,0,ENUM,6.352647595036108,72,407,41,0,157.79461264867007,0,,,0.22372156498022377
50yr_0240m_h560,50,0240,,0,ENUM,6.256440616850494,32,209,54,0,80.00370826715043,0,,,0.11269530095160007
50yr_0720m_h880,50,0720,,0,ENUM,6.285081641894156,126,366,50,1,199.85247219021934,0,,,0.27460026391781867
80yr_1080m_h1077,80,1080,,0,ENUM,6.305928926229967,132,453,47,1,291.87083284523555,0,,,0.44452650286257267
100yr_0060m_h216,100,0060,,0,ENUM,7.053826208440289,10,82,42,0,34.7233978125431,0,,,0.04229672905057669
100yr_0180m_h474,100,0180,,0,ENUM,6.305066929850945,30,177,64,0,66.16349933378775,0,,,0.0765718778129667
20yr_0540m_h852,20,0540,,0,ENUM,6.306428666839033,88,296,39,1,153.74863728258316,0,,,0.17391666397452354
100yr_0060m_h205,100,0060,,0,ENUM,7.080649942062076,10,83,42,0,34.80508253298365,0,,,0.04255288280546665
30yr_0060m_h143,30,0060,,0,ENUM,6.558998743928079,10,86,28,0,32.866185104200305,0,,,0.042803309857845306
80yr_0360m_h722,80,0360,,0,ENUM,6.2679966229388215,48,290,69,0,112.19490988528287,0,,,0.12983056181110442
20yr_1440m_h1134,20,1440,,0,ENUM,6.276887881820469,182,329,62,0,377.3040092627618,0,,,0.4269843101501465
80yr_0720m_h879,80,0720,,0,ENUM,6.2798639332794925,94,418,37,1,202.0609705171596,0,,,0.2294521420262754
20yr_0360m_h684,20,0360,,0,ENUM,6.2913838977605865,64,246,37,0,108.63727933612661,0,,,0.12084888597019017
10yr_0120m_h285,10,0120,,0,ENUM,6.4527569947692145,14,114,23,0,47.220822088606916,0,,,0.05592830199748278
30yr_1440m_h1147,30,1440,,0,ENUM,6.288304845758635,158,381,55,0,380.08638756694904,0,,,0.42614405998028815
50yr_1080m_h1032,50,1080,,0,ENUM,6.2932139767852675,126,427,45,0,291.49115666198475,0,,,0.32880230993032455
80yr_1440m_h1185,80,1440,,0,ENUM,6.305842694695243,218,413,82,1,378.5376862804201,0,,,0.4269709780346602
20yr_0720m_h888,20,0720,,0,ENUM,6.314704225930758,88,317,30,0,199.98072401333678,0,,,0.22265848913230002
50yr_0360m_h730,50,0360,,0,ENUM,6.2807705390068325,48,276,58,0,111.11943097150755,0,,,0.1304520971607417
30yr_0360m_h642,30,0360,,0,ENUM,6.277047707716394,30,294,19,0,111.48144629176069,0,,,0.12494395300745964
20yr_0120m_h296,20,0120,,0,ENUM,6.4602246786964885,12,122,35,0,48.14889594845386,0,,,0.058548602974042296
30yr_0120m_h295,30,0120,,0,ENUM,6.321279868165929,12,127,39,0,48.30355981861987,0,,,0.059406666085124016
10yr_0720m_h932,10,0720,,0,ENUM,6.269208235914786,66,282,24,0,199.60257764836854,0,,,0.2180584028828889
20yr_0180m_h483,20,0180,,0,ENUM,6.285393644358672,30,148,40,0,63.107325235409675,0,,,0.07413951400667429
100yr_0360m_h687,100,0360,,0,ENUM,6.322139969879358,58,289,72,0,111.55990467631841,0,,,0.13204117491841316
30yr_0540m_h761,30,0540,,0,ENUM,6.311298496804464,76,326,31,0,155.238012252472,0,,,0.17548866313882172
30yr_0360m_h656,30,0360,,0,ENUM,6.31342087527219,50,285,31,0,110.01773968653367,0,,,0.15083501301705837
80yr_0180m_h415,80,0180,,0,ENUM,6.327754751239083,16,188,57,0,65.78697614367789,0,,,0.0929449931718409
20yr_1440m_h1172,20,1440,,0,ENUM,6.288463899938263,142,350,49,0,379.56238870135377,0,,,0.5103157109115273
80yr_1080m_h1101,80,1080,,0,ENUM,6.296364179161978,174,427,67,2,289.721578876048,0,,,0.45795279718004167
80yr_0360m_h663,80,0360,,0,ENUM,6.329551010803435,34,309,53,0,112.54735454901268,0,,,0.13250698894262314
80yr_0360m_h725,80,0360,,0,ENUM,6.260451209308084,54,281,72,0,111.75969495350088,0,,,0.1301064770668745
30yr_0240m_h508,30,0240,,0,ENUM,6.344469331037144,44,220,31,0,78.78213392206871,0,,,0.0908771799877286
100yr_0120m_h347,100,0120,,0,ENUM,6.457972242973505,20,137,54,0,50.08136135327193,0,,,0.06043377495370805
30yr_0720m_h960,30,0720,,0,ENUM,6.294236027940455,106,348,41,0,200.0205869126722,0,,,0.22564442083239555
10yr_0120m_h262,10,0120,,0,ENUM,6.4212325555514305,14,121,16,0,47.18879470317492,0,,,0.054799714125692844
50yr_0540m_h867,50,0540,,0,ENUM,6.2791445723920045,80,354,47,0,155.97228790159244,0,,,0.18072490487247705
80yr_1440m_h1149,80,1440,,0,ENUM,6.280685339815793,208,428,80,2,379.4944734123488,0,,,0.43318847916089
20yr_1080m_h993,20,1080,,0,ENUM,6.282962875855191,166,314,60,3,287.16821320828853,0,,,0.32527259993366897
30yr_0540m_h801,30,0540,,0,ENUM,6.297664525289886,78,342,33,0,155.54282583285794,0,,,0.1746940140146762
50yr_0540m_h814,50,0540,,0,ENUM,6.301755661764241,82,361,39,0,155.88310523909024,0,,,0.17479714681394398
50yr_0180m_h407,50,0180,,0,ENUM,6.385301630516011,18,182,47,0,64.8646132981592,0,,,0.07860457198694348
20yr_0240m_h579,20,0240,,0,ENUM,6.253945439967842,26,196,32,0,78.7855565778089,0,,,0.09096526098437607
20yr_0120m_h325,20,0120,,0,ENUM,6.266512669325558,16,122,35,0,47.71635975034484,0,,,0.05743132089264691
30yr_0060m_h161,30,0060,,0,ENUM,6.3501235205504365,10,80,31,0,32.91974186528047,0,,,0.04163569095544517
10yr_0360m_h710,10,0360,,0,ENUM,6.3029404314462285,52,228,22,0,108.14463832635232,0,,,0.11795337591320276
20yr_0120m_h362,20,0120,,0,ENUM,6.332153466378859,22,117,37,0,47.53736083594057,0,,,0.05765077308751643
80yr_0240m_h502,80,0240,,0,ENUM,6.400623542271938,18,247,46,0,81.60756211435503,0,,,0.10037967702373862
50yr_0180m_h392,50,0180,,0,ENUM,6.26720532789918,12,196,36,0,65.09995918601251,0,,,0.07743936101906002
20yr_0180m_h434,20,0180,,0,ENUM,6.272006007352149,24,155,37,0,63.29219375942998,0,,,0.07901969202794135
10yr_0720m_h966,10,0720,,0,ENUM,6.295337439771027,108,257,43,4,197.0247727770564,0,,,0.22155025810934603
50yr_0240m_h503,50,0240,,0,ENUM,6.282758853959036,18,238,36,0,80.92397328552754,0,,,0.09599871304817498
50yr_0540m_h862,50,0540,,0,ENUM,6.317839263384035,80,360,48,1,156.07820702975354,0,,,0.18215623800642788
80yr_1440m_h1196,80,1440,,0,ENUM,6.299104725937335,218,422,82,2,378.65798649249723,0,,,0.43576022307388484
50yr_0720m_h952,50,0720,,0,ENUM,6.309784216499684,96,383,39,0,201.0804136359784,0,,,0.24526507291011512
30yr_0120m_h284,30,0120,,0,ENUM,6.340688813833767,12,129,40,0,48.46013317191725,0,,,0.0717612390872091
50yr_0360m_h651,50,0360,,0,ENUM,6.341312097541415,36,301,41,0,111.63696285297374,0,,,0.15644761198200285
80yr_0240m_h505,80,0240,,0,ENUM,6.3800503645542035,18,248,44,0,81.64287401975031,0,,,0.11975162592716515
50yr_0360m_h738,50,0360,,0,ENUM,6.288149773258131,40,278,58,0,111.4830053784988,0,,,0.15664128796197474
30yr_0540m_h834,30,0540,,0,ENUM,6.300513132509147,80,345,32,1,155.18335205770762,0,,,0.20832626917399466
50yr_0240m_h587,50,0240,,0,ENUM,6.319498859057782,30,209,52,0,79.78848445358801,0,,,0.11190960090607405
30yr_0360m_h694,30,0360,,0,ENUM,6.321239206914831,68,260,45,0,108.98586396986923,0,,,0.22662520594894886
30yr_1440m_h1186,30,1440,,0,ENUM,6.301511906417618,178,367,62,0,378.72571637864087,0,,,0.4221174130216241
20yr_0720m_h885,20,0720,,0,ENUM,6.3247917614497,88,315,32,1,199.74238515614587,0,,,0.23360528820194304
10yr_0540m_h813,10,0540,,0,ENUM,6.290236328001053,80,251,34,2,153.21415158079913,0,,,0.16962320101447403
10yr_1080m_h1060,10,1080,,0,ENUM,6.278007514974046,140,274,49,0,287.01505088060185,0,,,0.31999693298712373
30yr_0360m_h725,30,0360,,0,ENUM,6.286620932434062,46,263,47,0,110.40033304217552,0,,,0.1265403360594064
10yr_1440m_h1180,10,1440,,0,ENUM,6.299756137169454,176,275,61,0,375.7721415273926,0,,,0.4244182051625103
100yr_0060m_h134,100,0060,,0,ENUM,6.591866556302629,10,91,39,0,34.064750627085374,0,,,0.04313776199705899
20yr_0180m_h440,20,0180,,0,ENUM,6.26187867104288,24,158,34,0,63.261079179828855,0,,,0.0752239371649921
50yr_1080m_h1069,50,1080,,0,ENUM,6.305689842176732,118,425,42,0,291.69895739299886,0,,,0.3299418268725276
30yr_0360m_h723,30,0360,,0,ENUM,6.292073484963323,40,265,47,0,110.87624617469693,0,,,0.12776533304713666
30yr_0120m_h257,30,0120,,0,ENUM,6.505756627590839,14,135,32,0,48.67807494089238,0,,,0.05915419617667794
10yr_1080m_h1024,10,1080,,0,ENUM,6.2985762084094175,130,286,45,1,287.7011788201357,0,,,0.3230438050813973
20yr_0180m_h418,20,0180,,0,ENUM,6.331310259061827,14,171,29,0,64.01303944649351,0,,,0.07405285281129181
50yr_0360m_h661,50,0360,,0,ENUM,6.331034738163773,36,301,40,0,111.5758355308985,0,,,0.13083950313739479
20yr_0120m_h278,20,0120,,0,ENUM,6.404131721267544,14,134,26,0,47.97267510612592,0,,,0.05909512983635068
20yr_0360m_h642,20,0360,,0,ENUM,6.325228319192906,38,277,18,0,110.58762705403078,0,,,0.12424446502700448
50yr_0120m_h281,50,0120,,0,ENUM,6.478505753711167,10,133,48,0,50.34526831361765,0,,,0.06016098894178867
80yr_0720m_h898,80,0720,,0,ENUM,6.35126711021145,94,413,38,0,202.24254994520038,0,,,0.23081150790676475
80yr_0360m_h730,80,0360,,0,ENUM,6.257917177541222,44,289,68,0,112.13088480095276,0,,,0.12926900596357882
20yr_1440m_h1213,20,1440,,0,ENUM,6.3051780084078475,208,319,73,2,375.8746481227549,0,,,0.43772245896980166
100yr_0240m_h521,100,0240,,0,ENUM,6.4304443439061165,36,233,56,0,80.70523233084822,0,,,0.11876776604913175
30yr_1080m_h1079,30,1080,,0,ENUM,6.298424684697689,154,353,60,0,288.543355047314,0,,,0.39065894414670765
80yr_0240m_h518,80,0240,,0,ENUM,6.391312335601649,18,246,46,0,81.5931773540745,0,,,0.12228612299077213
30yr_0120m_h345,30,0120,,0,ENUM,6.358135909483638,18,123,43,0,48.932322072345436,0,,,0.07094568805769086
10yr_0060m_h201,10,0060,,0,ENUM,6.399778232258874,10,62,22,0,31.454865378026287,0,,,0.046622442081570625
10yr_0540m_h763,10,0540,,0,ENUM,6.338652520530114,78,244,30,1,152.9214520308198,0,,,0.2790785781107843
80yr_0120m_h265,80,0120,,0,ENUM,6.470512085415927,14,150,46,0,50.43935377043013,0,,,0.0677574269939214
20yr_0360m_h687,20,0360,,0,ENUM,6.293542674062375,64,252,36,1,108.71979888892388,0,,,0.12192738009616733
10yr_1440m_h1214,10,1440,,0,ENUM,6.294979058909467,174,281,58,1,375.7603716094402,0,,,0.4227087430190295
50yr_0120m_h355,50,0120,,0,ENUM,6.345025158754103,20,132,47,0,49.43978526696692,0,,,0.059741604840382934
20yr_0720m_h941,20,0720,,0,ENUM,6.2888392757029035,84,326,32,2,199.87418414061784,0,,,0.22104817791841924
10yr_0540m_h846,10,0540,,0,ENUM,6.298444874404778,82,252,35,0,152.80161386065834,0,,,0.17153687705285847
20yr_1440m_h1188,20,1440,,0,ENUM,6.286698365425843,190,326,67,1,376.77807868459206,0,,,0.41965653491206467
10yr_0360m_h628,10,0360,,0,ENUM,6.262299939821838,38,231,16,0,109.16930820228795,0,,,0.12239648122340441
100yr_0720m_h930,100,0720,,0,ENUM,6.275460912701144,96,434,42,1,202.52610721994924,0,,,0.22870355611667037
10yr_1440m_h1232,10,1440,,0,ENUM,6.306122343748832,174,276,58,1,375.5682316550722,0,,,0.42537618591450155
30yr_0120m_h261,30,0120,,0,ENUM,6.507760894973226,14,136,32,0,48.762411523714704,0,,,0.059733521891757846
100yr_1440m_h1155,100,1440,,0,ENUM,6.288385423221911,198,451,77,0,380.9053139047801,0,,,0.4340324280783534
100yr_0240m_h526,100,0240,,0,ENUM,6.448138599606235,18,250,51,0,81.93858517079536,0,,,0.09867617604322731
80yr_1440m_h1181,80,1440,,0,ENUM,6.293716240388903,218,424,84,0,378.9017337887064,0,,,0.4289443960878998
80yr_0540m_h835,80,0540,,0,ENUM,6.291267385762824,104,380,54,0,156.02072494414455,0,,,0.17970218998380005
80yr_0720m_h869,80,0720,,0,ENUM,6.283605102478063,94,416,37,1,201.95126318483693,0,,,0.23136349418200552
30yr_0180m_h465,30,0180,,0,ENUM,6.318656609593061,26,159,46,0,63.75020297753458,0,,,0.07652810914441943
20yr_0060m_h189,20,0060,,0,ENUM,6.381692774305015,10,72,29,0,32.45637685313276,0,,,0.041170957032591105
80yr_0240m_h530,80,0240,,0,ENUM,6.280478873954322,32,226,60,0,80.690315871367,0,,,0.09922389406710863
80yr_0540m_h862,80,0540,,0,ENUM,6.298124069077889,76,375,57,1,157.00245226670634,0,,,0.2261866219341755
80yr_0060m_h154,80,0060,,0,ENUM,6.583215381599198,10,95,38,0,34.21121811034831,0,,,0.052562974859029055
100yr_1080m_h1056,100,1080,,0,ENUM,6.288678364612129,136,468,48,0,292.04805194105995,0,,,0.39377657091245055
80yr_0540m_h785,80,0540,,0,ENUM,6.301507344583301,72,390,43,0,157.36726544003466,0,,,0.21509102592244744
20yr_0540m_h787,20,0540,,0,ENUM,6.280060758325635,50,331,19,0,156.01087820639373,0,,,0.2729289340786636
20yr_0180m_h396,20,0180,,0,ENUM,6.266956448733262,22,180,21,0,63.477762117480914,0,,,0.07280324189923704
30yr_0180m_h390,30,0180,,0,ENUM,6.381142372449869,18,187,29,0,64.21594661540352,0,,,0.07698544696904719
20yr_0060m_h242,20,0060,,0,ENUM,6.284809222620244,12,75,28,0,31.89532924821309,0,,,0.04073672089725733
20yr_0360m_h656,20,0360,,0,ENUM,6.319958419886288,39,273,23,0,110.26860817369521,0,,,0.12238610815256834
50yr_0120m_h283,50,0120,,0,ENUM,6.445720258430315,10,132,47,0,49.87904551311958,0,,,0.05949211004190147
10yr_0120m_h325,10,0120,,0,ENUM,6.32903595231508,16,114,24,0,47.067010858391825,0,,,0.05623959889635444
30yr_0180m_h456,30,0180,,0,ENUM,6.26570056619513,26,162,43,0,63.78505318369119,0,,,0.08280963590368629
80yr_1080m_h1110,80,1080,,0,ENUM,6.3000513116129735,184,426,69,1,289.1791475662571,0,,,0.33413518290035427
80yr_0240m_h550,80,0240,,0,ENUM,6.269388512590227,26,225,58,0,80.82190355587171,0,,,0.09590403991751373
10yr_0720m_h881,10,0720,,0,ENUM,6.304196314855812,110,248,43,2,197.30379869673283,0,,,0.22210062993690372
30yr_1080m_h1105,30,1080,,0,ENUM,6.316348729445659,150,366,55,0,288.93350467754715,0,,,0.32756618806160986
30yr_0720m_h870,30,0720,,0,ENUM,6.321291893411959,114,333,43,0,199.3777742786803,0,,,0.22474824008531868
10yr_0120m_h267,10,0120,,0,ENUM,6.419101288505523,14,123,15,0,47.268965863335886,0,,,0.055056768003851175
20yr_0540m_h814,20,0540,,0,ENUM,6.288859892033675,72,313,30,0,155.030141469724,0,,,0.17322856094688177
30yr_0240m_h589,30,0240,,0,ENUM,6.311540240527026,34,196,48,0,79.48199580667676,0,,,0.09370295889675617
100yr_0360m_h721,100,0360,,0,ENUM,6.2996477450766575,48,294,72,0,112.37859053437899,0,,,0.13201736519113183
10yr_0240m_h573,10,0240,,0,ENUM,6.264241597185816,46,176,25,0,77.22823592127745,0,,,0.08601176692172885
10yr_1440m_h1239,10,1440,,0,ENUM,6.286010090106149,174,277,59,0,375.78265858909526,0,,,0.426505422918126
10yr_0060m_h219,10,0060,,0,ENUM,6.365471254706857,12,67,21,0,31.066645577322287,0,,,0.040038113947957754
80yr_0180m_h439,80,0180,,0,ENUM,6.319039080826433,18,180,59,0,65.73263569113882,0,,,0.07634367397986352
50yr_0720m_h980,50,0720,,0,ENUM,6.310446335623016,120,371,51,0,200.1114082390297,0,,,0.23331266222521663
50yr_1080m_h1026,50,1080,,0,ENUM,6.308333978953566,116,418,43,0,291.79884068659237,0,,,0.3333500921726227
10yr_0540m_h751,10,0540,,0,ENUM,6.3360443808215345,78,243,30,1,152.9517981840067,0,,,0.1730543370358646
10yr_1080m_h1106,10,1080,,0,ENUM,6.282007329272192,168,259,63,1,285.7357281652969,0,,,0.33398203388787806
30yr_0540m_h836,30,0540,,0,ENUM,6.28289805415812,83,335,37,0,155.08095854300706,0,,,0.2113562780432403
30yr_0180m_h409,30,0180,,0,ENUM,6.269075066800721,22,177,37,0,64.20141088145917,0,,,0.09640554012730718
30yr_1440m_h1166,30,1440,,0,ENUM,6.311799438361073,168,380,57,0,379.3123654077474,0,,,0.5233113099820912
80yr_0240m_h533,80,0240,,0,ENUM,6.285874337342202,30,224,62,0,80.98763771454455,0,,,0.18534192792139947
10yr_1080m_h1108,10,1080,,0,ENUM,6.305992501886723,168,261,60,0,285.82969390519554,0,,,0.3341361000202596
10yr_0120m_h330,10,0120,,0,ENUM,6.341608746125006,20,113,26,0,46.87220022315072,0,,,0.056117197033017874
20yr_0360m_h742,20,0360,,0,ENUM,6.290420934466859,58,241,44,0,109.1221863823769,0,,,0.12567367684096098
10yr_0240m_h565,10,0240,,0,ENUM,6.310572646849422,30,177,18,0,77.64917374058861,0,,,0.0936503519769758
50yr_0060m_h166,50,0060,,0,ENUM,6.635195204741246,10,81,36,0,33.639090947100165,0,,,0.042013562051579356
10yr_1440m_h1210,10,1440,,0,ENUM,6.306621860504256,174,280,59,0,375.82796444064525,0,,,0.42381031112745404
50yr_0120m_h279,50,0120,,0,ENUM,6.462259150117092,10,133,47,0,50.07811211604013,0,,,0.05952390399761498
50yr_0180m_h487,50,0180,,0,ENUM,6.256668439821485,26,169,54,0,64.92834225951785,0,,,0.0760638820938766
100yr_0180m_h483,100,0180,,0,ENUM,6.299564776616739,30,175,64,0,66.15365598926793,0,,,0.07692908495664597
50yr_0180m_h426,50,0180,,0,ENUM,6.409733316981575,14,185,49,0,65.34169734582632,0,,,0.07769297179766
80yr_0240m_h510,80,0240,,0,ENUM,6.384699203656995,18,247,45,0,81.52429218176565,0,,,0.1037445580586791
50yr_0060m_h191,50,0060,,0,ENUM,6.556927894250668,10,79,37,0,33.60588743687671,0,,,0.04163877386599779
100yr_1440m_h1185,100,1440,,0,ENUM,6.322489737646296,236,425,91,1,378.3533050092487,0,,,0.4370382600463927
80yr_0060m_h216,80,0060,,0,ENUM,6.778206046963455,10,81,39,0,34.098080117228434,0,,,0.042895739898085594
100yr_0540m_h856,100,0540,,0,ENUM,6.307077431301136,80,381,62,1,157.1597223682397,0,,,0.18868946912698448
30yr_0540m_h791,30,0540,,0,ENUM,6.300539198320988,68,343,30,1,155.92255815051107,0,,,0.17560942517593503
20yr_0360m_h688,20,0360,,0,ENUM,6.283179553811409,64,247,35,0,108.61888695310891,0,,,0.12217650096863508
50yr_0240m_h498,50,0240,,0,ENUM,6.3013634279258754,18,239,37,0,80.96640967499948,0,,,0.09665948199108243
10yr_1440m_h1144,10,1440,,0,ENUM,6.315842046054145,148,285,49,0,377.2231945443779,0,,,0.4294909038580954
30yr_0360m_h711,30,0360,,0,ENUM,6.288240454348376,68,264,44,0,109.1021635015283,0,,,0.13184502790682018
30yr_0240m_h600,30,0240,,0,ENUM,6.303307431435958,34,198,46,0,79.48661229546865,0,,,0.09248988912440836
20yr_1440m_h1166,20,1440,,0,ENUM,6.306232870417793,190,332,67,1,377.0709610100362,0,,,0.4325338648632169
10yr_0060m_h136,10,0060,,0,ENUM,6.5325299463711,10,77,16,0,31.557396725500663,0,,,0.03801014693453908
30yr_0540m_h812,30,0540,,0,ENUM,6.307352137064278,78,334,34,0,155.37099450973153,0,,,0.1747322860173881
10yr_0360m_h688,10,0360,,0,ENUM,6.279703851216426,52,221,23,0,107.99867749550914,0,,,0.13809255114756525
20yr_1440m_h1202,20,1440,,0,ENUM,6.288327046207813,190,323,67,0,376.8548107218155,0,,,0.5068533651065081
50yr_0240m_h515,50,0240,,0,ENUM,6.299858944487589,18,238,37,0,80.83813868031794,0,,,0.11393086612224579
30yr_0720m_h938,30,0720,,0,ENUM,6.287790657312157,106,351,40,1,199.96199599544332,0,,,0.33523537311702967
50yr_0540m_h785,50,0540,,0,ENUM,6.300237330708819,74,372,36,1,156.3073264919152,0,,,0.18915387196466327
50yr_0060m_h132,50,0060,,0,ENUM,6.291778308197436,10,92,31,0,33.069442254642325,0,,,0.04279478406533599
80yr_0540m_h854,80,0540,,0,ENUM,6.294160665908108,80,378,58,0,157.00759318950145,0,,,0.18723262986168265
10yr_0720m_h916,10,0720,,0,ENUM,6.3051294527171455,92,273,35,0,198.3919187394892,0,,,0.2273809148464352
100yr_0720m_h912,100,0720,,0,ENUM,6.268366202947081,78,450,32,0,203.31329033659625,0,,,0.22835940402001143
30yr_0120m_h265,30,0120,,0,ENUM,6.540407768689563,14,139,33,0,48.853279026553025,0,,,0.06024654791690409
80yr_0540m_h747,80,0540,,0,ENUM,6.293561621802311,64,398,33,0,158.13833106976298,0,,,0.17957985098473728
30yr_0180m_h459,30,0180,,0,ENUM,6.27094271782631,26,161,43,0,63.73734485648785,0,,,0.07649871404282749
10yr_0540m_h777,10,0540,,0,ENUM,6.286796868369791,82,250,32,1,152.9807022347917,0,,,0.17067157290875912
80yr_0120m_h271,80,0120,,0,ENUM,6.47689814608411,14,149,47,0,50.481461087129546,0,,,0.06182621815241873
80yr_0180m_h385,80,0180,,0,ENUM,6.370318344482232,18,201,46,0,65.30236273541145,0,,,0.08025661390274763
100yr_1440m_h1209,100,1440,,0,ENUM,6.3004146614092855,182,471,67,2,381.0276915933364,0,,,0.4380154099781066
100yr_0720m_h926,100,0720,,0,ENUM,6.286164840193337,92,440,39,0,202.60283012562311,0,,,0.2327002831734717
80yr_0180m_h403,80,0180,,0,ENUM,6.319711444938423,16,189,56,0,65.75992111911204,0,,,0.07909128698520362
30yr_0120m_h318,30,0120,,0,ENUM,6.340012157473592,16,125,40,0,48.264161018925165,0,,,0.05896152392961085
50yr_0720m_h957,50,0720,,0,ENUM,6.30730582245708,106,377,45,1,200.64350243813323,0,,,0.22840980882756412
30yr_0720m_h868,30,0720,,0,ENUM,6.329793402668567,114,338,41,0,199.50650595517678,0,,,0.22601208603009582
50yr_0120m_h302,50,0120,,0,ENUM,6.476937729116763,10,134,48,0,50.29580637504358,0,,,0.05978970811702311
50yr_0180m_h381,50,0180,,0,ENUM,6.279228517515542,12,197,38,0,65.25113279086442,0,,,0.08092288090847433
50yr_0240m_h576,50,0240,,0,ENUM,6.25944855683045,32,211,53,0,79.89917215254495,0,,,0.0947956838645041
80yr_0540m_h818,80,0540,,0,ENUM,6.29874450211179,86,382,50,0,156.58854072197119,0,,,0.1789532438851893
10yr_1440m_h1119,10,1440,,0,ENUM,6.304009220066287,158,287,52,1,376.5738244368184,0,,,0.4309453449677676
20yr_0120m_h361,20,0120,,0,ENUM,6.3415325595773595,22,113,39,0,47.23452428793502,0,,,0.05911449994891882
80yr_1080m_h1071,80,1080,,0,ENUM,6.30331371491316,130,455,46,0,291.9035254990338,0,,,0.3485036559868604
80yr_0060m_h217,80,0060,,0,ENUM,6.412995705926822,10,82,39,0,32.95242526768603,0,,,0.05102324509061873
100yr_0060m_h145,100,0060,,0,ENUM,6.630778549833151,10,94,39,0,34.28020153433906,0,,,0.052009891951456666
10yr_1080m_h1034,10,1080,,0,ENUM,6.296027929072867,140,283,49,0,287.2580895511462,0,,,0.39015547395683825
30yr_0360m_h738,30,0360,,0,ENUM,6.288566759120746,54,251,50,0,109.71367481456247,0,,,0.1512111290358007
80yr_1080m_h1069,80,1080,,0,ENUM,6.292331411959992,130,448,48,1,291.7137074019183,0,,,0.4574836988467723
10yr_0720m_h954,10,0720,,0,ENUM,6.292116200184807,66,282,24,0,199.79817701343853,0,,,0.21780358091928065
30yr_0180m_h430,30,0180,,0,ENUM,6.271589246958864,24,175,38,0,63.92161361432146,0,,,0.08151321206241846
80yr_0240m_h552,80,0240,,0,ENUM,6.2779291403474655,37,226,62,0,80.52998482178522,0,,,0.09554280317388475
80yr_0540m_h823,80,0540,,0,ENUM,6.318044415488598,99,376,57,0,156.2700942615026,0,,,0.17939307587221265
10yr_0240m_h550,10,0240,,0,ENUM,6.318722336217397,28,187,17,0,78.07307022183136,0,,,0.08763644006103277
50yr_1080m_h1070,50,1080,,0,ENUM,6.284307862325648,146,406,53,0,290.05279740280366,0,,,0.34032598696649075
20yr_0240m_h597,20,0240,,0,ENUM,6.268843030003493,34,184,40,0,78.80393291554677,0,,,0.0933743950445205
30yr_0540m_h854,30,0540,,0,ENUM,6.314668945503428,92,322,46,1,154.62032123690415,0,,,0.17808598699048162
30yr_0720m_h920,30,0720,,0,ENUM,6.282168998512738,104,345,41,1,199.80821985448256,0,,,0.22774731903336942
80yr_0540m_h815,80,0540,,0,ENUM,6.306222907583957,90,382,50,0,156.26587060096261,0,,,0.18009994900785387
10yr_0720m_h918,10,0720,,0,ENUM,6.278885049122233,92,275,34,0,198.41859229286578,0,,,0.22261853609234095
20yr_0540m_h818,20,0540,,0,ENUM,6.314993459059282,72,320,30,0,155.05225573075128,0,,,0.17608603416010737
100yr_1080m_h1043,100,1080,,0,ENUM,6.281977972220335,144,465,53,2,291.5524362405392,0,,,0.33718864293769
20yr_0180m_h480,20,0180,,0,ENUM,6.302274569388961,30,150,40,0,63.08533017611507,0,,,0.07465286692604423
100yr_0240m_h570,100,0240,,0,ENUM,6.263880913796111,26,228,66,0,81.29060684267819,0,,,0.0947404750622809
100yr_0540m_h803,100,0540,,0,ENUM,6.287518015036361,76,403,47,0,157.67244819394102,0,,,0.1830442431382835
80yr_0720m_h888,80,0720,,0,ENUM,6.299946792895632,94,425,36,0,202.5438656360867,0,,,0.23201343300752342
10yr_0240m_h538,10,0240,,0,ENUM,6.312250135981146,28,186,17,0,78.06023065873276,0,,,0.08930084109306335
20yr_0180m_h459,20,0180,,0,ENUM,6.2795261287285475,24,157,37,0,63.36975457872913,0,,,0.07806914509274065
10yr_0120m_h302,10,0120,,0,ENUM,6.252061597682945,14,119,21,0,47.29335021627692,0,,,0.05690924287773669
10yr_0120m_h347,10,0120,,0,ENUM,6.327246606870039,20,103,29,0,46.935558216731835,0,,,0.057455328991636634
50yr_0360m_h722,50,0360,,0,ENUM,6.282938100556746,44,278,57,0,111.4217335005898,0,,,0.13184875901788473
30yr_0720m_h952,30,0720,,0,ENUM,6.292531831004161,106,350,41,0,199.98678956680757,0,,,0.22760237497277558
30yr_0060m_h193,30,0060,,0,ENUM,6.526418851916351,10,72,33,0,33.1014807174123,0,,,0.04208036791533232
20yr_0540m_h843,20,0540,,0,ENUM,6.283653470610138,80,307,35,0,154.2166872804733,0,,,0.19415262411348522
50yr_0540m_h861,50,0540,,0,ENUM,6.295380665800664,80,359,47,0,156.1246484636403,0,,,0.21907627792097628
100yr_0720m_h971,100,0720,,0,ENUM,6.304593337336967,126,416,55,1,200.65239594153348,0,,,0.27912072697654366
20yr_0720m_h873,20,0720,,0,ENUM,6.320149657082011,88,315,33,1,199.96975816460048,0,,,0.2698810840956867
30yr_0120m_h320,30,0120,,0,ENUM,6.334638546966912,16,124,40,0,47.80368934346736,0,,,0.07050528889521956
80yr_0060m_h127,80,0060,,0,ENUM,6.500160957162901,10,94,37,0,33.92788091912261,0,,,0.11735685099847615
80yr_1080m_h1102,80,1080,,0,ENUM,6.312289639420379,176,425,69,2,289.3321970909621,0,,,0.34881340083666146
100yr_0540m_h813,100,0540,,0,ENUM,6.322880958586336,98,383,60,0,156.46212016528003,0,,,0.18207937595434487
10yr_1440m_h1127,10,1440,,0,ENUM,6.3026613910676135,158,282,53,0,376.55075239483205,0,,,0.43933309987187386
30yr_0120m_h316,30,0120,,0,ENUM,6.350915507635172,16,125,41,0,48.23929387937841,0,,,0.058945235097780824
20yr_0180m_h417,20,0180,,0,ENUM,6.357363065120567,14,172,31,0,64.13907062795381,0,,,0.07555496483109891
50yr_0120m_h265,50,0120,,0,ENUM,6.369557194172895,14,149,39,0,49.363924522327466,0,,,0.061755373142659664
20yr_1080m_h1091,20,1080,,0,ENUM,6.2850508584505,150,319,59,2,287.56892617277333,0,,,0.33224984910339117
10yr_0720m_h940,10,0720,,0,ENUM,6.286566653781812,90,279,33,0,198.4555653906415,0,,,0.22190063702873886
30yr_0540m_h853,30,0540,,0,ENUM,6.313081473144443,96,321,45,0,154.38026399987115,0,,,0.17877306905575097
100yr_0120m_h371,100,0120,,0,ENUM,6.700878808949454,20,141,54,0,50.780384038664565,0,,,0.0622357779648155
20yr_0540m_h817,20,0540,,0,ENUM,6.313543385156256,72,312,30,0,154.71676350853912,0,,,0.17663314891979098
100yr_0180m_h400,100,0180,,0,ENUM,6.426243460913254,16,202,51,0,65.86119625859465,0,,,0.08069066004827619
50yr_0540m_h849,50,0540,,0,ENUM,6.294557151412212,84,350,48,0,155.81373525320342,0,,,0.18343732692301273
80yr_0540m_h810,80,0540,,0,ENUM,6.284731005542486,94,371,54,0,156.11028111019164,0,,,0.18091666302643716
50yr_1440m_h1166,50,1440,,0,ENUM,6.285782492033915,192,404,69,1,379.10594072221375,0,,,0.4372599539346993
50yr_1080m_h1002,50,1080,,0,ENUM,6.2827716336039545,160,386,59,2,289.3598493925877,0,,,0.33488101908005774
20yr_0540m_h766,20,0540,,0,ENUM,6.318416368015315,88,292,36,0,153.97166369791432,0,,,0.1765695281792432
30yr_0540m_h847,30,0540,,0,ENUM,6.311920333311411,96,322,45,0,154.4706411260471,0,,,0.1798851101193577
10yr_0180m_h441,10,0180,,0,ENUM,6.269668523326482,30,144,25,0,62.1904408357109,0,,,0.07455788995139301
10yr_1080m_h1027,10,1080,,0,ENUM,6.294041392830632,130,283,45,0,287.6898860330236,0,,,0.3606027290225029
50yr_0360m_h712,50,0360,,0,ENUM,6.30896030332277,60,271,56,0,110.01555766105733,0,,,0.15466361306607723
100yr_0360m_h735,100,0360,,0,ENUM,6.250422399893032,48,297,73,1,112.38669617124842,0,,,0.15672310115769506
10yr_0120m_h344,10,0120,,0,ENUM,6.334523775632089,24,106,28,0,46.79047765560318,0,,,0.06715932115912437
30yr_0060m_h246,30,0060,,0,ENUM,6.349857317883532,12,74,31,0,32.0857884366539,0,,,0.049031691160053015
20yr_0180m_h399,20,0180,,0,ENUM,6.460711687026813,18,175,22,0,63.64929589139416,0,,,0.08770929696038365
50yr_1440m_h1143,50,1440,,0,ENUM,6.306051986696616,224,383,79,1,377.25411389752566,0,,,0.5607525601517409
100yr_0240m_h497,100,0240,,0,ENUM,6.432629503887757,18,249,50,0,81.78639269091106,0,,,0.09778905799612403
20yr_0240m_h528,20,0240,,0,ENUM,6.38621149171112,26,210,28,0,79.19648576753653,0,,,0.09564404818229377
30yr_0540m_h745,30,0540,,0,ENUM,6.320983180858695,62,346,26,0,156.7258975405203,0,,,0.1744938031770289
30yr_0360m_h668,30,0360,,0,ENUM,6.3154423354455425,50,288,31,0,109.98007170827881,0,,,0.12397612095810473
10yr_0240m_h496,10,0240,,0,ENUM,6.398963034474339,32,185,15,0,78.04580839101422,0,,,0.08772188401781023
80yr_1440m_h1237,80,1440,,0,ENUM,6.295505280235585,190,454,66,0,379.6584923335841,0,,,0.441389094106853
30yr_0120m_h291,30,0120,,0,ENUM,6.339994654650408,12,127,40,0,48.41006690301552,0,,,0.059164236998185515
50yr_0240m_h582,50,0240,,0,ENUM,6.272598436481365,26,215,53,0,80.28858682199171,0,,,0.09260491607710719
80yr_0540m_h833,80,0540,,0,ENUM,6.307755716814441,86,383,50,0,156.5390352205438,0,,,0.1795057961717248
30yr_0720m_h955,30,0720,,0,ENUM,6.293676952059302,96,344,39,1,200.22137779401746,0,,,0.223525146022439
100yr_0120m_h357,100,0120,,0,ENUM,6.687562144168365,20,142,54,0,50.78850092527165,0,,,0.06038819486275315
20yr_1080m_h1069,20,1080,,0,ENUM,6.296489119851232,154,321,56,0,287.86427916474906,0,,,0.3199566148687154
100yr_0180m_h495,100,0180,,0,ENUM,6.289715628220678,28,176,63,0,65.5773919374121,0,,,0.0765677448362112
20yr_0540m_h791,20,0540,,0,ENUM,6.28259349005904,56,318,24,2,155.30176002917983,0,,,0.1735215918160975
80yr_0540m_h788,80,0540,,0,ENUM,6.301733230942739,82,395,46,1,157.02547354950568,0,,,0.17917174892500043
