state_id,scenario_id,L,method,impl,wall_s,n_obj_calls,first_action,best_total,rep,gap_vs_enum,first_action_match
50yr_0180m_h411_step0,50yr_0180m_h411,1,ENUM,deployed,0.0001282889861613512,6,0,,,,
50yr_0180m_h411_step0,50yr_0180m_h411,1,ENUM,vectorized,7.863296195864677e-05,6,0,0.65,,,
50yr_0180m_h411_step0,50yr_0180m_h411,1,GA,deployed,0.012825526064261794,1100,0,0.65,0,0.0,1
50yr_0180m_h411_step0,50yr_0180m_h411,1,GA,vectorized,0.008403935935348272,1100,0,0.65,0,0.0,1
50yr_0180m_h411_step0,50yr_0180m_h411,1,GA,deployed,0.012555066030472517,1100,0,0.65,1,0.0,1
50yr_0180m_h411_step0,50yr_0180m_h411,1,GA,vectorized,0.007879524026066065,1100,0,0.65,1,0.0,1
50yr_0180m_h411_step0,50yr_0180m_h411,1,GA,deployed,0.01251770812086761,1100,0,0.65,2,0.0,1
50yr_0180m_h411_step0,50yr_0180m_h411,1,GA,vectorized,0.007790051866322756,1100,0,0.65,2,0.0,1
50yr_0180m_h411_step0,50yr_0180m_h411,1,PSO,deployed,0.0037045369390398264,330,0,0.65,0,0.0,1
50yr_0180m_h411_step0,50yr_0180m_h411,1,PSO,vectorized,0.0003421830479055643,330,0,0.65,0,0.0,1
50yr_0180m_h411_step0,50yr_0180m_h411,1,PSO,deployed,0.0036829898599535227,330,0,0.65,1,0.0,1
50yr_0180m_h411_step0,50yr_0180m_h411,1,PSO,vectorized,0.00030041509307920933,330,0,0.65,1,0.0,1
50yr_0180m_h411_step0,50yr_0180m_h411,1,PSO,deployed,0.0036297410260885954,330,0,0.65,2,0.0,1
50yr_0180m_h411_step0,50yr_0180m_h411,1,PSO,vectorized,0.00028801802545785904,330,0,0.65,2,0.0,1
50yr_0180m_h411_step0,50yr_0180m_h411,2,ENUM,deployed,0.0011685381177812815,72,0,,,,
50yr_0180m_h411_step0,50yr_0180m_h411,2,ENUM,vectorized,0.00011580204591155052,72,0,1.3,,,
50yr_0180m_h411_step0,50yr_0180m_h411,2,GA,deployed,0.022607542108744383,2200,0,1.3,0,0.0,1
50yr_0180m_h411_step0,50yr_0180m_h411,2,GA,vectorized,0.008955780882388353,2200,0,1.3,0,0.0,1
50yr_0180m_h411_step0,50yr_0180m_h411,2,GA,deployed,0.02201468707062304,2200,0,1.3,1,0.0,1
50yr_0180m_h411_step0,50yr_0180m_h411,2,GA,vectorized,0.00912166596390307,2200,0,1.3,1,0.0,1
50yr_0180m_h411_step0,50yr_0180m_h411,2,GA,deployed,0.021735284011811018,2200,0,1.3,2,0.0,1
50yr_0180m_h411_step0,50yr_0180m_h411,2,GA,vectorized,0.00915010110475123,2200,0,1.3,2,0.0,1
50yr_0180m_h411_step0,50yr_0180m_h411,2,PSO,deployed,0.007187888026237488,720,0,1.3,0,0.0,1
50yr_0180m_h411_step0,50yr_0180m_h411,2,PSO,vectorized,0.00046988693065941334,720,0,1.3,0,0.0,1
50yr_0180m_h411_step0,50yr_0180m_h411,2,PSO,deployed,0.007145596900954843,720,0,1.3,1,0.0,1
50yr_0180m_h411_step0,50yr_0180m_h411,2,PSO,vectorized,0.00040644104592502117,720,0,1.3,1,0.0,1
50yr_0180m_h411_step0,50yr_0180m_h411,2,PSO,deployed,0.007241280982270837,720,0,1.3,2,0.0,1
50yr_0180m_h411_step0,50yr_0180m_h411,2,PSO,vectorized,0.0004053402226418257,720,0,1.3,2,0.0,1
50yr_0180m_h411_step0,50yr_0180m_h411,3,ENUM,deployed,0.0064989360980689526,648,0,,,,
50yr_0180m_h411_step0,50yr_0180m_h411,3,ENUM,vectorized,0.00013137212954461575,648,0,1.9500000000000002,,,
50yr_0180m_h411_step0,50yr_0180m_h411,3,GA,deployed,0.037200422026216984,3900,0,1.9500000000000002,0,0.0,1
50yr_0180m_h411_step0,50yr_0180m_h411,3,GA,vectorized,0.011773979989811778,4200,0,1.9500000000000002,0,0.0,1
50yr_0180m_h411_step0,50yr_0180m_h411,3,GA,deployed,0.035381600027903914,3600,0,1.9500000000000002,1,0.0,1
50yr_0180m_h411_step0,50yr_0180m_h411,3,GA,vectorized,0.012678412022069097,4500,0,1.9500000000000002,1,0.0,1
50yr_0180m_h411_step0,50yr_0180m_h411,3,GA,deployed,0.035327490884810686,3600,0,1.9500000000000002,2,0.0,1
50yr_0180m_h411_step0,50yr_0180m_h411,3,GA,vectorized,0.00921341311186552,3300,0,1.9500000000000002,2,0.0,1
50yr_0180m_h411_step0,50yr_0180m_h411,3,PSO,deployed,0.010547711048275232,1080,0,1.9500000000000002,0,0.0,1
50yr_0180m_h411_step0,50yr_0180m_h411,3,PSO,vectorized,0.0006217011250555515,1170,0,1.9500000000000002,0,0.0,1
50yr_0180m_h411_step0,50yr_0180m_h411,3,PSO,deployed,0.010128217050805688,1080,0,1.9500000000000002,1,0.0,1
50yr_0180m_h411_step0,50yr_0180m_h411,3,PSO,vectorized,0.0005607989151030779,1170,0,1.9500000000000002,1,0.0,1
50yr_0180m_h411_step0,50yr_0180m_h411,3,PSO,deployed,0.012258769944310188,1260,0,1.9500000000000002,2,0.0,1
50yr_0180m_h411_step0,50yr_0180m_h411,3,PSO,vectorized,0.0005930601619184017,1260,0,1.9500000000000002,2,0.0,1
50yr_0180m_h411_step0,50yr_0180m_h411,5,ENUM,deployed,0.3802868230268359,38880,0,,,,
50yr_0180m_h411_step0,50yr_0180m_h411,5,ENUM,vectorized,0.001995946979150176,38880,0,3.25,,,
50yr_0180m_h411_step0,50yr_0180m_h411,5,GA,deployed,0.07192662404850125,8000,0,3.25,0,0.0,1
50yr_0180m_h411_step0,50yr_0180m_h411,5,GA,vectorized,0.011962495045736432,7000,0,3.25,0,0.0,1
50yr_0180m_h411_step0,50yr_0180m_h411,5,GA,deployed,0.0675842051859945,7500,0,3.25,1,0.0,1
50yr_0180m_h411_step0,50yr_0180m_h411,5,GA,vectorized,0.024960725102573633,14000,0,3.25,1,0.0,1
50yr_0180m_h411_step0,50yr_0180m_h411,5,GA,deployed,0.07286192988976836,8000,0,3.25,2,0.0,1
50yr_0180m_h411_step0,50yr_0180m_h411,5,GA,vectorized,0.011131477076560259,6500,0,3.25,2,0.0,1
50yr_0180m_h411_step0,50yr_0180m_h411,5,PSO,deployed,0.01971087185665965,2100,0,3.25,0,0.0,1
50yr_0180m_h411_step0,50yr_0180m_h411,5,PSO,vectorized,0.0008290049154311419,1950,0,3.25,0,0.0,1
50yr_0180m_h411_step0,50yr_0180m_h411,5,PSO,deployed,0.02410159190185368,2550,0,3.25,1,0.0,1
50yr_0180m_h411_step0,50yr_0180m_h411,5,PSO,vectorized,0.0008151500951498747,2100,0,3.25,1,0.0,1
50yr_0180m_h411_step0,50yr_0180m_h411,5,PSO,deployed,0.018593201180920005,2100,0,3.25,2,0.0,1
50yr_0180m_h411_step0,50yr_0180m_h411,5,PSO,vectorized,0.0008058531675487757,2100,0,3.25,2,0.0,1
50yr_0180m_h411_step0,50yr_0180m_h411,6,ENUM,deployed,2.7123318570666015,279936,0,,,,
50yr_0180m_h411_step0,50yr_0180m_h411,6,ENUM,vectorized,0.01430866215378046,279936,0,3.9,,,
50yr_0180m_h411_step0,50yr_0180m_h411,6,GA,deployed,0.11163959605619311,12600,0,3.9,0,0.0,1
50yr_0180m_h411_step0,50yr_0180m_h411,6,GA,vectorized,0.014224755112081766,9600,0,3.9,0,0.0,1
50yr_0180m_h411_step0,50yr_0180m_h411,6,GA,deployed,0.12479466199874878,13800,0,3.9,1,0.0,1
50yr_0180m_h411_step0,50yr_0180m_h411,6,GA,vectorized,0.011953813023865223,8400,0,3.9,1,0.0,1
50yr_0180m_h411_step0,50yr_0180m_h411,6,GA,deployed,0.08728745812550187,10200,0,3.9,2,0.0,1
50yr_0180m_h411_step0,50yr_0180m_h411,6,GA,vectorized,0.014131564181298018,9600,0,3.9,2,0.0,1
50yr_0180m_h411_step0,50yr_0180m_h411,6,PSO,deployed,0.02500369492918253,2880,0,3.9,0,0.0,1
50yr_0180m_h411_step0,50yr_0180m_h411,6,PSO,vectorized,0.00103563885204494,2700,0,3.9,0,0.0,1
50yr_0180m_h411_step0,50yr_0180m_h411,6,PSO,deployed,0.0251331957988441,2700,0,3.9,1,0.0,1
50yr_0180m_h411_step0,50yr_0180m_h411,6,PSO,vectorized,0.0012204009108245373,3060,0,3.9,1,0.0,1
50yr_0180m_h411_step0,50yr_0180m_h411,6,PSO,deployed,0.026453249156475067,2880,0,3.9,2,0.0,1
50yr_0180m_h411_step0,50yr_0180m_h411,6,PSO,vectorized,0.0009872019290924072,2520,0,3.9,2,0.0,1
50yr_0180m_h411_step0,50yr_0180m_h411,7,ENUM,deployed,18.95717926020734,1959552,0,,,,
50yr_0180m_h411_step0,50yr_0180m_h411,7,ENUM,vectorized,0.1174224279820919,1959552,0,4.55,,,
50yr_0180m_h411_step0,50yr_0180m_h411,7,GA,deployed,0.10961738298647106,12600,0,4.55,0,0.0,1
50yr_0180m_h411_step0,50yr_0180m_h411,7,GA,vectorized,0.014919131062924862,11900,0,4.55,0,0.0,1
50yr_0180m_h411_step0,50yr_0180m_h411,7,GA,deployed,0.10171334492042661,11900,0,4.55,1,0.0,1
50yr_0180m_h411_step0,50yr_0180m_h411,7,GA,vectorized,0.012885333970189095,10500,0,4.55,1,0.0,1
50yr_0180m_h411_step0,50yr_0180m_h411,7,GA,deployed,0.1101428191177547,12600,0,4.55,2,0.0,1
50yr_0180m_h411_step0,50yr_0180m_h411,7,GA,vectorized,0.014608806930482388,11200,0,4.2509375,2,0.2990624999999998,1
50yr_0180m_h411_step0,50yr_0180m_h411,7,PSO,deployed,0.03308867500163615,3570,0,4.55,0,0.0,1
50yr_0180m_h411_step0,50yr_0180m_h411,7,PSO,vectorized,0.0011835710611194372,3150,0,4.55,0,0.0,1
50yr_0180m_h411_step0,50yr_0180m_h411,7,PSO,deployed,0.030365227023139596,3150,0,4.55,1,0.0,1
50yr_0180m_h411_step0,50yr_0180m_h411,7,PSO,vectorized,0.0011353688314557076,2940,0,4.55,1,0.0,1
50yr_0180m_h411_step0,50yr_0180m_h411,7,PSO,deployed,0.02672687405720353,2940,0,4.55,2,0.0,1
50yr_0180m_h411_step0,50yr_0180m_h411,7,PSO,vectorized,0.0011629699729382992,3150,0,4.55,2,0.0,1
50yr_0180m_h411_step0,50yr_0180m_h411,8,ENUM,deployed,128.6246839351952,13436928,0,,,,
50yr_0180m_h411_step0,50yr_0180m_h411,8,ENUM,vectorized,0.8072875258512795,13436928,0,5.2,,,
50yr_0180m_h411_step0,50yr_0180m_h411,8,GA,deployed,0.11778796603903174,13600,0,5.2,0,0.0,1
50yr_0180m_h411_step0,50yr_0180m_h411,8,GA,vectorized,0.015229817014187574,13600,0,5.2,0,0.0,1
50yr_0180m_h411_step0,50yr_0180m_h411,8,GA,deployed,0.1331737758591771,15200,0,5.2,1,0.0,1
50yr_0180m_h411_step0,50yr_0180m_h411,8,GA,vectorized,0.021683553932234645,19200,0,5.2,1,0.0,1
50yr_0180m_h411_step0,50yr_0180m_h411,8,GA,deployed,0.11771745583973825,13600,0,4.901168867390536,2,0.2988311326094646,1
50yr_0180m_h411_step0,50yr_0180m_h411,8,GA,vectorized,0.01893511600792408,17600,0,5.2,2,0.0,1
50yr_0180m_h411_step0,50yr_0180m_h411,8,PSO,deployed,0.035121146123856306,4080,0,5.2,0,0.0,1
50yr_0180m_h411_step0,50yr_0180m_h411,8,PSO,vectorized,0.0014233440160751343,3840,0,5.2,0,0.0,1
50yr_0180m_h411_step0,50yr_0180m_h411,8,PSO,deployed,0.036473557818681,4080,0,5.2,1,0.0,1
50yr_0180m_h411_step0,50yr_0180m_h411,8,PSO,vectorized,0.0014422379899770021,3840,0,5.2,1,0.0,1
50yr_0180m_h411_step0,50yr_0180m_h411,8,PSO,deployed,0.03160635195672512,3600,0,5.2,2,0.0,1
50yr_0180m_h411_step0,50yr_0180m_h411,8,PSO,vectorized,0.0012889830395579338,3840,0,5.2,2,0.0,1
50yr_0180m_h411_step39,50yr_0180m_h411,1,ENUM,deployed,0.00016212998889386654,6,5,,,,
50yr_0180m_h411_step39,50yr_0180m_h411,1,ENUM,vectorized,0.00010138098150491714,6,5,0.7514498256489323,,,
50yr_0180m_h411_step39,50yr_0180m_h411,1,GA,deployed,0.011997648049145937,1100,5,0.7514498256489323,0,0.0,1
50yr_0180m_h411_step39,50yr_0180m_h411,1,GA,vectorized,0.00770866684615612,1100,5,0.7514498256489323,0,0.0,1
50yr_0180m_h411_step39,50yr_0180m_h411,1,GA,deployed,0.011054577073082328,1100,5,0.7514498256489323,1,0.0,1
50yr_0180m_h411_step39,50yr_0180m_h411,1,GA,vectorized,0.007905166130512953,1100,5,0.7514498256489323,1,0.0,1
50yr_0180m_h411_step39,50yr_0180m_h411,1,GA,deployed,0.01078269793651998,1100,5,0.7514498256489323,2,0.0,1
50yr_0180m_h411_step39,50yr_0180m_h411,1,GA,vectorized,0.007931703003123403,1100,5,0.7514498256489323,2,0.0,1
50yr_0180m_h411_step39,50yr_0180m_h411,1,PSO,deployed,0.003073364030569792,330,5,0.7514498256489323,0,0.0,1
50yr_0180m_h411_step39,50yr_0180m_h411,1,PSO,vectorized,0.00034953304566442966,330,5,0.7514498256489323,0,0.0,1
50yr_0180m_h411_step39,50yr_0180m_h411,1,PSO,deployed,0.0030681679490953684,330,5,0.7514498256489323,1,0.0,1
50yr_0180m_h411_step39,50yr_0180m_h411,1,PSO,vectorized,0.0002810419537127018,330,5,0.7514498256489323,1,0.0,1
50yr_0180m_h411_step39,50yr_0180m_h411,1,PSO,deployed,0.0030639581382274628,330,5,0.7514498256489323,2,0.0,1
50yr_0180m_h411_step39,50yr_0180m_h411,1,PSO,vectorized,0.00026126112788915634,330,5,0.7514498256489323,2,0.0,1
50yr_0180m_h411_step39,50yr_0180m_h411,2,ENUM,deployed,0.0006627270486205816,72,5,,,,
50yr_0180m_h411_step39,50yr_0180m_h411,2,ENUM,vectorized,8.719600737094879e-05,72,5,1.5014784597958881,,,
50yr_0180m_h411_step39,50yr_0180m_h411,2,GA,deployed,0.02091681002639234,2200,5,1.5014784597958881,0,0.0,1
50yr_0180m_h411_step39,50yr_0180m_h411,2,GA,vectorized,0.009032262023538351,2200,5,1.5014784597958881,0,0.0,1
50yr_0180m_h411_step39,50yr_0180m_h411,2,GA,deployed,0.019941743928939104,2200,5,1.5014784597958881,1,0.0,1
50yr_0180m_h411_step39,50yr_0180m_h411,2,GA,vectorized,0.00880399695597589,2200,5,1.5014784597958881,1,0.0,1
50yr_0180m_h411_step39,50yr_0180m_h411,2,GA,deployed,0.023574864026159048,2600,5,1.5014784597958881,2,0.0,1
50yr_0180m_h411_step39,50yr_0180m_h411,2,GA,vectorized,0.008813254069536924,2200,5,1.5014784597958881,2,0.0,1
50yr_0180m_h411_step39,50yr_0180m_h411,2,PSO,deployed,0.006429506000131369,720,5,1.5014784597958881,0,0.0,1
50yr_0180m_h411_step39,50yr_0180m_h411,2,PSO,vectorized,0.0004201401025056839,660,5,1.5014784597958881,0,0.0,1
50yr_0180m_h411_step39,50yr_0180m_h411,2,PSO,deployed,0.006948590977117419,780,5,1.5014784597958881,1,0.0,1
50yr_0180m_h411_step39,50yr_0180m_h411,2,PSO,vectorized,0.0003777469974011183,660,5,1.5014784597958881,1,0.0,1
50yr_0180m_h411_step39,50yr_0180m_h411,2,PSO,deployed,0.006377931917086244,720,5,1.5014784597958881,2,0.0,1
50yr_0180m_h411_step39,50yr_0180m_h411,2,PSO,vectorized,0.000395169947296381,720,5,1.5014784597958881,2,0.0,1
50yr_0180m_h411_step39,50yr_0180m_h411,3,ENUM,deployed,0.0068952119909226894,648,5,,,,
50yr_0180m_h411_step39,50yr_0180m_h411,3,ENUM,vectorized,0.00013512000441551208,648,5,2.249842417315984,,,
50yr_0180m_h411_step39,50yr_0180m_h411,3,GA,deployed,0.03364150086417794,3900,5,2.249842417315984,0,0.0,1
50yr_0180m_h411_step39,50yr_0180m_h411,3,GA,vectorized,0.011120941955596209,3900,5,2.249842417315984,0,0.0,1
50yr_0180m_h411_step39,50yr_0180m_h411,3,GA,deployed,0.028581860940903425,3300,5,2.249842417315984,1,0.0,1
50yr_0180m_h411_step39,50yr_0180m_h411,3,GA,vectorized,0.010809295810759068,3900,5,2.249842417315984,1,0.0,1
50yr_0180m_h411_step39,50yr_0180m_h411,3,GA,deployed,0.028565717162564397,3300,5,2.249842417315984,2,0.0,1
50yr_0180m_h411_step39,50yr_0180m_h411,3,GA,vectorized,0.009077782975509763,3300,5,2.249842417315984,2,0.0,1
50yr_0180m_h411_step39,50yr_0180m_h411,3,PSO,deployed,0.00971550983376801,1170,5,2.249842417315984,0,0.0,1
50yr_0180m_h411_step39,50yr_0180m_h411,3,PSO,vectorized,0.0006224489770829678,1260,5,2.249842417315984,0,0.0,1
50yr_0180m_h411_step39,50yr_0180m_h411,3,PSO,deployed,0.010112409945577383,1170,5,2.249842417315984,1,0.0,1
50yr_0180m_h411_step39,50yr_0180m_h411,3,PSO,vectorized,0.0005023858975619078,1080,5,2.249842417315984,1,0.0,1
50yr_0180m_h411_step39,50yr_0180m_h411,3,PSO,deployed,0.009807848138734698,1170,5,2.249842417315984,2,0.0,1
50yr_0180m_h411_step39,50yr_0180m_h411,3,PSO,vectorized,0.0004969339352101088,1170,5,2.249842417315984,2,0.0,1
50yr_0180m_h411_step39,50yr_0180m_h411,5,ENUM,deployed,0.3116638839710504,38880,5,,,,
50yr_0180m_h411_step39,50yr_0180m_h411,5,ENUM,vectorized,0.0019150369334965944,38880,5,3.741479252648211,,,
50yr_0180m_h411_step39,50yr_0180m_h411,5,GA,deployed,0.06152025004848838,7500,5,3.741479252648211,0,0.0,1
50yr_0180m_h411_step39,50yr_0180m_h411,5,GA,vectorized,0.012430496979504824,7500,5,3.741479252648211,0,0.0,1
50yr_0180m_h411_step39,50yr_0180m_h411,5,GA,deployed,0.05997053999453783,7500,5,3.741479252648211,1,0.0,1
50yr_0180m_h411_step39,50yr_0180m_h411,5,GA,vectorized,0.012263505021110177,7500,5,3.741479252648211,1,0.0,1
50yr_0180m_h411_step39,50yr_0180m_h411,5,GA,deployed,0.09652576479129493,11500,5,3.741479252648211,2,0.0,1
50yr_0180m_h411_step39,50yr_0180m_h411,5,GA,vectorized,0.023165422957390547,13000,5,3.741479252648211,2,0.0,1
50yr_0180m_h411_step39,50yr_0180m_h411,5,PSO,deployed,0.03031000797636807,3450,5,3.741479252648211,0,0.0,1
50yr_0180m_h411_step39,50yr_0180m_h411,5,PSO,vectorized,0.0008506318554282188,1950,5,3.741479252648211,0,0.0,1
50yr_0180m_h411_step39,50yr_0180m_h411,5,PSO,deployed,0.016936999978497624,1950,5,3.741479252648211,1,0.0,1
50yr_0180m_h411_step39,50yr_0180m_h411,5,PSO,vectorized,0.0007973320316523314,1950,5,3.741479252648211,1,0.0,1
50yr_0180m_h411_step39,50yr_0180m_h411,5,PSO,deployed,0.019606472924351692,2250,5,3.741479252648211,2,0.0,1
50yr_0180m_h411_step39,50yr_0180m_h411,5,PSO,vectorized,0.0009582280181348324,2250,5,3.741479252648211,2,0.0,1
50yr_0180m_h411_step39,50yr_0180m_h411,6,ENUM,deployed,2.2240952679421753,279936,5,,,,
50yr_0180m_h411_step39,50yr_0180m_h411,6,ENUM,vectorized,0.01415202091448009,279936,5,4.484491810430713,,,
50yr_0180m_h411_step39,50yr_0180m_h411,6,GA,deployed,0.08191560511477292,10200,5,4.484491810430713,0,0.0,1
50yr_0180m_h411_step39,50yr_0180m_h411,6,GA,vectorized,0.012692529940977693,9000,5,4.484491810430713,0,0.0,1
50yr_0180m_h411_step39,50yr_0180m_h411,6,GA,deployed,0.06652025086805224,8400,5,4.484491810430713,1,0.0,1
50yr_0180m_h411_step39,50yr_0180m_h411,6,GA,vectorized,0.02903965301811695,19800,5,4.484491810430713,1,0.0,1
50yr_0180m_h411_step39,50yr_0180m_h411,6,GA,deployed,0.05783493001945317,7200,5,4.358840751221633,2,0.12565105920907982,1
50yr_0180m_h411_step39,50yr_0180m_h411,6,GA,vectorized,0.012470129178836942,9000,5,4.484491810430713,2,0.0,1
50yr_0180m_h411_step39,50yr_0180m_h411,6,PSO,deployed,0.02364502497948706,2880,5,4.484491810430713,0,0.0,1
50yr_0180m_h411_step39,50yr_0180m_h411,6,PSO,vectorized,0.0010652539785951376,2880,5,4.484491810430713,0,0.0,1
50yr_0180m_h411_step39,50yr_0180m_h411,6,PSO,deployed,0.04658168996684253,5400,5,4.484491810430713,1,0.0,1
50yr_0180m_h411_step39,50yr_0180m_h411,6,PSO,vectorized,0.0010014139115810394,2520,5,4.484491810430713,1,0.0,1
50yr_0180m_h411_step39,50yr_0180m_h411,6,PSO,deployed,0.022858467884361744,2700,5,4.484491810430713,2,0.0,1
50yr_0180m_h411_step39,50yr_0180m_h411,6,PSO,vectorized,0.0009096609428524971,2520,5,4.484491810430713,2,0.0,1
50yr_0180m_h411_step39,50yr_0180m_h411,7,ENUM,deployed,15.455049574142322,1959552,5,,,,
50yr_0180m_h411_step39,50yr_0180m_h411,7,ENUM,vectorized,0.1143927569501102,1959552,5,5.2253568999000635,,,
50yr_0180m_h411_step39,50yr_0180m_h411,7,GA,deployed,0.09653889806941152,11900,5,5.2253568999000635,0,0.0,1
50yr_0180m_h411_step39,50yr_0180m_h411,7,GA,vectorized,0.032867063069716096,25900,5,5.1007877800443895,0,0.12456911985567398,1
50yr_0180m_h411_step39,50yr_0180m_h411,7,GA,deployed,0.10437158681452274,13300,5,5.2253568999000635,1,0.0,1
50yr_0180m_h411_step39,50yr_0180m_h411,7,GA,vectorized,0.01790253189392388,14700,5,5.069231820734168,1,0.15612507916589546,1
50yr_0180m_h411_step39,50yr_0180m_h411,7,GA,deployed,0.11631471896544099,14700,5,5.121220860509767,2,0.10413603939029681,1
50yr_0180m_h411_step39,50yr_0180m_h411,7,GA,vectorized,0.013555137906223536,11200,5,5.069231820734168,2,0.15612507916589546,1
50yr_0180m_h411_step39,50yr_0180m_h411,7,PSO,deployed,0.02933022496290505,3570,5,5.2253568999000635,0,0.0,1
50yr_0180m_h411_step39,50yr_0180m_h411,7,PSO,vectorized,0.0017235169652849436,4620,5,5.2253568999000635,0,0.0,1
50yr_0180m_h411_step39,50yr_0180m_h411,7,PSO,deployed,0.029256420908495784,3360,5,5.2253568999000635,1,0.0,1
50yr_0180m_h411_step39,50yr_0180m_h411,7,PSO,vectorized,0.0013433389831334352,3570,5,5.2253568999000635,1,0.0,1
50yr_0180m_h411_step39,50yr_0180m_h411,7,PSO,deployed,0.03833471192047,4410,5,5.2253568999000635,2,0.0,1
50yr_0180m_h411_step39,50yr_0180m_h411,7,PSO,vectorized,0.0012392299249768257,3360,5,5.2253568999000635,2,0.0,1
50yr_0180m_h411_step39,50yr_0180m_h411,8,ENUM,deployed,105.62543820007704,13436928,5,,,,
50yr_0180m_h411_step39,50yr_0180m_h411,8,ENUM,vectorized,0.7935456121340394,13436928,5,5.963814493677761,,,
50yr_0180m_h411_step39,50yr_0180m_h411,8,GA,deployed,0.25002678809687495,32000,5,5.8242815060055815,0,0.1395329876721796,1
50yr_0180m_h411_step39,50yr_0180m_h411,8,GA,vectorized,0.019848444033414125,18400,5,5.963814493677761,0,0.0,1
50yr_0180m_h411_step39,50yr_0180m_h411,8,GA,deployed,0.14949390897527337,19200,5,5.963814493677761,1,0.0,1
50yr_0180m_h411_step39,50yr_0180m_h411,8,GA,vectorized,0.022591789020225406,20800,5,5.86031794533056,1,0.10349654834720123,1
50yr_0180m_h411_step39,50yr_0180m_h411,8,GA,deployed,0.23799524898640811,30400,5,5.86031794533056,2,0.10349654834720123,1
50yr_0180m_h411_step39,50yr_0180m_h411,8,GA,vectorized,0.01999000203795731,18400,5,5.81065970445656,2,0.15315478922120107,1
50yr_0180m_h411_step39,50yr_0180m_h411,8,PSO,deployed,0.045499047031626105,5520,5,5.963814493677761,0,0.0,1
50yr_0180m_h411_step39,50yr_0180m_h411,8,PSO,vectorized,0.0015551131218671799,4560,5,5.963814493677761,0,0.0,1
50yr_0180m_h411_step39,50yr_0180m_h411,8,PSO,deployed,0.035462199011817575,4320,5,5.963814493677761,1,0.0,1
50yr_0180m_h411_step39,50yr_0180m_h411,8,PSO,vectorized,0.0023781610652804375,7440,5,5.963814493677761,1,0.0,1
50yr_0180m_h411_step39,50yr_0180m_h411,8,PSO,deployed,0.033403665060177445,4080,5,5.963814493677761,2,0.0,1
50yr_0180m_h411_step39,50yr_0180m_h411,8,PSO,vectorized,0.001253753900527954,3840,5,5.963814493677761,2,0.0,1
50yr_0180m_h411_step78,50yr_0180m_h411,1,ENUM,deployed,0.00014295498840510845,6,2,,,,
50yr_0180m_h411_step78,50yr_0180m_h411,1,ENUM,vectorized,9.236298501491547e-05,6,2,0.6582278455821249,,,
50yr_0180m_h411_step78,50yr_0180m_h411,1,GA,deployed,0.011724171927198768,1100,2,0.6582278455821249,0,0.0,1
50yr_0180m_h411_step78,50yr_0180m_h411,1,GA,vectorized,0.007887337123975158,1100,2,0.6582278455821249,0,0.0,1
50yr_0180m_h411_step78,50yr_0180m_h411,1,GA,deployed,0.010274389060214162,1100,2,0.6582278455821249,1,0.0,1
50yr_0180m_h411_step78,50yr_0180m_h411,1,GA,vectorized,0.007414230145514011,1100,2,0.6582278455821249,1,0.0,1
50yr_0180m_h411_step78,50yr_0180m_h411,1,GA,deployed,0.00997065007686615,1100,2,0.6582278455821249,2,0.0,1
50yr_0180m_h411_step78,50yr_0180m_h411,1,GA,vectorized,0.007587281987071037,1100,2,0.6582278455821249,2,0.0,1
50yr_0180m_h411_step78,50yr_0180m_h411,1,PSO,deployed,0.002848717849701643,330,2,0.6582278455821249,0,0.0,1
50yr_0180m_h411_step78,50yr_0180m_h411,1,PSO,vectorized,0.00029166997410357,330,2,0.6582278455821249,0,0.0,1
50yr_0180m_h411_step78,50yr_0180m_h411,1,PSO,deployed,0.0028416209388524294,330,2,0.6582278455821249,1,0.0,1
50yr_0180m_h411_step78,50yr_0180m_h411,1,PSO,vectorized,0.0002487960737198591,330,2,0.6582278455821249,1,0.0,1
50yr_0180m_h411_step78,50yr_0180m_h411,1,PSO,deployed,0.002823926042765379,330,2,0.6582278455821249,2,0.0,1
50yr_0180m_h411_step78,50yr_0180m_h411,1,PSO,vectorized,0.0002482698764652014,330,2,0.6582278455821249,2,0.0,1
50yr_0180m_h411_step78,50yr_0180m_h411,2,ENUM,deployed,0.000654738862067461,72,2,,,,
50yr_0180m_h411_step78,50yr_0180m_h411,2,ENUM,vectorized,8.9982058852911e-05,72,2,1.3153899919300143,,,
50yr_0180m_h411_step78,50yr_0180m_h411,2,GA,deployed,0.018651872873306274,2200,2,1.3153899919300143,0,0.0,1
50yr_0180m_h411_step78,50yr_0180m_h411,2,GA,vectorized,0.008368832059204578,2200,2,1.3153899919300143,0,0.0,1
50yr_0180m_h411_step78,50yr_0180m_h411,2,GA,deployed,0.018578555900603533,2200,2,1.3153899919300143,1,0.0,1
50yr_0180m_h411_step78,50yr_0180m_h411,2,GA,vectorized,0.008379607927054167,2200,2,1.3153899919300143,1,0.0,1
50yr_0180m_h411_step78,50yr_0180m_h411,2,GA,deployed,0.01847823499701917,2200,2,1.3153899919300143,2,0.0,1
50yr_0180m_h411_step78,50yr_0180m_h411,2,GA,vectorized,0.008304293034598231,2200,2,1.3153899919300143,2,0.0,1
50yr_0180m_h411_step78,50yr_0180m_h411,2,PSO,deployed,0.005535806063562632,660,2,1.3153899919300143,0,0.0,1
50yr_0180m_h411_step78,50yr_0180m_h411,2,PSO,vectorized,0.0003715171478688717,660,2,1.3153899919300143,0,0.0,1
50yr_0180m_h411_step78,50yr_0180m_h411,2,PSO,deployed,0.005542038939893246,660,2,1.3153899919300143,1,0.0,1
50yr_0180m_h411_step78,50yr_0180m_h411,2,PSO,vectorized,0.0003487218637019396,660,2,1.3153899919300143,1,0.0,1
50yr_0180m_h411_step78,50yr_0180m_h411,2,PSO,deployed,0.005576797993853688,660,2,1.3153899919300143,2,0.0,1
50yr_0180m_h411_step78,50yr_0180m_h411,2,PSO,vectorized,0.0003863479942083359,660,2,1.3153899919300143,2,0.0,1
50yr_0180m_h411_step78,50yr_0180m_h411,3,ENUM,deployed,0.006718056974932551,648,2,,,,
50yr_0180m_h411_step78,50yr_0180m_h411,3,ENUM,vectorized,0.00020264112390577793,648,2,1.971444455793379,,,
50yr_0180m_h411_step78,50yr_0180m_h411,3,GA,deployed,0.030534838093444705,3600,2,1.971444455793379,0,0.0,1
50yr_0180m_h411_step78,50yr_0180m_h411,3,GA,vectorized,0.009477724088355899,3600,2,1.971444455793379,0,0.0,1
50yr_0180m_h411_step78,50yr_0180m_h411,3,GA,deployed,0.02673398214392364,3300,2,1.971444455793379,1,0.0,1
50yr_0180m_h411_step78,50yr_0180m_h411,3,GA,vectorized,0.009446326177567244,3600,2,1.971444455793379,1,0.0,1
50yr_0180m_h411_step78,50yr_0180m_h411,3,GA,deployed,0.03549680905416608,4200,2,1.971444455793379,2,0.0,1
50yr_0180m_h411_step78,50yr_0180m_h411,3,GA,vectorized,0.010113107971847057,3600,2,1.971444455793379,2,0.0,1
50yr_0180m_h411_step78,50yr_0180m_h411,3,PSO,deployed,0.008684620028361678,990,2,1.971444455793379,0,0.0,1
50yr_0180m_h411_step78,50yr_0180m_h411,3,PSO,vectorized,0.0005021400284022093,990,2,1.971444455793379,0,0.0,1
50yr_0180m_h411_step78,50yr_0180m_h411,3,PSO,deployed,0.008950062096118927,1080,2,1.971444455793379,1,0.0,1
50yr_0180m_h411_step78,50yr_0180m_h411,3,PSO,vectorized,0.0004821771290153265,1080,2,1.971444455793379,1,0.0,1
50yr_0180m_h411_step78,50yr_0180m_h411,3,PSO,deployed,0.009655014146119356,1170,2,1.971444455793379,2,0.0,1
50yr_0180m_h411_step78,50yr_0180m_h411,3,PSO,vectorized,0.00047357194125652313,1080,2,1.971444455793379,2,0.0,1
50yr_0180m_h411_step78,50yr_0180m_h411,5,ENUM,deployed,0.3208260608371347,38880,2,,,,
50yr_0180m_h411_step78,50yr_0180m_h411,5,ENUM,vectorized,0.001950772013515234,38880,2,3.2800119933998815,,,
50yr_0180m_h411_step78,50yr_0180m_h411,5,GA,deployed,0.06799145182594657,8500,2,3.2800119933998815,0,0.0,1
50yr_0180m_h411_step78,50yr_0180m_h411,5,GA,vectorized,0.008838584180921316,5500,1,3.1343700261777525,0,0.14564196722212897,0
50yr_0180m_h411_step78,50yr_0180m_h411,5,GA,deployed,0.06292237294837832,8000,2,3.2800119933998815,1,0.0,1
50yr_0180m_h411_step78,50yr_0180m_h411,5,GA,vectorized,0.012172315968200564,7500,2,3.2800119933998815,1,0.0,1
50yr_0180m_h411_step78,50yr_0180m_h411,5,GA,deployed,0.06315596611239016,8000,2,3.2800119933998815,2,0.0,1
50yr_0180m_h411_step78,50yr_0180m_h411,5,GA,vectorized,0.012183160986751318,7500,2,3.2800119933998815,2,0.0,1
50yr_0180m_h411_step78,50yr_0180m_h411,5,PSO,deployed,0.014894020045176148,1800,2,3.2800119933998815,0,0.0,1
50yr_0180m_h411_step78,50yr_0180m_h411,5,PSO,vectorized,0.0006587759125977755,1650,2,3.2800119933998815,0,0.0,1
50yr_0180m_h411_step78,50yr_0180m_h411,5,PSO,deployed,0.022071510087698698,2700,1,3.1994655973363755,1,0.080546396063506,0
50yr_0180m_h411_step78,50yr_0180m_h411,5,PSO,vectorized,0.001156509853899479,3150,2,3.2800119933998815,1,0.0,1
50yr_0180m_h411_step78,50yr_0180m_h411,5,PSO,deployed,0.02201595692895353,2700,1,3.1994655973363755,2,0.080546396063506,0
50yr_0180m_h411_step78,50yr_0180m_h411,5,PSO,vectorized,0.0012626410461962223,3450,2,3.2800119933998815,2,0.0,1
50yr_0180m_h411_step78,50yr_0180m_h411,6,ENUM,deployed,2.2623470867983997,279936,2,,,,
50yr_0180m_h411_step78,50yr_0180m_h411,6,ENUM,vectorized,0.013280590064823627,279936,2,3.9323613916679205,,,
50yr_0180m_h411_step78,50yr_0180m_h411,6,GA,deployed,0.06112787686288357,7800,2,3.9323613916679205,0,0.0,1
50yr_0180m_h411_step78,50yr_0180m_h411,6,GA,vectorized,0.01320223999209702,9600,2,3.9323613916679205,0,0.0,1
50yr_0180m_h411_step78,50yr_0180m_h411,6,GA,deployed,0.06574588711373508,8400,2,3.9323613916679205,1,0.0,1
50yr_0180m_h411_step78,50yr_0180m_h411,6,GA,vectorized,0.013294349191710353,9600,2,3.9323613916679205,1,0.0,1
50yr_0180m_h411_step78,50yr_0180m_h411,6,GA,deployed,0.14477985096164048,18600,1,3.856852267599999,2,0.07550912406792154,0
50yr_0180m_h411_step78,50yr_0180m_h411,6,GA,vectorized,0.014003270072862506,10200,1,3.856852267599999,2,0.07550912406792154,0
50yr_0180m_h411_step78,50yr_0180m_h411,6,PSO,deployed,0.048613025806844234,5940,2,3.8557617621121314,0,0.07659962955578914,1
50yr_0180m_h411_step78,50yr_0180m_h411,6,PSO,vectorized,0.0014039869420230389,3780,1,3.856852267599999,0,0.07550912406792154,0
50yr_0180m_h411_step78,50yr_0180m_h411,6,PSO,deployed,0.02850460889749229,3420,1,3.856852267599999,1,0.07550912406792154,0
50yr_0180m_h411_step78,50yr_0180m_h411,6,PSO,vectorized,0.001721635926514864,4860,1,3.856852267599999,1,0.07550912406792154,0
50yr_0180m_h411_step78,50yr_0180m_h411,6,PSO,deployed,0.02501444099470973,3060,1,3.794639861428671,2,0.13772153023924938,0
50yr_0180m_h411_step78,50yr_0180m_h411,6,PSO,vectorized,0.0011290998663753271,3060,1,3.856852267599999,2,0.07550912406792154,0
50yr_0180m_h411_step78,50yr_0180m_h411,7,ENUM,deployed,16.298592200037092,1959552,2,,,,
50yr_0180m_h411_step78,50yr_0180m_h411,7,ENUM,vectorized,0.11305835004895926,1959552,2,4.583256072468664,,,
50yr_0180m_h411_step78,50yr_0180m_h411,7,GA,deployed,0.09707732405513525,11900,2,4.583256072468664,0,0.0,1
50yr_0180m_h411_step78,50yr_0180m_h411,7,GA,vectorized,0.022989408811554313,17500,1,4.448542317330167,0,0.13471375513849715,0
50yr_0180m_h411_step78,50yr_0180m_h411,7,GA,deployed,0.08666818798519671,10500,2,4.583256072468664,1,0.0,1
50yr_0180m_h411_step78,50yr_0180m_h411,7,GA,vectorized,0.016239920863881707,12600,2,4.583256072468664,1,0.0,1
50yr_0180m_h411_step78,50yr_0180m_h411,7,GA,deployed,0.10372595908120275,12600,1,4.514559216750471,2,0.06869685571819328,0
50yr_0180m_h411_step78,50yr_0180m_h411,7,GA,vectorized,0.014502764912322164,11900,1,4.514559216750471,2,0.06869685571819328,0
50yr_0180m_h411_step78,50yr_0180m_h411,7,PSO,deployed,0.03197830216959119,3780,1,4.514559216750471,0,0.06869685571819328,0
50yr_0180m_h411_step78,50yr_0180m_h411,7,PSO,vectorized,0.002615018980577588,7350,1,4.514559216750471,0,0.06869685571819328,0
50yr_0180m_h411_step78,50yr_0180m_h411,7,PSO,deployed,0.041585294995456934,4830,2,4.583256072468664,1,0.0,1
50yr_0180m_h411_step78,50yr_0180m_h411,7,PSO,vectorized,0.0023796099703758955,6720,2,4.5107298244102445,1,0.0725262480584199,1
50yr_0180m_h411_step78,50yr_0180m_h411,7,PSO,deployed,0.03161243908107281,3780,1,4.514559216750471,2,0.06869685571819328,0
50yr_0180m_h411_step78,50yr_0180m_h411,7,PSO,vectorized,0.0017209718935191631,5040,1,4.514559216750471,2,0.06869685571819328,0
50yr_0180m_h411_step78,50yr_0180m_h411,8,ENUM,deployed,112.63759834691882,13436928,2,,,,
50yr_0180m_h411_step78,50yr_0180m_h411,8,ENUM,vectorized,0.7909721150062978,13436928,2,5.232513624539696,,,
50yr_0180m_h411_step78,50yr_0180m_h411,8,GA,deployed,0.10534178698435426,13600,1,5.172556979894335,0,0.059956644645361656,0
50yr_0180m_h411_step78,50yr_0180m_h411,8,GA,vectorized,0.014463780913501978,13600,1,5.172556979894335,0,0.059956644645361656,0
50yr_0180m_h411_step78,50yr_0180m_h411,8,GA,deployed,0.14877616590820253,19200,1,5.116030113819333,1,0.11648351072036345,0
50yr_0180m_h411_step78,50yr_0180m_h411,8,GA,vectorized,0.0126432990655303,12000,1,5.172556979894335,1,0.059956644645361656,0
50yr_0180m_h411_step78,50yr_0180m_h411,8,GA,deployed,0.11135239689610898,14400,1,5.172556979894335,2,0.059956644645361656,0
50yr_0180m_h411_step78,50yr_0180m_h411,8,GA,vectorized,0.016095923027023673,15200,1,5.116030113819333,2,0.11648351072036345,0
50yr_0180m_h411_step78,50yr_0180m_h411,8,PSO,deployed,0.03295909985899925,4080,2,5.170355955572068,0,0.06215766896762798,1
50yr_0180m_h411_step78,50yr_0180m_h411,8,PSO,vectorized,0.0019613620825111866,6000,2,5.0553899919300145,0,0.1771236326096819,1
50yr_0180m_h411_step78,50yr_0180m_h411,8,PSO,deployed,0.04091282398439944,5040,2,5.170355955572068,1,0.06215766896762798,1
50yr_0180m_h411_step78,50yr_0180m_h411,8,PSO,vectorized,0.0016801459714770317,5040,1,5.116030113819333,1,0.11648351072036345,0
50yr_0180m_h411_step78,50yr_0180m_h411,8,PSO,deployed,0.03524755593389273,4320,1,5.0768522676,2,0.15566135693969674,0
50yr_0180m_h411_step78,50yr_0180m_h411,8,PSO,vectorized,0.001792648108676076,5520,1,5.116030113819333,2,0.11648351072036345,0
50yr_0180m_h411_step117,50yr_0180m_h411,1,ENUM,deployed,0.0001462879590690136,6,0,,,,
50yr_0180m_h411_step117,50yr_0180m_h411,1,ENUM,vectorized,0.00012074480764567852,6,0,0.65,,,
50yr_0180m_h411_step117,50yr_0180m_h411,1,GA,deployed,0.011251961113885045,1100,0,0.65,0,0.0,1
50yr_0180m_h411_step117,50yr_0180m_h411,1,GA,vectorized,0.007298831827938557,1100,0,0.65,0,0.0,1
50yr_0180m_h411_step117,50yr_0180m_h411,1,GA,deployed,0.009616605006158352,1100,0,0.65,1,0.0,1
50yr_0180m_h411_step117,50yr_0180m_h411,1,GA,vectorized,0.007272511953487992,1100,0,0.65,1,0.0,1
50yr_0180m_h411_step117,50yr_0180m_h411,1,GA,deployed,0.009608956053853035,1100,0,0.65,2,0.0,1
50yr_0180m_h411_step117,50yr_0180m_h411,1,GA,vectorized,0.007315167924389243,1100,0,0.65,2,0.0,1
50yr_0180m_h411_step117,50yr_0180m_h411,1,PSO,deployed,0.002892534015700221,330,0,0.65,0,0.0,1
50yr_0180m_h411_step117,50yr_0180m_h411,1,PSO,vectorized,0.00028670881874859333,330,0,0.65,0,0.0,1
50yr_0180m_h411_step117,50yr_0180m_h411,1,PSO,deployed,0.0027554139960557222,330,0,0.65,1,0.0,1
50yr_0180m_h411_step117,50yr_0180m_h411,1,PSO,vectorized,0.00024971412494778633,330,0,0.65,1,0.0,1
50yr_0180m_h411_step117,50yr_0180m_h411,1,PSO,deployed,0.002736372873187065,330,0,0.65,2,0.0,1
50yr_0180m_h411_step117,50yr_0180m_h411,1,PSO,vectorized,0.00023908494040369987,330,0,0.65,2,0.0,1
50yr_0180m_h411_step117,50yr_0180m_h411,2,ENUM,deployed,0.0006146840751171112,72,0,,,,
50yr_0180m_h411_step117,50yr_0180m_h411,2,ENUM,vectorized,8.387002162635326e-05,72,0,1.3,,,
50yr_0180m_h411_step117,50yr_0180m_h411,2,GA,deployed,0.01826921198517084,2200,0,1.3,0,0.0,1
50yr_0180m_h411_step117,50yr_0180m_h411,2,GA,vectorized,0.008364691864699125,2200,0,1.3,0,0.0,1
50yr_0180m_h411_step117,50yr_0180m_h411,2,GA,deployed,0.017970506101846695,2200,0,1.3,1,0.0,1
50yr_0180m_h411_step117,50yr_0180m_h411,2,GA,vectorized,0.009134009946137667,2400,0,1.3,1,0.0,1
50yr_0180m_h411_step117,50yr_0180m_h411,2,GA,deployed,0.018363689072430134,2200,0,1.3,2,0.0,1
50yr_0180m_h411_step117,50yr_0180m_h411,2,GA,vectorized,0.008336224826052785,2200,0,1.3,2,0.0,1
50yr_0180m_h411_step117,50yr_0180m_h411,2,PSO,deployed,0.00583999021910131,720,0,1.3,0,0.0,1
50yr_0180m_h411_step117,50yr_0180m_h411,2,PSO,vectorized,0.0004339509177953005,780,0,1.3,0,0.0,1
50yr_0180m_h411_step117,50yr_0180m_h411,2,PSO,deployed,0.006011222954839468,720,0,1.3,1,0.0,1
50yr_0180m_h411_step117,50yr_0180m_h411,2,PSO,vectorized,0.0004128781147301197,780,0,1.3,1,0.0,1
50yr_0180m_h411_step117,50yr_0180m_h411,2,PSO,deployed,0.005321254953742027,660,0,1.3,2,0.0,1
50yr_0180m_h411_step117,50yr_0180m_h411,2,PSO,vectorized,0.0004035199526697397,720,0,1.3,2,0.0,1
50yr_0180m_h411_step117,50yr_0180m_h411,3,ENUM,deployed,0.00572858308441937,648,0,,,,
50yr_0180m_h411_step117,50yr_0180m_h411,3,ENUM,vectorized,0.0001860691700130701,648,0,1.9500000000000002,,,
50yr_0180m_h411_step117,50yr_0180m_h411,3,GA,deployed,0.031267869053408504,3600,0,1.9500000000000002,0,0.0,1
50yr_0180m_h411_step117,50yr_0180m_h411,3,GA,vectorized,0.009769533993676305,3600,0,1.9500000000000002,0,0.0,1
50yr_0180m_h411_step117,50yr_0180m_h411,3,GA,deployed,0.02633238211274147,3300,0,1.9500000000000002,1,0.0,1
50yr_0180m_h411_step117,50yr_0180m_h411,3,GA,vectorized,0.010383615968748927,3900,0,1.9500000000000002,1,0.0,1
50yr_0180m_h411_step117,50yr_0180m_h411,3,GA,deployed,0.032524120062589645,3900,0,1.9500000000000002,2,0.0,1
50yr_0180m_h411_step117,50yr_0180m_h411,3,GA,vectorized,0.008854047860950232,3300,0,1.9500000000000002,2,0.0,1
50yr_0180m_h411_step117,50yr_0180m_h411,3,PSO,deployed,0.008006644900888205,990,0,1.9500000000000002,0,0.0,1
50yr_0180m_h411_step117,50yr_0180m_h411,3,PSO,vectorized,0.000639971811324358,1350,1,1.8820696262217136,0,0.06793037377828659,0
50yr_0180m_h411_step117,50yr_0180m_h411,3,PSO,deployed,0.0079527641646564,990,0,1.9500000000000002,1,0.0,1
50yr_0180m_h411_step117,50yr_0180m_h411,3,PSO,vectorized,0.0005579250864684582,1260,0,1.9500000000000002,1,0.0,1
50yr_0180m_h411_step117,50yr_0180m_h411,3,PSO,deployed,0.00938728405162692,1170,0,1.9500000000000002,2,0.0,1
50yr_0180m_h411_step117,50yr_0180m_h411,3,PSO,vectorized,0.0005034739151597023,1170,0,1.9500000000000002,2,0.0,1
50yr_0180m_h411_step117,50yr_0180m_h411,5,ENUM,deployed,0.341349583119154,38880,0,,,,
50yr_0180m_h411_step117,50yr_0180m_h411,5,ENUM,vectorized,0.00193699705414474,38880,0,3.25,,,
50yr_0180m_h411_step117,50yr_0180m_h411,5,GA,deployed,0.05494600790552795,7000,0,3.25,0,0.0,1
50yr_0180m_h411_step117,50yr_0180m_h411,5,GA,vectorized,0.012998027028515935,8000,0,3.184921626374252,0,0.06507837362574787,1
50yr_0180m_h411_step117,50yr_0180m_h411,5,GA,deployed,0.062342114048078656,8000,0,3.25,1,0.0,1
50yr_0180m_h411_step117,50yr_0180m_h411,5,GA,vectorized,0.012116722064092755,7500,0,3.184921626374252,1,0.06507837362574787,1
50yr_0180m_h411_step117,50yr_0180m_h411,5,GA,deployed,0.05134343495592475,6500,0,3.25,2,0.0,1
50yr_0180m_h411_step117,50yr_0180m_h411,5,GA,vectorized,0.009683188982307911,6000,0,3.25,2,0.0,1
50yr_0180m_h411_step117,50yr_0180m_h411,5,PSO,deployed,0.0156865029130131,1950,0,3.25,0,0.0,1
50yr_0180m_h411_step117,50yr_0180m_h411,5,PSO,vectorized,0.0008187280036509037,2100,0,3.184335917633681,0,0.06566408236631904,1
50yr_0180m_h411_step117,50yr_0180m_h411,5,PSO,deployed,0.01968867680989206,2400,0,3.25,1,0.0,1
50yr_0180m_h411_step117,50yr_0180m_h411,5,PSO,vectorized,0.0008667970541864634,2250,0,3.25,1,0.0,1
50yr_0180m_h411_step117,50yr_0180m_h411,5,PSO,deployed,0.01696995599195361,2100,0,3.25,2,0.0,1
50yr_0180m_h411_step117,50yr_0180m_h411,5,PSO,vectorized,0.0007792420219630003,2100,0,3.25,2,0.0,1
50yr_0180m_h411_step117,50yr_0180m_h411,6,ENUM,deployed,2.391393778845668,279936,0,,,,
50yr_0180m_h411_step117,50yr_0180m_h411,6,ENUM,vectorized,0.01308830501511693,279936,0,3.9,,,
50yr_0180m_h411_step117,50yr_0180m_h411,6,GA,deployed,0.07973155612125993,10200,0,3.9,0,0.0,1
50yr_0180m_h411_step117,50yr_0180m_h411,6,GA,vectorized,0.013264833018183708,9600,0,3.9,0,0.0,1
50yr_0180m_h411_step117,50yr_0180m_h411,6,GA,deployed,0.1643948529381305,21000,0,3.8364324873155637,1,0.06356751268443617,1
50yr_0180m_h411_step117,50yr_0180m_h411,6,GA,vectorized,0.017024283995851874,12000,0,3.9,1,0.0,1
50yr_0180m_h411_step117,50yr_0180m_h411,6,GA,deployed,0.08984604198485613,11400,0,3.9,2,0.0,1
50yr_0180m_h411_step117,50yr_0180m_h411,6,GA,vectorized,0.013176916865631938,9600,0,3.9,2,0.0,1
50yr_0180m_h411_step117,50yr_0180m_h411,6,PSO,deployed,0.022225281922146678,2700,0,3.9,0,0.0,1
50yr_0180m_h411_step117,50yr_0180m_h411,6,PSO,vectorized,0.0010366358328610659,2880,0,3.9,0,0.0,1
50yr_0180m_h411_step117,50yr_0180m_h411,6,PSO,deployed,0.020517959026619792,2520,0,3.9,1,0.0,1
50yr_0180m_h411_step117,50yr_0180m_h411,6,PSO,vectorized,0.0010206459555774927,2880,0,3.9,1,0.0,1
50yr_0180m_h411_step117,50yr_0180m_h411,6,PSO,deployed,0.020484873093664646,2520,0,3.9,2,0.0,1
50yr_0180m_h411_step117,50yr_0180m_h411,6,PSO,vectorized,0.0010191239416599274,2880,0,3.9,2,0.0,1
50yr_0180m_h411_step117,50yr_0180m_h411,7,ENUM,deployed,16.890895580872893,1959552,0,,,,
50yr_0180m_h411_step117,50yr_0180m_h411,7,ENUM,vectorized,0.11077476618811488,1959552,0,4.55,,,
50yr_0180m_h411_step117,50yr_0180m_h411,7,GA,deployed,0.08455783198587596,10500,0,4.55,0,0.0,1
50yr_0180m_h411_step117,50yr_0180m_h411,7,GA,vectorized,0.02076059696264565,16800,0,4.487775880610301,0,0.06222411938969863,1
50yr_0180m_h411_step117,50yr_0180m_h411,7,GA,deployed,0.07666448689997196,9800,0,4.55,1,0.0,1
50yr_0180m_h411_step117,50yr_0180m_h411,7,GA,vectorized,0.016117827035486698,13300,0,4.486179050856945,1,0.06382094914305458,1
50yr_0180m_h411_step117,50yr_0180m_h411,7,GA,deployed,0.12110603600740433,15400,0,4.487775880610301,2,0.06222411938969863,1
50yr_0180m_h411_step117,50yr_0180m_h411,7,GA,vectorized,0.017091677989810705,14000,0,4.487775880610301,2,0.06222411938969863,1
50yr_0180m_h411_step117,50yr_0180m_h411,7,PSO,deployed,0.024090410908684134,2940,0,4.55,0,0.0,1
50yr_0180m_h411_step117,50yr_0180m_h411,7,PSO,vectorized,0.0010952739976346493,3150,0,4.55,0,0.0,1
50yr_0180m_h411_step117,50yr_0180m_h411,7,PSO,deployed,0.027134432923048735,3360,0,4.55,1,0.0,1
50yr_0180m_h411_step117,50yr_0180m_h411,7,PSO,vectorized,0.0012249518185853958,3570,0,4.55,1,0.0,1
50yr_0180m_h411_step117,50yr_0180m_h411,7,PSO,deployed,0.023791172076016665,2940,0,4.55,2,0.0,1
50yr_0180m_h411_step117,50yr_0180m_h411,7,PSO,vectorized,0.0010744058527052402,3150,0,4.486179050856945,2,0.06382094914305458,1
50yr_0180m_h411_step117,50yr_0180m_h411,8,ENUM,deployed,160.77627312787808,13436928,0,,,,
50yr_0180m_h411_step117,50yr_0180m_h411,8,ENUM,vectorized,1.2450953060761094,13436928,0,5.2,,,
50yr_0180m_h411_step117,50yr_0180m_h411,8,GA,deployed,0.13694470608606935,15200,0,5.2,0,0.0,1
50yr_0180m_h411_step117,50yr_0180m_h411,8,GA,vectorized,0.01472017401829362,12000,0,5.0577758806103015,0,0.1422241193896987,1
50yr_0180m_h411_step117,50yr_0180m_h411,8,GA,deployed,0.10415061586536467,12000,0,5.2,1,0.0,1
50yr_0180m_h411_step117,50yr_0180m_h411,8,GA,vectorized,0.03313706419430673,26400,0,5.139031051009484,1,0.0609689489905163,1
50yr_0180m_h411_step117,50yr_0180m_h411,8,GA,deployed,0.12261651596054435,14400,0,5.2,2,0.0,1
50yr_0180m_h411_step117,50yr_0180m_h411,8,GA,vectorized,0.019278869964182377,16800,0,5.2,2,0.0,1
50yr_0180m_h411_step117,50yr_0180m_h411,8,PSO,deployed,0.029093545861542225,3360,0,5.2,0,0.0,1
50yr_0180m_h411_step117,50yr_0180m_h411,8,PSO,vectorized,0.0013910999987274408,3840,0,5.137056506020801,0,0.06294349397919952,1
50yr_0180m_h411_step117,50yr_0180m_h411,8,PSO,deployed,0.0380084621720016,4320,0,5.2,1,0.0,1
50yr_0180m_h411_step117,50yr_0180m_h411,8,PSO,vectorized,0.001559142954647541,4320,0,5.2,1,0.0,1
50yr_0180m_h411_step117,50yr_0180m_h411,8,PSO,deployed,0.03333964804187417,3840,0,5.2,2,0.0,1
50yr_0180m_h411_step117,50yr_0180m_h411,8,PSO,vectorized,0.0013650290202349424,3840,0,5.2,2,0.0,1
50yr_0540m_h777_step0,50yr_0540m_h777,1,ENUM,deployed,0.00013694795779883862,6,0,,,,
50yr_0540m_h777_step0,50yr_0540m_h777,1,ENUM,vectorized,7.12280161678791e-05,6,0,0.65,,,
50yr_0540m_h777_step0,50yr_0540m_h777,1,GA,deployed,0.012823895085602999,1100,0,0.65,0,0.0,1
50yr_0540m_h777_step0,50yr_0540m_h777,1,GA,vectorized,0.008090103045105934,1100,0,0.65,0,0.0,1
50yr_0540m_h777_step0,50yr_0540m_h777,1,GA,deployed,0.012746918946504593,1100,0,0.65,1,0.0,1
50yr_0540m_h777_step0,50yr_0540m_h777,1,GA,vectorized,0.008066968061029911,1100,0,0.65,1,0.0,1
50yr_0540m_h777_step0,50yr_0540m_h777,1,GA,deployed,0.012660188833251595,1100,0,0.65,2,0.0,1
50yr_0540m_h777_step0,50yr_0540m_h777,1,GA,vectorized,0.00805847393348813,1100,0,0.65,2,0.0,1
50yr_0540m_h777_step0,50yr_0540m_h777,1,PSO,deployed,0.003747527953237295,330,0,0.65,0,0.0,1
50yr_0540m_h777_step0,50yr_0540m_h777,1,PSO,vectorized,0.00029661389999091625,330,0,0.65,0,0.0,1
50yr_0540m_h777_step0,50yr_0540m_h777,1,PSO,deployed,0.003696888918057084,330,0,0.65,1,0.0,1
50yr_0540m_h777_step0,50yr_0540m_h777,1,PSO,vectorized,0.00026615895330905914,330,0,0.65,1,0.0,1
50yr_0540m_h777_step0,50yr_0540m_h777,1,PSO,deployed,0.0037108350079506636,330,0,0.65,2,0.0,1
50yr_0540m_h777_step0,50yr_0540m_h777,1,PSO,vectorized,0.0002683349885046482,330,0,0.65,2,0.0,1
50yr_0540m_h777_step0,50yr_0540m_h777,2,ENUM,deployed,0.0008168939966708422,72,0,,,,
50yr_0540m_h777_step0,50yr_0540m_h777,2,ENUM,vectorized,9.673694148659706e-05,72,0,1.3,,,
50yr_0540m_h777_step0,50yr_0540m_h777,2,GA,deployed,0.02215106412768364,2200,0,1.3,0,0.0,1
50yr_0540m_h777_step0,50yr_0540m_h777,2,GA,vectorized,0.009032540023326874,2200,0,1.3,0,0.0,1
50yr_0540m_h777_step0,50yr_0540m_h777,2,GA,deployed,0.02217658283188939,2200,0,1.3,1,0.0,1
50yr_0540m_h777_step0,50yr_0540m_h777,2,GA,vectorized,0.008967036847025156,2200,0,1.3,1,0.0,1
50yr_0540m_h777_step0,50yr_0540m_h777,2,GA,deployed,0.02303237305022776,2200,0,1.3,2,0.0,1
50yr_0540m_h777_step0,50yr_0540m_h777,2,GA,vectorized,0.009045260958373547,2200,0,1.3,2,0.0,1
50yr_0540m_h777_step0,50yr_0540m_h777,2,PSO,deployed,0.0067334899213165045,660,0,1.3,0,0.0,1
50yr_0540m_h777_step0,50yr_0540m_h777,2,PSO,vectorized,0.0004458341281861067,720,0,1.3,0,0.0,1
50yr_0540m_h777_step0,50yr_0540m_h777,2,PSO,deployed,0.007191265933215618,720,0,1.3,1,0.0,1
50yr_0540m_h777_step0,50yr_0540m_h777,2,PSO,vectorized,0.00040406500920653343,720,0,1.3,1,0.0,1
50yr_0540m_h777_step0,50yr_0540m_h777,2,PSO,deployed,0.007679913891479373,720,0,1.3,2,0.0,1
50yr_0540m_h777_step0,50yr_0540m_h777,2,PSO,vectorized,0.0004501598887145519,780,0,1.3,2,0.0,1
50yr_0540m_h777_step0,50yr_0540m_h777,3,ENUM,deployed,0.006508346879854798,648,0,,,,
50yr_0540m_h777_step0,50yr_0540m_h777,3,ENUM,vectorized,0.00013588601723313332,648,0,1.9500000000000002,,,
50yr_0540m_h777_step0,50yr_0540m_h777,3,GA,deployed,0.031942042987793684,3300,0,1.9500000000000002,0,0.0,1
50yr_0540m_h777_step0,50yr_0540m_h777,3,GA,vectorized,0.009274634066969156,3300,0,1.9500000000000002,0,0.0,1
50yr_0540m_h777_step0,50yr_0540m_h777,3,GA,deployed,0.03183581796474755,3300,0,1.9500000000000002,1,0.0,1
50yr_0540m_h777_step0,50yr_0540m_h777,3,GA,vectorized,0.010165489977225661,3600,0,1.9500000000000002,1,0.0,1
50yr_0540m_h777_step0,50yr_0540m_h777,3,GA,deployed,0.031676971120759845,3300,0,1.9500000000000002,2,0.0,1
50yr_0540m_h777_step0,50yr_0540m_h777,3,GA,vectorized,0.011244697961956263,3900,0,1.9500000000000002,2,0.0,1
50yr_0540m_h777_step0,50yr_0540m_h777,3,PSO,deployed,0.012038540095090866,1260,0,1.9500000000000002,0,0.0,1
50yr_0540m_h777_step0,50yr_0540m_h777,3,PSO,vectorized,0.0006012530066072941,1170,0,1.9500000000000002,0,0.0,1
50yr_0540m_h777_step0,50yr_0540m_h777,3,PSO,deployed,0.011242299107834697,1170,0,1.9500000000000002,1,0.0,1
50yr_0540m_h777_step0,50yr_0540m_h777,3,PSO,vectorized,0.0005216840654611588,1080,0,1.9500000000000002,1,0.0,1
50yr_0540m_h777_step0,50yr_0540m_h777,3,PSO,deployed,0.010488841915503144,1080,0,1.9500000000000002,2,0.0,1
50yr_0540m_h777_step0,50yr_0540m_h777,3,PSO,vectorized,0.0005556228570640087,1170,0,1.9500000000000002,2,0.0,1
50yr_0540m_h777_step0,50yr_0540m_h777,5,ENUM,deployed,0.386706329183653,38880,0,,,,
50yr_0540m_h777_step0,50yr_0540m_h777,5,ENUM,vectorized,0.0020660909358412027,38880,0,3.25,,,
50yr_0540m_h777_step0,50yr_0540m_h777,5,GA,deployed,0.06886277603916824,7500,0,3.25,0,0.0,1
50yr_0540m_h777_step0,50yr_0540m_h777,5,GA,vectorized,0.012304416857659817,7000,0,3.25,0,0.0,1
50yr_0540m_h777_step0,50yr_0540m_h777,5,GA,deployed,0.0635651289485395,7000,0,3.25,1,0.0,1
50yr_0540m_h777_step0,50yr_0540m_h777,5,GA,vectorized,0.009698369074612856,5500,0,3.25,1,0.0,1
50yr_0540m_h777_step0,50yr_0540m_h777,5,GA,deployed,0.08016012306325138,8000,0,3.25,2,0.0,1
50yr_0540m_h777_step0,50yr_0540m_h777,5,GA,vectorized,0.017723530065268278,7500,0,3.25,2,0.0,1
50yr_0540m_h777_step0,50yr_0540m_h777,5,PSO,deployed,0.02740341005846858,2250,0,3.25,0,0.0,1
50yr_0540m_h777_step0,50yr_0540m_h777,5,PSO,vectorized,0.0012116660363972187,2250,0,3.25,0,0.0,1
50yr_0540m_h777_step0,50yr_0540m_h777,5,PSO,deployed,0.025026577059179544,2100,0,3.25,1,0.0,1
50yr_0540m_h777_step0,50yr_0540m_h777,5,PSO,vectorized,0.001146166818216443,2250,0,3.25,1,0.0,1
50yr_0540m_h777_step0,50yr_0540m_h777,5,PSO,deployed,0.025403491919860244,2100,0,3.25,2,0.0,1
50yr_0540m_h777_step0,50yr_0540m_h777,5,PSO,vectorized,0.001002402976155281,1950,0,3.25,2,0.0,1
50yr_0540m_h777_step0,50yr_0540m_h777,6,ENUM,deployed,3.4738037339411676,279936,0,,,,
50yr_0540m_h777_step0,50yr_0540m_h777,6,ENUM,vectorized,0.03443660284392536,279936,0,3.9,,,
50yr_0540m_h777_step0,50yr_0540m_h777,6,GA,deployed,0.08676910796202719,8400,0,3.9,0,0.0,1
50yr_0540m_h777_step0,50yr_0540m_h777,6,GA,vectorized,0.017045368906110525,8400,0,3.9,0,0.0,1
50yr_0540m_h777_step0,50yr_0540m_h777,6,GA,deployed,0.12401214591227472,10800,0,3.9,1,0.0,1
50yr_0540m_h777_step0,50yr_0540m_h777,6,GA,vectorized,0.02207293501123786,10800,0,3.6009375000000006,1,0.29906249999999934,1
50yr_0540m_h777_step0,50yr_0540m_h777,6,GA,deployed,0.11714009311981499,10200,0,3.9,2,0.0,1
50yr_0540m_h777_step0,50yr_0540m_h777,6,GA,vectorized,0.022218408063054085,11400,0,3.9,2,0.0,1
50yr_0540m_h777_step0,50yr_0540m_h777,6,PSO,deployed,0.03375816089101136,2880,0,3.9,0,0.0,1
50yr_0540m_h777_step0,50yr_0540m_h777,6,PSO,vectorized,0.001476092031225562,2700,0,3.9,0,0.0,1
50yr_0540m_h777_step0,50yr_0540m_h777,6,PSO,deployed,0.028760879999026656,2520,0,3.9,1,0.0,1
50yr_0540m_h777_step0,50yr_0540m_h777,6,PSO,vectorized,0.0015481289010494947,2880,0,3.9,1,0.0,1
50yr_0540m_h777_step0,50yr_0540m_h777,6,PSO,deployed,0.029132213909178972,2520,0,3.9,2,0.0,1
50yr_0540m_h777_step0,50yr_0540m_h777,6,PSO,vectorized,0.0014551139902323484,2520,0,3.9,2,0.0,1
50yr_0540m_h777_step0,50yr_0540m_h777,7,ENUM,deployed,25.82523637684062,1959552,0,,,,
50yr_0540m_h777_step0,50yr_0540m_h777,7,ENUM,vectorized,0.3434358441736549,1959552,0,4.55,,,
50yr_0540m_h777_step0,50yr_0540m_h777,7,GA,deployed,0.1430447578895837,14000,0,4.55,0,0.0,1
50yr_0540m_h777_step0,50yr_0540m_h777,7,GA,vectorized,0.021564170019701123,14000,0,4.55,0,0.0,1
50yr_0540m_h777_step0,50yr_0540m_h777,7,GA,deployed,0.11471377895213664,11200,0,4.55,1,0.0,1
50yr_0540m_h777_step0,50yr_0540m_h777,7,GA,vectorized,0.01559114409610629,10500,0,4.55,1,0.0,1
50yr_0540m_h777_step0,50yr_0540m_h777,7,GA,deployed,0.1208454598672688,11900,0,4.55,2,0.0,1
50yr_0540m_h777_step0,50yr_0540m_h777,7,GA,vectorized,0.026127096032723784,14700,0,4.55,2,0.0,1
50yr_0540m_h777_step0,50yr_0540m_h777,7,PSO,deployed,0.035939709981903434,2940,0,4.55,0,0.0,1
50yr_0540m_h777_step0,50yr_0540m_h777,7,PSO,vectorized,0.0018362519331276417,3150,0,4.55,0,0.0,1
50yr_0540m_h777_step0,50yr_0540m_h777,7,PSO,deployed,0.038483822951093316,3150,0,4.55,1,0.0,1
50yr_0540m_h777_step0,50yr_0540m_h777,7,PSO,vectorized,0.0018122310284525156,3150,0,4.55,1,0.0,1
50yr_0540m_h777_step0,50yr_0540m_h777,7,PSO,deployed,0.04713170905597508,3780,0,4.55,2,0.0,1
50yr_0540m_h777_step0,50yr_0540m_h777,7,PSO,vectorized,0.001885164063423872,3360,0,4.55,2,0.0,1
50yr_0540m_h777_step0,50yr_0540m_h777,8,ENUM,deployed,169.44088888401166,13436928,0,,,,
50yr_0540m_h777_step0,50yr_0540m_h777,8,ENUM,vectorized,3.645664520096034,13436928,0,5.2,,,
50yr_0540m_h777_step0,50yr_0540m_h777,8,GA,deployed,0.15246809902600944,16000,0,5.2,0,0.0,1
50yr_0540m_h777_step0,50yr_0540m_h777,8,GA,vectorized,0.02483361796475947,19200,0,5.2,0,0.0,1
50yr_0540m_h777_step0,50yr_0540m_h777,8,GA,deployed,0.12142194202169776,12800,0,5.2,1,0.0,1
50yr_0540m_h777_step0,50yr_0540m_h777,8,GA,vectorized,0.01967032509855926,15200,0,5.2,1,0.0,1
50yr_0540m_h777_step0,50yr_0540m_h777,8,GA,deployed,0.13726035715080798,14400,0,5.2,2,0.0,1
50yr_0540m_h777_step0,50yr_0540m_h777,8,GA,vectorized,0.02021609991788864,15200,0,5.2,2,0.0,1
50yr_0540m_h777_step0,50yr_0540m_h777,8,PSO,deployed,0.047362162033095956,4800,0,5.2,0,0.0,1
50yr_0540m_h777_step0,50yr_0540m_h777,8,PSO,vectorized,0.0016516619361937046,3600,0,5.2,0,0.0,1
50yr_0540m_h777_step0,50yr_0540m_h777,8,PSO,deployed,0.04615674004890025,4560,0,5.2,1,0.0,1
50yr_0540m_h777_step0,50yr_0540m_h777,8,PSO,vectorized,0.0026113539934158325,6240,0,5.2,1,0.0,1
50yr_0540m_h777_step0,50yr_0540m_h777,8,PSO,deployed,0.036653961054980755,3600,0,5.2,2,0.0,1
50yr_0540m_h777_step0,50yr_0540m_h777,8,PSO,vectorized,0.0015406289603561163,3600,0,5.2,2,0.0,1
50yr_0540m_h777_step99,50yr_0540m_h777,1,ENUM,deployed,0.0004633439239114523,6,3,,,,
50yr_0540m_h777_step99,50yr_0540m_h777,1,ENUM,vectorized,0.0002653980627655983,6,3,0.6810761273027641,,,
50yr_0540m_h777_step99,50yr_0540m_h777,1,GA,deployed,0.0355778259690851,1100,3,0.6810761273027641,0,0.0,1
50yr_0540m_h777_step99,50yr_0540m_h777,1,GA,vectorized,0.028211975004523993,1100,3,0.6810761273027641,0,0.0,1
50yr_0540m_h777_step99,50yr_0540m_h777,1,GA,deployed,0.03283421997912228,1100,3,0.6810761273027641,1,0.0,1
50yr_0540m_h777_step99,50yr_0540m_h777,1,GA,vectorized,0.02659828308969736,1100,3,0.6810761273027641,1,0.0,1
50yr_0540m_h777_step99,50yr_0540m_h777,1,GA,deployed,0.011970044812187552,1100,3,0.6810761273027641,2,0.0,1
50yr_0540m_h777_step99,50yr_0540m_h777,1,GA,vectorized,0.008848247118294239,1100,3,0.6810761273027641,2,0.0,1
50yr_0540m_h777_step99,50yr_0540m_h777,1,PSO,deployed,0.0034026880748569965,330,3,0.6810761273027641,0,0.0,1
50yr_0540m_h777_step99,50yr_0540m_h777,1,PSO,vectorized,0.0004487999249249697,330,3,0.6810761273027641,0,0.0,1
50yr_0540m_h777_step99,50yr_0540m_h777,1,PSO,deployed,0.0034830609802156687,330,3,0.6810761273027641,1,0.0,1
50yr_0540m_h777_step99,50yr_0540m_h777,1,PSO,vectorized,0.00037282705307006836,330,3,0.6810761273027641,1,0.0,1
50yr_0540m_h777_step99,50yr_0540m_h777,1,PSO,deployed,0.0032467320561408997,330,3,0.6810761273027641,2,0.0,1
50yr_0540m_h777_step99,50yr_0540m_h777,1,PSO,vectorized,0.00040088105015456676,330,3,0.6810761273027641,2,0.0,1
50yr_0540m_h777_step99,50yr_0540m_h777,2,ENUM,deployed,0.002337547019124031,72,3,,,,
50yr_0540m_h777_step99,50yr_0540m_h777,2,ENUM,vectorized,0.00036913296207785606,72,3,1.3632318451748713,,,
50yr_0540m_h777_step99,50yr_0540m_h777,2,GA,deployed,0.06516289315186441,2200,3,1.3632318451748713,0,0.0,1
50yr_0540m_h777_step99,50yr_0540m_h777,2,GA,vectorized,0.03417933499440551,2200,3,1.3632318451748713,0,0.0,1
50yr_0540m_h777_step99,50yr_0540m_h777,2,GA,deployed,0.028767707059159875,2200,3,1.3632318451748713,1,0.0,1
50yr_0540m_h777_step99,50yr_0540m_h777,2,GA,vectorized,0.010395168792456388,2200,3,1.3632318451748713,1,0.0,1
50yr_0540m_h777_step99,50yr_0540m_h777,2,GA,deployed,0.02173781511373818,2200,3,1.3632318451748713,2,0.0,1
50yr_0540m_h777_step99,50yr_0540m_h777,2,GA,vectorized,0.01018760190345347,2200,3,1.3632318451748713,2,0.0,1
50yr_0540m_h777_step99,50yr_0540m_h777,2,PSO,deployed,0.007224451983347535,720,3,1.3632318451748713,0,0.0,1
50yr_0540m_h777_step99,50yr_0540m_h777,2,PSO,vectorized,0.0007107239216566086,660,3,1.3632318451748713,0,0.0,1
50yr_0540m_h777_step99,50yr_0540m_h777,2,PSO,deployed,0.006797034991905093,660,3,1.3632318451748713,1,0.0,1
50yr_0540m_h777_step99,50yr_0540m_h777,2,PSO,vectorized,0.0006257679779082537,660,3,1.3632318451748713,1,0.0,1
50yr_0540m_h777_step99,50yr_0540m_h777,2,PSO,deployed,0.006682855077087879,660,3,1.3632318451748713,2,0.0,1
50yr_0540m_h777_step99,50yr_0540m_h777,2,PSO,vectorized,0.0005398320499807596,660,3,1.3632318451748713,2,0.0,1
50yr_0540m_h777_step99,50yr_0540m_h777,3,ENUM,deployed,0.005959023023024201,648,3,,,,
50yr_0540m_h777_step99,50yr_0540m_h777,3,ENUM,vectorized,0.0003675711341202259,648,3,2.046484983578486,,,
50yr_0540m_h777_step99,50yr_0540m_h777,3,GA,deployed,0.03459618706256151,3600,3,2.046484983578486,0,0.0,1
50yr_0540m_h777_step99,50yr_0540m_h777,3,GA,vectorized,0.010320642963051796,3300,3,2.046484983578486,0,0.0,1
50yr_0540m_h777_step99,50yr_0540m_h777,3,GA,deployed,0.03631857316941023,3300,3,2.046484983578486,1,0.0,1
50yr_0540m_h777_step99,50yr_0540m_h777,3,GA,vectorized,0.03443053597584367,3300,3,2.046484983578486,1,0.0,1
50yr_0540m_h777_step99,50yr_0540m_h777,3,GA,deployed,0.10404933686368167,3600,3,2.046484983578486,2,0.0,1
50yr_0540m_h777_step99,50yr_0540m_h777,3,GA,vectorized,0.037104320945218205,3600,3,2.046484983578486,2,0.0,1
50yr_0540m_h777_step99,50yr_0540m_h777,3,PSO,deployed,0.03995760204270482,1350,4,2.0081176702762944,0,0.038367313302191786,0
50yr_0540m_h777_step99,50yr_0540m_h777,3,PSO,vectorized,0.001947204116731882,1080,3,2.046484983578486,0,0.0,1
50yr_0540m_h777_step99,50yr_0540m_h777,3,PSO,deployed,0.031223761849105358,1080,3,2.046484983578486,1,0.0,1
50yr_0540m_h777_step99,50yr_0540m_h777,3,PSO,vectorized,0.002196173882111907,1260,3,2.046484983578486,1,0.0,1
50yr_0540m_h777_step99,50yr_0540m_h777,3,PSO,deployed,0.02889755694195628,990,3,2.046484983578486,2,0.0,1
50yr_0540m_h777_step99,50yr_0540m_h777,3,PSO,vectorized,0.0018112151883542538,1170,3,2.046484983578486,2,0.0,1
50yr_0540m_h777_step99,50yr_0540m_h777,5,ENUM,deployed,0.3940718879457563,38880,3,,,,
50yr_0540m_h777_step99,50yr_0540m_h777,5,ENUM,vectorized,0.00253986194729805,38880,3,3.416337424810136,,,
50yr_0540m_h777_step99,50yr_0540m_h777,5,GA,deployed,0.09028927702456713,10000,3,3.416337424810136,0,0.0,1
50yr_0540m_h777_step99,50yr_0540m_h777,5,GA,vectorized,0.0134551958180964,7000,3,3.416337424810136,0,0.0,1
50yr_0540m_h777_step99,50yr_0540m_h777,5,GA,deployed,0.07643107511103153,8000,3,3.416337424810136,1,0.0,1
50yr_0540m_h777_step99,50yr_0540m_h777,5,GA,vectorized,0.016776053002104163,7500,3,3.416337424810136,1,0.0,1
50yr_0540m_h777_step99,50yr_0540m_h777,5,GA,deployed,0.06870125001296401,6500,3,3.416337424810136,2,0.0,1
50yr_0540m_h777_step99,50yr_0540m_h777,5,GA,vectorized,0.015630653128027916,7000,3,3.38706270028854,2,0.029274724521596074,1
50yr_0540m_h777_step99,50yr_0540m_h777,5,PSO,deployed,0.025886742863804102,2400,3,3.38706270028854,0,0.029274724521596074,1
50yr_0540m_h777_step99,50yr_0540m_h777,5,PSO,vectorized,0.0013633719645440578,2250,3,3.38706270028854,0,0.029274724521596074,1
50yr_0540m_h777_step99,50yr_0540m_h777,5,PSO,deployed,0.017581434920430183,1650,3,3.337989198615348,1,0.07834822619478787,1
50yr_0540m_h777_step99,50yr_0540m_h777,5,PSO,vectorized,0.0012760818935930729,2400,3,3.416337424810136,1,0.0,1
50yr_0540m_h777_step99,50yr_0540m_h777,5,PSO,deployed,0.019982052966952324,1950,3,3.416337424810136,2,0.0,1
50yr_0540m_h777_step99,50yr_0540m_h777,5,PSO,vectorized,0.0010049568954855204,1800,3,3.416337424810136,2,0.0,1
50yr_0540m_h777_step99,50yr_0540m_h777,6,ENUM,deployed,2.835556861013174,279936,3,,,,
50yr_0540m_h777_step99,50yr_0540m_h777,6,ENUM,vectorized,0.03068808000534773,279936,3,4.1029543595395355,,,
50yr_0540m_h777_step99,50yr_0540m_h777,6,GA,deployed,0.11139595205895603,12600,3,4.077050862056506,0,0.025903497483029447,1
50yr_0540m_h777_step99,50yr_0540m_h777,6,GA,vectorized,0.016750737093389034,10200,3,4.1029543595395355,0,0.0,1
50yr_0540m_h777_step99,50yr_0540m_h777,6,GA,deployed,0.13933143601752818,15600,3,4.077050862056506,1,0.025903497483029447,1
50yr_0540m_h777_step99,50yr_0540m_h777,6,GA,vectorized,0.01427413895726204,8400,3,4.1029543595395355,1,0.0,1
50yr_0540m_h777_step99,50yr_0540m_h777,6,GA,deployed,0.12514435802586377,13800,3,4.077050862056506,2,0.025903497483029447,1
50yr_0540m_h777_step99,50yr_0540m_h777,6,GA,vectorized,0.016675760969519615,10200,3,4.077050862056506,2,0.025903497483029447,1
50yr_0540m_h777_step99,50yr_0540m_h777,6,PSO,deployed,0.030390996020287275,3240,3,4.077050862056506,0,0.025903497483029447,1
50yr_0540m_h777_step99,50yr_0540m_h777,6,PSO,vectorized,0.0018060021102428436,3420,3,4.1029543595395355,0,0.0,1
50yr_0540m_h777_step99,50yr_0540m_h777,6,PSO,deployed,0.0293891669716686,3060,3,4.077050862056506,1,0.025903497483029447,1
50yr_0540m_h777_step99,50yr_0540m_h777,6,PSO,vectorized,0.0020196600817143917,4140,3,4.1029543595395355,1,0.0,1
50yr_0540m_h777_step99,50yr_0540m_h777,6,PSO,deployed,0.022375202039256692,2340,3,4.1029543595395355,2,0.0,1
50yr_0540m_h777_step99,50yr_0540m_h777,6,PSO,vectorized,0.0019826849456876516,4140,3,4.1029543595395355,2,0.0,1
50yr_0540m_h777_step99,50yr_0540m_h777,7,ENUM,deployed,18.353753327857703,1959552,3,,,,
50yr_0540m_h777_step99,50yr_0540m_h777,7,ENUM,vectorized,0.35959435789845884,1959552,3,4.7907041781011594,,,
50yr_0540m_h777_step99,50yr_0540m_h777,7,GA,deployed,0.21548959100618958,14700,3,4.7907041781011594,0,0.0,1
50yr_0540m_h777_step99,50yr_0540m_h777,7,GA,vectorized,0.019845993956550956,12600,3,4.7907041781011594,0,0.0,1
50yr_0540m_h777_step99,50yr_0540m_h777,7,GA,deployed,0.12572436803020537,12600,3,4.7907041781011594,1,0.0,1
50yr_0540m_h777_step99,50yr_0540m_h777,7,GA,vectorized,0.027230388950556517,16800,3,4.723160405506668,1,0.06754377259449118,1
50yr_0540m_h777_step99,50yr_0540m_h777,7,GA,deployed,0.11158061190508306,11200,3,4.768173129687055,2,0.022531048414104582,1
50yr_0540m_h777_step99,50yr_0540m_h777,7,GA,vectorized,0.03262207005172968,19600,3,4.7667341587284815,2,0.023970019372677953,1
50yr_0540m_h777_step99,50yr_0540m_h777,7,PSO,deployed,0.09575855801813304,4620,3,4.7907041781011594,0,0.0,1
50yr_0540m_h777_step99,50yr_0540m_h777,7,PSO,vectorized,0.003234991105273366,6090,3,4.6981209052472845,0,0.09258327285387491,1
50yr_0540m_h777_step99,50yr_0540m_h777,7,PSO,deployed,0.03485315199941397,3360,3,4.723160405506668,1,0.06754377259449118,1
50yr_0540m_h777_step99,50yr_0540m_h777,7,PSO,vectorized,0.0017130658961832523,3780,3,4.723160405506668,1,0.06754377259449118,1
50yr_0540m_h777_step99,50yr_0540m_h777,7,PSO,deployed,0.02305789105594158,2520,3,4.748571958103807,2,0.042132219997352394,1
50yr_0540m_h777_step99,50yr_0540m_h777,7,PSO,vectorized,0.002023140201345086,5040,3,4.768173129687055,2,0.022531048414104582,1
50yr_0540m_h777_step99,50yr_0540m_h777,8,ENUM,deployed,131.75277067301795,13436928,3,,,,
50yr_0540m_h777_step99,50yr_0540m_h777,8,ENUM,vectorized,2.617932572029531,13436928,3,5.479586760181482,,,
50yr_0540m_h777_step99,50yr_0540m_h777,8,GA,deployed,0.13400664902292192,15200,3,5.479586760181482,0,0.0,1
50yr_0540m_h777_step99,50yr_0540m_h777,8,GA,vectorized,0.017344017047435045,13600,3,5.460407342582175,0,0.019179417599306525,1
50yr_0540m_h777_step99,50yr_0540m_h777,8,GA,deployed,0.15087895304895937,16800,3,5.299685967609676,1,0.17990079257180547,1
50yr_0540m_h777_step99,50yr_0540m_h777,8,GA,vectorized,0.023508395068347454,17600,3,5.460407342582175,1,0.019179417599306525,1
50yr_0540m_h777_step99,50yr_0540m_h777,8,GA,deployed,0.2163605960085988,24000,3,5.412473552117932,2,0.06711320806354948,1
50yr_0540m_h777_step99,50yr_0540m_h777,8,GA,vectorized,0.021913781063631177,16800,3,5.479586760181482,2,0.0,1
50yr_0540m_h777_step99,50yr_0540m_h777,8,PSO,deployed,0.05068212584592402,5280,3,5.438738407016319,0,0.04084835316516244,1
50yr_0540m_h777_step99,50yr_0540m_h777,8,PSO,vectorized,0.0017909291200339794,3840,3,5.415175074861292,0,0.0644116853201897,1
50yr_0540m_h777_step99,50yr_0540m_h777,8,PSO,deployed,0.061602784087881446,6480,3,5.460407342582175,1,0.019179417599306525,1
50yr_0540m_h777_step99,50yr_0540m_h777,8,PSO,vectorized,0.0032905330881476402,7920,3,5.3492496561630425,1,0.13033710401843912,1
50yr_0540m_h777_step99,50yr_0540m_h777,8,PSO,deployed,0.1107193031348288,11520,3,5.460407342582175,2,0.019179417599306525,1
50yr_0540m_h777_step99,50yr_0540m_h777,8,PSO,vectorized,0.002244009170681238,4800,3,5.3986274329799935,2,0.08095932720148813,1
50yr_0540m_h777_step198,50yr_0540m_h777,1,ENUM,deployed,0.00024329684674739838,6,1,,,,
50yr_0540m_h777_step198,50yr_0540m_h777,1,ENUM,vectorized,0.0001741379965096712,6,1,0.6572853763062099,,,
50yr_0540m_h777_step198,50yr_0540m_h777,1,GA,deployed,0.011506953043863177,1100,1,0.6572853763062099,0,0.0,1
50yr_0540m_h777_step198,50yr_0540m_h777,1,GA,vectorized,0.008422327926382422,1100,1,0.6572853763062099,0,0.0,1
50yr_0540m_h777_step198,50yr_0540m_h777,1,GA,deployed,0.01145016704685986,1100,1,0.6572853763062099,1,0.0,1
50yr_0540m_h777_step198,50yr_0540m_h777,1,GA,vectorized,0.00879862392321229,1100,1,0.6572853763062099,1,0.0,1
50yr_0540m_h777_step198,50yr_0540m_h777,1,GA,deployed,0.011385215912014246,1100,1,0.6572853763062099,2,0.0,1
50yr_0540m_h777_step198,50yr_0540m_h777,1,GA,vectorized,0.00902398582547903,1100,1,0.6572853763062099,2,0.0,1
50yr_0540m_h777_step198,50yr_0540m_h777,1,PSO,deployed,0.0033811437897384167,330,1,0.6572853763062099,0,0.0,1
50yr_0540m_h777_step198,50yr_0540m_h777,1,PSO,vectorized,0.0004344859626144171,330,1,0.6572853763062099,0,0.0,1
50yr_0540m_h777_step198,50yr_0540m_h777,1,PSO,deployed,0.0033062470611184835,330,1,0.6572853763062099,1,0.0,1
50yr_0540m_h777_step198,50yr_0540m_h777,1,PSO,vectorized,0.0003426419571042061,330,1,0.6572853763062099,1,0.0,1
50yr_0540m_h777_step198,50yr_0540m_h777,1,PSO,deployed,0.0032861430663615465,330,1,0.6572853763062099,2,0.0,1
50yr_0540m_h777_step198,50yr_0540m_h777,1,PSO,vectorized,0.0003456601407378912,330,1,0.6572853763062099,2,0.0,1
50yr_0540m_h777_step198,50yr_0540m_h777,2,ENUM,deployed,0.0008271830156445503,72,1,,,,
50yr_0540m_h777_step198,50yr_0540m_h777,2,ENUM,vectorized,0.00021461211144924164,72,1,1.314476758805549,,,
50yr_0540m_h777_step198,50yr_0540m_h777,2,GA,deployed,0.0211254779715091,2200,1,1.314476758805549,0,0.0,1
50yr_0540m_h777_step198,50yr_0540m_h777,2,GA,vectorized,0.009988900972530246,2200,1,1.314476758805549,0,0.0,1
50yr_0540m_h777_step198,50yr_0540m_h777,2,GA,deployed,0.022129463031888008,2200,1,1.314476758805549,1,0.0,1
50yr_0540m_h777_step198,50yr_0540m_h777,2,GA,vectorized,0.010170159861445427,2200,1,1.314476758805549,1,0.0,1
50yr_0540m_h777_step198,50yr_0540m_h777,2,GA,deployed,0.021816205931827426,2200,1,1.314476758805549,2,0.0,1
50yr_0540m_h777_step198,50yr_0540m_h777,2,GA,vectorized,0.010002188151702285,2200,1,1.314476758805549,2,0.0,1
50yr_0540m_h777_step198,50yr_0540m_h777,2,PSO,deployed,0.006428608205169439,660,1,1.314476758805549,0,0.0,1
50yr_0540m_h777_step198,50yr_0540m_h777,2,PSO,vectorized,0.0006336178630590439,660,1,1.314476758805549,0,0.0,1
50yr_0540m_h777_step198,50yr_0540m_h777,2,PSO,deployed,0.006642205873504281,660,1,1.314476758805549,1,0.0,1
50yr_0540m_h777_step198,50yr_0540m_h777,2,PSO,vectorized,0.0006056621205061674,780,1,1.314476758805549,1,0.0,1
50yr_0540m_h777_step198,50yr_0540m_h777,2,PSO,deployed,0.006910773925483227,660,1,1.314476758805549,2,0.0,1
50yr_0540m_h777_step198,50yr_0540m_h777,2,PSO,vectorized,0.0006113669369369745,660,1,1.314476758805549,2,0.0,1
50yr_0540m_h777_step198,50yr_0540m_h777,3,ENUM,deployed,0.017910945927724242,648,1,,,,
50yr_0540m_h777_step198,50yr_0540m_h777,3,ENUM,vectorized,0.00041230209171772003,648,1,1.971566654960405,,,
50yr_0540m_h777_step198,50yr_0540m_h777,3,GA,deployed,0.10226650699041784,3600,1,1.971566654960405,0,0.0,1
50yr_0540m_h777_step198,50yr_0540m_h777,3,GA,vectorized,0.039654930820688605,3900,1,1.971566654960405,0,0.0,1
50yr_0540m_h777_step198,50yr_0540m_h777,3,GA,deployed,0.09247643384151161,3300,1,1.971566654960405,1,0.0,1
50yr_0540m_h777_step198,50yr_0540m_h777,3,GA,vectorized,0.03220125799998641,3300,1,1.971566654960405,1,0.0,1
50yr_0540m_h777_step198,50yr_0540m_h777,3,GA,deployed,0.1503664709161967,5400,2,1.9086676278921804,2,0.06289902706822459,0
50yr_0540m_h777_step198,50yr_0540m_h777,3,GA,vectorized,0.032444035867229104,3300,1,1.971566654960405,2,0.0,1
50yr_0540m_h777_step198,50yr_0540m_h777,3,PSO,deployed,0.035782202146947384,1260,2,1.9086676278921804,0,0.06289902706822459,0
50yr_0540m_h777_step198,50yr_0540m_h777,3,PSO,vectorized,0.00157801597379148,990,1,1.971566654960405,0,0.0,1
50yr_0540m_h777_step198,50yr_0540m_h777,3,PSO,deployed,0.027668297989293933,990,1,1.971566654960405,1,0.0,1
50yr_0540m_h777_step198,50yr_0540m_h777,3,PSO,vectorized,0.0020323870703577995,1440,1,1.971566654960405,1,0.0,1
50yr_0540m_h777_step198,50yr_0540m_h777,3,PSO,deployed,0.035995734855532646,1260,1,1.971566654960405,2,0.0,1
50yr_0540m_h777_step198,50yr_0540m_h777,3,PSO,vectorized,0.002035774989053607,1170,1,1.971566654960405,2,0.0,1
50yr_0540m_h777_step198,50yr_0540m_h777,5,ENUM,deployed,1.0914010221604258,38880,1,,,,
50yr_0540m_h777_step198,50yr_0540m_h777,5,ENUM,vectorized,0.004737147130072117,38880,1,3.285413925411941,,,
50yr_0540m_h777_step198,50yr_0540m_h777,5,GA,deployed,0.19214215222746134,7000,1,3.285413925411941,0,0.0,1
50yr_0540m_h777_step198,50yr_0540m_h777,5,GA,vectorized,0.0646420419216156,10500,1,3.22094715158378,0,0.06446677382816102,1
50yr_0540m_h777_step198,50yr_0540m_h777,5,GA,deployed,0.16311176004819572,6000,1,3.285413925411941,1,0.0,1
50yr_0540m_h777_step198,50yr_0540m_h777,5,GA,vectorized,0.04600988794118166,7500,1,3.285413925411941,1,0.0,1
50yr_0540m_h777_step198,50yr_0540m_h777,5,GA,deployed,0.24723191396333277,12500,1,3.184476758805549,2,0.10093716660639185,1
50yr_0540m_h777_step198,50yr_0540m_h777,5,GA,vectorized,0.015145210083574057,8000,1,3.22094715158378,2,0.06446677382816102,1
50yr_0540m_h777_step198,50yr_0540m_h777,5,PSO,deployed,0.027462685015052557,2850,1,3.22094715158378,0,0.06446677382816102,1
50yr_0540m_h777_step198,50yr_0540m_h777,5,PSO,vectorized,0.0013034101575613022,2100,1,3.285413925411941,0,0.0,1
50yr_0540m_h777_step198,50yr_0540m_h777,5,PSO,deployed,0.025506905047222972,2700,1,3.22094715158378,1,0.06446677382816102,1
50yr_0540m_h777_step198,50yr_0540m_h777,5,PSO,vectorized,0.0015436650719493628,2850,1,3.22094715158378,1,0.06446677382816102,1
50yr_0540m_h777_step198,50yr_0540m_h777,5,PSO,deployed,0.024408330908045173,2550,1,3.22094715158378,2,0.06446677382816102,1
50yr_0540m_h777_step198,50yr_0540m_h777,5,PSO,vectorized,0.001236436190083623,2400,1,3.22094715158378,2,0.06446677382816102,1
50yr_0540m_h777_step198,50yr_0540m_h777,6,ENUM,deployed,2.7714836271479726,279936,1,,,,
50yr_0540m_h777_step198,50yr_0540m_h777,6,ENUM,vectorized,0.03187296399846673,279936,1,3.942158662971182,,,
50yr_0540m_h777_step198,50yr_0540m_h777,6,GA,deployed,0.08678817306645215,9600,1,3.834476758805549,0,0.10768190416563295,1
50yr_0540m_h777_step198,50yr_0540m_h777,6,GA,vectorized,0.01285504805855453,7800,1,3.942158662971182,0,0.0,1
50yr_0540m_h777_step198,50yr_0540m_h777,6,GA,deployed,0.07781340600922704,8400,1,3.942158662971182,1,0.0,1
50yr_0540m_h777_step198,50yr_0540m_h777,6,GA,vectorized,0.01525075500831008,9000,1,3.876838498310829,1,0.06532016466035317,1
50yr_0540m_h777_step198,50yr_0540m_h777,6,GA,deployed,0.07712382893078029,8400,1,3.942158662971182,2,0.0,1
50yr_0540m_h777_step198,50yr_0540m_h777,6,GA,vectorized,0.016688844887539744,9600,1,3.942158662971182,2,0.0,1
50yr_0540m_h777_step198,50yr_0540m_h777,6,PSO,deployed,0.03313211794011295,3420,1,3.8272853763062096,0,0.11487328666497243,1
50yr_0540m_h777_step198,50yr_0540m_h777,6,PSO,vectorized,0.0016543939709663391,3240,1,3.942158662971182,0,0.0,1
50yr_0540m_h777_step198,50yr_0540m_h777,6,PSO,deployed,0.030305233085528016,3060,1,3.942158662971182,1,0.0,1
50yr_0540m_h777_step198,50yr_0540m_h777,6,PSO,vectorized,0.0020766330417245626,4500,1,3.876838498310829,1,0.06532016466035317,1
50yr_0540m_h777_step198,50yr_0540m_h777,6,PSO,deployed,0.03270822390913963,3420,1,3.942158662971182,2,0.0,1
50yr_0540m_h777_step198,50yr_0540m_h777,6,PSO,vectorized,0.0016925199888646603,3060,0,3.718308796411074,2,0.22384986656010808,0
50yr_0540m_h777_step198,50yr_0540m_h777,7,ENUM,deployed,21.800959181040525,1959552,1,,,,
50yr_0540m_h777_step198,50yr_0540m_h777,7,ENUM,vectorized,0.3814857481047511,1959552,1,4.598776359824332,,,
50yr_0540m_h777_step198,50yr_0540m_h777,7,GA,deployed,0.1469974359497428,16800,1,4.598776359824332,0,0.0,1
50yr_0540m_h777_step198,50yr_0540m_h777,7,GA,vectorized,0.024888288928195834,17500,1,4.484476758805549,0,0.11429960101878311,1
50yr_0540m_h777_step198,50yr_0540m_h777,7,GA,deployed,0.20939102303236723,23800,1,4.512158662971182,1,0.0866176968531498,1
50yr_0540m_h777_step198,50yr_0540m_h777,7,GA,vectorized,0.01973355794325471,14000,1,4.532306595253116,1,0.06646976457121578,1
50yr_0540m_h777_step198,50yr_0540m_h777,7,GA,deployed,0.11312594986520708,12600,1,4.598776359824332,2,0.0,1
50yr_0540m_h777_step198,50yr_0540m_h777,7,GA,vectorized,0.01886864099651575,13300,1,4.527223810544014,2,0.07155254928031773,1
50yr_0540m_h777_step198,50yr_0540m_h777,7,PSO,deployed,0.043533997144550085,4620,1,4.512158662971182,0,0.0866176968531498,1
50yr_0540m_h777_step198,50yr_0540m_h777,7,PSO,vectorized,0.0014734421856701374,2940,1,4.598776359824332,0,0.0,1
50yr_0540m_h777_step198,50yr_0540m_h777,7,PSO,deployed,0.029206373961642385,3150,0,4.365767041415256,1,0.23300931840907602,0
50yr_0540m_h777_step198,50yr_0540m_h777,7,PSO,vectorized,0.0016269560437649488,3360,1,4.491566654960405,1,0.10720970486392734,1
50yr_0540m_h777_step198,50yr_0540m_h777,7,PSO,deployed,0.0342866291757673,3570,1,4.532306595253116,2,0.06646976457121578,1
50yr_0540m_h777_step198,50yr_0540m_h777,7,PSO,vectorized,0.0019134969916194677,4410,1,4.598776359824332,2,0.0,1
50yr_0540m_h777_step198,50yr_0540m_h777,8,ENUM,deployed,159.30458907107823,13436928,1,,,,
50yr_0540m_h777_step198,50yr_0540m_h777,8,ENUM,vectorized,2.4374605279881507,13436928,1,5.255261418511562,,,
50yr_0540m_h777_step198,50yr_0540m_h777,8,GA,deployed,0.14841076312586665,16800,1,5.185911757998386,0,0.06934966051317648,1
50yr_0540m_h777_step198,50yr_0540m_h777,8,GA,vectorized,0.01579624111764133,12800,1,5.255261418511562,0,0.0,1
50yr_0540m_h777_step198,50yr_0540m_h777,8,GA,deployed,0.2054510861635208,23200,1,5.255261418511562,1,0.0,1
50yr_0540m_h777_step198,50yr_0540m_h777,8,GA,vectorized,0.015646249987185,12800,1,5.18732243952981,1,0.06793897898175238,1
50yr_0540m_h777_step198,50yr_0540m_h777,8,GA,deployed,0.12900670687668025,14400,1,5.255261418511562,2,0.0,1
50yr_0540m_h777_step198,50yr_0540m_h777,8,GA,vectorized,0.023785947123542428,19200,1,5.18732243952981,2,0.06793897898175238,1
50yr_0540m_h777_step198,50yr_0540m_h777,8,PSO,deployed,0.03942080191336572,4320,0,5.12,0,0.13526141851156215,0
50yr_0540m_h777_step198,50yr_0540m_h777,8,PSO,vectorized,0.0025383569300174713,6240,1,5.090061185882221,0,0.16520023262934114,1
50yr_0540m_h777_step198,50yr_0540m_h777,8,PSO,deployed,0.04457805794663727,4800,1,5.18732243952981,1,0.06793897898175238,1
50yr_0540m_h777_step198,50yr_0540m_h777,8,PSO,vectorized,0.002036068821325898,4560,1,5.141566654960405,1,0.11369476355115715,1
50yr_0540m_h777_step198,50yr_0540m_h777,8,PSO,deployed,0.0502257919870317,5520,1,5.134476758805549,2,0.12078465970601293,1
50yr_0540m_h777_step198,50yr_0540m_h777,8,PSO,vectorized,0.0014683350455015898,3360,0,5.12,2,0.13526141851156215,0
50yr_0540m_h777_step297,50yr_0540m_h777,1,ENUM,deployed,0.0008245089557021856,6,0,,,,
50yr_0540m_h777_step297,50yr_0540m_h777,1,ENUM,vectorized,0.0004940819926559925,6,0,0.65,,,
50yr_0540m_h777_step297,50yr_0540m_h777,1,GA,deployed,0.03251802804879844,1100,0,0.65,0,0.0,1
50yr_0540m_h777_step297,50yr_0540m_h777,1,GA,vectorized,0.027486023027449846,1100,0,0.65,0,0.0,1
50yr_0540m_h777_step297,50yr_0540m_h777,1,GA,deployed,0.03155062790028751,1100,0,0.65,1,0.0,1
50yr_0540m_h777_step297,50yr_0540m_h777,1,GA,vectorized,0.0273477490991354,1100,0,0.65,1,0.0,1
50yr_0540m_h777_step297,50yr_0540m_h777,1,GA,deployed,0.03154541086405516,1100,0,0.65,2,0.0,1
50yr_0540m_h777_step297,50yr_0540m_h777,1,GA,vectorized,0.027290035039186478,1100,0,0.65,2,0.0,1
50yr_0540m_h777_step297,50yr_0540m_h777,1,PSO,deployed,0.009838944068178535,330,0,0.65,0,0.0,1
50yr_0540m_h777_step297,50yr_0540m_h777,1,PSO,vectorized,0.0009729561861604452,330,0,0.65,0,0.0,1
50yr_0540m_h777_step297,50yr_0540m_h777,1,PSO,deployed,0.009576346958056092,330,0,0.65,1,0.0,1
50yr_0540m_h777_step297,50yr_0540m_h777,1,PSO,vectorized,0.0008092690259218216,330,0,0.65,1,0.0,1
50yr_0540m_h777_step297,50yr_0540m_h777,1,PSO,deployed,0.010339569998905063,360,0,0.65,2,0.0,1
50yr_0540m_h777_step297,50yr_0540m_h777,1,PSO,vectorized,0.0007771870587021112,330,0,0.65,2,0.0,1
50yr_0540m_h777_step297,50yr_0540m_h777,2,ENUM,deployed,0.0022176390048116446,72,0,,,,
50yr_0540m_h777_step297,50yr_0540m_h777,2,ENUM,vectorized,0.0002618220169097185,72,0,1.3,,,
50yr_0540m_h777_step297,50yr_0540m_h777,2,GA,deployed,0.06035641604103148,2200,0,1.3,0,0.0,1
50yr_0540m_h777_step297,50yr_0540m_h777,2,GA,vectorized,0.034508387092500925,2400,0,1.3,0,0.0,1
50yr_0540m_h777_step297,50yr_0540m_h777,2,GA,deployed,0.05964160896837711,2200,0,1.3,1,0.0,1
50yr_0540m_h777_step297,50yr_0540m_h777,2,GA,vectorized,0.0348198099527508,2400,0,1.3,1,0.0,1
50yr_0540m_h777_step297,50yr_0540m_h777,2,GA,deployed,0.06025911495089531,2200,0,1.3,2,0.0,1
50yr_0540m_h777_step297,50yr_0540m_h777,2,GA,vectorized,0.03125082212500274,2200,0,1.3,2,0.0,1
50yr_0540m_h777_step297,50yr_0540m_h777,2,PSO,deployed,0.021350450813770294,780,0,1.3,0,0.0,1
50yr_0540m_h777_step297,50yr_0540m_h777,2,PSO,vectorized,0.001204092986881733,720,0,1.3,0,0.0,1
50yr_0540m_h777_step297,50yr_0540m_h777,2,PSO,deployed,0.01976138586178422,720,0,1.3,1,0.0,1
50yr_0540m_h777_step297,50yr_0540m_h777,2,PSO,vectorized,0.00112347980029881,720,0,1.3,1,0.0,1
50yr_0540m_h777_step297,50yr_0540m_h777,2,PSO,deployed,0.021556314080953598,780,0,1.3,2,0.0,1
50yr_0540m_h777_step297,50yr_0540m_h777,2,PSO,vectorized,0.0010796310380101204,660,0,1.3,2,0.0,1
50yr_0540m_h777_step297,50yr_0540m_h777,3,ENUM,deployed,0.01834184699691832,648,0,,,,
50yr_0540m_h777_step297,50yr_0540m_h777,3,ENUM,vectorized,0.000372451962903142,648,0,1.9500000000000002,,,
50yr_0540m_h777_step297,50yr_0540m_h777,3,GA,deployed,0.09597339411266148,3600,0,1.9500000000000002,0,0.0,1
50yr_0540m_h777_step297,50yr_0540m_h777,3,GA,vectorized,0.03089691698551178,3600,0,1.9500000000000002,0,0.0,1
50yr_0540m_h777_step297,50yr_0540m_h777,3,GA,deployed,0.03229388105683029,3600,0,1.9500000000000002,1,0.0,1
50yr_0540m_h777_step297,50yr_0540m_h777,3,GA,vectorized,0.012536928988993168,3900,0,1.9500000000000002,1,0.0,1
50yr_0540m_h777_step297,50yr_0540m_h777,3,GA,deployed,0.036692772060632706,3900,0,1.9500000000000002,2,0.0,1
50yr_0540m_h777_step297,50yr_0540m_h777,3,GA,vectorized,0.012134471908211708,3900,0,1.9500000000000002,2,0.0,1
50yr_0540m_h777_step297,50yr_0540m_h777,3,PSO,deployed,0.010477386880666018,1170,0,1.9500000000000002,0,0.0,1
50yr_0540m_h777_step297,50yr_0540m_h777,3,PSO,vectorized,0.0008339988999068737,1170,0,1.9500000000000002,0,0.0,1
50yr_0540m_h777_step297,50yr_0540m_h777,3,PSO,deployed,0.0107503910548985,1170,0,1.9500000000000002,1,0.0,1
50yr_0540m_h777_step297,50yr_0540m_h777,3,PSO,vectorized,0.0007452049758285284,1170,0,1.9500000000000002,1,0.0,1
50yr_0540m_h777_step297,50yr_0540m_h777,3,PSO,deployed,0.009786437964066863,1080,0,1.9500000000000002,2,0.0,1
50yr_0540m_h777_step297,50yr_0540m_h777,3,PSO,vectorized,0.000631954986602068,1080,0,1.9500000000000002,2,0.0,1
50yr_0540m_h777_step297,50yr_0540m_h777,5,ENUM,deployed,0.5100010649766773,38880,0,,,,
50yr_0540m_h777_step297,50yr_0540m_h777,5,ENUM,vectorized,0.0027087051421403885,38880,0,3.25,,,
50yr_0540m_h777_step297,50yr_0540m_h777,5,GA,deployed,0.07130035595037043,8000,0,3.25,0,0.0,1
50yr_0540m_h777_step297,50yr_0540m_h777,5,GA,vectorized,0.014039623085409403,7500,0,3.25,0,0.0,1
50yr_0540m_h777_step297,50yr_0540m_h777,5,GA,deployed,0.05865138093940914,6500,0,3.17608988416434,1,0.07391011583565987,1
50yr_0540m_h777_step297,50yr_0540m_h777,5,GA,vectorized,0.014947330113500357,8000,0,3.25,1,0.0,1
50yr_0540m_h777_step297,50yr_0540m_h777,5,GA,deployed,0.08139304700307548,9000,0,3.25,2,0.0,1
50yr_0540m_h777_step297,50yr_0540m_h777,5,GA,vectorized,0.0153463298920542,8000,0,3.25,2,0.0,1
50yr_0540m_h777_step297,50yr_0540m_h777,5,PSO,deployed,0.01939198700711131,2100,0,3.25,0,0.0,1
50yr_0540m_h777_step297,50yr_0540m_h777,5,PSO,vectorized,0.0010842019692063332,1950,0,3.25,0,0.0,1
50yr_0540m_h777_step297,50yr_0540m_h777,5,PSO,deployed,0.02046082285232842,2250,0,3.25,1,0.0,1
50yr_0540m_h777_step297,50yr_0540m_h777,5,PSO,vectorized,0.00121674919500947,2550,0,3.25,1,0.0,1
50yr_0540m_h777_step297,50yr_0540m_h777,5,PSO,deployed,0.017518290085718036,1950,0,3.25,2,0.0,1
50yr_0540m_h777_step297,50yr_0540m_h777,5,PSO,vectorized,0.001024352153763175,2100,0,3.25,2,0.0,1
50yr_0540m_h777_step297,50yr_0540m_h777,6,ENUM,deployed,6.461992796044797,279936,0,,,,
50yr_0540m_h777_step297,50yr_0540m_h777,6,ENUM,vectorized,0.030451959930360317,279936,0,3.9,,,
50yr_0540m_h777_step297,50yr_0540m_h777,6,GA,deployed,0.0940714820753783,9600,0,3.826606638070202,0,0.07339336192979795,1
50yr_0540m_h777_step297,50yr_0540m_h777,6,GA,vectorized,0.016293400898575783,9000,0,3.8262954266820888,0,0.07370457331791114,1
50yr_0540m_h777_step297,50yr_0540m_h777,6,GA,deployed,0.08183307107537985,8400,0,3.9,1,0.0,1
50yr_0540m_h777_step297,50yr_0540m_h777,6,GA,vectorized,0.013614496914669871,7800,0,3.9,1,0.0,1
50yr_0540m_h777_step297,50yr_0540m_h777,6,GA,deployed,0.08772947895340621,9000,0,3.9,2,0.0,1
50yr_0540m_h777_step297,50yr_0540m_h777,6,GA,vectorized,0.01768515002913773,10200,0,3.9,2,0.0,1
50yr_0540m_h777_step297,50yr_0540m_h777,6,PSO,deployed,0.02552439784631133,2520,0,3.9,0,0.0,1
50yr_0540m_h777_step297,50yr_0540m_h777,6,PSO,vectorized,0.0015161142218858004,2880,0,3.9,0,0.0,1
50yr_0540m_h777_step297,50yr_0540m_h777,6,PSO,deployed,0.02943990915082395,2880,0,3.9,1,0.0,1
50yr_0540m_h777_step297,50yr_0540m_h777,6,PSO,vectorized,0.0013632380869239569,2520,0,3.9,1,0.0,1
50yr_0540m_h777_step297,50yr_0540m_h777,6,PSO,deployed,0.027373744873329997,2700,0,3.9,2,0.0,1
50yr_0540m_h777_step297,50yr_0540m_h777,6,PSO,vectorized,0.0014437499921768904,2700,0,3.9,2,0.0,1
50yr_0540m_h777_step297,50yr_0540m_h777,7,ENUM,deployed,21.54606490698643,1959552,0,,,,
50yr_0540m_h777_step297,50yr_0540m_h777,7,ENUM,vectorized,0.3375326399691403,1959552,0,4.55,,,
50yr_0540m_h777_step297,50yr_0540m_h777,7,GA,deployed,0.09076234605163336,9800,0,4.55,0,0.0,1
50yr_0540m_h777_step297,50yr_0540m_h777,7,GA,vectorized,0.017601625993847847,11900,0,4.55,0,0.0,1
50yr_0540m_h777_step297,50yr_0540m_h777,7,GA,deployed,0.1408640118315816,14700,0,4.55,1,0.0,1
50yr_0540m_h777_step297,50yr_0540m_h777,7,GA,vectorized,0.01884724199771881,11900,0,4.477123391976064,1,0.07287660802393603,1
50yr_0540m_h777_step297,50yr_0540m_h777,7,GA,deployed,0.11369619192555547,10500,0,4.396089884164341,2,0.15391011583565906,1
50yr_0540m_h777_step297,50yr_0540m_h777,7,GA,vectorized,0.01784034981392324,11200,0,4.55,2,0.0,1
50yr_0540m_h777_step297,50yr_0540m_h777,7,PSO,deployed,0.03533354704268277,3150,0,4.55,0,0.0,1
50yr_0540m_h777_step297,50yr_0540m_h777,7,PSO,vectorized,0.0023013558238744736,3780,0,4.55,0,0.0,1
50yr_0540m_h777_step297,50yr_0540m_h777,7,PSO,deployed,0.03304863395169377,3150,0,4.55,1,0.0,1
50yr_0540m_h777_step297,50yr_0540m_h777,7,PSO,vectorized,0.001389969140291214,2940,0,3.970953977780747,1,0.5790460222192526,1
50yr_0540m_h777_step297,50yr_0540m_h777,7,PSO,deployed,0.032382511999458075,3150,0,4.55,2,0.0,1
50yr_0540m_h777_step297,50yr_0540m_h777,7,PSO,vectorized,0.001514598960056901,3360,0,4.55,2,0.0,1
50yr_0540m_h777_step297,50yr_0540m_h777,8,ENUM,deployed,160.6488729850389,13436928,0,,,,
50yr_0540m_h777_step297,50yr_0540m_h777,8,ENUM,vectorized,2.19092098204419,13436928,0,5.2,,,
50yr_0540m_h777_step297,50yr_0540m_h777,8,GA,deployed,0.12645642110146582,15200,0,5.2,0,0.0,1
50yr_0540m_h777_step297,50yr_0540m_h777,8,GA,vectorized,0.01610753801651299,13600,0,5.046606638070203,0,0.15339336192979758,1
50yr_0540m_h777_step297,50yr_0540m_h777,8,GA,deployed,0.130505922017619,15200,0,5.2,1,0.0,1
50yr_0540m_h777_step297,50yr_0540m_h777,8,GA,vectorized,0.020862245000898838,17600,0,5.127640145881925,1,0.07235985411807544,1
50yr_0540m_h777_step297,50yr_0540m_h777,8,GA,deployed,0.13289183494634926,15200,0,5.2,2,0.0,1
50yr_0540m_h777_step297,50yr_0540m_h777,8,GA,vectorized,0.02029745210893452,16000,0,5.2,2,0.0,1
50yr_0540m_h777_step297,50yr_0540m_h777,8,PSO,deployed,0.034391246968880296,3600,0,5.2,0,0.0,1
50yr_0540m_h777_step297,50yr_0540m_h777,8,PSO,vectorized,0.0015683129895478487,3600,0,5.2,0,0.0,1
50yr_0540m_h777_step297,50yr_0540m_h777,8,PSO,deployed,0.03306228411383927,3600,0,5.2,1,0.0,1
50yr_0540m_h777_step297,50yr_0540m_h777,8,PSO,vectorized,0.0013424800708889961,3360,0,5.2,1,0.0,1
50yr_0540m_h777_step297,50yr_0540m_h777,8,PSO,deployed,0.03690812410786748,4080,0,5.2,2,0.0,1
50yr_0540m_h777_step297,50yr_0540m_h777,8,PSO,vectorized,0.0014578117989003658,3600,0,5.2,2,0.0,1
50yr_1440m_h1145_step0,50yr_1440m_h1145,1,ENUM,deployed,0.0005697999149560928,6,0,,,,
50yr_1440m_h1145_step0,50yr_1440m_h1145,1,ENUM,vectorized,0.0003075399436056614,6,0,0.65,,,
50yr_1440m_h1145_step0,50yr_1440m_h1145,1,GA,deployed,0.015318471938371658,1100,0,0.65,0,0.0,1
50yr_1440m_h1145_step0,50yr_1440m_h1145,1,GA,vectorized,0.008485516998916864,1100,0,0.65,0,0.0,1
50yr_1440m_h1145_step0,50yr_1440m_h1145,1,GA,deployed,0.013047961983829737,1100,0,0.65,1,0.0,1
50yr_1440m_h1145_step0,50yr_1440m_h1145,1,GA,vectorized,0.008610227843746543,1100,0,0.65,1,0.0,1
50yr_1440m_h1145_step0,50yr_1440m_h1145,1,GA,deployed,0.013270983006805182,1100,0,0.65,2,0.0,1
50yr_1440m_h1145_step0,50yr_1440m_h1145,1,GA,vectorized,0.00822171289473772,1100,0,0.65,2,0.0,1
50yr_1440m_h1145_step0,50yr_1440m_h1145,1,PSO,deployed,0.003789289854466915,330,0,0.65,0,0.0,1
50yr_1440m_h1145_step0,50yr_1440m_h1145,1,PSO,vectorized,0.00040085497312247753,330,0,0.65,0,0.0,1
50yr_1440m_h1145_step0,50yr_1440m_h1145,1,PSO,deployed,0.0038648289628326893,330,0,0.65,1,0.0,1
50yr_1440m_h1145_step0,50yr_1440m_h1145,1,PSO,vectorized,0.0003298879601061344,360,0,0.65,1,0.0,1
50yr_1440m_h1145_step0,50yr_1440m_h1145,1,PSO,deployed,0.003789240960031748,330,0,0.65,2,0.0,1
50yr_1440m_h1145_step0,50yr_1440m_h1145,1,PSO,vectorized,0.0003062761388719082,330,0,0.65,2,0.0,1
50yr_1440m_h1145_step0,50yr_1440m_h1145,2,ENUM,deployed,0.00256914715282619,72,0,,,,
50yr_1440m_h1145_step0,50yr_1440m_h1145,2,ENUM,vectorized,0.00029767793603241444,72,0,1.3,,,
50yr_1440m_h1145_step0,50yr_1440m_h1145,2,GA,deployed,0.024008296197280288,2200,0,1.3,0,0.0,1
50yr_1440m_h1145_step0,50yr_1440m_h1145,2,GA,vectorized,0.009131244849413633,2200,0,1.3,0,0.0,1
50yr_1440m_h1145_step0,50yr_1440m_h1145,2,GA,deployed,0.02206222782842815,2200,0,1.3,1,0.0,1
50yr_1440m_h1145_step0,50yr_1440m_h1145,2,GA,vectorized,0.00904089119285345,2200,0,1.3,1,0.0,1
50yr_1440m_h1145_step0,50yr_1440m_h1145,2,GA,deployed,0.02257762011140585,2200,0,1.3,2,0.0,1
50yr_1440m_h1145_step0,50yr_1440m_h1145,2,GA,vectorized,0.009485868038609624,2200,0,1.3,2,0.0,1
50yr_1440m_h1145_step0,50yr_1440m_h1145,2,PSO,deployed,0.007813921896740794,720,0,1.3,0,0.0,1
50yr_1440m_h1145_step0,50yr_1440m_h1145,2,PSO,vectorized,0.00063698785379529,660,0,1.3,0,0.0,1
50yr_1440m_h1145_step0,50yr_1440m_h1145,2,PSO,deployed,0.006866679061204195,660,0,1.3,1,0.0,1
50yr_1440m_h1145_step0,50yr_1440m_h1145,2,PSO,vectorized,0.0005104620940983295,720,0,1.3,1,0.0,1
50yr_1440m_h1145_step0,50yr_1440m_h1145,2,PSO,deployed,0.007561651058495045,720,0,1.3,2,0.0,1
50yr_1440m_h1145_step0,50yr_1440m_h1145,2,PSO,vectorized,0.00048661394976079464,720,0,1.3,2,0.0,1
50yr_1440m_h1145_step0,50yr_1440m_h1145,3,ENUM,deployed,0.009728851029649377,648,0,,,,
50yr_1440m_h1145_step0,50yr_1440m_h1145,3,ENUM,vectorized,0.0002491478808224201,648,0,1.9500000000000002,,,
50yr_1440m_h1145_step0,50yr_1440m_h1145,3,GA,deployed,0.03506597597151995,3600,0,1.9500000000000002,0,0.0,1
50yr_1440m_h1145_step0,50yr_1440m_h1145,3,GA,vectorized,0.00990840489976108,3300,0,1.9500000000000002,0,0.0,1
50yr_1440m_h1145_step0,50yr_1440m_h1145,3,GA,deployed,0.03688299492932856,3300,0,1.9500000000000002,1,0.0,1
50yr_1440m_h1145_step0,50yr_1440m_h1145,3,GA,vectorized,0.010323110967874527,3600,0,1.9500000000000002,1,0.0,1
50yr_1440m_h1145_step0,50yr_1440m_h1145,3,GA,deployed,0.03203462087549269,3300,0,1.9500000000000002,2,0.0,1
50yr_1440m_h1145_step0,50yr_1440m_h1145,3,GA,vectorized,0.009232423966750503,3300,0,1.9500000000000002,2,0.0,1
50yr_1440m_h1145_step0,50yr_1440m_h1145,3,PSO,deployed,0.011229970958083868,1170,0,1.9500000000000002,0,0.0,1
50yr_1440m_h1145_step0,50yr_1440m_h1145,3,PSO,vectorized,0.0006617098115384579,1080,0,1.9500000000000002,0,0.0,1
50yr_1440m_h1145_step0,50yr_1440m_h1145,3,PSO,deployed,0.012288881931453943,1260,0,1.9500000000000002,1,0.0,1
50yr_1440m_h1145_step0,50yr_1440m_h1145,3,PSO,vectorized,0.0006046630442142487,1170,0,1.9500000000000002,1,0.0,1
50yr_1440m_h1145_step0,50yr_1440m_h1145,3,PSO,deployed,0.012294291984289885,1260,0,1.9500000000000002,2,0.0,1
50yr_1440m_h1145_step0,50yr_1440m_h1145,3,PSO,vectorized,0.0005998271517455578,1170,0,1.9500000000000002,2,0.0,1
50yr_1440m_h1145_step0,50yr_1440m_h1145,5,ENUM,deployed,0.39913338609039783,38880,0,,,,
50yr_1440m_h1145_step0,50yr_1440m_h1145,5,ENUM,vectorized,0.002423882018774748,38880,0,3.25,,,
50yr_1440m_h1145_step0,50yr_1440m_h1145,5,GA,deployed,0.0600947649218142,6500,0,3.25,0,0.0,1
50yr_1440m_h1145_step0,50yr_1440m_h1145,5,GA,vectorized,0.010626599891111255,6000,0,3.25,0,0.0,1
50yr_1440m_h1145_step0,50yr_1440m_h1145,5,GA,deployed,0.06352992495521903,7000,0,3.25,1,0.0,1
50yr_1440m_h1145_step0,50yr_1440m_h1145,5,GA,vectorized,0.012306965189054608,7000,0,3.25,1,0.0,1
50yr_1440m_h1145_step0,50yr_1440m_h1145,5,GA,deployed,0.06562354601919651,7000,0,3.25,2,0.0,1
50yr_1440m_h1145_step0,50yr_1440m_h1145,5,GA,vectorized,0.013876442098990083,7500,0,3.25,2,0.0,1
50yr_1440m_h1145_step0,50yr_1440m_h1145,5,PSO,deployed,0.018756713019683957,1950,0,3.25,0,0.0,1
50yr_1440m_h1145_step0,50yr_1440m_h1145,5,PSO,vectorized,0.0010177488438785076,2100,0,3.25,0,0.0,1
50yr_1440m_h1145_step0,50yr_1440m_h1145,5,PSO,deployed,0.018604368902742863,1950,0,3.25,1,0.0,1
50yr_1440m_h1145_step0,50yr_1440m_h1145,5,PSO,vectorized,0.0008753191214054823,1950,0,3.25,1,0.0,1
50yr_1440m_h1145_step0,50yr_1440m_h1145,5,PSO,deployed,0.02003606711514294,2100,0,3.25,2,0.0,1
50yr_1440m_h1145_step0,50yr_1440m_h1145,5,PSO,vectorized,0.0008477088995277882,1950,0,3.25,2,0.0,1
50yr_1440m_h1145_step0,50yr_1440m_h1145,6,ENUM,deployed,2.9708690389525145,279936,0,,,,
50yr_1440m_h1145_step0,50yr_1440m_h1145,6,ENUM,vectorized,0.023154143011197448,279936,0,3.9,,,
50yr_1440m_h1145_step0,50yr_1440m_h1145,6,GA,deployed,0.08059152285568416,9000,0,3.9,0,0.0,1
50yr_1440m_h1145_step0,50yr_1440m_h1145,6,GA,vectorized,0.016994928941130638,11400,0,3.9,0,0.0,1
50yr_1440m_h1145_step0,50yr_1440m_h1145,6,GA,deployed,0.08651213999837637,9600,0,3.9,1,0.0,1
50yr_1440m_h1145_step0,50yr_1440m_h1145,6,GA,vectorized,0.014218376018106937,9600,0,3.9,1,0.0,1
50yr_1440m_h1145_step0,50yr_1440m_h1145,6,GA,deployed,0.08105586003512144,8400,0,3.9,2,0.0,1
50yr_1440m_h1145_step0,50yr_1440m_h1145,6,GA,vectorized,0.017554701073095202,10800,0,3.9,2,0.0,1
50yr_1440m_h1145_step0,50yr_1440m_h1145,6,PSO,deployed,0.02739224908873439,2700,0,3.9,0,0.0,1
50yr_1440m_h1145_step0,50yr_1440m_h1145,6,PSO,vectorized,0.0016855951398611069,3600,0,3.9,0,0.0,1
50yr_1440m_h1145_step0,50yr_1440m_h1145,6,PSO,deployed,0.03392045293003321,3240,0,3.9,1,0.0,1
50yr_1440m_h1145_step0,50yr_1440m_h1145,6,PSO,vectorized,0.0012095661368221045,2700,0,3.9,1,0.0,1
50yr_1440m_h1145_step0,50yr_1440m_h1145,6,PSO,deployed,0.029351580888032913,2880,0,3.9,2,0.0,1
50yr_1440m_h1145_step0,50yr_1440m_h1145,6,PSO,vectorized,0.0011012079194188118,2520,0,3.9,2,0.0,1
50yr_1440m_h1145_step0,50yr_1440m_h1145,7,ENUM,deployed,21.640974906040356,1959552,0,,,,
50yr_1440m_h1145_step0,50yr_1440m_h1145,7,ENUM,vectorized,0.27597978711128235,1959552,0,4.55,,,
50yr_1440m_h1145_step0,50yr_1440m_h1145,7,GA,deployed,0.09981722594238818,11200,0,4.55,0,0.0,1
50yr_1440m_h1145_step0,50yr_1440m_h1145,7,GA,vectorized,0.016540077049285173,12600,0,4.55,0,0.0,1
50yr_1440m_h1145_step0,50yr_1440m_h1145,7,GA,deployed,0.10140650416724384,11200,0,4.55,1,0.0,1
50yr_1440m_h1145_step0,50yr_1440m_h1145,7,GA,vectorized,0.017720700008794665,13300,0,4.55,1,0.0,1
50yr_1440m_h1145_step0,50yr_1440m_h1145,7,GA,deployed,0.11916366103105247,12600,0,4.2509375,2,0.2990624999999998,1
50yr_1440m_h1145_step0,50yr_1440m_h1145,7,GA,vectorized,0.012901599053293467,9800,0,4.3309375,2,0.21906249999999972,1
50yr_1440m_h1145_step0,50yr_1440m_h1145,7,PSO,deployed,0.04014800814911723,4200,0,4.55,0,0.0,1
50yr_1440m_h1145_step0,50yr_1440m_h1145,7,PSO,vectorized,0.001369284000247717,3150,0,4.55,0,0.0,1
50yr_1440m_h1145_step0,50yr_1440m_h1145,7,PSO,deployed,0.027761417906731367,2940,0,4.55,1,0.0,1
50yr_1440m_h1145_step0,50yr_1440m_h1145,7,PSO,vectorized,0.0012422739528119564,3150,0,4.55,1,0.0,1
50yr_1440m_h1145_step0,50yr_1440m_h1145,7,PSO,deployed,0.03542429907247424,3570,0,4.55,2,0.0,1
50yr_1440m_h1145_step0,50yr_1440m_h1145,7,PSO,vectorized,0.0014581831637769938,3360,0,4.55,2,0.0,1
50yr_1440m_h1145_step0,50yr_1440m_h1145,8,ENUM,deployed,143.1566734779626,13436928,0,,,,
50yr_1440m_h1145_step0,50yr_1440m_h1145,8,ENUM,vectorized,1.9677182158920914,13436928,0,5.2,,,
50yr_1440m_h1145_step0,50yr_1440m_h1145,8,GA,deployed,0.13307154085487127,15200,0,5.2,0,0.0,1
50yr_1440m_h1145_step0,50yr_1440m_h1145,8,GA,vectorized,0.016703384928405285,14400,0,5.2,0,0.0,1
50yr_1440m_h1145_step0,50yr_1440m_h1145,8,GA,deployed,0.15265412908047438,17600,0,5.2,1,0.0,1
50yr_1440m_h1145_step0,50yr_1440m_h1145,8,GA,vectorized,0.015435175970196724,13600,0,5.2,1,0.0,1
50yr_1440m_h1145_step0,50yr_1440m_h1145,8,GA,deployed,0.15634292108006775,16800,0,4.9009375,2,0.2990624999999998,1
50yr_1440m_h1145_step0,50yr_1440m_h1145,8,GA,vectorized,0.024859381839632988,21600,0,5.2,2,0.0,1
50yr_1440m_h1145_step0,50yr_1440m_h1145,8,PSO,deployed,0.04276862787082791,4560,0,5.2,0,0.0,1
50yr_1440m_h1145_step0,50yr_1440m_h1145,8,PSO,vectorized,0.001420330023393035,3600,0,5.2,0,0.0,1
50yr_1440m_h1145_step0,50yr_1440m_h1145,8,PSO,deployed,0.048630245961248875,5280,0,5.2,1,0.0,1
50yr_1440m_h1145_step0,50yr_1440m_h1145,8,PSO,vectorized,0.0014551328495144844,4080,0,5.2,1,0.0,1
50yr_1440m_h1145_step0,50yr_1440m_h1145,8,PSO,deployed,0.030446985037997365,3360,0,5.2,2,0.0,1
50yr_1440m_h1145_step0,50yr_1440m_h1145,8,PSO,vectorized,0.0012048808857798576,3120,0,5.2,2,0.0,1
50yr_1440m_h1145_step249,50yr_1440m_h1145,1,ENUM,deployed,0.00017916993238031864,6,1,,,,
50yr_1440m_h1145_step249,50yr_1440m_h1145,1,ENUM,vectorized,0.0001450539566576481,6,1,0.665046724853404,,,
50yr_1440m_h1145_step249,50yr_1440m_h1145,1,GA,deployed,0.01075508096255362,1100,1,0.665046724853404,0,0.0,1
50yr_1440m_h1145_step249,50yr_1440m_h1145,1,GA,vectorized,0.007849530084058642,1100,1,0.665046724853404,0,0.0,1
50yr_1440m_h1145_step249,50yr_1440m_h1145,1,GA,deployed,0.010586774908006191,1100,1,0.665046724853404,1,0.0,1
50yr_1440m_h1145_step249,50yr_1440m_h1145,1,GA,vectorized,0.007653638953343034,1100,1,0.665046724853404,1,0.0,1
50yr_1440m_h1145_step249,50yr_1440m_h1145,1,GA,deployed,0.010582077084109187,1100,1,0.665046724853404,2,0.0,1
50yr_1440m_h1145_step249,50yr_1440m_h1145,1,GA,vectorized,0.007973355008289218,1100,1,0.665046724853404,2,0.0,1
50yr_1440m_h1145_step249,50yr_1440m_h1145,1,PSO,deployed,0.003094257088378072,330,1,0.665046724853404,0,0.0,1
50yr_1440m_h1145_step249,50yr_1440m_h1145,1,PSO,vectorized,0.00034006708301603794,330,1,0.665046724853404,0,0.0,1
50yr_1440m_h1145_step249,50yr_1440m_h1145,1,PSO,deployed,0.003094793064519763,330,1,0.665046724853404,1,0.0,1
50yr_1440m_h1145_step249,50yr_1440m_h1145,1,PSO,vectorized,0.00028155487962067127,330,1,0.665046724853404,1,0.0,1
50yr_1440m_h1145_step249,50yr_1440m_h1145,1,PSO,deployed,0.003027880797162652,330,1,0.665046724853404,2,0.0,1
50yr_1440m_h1145_step249,50yr_1440m_h1145,1,PSO,vectorized,0.0002648478839546442,330,1,0.665046724853404,2,0.0,1
50yr_1440m_h1145_step249,50yr_1440m_h1145,2,ENUM,deployed,0.004418086959049106,72,1,,,,
50yr_1440m_h1145_step249,50yr_1440m_h1145,2,ENUM,vectorized,0.00020491890609264374,72,1,1.3301232655829272,,,
50yr_1440m_h1145_step249,50yr_1440m_h1145,2,GA,deployed,0.024827914079651237,2200,1,1.3301232655829272,0,0.0,1
50yr_1440m_h1145_step249,50yr_1440m_h1145,2,GA,vectorized,0.009461532812565565,2200,1,1.3301232655829272,0,0.0,1
50yr_1440m_h1145_step249,50yr_1440m_h1145,2,GA,deployed,0.02007348812185228,2200,1,1.3301232655829272,1,0.0,1
50yr_1440m_h1145_step249,50yr_1440m_h1145,2,GA,vectorized,0.009840840939432383,2400,1,1.3301232655829272,1,0.0,1
50yr_1440m_h1145_step249,50yr_1440m_h1145,2,GA,deployed,0.01989638712257147,2200,1,1.3301232655829272,2,0.0,1
50yr_1440m_h1145_step249,50yr_1440m_h1145,2,GA,vectorized,0.008924540830776095,2200,1,1.3301232655829272,2,0.0,1
50yr_1440m_h1145_step249,50yr_1440m_h1145,2,PSO,deployed,0.005986419972032309,660,1,1.3301232655829272,0,0.0,1
50yr_1440m_h1145_step249,50yr_1440m_h1145,2,PSO,vectorized,0.0004524069372564554,660,1,1.3301232655829272,0,0.0,1
50yr_1440m_h1145_step249,50yr_1440m_h1145,2,PSO,deployed,0.005912624066695571,660,1,1.3301232655829272,1,0.0,1
50yr_1440m_h1145_step249,50yr_1440m_h1145,2,PSO,vectorized,0.0004495191387832165,780,1,1.3301232655829272,1,0.0,1
50yr_1440m_h1145_step249,50yr_1440m_h1145,2,PSO,deployed,0.006239939946681261,660,1,1.3301232655829272,2,0.0,1
50yr_1440m_h1145_step249,50yr_1440m_h1145,2,PSO,vectorized,0.00046713510528206825,660,1,1.3301232655829272,2,0.0,1
50yr_1440m_h1145_step249,50yr_1440m_h1145,3,ENUM,deployed,0.0053671919740736485,648,1,,,,
50yr_1440m_h1145_step249,50yr_1440m_h1145,3,ENUM,vectorized,0.00023045483976602554,648,1,1.9952258564453276,,,
50yr_1440m_h1145_step249,50yr_1440m_h1145,3,GA,deployed,0.03131336299702525,3600,1,1.9952258564453276,0,0.0,1
50yr_1440m_h1145_step249,50yr_1440m_h1145,3,GA,vectorized,0.010102540021762252,3600,1,1.9952258564453276,0,0.0,1
50yr_1440m_h1145_step249,50yr_1440m_h1145,3,GA,deployed,0.03149790805764496,3600,1,1.9952258564453276,1,0.0,1
50yr_1440m_h1145_step249,50yr_1440m_h1145,3,GA,vectorized,0.009114911779761314,3300,1,1.9952258564453276,1,0.0,1
50yr_1440m_h1145_step249,50yr_1440m_h1145,3,GA,deployed,0.03485795599408448,3900,1,1.9952258564453276,2,0.0,1
50yr_1440m_h1145_step249,50yr_1440m_h1145,3,GA,vectorized,0.00919907703064382,3300,3,1.9160504299716796,2,0.07917542647364795,0
50yr_1440m_h1145_step249,50yr_1440m_h1145,3,PSO,deployed,0.0122639040928334,1350,1,1.9952258564453276,0,0.0,1
50yr_1440m_h1145_step249,50yr_1440m_h1145,3,PSO,vectorized,0.0007706121541559696,1350,1,1.9952258564453276,0,0.0,1
50yr_1440m_h1145_step249,50yr_1440m_h1145,3,PSO,deployed,0.00970801617950201,1080,2,1.9572426664358877,1,0.03798319000943984,0
50yr_1440m_h1145_step249,50yr_1440m_h1145,3,PSO,vectorized,0.0007624579593539238,1620,1,1.9952258564453276,1,0.0,1
50yr_1440m_h1145_step249,50yr_1440m_h1145,3,PSO,deployed,0.011282928986474872,1260,1,1.9952258564453276,2,0.0,1
50yr_1440m_h1145_step249,50yr_1440m_h1145,3,PSO,vectorized,0.0005035169888287783,990,1,1.9952258564453276,2,0.0,1
50yr_1440m_h1145_step249,50yr_1440m_h1145,5,ENUM,deployed,0.31803374201990664,38880,1,,,,
50yr_1440m_h1145_step249,50yr_1440m_h1145,5,ENUM,vectorized,0.002405625069513917,38880,1,3.3254949444288875,,,
50yr_1440m_h1145_step249,50yr_1440m_h1145,5,GA,deployed,0.05935924802906811,7000,1,3.3254949444288875,0,0.0,1
50yr_1440m_h1145_step249,50yr_1440m_h1145,5,GA,vectorized,0.020518103148788214,11500,3,3.284394368738986,0,0.041100575689901664,0
50yr_1440m_h1145_step249,50yr_1440m_h1145,5,GA,deployed,0.06787882186472416,8000,2,3.2757657367951176,1,0.04972920763376987,0
50yr_1440m_h1145_step249,50yr_1440m_h1145,5,GA,vectorized,0.013935929862782359,8000,1,3.3254949444288875,1,0.0,1
50yr_1440m_h1145_step249,50yr_1440m_h1145,5,GA,deployed,0.06429798319004476,7500,3,3.284394368738986,2,0.041100575689901664,0
50yr_1440m_h1145_step249,50yr_1440m_h1145,5,GA,vectorized,0.020508722867816687,11500,3,3.284394368738986,2,0.041100575689901664,0
50yr_1440m_h1145_step249,50yr_1440m_h1145,5,PSO,deployed,0.023875115904957056,2700,4,3.2711183554814283,0,0.054376588947459226,0
50yr_1440m_h1145_step249,50yr_1440m_h1145,5,PSO,vectorized,0.001366978045552969,3150,2,3.3102930673418833,0,0.015201877087004156,0
50yr_1440m_h1145_step249,50yr_1440m_h1145,5,PSO,deployed,0.029233789071440697,3300,3,3.284394368738986,1,0.041100575689901664,0
50yr_1440m_h1145_step249,50yr_1440m_h1145,5,PSO,vectorized,0.0011389479041099548,2700,2,3.3102930673418833,1,0.015201877087004156,0
50yr_1440m_h1145_step249,50yr_1440m_h1145,5,PSO,deployed,0.019831290002912283,2250,3,3.284394368738986,2,0.041100575689901664,0
50yr_1440m_h1145_step249,50yr_1440m_h1145,5,PSO,vectorized,0.0008085658773779869,1800,3,3.284394368738986,2,0.041100575689901664,0
50yr_1440m_h1145_step249,50yr_1440m_h1145,6,ENUM,deployed,2.2950317841023207,279936,1,,,,
50yr_1440m_h1145_step249,50yr_1440m_h1145,6,ENUM,vectorized,0.024132694117724895,279936,1,3.990654234965017,,,
50yr_1440m_h1145_step249,50yr_1440m_h1145,6,GA,deployed,0.12467017187736928,13800,2,3.985263237656196,0,0.005390997308821088,0
50yr_1440m_h1145_step249,50yr_1440m_h1145,6,GA,vectorized,0.016405191039666533,10200,3,3.9637874530313777,0,0.026866781933639228,0
50yr_1440m_h1145_step249,50yr_1440m_h1145,6,GA,deployed,0.1733600259758532,19200,3,3.9637874530313777,1,0.026866781933639228,0
50yr_1440m_h1145_step249,50yr_1440m_h1145,6,GA,vectorized,0.024463545065373182,15000,3,3.9637874530313777,1,0.026866781933639228,0
50yr_1440m_h1145_step249,50yr_1440m_h1145,6,GA,deployed,0.11800271202810109,13200,2,3.985263237656196,2,0.005390997308821088,0
50yr_1440m_h1145_step249,50yr_1440m_h1145,6,GA,vectorized,0.014117739163339138,9000,1,3.990654234965017,2,0.0,1
50yr_1440m_h1145_step249,50yr_1440m_h1145,6,PSO,deployed,0.03513039299286902,3780,3,3.9637874530313777,0,0.026866781933639228,0
50yr_1440m_h1145_step249,50yr_1440m_h1145,6,PSO,vectorized,0.0012166770175099373,2700,2,3.985263237656196,0,0.005390997308821088,0
50yr_1440m_h1145_step249,50yr_1440m_h1145,6,PSO,deployed,0.020199363119900227,2160,1,3.8954949444288873,1,0.09515929053612959,1
50yr_1440m_h1145_step249,50yr_1440m_h1145,6,PSO,vectorized,0.0018909468781203032,4500,3,3.9637874530313777,1,0.026866781933639228,0
50yr_1440m_h1145_step249,50yr_1440m_h1145,6,PSO,deployed,0.027073316974565387,2880,3,3.939015690661275,2,0.05163854430374171,0
50yr_1440m_h1145_step249,50yr_1440m_h1145,6,PSO,vectorized,0.001370829064399004,3240,3,3.9637874530313777,2,0.026866781933639228,0
50yr_1440m_h1145_step249,50yr_1440m_h1145,7,ENUM,deployed,16.955954302102327,1959552,2,,,,
50yr_1440m_h1145_step249,50yr_1440m_h1145,7,ENUM,vectorized,0.24627394904382527,1959552,2,4.6591873043953145,,,
50yr_1440m_h1145_step249,50yr_1440m_h1145,7,GA,deployed,0.1386636239476502,16800,3,4.6398856989051955,0,0.019301605490118945,0
50yr_1440m_h1145_step249,50yr_1440m_h1145,7,GA,vectorized,0.01862019207328558,14000,3,4.6398856989051955,0,0.019301605490118945,0
50yr_1440m_h1145_step249,50yr_1440m_h1145,7,GA,deployed,0.16908470704220235,20300,2,4.6591873043953145,1,0.0,1
50yr_1440m_h1145_step249,50yr_1440m_h1145,7,GA,vectorized,0.02184077398851514,16800,1,4.650558672451446,1,0.008628631943868648,0
50yr_1440m_h1145_step249,50yr_1440m_h1145,7,GA,deployed,0.15746337408199906,18900,2,4.634566923482468,2,0.024620380912846684,1
50yr_1440m_h1145_step249,50yr_1440m_h1145,7,GA,vectorized,0.02555088489316404,19600,1,4.604724983229641,2,0.05446232116567362,0
50yr_1440m_h1145_step249,50yr_1440m_h1145,7,PSO,deployed,0.0399823950137943,4620,2,4.6591873043953145,0,0.0,1
50yr_1440m_h1145_step249,50yr_1440m_h1145,7,PSO,vectorized,0.0013490701094269753,3360,1,4.650558672451446,0,0.008628631943868648,0
50yr_1440m_h1145_step249,50yr_1440m_h1145,7,PSO,deployed,0.04530739597976208,5250,3,4.6398856989051955,1,0.019301605490118945,0
50yr_1440m_h1145_step249,50yr_1440m_h1145,7,PSO,vectorized,0.0015824660658836365,4200,1,4.604724983229641,1,0.05446232116567362,0
50yr_1440m_h1145_step249,50yr_1440m_h1145,7,PSO,deployed,0.05333012784831226,6090,3,4.6398856989051955,2,0.019301605490118945,0
50yr_1440m_h1145_step249,50yr_1440m_h1145,7,PSO,vectorized,0.0017255288548767567,4200,2,4.6591873043953145,2,0.0,1
50yr_1440m_h1145_step249,50yr_1440m_h1145,8,ENUM,deployed,113.11559440987185,13436928,2,,,,
50yr_1440m_h1145_step249,50yr_1440m_h1145,8,ENUM,vectorized,1.526306923944503,13436928,2,5.332058524055874,,,
50yr_1440m_h1145_step249,50yr_1440m_h1145,8,GA,deployed,0.21325738006271422,25600,1,5.270333571892841,0,0.06172495216303364,0
50yr_1440m_h1145_step249,50yr_1440m_h1145,8,GA,vectorized,0.01890005706809461,16000,2,5.332058524055874,0,0.0,1
50yr_1440m_h1145_step249,50yr_1440m_h1145,8,GA,deployed,0.21304276818409562,25600,1,5.3053330555563,1,0.026725468499574134,0
50yr_1440m_h1145_step249,50yr_1440m_h1145,8,GA,vectorized,0.01390359504148364,12000,2,5.332058524055874,1,0.0,1
50yr_1440m_h1145_step249,50yr_1440m_h1145,8,GA,deployed,0.12678102497011423,15200,3,5.312678604940715,2,0.019379919115158906,0
50yr_1440m_h1145_step249,50yr_1440m_h1145,8,GA,vectorized,0.015987575985491276,13600,2,5.332058524055874,2,0.0,1
50yr_1440m_h1145_step249,50yr_1440m_h1145,8,PSO,deployed,0.059083971893414855,6720,1,5.270333571892841,0,0.06172495216303364,0
50yr_1440m_h1145_step249,50yr_1440m_h1145,8,PSO,vectorized,0.0038491010200232267,11040,1,5.294594967696417,0,0.03746355635945697,0
50yr_1440m_h1145_step249,50yr_1440m_h1145,8,PSO,deployed,0.046140640042722225,5280,1,5.147177699236384,1,0.18488082481949064,0
50yr_1440m_h1145_step249,50yr_1440m_h1145,8,PSO,vectorized,0.0030829301103949547,8880,2,5.265863212905444,1,0.06619531115043031,1
50yr_1440m_h1145_step249,50yr_1440m_h1145,8,PSO,deployed,0.031484605045989156,3600,2,5.309025607769587,2,0.023032916286287453,1
50yr_1440m_h1145_step249,50yr_1440m_h1145,8,PSO,vectorized,0.002690213965252042,7680,1,5.324499574263594,2,0.00755894979227989,0
50yr_1440m_h1145_step498,50yr_1440m_h1145,1,ENUM,deployed,0.0001421179622411728,6,0,,,,
50yr_1440m_h1145_step498,50yr_1440m_h1145,1,ENUM,vectorized,9.426218457520008e-05,6,0,0.65,,,
50yr_1440m_h1145_step498,50yr_1440m_h1145,1,GA,deployed,0.010357753140851855,1100,0,0.65,0,0.0,1
50yr_1440m_h1145_step498,50yr_1440m_h1145,1,GA,vectorized,0.007962606148794293,1100,0,0.65,0,0.0,1
50yr_1440m_h1145_step498,50yr_1440m_h1145,1,GA,deployed,0.010321089997887611,1100,0,0.65,1,0.0,1
50yr_1440m_h1145_step498,50yr_1440m_h1145,1,GA,vectorized,0.007808550959452987,1100,0,0.65,1,0.0,1
50yr_1440m_h1145_step498,50yr_1440m_h1145,1,GA,deployed,0.010683682980015874,1100,0,0.65,2,0.0,1
50yr_1440m_h1145_step498,50yr_1440m_h1145,1,GA,vectorized,0.00807570293545723,1100,0,0.65,2,0.0,1
50yr_1440m_h1145_step498,50yr_1440m_h1145,1,PSO,deployed,0.00298508582636714,330,0,0.65,0,0.0,1
50yr_1440m_h1145_step498,50yr_1440m_h1145,1,PSO,vectorized,0.00035482877865433693,330,0,0.65,0,0.0,1
50yr_1440m_h1145_step498,50yr_1440m_h1145,1,PSO,deployed,0.0030180569738149643,330,0,0.65,1,0.0,1
50yr_1440m_h1145_step498,50yr_1440m_h1145,1,PSO,vectorized,0.0002987941261380911,330,0,0.65,1,0.0,1
50yr_1440m_h1145_step498,50yr_1440m_h1145,1,PSO,deployed,0.0029609149787575006,330,0,0.65,2,0.0,1
50yr_1440m_h1145_step498,50yr_1440m_h1145,1,PSO,vectorized,0.00028695398941636086,330,0,0.65,2,0.0,1
50yr_1440m_h1145_step498,50yr_1440m_h1145,2,ENUM,deployed,0.0013450758997350931,72,0,,,,
50yr_1440m_h1145_step498,50yr_1440m_h1145,2,ENUM,vectorized,0.00022754701785743237,72,0,1.3,,,
50yr_1440m_h1145_step498,50yr_1440m_h1145,2,GA,deployed,0.020911325002089143,2200,0,1.3,0,0.0,1
50yr_1440m_h1145_step498,50yr_1440m_h1145,2,GA,vectorized,0.009122326038777828,2200,0,1.3,0,0.0,1
50yr_1440m_h1145_step498,50yr_1440m_h1145,2,GA,deployed,0.019417683128267527,2200,0,1.3,1,0.0,1
50yr_1440m_h1145_step498,50yr_1440m_h1145,2,GA,vectorized,0.008987311040982604,2200,0,1.3,1,0.0,1
50yr_1440m_h1145_step498,50yr_1440m_h1145,2,GA,deployed,0.019429819891229272,2200,0,1.3,2,0.0,1
50yr_1440m_h1145_step498,50yr_1440m_h1145,2,GA,vectorized,0.009019632125273347,2200,0,1.3,2,0.0,1
50yr_1440m_h1145_step498,50yr_1440m_h1145,2,PSO,deployed,0.006830781931057572,780,0,1.3,0,0.0,1
50yr_1440m_h1145_step498,50yr_1440m_h1145,2,PSO,vectorized,0.0004862342029809952,720,0,1.3,0,0.0,1
50yr_1440m_h1145_step498,50yr_1440m_h1145,2,PSO,deployed,0.00680179987102747,780,0,1.3,1,0.0,1
50yr_1440m_h1145_step498,50yr_1440m_h1145,2,PSO,vectorized,0.0004960328806191683,720,0,1.3,1,0.0,1
50yr_1440m_h1145_step498,50yr_1440m_h1145,2,PSO,deployed,0.006814214866608381,780,0,1.3,2,0.0,1
50yr_1440m_h1145_step498,50yr_1440m_h1145,2,PSO,vectorized,0.0004262009169906378,720,0,1.3,2,0.0,1
50yr_1440m_h1145_step498,50yr_1440m_h1145,3,ENUM,deployed,0.005605144193395972,648,0,,,,
50yr_1440m_h1145_step498,50yr_1440m_h1145,3,ENUM,vectorized,0.00018453714437782764,648,0,1.9500000000000002,,,
50yr_1440m_h1145_step498,50yr_1440m_h1145,3,GA,deployed,0.03347994992509484,3900,0,1.9500000000000002,0,0.0,1
50yr_1440m_h1145_step498,50yr_1440m_h1145,3,GA,vectorized,0.009314884897321463,3300,0,1.9500000000000002,0,0.0,1
50yr_1440m_h1145_step498,50yr_1440m_h1145,3,GA,deployed,0.028114786837249994,3300,0,1.9500000000000002,1,0.0,1
50yr_1440m_h1145_step498,50yr_1440m_h1145,3,GA,vectorized,0.010356039041653275,3600,0,1.9500000000000002,1,0.0,1
50yr_1440m_h1145_step498,50yr_1440m_h1145,3,GA,deployed,0.0302486140280962,3300,0,1.9500000000000002,2,0.0,1
50yr_1440m_h1145_step498,50yr_1440m_h1145,3,GA,vectorized,0.0102225870359689,3600,0,1.9500000000000002,2,0.0,1
50yr_1440m_h1145_step498,50yr_1440m_h1145,3,PSO,deployed,0.01002022298052907,1170,0,1.9500000000000002,0,0.0,1
50yr_1440m_h1145_step498,50yr_1440m_h1145,3,PSO,vectorized,0.000676365103572607,1260,0,1.9500000000000002,0,0.0,1
50yr_1440m_h1145_step498,50yr_1440m_h1145,3,PSO,deployed,0.010032746940851212,1170,0,1.9500000000000002,1,0.0,1
50yr_1440m_h1145_step498,50yr_1440m_h1145,3,PSO,vectorized,0.0005416159983724356,1080,0,1.9500000000000002,1,0.0,1
50yr_1440m_h1145_step498,50yr_1440m_h1145,3,PSO,deployed,0.009955380111932755,1170,0,1.9500000000000002,2,0.0,1
50yr_1440m_h1145_step498,50yr_1440m_h1145,3,PSO,vectorized,0.0005443939007818699,1170,0,1.9500000000000002,2,0.0,1
50yr_1440m_h1145_step498,50yr_1440m_h1145,5,ENUM,deployed,0.3608342029619962,38880,0,,,,
50yr_1440m_h1145_step498,50yr_1440m_h1145,5,ENUM,vectorized,0.0022319818381220102,38880,0,3.25,,,
50yr_1440m_h1145_step498,50yr_1440m_h1145,5,GA,deployed,0.05896192300133407,7000,0,3.25,0,0.0,1
50yr_1440m_h1145_step498,50yr_1440m_h1145,5,GA,vectorized,0.014474419876933098,8000,0,3.25,0,0.0,1
50yr_1440m_h1145_step498,50yr_1440m_h1145,5,GA,deployed,0.05816341796889901,7000,0,3.25,1,0.0,1
50yr_1440m_h1145_step498,50yr_1440m_h1145,5,GA,vectorized,0.013416273053735495,7500,0,3.25,1,0.0,1
50yr_1440m_h1145_step498,50yr_1440m_h1145,5,GA,deployed,0.06677043810486794,8000,0,3.25,2,0.0,1
50yr_1440m_h1145_step498,50yr_1440m_h1145,5,GA,vectorized,0.012377520091831684,7000,0,3.25,2,0.0,1
50yr_1440m_h1145_step498,50yr_1440m_h1145,5,PSO,deployed,0.016784006031230092,1950,0,3.25,0,0.0,1
50yr_1440m_h1145_step498,50yr_1440m_h1145,5,PSO,vectorized,0.0012778548989444971,3000,0,3.25,0,0.0,1
50yr_1440m_h1145_step498,50yr_1440m_h1145,5,PSO,deployed,0.02384248818270862,2700,0,3.25,1,0.0,1
50yr_1440m_h1145_step498,50yr_1440m_h1145,5,PSO,vectorized,0.0008963870350271463,2100,0,3.25,1,0.0,1
50yr_1440m_h1145_step498,50yr_1440m_h1145,5,PSO,deployed,0.022347199032083154,2550,0,3.188609767874569,2,0.061390232125431154,1
50yr_1440m_h1145_step498,50yr_1440m_h1145,5,PSO,vectorized,0.0009997428860515356,2400,0,3.25,2,0.0,1
50yr_1440m_h1145_step498,50yr_1440m_h1145,6,ENUM,deployed,2.5299482019618154,279936,0,,,,
50yr_1440m_h1145_step498,50yr_1440m_h1145,6,ENUM,vectorized,0.01846065907739103,279936,0,3.9,,,
50yr_1440m_h1145_step498,50yr_1440m_h1145,6,GA,deployed,0.08217467996291816,9600,0,3.9,0,0.0,1
50yr_1440m_h1145_step498,50yr_1440m_h1145,6,GA,vectorized,0.01679110899567604,10800,0,3.840919323354672,0,0.05908067664532801,1
50yr_1440m_h1145_step498,50yr_1440m_h1145,6,GA,deployed,0.10436151013709605,12000,0,3.840919323354672,1,0.05908067664532801,1
50yr_1440m_h1145_step498,50yr_1440m_h1145,6,GA,vectorized,0.014507947023957968,9600,0,3.9,1,0.0,1
50yr_1440m_h1145_step498,50yr_1440m_h1145,6,GA,deployed,0.08780128485523164,10200,0,3.840919323354672,2,0.05908067664532801,1
50yr_1440m_h1145_step498,50yr_1440m_h1145,6,GA,vectorized,0.01267949491739273,8400,0,3.840919323354672,2,0.05908067664532801,1
50yr_1440m_h1145_step498,50yr_1440m_h1145,6,PSO,deployed,0.02870040200650692,3240,0,3.9,0,0.0,1
50yr_1440m_h1145_step498,50yr_1440m_h1145,6,PSO,vectorized,0.0015294849872589111,3780,0,3.9,0,0.0,1
50yr_1440m_h1145_step498,50yr_1440m_h1145,6,PSO,deployed,0.023851022124290466,2700,0,3.840919323354672,1,0.05908067664532801,1
50yr_1440m_h1145_step498,50yr_1440m_h1145,6,PSO,vectorized,0.0009311391040682793,2340,0,3.9,1,0.0,1
50yr_1440m_h1145_step498,50yr_1440m_h1145,6,PSO,deployed,0.022297295043244958,2520,0,3.9,2,0.0,1
50yr_1440m_h1145_step498,50yr_1440m_h1145,6,PSO,vectorized,0.0010858140885829926,2700,0,3.9,2,0.0,1
50yr_1440m_h1145_step498,50yr_1440m_h1145,7,ENUM,deployed,18.678621548926458,1959552,0,,,,
50yr_1440m_h1145_step498,50yr_1440m_h1145,7,ENUM,vectorized,0.1953666179906577,1959552,0,4.55,,,
50yr_1440m_h1145_step498,50yr_1440m_h1145,7,GA,deployed,0.15520315011963248,18900,0,4.4086097678745695,0,0.14139023212543034,1
50yr_1440m_h1145_step498,50yr_1440m_h1145,7,GA,vectorized,0.01166458590887487,9100,0,4.55,0,0.0,1
50yr_1440m_h1145_step498,50yr_1440m_h1145,7,GA,deployed,0.10119828605093062,11900,0,4.493669135809187,1,0.056330864190813124,1
50yr_1440m_h1145_step498,50yr_1440m_h1145,7,GA,vectorized,0.018368819961324334,14000,0,4.55,1,0.0,1
50yr_1440m_h1145_step498,50yr_1440m_h1145,7,GA,deployed,0.13261357811279595,15400,0,4.55,2,0.0,1
50yr_1440m_h1145_step498,50yr_1440m_h1145,7,GA,vectorized,0.017319316044449806,13300,0,4.493669135809187,2,0.056330864190813124,1
50yr_1440m_h1145_step498,50yr_1440m_h1145,7,PSO,deployed,0.033275190042331815,3780,0,4.55,0,0.0,1
50yr_1440m_h1145_step498,50yr_1440m_h1145,7,PSO,vectorized,0.001349401194602251,3360,0,4.55,0,0.0,1
50yr_1440m_h1145_step498,50yr_1440m_h1145,7,PSO,deployed,0.02939601195976138,3360,0,4.55,1,0.0,1
50yr_1440m_h1145_step498,50yr_1440m_h1145,7,PSO,vectorized,0.0011041939724236727,2940,0,4.55,1,0.0,1
50yr_1440m_h1145_step498,50yr_1440m_h1145,7,PSO,deployed,0.027597904903814197,3150,0,4.55,2,0.0,1
50yr_1440m_h1145_step498,50yr_1440m_h1145,7,PSO,vectorized,0.0013763259630650282,3570,0,4.55,2,0.0,1
50yr_1440m_h1145_step498,50yr_1440m_h1145,8,ENUM,deployed,127.16430213791318,13436928,0,,,,
50yr_1440m_h1145_step498,50yr_1440m_h1145,8,ENUM,vectorized,0.9602723871357739,13436928,0,5.2,,,
50yr_1440m_h1145_step498,50yr_1440m_h1145,8,GA,deployed,0.13238254515454173,16000,0,5.2,0,0.0,1
50yr_1440m_h1145_step498,50yr_1440m_h1145,8,GA,vectorized,0.017688270192593336,15200,0,5.146426231823962,0,0.05357376817603843,1
50yr_1440m_h1145_step498,50yr_1440m_h1145,8,GA,deployed,0.12562799593433738,15200,0,5.073476622629897,1,0.12652337737010289,1
50yr_1440m_h1145_step498,50yr_1440m_h1145,8,GA,vectorized,0.01854350999929011,16000,0,5.146426231823962,1,0.05357376817603843,1
50yr_1440m_h1145_step498,50yr_1440m_h1145,8,GA,deployed,0.1050501111894846,12800,0,5.2,2,0.0,1
50yr_1440m_h1145_step498,50yr_1440m_h1145,8,GA,vectorized,0.02291158284060657,20000,0,5.146426231823962,2,0.05357376817603843,1
50yr_1440m_h1145_step498,50yr_1440m_h1145,8,PSO,deployed,0.03322250093333423,3840,0,5.2,0,0.0,1
50yr_1440m_h1145_step498,50yr_1440m_h1145,8,PSO,vectorized,0.001620852155610919,4320,0,5.2,0,0.0,1
50yr_1440m_h1145_step498,50yr_1440m_h1145,8,PSO,deployed,0.03279081895016134,3840,0,5.2,1,0.0,1
50yr_1440m_h1145_step498,50yr_1440m_h1145,8,PSO,vectorized,0.0013017239980399609,3600,0,5.2,1,0.0,1
50yr_1440m_h1145_step498,50yr_1440m_h1145,8,PSO,deployed,0.03432528814300895,3840,0,5.063669135809187,2,0.1363308641908132,1
50yr_1440m_h1145_step498,50yr_1440m_h1145,8,PSO,vectorized,0.001186115900054574,3360,0,5.2,2,0.0,1
50yr_1440m_h1145_step747,50yr_1440m_h1145,1,ENUM,deployed,0.00011851498857140541,6,0,,,,
50yr_1440m_h1145_step747,50yr_1440m_h1145,1,ENUM,vectorized,8.242111653089523e-05,6,0,0.65,,,
50yr_1440m_h1145_step747,50yr_1440m_h1145,1,GA,deployed,0.010686405934393406,1100,0,0.65,0,0.0,1
50yr_1440m_h1145_step747,50yr_1440m_h1145,1,GA,vectorized,0.008069792995229363,1100,0,0.65,0,0.0,1
50yr_1440m_h1145_step747,50yr_1440m_h1145,1,GA,deployed,0.010528367012739182,1100,0,0.65,1,0.0,1
50yr_1440m_h1145_step747,50yr_1440m_h1145,1,GA,vectorized,0.007948342012241483,1100,0,0.65,1,0.0,1
50yr_1440m_h1145_step747,50yr_1440m_h1145,1,GA,deployed,0.010460401885211468,1100,0,0.65,2,0.0,1
50yr_1440m_h1145_step747,50yr_1440m_h1145,1,GA,vectorized,0.00804598187096417,1100,0,0.65,2,0.0,1
50yr_1440m_h1145_step747,50yr_1440m_h1145,1,PSO,deployed,0.0030428338795900345,330,0,0.65,0,0.0,1
50yr_1440m_h1145_step747,50yr_1440m_h1145,1,PSO,vectorized,0.00030207703821361065,330,0,0.65,0,0.0,1
50yr_1440m_h1145_step747,50yr_1440m_h1145,1,PSO,deployed,0.00302209984511137,330,0,0.65,1,0.0,1
50yr_1440m_h1145_step747,50yr_1440m_h1145,1,PSO,vectorized,0.00027289590798318386,330,0,0.65,1,0.0,1
50yr_1440m_h1145_step747,50yr_1440m_h1145,1,PSO,deployed,0.0030172020196914673,330,0,0.65,2,0.0,1
50yr_1440m_h1145_step747,50yr_1440m_h1145,1,PSO,vectorized,0.00026413705199956894,330,0,0.65,2,0.0,1
50yr_1440m_h1145_step747,50yr_1440m_h1145,2,ENUM,deployed,0.0006915749981999397,72,0,,,,
50yr_1440m_h1145_step747,50yr_1440m_h1145,2,ENUM,vectorized,0.000129997031763196,72,0,1.3,,,
50yr_1440m_h1145_step747,50yr_1440m_h1145,2,GA,deployed,0.01968155801296234,2200,0,1.3,0,0.0,1
50yr_1440m_h1145_step747,50yr_1440m_h1145,2,GA,vectorized,0.009214712074026465,2200,0,1.3,0,0.0,1
50yr_1440m_h1145_step747,50yr_1440m_h1145,2,GA,deployed,0.019592986907809973,2200,0,1.3,1,0.0,1
50yr_1440m_h1145_step747,50yr_1440m_h1145,2,GA,vectorized,0.008979578036814928,2200,0,1.3,1,0.0,1
50yr_1440m_h1145_step747,50yr_1440m_h1145,2,GA,deployed,0.01998881995677948,2200,0,1.3,2,0.0,1
50yr_1440m_h1145_step747,50yr_1440m_h1145,2,GA,vectorized,0.00905451993457973,2200,0,1.3,2,0.0,1
50yr_1440m_h1145_step747,50yr_1440m_h1145,2,PSO,deployed,0.005819963989779353,660,0,1.3,0,0.0,1
50yr_1440m_h1145_step747,50yr_1440m_h1145,2,PSO,vectorized,0.00047024013474583626,720,0,1.3,0,0.0,1
50yr_1440m_h1145_step747,50yr_1440m_h1145,2,PSO,deployed,0.0058782140258699656,660,0,1.3,1,0.0,1
50yr_1440m_h1145_step747,50yr_1440m_h1145,2,PSO,vectorized,0.00043897610157728195,780,0,1.3,1,0.0,1
50yr_1440m_h1145_step747,50yr_1440m_h1145,2,PSO,deployed,0.006860272027552128,780,0,1.3,2,0.0,1
50yr_1440m_h1145_step747,50yr_1440m_h1145,2,PSO,vectorized,0.00047229393385350704,840,0,1.3,2,0.0,1
50yr_1440m_h1145_step747,50yr_1440m_h1145,3,ENUM,deployed,0.005346337100490928,648,0,,,,
50yr_1440m_h1145_step747,50yr_1440m_h1145,3,ENUM,vectorized,0.0001523501705378294,648,0,1.9500000000000002,,,
50yr_1440m_h1145_step747,50yr_1440m_h1145,3,GA,deployed,0.028121408075094223,3300,0,1.9500000000000002,0,0.0,1
50yr_1440m_h1145_step747,50yr_1440m_h1145,3,GA,vectorized,0.010178796015679836,3600,0,1.9500000000000002,0,0.0,1
50yr_1440m_h1145_step747,50yr_1440m_h1145,3,GA,deployed,0.034235334023833275,3900,1,1.9020343666462347,1,0.04796563335376547,0
50yr_1440m_h1145_step747,50yr_1440m_h1145,3,GA,vectorized,0.009403536096215248,3300,0,1.9500000000000002,1,0.0,1
50yr_1440m_h1145_step747,50yr_1440m_h1145,3,GA,deployed,0.031159196980297565,3600,2,1.8507786298074698,2,0.09922137019253041,0
50yr_1440m_h1145_step747,50yr_1440m_h1145,3,GA,vectorized,0.009121360024437308,3300,1,1.9020343666462347,2,0.04796563335376547,0
50yr_1440m_h1145_step747,50yr_1440m_h1145,3,PSO,deployed,0.009305769111961126,1080,0,1.9500000000000002,0,0.0,1
50yr_1440m_h1145_step747,50yr_1440m_h1145,3,PSO,vectorized,0.0006358369719237089,1260,0,1.9500000000000002,0,0.0,1
50yr_1440m_h1145_step747,50yr_1440m_h1145,3,PSO,deployed,0.009183760965242982,1080,0,1.9500000000000002,1,0.0,1
50yr_1440m_h1145_step747,50yr_1440m_h1145,3,PSO,vectorized,0.0005543651059269905,1170,0,1.9500000000000002,1,0.0,1
50yr_1440m_h1145_step747,50yr_1440m_h1145,3,PSO,deployed,0.011063643032684922,1260,0,1.9500000000000002,2,0.0,1
50yr_1440m_h1145_step747,50yr_1440m_h1145,3,PSO,vectorized,0.0006218100897967815,1260,0,1.9500000000000002,2,0.0,1
50yr_1440m_h1145_step747,50yr_1440m_h1145,5,ENUM,deployed,0.31706092203967273,38880,0,,,,
50yr_1440m_h1145_step747,50yr_1440m_h1145,5,ENUM,vectorized,0.002336560981348157,38880,0,3.25,,,
50yr_1440m_h1145_step747,50yr_1440m_h1145,5,GA,deployed,0.0629868539981544,7500,0,3.25,0,0.0,1
50yr_1440m_h1145_step747,50yr_1440m_h1145,5,GA,vectorized,0.013176694978028536,7500,1,3.2208307019104865,0,0.029169298089513518,0
50yr_1440m_h1145_step747,50yr_1440m_h1145,5,GA,deployed,0.05894325906410813,7000,1,3.2208307019104865,1,0.029169298089513518,0
50yr_1440m_h1145_step747,50yr_1440m_h1145,5,GA,vectorized,0.01312374509871006,7500,0,3.25,1,0.0,1
50yr_1440m_h1145_step747,50yr_1440m_h1145,5,GA,deployed,0.06297242781147361,7500,1,3.2208307019104865,2,0.029169298089513518,0
50yr_1440m_h1145_step747,50yr_1440m_h1145,5,GA,vectorized,0.012171237962320447,7000,0,3.2118298478654075,2,0.03817015213459252,1
50yr_1440m_h1145_step747,50yr_1440m_h1145,5,PSO,deployed,0.023357897996902466,2700,0,3.25,0,0.0,1
50yr_1440m_h1145_step747,50yr_1440m_h1145,5,PSO,vectorized,0.0009622818324714899,2250,2,3.1184453305937456,0,0.13155466940625438,0
50yr_1440m_h1145_step747,50yr_1440m_h1145,5,PSO,deployed,0.020833355840295553,2400,0,3.25,1,0.0,1
50yr_1440m_h1145_step747,50yr_1440m_h1145,5,PSO,vectorized,0.0012022268492728472,3000,2,3.1805976684951767,1,0.06940233150482333,0
50yr_1440m_h1145_step747,50yr_1440m_h1145,5,PSO,deployed,0.016708730021491647,1950,0,3.25,2,0.0,1
50yr_1440m_h1145_step747,50yr_1440m_h1145,5,PSO,vectorized,0.0007886081002652645,1950,0,3.25,2,0.0,1
50yr_1440m_h1145_step747,50yr_1440m_h1145,6,ENUM,deployed,2.301745129050687,279936,0,,,,
50yr_1440m_h1145_step747,50yr_1440m_h1145,6,ENUM,vectorized,0.015672010835260153,279936,0,3.9,,,
50yr_1440m_h1145_step747,50yr_1440m_h1145,6,GA,deployed,0.05483435816131532,6600,0,3.842129154885339,0,0.057870845114660785,1
50yr_1440m_h1145_step747,50yr_1440m_h1145,6,GA,vectorized,0.013343294151127338,9000,1,3.8794489428509413,0,0.020551057149058582,0
50yr_1440m_h1145_step747,50yr_1440m_h1145,6,GA,deployed,0.18064333801157773,21600,1,3.836615350523795,1,0.06338464947620492,0
50yr_1440m_h1145_step747,50yr_1440m_h1145,6,GA,vectorized,0.014382417080923915,9600,1,3.8794489428509413,1,0.020551057149058582,0
50yr_1440m_h1145_step747,50yr_1440m_h1145,6,GA,deployed,0.10484708892181516,12600,1,3.8794489428509413,2,0.020551057149058582,0
50yr_1440m_h1145_step747,50yr_1440m_h1145,6,GA,vectorized,0.01337307901121676,9000,0,3.9,2,0.0,1
50yr_1440m_h1145_step747,50yr_1440m_h1145,6,PSO,deployed,0.034837144892662764,3960,1,3.836615350523795,0,0.06338464947620492,0
50yr_1440m_h1145_step747,50yr_1440m_h1145,6,PSO,vectorized,0.0017404260579496622,4500,2,3.8405714745093444,0,0.05942852549065547,0
50yr_1440m_h1145_step747,50yr_1440m_h1145,6,PSO,deployed,0.02673138794489205,3060,2,3.8405714745093444,1,0.05942852549065547,0
50yr_1440m_h1145_step747,50yr_1440m_h1145,6,PSO,vectorized,0.0018505651969462633,4860,2,3.8405714745093444,1,0.05942852549065547,0
50yr_1440m_h1145_step747,50yr_1440m_h1145,6,PSO,deployed,0.028032985981553793,3240,1,3.836615350523795,2,0.06338464947620492,0
50yr_1440m_h1145_step747,50yr_1440m_h1145,6,PSO,vectorized,0.0010962651576846838,2880,0,3.8523404558474477,2,0.04765954415255225,1
50yr_1440m_h1145_step747,50yr_1440m_h1145,7,ENUM,deployed,16.445912868948653,1959552,0,,,,
50yr_1440m_h1145_step747,50yr_1440m_h1145,7,ENUM,vectorized,0.1286825758870691,1959552,0,4.55,,,
50yr_1440m_h1145_step747,50yr_1440m_h1145,7,GA,deployed,0.16163690807297826,19600,1,4.5375472326636155,0,0.01245276733638434,0
50yr_1440m_h1145_step747,50yr_1440m_h1145,7,GA,vectorized,0.018053016858175397,14000,0,4.529656897452936,0,0.02034310254706373,1
50yr_1440m_h1145_step747,50yr_1440m_h1145,7,GA,deployed,0.19090763293206692,23100,2,4.493888867081648,1,0.05611113291835146,0
50yr_1440m_h1145_step747,50yr_1440m_h1145,7,GA,vectorized,0.013446911936625838,10500,1,4.5375472326636155,1,0.01245276733638434,0
50yr_1440m_h1145_step747,50yr_1440m_h1145,7,GA,deployed,0.26015251385979354,31500,1,4.4933702430960984,2,0.056629756903901374,0
50yr_1440m_h1145_step747,50yr_1440m_h1145,7,GA,vectorized,0.014313757885247469,11200,2,4.493888867081648,2,0.05611113291835146,0
50yr_1440m_h1145_step747,50yr_1440m_h1145,7,PSO,deployed,0.033269267063587904,3780,2,4.493888867081648,0,0.05611113291835146,0
50yr_1440m_h1145_step747,50yr_1440m_h1145,7,PSO,vectorized,0.0012917299754917622,3360,0,4.55,0,0.0,1
50yr_1440m_h1145_step747,50yr_1440m_h1145,7,PSO,deployed,0.06890225387178361,7980,0,4.491138940659457,1,0.05886105934054253,1
50yr_1440m_h1145_step747,50yr_1440m_h1145,7,PSO,vectorized,0.0018171810079365969,5040,2,4.493888867081648,1,0.05611113291835146,0
50yr_1440m_h1145_step747,50yr_1440m_h1145,7,PSO,deployed,0.03287320211529732,3780,1,4.4933702430960984,2,0.056629756903901374,0
50yr_1440m_h1145_step747,50yr_1440m_h1145,7,PSO,vectorized,0.001397982006892562,3780,0,4.419866374169361,2,0.1301336258306387,1
50yr_1440m_h1145_step747,50yr_1440m_h1145,8,ENUM,deployed,111.82533172680996,13436928,0,,,,
50yr_1440m_h1145_step747,50yr_1440m_h1145,8,ENUM,vectorized,0.8444732609204948,13436928,0,5.2,,,
50yr_1440m_h1145_step747,50yr_1440m_h1145,8,GA,deployed,0.12028168700635433,14400,0,5.068173576155546,0,0.13182642384445398,1
50yr_1440m_h1145_step747,50yr_1440m_h1145,8,GA,vectorized,0.0158851221203804,13600,1,5.195125571348509,0,0.004874428651491236,0
50yr_1440m_h1145_step747,50yr_1440m_h1145,8,GA,deployed,0.1269515659660101,15200,1,5.195125571348509,1,0.004874428651491236,0
50yr_1440m_h1145_step747,50yr_1440m_h1145,8,GA,vectorized,0.021762478165328503,18400,0,5.144674919789897,1,0.055325080210103295,1
50yr_1440m_h1145_step747,50yr_1440m_h1145,8,GA,deployed,0.09931459999643266,12000,1,5.195125571348509,2,0.004874428651491236,0
50yr_1440m_h1145_step747,50yr_1440m_h1145,8,GA,vectorized,0.014328185934573412,12800,0,5.2,2,0.0,1
50yr_1440m_h1145_step747,50yr_1440m_h1145,8,PSO,deployed,0.04903332702815533,5760,0,5.17986485205493,0,0.02013514794507021,1
50yr_1440m_h1145_step747,50yr_1440m_h1145,8,PSO,vectorized,0.0017630909569561481,5280,0,5.18779049555503,0,0.012209504444970598,1
50yr_1440m_h1145_step747,50yr_1440m_h1145,8,PSO,deployed,0.036908655893057585,4560,0,5.18779049555503,1,0.012209504444970598,1
50yr_1440m_h1145_step747,50yr_1440m_h1145,8,PSO,vectorized,0.0011144811287522316,3360,0,5.141705416599091,1,0.058294583400908984,1
50yr_1440m_h1145_step747,50yr_1440m_h1145,8,PSO,deployed,0.035167072899639606,4320,0,5.131642326850152,2,0.06835767314984853,1
50yr_1440m_h1145_step747,50yr_1440m_h1145,8,PSO,vectorized,0.002311084885150194,7200,0,5.144674919789897,2,0.055325080210103295,1
