scenario_id,return_period,duration_min,L,form,c,n_decisions,max_level_m,overflow,n_switches,steps_to_first_pump,cum_tau_L
10yr_0060m_h207,10,0060,1,level,0.5,58,5.822,0,18,14,30.032152
10yr_0060m_h207,10,0060,2,level,0.5,58,5.2308,0,16,11,61.797177
10yr_0060m_h207,10,0060,3,level,0.5,58,5.4119,0,14,11,93.800057
10yr_0060m_h207,10,0060,5,level,0.5,58,5.9501,0,13,11,160.804308
10yr_0060m_h207,10,0060,6,level,0.5,58,6.206,0,9,11,196.343985
10yr_0060m_h207,10,0060,1,near_overflow,5.0,58,6.4511,0,6,17,31.884715
10yr_0060m_h207,10,0060,2,near_overflow,5.0,58,5.5011,0,11,12,62.191314
10yr_0060m_h207,10,0060,3,near_overflow,5.0,58,5.6601,0,12,11,94.251041
10yr_0060m_h207,10,0060,5,near_overflow,5.0,58,6.071,0,11,11,161.17201
10yr_0060m_h207,10,0060,6,near_overflow,5.0,58,6.2771,0,11,11,195.534675
10yr_0060m_h193,10,0060,1,level,0.5,58,5.8027,0,19,14,29.92438
10yr_0060m_h193,10,0060,2,level,0.5,58,5.2007,0,19,11,61.262189
10yr_0060m_h193,10,0060,3,level,0.5,58,5.3924,0,14,11,93.272607
10yr_0060m_h193,10,0060,5,level,0.5,58,6.0819,0,11,11,160.82739
10yr_0060m_h193,10,0060,6,level,0.5,58,6.2241,0,9,11,194.500606
10yr_0060m_h193,10,0060,1,level,1.0,58,5.4391,0,13,13,30.088466
10yr_0060m_h193,10,0060,2,level,1.0,58,5.2007,0,19,11,61.262189
10yr_0060m_h193,10,0060,3,level,1.0,58,5.4207,0,13,11,93.662348
10yr_0060m_h193,10,0060,5,level,1.0,58,6.0819,0,10,11,161.315162
10yr_0060m_h193,10,0060,6,level,1.0,58,6.2241,0,11,11,194.575724
10yr_0060m_h207,10,0060,1,near_overflow,2.0,58,6.4511,0,6,17,31.884715
10yr_0060m_h207,10,0060,2,near_overflow,2.0,58,5.5011,0,11,12,62.191314
10yr_0060m_h207,10,0060,3,near_overflow,2.0,58,5.6601,0,12,11,94.251041
10yr_0060m_h207,10,0060,5,near_overflow,2.0,58,6.071,0,11,11,161.17201
10yr_0060m_h207,10,0060,6,near_overflow,2.0,58,6.2771,0,11,11,195.534675
10yr_0060m_h207,10,0060,1,near_overflow,0.5,58,6.4511,0,6,17,31.884715
10yr_0060m_h207,10,0060,2,near_overflow,0.5,58,5.5011,0,11,12,62.191314
10yr_0060m_h207,10,0060,3,near_overflow,0.5,58,5.6601,0,12,11,94.251041
10yr_0060m_h207,10,0060,5,near_overflow,0.5,58,6.071,0,11,11,161.17201
10yr_0060m_h207,10,0060,6,near_overflow,0.5,58,6.2771,0,11,11,195.534675
10yr_0060m_h207,10,0060,1,near_overflow,1.0,58,6.4511,0,6,17,31.884715
10yr_0060m_h207,10,0060,2,near_overflow,1.0,58,5.5011,0,11,12,62.191314
10yr_0060m_h207,10,0060,3,near_overflow,1.0,58,5.6601,0,12,11,94.251041
10yr_0060m_h207,10,0060,5,near_overflow,1.0,58,6.071,0,11,11,161.17201
10yr_0060m_h207,10,0060,6,near_overflow,1.0,58,6.2771,0,11,11,195.534675
10yr_0060m_h207,10,0060,1,level,5.0,58,4.9733,0,14,10,28.892242
10yr_0060m_h207,10,0060,2,level,5.0,58,5.0661,0,22,10,60.252537
10yr_0060m_h207,10,0060,3,level,5.0,58,5.6333,0,18,12,92.868653
10yr_0060m_h207,10,0060,5,level,5.0,58,5.808,0,17,11,159.182903
10yr_0060m_h207,10,0060,6,level,5.0,58,6.135,0,13,11,195.379259
10yr_0060m_h207,10,0060,1,level,2.0,58,5.0108,0,24,10,29.56963
10yr_0060m_h207,10,0060,2,level,2.0,58,5.2811,0,16,11,60.972895
10yr_0060m_h207,10,0060,3,level,2.0,58,5.6333,0,16,12,93.259942
10yr_0060m_h207,10,0060,5,level,2.0,58,5.9217,0,12,11,160.810308
10yr_0060m_h207,10,0060,6,level,2.0,58,6.135,0,11,11,196.375031
10yr_0060m_h207,10,0060,1,level,1.0,58,5.4828,0,16,13,30.135634
10yr_0060m_h207,10,0060,2,level,1.0,58,5.2308,0,16,11,61.797177
10yr_0060m_h207,10,0060,3,level,1.0,58,5.6333,0,13,12,93.790299
10yr_0060m_h207,10,0060,5,level,1.0,58,5.9217,0,10,11,160.799241
10yr_0060m_h207,10,0060,6,level,1.0,58,6.135,0,10,11,195.566487
10yr_0060m_h193,10,0060,1,level,2.0,58,5.0135,0,24,10,29.52491
10yr_0060m_h193,10,0060,2,level,2.0,58,5.4962,0,15,11,60.690392
10yr_0060m_h193,10,0060,3,level,2.0,58,5.4207,0,13,11,93.693508
10yr_0060m_h193,10,0060,5,level,2.0,58,6.0819,0,10,11,161.333088
10yr_0060m_h193,10,0060,6,level,2.0,58,6.2241,0,13,11,194.55167
10yr_0060m_h193,10,0060,1,level,5.0,58,4.9592,0,16,10,28.540596
10yr_0060m_h193,10,0060,2,level,5.0,58,5.4962,0,18,10,59.416956
10yr_0060m_h193,10,0060,3,level,5.0,58,5.5727,0,16,11,92.418185
10yr_0060m_h193,10,0060,5,level,5.0,58,5.9398,0,20,11,159.613338
10yr_0060m_h193,10,0060,6,level,5.0,58,6.0819,0,12,11,193.678934
10yr_0060m_h193,10,0060,1,near_overflow,0.5,58,6.4084,0,6,17,31.658581
10yr_0060m_h193,10,0060,2,near_overflow,0.5,58,5.421,0,12,12,62.090031
10yr_0060m_h193,10,0060,3,near_overflow,0.5,58,5.7816,0,11,11,94.187823
10yr_0060m_h193,10,0060,5,near_overflow,0.5,58,6.153,0,11,11,160.453274
10yr_0060m_h193,10,0060,6,near_overflow,0.5,58,6.2241,0,9,11,193.860954
10yr_0060m_h193,10,0060,1,near_overflow,1.0,58,6.4084,0,6,17,31.658581
10yr_0060m_h193,10,0060,2,near_overflow,1.0,58,5.421,0,12,12,62.090031
10yr_0060m_h193,10,0060,3,near_overflow,1.0,58,5.7816,0,11,11,94.187823
10yr_0060m_h193,10,0060,5,near_overflow,1.0,58,6.153,0,11,11,160.453274
10yr_0060m_h193,10,0060,6,near_overflow,1.0,58,6.2241,0,9,11,193.860954
10yr_0060m_h193,10,0060,1,near_overflow,5.0,58,6.4084,0,6,17,31.658581
10yr_0060m_h193,10,0060,2,near_overflow,5.0,58,5.421,0,12,12,62.090031
10yr_0060m_h193,10,0060,3,near_overflow,5.0,58,5.7816,0,11,11,94.187823
10yr_0060m_h193,10,0060,5,near_overflow,5.0,58,6.153,0,11,11,160.453274
10yr_0060m_h193,10,0060,6,near_overflow,5.0,58,6.2241,0,9,11,193.860954
10yr_0060m_h193,10,0060,1,near_overflow,2.0,58,6.4084,0,6,17,31.658581
10yr_0060m_h193,10,0060,2,near_overflow,2.0,58,5.421,0,12,12,62.090031
10yr_0060m_h193,10,0060,3,near_overflow,2.0,58,5.7816,0,11,11,94.187823
10yr_0060m_h193,10,0060,5,near_overflow,2.0,58,6.153,0,11,11,160.453274
10yr_0060m_h193,10,0060,6,near_overflow,2.0,58,6.2241,0,9,11,193.860954
10yr_0060m_h195,10,0060,1,level,1.0,58,5.4945,0,15,13,29.946974
10yr_0060m_h195,10,0060,2,level,1.0,58,5.1929,0,14,10,61.697109
10yr_0060m_h195,10,0060,3,level,1.0,58,5.6389,0,13,12,93.715485
10yr_0060m_h195,10,0060,5,level,1.0,58,5.9231,0,10,11,160.580853
10yr_0060m_h195,10,0060,6,level,1.0,58,6.1363,0,9,11,195.777623
10yr_0060m_h195,10,0060,1,level,2.0,58,5.0135,0,24,10,29.559721
10yr_0060m_h195,10,0060,2,level,2.0,58,5.1929,0,14,10,61.229715
10yr_0060m_h195,10,0060,3,level,2.0,58,5.6389,0,14,12,93.414844
10yr_0060m_h195,10,0060,5,level,2.0,58,5.9231,0,10,11,160.63953
10yr_0060m_h195,10,0060,6,level,2.0,58,6.1363,0,12,11,196.528285
10yr_0060m_h195,10,0060,1,level,0.5,58,5.8254,0,16,14,30.325512
10yr_0060m_h195,10,0060,2,level,0.5,58,5.1929,0,14,10,61.697109
10yr_0060m_h195,10,0060,3,level,0.5,58,5.4129,0,14,11,93.789374
10yr_0060m_h195,10,0060,5,level,0.5,58,5.951,0,11,11,161.258335
10yr_0060m_h195,10,0060,6,level,0.5,58,6.2074,0,10,11,195.3391
10yr_0060m_h195,10,0060,1,level,5.0,58,4.9789,0,14,10,28.784104
10yr_0060m_h195,10,0060,2,level,5.0,58,5.0666,0,17,10,60.514036
10yr_0060m_h195,10,0060,3,level,5.0,58,5.6389,0,16,12,92.826239
10yr_0060m_h195,10,0060,5,level,5.0,58,5.8089,0,17,11,158.898512
10yr_0060m_h195,10,0060,6,level,5.0,58,6.1363,0,13,11,195.796876
10yr_0060m_h195,10,0060,1,near_overflow,0.5,58,6.4528,0,6,17,31.920884
10yr_0060m_h195,10,0060,2,near_overflow,0.5,58,5.5084,0,11,12,62.288241
10yr_0060m_h195,10,0060,3,near_overflow,0.5,58,5.6598,0,12,11,94.207256
10yr_0060m_h195,10,0060,5,near_overflow,0.5,58,6.0719,0,12,11,161.193394
10yr_0060m_h195,10,0060,6,near_overflow,0.5,58,6.2785,0,12,11,195.691977
10yr_0060m_h195,10,0060,1,near_overflow,1.0,58,6.4528,0,6,17,31.920884
10yr_0060m_h195,10,0060,2,near_overflow,1.0,58,5.5084,0,11,12,62.288241
10yr_0060m_h195,10,0060,3,near_overflow,1.0,58,5.6598,0,12,11,94.207256
10yr_0060m_h195,10,0060,5,near_overflow,1.0,58,6.0719,0,12,11,161.193394
10yr_0060m_h195,10,0060,6,near_overflow,1.0,58,6.2785,0,12,11,195.691977
10yr_0060m_h195,10,0060,1,near_overflow,5.0,58,6.4528,0,6,17,31.920884
10yr_0060m_h195,10,0060,2,near_overflow,5.0,58,5.5084,0,11,12,62.288241
10yr_0060m_h195,10,0060,3,near_overflow,5.0,58,5.6598,0,12,11,94.207256
10yr_0060m_h195,10,0060,5,near_overflow,5.0,58,6.0719,0,12,11,161.193394
10yr_0060m_h195,10,0060,6,near_overflow,5.0,58,6.2785,0,12,11,195.691977
10yr_0060m_h195,10,0060,1,near_overflow,2.0,58,6.4528,0,6,17,31.920884
10yr_0060m_h195,10,0060,2,near_overflow,2.0,58,5.5084,0,11,12,62.288241
10yr_0060m_h195,10,0060,3,near_overflow,2.0,58,5.6598,0,12,11,94.207256
10yr_0060m_h195,10,0060,5,near_overflow,2.0,58,6.0719,0,12,11,161.193394
10yr_0060m_h195,10,0060,6,near_overflow,2.0,58,6.2785,0,12,11,195.691977
10yr_0060m_h229,10,0060,1,level,0.5,58,5.8352,0,13,16,30.406106
10yr_0060m_h229,10,0060,2,level,0.5,58,5.1709,0,14,12,61.653966
10yr_0060m_h229,10,0060,3,level,0.5,58,5.5449,0,12,12,93.859146
10yr_0060m_h229,10,0060,5,level,0.5,58,5.8825,0,11,12,159.568705
10yr_0060m_h229,10,0060,6,level,0.5,58,6.0843,0,9,15,194.80425
10yr_0060m_h229,10,0060,1,level,1.0,58,5.4456,0,13,14,30.347947
10yr_0060m_h229,10,0060,2,level,1.0,58,5.1709,0,14,12,61.653966
10yr_0060m_h229,10,0060,3,level,1.0,58,5.4615,0,12,12,93.602508
10yr_0060m_h229,10,0060,5,level,1.0,58,5.8825,0,9,12,160.343186
10yr_0060m_h229,10,0060,6,level,1.0,58,6.0132,0,9,15,194.476067
10yr_0060m_h229,10,0060,1,level,2.0,58,5.0268,0,22,11,29.858627
10yr_0060m_h229,10,0060,2,level,2.0,58,5.1709,0,14,12,61.158097
10yr_0060m_h229,10,0060,3,level,2.0,58,5.4615,0,12,12,93.682536
10yr_0060m_h229,10,0060,5,level,2.0,58,5.9039,0,17,12,160.903486
10yr_0060m_h229,10,0060,6,level,2.0,58,6.0132,0,9,15,194.321429
10yr_0060m_h229,10,0060,1,level,5.0,58,4.9445,0,13,11,28.719249
10yr_0060m_h229,10,0060,2,level,5.0,58,5.1709,0,15,11,60.579651
10yr_0060m_h229,10,0060,3,level,5.0,58,5.5801,0,12,12,93.211326
10yr_0060m_h229,10,0060,5,level,5.0,58,5.8711,0,15,12,158.516783
10yr_0060m_h229,10,0060,6,level,5.0,58,6.1188,0,13,12,194.202037
10yr_0060m_h229,10,0060,1,near_overflow,2.0,58,6.368,0,6,20,31.29254
10yr_0060m_h229,10,0060,2,near_overflow,2.0,58,5.5145,0,12,13,62.005594
10yr_0060m_h229,10,0060,3,near_overflow,2.0,58,5.6815,0,12,12,94.204384
10yr_0060m_h229,10,0060,5,near_overflow,2.0,58,6.046,0,11,12,160.711707
10yr_0060m_h229,10,0060,6,near_overflow,2.0,58,6.3308,0,12,13,196.181212
10yr_0060m_h229,10,0060,1,near_overflow,1.0,58,6.368,0,6,20,31.29254
10yr_0060m_h229,10,0060,2,near_overflow,1.0,58,5.5145,0,12,13,62.005594
10yr_0060m_h229,10,0060,3,near_overflow,1.0,58,5.6815,0,12,12,94.204384
10yr_0060m_h229,10,0060,5,near_overflow,1.0,58,6.046,0,11,12,160.711707
10yr_0060m_h229,10,0060,6,near_overflow,1.0,58,6.3308,0,12,13,196.181212
10yr_0060m_h229,10,0060,1,near_overflow,5.0,58,6.368,0,6,20,31.29254
10yr_0060m_h229,10,0060,2,near_overflow,5.0,58,5.5145,0,12,13,62.005594
10yr_0060m_h229,10,0060,3,near_overflow,5.0,58,5.6815,0,12,12,94.204384
10yr_0060m_h229,10,0060,5,near_overflow,5.0,58,6.046,0,11,12,160.711707
10yr_0060m_h229,10,0060,6,near_overflow,5.0,58,6.3308,0,12,13,196.181212
10yr_0060m_h244,10,0060,1,level,0.5,58,5.8293,0,15,16,30.207237
10yr_0060m_h244,10,0060,2,level,0.5,58,5.1874,0,15,12,61.573358
10yr_0060m_h244,10,0060,3,level,0.5,58,5.5513,0,11,12,93.518251
10yr_0060m_h244,10,0060,5,level,0.5,58,5.9378,0,13,12,160.152772
10yr_0060m_h244,10,0060,6,level,0.5,58,6.3726,0,9,15,196.691267
10yr_0060m_h244,10,0060,1,level,2.0,58,5.0497,0,16,11,29.71383
10yr_0060m_h244,10,0060,2,level,2.0,58,5.1874,0,15,12,61.171451
10yr_0060m_h244,10,0060,3,level,2.0,58,5.2731,0,12,12,93.109294
10yr_0060m_h244,10,0060,5,level,2.0,58,5.9378,0,12,12,160.676554
10yr_0060m_h244,10,0060,6,level,2.0,58,6.3726,0,10,20,197.476977
10yr_0060m_h244,10,0060,1,level,5.0,58,4.9736,0,13,11,29.432659
10yr_0060m_h244,10,0060,2,level,5.0,58,5.0043,0,19,11,59.422751
10yr_0060m_h244,10,0060,3,level,5.0,58,5.4824,0,14,12,92.062133
10yr_0060m_h244,10,0060,5,level,5.0,58,5.9106,0,13,12,158.983971
10yr_0060m_h244,10,0060,6,level,5.0,58,6.3726,0,15,20,197.641077
10yr_0060m_h229,10,0060,1,near_overflow,0.5,58,6.368,0,6,20,31.29254
10yr_0060m_h229,10,0060,2,near_overflow,0.5,58,5.5145,0,12,13,62.005594
10yr_0060m_h229,10,0060,3,near_overflow,0.5,58,5.6815,0,12,12,94.204384
10yr_0060m_h229,10,0060,5,near_overflow,0.5,58,6.046,0,11,12,160.711707
10yr_0060m_h229,10,0060,6,near_overflow,0.5,58,6.3308,0,12,13,196.181212
10yr_0060m_h244,10,0060,1,near_overflow,0.5,58,6.3527,0,8,20,31.140741
10yr_0060m_h244,10,0060,2,near_overflow,0.5,58,5.4551,0,10,13,61.730624
10yr_0060m_h244,10,0060,3,near_overflow,0.5,58,5.8454,0,11,12,94.16049
10yr_0060m_h244,10,0060,5,near_overflow,0.5,58,6.0089,0,11,12,160.693142
10yr_0060m_h244,10,0060,6,near_overflow,0.5,58,6.3357,0,12,13,195.754497
10yr_0060m_h244,10,0060,1,level,1.0,58,5.6049,0,18,15,30.072549
10yr_0060m_h244,10,0060,2,level,1.0,58,5.1874,0,15,12,61.573358
10yr_0060m_h244,10,0060,3,level,1.0,58,5.2731,0,12,12,93.028996
10yr_0060m_h244,10,0060,5,level,1.0,58,5.9378,0,10,12,160.801106
10yr_0060m_h244,10,0060,6,level,1.0,58,6.3726,0,10,15,196.694153
10yr_0060m_h244,10,0060,1,near_overflow,1.0,58,6.3527,0,8,20,31.140741
10yr_0060m_h244,10,0060,2,near_overflow,1.0,58,5.4551,0,10,13,61.730624
10yr_0060m_h244,10,0060,3,near_overflow,1.0,58,5.8454,0,11,12,94.16049
10yr_0060m_h244,10,0060,5,near_overflow,1.0,58,6.0089,0,11,12,160.693142
10yr_0060m_h244,10,0060,6,near_overflow,1.0,58,6.3357,0,12,13,195.754497
10yr_0060m_h244,10,0060,1,near_overflow,2.0,58,6.3527,0,8,20,31.140741
10yr_0060m_h244,10,0060,2,near_overflow,2.0,58,5.4551,0,10,13,61.730624
10yr_0060m_h244,10,0060,3,near_overflow,2.0,58,5.8454,0,11,12,94.16049
10yr_0060m_h244,10,0060,5,near_overflow,2.0,58,6.0089,0,11,12,160.693142
10yr_0060m_h244,10,0060,6,near_overflow,2.0,58,6.3357,0,12,13,195.754497
10yr_0060m_h244,10,0060,1,near_overflow,5.0,58,6.3527,0,8,20,31.140741
10yr_0060m_h244,10,0060,2,near_overflow,5.0,58,5.4551,0,10,13,61.730624
10yr_0060m_h244,10,0060,3,near_overflow,5.0,58,5.8454,0,11,12,94.16049
10yr_0060m_h244,10,0060,5,near_overflow,5.0,58,6.0089,0,11,12,160.693142
10yr_0060m_h244,10,0060,6,near_overflow,5.0,58,6.3357,0,12,13,195.754497
10yr_0120m_h345,10,0120,1,level,0.5,88,5.8159,0,28,23,45.548425
10yr_0120m_h345,10,0120,2,level,0.5,88,5.2471,0,22,18,93.464011
10yr_0120m_h345,10,0120,3,level,0.5,88,5.6934,0,15,18,142.193402
10yr_0120m_h345,10,0120,5,level,0.5,88,6.1063,0,13,19,242.710194
10yr_0120m_h345,10,0120,6,level,0.5,88,6.1773,0,12,23,294.941221
10yr_0120m_h345,10,0120,1,level,2.0,88,5.0007,0,32,17,45.013537
10yr_0120m_h345,10,0120,2,level,2.0,88,5.2471,0,22,18,92.962008
10yr_0120m_h345,10,0120,3,level,2.0,88,5.6934,0,16,18,141.969629
10yr_0120m_h345,10,0120,5,level,2.0,88,6.1519,0,13,19,243.210311
10yr_0120m_h345,10,0120,6,level,2.0,88,6.1773,0,13,23,294.997436
10yr_0120m_h345,10,0120,1,level,1.0,88,5.4567,0,23,21,45.83083
10yr_0120m_h345,10,0120,2,level,1.0,88,5.2471,0,22,18,93.464011
10yr_0120m_h345,10,0120,3,level,1.0,88,5.6934,0,15,18,142.193402
10yr_0120m_h345,10,0120,5,level,1.0,88,6.1519,0,12,19,243.443305
10yr_0120m_h345,10,0120,6,level,1.0,88,6.1773,0,12,23,295.213329
10yr_0120m_h345,10,0120,1,level,5.0,88,4.9176,0,14,17,42.989726
10yr_0120m_h345,10,0120,2,level,5.0,88,5.147,0,26,17,91.54184
10yr_0120m_h345,10,0120,3,level,5.0,88,5.2718,0,16,18,139.731062
10yr_0120m_h345,10,0120,5,level,5.0,88,6.1519,0,21,19,241.929136
10yr_0120m_h345,10,0120,6,level,5.0,88,6.1528,0,15,19,293.221475
10yr_0120m_h345,10,0120,1,near_overflow,1.0,88,6.3325,0,14,29,47.044913
10yr_0120m_h345,10,0120,2,near_overflow,1.0,88,5.4042,0,17,20,94.153792
10yr_0120m_h345,10,0120,3,near_overflow,1.0,88,5.6928,0,12,18,142.492364
10yr_0120m_h345,10,0120,5,near_overflow,1.0,88,6.1063,0,13,19,242.362309
10yr_0120m_h345,10,0120,6,near_overflow,1.0,88,6.3188,0,10,20,294.327131
10yr_0120m_h345,10,0120,1,near_overflow,2.0,88,6.3325,0,14,29,47.044913
10yr_0120m_h345,10,0120,2,near_overflow,2.0,88,5.4042,0,17,20,94.153792
10yr_0120m_h345,10,0120,3,near_overflow,2.0,88,5.6928,0,12,18,142.492364
10yr_0120m_h345,10,0120,5,near_overflow,2.0,88,6.1063,0,13,19,242.362309
10yr_0120m_h345,10,0120,6,near_overflow,2.0,88,6.3188,0,10,20,294.327131
10yr_0120m_h345,10,0120,1,near_overflow,5.0,88,6.3325,0,14,29,47.044913
10yr_0120m_h345,10,0120,2,near_overflow,5.0,88,5.4042,0,17,20,94.153792
10yr_0120m_h345,10,0120,3,near_overflow,5.0,88,5.6928,0,12,18,142.492364
10yr_0120m_h345,10,0120,5,near_overflow,5.0,88,6.1063,0,13,19,242.362309
10yr_0120m_h345,10,0120,6,near_overflow,5.0,88,6.3188,0,10,20,294.327131
10yr_0120m_h345,10,0120,1,near_overflow,0.5,88,6.3325,0,14,29,47.044913
10yr_0120m_h345,10,0120,2,near_overflow,0.5,88,5.4042,0,17,20,94.153792
10yr_0120m_h345,10,0120,3,near_overflow,0.5,88,5.6928,0,12,18,142.492364
10yr_0120m_h345,10,0120,5,near_overflow,0.5,88,6.1063,0,13,19,242.362309
10yr_0120m_h345,10,0120,6,near_overflow,0.5,88,6.3188,0,10,20,294.327131
10yr_0120m_h362,10,0120,1,level,0.5,88,5.8307,0,18,23,46.137803
10yr_0120m_h362,10,0120,2,level,0.5,88,5.2487,0,18,18,93.561638
10yr_0120m_h362,10,0120,3,level,0.5,88,5.4968,0,16,18,142.017972
10yr_0120m_h362,10,0120,5,level,0.5,88,6.1063,0,12,19,243.043898
10yr_0120m_h362,10,0120,6,level,0.5,88,6.1773,0,8,19,294.706863
10yr_0120m_h362,10,0120,1,level,1.0,88,5.4834,0,21,21,45.47528
10yr_0120m_h362,10,0120,2,level,1.0,88,5.2487,0,18,18,93.561638
10yr_0120m_h362,10,0120,3,level,1.0,88,5.4968,0,16,18,142.017972
10yr_0120m_h362,10,0120,5,level,1.0,88,6.1063,0,12,19,243.17056
10yr_0120m_h362,10,0120,6,level,1.0,88,6.1773,0,10,19,293.824277
10yr_0120m_h362,10,0120,1,level,2.0,88,5.0216,0,34,16,44.674806
10yr_0120m_h362,10,0120,2,level,2.0,88,5.2487,0,18,18,92.906855
10yr_0120m_h362,10,0120,3,level,2.0,88,5.4968,0,18,18,141.536379
10yr_0120m_h362,10,0120,5,level,2.0,88,6.0685,0,17,19,242.222159
10yr_0120m_h362,10,0120,6,level,2.0,88,6.1773,0,12,19,293.452504
10yr_0120m_h362,10,0120,1,level,5.0,88,4.9456,0,16,16,43.228455
10yr_0120m_h362,10,0120,2,level,5.0,88,5.1228,0,26,17,91.136714
10yr_0120m_h362,10,0120,3,level,5.0,88,5.2487,0,23,18,140.169641
10yr_0120m_h362,10,0120,5,level,5.0,88,6.0685,0,18,19,241.317136
10yr_0120m_h362,10,0120,6,level,5.0,88,6.1224,0,12,19,291.629835
10yr_0120m_h362,10,0120,1,near_overflow,1.0,88,6.2628,0,14,28,47.048103
10yr_0120m_h362,10,0120,2,near_overflow,1.0,88,5.3837,0,20,20,93.913449
10yr_0120m_h362,10,0120,3,near_overflow,1.0,88,5.8149,0,14,18,143.021649
10yr_0120m_h362,10,0120,5,near_overflow,1.0,88,6.1773,0,15,19,243.152409
10yr_0120m_h362,10,0120,6,near_overflow,1.0,88,6.3508,0,12,19,294.998436
10yr_0120m_h362,10,0120,1,near_overflow,2.0,88,6.2628,0,14,28,47.048103
10yr_0120m_h362,10,0120,2,near_overflow,2.0,88,5.3837,0,20,20,93.913449
10yr_0120m_h362,10,0120,3,near_overflow,2.0,88,5.8149,0,14,18,143.021649
10yr_0120m_h362,10,0120,5,near_overflow,2.0,88,6.1773,0,15,19,243.152409
10yr_0120m_h362,10,0120,6,near_overflow,2.0,88,6.3508,0,12,19,294.998436
10yr_0120m_h362,10,0120,1,near_overflow,5.0,88,6.2628,0,14,28,47.048103
10yr_0120m_h362,10,0120,2,near_overflow,5.0,88,5.3837,0,20,20,93.913449
10yr_0120m_h362,10,0120,3,near_overflow,5.0,88,5.8149,0,14,18,143.021649
10yr_0120m_h362,10,0120,5,near_overflow,5.0,88,6.1773,0,15,19,243.152409
10yr_0120m_h362,10,0120,6,near_overflow,5.0,88,6.3508,0,12,19,294.998436
10yr_0120m_h248,10,0120,1,level,0.5,88,5.8041,0,23,9,45.230637
10yr_0120m_h248,10,0120,2,level,0.5,88,5.1588,0,20,6,93.261667
10yr_0120m_h248,10,0120,3,level,0.5,88,5.3788,0,20,6,140.793322
10yr_0120m_h248,10,0120,5,level,0.5,88,6.2097,0,8,6,245.664002
10yr_0120m_h248,10,0120,6,level,0.5,88,6.2886,0,9,6,297.805521
10yr_0120m_h362,10,0120,1,near_overflow,0.5,88,6.2628,0,14,28,47.048103
10yr_0120m_h362,10,0120,2,near_overflow,0.5,88,5.3837,0,20,20,93.913449
10yr_0120m_h362,10,0120,3,near_overflow,0.5,88,5.8149,0,14,18,143.021649
10yr_0120m_h362,10,0120,5,near_overflow,0.5,88,6.1773,0,15,19,243.152409
10yr_0120m_h362,10,0120,6,near_overflow,0.5,88,6.3508,0,12,19,294.998436
10yr_0120m_h248,10,0120,1,level,1.0,88,5.3891,0,17,8,45.997284
10yr_0120m_h248,10,0120,2,level,1.0,88,5.1588,0,20,6,93.261667
10yr_0120m_h248,10,0120,3,level,1.0,88,5.3788,0,19,6,140.80496
10yr_0120m_h248,10,0120,5,level,1.0,88,6.2097,0,10,6,245.738992
10yr_0120m_h248,10,0120,6,level,1.0,88,6.2886,0,9,6,297.626371
10yr_0120m_h248,10,0120,1,level,2.0,88,5.0637,0,38,6,44.198823
10yr_0120m_h248,10,0120,2,level,2.0,88,5.1588,0,20,6,92.079925
10yr_0120m_h248,10,0120,3,level,2.0,88,5.3788,0,22,6,140.458588
10yr_0120m_h248,10,0120,5,level,2.0,88,6.1465,0,9,6,245.933997
10yr_0120m_h248,10,0120,6,level,2.0,88,6.2886,0,13,6,300.264004
10yr_0120m_h248,10,0120,1,near_overflow,0.5,88,6.4313,0,9,12,47.279883
10yr_0120m_h248,10,0120,2,near_overflow,0.5,88,5.4893,0,17,8,93.704565
10yr_0120m_h248,10,0120,3,near_overflow,0.5,88,5.9056,0,18,6,141.959975
10yr_0120m_h248,10,0120,5,near_overflow,0.5,88,6.1649,0,15,6,243.071845
10yr_0120m_h248,10,0120,6,near_overflow,0.5,88,6.426,0,7,6,297.969466
10yr_0120m_h248,10,0120,1,near_overflow,1.0,88,6.4313,0,9,12,47.279883
10yr_0120m_h248,10,0120,2,near_overflow,1.0,88,5.4893,0,17,8,93.704565
10yr_0120m_h248,10,0120,3,near_overflow,1.0,88,5.9056,0,18,6,141.959975
10yr_0120m_h248,10,0120,5,near_overflow,1.0,88,6.1649,0,15,6,243.071845
10yr_0120m_h248,10,0120,6,near_overflow,1.0,88,6.426,0,7,6,297.969466
10yr_0120m_h248,10,0120,1,near_overflow,5.0,88,6.4313,0,9,12,47.279883
10yr_0120m_h248,10,0120,2,near_overflow,5.0,88,5.4893,0,17,8,93.704565
10yr_0120m_h248,10,0120,3,near_overflow,5.0,88,5.9056,0,18,6,141.959975
10yr_0120m_h248,10,0120,5,near_overflow,5.0,88,6.1649,0,15,6,243.071845
10yr_0120m_h248,10,0120,6,near_overflow,5.0,88,6.426,0,7,6,297.969466
10yr_0120m_h248,10,0120,1,near_overflow,2.0,88,6.4313,0,9,12,47.279883
10yr_0120m_h248,10,0120,2,near_overflow,2.0,88,5.4893,0,17,8,93.704565
10yr_0120m_h248,10,0120,3,near_overflow,2.0,88,5.9056,0,18,6,141.959975
10yr_0120m_h248,10,0120,5,near_overflow,2.0,88,6.1649,0,15,6,243.071845
10yr_0120m_h248,10,0120,6,near_overflow,2.0,88,6.426,0,7,6,297.969466
10yr_0120m_h312,10,0120,1,level,0.5,88,5.8142,0,20,21,45.837102
10yr_0120m_h312,10,0120,2,level,0.5,88,5.3083,0,20,16,93.597087
10yr_0120m_h312,10,0120,3,level,0.5,88,5.556,0,16,16,141.305035
10yr_0120m_h312,10,0120,5,level,0.5,88,6.3004,0,15,17,247.317615
10yr_0120m_h312,10,0120,6,level,0.5,88,6.3166,0,13,21,298.007046
10yr_0120m_h248,10,0120,1,level,5.0,88,4.9729,0,22,6,42.821641
10yr_0120m_h248,10,0120,2,level,5.0,88,5.1251,0,34,6,89.529542
10yr_0120m_h248,10,0120,3,level,5.0,88,5.7871,0,28,6,140.526573
10yr_0120m_h248,10,0120,5,level,5.0,88,6.0472,0,15,6,244.384831
10yr_0120m_h248,10,0120,6,level,5.0,88,6.236,0,16,6,296.196106
10yr_0120m_h312,10,0120,1,level,1.0,88,5.4501,0,18,19,45.704315
10yr_0120m_h312,10,0120,2,level,1.0,88,5.3083,0,20,16,93.597087
10yr_0120m_h312,10,0120,3,level,1.0,88,5.556,0,16,16,141.305035
10yr_0120m_h312,10,0120,5,level,1.0,88,6.3004,0,21,17,246.702947
10yr_0120m_h312,10,0120,6,level,1.0,88,6.3166,0,17,21,297.666966
10yr_0120m_h312,10,0120,1,near_overflow,0.5,88,6.3198,0,11,26,47.233755
10yr_0120m_h312,10,0120,2,near_overflow,0.5,88,5.3902,0,18,18,93.840242
10yr_0120m_h312,10,0120,3,near_overflow,0.5,88,5.8009,0,16,16,141.895365
10yr_0120m_h312,10,0120,5,near_overflow,0.5,88,6.1589,0,11,17,246.379845
10yr_0120m_h312,10,0120,6,near_overflow,0.5,88,6.3166,0,11,18,297.199037
10yr_0120m_h312,10,0120,1,level,5.0,88,4.9603,0,22,14,43.500286
10yr_0120m_h312,10,0120,2,level,5.0,88,5.2241,0,26,15,90.865894
10yr_0120m_h312,10,0120,3,level,5.0,88,5.4288,0,22,16,139.261986
10yr_0120m_h312,10,0120,5,level,5.0,88,6.3004,0,25,17,244.744711
10yr_0120m_h312,10,0120,6,level,5.0,88,6.6449,0,21,27,300.377383
10yr_0120m_h312,10,0120,1,level,2.0,88,5.0703,0,36,14,44.6129
10yr_0120m_h312,10,0120,2,level,2.0,88,5.2806,0,21,16,92.726662
10yr_0120m_h312,10,0120,3,level,2.0,88,5.556,0,17,16,141.192932
10yr_0120m_h312,10,0120,5,level,2.0,88,6.3004,0,22,17,246.492721
10yr_0120m_h312,10,0120,6,level,2.0,88,6.3166,0,20,21,297.207278
10yr_0120m_h312,10,0120,1,near_overflow,1.0,88,6.3198,0,11,26,47.233755
10yr_0120m_h312,10,0120,2,near_overflow,1.0,88,5.3902,0,18,18,93.840242
10yr_0120m_h312,10,0120,3,near_overflow,1.0,88,5.8009,0,16,16,141.895365
10yr_0120m_h312,10,0120,5,near_overflow,1.0,88,6.1589,0,11,17,246.379845
10yr_0120m_h312,10,0120,6,near_overflow,1.0,88,6.3166,0,11,18,297.199037
10yr_0120m_h312,10,0120,1,near_overflow,2.0,88,6.3198,0,11,26,47.233755
10yr_0120m_h312,10,0120,2,near_overflow,2.0,88,5.3902,0,18,18,93.840242
10yr_0120m_h312,10,0120,3,near_overflow,2.0,88,5.8009,0,16,16,141.895365
10yr_0120m_h312,10,0120,5,near_overflow,2.0,88,6.1589,0,11,17,246.379845
10yr_0120m_h312,10,0120,6,near_overflow,2.0,88,6.3166,0,11,18,297.199037
10yr_0120m_h312,10,0120,1,near_overflow,5.0,88,6.3198,0,11,26,47.233755
10yr_0120m_h312,10,0120,2,near_overflow,5.0,88,5.3902,0,18,18,93.840242
10yr_0120m_h312,10,0120,3,near_overflow,5.0,88,5.8009,0,16,16,141.895365
10yr_0120m_h312,10,0120,5,near_overflow,5.0,88,6.1589,0,11,17,246.379845
10yr_0120m_h312,10,0120,6,near_overflow,5.0,88,6.3166,0,11,18,297.199037
10yr_0120m_h349,10,0120,1,level,1.0,88,5.4631,0,23,21,45.832401
10yr_0120m_h349,10,0120,2,level,1.0,88,5.1804,0,20,18,93.294323
10yr_0120m_h349,10,0120,3,level,1.0,88,5.4862,0,14,18,142.146837
10yr_0120m_h349,10,0120,5,level,1.0,88,5.9277,0,12,19,242.129854
10yr_0120m_h349,10,0120,6,level,1.0,88,6.1513,0,15,23,294.09174
10yr_0120m_h349,10,0120,1,level,0.5,88,5.812,0,19,23,46.112872
10yr_0120m_h349,10,0120,2,level,0.5,88,5.1804,0,20,18,93.294323
10yr_0120m_h349,10,0120,3,level,0.5,88,5.36,0,17,18,141.2132
10yr_0120m_h349,10,0120,5,level,0.5,88,5.9646,0,12,19,242.040081
10yr_0120m_h349,10,0120,6,level,0.5,88,6.1513,0,13,23,293.755851
10yr_0120m_h349,10,0120,1,level,2.0,88,5.0715,0,32,17,45.349154
10yr_0120m_h349,10,0120,2,level,2.0,88,5.1804,0,20,18,92.664883
10yr_0120m_h349,10,0120,3,level,2.0,88,5.8408,0,17,18,141.543822
10yr_0120m_h349,10,0120,5,level,2.0,88,6.0802,0,18,19,240.748374
10yr_0120m_h349,10,0120,6,level,2.0,88,6.1513,0,15,23,293.632817
10yr_0120m_h349,10,0120,1,near_overflow,0.5,88,6.3254,0,12,29,47.153117
10yr_0120m_h349,10,0120,2,near_overflow,0.5,88,5.4768,0,16,20,94.157209
10yr_0120m_h349,10,0120,3,near_overflow,0.5,88,5.8086,0,15,18,141.951704
10yr_0120m_h349,10,0120,5,near_overflow,0.5,88,6.1277,0,13,19,242.429766
10yr_0120m_h349,10,0120,6,near_overflow,0.5,88,6.2934,0,11,20,294.049185
10yr_0120m_h349,10,0120,1,level,5.0,88,4.9169,0,14,17,42.921727
10yr_0120m_h349,10,0120,2,level,5.0,88,5.14,0,24,17,91.913943
10yr_0120m_h349,10,0120,3,level,5.0,88,5.8408,0,20,18,140.164012
10yr_0120m_h349,10,0120,5,level,5.0,88,6.0802,0,16,19,240.027784
10yr_0120m_h349,10,0120,6,level,5.0,88,6.1988,0,22,19,293.439884
10yr_0120m_h349,10,0120,1,near_overflow,5.0,88,6.3254,0,12,29,47.153117
10yr_0120m_h349,10,0120,2,near_overflow,5.0,88,5.4768,0,16,20,94.157209
10yr_0120m_h349,10,0120,3,near_overflow,5.0,88,5.8086,0,15,18,141.951704
10yr_0120m_h349,10,0120,5,near_overflow,5.0,88,6.1277,0,13,19,242.429766
10yr_0120m_h349,10,0120,6,near_overflow,5.0,88,6.2934,0,11,20,294.049185
10yr_0120m_h349,10,0120,1,near_overflow,2.0,88,6.3254,0,12,29,47.153117
10yr_0120m_h349,10,0120,2,near_overflow,2.0,88,5.4768,0,16,20,94.157209
10yr_0120m_h349,10,0120,3,near_overflow,2.0,88,5.8086,0,15,18,141.951704
10yr_0120m_h349,10,0120,5,near_overflow,2.0,88,6.1277,0,13,19,242.429766
10yr_0120m_h349,10,0120,6,near_overflow,2.0,88,6.2934,0,11,20,294.049185
10yr_0120m_h349,10,0120,1,near_overflow,1.0,88,6.3254,0,12,29,47.153117
10yr_0120m_h349,10,0120,2,near_overflow,1.0,88,5.4768,0,16,20,94.157209
10yr_0120m_h349,10,0120,3,near_overflow,1.0,88,5.8086,0,15,18,141.951704
10yr_0120m_h349,10,0120,5,near_overflow,1.0,88,6.1277,0,13,19,242.429766
10yr_0120m_h349,10,0120,6,near_overflow,1.0,88,6.2934,0,11,20,294.049185
10yr_0180m_h385,10,0180,1,level,1.0,118,5.4394,0,36,10,60.484451
10yr_0180m_h385,10,0180,2,level,1.0,118,5.2642,0,26,8,124.432692
10yr_0180m_h385,10,0180,3,level,1.0,118,5.6188,0,26,8,188.271104
10yr_0180m_h385,10,0180,5,level,1.0,118,6.3596,0,19,8,328.482103
10yr_0180m_h385,10,0180,6,level,1.0,118,6.4965,0,14,8,396.457254
10yr_0180m_h385,10,0180,1,level,0.5,118,5.7581,0,31,11,60.483742
10yr_0180m_h385,10,0180,2,level,0.5,118,5.2642,0,26,8,124.482996
10yr_0180m_h385,10,0180,3,level,0.5,118,5.6188,0,26,8,188.294863
10yr_0180m_h385,10,0180,5,level,0.5,118,6.3596,0,17,8,326.920089
10yr_0180m_h385,10,0180,6,level,0.5,118,6.4965,0,12,8,396.177856
10yr_0180m_h385,10,0180,1,level,2.0,118,5.0667,0,56,7,59.123555
10yr_0180m_h385,10,0180,2,level,2.0,118,5.2642,0,26,8,123.047692
10yr_0180m_h385,10,0180,3,level,2.0,118,5.6188,0,34,8,187.918299
10yr_0180m_h385,10,0180,5,level,2.0,118,6.3596,0,21,8,328.367281
10yr_0180m_h385,10,0180,6,level,2.0,118,6.4557,0,15,8,397.695133
10yr_0180m_h385,10,0180,1,level,5.0,118,4.9454,0,32,7,56.937798
10yr_0180m_h385,10,0180,2,level,5.0,118,5.2448,0,44,8,120.217915
10yr_0180m_h385,10,0180,3,level,5.0,118,5.6188,0,40,8,186.342185
10yr_0180m_h385,10,0180,5,level,5.0,118,6.2123,0,33,8,324.491479
10yr_0180m_h385,10,0180,6,level,5.0,118,6.4312,0,25,8,397.571846
10yr_0180m_h385,10,0180,1,near_overflow,1.0,118,6.2858,0,11,14,63.412095
10yr_0180m_h385,10,0180,2,near_overflow,1.0,118,5.3975,0,20,9,125.19465
10yr_0180m_h385,10,0180,3,near_overflow,1.0,118,5.629,0,28,8,188.44587
10yr_0180m_h385,10,0180,5,near_overflow,1.0,118,6.3596,0,13,8,327.128326
10yr_0180m_h385,10,0180,6,near_overflow,1.0,118,6.4965,0,10,8,396.194219
10yr_0180m_h385,10,0180,1,near_overflow,0.5,118,6.2858,0,11,14,63.412095
10yr_0180m_h385,10,0180,2,near_overflow,0.5,118,5.3975,0,20,9,125.19465
10yr_0180m_h385,10,0180,3,near_overflow,0.5,118,5.629,0,28,8,188.44587
10yr_0180m_h385,10,0180,5,near_overflow,0.5,118,6.3596,0,13,8,327.128326
10yr_0180m_h385,10,0180,6,near_overflow,0.5,118,6.4965,0,10,8,396.194219
10yr_0180m_h385,10,0180,1,near_overflow,2.0,118,6.2858,0,11,14,63.412095
10yr_0180m_h385,10,0180,2,near_overflow,2.0,118,5.3975,0,20,9,125.19465
10yr_0180m_h385,10,0180,3,near_overflow,2.0,118,5.629,0,28,8,188.44587
10yr_0180m_h385,10,0180,5,near_overflow,2.0,118,6.3596,0,13,8,327.128326
10yr_0180m_h385,10,0180,6,near_overflow,2.0,118,6.4965,0,10,8,396.194219
10yr_0180m_h385,10,0180,1,near_overflow,5.0,118,6.2858,0,11,14,63.412095
10yr_0180m_h385,10,0180,2,near_overflow,5.0,118,5.3975,0,20,9,125.19465
10yr_0180m_h385,10,0180,3,near_overflow,5.0,118,5.629,0,28,8,188.44587
10yr_0180m_h385,10,0180,5,near_overflow,5.0,118,6.3596,0,13,8,327.128326
10yr_0180m_h385,10,0180,6,near_overflow,5.0,118,6.4965,0,10,8,396.194219
10yr_0180m_h395,10,0180,1,level,0.5,118,5.7448,0,28,11,60.747809
10yr_0180m_h395,10,0180,2,level,0.5,118,5.3038,0,35,8,123.269194
10yr_0180m_h395,10,0180,3,level,0.5,118,5.5982,0,24,8,188.108464
10yr_0180m_h395,10,0180,5,level,0.5,118,6.3356,0,15,8,324.60103
10yr_0180m_h395,10,0180,6,level,0.5,118,6.5149,0,13,8,396.541914
10yr_0180m_h395,10,0180,1,level,2.0,118,5.0645,0,50,7,59.682907
10yr_0180m_h395,10,0180,2,level,2.0,118,5.3038,0,35,8,122.222572
10yr_0180m_h395,10,0180,3,level,2.0,118,5.5982,0,25,8,187.976722
10yr_0180m_h395,10,0180,5,level,2.0,118,6.2869,0,17,8,327.041534
10yr_0180m_h395,10,0180,6,level,2.0,118,6.6113,0,17,8,404.99407
10yr_0180m_h395,10,0180,1,near_overflow,0.5,118,6.2745,0,11,14,63.148236
10yr_0180m_h395,10,0180,2,near_overflow,0.5,118,5.5087,0,19,9,125.246984
10yr_0180m_h395,10,0180,3,near_overflow,0.5,118,5.5982,0,24,8,188.254421
10yr_0180m_h395,10,0180,5,near_overflow,0.5,118,6.3356,0,15,8,324.415758
10yr_0180m_h395,10,0180,6,near_overflow,0.5,118,6.5149,0,11,8,395.432213
10yr_0180m_h395,10,0180,1,level,5.0,118,4.9717,0,34,7,56.631433
10yr_0180m_h395,10,0180,2,level,5.0,118,5.2183,0,50,8,118.786458
10yr_0180m_h395,10,0180,3,level,5.0,118,5.9105,0,38,8,186.14726
10yr_0180m_h395,10,0180,5,level,5.0,118,6.231,0,25,8,325.359166
10yr_0180m_h395,10,0180,6,level,5.0,118,6.4243,0,35,8,394.392317
10yr_0180m_h395,10,0180,1,level,1.0,118,5.4985,0,28,10,60.643022
10yr_0180m_h395,10,0180,2,level,1.0,118,5.3038,0,35,8,123.269194
10yr_0180m_h395,10,0180,3,level,1.0,118,5.5982,0,19,8,188.854715
10yr_0180m_h395,10,0180,5,level,1.0,118,6.3356,0,19,8,325.831051
10yr_0180m_h395,10,0180,6,level,1.0,118,6.5149,0,14,8,397.999016
10yr_0180m_h395,10,0180,1,near_overflow,1.0,118,6.2745,0,11,14,63.148236
10yr_0180m_h395,10,0180,2,near_overflow,1.0,118,5.5087,0,19,9,125.246984
10yr_0180m_h395,10,0180,3,near_overflow,1.0,118,5.5982,0,24,8,188.254421
10yr_0180m_h395,10,0180,5,near_overflow,1.0,118,6.3356,0,15,8,324.415758
10yr_0180m_h395,10,0180,6,near_overflow,1.0,118,6.5149,0,11,8,395.432213
10yr_0180m_h395,10,0180,1,near_overflow,5.0,118,6.2745,0,11,14,63.148236
10yr_0180m_h395,10,0180,2,near_overflow,5.0,118,5.5087,0,19,9,125.246984
10yr_0180m_h395,10,0180,3,near_overflow,5.0,118,5.5982,0,24,8,188.254421
10yr_0180m_h395,10,0180,5,near_overflow,5.0,118,6.3356,0,15,8,324.415758
10yr_0180m_h395,10,0180,6,near_overflow,5.0,118,6.5149,0,11,8,395.432213
10yr_0180m_h395,10,0180,1,near_overflow,2.0,118,6.2745,0,11,14,63.148236
10yr_0180m_h395,10,0180,2,near_overflow,2.0,118,5.5087,0,19,9,125.246984
10yr_0180m_h395,10,0180,3,near_overflow,2.0,118,5.5982,0,24,8,188.254421
10yr_0180m_h395,10,0180,5,near_overflow,2.0,118,6.3356,0,15,8,324.415758
10yr_0180m_h395,10,0180,6,near_overflow,2.0,118,6.5149,0,11,8,395.432213
10yr_0180m_h431,10,0180,1,level,0.5,118,5.894,0,30,21,61.020731
10yr_0180m_h431,10,0180,2,level,0.5,118,5.2803,0,28,16,124.285117
10yr_0180m_h431,10,0180,3,level,0.5,118,5.5451,0,26,16,188.617494
10yr_0180m_h431,10,0180,5,level,0.5,118,6.2545,0,12,17,327.480139
10yr_0180m_h431,10,0180,6,level,0.5,118,6.5534,0,11,17,400.027738
10yr_0180m_h431,10,0180,1,level,1.0,118,5.4921,0,30,19,60.616466
10yr_0180m_h431,10,0180,2,level,1.0,118,5.2803,0,28,16,124.261333
10yr_0180m_h431,10,0180,3,level,1.0,118,5.5451,0,26,16,188.617494
10yr_0180m_h431,10,0180,5,level,1.0,118,6.2545,0,16,17,327.869368
10yr_0180m_h431,10,0180,6,level,1.0,118,6.5534,0,12,17,400.585522
10yr_0180m_h431,10,0180,1,near_overflow,0.5,118,6.31,0,14,24,62.961126
10yr_0180m_h431,10,0180,2,near_overflow,0.5,118,5.4135,0,24,18,124.848767
10yr_0180m_h431,10,0180,3,near_overflow,0.5,118,5.5451,0,24,16,189.059572
10yr_0180m_h431,10,0180,5,near_overflow,0.5,118,6.2545,0,12,17,327.244492
10yr_0180m_h431,10,0180,6,near_overflow,0.5,118,6.5534,0,12,17,398.129818
10yr_0180m_h431,10,0180,1,level,5.0,118,4.9771,0,29,15,56.934688
10yr_0180m_h431,10,0180,2,level,5.0,118,5.2017,0,40,16,120.919132
10yr_0180m_h431,10,0180,3,level,5.0,118,5.4217,0,42,16,185.62819
10yr_0180m_h431,10,0180,5,level,5.0,118,6.3481,0,27,17,326.712727
10yr_0180m_h431,10,0180,6,level,5.0,118,6.4269,0,25,17,397.140528
10yr_0180m_h431,10,0180,1,near_overflow,1.0,118,6.31,0,14,24,62.961126
10yr_0180m_h431,10,0180,2,near_overflow,1.0,118,5.4135,0,24,18,124.848767
10yr_0180m_h431,10,0180,3,near_overflow,1.0,118,5.5451,0,24,16,189.059572
10yr_0180m_h431,10,0180,5,near_overflow,1.0,118,6.2545,0,12,17,327.244492
10yr_0180m_h431,10,0180,6,near_overflow,1.0,118,6.5534,0,12,17,398.129818
10yr_0180m_h431,10,0180,1,level,2.0,118,5.0509,0,54,15,59.565396
10yr_0180m_h431,10,0180,2,level,2.0,118,5.2803,0,28,16,122.977586
10yr_0180m_h431,10,0180,3,level,2.0,118,5.5451,0,28,16,188.035556
10yr_0180m_h431,10,0180,5,level,2.0,118,6.2545,0,19,17,328.263082
10yr_0180m_h431,10,0180,6,level,2.0,118,6.3986,0,11,17,399.879386
10yr_0180m_h431,10,0180,1,near_overflow,2.0,118,6.31,0,14,24,62.961126
10yr_0180m_h431,10,0180,2,near_overflow,2.0,118,5.4135,0,24,18,124.848767
10yr_0180m_h431,10,0180,3,near_overflow,2.0,118,5.5451,0,24,16,189.059572
10yr_0180m_h431,10,0180,5,near_overflow,2.0,118,6.2545,0,12,17,327.244492
10yr_0180m_h431,10,0180,6,near_overflow,2.0,118,6.5534,0,12,17,398.129818
10yr_0180m_h431,10,0180,1,near_overflow,5.0,118,6.31,0,14,24,62.961126
10yr_0180m_h431,10,0180,2,near_overflow,5.0,118,5.4135,0,24,18,124.848767
10yr_0180m_h431,10,0180,3,near_overflow,5.0,118,5.5451,0,24,16,189.059572
10yr_0180m_h431,10,0180,5,near_overflow,5.0,118,6.2545,0,12,17,327.244492
10yr_0180m_h431,10,0180,6,near_overflow,5.0,118,6.5534,0,12,17,398.129818
10yr_0180m_h429,10,0180,1,level,0.5,118,5.8807,0,32,21,60.766174
10yr_0180m_h429,10,0180,2,level,0.5,118,5.227,0,28,16,124.084831
10yr_0180m_h429,10,0180,3,level,0.5,118,5.4432,0,22,17,187.859133
10yr_0180m_h429,10,0180,5,level,0.5,118,6.1791,0,10,17,325.907791
10yr_0180m_h429,10,0180,6,level,0.5,118,6.4095,0,11,17,396.741005
10yr_0180m_h429,10,0180,1,level,2.0,118,5.0687,0,53,15,59.442201
10yr_0180m_h429,10,0180,2,level,2.0,118,5.227,0,28,16,122.779257
10yr_0180m_h429,10,0180,3,level,2.0,118,5.4432,0,28,18,187.118712
10yr_0180m_h429,10,0180,5,level,2.0,118,6.2497,0,18,17,326.978105
10yr_0180m_h429,10,0180,6,level,2.0,118,6.3905,0,18,17,397.915944
10yr_0180m_h429,10,0180,1,level,5.0,118,4.9497,0,29,15,57.54907
10yr_0180m_h429,10,0180,2,level,5.0,118,5.1908,0,36,16,121.404661
10yr_0180m_h429,10,0180,3,level,5.0,118,5.4767,0,38,16,185.42277
10yr_0180m_h429,10,0180,5,level,5.0,118,6.184,0,21,17,327.991917
10yr_0180m_h429,10,0180,6,level,5.0,118,6.3905,0,20,17,395.469583
10yr_0180m_h429,10,0180,1,level,1.0,118,5.4643,0,34,19,60.584483
10yr_0180m_h429,10,0180,2,level,1.0,118,5.227,0,28,16,124.059387
10yr_0180m_h429,10,0180,3,level,1.0,118,5.4432,0,24,18,187.891157
10yr_0180m_h429,10,0180,5,level,1.0,118,6.1791,0,15,17,326.2447
10yr_0180m_h429,10,0180,6,level,1.0,118,6.4095,0,11,17,397.128874
10yr_0180m_h429,10,0180,1,near_overflow,0.5,118,6.289,0,13,24,62.864902
10yr_0180m_h429,10,0180,2,near_overflow,0.5,118,5.4154,0,22,18,125.116441
10yr_0180m_h429,10,0180,3,near_overflow,0.5,118,5.5208,0,24,17,188.549808
10yr_0180m_h429,10,0180,5,near_overflow,0.5,118,6.2715,0,13,17,327.621989
10yr_0180m_h429,10,0180,6,near_overflow,0.5,118,6.5422,0,13,17,397.159414
10yr_0180m_h429,10,0180,1,near_overflow,1.0,118,6.289,0,13,24,62.864902
10yr_0180m_h429,10,0180,2,near_overflow,1.0,118,5.4154,0,22,18,125.116441
10yr_0180m_h429,10,0180,3,near_overflow,1.0,118,5.5208,0,24,17,188.549808
10yr_0180m_h429,10,0180,5,near_overflow,1.0,118,6.2715,0,13,17,327.621989
10yr_0180m_h429,10,0180,6,near_overflow,1.0,118,6.5422,0,13,17,397.159414
10yr_0180m_h429,10,0180,1,near_overflow,5.0,118,6.289,0,13,24,62.864902
10yr_0180m_h429,10,0180,2,near_overflow,5.0,118,5.4154,0,22,18,125.116441
10yr_0180m_h429,10,0180,3,near_overflow,5.0,118,5.5208,0,24,17,188.549808
10yr_0180m_h429,10,0180,5,near_overflow,5.0,118,6.2715,0,13,17,327.621989
10yr_0180m_h429,10,0180,6,near_overflow,5.0,118,6.5422,0,13,17,397.159414
10yr_0180m_h429,10,0180,1,near_overflow,2.0,118,6.289,0,13,24,62.864902
10yr_0180m_h429,10,0180,2,near_overflow,2.0,118,5.4154,0,22,18,125.116441
10yr_0180m_h429,10,0180,3,near_overflow,2.0,118,5.5208,0,24,17,188.549808
10yr_0180m_h429,10,0180,5,near_overflow,2.0,118,6.2715,0,13,17,327.621989
10yr_0180m_h429,10,0180,6,near_overflow,2.0,118,6.5422,0,13,17,397.159414
10yr_0180m_h472,10,0180,1,level,0.5,118,5.7709,0,20,29,61.465319
10yr_0180m_h472,10,0180,2,level,0.5,118,5.3096,0,28,23,123.99067
10yr_0180m_h472,10,0180,3,level,0.5,118,5.6535,0,15,24,189.002639
10yr_0180m_h472,10,0180,5,level,0.5,118,6.0998,0,18,25,322.956762
10yr_0180m_h472,10,0180,6,level,0.5,118,6.3597,0,17,26,391.418386
10yr_0180m_h472,10,0180,1,level,2.0,118,5.0508,0,44,21,59.84467
10yr_0180m_h472,10,0180,2,level,2.0,118,5.3096,0,28,23,123.100165
10yr_0180m_h472,10,0180,3,level,2.0,118,5.6535,0,16,24,188.712551
10yr_0180m_h472,10,0180,5,level,2.0,118,6.0998,0,18,25,323.398687
10yr_0180m_h472,10,0180,6,level,2.0,118,6.208,0,19,26,390.694163
10yr_0180m_h472,10,0180,1,level,5.0,118,4.9529,0,25,21,57.890819
10yr_0180m_h472,10,0180,2,level,5.0,118,5.2253,0,31,23,120.925297
10yr_0180m_h472,10,0180,3,level,5.0,118,5.7795,0,21,24,187.86113
10yr_0180m_h472,10,0180,5,level,5.0,118,6.1487,0,24,25,322.514067
10yr_0180m_h472,10,0180,6,level,5.0,118,6.4223,0,30,26,390.13338
10yr_0180m_h472,10,0180,1,level,1.0,118,5.4632,0,23,27,61.468009
10yr_0180m_h472,10,0180,2,level,1.0,118,5.3096,0,28,23,123.970027
10yr_0180m_h472,10,0180,3,level,1.0,118,5.6535,0,16,24,188.891277
10yr_0180m_h472,10,0180,5,level,1.0,118,6.0998,0,18,25,323.629647
10yr_0180m_h472,10,0180,6,level,1.0,118,6.3597,0,18,26,392.305859
10yr_0180m_h472,10,0180,1,near_overflow,0.5,118,6.2532,0,12,36,62.563124
10yr_0180m_h472,10,0180,2,near_overflow,0.5,118,5.4428,0,14,25,125.905283
10yr_0180m_h472,10,0180,3,near_overflow,0.5,118,5.6535,0,15,24,189.137067
10yr_0180m_h472,10,0180,5,near_overflow,0.5,118,6.2138,0,15,25,324.796612
10yr_0180m_h472,10,0180,6,near_overflow,0.5,118,6.6448,0,18,26,397.00241
10yr_0180m_h472,10,0180,1,near_overflow,2.0,118,6.2532,0,12,36,62.563124
10yr_0180m_h472,10,0180,2,near_overflow,2.0,118,5.4428,0,14,25,125.905283
10yr_0180m_h472,10,0180,3,near_overflow,2.0,118,5.6535,0,15,24,189.137067
10yr_0180m_h472,10,0180,5,near_overflow,2.0,118,6.2138,0,15,25,324.796612
10yr_0180m_h472,10,0180,6,near_overflow,2.0,118,6.6448,0,18,26,397.00241
10yr_0180m_h472,10,0180,1,near_overflow,5.0,118,6.2532,0,12,36,62.563124
10yr_0180m_h472,10,0180,2,near_overflow,5.0,118,5.4428,0,14,25,125.905283
10yr_0180m_h472,10,0180,3,near_overflow,5.0,118,5.6535,0,15,24,189.137067
10yr_0180m_h472,10,0180,5,near_overflow,5.0,118,6.2138,0,15,25,324.796612
10yr_0180m_h472,10,0180,6,near_overflow,5.0,118,6.6448,0,18,26,397.00241
10yr_0180m_h472,10,0180,1,near_overflow,1.0,118,6.2532,0,12,36,62.563124
10yr_0180m_h472,10,0180,2,near_overflow,1.0,118,5.4428,0,14,25,125.905283
10yr_0180m_h472,10,0180,3,near_overflow,1.0,118,5.6535,0,15,24,189.137067
10yr_0180m_h472,10,0180,5,near_overflow,1.0,118,6.2138,0,15,25,324.796612
10yr_0180m_h472,10,0180,6,near_overflow,1.0,118,6.6448,0,18,26,397.00241
10yr_0240m_h515,10,0240,1,level,0.5,148,5.8025,0,25,13,76.540487
10yr_0240m_h515,10,0240,2,level,0.5,148,5.3976,0,28,9,155.622181
10yr_0240m_h515,10,0240,3,level,0.5,148,5.5966,0,30,10,233.300802
10yr_0240m_h515,10,0240,5,level,0.5,148,6.1959,0,14,10,406.735731
10yr_0240m_h515,10,0240,6,level,0.5,148,6.7074,0,15,18,496.769542
10yr_0240m_h515,10,0240,1,level,2.0,148,5.0288,0,65,9,74.943369
10yr_0240m_h515,10,0240,2,level,2.0,148,5.3631,0,34,9,153.729723
10yr_0240m_h515,10,0240,3,level,2.0,148,5.5966,0,31,11,233.8507
10yr_0240m_h515,10,0240,5,level,2.0,148,6.3093,0,21,14,411.514729
10yr_0240m_h515,10,0240,6,level,2.0,148,6.5421,0,23,15,504.997318
10yr_0240m_h515,10,0240,1,level,1.0,148,5.4825,0,28,12,76.55394
10yr_0240m_h515,10,0240,2,level,1.0,148,5.3976,0,28,9,155.622181
10yr_0240m_h515,10,0240,3,level,1.0,148,5.5966,0,24,11,234.57278
10yr_0240m_h515,10,0240,5,level,1.0,148,5.9827,0,27,12,401.553589
10yr_0240m_h515,10,0240,6,level,1.0,148,6.7074,0,17,18,497.618225
10yr_0240m_h515,10,0240,1,level,5.0,148,4.977,0,38,9,72.522084
10yr_0240m_h515,10,0240,2,level,5.0,148,5.2436,0,47,9,150.909917
10yr_0240m_h515,10,0240,3,level,5.0,148,5.5734,0,36,11,232.140284
10yr_0240m_h515,10,0240,5,level,5.0,148,6.3712,0,30,14,407.224268
10yr_0240m_h515,10,0240,6,level,5.0,148,6.5585,0,40,15,497.935759
10yr_0240m_h515,10,0240,1,near_overflow,0.5,148,6.3976,0,13,17,78.229748
10yr_0240m_h515,10,0240,2,near_overflow,0.5,148,5.4612,0,22,11,156.617845
10yr_0240m_h515,10,0240,3,near_overflow,0.5,148,5.5966,0,30,10,233.482722
10yr_0240m_h515,10,0240,5,near_overflow,0.5,148,6.1959,0,18,10,403.299283
10yr_0240m_h515,10,0240,6,near_overflow,0.5,148,6.6409,0,13,10,494.24378
10yr_0240m_h515,10,0240,1,near_overflow,5.0,148,6.3976,0,13,17,78.229748
10yr_0240m_h515,10,0240,2,near_overflow,5.0,148,5.4612,0,22,11,156.617845
10yr_0240m_h515,10,0240,3,near_overflow,5.0,148,5.5966,0,30,10,233.482722
10yr_0240m_h515,10,0240,5,near_overflow,5.0,148,6.1959,0,18,10,403.299283
10yr_0240m_h515,10,0240,6,near_overflow,5.0,148,6.6409,0,13,10,494.24378
10yr_0240m_h515,10,0240,1,near_overflow,2.0,148,6.3976,0,13,17,78.229748
10yr_0240m_h515,10,0240,2,near_overflow,2.0,148,5.4612,0,22,11,156.617845
10yr_0240m_h515,10,0240,3,near_overflow,2.0,148,5.5966,0,30,10,233.482722
10yr_0240m_h515,10,0240,5,near_overflow,2.0,148,6.1959,0,18,10,403.299283
10yr_0240m_h515,10,0240,6,near_overflow,2.0,148,6.6409,0,13,10,494.24378
10yr_0240m_h515,10,0240,1,near_overflow,1.0,148,6.3976,0,13,17,78.229748
10yr_0240m_h515,10,0240,2,near_overflow,1.0,148,5.4612,0,22,11,156.617845
10yr_0240m_h515,10,0240,3,near_overflow,1.0,148,5.5966,0,30,10,233.482722
10yr_0240m_h515,10,0240,5,near_overflow,1.0,148,6.1959,0,18,10,403.299283
10yr_0240m_h515,10,0240,6,near_overflow,1.0,148,6.6409,0,13,10,494.24378
10yr_0240m_h522,10,0240,1,level,0.5,148,5.8103,0,28,13,76.361769
10yr_0240m_h522,10,0240,2,level,0.5,148,5.3355,0,29,9,155.412188
10yr_0240m_h522,10,0240,3,level,0.5,148,5.6012,0,24,10,234.379604
10yr_0240m_h522,10,0240,5,level,0.5,148,6.4658,0,20,13,407.531279
10yr_0240m_h522,10,0240,6,level,0.5,148,6.6712,0,14,17,497.882979
10yr_0240m_h522,10,0240,1,level,2.0,148,5.0279,0,63,9,74.790864
10yr_0240m_h522,10,0240,2,level,2.0,148,5.3355,0,29,9,153.672489
10yr_0240m_h522,10,0240,3,level,2.0,148,5.6012,0,37,11,232.936061
10yr_0240m_h522,10,0240,5,level,2.0,148,6.3858,0,26,15,412.620315
10yr_0240m_h522,10,0240,6,level,2.0,148,6.6712,0,20,17,500.205077
10yr_0240m_h522,10,0240,1,level,1.0,148,5.5037,0,35,12,76.056532
10yr_0240m_h522,10,0240,2,level,1.0,148,5.3355,0,29,9,155.412188
10yr_0240m_h522,10,0240,3,level,1.0,148,5.6012,0,23,11,234.318208
10yr_0240m_h522,10,0240,5,level,1.0,148,6.3858,0,20,15,412.477314
10yr_0240m_h522,10,0240,6,level,1.0,148,6.6712,0,18,17,496.928387
10yr_0240m_h522,10,0240,1,level,5.0,148,4.943,0,38,9,72.712545
10yr_0240m_h522,10,0240,2,level,5.0,148,5.2342,0,54,9,149.941257
10yr_0240m_h522,10,0240,3,level,5.0,148,5.832,0,49,11,232.471728
10yr_0240m_h522,10,0240,5,level,5.0,148,6.3653,0,34,15,409.263253
10yr_0240m_h522,10,0240,6,level,5.0,148,6.6578,0,40,17,503.497446
10yr_0240m_h522,10,0240,1,near_overflow,0.5,148,6.4101,0,10,17,79.097243
10yr_0240m_h522,10,0240,2,near_overflow,0.5,148,5.5016,0,21,11,156.701894
10yr_0240m_h522,10,0240,3,near_overflow,0.5,148,5.6012,0,24,10,234.659048
10yr_0240m_h522,10,0240,5,near_overflow,0.5,148,6.247,0,18,10,406.271863
10yr_0240m_h522,10,0240,6,near_overflow,0.5,148,6.5957,0,18,10,491.524667
10yr_0240m_h522,10,0240,1,near_overflow,2.0,148,6.4101,0,10,17,79.097243
10yr_0240m_h522,10,0240,2,near_overflow,2.0,148,5.5016,0,21,11,156.701894
10yr_0240m_h522,10,0240,3,near_overflow,2.0,148,5.6012,0,24,10,234.659048
10yr_0240m_h522,10,0240,5,near_overflow,2.0,148,6.247,0,18,10,406.271863
10yr_0240m_h522,10,0240,6,near_overflow,2.0,148,6.5957,0,18,10,491.524667
10yr_0240m_h522,10,0240,1,near_overflow,1.0,148,6.4101,0,10,17,79.097243
10yr_0240m_h522,10,0240,2,near_overflow,1.0,148,5.5016,0,21,11,156.701894
10yr_0240m_h522,10,0240,3,near_overflow,1.0,148,5.6012,0,24,10,234.659048
10yr_0240m_h522,10,0240,5,near_overflow,1.0,148,6.247,0,18,10,406.271863
10yr_0240m_h522,10,0240,6,near_overflow,1.0,148,6.5957,0,18,10,491.524667
10yr_0240m_h522,10,0240,1,near_overflow,5.0,148,6.4101,0,10,17,79.097243
10yr_0240m_h522,10,0240,2,near_overflow,5.0,148,5.5016,0,21,11,156.701894
10yr_0240m_h522,10,0240,3,near_overflow,5.0,148,5.6012,0,24,10,234.659048
10yr_0240m_h522,10,0240,5,near_overflow,5.0,148,6.247,0,18,10,406.271863
10yr_0240m_h522,10,0240,6,near_overflow,5.0,148,6.5957,0,18,10,491.524667
10yr_0240m_h532,10,0240,1,level,1.0,148,5.5051,0,35,23,76.521063
10yr_0240m_h532,10,0240,2,level,1.0,148,5.3364,0,32,20,155.040773
10yr_0240m_h532,10,0240,3,level,1.0,148,5.6661,0,20,20,236.624469
10yr_0240m_h532,10,0240,5,level,1.0,148,6.3267,0,13,21,406.944883
10yr_0240m_h532,10,0240,6,level,1.0,148,6.5708,0,13,21,497.938338
10yr_0240m_h532,10,0240,1,level,2.0,148,5.0457,0,56,18,75.436967
10yr_0240m_h532,10,0240,2,level,2.0,148,5.3364,0,32,20,153.496498
10yr_0240m_h532,10,0240,3,level,2.0,148,5.6661,0,24,20,235.293218
10yr_0240m_h532,10,0240,5,level,2.0,148,6.3267,0,19,21,407.104331
10yr_0240m_h532,10,0240,6,level,2.0,148,6.5094,0,18,21,494.334431
10yr_0240m_h532,10,0240,1,level,0.5,148,5.8589,0,29,25,77.019382
10yr_0240m_h532,10,0240,2,level,0.5,148,5.3364,0,32,20,155.040773
10yr_0240m_h532,10,0240,3,level,0.5,148,5.6661,0,20,20,236.624469
10yr_0240m_h532,10,0240,5,level,0.5,148,6.3267,0,10,21,406.644914
10yr_0240m_h532,10,0240,6,level,0.5,148,6.5708,0,11,21,496.726828
10yr_0240m_h532,10,0240,1,level,5.0,148,4.9567,0,42,18,72.519664
10yr_0240m_h532,10,0240,2,level,5.0,148,5.204,0,44,19,151.288278
10yr_0240m_h532,10,0240,3,level,5.0,148,5.5124,0,30,20,233.894373
10yr_0240m_h532,10,0240,5,level,5.0,148,6.29,0,24,21,409.082348
10yr_0240m_h532,10,0240,6,level,5.0,148,6.5024,0,21,21,493.799733
10yr_0240m_h532,10,0240,1,near_overflow,1.0,148,6.301,0,17,29,78.204418
10yr_0240m_h532,10,0240,2,near_overflow,1.0,148,5.4103,0,22,21,156.756828
10yr_0240m_h532,10,0240,3,near_overflow,1.0,148,5.6661,0,20,20,236.798511
10yr_0240m_h532,10,0240,5,near_overflow,1.0,148,6.3147,0,14,21,407.439307
10yr_0240m_h532,10,0240,6,near_overflow,1.0,148,6.613,0,10,21,501.944085
10yr_0240m_h532,10,0240,1,near_overflow,2.0,148,6.301,0,17,29,78.204418
10yr_0240m_h532,10,0240,2,near_overflow,2.0,148,5.4103,0,22,21,156.756828
10yr_0240m_h532,10,0240,3,near_overflow,2.0,148,5.6661,0,20,20,236.798511
10yr_0240m_h532,10,0240,5,near_overflow,2.0,148,6.3147,0,14,21,407.439307
10yr_0240m_h532,10,0240,6,near_overflow,2.0,148,6.613,0,10,21,501.944085
10yr_0240m_h532,10,0240,1,near_overflow,5.0,148,6.301,0,17,29,78.204418
10yr_0240m_h532,10,0240,2,near_overflow,5.0,148,5.4103,0,22,21,156.756828
10yr_0240m_h532,10,0240,3,near_overflow,5.0,148,5.6661,0,20,20,236.798511
10yr_0240m_h532,10,0240,5,near_overflow,5.0,148,6.3147,0,14,21,407.439307
10yr_0240m_h532,10,0240,6,near_overflow,5.0,148,6.613,0,10,21,501.944085
10yr_0240m_h602,10,0240,1,level,0.5,148,5.8089,0,29,34,76.572121
10yr_0240m_h602,10,0240,2,level,0.5,148,5.2087,0,34,27,154.483174
10yr_0240m_h602,10,0240,3,level,0.5,148,5.4118,0,22,29,234.657227
10yr_0240m_h602,10,0240,5,level,0.5,148,6.18,0,17,31,404.011849
10yr_0240m_h602,10,0240,6,level,0.5,148,6.3769,0,17,31,488.573495
10yr_0240m_h602,10,0240,1,level,1.0,148,5.5189,0,35,31,75.999076
10yr_0240m_h602,10,0240,2,level,1.0,148,5.2087,0,34,27,154.460277
10yr_0240m_h602,10,0240,3,level,1.0,148,5.4118,0,22,29,234.657227
10yr_0240m_h602,10,0240,5,level,1.0,148,6.18,0,17,31,404.631193
10yr_0240m_h602,10,0240,6,level,1.0,148,6.3769,0,18,31,489.453543
10yr_0240m_h602,10,0240,1,level,2.0,148,5.041,0,53,25,73.403732
10yr_0240m_h602,10,0240,2,level,2.0,148,5.2087,0,34,27,153.373027
10yr_0240m_h602,10,0240,3,level,2.0,148,5.4118,0,26,29,234.182872
10yr_0240m_h602,10,0240,5,level,2.0,148,6.18,0,20,31,404.370969
10yr_0240m_h602,10,0240,6,level,2.0,148,6.3102,0,18,31,488.828633
10yr_0240m_h532,10,0240,1,near_overflow,0.5,148,6.301,0,17,29,78.204418
10yr_0240m_h532,10,0240,2,near_overflow,0.5,148,5.4103,0,22,21,156.756828
10yr_0240m_h532,10,0240,3,near_overflow,0.5,148,5.6661,0,20,20,236.798511
10yr_0240m_h532,10,0240,5,near_overflow,0.5,148,6.3147,0,14,21,407.439307
10yr_0240m_h532,10,0240,6,near_overflow,0.5,148,6.613,0,10,21,501.944085
10yr_0240m_h602,10,0240,1,level,5.0,148,4.9491,0,28,25,71.217742
10yr_0240m_h602,10,0240,2,level,5.0,148,5.0623,0,42,27,148.823119
10yr_0240m_h602,10,0240,3,level,5.0,148,5.6322,0,36,28,232.146334
10yr_0240m_h602,10,0240,5,level,5.0,148,6.1666,0,26,30,403.699585
10yr_0240m_h602,10,0240,6,level,5.0,148,6.3102,0,21,31,487.114853
10yr_0240m_h602,10,0240,1,near_overflow,1.0,148,6.2851,0,13,43,78.238641
10yr_0240m_h602,10,0240,2,near_overflow,1.0,148,5.4849,0,19,30,156.268271
10yr_0240m_h602,10,0240,3,near_overflow,1.0,148,5.4118,0,22,29,234.985222
10yr_0240m_h602,10,0240,5,near_overflow,1.0,148,6.18,0,15,31,405.175824
10yr_0240m_h602,10,0240,6,near_overflow,1.0,148,6.6776,0,16,31,493.648784
10yr_0240m_h602,10,0240,1,near_overflow,0.5,148,6.2851,0,13,43,78.238641
10yr_0240m_h602,10,0240,2,near_overflow,0.5,148,5.4849,0,19,30,156.268271
10yr_0240m_h602,10,0240,3,near_overflow,0.5,148,5.4118,0,22,29,234.985222
10yr_0240m_h602,10,0240,5,near_overflow,0.5,148,6.18,0,15,31,405.175824
10yr_0240m_h602,10,0240,6,near_overflow,0.5,148,6.6776,0,16,31,493.648784
10yr_0240m_h602,10,0240,1,near_overflow,5.0,148,6.2851,0,13,43,78.238641
10yr_0240m_h602,10,0240,2,near_overflow,5.0,148,5.4849,0,19,30,156.268271
10yr_0240m_h602,10,0240,3,near_overflow,5.0,148,5.4118,0,22,29,234.985222
10yr_0240m_h602,10,0240,5,near_overflow,5.0,148,6.18,0,15,31,405.175824
10yr_0240m_h602,10,0240,6,near_overflow,5.0,148,6.6776,0,16,31,493.648784
10yr_0240m_h600,10,0240,1,level,0.5,148,5.8224,0,25,34,76.84926
10yr_0240m_h600,10,0240,2,level,0.5,148,5.1444,0,37,27,154.511598
10yr_0240m_h600,10,0240,3,level,0.5,148,5.4238,0,23,28,234.145858
10yr_0240m_h600,10,0240,5,level,0.5,148,6.2107,0,16,30,405.543714
10yr_0240m_h600,10,0240,6,level,0.5,148,6.3471,0,17,31,489.416779
10yr_0240m_h602,10,0240,1,near_overflow,2.0,148,6.2851,0,13,43,78.238641
10yr_0240m_h602,10,0240,2,near_overflow,2.0,148,5.4849,0,19,30,156.268271
10yr_0240m_h602,10,0240,3,near_overflow,2.0,148,5.4118,0,22,29,234.985222
10yr_0240m_h602,10,0240,5,near_overflow,2.0,148,6.18,0,15,31,405.175824
10yr_0240m_h602,10,0240,6,near_overflow,2.0,148,6.6776,0,16,31,493.648784
10yr_0240m_h600,10,0240,1,level,1.0,148,5.5845,0,33,31,75.732943
10yr_0240m_h600,10,0240,2,level,1.0,148,5.1444,0,37,27,154.511598
10yr_0240m_h600,10,0240,3,level,1.0,148,5.4238,0,23,28,234.086748
10yr_0240m_h600,10,0240,5,level,1.0,148,6.2107,0,17,30,406.836819
10yr_0240m_h600,10,0240,6,level,1.0,148,6.3471,0,17,31,490.346041
10yr_0240m_h600,10,0240,1,level,2.0,148,4.9952,0,50,25,74.738769
10yr_0240m_h600,10,0240,2,level,2.0,148,5.1444,0,37,27,153.053117
10yr_0240m_h600,10,0240,3,level,2.0,148,5.4238,0,27,28,233.579027
10yr_0240m_h600,10,0240,5,level,2.0,148,6.2107,0,20,30,406.171715
10yr_0240m_h600,10,0240,6,level,2.0,148,6.2846,0,18,31,488.566456
10yr_0240m_h600,10,0240,1,level,5.0,148,4.919,0,28,25,71.647579
10yr_0240m_h600,10,0240,2,level,5.0,148,5.1485,0,38,27,151.740858
10yr_0240m_h600,10,0240,3,level,5.0,148,5.4238,0,28,28,231.734764
10yr_0240m_h600,10,0240,5,level,5.0,148,6.2107,0,24,30,402.877879
10yr_0240m_h600,10,0240,6,level,5.0,148,6.4359,0,25,31,490.401948
10yr_0240m_h600,10,0240,1,near_overflow,1.0,148,6.302,0,15,43,78.059471
10yr_0240m_h600,10,0240,2,near_overflow,1.0,148,5.394,0,18,29,156.822225
10yr_0240m_h600,10,0240,3,near_overflow,1.0,148,5.4238,0,23,28,234.51421
10yr_0240m_h600,10,0240,5,near_overflow,1.0,148,6.2107,0,14,30,405.477044
10yr_0240m_h600,10,0240,6,near_overflow,1.0,148,6.3536,0,16,31,494.389998
10yr_0240m_h600,10,0240,1,near_overflow,0.5,148,6.302,0,15,43,78.059471
10yr_0240m_h600,10,0240,2,near_overflow,0.5,148,5.394,0,18,29,156.822225
10yr_0240m_h600,10,0240,3,near_overflow,0.5,148,5.4238,0,23,28,234.51421
10yr_0240m_h600,10,0240,5,near_overflow,0.5,148,6.2107,0,14,30,405.477044
10yr_0240m_h600,10,0240,6,near_overflow,0.5,148,6.3536,0,16,31,494.389998
10yr_0240m_h600,10,0240,1,near_overflow,2.0,148,6.302,0,15,43,78.059471
10yr_0240m_h600,10,0240,2,near_overflow,2.0,148,5.394,0,18,29,156.822225
10yr_0240m_h600,10,0240,3,near_overflow,2.0,148,5.4238,0,23,28,234.51421
10yr_0240m_h600,10,0240,5,near_overflow,2.0,148,6.2107,0,14,30,405.477044
10yr_0240m_h600,10,0240,6,near_overflow,2.0,148,6.3536,0,16,31,494.389998
10yr_0240m_h600,10,0240,1,near_overflow,5.0,148,6.302,0,15,43,78.059471
10yr_0240m_h600,10,0240,2,near_overflow,5.0,148,5.394,0,18,29,156.822225
10yr_0240m_h600,10,0240,3,near_overflow,5.0,148,5.4238,0,23,28,234.51421
10yr_0240m_h600,10,0240,5,near_overflow,5.0,148,6.2107,0,14,30,405.477044
10yr_0240m_h600,10,0240,6,near_overflow,5.0,148,6.3536,0,16,31,494.389998
10yr_0360m_h672,10,0360,1,level,0.5,208,5.7347,0,31,31,107.196743
10yr_0360m_h672,10,0360,2,level,0.5,208,5.3643,0,60,25,214.739372
10yr_0360m_h672,10,0360,3,level,0.5,208,5.585,0,32,27,327.295876
10yr_0360m_h672,10,0360,5,level,0.5,208,6.0859,0,20,28,564.285682
10yr_0360m_h672,10,0360,6,level,0.5,208,6.6596,0,22,28,686.732599
10yr_0360m_h672,10,0360,1,level,1.0,208,5.5031,0,47,29,105.793062
10yr_0360m_h672,10,0360,2,level,1.0,208,5.3643,0,60,25,214.739372
10yr_0360m_h672,10,0360,3,level,1.0,208,5.585,0,36,27,327.259378
10yr_0360m_h672,10,0360,5,level,1.0,208,6.0859,0,23,28,564.700945
10yr_0360m_h672,10,0360,6,level,1.0,208,6.6596,0,28,28,688.296688
10yr_0360m_h672,10,0360,1,near_overflow,0.5,208,6.3144,0,22,38,109.01087
10yr_0360m_h672,10,0360,2,near_overflow,0.5,208,5.5125,0,27,28,218.61526
10yr_0360m_h672,10,0360,3,near_overflow,0.5,208,5.7477,0,32,27,327.866777
10yr_0360m_h672,10,0360,5,near_overflow,0.5,208,6.0859,0,23,28,562.092661
10yr_0360m_h672,10,0360,6,near_overflow,0.5,208,6.6596,0,18,28,686.438177
10yr_0360m_h672,10,0360,1,level,2.0,208,5.0692,0,76,24,104.351225
10yr_0360m_h672,10,0360,2,level,2.0,208,5.5125,0,57,25,213.139984
10yr_0360m_h672,10,0360,3,level,2.0,208,5.585,0,44,27,326.57503
10yr_0360m_h672,10,0360,5,level,2.0,208,6.0859,0,33,28,564.88595
10yr_0360m_h672,10,0360,6,level,2.0,208,6.2526,0,25,28,685.129355
10yr_0360m_h672,10,0360,1,near_overflow,1.0,208,6.3144,0,22,38,109.01087
10yr_0360m_h672,10,0360,2,near_overflow,1.0,208,5.5125,0,27,28,218.61526
10yr_0360m_h672,10,0360,3,near_overflow,1.0,208,5.7477,0,32,27,327.866777
10yr_0360m_h672,10,0360,5,near_overflow,1.0,208,6.0859,0,23,28,562.092661
10yr_0360m_h672,10,0360,6,near_overflow,1.0,208,6.6596,0,18,28,686.438177
10yr_0360m_h672,10,0360,1,level,5.0,208,4.9648,0,36,24,99.638192
10yr_0360m_h672,10,0360,2,level,5.0,208,5.2252,0,60,25,210.418177
10yr_0360m_h672,10,0360,3,level,5.0,208,5.585,0,46,26,324.399636
10yr_0360m_h672,10,0360,5,level,5.0,208,6.157,0,43,28,558.964929
10yr_0360m_h672,10,0360,6,level,5.0,208,6.2991,0,35,28,687.636375
10yr_0360m_h672,10,0360,1,near_overflow,2.0,208,6.3144,0,22,38,109.01087
10yr_0360m_h672,10,0360,2,near_overflow,2.0,208,5.5125,0,27,28,218.61526
10yr_0360m_h672,10,0360,3,near_overflow,2.0,208,5.7477,0,32,27,327.866777
10yr_0360m_h672,10,0360,5,near_overflow,2.0,208,6.0859,0,23,28,562.092661
10yr_0360m_h672,10,0360,6,near_overflow,2.0,208,6.6596,0,18,28,686.438177
10yr_0360m_h696,10,0360,1,level,0.5,208,5.8376,0,44,37,105.83035
10yr_0360m_h696,10,0360,2,level,0.5,208,5.3479,0,64,29,214.766112
10yr_0360m_h696,10,0360,3,level,0.5,208,5.6125,0,36,31,326.688585
10yr_0360m_h696,10,0360,5,level,0.5,208,6.0871,0,26,33,557.338473
10yr_0360m_h696,10,0360,6,level,0.5,208,6.6426,0,26,34,694.456044
10yr_0360m_h696,10,0360,1,level,1.0,208,5.5079,0,47,34,104.761046
10yr_0360m_h696,10,0360,2,level,1.0,208,5.3479,0,64,29,214.766112
10yr_0360m_h696,10,0360,3,level,1.0,208,5.6125,0,38,31,326.602004
10yr_0360m_h696,10,0360,5,level,1.0,208,6.0871,0,24,33,558.293609
10yr_0360m_h696,10,0360,6,level,1.0,208,6.6426,0,32,34,696.53111
10yr_0360m_h672,10,0360,1,near_overflow,5.0,208,6.3144,0,22,38,109.01087
10yr_0360m_h672,10,0360,2,near_overflow,5.0,208,5.5125,0,27,28,218.61526
10yr_0360m_h672,10,0360,3,near_overflow,5.0,208,5.7477,0,32,27,327.866777
10yr_0360m_h672,10,0360,5,near_overflow,5.0,208,6.0859,0,23,28,562.092661
10yr_0360m_h672,10,0360,6,near_overflow,5.0,208,6.6596,0,18,28,686.438177
10yr_0360m_h696,10,0360,1,level,2.0,208,5.0738,0,98,27,103.288674
10yr_0360m_h696,10,0360,2,level,2.0,208,5.4127,0,62,29,213.177702
10yr_0360m_h696,10,0360,3,level,2.0,208,5.6125,0,46,31,326.132801
10yr_0360m_h696,10,0360,5,level,2.0,208,6.4372,0,39,33,567.607043
10yr_0360m_h696,10,0360,6,level,2.0,208,6.6426,0,36,34,696.083477
10yr_0360m_h696,10,0360,1,level,5.0,208,4.9645,0,46,27,99.296443
10yr_0360m_h696,10,0360,2,level,5.0,208,5.2141,0,69,29,209.82743
10yr_0360m_h696,10,0360,3,level,5.0,208,5.5667,0,58,31,323.525084
10yr_0360m_h696,10,0360,5,level,5.0,208,6.4372,0,42,33,566.01453
10yr_0360m_h696,10,0360,6,level,5.0,208,6.563,0,48,34,684.372035
10yr_0360m_h696,10,0360,1,near_overflow,0.5,208,6.287,0,21,49,108.580445
10yr_0360m_h696,10,0360,2,near_overflow,0.5,208,5.4558,0,36,32,218.099813
10yr_0360m_h696,10,0360,3,near_overflow,0.5,208,5.6125,0,36,31,326.944686
10yr_0360m_h696,10,0360,5,near_overflow,0.5,208,6.4372,0,20,33,566.993958
10yr_0360m_h696,10,0360,6,near_overflow,0.5,208,6.6315,0,20,34,680.213272
10yr_0360m_h696,10,0360,1,near_overflow,1.0,208,6.287,0,21,49,108.580445
10yr_0360m_h696,10,0360,2,near_overflow,1.0,208,5.4558,0,36,32,218.099813
10yr_0360m_h696,10,0360,3,near_overflow,1.0,208,5.6125,0,36,31,326.944686
10yr_0360m_h696,10,0360,5,near_overflow,1.0,208,6.4372,0,20,33,566.993958
10yr_0360m_h696,10,0360,6,near_overflow,1.0,208,6.6315,0,20,34,680.213272
10yr_0360m_h696,10,0360,1,near_overflow,5.0,208,6.287,0,21,49,108.580445
10yr_0360m_h696,10,0360,2,near_overflow,5.0,208,5.4558,0,36,32,218.099813
10yr_0360m_h696,10,0360,3,near_overflow,5.0,208,5.6125,0,36,31,326.944686
10yr_0360m_h696,10,0360,5,near_overflow,5.0,208,6.4372,0,20,33,566.993958
10yr_0360m_h696,10,0360,6,near_overflow,5.0,208,6.6315,0,20,34,680.213272
10yr_0360m_h685,10,0360,1,level,0.5,208,5.8516,0,43,37,105.885495
10yr_0360m_h685,10,0360,2,level,0.5,208,5.3245,0,62,29,214.706051
10yr_0360m_h685,10,0360,3,level,0.5,208,5.6217,0,36,31,326.758582
10yr_0360m_h685,10,0360,5,level,0.5,208,6.3911,0,27,33,563.447574
10yr_0360m_h685,10,0360,6,level,0.5,208,6.5757,0,22,34,683.402641
10yr_0360m_h685,10,0360,1,level,1.0,208,5.5354,0,48,34,105.562155
10yr_0360m_h685,10,0360,2,level,1.0,208,5.3245,0,62,29,214.706051
10yr_0360m_h685,10,0360,3,level,1.0,208,5.6217,0,36,31,326.875768
10yr_0360m_h685,10,0360,5,level,1.0,208,6.3911,0,27,33,564.087564
10yr_0360m_h685,10,0360,6,level,1.0,208,6.5913,0,30,34,689.295705
10yr_0360m_h696,10,0360,1,near_overflow,2.0,208,6.287,0,21,49,108.580445
10yr_0360m_h696,10,0360,2,near_overflow,2.0,208,5.4558,0,36,32,218.099813
10yr_0360m_h696,10,0360,3,near_overflow,2.0,208,5.6125,0,36,31,326.944686
10yr_0360m_h696,10,0360,5,near_overflow,2.0,208,6.4372,0,20,33,566.993958
10yr_0360m_h696,10,0360,6,near_overflow,2.0,208,6.6315,0,20,34,680.213272
10yr_0360m_h685,10,0360,1,level,2.0,208,5.0511,0,94,27,103.177664
10yr_0360m_h685,10,0360,2,level,2.0,208,5.5,0,59,29,212.78403
10yr_0360m_h685,10,0360,3,level,2.0,208,5.6217,0,47,31,326.927638
10yr_0360m_h685,10,0360,5,level,2.0,208,6.3911,0,37,33,564.008055
10yr_0360m_h685,10,0360,6,level,2.0,208,6.5913,0,34,34,689.543615
10yr_0360m_h685,10,0360,1,near_overflow,0.5,208,6.2993,0,22,49,108.815361
10yr_0360m_h685,10,0360,2,near_overflow,0.5,208,5.4966,0,34,32,218.085357
10yr_0360m_h685,10,0360,3,near_overflow,0.5,208,5.6217,0,36,31,327.021776
10yr_0360m_h685,10,0360,5,near_overflow,0.5,208,6.3911,0,23,33,562.33857
10yr_0360m_h685,10,0360,6,near_overflow,0.5,208,6.5757,0,20,34,682.322612
10yr_0360m_h685,10,0360,1,near_overflow,1.0,208,6.2993,0,22,49,108.815361
10yr_0360m_h685,10,0360,2,near_overflow,1.0,208,5.4966,0,34,32,218.085357
10yr_0360m_h685,10,0360,3,near_overflow,1.0,208,5.6217,0,36,31,327.021776
10yr_0360m_h685,10,0360,5,near_overflow,1.0,208,6.3911,0,23,33,562.33857
10yr_0360m_h685,10,0360,6,near_overflow,1.0,208,6.5757,0,20,34,682.322612
10yr_0360m_h685,10,0360,1,near_overflow,2.0,208,6.2993,0,22,49,108.815361
10yr_0360m_h685,10,0360,2,near_overflow,2.0,208,5.4966,0,34,32,218.085357
10yr_0360m_h685,10,0360,3,near_overflow,2.0,208,5.6217,0,36,31,327.021776
10yr_0360m_h685,10,0360,5,near_overflow,2.0,208,6.3911,0,23,33,562.33857
10yr_0360m_h685,10,0360,6,near_overflow,2.0,208,6.5757,0,20,34,682.322612
10yr_0360m_h685,10,0360,1,near_overflow,5.0,208,6.2993,0,22,49,108.815361
10yr_0360m_h685,10,0360,2,near_overflow,5.0,208,5.4966,0,34,32,218.085357
10yr_0360m_h685,10,0360,3,near_overflow,5.0,208,5.6217,0,36,31,327.021776
10yr_0360m_h685,10,0360,5,near_overflow,5.0,208,6.3911,0,23,33,562.33857
10yr_0360m_h685,10,0360,6,near_overflow,5.0,208,6.5757,0,20,34,682.322612
10yr_0360m_h685,10,0360,1,level,5.0,208,4.9713,0,48,27,98.330398
10yr_0360m_h685,10,0360,2,level,5.0,208,5.2477,0,72,29,209.885269
10yr_0360m_h685,10,0360,3,level,5.0,208,5.6217,0,56,30,324.634648
10yr_0360m_h685,10,0360,5,level,5.0,208,6.3292,0,46,33,561.634211
10yr_0360m_h685,10,0360,6,level,5.0,208,6.5442,0,51,34,683.160529
10yr_0360m_h668,10,0360,1,level,0.5,208,5.719,0,35,31,106.388788
10yr_0360m_h668,10,0360,2,level,0.5,208,5.3908,0,56,25,215.246716
10yr_0360m_h668,10,0360,3,level,0.5,208,5.6166,0,32,27,327.39139
10yr_0360m_h668,10,0360,5,level,0.5,208,6.0961,0,18,28,565.718315
10yr_0360m_h668,10,0360,6,level,0.5,208,6.6672,0,22,28,687.99498
10yr_0360m_h668,10,0360,1,level,1.0,208,5.474,0,44,29,106.020476
10yr_0360m_h668,10,0360,2,level,1.0,208,5.3908,0,56,25,215.246716
10yr_0360m_h668,10,0360,3,level,1.0,208,5.7232,0,40,27,326.351098
10yr_0360m_h668,10,0360,5,level,1.0,208,6.0961,0,20,28,565.664873
10yr_0360m_h668,10,0360,6,level,1.0,208,6.6672,0,23,28,690.336916
10yr_0360m_h668,10,0360,1,level,2.0,208,5.0621,0,80,24,104.479443
10yr_0360m_h668,10,0360,2,level,2.0,208,5.3913,0,54,25,213.575428
10yr_0360m_h668,10,0360,3,level,2.0,208,5.7232,0,46,27,326.144914
10yr_0360m_h668,10,0360,5,level,2.0,208,5.954,0,28,28,561.152193
10yr_0360m_h668,10,0360,6,level,2.0,208,6.0961,0,24,28,682.723015
10yr_0360m_h668,10,0360,1,near_overflow,0.5,208,6.3153,0,22,38,109.067209
10yr_0360m_h668,10,0360,2,near_overflow,0.5,208,5.445,0,23,28,218.723598
10yr_0360m_h668,10,0360,3,near_overflow,0.5,208,5.7042,0,34,27,327.854485
10yr_0360m_h668,10,0360,5,near_overflow,0.5,208,6.0961,0,18,28,564.413263
10yr_0360m_h668,10,0360,6,near_overflow,0.5,208,6.6672,0,18,28,687.193278
10yr_0360m_h668,10,0360,1,level,5.0,208,4.9684,0,34,24,99.411866
10yr_0360m_h668,10,0360,2,level,5.0,208,5.2435,0,66,25,210.23229
10yr_0360m_h668,10,0360,3,level,5.0,208,5.6217,0,49,26,325.594772
10yr_0360m_h668,10,0360,5,level,5.0,208,6.1672,0,45,28,562.863254
10yr_0360m_h668,10,0360,6,level,5.0,208,6.6513,0,38,28,700.154593
10yr_0360m_h668,10,0360,1,near_overflow,1.0,208,6.3153,0,22,38,109.067209
10yr_0360m_h668,10,0360,2,near_overflow,1.0,208,5.445,0,23,28,218.723598
10yr_0360m_h668,10,0360,3,near_overflow,1.0,208,5.7042,0,34,27,327.854485
10yr_0360m_h668,10,0360,5,near_overflow,1.0,208,6.0961,0,18,28,564.413263
10yr_0360m_h668,10,0360,6,near_overflow,1.0,208,6.6672,0,18,28,687.193278
10yr_0360m_h668,10,0360,1,near_overflow,2.0,208,6.3153,0,22,38,109.067209
10yr_0360m_h668,10,0360,2,near_overflow,2.0,208,5.445,0,23,28,218.723598
10yr_0360m_h668,10,0360,3,near_overflow,2.0,208,5.7042,0,34,27,327.854485
10yr_0360m_h668,10,0360,5,near_overflow,2.0,208,6.0961,0,18,28,564.413263
10yr_0360m_h668,10,0360,6,near_overflow,2.0,208,6.6672,0,18,28,687.193278
10yr_0360m_h668,10,0360,1,near_overflow,5.0,208,6.3153,0,22,38,109.067209
10yr_0360m_h668,10,0360,2,near_overflow,5.0,208,5.445,0,23,28,218.723598
10yr_0360m_h668,10,0360,3,near_overflow,5.0,208,5.7042,0,34,27,327.854485
10yr_0360m_h668,10,0360,5,near_overflow,5.0,208,6.0961,0,18,28,564.413263
10yr_0360m_h668,10,0360,6,near_overflow,5.0,208,6.6672,0,18,28,687.193278
10yr_0360m_h658,10,0360,1,level,0.5,208,5.7226,0,38,31,106.15588
10yr_0360m_h658,10,0360,2,level,0.5,208,5.4364,0,52,26,216.110607
10yr_0360m_h658,10,0360,3,level,0.5,208,5.4364,0,32,27,326.746827
10yr_0360m_h658,10,0360,5,level,0.5,208,6.0379,0,30,28,559.774792
10yr_0360m_h658,10,0360,6,level,0.5,208,6.6928,0,20,28,688.233312
10yr_0360m_h658,10,0360,1,level,2.0,208,5.0625,0,82,24,104.433352
10yr_0360m_h658,10,0360,2,level,2.0,208,5.4007,0,56,26,212.94911
10yr_0360m_h658,10,0360,3,level,2.0,208,5.6564,0,38,27,327.067632
10yr_0360m_h658,10,0360,5,level,2.0,208,6.0379,0,32,28,561.532124
10yr_0360m_h658,10,0360,6,level,2.0,208,6.3898,0,28,28,688.021482
10yr_0360m_h658,10,0360,1,level,5.0,208,4.9692,0,32,24,99.57236
10yr_0360m_h658,10,0360,2,level,5.0,208,5.2625,0,68,25,210.322962
10yr_0360m_h658,10,0360,3,level,5.0,208,5.8344,0,62,26,325.778214
10yr_0360m_h658,10,0360,5,level,5.0,208,6.18,0,42,28,562.118585
10yr_0360m_h658,10,0360,6,level,5.0,208,6.245,0,42,28,677.971412
10yr_0360m_h658,10,0360,1,near_overflow,0.5,208,6.3032,0,19,38,109.057664
10yr_0360m_h658,10,0360,2,near_overflow,0.5,208,5.5286,0,23,28,218.845014
10yr_0360m_h658,10,0360,3,near_overflow,0.5,208,5.6564,0,30,27,328.268768
10yr_0360m_h658,10,0360,5,near_overflow,0.5,208,6.0379,0,24,28,560.758828
10yr_0360m_h658,10,0360,6,near_overflow,0.5,208,6.6928,0,26,28,684.248717
10yr_0360m_h658,10,0360,1,level,1.0,208,5.512,0,42,29,106.099954
10yr_0360m_h658,10,0360,2,level,1.0,208,5.4364,0,52,26,216.110607
10yr_0360m_h658,10,0360,3,level,1.0,208,5.6564,0,34,27,328.011951
10yr_0360m_h658,10,0360,5,level,1.0,208,6.0379,0,28,28,561.68909
10yr_0360m_h658,10,0360,6,level,1.0,208,6.6928,0,28,28,688.055984
10yr_0360m_h658,10,0360,1,near_overflow,1.0,208,6.3032,0,19,38,109.057664
10yr_0360m_h658,10,0360,2,near_overflow,1.0,208,5.5286,0,23,28,218.845014
10yr_0360m_h658,10,0360,3,near_overflow,1.0,208,5.6564,0,30,27,328.268768
10yr_0360m_h658,10,0360,5,near_overflow,1.0,208,6.0379,0,24,28,560.758828
10yr_0360m_h658,10,0360,6,near_overflow,1.0,208,6.6928,0,26,28,684.248717
10yr_0360m_h658,10,0360,1,near_overflow,5.0,208,6.3032,0,19,38,109.057664
10yr_0360m_h658,10,0360,2,near_overflow,5.0,208,5.5286,0,23,28,218.845014
10yr_0360m_h658,10,0360,3,near_overflow,5.0,208,5.6564,0,30,27,328.268768
10yr_0360m_h658,10,0360,5,near_overflow,5.0,208,6.0379,0,24,28,560.758828
10yr_0360m_h658,10,0360,6,near_overflow,5.0,208,6.6928,0,26,28,684.248717
10yr_0360m_h658,10,0360,1,near_overflow,2.0,208,6.3032,0,19,38,109.057664
10yr_0360m_h658,10,0360,2,near_overflow,2.0,208,5.5286,0,23,28,218.845014
10yr_0360m_h658,10,0360,3,near_overflow,2.0,208,5.6564,0,30,27,328.268768
10yr_0360m_h658,10,0360,5,near_overflow,2.0,208,6.0379,0,24,28,560.758828
10yr_0360m_h658,10,0360,6,near_overflow,2.0,208,6.6928,0,26,28,684.248717
10yr_0540m_h800,10,0540,1,level,0.5,298,5.8011,0,51,41,150.062663
10yr_0540m_h800,10,0540,2,level,0.5,298,5.1047,0,85,34,304.483806
10yr_0540m_h800,10,0540,3,level,0.5,298,5.2847,0,60,35,459.828917
10yr_0540m_h800,10,0540,5,level,0.5,298,5.9705,0,38,38,782.530649
10yr_0540m_h800,10,0540,6,level,0.5,298,6.7857,0,40,38,973.127228
10yr_0540m_h800,10,0540,1,level,1.0,298,5.4789,0,70,38,148.581974
10yr_0540m_h800,10,0540,2,level,1.0,298,5.1047,0,85,34,304.483806
10yr_0540m_h800,10,0540,3,level,1.0,298,5.2847,0,64,35,459.964381
10yr_0540m_h800,10,0540,5,level,1.0,298,5.9705,0,44,38,784.395361
10yr_0540m_h800,10,0540,6,level,1.0,298,6.39,0,48,38,960.523261
10yr_0540m_h800,10,0540,1,level,2.0,298,4.9193,0,162,31,145.968158
10yr_0540m_h800,10,0540,2,level,2.0,298,5.1047,0,85,34,300.747106
10yr_0540m_h800,10,0540,3,level,2.0,298,5.3151,0,79,35,459.048134
10yr_0540m_h800,10,0540,5,level,2.0,298,5.9846,0,67,38,785.319588
10yr_0540m_h800,10,0540,6,level,2.0,298,6.39,0,60,38,955.140008
10yr_0540m_h800,10,0540,1,level,5.0,298,4.9193,0,72,31,138.313267
10yr_0540m_h800,10,0540,2,level,5.0,298,5.0951,0,110,33,296.289685
10yr_0540m_h800,10,0540,3,level,5.0,298,5.2631,0,98,35,454.704494
10yr_0540m_h800,10,0540,5,level,5.0,298,5.9846,0,84,37,782.147024
10yr_0540m_h800,10,0540,6,level,5.0,298,6.39,0,80,38,961.264434
10yr_0540m_h800,10,0540,1,near_overflow,1.0,298,6.2874,0,29,50,153.809932
10yr_0540m_h800,10,0540,2,near_overflow,1.0,298,5.4326,0,38,36,310.042321
10yr_0540m_h800,10,0540,3,near_overflow,1.0,298,5.2847,0,60,35,460.171377
10yr_0540m_h800,10,0540,5,near_overflow,1.0,298,6.0054,0,31,38,785.092028
10yr_0540m_h800,10,0540,6,near_overflow,1.0,298,6.6476,0,38,38,963.231507
10yr_0540m_h800,10,0540,1,near_overflow,0.5,298,6.2874,0,29,50,153.809932
10yr_0540m_h800,10,0540,2,near_overflow,0.5,298,5.4326,0,38,36,310.042321
10yr_0540m_h800,10,0540,3,near_overflow,0.5,298,5.2847,0,60,35,460.171377
10yr_0540m_h800,10,0540,5,near_overflow,0.5,298,6.0054,0,31,38,785.092028
10yr_0540m_h800,10,0540,6,near_overflow,0.5,298,6.6476,0,38,38,963.231507
10yr_0540m_h800,10,0540,1,near_overflow,5.0,298,6.2874,0,29,50,153.809932
10yr_0540m_h800,10,0540,2,near_overflow,5.0,298,5.4326,0,38,36,310.042321
10yr_0540m_h800,10,0540,3,near_overflow,5.0,298,5.2847,0,60,35,460.171377
10yr_0540m_h800,10,0540,5,near_overflow,5.0,298,6.0054,0,31,38,785.092028
10yr_0540m_h800,10,0540,6,near_overflow,5.0,298,6.6476,0,38,38,963.231507
10yr_0540m_h860,10,0540,1,level,0.5,298,5.8161,0,57,54,149.670932
10yr_0540m_h860,10,0540,2,level,0.5,298,5.0769,0,86,43,304.466968
10yr_0540m_h860,10,0540,3,level,0.5,298,5.2597,0,65,47,459.053176
10yr_0540m_h860,10,0540,5,level,0.5,298,6.2475,0,51,52,792.001657
10yr_0540m_h860,10,0540,6,level,0.5,298,6.4548,0,46,53,960.401749
10yr_0540m_h800,10,0540,1,near_overflow,2.0,298,6.2874,0,29,50,153.809932
10yr_0540m_h800,10,0540,2,near_overflow,2.0,298,5.4326,0,38,36,310.042321
10yr_0540m_h800,10,0540,3,near_overflow,2.0,298,5.2847,0,60,35,460.171377
10yr_0540m_h800,10,0540,5,near_overflow,2.0,298,6.0054,0,31,38,785.092028
10yr_0540m_h800,10,0540,6,near_overflow,2.0,298,6.6476,0,38,38,963.231507
10yr_0540m_h860,10,0540,1,level,1.0,298,5.5228,0,71,49,149.155272
10yr_0540m_h860,10,0540,2,level,1.0,298,5.0769,0,86,43,304.466968
10yr_0540m_h860,10,0540,3,level,1.0,298,5.2597,0,67,47,459.958854
10yr_0540m_h860,10,0540,5,level,1.0,298,6.2475,0,53,52,793.780239
10yr_0540m_h860,10,0540,6,level,1.0,298,6.4548,0,55,53,962.598255
10yr_0540m_h860,10,0540,1,level,2.0,298,4.9157,0,122,38,146.830602
10yr_0540m_h860,10,0540,2,level,2.0,298,5.2053,0,88,43,301.828815
10yr_0540m_h860,10,0540,3,level,2.0,298,5.2597,0,80,47,459.739395
10yr_0540m_h860,10,0540,5,level,2.0,298,6.119,0,69,52,791.721601
10yr_0540m_h860,10,0540,6,level,2.0,298,6.2475,0,61,53,956.73313
10yr_0540m_h860,10,0540,1,level,5.0,298,4.9181,0,48,38,137.985217
10yr_0540m_h860,10,0540,2,level,5.0,298,5.2137,0,97,42,298.661448
10yr_0540m_h860,10,0540,3,level,5.0,298,5.2101,0,86,46,457.377131
10yr_0540m_h860,10,0540,5,level,5.0,298,6.119,0,74,51,790.208501
10yr_0540m_h860,10,0540,6,level,5.0,298,6.2853,0,69,53,953.997502
10yr_0540m_h860,10,0540,1,near_overflow,0.5,298,6.3141,0,32,71,153.488298
10yr_0540m_h860,10,0540,2,near_overflow,0.5,298,5.491,0,37,47,310.753295
10yr_0540m_h860,10,0540,3,near_overflow,0.5,298,5.2742,0,62,47,460.767561
10yr_0540m_h860,10,0540,5,near_overflow,0.5,298,6.2475,0,39,52,791.811473
10yr_0540m_h860,10,0540,6,near_overflow,0.5,298,6.6807,0,34,53,969.734484
10yr_0540m_h860,10,0540,1,near_overflow,1.0,298,6.3141,0,32,71,153.488298
10yr_0540m_h860,10,0540,2,near_overflow,1.0,298,5.491,0,37,47,310.753295
10yr_0540m_h860,10,0540,3,near_overflow,1.0,298,5.2742,0,62,47,460.767561
10yr_0540m_h860,10,0540,5,near_overflow,1.0,298,6.2475,0,39,52,791.811473
10yr_0540m_h860,10,0540,6,near_overflow,1.0,298,6.6807,0,34,53,969.734484
10yr_0540m_h860,10,0540,1,near_overflow,2.0,298,6.3141,0,32,71,153.488298
10yr_0540m_h860,10,0540,2,near_overflow,2.0,298,5.491,0,37,47,310.753295
10yr_0540m_h860,10,0540,3,near_overflow,2.0,298,5.2742,0,62,47,460.767561
10yr_0540m_h860,10,0540,5,near_overflow,2.0,298,6.2475,0,39,52,791.811473
10yr_0540m_h860,10,0540,6,near_overflow,2.0,298,6.6807,0,34,53,969.734484
10yr_0540m_h774,10,0540,1,level,0.5,298,5.8611,0,55,21,149.248358
10yr_0540m_h774,10,0540,2,level,0.5,298,5.1089,0,94,15,303.178543
10yr_0540m_h774,10,0540,3,level,0.5,298,5.3204,0,64,16,459.030292
10yr_0540m_h774,10,0540,5,level,0.5,298,5.5911,0,46,17,778.738579
10yr_0540m_h774,10,0540,6,level,0.5,298,6.2492,0,46,17,947.370629
10yr_0540m_h774,10,0540,1,level,1.0,298,5.5092,0,67,18,149.025472
10yr_0540m_h774,10,0540,2,level,1.0,298,5.1089,0,94,15,303.178543
10yr_0540m_h774,10,0540,3,level,1.0,298,5.3204,0,64,16,459.030292
10yr_0540m_h774,10,0540,5,level,1.0,298,5.5911,0,50,17,781.257505
10yr_0540m_h774,10,0540,6,level,1.0,298,6.1256,0,64,17,945.82234
10yr_0540m_h860,10,0540,1,near_overflow,5.0,298,6.3141,0,32,71,153.488298
10yr_0540m_h860,10,0540,2,near_overflow,5.0,298,5.491,0,37,47,310.753295
10yr_0540m_h860,10,0540,3,near_overflow,5.0,298,5.2742,0,62,47,460.767561
10yr_0540m_h860,10,0540,5,near_overflow,5.0,298,6.2475,0,39,52,791.811473
10yr_0540m_h860,10,0540,6,near_overflow,5.0,298,6.6807,0,34,53,969.734484
10yr_0540m_h774,10,0540,1,level,5.0,298,4.92,0,74,14,138.280927
10yr_0540m_h774,10,0540,2,level,5.0,298,5.0606,0,118,15,295.153181
10yr_0540m_h774,10,0540,3,level,5.0,298,5.2661,0,98,16,453.655825
10yr_0540m_h774,10,0540,5,level,5.0,298,5.6572,0,88,17,778.479593
10yr_0540m_h774,10,0540,6,level,5.0,298,5.8081,0,92,17,940.143868
10yr_0540m_h774,10,0540,1,near_overflow,1.0,298,6.3333,0,29,26,153.713342
10yr_0540m_h774,10,0540,2,near_overflow,1.0,298,5.4776,0,44,17,308.829019
10yr_0540m_h774,10,0540,3,near_overflow,1.0,298,5.3204,0,64,16,459.430493
10yr_0540m_h774,10,0540,5,near_overflow,1.0,298,6.0657,0,34,17,781.455921
10yr_0540m_h774,10,0540,6,near_overflow,1.0,298,6.2492,0,36,17,945.226719
10yr_0540m_h774,10,0540,1,near_overflow,0.5,298,6.3333,0,29,26,153.713342
10yr_0540m_h774,10,0540,2,near_overflow,0.5,298,5.4776,0,44,17,308.829019
10yr_0540m_h774,10,0540,3,near_overflow,0.5,298,5.3204,0,64,16,459.430493
10yr_0540m_h774,10,0540,5,near_overflow,0.5,298,6.0657,0,34,17,781.455921
10yr_0540m_h774,10,0540,6,near_overflow,0.5,298,6.2492,0,36,17,945.226719
10yr_0540m_h774,10,0540,1,near_overflow,2.0,298,6.3333,0,29,26,153.713342
10yr_0540m_h774,10,0540,2,near_overflow,2.0,298,5.4776,0,44,17,308.829019
10yr_0540m_h774,10,0540,3,near_overflow,2.0,298,5.3204,0,64,16,459.430493
10yr_0540m_h774,10,0540,5,near_overflow,2.0,298,6.0657,0,34,17,781.455921
10yr_0540m_h774,10,0540,6,near_overflow,2.0,298,6.2492,0,36,17,945.226719
10yr_0540m_h774,10,0540,1,near_overflow,5.0,298,6.3333,0,29,26,153.713342
10yr_0540m_h774,10,0540,2,near_overflow,5.0,298,5.4776,0,44,17,308.829019
10yr_0540m_h774,10,0540,3,near_overflow,5.0,298,5.3204,0,64,16,459.430493
10yr_0540m_h774,10,0540,5,near_overflow,5.0,298,6.0657,0,34,17,781.455921
10yr_0540m_h774,10,0540,6,near_overflow,5.0,298,6.2492,0,36,17,945.226719
10yr_0540m_h774,10,0540,1,level,2.0,298,4.919,0,150,14,145.602493
10yr_0540m_h774,10,0540,2,level,2.0,298,5.1089,0,94,15,299.755358
10yr_0540m_h774,10,0540,3,level,2.0,298,5.3204,0,75,16,458.247223
10yr_0540m_h774,10,0540,5,level,2.0,298,5.6438,0,74,17,778.652429
10yr_0540m_h774,10,0540,6,level,2.0,298,5.77,0,80,17,942.37637
10yr_0540m_h824,10,0540,1,level,0.5,298,5.8272,0,55,46,150.352902
10yr_0540m_h824,10,0540,2,level,0.5,298,5.0755,0,96,38,303.406326
10yr_0540m_h824,10,0540,3,level,0.5,298,5.2637,0,65,40,459.227056
10yr_0540m_h824,10,0540,5,level,0.5,298,5.6394,0,56,43,777.906889
10yr_0540m_h824,10,0540,6,level,0.5,298,6.5783,0,39,45,962.284725
10yr_0540m_h824,10,0540,1,level,1.0,298,5.4947,0,68,43,149.066102
10yr_0540m_h824,10,0540,2,level,1.0,298,5.0755,0,96,38,303.406326
10yr_0540m_h824,10,0540,3,level,1.0,298,5.2637,0,71,40,459.537593
10yr_0540m_h824,10,0540,5,level,1.0,298,5.6957,0,60,43,780.194954
10yr_0540m_h824,10,0540,6,level,1.0,298,6.3368,0,42,45,960.31801
10yr_0540m_h824,10,0540,1,level,2.0,298,4.9182,0,150,35,146.149952
10yr_0540m_h824,10,0540,2,level,2.0,298,5.0755,0,96,38,300.113033
10yr_0540m_h824,10,0540,3,level,2.0,298,5.2637,0,85,40,458.671099
10yr_0540m_h824,10,0540,5,level,2.0,298,5.9819,0,58,43,788.20535
10yr_0540m_h824,10,0540,6,level,2.0,298,6.1257,0,60,45,955.502438
10yr_0540m_h824,10,0540,1,near_overflow,1.0,298,6.2963,0,33,62,154.337703
10yr_0540m_h824,10,0540,2,near_overflow,1.0,298,5.5193,0,42,41,309.696505
10yr_0540m_h824,10,0540,3,near_overflow,1.0,298,5.2637,0,63,40,459.853716
10yr_0540m_h824,10,0540,5,near_overflow,1.0,298,6.0324,0,32,43,785.747077
10yr_0540m_h824,10,0540,6,near_overflow,1.0,298,6.5593,0,37,45,956.227578
10yr_0540m_h824,10,0540,1,near_overflow,2.0,298,6.2963,0,33,62,154.337703
10yr_0540m_h824,10,0540,2,near_overflow,2.0,298,5.5193,0,42,41,309.696505
10yr_0540m_h824,10,0540,3,near_overflow,2.0,298,5.2637,0,63,40,459.853716
10yr_0540m_h824,10,0540,5,near_overflow,2.0,298,6.0324,0,32,43,785.747077
10yr_0540m_h824,10,0540,6,near_overflow,2.0,298,6.5593,0,37,45,956.227578
10yr_0540m_h824,10,0540,1,near_overflow,5.0,298,6.2963,0,33,62,154.337703
10yr_0540m_h824,10,0540,2,near_overflow,5.0,298,5.5193,0,42,41,309.696505
10yr_0540m_h824,10,0540,3,near_overflow,5.0,298,5.2637,0,63,40,459.853716
10yr_0540m_h824,10,0540,5,near_overflow,5.0,298,6.0324,0,32,43,785.747077
10yr_0540m_h824,10,0540,6,near_overflow,5.0,298,6.5593,0,37,45,956.227578
10yr_0540m_h830,10,0540,1,level,0.5,298,5.8136,0,59,47,149.675332
10yr_0540m_h830,10,0540,2,level,0.5,298,5.0902,0,98,38,303.181932
10yr_0540m_h830,10,0540,3,level,0.5,298,5.2305,0,62,40,459.206185
10yr_0540m_h830,10,0540,5,level,0.5,298,5.971,0,52,44,779.793826
10yr_0540m_h830,10,0540,6,level,0.5,298,6.398,0,34,45,955.740925
10yr_0540m_h824,10,0540,1,level,5.0,298,4.9182,0,74,35,138.551216
10yr_0540m_h824,10,0540,2,level,5.0,298,5.0437,0,124,37,295.22306
10yr_0540m_h824,10,0540,3,level,5.0,298,5.2557,0,100,40,455.770791
10yr_0540m_h824,10,0540,5,level,5.0,298,6.1514,0,68,43,791.063372
10yr_0540m_h824,10,0540,6,level,5.0,298,6.1257,0,83,44,955.860839
10yr_0540m_h824,10,0540,1,near_overflow,0.5,298,6.2963,0,33,62,154.337703
10yr_0540m_h824,10,0540,2,near_overflow,0.5,298,5.5193,0,42,41,309.696505
10yr_0540m_h824,10,0540,3,near_overflow,0.5,298,5.2637,0,63,40,459.853716
10yr_0540m_h824,10,0540,5,near_overflow,0.5,298,6.0324,0,32,43,785.747077
10yr_0540m_h824,10,0540,6,near_overflow,0.5,298,6.5593,0,37,45,956.227578
10yr_0540m_h830,10,0540,1,level,2.0,298,4.9169,0,148,35,145.821097
10yr_0540m_h830,10,0540,2,level,2.0,298,5.0902,0,98,38,299.759614
10yr_0540m_h830,10,0540,3,level,2.0,298,5.2305,0,90,40,457.617634
10yr_0540m_h830,10,0540,5,level,2.0,298,5.971,0,60,44,789.250855
10yr_0540m_h830,10,0540,6,level,2.0,298,6.2204,0,65,45,955.408427
10yr_0540m_h830,10,0540,1,level,1.0,298,5.5128,0,77,43,148.569396
10yr_0540m_h830,10,0540,2,level,1.0,298,5.0902,0,98,38,303.181932
10yr_0540m_h830,10,0540,3,level,1.0,298,5.2305,0,68,40,459.315545
10yr_0540m_h830,10,0540,5,level,1.0,298,5.971,0,54,44,782.087702
10yr_0540m_h830,10,0540,6,level,1.0,298,6.2989,0,51,45,957.579732
10yr_0540m_h830,10,0540,1,level,5.0,298,4.9183,0,76,35,138.385824
10yr_0540m_h830,10,0540,2,level,5.0,298,5.0729,0,112,38,296.18076
10yr_0540m_h830,10,0540,3,level,5.0,298,5.6403,0,102,40,454.791164
10yr_0540m_h830,10,0540,5,level,5.0,298,5.971,0,76,43,785.418214
10yr_0540m_h830,10,0540,6,level,5.0,298,6.0107,0,87,45,949.558436
10yr_0540m_h830,10,0540,1,near_overflow,0.5,298,6.2872,0,30,62,154.034947
10yr_0540m_h830,10,0540,2,near_overflow,0.5,298,5.4977,0,40,41,309.538982
10yr_0540m_h830,10,0540,3,near_overflow,0.5,298,5.2305,0,62,40,459.57009
10yr_0540m_h830,10,0540,5,near_overflow,0.5,298,6.1228,0,32,44,787.552512
10yr_0540m_h830,10,0540,6,near_overflow,0.5,298,6.7454,0,31,45,970.123292
10yr_0540m_h830,10,0540,1,near_overflow,1.0,298,6.2872,0,30,62,154.034947
10yr_0540m_h830,10,0540,2,near_overflow,1.0,298,5.4977,0,40,41,309.538982
10yr_0540m_h830,10,0540,3,near_overflow,1.0,298,5.2305,0,62,40,459.57009
10yr_0540m_h830,10,0540,5,near_overflow,1.0,298,6.1228,0,32,44,787.552512
10yr_0540m_h830,10,0540,6,near_overflow,1.0,298,6.7454,0,31,45,970.123292
10yr_0540m_h830,10,0540,1,near_overflow,2.0,298,6.2872,0,30,62,154.034947
10yr_0540m_h830,10,0540,2,near_overflow,2.0,298,5.4977,0,40,41,309.538982
10yr_0540m_h830,10,0540,3,near_overflow,2.0,298,5.2305,0,62,40,459.57009
10yr_0540m_h830,10,0540,5,near_overflow,2.0,298,6.1228,0,32,44,787.552512
10yr_0540m_h830,10,0540,6,near_overflow,2.0,298,6.7454,0,31,45,970.123292
10yr_0540m_h830,10,0540,1,near_overflow,5.0,298,6.2872,0,30,62,154.034947
10yr_0540m_h830,10,0540,2,near_overflow,5.0,298,5.4977,0,40,41,309.538982
10yr_0540m_h830,10,0540,3,near_overflow,5.0,298,5.2305,0,62,40,459.57009
10yr_0540m_h830,10,0540,5,near_overflow,5.0,298,6.1228,0,32,44,787.552512
10yr_0540m_h830,10,0540,6,near_overflow,5.0,298,6.7454,0,31,45,970.123292
10yr_0720m_h912,10,0720,1,level,0.5,388,5.8078,0,55,50,194.556653
10yr_0720m_h912,10,0720,2,level,0.5,388,5.1134,0,110,41,393.232344
10yr_0720m_h912,10,0720,3,level,0.5,388,5.3187,0,71,43,595.137406
10yr_0720m_h912,10,0720,5,level,0.5,388,5.7258,0,53,47,1004.336578
10yr_0720m_h912,10,0720,6,level,0.5,388,6.4487,0,51,48,1229.525147
10yr_0720m_h912,10,0720,1,level,5.0,388,4.9198,0,94,38,180.859694
10yr_0720m_h912,10,0720,2,level,5.0,388,5.062,0,132,40,383.907824
10yr_0720m_h912,10,0720,3,level,5.0,388,5.8715,0,116,43,589.490421
10yr_0720m_h912,10,0720,5,level,5.0,388,6.0137,0,109,46,1013.038278
10yr_0720m_h912,10,0720,6,level,5.0,388,6.4487,0,88,48,1229.518114
10yr_0720m_h912,10,0720,1,near_overflow,0.5,388,6.2803,0,35,62,199.12718
10yr_0720m_h912,10,0720,2,near_overflow,0.5,388,5.4515,0,52,44,399.548749
10yr_0720m_h912,10,0720,3,near_overflow,0.5,388,5.3187,0,71,43,595.617693
10yr_0720m_h912,10,0720,5,near_overflow,0.5,388,5.5849,0,48,47,1002.334198
10yr_0720m_h912,10,0720,6,near_overflow,0.5,388,6.3471,0,39,48,1227.365441
10yr_0720m_h912,10,0720,1,near_overflow,1.0,388,6.2803,0,35,62,199.12718
10yr_0720m_h912,10,0720,2,near_overflow,1.0,388,5.4515,0,52,44,399.548749
10yr_0720m_h912,10,0720,3,near_overflow,1.0,388,5.3187,0,71,43,595.617693
10yr_0720m_h912,10,0720,5,near_overflow,1.0,388,5.5849,0,48,47,1002.334198
10yr_0720m_h912,10,0720,6,near_overflow,1.0,388,6.3471,0,39,48,1227.365441
10yr_0720m_h912,10,0720,1,near_overflow,2.0,388,6.2803,0,35,62,199.12718
10yr_0720m_h912,10,0720,2,near_overflow,2.0,388,5.4515,0,52,44,399.548749
10yr_0720m_h912,10,0720,3,near_overflow,2.0,388,5.3187,0,71,43,595.617693
10yr_0720m_h912,10,0720,5,near_overflow,2.0,388,5.5849,0,48,47,1002.334198
10yr_0720m_h912,10,0720,6,near_overflow,2.0,388,6.3471,0,39,48,1227.365441
10yr_0720m_h912,10,0720,1,level,1.0,388,5.5141,0,87,46,192.159668
10yr_0720m_h912,10,0720,2,level,1.0,388,5.1134,0,110,41,393.232344
10yr_0720m_h912,10,0720,3,level,1.0,388,5.3187,0,71,43,595.137406
10yr_0720m_h912,10,0720,5,level,1.0,388,5.7258,0,63,47,1006.331499
10yr_0720m_h912,10,0720,6,level,1.0,388,6.4487,0,64,48,1231.651106
10yr_0720m_h912,10,0720,1,level,2.0,388,4.9194,0,184,38,188.408721
10yr_0720m_h912,10,0720,2,level,2.0,388,5.1134,0,110,41,388.99341
10yr_0720m_h912,10,0720,3,level,2.0,388,5.3005,0,86,43,593.846956
10yr_0720m_h912,10,0720,5,level,2.0,388,6.0137,0,81,47,1015.155186
10yr_0720m_h912,10,0720,6,level,2.0,388,6.4487,0,70,48,1235.294939
10yr_0720m_h912,10,0720,1,near_overflow,5.0,388,6.2803,0,35,62,199.12718
10yr_0720m_h912,10,0720,2,near_overflow,5.0,388,5.4515,0,52,44,399.548749
10yr_0720m_h912,10,0720,3,near_overflow,5.0,388,5.3187,0,71,43,595.617693
10yr_0720m_h912,10,0720,5,near_overflow,5.0,388,5.5849,0,48,47,1002.334198
10yr_0720m_h912,10,0720,6,near_overflow,5.0,388,6.3471,0,39,48,1227.365441
10yr_0720m_h922,10,0720,1,level,0.5,388,5.8058,0,60,50,194.006802
10yr_0720m_h922,10,0720,2,level,0.5,388,5.1218,0,110,41,392.746943
10yr_0720m_h922,10,0720,3,level,0.5,388,5.3154,0,72,43,594.004555
10yr_0720m_h922,10,0720,5,level,0.5,388,5.6322,0,50,47,1005.69567
10yr_0720m_h922,10,0720,6,level,0.5,388,6.7992,0,51,48,1235.618207
10yr_0720m_h922,10,0720,1,level,1.0,388,5.5036,0,79,46,192.387651
10yr_0720m_h922,10,0720,2,level,1.0,388,5.1218,0,110,41,392.746943
10yr_0720m_h922,10,0720,3,level,1.0,388,5.3154,0,72,43,594.004555
10yr_0720m_h922,10,0720,5,level,1.0,388,5.7207,0,62,47,1006.936247
10yr_0720m_h922,10,0720,6,level,1.0,388,6.7992,0,64,48,1238.145348
10yr_0720m_h922,10,0720,1,level,2.0,388,4.9192,0,182,38,189.278981
10yr_0720m_h922,10,0720,2,level,2.0,388,5.1218,0,110,41,388.516628
10yr_0720m_h922,10,0720,3,level,2.0,388,5.2963,0,92,43,592.673357
10yr_0720m_h922,10,0720,5,level,2.0,388,6.1257,0,84,47,1011.099627
10yr_0720m_h922,10,0720,6,level,2.0,388,6.7992,0,78,48,1238.628983
10yr_0720m_h922,10,0720,1,level,5.0,388,4.9192,0,94,38,181.371917
10yr_0720m_h922,10,0720,2,level,5.0,388,5.0763,0,136,40,383.482347
10yr_0720m_h922,10,0720,3,level,5.0,388,5.2807,0,108,43,588.261565
10yr_0720m_h922,10,0720,5,level,5.0,388,6.1257,0,108,46,1011.212958
10yr_0720m_h922,10,0720,6,level,5.0,388,6.7992,0,90,48,1243.237469
10yr_0720m_h922,10,0720,1,near_overflow,0.5,388,6.2967,0,34,62,199.299442
10yr_0720m_h922,10,0720,2,near_overflow,0.5,388,5.4451,0,52,44,399.582046
10yr_0720m_h922,10,0720,3,near_overflow,0.5,388,5.3154,0,72,43,594.459771
10yr_0720m_h922,10,0720,5,near_overflow,0.5,388,5.6322,0,48,47,1002.765349
10yr_0720m_h922,10,0720,6,near_overflow,0.5,388,6.8061,0,42,48,1236.138688
10yr_0720m_h922,10,0720,1,near_overflow,1.0,388,6.2967,0,34,62,199.299442
10yr_0720m_h922,10,0720,2,near_overflow,1.0,388,5.4451,0,52,44,399.582046
10yr_0720m_h922,10,0720,3,near_overflow,1.0,388,5.3154,0,72,43,594.459771
10yr_0720m_h922,10,0720,5,near_overflow,1.0,388,5.6322,0,48,47,1002.765349
10yr_0720m_h922,10,0720,6,near_overflow,1.0,388,6.8061,0,42,48,1236.138688
10yr_0720m_h922,10,0720,1,near_overflow,2.0,388,6.2967,0,34,62,199.299442
10yr_0720m_h922,10,0720,2,near_overflow,2.0,388,5.4451,0,52,44,399.582046
10yr_0720m_h922,10,0720,3,near_overflow,2.0,388,5.3154,0,72,43,594.459771
10yr_0720m_h922,10,0720,5,near_overflow,2.0,388,5.6322,0,48,47,1002.765349
10yr_0720m_h922,10,0720,6,near_overflow,2.0,388,6.8061,0,42,48,1236.138688
10yr_0720m_h942,10,0720,1,level,1.0,388,5.4967,0,73,53,193.985026
10yr_0720m_h942,10,0720,2,level,1.0,388,5.1101,0,105,47,393.621054
10yr_0720m_h942,10,0720,3,level,1.0,388,5.2871,0,70,50,595.207278
10yr_0720m_h942,10,0720,5,level,1.0,388,5.6605,0,60,54,1008.007264
10yr_0720m_h942,10,0720,6,level,1.0,388,6.4309,0,68,56,1227.215401
10yr_0720m_h922,10,0720,1,near_overflow,5.0,388,6.2967,0,34,62,199.299442
10yr_0720m_h922,10,0720,2,near_overflow,5.0,388,5.4451,0,52,44,399.582046
10yr_0720m_h922,10,0720,3,near_overflow,5.0,388,5.3154,0,72,43,594.459771
10yr_0720m_h922,10,0720,5,near_overflow,5.0,388,5.6322,0,48,47,1002.765349
10yr_0720m_h922,10,0720,6,near_overflow,5.0,388,6.8061,0,42,48,1236.138688
10yr_0720m_h942,10,0720,1,level,5.0,388,4.9197,0,100,43,182.932402
10yr_0720m_h942,10,0720,2,level,5.0,388,5.0798,0,130,46,384.301258
10yr_0720m_h942,10,0720,3,level,5.0,388,5.2871,0,114,49,588.842274
10yr_0720m_h942,10,0720,5,level,5.0,388,5.6605,0,100,53,1005.178591
10yr_0720m_h942,10,0720,6,level,5.0,388,6.4309,0,90,55,1227.885779
10yr_0720m_h942,10,0720,1,level,2.0,388,4.9197,0,176,43,189.84564
10yr_0720m_h942,10,0720,2,level,2.0,388,5.1101,0,105,47,389.174983
10yr_0720m_h942,10,0720,3,level,2.0,388,5.2871,0,84,50,593.514498
10yr_0720m_h942,10,0720,5,level,2.0,388,5.6605,0,82,54,1008.510574
10yr_0720m_h942,10,0720,6,level,2.0,388,6.4309,0,78,56,1228.090126
10yr_0720m_h942,10,0720,1,level,0.5,388,5.8074,0,64,57,193.877232
10yr_0720m_h942,10,0720,2,level,0.5,388,5.1101,0,105,47,393.621054
10yr_0720m_h942,10,0720,3,level,0.5,388,5.2871,0,70,50,595.207278
10yr_0720m_h942,10,0720,5,level,0.5,388,5.6605,0,46,54,1007.837595
10yr_0720m_h942,10,0720,6,level,0.5,388,6.4309,0,50,56,1225.902782
10yr_0720m_h942,10,0720,1,near_overflow,0.5,388,6.2816,0,25,75,200.535104
10yr_0720m_h942,10,0720,2,near_overflow,0.5,388,5.4712,0,52,50,399.596731
10yr_0720m_h942,10,0720,3,near_overflow,0.5,388,5.2871,0,70,50,595.684584
10yr_0720m_h942,10,0720,5,near_overflow,0.5,388,5.7837,0,50,54,1003.063004
10yr_0720m_h942,10,0720,6,near_overflow,0.5,388,6.7732,0,38,56,1229.559299
10yr_0720m_h942,10,0720,1,near_overflow,2.0,388,6.2816,0,25,75,200.535104
10yr_0720m_h942,10,0720,2,near_overflow,2.0,388,5.4712,0,52,50,399.596731
10yr_0720m_h942,10,0720,3,near_overflow,2.0,388,5.2871,0,70,50,595.684584
10yr_0720m_h942,10,0720,5,near_overflow,2.0,388,5.7837,0,50,54,1003.063004
10yr_0720m_h942,10,0720,6,near_overflow,2.0,388,6.7732,0,38,56,1229.559299
10yr_0720m_h923,10,0720,1,level,0.5,388,5.802,0,58,50,194.296084
10yr_0720m_h923,10,0720,2,level,0.5,388,5.1185,0,106,41,393.181941
10yr_0720m_h923,10,0720,3,level,0.5,388,5.2928,0,72,44,594.393206
10yr_0720m_h923,10,0720,5,level,0.5,388,5.6287,0,54,47,1000.853964
10yr_0720m_h923,10,0720,6,level,0.5,388,6.3632,0,48,48,1221.303547
10yr_0720m_h942,10,0720,1,near_overflow,5.0,388,6.2816,0,25,75,200.535104
10yr_0720m_h942,10,0720,2,near_overflow,5.0,388,5.4712,0,52,50,399.596731
10yr_0720m_h942,10,0720,3,near_overflow,5.0,388,5.2871,0,70,50,595.684584
10yr_0720m_h942,10,0720,5,near_overflow,5.0,388,5.7837,0,50,54,1003.063004
10yr_0720m_h942,10,0720,6,near_overflow,5.0,388,6.7732,0,38,56,1229.559299
10yr_0720m_h942,10,0720,1,near_overflow,1.0,388,6.2816,0,25,75,200.535104
10yr_0720m_h942,10,0720,2,near_overflow,1.0,388,5.4712,0,52,50,399.596731
10yr_0720m_h942,10,0720,3,near_overflow,1.0,388,5.2871,0,70,50,595.684584
10yr_0720m_h942,10,0720,5,near_overflow,1.0,388,5.7837,0,50,54,1003.063004
10yr_0720m_h942,10,0720,6,near_overflow,1.0,388,6.7732,0,38,56,1229.559299
10yr_0720m_h923,10,0720,1,near_overflow,2.0,388,6.2812,0,32,62,199.164218
10yr_0720m_h923,10,0720,2,near_overflow,2.0,388,5.4552,0,52,44,399.345558
10yr_0720m_h923,10,0720,3,near_overflow,2.0,388,5.2928,0,72,44,594.835625
10yr_0720m_h923,10,0720,5,near_overflow,2.0,388,5.6287,0,48,47,999.702468
10yr_0720m_h923,10,0720,6,near_overflow,2.0,388,6.3742,0,38,48,1231.88881
10yr_0720m_h923,10,0720,1,level,1.0,388,5.5349,0,68,47,194.288297
10yr_0720m_h923,10,0720,2,level,1.0,388,5.1185,0,106,41,393.181941
10yr_0720m_h923,10,0720,3,level,1.0,388,5.2928,0,72,44,594.393206
10yr_0720m_h923,10,0720,5,level,1.0,388,5.7128,0,64,47,1004.096656
10yr_0720m_h923,10,0720,6,level,1.0,388,6.3388,0,61,48,1223.472813
10yr_0720m_h923,10,0720,1,near_overflow,5.0,388,6.2812,0,32,62,199.164218
10yr_0720m_h923,10,0720,2,near_overflow,5.0,388,5.4552,0,52,44,399.345558
10yr_0720m_h923,10,0720,3,near_overflow,5.0,388,5.2928,0,72,44,594.835625
10yr_0720m_h923,10,0720,5,near_overflow,5.0,388,5.6287,0,48,47,999.702468
10yr_0720m_h923,10,0720,6,near_overflow,5.0,388,6.3742,0,38,48,1231.88881
10yr_0720m_h923,10,0720,1,level,5.0,388,4.9169,0,93,38,181.453665
10yr_0720m_h923,10,0720,2,level,5.0,388,5.0879,0,131,41,383.522512
10yr_0720m_h923,10,0720,3,level,5.0,388,5.8706,0,114,43,589.586905
10yr_0720m_h923,10,0720,5,level,5.0,388,6.0251,0,92,47,1012.129953
10yr_0720m_h923,10,0720,6,level,5.0,388,6.3058,0,93,48,1220.625381
10yr_0720m_h943,10,0720,1,level,5.0,388,4.919,0,102,43,183.216178
10yr_0720m_h943,10,0720,2,level,5.0,388,5.0688,0,136,46,382.007253
10yr_0720m_h943,10,0720,3,level,5.0,388,5.6775,0,124,49,588.684994
10yr_0720m_h943,10,0720,5,level,5.0,388,5.634,0,100,53,1004.321604
10yr_0720m_h943,10,0720,6,level,5.0,388,6.3119,0,108,55,1222.554155
10yr_0720m_h943,10,0720,1,level,0.5,388,5.8397,0,54,57,194.339068
10yr_0720m_h943,10,0720,2,level,0.5,388,5.1053,0,105,47,393.721516
10yr_0720m_h943,10,0720,3,level,0.5,388,5.2984,0,78,49,593.928669
10yr_0720m_h943,10,0720,5,level,0.5,388,5.6406,0,51,54,1005.103548
10yr_0720m_h943,10,0720,6,level,0.5,388,6.3119,0,62,55,1221.882874
10yr_0720m_h943,10,0720,1,near_overflow,0.5,388,6.2836,0,32,75,199.323871
10yr_0720m_h943,10,0720,2,near_overflow,0.5,388,5.4476,0,52,50,399.661139
10yr_0720m_h943,10,0720,3,near_overflow,0.5,388,5.2984,0,78,49,594.352466
10yr_0720m_h943,10,0720,5,near_overflow,0.5,388,5.8512,0,51,54,1003.674464
10yr_0720m_h943,10,0720,6,near_overflow,0.5,388,6.4359,0,46,55,1227.922993
10yr_0720m_h923,10,0720,1,level,2.0,388,4.919,0,178,38,189.482121
10yr_0720m_h923,10,0720,2,level,2.0,388,5.1185,0,106,41,388.82303
10yr_0720m_h923,10,0720,3,level,2.0,388,5.3242,0,88,44,593.876301
10yr_0720m_h923,10,0720,5,level,2.0,388,6.0128,0,84,47,1008.514945
10yr_0720m_h923,10,0720,6,level,2.0,388,6.3388,0,73,48,1224.833173
10yr_0720m_h943,10,0720,1,near_overflow,1.0,388,6.2836,0,32,75,199.323871
10yr_0720m_h943,10,0720,2,near_overflow,1.0,388,5.4476,0,52,50,399.661139
10yr_0720m_h943,10,0720,3,near_overflow,1.0,388,5.2984,0,78,49,594.352466
10yr_0720m_h943,10,0720,5,near_overflow,1.0,388,5.8512,0,51,54,1003.674464
10yr_0720m_h943,10,0720,6,near_overflow,1.0,388,6.4359,0,46,55,1227.922993
10yr_0720m_h923,10,0720,1,near_overflow,0.5,388,6.2812,0,32,62,199.164218
10yr_0720m_h923,10,0720,2,near_overflow,0.5,388,5.4552,0,52,44,399.345558
10yr_0720m_h923,10,0720,3,near_overflow,0.5,388,5.2928,0,72,44,594.835625
10yr_0720m_h923,10,0720,5,near_overflow,0.5,388,5.6287,0,48,47,999.702468
10yr_0720m_h923,10,0720,6,near_overflow,0.5,388,6.3742,0,38,48,1231.88881
10yr_0720m_h923,10,0720,1,near_overflow,1.0,388,6.2812,0,32,62,199.164218
10yr_0720m_h923,10,0720,2,near_overflow,1.0,388,5.4552,0,52,44,399.345558
10yr_0720m_h923,10,0720,3,near_overflow,1.0,388,5.2928,0,72,44,594.835625
10yr_0720m_h923,10,0720,5,near_overflow,1.0,388,5.6287,0,48,47,999.702468
10yr_0720m_h923,10,0720,6,near_overflow,1.0,388,6.3742,0,38,48,1231.88881
10yr_0720m_h943,10,0720,1,near_overflow,2.0,388,6.2836,0,32,75,199.323871
10yr_0720m_h943,10,0720,2,near_overflow,2.0,388,5.4476,0,52,50,399.661139
10yr_0720m_h943,10,0720,3,near_overflow,2.0,388,5.2984,0,78,49,594.352466
10yr_0720m_h943,10,0720,5,near_overflow,2.0,388,5.8512,0,51,54,1003.674464
10yr_0720m_h943,10,0720,6,near_overflow,2.0,388,6.4359,0,46,55,1227.922993
10yr_0720m_h943,10,0720,1,level,1.0,388,5.5628,0,75,52,193.27086
10yr_0720m_h943,10,0720,2,level,1.0,388,5.1053,0,105,47,393.721516
10yr_0720m_h943,10,0720,3,level,1.0,388,5.2984,0,78,49,593.928669
10yr_0720m_h943,10,0720,5,level,1.0,388,5.6406,0,59,54,1007.627186
10yr_0720m_h943,10,0720,6,level,1.0,388,6.3119,0,70,55,1227.341304
10yr_0720m_h943,10,0720,1,level,2.0,388,4.9197,0,172,43,190.197243
10yr_0720m_h943,10,0720,2,level,2.0,388,5.1053,0,105,47,389.047803
10yr_0720m_h943,10,0720,3,level,2.0,388,5.2984,0,94,49,592.462125
10yr_0720m_h943,10,0720,5,level,2.0,388,5.6406,0,81,54,1008.228866
10yr_0720m_h943,10,0720,6,level,2.0,388,6.3119,0,82,55,1228.715246
10yr_0720m_h943,10,0720,1,near_overflow,5.0,388,6.2836,0,32,75,199.323871
10yr_0720m_h943,10,0720,2,near_overflow,5.0,388,5.4476,0,52,50,399.661139
10yr_0720m_h943,10,0720,3,near_overflow,5.0,388,5.2984,0,78,49,594.352466
10yr_0720m_h943,10,0720,5,near_overflow,5.0,388,5.8512,0,51,54,1003.674464
10yr_0720m_h943,10,0720,6,near_overflow,5.0,388,6.4359,0,46,55,1227.922993
10yr_1080m_h1061,10,1080,1,level,1.0,568,5.532,0,109,70,275.933722
10yr_1080m_h1061,10,1080,2,level,1.0,568,5.1019,0,164,63,569.776028
10yr_1080m_h1061,10,1080,3,level,1.0,568,5.3185,0,109,67,861.772671
10yr_1080m_h1061,10,1080,5,level,1.0,568,5.7062,0,98,73,1457.010588
10yr_1080m_h1061,10,1080,6,level,1.0,568,5.8129,0,111,75,1760.428233
10yr_1080m_h1061,10,1080,1,level,5.0,568,4.92,0,172,59,265.15565
10yr_1080m_h1061,10,1080,2,level,5.0,568,5.0944,0,224,62,553.164915
10yr_1080m_h1061,10,1080,3,level,5.0,568,5.3038,0,192,66,850.775734
10yr_1080m_h1061,10,1080,5,level,5.0,568,5.6534,0,166,72,1453.338566
10yr_1080m_h1061,10,1080,6,level,5.0,568,5.8156,0,152,75,1756.770744
10yr_1080m_h1023,10,1080,1,level,1.0,568,5.5208,0,109,61,279.803779
10yr_1080m_h1023,10,1080,2,level,1.0,568,5.1054,0,162,54,570.219716
10yr_1080m_h1023,10,1080,3,level,1.0,568,5.3247,0,114,58,861.552455
10yr_1080m_h1023,10,1080,5,level,1.0,568,5.6183,0,102,64,1456.957558
10yr_1080m_h1023,10,1080,6,level,1.0,568,5.7961,0,108,66,1758.434208
10yr_1080m_h1061,10,1080,1,near_overflow,5.0,568,6.2907,0,52,99,288.474132
10yr_1080m_h1061,10,1080,2,near_overflow,5.0,568,5.3832,0,82,67,578.138159
10yr_1080m_h1061,10,1080,3,near_overflow,5.0,568,5.3185,0,109,67,862.33041
10yr_1080m_h1061,10,1080,5,near_overflow,5.0,568,5.7062,0,72,73,1452.277275
10yr_1080m_h1061,10,1080,6,near_overflow,5.0,568,5.8398,0,76,75,1752.029527
10yr_1080m_h1023,10,1080,1,level,0.5,568,5.8315,0,89,66,280.263009
10yr_1080m_h1023,10,1080,2,level,0.5,568,5.1054,0,162,54,570.219716
10yr_1080m_h1023,10,1080,3,level,0.5,568,5.3247,0,114,58,861.552455
10yr_1080m_h1023,10,1080,5,level,0.5,568,5.7359,0,80,64,1454.24565
10yr_1080m_h1023,10,1080,6,level,0.5,568,5.8196,0,82,66,1758.785137
10yr_1080m_h1061,10,1080,1,near_overflow,0.5,568,6.2907,0,52,99,288.474132
10yr_1080m_h1061,10,1080,2,near_overflow,0.5,568,5.3832,0,82,67,578.138159
10yr_1080m_h1061,10,1080,3,near_overflow,0.5,568,5.3185,0,109,67,862.33041
10yr_1080m_h1061,10,1080,5,near_overflow,0.5,568,5.7062,0,72,73,1452.277275
10yr_1080m_h1061,10,1080,6,near_overflow,0.5,568,5.8398,0,76,75,1752.029527
10yr_1080m_h1061,10,1080,1,level,0.5,568,5.7728,0,84,76,281.277529
10yr_1080m_h1061,10,1080,2,level,0.5,568,5.1019,0,164,63,569.776028
10yr_1080m_h1061,10,1080,3,level,0.5,568,5.3185,0,109,67,861.772671
10yr_1080m_h1061,10,1080,5,level,0.5,568,5.7062,0,82,73,1453.682218
10yr_1080m_h1061,10,1080,6,level,0.5,568,5.8096,0,82,75,1757.121551
10yr_1080m_h1061,10,1080,1,level,2.0,568,4.9198,0,284,59,274.186209
10yr_1080m_h1061,10,1080,2,level,2.0,568,5.1019,0,164,63,563.570304
10yr_1080m_h1061,10,1080,3,level,2.0,568,5.2982,0,139,67,858.814964
10yr_1080m_h1061,10,1080,5,level,2.0,568,5.6792,0,124,73,1458.658757
10yr_1080m_h1061,10,1080,6,level,2.0,568,5.8333,0,128,75,1761.993743
10yr_1080m_h1061,10,1080,1,near_overflow,2.0,568,6.2907,0,52,99,288.474132
10yr_1080m_h1061,10,1080,2,near_overflow,2.0,568,5.3832,0,82,67,578.138159
10yr_1080m_h1061,10,1080,3,near_overflow,2.0,568,5.3185,0,109,67,862.33041
10yr_1080m_h1061,10,1080,5,near_overflow,2.0,568,5.7062,0,72,73,1452.277275
10yr_1080m_h1061,10,1080,6,near_overflow,2.0,568,5.8398,0,76,75,1752.029527
10yr_1080m_h1061,10,1080,1,near_overflow,1.0,568,6.2907,0,52,99,288.474132
10yr_1080m_h1061,10,1080,2,near_overflow,1.0,568,5.3832,0,82,67,578.138159
10yr_1080m_h1061,10,1080,3,near_overflow,1.0,568,5.3185,0,109,67,862.33041
10yr_1080m_h1061,10,1080,5,near_overflow,1.0,568,5.7062,0,72,73,1452.277275
10yr_1080m_h1061,10,1080,6,near_overflow,1.0,568,5.8398,0,76,75,1752.029527
10yr_1080m_h1023,10,1080,1,level,2.0,568,4.9199,0,287,49,275.182843
10yr_1080m_h1023,10,1080,2,level,2.0,568,5.1054,0,162,54,562.99387
10yr_1080m_h1023,10,1080,3,level,2.0,568,5.3247,0,138,58,859.438225
10yr_1080m_h1023,10,1080,5,level,2.0,568,5.7015,0,126,64,1457.976168
10yr_1080m_h1023,10,1080,6,level,2.0,568,5.8455,0,128,66,1762.61015
10yr_1080m_h1023,10,1080,1,level,5.0,568,4.9166,0,192,49,266.470601
10yr_1080m_h1023,10,1080,2,level,5.0,568,5.0811,0,208,54,555.742272
10yr_1080m_h1023,10,1080,3,level,5.0,568,5.2827,0,180,58,851.222321
10yr_1080m_h1023,10,1080,5,level,5.0,568,5.7126,0,159,63,1452.053446
10yr_1080m_h1023,10,1080,6,level,5.0,568,5.8302,0,162,65,1755.186635
10yr_1080m_h1023,10,1080,1,near_overflow,0.5,568,6.2811,0,49,84,288.902903
10yr_1080m_h1023,10,1080,2,near_overflow,0.5,568,5.3922,0,88,58,577.86251
10yr_1080m_h1023,10,1080,3,near_overflow,0.5,568,5.3247,0,114,58,862.106272
10yr_1080m_h1023,10,1080,5,near_overflow,0.5,568,5.6694,0,72,64,1453.068302
10yr_1080m_h1023,10,1080,6,near_overflow,0.5,568,5.8134,0,68,66,1751.631704
10yr_1080m_h1023,10,1080,1,near_overflow,1.0,568,6.2811,0,49,84,288.902903
10yr_1080m_h1023,10,1080,2,near_overflow,1.0,568,5.3922,0,88,58,577.86251
10yr_1080m_h1023,10,1080,3,near_overflow,1.0,568,5.3247,0,114,58,862.106272
10yr_1080m_h1023,10,1080,5,near_overflow,1.0,568,5.6694,0,72,64,1453.068302
10yr_1080m_h1023,10,1080,6,near_overflow,1.0,568,5.8134,0,68,66,1751.631704
10yr_1080m_h1023,10,1080,1,near_overflow,2.0,568,6.2811,0,49,84,288.902903
10yr_1080m_h1023,10,1080,2,near_overflow,2.0,568,5.3922,0,88,58,577.86251
10yr_1080m_h1023,10,1080,3,near_overflow,2.0,568,5.3247,0,114,58,862.106272
10yr_1080m_h1023,10,1080,5,near_overflow,2.0,568,5.6694,0,72,64,1453.068302
10yr_1080m_h1023,10,1080,6,near_overflow,2.0,568,5.8134,0,68,66,1751.631704
100yr_0060m_h140,100,0060,1,level,0.5,58,6.1561,0,9,6,33.108168
100yr_0060m_h140,100,0060,2,level,0.5,58,5.7364,0,17,3,64.984599
100yr_0060m_h140,100,0060,3,level,0.5,58,5.5824,0,15,3,98.506108
100yr_0060m_h140,100,0060,5,level,0.5,58,6.1561,0,9,6,172.085613
100yr_0060m_h140,100,0060,6,level,0.5,58,6.1561,0,6,6,208.6242
100yr_0060m_h140,100,0060,1,level,1.0,58,5.6562,0,11,5,31.923118
100yr_0060m_h140,100,0060,2,level,1.0,58,5.7364,0,17,3,64.984599
100yr_0060m_h140,100,0060,3,level,1.0,58,5.9429,0,10,5,100.23052
100yr_0060m_h140,100,0060,5,level,1.0,58,6.1561,0,8,6,172.322609
100yr_0060m_h140,100,0060,6,level,1.0,58,6.1561,0,8,6,208.69021
10yr_1080m_h1095,10,1080,1,level,5.0,568,4.9193,0,162,56,261.03698
10yr_1080m_h1095,10,1080,2,level,5.0,568,5.0758,0,246,64,550.926483
10yr_1080m_h1095,10,1080,3,level,5.0,568,5.2498,0,220,71,849.480794
10yr_1080m_h1095,10,1080,5,level,5.0,568,5.6352,0,192,83,1450.064685
10yr_1080m_h1095,10,1080,6,level,5.0,568,6.4757,0,176,87,1759.886824
10yr_1080m_h1095,10,1080,1,level,1.0,568,5.5083,0,140,76,277.0443
10yr_1080m_h1095,10,1080,2,level,1.0,568,5.1076,0,188,65,567.840397
10yr_1080m_h1095,10,1080,3,level,1.0,568,5.2779,0,134,72,858.174064
10yr_1080m_h1095,10,1080,5,level,1.0,568,5.6539,0,116,84,1453.090468
10yr_1080m_h1095,10,1080,6,level,1.0,568,6.4757,0,120,88,1764.320413
100yr_0060m_h140,100,0060,1,level,2.0,58,5.3624,0,25,3,31.166879
100yr_0060m_h140,100,0060,2,level,2.0,58,5.7364,0,17,3,64.705749
100yr_0060m_h140,100,0060,3,level,2.0,58,5.9429,0,10,5,100.273801
100yr_0060m_h140,100,0060,5,level,2.0,58,6.1561,0,8,6,172.404438
100yr_0060m_h140,100,0060,6,level,2.0,58,6.1561,0,10,6,208.568402
100yr_0060m_h140,100,0060,1,level,5.0,58,5.3624,0,12,3,30.721765
100yr_0060m_h140,100,0060,2,level,5.0,58,5.3624,0,15,3,63.072381
100yr_0060m_h140,100,0060,3,level,5.0,58,5.8719,0,17,4,98.739027
100yr_0060m_h140,100,0060,5,level,5.0,58,6.014,0,10,5,170.454364
100yr_0060m_h140,100,0060,6,level,5.0,58,6.1561,0,13,6,209.072223
100yr_0060m_h140,100,0060,1,near_overflow,0.5,58,6.5996,0,6,7,34.249476
100yr_0060m_h140,100,0060,2,near_overflow,0.5,58,5.6484,0,10,4,65.436119
100yr_0060m_h140,100,0060,3,near_overflow,0.5,58,5.9216,0,11,3,100.225595
100yr_0060m_h140,100,0060,5,near_overflow,0.5,58,6.1846,0,12,3,171.492865
100yr_0060m_h140,100,0060,6,near_overflow,0.5,58,6.277,0,8,6,208.914101
100yr_0060m_h140,100,0060,1,near_overflow,1.0,58,6.5996,0,6,7,34.249476
100yr_0060m_h140,100,0060,2,near_overflow,1.0,58,5.6484,0,10,4,65.436119
100yr_0060m_h140,100,0060,3,near_overflow,1.0,58,5.9216,0,11,3,100.225595
100yr_0060m_h140,100,0060,5,near_overflow,1.0,58,6.1846,0,12,3,171.492865
100yr_0060m_h140,100,0060,6,near_overflow,1.0,58,6.277,0,8,6,208.914101
100yr_0060m_h140,100,0060,1,near_overflow,2.0,58,6.5996,0,6,7,34.249476
100yr_0060m_h140,100,0060,2,near_overflow,2.0,58,5.6484,0,10,4,65.436119
100yr_0060m_h140,100,0060,3,near_overflow,2.0,58,5.9216,0,11,3,100.225595
100yr_0060m_h140,100,0060,5,near_overflow,2.0,58,6.1846,0,12,3,171.492865
100yr_0060m_h140,100,0060,6,near_overflow,2.0,58,6.277,0,8,6,208.914101
100yr_0060m_h140,100,0060,1,near_overflow,5.0,58,6.5996,0,6,7,34.249476
100yr_0060m_h140,100,0060,2,near_overflow,5.0,58,5.6484,0,10,4,65.436119
100yr_0060m_h140,100,0060,3,near_overflow,5.0,58,5.9216,0,11,3,100.225595
100yr_0060m_h140,100,0060,5,near_overflow,5.0,58,6.1846,0,12,3,171.492865
100yr_0060m_h140,100,0060,6,near_overflow,5.0,58,6.277,0,8,6,208.914101
10yr_1080m_h1023,10,1080,1,near_overflow,5.0,568,6.2811,0,49,84,288.902903
10yr_1080m_h1023,10,1080,2,near_overflow,5.0,568,5.3922,0,88,58,577.86251
10yr_1080m_h1023,10,1080,3,near_overflow,5.0,568,5.3247,0,114,58,862.106272
10yr_1080m_h1023,10,1080,5,near_overflow,5.0,568,5.6694,0,72,64,1453.068302
10yr_1080m_h1023,10,1080,6,near_overflow,5.0,568,5.8134,0,68,66,1751.631704
10yr_1080m_h1095,10,1080,1,near_overflow,2.0,568,6.3019,0,61,117,287.271078
10yr_1080m_h1095,10,1080,2,near_overflow,2.0,568,5.3895,0,88,70,577.734718
10yr_1080m_h1095,10,1080,3,near_overflow,2.0,568,5.2779,0,134,72,858.787703
10yr_1080m_h1095,10,1080,5,near_overflow,2.0,568,5.6539,0,88,84,1448.185978
10yr_1080m_h1095,10,1080,6,near_overflow,2.0,568,6.4093,0,72,88,1763.476769
10yr_1080m_h1095,10,1080,1,near_overflow,1.0,568,6.3019,0,61,117,287.271078
10yr_1080m_h1095,10,1080,2,near_overflow,1.0,568,5.3895,0,88,70,577.734718
10yr_1080m_h1095,10,1080,3,near_overflow,1.0,568,5.2779,0,134,72,858.787703
10yr_1080m_h1095,10,1080,5,near_overflow,1.0,568,5.6539,0,88,84,1448.185978
10yr_1080m_h1095,10,1080,6,near_overflow,1.0,568,6.4093,0,72,88,1763.476769
10yr_1080m_h1095,10,1080,1,level,0.5,568,5.8241,0,101,86,278.901643
10yr_1080m_h1095,10,1080,2,level,0.5,568,5.1076,0,188,65,567.840397
10yr_1080m_h1095,10,1080,3,level,0.5,568,5.2779,0,134,72,858.174064
10yr_1080m_h1095,10,1080,5,level,0.5,568,5.6539,0,100,84,1449.676387
10yr_1080m_h1095,10,1080,6,level,0.5,568,6.4757,0,88,88,1761.503583
10yr_1080m_h1095,10,1080,1,near_overflow,5.0,568,6.3019,0,61,117,287.271078
10yr_1080m_h1095,10,1080,2,near_overflow,5.0,568,5.3895,0,88,70,577.734718
10yr_1080m_h1095,10,1080,3,near_overflow,5.0,568,5.2779,0,134,72,858.787703
10yr_1080m_h1095,10,1080,5,near_overflow,5.0,568,5.6539,0,88,84,1448.185978
10yr_1080m_h1095,10,1080,6,near_overflow,5.0,568,6.4093,0,72,88,1763.476769
10yr_1080m_h1095,10,1080,1,level,2.0,568,4.92,0,302,56,271.949998
10yr_1080m_h1095,10,1080,2,level,2.0,568,5.1076,0,188,65,561.07506
10yr_1080m_h1095,10,1080,3,level,2.0,568,5.2779,0,172,72,856.514177
10yr_1080m_h1095,10,1080,5,level,2.0,568,5.6539,0,158,84,1455.1553
10yr_1080m_h1095,10,1080,6,level,2.0,568,6.4757,0,142,88,1766.081572
10yr_1080m_h1110,10,1080,1,level,0.5,568,5.8331,0,100,86,278.765057
10yr_1080m_h1110,10,1080,2,level,0.5,568,5.1063,0,194,65,567.484575
10yr_1080m_h1110,10,1080,3,level,0.5,568,5.2998,0,132,73,858.668298
10yr_1080m_h1110,10,1080,5,level,0.5,568,5.6474,0,102,84,1450.087497
10yr_1080m_h1110,10,1080,6,level,0.5,568,6.4706,0,94,88,1761.67713
10yr_1080m_h1110,10,1080,1,level,2.0,568,4.919,0,300,56,272.063768
10yr_1080m_h1110,10,1080,2,level,2.0,568,5.1063,0,194,65,560.52361
10yr_1080m_h1110,10,1080,3,level,2.0,568,5.2998,0,170,73,856.469349
10yr_1080m_h1110,10,1080,5,level,2.0,568,5.6518,0,162,84,1455.570175
10yr_1080m_h1110,10,1080,6,level,2.0,568,6.4706,0,152,88,1767.007628
100yr_0060m_h231,100,0060,1,level,1.0,58,6.184,0,7,12,32.37189
100yr_0060m_h231,100,0060,2,level,1.0,58,6.3283,0,12,9,66.298772
100yr_0060m_h231,100,0060,3,level,1.0,58,6.3283,0,11,11,99.675052
100yr_0060m_h231,100,0060,5,level,1.0,58,6.7801,0,8,15,175.835863
100yr_0060m_h231,100,0060,6,level,1.0,58,6.8691,0,8,17,212.847792
100yr_0060m_h231,100,0060,1,level,2.0,58,6.2583,0,18,9,32.073764
100yr_0060m_h231,100,0060,2,level,2.0,58,6.2796,0,13,9,65.819787
100yr_0060m_h231,100,0060,3,level,2.0,58,6.3283,0,11,11,99.856878
100yr_0060m_h231,100,0060,5,level,2.0,58,6.7801,0,9,15,175.788141
100yr_0060m_h231,100,0060,6,level,2.0,58,6.8485,0,13,16,211.829424
100yr_0060m_h231,100,0060,1,level,0.5,58,6.2014,0,7,13,32.585085
100yr_0060m_h231,100,0060,2,level,0.5,58,6.3283,0,12,9,66.298772
100yr_0060m_h231,100,0060,3,level,0.5,58,6.3283,0,12,10,99.690634
100yr_0060m_h231,100,0060,5,level,0.5,58,6.7801,0,10,15,175.192791
100yr_0060m_h231,100,0060,6,level,0.5,58,6.8896,0,11,17,212.382892
100yr_0060m_h231,100,0060,1,level,5.0,58,6.17,0,9,9,31.579313
100yr_0060m_h231,100,0060,2,level,5.0,58,6.2583,0,13,9,65.057226
100yr_0060m_h231,100,0060,3,level,5.0,58,6.3283,0,11,11,99.759496
100yr_0060m_h231,100,0060,5,level,5.0,58,6.6637,0,12,15,173.942404
100yr_0060m_h231,100,0060,6,level,5.0,58,6.8485,0,9,16,211.949541
10yr_1080m_h1095,10,1080,1,near_overflow,0.5,568,6.3019,0,61,117,287.271078
10yr_1080m_h1095,10,1080,2,near_overflow,0.5,568,5.3895,0,88,70,577.734718
10yr_1080m_h1095,10,1080,3,near_overflow,0.5,568,5.2779,0,134,72,858.787703
10yr_1080m_h1095,10,1080,5,near_overflow,0.5,568,5.6539,0,88,84,1448.185978
10yr_1080m_h1095,10,1080,6,near_overflow,0.5,568,6.4093,0,72,88,1763.476769
10yr_1080m_h1110,10,1080,1,level,5.0,568,4.919,0,164,56,260.80714
10yr_1080m_h1110,10,1080,2,level,5.0,568,5.0718,0,238,64,551.139023
10yr_1080m_h1110,10,1080,3,level,5.0,568,5.2784,0,225,71,847.969866
10yr_1080m_h1110,10,1080,5,level,5.0,568,5.637,0,200,83,1449.41841
10yr_1080m_h1110,10,1080,6,level,5.0,568,6.1044,0,163,87,1757.830261
10yr_1080m_h1110,10,1080,1,near_overflow,0.5,568,6.2836,0,64,117,287.459832
10yr_1080m_h1110,10,1080,2,near_overflow,0.5,568,5.3889,0,88,71,577.992994
10yr_1080m_h1110,10,1080,3,near_overflow,0.5,568,5.2998,0,132,73,859.266141
10yr_1080m_h1110,10,1080,5,near_overflow,0.5,568,5.6474,0,88,84,1448.909249
10yr_1080m_h1110,10,1080,6,near_overflow,0.5,568,6.0662,0,81,88,1755.396758
100yr_0060m_h231,100,0060,1,near_overflow,0.5,58,6.4309,0,8,16,33.393496
100yr_0060m_h231,100,0060,2,near_overflow,0.5,58,6.2298,0,10,11,66.366788
100yr_0060m_h231,100,0060,3,near_overflow,0.5,58,6.4446,0,13,10,100.410514
100yr_0060m_h231,100,0060,5,near_overflow,0.5,58,6.7801,0,10,10,174.199259
100yr_0060m_h231,100,0060,6,near_overflow,0.5,58,6.917,0,10,10,211.042956
100yr_0060m_h231,100,0060,1,near_overflow,2.0,58,6.4309,0,8,16,33.393496
100yr_0060m_h231,100,0060,2,near_overflow,2.0,58,6.2298,0,10,11,66.366788
100yr_0060m_h231,100,0060,3,near_overflow,2.0,58,6.4446,0,13,10,100.410514
100yr_0060m_h231,100,0060,5,near_overflow,2.0,58,6.7801,0,10,10,174.199259
100yr_0060m_h231,100,0060,6,near_overflow,2.0,58,6.917,0,10,10,211.042956
100yr_0060m_h231,100,0060,1,near_overflow,1.0,58,6.4309,0,8,16,33.393496
100yr_0060m_h231,100,0060,2,near_overflow,1.0,58,6.2298,0,10,11,66.366788
100yr_0060m_h231,100,0060,3,near_overflow,1.0,58,6.4446,0,13,10,100.410514
100yr_0060m_h231,100,0060,5,near_overflow,1.0,58,6.7801,0,10,10,174.199259
100yr_0060m_h231,100,0060,6,near_overflow,1.0,58,6.917,0,10,10,211.042956
100yr_0060m_h231,100,0060,1,near_overflow,5.0,58,6.4309,0,8,16,33.393496
100yr_0060m_h231,100,0060,2,near_overflow,5.0,58,6.2298,0,10,11,66.366788
100yr_0060m_h231,100,0060,3,near_overflow,5.0,58,6.4446,0,13,10,100.410514
100yr_0060m_h231,100,0060,5,near_overflow,5.0,58,6.7801,0,10,10,174.199259
100yr_0060m_h231,100,0060,6,near_overflow,5.0,58,6.917,0,10,10,211.042956
10yr_1080m_h1110,10,1080,1,level,1.0,568,5.5357,0,138,76,277.885805
10yr_1080m_h1110,10,1080,2,level,1.0,568,5.1063,0,194,65,567.484575
10yr_1080m_h1110,10,1080,3,level,1.0,568,5.2998,0,132,73,858.668298
10yr_1080m_h1110,10,1080,5,level,1.0,568,5.6474,0,120,84,1453.741654
10yr_1080m_h1110,10,1080,6,level,1.0,568,6.4706,0,122,88,1765.694984
10yr_1080m_h1110,10,1080,1,near_overflow,1.0,568,6.2836,0,64,117,287.459832
10yr_1080m_h1110,10,1080,2,near_overflow,1.0,568,5.3889,0,88,71,577.992994
10yr_1080m_h1110,10,1080,3,near_overflow,1.0,568,5.2998,0,132,73,859.266141
10yr_1080m_h1110,10,1080,5,near_overflow,1.0,568,5.6474,0,88,84,1448.909249
10yr_1080m_h1110,10,1080,6,near_overflow,1.0,568,6.0662,0,81,88,1755.396758
10yr_1080m_h1089,10,1080,1,level,2.0,568,4.9191,0,306,56,271.677808
10yr_1080m_h1089,10,1080,2,level,2.0,568,5.1235,0,189,65,561.015316
10yr_1080m_h1089,10,1080,3,level,2.0,568,5.2823,0,172,72,856.306784
10yr_1080m_h1089,10,1080,5,level,2.0,568,5.6897,0,163,83,1455.618085
10yr_1080m_h1089,10,1080,6,level,2.0,568,6.4632,0,145,88,1769.967966
10yr_1080m_h1089,10,1080,1,level,5.0,568,4.9191,0,160,56,260.926463
10yr_1080m_h1089,10,1080,2,level,5.0,568,5.0577,0,248,63,549.521986
10yr_1080m_h1089,10,1080,3,level,5.0,568,5.2549,0,206,71,850.218715
10yr_1080m_h1089,10,1080,5,level,5.0,568,5.6354,0,186,82,1449.432012
10yr_1080m_h1089,10,1080,6,level,5.0,568,6.4632,0,159,87,1764.789331
100yr_0060m_h185,100,0060,1,level,0.5,58,6.7967,0,7,10,34.391825
100yr_0060m_h185,100,0060,2,level,0.5,58,6.176,0,16,6,66.540559
100yr_0060m_h185,100,0060,3,level,0.5,58,6.176,0,11,6,100.668805
100yr_0060m_h185,100,0060,5,level,0.5,58,6.4339,0,11,6,172.55859
100yr_0060m_h185,100,0060,6,level,0.5,58,6.5229,0,8,6,210.280383
100yr_0060m_h185,100,0060,1,level,1.0,58,6.1476,0,11,8,32.969543
100yr_0060m_h185,100,0060,2,level,1.0,58,6.176,0,16,6,66.540559
100yr_0060m_h185,100,0060,3,level,1.0,58,6.2471,0,13,6,100.690467
100yr_0060m_h185,100,0060,5,level,1.0,58,6.4339,0,11,6,172.814721
100yr_0060m_h185,100,0060,6,level,1.0,58,6.5229,0,10,6,210.398709
10yr_1080m_h1110,10,1080,1,near_overflow,5.0,568,6.2836,0,64,117,287.459832
10yr_1080m_h1110,10,1080,2,near_overflow,5.0,568,5.3889,0,88,71,577.992994
10yr_1080m_h1110,10,1080,3,near_overflow,5.0,568,5.2998,0,132,73,859.266141
10yr_1080m_h1110,10,1080,5,near_overflow,5.0,568,5.6474,0,88,84,1448.909249
10yr_1080m_h1110,10,1080,6,near_overflow,5.0,568,6.0662,0,81,88,1755.396758
100yr_0060m_h185,100,0060,1,level,2.0,58,6.0552,0,17,6,32.284961
100yr_0060m_h185,100,0060,2,level,2.0,58,6.1263,0,14,6,66.05268
100yr_0060m_h185,100,0060,3,level,2.0,58,6.2471,0,13,6,100.776697
100yr_0060m_h185,100,0060,5,level,2.0,58,6.5229,0,10,6,174.255532
100yr_0060m_h185,100,0060,6,level,2.0,58,6.5229,0,10,6,210.34774
100yr_0060m_h185,100,0060,1,level,5.0,58,6.0552,0,14,6,31.613694
100yr_0060m_h185,100,0060,2,level,5.0,58,6.1263,0,17,6,65.602192
100yr_0060m_h185,100,0060,3,level,5.0,58,6.2471,0,13,6,100.824574
100yr_0060m_h185,100,0060,5,level,5.0,58,6.386,0,14,6,171.643709
100yr_0060m_h185,100,0060,6,level,5.0,58,6.5913,0,14,8,210.628469
10yr_1080m_h1089,10,1080,1,near_overflow,2.0,568,6.2877,0,56,117,288.252292
10yr_1080m_h1089,10,1080,2,near_overflow,2.0,568,5.4132,0,92,70,577.697574
10yr_1080m_h1089,10,1080,3,near_overflow,2.0,568,5.2823,0,134,72,859.142663
10yr_1080m_h1089,10,1080,5,near_overflow,2.0,568,5.6254,0,90,83,1449.183051
10yr_1080m_h1089,10,1080,6,near_overflow,2.0,568,6.4112,0,75,88,1761.32454
100yr_0060m_h185,100,0060,1,near_overflow,1.0,58,6.7967,0,5,10,34.642743
100yr_0060m_h185,100,0060,2,near_overflow,1.0,58,6.1476,0,10,7,66.782766
100yr_0060m_h185,100,0060,3,near_overflow,1.0,58,6.3175,0,10,6,101.672303
100yr_0060m_h185,100,0060,5,near_overflow,1.0,58,6.5229,0,10,6,173.546411
100yr_0060m_h185,100,0060,6,near_overflow,1.0,58,6.5229,0,11,6,209.070505
100yr_0060m_h185,100,0060,1,near_overflow,2.0,58,6.7967,0,5,10,34.642743
100yr_0060m_h185,100,0060,2,near_overflow,2.0,58,6.1476,0,10,7,66.782766
100yr_0060m_h185,100,0060,3,near_overflow,2.0,58,6.3175,0,10,6,101.672303
100yr_0060m_h185,100,0060,5,near_overflow,2.0,58,6.5229,0,10,6,173.546411
100yr_0060m_h185,100,0060,6,near_overflow,2.0,58,6.5229,0,11,6,209.070505
100yr_0060m_h185,100,0060,1,near_overflow,5.0,58,6.7967,0,5,10,34.642743
100yr_0060m_h185,100,0060,2,near_overflow,5.0,58,6.1476,0,10,7,66.782766
100yr_0060m_h185,100,0060,3,near_overflow,5.0,58,6.3175,0,10,6,101.672303
100yr_0060m_h185,100,0060,5,near_overflow,5.0,58,6.5229,0,10,6,173.546411
100yr_0060m_h185,100,0060,6,near_overflow,5.0,58,6.5229,0,11,6,209.070505
100yr_0060m_h185,100,0060,1,near_overflow,0.5,58,6.7967,0,5,10,34.642743
100yr_0060m_h185,100,0060,2,near_overflow,0.5,58,6.1476,0,10,7,66.782766
100yr_0060m_h185,100,0060,3,near_overflow,0.5,58,6.3175,0,10,6,101.672303
100yr_0060m_h185,100,0060,5,near_overflow,0.5,58,6.5229,0,10,6,173.546411
100yr_0060m_h185,100,0060,6,near_overflow,0.5,58,6.5229,0,11,6,209.070505
100yr_0060m_h144,100,0060,1,level,0.5,58,6.2917,0,8,6,33.778512
100yr_0060m_h144,100,0060,2,level,0.5,58,5.7819,0,14,3,65.490861
100yr_0060m_h144,100,0060,3,level,0.5,58,5.915,0,14,3,99.720639
100yr_0060m_h144,100,0060,5,level,0.5,58,6.2206,0,8,5,173.799576
100yr_0060m_h144,100,0060,6,level,0.5,58,6.2917,0,8,6,209.96332
100yr_0060m_h144,100,0060,1,level,2.0,58,5.7819,0,18,3,31.948233
100yr_0060m_h144,100,0060,2,level,2.0,58,5.7819,0,14,3,65.106033
100yr_0060m_h144,100,0060,3,level,2.0,58,6.0074,0,14,4,100.918739
100yr_0060m_h144,100,0060,5,level,2.0,58,6.2206,0,9,5,173.501106
100yr_0060m_h144,100,0060,6,level,2.0,58,6.2206,0,15,5,208.929992
100yr_0060m_h144,100,0060,1,level,1.0,58,5.648,0,12,4,31.864051
100yr_0060m_h144,100,0060,2,level,1.0,58,5.7819,0,14,3,65.490861
100yr_0060m_h144,100,0060,3,level,1.0,58,6.0074,0,11,4,101.261675
100yr_0060m_h144,100,0060,5,level,1.0,58,6.2206,0,8,5,173.799576
100yr_0060m_h144,100,0060,6,level,1.0,58,6.2206,0,10,5,209.898599
10yr_1080m_h1089,10,1080,1,level,1.0,568,5.5392,0,138,75,277.271381
10yr_1080m_h1089,10,1080,2,level,1.0,568,5.1235,0,189,65,568.028065
10yr_1080m_h1089,10,1080,3,level,1.0,568,5.2823,0,134,72,858.520518
10yr_1080m_h1089,10,1080,5,level,1.0,568,5.6254,0,122,83,1453.524286
10yr_1080m_h1089,10,1080,6,level,1.0,568,6.4632,0,122,88,1769.353571
100yr_0060m_h144,100,0060,1,near_overflow,0.5,58,6.7301,0,6,7,34.637393
100yr_0060m_h144,100,0060,2,near_overflow,0.5,58,5.8866,0,10,4,66.400556
100yr_0060m_h144,100,0060,3,near_overflow,0.5,58,6.0571,0,10,3,101.304951
100yr_0060m_h144,100,0060,5,near_overflow,0.5,58,6.2917,0,8,6,173.119085
100yr_0060m_h144,100,0060,6,near_overflow,0.5,58,6.2917,0,8,6,209.39239
100yr_0060m_h144,100,0060,1,near_overflow,1.0,58,6.7301,0,6,7,34.637393
100yr_0060m_h144,100,0060,2,near_overflow,1.0,58,5.8866,0,10,4,66.400556
100yr_0060m_h144,100,0060,3,near_overflow,1.0,58,6.0571,0,10,3,101.304951
100yr_0060m_h144,100,0060,5,near_overflow,1.0,58,6.2917,0,8,6,173.119085
100yr_0060m_h144,100,0060,6,near_overflow,1.0,58,6.2917,0,8,6,209.39239
100yr_0060m_h144,100,0060,1,near_overflow,2.0,58,6.7301,0,6,7,34.637393
100yr_0060m_h144,100,0060,2,near_overflow,2.0,58,5.8866,0,10,4,66.400556
100yr_0060m_h144,100,0060,3,near_overflow,2.0,58,6.0571,0,10,3,101.304951
100yr_0060m_h144,100,0060,5,near_overflow,2.0,58,6.2917,0,8,6,173.119085
100yr_0060m_h144,100,0060,6,near_overflow,2.0,58,6.2917,0,8,6,209.39239
10yr_1080m_h1089,10,1080,1,level,0.5,568,5.831,0,100,86,278.983592
10yr_1080m_h1089,10,1080,2,level,0.5,568,5.1235,0,189,65,568.028065
10yr_1080m_h1089,10,1080,3,level,0.5,568,5.2823,0,134,72,858.520518
10yr_1080m_h1089,10,1080,5,level,0.5,568,5.636,0,100,83,1450.473613
10yr_1080m_h1089,10,1080,6,level,0.5,568,6.2717,0,90,88,1763.57591
100yr_0060m_h144,100,0060,1,level,5.0,58,5.4513,0,14,3,29.954572
100yr_0060m_h144,100,0060,2,level,5.0,58,5.7819,0,19,3,63.930577
100yr_0060m_h144,100,0060,3,level,5.0,58,5.8866,0,14,4,98.38889
100yr_0060m_h144,100,0060,5,level,5.0,58,6.0785,0,12,5,171.551716
100yr_0060m_h144,100,0060,6,level,5.0,58,6.0785,0,11,5,207.98844
100yr_0060m_h152,100,0060,1,level,1.0,58,5.6581,0,12,5,31.911619
100yr_0060m_h152,100,0060,2,level,1.0,58,5.6838,0,18,3,64.776276
100yr_0060m_h152,100,0060,3,level,1.0,58,5.9259,0,13,5,99.977996
100yr_0060m_h152,100,0060,5,level,1.0,58,6.1392,0,7,6,172.895797
100yr_0060m_h152,100,0060,6,level,1.0,58,6.0681,0,9,5,208.054393
100yr_0060m_h152,100,0060,1,level,2.0,58,5.3098,0,23,3,30.873237
100yr_0060m_h152,100,0060,2,level,2.0,58,5.6838,0,18,3,64.457501
100yr_0060m_h152,100,0060,3,level,2.0,58,5.9259,0,13,5,100.050732
100yr_0060m_h152,100,0060,5,level,2.0,58,6.1392,0,8,6,171.646799
100yr_0060m_h152,100,0060,6,level,2.0,58,6.0681,0,12,5,207.994807
100yr_0060m_h144,100,0060,1,near_overflow,5.0,58,6.7301,0,6,7,34.637393
100yr_0060m_h144,100,0060,2,near_overflow,5.0,58,5.8866,0,10,4,66.400556
100yr_0060m_h144,100,0060,3,near_overflow,5.0,58,6.0571,0,10,3,101.304951
100yr_0060m_h144,100,0060,5,near_overflow,5.0,58,6.2917,0,8,6,173.119085
100yr_0060m_h144,100,0060,6,near_overflow,5.0,58,6.2917,0,8,6,209.39239
100yr_0060m_h152,100,0060,1,level,0.5,58,6.1392,0,8,6,33.41711
100yr_0060m_h152,100,0060,2,level,0.5,58,5.6838,0,18,3,64.804921
100yr_0060m_h152,100,0060,3,level,0.5,58,5.8335,0,13,3,99.44172
100yr_0060m_h152,100,0060,5,level,0.5,58,6.1392,0,9,6,172.608289
100yr_0060m_h152,100,0060,6,level,0.5,58,6.1889,0,8,5,208.850671
100yr_0060m_h152,100,0060,1,level,5.0,58,5.3149,0,14,3,30.0249
100yr_0060m_h152,100,0060,2,level,5.0,58,5.3098,0,17,3,62.867758
100yr_0060m_h152,100,0060,3,level,5.0,58,5.8549,0,12,4,98.514243
100yr_0060m_h152,100,0060,5,level,5.0,58,6.0429,0,16,5,170.333784
100yr_0060m_h152,100,0060,6,level,5.0,58,6.0468,0,13,5,206.439036
100yr_0060m_h152,100,0060,1,near_overflow,1.0,58,6.5832,0,4,7,34.338703
100yr_0060m_h152,100,0060,2,near_overflow,1.0,58,5.5958,0,13,4,65.170875
100yr_0060m_h152,100,0060,3,near_overflow,1.0,58,5.9046,0,13,3,99.630398
100yr_0060m_h152,100,0060,5,near_overflow,1.0,58,6.1676,0,11,3,171.22149
100yr_0060m_h152,100,0060,6,near_overflow,1.0,58,6.26,0,9,6,207.904055
100yr_0060m_h152,100,0060,1,near_overflow,2.0,58,6.5832,0,4,7,34.338703
100yr_0060m_h152,100,0060,2,near_overflow,2.0,58,5.5958,0,13,4,65.170875
100yr_0060m_h152,100,0060,3,near_overflow,2.0,58,5.9046,0,13,3,99.630398
100yr_0060m_h152,100,0060,5,near_overflow,2.0,58,6.1676,0,11,3,171.22149
100yr_0060m_h152,100,0060,6,near_overflow,2.0,58,6.26,0,9,6,207.904055
100yr_0120m_h322,100,0120,1,level,0.5,88,6.1687,0,14,18,49.419588
100yr_0120m_h322,100,0120,2,level,0.5,88,6.1758,0,17,12,100.002575
100yr_0120m_h322,100,0120,3,level,0.5,88,6.1758,0,13,13,150.580671
100yr_0120m_h322,100,0120,5,level,0.5,88,6.4816,0,14,14,260.159268
100yr_0120m_h322,100,0120,6,level,0.5,88,6.5364,0,9,14,316.813223
100yr_0060m_h152,100,0060,1,near_overflow,5.0,58,6.5832,0,4,7,34.338703
100yr_0060m_h152,100,0060,2,near_overflow,5.0,58,5.5958,0,13,4,65.170875
100yr_0060m_h152,100,0060,3,near_overflow,5.0,58,5.9046,0,13,3,99.630398
100yr_0060m_h152,100,0060,5,near_overflow,5.0,58,6.1676,0,11,3,171.22149
100yr_0060m_h152,100,0060,6,near_overflow,5.0,58,6.26,0,9,6,207.904055
10yr_1080m_h1110,10,1080,1,near_overflow,2.0,568,6.2836,0,64,117,287.459832
10yr_1080m_h1110,10,1080,2,near_overflow,2.0,568,5.3889,0,88,71,577.992994
10yr_1080m_h1110,10,1080,3,near_overflow,2.0,568,5.2998,0,132,73,859.266141
10yr_1080m_h1110,10,1080,5,near_overflow,2.0,568,5.6474,0,88,84,1448.909249
10yr_1080m_h1110,10,1080,6,near_overflow,2.0,568,6.0662,0,81,88,1755.396758
100yr_0060m_h152,100,0060,1,near_overflow,0.5,58,6.5832,0,4,7,34.338703
100yr_0060m_h152,100,0060,2,near_overflow,0.5,58,5.5958,0,13,4,65.170875
100yr_0060m_h152,100,0060,3,near_overflow,0.5,58,5.9046,0,13,3,99.630398
100yr_0060m_h152,100,0060,5,near_overflow,0.5,58,6.1676,0,11,3,171.22149
100yr_0060m_h152,100,0060,6,near_overflow,0.5,58,6.26,0,9,6,207.904055
100yr_0120m_h322,100,0120,1,level,2.0,88,6.1046,0,31,12,47.764945
100yr_0120m_h322,100,0120,2,level,2.0,88,6.1758,0,17,12,99.430191
100yr_0120m_h322,100,0120,3,level,2.0,88,6.1758,0,15,13,150.648169
100yr_0120m_h322,100,0120,5,level,2.0,88,6.4816,0,13,16,260.948192
100yr_0120m_h322,100,0120,6,level,2.0,88,6.5364,0,12,14,317.641546
100yr_0120m_h322,100,0120,1,level,5.0,88,6.1046,0,16,12,47.122513
100yr_0120m_h322,100,0120,2,level,5.0,88,6.1758,0,18,12,98.462317
100yr_0120m_h322,100,0120,3,level,5.0,88,6.1758,0,20,13,149.373046
100yr_0120m_h322,100,0120,5,level,5.0,88,6.3858,0,17,16,258.229563
100yr_0120m_h322,100,0120,6,level,5.0,88,6.5432,0,17,17,315.686852
100yr_0120m_h322,100,0120,1,level,1.0,88,6.1771,0,17,16,49.13776
100yr_0120m_h322,100,0120,2,level,1.0,88,6.1758,0,17,12,100.002575
100yr_0120m_h322,100,0120,3,level,1.0,88,6.1758,0,15,13,150.606075
100yr_0120m_h322,100,0120,5,level,1.0,88,6.4816,0,11,16,261.179955
100yr_0120m_h322,100,0120,6,level,1.0,88,6.5364,0,10,14,317.748959
100yr_0120m_h322,100,0120,1,near_overflow,0.5,88,6.3414,0,7,22,50.208564
100yr_0120m_h322,100,0120,2,near_overflow,0.5,88,6.1972,0,12,14,100.998622
100yr_0120m_h322,100,0120,3,near_overflow,0.5,88,6.4816,0,13,13,153.602772
100yr_0120m_h322,100,0120,5,near_overflow,0.5,88,6.5912,0,11,14,261.561292
100yr_0120m_h322,100,0120,6,near_overflow,0.5,88,6.5364,0,10,14,316.129275
100yr_0120m_h277,100,0120,1,level,1.0,88,5.6387,0,18,7,47.999999
100yr_0120m_h277,100,0120,2,level,1.0,88,5.3231,0,22,5,98.023788
100yr_0120m_h277,100,0120,3,level,1.0,88,5.669,0,16,6,149.51161
100yr_0120m_h277,100,0120,5,level,1.0,88,6.1736,0,9,8,262.99982
100yr_0120m_h277,100,0120,6,level,1.0,88,6.2447,0,10,9,316.980254
100yr_0120m_h322,100,0120,1,near_overflow,1.0,88,6.3414,0,7,22,50.208564
100yr_0120m_h322,100,0120,2,near_overflow,1.0,88,6.1972,0,12,14,100.998622
100yr_0120m_h322,100,0120,3,near_overflow,1.0,88,6.4816,0,13,13,153.602772
100yr_0120m_h322,100,0120,5,near_overflow,1.0,88,6.5912,0,11,14,261.561292
100yr_0120m_h322,100,0120,6,near_overflow,1.0,88,6.5364,0,10,14,316.129275
100yr_0120m_h277,100,0120,1,level,0.5,88,5.723,0,22,7,48.07324
100yr_0120m_h277,100,0120,2,level,0.5,88,5.3231,0,22,5,98.023788
100yr_0120m_h277,100,0120,3,level,0.5,88,5.6157,0,14,5,149.889063
100yr_0120m_h277,100,0120,5,level,0.5,88,6.1736,0,9,8,263.056865
100yr_0120m_h277,100,0120,6,level,0.5,88,6.2447,0,9,9,316.034179
10yr_1080m_h1089,10,1080,1,near_overflow,5.0,568,6.2877,0,56,117,288.252292
10yr_1080m_h1089,10,1080,2,near_overflow,5.0,568,5.4132,0,92,70,577.697574
10yr_1080m_h1089,10,1080,3,near_overflow,5.0,568,5.2823,0,134,72,859.142663
10yr_1080m_h1089,10,1080,5,near_overflow,5.0,568,5.6254,0,90,83,1449.183051
10yr_1080m_h1089,10,1080,6,near_overflow,5.0,568,6.4112,0,75,88,1761.32454
100yr_0120m_h277,100,0120,1,level,5.0,88,4.9765,0,24,5,45.109217
100yr_0120m_h277,100,0120,2,level,5.0,88,5.2375,0,26,5,95.593832
100yr_0120m_h277,100,0120,3,level,5.0,88,5.828,0,28,7,149.438488
100yr_0120m_h277,100,0120,5,level,5.0,88,6.1418,0,26,8,261.306746
100yr_0120m_h277,100,0120,6,level,5.0,88,6.4143,0,22,8,320.056712
100yr_0120m_h277,100,0120,1,near_overflow,0.5,88,6.5625,0,6,10,51.827187
100yr_0120m_h277,100,0120,2,near_overflow,0.5,88,5.4209,0,16,6,97.646103
100yr_0120m_h277,100,0120,3,near_overflow,0.5,88,5.6854,0,13,5,151.408138
100yr_0120m_h277,100,0120,5,near_overflow,0.5,88,6.1736,0,8,8,262.932862
100yr_0120m_h277,100,0120,6,near_overflow,0.5,88,6.2447,0,11,9,316.15287
10yr_1080m_h1089,10,1080,1,near_overflow,1.0,568,6.2877,0,56,117,288.252292
10yr_1080m_h1089,10,1080,2,near_overflow,1.0,568,5.4132,0,92,70,577.697574
10yr_1080m_h1089,10,1080,3,near_overflow,1.0,568,5.2823,0,134,72,859.142663
10yr_1080m_h1089,10,1080,5,near_overflow,1.0,568,5.6254,0,90,83,1449.183051
10yr_1080m_h1089,10,1080,6,near_overflow,1.0,568,6.4112,0,75,88,1761.32454
100yr_0120m_h322,100,0120,1,near_overflow,5.0,88,6.3414,0,7,22,50.208564
100yr_0120m_h322,100,0120,2,near_overflow,5.0,88,6.1972,0,12,14,100.998622
100yr_0120m_h322,100,0120,3,near_overflow,5.0,88,6.4816,0,13,13,153.602772
100yr_0120m_h322,100,0120,5,near_overflow,5.0,88,6.5912,0,11,14,261.561292
100yr_0120m_h322,100,0120,6,near_overflow,5.0,88,6.5364,0,10,14,316.129275
100yr_0120m_h277,100,0120,1,level,2.0,88,5.0914,0,39,5,47.110089
100yr_0120m_h277,100,0120,2,level,2.0,88,5.2694,0,23,5,96.554377
100yr_0120m_h277,100,0120,3,level,2.0,88,5.669,0,17,6,149.444178
100yr_0120m_h277,100,0120,5,level,2.0,88,6.0315,0,14,8,262.828332
100yr_0120m_h277,100,0120,6,level,2.0,88,6.1025,0,11,8,317.422209
100yr_0120m_h322,100,0120,1,near_overflow,2.0,88,6.3414,0,7,22,50.208564
100yr_0120m_h322,100,0120,2,near_overflow,2.0,88,6.1972,0,12,14,100.998622
100yr_0120m_h322,100,0120,3,near_overflow,2.0,88,6.4816,0,13,13,153.602772
100yr_0120m_h322,100,0120,5,near_overflow,2.0,88,6.5912,0,11,14,261.561292
100yr_0120m_h322,100,0120,6,near_overflow,2.0,88,6.5364,0,10,14,316.129275
100yr_0120m_h277,100,0120,1,near_overflow,2.0,88,6.5625,0,6,10,51.827187
100yr_0120m_h277,100,0120,2,near_overflow,2.0,88,5.4209,0,16,6,97.646103
100yr_0120m_h277,100,0120,3,near_overflow,2.0,88,5.6854,0,13,5,151.408138
100yr_0120m_h277,100,0120,5,near_overflow,2.0,88,6.1736,0,8,8,262.932862
100yr_0120m_h277,100,0120,6,near_overflow,2.0,88,6.2447,0,11,9,316.15287
100yr_0120m_h366,100,0120,1,level,0.5,88,6.5036,0,18,19,49.476661
100yr_0120m_h366,100,0120,2,level,0.5,88,6.4694,0,13,14,100.560762
100yr_0120m_h366,100,0120,3,level,0.5,88,6.5858,0,11,15,152.746642
100yr_0120m_h366,100,0120,5,level,0.5,88,6.8117,0,11,15,261.540814
100yr_0120m_h366,100,0120,6,level,0.5,88,6.9692,0,13,18,319.487621
100yr_0120m_h366,100,0120,1,level,1.0,88,6.4626,0,18,17,49.376905
100yr_0120m_h366,100,0120,2,level,1.0,88,6.4694,0,13,14,100.560762
100yr_0120m_h366,100,0120,3,level,1.0,88,6.5858,0,11,15,152.728143
100yr_0120m_h366,100,0120,5,level,1.0,88,6.8117,0,10,15,261.880948
100yr_0120m_h366,100,0120,6,level,1.0,88,6.9692,0,15,18,319.730084
100yr_0120m_h277,100,0120,1,near_overflow,1.0,88,6.5625,0,6,10,51.827187
100yr_0120m_h277,100,0120,2,near_overflow,1.0,88,5.4209,0,16,6,97.646103
100yr_0120m_h277,100,0120,3,near_overflow,1.0,88,5.6854,0,13,5,151.408138
100yr_0120m_h277,100,0120,5,near_overflow,1.0,88,6.1736,0,8,8,262.932862
100yr_0120m_h277,100,0120,6,near_overflow,1.0,88,6.2447,0,11,9,316.15287
100yr_0120m_h277,100,0120,1,near_overflow,5.0,88,6.5625,0,6,10,51.827187
100yr_0120m_h277,100,0120,2,near_overflow,5.0,88,5.4209,0,16,6,97.646103
100yr_0120m_h277,100,0120,3,near_overflow,5.0,88,5.6854,0,13,5,151.408138
100yr_0120m_h277,100,0120,5,near_overflow,5.0,88,6.1736,0,8,8,262.932862
100yr_0120m_h277,100,0120,6,near_overflow,5.0,88,6.2447,0,11,9,316.15287
100yr_0120m_h366,100,0120,1,level,2.0,88,6.5267,0,27,13,48.954819
100yr_0120m_h366,100,0120,2,level,2.0,88,6.4694,0,13,14,99.991049
100yr_0120m_h366,100,0120,3,level,2.0,88,6.5858,0,14,15,152.284984
100yr_0120m_h366,100,0120,5,level,2.0,88,6.8117,0,12,15,261.634888
100yr_0120m_h366,100,0120,6,level,2.0,88,6.9007,0,10,18,318.882692
100yr_0120m_h366,100,0120,1,near_overflow,5.0,88,6.5926,0,11,23,50.694237
100yr_0120m_h366,100,0120,2,near_overflow,5.0,88,6.5379,0,10,16,101.503959
100yr_0120m_h366,100,0120,3,near_overflow,5.0,88,6.7022,0,11,15,154.13043
100yr_0120m_h366,100,0120,5,near_overflow,5.0,88,6.9281,0,12,15,263.146349
100yr_0120m_h366,100,0120,6,near_overflow,5.0,88,6.9692,0,12,16,319.16606
100yr_0120m_h366,100,0120,1,near_overflow,0.5,88,6.5926,0,11,23,50.694237
100yr_0120m_h366,100,0120,2,near_overflow,0.5,88,6.5379,0,10,16,101.503959
100yr_0120m_h366,100,0120,3,near_overflow,0.5,88,6.7022,0,11,15,154.13043
100yr_0120m_h366,100,0120,5,near_overflow,0.5,88,6.9281,0,12,15,263.146349
100yr_0120m_h366,100,0120,6,near_overflow,0.5,88,6.9692,0,12,16,319.16606
10yr_1080m_h1089,10,1080,1,near_overflow,0.5,568,6.2877,0,56,117,288.252292
10yr_1080m_h1089,10,1080,2,near_overflow,0.5,568,5.4132,0,92,70,577.697574
10yr_1080m_h1089,10,1080,3,near_overflow,0.5,568,5.2823,0,134,72,859.142663
10yr_1080m_h1089,10,1080,5,near_overflow,0.5,568,5.6254,0,90,83,1449.183051
10yr_1080m_h1089,10,1080,6,near_overflow,0.5,568,6.4112,0,75,88,1761.32454
100yr_0120m_h366,100,0120,1,level,5.0,88,6.4304,0,13,13,47.849849
100yr_0120m_h366,100,0120,2,level,5.0,88,6.4694,0,17,14,99.314403
100yr_0120m_h366,100,0120,3,level,5.0,88,6.5858,0,14,15,151.059596
100yr_0120m_h366,100,0120,5,level,5.0,88,6.7843,0,15,15,262.079399
100yr_0120m_h366,100,0120,6,level,5.0,88,6.8596,0,14,18,315.193484
100yr_0120m_h366,100,0120,1,near_overflow,1.0,88,6.5926,0,11,23,50.694237
100yr_0120m_h366,100,0120,2,near_overflow,1.0,88,6.5379,0,10,16,101.503959
100yr_0120m_h366,100,0120,3,near_overflow,1.0,88,6.7022,0,11,15,154.13043
100yr_0120m_h366,100,0120,5,near_overflow,1.0,88,6.9281,0,12,15,263.146349
100yr_0120m_h366,100,0120,6,near_overflow,1.0,88,6.9692,0,12,16,319.16606
100yr_0120m_h366,100,0120,1,near_overflow,2.0,88,6.5926,0,11,23,50.694237
100yr_0120m_h366,100,0120,2,near_overflow,2.0,88,6.5379,0,10,16,101.503959
100yr_0120m_h366,100,0120,3,near_overflow,2.0,88,6.7022,0,11,15,154.13043
100yr_0120m_h366,100,0120,5,near_overflow,2.0,88,6.9281,0,12,15,263.146349
100yr_0120m_h366,100,0120,6,near_overflow,2.0,88,6.9692,0,12,16,319.16606
100yr_0120m_h335,100,0120,1,level,0.5,88,6.1586,0,14,18,49.249691
100yr_0120m_h335,100,0120,2,level,0.5,88,6.2838,0,21,12,100.317134
100yr_0120m_h335,100,0120,3,level,0.5,88,6.2838,0,15,13,151.546411
100yr_0120m_h335,100,0120,5,level,0.5,88,6.4624,0,11,14,260.420599
100yr_0120m_h335,100,0120,6,level,0.5,88,6.6951,0,11,17,318.251475
100yr_0120m_h335,100,0120,1,level,1.0,88,6.1681,0,13,16,49.16371
100yr_0120m_h335,100,0120,2,level,1.0,88,6.2838,0,21,12,100.291108
100yr_0120m_h335,100,0120,3,level,1.0,88,6.2838,0,15,13,151.747412
100yr_0120m_h335,100,0120,5,level,1.0,88,6.4624,0,11,16,261.310219
100yr_0120m_h335,100,0120,6,level,1.0,88,6.5787,0,11,17,316.851052
100yr_0120m_h335,100,0120,1,level,2.0,88,6.1586,0,23,12,48.751596
100yr_0120m_h335,100,0120,2,level,2.0,88,6.234,0,24,12,99.000482
100yr_0120m_h335,100,0120,3,level,2.0,88,6.2838,0,14,13,151.65282
100yr_0120m_h335,100,0120,5,level,2.0,88,6.4897,0,11,16,261.656363
100yr_0120m_h335,100,0120,6,level,2.0,88,6.6267,0,14,17,317.883586
100yr_0120m_h335,100,0120,1,level,5.0,88,6.1586,0,17,12,47.363594
100yr_0120m_h335,100,0120,2,level,5.0,88,6.2364,0,22,12,98.605912
100yr_0120m_h335,100,0120,3,level,5.0,88,6.234,0,22,13,150.123456
100yr_0120m_h335,100,0120,5,level,5.0,88,6.4829,0,16,13,261.59894
100yr_0120m_h335,100,0120,6,level,5.0,88,6.6459,0,17,23,320.295069
10yr_1440m_h1176,10,1440,1,level,0.5,748,5.7885,0,84,82,370.549792
10yr_1440m_h1176,10,1440,2,level,0.5,748,5.1296,0,176,67,750.279612
10yr_1440m_h1176,10,1440,3,level,0.5,748,5.3193,0,120,72,1132.042529
10yr_1440m_h1176,10,1440,5,level,0.5,748,5.7303,0,90,79,1906.888695
10yr_1440m_h1176,10,1440,6,level,0.5,748,5.8535,0,78,82,2305.826987
100yr_0120m_h335,100,0120,1,near_overflow,2.0,88,6.356,0,8,22,50.595663
100yr_0120m_h335,100,0120,2,near_overflow,2.0,88,6.1843,0,13,14,100.268843
100yr_0120m_h335,100,0120,3,near_overflow,2.0,88,6.2838,0,14,13,151.971998
100yr_0120m_h335,100,0120,5,near_overflow,2.0,88,6.5787,0,12,14,261.775826
100yr_0120m_h335,100,0120,6,near_overflow,2.0,88,6.6403,0,11,14,318.830128
100yr_0120m_h335,100,0120,1,near_overflow,0.5,88,6.356,0,8,22,50.595663
100yr_0120m_h335,100,0120,2,near_overflow,0.5,88,6.1843,0,13,14,100.268843
100yr_0120m_h335,100,0120,3,near_overflow,0.5,88,6.2838,0,14,13,151.971998
100yr_0120m_h335,100,0120,5,near_overflow,0.5,88,6.5787,0,12,14,261.775826
100yr_0120m_h335,100,0120,6,near_overflow,0.5,88,6.6403,0,11,14,318.830128
100yr_0120m_h335,100,0120,1,near_overflow,1.0,88,6.356,0,8,22,50.595663
100yr_0120m_h335,100,0120,2,near_overflow,1.0,88,6.1843,0,13,14,100.268843
100yr_0120m_h335,100,0120,3,near_overflow,1.0,88,6.2838,0,14,13,151.971998
100yr_0120m_h335,100,0120,5,near_overflow,1.0,88,6.5787,0,12,14,261.775826
100yr_0120m_h335,100,0120,6,near_overflow,1.0,88,6.6403,0,11,14,318.830128
10yr_1440m_h1176,10,1440,1,level,1.0,748,5.5334,0,129,75,366.474573
10yr_1440m_h1176,10,1440,2,level,1.0,748,5.1296,0,176,67,750.279612
10yr_1440m_h1176,10,1440,3,level,1.0,748,5.3193,0,120,72,1132.042529
10yr_1440m_h1176,10,1440,5,level,1.0,748,5.7303,0,94,79,1908.256728
10yr_1440m_h1176,10,1440,6,level,1.0,748,5.8437,0,106,82,2301.166225
100yr_0120m_h335,100,0120,1,near_overflow,5.0,88,6.356,0,8,22,50.595663
100yr_0120m_h335,100,0120,2,near_overflow,5.0,88,6.1843,0,13,14,100.268843
100yr_0120m_h335,100,0120,3,near_overflow,5.0,88,6.2838,0,14,13,151.971998
100yr_0120m_h335,100,0120,5,near_overflow,5.0,88,6.5787,0,12,14,261.775826
100yr_0120m_h335,100,0120,6,near_overflow,5.0,88,6.6403,0,11,14,318.830128
10yr_1440m_h1176,10,1440,1,near_overflow,1.0,748,6.3032,0,50,105,379.555461
10yr_1440m_h1176,10,1440,2,near_overflow,1.0,748,5.3595,0,96,71,758.125429
10yr_1440m_h1176,10,1440,3,near_overflow,1.0,748,5.3193,0,120,72,1132.644787
10yr_1440m_h1176,10,1440,5,near_overflow,1.0,748,5.7303,0,78,79,1905.695836
10yr_1440m_h1176,10,1440,6,near_overflow,1.0,748,5.8535,0,70,82,2304.379927
100yr_0120m_h318,100,0120,1,level,2.0,88,6.2092,0,28,12,48.420761
100yr_0120m_h318,100,0120,2,level,2.0,88,6.2655,0,23,12,99.577409
100yr_0120m_h318,100,0120,3,level,2.0,88,6.2655,0,16,13,151.472787
100yr_0120m_h318,100,0120,5,level,2.0,88,6.4722,0,15,16,262.319695
100yr_0120m_h318,100,0120,6,level,2.0,88,6.6091,0,11,17,317.700275
100yr_0120m_h318,100,0120,1,level,5.0,88,6.1503,0,17,12,47.121466
100yr_0120m_h318,100,0120,2,level,5.0,88,6.1503,0,23,12,97.476842
100yr_0120m_h318,100,0120,3,level,5.0,88,6.2158,0,17,13,150.698895
100yr_0120m_h318,100,0120,5,level,5.0,88,6.4653,0,14,13,261.540325
100yr_0120m_h318,100,0120,6,level,5.0,88,6.6091,0,14,17,316.944727
100yr_0120m_h318,100,0120,1,near_overflow,0.5,88,6.3518,0,8,22,50.538997
100yr_0120m_h318,100,0120,2,near_overflow,0.5,88,6.2869,0,12,14,101.064237
100yr_0120m_h318,100,0120,3,near_overflow,0.5,88,6.3832,0,13,13,153.213983
100yr_0120m_h318,100,0120,5,near_overflow,0.5,88,6.5612,0,10,14,261.804421
100yr_0120m_h318,100,0120,6,near_overflow,0.5,88,6.6228,0,12,14,318.140635
100yr_0120m_h318,100,0120,1,level,0.5,88,6.2584,0,15,18,49.685091
100yr_0120m_h318,100,0120,2,level,0.5,88,6.2655,0,23,12,100.157043
100yr_0120m_h318,100,0120,3,level,0.5,88,6.2655,0,14,13,151.545392
100yr_0120m_h318,100,0120,5,level,0.5,88,6.4448,0,13,14,260.450458
100yr_0120m_h318,100,0120,6,level,0.5,88,6.6776,0,10,17,317.835903
10yr_1440m_h1176,10,1440,1,level,5.0,748,4.9198,0,202,60,352.927649
10yr_1440m_h1176,10,1440,2,level,5.0,748,5.0835,0,240,65,726.823164
10yr_1440m_h1176,10,1440,3,level,5.0,748,5.2961,0,214,71,1119.508778
10yr_1440m_h1176,10,1440,5,level,5.0,748,5.6836,0,162,79,1900.99226
10yr_1440m_h1176,10,1440,6,level,5.0,748,5.8409,0,168,82,2298.576903
100yr_0120m_h318,100,0120,1,near_overflow,1.0,88,6.3518,0,8,22,50.538997
100yr_0120m_h318,100,0120,2,near_overflow,1.0,88,6.2869,0,12,14,101.064237
100yr_0120m_h318,100,0120,3,near_overflow,1.0,88,6.3832,0,13,13,153.213983
100yr_0120m_h318,100,0120,5,near_overflow,1.0,88,6.5612,0,10,14,261.804421
100yr_0120m_h318,100,0120,6,near_overflow,1.0,88,6.6228,0,12,14,318.140635
100yr_0120m_h318,100,0120,1,level,1.0,88,6.1574,0,13,16,49.142876
100yr_0120m_h318,100,0120,2,level,1.0,88,6.2655,0,23,12,100.157043
100yr_0120m_h318,100,0120,3,level,1.0,88,6.2655,0,15,13,151.55142
100yr_0120m_h318,100,0120,5,level,1.0,88,6.4448,0,10,16,261.534202
100yr_0120m_h318,100,0120,6,level,1.0,88,6.5612,0,12,17,316.37514
100yr_0120m_h318,100,0120,1,near_overflow,2.0,88,6.3518,0,8,22,50.538997
100yr_0120m_h318,100,0120,2,near_overflow,2.0,88,6.2869,0,12,14,101.064237
100yr_0120m_h318,100,0120,3,near_overflow,2.0,88,6.3832,0,13,13,153.213983
100yr_0120m_h318,100,0120,5,near_overflow,2.0,88,6.5612,0,10,14,261.804421
100yr_0120m_h318,100,0120,6,near_overflow,2.0,88,6.6228,0,12,14,318.140635
100yr_0120m_h318,100,0120,1,near_overflow,5.0,88,6.3518,0,8,22,50.538997
100yr_0120m_h318,100,0120,2,near_overflow,5.0,88,6.2869,0,12,14,101.064237
100yr_0120m_h318,100,0120,3,near_overflow,5.0,88,6.3832,0,13,13,153.213983
100yr_0120m_h318,100,0120,5,near_overflow,5.0,88,6.5612,0,10,14,261.804421
100yr_0120m_h318,100,0120,6,near_overflow,5.0,88,6.6228,0,12,14,318.140635
10yr_1440m_h1176,10,1440,1,level,2.0,748,4.9196,0,294,60,362.117062
10yr_1440m_h1176,10,1440,2,level,2.0,748,5.1296,0,176,67,740.976445
10yr_1440m_h1176,10,1440,3,level,2.0,748,5.3193,0,136,72,1128.386729
10yr_1440m_h1176,10,1440,5,level,2.0,748,5.7303,0,122,79,1908.340521
10yr_1440m_h1176,10,1440,6,level,2.0,748,5.8535,0,124,82,2306.001219
100yr_0180m_h465,100,0180,1,near_overflow,0.5,118,6.3022,0,16,30,66.287462
100yr_0180m_h465,100,0180,2,near_overflow,0.5,118,6.0451,0,13,21,132.582039
100yr_0180m_h465,100,0180,3,near_overflow,0.5,118,6.3351,0,17,19,200.812837
100yr_0180m_h465,100,0180,5,near_overflow,0.5,118,6.2299,0,11,20,339.290901
100yr_0180m_h465,100,0180,6,near_overflow,0.5,118,6.4378,0,10,21,413.022109
100yr_0180m_h465,100,0180,1,level,1.0,118,6.0308,0,25,22,63.908894
100yr_0180m_h465,100,0180,2,level,1.0,118,6.0948,0,30,18,130.942584
100yr_0180m_h465,100,0180,3,level,1.0,118,6.0948,0,18,19,198.275985
100yr_0180m_h465,100,0180,5,level,1.0,118,6.2867,0,13,20,339.306277
100yr_0180m_h465,100,0180,6,level,1.0,118,6.3694,0,11,21,412.125631
100yr_0180m_h465,100,0180,1,level,2.0,118,6.0054,0,39,17,63.369886
100yr_0180m_h465,100,0180,2,level,2.0,118,6.0948,0,30,18,130.13066
100yr_0180m_h465,100,0180,3,level,2.0,118,6.0948,0,18,19,198.40515
100yr_0180m_h465,100,0180,5,level,2.0,118,6.3078,0,15,20,340.059617
100yr_0180m_h465,100,0180,6,level,2.0,118,6.3694,0,13,21,411.819826
100yr_0180m_h465,100,0180,1,near_overflow,1.0,118,6.3022,0,16,30,66.287462
100yr_0180m_h465,100,0180,2,near_overflow,1.0,118,6.0451,0,13,21,132.582039
100yr_0180m_h465,100,0180,3,near_overflow,1.0,118,6.3351,0,17,19,200.812837
100yr_0180m_h465,100,0180,5,near_overflow,1.0,118,6.2299,0,11,20,339.290901
100yr_0180m_h465,100,0180,6,near_overflow,1.0,118,6.4378,0,10,21,413.022109
100yr_0180m_h465,100,0180,1,near_overflow,2.0,118,6.3022,0,16,30,66.287462
100yr_0180m_h465,100,0180,2,near_overflow,2.0,118,6.0451,0,13,21,132.582039
100yr_0180m_h465,100,0180,3,near_overflow,2.0,118,6.3351,0,17,19,200.812837
100yr_0180m_h465,100,0180,5,near_overflow,2.0,118,6.2299,0,11,20,339.290901
100yr_0180m_h465,100,0180,6,near_overflow,2.0,118,6.4378,0,10,21,413.022109
100yr_0180m_h433,100,0180,1,level,0.5,118,5.889,0,25,18,64.185542
100yr_0180m_h433,100,0180,2,level,0.5,118,5.2756,0,25,14,129.677412
100yr_0180m_h433,100,0180,3,level,0.5,118,5.4314,0,24,14,196.686038
100yr_0180m_h433,100,0180,5,level,0.5,118,6.2467,0,17,14,340.415958
100yr_0180m_h433,100,0180,6,level,0.5,118,6.3171,0,13,14,412.763705
100yr_0180m_h465,100,0180,1,near_overflow,5.0,118,6.3022,0,16,30,66.287462
100yr_0180m_h465,100,0180,2,near_overflow,5.0,118,6.0451,0,13,21,132.582039
100yr_0180m_h465,100,0180,3,near_overflow,5.0,118,6.3351,0,17,19,200.812837
100yr_0180m_h465,100,0180,5,near_overflow,5.0,118,6.2299,0,11,20,339.290901
100yr_0180m_h465,100,0180,6,near_overflow,5.0,118,6.4378,0,10,21,413.022109
100yr_0180m_h465,100,0180,1,level,0.5,118,6.109,0,19,24,65.231107
100yr_0180m_h465,100,0180,2,level,0.5,118,6.0948,0,30,18,130.942584
100yr_0180m_h465,100,0180,3,level,0.5,118,6.0948,0,17,19,198.410853
100yr_0180m_h465,100,0180,5,level,0.5,118,6.2867,0,14,20,338.49487
100yr_0180m_h465,100,0180,6,level,0.5,118,6.3694,0,11,21,412.034646
100yr_0180m_h433,100,0180,1,level,2.0,118,5.0513,0,40,13,62.18766
100yr_0180m_h433,100,0180,2,level,2.0,118,5.2643,0,28,14,128.301994
100yr_0180m_h433,100,0180,3,level,2.0,118,5.4314,0,21,14,196.542677
100yr_0180m_h433,100,0180,5,level,2.0,118,6.2467,0,21,14,337.667578
100yr_0180m_h433,100,0180,6,level,2.0,118,6.3466,0,20,14,413.94502
100yr_0180m_h433,100,0180,1,level,1.0,118,5.4172,0,24,16,63.731249
100yr_0180m_h433,100,0180,2,level,1.0,118,5.2756,0,25,14,129.61777
100yr_0180m_h433,100,0180,3,level,1.0,118,5.4314,0,22,14,196.597573
100yr_0180m_h433,100,0180,5,level,1.0,118,6.2467,0,17,14,338.443355
100yr_0180m_h433,100,0180,6,level,1.0,118,6.3171,0,13,14,413.049612
100yr_0180m_h465,100,0180,1,level,5.0,118,6.0054,0,21,17,61.514053
100yr_0180m_h465,100,0180,2,level,5.0,118,6.1048,0,27,18,128.403106
100yr_0180m_h465,100,0180,3,level,5.0,118,6.0451,0,19,19,197.186675
100yr_0180m_h465,100,0180,5,level,5.0,118,6.237,0,19,20,337.829606
100yr_0180m_h465,100,0180,6,level,5.0,118,6.3214,0,23,21,412.50554
10yr_1440m_h1176,10,1440,1,near_overflow,0.5,748,6.3032,0,50,105,379.555461
10yr_1440m_h1176,10,1440,2,near_overflow,0.5,748,5.3595,0,96,71,758.125429
10yr_1440m_h1176,10,1440,3,near_overflow,0.5,748,5.3193,0,120,72,1132.644787
10yr_1440m_h1176,10,1440,5,near_overflow,0.5,748,5.7303,0,78,79,1905.695836
10yr_1440m_h1176,10,1440,6,near_overflow,0.5,748,5.8535,0,70,82,2304.379927
100yr_0180m_h433,100,0180,1,near_overflow,0.5,118,6.382,0,8,21,66.440868
100yr_0180m_h433,100,0180,2,near_overflow,0.5,118,5.4834,0,22,15,129.689249
100yr_0180m_h433,100,0180,3,near_overflow,0.5,118,5.7583,0,22,14,199.162257
100yr_0180m_h433,100,0180,5,near_overflow,0.5,118,6.2467,0,19,14,342.314193
100yr_0180m_h433,100,0180,6,near_overflow,0.5,118,6.3856,0,12,14,413.591777
100yr_0180m_h433,100,0180,1,near_overflow,1.0,118,6.382,0,8,21,66.440868
100yr_0180m_h433,100,0180,2,near_overflow,1.0,118,5.4834,0,22,15,129.689249
100yr_0180m_h433,100,0180,3,near_overflow,1.0,118,5.7583,0,22,14,199.162257
100yr_0180m_h433,100,0180,5,near_overflow,1.0,118,6.2467,0,19,14,342.314193
100yr_0180m_h433,100,0180,6,near_overflow,1.0,118,6.3856,0,12,14,413.591777
100yr_0180m_h433,100,0180,1,level,5.0,118,4.9501,0,24,13,59.445554
100yr_0180m_h433,100,0180,2,level,5.0,118,5.089,0,30,13,126.573958
100yr_0180m_h433,100,0180,3,level,5.0,118,5.309,0,28,14,194.23339
100yr_0180m_h433,100,0180,5,level,5.0,118,6.2467,0,25,14,336.200495
100yr_0180m_h433,100,0180,6,level,5.0,118,6.3581,0,22,14,415.209684
100yr_0180m_h433,100,0180,1,near_overflow,5.0,118,6.382,0,8,21,66.440868
100yr_0180m_h433,100,0180,2,near_overflow,5.0,118,5.4834,0,22,15,129.689249
100yr_0180m_h433,100,0180,3,near_overflow,5.0,118,5.7583,0,22,14,199.162257
100yr_0180m_h433,100,0180,5,near_overflow,5.0,118,6.2467,0,19,14,342.314193
100yr_0180m_h433,100,0180,6,near_overflow,5.0,118,6.3856,0,12,14,413.591777
100yr_0180m_h433,100,0180,1,near_overflow,2.0,118,6.382,0,8,21,66.440868
100yr_0180m_h433,100,0180,2,near_overflow,2.0,118,5.4834,0,22,15,129.689249
100yr_0180m_h433,100,0180,3,near_overflow,2.0,118,5.7583,0,22,14,199.162257
100yr_0180m_h433,100,0180,5,near_overflow,2.0,118,6.2467,0,19,14,342.314193
100yr_0180m_h433,100,0180,6,near_overflow,2.0,118,6.3856,0,12,14,413.591777
10yr_1440m_h1176,10,1440,1,near_overflow,2.0,748,6.3032,0,50,105,379.555461
10yr_1440m_h1176,10,1440,2,near_overflow,2.0,748,5.3595,0,96,71,758.125429
10yr_1440m_h1176,10,1440,3,near_overflow,2.0,748,5.3193,0,120,72,1132.644787
10yr_1440m_h1176,10,1440,5,near_overflow,2.0,748,5.7303,0,78,79,1905.695836
10yr_1440m_h1176,10,1440,6,near_overflow,2.0,748,5.8535,0,70,82,2304.379927
10yr_1440m_h1176,10,1440,1,near_overflow,5.0,748,6.3032,0,50,105,379.555461
10yr_1440m_h1176,10,1440,2,near_overflow,5.0,748,5.3595,0,96,71,758.125429
10yr_1440m_h1176,10,1440,3,near_overflow,5.0,748,5.3193,0,120,72,1132.644787
10yr_1440m_h1176,10,1440,5,near_overflow,5.0,748,5.7303,0,78,79,1905.695836
10yr_1440m_h1176,10,1440,6,near_overflow,5.0,748,5.8535,0,70,82,2304.379927
10yr_1440m_h1152,10,1440,1,level,0.5,748,5.8271,0,99,82,368.95529
10yr_1440m_h1152,10,1440,2,level,0.5,748,5.1215,0,176,67,749.716226
10yr_1440m_h1152,10,1440,3,level,0.5,748,5.3051,0,122,72,1131.152685
10yr_1440m_h1152,10,1440,5,level,0.5,748,5.7169,0,90,80,1906.153269
10yr_1440m_h1152,10,1440,6,level,0.5,748,5.835,0,78,83,2301.928012
10yr_1440m_h1152,10,1440,1,level,2.0,748,4.9199,0,290,60,362.669224
10yr_1440m_h1152,10,1440,2,level,2.0,748,5.1215,0,176,67,740.988345
10yr_1440m_h1152,10,1440,3,level,2.0,748,5.3314,0,142,72,1126.879649
10yr_1440m_h1152,10,1440,5,level,2.0,748,5.7508,0,136,80,1909.295246
10yr_1440m_h1152,10,1440,6,level,2.0,748,5.8517,0,118,83,2306.810018
10yr_1440m_h1152,10,1440,1,near_overflow,2.0,748,6.3155,0,49,105,379.374511
10yr_1440m_h1152,10,1440,2,near_overflow,2.0,748,5.3459,0,93,71,758.298294
10yr_1440m_h1152,10,1440,3,near_overflow,2.0,748,5.3051,0,122,72,1131.7052
10yr_1440m_h1152,10,1440,5,near_overflow,2.0,748,5.7508,0,84,80,1904.303106
10yr_1440m_h1152,10,1440,6,near_overflow,2.0,748,5.8227,0,74,83,2298.48959
10yr_1440m_h1152,10,1440,1,level,5.0,748,4.9198,0,200,60,353.40303
10yr_1440m_h1152,10,1440,2,level,5.0,748,5.087,0,224,66,729.699165
10yr_1440m_h1152,10,1440,3,level,5.0,748,5.2893,0,206,71,1118.646764
10yr_1440m_h1152,10,1440,5,level,5.0,748,5.7068,0,184,79,1901.220883
10yr_1440m_h1152,10,1440,6,level,5.0,748,5.869,0,174,82,2299.021273
10yr_1440m_h1152,10,1440,1,near_overflow,0.5,748,6.3155,0,49,105,379.374511
10yr_1440m_h1152,10,1440,2,near_overflow,0.5,748,5.3459,0,93,71,758.298294
10yr_1440m_h1152,10,1440,3,near_overflow,0.5,748,5.3051,0,122,72,1131.7052
10yr_1440m_h1152,10,1440,5,near_overflow,0.5,748,5.7508,0,84,80,1904.303106
10yr_1440m_h1152,10,1440,6,near_overflow,0.5,748,5.8227,0,74,83,2298.48959
10yr_1440m_h1126,10,1440,1,level,2.0,748,4.9187,0,330,27,361.081198
10yr_1440m_h1126,10,1440,2,level,2.0,748,5.1158,0,196,30,738.618628
10yr_1440m_h1126,10,1440,3,level,2.0,748,5.3439,0,154,32,1125.900288
10yr_1440m_h1126,10,1440,5,level,2.0,748,5.7839,0,138,34,1913.808716
10yr_1440m_h1126,10,1440,6,level,2.0,748,5.827,0,144,35,2301.787962
10yr_1440m_h1126,10,1440,1,level,5.0,748,4.9197,0,230,27,351.203677
10yr_1440m_h1126,10,1440,2,level,5.0,748,5.0817,0,266,29,723.950951
10yr_1440m_h1126,10,1440,3,level,5.0,748,5.3092,0,232,31,1114.96845
10yr_1440m_h1126,10,1440,5,level,5.0,748,5.7839,0,194,34,1905.293822
10yr_1440m_h1126,10,1440,6,level,5.0,748,5.8187,0,206,35,2298.820389
10yr_1440m_h1152,10,1440,1,near_overflow,1.0,748,6.3155,0,49,105,379.374511
10yr_1440m_h1152,10,1440,2,near_overflow,1.0,748,5.3459,0,93,71,758.298294
10yr_1440m_h1152,10,1440,3,near_overflow,1.0,748,5.3051,0,122,72,1131.7052
10yr_1440m_h1152,10,1440,5,near_overflow,1.0,748,5.7508,0,84,80,1904.303106
10yr_1440m_h1152,10,1440,6,near_overflow,1.0,748,5.8227,0,74,83,2298.48959
100yr_0180m_h472,100,0180,1,level,0.5,118,6.1136,0,25,24,64.841963
100yr_0180m_h472,100,0180,2,level,0.5,118,6.0496,0,20,18,131.181828
100yr_0180m_h472,100,0180,3,level,0.5,118,6.1704,0,16,19,199.081019
100yr_0180m_h472,100,0180,5,level,0.5,118,6.2557,0,17,20,340.049492
100yr_0180m_h472,100,0180,6,level,0.5,118,6.4422,0,12,21,414.18859
100yr_0180m_h472,100,0180,1,level,1.0,118,6.03,0,21,22,64.43296
100yr_0180m_h472,100,0180,2,level,1.0,118,6.0496,0,20,18,131.131857
100yr_0180m_h472,100,0180,3,level,1.0,118,6.1704,0,16,19,199.081019
100yr_0180m_h472,100,0180,5,level,1.0,118,6.2557,0,14,20,340.891769
100yr_0180m_h472,100,0180,6,level,1.0,118,6.3258,0,11,21,412.338777
10yr_1440m_h1126,10,1440,1,near_overflow,0.5,748,6.3081,0,52,49,378.288594
10yr_1440m_h1126,10,1440,2,near_overflow,0.5,748,5.3549,0,112,32,756.114011
10yr_1440m_h1126,10,1440,3,near_overflow,0.5,748,5.3439,0,128,32,1131.189595
10yr_1440m_h1126,10,1440,5,near_overflow,0.5,748,5.7839,0,80,34,1909.208271
10yr_1440m_h1126,10,1440,6,near_overflow,0.5,748,5.827,0,80,35,2294.531464
100yr_0180m_h472,100,0180,1,level,2.0,118,6.03,0,33,17,63.593386
100yr_0180m_h472,100,0180,2,level,2.0,118,6.0496,0,20,18,130.213164
100yr_0180m_h472,100,0180,3,level,2.0,118,6.1704,0,20,19,199.071023
100yr_0180m_h472,100,0180,5,level,2.0,118,6.2344,0,13,20,340.224747
100yr_0180m_h472,100,0180,6,level,2.0,118,6.474,0,14,21,421.538272
10yr_1440m_h1126,10,1440,1,near_overflow,2.0,748,6.3081,0,52,49,378.288594
10yr_1440m_h1126,10,1440,2,near_overflow,2.0,748,5.3549,0,112,32,756.114011
10yr_1440m_h1126,10,1440,3,near_overflow,2.0,748,5.3439,0,128,32,1131.189595
10yr_1440m_h1126,10,1440,5,near_overflow,2.0,748,5.7839,0,80,34,1909.208271
10yr_1440m_h1126,10,1440,6,near_overflow,2.0,748,5.827,0,80,35,2294.531464
10yr_1440m_h1152,10,1440,1,level,1.0,748,5.5137,0,126,75,362.987429
10yr_1440m_h1152,10,1440,2,level,1.0,748,5.1215,0,176,67,749.716226
10yr_1440m_h1152,10,1440,3,level,1.0,748,5.3051,0,122,72,1131.152685
10yr_1440m_h1152,10,1440,5,level,1.0,748,5.7508,0,96,80,1908.21969
10yr_1440m_h1152,10,1440,6,level,1.0,748,5.8227,0,100,83,2301.849798
100yr_0180m_h472,100,0180,1,level,5.0,118,6.03,0,21,17,61.32899
100yr_0180m_h472,100,0180,2,level,5.0,118,6.0496,0,27,18,129.049182
100yr_0180m_h472,100,0180,3,level,5.0,118,6.0496,0,22,19,196.587816
100yr_0180m_h472,100,0180,5,level,5.0,118,6.2344,0,19,20,339.056034
100yr_0180m_h472,100,0180,6,level,5.0,118,6.474,0,18,21,419.380172
100yr_0180m_h472,100,0180,1,near_overflow,0.5,118,6.3121,0,17,30,66.567984
100yr_0180m_h472,100,0180,2,near_overflow,0.5,118,6.0496,0,13,21,132.483369
100yr_0180m_h472,100,0180,3,near_overflow,0.5,118,6.2913,0,16,19,200.337312
100yr_0180m_h472,100,0180,5,near_overflow,0.5,118,6.2557,0,14,20,339.887377
100yr_0180m_h472,100,0180,6,near_overflow,0.5,118,6.4422,0,14,21,413.541745
100yr_0180m_h472,100,0180,1,near_overflow,2.0,118,6.3121,0,17,30,66.567984
100yr_0180m_h472,100,0180,2,near_overflow,2.0,118,6.0496,0,13,21,132.483369
100yr_0180m_h472,100,0180,3,near_overflow,2.0,118,6.2913,0,16,19,200.337312
100yr_0180m_h472,100,0180,5,near_overflow,2.0,118,6.2557,0,14,20,339.887377
100yr_0180m_h472,100,0180,6,near_overflow,2.0,118,6.4422,0,14,21,413.541745
100yr_0180m_h472,100,0180,1,near_overflow,1.0,118,6.3121,0,17,30,66.567984
100yr_0180m_h472,100,0180,2,near_overflow,1.0,118,6.0496,0,13,21,132.483369
100yr_0180m_h472,100,0180,3,near_overflow,1.0,118,6.2913,0,16,19,200.337312
100yr_0180m_h472,100,0180,5,near_overflow,1.0,118,6.2557,0,14,20,339.887377
100yr_0180m_h472,100,0180,6,near_overflow,1.0,118,6.4422,0,14,21,413.541745
100yr_0180m_h490,100,0180,1,level,0.5,118,6.0511,0,22,24,64.862521
100yr_0180m_h490,100,0180,2,level,0.5,118,6.1292,0,28,18,131.134988
100yr_0180m_h490,100,0180,3,level,0.5,118,6.1292,0,17,19,198.380535
100yr_0180m_h490,100,0180,5,level,0.5,118,6.2643,0,17,20,340.026851
100yr_0180m_h490,100,0180,6,level,0.5,118,6.4025,0,10,21,413.027812
10yr_1440m_h1152,10,1440,1,near_overflow,5.0,748,6.3155,0,49,105,379.374511
10yr_1440m_h1152,10,1440,2,near_overflow,5.0,748,5.3459,0,93,71,758.298294
10yr_1440m_h1152,10,1440,3,near_overflow,5.0,748,5.3051,0,122,72,1131.7052
10yr_1440m_h1152,10,1440,5,near_overflow,5.0,748,5.7508,0,84,80,1904.303106
10yr_1440m_h1152,10,1440,6,near_overflow,5.0,748,5.8227,0,74,83,2298.48959
100yr_0180m_h490,100,0180,1,level,1.0,118,6.0165,0,17,22,64.864787
100yr_0180m_h490,100,0180,2,level,1.0,118,6.1292,0,28,18,131.134988
100yr_0180m_h490,100,0180,3,level,1.0,118,6.1292,0,17,19,198.280765
100yr_0180m_h490,100,0180,5,level,1.0,118,6.2643,0,14,20,340.756333
100yr_0180m_h490,100,0180,6,level,1.0,118,6.4025,0,12,21,413.092039
100yr_0180m_h490,100,0180,1,level,2.0,118,6.0165,0,41,17,63.631216
100yr_0180m_h490,100,0180,2,level,2.0,118,6.1292,0,28,18,130.128774
100yr_0180m_h490,100,0180,3,level,2.0,118,6.1292,0,17,19,198.544642
100yr_0180m_h490,100,0180,5,level,2.0,118,6.2643,0,15,20,340.472707
100yr_0180m_h490,100,0180,6,level,2.0,118,6.4025,0,13,21,413.546904
10yr_1440m_h1126,10,1440,1,near_overflow,1.0,748,6.3081,0,52,49,378.288594
10yr_1440m_h1126,10,1440,2,near_overflow,1.0,748,5.3549,0,112,32,756.114011
10yr_1440m_h1126,10,1440,3,near_overflow,1.0,748,5.3439,0,128,32,1131.189595
10yr_1440m_h1126,10,1440,5,near_overflow,1.0,748,5.7839,0,80,34,1909.208271
10yr_1440m_h1126,10,1440,6,near_overflow,1.0,748,5.827,0,80,35,2294.531464
100yr_0180m_h490,100,0180,1,near_overflow,0.5,118,6.3058,0,17,30,66.471944
100yr_0180m_h490,100,0180,2,near_overflow,0.5,118,6.0795,0,13,21,133.243054
100yr_0180m_h490,100,0180,3,near_overflow,0.5,118,6.3683,0,20,19,200.540441
100yr_0180m_h490,100,0180,5,near_overflow,0.5,118,6.382,0,14,20,341.736284
100yr_0180m_h490,100,0180,6,near_overflow,0.5,118,6.471,0,11,21,413.908544
100yr_0180m_h490,100,0180,1,level,5.0,118,6.0165,0,21,17,61.886005
100yr_0180m_h490,100,0180,2,level,5.0,118,6.0165,0,26,18,127.904843
100yr_0180m_h490,100,0180,3,level,5.0,118,6.0795,0,22,19,196.408203
100yr_0180m_h490,100,0180,5,level,5.0,118,6.2643,0,17,20,339.484839
100yr_0180m_h490,100,0180,6,level,5.0,118,6.4107,0,14,21,410.824968
100yr_0180m_h472,100,0180,1,near_overflow,5.0,118,6.3121,0,17,30,66.567984
100yr_0180m_h472,100,0180,2,near_overflow,5.0,118,6.0496,0,13,21,132.483369
100yr_0180m_h472,100,0180,3,near_overflow,5.0,118,6.2913,0,16,19,200.337312
100yr_0180m_h472,100,0180,5,near_overflow,5.0,118,6.2557,0,14,20,339.887377
100yr_0180m_h472,100,0180,6,near_overflow,5.0,118,6.4422,0,14,21,413.541745
100yr_0180m_h490,100,0180,1,near_overflow,5.0,118,6.3058,0,17,30,66.471944
100yr_0180m_h490,100,0180,2,near_overflow,5.0,118,6.0795,0,13,21,133.243054
100yr_0180m_h490,100,0180,3,near_overflow,5.0,118,6.3683,0,20,19,200.540441
100yr_0180m_h490,100,0180,5,near_overflow,5.0,118,6.382,0,14,20,341.736284
100yr_0180m_h490,100,0180,6,near_overflow,5.0,118,6.471,0,11,21,413.908544
10yr_1440m_h1126,10,1440,1,near_overflow,5.0,748,6.3081,0,52,49,378.288594
10yr_1440m_h1126,10,1440,2,near_overflow,5.0,748,5.3549,0,112,32,756.114011
10yr_1440m_h1126,10,1440,3,near_overflow,5.0,748,5.3439,0,128,32,1131.189595
10yr_1440m_h1126,10,1440,5,near_overflow,5.0,748,5.7839,0,80,34,1909.208271
10yr_1440m_h1126,10,1440,6,near_overflow,5.0,748,5.827,0,80,35,2294.531464
100yr_0180m_h490,100,0180,1,near_overflow,2.0,118,6.3058,0,17,30,66.471944
100yr_0180m_h490,100,0180,2,near_overflow,2.0,118,6.0795,0,13,21,133.243054
100yr_0180m_h490,100,0180,3,near_overflow,2.0,118,6.3683,0,20,19,200.540441
100yr_0180m_h490,100,0180,5,near_overflow,2.0,118,6.382,0,14,20,341.736284
100yr_0180m_h490,100,0180,6,near_overflow,2.0,118,6.471,0,11,21,413.908544
100yr_0180m_h428,100,0180,1,level,1.0,118,5.4443,0,22,16,63.344495
100yr_0180m_h428,100,0180,2,level,1.0,118,5.2778,0,24,14,129.467219
100yr_0180m_h428,100,0180,3,level,1.0,118,5.6518,0,22,14,196.554009
100yr_0180m_h428,100,0180,5,level,1.0,118,6.2698,0,17,14,339.725158
100yr_0180m_h428,100,0180,6,level,1.0,118,6.5702,0,15,22,412.82458
100yr_0180m_h428,100,0180,1,level,2.0,118,5.0688,0,40,13,60.724863
100yr_0180m_h428,100,0180,2,level,2.0,118,5.2778,0,24,14,128.439462
100yr_0180m_h428,100,0180,3,level,2.0,118,5.6518,0,24,14,195.856997
100yr_0180m_h428,100,0180,5,level,2.0,118,6.2698,0,19,14,339.260679
100yr_0180m_h428,100,0180,6,level,2.0,118,6.5702,0,16,22,411.466865
100yr_0180m_h428,100,0180,1,level,0.5,118,5.8716,0,23,18,63.659407
100yr_0180m_h428,100,0180,2,level,0.5,118,5.2778,0,24,14,129.467219
100yr_0180m_h428,100,0180,3,level,0.5,118,5.6518,0,22,14,196.749464
100yr_0180m_h428,100,0180,5,level,0.5,118,6.2698,0,17,14,340.070448
100yr_0180m_h428,100,0180,6,level,0.5,118,6.5702,0,13,22,416.877495
100yr_0180m_h428,100,0180,1,near_overflow,0.5,118,6.3525,0,12,21,65.805938
100yr_0180m_h428,100,0180,2,near_overflow,0.5,118,5.4035,0,20,15,129.984564
100yr_0180m_h428,100,0180,3,near_overflow,0.5,118,5.8145,0,18,14,199.456346
100yr_0180m_h428,100,0180,5,near_overflow,0.5,118,6.2698,0,17,14,342.62645
100yr_0180m_h428,100,0180,6,near_overflow,0.5,118,6.5702,0,12,22,417.608436
100yr_0180m_h428,100,0180,1,near_overflow,2.0,118,6.3525,0,12,21,65.805938
100yr_0180m_h428,100,0180,2,near_overflow,2.0,118,5.4035,0,20,15,129.984564
100yr_0180m_h428,100,0180,3,near_overflow,2.0,118,5.8145,0,18,14,199.456346
100yr_0180m_h428,100,0180,5,near_overflow,2.0,118,6.2698,0,17,14,342.62645
100yr_0180m_h428,100,0180,6,near_overflow,2.0,118,6.5702,0,12,22,417.608436
100yr_0180m_h428,100,0180,1,near_overflow,5.0,118,6.3525,0,12,21,65.805938
100yr_0180m_h428,100,0180,2,near_overflow,5.0,118,5.4035,0,20,15,129.984564
100yr_0180m_h428,100,0180,3,near_overflow,5.0,118,5.8145,0,18,14,199.456346
100yr_0180m_h428,100,0180,5,near_overflow,5.0,118,6.2698,0,17,14,342.62645
100yr_0180m_h428,100,0180,6,near_overflow,5.0,118,6.5702,0,12,22,417.608436
10yr_1440m_h1126,10,1440,1,level,0.5,748,5.8163,0,95,37,368.550044
10yr_1440m_h1126,10,1440,2,level,0.5,748,5.1158,0,196,30,747.750027
10yr_1440m_h1126,10,1440,3,level,0.5,748,5.3439,0,128,32,1130.583815
10yr_1440m_h1126,10,1440,5,level,0.5,748,5.7839,0,88,34,1910.465728
10yr_1440m_h1126,10,1440,6,level,0.5,748,5.8302,0,90,35,2295.674866
100yr_0180m_h428,100,0180,1,near_overflow,1.0,118,6.3525,0,12,21,65.805938
100yr_0180m_h428,100,0180,2,near_overflow,1.0,118,5.4035,0,20,15,129.984564
100yr_0180m_h428,100,0180,3,near_overflow,1.0,118,5.8145,0,18,14,199.456346
100yr_0180m_h428,100,0180,5,near_overflow,1.0,118,6.2698,0,17,14,342.62645
100yr_0180m_h428,100,0180,6,near_overflow,1.0,118,6.5702,0,12,22,417.608436
100yr_0180m_h490,100,0180,1,near_overflow,1.0,118,6.3058,0,17,30,66.471944
100yr_0180m_h490,100,0180,2,near_overflow,1.0,118,6.0795,0,13,21,133.243054
100yr_0180m_h490,100,0180,3,near_overflow,1.0,118,6.3683,0,20,19,200.540441
100yr_0180m_h490,100,0180,5,near_overflow,1.0,118,6.382,0,14,20,341.736284
100yr_0180m_h490,100,0180,6,near_overflow,1.0,118,6.471,0,11,21,413.908544
100yr_0240m_h549,100,0240,1,level,0.5,148,5.8322,0,40,21,78.63894
100yr_0240m_h549,100,0240,2,level,0.5,148,5.2785,0,41,16,160.18575
100yr_0240m_h549,100,0240,3,level,0.5,148,5.6243,0,32,17,245.21034
100yr_0240m_h549,100,0240,5,level,0.5,148,6.1222,0,28,17,422.992264
100yr_0240m_h549,100,0240,6,level,0.5,148,6.6096,0,22,20,518.777677
10yr_1440m_h1126,10,1440,1,level,1.0,748,5.5434,0,134,34,366.086487
10yr_1440m_h1126,10,1440,2,level,1.0,748,5.1158,0,196,30,747.750027
10yr_1440m_h1126,10,1440,3,level,1.0,748,5.3439,0,128,32,1130.583815
10yr_1440m_h1126,10,1440,5,level,1.0,748,5.7839,0,96,34,1911.504941
10yr_1440m_h1126,10,1440,6,level,1.0,748,5.8302,0,118,35,2299.296638
100yr_0240m_h549,100,0240,1,level,2.0,148,5.0634,0,61,15,76.038862
100yr_0240m_h549,100,0240,2,level,2.0,148,5.3387,0,44,16,158.610827
100yr_0240m_h549,100,0240,3,level,2.0,148,5.6243,0,34,17,243.930136
100yr_0240m_h549,100,0240,5,level,2.0,148,6.0674,0,40,17,421.446706
100yr_0240m_h549,100,0240,6,level,2.0,148,6.4668,0,35,20,514.661415
100yr_0240m_h549,100,0240,1,level,1.0,148,5.4782,0,44,19,77.996049
100yr_0240m_h549,100,0240,2,level,1.0,148,5.2785,0,41,16,160.138758
100yr_0240m_h549,100,0240,3,level,1.0,148,5.6243,0,33,17,245.181142
100yr_0240m_h549,100,0240,5,level,1.0,148,6.1222,0,36,17,423.280225
100yr_0240m_h549,100,0240,6,level,1.0,148,6.6096,0,27,20,517.834782
100yr_0180m_h428,100,0180,1,level,5.0,118,4.9365,0,26,13,58.468537
100yr_0180m_h428,100,0180,2,level,5.0,118,5.1352,0,30,13,124.387702
100yr_0180m_h428,100,0180,3,level,5.0,118,5.8204,0,32,14,194.131715
100yr_0180m_h428,100,0180,5,level,5.0,118,6.1312,0,27,14,335.337247
100yr_0180m_h428,100,0180,6,level,5.0,118,6.2733,0,25,14,410.974019
100yr_0240m_h549,100,0240,1,near_overflow,0.5,148,6.3344,0,17,25,81.868646
100yr_0240m_h549,100,0240,2,near_overflow,0.5,148,5.4548,0,30,18,161.902189
100yr_0240m_h549,100,0240,3,near_overflow,0.5,148,5.8089,0,26,17,246.191488
100yr_0240m_h549,100,0240,5,near_overflow,0.5,148,6.1222,0,23,17,424.131655
100yr_0240m_h549,100,0240,6,near_overflow,0.5,148,6.4025,0,21,18,513.91861
100yr_0240m_h549,100,0240,1,near_overflow,2.0,148,6.3344,0,17,25,81.868646
100yr_0240m_h549,100,0240,2,near_overflow,2.0,148,5.4548,0,30,18,161.902189
100yr_0240m_h549,100,0240,3,near_overflow,2.0,148,5.8089,0,26,17,246.191488
100yr_0240m_h549,100,0240,5,near_overflow,2.0,148,6.1222,0,23,17,424.131655
100yr_0240m_h549,100,0240,6,near_overflow,2.0,148,6.4025,0,21,18,513.91861
100yr_0240m_h549,100,0240,1,level,5.0,148,4.938,0,38,15,72.212258
100yr_0240m_h549,100,0240,2,level,5.0,148,5.1367,0,52,16,154.821274
100yr_0240m_h549,100,0240,3,level,5.0,148,5.8668,0,44,17,242.039549
100yr_0240m_h549,100,0240,5,level,5.0,148,6.0949,0,39,17,417.2717
100yr_0240m_h549,100,0240,6,level,5.0,148,6.5016,0,42,24,512.633132
100yr_0240m_h602,100,0240,1,level,0.5,148,5.7775,0,29,28,79.62857
100yr_0240m_h602,100,0240,2,level,0.5,148,5.3503,0,33,22,160.413103
100yr_0240m_h602,100,0240,3,level,0.5,148,5.4954,0,22,23,243.867945
100yr_0240m_h602,100,0240,5,level,0.5,148,6.0315,0,20,24,417.355684
100yr_0240m_h602,100,0240,6,level,0.5,148,6.2963,0,21,25,515.23693
100yr_0240m_h602,100,0240,1,level,2.0,148,5.2091,0,57,19,77.313221
100yr_0240m_h602,100,0240,2,level,2.0,148,5.3503,0,33,22,159.17157
100yr_0240m_h602,100,0240,3,level,2.0,148,5.4954,0,29,23,243.526738
100yr_0240m_h602,100,0240,5,level,2.0,148,6.1311,0,30,24,416.566131
100yr_0240m_h602,100,0240,6,level,2.0,148,6.3158,0,28,25,510.928447
100yr_0240m_h602,100,0240,1,level,5.0,148,5.2091,0,23,19,72.83421
100yr_0240m_h602,100,0240,2,level,5.0,148,5.3503,0,42,21,157.698225
100yr_0240m_h602,100,0240,3,level,5.0,148,5.6128,0,37,22,241.047999
100yr_0240m_h602,100,0240,5,level,5.0,148,5.9889,0,27,24,411.858675
100yr_0240m_h602,100,0240,6,level,5.0,148,6.3724,0,37,25,508.762947
100yr_0240m_h602,100,0240,1,near_overflow,1.0,148,6.2607,0,16,35,81.914726
100yr_0240m_h602,100,0240,2,near_overflow,1.0,148,5.4439,0,17,24,162.519079
100yr_0240m_h602,100,0240,3,near_overflow,1.0,148,5.7243,0,21,23,246.039141
100yr_0240m_h602,100,0240,5,near_overflow,1.0,148,6.1619,0,19,24,418.191545
100yr_0240m_h602,100,0240,6,near_overflow,1.0,148,6.9183,0,18,25,521.436941
100yr_0240m_h602,100,0240,1,near_overflow,2.0,148,6.2607,0,16,35,81.914726
100yr_0240m_h602,100,0240,2,near_overflow,2.0,148,5.4439,0,17,24,162.519079
100yr_0240m_h602,100,0240,3,near_overflow,2.0,148,5.7243,0,21,23,246.039141
100yr_0240m_h602,100,0240,5,near_overflow,2.0,148,6.1619,0,19,24,418.191545
100yr_0240m_h602,100,0240,6,near_overflow,2.0,148,6.9183,0,18,25,521.436941
100yr_0240m_h549,100,0240,1,near_overflow,1.0,148,6.3344,0,17,25,81.868646
100yr_0240m_h549,100,0240,2,near_overflow,1.0,148,5.4548,0,30,18,161.902189
100yr_0240m_h549,100,0240,3,near_overflow,1.0,148,5.8089,0,26,17,246.191488
100yr_0240m_h549,100,0240,5,near_overflow,1.0,148,6.1222,0,23,17,424.131655
100yr_0240m_h549,100,0240,6,near_overflow,1.0,148,6.4025,0,21,18,513.91861
100yr_0240m_h585,100,0240,1,level,1.0,148,5.4983,0,36,22,78.573869
100yr_0240m_h585,100,0240,2,level,1.0,148,5.3585,0,42,19,160.050452
100yr_0240m_h585,100,0240,3,level,1.0,148,5.4114,0,28,19,243.80769
100yr_0240m_h585,100,0240,5,level,1.0,148,6.1076,0,18,21,421.713059
100yr_0240m_h585,100,0240,6,level,1.0,148,6.3738,0,19,21,512.097055
100yr_0240m_h585,100,0240,1,level,0.5,148,5.7439,0,33,24,79.69642
100yr_0240m_h585,100,0240,2,level,0.5,148,5.3585,0,42,19,160.135032
100yr_0240m_h585,100,0240,3,level,0.5,148,5.4114,0,32,19,244.571231
100yr_0240m_h585,100,0240,5,level,0.5,148,6.1076,0,15,21,421.978777
100yr_0240m_h585,100,0240,6,level,0.5,148,6.3738,0,16,21,515.27568
100yr_0240m_h549,100,0240,1,near_overflow,5.0,148,6.3344,0,17,25,81.868646
100yr_0240m_h549,100,0240,2,near_overflow,5.0,148,5.4548,0,30,18,161.902189
100yr_0240m_h549,100,0240,3,near_overflow,5.0,148,5.8089,0,26,17,246.191488
100yr_0240m_h549,100,0240,5,near_overflow,5.0,148,6.1222,0,23,17,424.131655
100yr_0240m_h549,100,0240,6,near_overflow,5.0,148,6.4025,0,21,18,513.91861
100yr_0240m_h585,100,0240,1,level,2.0,148,5.0656,0,48,17,75.562443
100yr_0240m_h585,100,0240,2,level,2.0,148,5.3104,0,36,19,159.140363
100yr_0240m_h585,100,0240,3,level,2.0,148,5.4114,0,28,19,243.953006
100yr_0240m_h585,100,0240,5,level,2.0,148,6.1076,0,26,21,419.576028
100yr_0240m_h585,100,0240,6,level,2.0,148,6.1787,0,22,21,509.399669
100yr_0240m_h585,100,0240,1,level,5.0,148,4.919,0,24,17,71.988975
100yr_0240m_h585,100,0240,2,level,5.0,148,5.2278,0,46,18,155.165088
100yr_0240m_h585,100,0240,3,level,5.0,148,5.8961,0,36,19,242.791746
100yr_0240m_h585,100,0240,5,level,5.0,148,6.2515,0,31,20,417.663131
100yr_0240m_h585,100,0240,6,level,5.0,148,6.2103,0,27,21,504.71968
100yr_0240m_h602,100,0240,1,near_overflow,5.0,148,6.2607,0,16,35,81.914726
100yr_0240m_h602,100,0240,2,near_overflow,5.0,148,5.4439,0,17,24,162.519079
100yr_0240m_h602,100,0240,3,near_overflow,5.0,148,5.7243,0,21,23,246.039141
100yr_0240m_h602,100,0240,5,near_overflow,5.0,148,6.1619,0,19,24,418.191545
100yr_0240m_h602,100,0240,6,near_overflow,5.0,148,6.9183,0,18,25,521.436941
100yr_0240m_h585,100,0240,1,near_overflow,0.5,148,6.2647,0,15,31,81.665155
100yr_0240m_h585,100,0240,2,near_overflow,0.5,148,5.4251,0,28,21,161.822421
100yr_0240m_h585,100,0240,3,near_overflow,0.5,148,5.8031,0,22,19,247.001642
100yr_0240m_h585,100,0240,5,near_overflow,0.5,148,6.1076,0,14,21,424.704241
100yr_0240m_h585,100,0240,6,near_overflow,0.5,148,6.3738,0,16,21,514.236817
100yr_0240m_h602,100,0240,1,level,1.0,148,5.4865,0,28,26,78.985903
100yr_0240m_h602,100,0240,2,level,1.0,148,5.3503,0,33,22,160.413103
100yr_0240m_h602,100,0240,3,level,1.0,148,5.4954,0,23,23,243.732396
100yr_0240m_h602,100,0240,5,level,1.0,148,6.0315,0,24,24,416.018854
100yr_0240m_h602,100,0240,6,level,1.0,148,6.2963,0,23,25,512.040386
100yr_0240m_h602,100,0240,1,near_overflow,0.5,148,6.2607,0,16,35,81.914726
100yr_0240m_h602,100,0240,2,near_overflow,0.5,148,5.4439,0,17,24,162.519079
100yr_0240m_h602,100,0240,3,near_overflow,0.5,148,5.7243,0,21,23,246.039141
100yr_0240m_h602,100,0240,5,near_overflow,0.5,148,6.1619,0,19,24,418.191545
100yr_0240m_h602,100,0240,6,near_overflow,0.5,148,6.9183,0,18,25,521.436941
100yr_0240m_h585,100,0240,1,near_overflow,2.0,148,6.2647,0,15,31,81.665155
100yr_0240m_h585,100,0240,2,near_overflow,2.0,148,5.4251,0,28,21,161.822421
100yr_0240m_h585,100,0240,3,near_overflow,2.0,148,5.8031,0,22,19,247.001642
100yr_0240m_h585,100,0240,5,near_overflow,2.0,148,6.1076,0,14,21,424.704241
100yr_0240m_h585,100,0240,6,near_overflow,2.0,148,6.3738,0,16,21,514.236817
100yr_0240m_h615,100,0240,1,level,2.0,148,5.2457,0,53,20,77.016445
100yr_0240m_h615,100,0240,2,level,2.0,148,5.3773,0,32,22,159.385244
100yr_0240m_h615,100,0240,3,level,2.0,148,5.5313,0,33,23,243.558686
100yr_0240m_h615,100,0240,5,level,2.0,148,6.0232,0,33,24,417.128578
100yr_0240m_h615,100,0240,6,level,2.0,148,6.3927,0,24,25,514.335801
100yr_0240m_h585,100,0240,1,near_overflow,5.0,148,6.2647,0,15,31,81.665155
100yr_0240m_h585,100,0240,2,near_overflow,5.0,148,5.4251,0,28,21,161.822421
100yr_0240m_h585,100,0240,3,near_overflow,5.0,148,5.8031,0,22,19,247.001642
100yr_0240m_h585,100,0240,5,near_overflow,5.0,148,6.1076,0,14,21,424.704241
100yr_0240m_h585,100,0240,6,near_overflow,5.0,148,6.3738,0,16,21,514.236817
100yr_0240m_h615,100,0240,1,near_overflow,0.5,148,6.263,0,18,35,82.058356
100yr_0240m_h615,100,0240,2,near_overflow,0.5,148,5.4324,0,18,24,162.721464
100yr_0240m_h615,100,0240,3,near_overflow,0.5,148,5.834,0,22,23,246.052042
100yr_0240m_h615,100,0240,5,near_overflow,0.5,148,6.193,0,24,24,421.736794
100yr_0240m_h615,100,0240,6,near_overflow,0.5,148,6.6624,0,20,25,521.013263
100yr_0240m_h615,100,0240,1,level,5.0,148,5.2457,0,19,20,72.891631
100yr_0240m_h615,100,0240,2,level,5.0,148,5.3773,0,42,21,157.660153
100yr_0240m_h615,100,0240,3,level,5.0,148,5.5313,0,35,22,241.218692
100yr_0240m_h615,100,0240,5,level,5.0,148,6.1219,0,37,24,417.736587
100yr_0240m_h615,100,0240,6,level,5.0,148,6.4716,0,31,25,513.180661
100yr_0240m_h615,100,0240,1,level,1.0,148,5.486,0,32,26,79.158414
100yr_0240m_h615,100,0240,2,level,1.0,148,5.5313,0,33,22,161.104852
100yr_0240m_h615,100,0240,3,level,1.0,148,5.5313,0,22,23,243.98311
100yr_0240m_h615,100,0240,5,level,1.0,148,6.193,0,28,24,417.900763
100yr_0240m_h615,100,0240,6,level,1.0,148,6.3927,0,22,25,514.767335
100yr_0240m_h615,100,0240,1,near_overflow,5.0,148,6.263,0,18,35,82.058356
100yr_0240m_h615,100,0240,2,near_overflow,5.0,148,5.4324,0,18,24,162.721464
100yr_0240m_h615,100,0240,3,near_overflow,5.0,148,5.834,0,22,23,246.052042
100yr_0240m_h615,100,0240,5,near_overflow,5.0,148,6.193,0,24,24,421.736794
100yr_0240m_h615,100,0240,6,near_overflow,5.0,148,6.6624,0,20,25,521.013263
100yr_0240m_h519,100,0240,1,level,0.5,148,5.8584,0,37,11,79.157358
100yr_0240m_h519,100,0240,2,level,0.5,148,5.3301,0,38,7,160.337478
100yr_0240m_h519,100,0240,3,level,0.5,148,5.6916,0,32,8,244.598369
100yr_0240m_h519,100,0240,5,level,0.5,148,6.2603,0,21,9,428.372894
100yr_0240m_h519,100,0240,6,level,0.5,148,6.4752,0,19,13,520.236009
100yr_0240m_h519,100,0240,1,level,1.0,148,5.5561,0,40,10,78.727377
100yr_0240m_h519,100,0240,2,level,1.0,148,5.3301,0,38,7,160.337478
100yr_0240m_h519,100,0240,3,level,1.0,148,5.7347,0,30,9,243.906262
100yr_0240m_h519,100,0240,5,level,1.0,148,6.2603,0,25,9,427.78908
100yr_0240m_h519,100,0240,6,level,1.0,148,6.4752,0,24,13,519.552605
100yr_0240m_h519,100,0240,1,level,2.0,148,5.0494,0,66,7,76.987726
100yr_0240m_h519,100,0240,2,level,2.0,148,5.3019,0,40,7,158.253497
100yr_0240m_h519,100,0240,3,level,2.0,148,5.7347,0,32,9,243.480985
100yr_0240m_h519,100,0240,5,level,2.0,148,6.1181,0,28,12,425.806196
100yr_0240m_h519,100,0240,6,level,2.0,148,6.2015,0,30,12,517.294197
100yr_0240m_h585,100,0240,1,near_overflow,1.0,148,6.2647,0,15,31,81.665155
100yr_0240m_h585,100,0240,2,near_overflow,1.0,148,5.4251,0,28,21,161.822421
100yr_0240m_h585,100,0240,3,near_overflow,1.0,148,5.8031,0,22,19,247.001642
100yr_0240m_h585,100,0240,5,near_overflow,1.0,148,6.1076,0,14,21,424.704241
100yr_0240m_h585,100,0240,6,near_overflow,1.0,148,6.3738,0,16,21,514.236817
100yr_0240m_h519,100,0240,1,level,5.0,148,4.9672,0,36,7,73.16045
100yr_0240m_h519,100,0240,2,level,5.0,148,5.2298,0,54,7,154.906727
100yr_0240m_h519,100,0240,3,level,5.0,148,6.0263,0,44,12,243.176606
100yr_0240m_h519,100,0240,5,level,5.0,148,6.1181,0,40,12,425.89985
100yr_0240m_h519,100,0240,6,level,5.0,148,6.2193,0,38,12,518.71871
100yr_0240m_h615,100,0240,1,level,0.5,148,5.7783,0,29,28,79.54132
100yr_0240m_h615,100,0240,2,level,0.5,148,5.5313,0,33,22,161.104852
100yr_0240m_h615,100,0240,3,level,0.5,148,5.5313,0,22,23,243.98311
100yr_0240m_h615,100,0240,5,level,0.5,148,6.193,0,25,24,416.715497
100yr_0240m_h615,100,0240,6,level,0.5,148,6.3927,0,19,25,514.686969
100yr_0240m_h519,100,0240,1,near_overflow,1.0,148,6.4411,0,12,14,82.23779
100yr_0240m_h519,100,0240,2,near_overflow,1.0,148,5.453,0,32,9,160.877453
100yr_0240m_h519,100,0240,3,near_overflow,1.0,148,5.773,0,24,8,245.751926
100yr_0240m_h519,100,0240,5,near_overflow,1.0,148,6.2603,0,22,8,424.454709
100yr_0240m_h519,100,0240,6,near_overflow,1.0,148,6.3987,0,16,8,515.903327
100yr_0240m_h615,100,0240,1,near_overflow,1.0,148,6.263,0,18,35,82.058356
100yr_0240m_h615,100,0240,2,near_overflow,1.0,148,5.4324,0,18,24,162.721464
100yr_0240m_h615,100,0240,3,near_overflow,1.0,148,5.834,0,22,23,246.052042
100yr_0240m_h615,100,0240,5,near_overflow,1.0,148,6.193,0,24,24,421.736794
100yr_0240m_h615,100,0240,6,near_overflow,1.0,148,6.6624,0,20,25,521.013263
100yr_0240m_h519,100,0240,1,near_overflow,5.0,148,6.4411,0,12,14,82.23779
100yr_0240m_h519,100,0240,2,near_overflow,5.0,148,5.453,0,32,9,160.877453
100yr_0240m_h519,100,0240,3,near_overflow,5.0,148,5.773,0,24,8,245.751926
100yr_0240m_h519,100,0240,5,near_overflow,5.0,148,6.2603,0,22,8,424.454709
100yr_0240m_h519,100,0240,6,near_overflow,5.0,148,6.3987,0,16,8,515.903327
100yr_0240m_h519,100,0240,1,near_overflow,0.5,148,6.4411,0,12,14,82.23779
100yr_0240m_h519,100,0240,2,near_overflow,0.5,148,5.453,0,32,9,160.877453
100yr_0240m_h519,100,0240,3,near_overflow,0.5,148,5.773,0,24,8,245.751926
100yr_0240m_h519,100,0240,5,near_overflow,0.5,148,6.2603,0,22,8,424.454709
100yr_0240m_h519,100,0240,6,near_overflow,0.5,148,6.3987,0,16,8,515.903327
100yr_0240m_h519,100,0240,1,near_overflow,2.0,148,6.4411,0,12,14,82.23779
100yr_0240m_h519,100,0240,2,near_overflow,2.0,148,5.453,0,32,9,160.877453
100yr_0240m_h519,100,0240,3,near_overflow,2.0,148,5.773,0,24,8,245.751926
100yr_0240m_h519,100,0240,5,near_overflow,2.0,148,6.2603,0,22,8,424.454709
100yr_0240m_h519,100,0240,6,near_overflow,2.0,148,6.3987,0,16,8,515.903327
100yr_0240m_h615,100,0240,1,near_overflow,2.0,148,6.263,0,18,35,82.058356
100yr_0240m_h615,100,0240,2,near_overflow,2.0,148,5.4324,0,18,24,162.721464
100yr_0240m_h615,100,0240,3,near_overflow,2.0,148,5.834,0,22,23,246.052042
100yr_0240m_h615,100,0240,5,near_overflow,2.0,148,6.193,0,24,24,421.736794
100yr_0240m_h615,100,0240,6,near_overflow,2.0,148,6.6624,0,20,25,521.013263
10yr_1440m_h1137,10,1440,1,near_overflow,5.0,748,6.3068,0,59,49,378.246035
10yr_1440m_h1137,10,1440,2,near_overflow,5.0,748,5.3608,0,112,32,756.159826
10yr_1440m_h1137,10,1440,3,near_overflow,5.0,748,5.3266,0,135,32,1129.71814
10yr_1440m_h1137,10,1440,5,near_overflow,5.0,748,5.7614,0,80,34,1908.739468
10yr_1440m_h1137,10,1440,6,near_overflow,5.0,748,5.8272,0,78,35,2296.699944
10yr_1440m_h1189,10,1440,1,level,0.5,748,5.826,0,94,93,369.063987
10yr_1440m_h1189,10,1440,2,level,0.5,748,5.1164,0,176,79,749.646689
10yr_1440m_h1189,10,1440,3,level,0.5,748,5.3281,0,126,83,1130.598
10yr_1440m_h1189,10,1440,5,level,0.5,748,5.7021,0,88,91,1907.497486
10yr_1440m_h1189,10,1440,6,level,0.5,748,5.8411,0,84,94,2299.228541
10yr_1440m_h1137,10,1440,1,level,0.5,748,5.8158,0,96,37,368.201572
10yr_1440m_h1137,10,1440,2,level,0.5,748,5.1216,0,192,30,747.902279
10yr_1440m_h1137,10,1440,3,level,0.5,748,5.3266,0,135,32,1129.119512
10yr_1440m_h1137,10,1440,5,level,0.5,748,5.7614,0,88,34,1909.649766
10yr_1440m_h1137,10,1440,6,level,0.5,748,5.8307,0,86,35,2297.126444
10yr_1440m_h1137,10,1440,1,near_overflow,0.5,748,6.3068,0,59,49,378.246035
10yr_1440m_h1137,10,1440,2,near_overflow,0.5,748,5.3608,0,112,32,756.159826
10yr_1440m_h1137,10,1440,3,near_overflow,0.5,748,5.3266,0,135,32,1129.71814
10yr_1440m_h1137,10,1440,5,near_overflow,0.5,748,5.7614,0,80,34,1908.739468
10yr_1440m_h1137,10,1440,6,near_overflow,0.5,748,5.8272,0,78,35,2296.699944
10yr_1440m_h1189,10,1440,1,level,1.0,748,5.5315,0,142,86,365.24503
10yr_1440m_h1189,10,1440,2,level,1.0,748,5.1164,0,176,79,749.646689
10yr_1440m_h1189,10,1440,3,level,1.0,748,5.3281,0,126,83,1130.598
10yr_1440m_h1189,10,1440,5,level,1.0,748,5.724,0,94,91,1909.414663
10yr_1440m_h1189,10,1440,6,level,1.0,748,5.8411,0,109,94,2300.79107
10yr_1440m_h1137,10,1440,1,near_overflow,2.0,748,6.3068,0,59,49,378.246035
10yr_1440m_h1137,10,1440,2,near_overflow,2.0,748,5.3608,0,112,32,756.159826
10yr_1440m_h1137,10,1440,3,near_overflow,2.0,748,5.3266,0,135,32,1129.71814
10yr_1440m_h1137,10,1440,5,near_overflow,2.0,748,5.7614,0,80,34,1908.739468
10yr_1440m_h1137,10,1440,6,near_overflow,2.0,748,5.8272,0,78,35,2296.699944
10yr_1440m_h1137,10,1440,1,level,2.0,748,4.9198,0,334,27,360.975556
10yr_1440m_h1137,10,1440,2,level,2.0,748,5.1216,0,192,30,738.719603
10yr_1440m_h1137,10,1440,3,level,2.0,748,5.3266,0,159,32,1125.28449
10yr_1440m_h1137,10,1440,5,level,2.0,748,5.7614,0,132,34,1912.384298
10yr_1440m_h1137,10,1440,6,level,2.0,748,5.824,0,132,35,2308.242195
10yr_1440m_h1189,10,1440,1,level,5.0,748,4.9198,0,198,73,352.345563
10yr_1440m_h1189,10,1440,2,level,5.0,748,5.0748,0,234,77,727.710238
10yr_1440m_h1189,10,1440,3,level,5.0,748,5.284,0,210,82,1116.605737
10yr_1440m_h1189,10,1440,5,level,5.0,748,5.6909,0,176,90,1903.677322
10yr_1440m_h1189,10,1440,6,level,5.0,748,5.829,0,170,93,2297.926731
10yr_1440m_h1189,10,1440,1,near_overflow,1.0,748,6.2989,0,56,121,377.693406
10yr_1440m_h1189,10,1440,2,near_overflow,1.0,748,5.3589,0,99,82,757.783407
10yr_1440m_h1189,10,1440,3,near_overflow,1.0,748,5.3281,0,126,83,1131.127825
10yr_1440m_h1189,10,1440,5,near_overflow,1.0,748,5.6843,0,77,91,1906.507146
10yr_1440m_h1189,10,1440,6,near_overflow,1.0,748,5.8248,0,80,94,2294.569992
10yr_1440m_h1137,10,1440,1,level,1.0,748,5.5401,0,135,34,366.219393
10yr_1440m_h1137,10,1440,2,level,1.0,748,5.1216,0,192,30,747.902279
10yr_1440m_h1137,10,1440,3,level,1.0,748,5.3266,0,135,32,1129.119512
10yr_1440m_h1137,10,1440,5,level,1.0,748,5.7614,0,94,34,1910.750341
10yr_1440m_h1137,10,1440,6,level,1.0,748,5.8272,0,108,35,2303.639258
10yr_1440m_h1189,10,1440,1,near_overflow,2.0,748,6.2989,0,56,121,377.693406
10yr_1440m_h1189,10,1440,2,near_overflow,2.0,748,5.3589,0,99,82,757.783407
10yr_1440m_h1189,10,1440,3,near_overflow,2.0,748,5.3281,0,126,83,1131.127825
10yr_1440m_h1189,10,1440,5,near_overflow,2.0,748,5.6843,0,77,91,1906.507146
10yr_1440m_h1189,10,1440,6,near_overflow,2.0,748,5.8248,0,80,94,2294.569992
100yr_0360m_h670,100,0360,1,level,0.5,208,5.8372,0,41,27,110.629464
100yr_0360m_h670,100,0360,2,level,0.5,208,5.331,0,48,21,222.963967
100yr_0360m_h670,100,0360,3,level,0.5,208,5.6046,0,30,22,340.15596
100yr_0360m_h670,100,0360,5,level,0.5,208,6.1413,0,23,23,590.979616
100yr_0360m_h670,100,0360,6,level,0.5,208,6.446,0,22,23,722.925751
10yr_1440m_h1137,10,1440,1,level,5.0,748,4.9198,0,230,27,350.988015
10yr_1440m_h1137,10,1440,2,level,5.0,748,5.0732,0,262,29,724.54216
10yr_1440m_h1137,10,1440,3,level,5.0,748,5.2839,0,238,31,1115.440024
10yr_1440m_h1137,10,1440,5,level,5.0,748,5.7614,0,186,34,1906.920699
10yr_1440m_h1137,10,1440,6,level,5.0,748,5.8223,0,182,35,2303.875806
100yr_0360m_h670,100,0360,1,level,1.0,208,5.4349,0,50,24,109.405553
100yr_0360m_h670,100,0360,2,level,1.0,208,5.331,0,48,21,222.899384
100yr_0360m_h670,100,0360,3,level,1.0,208,5.6046,0,30,22,340.135424
100yr_0360m_h670,100,0360,5,level,1.0,208,6.1413,0,39,23,589.638328
100yr_0360m_h670,100,0360,6,level,1.0,208,6.446,0,38,23,720.022775
10yr_1440m_h1137,10,1440,1,near_overflow,1.0,748,6.3068,0,59,49,378.246035
10yr_1440m_h1137,10,1440,2,near_overflow,1.0,748,5.3608,0,112,32,756.159826
10yr_1440m_h1137,10,1440,3,near_overflow,1.0,748,5.3266,0,135,32,1129.71814
10yr_1440m_h1137,10,1440,5,near_overflow,1.0,748,5.7614,0,80,34,1908.739468
10yr_1440m_h1137,10,1440,6,near_overflow,1.0,748,5.8272,0,78,35,2296.699944
10yr_1440m_h1189,10,1440,1,near_overflow,0.5,748,6.2989,0,56,121,377.693406
10yr_1440m_h1189,10,1440,2,near_overflow,0.5,748,5.3589,0,99,82,757.783407
10yr_1440m_h1189,10,1440,3,near_overflow,0.5,748,5.3281,0,126,83,1131.127825
10yr_1440m_h1189,10,1440,5,near_overflow,0.5,748,5.6843,0,77,91,1906.507146
10yr_1440m_h1189,10,1440,6,near_overflow,0.5,748,5.8248,0,80,94,2294.569992
100yr_0360m_h670,100,0360,1,level,2.0,208,5.0686,0,76,19,107.577533
100yr_0360m_h670,100,0360,2,level,2.0,208,5.331,0,48,21,221.129345
100yr_0360m_h670,100,0360,3,level,2.0,208,5.6046,0,36,22,339.282404
100yr_0360m_h670,100,0360,5,level,2.0,208,6.0992,0,46,23,591.15405
100yr_0360m_h670,100,0360,6,level,2.0,208,6.446,0,44,23,718.965401
100yr_0360m_h670,100,0360,1,near_overflow,0.5,208,6.2838,0,21,32,113.776846
100yr_0360m_h670,100,0360,2,near_overflow,0.5,208,5.3945,0,32,23,225.206675
100yr_0360m_h670,100,0360,3,near_overflow,0.5,208,5.8127,0,30,22,343.351623
100yr_0360m_h670,100,0360,5,near_overflow,0.5,208,6.3659,0,18,23,596.331213
100yr_0360m_h670,100,0360,6,near_overflow,0.5,208,6.7299,0,15,23,720.953953
100yr_0360m_h670,100,0360,1,near_overflow,5.0,208,6.2838,0,21,32,113.776846
100yr_0360m_h670,100,0360,2,near_overflow,5.0,208,5.3945,0,32,23,225.206675
100yr_0360m_h670,100,0360,3,near_overflow,5.0,208,5.8127,0,30,22,343.351623
100yr_0360m_h670,100,0360,5,near_overflow,5.0,208,6.3659,0,18,23,596.331213
100yr_0360m_h670,100,0360,6,near_overflow,5.0,208,6.7299,0,15,23,720.953953
100yr_0360m_h670,100,0360,1,near_overflow,1.0,208,6.2838,0,21,32,113.776846
100yr_0360m_h670,100,0360,2,near_overflow,1.0,208,5.3945,0,32,23,225.206675
100yr_0360m_h670,100,0360,3,near_overflow,1.0,208,5.8127,0,30,22,343.351623
100yr_0360m_h670,100,0360,5,near_overflow,1.0,208,6.3659,0,18,23,596.331213
100yr_0360m_h670,100,0360,6,near_overflow,1.0,208,6.7299,0,15,23,720.953953
100yr_0360m_h699,100,0360,1,level,1.0,208,5.53,0,62,28,108.755965
100yr_0360m_h699,100,0360,2,level,1.0,208,5.394,0,52,24,222.368248
100yr_0360m_h699,100,0360,3,level,1.0,208,5.5683,0,37,25,338.197318
100yr_0360m_h699,100,0360,5,level,1.0,208,6.1257,0,38,26,585.80497
100yr_0360m_h699,100,0360,6,level,1.0,208,6.5738,0,33,27,718.719289
100yr_0360m_h670,100,0360,1,near_overflow,2.0,208,6.2838,0,21,32,113.776846
100yr_0360m_h670,100,0360,2,near_overflow,2.0,208,5.3945,0,32,23,225.206675
100yr_0360m_h670,100,0360,3,near_overflow,2.0,208,5.8127,0,30,22,343.351623
100yr_0360m_h670,100,0360,5,near_overflow,2.0,208,6.3659,0,18,23,596.331213
100yr_0360m_h670,100,0360,6,near_overflow,2.0,208,6.7299,0,15,23,720.953953
100yr_0360m_h699,100,0360,1,level,2.0,208,5.0738,0,75,22,106.42209
100yr_0360m_h699,100,0360,2,level,2.0,208,5.394,0,52,24,220.648668
100yr_0360m_h699,100,0360,3,level,2.0,208,5.5683,0,43,25,337.631113
100yr_0360m_h699,100,0360,5,level,2.0,208,6.1381,0,46,26,584.475779
100yr_0360m_h699,100,0360,6,level,2.0,208,6.5738,0,39,27,717.91329
100yr_0360m_h670,100,0360,1,level,5.0,208,4.9668,0,54,19,104.620799
100yr_0360m_h670,100,0360,2,level,5.0,208,5.2763,0,58,20,217.823618
100yr_0360m_h670,100,0360,3,level,5.0,208,5.6496,0,44,22,337.782581
100yr_0360m_h670,100,0360,5,level,5.0,208,6.3289,0,43,23,593.624018
100yr_0360m_h670,100,0360,6,level,5.0,208,6.4832,0,44,23,727.160373
100yr_0360m_h699,100,0360,1,level,5.0,208,4.9754,0,44,22,101.19095
100yr_0360m_h699,100,0360,2,level,5.0,208,5.1792,0,62,24,215.488307
100yr_0360m_h699,100,0360,3,level,5.0,208,5.765,0,58,25,333.114105
100yr_0360m_h699,100,0360,5,level,5.0,208,6.1499,0,48,26,583.136482
100yr_0360m_h699,100,0360,6,level,5.0,208,6.5738,0,43,27,715.906681
100yr_0360m_h699,100,0360,1,near_overflow,0.5,208,6.3046,0,31,39,112.059282
100yr_0360m_h699,100,0360,2,near_overflow,0.5,208,5.4625,0,32,26,225.326091
100yr_0360m_h699,100,0360,3,near_overflow,0.5,208,5.8099,0,35,25,342.337199
100yr_0360m_h699,100,0360,5,near_overflow,0.5,208,6.3231,0,25,26,589.130255
100yr_0360m_h699,100,0360,6,near_overflow,0.5,208,6.4146,0,22,27,713.0293
10yr_1440m_h1189,10,1440,1,level,2.0,748,4.9198,0,298,73,361.788393
10yr_1440m_h1189,10,1440,2,level,2.0,748,5.1164,0,176,79,741.609908
10yr_1440m_h1189,10,1440,3,level,2.0,748,5.3281,0,146,83,1127.684418
10yr_1440m_h1189,10,1440,5,level,2.0,748,5.7021,0,128,91,1909.735192
10yr_1440m_h1189,10,1440,6,level,2.0,748,5.8326,0,126,94,2301.492447
10yr_1440m_h1189,10,1440,1,near_overflow,5.0,748,6.2989,0,56,121,377.693406
10yr_1440m_h1189,10,1440,2,near_overflow,5.0,748,5.3589,0,99,82,757.783407
10yr_1440m_h1189,10,1440,3,near_overflow,5.0,748,5.3281,0,126,83,1131.127825
10yr_1440m_h1189,10,1440,5,near_overflow,5.0,748,5.6843,0,77,91,1906.507146
10yr_1440m_h1189,10,1440,6,near_overflow,5.0,748,5.8248,0,80,94,2294.569992
100yr_0360m_h699,100,0360,1,level,0.5,208,5.8332,0,57,30,108.785455
100yr_0360m_h699,100,0360,2,level,0.5,208,5.394,0,52,24,222.398283
100yr_0360m_h699,100,0360,3,level,0.5,208,5.5683,0,37,25,337.93318
100yr_0360m_h699,100,0360,5,level,0.5,208,6.1257,0,33,26,585.791349
100yr_0360m_h699,100,0360,6,level,0.5,208,6.7364,0,27,27,718.619742
100yr_0360m_h699,100,0360,1,near_overflow,2.0,208,6.3046,0,31,39,112.059282
100yr_0360m_h699,100,0360,2,near_overflow,2.0,208,5.4625,0,32,26,225.326091
100yr_0360m_h699,100,0360,3,near_overflow,2.0,208,5.8099,0,35,25,342.337199
100yr_0360m_h699,100,0360,5,near_overflow,2.0,208,6.3231,0,25,26,589.130255
100yr_0360m_h699,100,0360,6,near_overflow,2.0,208,6.4146,0,22,27,713.0293
100yr_0360m_h699,100,0360,1,near_overflow,5.0,208,6.3046,0,31,39,112.059282
100yr_0360m_h699,100,0360,2,near_overflow,5.0,208,5.4625,0,32,26,225.326091
100yr_0360m_h699,100,0360,3,near_overflow,5.0,208,5.8099,0,35,25,342.337199
100yr_0360m_h699,100,0360,5,near_overflow,5.0,208,6.3231,0,25,26,589.130255
100yr_0360m_h699,100,0360,6,near_overflow,5.0,208,6.4146,0,22,27,713.0293
100yr_0360m_h699,100,0360,1,near_overflow,1.0,208,6.3046,0,31,39,112.059282
100yr_0360m_h699,100,0360,2,near_overflow,1.0,208,5.4625,0,32,26,225.326091
100yr_0360m_h699,100,0360,3,near_overflow,1.0,208,5.8099,0,35,25,342.337199
100yr_0360m_h699,100,0360,5,near_overflow,1.0,208,6.3231,0,25,26,589.130255
100yr_0360m_h699,100,0360,6,near_overflow,1.0,208,6.4146,0,22,27,713.0293
100yr_0360m_h690,100,0360,1,level,0.5,208,5.8296,0,59,30,109.177978
100yr_0360m_h690,100,0360,2,level,0.5,208,5.287,0,54,24,222.580374
100yr_0360m_h690,100,0360,3,level,0.5,208,5.632,0,40,25,338.007363
100yr_0360m_h690,100,0360,5,level,0.5,208,6.0451,0,32,26,585.427138
100yr_0360m_h690,100,0360,6,level,0.5,208,6.4374,0,23,27,714.894001
100yr_0360m_h690,100,0360,1,level,2.0,208,5.0695,0,80,22,106.281901
100yr_0360m_h690,100,0360,2,level,2.0,208,5.3138,0,54,24,220.856796
100yr_0360m_h690,100,0360,3,level,2.0,208,5.632,0,42,25,337.610337
100yr_0360m_h690,100,0360,5,level,2.0,208,6.2206,0,46,26,585.69968
100yr_0360m_h690,100,0360,6,level,2.0,208,6.2917,0,43,27,712.164785
100yr_0360m_h690,100,0360,1,level,5.0,208,4.969,0,44,22,100.365319
100yr_0360m_h690,100,0360,2,level,5.0,208,5.2272,0,67,23,216.27187
100yr_0360m_h690,100,0360,3,level,5.0,208,5.6567,0,54,25,335.710142
100yr_0360m_h690,100,0360,5,level,5.0,208,6.2141,0,48,26,586.247674
100yr_0360m_h690,100,0360,6,level,5.0,208,6.2917,0,48,27,708.167721
100yr_0360m_h690,100,0360,1,near_overflow,0.5,208,6.2947,0,27,38,112.536751
100yr_0360m_h690,100,0360,2,near_overflow,0.5,208,5.4951,0,33,26,225.403845
100yr_0360m_h690,100,0360,3,near_overflow,0.5,208,5.814,0,38,25,342.231261
100yr_0360m_h690,100,0360,5,near_overflow,0.5,208,6.2206,0,27,26,589.401085
100yr_0360m_h690,100,0360,6,near_overflow,0.5,208,6.8034,0,25,27,718.811813
100yr_0360m_h690,100,0360,1,level,1.0,208,5.5726,0,58,28,108.99684
100yr_0360m_h690,100,0360,2,level,1.0,208,5.287,0,54,24,222.555638
100yr_0360m_h690,100,0360,3,level,1.0,208,5.632,0,40,25,338.087001
100yr_0360m_h690,100,0360,5,level,1.0,208,6.0451,0,36,26,585.79003
100yr_0360m_h690,100,0360,6,level,1.0,208,6.4374,0,34,27,713.379968
100yr_0360m_h690,100,0360,1,near_overflow,5.0,208,6.2947,0,27,38,112.536751
100yr_0360m_h690,100,0360,2,near_overflow,5.0,208,5.4951,0,33,26,225.403845
100yr_0360m_h690,100,0360,3,near_overflow,5.0,208,5.814,0,38,25,342.231261
100yr_0360m_h690,100,0360,5,near_overflow,5.0,208,6.2206,0,27,26,589.401085
100yr_0360m_h690,100,0360,6,near_overflow,5.0,208,6.8034,0,25,27,718.811813
100yr_0360m_h659,100,0360,1,level,5.0,208,4.9764,0,54,19,103.945773
100yr_0360m_h659,100,0360,2,level,5.0,208,5.2159,0,66,21,216.636348
100yr_0360m_h659,100,0360,3,level,5.0,208,5.6742,0,44,22,337.177844
100yr_0360m_h659,100,0360,5,level,5.0,208,6.1861,0,48,23,591.873228
100yr_0360m_h659,100,0360,6,level,5.0,208,6.3195,0,49,23,713.844748
100yr_0360m_h659,100,0360,1,near_overflow,0.5,208,6.2735,0,26,32,113.100533
100yr_0360m_h659,100,0360,2,near_overflow,0.5,208,5.4488,0,30,23,225.711647
100yr_0360m_h659,100,0360,3,near_overflow,0.5,208,5.813,0,34,22,342.133047
100yr_0360m_h659,100,0360,5,near_overflow,0.5,208,6.2731,0,18,23,595.717516
100yr_0360m_h659,100,0360,6,near_overflow,0.5,208,6.6055,0,20,23,723.142834
100yr_0360m_h659,100,0360,1,near_overflow,1.0,208,6.2735,0,26,32,113.100533
100yr_0360m_h659,100,0360,2,near_overflow,1.0,208,5.4488,0,30,23,225.711647
100yr_0360m_h659,100,0360,3,near_overflow,1.0,208,5.813,0,34,22,342.133047
100yr_0360m_h659,100,0360,5,near_overflow,1.0,208,6.2731,0,18,23,595.717516
100yr_0360m_h659,100,0360,6,near_overflow,1.0,208,6.6055,0,20,23,723.142834
100yr_0360m_h659,100,0360,1,level,2.0,208,5.0733,0,76,19,107.890548
100yr_0360m_h659,100,0360,2,level,2.0,208,5.3336,0,47,21,221.06898
100yr_0360m_h659,100,0360,3,level,2.0,208,5.6166,0,36,22,338.677681
100yr_0360m_h659,100,0360,5,level,2.0,208,6.2492,0,40,23,591.937549
100yr_0360m_h659,100,0360,6,level,2.0,208,6.5014,0,37,23,718.357303
100yr_0360m_h659,100,0360,1,near_overflow,5.0,208,6.2735,0,26,32,113.100533
100yr_0360m_h659,100,0360,2,near_overflow,5.0,208,5.4488,0,30,23,225.711647
100yr_0360m_h659,100,0360,3,near_overflow,5.0,208,5.813,0,34,22,342.133047
100yr_0360m_h659,100,0360,5,near_overflow,5.0,208,6.2731,0,18,23,595.717516
100yr_0360m_h659,100,0360,6,near_overflow,5.0,208,6.6055,0,20,23,723.142834
100yr_0360m_h690,100,0360,1,near_overflow,1.0,208,6.2947,0,27,38,112.536751
100yr_0360m_h690,100,0360,2,near_overflow,1.0,208,5.4951,0,33,26,225.403845
100yr_0360m_h690,100,0360,3,near_overflow,1.0,208,5.814,0,38,25,342.231261
100yr_0360m_h690,100,0360,5,near_overflow,1.0,208,6.2206,0,27,26,589.401085
100yr_0360m_h690,100,0360,6,near_overflow,1.0,208,6.8034,0,25,27,718.811813
100yr_0360m_h659,100,0360,1,level,0.5,208,5.8324,0,44,27,110.107775
100yr_0360m_h659,100,0360,2,level,0.5,208,5.3699,0,51,21,222.539571
100yr_0360m_h659,100,0360,3,level,0.5,208,5.6166,0,34,22,339.146878
100yr_0360m_h659,100,0360,5,level,0.5,208,6.2492,0,26,23,592.767326
100yr_0360m_h659,100,0360,6,level,0.5,208,6.5014,0,21,23,720.052762
100yr_0360m_h690,100,0360,1,near_overflow,2.0,208,6.2947,0,27,38,112.536751
100yr_0360m_h690,100,0360,2,near_overflow,2.0,208,5.4951,0,33,26,225.403845
100yr_0360m_h690,100,0360,3,near_overflow,2.0,208,5.814,0,38,25,342.231261
100yr_0360m_h690,100,0360,5,near_overflow,2.0,208,6.2206,0,27,26,589.401085
100yr_0360m_h690,100,0360,6,near_overflow,2.0,208,6.8034,0,25,27,718.811813
100yr_0360m_h732,100,0360,1,level,0.5,208,5.7777,0,61,34,109.01006
100yr_0360m_h732,100,0360,2,level,0.5,208,5.2454,0,63,26,221.398539
100yr_0360m_h732,100,0360,3,level,0.5,208,5.5773,0,51,28,337.481461
100yr_0360m_h732,100,0360,5,level,0.5,208,6.2087,0,33,31,585.583306
100yr_0360m_h732,100,0360,6,level,0.5,208,6.6671,0,34,32,716.678412
100yr_0360m_h659,100,0360,1,level,1.0,208,5.4319,0,46,24,109.562233
100yr_0360m_h659,100,0360,2,level,1.0,208,5.3699,0,51,21,222.461045
100yr_0360m_h659,100,0360,3,level,1.0,208,5.6166,0,34,22,339.056222
100yr_0360m_h659,100,0360,5,level,1.0,208,6.2492,0,39,23,592.191243
100yr_0360m_h659,100,0360,6,level,1.0,208,6.5014,0,39,23,717.483179
100yr_0360m_h732,100,0360,1,level,2.0,208,5.0559,0,98,23,106.162807
100yr_0360m_h732,100,0360,2,level,2.0,208,5.3474,0,69,26,219.243811
100yr_0360m_h732,100,0360,3,level,2.0,208,5.5773,0,56,28,335.513402
100yr_0360m_h732,100,0360,5,level,2.0,208,6.2087,0,53,31,583.361176
100yr_0360m_h732,100,0360,6,level,2.0,208,6.495,0,47,32,714.185842
100yr_0360m_h732,100,0360,1,level,1.0,208,5.5003,0,59,31,108.767646
100yr_0360m_h732,100,0360,2,level,1.0,208,5.2454,0,63,26,221.398539
100yr_0360m_h732,100,0360,3,level,1.0,208,5.5773,0,51,28,337.437938
100yr_0360m_h732,100,0360,5,level,1.0,208,6.2087,0,43,31,585.683029
100yr_0360m_h732,100,0360,6,level,1.0,208,6.6671,0,42,32,715.09949
100yr_0360m_h732,100,0360,1,level,5.0,208,4.9629,0,48,23,99.85814
100yr_0360m_h732,100,0360,2,level,5.0,208,5.1893,0,82,25,215.084977
100yr_0360m_h732,100,0360,3,level,5.0,208,5.5773,0,59,27,333.912658
100yr_0360m_h732,100,0360,5,level,5.0,208,6.2087,0,60,30,578.726898
100yr_0360m_h732,100,0360,6,level,5.0,208,6.3488,0,65,31,703.44653
100yr_0360m_h732,100,0360,1,near_overflow,0.5,208,6.2566,0,28,44,112.705539
100yr_0360m_h732,100,0360,2,near_overflow,0.5,208,5.4706,0,37,29,224.389834
100yr_0360m_h732,100,0360,3,near_overflow,0.5,208,5.8123,0,43,28,340.608845
100yr_0360m_h732,100,0360,5,near_overflow,0.5,208,6.2892,0,26,31,585.752141
100yr_0360m_h732,100,0360,6,near_overflow,0.5,208,6.6934,0,29,32,718.200985
100yr_0360m_h659,100,0360,1,near_overflow,2.0,208,6.2735,0,26,32,113.100533
100yr_0360m_h659,100,0360,2,near_overflow,2.0,208,5.4488,0,30,23,225.711647
100yr_0360m_h659,100,0360,3,near_overflow,2.0,208,5.813,0,34,22,342.133047
100yr_0360m_h659,100,0360,5,near_overflow,2.0,208,6.2731,0,18,23,595.717516
100yr_0360m_h659,100,0360,6,near_overflow,2.0,208,6.6055,0,20,23,723.142834
100yr_0360m_h732,100,0360,1,near_overflow,1.0,208,6.2566,0,28,44,112.705539
100yr_0360m_h732,100,0360,2,near_overflow,1.0,208,5.4706,0,37,29,224.389834
100yr_0360m_h732,100,0360,3,near_overflow,1.0,208,5.8123,0,43,28,340.608845
100yr_0360m_h732,100,0360,5,near_overflow,1.0,208,6.2892,0,26,31,585.752141
100yr_0360m_h732,100,0360,6,near_overflow,1.0,208,6.6934,0,29,32,718.200985
100yr_0540m_h862,100,0540,1,level,0.5,298,5.7792,0,60,42,154.951042
100yr_0540m_h862,100,0540,2,level,0.5,298,5.3274,0,77,31,313.073667
100yr_0540m_h862,100,0540,3,level,0.5,298,5.7172,0,48,34,476.710272
100yr_0540m_h862,100,0540,5,level,0.5,298,6.3162,0,34,39,820.190271
100yr_0540m_h862,100,0540,6,level,0.5,298,6.6005,0,28,41,999.673459
100yr_0360m_h732,100,0360,1,near_overflow,2.0,208,6.2566,0,28,44,112.705539
100yr_0360m_h732,100,0360,2,near_overflow,2.0,208,5.4706,0,37,29,224.389834
100yr_0360m_h732,100,0360,3,near_overflow,2.0,208,5.8123,0,43,28,340.608845
100yr_0360m_h732,100,0360,5,near_overflow,2.0,208,6.2892,0,26,31,585.752141
100yr_0360m_h732,100,0360,6,near_overflow,2.0,208,6.6934,0,29,32,718.200985
100yr_0540m_h862,100,0540,1,level,2.0,298,5.0628,0,108,27,149.312706
100yr_0540m_h862,100,0540,2,level,2.0,298,5.3093,0,75,31,310.742413
100yr_0540m_h862,100,0540,3,level,2.0,298,5.7877,0,57,34,478.613517
100yr_0540m_h862,100,0540,5,level,2.0,298,6.3162,0,45,39,824.140364
100yr_0540m_h862,100,0540,6,level,2.0,298,6.3958,0,34,41,997.11082
100yr_0360m_h732,100,0360,1,near_overflow,5.0,208,6.2566,0,28,44,112.705539
100yr_0360m_h732,100,0360,2,near_overflow,5.0,208,5.4706,0,37,29,224.389834
100yr_0360m_h732,100,0360,3,near_overflow,5.0,208,5.8123,0,43,28,340.608845
100yr_0360m_h732,100,0360,5,near_overflow,5.0,208,6.2892,0,26,31,585.752141
100yr_0360m_h732,100,0360,6,near_overflow,5.0,208,6.6934,0,29,32,718.200985
100yr_0540m_h862,100,0540,1,near_overflow,0.5,298,6.2748,0,33,57,158.528226
100yr_0540m_h862,100,0540,2,near_overflow,0.5,298,5.414,0,45,34,316.923147
100yr_0540m_h862,100,0540,3,near_overflow,0.5,298,5.7418,0,48,34,480.185861
100yr_0540m_h862,100,0540,5,near_overflow,0.5,298,6.2763,0,26,39,822.022638
100yr_0540m_h862,100,0540,6,near_overflow,0.5,298,6.4141,0,26,41,1000.830873
100yr_0540m_h862,100,0540,1,near_overflow,1.0,298,6.2748,0,33,57,158.528226
100yr_0540m_h862,100,0540,2,near_overflow,1.0,298,5.414,0,45,34,316.923147
100yr_0540m_h862,100,0540,3,near_overflow,1.0,298,5.7418,0,48,34,480.185861
100yr_0540m_h862,100,0540,5,near_overflow,1.0,298,6.2763,0,26,39,822.022638
100yr_0540m_h862,100,0540,6,near_overflow,1.0,298,6.4141,0,26,41,1000.830873
100yr_0540m_h862,100,0540,1,level,5.0,298,4.9552,0,64,27,144.346603
100yr_0540m_h862,100,0540,2,level,5.0,298,5.2074,0,86,30,302.917467
100yr_0540m_h862,100,0540,3,level,5.0,298,5.6343,0,79,34,471.748871
100yr_0540m_h862,100,0540,5,level,5.0,298,6.2458,0,49,38,814.449573
100yr_0540m_h862,100,0540,6,level,5.0,298,6.47,0,46,40,988.023878
100yr_0540m_h862,100,0540,1,level,1.0,298,5.5353,0,68,37,152.677226
100yr_0540m_h862,100,0540,2,level,1.0,298,5.3274,0,77,31,313.029159
100yr_0540m_h862,100,0540,3,level,1.0,298,5.7877,0,52,34,479.779834
100yr_0540m_h862,100,0540,5,level,1.0,298,6.3162,0,36,39,822.232192
100yr_0540m_h862,100,0540,6,level,1.0,298,6.6005,0,33,41,1000.07672
100yr_0540m_h862,100,0540,1,near_overflow,2.0,298,6.2748,0,33,57,158.528226
100yr_0540m_h862,100,0540,2,near_overflow,2.0,298,5.414,0,45,34,316.923147
100yr_0540m_h862,100,0540,3,near_overflow,2.0,298,5.7418,0,48,34,480.185861
100yr_0540m_h862,100,0540,5,near_overflow,2.0,298,6.2763,0,26,39,822.022638
100yr_0540m_h862,100,0540,6,near_overflow,2.0,298,6.4141,0,26,41,1000.830873
100yr_0540m_h802,100,0540,1,level,0.5,298,5.796,0,79,34,153.536216
100yr_0540m_h802,100,0540,2,level,0.5,298,5.3212,0,98,27,311.307284
100yr_0540m_h802,100,0540,3,level,0.5,298,5.6296,0,81,28,472.380975
100yr_0540m_h802,100,0540,5,level,0.5,298,6.3593,0,48,30,824.939968
100yr_0540m_h802,100,0540,6,level,0.5,298,6.599,0,40,31,1012.524386
100yr_0540m_h862,100,0540,1,near_overflow,5.0,298,6.2748,0,33,57,158.528226
100yr_0540m_h862,100,0540,2,near_overflow,5.0,298,5.414,0,45,34,316.923147
100yr_0540m_h862,100,0540,3,near_overflow,5.0,298,5.7418,0,48,34,480.185861
100yr_0540m_h862,100,0540,5,near_overflow,5.0,298,6.2763,0,26,39,822.022638
100yr_0540m_h862,100,0540,6,near_overflow,5.0,298,6.4141,0,26,41,1000.830873
100yr_0540m_h802,100,0540,1,level,2.0,298,5.0702,0,126,24,150.199293
100yr_0540m_h802,100,0540,2,level,2.0,298,5.3833,0,98,27,308.31681
100yr_0540m_h802,100,0540,3,level,2.0,298,5.6296,0,88,28,472.270636
100yr_0540m_h802,100,0540,5,level,2.0,298,6.4689,0,50,30,833.255692
100yr_0540m_h802,100,0540,6,level,2.0,298,6.5784,0,40,31,1015.867423
100yr_0540m_h802,100,0540,1,near_overflow,0.5,298,6.2812,0,42,42,158.069391
100yr_0540m_h802,100,0540,2,near_overflow,0.5,298,5.5136,0,54,29,316.559648
100yr_0540m_h802,100,0540,3,near_overflow,0.5,298,5.6296,0,73,28,473.743626
100yr_0540m_h802,100,0540,5,near_overflow,0.5,298,6.4689,0,34,30,832.013461
100yr_0540m_h802,100,0540,6,near_overflow,0.5,298,6.5314,0,31,31,1008.80036
100yr_0540m_h802,100,0540,1,near_overflow,1.0,298,6.2812,0,42,42,158.069391
100yr_0540m_h802,100,0540,2,near_overflow,1.0,298,5.5136,0,54,29,316.559648
100yr_0540m_h802,100,0540,3,near_overflow,1.0,298,5.6296,0,73,28,473.743626
100yr_0540m_h802,100,0540,5,near_overflow,1.0,298,6.4689,0,34,30,832.013461
100yr_0540m_h802,100,0540,6,near_overflow,1.0,298,6.5314,0,31,31,1008.80036
100yr_0540m_h802,100,0540,1,near_overflow,5.0,298,6.2812,0,42,42,158.069391
100yr_0540m_h802,100,0540,2,near_overflow,5.0,298,5.5136,0,54,29,316.559648
100yr_0540m_h802,100,0540,3,near_overflow,5.0,298,5.6296,0,73,28,473.743626
100yr_0540m_h802,100,0540,5,near_overflow,5.0,298,6.4689,0,34,30,832.013461
100yr_0540m_h802,100,0540,6,near_overflow,5.0,298,6.5314,0,31,31,1008.80036
100yr_0540m_h825,100,0540,1,level,1.0,298,5.504,0,98,35,152.476061
100yr_0540m_h825,100,0540,2,level,1.0,298,5.2781,0,99,31,310.771706
100yr_0540m_h825,100,0540,3,level,1.0,298,5.5902,0,72,33,474.768302
100yr_0540m_h825,100,0540,5,level,1.0,298,6.2799,0,45,35,826.684841
100yr_0540m_h825,100,0540,6,level,1.0,298,6.5405,0,48,36,1005.430253
100yr_0540m_h825,100,0540,1,level,2.0,298,5.0654,0,126,29,148.176843
100yr_0540m_h825,100,0540,2,level,2.0,298,5.3367,0,95,31,309.058417
100yr_0540m_h825,100,0540,3,level,2.0,298,5.5902,0,84,33,473.699663
100yr_0540m_h825,100,0540,5,level,2.0,298,6.2799,0,59,35,828.046382
100yr_0540m_h825,100,0540,6,level,2.0,298,6.4644,0,45,36,1008.158716
100yr_0540m_h825,100,0540,1,level,5.0,298,4.9524,0,56,29,138.88249
100yr_0540m_h825,100,0540,2,level,5.0,298,5.1631,0,111,31,304.190885
100yr_0540m_h825,100,0540,3,level,5.0,298,5.5001,0,96,32,469.983892
100yr_0540m_h825,100,0540,5,level,5.0,298,6.3833,0,71,34,828.267623
100yr_0540m_h825,100,0540,6,level,5.0,298,6.4176,0,66,35,999.821312
100yr_0540m_h825,100,0540,1,near_overflow,0.5,298,6.3274,0,46,49,157.372678
100yr_0540m_h825,100,0540,2,near_overflow,0.5,298,5.4991,0,54,34,316.451935
100yr_0540m_h825,100,0540,3,near_overflow,0.5,298,5.8414,0,66,33,474.761156
100yr_0540m_h825,100,0540,5,near_overflow,0.5,298,6.2799,0,34,35,823.945279
100yr_0540m_h825,100,0540,6,near_overflow,0.5,298,6.6728,0,30,36,1013.543444
100yr_0540m_h825,100,0540,1,near_overflow,1.0,298,6.3274,0,46,49,157.372678
100yr_0540m_h825,100,0540,2,near_overflow,1.0,298,5.4991,0,54,34,316.451935
100yr_0540m_h825,100,0540,3,near_overflow,1.0,298,5.8414,0,66,33,474.761156
100yr_0540m_h825,100,0540,5,near_overflow,1.0,298,6.2799,0,34,35,823.945279
100yr_0540m_h825,100,0540,6,near_overflow,1.0,298,6.6728,0,30,36,1013.543444
100yr_0540m_h825,100,0540,1,near_overflow,2.0,298,6.3274,0,46,49,157.372678
100yr_0540m_h825,100,0540,2,near_overflow,2.0,298,5.4991,0,54,34,316.451935
100yr_0540m_h825,100,0540,3,near_overflow,2.0,298,5.8414,0,66,33,474.761156
100yr_0540m_h825,100,0540,5,near_overflow,2.0,298,6.2799,0,34,35,823.945279
100yr_0540m_h825,100,0540,6,near_overflow,2.0,298,6.6728,0,30,36,1013.543444
100yr_0540m_h825,100,0540,1,level,0.5,298,5.8492,0,84,38,153.145778
100yr_0540m_h825,100,0540,2,level,0.5,298,5.2781,0,99,31,310.847367
100yr_0540m_h825,100,0540,3,level,0.5,298,5.5484,0,76,33,472.153084
100yr_0540m_h825,100,0540,5,level,0.5,298,6.4713,0,44,35,825.384121
100yr_0540m_h825,100,0540,6,level,0.5,298,6.5405,0,41,36,1003.80204
100yr_0540m_h802,100,0540,1,level,1.0,298,5.5303,0,98,31,152.073085
100yr_0540m_h802,100,0540,2,level,1.0,298,5.3212,0,98,27,311.234974
100yr_0540m_h802,100,0540,3,level,1.0,298,5.6296,0,81,28,472.660744
100yr_0540m_h802,100,0540,5,level,1.0,298,6.3593,0,46,30,827.394334
100yr_0540m_h802,100,0540,6,level,1.0,298,6.599,0,44,31,1015.134405
100yr_0540m_h802,100,0540,1,level,5.0,298,4.9518,0,52,24,139.071461
100yr_0540m_h802,100,0540,2,level,5.0,298,5.189,0,115,26,304.62436
100yr_0540m_h802,100,0540,3,level,5.0,298,5.5373,0,104,28,468.483089
100yr_0540m_h802,100,0540,5,level,5.0,298,6.3183,0,64,30,822.05969
100yr_0540m_h802,100,0540,6,level,5.0,298,6.4397,0,58,31,1003.579357
100yr_0540m_h802,100,0540,1,near_overflow,2.0,298,6.2812,0,42,42,158.069391
100yr_0540m_h802,100,0540,2,near_overflow,2.0,298,5.5136,0,54,29,316.559648
100yr_0540m_h802,100,0540,3,near_overflow,2.0,298,5.6296,0,73,28,473.743626
100yr_0540m_h802,100,0540,5,near_overflow,2.0,298,6.4689,0,34,30,832.013461
100yr_0540m_h802,100,0540,6,near_overflow,2.0,298,6.5314,0,31,31,1008.80036
100yr_0540m_h825,100,0540,1,near_overflow,5.0,298,6.3274,0,46,49,157.372678
100yr_0540m_h825,100,0540,2,near_overflow,5.0,298,5.4991,0,54,34,316.451935
100yr_0540m_h825,100,0540,3,near_overflow,5.0,298,5.8414,0,66,33,474.761156
100yr_0540m_h825,100,0540,5,near_overflow,5.0,298,6.2799,0,34,35,823.945279
100yr_0540m_h825,100,0540,6,near_overflow,5.0,298,6.6728,0,30,36,1013.543444
100yr_0540m_h855,100,0540,1,level,5.0,298,4.9719,0,60,27,143.417033
100yr_0540m_h855,100,0540,2,level,5.0,298,5.1577,0,94,30,300.59752
100yr_0540m_h855,100,0540,3,level,5.0,298,5.7082,0,74,34,471.271752
100yr_0540m_h855,100,0540,5,level,5.0,298,6.3614,0,47,39,821.236571
100yr_0540m_h855,100,0540,6,level,5.0,298,6.4877,0,48,40,999.512157
100yr_0540m_h855,100,0540,1,level,1.0,298,5.507,0,69,37,151.479602
100yr_0540m_h855,100,0540,2,level,1.0,298,5.3129,0,72,31,313.755036
100yr_0540m_h855,100,0540,3,level,1.0,298,5.6278,0,54,34,475.647555
100yr_0540m_h855,100,0540,5,level,1.0,298,6.3604,0,29,39,822.613841
100yr_0540m_h855,100,0540,6,level,1.0,298,6.4229,0,33,41,999.462818
100yr_0540m_h855,100,0540,1,level,0.5,298,5.7383,0,60,42,154.920796
100yr_0540m_h855,100,0540,2,level,0.5,298,5.3129,0,72,31,313.78435
100yr_0540m_h855,100,0540,3,level,0.5,298,5.6278,0,52,34,475.797899
100yr_0540m_h855,100,0540,5,level,0.5,298,6.3604,0,26,39,822.6976
100yr_0540m_h855,100,0540,6,level,0.5,298,6.5248,0,28,41,998.109311
100yr_0540m_h855,100,0540,1,near_overflow,1.0,298,6.3106,0,38,57,157.95827
100yr_0540m_h855,100,0540,2,near_overflow,1.0,298,5.5218,0,44,35,316.753285
100yr_0540m_h855,100,0540,3,near_overflow,1.0,298,5.7816,0,46,34,480.256317
100yr_0540m_h855,100,0540,5,near_overflow,1.0,298,6.3604,0,28,39,821.360949
100yr_0540m_h855,100,0540,6,near_overflow,1.0,298,6.5248,0,26,41,998.439397
100yr_0540m_h855,100,0540,1,near_overflow,0.5,298,6.3106,0,38,57,157.95827
100yr_0540m_h855,100,0540,2,near_overflow,0.5,298,5.5218,0,44,35,316.753285
100yr_0540m_h855,100,0540,3,near_overflow,0.5,298,5.7816,0,46,34,480.256317
100yr_0540m_h855,100,0540,5,near_overflow,0.5,298,6.3604,0,28,39,821.360949
100yr_0540m_h855,100,0540,6,near_overflow,0.5,298,6.5248,0,26,41,998.439397
100yr_0540m_h786,100,0540,1,level,1.0,298,5.427,0,90,31,152.798565
100yr_0540m_h786,100,0540,2,level,1.0,298,5.3509,0,96,27,311.499119
100yr_0540m_h786,100,0540,3,level,1.0,298,5.8416,0,70,28,475.104588
100yr_0540m_h786,100,0540,5,level,1.0,298,6.2958,0,44,30,828.070637
100yr_0540m_h786,100,0540,6,level,1.0,298,6.4795,0,38,31,1009.951956
100yr_0540m_h855,100,0540,1,level,2.0,298,5.06,0,109,27,148.017594
100yr_0540m_h855,100,0540,2,level,2.0,298,5.3129,0,72,31,311.209313
100yr_0540m_h855,100,0540,3,level,2.0,298,5.6278,0,59,34,474.492752
100yr_0540m_h855,100,0540,5,level,2.0,298,6.4289,0,39,39,823.200672
100yr_0540m_h855,100,0540,6,level,2.0,298,6.4229,0,36,41,998.889173
100yr_0540m_h786,100,0540,1,level,2.0,298,5.0729,0,124,24,148.832067
100yr_0540m_h786,100,0540,2,level,2.0,298,5.3509,0,96,27,308.70731
100yr_0540m_h786,100,0540,3,level,2.0,298,5.8416,0,79,28,474.34466
100yr_0540m_h786,100,0540,5,level,2.0,298,6.2958,0,44,30,829.035798
100yr_0540m_h786,100,0540,6,level,2.0,298,6.4647,0,38,31,1013.823649
100yr_0540m_h786,100,0540,1,near_overflow,0.5,298,6.2906,0,43,42,158.097898
100yr_0540m_h786,100,0540,2,near_overflow,0.5,298,5.5173,0,59,29,315.538395
100yr_0540m_h786,100,0540,3,near_overflow,0.5,298,5.4787,0,66,28,474.164653
100yr_0540m_h786,100,0540,5,near_overflow,0.5,298,6.2958,0,34,30,826.792065
100yr_0540m_h786,100,0540,6,near_overflow,0.5,298,6.6184,0,30,31,1014.694259
100yr_0540m_h786,100,0540,1,level,5.0,298,4.9686,0,50,24,139.895154
100yr_0540m_h786,100,0540,2,level,5.0,298,5.2624,0,110,26,305.259098
100yr_0540m_h786,100,0540,3,level,5.0,298,5.6352,0,105,28,470.393945
100yr_0540m_h786,100,0540,5,level,5.0,298,6.2802,0,56,30,825.976733
100yr_0540m_h786,100,0540,6,level,5.0,298,6.492,0,53,31,1009.762272
100yr_0540m_h786,100,0540,1,near_overflow,1.0,298,6.2906,0,43,42,158.097898
100yr_0540m_h786,100,0540,2,near_overflow,1.0,298,5.5173,0,59,29,315.538395
100yr_0540m_h786,100,0540,3,near_overflow,1.0,298,5.4787,0,66,28,474.164653
100yr_0540m_h786,100,0540,5,near_overflow,1.0,298,6.2958,0,34,30,826.792065
100yr_0540m_h786,100,0540,6,near_overflow,1.0,298,6.6184,0,30,31,1014.694259
100yr_0540m_h786,100,0540,1,near_overflow,2.0,298,6.2906,0,43,42,158.097898
100yr_0540m_h786,100,0540,2,near_overflow,2.0,298,5.5173,0,59,29,315.538395
100yr_0540m_h786,100,0540,3,near_overflow,2.0,298,5.4787,0,66,28,474.164653
100yr_0540m_h786,100,0540,5,near_overflow,2.0,298,6.2958,0,34,30,826.792065
100yr_0540m_h786,100,0540,6,near_overflow,2.0,298,6.6184,0,30,31,1014.694259
100yr_0540m_h855,100,0540,1,near_overflow,2.0,298,6.3106,0,38,57,157.95827
100yr_0540m_h855,100,0540,2,near_overflow,2.0,298,5.5218,0,44,35,316.753285
100yr_0540m_h855,100,0540,3,near_overflow,2.0,298,5.7816,0,46,34,480.256317
100yr_0540m_h855,100,0540,5,near_overflow,2.0,298,6.3604,0,28,39,821.360949
100yr_0540m_h855,100,0540,6,near_overflow,2.0,298,6.5248,0,26,41,998.439397
100yr_0540m_h855,100,0540,1,near_overflow,5.0,298,6.3106,0,38,57,157.95827
100yr_0540m_h855,100,0540,2,near_overflow,5.0,298,5.5218,0,44,35,316.753285
100yr_0540m_h855,100,0540,3,near_overflow,5.0,298,5.7816,0,46,34,480.256317
100yr_0540m_h855,100,0540,5,near_overflow,5.0,298,6.3604,0,28,39,821.360949
100yr_0540m_h855,100,0540,6,near_overflow,5.0,298,6.5248,0,26,41,998.439397
100yr_0540m_h786,100,0540,1,level,0.5,298,5.8002,0,84,33,153.370616
100yr_0540m_h786,100,0540,2,level,0.5,298,5.3509,0,96,27,311.614621
100yr_0540m_h786,100,0540,3,level,0.5,298,5.4787,0,72,28,472.686088
100yr_0540m_h786,100,0540,5,level,0.5,298,6.2958,0,46,30,825.36448
100yr_0540m_h786,100,0540,6,level,0.5,298,6.6184,0,34,31,1007.347709
100yr_0540m_h786,100,0540,1,near_overflow,5.0,298,6.2906,0,43,42,158.097898
100yr_0540m_h786,100,0540,2,near_overflow,5.0,298,5.5173,0,59,29,315.538395
100yr_0540m_h786,100,0540,3,near_overflow,5.0,298,5.4787,0,66,28,474.164653
100yr_0540m_h786,100,0540,5,near_overflow,5.0,298,6.2958,0,34,30,826.792065
100yr_0540m_h786,100,0540,6,near_overflow,5.0,298,6.6184,0,30,31,1014.694259
100yr_0720m_h964,100,0720,1,level,0.5,388,5.8354,0,98,50,197.036912
100yr_0720m_h964,100,0720,2,level,0.5,388,5.3434,0,104,37,402.370225
100yr_0720m_h964,100,0720,3,level,0.5,388,5.7666,0,72,41,610.829246
100yr_0720m_h964,100,0720,5,level,0.5,388,6.3436,0,48,47,1052.135899
100yr_0720m_h964,100,0720,6,level,0.5,388,6.6148,0,48,50,1276.747853
100yr_0720m_h964,100,0720,1,level,1.0,388,5.5585,0,113,44,196.419119
100yr_0720m_h964,100,0720,2,level,1.0,388,5.3434,0,104,37,402.370225
100yr_0720m_h964,100,0720,3,level,1.0,388,5.7666,0,74,41,610.968182
100yr_0720m_h964,100,0720,5,level,1.0,388,6.3436,0,54,47,1053.578558
100yr_0720m_h964,100,0720,6,level,1.0,388,6.6148,0,56,50,1279.68981
100yr_0720m_h964,100,0720,1,level,2.0,388,5.0681,0,140,31,188.889409
100yr_0720m_h964,100,0720,2,level,2.0,388,5.3533,0,102,37,399.438467
100yr_0720m_h964,100,0720,3,level,2.0,388,5.7666,0,85,41,610.48669
100yr_0720m_h964,100,0720,5,level,2.0,388,6.3436,0,64,47,1052.725993
100yr_0720m_h964,100,0720,6,level,2.0,388,6.6158,0,62,50,1279.528013
100yr_0720m_h964,100,0720,1,level,5.0,388,4.9696,0,84,31,179.588591
100yr_0720m_h964,100,0720,2,level,5.0,388,5.2289,0,126,36,388.541531
100yr_0720m_h964,100,0720,3,level,5.0,388,5.5309,0,110,40,603.488857
100yr_0720m_h964,100,0720,5,level,5.0,388,6.3039,0,76,47,1048.991783
100yr_0720m_h964,100,0720,6,level,5.0,388,6.5023,0,87,49,1272.006932
100yr_0720m_h964,100,0720,1,near_overflow,0.5,388,6.3089,0,52,70,202.135924
100yr_0720m_h964,100,0720,2,near_overflow,0.5,388,5.482,0,54,40,408.424184
100yr_0720m_h964,100,0720,3,near_overflow,0.5,388,5.7666,0,70,41,611.635717
100yr_0720m_h964,100,0720,5,near_overflow,0.5,388,6.3436,0,46,47,1049.828484
100yr_0720m_h964,100,0720,6,near_overflow,0.5,388,6.4737,0,46,50,1272.54865
100yr_0720m_h964,100,0720,1,near_overflow,1.0,388,6.3089,0,52,70,202.135924
100yr_0720m_h964,100,0720,2,near_overflow,1.0,388,5.482,0,54,40,408.424184
100yr_0720m_h964,100,0720,3,near_overflow,1.0,388,5.7666,0,70,41,611.635717
100yr_0720m_h964,100,0720,5,near_overflow,1.0,388,6.3436,0,46,47,1049.828484
100yr_0720m_h964,100,0720,6,near_overflow,1.0,388,6.4737,0,46,50,1272.54865
100yr_0720m_h892,100,0720,1,near_overflow,0.5,388,6.2931,0,35,25,204.174642
100yr_0720m_h892,100,0720,2,near_overflow,0.5,388,5.4978,0,52,17,407.761815
100yr_0720m_h892,100,0720,3,near_overflow,0.5,388,5.73,0,76,15,606.375074
100yr_0720m_h892,100,0720,5,near_overflow,0.5,388,6.1228,0,48,16,1042.186941
100yr_0720m_h892,100,0720,6,near_overflow,0.5,388,6.6727,0,52,17,1270.391409
100yr_0720m_h892,100,0720,1,near_overflow,1.0,388,6.2931,0,35,25,204.174642
100yr_0720m_h892,100,0720,2,near_overflow,1.0,388,5.4978,0,52,17,407.761815
100yr_0720m_h892,100,0720,3,near_overflow,1.0,388,5.73,0,76,15,606.375074
100yr_0720m_h892,100,0720,5,near_overflow,1.0,388,6.1228,0,48,16,1042.186941
100yr_0720m_h892,100,0720,6,near_overflow,1.0,388,6.6727,0,52,17,1270.391409
100yr_0720m_h892,100,0720,1,level,5.0,388,4.9737,0,73,14,182.875846
100yr_0720m_h892,100,0720,2,level,5.0,388,5.2439,0,144,15,389.522698
100yr_0720m_h892,100,0720,3,level,5.0,388,5.6112,0,130,15,602.072934
100yr_0720m_h892,100,0720,5,level,5.0,388,6.4032,0,103,16,1051.937022
100yr_0720m_h892,100,0720,6,level,5.0,388,6.6085,0,94,16,1289.247954
100yr_0720m_h892,100,0720,1,level,1.0,388,5.5202,0,101,18,195.289404
100yr_0720m_h892,100,0720,2,level,1.0,388,5.3535,0,110,15,400.699393
100yr_0720m_h892,100,0720,3,level,1.0,388,5.6839,0,84,15,606.627017
100yr_0720m_h892,100,0720,5,level,1.0,388,6.1939,0,62,16,1047.105295
100yr_0720m_h892,100,0720,6,level,1.0,388,6.6085,0,72,20,1287.43288
100yr_0720m_h892,100,0720,1,near_overflow,5.0,388,6.2931,0,35,25,204.174642
100yr_0720m_h892,100,0720,2,near_overflow,5.0,388,5.4978,0,52,17,407.761815
100yr_0720m_h892,100,0720,3,near_overflow,5.0,388,5.73,0,76,15,606.375074
100yr_0720m_h892,100,0720,5,near_overflow,5.0,388,6.1228,0,48,16,1042.186941
100yr_0720m_h892,100,0720,6,near_overflow,5.0,388,6.6727,0,52,17,1270.391409
100yr_0720m_h892,100,0720,1,near_overflow,2.0,388,6.2931,0,35,25,204.174642
100yr_0720m_h892,100,0720,2,near_overflow,2.0,388,5.4978,0,52,17,407.761815
100yr_0720m_h892,100,0720,3,near_overflow,2.0,388,5.73,0,76,15,606.375074
100yr_0720m_h892,100,0720,5,near_overflow,2.0,388,6.1228,0,48,16,1042.186941
100yr_0720m_h892,100,0720,6,near_overflow,2.0,388,6.6727,0,52,17,1270.391409
100yr_0720m_h892,100,0720,1,level,2.0,388,5.0579,0,172,14,192.237614
100yr_0720m_h892,100,0720,2,level,2.0,388,5.3535,0,110,15,396.420623
100yr_0720m_h892,100,0720,3,level,2.0,388,5.6839,0,98,15,606.080322
100yr_0720m_h892,100,0720,5,level,2.0,388,6.4716,0,82,16,1061.03673
100yr_0720m_h892,100,0720,6,level,2.0,388,6.4716,0,81,20,1282.546846
100yr_0720m_h968,100,0720,1,level,0.5,388,5.8418,0,98,50,196.789251
100yr_0720m_h968,100,0720,2,level,0.5,388,5.4279,0,92,37,403.435113
100yr_0720m_h968,100,0720,3,level,0.5,388,5.71,0,71,41,609.291808
100yr_0720m_h968,100,0720,5,level,0.5,388,6.3484,0,52,47,1052.516261
100yr_0720m_h968,100,0720,6,level,0.5,388,6.5931,0,49,50,1275.451282
100yr_0720m_h964,100,0720,1,near_overflow,5.0,388,6.3089,0,52,70,202.135924
100yr_0720m_h964,100,0720,2,near_overflow,5.0,388,5.482,0,54,40,408.424184
100yr_0720m_h964,100,0720,3,near_overflow,5.0,388,5.7666,0,70,41,611.635717
100yr_0720m_h964,100,0720,5,near_overflow,5.0,388,6.3436,0,46,47,1049.828484
100yr_0720m_h964,100,0720,6,near_overflow,5.0,388,6.4737,0,46,50,1272.54865
100yr_0720m_h968,100,0720,1,level,1.0,388,5.505,0,81,44,184.768725
100yr_0720m_h968,100,0720,2,level,1.0,388,5.4279,0,92,37,403.435113
100yr_0720m_h968,100,0720,3,level,1.0,388,5.71,0,73,41,609.451917
100yr_0720m_h968,100,0720,5,level,1.0,388,6.3484,0,56,47,1053.840645
100yr_0720m_h968,100,0720,6,level,1.0,388,6.5931,0,59,50,1277.472684
100yr_0720m_h964,100,0720,1,near_overflow,2.0,388,6.3089,0,52,70,202.135924
100yr_0720m_h964,100,0720,2,near_overflow,2.0,388,5.482,0,54,40,408.424184
100yr_0720m_h964,100,0720,3,near_overflow,2.0,388,5.7666,0,70,41,611.635717
100yr_0720m_h964,100,0720,5,near_overflow,2.0,388,6.3436,0,46,47,1049.828484
100yr_0720m_h964,100,0720,6,near_overflow,2.0,388,6.4737,0,46,50,1272.54865
100yr_0720m_h892,100,0720,1,level,0.5,388,5.899,0,76,21,197.514659
100yr_0720m_h892,100,0720,2,level,0.5,388,5.3535,0,110,15,400.699393
100yr_0720m_h892,100,0720,3,level,0.5,388,5.73,0,80,15,605.266791
100yr_0720m_h892,100,0720,5,level,0.5,388,6.1939,0,64,16,1044.094024
100yr_0720m_h892,100,0720,6,level,0.5,388,6.6727,0,50,20,1280.606791
100yr_0720m_h968,100,0720,1,near_overflow,2.0,388,6.2962,0,47,70,202.163704
100yr_0720m_h968,100,0720,2,near_overflow,2.0,388,5.4516,0,52,41,408.275387
100yr_0720m_h968,100,0720,3,near_overflow,2.0,388,5.6479,0,71,41,610.676852
100yr_0720m_h968,100,0720,5,near_overflow,2.0,388,6.3349,0,43,47,1050.346449
100yr_0720m_h968,100,0720,6,near_overflow,2.0,388,6.6148,0,42,50,1277.284131
100yr_0720m_h968,100,0720,1,near_overflow,1.0,388,6.2962,0,47,70,202.163704
100yr_0720m_h968,100,0720,2,near_overflow,1.0,388,5.4516,0,52,41,408.275387
100yr_0720m_h968,100,0720,3,near_overflow,1.0,388,5.6479,0,71,41,610.676852
100yr_0720m_h968,100,0720,5,near_overflow,1.0,388,6.3349,0,43,47,1050.346449
100yr_0720m_h968,100,0720,6,near_overflow,1.0,388,6.6148,0,42,50,1277.284131
100yr_0720m_h968,100,0720,1,level,5.0,388,4.9773,0,89,31,180.007407
100yr_0720m_h968,100,0720,2,level,5.0,388,5.2359,0,134,36,388.773439
100yr_0720m_h968,100,0720,3,level,5.0,388,5.5206,0,98,40,603.886601
100yr_0720m_h968,100,0720,5,level,5.0,388,6.3649,0,80,47,1048.45825
100yr_0720m_h968,100,0720,6,level,5.0,388,6.5523,0,87,49,1279.632319
100yr_0720m_h968,100,0720,1,near_overflow,0.5,388,6.2962,0,47,70,202.163704
100yr_0720m_h968,100,0720,2,near_overflow,0.5,388,5.4516,0,52,41,408.275387
100yr_0720m_h968,100,0720,3,near_overflow,0.5,388,5.6479,0,71,41,610.676852
100yr_0720m_h968,100,0720,5,near_overflow,0.5,388,6.3349,0,43,47,1050.346449
100yr_0720m_h968,100,0720,6,near_overflow,0.5,388,6.6148,0,42,50,1277.284131
100yr_0720m_h968,100,0720,1,level,2.0,388,5.0706,0,142,31,189.880154
100yr_0720m_h968,100,0720,2,level,2.0,388,5.4279,0,92,37,400.473709
100yr_0720m_h968,100,0720,3,level,2.0,388,5.71,0,79,41,609.333412
100yr_0720m_h968,100,0720,5,level,2.0,388,6.3484,0,62,47,1052.563405
100yr_0720m_h968,100,0720,6,level,2.0,388,6.5931,0,73,50,1277.233765
100yr_0720m_h903,100,0720,1,level,1.0,388,5.4894,0,90,38,197.342673
100yr_0720m_h903,100,0720,2,level,1.0,388,5.3762,0,110,33,401.278844
100yr_0720m_h903,100,0720,3,level,1.0,388,5.7069,0,74,35,608.632727
100yr_0720m_h903,100,0720,5,level,1.0,388,6.4218,0,66,38,1055.666349
100yr_0720m_h903,100,0720,6,level,1.0,388,6.6476,0,65,39,1280.57301
100yr_0720m_h903,100,0720,1,near_overflow,0.5,388,6.2843,0,34,52,203.981767
100yr_0720m_h903,100,0720,2,near_overflow,0.5,388,5.4848,0,50,36,408.859313
100yr_0720m_h903,100,0720,3,near_overflow,0.5,388,5.6766,0,68,35,609.814249
100yr_0720m_h903,100,0720,5,near_overflow,0.5,388,6.4218,0,40,38,1050.027734
100yr_0720m_h903,100,0720,6,near_overflow,0.5,388,6.4329,0,46,39,1279.587354
100yr_0720m_h903,100,0720,1,level,0.5,388,5.8438,0,82,41,197.027576
100yr_0720m_h903,100,0720,2,level,0.5,388,5.3762,0,110,33,401.278844
100yr_0720m_h903,100,0720,3,level,0.5,388,5.7069,0,70,35,608.497896
100yr_0720m_h903,100,0720,5,level,0.5,388,6.2248,0,50,38,1044.03718
100yr_0720m_h903,100,0720,6,level,0.5,388,6.3645,0,50,39,1276.1426
100yr_0720m_h903,100,0720,1,near_overflow,1.0,388,6.2843,0,34,52,203.981767
100yr_0720m_h903,100,0720,2,near_overflow,1.0,388,5.4848,0,50,36,408.859313
100yr_0720m_h903,100,0720,3,near_overflow,1.0,388,5.6766,0,68,35,609.814249
100yr_0720m_h903,100,0720,5,near_overflow,1.0,388,6.4218,0,40,38,1050.027734
100yr_0720m_h903,100,0720,6,near_overflow,1.0,388,6.4329,0,46,39,1279.587354
100yr_0720m_h903,100,0720,1,near_overflow,2.0,388,6.2843,0,34,52,203.981767
100yr_0720m_h903,100,0720,2,near_overflow,2.0,388,5.4848,0,50,36,408.859313
100yr_0720m_h903,100,0720,3,near_overflow,2.0,388,5.6766,0,68,35,609.814249
100yr_0720m_h903,100,0720,5,near_overflow,2.0,388,6.4218,0,40,38,1050.027734
100yr_0720m_h903,100,0720,6,near_overflow,2.0,388,6.4329,0,46,39,1279.587354
100yr_0720m_h968,100,0720,1,near_overflow,5.0,388,6.2962,0,47,70,202.163704
100yr_0720m_h968,100,0720,2,near_overflow,5.0,388,5.4516,0,52,41,408.275387
100yr_0720m_h968,100,0720,3,near_overflow,5.0,388,5.6479,0,71,41,610.676852
100yr_0720m_h968,100,0720,5,near_overflow,5.0,388,6.3349,0,43,47,1050.346449
100yr_0720m_h968,100,0720,6,near_overflow,5.0,388,6.6148,0,42,50,1277.284131
100yr_0720m_h888,100,0720,1,level,2.0,388,5.0709,0,172,14,192.508509
100yr_0720m_h888,100,0720,2,level,2.0,388,5.4282,0,106,15,397.652566
100yr_0720m_h888,100,0720,3,level,2.0,388,5.8007,0,100,15,608.501687
100yr_0720m_h888,100,0720,5,level,2.0,388,6.2769,0,81,16,1050.540723
100yr_0720m_h888,100,0720,6,level,2.0,388,6.5516,0,82,16,1284.560691
100yr_0720m_h888,100,0720,1,level,1.0,388,5.4937,0,92,18,196.690547
100yr_0720m_h888,100,0720,2,level,1.0,388,5.4282,0,106,15,401.765134
100yr_0720m_h888,100,0720,3,level,1.0,388,5.8007,0,86,15,609.468298
100yr_0720m_h888,100,0720,5,level,1.0,388,6.2769,0,67,16,1048.933755
100yr_0720m_h888,100,0720,6,level,1.0,388,6.3462,0,70,16,1272.318309
100yr_0720m_h903,100,0720,1,level,5.0,388,4.9742,0,70,29,181.846966
100yr_0720m_h903,100,0720,2,level,5.0,388,5.2378,0,144,32,390.061534
100yr_0720m_h903,100,0720,3,level,5.0,388,5.6188,0,130,34,603.353928
100yr_0720m_h903,100,0720,5,level,5.0,388,6.3938,0,126,38,1046.100092
100yr_0720m_h903,100,0720,6,level,5.0,388,6.6115,0,108,39,1288.614575
100yr_0720m_h903,100,0720,1,level,2.0,388,5.07,0,179,29,193.574616
100yr_0720m_h903,100,0720,2,level,2.0,388,5.3762,0,110,33,397.527247
100yr_0720m_h903,100,0720,3,level,2.0,388,5.7069,0,100,35,607.020606
100yr_0720m_h903,100,0720,5,level,2.0,388,6.4329,0,80,38,1058.04212
100yr_0720m_h903,100,0720,6,level,2.0,388,6.6371,0,76,39,1291.17364
100yr_0720m_h888,100,0720,1,near_overflow,1.0,388,6.2981,0,43,25,203.4619
100yr_0720m_h888,100,0720,2,near_overflow,1.0,388,5.4645,0,50,17,408.093874
100yr_0720m_h888,100,0720,3,near_overflow,1.0,388,5.6501,0,78,15,607.228133
100yr_0720m_h888,100,0720,5,near_overflow,1.0,388,6.2058,0,44,16,1045.070433
100yr_0720m_h888,100,0720,6,near_overflow,1.0,388,6.6617,0,42,16,1281.325569
100yr_0720m_h888,100,0720,1,level,5.0,388,4.9611,0,82,14,180.935191
100yr_0720m_h888,100,0720,2,level,5.0,388,5.2444,0,144,15,390.28272
100yr_0720m_h888,100,0720,3,level,5.0,388,5.6184,0,124,15,600.634606
100yr_0720m_h888,100,0720,5,level,5.0,388,6.4147,0,90,16,1052.761934
100yr_0720m_h888,100,0720,6,level,5.0,388,6.6885,0,92,16,1283.224316
100yr_0720m_h903,100,0720,1,near_overflow,5.0,388,6.2843,0,34,52,203.981767
100yr_0720m_h903,100,0720,2,near_overflow,5.0,388,5.4848,0,50,36,408.859313
100yr_0720m_h903,100,0720,3,near_overflow,5.0,388,5.6766,0,68,35,609.814249
100yr_0720m_h903,100,0720,5,near_overflow,5.0,388,6.4218,0,40,38,1050.027734
100yr_0720m_h903,100,0720,6,near_overflow,5.0,388,6.4329,0,46,39,1279.587354
100yr_0720m_h888,100,0720,1,near_overflow,5.0,388,6.2981,0,43,25,203.4619
100yr_0720m_h888,100,0720,2,near_overflow,5.0,388,5.4645,0,50,17,408.093874
100yr_0720m_h888,100,0720,3,near_overflow,5.0,388,5.6501,0,78,15,607.228133
100yr_0720m_h888,100,0720,5,near_overflow,5.0,388,6.2058,0,44,16,1045.070433
100yr_0720m_h888,100,0720,6,near_overflow,5.0,388,6.6617,0,42,16,1281.325569
100yr_0720m_h888,100,0720,1,near_overflow,0.5,388,6.2981,0,43,25,203.4619
100yr_0720m_h888,100,0720,2,near_overflow,0.5,388,5.4645,0,50,17,408.093874
100yr_0720m_h888,100,0720,3,near_overflow,0.5,388,5.6501,0,78,15,607.228133
100yr_0720m_h888,100,0720,5,near_overflow,0.5,388,6.2058,0,44,16,1045.070433
100yr_0720m_h888,100,0720,6,near_overflow,0.5,388,6.6617,0,42,16,1281.325569
100yr_0720m_h888,100,0720,1,level,0.5,388,5.8241,0,74,20,197.074481
100yr_0720m_h888,100,0720,2,level,0.5,388,5.4282,0,106,15,401.765134
100yr_0720m_h888,100,0720,3,level,0.5,388,5.8007,0,80,15,610.035463
100yr_0720m_h888,100,0720,5,level,0.5,388,6.2769,0,68,16,1044.72158
100yr_0720m_h888,100,0720,6,level,0.5,388,6.3462,0,54,16,1271.035445
100yr_1080m_h1077,100,1080,1,level,5.0,568,4.9196,0,164,49,267.878863
100yr_1080m_h1077,100,1080,2,level,5.0,568,5.0783,0,222,52,562.009914
100yr_1080m_h1077,100,1080,3,level,5.0,568,5.2698,0,183,55,865.195911
100yr_1080m_h1077,100,1080,5,level,5.0,568,5.6181,0,172,59,1476.734427
100yr_1080m_h1077,100,1080,6,level,5.0,568,6.2181,0,192,61,1803.726014
100yr_1080m_h1077,100,1080,1,level,0.5,568,5.7787,0,97,62,284.427175
100yr_1080m_h1077,100,1080,2,level,0.5,568,5.1109,0,166,53,578.236486
100yr_1080m_h1077,100,1080,3,level,0.5,568,5.2823,0,116,55,873.951016
100yr_1080m_h1077,100,1080,5,level,0.5,568,5.6835,0,91,60,1479.993143
100yr_1080m_h1077,100,1080,6,level,0.5,568,6.2181,0,74,61,1820.759077
100yr_1080m_h1077,100,1080,1,near_overflow,0.5,568,6.2939,0,56,79,292.912158
100yr_1080m_h1077,100,1080,2,near_overflow,0.5,568,5.4943,0,76,56,588.456232
100yr_1080m_h1077,100,1080,3,near_overflow,0.5,568,5.2823,0,116,55,874.633825
100yr_1080m_h1077,100,1080,5,near_overflow,0.5,568,6.0532,0,75,60,1484.053895
100yr_1080m_h1077,100,1080,6,near_overflow,0.5,568,6.3314,0,72,61,1812.127304
100yr_0720m_h888,100,0720,1,near_overflow,2.0,388,6.2981,0,43,25,203.4619
100yr_0720m_h888,100,0720,2,near_overflow,2.0,388,5.4645,0,50,17,408.093874
100yr_0720m_h888,100,0720,3,near_overflow,2.0,388,5.6501,0,78,15,607.228133
100yr_0720m_h888,100,0720,5,near_overflow,2.0,388,6.2058,0,44,16,1045.070433
100yr_0720m_h888,100,0720,6,near_overflow,2.0,388,6.6617,0,42,16,1281.325569
100yr_1080m_h1077,100,1080,1,near_overflow,2.0,568,6.2939,0,56,79,292.912158
100yr_1080m_h1077,100,1080,2,near_overflow,2.0,568,5.4943,0,76,56,588.456232
100yr_1080m_h1077,100,1080,3,near_overflow,2.0,568,5.2823,0,116,55,874.633825
100yr_1080m_h1077,100,1080,5,near_overflow,2.0,568,6.0532,0,75,60,1484.053895
100yr_1080m_h1077,100,1080,6,near_overflow,2.0,568,6.3314,0,72,61,1812.127304
100yr_1080m_h1085,100,1080,1,level,1.0,568,5.5495,0,144,54,281.366722
100yr_1080m_h1085,100,1080,2,level,1.0,568,5.114,0,208,45,574.775413
100yr_1080m_h1085,100,1080,3,level,1.0,568,5.281,0,148,51,870.837478
100yr_1080m_h1085,100,1080,5,level,1.0,568,5.9894,0,116,60,1485.57226
100yr_1080m_h1085,100,1080,6,level,1.0,568,6.5563,0,139,65,1815.554508
100yr_1080m_h1085,100,1080,1,level,2.0,568,4.9196,0,286,38,276.175257
100yr_1080m_h1085,100,1080,2,level,2.0,568,5.114,0,208,45,567.867096
100yr_1080m_h1085,100,1080,3,level,2.0,568,5.2807,0,194,51,868.300755
100yr_1080m_h1085,100,1080,5,level,2.0,568,5.9894,0,167,60,1487.835544
100yr_1080m_h1085,100,1080,6,level,2.0,568,6.5563,0,161,65,1810.883174
100yr_1080m_h1077,100,1080,1,level,1.0,568,5.5172,0,130,58,284.164391
100yr_1080m_h1077,100,1080,2,level,1.0,568,5.1109,0,166,53,578.236486
100yr_1080m_h1077,100,1080,3,level,1.0,568,5.2823,0,120,55,873.324061
100yr_1080m_h1077,100,1080,5,level,1.0,568,5.6835,0,107,60,1481.413692
100yr_1080m_h1077,100,1080,6,level,1.0,568,6.2181,0,108,61,1817.026205
100yr_1080m_h1077,100,1080,1,level,2.0,568,4.9199,0,278,49,278.057418
100yr_1080m_h1077,100,1080,2,level,2.0,568,5.1109,0,166,53,571.331063
100yr_1080m_h1077,100,1080,3,level,2.0,568,5.3309,0,150,55,871.941045
100yr_1080m_h1077,100,1080,5,level,2.0,568,5.6571,0,146,60,1479.738873
100yr_1080m_h1077,100,1080,6,level,2.0,568,6.2181,0,148,61,1809.245201
100yr_1080m_h1077,100,1080,1,near_overflow,5.0,568,6.2939,0,56,79,292.912158
100yr_1080m_h1077,100,1080,2,near_overflow,5.0,568,5.4943,0,76,56,588.456232
100yr_1080m_h1077,100,1080,3,near_overflow,5.0,568,5.2823,0,116,55,874.633825
100yr_1080m_h1077,100,1080,5,near_overflow,5.0,568,6.0532,0,75,60,1484.053895
100yr_1080m_h1077,100,1080,6,near_overflow,5.0,568,6.3314,0,72,61,1812.127304
100yr_1080m_h1085,100,1080,1,level,5.0,568,4.9196,0,104,38,256.272781
100yr_1080m_h1085,100,1080,2,level,5.0,568,5.0653,0,250,44,559.589982
100yr_1080m_h1085,100,1080,3,level,5.0,568,5.3377,0,229,50,862.966568
100yr_1080m_h1085,100,1080,5,level,5.0,568,5.9642,0,188,60,1481.351728
100yr_1080m_h1085,100,1080,6,level,5.0,568,6.5563,0,202,64,1808.770842
100yr_1080m_h1085,100,1080,1,near_overflow,1.0,568,6.2912,0,57,92,291.935261
100yr_1080m_h1085,100,1080,2,near_overflow,1.0,568,5.5106,0,85,50,587.788983
100yr_1080m_h1085,100,1080,3,near_overflow,1.0,568,5.281,0,136,51,871.867381
100yr_1080m_h1085,100,1080,5,near_overflow,1.0,568,6.001,0,84,60,1482.241857
100yr_1080m_h1085,100,1080,6,near_overflow,1.0,568,6.6015,0,79,65,1811.740583
100yr_1080m_h1077,100,1080,1,near_overflow,1.0,568,6.2939,0,56,79,292.912158
100yr_1080m_h1077,100,1080,2,near_overflow,1.0,568,5.4943,0,76,56,588.456232
100yr_1080m_h1077,100,1080,3,near_overflow,1.0,568,5.2823,0,116,55,874.633825
100yr_1080m_h1077,100,1080,5,near_overflow,1.0,568,6.0532,0,75,60,1484.053895
100yr_1080m_h1077,100,1080,6,near_overflow,1.0,568,6.3314,0,72,61,1812.127304
100yr_1080m_h1085,100,1080,1,level,0.5,568,5.8275,0,125,63,283.460366
100yr_1080m_h1085,100,1080,2,level,0.5,568,5.114,0,208,45,574.775413
100yr_1080m_h1085,100,1080,3,level,0.5,568,5.281,0,134,51,871.348366
100yr_1080m_h1085,100,1080,5,level,0.5,568,5.9894,0,110,60,1483.325036
100yr_1080m_h1085,100,1080,6,level,0.5,568,6.7753,0,100,65,1825.136409
100yr_1080m_h1085,100,1080,1,near_overflow,5.0,568,6.2912,0,57,92,291.935261
100yr_1080m_h1085,100,1080,2,near_overflow,5.0,568,5.5106,0,85,50,587.788983
100yr_1080m_h1085,100,1080,3,near_overflow,5.0,568,5.281,0,136,51,871.867381
100yr_1080m_h1085,100,1080,5,near_overflow,5.0,568,6.001,0,84,60,1482.241857
100yr_1080m_h1085,100,1080,6,near_overflow,5.0,568,6.6015,0,79,65,1811.740583
100yr_1080m_h1085,100,1080,1,near_overflow,2.0,568,6.2912,0,57,92,291.935261
100yr_1080m_h1085,100,1080,2,near_overflow,2.0,568,5.5106,0,85,50,587.788983
100yr_1080m_h1085,100,1080,3,near_overflow,2.0,568,5.281,0,136,51,871.867381
100yr_1080m_h1085,100,1080,5,near_overflow,2.0,568,6.001,0,84,60,1482.241857
100yr_1080m_h1085,100,1080,6,near_overflow,2.0,568,6.6015,0,79,65,1811.740583
20yr_0060m_h225,20,0060,1,level,0.5,58,5.8505,0,10,15,31.115865
20yr_0060m_h225,20,0060,2,level,0.5,58,5.5878,0,13,11,62.997519
20yr_0060m_h225,20,0060,3,level,0.5,58,5.8025,0,11,11,95.807873
20yr_0060m_h225,20,0060,5,level,0.5,58,6.0868,0,12,11,163.755536
20yr_0060m_h225,20,0060,6,level,0.5,58,6.229,0,6,14,200.131947
20yr_0060m_h225,20,0060,1,level,1.0,58,5.6359,0,12,14,31.082897
20yr_0060m_h225,20,0060,2,level,1.0,58,5.5878,0,13,11,62.997519
20yr_0060m_h225,20,0060,3,level,1.0,58,5.8381,0,8,11,95.872648
20yr_0060m_h225,20,0060,5,level,1.0,58,6.0868,0,10,11,164.346545
20yr_0060m_h225,20,0060,6,level,1.0,58,6.1579,0,10,14,199.577202
20yr_0060m_h225,20,0060,1,level,2.0,58,5.216,0,19,10,30.370774
20yr_0060m_h225,20,0060,2,level,2.0,58,5.5878,0,13,11,62.658458
20yr_0060m_h225,20,0060,3,level,2.0,58,5.8381,0,8,11,95.825129
20yr_0060m_h225,20,0060,5,level,2.0,58,6.0868,0,10,11,164.281402
20yr_0060m_h225,20,0060,6,level,2.0,58,6.626,0,9,20,203.780399
100yr_1080m_h1054,100,1080,1,near_overflow,0.5,568,6.2981,0,55,80,293.245152
100yr_1080m_h1054,100,1080,2,near_overflow,0.5,568,5.477,0,84,56,587.914298
100yr_1080m_h1054,100,1080,3,near_overflow,0.5,568,5.2764,0,117,56,874.44504
100yr_1080m_h1054,100,1080,5,near_overflow,0.5,568,6.0394,0,66,60,1485.921133
100yr_1080m_h1054,100,1080,6,near_overflow,0.5,568,6.4491,0,66,61,1816.434715
20yr_0060m_h225,20,0060,1,near_overflow,0.5,58,6.2553,0,8,18,31.945204
20yr_0060m_h225,20,0060,2,near_overflow,0.5,58,5.4998,0,9,12,63.288248
20yr_0060m_h225,20,0060,3,near_overflow,0.5,58,5.9234,0,12,11,96.624857
20yr_0060m_h225,20,0060,5,near_overflow,0.5,58,6.0868,0,10,11,163.778419
20yr_0060m_h225,20,0060,6,near_overflow,0.5,58,6.229,0,11,14,199.15552
100yr_1080m_h1054,100,1080,1,level,2.0,568,4.9196,0,282,49,276.486348
100yr_1080m_h1054,100,1080,2,level,2.0,568,5.0931,0,171,53,571.033117
100yr_1080m_h1054,100,1080,3,level,2.0,568,5.3021,0,149,56,871.810607
100yr_1080m_h1054,100,1080,5,level,2.0,568,6.0141,0,147,60,1486.673814
100yr_1080m_h1054,100,1080,6,level,2.0,568,6.4354,0,138,61,1810.277342
20yr_0060m_h225,20,0060,1,level,5.0,58,5.2699,0,11,10,29.79942
20yr_0060m_h225,20,0060,2,level,5.0,58,5.5878,0,13,11,62.382085
20yr_0060m_h225,20,0060,3,level,5.0,58,5.8025,0,12,11,95.338944
20yr_0060m_h225,20,0060,5,level,5.0,58,5.9944,0,13,11,162.708992
20yr_0060m_h225,20,0060,6,level,5.0,58,6.229,0,12,11,199.180115
100yr_1080m_h1085,100,1080,1,near_overflow,0.5,568,6.2912,0,57,92,291.935261
100yr_1080m_h1085,100,1080,2,near_overflow,0.5,568,5.5106,0,85,50,587.788983
100yr_1080m_h1085,100,1080,3,near_overflow,0.5,568,5.281,0,136,51,871.867381
100yr_1080m_h1085,100,1080,5,near_overflow,0.5,568,6.001,0,84,60,1482.241857
100yr_1080m_h1085,100,1080,6,near_overflow,0.5,568,6.6015,0,79,65,1811.740583
20yr_0060m_h225,20,0060,1,near_overflow,1.0,58,6.2553,0,8,18,31.945204
20yr_0060m_h225,20,0060,2,near_overflow,1.0,58,5.4998,0,9,12,63.288248
20yr_0060m_h225,20,0060,3,near_overflow,1.0,58,5.9234,0,12,11,96.624857
20yr_0060m_h225,20,0060,5,near_overflow,1.0,58,6.0868,0,10,11,163.778419
20yr_0060m_h225,20,0060,6,near_overflow,1.0,58,6.229,0,11,14,199.15552
100yr_1080m_h1054,100,1080,1,level,5.0,568,4.9196,0,164,49,267.958643
100yr_1080m_h1054,100,1080,2,level,5.0,568,5.0821,0,220,52,562.351714
100yr_1080m_h1054,100,1080,3,level,5.0,568,5.872,0,184,55,867.899014
100yr_1080m_h1054,100,1080,5,level,5.0,568,6.0141,0,168,59,1485.350514
100yr_1080m_h1054,100,1080,6,level,5.0,568,6.4354,0,174,61,1820.402085
20yr_0060m_h225,20,0060,1,near_overflow,2.0,58,6.2553,0,8,18,31.945204
20yr_0060m_h225,20,0060,2,near_overflow,2.0,58,5.4998,0,9,12,63.288248
20yr_0060m_h225,20,0060,3,near_overflow,2.0,58,5.9234,0,12,11,96.624857
20yr_0060m_h225,20,0060,5,near_overflow,2.0,58,6.0868,0,10,11,163.778419
20yr_0060m_h225,20,0060,6,near_overflow,2.0,58,6.229,0,11,14,199.15552
100yr_1080m_h1054,100,1080,1,near_overflow,5.0,568,6.2981,0,55,80,293.245152
100yr_1080m_h1054,100,1080,2,near_overflow,5.0,568,5.477,0,84,56,587.914298
100yr_1080m_h1054,100,1080,3,near_overflow,5.0,568,5.2764,0,117,56,874.44504
100yr_1080m_h1054,100,1080,5,near_overflow,5.0,568,6.0394,0,66,60,1485.921133
100yr_1080m_h1054,100,1080,6,near_overflow,5.0,568,6.4491,0,66,61,1816.434715
20yr_0060m_h225,20,0060,1,near_overflow,5.0,58,6.2553,0,8,18,31.945204
20yr_0060m_h225,20,0060,2,near_overflow,5.0,58,5.4998,0,9,12,63.288248
20yr_0060m_h225,20,0060,3,near_overflow,5.0,58,5.9234,0,12,11,96.624857
20yr_0060m_h225,20,0060,5,near_overflow,5.0,58,6.0868,0,10,11,163.778419
20yr_0060m_h225,20,0060,6,near_overflow,5.0,58,6.229,0,11,14,199.15552
100yr_1080m_h1054,100,1080,1,level,0.5,568,5.8378,0,95,63,284.919047
100yr_1080m_h1054,100,1080,2,level,0.5,568,5.0931,0,171,53,578.056401
100yr_1080m_h1054,100,1080,3,level,0.5,568,5.2764,0,117,56,873.761311
100yr_1080m_h1054,100,1080,5,level,0.5,568,5.6602,0,92,60,1479.934379
100yr_1080m_h1054,100,1080,6,level,0.5,568,6.4354,0,76,61,1823.340575
100yr_1080m_h1054,100,1080,1,level,1.0,568,5.4998,0,125,59,283.849806
100yr_1080m_h1054,100,1080,2,level,1.0,568,5.0931,0,171,53,578.056401
100yr_1080m_h1054,100,1080,3,level,1.0,568,5.3021,0,117,56,874.41326
100yr_1080m_h1054,100,1080,5,level,1.0,568,5.6602,0,108,60,1482.066207
100yr_1080m_h1054,100,1080,6,level,1.0,568,6.4354,0,102,61,1819.396573
100yr_1080m_h1098,100,1080,1,near_overflow,0.5,568,6.2916,0,58,92,291.954862
100yr_1080m_h1098,100,1080,2,near_overflow,0.5,568,5.5088,0,83,50,588.032166
100yr_1080m_h1098,100,1080,3,near_overflow,0.5,568,5.2755,0,136,51,871.993781
100yr_1080m_h1098,100,1080,5,near_overflow,0.5,568,6.0167,0,88,61,1481.414542
100yr_1080m_h1098,100,1080,6,near_overflow,0.5,568,6.596,0,83,65,1811.616524
100yr_1080m_h1098,100,1080,1,level,1.0,568,5.5229,0,144,54,278.205117
100yr_1080m_h1098,100,1080,2,level,1.0,568,5.0942,0,216,45,574.017967
100yr_1080m_h1098,100,1080,3,level,1.0,568,5.2755,0,150,51,871.079445
100yr_1080m_h1098,100,1080,5,level,1.0,568,6.0081,0,126,61,1482.587764
100yr_1080m_h1098,100,1080,6,level,1.0,568,6.5546,0,141,65,1809.393092
100yr_1080m_h1098,100,1080,1,level,2.0,568,4.9192,0,296,38,276.132816
100yr_1080m_h1098,100,1080,2,level,2.0,568,5.0942,0,216,45,567.200317
100yr_1080m_h1098,100,1080,3,level,2.0,568,5.2755,0,196,51,867.962838
100yr_1080m_h1098,100,1080,5,level,2.0,568,5.9634,0,165,61,1485.019856
100yr_1080m_h1098,100,1080,6,level,2.0,568,6.5546,0,159,65,1807.380706
100yr_1080m_h1098,100,1080,1,level,5.0,568,4.9192,0,104,38,256.088993
100yr_1080m_h1098,100,1080,2,level,5.0,568,5.066,0,243,44,559.245426
100yr_1080m_h1098,100,1080,3,level,5.0,568,5.8666,0,223,50,863.540268
100yr_1080m_h1098,100,1080,5,level,5.0,568,5.9758,0,194,60,1483.037415
100yr_1080m_h1098,100,1080,6,level,5.0,568,6.5654,0,198,64,1816.272418
100yr_1080m_h1054,100,1080,1,near_overflow,1.0,568,6.2981,0,55,80,293.245152
100yr_1080m_h1054,100,1080,2,near_overflow,1.0,568,5.477,0,84,56,587.914298
100yr_1080m_h1054,100,1080,3,near_overflow,1.0,568,5.2764,0,117,56,874.44504
100yr_1080m_h1054,100,1080,5,near_overflow,1.0,568,6.0394,0,66,60,1485.921133
100yr_1080m_h1054,100,1080,6,near_overflow,1.0,568,6.4491,0,66,61,1816.434715
100yr_1080m_h1054,100,1080,1,near_overflow,2.0,568,6.2981,0,55,80,293.245152
100yr_1080m_h1054,100,1080,2,near_overflow,2.0,568,5.477,0,84,56,587.914298
100yr_1080m_h1054,100,1080,3,near_overflow,2.0,568,5.2764,0,117,56,874.44504
100yr_1080m_h1054,100,1080,5,near_overflow,2.0,568,6.0394,0,66,60,1485.921133
100yr_1080m_h1054,100,1080,6,near_overflow,2.0,568,6.4491,0,66,61,1816.434715
100yr_1080m_h1087,100,1080,1,level,0.5,568,5.8373,0,129,63,282.131019
100yr_1080m_h1087,100,1080,2,level,0.5,568,5.0949,0,210,45,574.583879
100yr_1080m_h1087,100,1080,3,level,0.5,568,5.2892,0,137,51,871.085785
100yr_1080m_h1087,100,1080,5,level,0.5,568,5.9874,0,105,60,1482.973756
100yr_1080m_h1087,100,1080,6,level,0.5,568,6.5734,0,97,64,1811.287308
100yr_1080m_h1087,100,1080,1,level,2.0,568,4.9199,0,294,38,275.568991
100yr_1080m_h1087,100,1080,2,level,2.0,568,5.0949,0,210,45,567.818501
100yr_1080m_h1087,100,1080,3,level,2.0,568,5.2844,0,197,51,868.200274
100yr_1080m_h1087,100,1080,5,level,2.0,568,5.9316,0,174,60,1482.138547
100yr_1080m_h1087,100,1080,6,level,2.0,568,6.0476,0,169,64,1804.247574
100yr_1080m_h1087,100,1080,1,level,1.0,568,5.5128,0,152,54,281.439262
100yr_1080m_h1087,100,1080,2,level,1.0,568,5.0949,0,210,45,574.583879
100yr_1080m_h1087,100,1080,3,level,1.0,568,5.2844,0,149,51,870.940553
100yr_1080m_h1087,100,1080,5,level,1.0,568,5.9874,0,119,60,1485.093641
100yr_1080m_h1087,100,1080,6,level,1.0,568,6.3441,0,142,64,1808.322049
20yr_0060m_h216,20,0060,1,level,0.5,58,5.7638,0,12,13,30.814328
20yr_0060m_h216,20,0060,2,level,0.5,58,5.2737,0,14,10,62.861867
20yr_0060m_h216,20,0060,3,level,0.5,58,5.6477,0,13,10,95.618875
20yr_0060m_h216,20,0060,5,level,0.5,58,6.0869,0,11,10,165.504185
20yr_0060m_h216,20,0060,6,level,0.5,58,6.2291,0,9,10,200.58886
100yr_1080m_h1098,100,1080,1,level,0.5,568,5.8416,0,130,63,282.107589
100yr_1080m_h1098,100,1080,2,level,0.5,568,5.0942,0,216,45,574.017967
100yr_1080m_h1098,100,1080,3,level,0.5,568,5.2755,0,136,51,871.139106
100yr_1080m_h1098,100,1080,5,level,0.5,568,6.0081,0,111,61,1483.875222
100yr_1080m_h1098,100,1080,6,level,0.5,568,6.5546,0,97,65,1813.754087
20yr_0060m_h216,20,0060,1,level,1.0,58,5.4363,0,12,12,30.665587
20yr_0060m_h216,20,0060,2,level,1.0,58,5.2737,0,14,10,62.861867
20yr_0060m_h216,20,0060,3,level,1.0,58,5.5882,0,14,10,95.685638
20yr_0060m_h216,20,0060,5,level,1.0,58,6.0869,0,10,10,165.648456
20yr_0060m_h216,20,0060,6,level,1.0,58,6.158,0,10,10,200.770569
20yr_0060m_h216,20,0060,1,level,5.0,58,5.0661,0,11,9,29.643593
20yr_0060m_h216,20,0060,2,level,5.0,58,5.4708,0,14,10,60.853663
20yr_0060m_h216,20,0060,3,level,5.0,58,5.5882,0,10,10,95.382024
20yr_0060m_h216,20,0060,5,level,5.0,58,6.0159,0,11,10,164.346447
20yr_0060m_h216,20,0060,6,level,5.0,58,6.158,0,16,10,199.894548
20yr_0060m_h216,20,0060,1,near_overflow,0.5,58,6.4005,0,5,16,32.67375
20yr_0060m_h216,20,0060,2,near_overflow,0.5,58,5.3697,0,12,11,63.098413
20yr_0060m_h216,20,0060,3,near_overflow,0.5,58,5.8716,0,12,10,96.432943
20yr_0060m_h216,20,0060,5,near_overflow,0.5,58,6.0869,0,10,10,165.358719
20yr_0060m_h216,20,0060,6,near_overflow,0.5,58,6.2291,0,10,10,199.969966
20yr_0060m_h216,20,0060,1,level,2.0,58,5.0661,0,21,9,29.840951
20yr_0060m_h216,20,0060,2,level,2.0,58,5.4708,0,15,10,62.379766
20yr_0060m_h216,20,0060,3,level,2.0,58,5.5882,0,10,10,95.61329
20yr_0060m_h216,20,0060,5,level,2.0,58,6.0159,0,11,10,165.322097
20yr_0060m_h216,20,0060,6,level,2.0,58,6.158,0,10,10,200.649977
20yr_0060m_h216,20,0060,1,near_overflow,1.0,58,6.4005,0,5,16,32.67375
20yr_0060m_h216,20,0060,2,near_overflow,1.0,58,5.3697,0,12,11,63.098413
20yr_0060m_h216,20,0060,3,near_overflow,1.0,58,5.8716,0,12,10,96.432943
20yr_0060m_h216,20,0060,5,near_overflow,1.0,58,6.0869,0,10,10,165.358719
20yr_0060m_h216,20,0060,6,near_overflow,1.0,58,6.2291,0,10,10,199.969966
100yr_1080m_h1087,100,1080,1,level,5.0,568,4.9199,0,104,38,256.545607
100yr_1080m_h1087,100,1080,2,level,5.0,568,5.0644,0,248,44,558.55881
100yr_1080m_h1087,100,1080,3,level,5.0,568,5.2703,0,226,50,862.568174
100yr_1080m_h1087,100,1080,5,level,5.0,568,5.9489,0,190,59,1480.404338
100yr_1080m_h1087,100,1080,6,level,5.0,568,6.2546,0,184,64,1807.292577
100yr_1080m_h1098,100,1080,1,near_overflow,1.0,568,6.2916,0,58,92,291.954862
100yr_1080m_h1098,100,1080,2,near_overflow,1.0,568,5.5088,0,83,50,588.032166
100yr_1080m_h1098,100,1080,3,near_overflow,1.0,568,5.2755,0,136,51,871.993781
100yr_1080m_h1098,100,1080,5,near_overflow,1.0,568,6.0167,0,88,61,1481.414542
100yr_1080m_h1098,100,1080,6,near_overflow,1.0,568,6.596,0,83,65,1811.616524
20yr_0060m_h216,20,0060,1,near_overflow,5.0,58,6.4005,0,5,16,32.67375
20yr_0060m_h216,20,0060,2,near_overflow,5.0,58,5.3697,0,12,11,63.098413
20yr_0060m_h216,20,0060,3,near_overflow,5.0,58,5.8716,0,12,10,96.432943
20yr_0060m_h216,20,0060,5,near_overflow,5.0,58,6.0869,0,10,10,165.358719
20yr_0060m_h216,20,0060,6,near_overflow,5.0,58,6.2291,0,10,10,199.969966
20yr_0060m_h247,20,0060,1,level,0.5,58,5.8701,0,12,15,31.13272
20yr_0060m_h247,20,0060,2,level,0.5,58,5.6301,0,13,11,63.201429
20yr_0060m_h247,20,0060,3,level,0.5,58,5.8659,0,10,11,96.471717
20yr_0060m_h247,20,0060,5,level,0.5,58,6.1502,0,10,11,164.884488
20yr_0060m_h247,20,0060,6,level,0.5,58,6.3337,0,11,11,200.892184
20yr_0060m_h216,20,0060,1,near_overflow,2.0,58,6.4005,0,5,16,32.67375
20yr_0060m_h216,20,0060,2,near_overflow,2.0,58,5.3697,0,12,11,63.098413
20yr_0060m_h216,20,0060,3,near_overflow,2.0,58,5.8716,0,12,10,96.432943
20yr_0060m_h216,20,0060,5,near_overflow,2.0,58,6.0869,0,10,10,165.358719
20yr_0060m_h216,20,0060,6,near_overflow,2.0,58,6.2291,0,10,10,199.969966
20yr_0060m_h247,20,0060,1,level,2.0,58,5.4101,0,19,10,30.561219
20yr_0060m_h247,20,0060,2,level,2.0,58,5.6961,0,13,11,62.85447
20yr_0060m_h247,20,0060,3,level,2.0,58,5.8375,0,9,11,96.282463
20yr_0060m_h247,20,0060,5,level,2.0,58,6.1502,0,10,11,165.254022
20yr_0060m_h247,20,0060,6,level,2.0,58,6.1929,0,12,11,200.352301
20yr_0060m_h247,20,0060,1,level,5.0,58,5.4576,0,12,10,30.381472
20yr_0060m_h247,20,0060,2,level,5.0,58,5.6961,0,13,10,62.456567
20yr_0060m_h247,20,0060,3,level,5.0,58,5.8375,0,10,11,95.99065
20yr_0060m_h247,20,0060,5,level,5.0,58,6.0294,0,11,11,164.496912
20yr_0060m_h247,20,0060,6,level,5.0,58,6.1929,0,15,11,199.855517
20yr_0060m_h247,20,0060,1,near_overflow,1.0,58,6.287,0,8,18,32.071078
20yr_0060m_h247,20,0060,2,near_overflow,1.0,58,5.6961,0,10,12,63.761538
20yr_0060m_h247,20,0060,3,near_overflow,1.0,58,5.9867,0,10,11,97.088234
20yr_0060m_h247,20,0060,5,near_overflow,1.0,58,6.2213,0,12,11,164.974275
20yr_0060m_h247,20,0060,6,near_overflow,1.0,58,6.4022,0,9,11,201.724029
20yr_0060m_h247,20,0060,1,level,1.0,58,5.4761,0,10,13,31.242479
20yr_0060m_h247,20,0060,2,level,1.0,58,5.6301,0,13,11,63.173851
20yr_0060m_h247,20,0060,3,level,1.0,58,5.8375,0,8,11,96.508598
20yr_0060m_h247,20,0060,5,level,1.0,58,6.1502,0,8,11,165.355741
20yr_0060m_h247,20,0060,6,level,1.0,58,6.3337,0,9,11,201.951879
20yr_0060m_h247,20,0060,1,near_overflow,2.0,58,6.287,0,8,18,32.071078
20yr_0060m_h247,20,0060,2,near_overflow,2.0,58,5.6961,0,10,12,63.761538
20yr_0060m_h247,20,0060,3,near_overflow,2.0,58,5.9867,0,10,11,97.088234
20yr_0060m_h247,20,0060,5,near_overflow,2.0,58,6.2213,0,12,11,164.974275
20yr_0060m_h247,20,0060,6,near_overflow,2.0,58,6.4022,0,9,11,201.724029
20yr_0060m_h247,20,0060,1,near_overflow,5.0,58,6.287,0,8,18,32.071078
20yr_0060m_h247,20,0060,2,near_overflow,5.0,58,5.6961,0,10,12,63.761538
20yr_0060m_h247,20,0060,3,near_overflow,5.0,58,5.9867,0,10,11,97.088234
20yr_0060m_h247,20,0060,5,near_overflow,5.0,58,6.2213,0,12,11,164.974275
20yr_0060m_h247,20,0060,6,near_overflow,5.0,58,6.4022,0,9,11,201.724029
20yr_0060m_h247,20,0060,1,near_overflow,0.5,58,6.287,0,8,18,32.071078
20yr_0060m_h247,20,0060,2,near_overflow,0.5,58,5.6961,0,10,12,63.761538
20yr_0060m_h247,20,0060,3,near_overflow,0.5,58,5.9867,0,10,11,97.088234
20yr_0060m_h247,20,0060,5,near_overflow,0.5,58,6.2213,0,12,11,164.974275
20yr_0060m_h247,20,0060,6,near_overflow,0.5,58,6.4022,0,9,11,201.724029
100yr_1080m_h1087,100,1080,1,near_overflow,2.0,568,6.3033,0,60,92,291.78457
100yr_1080m_h1087,100,1080,2,near_overflow,2.0,568,5.473,0,84,50,587.939588
100yr_1080m_h1087,100,1080,3,near_overflow,2.0,568,5.2844,0,135,51,871.879402
100yr_1080m_h1087,100,1080,5,near_overflow,2.0,568,6.019,0,91,60,1481.332221
100yr_1080m_h1087,100,1080,6,near_overflow,2.0,568,6.5686,0,90,64,1812.968971
20yr_0060m_h198,20,0060,1,level,1.0,58,5.4003,0,11,12,30.790144
20yr_0060m_h198,20,0060,2,level,1.0,58,5.2287,0,16,10,62.540285
20yr_0060m_h198,20,0060,3,level,1.0,58,5.4915,0,14,10,94.687591
20yr_0060m_h198,20,0060,5,level,1.0,58,6.0736,0,8,10,165.574932
20yr_0060m_h198,20,0060,6,level,1.0,58,6.1446,0,10,10,199.668008
20yr_0060m_h198,20,0060,1,level,2.0,58,5.1536,0,20,9,30.527558
20yr_0060m_h198,20,0060,2,level,2.0,58,5.4394,0,13,10,62.285891
20yr_0060m_h198,20,0060,3,level,2.0,58,5.3713,0,14,10,94.686411
20yr_0060m_h198,20,0060,5,level,2.0,58,6.0736,0,10,10,165.535304
20yr_0060m_h198,20,0060,6,level,2.0,58,6.1446,0,12,10,199.651641
100yr_1080m_h1098,100,1080,1,near_overflow,2.0,568,6.2916,0,58,92,291.954862
100yr_1080m_h1098,100,1080,2,near_overflow,2.0,568,5.5088,0,83,50,588.032166
100yr_1080m_h1098,100,1080,3,near_overflow,2.0,568,5.2755,0,136,51,871.993781
100yr_1080m_h1098,100,1080,5,near_overflow,2.0,568,6.0167,0,88,61,1481.414542
100yr_1080m_h1098,100,1080,6,near_overflow,2.0,568,6.596,0,83,65,1811.616524
20yr_0060m_h198,20,0060,1,near_overflow,0.5,58,6.3908,0,6,16,32.610575
20yr_0060m_h198,20,0060,2,near_overflow,0.5,58,5.5463,0,11,11,62.796355
20yr_0060m_h198,20,0060,3,near_overflow,0.5,58,5.7668,0,12,10,96.26486
20yr_0060m_h198,20,0060,5,near_overflow,0.5,58,6.0736,0,10,10,164.743393
20yr_0060m_h198,20,0060,6,near_overflow,0.5,58,6.2157,0,11,10,199.653695
20yr_0060m_h198,20,0060,1,level,0.5,58,5.7557,0,9,13,31.121882
20yr_0060m_h198,20,0060,2,level,0.5,58,5.2287,0,16,10,62.540285
20yr_0060m_h198,20,0060,3,level,0.5,58,5.4915,0,12,10,94.855347
20yr_0060m_h198,20,0060,5,level,0.5,58,6.0736,0,8,10,165.560554
20yr_0060m_h198,20,0060,6,level,0.5,58,6.2157,0,11,10,199.992005
20yr_0060m_h198,20,0060,1,near_overflow,1.0,58,6.3908,0,6,16,32.610575
20yr_0060m_h198,20,0060,2,near_overflow,1.0,58,5.5463,0,11,11,62.796355
20yr_0060m_h198,20,0060,3,near_overflow,1.0,58,5.7668,0,12,10,96.26486
20yr_0060m_h198,20,0060,5,near_overflow,1.0,58,6.0736,0,10,10,164.743393
20yr_0060m_h198,20,0060,6,near_overflow,1.0,58,6.2157,0,11,10,199.653695
20yr_0060m_h198,20,0060,1,near_overflow,2.0,58,6.3908,0,6,16,32.610575
20yr_0060m_h198,20,0060,2,near_overflow,2.0,58,5.5463,0,11,11,62.796355
20yr_0060m_h198,20,0060,3,near_overflow,2.0,58,5.7668,0,12,10,96.26486
20yr_0060m_h198,20,0060,5,near_overflow,2.0,58,6.0736,0,10,10,164.743393
20yr_0060m_h198,20,0060,6,near_overflow,2.0,58,6.2157,0,11,10,199.653695
100yr_1080m_h1087,100,1080,1,near_overflow,5.0,568,6.3033,0,60,92,291.78457
100yr_1080m_h1087,100,1080,2,near_overflow,5.0,568,5.473,0,84,50,587.939588
100yr_1080m_h1087,100,1080,3,near_overflow,5.0,568,5.2844,0,135,51,871.879402
100yr_1080m_h1087,100,1080,5,near_overflow,5.0,568,6.019,0,91,60,1481.332221
100yr_1080m_h1087,100,1080,6,near_overflow,5.0,568,6.5686,0,90,64,1812.968971
20yr_0060m_h224,20,0060,1,level,0.5,58,5.8683,0,11,15,31.241834
20yr_0060m_h224,20,0060,2,level,0.5,58,5.6611,0,17,11,62.831999
20yr_0060m_h224,20,0060,3,level,0.5,58,5.876,0,10,11,96.427069
20yr_0060m_h224,20,0060,5,level,0.5,58,6.1603,0,13,11,164.417801
20yr_0060m_h224,20,0060,6,level,0.5,58,6.3434,0,9,11,201.747867
20yr_0060m_h198,20,0060,1,level,5.0,58,4.9168,0,14,9,29.145732
20yr_0060m_h198,20,0060,2,level,5.0,58,5.4394,0,19,10,61.390894
20yr_0060m_h198,20,0060,3,level,5.0,58,5.5468,0,13,10,94.950993
20yr_0060m_h198,20,0060,5,level,5.0,58,6.0736,0,11,10,164.941736
20yr_0060m_h198,20,0060,6,level,5.0,58,6.1446,0,18,10,199.708862
20yr_0060m_h224,20,0060,1,level,2.0,58,5.4411,0,18,10,30.898755
20yr_0060m_h224,20,0060,2,level,2.0,58,5.7271,0,11,11,62.897304
20yr_0060m_h224,20,0060,3,level,2.0,58,5.876,0,11,11,96.231711
20yr_0060m_h224,20,0060,5,level,2.0,58,6.1603,0,15,11,165.643272
20yr_0060m_h224,20,0060,6,level,2.0,58,6.2029,0,11,11,200.89494
20yr_0060m_h224,20,0060,1,level,5.0,58,5.4823,0,12,10,30.413031
20yr_0060m_h224,20,0060,2,level,5.0,58,5.4543,0,14,10,61.412113
20yr_0060m_h224,20,0060,3,level,5.0,58,5.8475,0,15,11,95.580575
20yr_0060m_h224,20,0060,5,level,5.0,58,6.0394,0,14,11,164.692673
20yr_0060m_h224,20,0060,6,level,5.0,58,6.2029,0,12,11,199.395045
20yr_0060m_h224,20,0060,1,near_overflow,1.0,58,6.2865,0,8,18,32.049418
20yr_0060m_h224,20,0060,2,near_overflow,1.0,58,5.7271,0,11,12,63.705709
20yr_0060m_h224,20,0060,3,near_overflow,1.0,58,5.9968,0,11,11,97.048201
20yr_0060m_h224,20,0060,5,near_overflow,1.0,58,6.2313,0,11,11,165.262969
20yr_0060m_h224,20,0060,6,near_overflow,1.0,58,6.4118,0,10,11,202.056859
20yr_0060m_h224,20,0060,1,near_overflow,0.5,58,6.2865,0,8,18,32.049418
20yr_0060m_h224,20,0060,2,near_overflow,0.5,58,5.7271,0,11,12,63.705709
20yr_0060m_h224,20,0060,3,near_overflow,0.5,58,5.9968,0,11,11,97.048201
20yr_0060m_h224,20,0060,5,near_overflow,0.5,58,6.2313,0,11,11,165.262969
20yr_0060m_h224,20,0060,6,near_overflow,0.5,58,6.4118,0,10,11,202.056859
20yr_0060m_h198,20,0060,1,near_overflow,5.0,58,6.3908,0,6,16,32.610575
20yr_0060m_h198,20,0060,2,near_overflow,5.0,58,5.5463,0,11,11,62.796355
20yr_0060m_h198,20,0060,3,near_overflow,5.0,58,5.7668,0,12,10,96.26486
20yr_0060m_h198,20,0060,5,near_overflow,5.0,58,6.0736,0,10,10,164.743393
20yr_0060m_h198,20,0060,6,near_overflow,5.0,58,6.2157,0,11,10,199.653695
20yr_0060m_h224,20,0060,1,level,1.0,58,5.5071,0,9,13,31.262762
20yr_0060m_h224,20,0060,2,level,1.0,58,5.6611,0,17,11,62.831999
20yr_0060m_h224,20,0060,3,level,1.0,58,5.876,0,10,11,96.424017
20yr_0060m_h224,20,0060,5,level,1.0,58,6.1603,0,10,11,165.205078
20yr_0060m_h224,20,0060,6,level,1.0,58,6.3434,0,10,11,201.687362
20yr_0120m_h366,20,0120,1,level,0.5,88,5.8513,0,19,22,46.67752
20yr_0120m_h366,20,0120,2,level,0.5,88,5.1674,0,16,17,94.725146
20yr_0120m_h366,20,0120,3,level,0.5,88,5.4648,0,13,17,143.93027
20yr_0120m_h366,20,0120,5,level,0.5,88,5.9422,0,10,18,246.593562
20yr_0120m_h366,20,0120,6,level,0.5,88,6.1813,0,11,18,300.48813
100yr_1080m_h1098,100,1080,1,near_overflow,5.0,568,6.2916,0,58,92,291.954862
100yr_1080m_h1098,100,1080,2,near_overflow,5.0,568,5.5088,0,83,50,588.032166
100yr_1080m_h1098,100,1080,3,near_overflow,5.0,568,5.2755,0,136,51,871.993781
100yr_1080m_h1098,100,1080,5,near_overflow,5.0,568,6.0167,0,88,61,1481.414542
100yr_1080m_h1098,100,1080,6,near_overflow,5.0,568,6.596,0,83,65,1811.616524
20yr_0060m_h224,20,0060,1,near_overflow,5.0,58,6.2865,0,8,18,32.049418
20yr_0060m_h224,20,0060,2,near_overflow,5.0,58,5.7271,0,11,12,63.705709
20yr_0060m_h224,20,0060,3,near_overflow,5.0,58,5.9968,0,11,11,97.048201
20yr_0060m_h224,20,0060,5,near_overflow,5.0,58,6.2313,0,11,11,165.262969
20yr_0060m_h224,20,0060,6,near_overflow,5.0,58,6.4118,0,10,11,202.056859
20yr_0120m_h366,20,0120,1,level,1.0,88,5.511,0,23,20,46.393761
20yr_0120m_h366,20,0120,2,level,1.0,88,5.1674,0,16,17,94.725146
20yr_0120m_h366,20,0120,3,level,1.0,88,5.4648,0,13,17,143.93027
20yr_0120m_h366,20,0120,5,level,1.0,88,5.9109,0,10,18,245.36998
20yr_0120m_h366,20,0120,6,level,1.0,88,6.1813,0,9,18,299.755248
20yr_0120m_h366,20,0120,1,level,2.0,88,5.0433,0,28,15,45.701307
20yr_0120m_h366,20,0120,2,level,2.0,88,5.1674,0,16,17,94.124847
20yr_0120m_h366,20,0120,3,level,2.0,88,5.3874,0,16,17,143.643134
20yr_0120m_h366,20,0120,5,level,2.0,88,5.9322,0,20,18,244.953651
20yr_0120m_h366,20,0120,6,level,2.0,88,6.1454,0,12,18,303.196574
20yr_0060m_h224,20,0060,1,near_overflow,2.0,58,6.2865,0,8,18,32.049418
20yr_0060m_h224,20,0060,2,near_overflow,2.0,58,5.7271,0,11,12,63.705709
20yr_0060m_h224,20,0060,3,near_overflow,2.0,58,5.9968,0,11,11,97.048201
20yr_0060m_h224,20,0060,5,near_overflow,2.0,58,6.2313,0,11,11,165.262969
20yr_0060m_h224,20,0060,6,near_overflow,2.0,58,6.4118,0,10,11,202.056859
20yr_0120m_h366,20,0120,1,near_overflow,1.0,88,6.3297,0,12,27,47.937252
20yr_0120m_h366,20,0120,2,near_overflow,1.0,88,5.4025,0,12,18,95.314946
20yr_0120m_h366,20,0120,3,near_overflow,1.0,88,5.8786,0,13,17,145.208347
20yr_0120m_h366,20,0120,5,near_overflow,1.0,88,6.1102,0,11,18,247.811602
20yr_0120m_h366,20,0120,6,near_overflow,1.0,88,6.352,0,10,18,300.225768
20yr_0120m_h257,20,0120,1,level,0.5,88,5.6714,0,17,8,46.322148
20yr_0120m_h257,20,0120,2,level,0.5,88,5.3737,0,24,6,94.74567
20yr_0120m_h257,20,0120,3,level,0.5,88,5.6758,0,15,6,144.316595
20yr_0120m_h257,20,0120,5,level,0.5,88,6.302,0,11,10,250.80285
20yr_0120m_h257,20,0120,6,level,0.5,88,6.3705,0,12,11,303.726096
20yr_0120m_h257,20,0120,1,level,1.0,88,5.5807,0,19,8,46.222394
20yr_0120m_h257,20,0120,2,level,1.0,88,5.3737,0,24,6,94.74567
20yr_0120m_h257,20,0120,3,level,1.0,88,5.6798,0,18,7,144.229442
20yr_0120m_h257,20,0120,5,level,1.0,88,6.302,0,13,10,249.772105
20yr_0120m_h257,20,0120,6,level,1.0,88,6.3705,0,13,11,304.18448
20yr_0120m_h257,20,0120,1,level,5.0,88,4.9343,0,23,6,44.118978
20yr_0120m_h257,20,0120,2,level,5.0,88,5.1537,0,26,6,91.567792
20yr_0120m_h257,20,0120,3,level,5.0,88,5.9799,0,20,9,142.989504
20yr_0120m_h257,20,0120,5,level,5.0,88,6.0319,0,22,9,251.528644
20yr_0120m_h257,20,0120,6,level,5.0,88,6.1402,0,18,9,302.285555
20yr_0120m_h366,20,0120,1,level,5.0,88,4.9412,0,15,15,44.02453
20yr_0120m_h366,20,0120,2,level,5.0,88,5.1674,0,25,16,92.667773
20yr_0120m_h366,20,0120,3,level,5.0,88,5.3009,0,15,17,142.43583
20yr_0120m_h366,20,0120,5,level,5.0,88,5.9819,0,16,18,245.381903
20yr_0120m_h366,20,0120,6,level,5.0,88,6.1813,0,14,18,301.213339
20yr_0120m_h366,20,0120,1,near_overflow,5.0,88,6.3297,0,12,27,47.937252
20yr_0120m_h366,20,0120,2,near_overflow,5.0,88,5.4025,0,12,18,95.314946
20yr_0120m_h366,20,0120,3,near_overflow,5.0,88,5.8786,0,13,17,145.208347
20yr_0120m_h366,20,0120,5,near_overflow,5.0,88,6.1102,0,11,18,247.811602
20yr_0120m_h366,20,0120,6,near_overflow,5.0,88,6.352,0,10,18,300.225768
20yr_0120m_h257,20,0120,1,near_overflow,0.5,88,6.3705,0,9,11,47.846908
20yr_0120m_h257,20,0120,2,near_overflow,0.5,88,5.4619,0,16,7,95.307182
20yr_0120m_h257,20,0120,3,near_overflow,0.5,88,5.8121,0,18,6,143.405905
20yr_0120m_h257,20,0120,5,near_overflow,0.5,88,6.0964,0,15,6,248.350295
20yr_0120m_h257,20,0120,6,near_overflow,0.5,88,6.3705,0,9,11,302.70883
20yr_0120m_h257,20,0120,1,near_overflow,1.0,88,6.3705,0,9,11,47.846908
20yr_0120m_h257,20,0120,2,near_overflow,1.0,88,5.4619,0,16,7,95.307182
20yr_0120m_h257,20,0120,3,near_overflow,1.0,88,5.8121,0,18,6,143.405905
20yr_0120m_h257,20,0120,5,near_overflow,1.0,88,6.0964,0,15,6,248.350295
20yr_0120m_h257,20,0120,6,near_overflow,1.0,88,6.3705,0,9,11,302.70883
20yr_0120m_h366,20,0120,1,near_overflow,0.5,88,6.3297,0,12,27,47.937252
20yr_0120m_h366,20,0120,2,near_overflow,0.5,88,5.4025,0,12,18,95.314946
20yr_0120m_h366,20,0120,3,near_overflow,0.5,88,5.8786,0,13,17,145.208347
20yr_0120m_h366,20,0120,5,near_overflow,0.5,88,6.1102,0,11,18,247.811602
20yr_0120m_h366,20,0120,6,near_overflow,0.5,88,6.352,0,10,18,300.225768
20yr_0120m_h366,20,0120,1,near_overflow,2.0,88,6.3297,0,12,27,47.937252
20yr_0120m_h366,20,0120,2,near_overflow,2.0,88,5.4025,0,12,18,95.314946
20yr_0120m_h366,20,0120,3,near_overflow,2.0,88,5.8786,0,13,17,145.208347
20yr_0120m_h366,20,0120,5,near_overflow,2.0,88,6.1102,0,11,18,247.811602
20yr_0120m_h366,20,0120,6,near_overflow,2.0,88,6.352,0,10,18,300.225768
20yr_0120m_h257,20,0120,1,near_overflow,2.0,88,6.3705,0,9,11,47.846908
20yr_0120m_h257,20,0120,2,near_overflow,2.0,88,5.4619,0,16,7,95.307182
20yr_0120m_h257,20,0120,3,near_overflow,2.0,88,5.8121,0,18,6,143.405905
20yr_0120m_h257,20,0120,5,near_overflow,2.0,88,6.0964,0,15,6,248.350295
20yr_0120m_h257,20,0120,6,near_overflow,2.0,88,6.3705,0,9,11,302.70883
20yr_0120m_h257,20,0120,1,level,2.0,88,5.0571,0,41,6,45.308612
20yr_0120m_h257,20,0120,2,level,2.0,88,5.2951,0,21,6,93.546937
20yr_0120m_h257,20,0120,3,level,2.0,88,5.6798,0,18,7,144.108891
20yr_0120m_h257,20,0120,5,level,2.0,88,6.0319,0,18,9,250.49153
20yr_0120m_h257,20,0120,6,level,2.0,88,6.3156,0,15,10,303.865359
100yr_1080m_h1087,100,1080,1,near_overflow,0.5,568,6.3033,0,60,92,291.78457
100yr_1080m_h1087,100,1080,2,near_overflow,0.5,568,5.473,0,84,50,587.939588
100yr_1080m_h1087,100,1080,3,near_overflow,0.5,568,5.2844,0,135,51,871.879402
100yr_1080m_h1087,100,1080,5,near_overflow,0.5,568,6.019,0,91,60,1481.332221
100yr_1080m_h1087,100,1080,6,near_overflow,0.5,568,6.5686,0,90,64,1812.968971
20yr_0120m_h249,20,0120,1,level,1.0,88,5.5991,0,23,8,45.887725
20yr_0120m_h249,20,0120,2,level,1.0,88,5.2342,0,25,6,94.466028
20yr_0120m_h249,20,0120,3,level,1.0,88,5.8864,0,17,8,143.851175
20yr_0120m_h249,20,0120,5,level,1.0,88,6.3123,0,17,10,250.170982
20yr_0120m_h249,20,0120,6,level,1.0,88,6.3808,0,13,11,304.185984
20yr_0120m_h249,20,0120,1,level,2.0,88,5.0586,0,36,5,45.888182
20yr_0120m_h249,20,0120,2,level,2.0,88,5.2342,0,25,6,93.859966
20yr_0120m_h249,20,0120,3,level,2.0,88,5.8864,0,20,8,143.567563
20yr_0120m_h249,20,0120,5,level,2.0,88,6.1155,0,16,8,251.454558
20yr_0120m_h249,20,0120,6,level,2.0,88,6.3276,0,15,10,304.45425
20yr_0120m_h249,20,0120,1,level,0.5,88,5.6998,0,19,8,46.531526
20yr_0120m_h249,20,0120,2,level,0.5,88,5.2342,0,25,6,94.466028
20yr_0120m_h249,20,0120,3,level,0.5,88,5.4542,0,12,6,144.508423
20yr_0120m_h249,20,0120,5,level,0.5,88,6.3123,0,15,10,250.340271
20yr_0120m_h249,20,0120,6,level,0.5,88,6.3808,0,12,11,304.317379
20yr_0120m_h249,20,0120,1,near_overflow,1.0,88,6.3808,0,9,11,48.018566
20yr_0120m_h249,20,0120,2,near_overflow,1.0,88,5.4856,0,13,7,95.264428
20yr_0120m_h249,20,0120,3,near_overflow,1.0,88,5.8112,0,16,6,144.431244
20yr_0120m_h249,20,0120,5,near_overflow,1.0,88,6.3123,0,13,10,249.855214
20yr_0120m_h249,20,0120,6,near_overflow,1.0,88,6.3808,0,9,11,304.809558
100yr_1080m_h1087,100,1080,1,near_overflow,1.0,568,6.3033,0,60,92,291.78457
100yr_1080m_h1087,100,1080,2,near_overflow,1.0,568,5.473,0,84,50,587.939588
100yr_1080m_h1087,100,1080,3,near_overflow,1.0,568,5.2844,0,135,51,871.879402
100yr_1080m_h1087,100,1080,5,near_overflow,1.0,568,6.019,0,91,60,1481.332221
100yr_1080m_h1087,100,1080,6,near_overflow,1.0,568,6.5686,0,90,64,1812.968971
20yr_0120m_h292,20,0120,1,level,1.0,88,5.5763,0,19,14,46.605231
20yr_0120m_h292,20,0120,2,level,1.0,88,5.2416,0,21,11,94.700499
20yr_0120m_h292,20,0120,3,level,1.0,88,5.3925,0,17,13,143.750653
20yr_0120m_h292,20,0120,5,level,1.0,88,6.2291,0,16,13,249.121765
20yr_0120m_h292,20,0120,6,level,1.0,88,6.4371,0,14,17,303.524423
20yr_0120m_h292,20,0120,1,level,0.5,88,5.863,0,26,15,46.415724
20yr_0120m_h292,20,0120,2,level,0.5,88,5.2416,0,21,11,94.700499
20yr_0120m_h292,20,0120,3,level,0.5,88,5.3925,0,20,12,143.865385
20yr_0120m_h292,20,0120,5,level,0.5,88,6.2291,0,14,13,250.287107
20yr_0120m_h292,20,0120,6,level,0.5,88,6.4371,0,12,17,303.027424
20yr_0120m_h257,20,0120,1,near_overflow,5.0,88,6.3705,0,9,11,47.846908
20yr_0120m_h257,20,0120,2,near_overflow,5.0,88,5.4619,0,16,7,95.307182
20yr_0120m_h257,20,0120,3,near_overflow,5.0,88,5.8121,0,18,6,143.405905
20yr_0120m_h257,20,0120,5,near_overflow,5.0,88,6.0964,0,15,6,248.350295
20yr_0120m_h257,20,0120,6,near_overflow,5.0,88,6.3705,0,9,11,302.70883
20yr_0120m_h292,20,0120,1,level,2.0,88,5.0318,0,42,11,45.219975
20yr_0120m_h292,20,0120,2,level,2.0,88,5.4275,0,23,11,93.900715
20yr_0120m_h292,20,0120,3,level,2.0,88,5.3925,0,21,13,143.44456
20yr_0120m_h292,20,0120,5,level,2.0,88,6.3002,0,20,17,250.810881
20yr_0120m_h292,20,0120,6,level,2.0,88,6.4371,0,16,17,303.001835
20yr_0120m_h292,20,0120,1,level,5.0,88,4.9669,0,24,11,44.112494
20yr_0120m_h292,20,0120,2,level,5.0,88,5.4275,0,25,11,92.63967
20yr_0120m_h292,20,0120,3,level,5.0,88,5.5478,0,17,11,143.396872
20yr_0120m_h292,20,0120,5,level,5.0,88,6.2291,0,20,16,247.60181
20yr_0120m_h292,20,0120,6,level,5.0,88,6.3002,0,24,17,301.006556
20yr_0120m_h249,20,0120,1,level,5.0,88,4.9674,0,24,5,44.310377
20yr_0120m_h249,20,0120,2,level,5.0,88,5.2342,0,24,6,92.842372
20yr_0120m_h249,20,0120,3,level,5.0,88,5.8864,0,22,8,143.586739
20yr_0120m_h249,20,0120,5,level,5.0,88,6.1155,0,19,8,250.649922
20yr_0120m_h249,20,0120,6,level,5.0,88,6.2417,0,22,10,303.777949
20yr_0120m_h249,20,0120,1,near_overflow,0.5,88,6.3808,0,9,11,48.018566
20yr_0120m_h249,20,0120,2,near_overflow,0.5,88,5.4856,0,13,7,95.264428
20yr_0120m_h249,20,0120,3,near_overflow,0.5,88,5.8112,0,16,6,144.431244
20yr_0120m_h249,20,0120,5,near_overflow,0.5,88,6.3123,0,13,10,249.855214
20yr_0120m_h249,20,0120,6,near_overflow,0.5,88,6.3808,0,9,11,304.809558
20yr_0120m_h292,20,0120,1,near_overflow,1.0,88,6.4555,0,8,18,48.306406
20yr_0120m_h292,20,0120,2,near_overflow,1.0,88,5.418,0,20,13,94.861051
20yr_0120m_h292,20,0120,3,near_overflow,1.0,88,5.8171,0,18,12,145.759096
20yr_0120m_h292,20,0120,5,near_overflow,1.0,88,6.2291,0,13,12,249.208056
20yr_0120m_h292,20,0120,6,near_overflow,1.0,88,6.3888,0,14,12,301.673428
20yr_0120m_h292,20,0120,1,near_overflow,2.0,88,6.4555,0,8,18,48.306406
20yr_0120m_h292,20,0120,2,near_overflow,2.0,88,5.418,0,20,13,94.861051
20yr_0120m_h292,20,0120,3,near_overflow,2.0,88,5.8171,0,18,12,145.759096
20yr_0120m_h292,20,0120,5,near_overflow,2.0,88,6.2291,0,13,12,249.208056
20yr_0120m_h292,20,0120,6,near_overflow,2.0,88,6.3888,0,14,12,301.673428
20yr_0120m_h249,20,0120,1,near_overflow,2.0,88,6.3808,0,9,11,48.018566
20yr_0120m_h249,20,0120,2,near_overflow,2.0,88,5.4856,0,13,7,95.264428
20yr_0120m_h249,20,0120,3,near_overflow,2.0,88,5.8112,0,16,6,144.431244
20yr_0120m_h249,20,0120,5,near_overflow,2.0,88,6.3123,0,13,10,249.855214
20yr_0120m_h249,20,0120,6,near_overflow,2.0,88,6.3808,0,9,11,304.809558
20yr_0120m_h249,20,0120,1,near_overflow,5.0,88,6.3808,0,9,11,48.018566
20yr_0120m_h249,20,0120,2,near_overflow,5.0,88,5.4856,0,13,7,95.264428
20yr_0120m_h249,20,0120,3,near_overflow,5.0,88,5.8112,0,16,6,144.431244
20yr_0120m_h249,20,0120,5,near_overflow,5.0,88,6.3123,0,13,10,249.855214
20yr_0120m_h249,20,0120,6,near_overflow,5.0,88,6.3808,0,9,11,304.809558
20yr_0120m_h292,20,0120,1,near_overflow,0.5,88,6.4555,0,8,18,48.306406
20yr_0120m_h292,20,0120,2,near_overflow,0.5,88,5.418,0,20,13,94.861051
20yr_0120m_h292,20,0120,3,near_overflow,0.5,88,5.8171,0,18,12,145.759096
20yr_0120m_h292,20,0120,5,near_overflow,0.5,88,6.2291,0,13,12,249.208056
20yr_0120m_h292,20,0120,6,near_overflow,0.5,88,6.3888,0,14,12,301.673428
20yr_0120m_h292,20,0120,1,near_overflow,5.0,88,6.4555,0,8,18,48.306406
20yr_0120m_h292,20,0120,2,near_overflow,5.0,88,5.418,0,20,13,94.861051
20yr_0120m_h292,20,0120,3,near_overflow,5.0,88,5.8171,0,18,12,145.759096
20yr_0120m_h292,20,0120,5,near_overflow,5.0,88,6.2291,0,13,12,249.208056
20yr_0120m_h292,20,0120,6,near_overflow,5.0,88,6.3888,0,14,12,301.673428
20yr_0120m_h364,20,0120,1,level,0.5,88,5.8554,0,17,22,46.624468
20yr_0120m_h364,20,0120,2,level,0.5,88,5.2322,0,20,16,94.954006
20yr_0120m_h364,20,0120,3,level,0.5,88,5.4522,0,13,17,144.55361
20yr_0120m_h364,20,0120,5,level,0.5,88,5.9743,0,13,18,247.110053
20yr_0120m_h364,20,0120,6,level,0.5,88,6.1683,0,8,18,298.714786
20yr_0120m_h364,20,0120,1,level,1.0,88,5.5196,0,18,20,46.539311
20yr_0120m_h364,20,0120,2,level,1.0,88,5.2322,0,20,16,94.954006
20yr_0120m_h364,20,0120,3,level,1.0,88,5.7392,0,13,17,144.397019
20yr_0120m_h364,20,0120,5,level,1.0,88,5.9405,0,10,18,246.227394
20yr_0120m_h364,20,0120,6,level,1.0,88,6.1683,0,10,18,298.807846
20yr_0120m_h364,20,0120,1,level,2.0,88,5.0603,0,32,15,45.313597
20yr_0120m_h364,20,0120,2,level,2.0,88,5.2322,0,20,16,94.310914
20yr_0120m_h364,20,0120,3,level,2.0,88,5.7392,0,15,17,144.285463
20yr_0120m_h364,20,0120,5,level,2.0,88,6.0261,0,15,18,245.863491
20yr_0120m_h364,20,0120,6,level,2.0,88,6.1683,0,11,18,298.620697
20yr_0120m_h364,20,0120,1,level,5.0,88,4.9526,0,15,15,44.307004
20yr_0120m_h364,20,0120,2,level,5.0,88,5.0898,0,24,16,92.294058
20yr_0120m_h364,20,0120,3,level,5.0,88,5.3525,0,17,17,142.702393
20yr_0120m_h364,20,0120,5,level,5.0,88,6.0261,0,15,18,245.611166
20yr_0120m_h364,20,0120,6,level,5.0,88,6.0329,0,14,18,297.671553
20yr_0120m_h364,20,0120,1,near_overflow,0.5,88,6.3371,0,12,27,48.184959
20yr_0120m_h364,20,0120,2,near_overflow,0.5,88,5.4668,0,12,18,95.490929
20yr_0120m_h364,20,0120,3,near_overflow,0.5,88,5.8085,0,13,17,145.261012
20yr_0120m_h364,20,0120,5,near_overflow,0.5,88,6.1357,0,11,18,247.585287
20yr_0120m_h364,20,0120,6,near_overflow,0.5,88,6.31,0,10,18,299.127116
100yr_1440m_h1202,100,1440,1,level,0.5,748,5.8347,0,146,78,370.077249
100yr_1440m_h1202,100,1440,2,level,0.5,748,5.0986,0,234,66,753.359368
100yr_1440m_h1202,100,1440,3,level,0.5,748,5.2975,0,176,69,1136.686002
100yr_1440m_h1202,100,1440,5,level,0.5,748,5.6722,0,137,75,1920.848688
100yr_1440m_h1202,100,1440,6,level,0.5,748,6.4076,0,116,77,2343.957125
100yr_1440m_h1202,100,1440,1,near_overflow,0.5,748,6.2954,0,85,98,381.021602
100yr_1440m_h1202,100,1440,2,near_overflow,0.5,748,5.415,0,110,70,766.492086
100yr_1440m_h1202,100,1440,3,near_overflow,0.5,748,5.2975,0,176,69,1137.486195
100yr_1440m_h1202,100,1440,5,near_overflow,0.5,748,5.6722,0,125,75,1919.131907
100yr_1440m_h1202,100,1440,6,near_overflow,0.5,748,6.8579,0,91,77,2360.105202
100yr_1440m_h1202,100,1440,1,near_overflow,1.0,748,6.2954,0,85,98,381.021602
100yr_1440m_h1202,100,1440,2,near_overflow,1.0,748,5.415,0,110,70,766.492086
100yr_1440m_h1202,100,1440,3,near_overflow,1.0,748,5.2975,0,176,69,1137.486195
100yr_1440m_h1202,100,1440,5,near_overflow,1.0,748,5.6722,0,125,75,1919.131907
100yr_1440m_h1202,100,1440,6,near_overflow,1.0,748,6.8579,0,91,77,2360.105202
20yr_0120m_h364,20,0120,1,near_overflow,1.0,88,6.3371,0,12,27,48.184959
20yr_0120m_h364,20,0120,2,near_overflow,1.0,88,5.4668,0,12,18,95.490929
20yr_0120m_h364,20,0120,3,near_overflow,1.0,88,5.8085,0,13,17,145.261012
20yr_0120m_h364,20,0120,5,near_overflow,1.0,88,6.1357,0,11,18,247.585287
20yr_0120m_h364,20,0120,6,near_overflow,1.0,88,6.31,0,10,18,299.127116
20yr_0120m_h364,20,0120,1,near_overflow,5.0,88,6.3371,0,12,27,48.184959
20yr_0120m_h364,20,0120,2,near_overflow,5.0,88,5.4668,0,12,18,95.490929
20yr_0120m_h364,20,0120,3,near_overflow,5.0,88,5.8085,0,13,17,145.261012
20yr_0120m_h364,20,0120,5,near_overflow,5.0,88,6.1357,0,11,18,247.585287
20yr_0120m_h364,20,0120,6,near_overflow,5.0,88,6.31,0,10,18,299.127116
20yr_0120m_h364,20,0120,1,near_overflow,2.0,88,6.3371,0,12,27,48.184959
20yr_0120m_h364,20,0120,2,near_overflow,2.0,88,5.4668,0,12,18,95.490929
20yr_0120m_h364,20,0120,3,near_overflow,2.0,88,5.8085,0,13,17,145.261012
20yr_0120m_h364,20,0120,5,near_overflow,2.0,88,6.1357,0,11,18,247.585287
20yr_0120m_h364,20,0120,6,near_overflow,2.0,88,6.31,0,10,18,299.127116
100yr_1440m_h1202,100,1440,1,level,1.0,748,5.5302,0,185,72,367.098483
100yr_1440m_h1202,100,1440,2,level,1.0,748,5.0986,0,234,66,753.359368
100yr_1440m_h1202,100,1440,3,level,1.0,748,5.2975,0,176,69,1136.686002
100yr_1440m_h1202,100,1440,5,level,1.0,748,5.6992,0,162,75,1927.776817
100yr_1440m_h1202,100,1440,6,level,1.0,748,6.3296,0,154,77,2343.200124
100yr_1440m_h1192,100,1440,1,level,0.5,748,5.8328,0,144,78,370.315884
100yr_1440m_h1192,100,1440,2,level,0.5,748,5.1127,0,236,66,753.134902
100yr_1440m_h1192,100,1440,3,level,0.5,748,5.3162,0,170,70,1137.198333
100yr_1440m_h1192,100,1440,5,level,0.5,748,5.6665,0,136,75,1920.730078
100yr_1440m_h1192,100,1440,6,level,0.5,748,6.4642,0,115,77,2349.646579
100yr_1440m_h1192,100,1440,1,level,1.0,748,5.5248,0,179,73,368.650275
100yr_1440m_h1192,100,1440,2,level,1.0,748,5.1127,0,236,66,753.134902
100yr_1440m_h1192,100,1440,3,level,1.0,748,5.3162,0,170,70,1137.198333
100yr_1440m_h1192,100,1440,5,level,1.0,748,5.7074,0,162,75,1925.359137
100yr_1440m_h1192,100,1440,6,level,1.0,748,6.3752,0,148,77,2346.633834
100yr_1440m_h1192,100,1440,1,level,5.0,748,4.9188,0,185,62,342.032733
100yr_1440m_h1192,100,1440,2,level,5.0,748,5.0774,0,292,65,734.528523
100yr_1440m_h1192,100,1440,3,level,5.0,748,5.2732,0,253,69,1127.042492
100yr_1440m_h1192,100,1440,5,level,5.0,748,5.6649,0,236,74,1920.967304
100yr_1440m_h1192,100,1440,6,level,5.0,748,6.4573,0,208,77,2350.69051
100yr_1440m_h1202,100,1440,1,level,5.0,748,4.9185,0,185,62,342.14646
100yr_1440m_h1202,100,1440,2,level,5.0,748,5.0775,0,292,65,734.791075
100yr_1440m_h1202,100,1440,3,level,5.0,748,5.3235,0,252,69,1128.452525
100yr_1440m_h1202,100,1440,5,level,5.0,748,5.7635,0,232,74,1926.07321
100yr_1440m_h1202,100,1440,6,level,5.0,748,6.4294,0,205,77,2350.002062
100yr_1440m_h1202,100,1440,1,near_overflow,2.0,748,6.2954,0,85,98,381.021602
100yr_1440m_h1202,100,1440,2,near_overflow,2.0,748,5.415,0,110,70,766.492086
100yr_1440m_h1202,100,1440,3,near_overflow,2.0,748,5.2975,0,176,69,1137.486195
100yr_1440m_h1202,100,1440,5,near_overflow,2.0,748,5.6722,0,125,75,1919.131907
100yr_1440m_h1202,100,1440,6,near_overflow,2.0,748,6.8579,0,91,77,2360.105202
100yr_1440m_h1202,100,1440,1,level,2.0,748,4.9176,0,370,62,359.992735
100yr_1440m_h1202,100,1440,2,level,2.0,748,5.0986,0,234,66,744.6325
100yr_1440m_h1202,100,1440,3,level,2.0,748,5.2907,0,210,69,1136.071728
100yr_1440m_h1202,100,1440,5,level,2.0,748,5.7635,0,200,75,1932.566395
100yr_1440m_h1202,100,1440,6,level,2.0,748,6.3296,0,176,77,2343.834341
100yr_1440m_h1202,100,1440,1,near_overflow,5.0,748,6.2954,0,85,98,381.021602
100yr_1440m_h1202,100,1440,2,near_overflow,5.0,748,5.415,0,110,70,766.492086
100yr_1440m_h1202,100,1440,3,near_overflow,5.0,748,5.2975,0,176,69,1137.486195
100yr_1440m_h1202,100,1440,5,near_overflow,5.0,748,5.6722,0,125,75,1919.131907
100yr_1440m_h1202,100,1440,6,near_overflow,5.0,748,6.8579,0,91,77,2360.105202
100yr_1440m_h1192,100,1440,1,near_overflow,1.0,748,6.2952,0,87,98,381.081506
100yr_1440m_h1192,100,1440,2,near_overflow,1.0,748,5.3973,0,110,70,766.337113
100yr_1440m_h1192,100,1440,3,near_overflow,1.0,748,5.3162,0,170,70,1138.000625
100yr_1440m_h1192,100,1440,5,near_overflow,1.0,748,5.7074,0,120,75,1921.292392
100yr_1440m_h1192,100,1440,6,near_overflow,1.0,748,6.5802,0,81,77,2345.22943
20yr_0180m_h435,20,0180,1,level,0.5,118,5.7407,0,29,24,61.962052
20yr_0180m_h435,20,0180,2,level,0.5,118,5.3198,0,24,18,126.251744
20yr_0180m_h435,20,0180,3,level,0.5,118,5.5051,0,20,19,191.387738
20yr_0180m_h435,20,0180,5,level,0.5,118,6.032,0,19,21,329.335626
20yr_0180m_h435,20,0180,6,level,0.5,118,6.6281,0,14,21,405.030431
20yr_0180m_h435,20,0180,1,near_overflow,1.0,118,6.2658,0,14,31,63.597098
20yr_0180m_h435,20,0180,2,near_overflow,1.0,118,5.4067,0,21,21,126.855273
20yr_0180m_h435,20,0180,3,near_overflow,1.0,118,5.7906,0,18,19,191.9872
20yr_0180m_h435,20,0180,5,near_overflow,1.0,118,6.2631,0,13,21,332.692155
20yr_0180m_h435,20,0180,6,near_overflow,1.0,118,6.6281,0,12,21,406.474716
20yr_0180m_h435,20,0180,1,level,1.0,118,5.4905,0,23,22,61.99337
20yr_0180m_h435,20,0180,2,level,1.0,118,5.3198,0,24,18,126.229258
20yr_0180m_h435,20,0180,3,level,1.0,118,5.5298,0,18,19,190.861793
20yr_0180m_h435,20,0180,5,level,1.0,118,6.032,0,19,21,328.991102
20yr_0180m_h435,20,0180,6,level,1.0,118,6.6281,0,18,21,404.659202
20yr_0180m_h435,20,0180,1,level,2.0,118,5.0648,0,48,17,60.229056
20yr_0180m_h435,20,0180,2,level,2.0,118,5.3198,0,24,18,125.401604
20yr_0180m_h435,20,0180,3,level,2.0,118,5.5298,0,20,19,190.783683
20yr_0180m_h435,20,0180,5,level,2.0,118,6.1222,0,20,21,330.122749
20yr_0180m_h435,20,0180,6,level,2.0,118,6.5558,0,23,21,403.845392
20yr_0180m_h435,20,0180,1,level,5.0,118,4.9746,0,26,17,58.561337
20yr_0180m_h435,20,0180,2,level,5.0,118,5.2527,0,38,18,122.557261
20yr_0180m_h435,20,0180,3,level,5.0,118,5.5169,0,26,19,189.815199
20yr_0180m_h435,20,0180,5,level,5.0,118,5.9993,0,26,20,326.191086
20yr_0180m_h435,20,0180,6,level,5.0,118,6.5162,0,22,21,402.041688
20yr_0180m_h435,20,0180,1,near_overflow,5.0,118,6.2658,0,14,31,63.597098
20yr_0180m_h435,20,0180,2,near_overflow,5.0,118,5.4067,0,21,21,126.855273
20yr_0180m_h435,20,0180,3,near_overflow,5.0,118,5.7906,0,18,19,191.9872
20yr_0180m_h435,20,0180,5,near_overflow,5.0,118,6.2631,0,13,21,332.692155
20yr_0180m_h435,20,0180,6,near_overflow,5.0,118,6.6281,0,12,21,406.474716
20yr_0180m_h435,20,0180,1,near_overflow,0.5,118,6.2658,0,14,31,63.597098
20yr_0180m_h435,20,0180,2,near_overflow,0.5,118,5.4067,0,21,21,126.855273
20yr_0180m_h435,20,0180,3,near_overflow,0.5,118,5.7906,0,18,19,191.9872
20yr_0180m_h435,20,0180,5,near_overflow,0.5,118,6.2631,0,13,21,332.692155
20yr_0180m_h435,20,0180,6,near_overflow,0.5,118,6.6281,0,12,21,406.474716
20yr_0180m_h435,20,0180,1,near_overflow,2.0,118,6.2658,0,14,31,63.597098
20yr_0180m_h435,20,0180,2,near_overflow,2.0,118,5.4067,0,21,21,126.855273
20yr_0180m_h435,20,0180,3,near_overflow,2.0,118,5.7906,0,18,19,191.9872
20yr_0180m_h435,20,0180,5,near_overflow,2.0,118,6.2631,0,13,21,332.692155
20yr_0180m_h435,20,0180,6,near_overflow,2.0,118,6.6281,0,12,21,406.474716
100yr_1440m_h1192,100,1440,1,near_overflow,2.0,748,6.2952,0,87,98,381.081506
100yr_1440m_h1192,100,1440,2,near_overflow,2.0,748,5.3973,0,110,70,766.337113
100yr_1440m_h1192,100,1440,3,near_overflow,2.0,748,5.3162,0,170,70,1138.000625
100yr_1440m_h1192,100,1440,5,near_overflow,2.0,748,5.7074,0,120,75,1921.292392
100yr_1440m_h1192,100,1440,6,near_overflow,2.0,748,6.5802,0,81,77,2345.22943
100yr_1440m_h1192,100,1440,1,near_overflow,5.0,748,6.2952,0,87,98,381.081506
100yr_1440m_h1192,100,1440,2,near_overflow,5.0,748,5.3973,0,110,70,766.337113
100yr_1440m_h1192,100,1440,3,near_overflow,5.0,748,5.3162,0,170,70,1138.000625
100yr_1440m_h1192,100,1440,5,near_overflow,5.0,748,5.7074,0,120,75,1921.292392
100yr_1440m_h1192,100,1440,6,near_overflow,5.0,748,6.5802,0,81,77,2345.22943
20yr_0180m_h465,20,0180,1,level,5.0,118,4.9199,0,23,20,57.29702
20yr_0180m_h465,20,0180,2,level,5.0,118,5.1509,0,41,21,122.439796
20yr_0180m_h465,20,0180,3,level,5.0,118,5.3967,0,29,22,188.367075
20yr_0180m_h465,20,0180,5,level,5.0,118,6.0437,0,30,23,322.317133
20yr_0180m_h465,20,0180,6,level,5.0,118,6.4379,0,25,24,394.922603
20yr_0180m_h465,20,0180,1,near_overflow,2.0,118,6.3027,0,16,34,63.391806
20yr_0180m_h465,20,0180,2,near_overflow,2.0,118,5.5247,0,20,23,126.618894
20yr_0180m_h465,20,0180,3,near_overflow,2.0,118,5.8223,0,24,22,191.475057
20yr_0180m_h465,20,0180,5,near_overflow,2.0,118,6.163,0,17,24,328.370522
20yr_0180m_h465,20,0180,6,near_overflow,2.0,118,6.6813,0,17,24,404.449886
20yr_0180m_h465,20,0180,1,level,0.5,118,5.7688,0,36,27,61.569361
20yr_0180m_h465,20,0180,2,level,0.5,118,5.1509,0,34,21,125.066007
20yr_0180m_h465,20,0180,3,level,0.5,118,5.3967,0,27,22,189.944428
20yr_0180m_h465,20,0180,5,level,0.5,118,5.9824,0,17,24,326.795956
20yr_0180m_h465,20,0180,6,level,0.5,118,6.3049,0,14,24,396.403105
20yr_0180m_h465,20,0180,1,near_overflow,5.0,118,6.3027,0,16,34,63.391806
20yr_0180m_h465,20,0180,2,near_overflow,5.0,118,5.5247,0,20,23,126.618894
20yr_0180m_h465,20,0180,3,near_overflow,5.0,118,5.8223,0,24,22,191.475057
20yr_0180m_h465,20,0180,5,near_overflow,5.0,118,6.163,0,17,24,328.370522
20yr_0180m_h465,20,0180,6,near_overflow,5.0,118,6.6813,0,17,24,404.449886
20yr_0180m_h419,20,0180,1,level,0.5,118,5.8862,0,26,20,61.927968
20yr_0180m_h419,20,0180,2,level,0.5,118,5.2286,0,28,15,125.531926
20yr_0180m_h419,20,0180,3,level,0.5,118,5.3792,0,22,16,189.803468
20yr_0180m_h419,20,0180,5,level,0.5,118,6.3252,0,24,16,332.60238
20yr_0180m_h419,20,0180,6,level,0.5,118,6.4819,0,15,16,405.329517
20yr_0180m_h465,20,0180,1,level,1.0,118,5.4931,0,35,25,61.337694
20yr_0180m_h465,20,0180,2,level,1.0,118,5.1509,0,34,21,125.066007
20yr_0180m_h465,20,0180,3,level,1.0,118,5.3967,0,27,22,189.944428
20yr_0180m_h465,20,0180,5,level,1.0,118,5.9506,0,19,24,326.686633
20yr_0180m_h465,20,0180,6,level,1.0,118,6.3049,0,17,24,396.191069
20yr_0180m_h419,20,0180,1,level,1.0,118,5.4538,0,23,18,61.822859
20yr_0180m_h419,20,0180,2,level,1.0,118,5.2286,0,28,15,125.506466
20yr_0180m_h419,20,0180,3,level,1.0,118,5.3792,0,22,16,190.123776
20yr_0180m_h419,20,0180,5,level,1.0,118,6.3252,0,20,16,333.181397
20yr_0180m_h419,20,0180,6,level,1.0,118,6.4819,0,17,16,404.352463
20yr_0180m_h465,20,0180,1,level,2.0,118,5.0497,0,48,20,59.560219
20yr_0180m_h465,20,0180,2,level,2.0,118,5.1509,0,34,21,124.299443
20yr_0180m_h465,20,0180,3,level,2.0,118,5.3967,0,28,22,189.785334
20yr_0180m_h465,20,0180,5,level,2.0,118,5.9506,0,26,24,325.080418
20yr_0180m_h465,20,0180,6,level,2.0,118,6.3049,0,23,24,394.968738
20yr_0180m_h465,20,0180,1,near_overflow,1.0,118,6.3027,0,16,34,63.391806
20yr_0180m_h465,20,0180,2,near_overflow,1.0,118,5.5247,0,20,23,126.618894
20yr_0180m_h465,20,0180,3,near_overflow,1.0,118,5.8223,0,24,22,191.475057
20yr_0180m_h465,20,0180,5,near_overflow,1.0,118,6.163,0,17,24,328.370522
20yr_0180m_h465,20,0180,6,near_overflow,1.0,118,6.6813,0,17,24,404.449886
20yr_0180m_h465,20,0180,1,near_overflow,0.5,118,6.3027,0,16,34,63.391806
20yr_0180m_h465,20,0180,2,near_overflow,0.5,118,5.5247,0,20,23,126.618894
20yr_0180m_h465,20,0180,3,near_overflow,0.5,118,5.8223,0,24,22,191.475057
20yr_0180m_h465,20,0180,5,near_overflow,0.5,118,6.163,0,17,24,328.370522
20yr_0180m_h465,20,0180,6,near_overflow,0.5,118,6.6813,0,17,24,404.449886
20yr_0180m_h419,20,0180,1,near_overflow,0.5,118,6.3228,0,11,23,63.645
20yr_0180m_h419,20,0180,2,near_overflow,0.5,118,5.5371,0,19,17,126.503062
20yr_0180m_h419,20,0180,3,near_overflow,0.5,118,5.8059,0,24,16,191.409134
20yr_0180m_h419,20,0180,5,near_overflow,0.5,118,6.1782,0,16,16,332.374103
20yr_0180m_h419,20,0180,6,near_overflow,0.5,118,6.4819,0,15,16,403.306039
20yr_0180m_h419,20,0180,1,level,5.0,118,4.9673,0,30,15,58.323744
20yr_0180m_h419,20,0180,2,level,5.0,118,5.1179,0,32,15,121.441404
20yr_0180m_h419,20,0180,3,level,5.0,118,5.8167,0,37,17,189.990859
20yr_0180m_h419,20,0180,5,level,5.0,118,6.2756,0,26,16,331.564511
20yr_0180m_h419,20,0180,6,level,5.0,118,6.3239,0,25,16,402.623565
20yr_0180m_h419,20,0180,1,near_overflow,2.0,118,6.3228,0,11,23,63.645
20yr_0180m_h419,20,0180,2,near_overflow,2.0,118,5.5371,0,19,17,126.503062
20yr_0180m_h419,20,0180,3,near_overflow,2.0,118,5.8059,0,24,16,191.409134
20yr_0180m_h419,20,0180,5,near_overflow,2.0,118,6.1782,0,16,16,332.374103
20yr_0180m_h419,20,0180,6,near_overflow,2.0,118,6.4819,0,15,16,403.306039
100yr_1440m_h1192,100,1440,1,level,2.0,748,4.9196,0,368,62,359.886763
100yr_1440m_h1192,100,1440,2,level,2.0,748,5.1127,0,236,66,744.467674
100yr_1440m_h1192,100,1440,3,level,2.0,748,5.3162,0,214,70,1135.927266
100yr_1440m_h1192,100,1440,5,level,2.0,748,5.6795,0,208,75,1927.06008
100yr_1440m_h1192,100,1440,6,level,2.0,748,6.4573,0,167,77,2349.07513
20yr_0180m_h419,20,0180,1,level,2.0,118,5.0728,0,45,15,60.408009
20yr_0180m_h419,20,0180,2,level,2.0,118,5.2286,0,28,15,124.547963
20yr_0180m_h419,20,0180,3,level,2.0,118,5.3792,0,24,17,189.958126
20yr_0180m_h419,20,0180,5,level,2.0,118,6.3252,0,24,16,333.235224
20yr_0180m_h419,20,0180,6,level,2.0,118,6.3239,0,23,16,403.539404
20yr_0180m_h419,20,0180,1,near_overflow,1.0,118,6.3228,0,11,23,63.645
20yr_0180m_h419,20,0180,2,near_overflow,1.0,118,5.5371,0,19,17,126.503062
20yr_0180m_h419,20,0180,3,near_overflow,1.0,118,5.8059,0,24,16,191.409134
20yr_0180m_h419,20,0180,5,near_overflow,1.0,118,6.1782,0,16,16,332.374103
20yr_0180m_h419,20,0180,6,near_overflow,1.0,118,6.4819,0,15,16,403.306039
20yr_0180m_h419,20,0180,1,near_overflow,5.0,118,6.3228,0,11,23,63.645
20yr_0180m_h419,20,0180,2,near_overflow,5.0,118,5.5371,0,19,17,126.503062
20yr_0180m_h419,20,0180,3,near_overflow,5.0,118,5.8059,0,24,16,191.409134
20yr_0180m_h419,20,0180,5,near_overflow,5.0,118,6.1782,0,16,16,332.374103
20yr_0180m_h419,20,0180,6,near_overflow,5.0,118,6.4819,0,15,16,403.306039
100yr_1440m_h1192,100,1440,1,near_overflow,0.5,748,6.2952,0,87,98,381.081506
100yr_1440m_h1192,100,1440,2,near_overflow,0.5,748,5.3973,0,110,70,766.337113
100yr_1440m_h1192,100,1440,3,near_overflow,0.5,748,5.3162,0,170,70,1138.000625
100yr_1440m_h1192,100,1440,5,near_overflow,0.5,748,5.7074,0,120,75,1921.292392
100yr_1440m_h1192,100,1440,6,near_overflow,0.5,748,6.5802,0,81,77,2345.22943
20yr_0180m_h457,20,0180,1,level,0.5,118,5.7378,0,30,24,61.924329
20yr_0180m_h457,20,0180,2,level,0.5,118,5.2989,0,21,18,125.825427
20yr_0180m_h457,20,0180,3,level,0.5,118,5.5328,0,18,19,190.671
20yr_0180m_h457,20,0180,5,level,0.5,118,6.168,0,21,21,330.833378
20yr_0180m_h457,20,0180,6,level,0.5,118,6.6386,0,16,21,406.235503
20yr_0180m_h457,20,0180,1,level,1.0,118,5.4716,0,33,22,61.312634
20yr_0180m_h457,20,0180,2,level,1.0,118,5.2989,0,21,18,125.753734
20yr_0180m_h457,20,0180,3,level,1.0,118,5.518,0,18,19,190.423234
20yr_0180m_h457,20,0180,5,level,1.0,118,6.168,0,21,21,331.371985
20yr_0180m_h457,20,0180,6,level,1.0,118,6.6386,0,19,21,405.849707
100yr_1440m_h1213,100,1440,1,near_overflow,0.5,748,6.3033,0,64,112,382.682762
100yr_1440m_h1213,100,1440,2,near_overflow,0.5,748,5.4475,0,108,58,766.664758
100yr_1440m_h1213,100,1440,3,near_overflow,0.5,748,5.3071,0,162,60,1140.080878
100yr_1440m_h1213,100,1440,5,near_overflow,0.5,748,5.6927,0,104,72,1924.530828
100yr_1440m_h1213,100,1440,6,near_overflow,0.5,748,5.981,0,102,77,2338.543337
100yr_1440m_h1213,100,1440,1,level,5.0,748,4.9199,0,146,44,339.678487
100yr_1440m_h1213,100,1440,2,level,5.0,748,5.0785,0,298,51,729.166384
100yr_1440m_h1213,100,1440,3,level,5.0,748,5.3071,0,270,58,1126.861261
100yr_1440m_h1213,100,1440,5,level,5.0,748,5.7804,0,248,71,1925.315843
100yr_1440m_h1213,100,1440,6,level,5.0,748,5.9068,0,236,76,2331.169955
20yr_0180m_h457,20,0180,1,level,2.0,118,5.0436,0,52,17,60.737902
20yr_0180m_h457,20,0180,2,level,2.0,118,5.2989,0,21,18,125.030055
20yr_0180m_h457,20,0180,3,level,2.0,118,5.518,0,20,19,190.194183
20yr_0180m_h457,20,0180,5,level,2.0,118,6.168,0,22,21,331.716194
20yr_0180m_h457,20,0180,6,level,2.0,118,6.6386,0,24,21,404.903904
100yr_1440m_h1213,100,1440,1,level,2.0,748,4.92,0,378,44,359.21046
100yr_1440m_h1213,100,1440,2,level,2.0,748,5.114,0,238,53,744.759776
100yr_1440m_h1213,100,1440,3,level,2.0,748,5.3071,0,210,60,1137.507427
100yr_1440m_h1213,100,1440,5,level,2.0,748,5.7804,0,198,72,1935.202038
100yr_1440m_h1213,100,1440,6,level,2.0,748,5.9068,0,192,77,2340.699798
20yr_0180m_h457,20,0180,1,near_overflow,0.5,118,6.2625,0,14,31,63.531294
20yr_0180m_h457,20,0180,2,near_overflow,0.5,118,5.5022,0,24,21,126.311021
20yr_0180m_h457,20,0180,3,near_overflow,0.5,118,5.8029,0,18,19,191.423925
20yr_0180m_h457,20,0180,5,near_overflow,0.5,118,6.168,0,14,21,331.34924
20yr_0180m_h457,20,0180,6,near_overflow,0.5,118,6.6386,0,15,21,404.852389
20yr_0180m_h457,20,0180,1,level,5.0,118,4.9734,0,26,17,58.473064
20yr_0180m_h457,20,0180,2,level,5.0,118,5.1815,0,32,18,122.738812
20yr_0180m_h457,20,0180,3,level,5.0,118,5.4099,0,25,19,188.241071
20yr_0180m_h457,20,0180,5,level,5.0,118,6.168,0,29,20,329.480267
20yr_0180m_h457,20,0180,6,level,5.0,118,6.4533,0,26,21,399.925912
20yr_0180m_h457,20,0180,1,near_overflow,1.0,118,6.2625,0,14,31,63.531294
20yr_0180m_h457,20,0180,2,near_overflow,1.0,118,5.5022,0,24,21,126.311021
20yr_0180m_h457,20,0180,3,near_overflow,1.0,118,5.8029,0,18,19,191.423925
20yr_0180m_h457,20,0180,5,near_overflow,1.0,118,6.168,0,14,21,331.34924
20yr_0180m_h457,20,0180,6,near_overflow,1.0,118,6.6386,0,15,21,404.852389
20yr_0180m_h457,20,0180,1,near_overflow,5.0,118,6.2625,0,14,31,63.531294
20yr_0180m_h457,20,0180,2,near_overflow,5.0,118,5.5022,0,24,21,126.311021
20yr_0180m_h457,20,0180,3,near_overflow,5.0,118,5.8029,0,18,19,191.423925
20yr_0180m_h457,20,0180,5,near_overflow,5.0,118,6.168,0,14,21,331.34924
20yr_0180m_h457,20,0180,6,near_overflow,5.0,118,6.6386,0,15,21,404.852389
20yr_0180m_h461,20,0180,1,level,0.5,118,5.7855,0,24,24,62.381136
20yr_0180m_h461,20,0180,2,level,0.5,118,5.2567,0,28,18,125.579442
20yr_0180m_h461,20,0180,3,level,0.5,118,5.6155,0,24,19,191.441605
20yr_0180m_h461,20,0180,5,level,0.5,118,6.1982,0,14,20,334.300277
20yr_0180m_h461,20,0180,6,level,0.5,118,6.3384,0,15,21,402.88675
20yr_0180m_h461,20,0180,1,level,2.0,118,5.0581,0,48,17,60.290942
20yr_0180m_h461,20,0180,2,level,2.0,118,5.2567,0,28,18,124.739234
20yr_0180m_h461,20,0180,3,level,2.0,118,5.5359,0,26,19,191.002492
20yr_0180m_h461,20,0180,5,level,2.0,118,6.1386,0,23,20,331.819195
20yr_0180m_h461,20,0180,6,level,2.0,118,6.2807,0,26,21,400.684136
20yr_0180m_h461,20,0180,1,level,5.0,118,4.9625,0,31,17,57.952756
20yr_0180m_h461,20,0180,2,level,5.0,118,5.1772,0,34,18,122.776497
20yr_0180m_h461,20,0180,3,level,5.0,118,5.487,0,27,19,189.20007
20yr_0180m_h461,20,0180,5,level,5.0,118,6.1386,0,23,20,329.972338
20yr_0180m_h461,20,0180,6,level,5.0,118,6.514,0,26,21,401.496811
20yr_0180m_h461,20,0180,1,near_overflow,0.5,118,6.2902,0,15,31,63.592439
20yr_0180m_h461,20,0180,2,near_overflow,0.5,118,5.469,0,20,20,127.083558
20yr_0180m_h461,20,0180,3,near_overflow,0.5,118,5.8205,0,23,19,192.374258
20yr_0180m_h461,20,0180,5,near_overflow,0.5,118,6.1982,0,13,20,333.382041
20yr_0180m_h461,20,0180,6,near_overflow,0.5,118,6.4068,0,14,21,401.009603
20yr_0180m_h457,20,0180,1,near_overflow,2.0,118,6.2625,0,14,31,63.531294
20yr_0180m_h457,20,0180,2,near_overflow,2.0,118,5.5022,0,24,21,126.311021
20yr_0180m_h457,20,0180,3,near_overflow,2.0,118,5.8029,0,18,19,191.423925
20yr_0180m_h457,20,0180,5,near_overflow,2.0,118,6.168,0,14,21,331.34924
20yr_0180m_h457,20,0180,6,near_overflow,2.0,118,6.6386,0,15,21,404.852389
100yr_1440m_h1213,100,1440,1,level,0.5,748,5.8133,0,139,74,369.421446
100yr_1440m_h1213,100,1440,2,level,0.5,748,5.114,0,238,53,753.297379
100yr_1440m_h1213,100,1440,3,level,0.5,748,5.3071,0,162,60,1139.359936
100yr_1440m_h1213,100,1440,5,level,0.5,748,5.6927,0,130,72,1927.626072
100yr_1440m_h1213,100,1440,6,level,0.5,748,5.9068,0,122,77,2335.520868
20yr_0180m_h461,20,0180,1,near_overflow,1.0,118,6.2902,0,15,31,63.592439
20yr_0180m_h461,20,0180,2,near_overflow,1.0,118,5.469,0,20,20,127.083558
20yr_0180m_h461,20,0180,3,near_overflow,1.0,118,5.8205,0,23,19,192.374258
20yr_0180m_h461,20,0180,5,near_overflow,1.0,118,6.1982,0,13,20,333.382041
20yr_0180m_h461,20,0180,6,near_overflow,1.0,118,6.4068,0,14,21,401.009603
20yr_0180m_h461,20,0180,1,level,1.0,118,5.4911,0,34,22,60.991477
20yr_0180m_h461,20,0180,2,level,1.0,118,5.2567,0,28,18,125.579442
20yr_0180m_h461,20,0180,3,level,1.0,118,5.5359,0,24,19,191.362285
20yr_0180m_h461,20,0180,5,level,1.0,118,6.1386,0,19,20,332.098041
20yr_0180m_h461,20,0180,6,level,1.0,118,6.3384,0,18,21,402.367321
20yr_0180m_h461,20,0180,1,near_overflow,2.0,118,6.2902,0,15,31,63.592439
20yr_0180m_h461,20,0180,2,near_overflow,2.0,118,5.469,0,20,20,127.083558
20yr_0180m_h461,20,0180,3,near_overflow,2.0,118,5.8205,0,23,19,192.374258
20yr_0180m_h461,20,0180,5,near_overflow,2.0,118,6.1982,0,13,20,333.382041
20yr_0180m_h461,20,0180,6,near_overflow,2.0,118,6.4068,0,14,21,401.009603
20yr_0180m_h461,20,0180,1,near_overflow,5.0,118,6.2902,0,15,31,63.592439
20yr_0180m_h461,20,0180,2,near_overflow,5.0,118,5.469,0,20,20,127.083558
20yr_0180m_h461,20,0180,3,near_overflow,5.0,118,5.8205,0,23,19,192.374258
20yr_0180m_h461,20,0180,5,near_overflow,5.0,118,6.1982,0,13,20,333.382041
20yr_0180m_h461,20,0180,6,near_overflow,5.0,118,6.4068,0,14,21,401.009603
20yr_0240m_h588,20,0240,1,level,1.0,148,5.5442,0,28,25,77.039982
20yr_0240m_h588,20,0240,2,level,1.0,148,5.319,0,33,21,157.061686
20yr_0240m_h588,20,0240,3,level,1.0,148,5.693,0,20,23,238.138699
20yr_0240m_h588,20,0240,5,level,1.0,148,6.11,0,14,24,409.855899
20yr_0240m_h588,20,0240,6,level,1.0,148,6.4656,0,17,25,500.743985
20yr_0240m_h588,20,0240,1,level,2.0,148,5.0138,0,51,20,75.519963
20yr_0240m_h588,20,0240,2,level,2.0,148,5.319,0,33,21,155.916249
20yr_0240m_h588,20,0240,3,level,2.0,148,5.693,0,23,23,237.842481
20yr_0240m_h588,20,0240,5,level,2.0,148,6.151,0,19,24,410.370127
20yr_0240m_h588,20,0240,6,level,2.0,148,6.4656,0,17,25,500.38321
20yr_0240m_h588,20,0240,1,near_overflow,0.5,148,6.2631,0,12,36,78.799673
20yr_0240m_h588,20,0240,2,near_overflow,0.5,148,5.4389,0,21,24,158.294469
20yr_0240m_h588,20,0240,3,near_overflow,0.5,148,5.8125,0,22,23,239.389066
20yr_0240m_h588,20,0240,5,near_overflow,0.5,148,6.2007,0,18,24,413.079451
20yr_0240m_h588,20,0240,6,near_overflow,0.5,148,6.4656,0,13,25,501.024276
20yr_0240m_h588,20,0240,1,near_overflow,1.0,148,6.2631,0,12,36,78.799673
20yr_0240m_h588,20,0240,2,near_overflow,1.0,148,5.4389,0,21,24,158.294469
20yr_0240m_h588,20,0240,3,near_overflow,1.0,148,5.8125,0,22,23,239.389066
20yr_0240m_h588,20,0240,5,near_overflow,1.0,148,6.2007,0,18,24,413.079451
20yr_0240m_h588,20,0240,6,near_overflow,1.0,148,6.4656,0,13,25,501.024276
20yr_0240m_h588,20,0240,1,near_overflow,2.0,148,6.2631,0,12,36,78.799673
20yr_0240m_h588,20,0240,2,near_overflow,2.0,148,5.4389,0,21,24,158.294469
20yr_0240m_h588,20,0240,3,near_overflow,2.0,148,5.8125,0,22,23,239.389066
20yr_0240m_h588,20,0240,5,near_overflow,2.0,148,6.2007,0,18,24,413.079451
20yr_0240m_h588,20,0240,6,near_overflow,2.0,148,6.4656,0,13,25,501.024276
20yr_0240m_h588,20,0240,1,near_overflow,5.0,148,6.2631,0,12,36,78.799673
20yr_0240m_h588,20,0240,2,near_overflow,5.0,148,5.4389,0,21,24,158.294469
20yr_0240m_h588,20,0240,3,near_overflow,5.0,148,5.8125,0,22,23,239.389066
20yr_0240m_h588,20,0240,5,near_overflow,5.0,148,6.2007,0,18,24,413.079451
20yr_0240m_h588,20,0240,6,near_overflow,5.0,148,6.4656,0,13,25,501.024276
20yr_0240m_h588,20,0240,1,level,0.5,148,5.7756,0,29,27,77.539457
20yr_0240m_h588,20,0240,2,level,0.5,148,5.319,0,33,21,157.092948
20yr_0240m_h588,20,0240,3,level,0.5,148,5.693,0,20,23,238.105384
20yr_0240m_h588,20,0240,5,level,0.5,148,6.11,0,17,24,409.417182
20yr_0240m_h588,20,0240,6,level,0.5,148,6.4656,0,13,25,502.044408
20yr_0240m_h515,20,0240,1,level,0.5,148,5.7918,0,40,12,76.718503
20yr_0240m_h515,20,0240,2,level,0.5,148,5.313,0,41,9,156.361301
20yr_0240m_h515,20,0240,3,level,0.5,148,5.533,0,36,9,237.467634
20yr_0240m_h515,20,0240,5,level,0.5,148,6.3309,0,21,9,417.697577
20yr_0240m_h515,20,0240,6,level,0.5,148,6.5162,0,13,9,507.260157
20yr_0240m_h588,20,0240,1,level,5.0,148,4.9762,0,22,20,72.2598
20yr_0240m_h588,20,0240,2,level,5.0,148,5.1381,0,33,21,152.626874
20yr_0240m_h588,20,0240,3,level,5.0,148,5.8239,0,34,22,237.435547
20yr_0240m_h588,20,0240,5,level,5.0,148,6.1392,0,24,24,411.695063
20yr_0240m_h588,20,0240,6,level,5.0,148,6.4077,0,23,25,500.311071
20yr_0240m_h515,20,0240,1,level,1.0,148,5.5031,0,50,11,75.471268
20yr_0240m_h515,20,0240,2,level,1.0,148,5.313,0,41,9,156.361301
20yr_0240m_h515,20,0240,3,level,1.0,148,5.7169,0,33,9,237.376076
20yr_0240m_h515,20,0240,5,level,1.0,148,6.3309,0,25,9,418.075411
20yr_0240m_h515,20,0240,6,level,1.0,148,6.5162,0,15,9,506.827799
20yr_0240m_h515,20,0240,1,level,2.0,148,5.0701,0,74,8,74.170144
20yr_0240m_h515,20,0240,2,level,2.0,148,5.313,0,41,9,154.773265
20yr_0240m_h515,20,0240,3,level,2.0,148,5.7169,0,37,9,236.410563
20yr_0240m_h515,20,0240,5,level,2.0,148,6.3788,0,28,9,418.114085
20yr_0240m_h515,20,0240,6,level,2.0,148,6.4141,0,20,9,505.625209
20yr_0240m_h515,20,0240,1,near_overflow,1.0,148,6.2677,0,24,15,78.709679
20yr_0240m_h515,20,0240,2,near_overflow,1.0,148,5.4878,0,28,10,157.751444
20yr_0240m_h515,20,0240,3,near_overflow,1.0,148,5.533,0,36,9,237.60553
20yr_0240m_h515,20,0240,5,near_overflow,1.0,148,6.3309,0,22,9,415.576951
20yr_0240m_h515,20,0240,6,near_overflow,1.0,148,6.5162,0,14,9,505.456712
20yr_0240m_h515,20,0240,1,level,5.0,148,4.9693,0,36,8,70.998832
20yr_0240m_h515,20,0240,2,level,5.0,148,5.2027,0,66,8,150.619832
20yr_0240m_h515,20,0240,3,level,5.0,148,5.7169,0,53,9,234.618492
20yr_0240m_h515,20,0240,5,level,5.0,148,6.3306,0,37,9,409.996706
20yr_0240m_h515,20,0240,6,level,5.0,148,6.6141,0,31,15,510.913539
20yr_0240m_h560,20,0240,1,level,0.5,148,5.7898,0,27,27,77.313653
20yr_0240m_h560,20,0240,2,level,0.5,148,5.3713,0,32,21,157.066497
20yr_0240m_h560,20,0240,3,level,0.5,148,5.8049,0,26,22,237.417335
20yr_0240m_h560,20,0240,5,level,0.5,148,6.0304,0,14,24,410.878913
20yr_0240m_h560,20,0240,6,level,0.5,148,6.4147,0,16,25,501.023615
20yr_0240m_h515,20,0240,1,near_overflow,5.0,148,6.2677,0,24,15,78.709679
20yr_0240m_h515,20,0240,2,near_overflow,5.0,148,5.4878,0,28,10,157.751444
20yr_0240m_h515,20,0240,3,near_overflow,5.0,148,5.533,0,36,9,237.60553
20yr_0240m_h515,20,0240,5,near_overflow,5.0,148,6.3309,0,22,9,415.576951
20yr_0240m_h515,20,0240,6,near_overflow,5.0,148,6.5162,0,14,9,505.456712
20yr_0240m_h560,20,0240,1,level,1.0,148,5.4997,0,30,25,76.88861
20yr_0240m_h560,20,0240,2,level,1.0,148,5.3713,0,32,21,157.002968
20yr_0240m_h560,20,0240,3,level,1.0,148,5.8049,0,26,22,237.389377
20yr_0240m_h560,20,0240,5,level,1.0,148,6.0304,0,14,24,410.790948
20yr_0240m_h560,20,0240,6,level,1.0,148,6.4147,0,19,25,500.802224
20yr_0240m_h560,20,0240,1,level,2.0,148,5.0635,0,54,20,75.636864
20yr_0240m_h560,20,0240,2,level,2.0,148,5.3713,0,32,21,155.766165
20yr_0240m_h560,20,0240,3,level,2.0,148,5.8049,0,29,22,237.431293
20yr_0240m_h560,20,0240,5,level,2.0,148,6.0789,0,18,24,412.127874
20yr_0240m_h560,20,0240,6,level,2.0,148,6.4147,0,23,25,503.588037
100yr_1440m_h1213,100,1440,1,level,1.0,748,5.5152,0,166,63,365.088456
100yr_1440m_h1213,100,1440,2,level,1.0,748,5.114,0,238,53,753.297379
100yr_1440m_h1213,100,1440,3,level,1.0,748,5.3071,0,162,60,1139.359936
100yr_1440m_h1213,100,1440,5,level,1.0,748,5.6927,0,142,72,1932.030852
100yr_1440m_h1213,100,1440,6,level,1.0,748,5.9068,0,154,77,2338.927176
20yr_0240m_h515,20,0240,1,near_overflow,0.5,148,6.2677,0,24,15,78.709679
20yr_0240m_h515,20,0240,2,near_overflow,0.5,148,5.4878,0,28,10,157.751444
20yr_0240m_h515,20,0240,3,near_overflow,0.5,148,5.533,0,36,9,237.60553
20yr_0240m_h515,20,0240,5,near_overflow,0.5,148,6.3309,0,22,9,415.576951
20yr_0240m_h515,20,0240,6,near_overflow,0.5,148,6.5162,0,14,9,505.456712
100yr_1440m_h1213,100,1440,1,near_overflow,1.0,748,6.3033,0,64,112,382.682762
100yr_1440m_h1213,100,1440,2,near_overflow,1.0,748,5.4475,0,108,58,766.664758
100yr_1440m_h1213,100,1440,3,near_overflow,1.0,748,5.3071,0,162,60,1140.080878
100yr_1440m_h1213,100,1440,5,near_overflow,1.0,748,5.6927,0,104,72,1924.530828
100yr_1440m_h1213,100,1440,6,near_overflow,1.0,748,5.981,0,102,77,2338.543337
20yr_0240m_h560,20,0240,1,level,5.0,148,4.9747,0,24,20,71.77254
20yr_0240m_h560,20,0240,2,level,5.0,148,5.1693,0,34,21,153.697567
20yr_0240m_h560,20,0240,3,level,5.0,148,5.5974,0,32,22,235.538939
20yr_0240m_h560,20,0240,5,level,5.0,148,6.1348,0,26,24,411.595137
20yr_0240m_h560,20,0240,6,level,5.0,148,6.5785,0,27,24,501.672326
20yr_0240m_h515,20,0240,1,near_overflow,2.0,148,6.2677,0,24,15,78.709679
20yr_0240m_h515,20,0240,2,near_overflow,2.0,148,5.4878,0,28,10,157.751444
20yr_0240m_h515,20,0240,3,near_overflow,2.0,148,5.533,0,36,9,237.60553
20yr_0240m_h515,20,0240,5,near_overflow,2.0,148,6.3309,0,22,9,415.576951
20yr_0240m_h515,20,0240,6,near_overflow,2.0,148,6.5162,0,14,9,505.456712
20yr_0240m_h560,20,0240,1,near_overflow,1.0,148,6.2679,0,12,36,78.995871
20yr_0240m_h560,20,0240,2,near_overflow,1.0,148,5.4702,0,20,24,158.674796
20yr_0240m_h560,20,0240,3,near_overflow,1.0,148,5.8096,0,24,22,238.760666
20yr_0240m_h560,20,0240,5,near_overflow,1.0,148,6.1372,0,18,24,413.036186
20yr_0240m_h560,20,0240,6,near_overflow,1.0,148,6.4147,0,16,25,500.236064
20yr_0240m_h560,20,0240,1,near_overflow,0.5,148,6.2679,0,12,36,78.995871
20yr_0240m_h560,20,0240,2,near_overflow,0.5,148,5.4702,0,20,24,158.674796
20yr_0240m_h560,20,0240,3,near_overflow,0.5,148,5.8096,0,24,22,238.760666
20yr_0240m_h560,20,0240,5,near_overflow,0.5,148,6.1372,0,18,24,413.036186
20yr_0240m_h560,20,0240,6,near_overflow,0.5,148,6.4147,0,16,25,500.236064
100yr_1440m_h1213,100,1440,1,near_overflow,2.0,748,6.3033,0,64,112,382.682762
100yr_1440m_h1213,100,1440,2,near_overflow,2.0,748,5.4475,0,108,58,766.664758
100yr_1440m_h1213,100,1440,3,near_overflow,2.0,748,5.3071,0,162,60,1140.080878
100yr_1440m_h1213,100,1440,5,near_overflow,2.0,748,5.6927,0,104,72,1924.530828
100yr_1440m_h1213,100,1440,6,near_overflow,2.0,748,5.981,0,102,77,2338.543337
100yr_1440m_h1213,100,1440,1,near_overflow,5.0,748,6.3033,0,64,112,382.682762
100yr_1440m_h1213,100,1440,2,near_overflow,5.0,748,5.4475,0,108,58,766.664758
100yr_1440m_h1213,100,1440,3,near_overflow,5.0,748,5.3071,0,162,60,1140.080878
100yr_1440m_h1213,100,1440,5,near_overflow,5.0,748,5.6927,0,104,72,1924.530828
100yr_1440m_h1213,100,1440,6,near_overflow,5.0,748,5.981,0,102,77,2338.543337
20yr_0240m_h539,20,0240,1,level,2.0,148,5.051,0,54,17,74.284937
20yr_0240m_h539,20,0240,2,level,2.0,148,5.3307,0,34,18,155.666254
20yr_0240m_h539,20,0240,3,level,2.0,148,5.7602,0,24,19,238.107431
20yr_0240m_h539,20,0240,5,level,2.0,148,6.2027,0,20,22,414.382111
20yr_0240m_h539,20,0240,6,level,2.0,148,6.6789,0,20,29,510.138951
20yr_0240m_h560,20,0240,1,near_overflow,2.0,148,6.2679,0,12,36,78.995871
20yr_0240m_h560,20,0240,2,near_overflow,2.0,148,5.4702,0,20,24,158.674796
20yr_0240m_h560,20,0240,3,near_overflow,2.0,148,5.8096,0,24,22,238.760666
20yr_0240m_h560,20,0240,5,near_overflow,2.0,148,6.1372,0,18,24,413.036186
20yr_0240m_h560,20,0240,6,near_overflow,2.0,148,6.4147,0,16,25,500.236064
20yr_0240m_h539,20,0240,1,near_overflow,0.5,148,6.2584,0,20,27,79.278165
20yr_0240m_h539,20,0240,2,near_overflow,0.5,148,5.4854,0,26,20,158.297063
20yr_0240m_h539,20,0240,3,near_overflow,0.5,148,5.722,0,20,19,240.080997
20yr_0240m_h539,20,0240,5,near_overflow,0.5,148,6.2027,0,12,20,415.553729
20yr_0240m_h539,20,0240,6,near_overflow,0.5,148,6.4198,0,13,20,502.851474
20yr_0240m_h566,20,0240,1,level,0.5,148,5.8284,0,28,28,77.025437
20yr_0240m_h566,20,0240,2,level,0.5,148,5.2173,0,32,22,156.570894
20yr_0240m_h566,20,0240,3,level,0.5,148,5.3992,0,20,23,237.199269
20yr_0240m_h566,20,0240,5,level,0.5,148,6.3216,0,15,24,412.362927
20yr_0240m_h566,20,0240,6,level,0.5,148,6.4841,0,15,25,499.914608
20yr_0240m_h539,20,0240,1,near_overflow,1.0,148,6.2584,0,20,27,79.278165
20yr_0240m_h539,20,0240,2,near_overflow,1.0,148,5.4854,0,26,20,158.297063
20yr_0240m_h539,20,0240,3,near_overflow,1.0,148,5.722,0,20,19,240.080997
20yr_0240m_h539,20,0240,5,near_overflow,1.0,148,6.2027,0,12,20,415.553729
20yr_0240m_h539,20,0240,6,near_overflow,1.0,148,6.4198,0,13,20,502.851474
20yr_0240m_h566,20,0240,1,level,2.0,148,5.0709,0,48,20,75.162652
20yr_0240m_h566,20,0240,2,level,2.0,148,5.4154,0,31,22,155.478662
20yr_0240m_h566,20,0240,3,level,2.0,148,5.3992,0,25,23,236.33771
20yr_0240m_h566,20,0240,5,level,2.0,148,6.3216,0,21,24,413.766341
20yr_0240m_h566,20,0240,6,level,2.0,148,6.408,0,21,25,500.654978
20yr_0240m_h560,20,0240,1,near_overflow,5.0,148,6.2679,0,12,36,78.995871
20yr_0240m_h560,20,0240,2,near_overflow,5.0,148,5.4702,0,20,24,158.674796
20yr_0240m_h560,20,0240,3,near_overflow,5.0,148,5.8096,0,24,22,238.760666
20yr_0240m_h560,20,0240,5,near_overflow,5.0,148,6.1372,0,18,24,413.036186
20yr_0240m_h560,20,0240,6,near_overflow,5.0,148,6.4147,0,16,25,500.236064
20yr_0240m_h539,20,0240,1,level,0.5,148,5.8137,0,33,23,77.314501
20yr_0240m_h539,20,0240,2,level,0.5,148,5.3307,0,34,18,156.764188
20yr_0240m_h539,20,0240,3,level,0.5,148,5.7602,0,23,19,238.419412
20yr_0240m_h539,20,0240,5,level,0.5,148,6.4617,0,14,20,415.015589
20yr_0240m_h539,20,0240,6,level,0.5,148,6.4198,0,16,23,505.547524
20yr_0240m_h539,20,0240,1,level,1.0,148,5.4621,0,36,21,76.433665
20yr_0240m_h539,20,0240,2,level,1.0,148,5.3307,0,34,18,156.66898
20yr_0240m_h539,20,0240,3,level,1.0,148,5.7602,0,21,19,238.947088
20yr_0240m_h539,20,0240,5,level,1.0,148,6.2027,0,20,22,414.522969
20yr_0240m_h539,20,0240,6,level,1.0,148,6.4198,0,17,23,506.021118
20yr_0240m_h539,20,0240,1,level,5.0,148,4.9385,0,34,17,72.165481
20yr_0240m_h539,20,0240,2,level,5.0,148,5.1662,0,42,18,150.753082
20yr_0240m_h539,20,0240,3,level,5.0,148,5.743,0,38,19,236.947073
20yr_0240m_h539,20,0240,5,level,5.0,148,6.2429,0,28,19,412.122525
20yr_0240m_h539,20,0240,6,level,5.0,148,6.6789,0,30,29,504.582841
20yr_0240m_h566,20,0240,1,level,5.0,148,4.9461,0,26,20,70.902664
20yr_0240m_h566,20,0240,2,level,5.0,148,5.163,0,40,21,151.493519
20yr_0240m_h566,20,0240,3,level,5.0,148,5.6815,0,23,23,237.573719
20yr_0240m_h566,20,0240,5,level,5.0,148,6.1989,0,29,24,410.142247
20yr_0240m_h566,20,0240,6,level,5.0,148,6.3396,0,25,25,501.878557
20yr_0240m_h539,20,0240,1,near_overflow,2.0,148,6.2584,0,20,27,79.278165
20yr_0240m_h539,20,0240,2,near_overflow,2.0,148,5.4854,0,26,20,158.297063
20yr_0240m_h539,20,0240,3,near_overflow,2.0,148,5.722,0,20,19,240.080997
20yr_0240m_h539,20,0240,5,near_overflow,2.0,148,6.2027,0,12,20,415.553729
20yr_0240m_h539,20,0240,6,near_overflow,2.0,148,6.4198,0,13,20,502.851474
20yr_0240m_h566,20,0240,1,near_overflow,1.0,148,6.3056,0,17,37,78.516636
20yr_0240m_h566,20,0240,2,near_overflow,1.0,148,5.3905,0,20,24,158.165971
20yr_0240m_h566,20,0240,3,near_overflow,1.0,148,5.5541,0,21,23,237.410307
20yr_0240m_h566,20,0240,5,near_overflow,1.0,148,6.3216,0,15,24,411.660106
20yr_0240m_h566,20,0240,6,near_overflow,1.0,148,6.4841,0,14,25,499.634346
20yr_0240m_h539,20,0240,1,near_overflow,5.0,148,6.2584,0,20,27,79.278165
20yr_0240m_h539,20,0240,2,near_overflow,5.0,148,5.4854,0,26,20,158.297063
20yr_0240m_h539,20,0240,3,near_overflow,5.0,148,5.722,0,20,19,240.080997
20yr_0240m_h539,20,0240,5,near_overflow,5.0,148,6.2027,0,12,20,415.553729
20yr_0240m_h539,20,0240,6,near_overflow,5.0,148,6.4198,0,13,20,502.851474
20yr_0240m_h566,20,0240,1,level,1.0,148,5.4932,0,34,26,76.96678
20yr_0240m_h566,20,0240,2,level,1.0,148,5.2173,0,32,22,156.570894
20yr_0240m_h566,20,0240,3,level,1.0,148,5.3992,0,20,23,237.17404
20yr_0240m_h566,20,0240,5,level,1.0,148,6.3216,0,17,24,412.912553
20yr_0240m_h566,20,0240,6,level,1.0,148,6.4841,0,18,25,500.286493
20yr_0240m_h566,20,0240,1,near_overflow,0.5,148,6.3056,0,17,37,78.516636
20yr_0240m_h566,20,0240,2,near_overflow,0.5,148,5.3905,0,20,24,158.165971
20yr_0240m_h566,20,0240,3,near_overflow,0.5,148,5.5541,0,21,23,237.410307
20yr_0240m_h566,20,0240,5,near_overflow,0.5,148,6.3216,0,15,24,411.660106
20yr_0240m_h566,20,0240,6,near_overflow,0.5,148,6.4841,0,14,25,499.634346
20yr_0240m_h566,20,0240,1,near_overflow,2.0,148,6.3056,0,17,37,78.516636
20yr_0240m_h566,20,0240,2,near_overflow,2.0,148,5.3905,0,20,24,158.165971
20yr_0240m_h566,20,0240,3,near_overflow,2.0,148,5.5541,0,21,23,237.410307
20yr_0240m_h566,20,0240,5,near_overflow,2.0,148,6.3216,0,15,24,411.660106
20yr_0240m_h566,20,0240,6,near_overflow,2.0,148,6.4841,0,14,25,499.634346
20yr_0240m_h566,20,0240,1,near_overflow,5.0,148,6.3056,0,17,37,78.516636
20yr_0240m_h566,20,0240,2,near_overflow,5.0,148,5.3905,0,20,24,158.165971
20yr_0240m_h566,20,0240,3,near_overflow,5.0,148,5.5541,0,21,23,237.410307
20yr_0240m_h566,20,0240,5,near_overflow,5.0,148,6.3216,0,15,24,411.660106
20yr_0240m_h566,20,0240,6,near_overflow,5.0,148,6.4841,0,14,25,499.634346
100yr_1440m_h1121,100,1440,1,level,2.0,748,4.9197,0,402,22,357.107399
100yr_1440m_h1121,100,1440,2,level,2.0,748,5.1204,0,260,24,741.458223
100yr_1440m_h1121,100,1440,3,level,2.0,748,5.2917,0,238,25,1132.751302
100yr_1440m_h1121,100,1440,5,level,2.0,748,6.1222,0,222,27,1931.402436
100yr_1440m_h1121,100,1440,6,level,2.0,748,6.3235,0,194,28,2345.001067
100yr_1440m_h1121,100,1440,1,near_overflow,0.5,748,6.2915,0,79,39,381.161653
100yr_1440m_h1121,100,1440,2,near_overflow,0.5,748,5.4199,0,124,26,765.062508
100yr_1440m_h1121,100,1440,3,near_overflow,0.5,748,5.2987,0,178,25,1137.19091
100yr_1440m_h1121,100,1440,5,near_overflow,0.5,748,5.6611,0,122,27,1920.133791
100yr_1440m_h1121,100,1440,6,near_overflow,0.5,748,6.5464,0,90,28,2339.165901
100yr_1440m_h1121,100,1440,1,near_overflow,5.0,748,6.2915,0,79,39,381.161653
100yr_1440m_h1121,100,1440,2,near_overflow,5.0,748,5.4199,0,124,26,765.062508
100yr_1440m_h1121,100,1440,3,near_overflow,5.0,748,5.2987,0,178,25,1137.19091
100yr_1440m_h1121,100,1440,5,near_overflow,5.0,748,5.6611,0,122,27,1920.133791
100yr_1440m_h1121,100,1440,6,near_overflow,5.0,748,6.5464,0,90,28,2339.165901
100yr_1440m_h1153,100,1440,1,level,5.0,748,4.9196,0,212,45,343.438167
100yr_1440m_h1153,100,1440,2,level,5.0,748,5.0708,0,304,50,733.951952
100yr_1440m_h1153,100,1440,3,level,5.0,748,5.3245,0,240,55,1128.318364
100yr_1440m_h1153,100,1440,5,level,5.0,748,5.7645,0,222,62,1923.305883
100yr_1440m_h1153,100,1440,6,level,5.0,748,6.6789,0,190,65,2348.927971
100yr_1440m_h1121,100,1440,1,near_overflow,2.0,748,6.2915,0,79,39,381.161653
100yr_1440m_h1121,100,1440,2,near_overflow,2.0,748,5.4199,0,124,26,765.062508
100yr_1440m_h1121,100,1440,3,near_overflow,2.0,748,5.2987,0,178,25,1137.19091
100yr_1440m_h1121,100,1440,5,near_overflow,2.0,748,5.6611,0,122,27,1920.133791
100yr_1440m_h1121,100,1440,6,near_overflow,2.0,748,6.5464,0,90,28,2339.165901
100yr_1440m_h1153,100,1440,1,level,2.0,748,4.9188,0,358,45,360.963298
100yr_1440m_h1153,100,1440,2,level,2.0,748,5.1177,0,230,51,745.422985
100yr_1440m_h1153,100,1440,3,level,2.0,748,5.3019,0,200,56,1136.348843
100yr_1440m_h1153,100,1440,5,level,2.0,748,5.7645,0,184,63,1931.573653
100yr_1440m_h1153,100,1440,6,level,2.0,748,6.17,0,157,65,2345.786845
100yr_1440m_h1121,100,1440,1,level,0.5,748,5.8012,0,145,30,368.753812
100yr_1440m_h1121,100,1440,2,level,0.5,748,5.1204,0,260,24,750.89514
100yr_1440m_h1121,100,1440,3,level,0.5,748,5.2987,0,178,25,1136.308967
100yr_1440m_h1121,100,1440,5,level,0.5,748,5.6611,0,148,27,1919.774706
100yr_1440m_h1121,100,1440,6,level,0.5,748,6.7339,0,125,28,2350.944942
100yr_1440m_h1121,100,1440,1,level,5.0,748,4.9191,0,208,22,339.948641
100yr_1440m_h1121,100,1440,2,level,5.0,748,5.0838,0,328,23,729.175553
100yr_1440m_h1121,100,1440,3,level,5.0,748,5.8435,0,299,25,1122.016312
100yr_1440m_h1121,100,1440,5,level,5.0,748,6.1222,0,274,27,1926.743385
100yr_1440m_h1121,100,1440,6,level,5.0,748,6.3235,0,249,27,2337.965361
100yr_1440m_h1121,100,1440,1,level,1.0,748,5.5138,0,189,28,366.603574
100yr_1440m_h1121,100,1440,2,level,1.0,748,5.1204,0,260,24,750.89514
100yr_1440m_h1121,100,1440,3,level,1.0,748,5.2987,0,178,25,1136.308967
100yr_1440m_h1121,100,1440,5,level,1.0,748,5.7201,0,172,27,1925.096415
100yr_1440m_h1121,100,1440,6,level,1.0,748,6.4758,0,148,28,2347.830824
100yr_1440m_h1121,100,1440,1,near_overflow,1.0,748,6.2915,0,79,39,381.161653
100yr_1440m_h1121,100,1440,2,near_overflow,1.0,748,5.4199,0,124,26,765.062508
100yr_1440m_h1121,100,1440,3,near_overflow,1.0,748,5.2987,0,178,25,1137.19091
100yr_1440m_h1121,100,1440,5,near_overflow,1.0,748,5.6611,0,122,27,1920.133791
100yr_1440m_h1121,100,1440,6,near_overflow,1.0,748,6.5464,0,90,28,2339.165901
100yr_1440m_h1153,100,1440,1,level,0.5,748,5.842,0,144,65,370.133663
100yr_1440m_h1153,100,1440,2,level,0.5,748,5.1177,0,230,51,753.860539
100yr_1440m_h1153,100,1440,3,level,0.5,748,5.3142,0,172,56,1137.489769
100yr_1440m_h1153,100,1440,5,level,0.5,748,5.7417,0,128,63,1922.35055
100yr_1440m_h1153,100,1440,6,level,0.5,748,6.2986,0,102,65,2349.707692
100yr_1440m_h1153,100,1440,1,level,1.0,748,5.53,0,175,59,367.161556
100yr_1440m_h1153,100,1440,2,level,1.0,748,5.1177,0,230,51,753.860539
100yr_1440m_h1153,100,1440,3,level,1.0,748,5.3142,0,172,56,1137.489769
100yr_1440m_h1153,100,1440,5,level,1.0,748,5.7417,0,154,63,1926.478842
100yr_1440m_h1153,100,1440,6,level,1.0,748,6.2492,0,138,65,2346.217319
100yr_1440m_h1153,100,1440,1,near_overflow,1.0,748,6.2881,0,83,86,380.67493
100yr_1440m_h1153,100,1440,2,near_overflow,1.0,748,5.4049,0,109,55,766.617053
100yr_1440m_h1153,100,1440,3,near_overflow,1.0,748,5.3142,0,172,56,1138.294259
100yr_1440m_h1153,100,1440,5,near_overflow,1.0,748,5.6899,0,120,63,1919.888419
100yr_1440m_h1153,100,1440,6,near_overflow,1.0,748,6.4176,0,86,65,2338.179647
20yr_0360m_h664,20,0360,1,level,0.5,208,5.825,0,58,30,106.552185
20yr_0360m_h664,20,0360,2,level,0.5,208,5.2845,0,44,24,218.308238
20yr_0360m_h664,20,0360,3,level,0.5,208,5.6007,0,36,25,331.106355
20yr_0360m_h664,20,0360,5,level,0.5,208,6.4432,0,26,26,579.208713
20yr_0360m_h664,20,0360,6,level,0.5,208,6.5498,0,20,26,702.775285
20yr_0360m_h664,20,0360,1,level,1.0,208,5.4644,0,57,27,106.38249
20yr_0360m_h664,20,0360,2,level,1.0,208,5.2845,0,44,24,218.284218
20yr_0360m_h664,20,0360,3,level,1.0,208,5.6007,0,36,25,331.532199
20yr_0360m_h664,20,0360,5,level,1.0,208,6.4432,0,20,26,582.197606
20yr_0360m_h664,20,0360,6,level,1.0,208,6.4674,0,22,26,697.197443
20yr_0360m_h664,20,0360,1,level,2.0,208,5.0673,0,84,22,104.659453
20yr_0360m_h664,20,0360,2,level,2.0,208,5.2845,0,44,24,216.296191
20yr_0360m_h664,20,0360,3,level,2.0,208,5.6007,0,38,25,330.684033
20yr_0360m_h664,20,0360,5,level,2.0,208,6.4432,0,24,26,583.186395
20yr_0360m_h664,20,0360,6,level,2.0,208,6.4674,0,22,26,697.871542
100yr_1440m_h1153,100,1440,1,near_overflow,2.0,748,6.2881,0,83,86,380.67493
100yr_1440m_h1153,100,1440,2,near_overflow,2.0,748,5.4049,0,109,55,766.617053
100yr_1440m_h1153,100,1440,3,near_overflow,2.0,748,5.3142,0,172,56,1138.294259
100yr_1440m_h1153,100,1440,5,near_overflow,2.0,748,5.6899,0,120,63,1919.888419
100yr_1440m_h1153,100,1440,6,near_overflow,2.0,748,6.4176,0,86,65,2338.179647
20yr_0360m_h664,20,0360,1,level,5.0,208,4.9765,0,40,22,98.837039
20yr_0360m_h664,20,0360,2,level,5.0,208,5.1722,0,68,23,211.896858
20yr_0360m_h664,20,0360,3,level,5.0,208,5.52,0,56,24,328.172407
20yr_0360m_h664,20,0360,5,level,5.0,208,6.3358,0,37,26,574.869367
20yr_0360m_h664,20,0360,6,level,5.0,208,6.3989,0,31,26,696.11268
20yr_0360m_h664,20,0360,1,near_overflow,2.0,208,6.3275,0,27,36,109.751375
20yr_0360m_h664,20,0360,2,near_overflow,2.0,208,5.4294,0,32,26,220.608001
20yr_0360m_h664,20,0360,3,near_overflow,2.0,208,5.4827,0,34,25,331.047306
20yr_0360m_h664,20,0360,5,near_overflow,2.0,208,6.4432,0,24,26,578.771465
20yr_0360m_h664,20,0360,6,near_overflow,2.0,208,6.5498,0,24,26,699.611938
100yr_1440m_h1153,100,1440,1,near_overflow,5.0,748,6.2881,0,83,86,380.67493
100yr_1440m_h1153,100,1440,2,near_overflow,5.0,748,5.4049,0,109,55,766.617053
100yr_1440m_h1153,100,1440,3,near_overflow,5.0,748,5.3142,0,172,56,1138.294259
100yr_1440m_h1153,100,1440,5,near_overflow,5.0,748,5.6899,0,120,63,1919.888419
100yr_1440m_h1153,100,1440,6,near_overflow,5.0,748,6.4176,0,86,65,2338.179647
100yr_1440m_h1153,100,1440,1,near_overflow,0.5,748,6.2881,0,83,86,380.67493
100yr_1440m_h1153,100,1440,2,near_overflow,0.5,748,5.4049,0,109,55,766.617053
100yr_1440m_h1153,100,1440,3,near_overflow,0.5,748,5.3142,0,172,56,1138.294259
100yr_1440m_h1153,100,1440,5,near_overflow,0.5,748,5.6899,0,120,63,1919.888419
100yr_1440m_h1153,100,1440,6,near_overflow,0.5,748,6.4176,0,86,65,2338.179647
20yr_0360m_h734,20,0360,1,near_overflow,0.5,208,6.2882,0,31,51,109.632653
20yr_0360m_h734,20,0360,2,near_overflow,0.5,208,5.3991,0,32,34,220.001705
20yr_0360m_h734,20,0360,3,near_overflow,0.5,208,5.7661,0,31,33,332.475665
20yr_0360m_h734,20,0360,5,near_overflow,0.5,208,6.195,0,20,36,567.66609
20yr_0360m_h734,20,0360,6,near_overflow,0.5,208,6.4196,0,20,37,687.320469
20yr_0360m_h664,20,0360,1,near_overflow,0.5,208,6.3275,0,27,36,109.751375
20yr_0360m_h664,20,0360,2,near_overflow,0.5,208,5.4294,0,32,26,220.608001
20yr_0360m_h664,20,0360,3,near_overflow,0.5,208,5.4827,0,34,25,331.047306
20yr_0360m_h664,20,0360,5,near_overflow,0.5,208,6.4432,0,24,26,578.771465
20yr_0360m_h664,20,0360,6,near_overflow,0.5,208,6.5498,0,24,26,699.611938
20yr_0360m_h664,20,0360,1,near_overflow,1.0,208,6.3275,0,27,36,109.751375
20yr_0360m_h664,20,0360,2,near_overflow,1.0,208,5.4294,0,32,26,220.608001
20yr_0360m_h664,20,0360,3,near_overflow,1.0,208,5.4827,0,34,25,331.047306
20yr_0360m_h664,20,0360,5,near_overflow,1.0,208,6.4432,0,24,26,578.771465
20yr_0360m_h664,20,0360,6,near_overflow,1.0,208,6.5498,0,24,26,699.611938
20yr_0360m_h664,20,0360,1,near_overflow,5.0,208,6.3275,0,27,36,109.751375
20yr_0360m_h664,20,0360,2,near_overflow,5.0,208,5.4294,0,32,26,220.608001
20yr_0360m_h664,20,0360,3,near_overflow,5.0,208,5.4827,0,34,25,331.047306
20yr_0360m_h664,20,0360,5,near_overflow,5.0,208,6.4432,0,24,26,578.771465
20yr_0360m_h664,20,0360,6,near_overflow,5.0,208,6.5498,0,24,26,699.611938
20yr_0360m_h734,20,0360,1,level,2.0,208,5.0534,0,66,28,103.220707
20yr_0360m_h734,20,0360,2,level,2.0,208,5.216,0,48,31,216.280511
20yr_0360m_h734,20,0360,3,level,2.0,208,5.7661,0,35,33,331.283585
20yr_0360m_h734,20,0360,5,level,2.0,208,6.1963,0,30,36,569.497086
20yr_0360m_h734,20,0360,6,level,2.0,208,6.3435,0,23,37,688.729567
20yr_0360m_h734,20,0360,1,near_overflow,1.0,208,6.2882,0,31,51,109.632653
20yr_0360m_h734,20,0360,2,near_overflow,1.0,208,5.3991,0,32,34,220.001705
20yr_0360m_h734,20,0360,3,near_overflow,1.0,208,5.7661,0,31,33,332.475665
20yr_0360m_h734,20,0360,5,near_overflow,1.0,208,6.195,0,20,36,567.66609
20yr_0360m_h734,20,0360,6,near_overflow,1.0,208,6.4196,0,20,37,687.320469
20yr_0360m_h734,20,0360,1,near_overflow,5.0,208,6.2882,0,31,51,109.632653
20yr_0360m_h734,20,0360,2,near_overflow,5.0,208,5.3991,0,32,34,220.001705
20yr_0360m_h734,20,0360,3,near_overflow,5.0,208,5.7661,0,31,33,332.475665
20yr_0360m_h734,20,0360,5,near_overflow,5.0,208,6.195,0,20,36,567.66609
20yr_0360m_h734,20,0360,6,near_overflow,5.0,208,6.4196,0,20,37,687.320469
20yr_0360m_h734,20,0360,1,level,0.5,208,5.8198,0,41,39,107.702966
20yr_0360m_h734,20,0360,2,level,0.5,208,5.216,0,48,31,218.118964
20yr_0360m_h734,20,0360,3,level,0.5,208,5.7661,0,33,33,332.005853
20yr_0360m_h734,20,0360,5,level,0.5,208,6.1439,0,22,36,566.896811
20yr_0360m_h734,20,0360,6,level,0.5,208,6.4196,0,17,37,688.534426
20yr_0360m_h734,20,0360,1,level,1.0,208,5.5098,0,51,36,106.161664
20yr_0360m_h734,20,0360,2,level,1.0,208,5.216,0,48,31,218.046342
20yr_0360m_h734,20,0360,3,level,1.0,208,5.7661,0,33,33,331.929256
20yr_0360m_h734,20,0360,5,level,1.0,208,6.1439,0,22,36,568.747763
20yr_0360m_h734,20,0360,6,level,1.0,208,6.4196,0,21,37,688.888441
20yr_0360m_h734,20,0360,1,level,5.0,208,4.9779,0,40,28,99.37872
20yr_0360m_h734,20,0360,2,level,5.0,208,5.2414,0,63,30,211.407272
20yr_0360m_h734,20,0360,3,level,5.0,208,5.7373,0,44,33,327.722768
20yr_0360m_h734,20,0360,5,level,5.0,208,6.178,0,33,36,566.615981
20yr_0360m_h734,20,0360,6,level,5.0,208,6.3435,0,32,37,688.539971
20yr_0360m_h691,20,0360,1,level,5.0,208,4.9748,0,40,25,97.041679
20yr_0360m_h691,20,0360,2,level,5.0,208,5.2054,0,82,27,210.721132
20yr_0360m_h691,20,0360,3,level,5.0,208,5.4525,0,78,28,324.546047
20yr_0360m_h691,20,0360,5,level,5.0,208,6.2588,0,43,30,566.946849
20yr_0360m_h691,20,0360,6,level,5.0,208,6.5074,0,44,31,698.91211
20yr_0360m_h691,20,0360,1,near_overflow,0.5,208,6.2911,0,31,45,109.221131
20yr_0360m_h691,20,0360,2,near_overflow,0.5,208,5.4665,0,34,30,219.868194
20yr_0360m_h691,20,0360,3,near_overflow,0.5,208,5.6725,0,49,29,330.276225
20yr_0360m_h691,20,0360,5,near_overflow,0.5,208,6.322,0,20,31,571.960611
20yr_0360m_h691,20,0360,6,near_overflow,0.5,208,6.5392,0,21,31,691.77117
20yr_0360m_h691,20,0360,1,level,2.0,208,5.0633,0,96,25,103.166999
20yr_0360m_h691,20,0360,2,level,2.0,208,5.2887,0,58,27,215.09119
20yr_0360m_h691,20,0360,3,level,2.0,208,5.4638,0,54,29,328.32581
20yr_0360m_h691,20,0360,5,level,2.0,208,6.3094,0,34,31,574.205874
20yr_0360m_h691,20,0360,6,level,2.0,208,6.5591,0,32,31,705.832203
20yr_0360m_h691,20,0360,1,near_overflow,1.0,208,6.2911,0,31,45,109.221131
20yr_0360m_h691,20,0360,2,near_overflow,1.0,208,5.4665,0,34,30,219.868194
20yr_0360m_h691,20,0360,3,near_overflow,1.0,208,5.6725,0,49,29,330.276225
20yr_0360m_h691,20,0360,5,near_overflow,1.0,208,6.322,0,20,31,571.960611
20yr_0360m_h691,20,0360,6,near_overflow,1.0,208,6.5392,0,21,31,691.77117
20yr_0360m_h734,20,0360,1,near_overflow,2.0,208,6.2882,0,31,51,109.632653
20yr_0360m_h734,20,0360,2,near_overflow,2.0,208,5.3991,0,32,34,220.001705
20yr_0360m_h734,20,0360,3,near_overflow,2.0,208,5.7661,0,31,33,332.475665
20yr_0360m_h734,20,0360,5,near_overflow,2.0,208,6.195,0,20,36,567.66609
20yr_0360m_h734,20,0360,6,near_overflow,2.0,208,6.4196,0,20,37,687.320469
20yr_0360m_h691,20,0360,1,level,0.5,208,5.7959,0,59,34,106.401861
20yr_0360m_h691,20,0360,2,level,0.5,208,5.2887,0,58,27,217.010219
20yr_0360m_h691,20,0360,3,level,0.5,208,5.5087,0,46,29,328.768736
20yr_0360m_h691,20,0360,5,level,0.5,208,6.3094,0,27,31,572.735829
20yr_0360m_h691,20,0360,6,level,0.5,208,6.5392,0,23,31,693.318598
20yr_0360m_h668,20,0360,1,level,2.0,208,5.0696,0,80,22,105.585252
20yr_0360m_h668,20,0360,2,level,2.0,208,5.359,0,52,24,215.166197
20yr_0360m_h668,20,0360,3,level,2.0,208,5.5864,0,44,25,329.555564
20yr_0360m_h668,20,0360,5,level,2.0,208,6.2925,0,27,26,575.818957
20yr_0360m_h668,20,0360,6,level,2.0,208,6.4893,0,21,27,705.337835
20yr_0360m_h691,20,0360,1,level,1.0,208,5.5034,0,67,31,105.34448
20yr_0360m_h691,20,0360,2,level,1.0,208,5.2887,0,58,27,216.981317
20yr_0360m_h691,20,0360,3,level,1.0,208,5.4638,0,46,29,328.449757
20yr_0360m_h691,20,0360,5,level,1.0,208,6.3094,0,28,31,572.921477
20yr_0360m_h691,20,0360,6,level,1.0,208,6.5392,0,32,31,693.747284
20yr_0360m_h668,20,0360,1,near_overflow,0.5,208,6.3005,0,24,36,109.830161
20yr_0360m_h668,20,0360,2,near_overflow,0.5,208,5.4596,0,30,26,220.499996
20yr_0360m_h668,20,0360,3,near_overflow,0.5,208,5.5864,0,38,25,330.270532
20yr_0360m_h668,20,0360,5,near_overflow,0.5,208,6.2925,0,26,26,572.587661
20yr_0360m_h668,20,0360,6,near_overflow,0.5,208,6.5802,0,26,27,698.38292
20yr_0360m_h668,20,0360,1,level,5.0,208,4.9725,0,40,22,99.437729
20yr_0360m_h668,20,0360,2,level,5.0,208,5.2124,0,65,24,212.259576
20yr_0360m_h668,20,0360,3,level,5.0,208,5.5069,0,59,25,326.959034
20yr_0360m_h668,20,0360,5,level,5.0,208,6.3228,0,32,26,575.426538
20yr_0360m_h668,20,0360,6,level,5.0,208,6.5802,0,31,27,705.988132
20yr_0360m_h668,20,0360,1,level,1.0,208,5.484,0,51,28,106.405359
20yr_0360m_h668,20,0360,2,level,1.0,208,5.359,0,52,24,217.310878
20yr_0360m_h668,20,0360,3,level,1.0,208,5.5864,0,38,25,330.03294
20yr_0360m_h668,20,0360,5,level,1.0,208,6.2925,0,25,26,576.397244
20yr_0360m_h668,20,0360,6,level,1.0,208,6.5802,0,22,27,703.057536
20yr_0360m_h691,20,0360,1,near_overflow,2.0,208,6.2911,0,31,45,109.221131
20yr_0360m_h691,20,0360,2,near_overflow,2.0,208,5.4665,0,34,30,219.868194
20yr_0360m_h691,20,0360,3,near_overflow,2.0,208,5.6725,0,49,29,330.276225
20yr_0360m_h691,20,0360,5,near_overflow,2.0,208,6.322,0,20,31,571.960611
20yr_0360m_h691,20,0360,6,near_overflow,2.0,208,6.5392,0,21,31,691.77117
20yr_0360m_h691,20,0360,1,near_overflow,5.0,208,6.2911,0,31,45,109.221131
20yr_0360m_h691,20,0360,2,near_overflow,5.0,208,5.4665,0,34,30,219.868194
20yr_0360m_h691,20,0360,3,near_overflow,5.0,208,5.6725,0,49,29,330.276225
20yr_0360m_h691,20,0360,5,near_overflow,5.0,208,6.322,0,20,31,571.960611
20yr_0360m_h691,20,0360,6,near_overflow,5.0,208,6.5392,0,21,31,691.77117
20yr_0360m_h668,20,0360,1,near_overflow,1.0,208,6.3005,0,24,36,109.830161
20yr_0360m_h668,20,0360,2,near_overflow,1.0,208,5.4596,0,30,26,220.499996
20yr_0360m_h668,20,0360,3,near_overflow,1.0,208,5.5864,0,38,25,330.270532
20yr_0360m_h668,20,0360,5,near_overflow,1.0,208,6.2925,0,26,26,572.587661
20yr_0360m_h668,20,0360,6,near_overflow,1.0,208,6.5802,0,26,27,698.38292
20yr_0360m_h668,20,0360,1,level,0.5,208,5.8093,0,44,30,107.489548
20yr_0360m_h668,20,0360,2,level,0.5,208,5.359,0,52,24,217.364718
20yr_0360m_h668,20,0360,3,level,0.5,208,5.5864,0,38,25,330.085394
20yr_0360m_h668,20,0360,5,level,0.5,208,6.2925,0,22,26,576.28654
20yr_0360m_h668,20,0360,6,level,0.5,208,6.5802,0,18,27,702.288502
20yr_0360m_h620,20,0360,1,level,1.0,208,5.5439,0,52,14,106.239662
20yr_0360m_h620,20,0360,2,level,1.0,208,5.3698,0,50,11,217.667781
20yr_0360m_h620,20,0360,3,level,1.0,208,5.6183,0,30,11,330.283058
20yr_0360m_h620,20,0360,5,level,1.0,208,6.3804,0,31,14,570.268652
20yr_0360m_h620,20,0360,6,level,1.0,208,6.6187,0,28,14,703.120292
20yr_0360m_h668,20,0360,1,near_overflow,5.0,208,6.3005,0,24,36,109.830161
20yr_0360m_h668,20,0360,2,near_overflow,5.0,208,5.4596,0,30,26,220.499996
20yr_0360m_h668,20,0360,3,near_overflow,5.0,208,5.5864,0,38,25,330.270532
20yr_0360m_h668,20,0360,5,near_overflow,5.0,208,6.2925,0,26,26,572.587661
20yr_0360m_h668,20,0360,6,near_overflow,5.0,208,6.5802,0,26,27,698.38292
20yr_0360m_h620,20,0360,1,level,2.0,208,5.0652,0,90,10,105.003882
20yr_0360m_h620,20,0360,2,level,2.0,208,5.3768,0,52,11,216.154905
20yr_0360m_h620,20,0360,3,level,2.0,208,5.6183,0,40,11,329.293289
20yr_0360m_h620,20,0360,5,level,2.0,208,6.3804,0,31,14,571.881536
20yr_0360m_h620,20,0360,6,level,2.0,208,6.5814,0,29,16,699.39014
20yr_0360m_h620,20,0360,1,level,5.0,208,4.9778,0,54,10,101.014286
20yr_0360m_h620,20,0360,2,level,5.0,208,5.2486,0,76,11,210.947703
20yr_0360m_h620,20,0360,3,level,5.0,208,5.5347,0,62,11,327.364426
20yr_0360m_h620,20,0360,5,level,5.0,208,6.3772,0,42,19,574.059849
20yr_0360m_h620,20,0360,6,level,5.0,208,6.6126,0,35,16,699.0505
20yr_0360m_h620,20,0360,1,near_overflow,2.0,208,6.3242,0,18,19,110.886517
20yr_0360m_h620,20,0360,2,near_overflow,2.0,208,5.4276,0,33,13,219.656062
20yr_0360m_h620,20,0360,3,near_overflow,2.0,208,5.6183,0,30,11,330.603958
20yr_0360m_h620,20,0360,5,near_overflow,2.0,208,6.3804,0,26,12,569.148047
20yr_0360m_h620,20,0360,6,near_overflow,2.0,208,6.6451,0,18,12,706.286349
20yr_0360m_h668,20,0360,1,near_overflow,2.0,208,6.3005,0,24,36,109.830161
20yr_0360m_h668,20,0360,2,near_overflow,2.0,208,5.4596,0,30,26,220.499996
20yr_0360m_h668,20,0360,3,near_overflow,2.0,208,5.5864,0,38,25,330.270532
20yr_0360m_h668,20,0360,5,near_overflow,2.0,208,6.2925,0,26,26,572.587661
20yr_0360m_h668,20,0360,6,near_overflow,2.0,208,6.5802,0,26,27,698.38292
20yr_0540m_h751,20,0540,1,level,0.5,298,5.8251,0,60,19,150.75475
20yr_0540m_h751,20,0540,2,level,0.5,298,5.1022,0,92,14,305.501192
20yr_0540m_h751,20,0540,3,level,0.5,298,5.2682,0,66,15,461.747355
20yr_0540m_h751,20,0540,5,level,0.5,298,5.9485,0,52,15,788.664759
20yr_0540m_h751,20,0540,6,level,0.5,298,6.1257,0,45,19,961.681601
20yr_0360m_h620,20,0360,1,level,0.5,208,5.8108,0,39,15,107.224988
20yr_0360m_h620,20,0360,2,level,0.5,208,5.3698,0,50,11,217.667781
20yr_0360m_h620,20,0360,3,level,0.5,208,5.6183,0,30,11,330.294458
20yr_0360m_h620,20,0360,5,level,0.5,208,6.3804,0,23,14,573.025517
20yr_0360m_h620,20,0360,6,level,0.5,208,6.7027,0,26,14,709.558856
20yr_0540m_h751,20,0540,1,level,1.0,298,5.5065,0,81,17,149.326917
20yr_0540m_h751,20,0540,2,level,1.0,298,5.1022,0,92,14,305.501192
20yr_0540m_h751,20,0540,3,level,1.0,298,5.323,0,66,15,462.946978
20yr_0540m_h751,20,0540,5,level,1.0,298,5.9485,0,54,15,790.190261
20yr_0540m_h751,20,0540,6,level,1.0,298,6.1228,0,47,19,963.801852
20yr_0540m_h751,20,0540,1,level,2.0,298,4.9196,0,138,13,146.029932
20yr_0540m_h751,20,0540,2,level,2.0,298,5.291,0,88,14,302.437108
20yr_0540m_h751,20,0540,3,level,2.0,298,5.323,0,83,15,461.559547
20yr_0540m_h751,20,0540,5,level,2.0,298,5.9485,0,66,15,796.523139
20yr_0540m_h751,20,0540,6,level,2.0,298,6.2287,0,54,19,968.936991
20yr_0360m_h620,20,0360,1,near_overflow,0.5,208,6.3242,0,18,19,110.886517
20yr_0360m_h620,20,0360,2,near_overflow,0.5,208,5.4276,0,33,13,219.656062
20yr_0360m_h620,20,0360,3,near_overflow,0.5,208,5.6183,0,30,11,330.603958
20yr_0360m_h620,20,0360,5,near_overflow,0.5,208,6.3804,0,26,12,569.148047
20yr_0360m_h620,20,0360,6,near_overflow,0.5,208,6.6451,0,18,12,706.286349
20yr_0360m_h620,20,0360,1,near_overflow,1.0,208,6.3242,0,18,19,110.886517
20yr_0360m_h620,20,0360,2,near_overflow,1.0,208,5.4276,0,33,13,219.656062
20yr_0360m_h620,20,0360,3,near_overflow,1.0,208,5.6183,0,30,11,330.603958
20yr_0360m_h620,20,0360,5,near_overflow,1.0,208,6.3804,0,26,12,569.148047
20yr_0360m_h620,20,0360,6,near_overflow,1.0,208,6.6451,0,18,12,706.286349
20yr_0360m_h620,20,0360,1,near_overflow,5.0,208,6.3242,0,18,19,110.886517
20yr_0360m_h620,20,0360,2,near_overflow,5.0,208,5.4276,0,33,13,219.656062
20yr_0360m_h620,20,0360,3,near_overflow,5.0,208,5.6183,0,30,11,330.603958
20yr_0360m_h620,20,0360,5,near_overflow,5.0,208,6.3804,0,26,12,569.148047
20yr_0360m_h620,20,0360,6,near_overflow,5.0,208,6.6451,0,18,12,706.286349
20yr_0540m_h751,20,0540,1,level,5.0,298,4.9182,0,60,13,136.718998
20yr_0540m_h751,20,0540,2,level,5.0,298,5.291,0,107,14,298.568991
20yr_0540m_h751,20,0540,3,level,5.0,298,5.3613,0,93,14,457.985983
20yr_0540m_h751,20,0540,5,level,5.0,298,5.9836,0,74,15,794.570072
20yr_0540m_h751,20,0540,6,level,5.0,298,6.4474,0,76,15,977.828366
20yr_0540m_h751,20,0540,1,near_overflow,0.5,298,6.3347,0,40,24,154.7697
20yr_0540m_h751,20,0540,2,near_overflow,0.5,298,5.5297,0,42,16,311.734055
20yr_0540m_h751,20,0540,3,near_overflow,0.5,298,5.2682,0,60,15,463.282938
20yr_0540m_h751,20,0540,5,near_overflow,0.5,298,6.0497,0,40,15,789.217528
20yr_0540m_h751,20,0540,6,near_overflow,0.5,298,6.5209,0,36,16,970.516627
20yr_0540m_h751,20,0540,1,near_overflow,2.0,298,6.3347,0,40,24,154.7697
20yr_0540m_h751,20,0540,2,near_overflow,2.0,298,5.5297,0,42,16,311.734055
20yr_0540m_h751,20,0540,3,near_overflow,2.0,298,5.2682,0,60,15,463.282938
20yr_0540m_h751,20,0540,5,near_overflow,2.0,298,6.0497,0,40,15,789.217528
20yr_0540m_h751,20,0540,6,near_overflow,2.0,298,6.5209,0,36,16,970.516627
20yr_0540m_h775,20,0540,1,level,0.5,298,5.8236,0,61,38,151.055804
20yr_0540m_h775,20,0540,2,level,0.5,298,5.1107,0,78,31,307.502881
20yr_0540m_h775,20,0540,3,level,0.5,298,5.2879,0,54,33,464.183592
20yr_0540m_h775,20,0540,5,level,0.5,298,6.3462,0,42,35,808.867928
20yr_0540m_h775,20,0540,6,level,0.5,298,6.9006,0,34,36,1000.038885
20yr_0540m_h775,20,0540,1,level,1.0,298,5.5448,0,71,36,150.390331
20yr_0540m_h775,20,0540,2,level,1.0,298,5.1107,0,78,31,307.502881
20yr_0540m_h775,20,0540,3,level,1.0,298,5.2879,0,58,33,464.244714
20yr_0540m_h775,20,0540,5,level,1.0,298,6.3462,0,40,35,810.753808
20yr_0540m_h775,20,0540,6,level,1.0,298,6.5515,0,43,36,989.241267
20yr_0540m_h775,20,0540,1,near_overflow,5.0,298,6.2702,0,22,47,156.40001
20yr_0540m_h775,20,0540,2,near_overflow,5.0,298,5.46,0,38,34,312.850744
20yr_0540m_h775,20,0540,3,near_overflow,5.0,298,5.2879,0,54,33,464.567952
20yr_0540m_h775,20,0540,5,near_overflow,5.0,298,6.3462,0,32,35,807.340222
20yr_0540m_h775,20,0540,6,near_overflow,5.0,298,6.5515,0,32,36,979.063865
20yr_0540m_h775,20,0540,1,near_overflow,1.0,298,6.2702,0,22,47,156.40001
20yr_0540m_h775,20,0540,2,near_overflow,1.0,298,5.46,0,38,34,312.850744
20yr_0540m_h775,20,0540,3,near_overflow,1.0,298,5.2879,0,54,33,464.567952
20yr_0540m_h775,20,0540,5,near_overflow,1.0,298,6.3462,0,32,35,807.340222
20yr_0540m_h775,20,0540,6,near_overflow,1.0,298,6.5515,0,32,36,979.063865
20yr_0540m_h775,20,0540,1,near_overflow,2.0,298,6.2702,0,22,47,156.40001
20yr_0540m_h775,20,0540,2,near_overflow,2.0,298,5.46,0,38,34,312.850744
20yr_0540m_h775,20,0540,3,near_overflow,2.0,298,5.2879,0,54,33,464.567952
20yr_0540m_h775,20,0540,5,near_overflow,2.0,298,6.3462,0,32,35,807.340222
20yr_0540m_h775,20,0540,6,near_overflow,2.0,298,6.5515,0,32,36,979.063865
20yr_0540m_h751,20,0540,1,near_overflow,1.0,298,6.3347,0,40,24,154.7697
20yr_0540m_h751,20,0540,2,near_overflow,1.0,298,5.5297,0,42,16,311.734055
20yr_0540m_h751,20,0540,3,near_overflow,1.0,298,5.2682,0,60,15,463.282938
20yr_0540m_h751,20,0540,5,near_overflow,1.0,298,6.0497,0,40,15,789.217528
20yr_0540m_h751,20,0540,6,near_overflow,1.0,298,6.5209,0,36,16,970.516627
20yr_0540m_h751,20,0540,1,near_overflow,5.0,298,6.3347,0,40,24,154.7697
20yr_0540m_h751,20,0540,2,near_overflow,5.0,298,5.5297,0,42,16,311.734055
20yr_0540m_h751,20,0540,3,near_overflow,5.0,298,5.2682,0,60,15,463.282938
20yr_0540m_h751,20,0540,5,near_overflow,5.0,298,6.0497,0,40,15,789.217528
20yr_0540m_h751,20,0540,6,near_overflow,5.0,298,6.5209,0,36,16,970.516627
20yr_0540m_h860,20,0540,1,level,0.5,298,5.824,0,65,50,151.362153
20yr_0540m_h860,20,0540,2,level,0.5,298,5.3528,0,74,39,308.070741
20yr_0540m_h860,20,0540,3,level,0.5,298,5.6493,0,52,42,466.810793
20yr_0540m_h860,20,0540,5,level,0.5,298,6.3414,0,40,47,802.100159
20yr_0540m_h860,20,0540,6,level,0.5,298,6.5692,0,37,49,972.872081
20yr_0540m_h775,20,0540,1,level,2.0,298,5.0624,0,140,28,147.816053
20yr_0540m_h775,20,0540,2,level,2.0,298,5.1107,0,78,31,304.611529
20yr_0540m_h775,20,0540,3,level,2.0,298,5.3102,0,67,33,463.814572
20yr_0540m_h775,20,0540,5,level,2.0,298,5.9926,0,51,35,803.197991
20yr_0540m_h775,20,0540,6,level,2.0,298,6.1852,0,53,36,968.874971
20yr_0540m_h860,20,0540,1,level,5.0,298,4.9685,0,62,34,139.092785
20yr_0540m_h860,20,0540,2,level,5.0,298,5.2337,0,92,38,298.352646
20yr_0540m_h860,20,0540,3,level,5.0,298,5.5482,0,80,41,462.805258
20yr_0540m_h860,20,0540,5,level,5.0,298,6.3397,0,59,47,801.308914
20yr_0540m_h860,20,0540,6,level,5.0,298,6.5406,0,64,49,979.599215
20yr_0540m_h860,20,0540,1,level,1.0,298,5.4938,0,59,45,142.850659
20yr_0540m_h860,20,0540,2,level,1.0,298,5.3528,0,74,39,308.070741
20yr_0540m_h860,20,0540,3,level,1.0,298,5.6493,0,54,42,466.725064
20yr_0540m_h860,20,0540,5,level,1.0,298,6.3414,0,42,47,803.289621
20yr_0540m_h860,20,0540,6,level,1.0,298,6.5692,0,43,49,973.769434
20yr_0540m_h775,20,0540,1,level,5.0,298,4.9749,0,50,28,139.37555
20yr_0540m_h775,20,0540,2,level,5.0,298,5.0761,0,96,31,299.719792
20yr_0540m_h775,20,0540,3,level,5.0,298,5.2674,0,90,32,458.131829
20yr_0540m_h775,20,0540,5,level,5.0,298,6.1347,0,67,35,798.529899
20yr_0540m_h775,20,0540,6,level,5.0,298,6.3882,0,61,36,981.521559
20yr_0540m_h775,20,0540,1,near_overflow,0.5,298,6.2702,0,22,47,156.40001
20yr_0540m_h775,20,0540,2,near_overflow,0.5,298,5.46,0,38,34,312.850744
20yr_0540m_h775,20,0540,3,near_overflow,0.5,298,5.2879,0,54,33,464.567952
20yr_0540m_h775,20,0540,5,near_overflow,0.5,298,6.3462,0,32,35,807.340222
20yr_0540m_h775,20,0540,6,near_overflow,0.5,298,6.5515,0,32,36,979.063865
20yr_0540m_h860,20,0540,1,level,2.0,298,5.0462,0,111,34,147.010411
20yr_0540m_h860,20,0540,2,level,2.0,298,5.3528,0,74,39,305.534292
20yr_0540m_h860,20,0540,3,level,2.0,298,5.6493,0,62,42,466.543342
20yr_0540m_h860,20,0540,5,level,2.0,298,6.3414,0,52,47,803.129963
20yr_0540m_h860,20,0540,6,level,2.0,298,6.5692,0,47,49,973.158271
20yr_0540m_h860,20,0540,1,near_overflow,0.5,298,6.3046,0,31,66,154.587165
20yr_0540m_h860,20,0540,2,near_overflow,0.5,298,5.4489,0,34,42,312.451035
20yr_0540m_h860,20,0540,3,near_overflow,0.5,298,5.6493,0,52,42,467.124283
20yr_0540m_h860,20,0540,5,near_overflow,0.5,298,6.3414,0,36,47,801.046648
20yr_0540m_h860,20,0540,6,near_overflow,0.5,298,6.6466,0,36,49,979.820159
20yr_0540m_h860,20,0540,1,near_overflow,5.0,298,6.3046,0,31,66,154.587165
20yr_0540m_h860,20,0540,2,near_overflow,5.0,298,5.4489,0,34,42,312.451035
20yr_0540m_h860,20,0540,3,near_overflow,5.0,298,5.6493,0,52,42,467.124283
20yr_0540m_h860,20,0540,5,near_overflow,5.0,298,6.3414,0,36,47,801.046648
20yr_0540m_h860,20,0540,6,near_overflow,5.0,298,6.6466,0,36,49,979.820159
20yr_0540m_h754,20,0540,1,level,1.0,298,5.5006,0,80,17,149.659102
20yr_0540m_h754,20,0540,2,level,1.0,298,5.1275,0,102,14,304.688928
20yr_0540m_h754,20,0540,3,level,1.0,298,5.7006,0,68,15,463.546487
20yr_0540m_h754,20,0540,5,level,1.0,298,5.9522,0,50,15,791.771884
20yr_0540m_h754,20,0540,6,level,1.0,298,6.1846,0,51,19,965.574869
20yr_0540m_h754,20,0540,1,level,2.0,298,4.9195,0,142,13,145.470361
20yr_0540m_h754,20,0540,2,level,2.0,298,5.2934,0,98,14,301.866394
20yr_0540m_h754,20,0540,3,level,2.0,298,5.7006,0,82,15,462.746131
20yr_0540m_h754,20,0540,5,level,2.0,298,5.9875,0,70,15,798.020648
20yr_0540m_h754,20,0540,6,level,2.0,298,6.1673,0,57,19,967.706621
20yr_0540m_h754,20,0540,1,near_overflow,2.0,298,6.3215,0,38,24,154.325837
20yr_0540m_h754,20,0540,2,near_overflow,2.0,298,5.5312,0,42,16,311.668559
20yr_0540m_h754,20,0540,3,near_overflow,2.0,298,5.2804,0,66,15,462.391097
20yr_0540m_h754,20,0540,5,near_overflow,2.0,298,6.0122,0,40,15,789.449176
20yr_0540m_h754,20,0540,6,near_overflow,2.0,298,6.7199,0,34,16,977.301397
20yr_0540m_h754,20,0540,1,near_overflow,1.0,298,6.3215,0,38,24,154.325837
20yr_0540m_h754,20,0540,2,near_overflow,1.0,298,5.5312,0,42,16,311.668559
20yr_0540m_h754,20,0540,3,near_overflow,1.0,298,5.2804,0,66,15,462.391097
20yr_0540m_h754,20,0540,5,near_overflow,1.0,298,6.0122,0,40,15,789.449176
20yr_0540m_h754,20,0540,6,near_overflow,1.0,298,6.7199,0,34,16,977.301397
20yr_0540m_h860,20,0540,1,near_overflow,1.0,298,6.3046,0,31,66,154.587165
20yr_0540m_h860,20,0540,2,near_overflow,1.0,298,5.4489,0,34,42,312.451035
20yr_0540m_h860,20,0540,3,near_overflow,1.0,298,5.6493,0,52,42,467.124283
20yr_0540m_h860,20,0540,5,near_overflow,1.0,298,6.3414,0,36,47,801.046648
20yr_0540m_h860,20,0540,6,near_overflow,1.0,298,6.6466,0,36,49,979.820159
20yr_0540m_h780,20,0540,1,level,1.0,298,5.501,0,71,35,150.689206
20yr_0540m_h780,20,0540,2,level,1.0,298,5.134,0,74,31,307.761275
20yr_0540m_h780,20,0540,3,level,1.0,298,5.302,0,60,33,464.06983
20yr_0540m_h780,20,0540,5,level,1.0,298,5.7129,0,46,35,787.087837
20yr_0540m_h780,20,0540,6,level,1.0,298,6.3642,0,44,36,983.604447
20yr_0540m_h860,20,0540,1,near_overflow,2.0,298,6.3046,0,31,66,154.587165
20yr_0540m_h860,20,0540,2,near_overflow,2.0,298,5.4489,0,34,42,312.451035
20yr_0540m_h860,20,0540,3,near_overflow,2.0,298,5.6493,0,52,42,467.124283
20yr_0540m_h860,20,0540,5,near_overflow,2.0,298,6.3414,0,36,47,801.046648
20yr_0540m_h860,20,0540,6,near_overflow,2.0,298,6.6466,0,36,49,979.820159
20yr_0540m_h780,20,0540,1,level,2.0,298,5.0699,0,138,28,148.370962
20yr_0540m_h780,20,0540,2,level,2.0,298,5.6848,0,80,31,304.817446
20yr_0540m_h780,20,0540,3,level,2.0,298,5.2729,0,66,33,464.187235
20yr_0540m_h780,20,0540,5,level,2.0,298,5.9765,0,52,35,800.289929
20yr_0540m_h780,20,0540,6,level,2.0,298,6.3642,0,52,36,981.505229
20yr_0540m_h754,20,0540,1,level,0.5,298,5.8174,0,65,19,150.06466
20yr_0540m_h754,20,0540,2,level,0.5,298,5.1275,0,102,14,304.688928
20yr_0540m_h754,20,0540,3,level,0.5,298,5.2804,0,72,15,461.134688
20yr_0540m_h754,20,0540,5,level,0.5,298,5.9522,0,44,15,790.494678
20yr_0540m_h754,20,0540,6,level,0.5,298,6.1846,0,37,19,966.089069
20yr_0540m_h754,20,0540,1,near_overflow,5.0,298,6.3215,0,38,24,154.325837
20yr_0540m_h754,20,0540,2,near_overflow,5.0,298,5.5312,0,42,16,311.668559
20yr_0540m_h754,20,0540,3,near_overflow,5.0,298,5.2804,0,66,15,462.391097
20yr_0540m_h754,20,0540,5,near_overflow,5.0,298,6.0122,0,40,15,789.449176
20yr_0540m_h754,20,0540,6,near_overflow,5.0,298,6.7199,0,34,16,977.301397
20yr_0540m_h780,20,0540,1,level,0.5,298,5.7932,0,59,38,151.006276
20yr_0540m_h780,20,0540,2,level,0.5,298,5.134,0,74,31,307.761275
20yr_0540m_h780,20,0540,3,level,0.5,298,5.302,0,58,33,463.434656
20yr_0540m_h780,20,0540,5,level,0.5,298,5.6544,0,44,35,784.941093
20yr_0540m_h780,20,0540,6,level,0.5,298,6.1129,0,36,36,972.004383
20yr_0540m_h780,20,0540,1,level,5.0,298,4.9653,0,48,28,140.152084
20yr_0540m_h780,20,0540,2,level,5.0,298,5.134,0,100,30,299.221857
20yr_0540m_h780,20,0540,3,level,5.0,298,5.2729,0,92,32,459.190028
20yr_0540m_h780,20,0540,5,level,5.0,298,5.8667,0,74,35,788.029376
20yr_0540m_h780,20,0540,6,level,5.0,298,6.136,0,80,35,967.817418
20yr_0540m_h754,20,0540,1,level,5.0,298,4.9194,0,58,13,136.758846
20yr_0540m_h754,20,0540,2,level,5.0,298,5.2934,0,114,14,298.21454
20yr_0540m_h754,20,0540,3,level,5.0,298,5.7006,0,90,14,459.152871
20yr_0540m_h754,20,0540,5,level,5.0,298,5.9403,0,84,15,790.297641
20yr_0540m_h754,20,0540,6,level,5.0,298,6.563,0,78,26,977.094036
20yr_0540m_h754,20,0540,1,near_overflow,0.5,298,6.3215,0,38,24,154.325837
20yr_0540m_h754,20,0540,2,near_overflow,0.5,298,5.5312,0,42,16,311.668559
20yr_0540m_h754,20,0540,3,near_overflow,0.5,298,5.2804,0,66,15,462.391097
20yr_0540m_h754,20,0540,5,near_overflow,0.5,298,6.0122,0,40,15,789.449176
20yr_0540m_h754,20,0540,6,near_overflow,0.5,298,6.7199,0,34,16,977.301397
20yr_0540m_h780,20,0540,1,near_overflow,1.0,298,6.2723,0,22,47,156.56022
20yr_0540m_h780,20,0540,2,near_overflow,1.0,298,5.4715,0,38,34,312.804639
20yr_0540m_h780,20,0540,3,near_overflow,1.0,298,5.302,0,58,33,463.836915
20yr_0540m_h780,20,0540,5,near_overflow,1.0,298,5.9422,0,28,35,796.21921
20yr_0540m_h780,20,0540,6,near_overflow,1.0,298,6.5696,0,32,36,980.408437
20yr_0540m_h780,20,0540,1,near_overflow,5.0,298,6.2723,0,22,47,156.56022
20yr_0540m_h780,20,0540,2,near_overflow,5.0,298,5.4715,0,38,34,312.804639
20yr_0540m_h780,20,0540,3,near_overflow,5.0,298,5.302,0,58,33,463.836915
20yr_0540m_h780,20,0540,5,near_overflow,5.0,298,5.9422,0,28,35,796.21921
20yr_0540m_h780,20,0540,6,near_overflow,5.0,298,6.5696,0,32,36,980.408437
20yr_0720m_h983,20,0720,1,level,2.0,388,4.9178,0,177,39,189.098011
20yr_0720m_h983,20,0720,2,level,2.0,388,5.0984,0,134,46,389.465265
20yr_0720m_h983,20,0720,3,level,2.0,388,5.2546,0,122,50,594.254774
20yr_0720m_h983,20,0720,5,level,2.0,388,6.1022,0,92,57,1021.614518
20yr_0720m_h983,20,0720,6,level,2.0,388,6.2337,0,93,60,1235.28753
20yr_0720m_h983,20,0720,1,level,5.0,388,4.9178,0,62,39,176.069995
20yr_0720m_h983,20,0720,2,level,5.0,388,5.0653,0,156,45,385.35454
20yr_0720m_h983,20,0720,3,level,5.0,388,5.2183,0,136,49,591.129973
20yr_0720m_h983,20,0720,5,level,5.0,388,6.1418,0,115,57,1017.352856
20yr_0720m_h983,20,0720,6,level,5.0,388,6.5179,0,116,59,1244.025485
20yr_0720m_h983,20,0720,1,level,1.0,388,5.5169,0,98,53,192.243235
20yr_0720m_h983,20,0720,2,level,1.0,388,5.0984,0,134,46,393.846497
20yr_0720m_h983,20,0720,3,level,1.0,388,5.2546,0,94,50,596.420546
20yr_0720m_h983,20,0720,5,level,1.0,388,5.942,0,72,57,1016.120074
20yr_0720m_h983,20,0720,6,level,1.0,388,6.0842,0,85,60,1232.827765
20yr_0720m_h983,20,0720,1,near_overflow,2.0,388,6.2767,0,41,81,199.414275
20yr_0720m_h983,20,0720,2,near_overflow,2.0,388,5.5158,0,52,50,402.910256
20yr_0720m_h983,20,0720,3,near_overflow,2.0,388,5.2546,0,86,50,596.987083
20yr_0720m_h983,20,0720,5,near_overflow,2.0,388,5.9538,0,50,57,1014.125874
20yr_0720m_h983,20,0720,6,near_overflow,2.0,388,6.2322,0,53,60,1235.365905
20yr_0540m_h780,20,0540,1,near_overflow,0.5,298,6.2723,0,22,47,156.56022
20yr_0540m_h780,20,0540,2,near_overflow,0.5,298,5.4715,0,38,34,312.804639
20yr_0540m_h780,20,0540,3,near_overflow,0.5,298,5.302,0,58,33,463.836915
20yr_0540m_h780,20,0540,5,near_overflow,0.5,298,5.9422,0,28,35,796.21921
20yr_0540m_h780,20,0540,6,near_overflow,0.5,298,6.5696,0,32,36,980.408437
20yr_0720m_h983,20,0720,1,near_overflow,5.0,388,6.2767,0,41,81,199.414275
20yr_0720m_h983,20,0720,2,near_overflow,5.0,388,5.5158,0,52,50,402.910256
20yr_0720m_h983,20,0720,3,near_overflow,5.0,388,5.2546,0,86,50,596.987083
20yr_0720m_h983,20,0720,5,near_overflow,5.0,388,5.9538,0,50,57,1014.125874
20yr_0720m_h983,20,0720,6,near_overflow,5.0,388,6.2322,0,53,60,1235.365905
20yr_0540m_h780,20,0540,1,near_overflow,2.0,298,6.2723,0,22,47,156.56022
20yr_0540m_h780,20,0540,2,near_overflow,2.0,298,5.4715,0,38,34,312.804639
20yr_0540m_h780,20,0540,3,near_overflow,2.0,298,5.302,0,58,33,463.836915
20yr_0540m_h780,20,0540,5,near_overflow,2.0,298,5.9422,0,28,35,796.21921
20yr_0540m_h780,20,0540,6,near_overflow,2.0,298,6.5696,0,32,36,980.408437
20yr_0720m_h928,20,0720,1,level,0.5,388,5.7922,0,71,47,194.288474
20yr_0720m_h928,20,0720,2,level,0.5,388,5.0923,0,116,38,395.263051
20yr_0720m_h928,20,0720,3,level,0.5,388,5.3016,0,80,40,597.732075
20yr_0720m_h928,20,0720,5,level,0.5,388,5.7,0,68,44,1010.888018
20yr_0720m_h928,20,0720,6,level,0.5,388,6.4306,0,50,45,1244.969524
20yr_0720m_h983,20,0720,1,level,0.5,388,5.8191,0,82,60,194.05862
20yr_0720m_h983,20,0720,2,level,0.5,388,5.0984,0,134,46,393.846497
20yr_0720m_h983,20,0720,3,level,0.5,388,5.2546,0,90,50,595.815905
20yr_0720m_h983,20,0720,5,level,0.5,388,5.942,0,72,57,1014.257985
20yr_0720m_h983,20,0720,6,level,0.5,388,6.0842,0,62,60,1229.732099
20yr_0720m_h928,20,0720,1,level,2.0,388,4.9184,0,192,35,189.5308
20yr_0720m_h928,20,0720,2,level,2.0,388,5.0923,0,116,38,390.442583
20yr_0720m_h928,20,0720,3,level,2.0,388,5.2976,0,100,40,596.872854
20yr_0720m_h928,20,0720,5,level,2.0,388,5.6678,0,102,44,1012.94987
20yr_0720m_h928,20,0720,6,level,2.0,388,6.4306,0,82,45,1243.433814
20yr_0720m_h928,20,0720,1,level,5.0,388,4.9195,0,111,35,184.41626
20yr_0720m_h928,20,0720,2,level,5.0,388,5.0793,0,140,37,385.439856
20yr_0720m_h928,20,0720,3,level,5.0,388,5.3323,0,122,40,592.166689
20yr_0720m_h928,20,0720,5,level,5.0,388,5.6831,0,118,43,1009.619356
20yr_0720m_h928,20,0720,6,level,5.0,388,6.4306,0,117,45,1244.62655
20yr_0720m_h928,20,0720,1,near_overflow,1.0,388,6.2945,0,39,58,200.223905
20yr_0720m_h928,20,0720,2,near_overflow,1.0,388,5.4919,0,57,41,402.005546
20yr_0720m_h928,20,0720,3,near_overflow,1.0,388,5.3016,0,80,40,598.263004
20yr_0720m_h928,20,0720,5,near_overflow,1.0,388,6.0641,0,40,44,1022.228525
20yr_0720m_h928,20,0720,6,near_overflow,1.0,388,6.4306,0,42,45,1239.994182
20yr_0720m_h983,20,0720,1,near_overflow,1.0,388,6.2767,0,41,81,199.414275
20yr_0720m_h983,20,0720,2,near_overflow,1.0,388,5.5158,0,52,50,402.910256
20yr_0720m_h983,20,0720,3,near_overflow,1.0,388,5.2546,0,86,50,596.987083
20yr_0720m_h983,20,0720,5,near_overflow,1.0,388,5.9538,0,50,57,1014.125874
20yr_0720m_h983,20,0720,6,near_overflow,1.0,388,6.2322,0,53,60,1235.365905
20yr_0720m_h983,20,0720,1,near_overflow,0.5,388,6.2767,0,41,81,199.414275
20yr_0720m_h983,20,0720,2,near_overflow,0.5,388,5.5158,0,52,50,402.910256
20yr_0720m_h983,20,0720,3,near_overflow,0.5,388,5.2546,0,86,50,596.987083
20yr_0720m_h983,20,0720,5,near_overflow,0.5,388,5.9538,0,50,57,1014.125874
20yr_0720m_h983,20,0720,6,near_overflow,0.5,388,6.2322,0,53,60,1235.365905
20yr_0720m_h928,20,0720,1,near_overflow,5.0,388,6.2945,0,39,58,200.223905
20yr_0720m_h928,20,0720,2,near_overflow,5.0,388,5.4919,0,57,41,402.005546
20yr_0720m_h928,20,0720,3,near_overflow,5.0,388,5.3016,0,80,40,598.263004
20yr_0720m_h928,20,0720,5,near_overflow,5.0,388,6.0641,0,40,44,1022.228525
20yr_0720m_h928,20,0720,6,near_overflow,5.0,388,6.4306,0,42,45,1239.994182
20yr_0720m_h904,20,0720,1,level,1.0,388,5.5143,0,84,43,193.908665
20yr_0720m_h904,20,0720,2,level,1.0,388,5.1352,0,120,38,395.118063
20yr_0720m_h904,20,0720,3,level,1.0,388,5.3052,0,84,40,597.566105
20yr_0720m_h904,20,0720,5,level,1.0,388,5.8759,0,68,44,1015.559369
20yr_0720m_h904,20,0720,6,level,1.0,388,6.4443,0,62,45,1249.825007
20yr_0720m_h904,20,0720,1,level,2.0,388,4.9193,0,190,35,190.093919
20yr_0720m_h904,20,0720,2,level,2.0,388,5.1352,0,120,38,389.954659
20yr_0720m_h904,20,0720,3,level,2.0,388,5.2858,0,106,40,595.846544
20yr_0720m_h904,20,0720,5,level,2.0,388,6.1542,0,85,44,1020.808851
20yr_0720m_h904,20,0720,6,level,2.0,388,6.4443,0,84,45,1243.024456
20yr_0720m_h928,20,0720,1,level,1.0,388,5.5052,0,82,43,194.417232
20yr_0720m_h928,20,0720,2,level,1.0,388,5.0923,0,116,38,395.263051
20yr_0720m_h928,20,0720,3,level,1.0,388,5.3016,0,84,40,597.842715
20yr_0720m_h928,20,0720,5,level,1.0,388,5.7,0,76,44,1012.970101
20yr_0720m_h928,20,0720,6,level,1.0,388,6.4306,0,66,45,1245.448217
20yr_0720m_h904,20,0720,1,level,5.0,388,4.9193,0,114,35,183.90308
20yr_0720m_h904,20,0720,2,level,5.0,388,5.0719,0,156,37,383.501675
20yr_0720m_h904,20,0720,3,level,5.0,388,5.6727,0,122,40,591.29769
20yr_0720m_h904,20,0720,5,level,5.0,388,6.1542,0,115,43,1018.743786
20yr_0720m_h904,20,0720,6,level,5.0,388,5.9859,0,118,44,1233.11564
20yr_0720m_h928,20,0720,1,near_overflow,0.5,388,6.2945,0,39,58,200.223905
20yr_0720m_h928,20,0720,2,near_overflow,0.5,388,5.4919,0,57,41,402.005546
20yr_0720m_h928,20,0720,3,near_overflow,0.5,388,5.3016,0,80,40,598.263004
20yr_0720m_h928,20,0720,5,near_overflow,0.5,388,6.0641,0,40,44,1022.228525
20yr_0720m_h928,20,0720,6,near_overflow,0.5,388,6.4306,0,42,45,1239.994182
20yr_0720m_h928,20,0720,1,near_overflow,2.0,388,6.2945,0,39,58,200.223905
20yr_0720m_h928,20,0720,2,near_overflow,2.0,388,5.4919,0,57,41,402.005546
20yr_0720m_h928,20,0720,3,near_overflow,2.0,388,5.3016,0,80,40,598.263004
20yr_0720m_h928,20,0720,5,near_overflow,2.0,388,6.0641,0,40,44,1022.228525
20yr_0720m_h928,20,0720,6,near_overflow,2.0,388,6.4306,0,42,45,1239.994182
20yr_0720m_h945,20,0720,1,level,0.5,388,5.8022,0,69,53,194.49371
20yr_0720m_h945,20,0720,2,level,0.5,388,5.0903,0,118,44,395.191771
20yr_0720m_h945,20,0720,3,level,0.5,388,5.2855,0,87,46,596.310444
20yr_0720m_h945,20,0720,5,level,0.5,388,6.0118,0,68,50,1015.394742
20yr_0720m_h945,20,0720,6,level,0.5,388,6.6391,0,50,51,1247.027324
20yr_0720m_h904,20,0720,1,near_overflow,5.0,388,6.317,0,40,58,200.178065
20yr_0720m_h904,20,0720,2,near_overflow,5.0,388,5.4969,0,56,41,402.1174
20yr_0720m_h904,20,0720,3,near_overflow,5.0,388,5.3159,0,84,40,597.667854
20yr_0720m_h904,20,0720,5,near_overflow,5.0,388,6.1169,0,48,44,1019.934679
20yr_0720m_h904,20,0720,6,near_overflow,5.0,388,6.4136,0,50,45,1238.377466
20yr_0720m_h945,20,0720,1,level,2.0,388,4.9197,0,209,41,190.433375
20yr_0720m_h945,20,0720,2,level,2.0,388,5.0903,0,118,44,390.114122
20yr_0720m_h945,20,0720,3,level,2.0,388,5.2657,0,110,46,594.879984
20yr_0720m_h945,20,0720,5,level,2.0,388,5.8703,0,98,50,1016.948234
20yr_0720m_h945,20,0720,6,level,2.0,388,6.2968,0,82,51,1241.307769
20yr_0720m_h904,20,0720,1,near_overflow,2.0,388,6.317,0,40,58,200.178065
20yr_0720m_h904,20,0720,2,near_overflow,2.0,388,5.4969,0,56,41,402.1174
20yr_0720m_h904,20,0720,3,near_overflow,2.0,388,5.3159,0,84,40,597.667854
20yr_0720m_h904,20,0720,5,near_overflow,2.0,388,6.1169,0,48,44,1019.934679
20yr_0720m_h904,20,0720,6,near_overflow,2.0,388,6.4136,0,50,45,1238.377466
20yr_0720m_h904,20,0720,1,level,0.5,388,5.8065,0,73,46,194.792246
20yr_0720m_h904,20,0720,2,level,0.5,388,5.1352,0,120,38,395.118063
20yr_0720m_h904,20,0720,3,level,0.5,388,5.3159,0,84,40,597.164644
20yr_0720m_h904,20,0720,5,level,0.5,388,6.013,0,50,44,1016.711422
20yr_0720m_h904,20,0720,6,level,0.5,388,6.4443,0,50,45,1250.066868
20yr_0720m_h945,20,0720,1,level,1.0,388,5.5837,0,90,49,193.397858
20yr_0720m_h945,20,0720,2,level,1.0,388,5.0903,0,118,44,395.191771
20yr_0720m_h945,20,0720,3,level,1.0,388,5.2855,0,89,46,596.972003
20yr_0720m_h945,20,0720,5,level,1.0,388,5.8703,0,72,50,1016.428121
20yr_0720m_h945,20,0720,6,level,1.0,388,6.2968,0,70,51,1245.829699
20yr_0720m_h904,20,0720,1,near_overflow,0.5,388,6.317,0,40,58,200.178065
20yr_0720m_h904,20,0720,2,near_overflow,0.5,388,5.4969,0,56,41,402.1174
20yr_0720m_h904,20,0720,3,near_overflow,0.5,388,5.3159,0,84,40,597.667854
20yr_0720m_h904,20,0720,5,near_overflow,0.5,388,6.1169,0,48,44,1019.934679
20yr_0720m_h904,20,0720,6,near_overflow,0.5,388,6.4136,0,50,45,1238.377466
20yr_0720m_h904,20,0720,1,near_overflow,1.0,388,6.317,0,40,58,200.178065
20yr_0720m_h904,20,0720,2,near_overflow,1.0,388,5.4969,0,56,41,402.1174
20yr_0720m_h904,20,0720,3,near_overflow,1.0,388,5.3159,0,84,40,597.667854
20yr_0720m_h904,20,0720,5,near_overflow,1.0,388,6.1169,0,48,44,1019.934679
20yr_0720m_h904,20,0720,6,near_overflow,1.0,388,6.4136,0,50,45,1238.377466
20yr_0720m_h945,20,0720,1,near_overflow,1.0,388,6.3091,0,35,69,200.815174
20yr_0720m_h945,20,0720,2,near_overflow,1.0,388,5.4989,0,56,47,401.878254
20yr_0720m_h945,20,0720,3,near_overflow,1.0,388,5.2855,0,87,46,596.797846
20yr_0720m_h945,20,0720,5,near_overflow,1.0,388,6.0329,0,48,50,1016.050966
20yr_0720m_h945,20,0720,6,near_overflow,1.0,388,6.4251,0,46,51,1247.400591
20yr_0720m_h945,20,0720,1,near_overflow,2.0,388,6.3091,0,35,69,200.815174
20yr_0720m_h945,20,0720,2,near_overflow,2.0,388,5.4989,0,56,47,401.878254
20yr_0720m_h945,20,0720,3,near_overflow,2.0,388,5.2855,0,87,46,596.797846
20yr_0720m_h945,20,0720,5,near_overflow,2.0,388,6.0329,0,48,50,1016.050966
20yr_0720m_h945,20,0720,6,near_overflow,2.0,388,6.4251,0,46,51,1247.400591
20yr_0720m_h945,20,0720,1,near_overflow,5.0,388,6.3091,0,35,69,200.815174
20yr_0720m_h945,20,0720,2,near_overflow,5.0,388,5.4989,0,56,47,401.878254
20yr_0720m_h945,20,0720,3,near_overflow,5.0,388,5.2855,0,87,46,596.797846
20yr_0720m_h945,20,0720,5,near_overflow,5.0,388,6.0329,0,48,50,1016.050966
20yr_0720m_h945,20,0720,6,near_overflow,5.0,388,6.4251,0,46,51,1247.400591
20yr_0720m_h973,20,0720,1,level,0.5,388,5.8331,0,80,60,194.485178
20yr_0720m_h973,20,0720,2,level,0.5,388,5.0944,0,132,46,393.94182
20yr_0720m_h973,20,0720,3,level,0.5,388,5.294,0,92,50,595.667247
20yr_0720m_h973,20,0720,5,level,0.5,388,5.9436,0,74,57,1013.462826
20yr_0720m_h973,20,0720,6,level,0.5,388,6.3003,0,64,60,1236.772618
20yr_0720m_h973,20,0720,1,level,2.0,388,4.9182,0,180,40,190.059727
20yr_0720m_h973,20,0720,2,level,2.0,388,5.0944,0,132,46,389.68771
20yr_0720m_h973,20,0720,3,level,2.0,388,5.294,0,122,50,595.105002
20yr_0720m_h973,20,0720,5,level,2.0,388,6.5131,0,101,57,1028.191634
20yr_0720m_h973,20,0720,6,level,2.0,388,6.6388,0,100,60,1249.412914
20yr_0720m_h973,20,0720,1,near_overflow,1.0,388,6.2975,0,46,81,199.786181
20yr_0720m_h973,20,0720,2,near_overflow,1.0,388,5.4935,0,56,50,402.315982
20yr_0720m_h973,20,0720,3,near_overflow,1.0,388,5.294,0,86,50,597.245405
20yr_0720m_h973,20,0720,5,near_overflow,1.0,388,5.9576,0,54,57,1013.695645
20yr_0720m_h973,20,0720,6,near_overflow,1.0,388,6.6388,0,54,60,1246.536497
20yr_0720m_h945,20,0720,1,level,5.0,388,4.9197,0,116,41,182.711043
20yr_0720m_h945,20,0720,2,level,5.0,388,5.0886,0,162,43,382.737028
20yr_0720m_h945,20,0720,3,level,5.0,388,5.219,0,142,46,589.753145
20yr_0720m_h945,20,0720,5,level,5.0,388,5.871,0,120,49,1013.459747
20yr_0720m_h945,20,0720,6,level,5.0,388,6.2968,0,120,51,1242.392217
20yr_0720m_h973,20,0720,1,near_overflow,2.0,388,6.2975,0,46,81,199.786181
20yr_0720m_h973,20,0720,2,near_overflow,2.0,388,5.4935,0,56,50,402.315982
20yr_0720m_h973,20,0720,3,near_overflow,2.0,388,5.294,0,86,50,597.245405
20yr_0720m_h973,20,0720,5,near_overflow,2.0,388,5.9576,0,54,57,1013.695645
20yr_0720m_h973,20,0720,6,near_overflow,2.0,388,6.6388,0,54,60,1246.536497
20yr_0720m_h945,20,0720,1,near_overflow,0.5,388,6.3091,0,35,69,200.815174
20yr_0720m_h945,20,0720,2,near_overflow,0.5,388,5.4989,0,56,47,401.878254
20yr_0720m_h945,20,0720,3,near_overflow,0.5,388,5.2855,0,87,46,596.797846
20yr_0720m_h945,20,0720,5,near_overflow,0.5,388,6.0329,0,48,50,1016.050966
20yr_0720m_h945,20,0720,6,near_overflow,0.5,388,6.4251,0,46,51,1247.400591
20yr_0720m_h973,20,0720,1,near_overflow,5.0,388,6.2975,0,46,81,199.786181
20yr_0720m_h973,20,0720,2,near_overflow,5.0,388,5.4935,0,56,50,402.315982
20yr_0720m_h973,20,0720,3,near_overflow,5.0,388,5.294,0,86,50,597.245405
20yr_0720m_h973,20,0720,5,near_overflow,5.0,388,5.9576,0,54,57,1013.695645
20yr_0720m_h973,20,0720,6,near_overflow,5.0,388,6.6388,0,54,60,1246.536497
20yr_1080m_h1084,20,1080,1,level,0.5,568,5.8136,0,107,71,280.449206
20yr_1080m_h1084,20,1080,2,level,0.5,568,5.1126,0,178,59,570.987714
20yr_1080m_h1084,20,1080,3,level,0.5,568,5.2778,0,132,63,861.660273
20yr_1080m_h1084,20,1080,5,level,0.5,568,5.6864,0,96,68,1457.310313
20yr_1080m_h1084,20,1080,6,level,0.5,568,6.4948,0,78,70,1776.338344
20yr_0720m_h973,20,0720,1,level,1.0,388,5.5553,0,106,53,191.66655
20yr_0720m_h973,20,0720,2,level,1.0,388,5.0944,0,132,46,393.94182
20yr_0720m_h973,20,0720,3,level,1.0,388,5.268,0,100,50,596.322085
20yr_0720m_h973,20,0720,5,level,1.0,388,5.9436,0,72,57,1016.161332
20yr_0720m_h973,20,0720,6,level,1.0,388,6.3196,0,87,60,1241.745753
20yr_0720m_h973,20,0720,1,level,5.0,388,4.9182,0,64,40,176.104057
20yr_0720m_h973,20,0720,2,level,5.0,388,5.0615,0,154,45,383.661007
20yr_0720m_h973,20,0720,3,level,5.0,388,5.268,0,143,50,590.864299
20yr_0720m_h973,20,0720,5,level,5.0,388,5.9436,0,110,57,1017.201528
20yr_0720m_h973,20,0720,6,level,5.0,388,6.1737,0,116,60,1236.689269
20yr_1080m_h1084,20,1080,1,level,2.0,568,4.9197,0,284,55,275.227078
20yr_1080m_h1084,20,1080,2,level,2.0,568,5.1126,0,178,59,565.044676
20yr_1080m_h1084,20,1080,3,level,2.0,568,5.2943,0,154,63,861.388758
20yr_1080m_h1084,20,1080,5,level,2.0,568,5.7383,0,151,68,1464.087152
20yr_1080m_h1084,20,1080,6,level,2.0,568,6.2325,0,111,70,1778.095396
20yr_0720m_h973,20,0720,1,near_overflow,0.5,388,6.2975,0,46,81,199.786181
20yr_0720m_h973,20,0720,2,near_overflow,0.5,388,5.4935,0,56,50,402.315982
20yr_0720m_h973,20,0720,3,near_overflow,0.5,388,5.294,0,86,50,597.245405
20yr_0720m_h973,20,0720,5,near_overflow,0.5,388,5.9576,0,54,57,1013.695645
20yr_0720m_h973,20,0720,6,near_overflow,0.5,388,6.6388,0,54,60,1246.536497
20yr_1080m_h1084,20,1080,1,near_overflow,0.5,568,6.3007,0,63,91,289.343669
20yr_1080m_h1084,20,1080,2,near_overflow,0.5,568,5.4272,0,81,63,580.923228
20yr_1080m_h1084,20,1080,3,near_overflow,0.5,568,5.2778,0,132,63,862.273746
20yr_1080m_h1084,20,1080,5,near_overflow,0.5,568,5.6964,0,86,68,1456.075036
20yr_1080m_h1084,20,1080,6,near_overflow,0.5,568,6.3874,0,61,70,1781.490645
20yr_1080m_h1084,20,1080,1,level,1.0,568,5.5201,0,131,66,275.630493
20yr_1080m_h1084,20,1080,2,level,1.0,568,5.1126,0,178,59,570.987714
20yr_1080m_h1084,20,1080,3,level,1.0,568,5.2778,0,132,63,861.660273
20yr_1080m_h1084,20,1080,5,level,1.0,568,5.7383,0,124,68,1462.106552
20yr_1080m_h1084,20,1080,6,level,1.0,568,6.4948,0,102,70,1778.988665
20yr_1080m_h1084,20,1080,1,near_overflow,5.0,568,6.3007,0,63,91,289.343669
20yr_1080m_h1084,20,1080,2,near_overflow,5.0,568,5.4272,0,81,63,580.923228
20yr_1080m_h1084,20,1080,3,near_overflow,5.0,568,5.2778,0,132,63,862.273746
20yr_1080m_h1084,20,1080,5,near_overflow,5.0,568,5.6964,0,86,68,1456.075036
20yr_1080m_h1084,20,1080,6,near_overflow,5.0,568,6.3874,0,61,70,1781.490645
20yr_1080m_h1084,20,1080,1,near_overflow,1.0,568,6.3007,0,63,91,289.343669
20yr_1080m_h1084,20,1080,2,near_overflow,1.0,568,5.4272,0,81,63,580.923228
20yr_1080m_h1084,20,1080,3,near_overflow,1.0,568,5.2778,0,132,63,862.273746
20yr_1080m_h1084,20,1080,5,near_overflow,1.0,568,5.6964,0,86,68,1456.075036
20yr_1080m_h1084,20,1080,6,near_overflow,1.0,568,6.3874,0,61,70,1781.490645
20yr_1080m_h1107,20,1080,1,level,2.0,568,4.9196,0,280,49,272.272308
20yr_1080m_h1107,20,1080,2,level,2.0,568,5.1073,0,172,58,565.229155
20yr_1080m_h1107,20,1080,3,level,2.0,568,5.2969,0,164,65,861.82855
20yr_1080m_h1107,20,1080,5,level,2.0,568,6.1474,0,152,76,1479.066241
20yr_1080m_h1107,20,1080,6,level,2.0,568,6.5651,0,142,80,1803.816352
20yr_1080m_h1107,20,1080,1,near_overflow,0.5,568,6.2898,0,54,108,289.307407
20yr_1080m_h1107,20,1080,2,near_overflow,0.5,568,5.3931,0,82,63,581.33763
20yr_1080m_h1107,20,1080,3,near_overflow,0.5,568,5.3188,0,120,65,863.948581
20yr_1080m_h1107,20,1080,5,near_overflow,0.5,568,5.6553,0,84,76,1454.370146
20yr_1080m_h1107,20,1080,6,near_overflow,0.5,568,6.9061,0,77,80,1799.482906
20yr_1080m_h1084,20,1080,1,near_overflow,2.0,568,6.3007,0,63,91,289.343669
20yr_1080m_h1084,20,1080,2,near_overflow,2.0,568,5.4272,0,81,63,580.923228
20yr_1080m_h1084,20,1080,3,near_overflow,2.0,568,5.2778,0,132,63,862.273746
20yr_1080m_h1084,20,1080,5,near_overflow,2.0,568,5.6964,0,86,68,1456.075036
20yr_1080m_h1084,20,1080,6,near_overflow,2.0,568,6.3874,0,61,70,1781.490645
20yr_1080m_h1107,20,1080,1,near_overflow,2.0,568,6.2898,0,54,108,289.307407
20yr_1080m_h1107,20,1080,2,near_overflow,2.0,568,5.3931,0,82,63,581.33763
20yr_1080m_h1107,20,1080,3,near_overflow,2.0,568,5.3188,0,120,65,863.948581
20yr_1080m_h1107,20,1080,5,near_overflow,2.0,568,5.6553,0,84,76,1454.370146
20yr_1080m_h1107,20,1080,6,near_overflow,2.0,568,6.9061,0,77,80,1799.482906
20yr_1080m_h1084,20,1080,1,level,5.0,568,4.9197,0,152,55,260.922926
20yr_1080m_h1084,20,1080,2,level,5.0,568,5.0801,0,221,59,556.402618
20yr_1080m_h1084,20,1080,3,level,5.0,568,5.2983,0,199,62,854.575665
20yr_1080m_h1084,20,1080,5,level,5.0,568,5.7383,0,182,67,1457.109172
20yr_1080m_h1084,20,1080,6,level,5.0,568,6.4948,0,149,70,1774.454591
20yr_1080m_h1107,20,1080,1,near_overflow,5.0,568,6.2898,0,54,108,289.307407
20yr_1080m_h1107,20,1080,2,near_overflow,5.0,568,5.3931,0,82,63,581.33763
20yr_1080m_h1107,20,1080,3,near_overflow,5.0,568,5.3188,0,120,65,863.948581
20yr_1080m_h1107,20,1080,5,near_overflow,5.0,568,5.6553,0,84,76,1454.370146
20yr_1080m_h1107,20,1080,6,near_overflow,5.0,568,6.9061,0,77,80,1799.482906
20yr_1080m_h1107,20,1080,1,near_overflow,1.0,568,6.2898,0,54,108,289.307407
20yr_1080m_h1107,20,1080,2,near_overflow,1.0,568,5.3931,0,82,63,581.33763
20yr_1080m_h1107,20,1080,3,near_overflow,1.0,568,5.3188,0,120,65,863.948581
20yr_1080m_h1107,20,1080,5,near_overflow,1.0,568,5.6553,0,84,76,1454.370146
20yr_1080m_h1107,20,1080,6,near_overflow,1.0,568,6.9061,0,77,80,1799.482906
20yr_1080m_h1037,20,1080,1,level,0.5,568,5.7984,0,98,62,281.558903
20yr_1080m_h1037,20,1080,2,level,0.5,568,5.1171,0,188,50,570.490243
20yr_1080m_h1037,20,1080,3,level,0.5,568,5.2977,0,130,54,862.565436
20yr_1080m_h1037,20,1080,5,level,0.5,568,5.6133,0,98,59,1459.896982
20yr_1080m_h1037,20,1080,6,level,0.5,568,6.4178,0,82,61,1775.471369
20yr_1080m_h1107,20,1080,1,level,0.5,568,5.8339,0,103,78,280.261478
20yr_1080m_h1107,20,1080,2,level,0.5,568,5.1073,0,172,58,571.583984
20yr_1080m_h1107,20,1080,3,level,0.5,568,5.3188,0,120,65,863.402689
20yr_1080m_h1107,20,1080,5,level,0.5,568,5.6749,0,97,76,1457.285845
20yr_1080m_h1107,20,1080,6,level,0.5,568,6.6274,0,88,80,1771.863973
20yr_1080m_h1037,20,1080,1,level,1.0,568,5.5122,0,136,57,277.829632
20yr_1080m_h1037,20,1080,2,level,1.0,568,5.1171,0,188,50,570.490243
20yr_1080m_h1037,20,1080,3,level,1.0,568,5.2977,0,130,54,862.565436
20yr_1080m_h1037,20,1080,5,level,1.0,568,5.6133,0,118,59,1462.483171
20yr_1080m_h1037,20,1080,6,level,1.0,568,6.4178,0,110,61,1778.799085
20yr_1080m_h1107,20,1080,1,level,1.0,568,5.5241,0,128,68,280.180929
20yr_1080m_h1107,20,1080,2,level,1.0,568,5.1073,0,172,58,571.583984
20yr_1080m_h1107,20,1080,3,level,1.0,568,5.3188,0,120,65,863.402689
20yr_1080m_h1107,20,1080,5,level,1.0,568,5.6553,0,116,76,1460.503913
20yr_1080m_h1107,20,1080,6,level,1.0,568,6.5651,0,120,80,1800.741638
30yr_0060m_h214,30,0060,1,level,1.0,58,5.625,0,13,12,31.217552
30yr_0060m_h214,30,0060,2,level,1.0,58,5.779,0,15,9,63.733178
30yr_0060m_h214,30,0060,3,level,1.0,58,5.8643,0,11,11,96.898545
30yr_0060m_h214,30,0060,5,level,1.0,58,6.1699,0,11,11,167.757395
30yr_0060m_h214,30,0060,6,level,1.0,58,6.3801,0,11,15,204.343191
30yr_0060m_h214,30,0060,1,level,0.5,58,5.8378,0,12,13,31.440474
30yr_0060m_h214,30,0060,2,level,0.5,58,5.779,0,15,9,63.733178
30yr_0060m_h214,30,0060,3,level,0.5,58,5.8643,0,12,10,96.890911
30yr_0060m_h214,30,0060,5,level,0.5,58,6.1983,0,9,10,167.085498
30yr_0060m_h214,30,0060,6,level,0.5,58,6.3801,0,9,15,204.249401
20yr_1080m_h1107,20,1080,1,level,5.0,568,4.9199,0,149,49,260.839925
20yr_1080m_h1107,20,1080,2,level,5.0,568,5.0593,0,234,56,553.014699
20yr_1080m_h1107,20,1080,3,level,5.0,568,5.847,0,204,63,855.213809
20yr_1080m_h1107,20,1080,5,level,5.0,568,6.1474,0,184,75,1473.452347
20yr_1080m_h1107,20,1080,6,level,5.0,568,6.5651,0,174,79,1797.481513
30yr_0060m_h214,30,0060,1,level,5.0,58,5.405,0,15,9,29.962836
30yr_0060m_h214,30,0060,2,level,5.0,58,5.625,0,16,9,62.617253
30yr_0060m_h214,30,0060,3,level,5.0,58,5.625,0,10,11,95.364133
30yr_0060m_h214,30,0060,5,level,5.0,58,6.1699,0,17,11,167.277317
30yr_0060m_h214,30,0060,6,level,5.0,58,6.3801,0,16,15,203.298601
30yr_0060m_h214,30,0060,1,level,2.0,58,5.405,0,21,9,30.84713
30yr_0060m_h214,30,0060,2,level,2.0,58,5.625,0,14,9,63.102172
30yr_0060m_h214,30,0060,3,level,2.0,58,5.8643,0,11,11,96.993762
30yr_0060m_h214,30,0060,5,level,2.0,58,6.1699,0,12,11,167.666315
30yr_0060m_h214,30,0060,6,level,2.0,58,6.3801,0,11,15,204.265449
30yr_0060m_h214,30,0060,1,near_overflow,2.0,58,6.5854,0,5,16,33.394436
30yr_0060m_h214,30,0060,2,near_overflow,2.0,58,5.8145,0,11,11,64.284161
30yr_0060m_h214,30,0060,3,near_overflow,2.0,58,5.9851,0,10,10,97.798748
30yr_0060m_h214,30,0060,5,near_overflow,2.0,58,6.1983,0,10,10,166.316578
30yr_0060m_h214,30,0060,6,near_overflow,2.0,58,6.4074,0,12,10,203.083693
20yr_1080m_h1037,20,1080,1,level,5.0,568,4.9199,0,160,45,261.976617
20yr_1080m_h1037,20,1080,2,level,5.0,568,5.0789,0,220,49,556.997633
20yr_1080m_h1037,20,1080,3,level,5.0,568,5.2754,0,222,53,852.382381
20yr_1080m_h1037,20,1080,5,level,5.0,568,5.7017,0,196,59,1456.45731
20yr_1080m_h1037,20,1080,6,level,5.0,568,6.386,0,172,61,1773.849099
30yr_0060m_h214,30,0060,1,near_overflow,0.5,58,6.5854,0,5,16,33.394436
30yr_0060m_h214,30,0060,2,near_overflow,0.5,58,5.8145,0,11,11,64.284161
30yr_0060m_h214,30,0060,3,near_overflow,0.5,58,5.9851,0,10,10,97.798748
30yr_0060m_h214,30,0060,5,near_overflow,0.5,58,6.1983,0,10,10,166.316578
30yr_0060m_h214,30,0060,6,near_overflow,0.5,58,6.4074,0,12,10,203.083693
30yr_0060m_h214,30,0060,1,near_overflow,1.0,58,6.5854,0,5,16,33.394436
30yr_0060m_h214,30,0060,2,near_overflow,1.0,58,5.8145,0,11,11,64.284161
30yr_0060m_h214,30,0060,3,near_overflow,1.0,58,5.9851,0,10,10,97.798748
30yr_0060m_h214,30,0060,5,near_overflow,1.0,58,6.1983,0,10,10,166.316578
30yr_0060m_h214,30,0060,6,near_overflow,1.0,58,6.4074,0,12,10,203.083693
30yr_0060m_h214,30,0060,1,near_overflow,5.0,58,6.5854,0,5,16,33.394436
30yr_0060m_h214,30,0060,2,near_overflow,5.0,58,5.8145,0,11,11,64.284161
30yr_0060m_h214,30,0060,3,near_overflow,5.0,58,5.9851,0,10,10,97.798748
30yr_0060m_h214,30,0060,5,near_overflow,5.0,58,6.1983,0,10,10,166.316578
30yr_0060m_h214,30,0060,6,near_overflow,5.0,58,6.4074,0,12,10,203.083693
20yr_1080m_h1037,20,1080,1,near_overflow,1.0,568,6.2908,0,62,79,289.537476
20yr_1080m_h1037,20,1080,2,near_overflow,1.0,568,5.4314,0,88,54,580.902964
20yr_1080m_h1037,20,1080,3,near_overflow,1.0,568,5.2977,0,130,54,863.17954
20yr_1080m_h1037,20,1080,5,near_overflow,1.0,568,5.7506,0,89,59,1457.644931
20yr_1080m_h1037,20,1080,6,near_overflow,1.0,568,6.3771,0,62,61,1778.006225
20yr_1080m_h1037,20,1080,1,near_overflow,5.0,568,6.2908,0,62,79,289.537476
20yr_1080m_h1037,20,1080,2,near_overflow,5.0,568,5.4314,0,88,54,580.902964
20yr_1080m_h1037,20,1080,3,near_overflow,5.0,568,5.2977,0,130,54,863.17954
20yr_1080m_h1037,20,1080,5,near_overflow,5.0,568,5.7506,0,89,59,1457.644931
20yr_1080m_h1037,20,1080,6,near_overflow,5.0,568,6.3771,0,62,61,1778.006225
20yr_1080m_h1085,20,1080,1,level,1.0,568,5.5127,0,133,68,279.919576
20yr_1080m_h1085,20,1080,2,level,1.0,568,5.1115,0,172,58,571.583077
20yr_1080m_h1085,20,1080,3,level,1.0,568,5.2762,0,120,64,863.421677
20yr_1080m_h1085,20,1080,5,level,1.0,568,5.6616,0,116,75,1461.169522
20yr_1080m_h1085,20,1080,6,level,1.0,568,6.3346,0,116,80,1778.594202
20yr_1080m_h1037,20,1080,1,near_overflow,2.0,568,6.2908,0,62,79,289.537476
20yr_1080m_h1037,20,1080,2,near_overflow,2.0,568,5.4314,0,88,54,580.902964
20yr_1080m_h1037,20,1080,3,near_overflow,2.0,568,5.2977,0,130,54,863.17954
20yr_1080m_h1037,20,1080,5,near_overflow,2.0,568,5.7506,0,89,59,1457.644931
20yr_1080m_h1037,20,1080,6,near_overflow,2.0,568,6.3771,0,62,61,1778.006225
20yr_1080m_h1085,20,1080,1,level,0.5,568,5.8299,0,104,77,280.062068
20yr_1080m_h1085,20,1080,2,level,0.5,568,5.1115,0,172,58,571.583077
20yr_1080m_h1085,20,1080,3,level,0.5,568,5.2762,0,120,64,863.421677
20yr_1080m_h1085,20,1080,5,level,0.5,568,5.6276,0,96,75,1458.703356
20yr_1080m_h1085,20,1080,6,level,0.5,568,6.5098,0,95,80,1778.18619
20yr_1080m_h1037,20,1080,1,level,2.0,568,4.9199,0,294,45,275.120363
20yr_1080m_h1037,20,1080,2,level,2.0,568,5.1171,0,188,50,563.62417
20yr_1080m_h1037,20,1080,3,level,2.0,568,5.2977,0,158,54,860.499463
20yr_1080m_h1037,20,1080,5,level,2.0,568,5.7506,0,147,59,1465.531192
20yr_1080m_h1037,20,1080,6,level,2.0,568,6.4178,0,120,61,1779.223668
30yr_0060m_h135,30,0060,1,level,1.0,58,5.4115,0,16,5,30.851594
30yr_0060m_h135,30,0060,2,level,1.0,58,5.2743,0,19,4,62.759741
30yr_0060m_h135,30,0060,3,level,1.0,58,5.4943,0,14,4,96.203936
30yr_0060m_h135,30,0060,5,level,1.0,58,5.9751,0,10,5,166.928656
30yr_0060m_h135,30,0060,6,level,1.0,58,6.1012,0,10,6,201.158164
30yr_0060m_h135,30,0060,1,level,0.5,58,5.8685,0,15,6,31.131072
30yr_0060m_h135,30,0060,2,level,0.5,58,5.2743,0,19,4,62.759741
30yr_0060m_h135,30,0060,3,level,0.5,58,5.6483,0,13,4,96.100182
30yr_0060m_h135,30,0060,5,level,0.5,58,6.1012,0,9,6,166.946507
30yr_0060m_h135,30,0060,6,level,0.5,58,6.1172,0,8,6,201.682659
30yr_0060m_h135,30,0060,1,level,5.0,58,4.9361,0,17,3,28.203802
30yr_0060m_h135,30,0060,2,level,5.0,58,5.132,0,19,3,61.174005
30yr_0060m_h135,30,0060,3,level,5.0,58,5.6324,0,17,4,93.873221
30yr_0060m_h135,30,0060,5,level,5.0,58,5.9591,0,15,5,165.510962
30yr_0060m_h135,30,0060,6,level,5.0,58,6.0061,0,18,5,200.904717
30yr_0060m_h135,30,0060,1,near_overflow,0.5,58,6.5142,0,4,8,32.925871
30yr_0060m_h135,30,0060,2,near_overflow,0.5,58,5.352,0,12,5,63.174603
30yr_0060m_h135,30,0060,3,near_overflow,0.5,58,5.8039,0,12,4,96.56937
30yr_0060m_h135,30,0060,5,near_overflow,0.5,58,6.1723,0,9,7,166.288277
30yr_0060m_h135,30,0060,6,near_overflow,0.5,58,6.1883,0,11,7,201.786153
30yr_0060m_h135,30,0060,1,near_overflow,1.0,58,6.5142,0,4,8,32.925871
30yr_0060m_h135,30,0060,2,near_overflow,1.0,58,5.352,0,12,5,63.174603
30yr_0060m_h135,30,0060,3,near_overflow,1.0,58,5.8039,0,12,4,96.56937
30yr_0060m_h135,30,0060,5,near_overflow,1.0,58,6.1723,0,9,7,166.288277
30yr_0060m_h135,30,0060,6,near_overflow,1.0,58,6.1883,0,11,7,201.786153
20yr_1080m_h1085,20,1080,1,near_overflow,2.0,568,6.2841,0,52,108,289.193798
20yr_1080m_h1085,20,1080,2,near_overflow,2.0,568,5.3969,0,82,63,581.187408
20yr_1080m_h1085,20,1080,3,near_overflow,2.0,568,5.2762,0,120,64,863.963609
20yr_1080m_h1085,20,1080,5,near_overflow,2.0,568,5.6276,0,80,75,1456.736546
20yr_1080m_h1085,20,1080,6,near_overflow,2.0,568,5.966,0,72,80,1771.606485
30yr_0060m_h135,30,0060,1,level,2.0,58,5.064,0,28,3,30.088977
30yr_0060m_h135,30,0060,2,level,2.0,58,5.1678,0,17,4,62.083872
30yr_0060m_h135,30,0060,3,level,2.0,58,5.4943,0,15,4,96.092475
30yr_0060m_h135,30,0060,5,level,2.0,58,5.9751,0,13,5,167.099974
30yr_0060m_h135,30,0060,6,level,2.0,58,6.1012,0,15,6,201.733174
30yr_0060m_h135,30,0060,1,near_overflow,5.0,58,6.5142,0,4,8,32.925871
30yr_0060m_h135,30,0060,2,near_overflow,5.0,58,5.352,0,12,5,63.174603
30yr_0060m_h135,30,0060,3,near_overflow,5.0,58,5.8039,0,12,4,96.56937
30yr_0060m_h135,30,0060,5,near_overflow,5.0,58,6.1723,0,9,7,166.288277
30yr_0060m_h135,30,0060,6,near_overflow,5.0,58,6.1883,0,11,7,201.786153
20yr_1080m_h1037,20,1080,1,near_overflow,0.5,568,6.2908,0,62,79,289.537476
20yr_1080m_h1037,20,1080,2,near_overflow,0.5,568,5.4314,0,88,54,580.902964
20yr_1080m_h1037,20,1080,3,near_overflow,0.5,568,5.2977,0,130,54,863.17954
20yr_1080m_h1037,20,1080,5,near_overflow,0.5,568,5.7506,0,89,59,1457.644931
20yr_1080m_h1037,20,1080,6,near_overflow,0.5,568,6.3771,0,62,61,1778.006225
20yr_1080m_h1085,20,1080,1,near_overflow,1.0,568,6.2841,0,52,108,289.193798
20yr_1080m_h1085,20,1080,2,near_overflow,1.0,568,5.3969,0,82,63,581.187408
20yr_1080m_h1085,20,1080,3,near_overflow,1.0,568,5.2762,0,120,64,863.963609
20yr_1080m_h1085,20,1080,5,near_overflow,1.0,568,5.6276,0,80,75,1456.736546
20yr_1080m_h1085,20,1080,6,near_overflow,1.0,568,5.966,0,72,80,1771.606485
30yr_0060m_h135,30,0060,1,near_overflow,2.0,58,6.5142,0,4,8,32.925871
30yr_0060m_h135,30,0060,2,near_overflow,2.0,58,5.352,0,12,5,63.174603
30yr_0060m_h135,30,0060,3,near_overflow,2.0,58,5.8039,0,12,4,96.56937
30yr_0060m_h135,30,0060,5,near_overflow,2.0,58,6.1723,0,9,7,166.288277
30yr_0060m_h135,30,0060,6,near_overflow,2.0,58,6.1883,0,11,7,201.786153
20yr_1080m_h1085,20,1080,1,near_overflow,5.0,568,6.2841,0,52,108,289.193798
20yr_1080m_h1085,20,1080,2,near_overflow,5.0,568,5.3969,0,82,63,581.187408
20yr_1080m_h1085,20,1080,3,near_overflow,5.0,568,5.2762,0,120,64,863.963609
20yr_1080m_h1085,20,1080,5,near_overflow,5.0,568,5.6276,0,80,75,1456.736546
20yr_1080m_h1085,20,1080,6,near_overflow,5.0,568,5.966,0,72,80,1771.606485
20yr_1080m_h1085,20,1080,1,level,2.0,568,4.9199,0,284,49,273.388538
20yr_1080m_h1085,20,1080,2,level,2.0,568,5.1115,0,172,58,565.225901
20yr_1080m_h1085,20,1080,3,level,2.0,568,5.2762,0,160,64,861.714149
20yr_1080m_h1085,20,1080,5,level,2.0,568,6.1571,0,155,75,1463.281127
20yr_1080m_h1085,20,1080,6,level,2.0,568,5.968,0,141,80,1775.022943
20yr_1080m_h1023,20,1080,1,level,2.0,568,4.9193,0,294,45,274.583687
20yr_1080m_h1023,20,1080,2,level,2.0,568,5.125,0,180,50,564.271221
20yr_1080m_h1023,20,1080,3,level,2.0,568,5.3199,0,154,54,861.208643
20yr_1080m_h1023,20,1080,5,level,2.0,568,5.6755,0,144,59,1463.607594
20yr_1080m_h1023,20,1080,6,level,2.0,568,5.9061,0,116,61,1778.102422
20yr_1080m_h1023,20,1080,1,level,0.5,568,5.7747,0,102,62,280.752425
20yr_1080m_h1023,20,1080,2,level,0.5,568,5.125,0,180,50,571.137436
20yr_1080m_h1023,20,1080,3,level,0.5,568,5.3199,0,126,54,862.952955
20yr_1080m_h1023,20,1080,5,level,0.5,568,5.6459,0,100,59,1459.113023
20yr_1080m_h1023,20,1080,6,level,0.5,568,5.9061,0,82,61,1769.069017
20yr_1080m_h1085,20,1080,1,level,5.0,568,4.9182,0,146,49,261.11297
20yr_1080m_h1085,20,1080,2,level,5.0,568,5.0676,0,230,56,556.109191
20yr_1080m_h1085,20,1080,3,level,5.0,568,5.2519,0,204,63,854.667092
20yr_1080m_h1085,20,1080,5,level,5.0,568,6.1571,0,192,74,1464.972209
20yr_1080m_h1085,20,1080,6,level,5.0,568,5.968,0,183,79,1767.144494
30yr_0060m_h211,30,0060,1,level,0.5,58,5.827,0,15,13,31.111658
30yr_0060m_h211,30,0060,2,level,0.5,58,5.5073,0,14,9,63.278652
30yr_0060m_h211,30,0060,3,level,0.5,58,5.7273,0,12,10,96.04687
30yr_0060m_h211,30,0060,5,level,0.5,58,6.1106,0,11,10,165.877793
30yr_0060m_h211,30,0060,6,level,0.5,58,6.203,0,9,10,201.453655
20yr_1080m_h1085,20,1080,1,near_overflow,0.5,568,6.2841,0,52,108,289.193798
20yr_1080m_h1085,20,1080,2,near_overflow,0.5,568,5.3969,0,82,63,581.187408
20yr_1080m_h1085,20,1080,3,near_overflow,0.5,568,5.2762,0,120,64,863.963609
20yr_1080m_h1085,20,1080,5,near_overflow,0.5,568,5.6276,0,80,75,1456.736546
20yr_1080m_h1085,20,1080,6,near_overflow,0.5,568,5.966,0,72,80,1771.606485
30yr_0060m_h211,30,0060,1,level,1.0,58,5.493,0,13,12,30.927513
30yr_0060m_h211,30,0060,2,level,1.0,58,5.5073,0,14,9,63.278652
30yr_0060m_h211,30,0060,3,level,1.0,58,5.7273,0,11,11,96.054
30yr_0060m_h211,30,0060,5,level,1.0,58,6.0395,0,11,10,165.838228
30yr_0060m_h211,30,0060,6,level,1.0,58,6.203,0,10,10,201.940005
30yr_0060m_h211,30,0060,1,level,5.0,58,5.5073,0,15,9,29.527579
30yr_0060m_h211,30,0060,2,level,5.0,58,5.3533,0,14,9,62.25261
30yr_0060m_h211,30,0060,3,level,5.0,58,5.7273,0,12,11,95.420531
30yr_0060m_h211,30,0060,5,level,5.0,58,6.0395,0,20,10,165.154672
30yr_0060m_h211,30,0060,6,level,5.0,58,6.2953,0,14,14,202.530022
30yr_0060m_h211,30,0060,1,near_overflow,1.0,58,6.5009,0,6,16,33.271837
30yr_0060m_h211,30,0060,2,near_overflow,1.0,58,5.5496,0,9,11,63.79078
30yr_0060m_h211,30,0060,3,near_overflow,1.0,58,5.8973,0,11,10,97.120697
30yr_0060m_h211,30,0060,5,near_overflow,1.0,58,6.1106,0,10,10,165.725644
30yr_0060m_h211,30,0060,6,near_overflow,1.0,58,6.3229,0,12,10,202.182473
30yr_0060m_h211,30,0060,1,level,2.0,58,5.5073,0,22,9,30.954041
30yr_0060m_h211,30,0060,2,level,2.0,58,5.7273,0,12,9,63.35564
30yr_0060m_h211,30,0060,3,level,2.0,58,5.7273,0,14,11,95.800022
30yr_0060m_h211,30,0060,5,level,2.0,58,6.0395,0,12,10,165.89012
30yr_0060m_h211,30,0060,6,level,2.0,58,6.203,0,10,10,201.831025
30yr_0060m_h211,30,0060,1,near_overflow,5.0,58,6.5009,0,6,16,33.271837
30yr_0060m_h211,30,0060,2,near_overflow,5.0,58,5.5496,0,9,11,63.79078
30yr_0060m_h211,30,0060,3,near_overflow,5.0,58,5.8973,0,11,10,97.120697
30yr_0060m_h211,30,0060,5,near_overflow,5.0,58,6.1106,0,10,10,165.725644
30yr_0060m_h211,30,0060,6,near_overflow,5.0,58,6.3229,0,12,10,202.182473
30yr_0060m_h211,30,0060,1,near_overflow,2.0,58,6.5009,0,6,16,33.271837
30yr_0060m_h211,30,0060,2,near_overflow,2.0,58,5.5496,0,9,11,63.79078
30yr_0060m_h211,30,0060,3,near_overflow,2.0,58,5.8973,0,11,10,97.120697
30yr_0060m_h211,30,0060,5,near_overflow,2.0,58,6.1106,0,10,10,165.725644
30yr_0060m_h211,30,0060,6,near_overflow,2.0,58,6.3229,0,12,10,202.182473
30yr_0060m_h211,30,0060,1,near_overflow,0.5,58,6.5009,0,6,16,33.271837
30yr_0060m_h211,30,0060,2,near_overflow,0.5,58,5.5496,0,9,11,63.79078
30yr_0060m_h211,30,0060,3,near_overflow,0.5,58,5.8973,0,11,10,97.120697
30yr_0060m_h211,30,0060,5,near_overflow,0.5,58,6.1106,0,10,10,165.725644
30yr_0060m_h211,30,0060,6,near_overflow,0.5,58,6.3229,0,12,10,202.182473
30yr_0060m_h160,30,0060,1,level,1.0,58,5.379,0,16,8,30.787125
30yr_0060m_h160,30,0060,2,level,1.0,58,5.2768,0,13,7,63.204477
30yr_0060m_h160,30,0060,3,level,1.0,58,5.7407,0,11,7,96.604411
30yr_0060m_h160,30,0060,5,level,1.0,58,6.0248,0,8,10,166.46119
30yr_0060m_h160,30,0060,6,level,1.0,58,6.1362,0,11,10,202.39463
30yr_0060m_h160,30,0060,1,level,2.0,58,5.1391,0,22,6,30.682116
30yr_0060m_h160,30,0060,2,level,2.0,58,5.2768,0,13,7,62.712405
30yr_0060m_h160,30,0060,3,level,2.0,58,5.7407,0,13,7,96.399966
30yr_0060m_h160,30,0060,5,level,2.0,58,6.0248,0,10,10,166.598762
30yr_0060m_h160,30,0060,6,level,2.0,58,6.1362,0,15,10,202.916062
20yr_1080m_h1023,20,1080,1,near_overflow,2.0,568,6.2723,0,62,79,289.677785
20yr_1080m_h1023,20,1080,2,near_overflow,2.0,568,5.4256,0,86,54,580.985521
20yr_1080m_h1023,20,1080,3,near_overflow,2.0,568,5.3199,0,126,54,863.554263
20yr_1080m_h1023,20,1080,5,near_overflow,2.0,568,5.6334,0,90,59,1455.538854
20yr_1080m_h1023,20,1080,6,near_overflow,2.0,568,6.4113,0,64,61,1773.713476
30yr_0060m_h160,30,0060,1,near_overflow,0.5,58,6.3476,0,6,11,32.932711
30yr_0060m_h160,30,0060,2,near_overflow,0.5,58,5.323,0,10,8,63.41493
30yr_0060m_h160,30,0060,3,near_overflow,0.5,58,5.7407,0,11,7,96.714245
30yr_0060m_h160,30,0060,5,near_overflow,0.5,58,6.1362,0,11,10,167.536294
30yr_0060m_h160,30,0060,6,near_overflow,0.5,58,6.2784,0,11,10,202.574865
20yr_1080m_h1023,20,1080,1,near_overflow,1.0,568,6.2723,0,62,79,289.677785
20yr_1080m_h1023,20,1080,2,near_overflow,1.0,568,5.4256,0,86,54,580.985521
20yr_1080m_h1023,20,1080,3,near_overflow,1.0,568,5.3199,0,126,54,863.554263
20yr_1080m_h1023,20,1080,5,near_overflow,1.0,568,5.6334,0,90,59,1455.538854
20yr_1080m_h1023,20,1080,6,near_overflow,1.0,568,6.4113,0,64,61,1773.713476
30yr_0060m_h160,30,0060,1,level,0.5,58,5.763,0,12,9,31.120019
30yr_0060m_h160,30,0060,2,level,0.5,58,5.2768,0,13,7,63.204477
30yr_0060m_h160,30,0060,3,level,0.5,58,5.7407,0,11,7,96.630903
30yr_0060m_h160,30,0060,5,level,0.5,58,6.0248,0,8,10,166.46119
30yr_0060m_h160,30,0060,6,level,0.5,58,6.2073,0,9,10,202.858906
20yr_1080m_h1023,20,1080,1,near_overflow,0.5,568,6.2723,0,62,79,289.677785
20yr_1080m_h1023,20,1080,2,near_overflow,0.5,568,5.4256,0,86,54,580.985521
20yr_1080m_h1023,20,1080,3,near_overflow,0.5,568,5.3199,0,126,54,863.554263
20yr_1080m_h1023,20,1080,5,near_overflow,0.5,568,5.6334,0,90,59,1455.538854
20yr_1080m_h1023,20,1080,6,near_overflow,0.5,568,6.4113,0,64,61,1773.713476
30yr_0060m_h160,30,0060,1,level,5.0,58,4.9575,0,17,6,29.112976
30yr_0060m_h160,30,0060,2,level,5.0,58,5.1831,0,16,7,61.683288
30yr_0060m_h160,30,0060,3,level,5.0,58,5.7407,0,14,7,95.727729
30yr_0060m_h160,30,0060,5,level,5.0,58,6.0248,0,14,10,166.164603
30yr_0060m_h160,30,0060,6,level,5.0,58,6.0308,0,15,9,200.236202
30yr_0060m_h160,30,0060,1,near_overflow,5.0,58,6.3476,0,6,11,32.932711
30yr_0060m_h160,30,0060,2,near_overflow,5.0,58,5.323,0,10,8,63.41493
30yr_0060m_h160,30,0060,3,near_overflow,5.0,58,5.7407,0,11,7,96.714245
30yr_0060m_h160,30,0060,5,near_overflow,5.0,58,6.1362,0,11,10,167.536294
30yr_0060m_h160,30,0060,6,near_overflow,5.0,58,6.2784,0,11,10,202.574865
30yr_0060m_h202,30,0060,1,level,0.5,58,5.8339,0,10,13,31.438879
30yr_0060m_h202,30,0060,2,level,0.5,58,5.6921,0,15,9,63.679605
30yr_0060m_h202,30,0060,3,level,0.5,58,5.8362,0,12,10,96.426637
30yr_0060m_h202,30,0060,5,level,0.5,58,6.1703,0,11,10,166.74634
30yr_0060m_h202,30,0060,6,level,0.5,58,6.353,0,8,15,203.686253
30yr_0060m_h160,30,0060,1,near_overflow,1.0,58,6.3476,0,6,11,32.932711
30yr_0060m_h160,30,0060,2,near_overflow,1.0,58,5.323,0,10,8,63.41493
30yr_0060m_h160,30,0060,3,near_overflow,1.0,58,5.7407,0,11,7,96.714245
30yr_0060m_h160,30,0060,5,near_overflow,1.0,58,6.1362,0,11,10,167.536294
30yr_0060m_h160,30,0060,6,near_overflow,1.0,58,6.2784,0,11,10,202.574865
30yr_0060m_h202,30,0060,1,level,2.0,58,5.6921,0,20,9,30.99325
30yr_0060m_h202,30,0060,2,level,2.0,58,5.5381,0,12,9,62.976705
30yr_0060m_h202,30,0060,3,level,2.0,58,5.8362,0,14,11,96.178693
30yr_0060m_h202,30,0060,5,level,2.0,58,6.1632,0,12,14,167.993467
30yr_0060m_h202,30,0060,6,level,2.0,58,6.353,0,10,15,203.613009
30yr_0060m_h202,30,0060,1,near_overflow,0.5,58,6.5584,0,6,16,33.343548
30yr_0060m_h202,30,0060,2,near_overflow,0.5,58,5.7581,0,10,11,64.300431
30yr_0060m_h202,30,0060,3,near_overflow,0.5,58,5.957,0,11,10,97.565061
30yr_0060m_h202,30,0060,5,near_overflow,0.5,58,6.1703,0,10,10,166.591358
30yr_0060m_h202,30,0060,6,near_overflow,0.5,58,6.3804,0,11,10,202.860852
30yr_0060m_h160,30,0060,1,near_overflow,2.0,58,6.3476,0,6,11,32.932711
30yr_0060m_h160,30,0060,2,near_overflow,2.0,58,5.323,0,10,8,63.41493
30yr_0060m_h160,30,0060,3,near_overflow,2.0,58,5.7407,0,11,7,96.714245
30yr_0060m_h160,30,0060,5,near_overflow,2.0,58,6.1362,0,11,10,167.536294
30yr_0060m_h160,30,0060,6,near_overflow,2.0,58,6.2784,0,11,10,202.574865
30yr_0060m_h202,30,0060,1,near_overflow,2.0,58,6.5584,0,6,16,33.343548
30yr_0060m_h202,30,0060,2,near_overflow,2.0,58,5.7581,0,10,11,64.300431
30yr_0060m_h202,30,0060,3,near_overflow,2.0,58,5.957,0,11,10,97.565061
30yr_0060m_h202,30,0060,5,near_overflow,2.0,58,6.1703,0,10,10,166.591358
30yr_0060m_h202,30,0060,6,near_overflow,2.0,58,6.3804,0,11,10,202.860852
30yr_0060m_h202,30,0060,1,near_overflow,5.0,58,6.5584,0,6,16,33.343548
30yr_0060m_h202,30,0060,2,near_overflow,5.0,58,5.7581,0,10,11,64.300431
30yr_0060m_h202,30,0060,3,near_overflow,5.0,58,5.957,0,11,10,97.565061
30yr_0060m_h202,30,0060,5,near_overflow,5.0,58,6.1703,0,10,10,166.591358
30yr_0060m_h202,30,0060,6,near_overflow,5.0,58,6.3804,0,11,10,202.860852
30yr_0060m_h202,30,0060,1,level,1.0,58,5.5381,0,11,12,31.486002
30yr_0060m_h202,30,0060,2,level,1.0,58,5.6921,0,15,9,63.679605
30yr_0060m_h202,30,0060,3,level,1.0,58,5.8362,0,11,11,96.434089
30yr_0060m_h202,30,0060,5,level,1.0,58,6.1632,0,9,14,168.08747
30yr_0060m_h202,30,0060,6,level,1.0,58,6.353,0,8,15,204.150634
30yr_0060m_h202,30,0060,1,near_overflow,1.0,58,6.5584,0,6,16,33.343548
30yr_0060m_h202,30,0060,2,near_overflow,1.0,58,5.7581,0,10,11,64.300431
30yr_0060m_h202,30,0060,3,near_overflow,1.0,58,5.957,0,11,10,97.565061
30yr_0060m_h202,30,0060,5,near_overflow,1.0,58,6.1703,0,10,10,166.591358
30yr_0060m_h202,30,0060,6,near_overflow,1.0,58,6.3804,0,11,10,202.860852
30yr_0120m_h335,30,0120,1,level,0.5,88,5.8184,0,17,19,46.88743
30yr_0120m_h335,30,0120,2,level,0.5,88,5.3622,0,20,14,95.417218
30yr_0120m_h335,30,0120,3,level,0.5,88,5.6436,0,14,14,145.117604
30yr_0120m_h335,30,0120,5,level,0.5,88,5.9819,0,9,15,250.623148
30yr_0120m_h335,30,0120,6,level,0.5,88,6.1605,0,11,19,303.043136
30yr_0060m_h202,30,0060,1,level,5.0,58,5.3576,0,15,9,29.575908
30yr_0060m_h202,30,0060,2,level,5.0,58,5.5381,0,18,9,62.189476
30yr_0060m_h202,30,0060,3,level,5.0,58,5.8362,0,16,11,95.455717
30yr_0060m_h202,30,0060,5,level,5.0,58,6.1632,0,13,14,167.017625
30yr_0060m_h202,30,0060,6,level,5.0,58,6.353,0,17,15,203.335482
20yr_1080m_h1023,20,1080,1,level,1.0,568,5.5126,0,130,57,278.923083
20yr_1080m_h1023,20,1080,2,level,1.0,568,5.125,0,180,50,571.137436
20yr_1080m_h1023,20,1080,3,level,1.0,568,5.3199,0,126,54,862.952955
20yr_1080m_h1023,20,1080,5,level,1.0,568,5.6459,0,120,59,1461.99928
20yr_1080m_h1023,20,1080,6,level,1.0,568,5.9061,0,104,61,1776.506149
30yr_0120m_h335,30,0120,1,level,2.0,88,4.9126,0,31,13,45.0324
30yr_0120m_h335,30,0120,2,level,2.0,88,5.3622,0,20,14,94.991388
30yr_0120m_h335,30,0120,3,level,2.0,88,5.6436,0,15,14,145.026466
30yr_0120m_h335,30,0120,5,level,2.0,88,6.0184,0,14,15,248.678148
30yr_0120m_h335,30,0120,6,level,2.0,88,6.1605,0,11,19,303.488205
30yr_0120m_h335,30,0120,1,level,5.0,88,4.9173,0,16,13,44.298938
30yr_0120m_h335,30,0120,2,level,5.0,88,5.051,0,22,14,93.839563
30yr_0120m_h335,30,0120,3,level,5.0,88,5.3622,0,20,14,142.876398
30yr_0120m_h335,30,0120,5,level,5.0,88,5.9473,0,18,15,246.432528
30yr_0120m_h335,30,0120,6,level,5.0,88,6.0657,0,17,15,300.648476
30yr_0120m_h335,30,0120,1,near_overflow,2.0,88,6.3463,0,10,24,48.668046
30yr_0120m_h335,30,0120,2,near_overflow,2.0,88,5.522,0,11,16,95.9387
30yr_0120m_h335,30,0120,3,near_overflow,2.0,88,5.6954,0,12,14,146.8014
30yr_0120m_h335,30,0120,5,near_overflow,2.0,88,6.1605,0,10,15,249.776653
30yr_0120m_h335,30,0120,6,near_overflow,2.0,88,6.4753,0,14,16,305.080261
30yr_0120m_h273,30,0120,1,level,0.5,88,5.7515,0,23,8,46.810503
30yr_0120m_h273,30,0120,2,level,0.5,88,5.2943,0,26,5,95.359609
30yr_0120m_h273,30,0120,3,level,0.5,88,5.688,0,20,6,145.778341
30yr_0120m_h273,30,0120,5,level,0.5,88,6.2239,0,13,10,252.701184
30yr_0120m_h273,30,0120,6,level,0.5,88,6.3058,0,12,10,306.634394
30yr_0120m_h273,30,0120,1,level,1.0,88,5.4066,0,24,7,46.366195
30yr_0120m_h273,30,0120,2,level,1.0,88,5.2943,0,26,5,95.359609
30yr_0120m_h273,30,0120,3,level,1.0,88,5.711,0,15,6,146.517317
30yr_0120m_h273,30,0120,5,level,1.0,88,6.0928,0,18,7,251.665303
30yr_0120m_h273,30,0120,6,level,1.0,88,6.3058,0,13,10,305.819442
30yr_0120m_h335,30,0120,1,near_overflow,1.0,88,6.3463,0,10,24,48.668046
30yr_0120m_h335,30,0120,2,near_overflow,1.0,88,5.522,0,11,16,95.9387
30yr_0120m_h335,30,0120,3,near_overflow,1.0,88,5.6954,0,12,14,146.8014
30yr_0120m_h335,30,0120,5,near_overflow,1.0,88,6.1605,0,10,15,249.776653
30yr_0120m_h335,30,0120,6,near_overflow,1.0,88,6.4753,0,14,16,305.080261
30yr_0120m_h273,30,0120,1,level,2.0,88,5.0738,0,47,5,45.052712
30yr_0120m_h273,30,0120,2,level,2.0,88,5.2943,0,26,5,94.638727
30yr_0120m_h273,30,0120,3,level,2.0,88,5.711,0,18,6,145.728739
30yr_0120m_h273,30,0120,5,level,2.0,88,6.0928,0,20,7,251.561511
30yr_0120m_h273,30,0120,6,level,2.0,88,6.3058,0,17,10,306.542732
30yr_0120m_h335,30,0120,1,level,1.0,88,5.4377,0,21,17,46.7934
30yr_0120m_h335,30,0120,2,level,1.0,88,5.3622,0,20,14,95.417218
30yr_0120m_h335,30,0120,3,level,1.0,88,5.6436,0,16,14,145.120792
30yr_0120m_h335,30,0120,5,level,1.0,88,5.9414,0,10,15,249.403449
30yr_0120m_h335,30,0120,6,level,1.0,88,6.1605,0,11,19,303.596354
30yr_0120m_h273,30,0120,1,level,5.0,88,4.9497,0,28,5,43.675331
30yr_0120m_h273,30,0120,2,level,5.0,88,5.1601,0,35,5,91.832925
30yr_0120m_h273,30,0120,3,level,5.0,88,5.6064,0,28,5,142.97256
30yr_0120m_h273,30,0120,5,level,5.0,88,6.1639,0,22,9,252.80926
30yr_0120m_h273,30,0120,6,level,5.0,88,6.3058,0,23,10,307.320674
30yr_0120m_h335,30,0120,1,near_overflow,0.5,88,6.3463,0,10,24,48.668046
30yr_0120m_h335,30,0120,2,near_overflow,0.5,88,5.522,0,11,16,95.9387
30yr_0120m_h335,30,0120,3,near_overflow,0.5,88,5.6954,0,12,14,146.8014
30yr_0120m_h335,30,0120,5,near_overflow,0.5,88,6.1605,0,10,15,249.776653
30yr_0120m_h335,30,0120,6,near_overflow,0.5,88,6.4753,0,14,16,305.080261
30yr_0120m_h273,30,0120,1,near_overflow,0.5,88,6.5112,0,8,11,48.84995
30yr_0120m_h273,30,0120,2,near_overflow,0.5,88,5.491,0,14,7,96.26851
30yr_0120m_h273,30,0120,3,near_overflow,0.5,88,5.8112,0,18,6,147.536216
30yr_0120m_h273,30,0120,5,near_overflow,0.5,88,6.2239,0,15,10,251.957499
30yr_0120m_h273,30,0120,6,near_overflow,0.5,88,6.3743,0,11,10,306.045347
30yr_0120m_h335,30,0120,1,near_overflow,5.0,88,6.3463,0,10,24,48.668046
30yr_0120m_h335,30,0120,2,near_overflow,5.0,88,5.522,0,11,16,95.9387
30yr_0120m_h335,30,0120,3,near_overflow,5.0,88,5.6954,0,12,14,146.8014
30yr_0120m_h335,30,0120,5,near_overflow,5.0,88,6.1605,0,10,15,249.776653
30yr_0120m_h335,30,0120,6,near_overflow,5.0,88,6.4753,0,14,16,305.080261
30yr_0120m_h273,30,0120,1,near_overflow,5.0,88,6.5112,0,8,11,48.84995
30yr_0120m_h273,30,0120,2,near_overflow,5.0,88,5.491,0,14,7,96.26851
30yr_0120m_h273,30,0120,3,near_overflow,5.0,88,5.8112,0,18,6,147.536216
30yr_0120m_h273,30,0120,5,near_overflow,5.0,88,6.2239,0,15,10,251.957499
30yr_0120m_h273,30,0120,6,near_overflow,5.0,88,6.3743,0,11,10,306.045347
30yr_0120m_h263,30,0120,1,level,1.0,88,5.4405,0,26,7,46.811168
30yr_0120m_h263,30,0120,2,level,1.0,88,5.331,0,31,5,94.741722
30yr_0120m_h263,30,0120,3,level,1.0,88,5.9021,0,21,5,145.126999
30yr_0120m_h263,30,0120,5,level,1.0,88,6.1864,0,16,9,252.329099
30yr_0120m_h263,30,0120,6,level,1.0,88,6.2575,0,11,10,307.349078
30yr_0120m_h273,30,0120,1,near_overflow,1.0,88,6.5112,0,8,11,48.84995
30yr_0120m_h273,30,0120,2,near_overflow,1.0,88,5.491,0,14,7,96.26851
30yr_0120m_h273,30,0120,3,near_overflow,1.0,88,5.8112,0,18,6,147.536216
30yr_0120m_h273,30,0120,5,near_overflow,1.0,88,6.2239,0,15,10,251.957499
30yr_0120m_h273,30,0120,6,near_overflow,1.0,88,6.3743,0,11,10,306.045347
30yr_0120m_h273,30,0120,1,near_overflow,2.0,88,6.5112,0,8,11,48.84995
30yr_0120m_h273,30,0120,2,near_overflow,2.0,88,5.491,0,14,7,96.26851
30yr_0120m_h273,30,0120,3,near_overflow,2.0,88,5.8112,0,18,6,147.536216
30yr_0120m_h273,30,0120,5,near_overflow,2.0,88,6.2239,0,15,10,251.957499
30yr_0120m_h273,30,0120,6,near_overflow,2.0,88,6.3743,0,11,10,306.045347
30yr_0120m_h263,30,0120,1,near_overflow,1.0,88,6.2575,0,6,10,48.841511
30yr_0120m_h263,30,0120,2,near_overflow,1.0,88,5.37,0,19,7,95.974231
30yr_0120m_h263,30,0120,3,near_overflow,1.0,88,5.8195,0,17,5,147.011127
30yr_0120m_h263,30,0120,5,near_overflow,1.0,88,6.1864,0,14,9,251.688054
30yr_0120m_h263,30,0120,6,near_overflow,1.0,88,6.3474,0,11,10,307.985403
30yr_0120m_h263,30,0120,1,near_overflow,2.0,88,6.2575,0,6,10,48.841511
30yr_0120m_h263,30,0120,2,near_overflow,2.0,88,5.37,0,19,7,95.974231
30yr_0120m_h263,30,0120,3,near_overflow,2.0,88,5.8195,0,17,5,147.011127
30yr_0120m_h263,30,0120,5,near_overflow,2.0,88,6.1864,0,14,9,251.688054
30yr_0120m_h263,30,0120,6,near_overflow,2.0,88,6.3474,0,11,10,307.985403
30yr_0120m_h263,30,0120,1,level,5.0,88,4.9491,0,25,5,43.415992
30yr_0120m_h263,30,0120,2,level,5.0,88,5.456,0,33,5,92.821857
30yr_0120m_h263,30,0120,3,level,5.0,88,5.5256,0,27,5,142.51142
30yr_0120m_h263,30,0120,5,level,5.0,88,6.1116,0,23,9,252.714438
30yr_0120m_h263,30,0120,6,level,5.0,88,6.2575,0,24,10,306.170351
30yr_0120m_h263,30,0120,1,level,0.5,88,5.8032,0,26,8,46.679742
30yr_0120m_h263,30,0120,2,level,0.5,88,5.331,0,31,5,94.741722
30yr_0120m_h263,30,0120,3,level,0.5,88,5.484,0,19,5,145.69861
30yr_0120m_h263,30,0120,5,level,0.5,88,6.1864,0,16,9,251.379617
30yr_0120m_h263,30,0120,6,level,0.5,88,6.2575,0,11,10,305.937989
20yr_1080m_h1023,20,1080,1,level,5.0,568,4.9193,0,164,45,262.461465
20yr_1080m_h1023,20,1080,2,level,5.0,568,5.0836,0,226,49,556.876774
20yr_1080m_h1023,20,1080,3,level,5.0,568,5.2788,0,212,53,853.712267
20yr_1080m_h1023,20,1080,5,level,5.0,568,5.69,0,192,59,1456.344308
20yr_1080m_h1023,20,1080,6,level,5.0,568,6.0232,0,167,61,1768.802022
30yr_0120m_h263,30,0120,1,level,2.0,88,5.0525,0,46,5,45.621305
30yr_0120m_h263,30,0120,2,level,2.0,88,5.456,0,29,5,93.781846
30yr_0120m_h263,30,0120,3,level,2.0,88,5.6843,0,26,5,144.748948
30yr_0120m_h263,30,0120,5,level,2.0,88,6.136,0,17,9,253.054904
30yr_0120m_h263,30,0120,6,level,2.0,88,6.2575,0,13,10,306.187082
30yr_0120m_h263,30,0120,1,near_overflow,5.0,88,6.2575,0,6,10,48.841511
30yr_0120m_h263,30,0120,2,near_overflow,5.0,88,5.37,0,19,7,95.974231
30yr_0120m_h263,30,0120,3,near_overflow,5.0,88,5.8195,0,17,5,147.011127
30yr_0120m_h263,30,0120,5,near_overflow,5.0,88,6.1864,0,14,9,251.688054
30yr_0120m_h263,30,0120,6,near_overflow,5.0,88,6.3474,0,11,10,307.985403
30yr_0120m_h263,30,0120,1,near_overflow,0.5,88,6.2575,0,6,10,48.841511
30yr_0120m_h263,30,0120,2,near_overflow,0.5,88,5.37,0,19,7,95.974231
30yr_0120m_h263,30,0120,3,near_overflow,0.5,88,5.8195,0,17,5,147.011127
30yr_0120m_h263,30,0120,5,near_overflow,0.5,88,6.1864,0,14,9,251.688054
30yr_0120m_h263,30,0120,6,near_overflow,0.5,88,6.3474,0,11,10,307.985403
30yr_0120m_h254,30,0120,1,level,0.5,88,5.8039,0,26,8,46.539086
30yr_0120m_h254,30,0120,2,level,0.5,88,5.2738,0,25,5,95.11495
30yr_0120m_h254,30,0120,3,level,0.5,88,5.5055,0,20,5,145.63397
30yr_0120m_h254,30,0120,5,level,0.5,88,6.1878,0,14,9,252.63598
30yr_0120m_h254,30,0120,6,level,0.5,88,6.2588,0,11,10,306.683234
30yr_0120m_h254,30,0120,1,level,1.0,88,5.4639,0,29,7,46.110143
30yr_0120m_h254,30,0120,2,level,1.0,88,5.2738,0,25,5,95.084687
30yr_0120m_h254,30,0120,3,level,1.0,88,5.9035,0,21,5,146.049618
30yr_0120m_h254,30,0120,5,level,1.0,88,6.1878,0,16,9,252.761919
30yr_0120m_h254,30,0120,6,level,1.0,88,6.2588,0,12,10,307.176766
20yr_1080m_h1023,20,1080,1,near_overflow,5.0,568,6.2723,0,62,79,289.677785
20yr_1080m_h1023,20,1080,2,near_overflow,5.0,568,5.4256,0,86,54,580.985521
20yr_1080m_h1023,20,1080,3,near_overflow,5.0,568,5.3199,0,126,54,863.554263
20yr_1080m_h1023,20,1080,5,near_overflow,5.0,568,5.6334,0,90,59,1455.538854
20yr_1080m_h1023,20,1080,6,near_overflow,5.0,568,6.4113,0,64,61,1773.713476
20yr_1440m_h1149,20,1440,1,level,2.0,748,4.9199,0,350,54,362.879922
20yr_1440m_h1149,20,1440,2,level,2.0,748,5.1232,0,200,61,741.745108
20yr_1440m_h1149,20,1440,3,level,2.0,748,5.3332,0,162,66,1129.876687
20yr_1440m_h1149,20,1440,5,level,2.0,748,5.7524,0,142,73,1918.953805
20yr_1440m_h1149,20,1440,6,level,2.0,748,5.8522,0,142,76,2318.361872
30yr_0120m_h254,30,0120,1,level,2.0,88,5.0605,0,37,5,45.878645
30yr_0120m_h254,30,0120,2,level,2.0,88,5.4603,0,21,5,94.77584
30yr_0120m_h254,30,0120,3,level,2.0,88,5.5733,0,18,5,145.90355
30yr_0120m_h254,30,0120,5,level,2.0,88,6.1373,0,17,9,252.134408
30yr_0120m_h254,30,0120,6,level,2.0,88,6.2588,0,13,10,306.640371
30yr_0120m_h254,30,0120,1,level,5.0,88,4.9521,0,25,5,43.433431
30yr_0120m_h254,30,0120,2,level,5.0,88,5.4603,0,31,5,92.799853
30yr_0120m_h254,30,0120,3,level,5.0,88,5.5328,0,22,5,143.516377
30yr_0120m_h254,30,0120,5,level,5.0,88,6.0456,0,22,9,250.017332
30yr_0120m_h254,30,0120,6,level,5.0,88,6.2588,0,17,10,305.515343
30yr_0120m_h254,30,0120,1,near_overflow,0.5,88,6.2588,0,6,10,48.717936
30yr_0120m_h254,30,0120,2,near_overflow,0.5,88,5.3722,0,18,7,96.287202
30yr_0120m_h254,30,0120,3,near_overflow,0.5,88,5.8226,0,18,5,146.920478
30yr_0120m_h254,30,0120,5,near_overflow,0.5,88,6.1878,0,14,9,252.595601
30yr_0120m_h254,30,0120,6,near_overflow,0.5,88,6.3486,0,9,10,307.83943
30yr_0120m_h254,30,0120,1,near_overflow,5.0,88,6.2588,0,6,10,48.717936
30yr_0120m_h254,30,0120,2,near_overflow,5.0,88,5.3722,0,18,7,96.287202
30yr_0120m_h254,30,0120,3,near_overflow,5.0,88,5.8226,0,18,5,146.920478
30yr_0120m_h254,30,0120,5,near_overflow,5.0,88,6.1878,0,14,9,252.595601
30yr_0120m_h254,30,0120,6,near_overflow,5.0,88,6.3486,0,9,10,307.83943
30yr_0120m_h254,30,0120,1,near_overflow,1.0,88,6.2588,0,6,10,48.717936
30yr_0120m_h254,30,0120,2,near_overflow,1.0,88,5.3722,0,18,7,96.287202
30yr_0120m_h254,30,0120,3,near_overflow,1.0,88,5.8226,0,18,5,146.920478
30yr_0120m_h254,30,0120,5,near_overflow,1.0,88,6.1878,0,14,9,252.595601
30yr_0120m_h254,30,0120,6,near_overflow,1.0,88,6.3486,0,9,10,307.83943
30yr_0120m_h254,30,0120,1,near_overflow,2.0,88,6.2588,0,6,10,48.717936
30yr_0120m_h254,30,0120,2,near_overflow,2.0,88,5.3722,0,18,7,96.287202
30yr_0120m_h254,30,0120,3,near_overflow,2.0,88,5.8226,0,18,5,146.920478
30yr_0120m_h254,30,0120,5,near_overflow,2.0,88,6.1878,0,14,9,252.595601
30yr_0120m_h254,30,0120,6,near_overflow,2.0,88,6.3486,0,9,10,307.83943
30yr_0120m_h365,30,0120,1,level,0.5,88,5.83,0,21,21,46.826471
30yr_0120m_h365,30,0120,2,level,0.5,88,5.6891,0,16,16,96.168504
30yr_0120m_h365,30,0120,3,level,0.5,88,5.8353,0,12,16,145.754238
30yr_0120m_h365,30,0120,5,level,0.5,88,6.1748,0,10,17,249.476195
30yr_0120m_h365,30,0120,6,level,0.5,88,6.2119,0,13,17,303.513116
20yr_1440m_h1149,20,1440,1,level,5.0,748,4.9192,0,246,54,353.653164
20yr_1440m_h1149,20,1440,2,level,5.0,748,5.0879,0,276,60,728.846236
20yr_1440m_h1149,20,1440,3,level,5.0,748,5.2908,0,216,65,1121.195706
20yr_1440m_h1149,20,1440,5,level,5.0,748,5.7079,0,166,73,1909.844613
20yr_1440m_h1149,20,1440,6,level,5.0,748,5.8375,0,184,76,2311.253586
20yr_1440m_h1149,20,1440,1,level,1.0,748,5.4979,0,133,69,365.228414
20yr_1440m_h1149,20,1440,2,level,1.0,748,5.1232,0,200,61,750.71972
20yr_1440m_h1149,20,1440,3,level,1.0,748,5.3222,0,140,66,1133.464436
20yr_1440m_h1149,20,1440,5,level,1.0,748,5.7169,0,110,73,1916.382724
20yr_1440m_h1149,20,1440,6,level,1.0,748,5.8522,0,122,76,2314.03748
30yr_0120m_h365,30,0120,1,level,5.0,88,5.4036,0,14,15,44.725455
30yr_0120m_h365,30,0120,2,level,5.0,88,5.6891,0,16,16,94.983008
30yr_0120m_h365,30,0120,3,level,5.0,88,5.8353,0,12,16,144.896527
30yr_0120m_h365,30,0120,5,level,5.0,88,6.064,0,15,17,249.549934
30yr_0120m_h365,30,0120,6,level,5.0,88,6.1195,0,12,17,302.254223
20yr_1440m_h1149,20,1440,1,near_overflow,5.0,748,6.308,0,71,98,379.011611
20yr_1440m_h1149,20,1440,2,near_overflow,5.0,748,5.3743,0,106,65,760.459276
20yr_1440m_h1149,20,1440,3,near_overflow,5.0,748,5.3222,0,140,66,1134.148463
20yr_1440m_h1149,20,1440,5,near_overflow,5.0,748,5.7169,0,88,73,1910.926876
20yr_1440m_h1149,20,1440,6,near_overflow,5.0,748,5.8288,0,82,76,2305.40742
30yr_0120m_h365,30,0120,1,near_overflow,1.0,88,6.3249,0,11,26,48.75394
30yr_0120m_h365,30,0120,2,near_overflow,1.0,88,5.6011,0,13,18,96.383639
30yr_0120m_h365,30,0120,3,near_overflow,1.0,88,5.9561,0,11,16,147.265657
30yr_0120m_h365,30,0120,5,near_overflow,1.0,88,6.1748,0,11,17,251.278228
30yr_0120m_h365,30,0120,6,near_overflow,1.0,88,6.7158,0,12,17,309.870439
30yr_0120m_h365,30,0120,1,near_overflow,2.0,88,6.3249,0,11,26,48.75394
30yr_0120m_h365,30,0120,2,near_overflow,2.0,88,5.6011,0,13,18,96.383639
30yr_0120m_h365,30,0120,3,near_overflow,2.0,88,5.9561,0,11,16,147.265657
30yr_0120m_h365,30,0120,5,near_overflow,2.0,88,6.1748,0,11,17,251.278228
30yr_0120m_h365,30,0120,6,near_overflow,2.0,88,6.7158,0,12,17,309.870439
30yr_0120m_h365,30,0120,1,near_overflow,5.0,88,6.3249,0,11,26,48.75394
30yr_0120m_h365,30,0120,2,near_overflow,5.0,88,5.6011,0,13,18,96.383639
30yr_0120m_h365,30,0120,3,near_overflow,5.0,88,5.9561,0,11,16,147.265657
30yr_0120m_h365,30,0120,5,near_overflow,5.0,88,6.1748,0,11,17,251.278228
30yr_0120m_h365,30,0120,6,near_overflow,5.0,88,6.7158,0,12,17,309.870439
30yr_0120m_h365,30,0120,1,level,2.0,88,5.4036,0,27,15,46.207955
30yr_0120m_h365,30,0120,2,level,2.0,88,5.6891,0,16,16,95.569772
30yr_0120m_h365,30,0120,3,level,2.0,88,5.8353,0,12,16,145.628344
30yr_0120m_h365,30,0120,5,level,2.0,88,6.064,0,14,17,250.417695
30yr_0120m_h365,30,0120,6,level,2.0,88,6.1351,0,12,17,302.166143
30yr_0120m_h365,30,0120,1,level,1.0,88,5.6671,0,21,19,47.123963
30yr_0120m_h365,30,0120,2,level,1.0,88,5.6891,0,16,16,96.168504
30yr_0120m_h365,30,0120,3,level,1.0,88,5.8353,0,12,16,145.754238
30yr_0120m_h365,30,0120,5,level,1.0,88,6.1748,0,10,17,249.981741
30yr_0120m_h365,30,0120,6,level,1.0,88,6.1748,0,10,17,302.398177
30yr_0120m_h365,30,0120,1,near_overflow,0.5,88,6.3249,0,11,26,48.75394
30yr_0120m_h365,30,0120,2,near_overflow,0.5,88,5.6011,0,13,18,96.383639
30yr_0120m_h365,30,0120,3,near_overflow,0.5,88,5.9561,0,11,16,147.265657
30yr_0120m_h365,30,0120,5,near_overflow,0.5,88,6.1748,0,11,17,251.278228
30yr_0120m_h365,30,0120,6,near_overflow,0.5,88,6.7158,0,12,17,309.870439
30yr_0180m_h490,30,0180,1,level,1.0,118,5.4773,0,25,24,61.227244
30yr_0180m_h490,30,0180,2,level,1.0,118,5.2157,0,30,20,126.054115
30yr_0180m_h490,30,0180,3,level,1.0,118,5.8103,0,24,21,191.551245
30yr_0180m_h490,30,0180,5,level,1.0,118,6.1782,0,18,23,329.656015
30yr_0180m_h490,30,0180,6,level,1.0,118,6.3196,0,15,23,397.867296
30yr_0180m_h490,30,0180,1,level,0.5,118,5.7521,0,28,26,62.357481
30yr_0180m_h490,30,0180,2,level,0.5,118,5.2157,0,30,20,126.131672
30yr_0180m_h490,30,0180,3,level,0.5,118,5.4357,0,24,21,191.851487
30yr_0180m_h490,30,0180,5,level,0.5,118,6.1782,0,16,23,329.760719
30yr_0180m_h490,30,0180,6,level,0.5,118,6.3196,0,14,23,399.219587
30yr_0180m_h490,30,0180,1,level,2.0,118,5.0161,0,48,19,59.969975
30yr_0180m_h490,30,0180,2,level,2.0,118,5.2157,0,30,20,125.05938
30yr_0180m_h490,30,0180,3,level,2.0,118,5.8103,0,30,21,191.294411
30yr_0180m_h490,30,0180,5,level,2.0,118,6.1782,0,20,23,329.063987
30yr_0180m_h490,30,0180,6,level,2.0,118,6.3196,0,15,23,397.40802
30yr_0180m_h490,30,0180,1,near_overflow,2.0,118,6.3174,0,13,33,63.995657
30yr_0180m_h490,30,0180,2,near_overflow,2.0,118,5.4189,0,20,23,127.260319
30yr_0180m_h490,30,0180,3,near_overflow,2.0,118,5.812,0,20,21,193.94789
30yr_0180m_h490,30,0180,5,near_overflow,2.0,118,6.1782,0,17,23,330.459424
30yr_0180m_h490,30,0180,6,near_overflow,2.0,118,6.3881,0,14,23,399.926805
30yr_0180m_h490,30,0180,1,near_overflow,5.0,118,6.3174,0,13,33,63.995657
30yr_0180m_h490,30,0180,2,near_overflow,5.0,118,5.4189,0,20,23,127.260319
30yr_0180m_h490,30,0180,3,near_overflow,5.0,118,5.812,0,20,21,193.94789
30yr_0180m_h490,30,0180,5,near_overflow,5.0,118,6.1782,0,17,23,330.459424
30yr_0180m_h490,30,0180,6,near_overflow,5.0,118,6.3881,0,14,23,399.926805
30yr_0180m_h490,30,0180,1,level,5.0,118,4.9473,0,20,19,57.039667
30yr_0180m_h490,30,0180,2,level,5.0,118,5.0771,0,36,20,121.172217
30yr_0180m_h490,30,0180,3,level,5.0,118,5.8103,0,32,21,190.282852
30yr_0180m_h490,30,0180,5,level,5.0,118,6.0918,0,17,22,325.482211
30yr_0180m_h490,30,0180,6,level,5.0,118,6.234,0,16,23,395.90075
30yr_0180m_h490,30,0180,1,near_overflow,0.5,118,6.3174,0,13,33,63.995657
30yr_0180m_h490,30,0180,2,near_overflow,0.5,118,5.4189,0,20,23,127.260319
30yr_0180m_h490,30,0180,3,near_overflow,0.5,118,5.812,0,20,21,193.94789
30yr_0180m_h490,30,0180,5,near_overflow,0.5,118,6.1782,0,17,23,330.459424
30yr_0180m_h490,30,0180,6,near_overflow,0.5,118,6.3881,0,14,23,399.926805
30yr_0180m_h490,30,0180,1,near_overflow,1.0,118,6.3174,0,13,33,63.995657
30yr_0180m_h490,30,0180,2,near_overflow,1.0,118,5.4189,0,20,23,127.260319
30yr_0180m_h490,30,0180,3,near_overflow,1.0,118,5.812,0,20,21,193.94789
30yr_0180m_h490,30,0180,5,near_overflow,1.0,118,6.1782,0,17,23,330.459424
30yr_0180m_h490,30,0180,6,near_overflow,1.0,118,6.3881,0,14,23,399.926805
20yr_1440m_h1149,20,1440,1,level,0.5,748,5.8239,0,105,76,369.328302
20yr_1440m_h1149,20,1440,2,level,0.5,748,5.1232,0,200,61,750.71972
20yr_1440m_h1149,20,1440,3,level,0.5,748,5.3222,0,140,66,1133.464436
20yr_1440m_h1149,20,1440,5,level,0.5,748,5.7169,0,98,73,1911.89556
20yr_1440m_h1149,20,1440,6,level,0.5,748,5.8288,0,96,76,2309.765705
20yr_1440m_h1149,20,1440,1,near_overflow,0.5,748,6.308,0,71,98,379.011611
20yr_1440m_h1149,20,1440,2,near_overflow,0.5,748,5.3743,0,106,65,760.459276
20yr_1440m_h1149,20,1440,3,near_overflow,0.5,748,5.3222,0,140,66,1134.148463
20yr_1440m_h1149,20,1440,5,near_overflow,0.5,748,5.7169,0,88,73,1910.926876
20yr_1440m_h1149,20,1440,6,near_overflow,0.5,748,5.8288,0,82,76,2305.40742
20yr_1440m_h1149,20,1440,1,near_overflow,2.0,748,6.308,0,71,98,379.011611
20yr_1440m_h1149,20,1440,2,near_overflow,2.0,748,5.3743,0,106,65,760.459276
20yr_1440m_h1149,20,1440,3,near_overflow,2.0,748,5.3222,0,140,66,1134.148463
20yr_1440m_h1149,20,1440,5,near_overflow,2.0,748,5.7169,0,88,73,1910.926876
20yr_1440m_h1149,20,1440,6,near_overflow,2.0,748,5.8288,0,82,76,2305.40742
20yr_1440m_h1149,20,1440,1,near_overflow,1.0,748,6.308,0,71,98,379.011611
20yr_1440m_h1149,20,1440,2,near_overflow,1.0,748,5.3743,0,106,65,760.459276
20yr_1440m_h1149,20,1440,3,near_overflow,1.0,748,5.3222,0,140,66,1134.148463
20yr_1440m_h1149,20,1440,5,near_overflow,1.0,748,5.7169,0,88,73,1910.926876
20yr_1440m_h1149,20,1440,6,near_overflow,1.0,748,5.8288,0,82,76,2305.40742
20yr_1440m_h1120,20,1440,1,level,1.0,748,5.5278,0,148,32,367.108604
20yr_1440m_h1120,20,1440,2,level,1.0,748,5.1052,0,214,27,749.141389
20yr_1440m_h1120,20,1440,3,level,1.0,748,5.2997,0,148,29,1131.979171
20yr_1440m_h1120,20,1440,5,level,1.0,748,5.6715,0,120,31,1912.542605
20yr_1440m_h1120,20,1440,6,level,1.0,748,5.821,0,138,32,2309.335875
30yr_0180m_h417,30,0180,1,level,2.0,118,5.0648,0,52,14,60.378253
30yr_0180m_h417,30,0180,2,level,2.0,118,5.3248,0,30,15,125.687868
30yr_0180m_h417,30,0180,3,level,2.0,118,5.5314,0,28,15,191.40682
30yr_0180m_h417,30,0180,5,level,2.0,118,6.3988,0,33,22,336.68733
30yr_0180m_h417,30,0180,6,level,2.0,118,6.4424,0,28,21,409.196169
20yr_1440m_h1120,20,1440,1,level,2.0,748,4.9198,0,388,25,360.032536
20yr_1440m_h1120,20,1440,2,level,2.0,748,5.1052,0,214,27,739.415793
20yr_1440m_h1120,20,1440,3,level,2.0,748,5.2997,0,174,29,1126.733951
20yr_1440m_h1120,20,1440,5,level,2.0,748,5.6796,0,160,31,1915.080581
20yr_1440m_h1120,20,1440,6,level,2.0,748,5.821,0,156,32,2310.462651
20yr_1440m_h1120,20,1440,1,level,0.5,748,5.8133,0,103,34,368.528644
20yr_1440m_h1120,20,1440,2,level,0.5,748,5.1052,0,214,27,749.141389
20yr_1440m_h1120,20,1440,3,level,0.5,748,5.2997,0,148,29,1131.979171
20yr_1440m_h1120,20,1440,5,level,0.5,748,5.7158,0,98,31,1913.264662
20yr_1440m_h1120,20,1440,6,level,0.5,748,5.8269,0,100,32,2308.870307
30yr_0180m_h417,30,0180,1,level,0.5,118,5.8381,0,32,19,62.156213
30yr_0180m_h417,30,0180,2,level,0.5,118,5.3248,0,30,15,126.637986
30yr_0180m_h417,30,0180,3,level,0.5,118,5.5314,0,25,15,191.616013
30yr_0180m_h417,30,0180,5,level,0.5,118,6.5014,0,16,23,338.787724
30yr_0180m_h417,30,0180,6,level,0.5,118,6.5357,0,20,21,408.891328
30yr_0180m_h417,30,0180,1,level,1.0,118,5.6011,0,31,18,61.952225
30yr_0180m_h417,30,0180,2,level,1.0,118,5.3248,0,30,15,126.613319
30yr_0180m_h417,30,0180,3,level,1.0,118,5.5314,0,25,15,192.000461
30yr_0180m_h417,30,0180,5,level,1.0,118,6.3988,0,29,22,336.834409
30yr_0180m_h417,30,0180,6,level,1.0,118,6.5357,0,22,21,408.91049
30yr_0180m_h417,30,0180,1,level,5.0,118,4.9791,0,32,14,58.562374
30yr_0180m_h417,30,0180,2,level,5.0,118,5.1708,0,39,15,122.874848
30yr_0180m_h417,30,0180,3,level,5.0,118,5.7878,0,33,15,190.488796
30yr_0180m_h417,30,0180,5,level,5.0,118,6.3751,0,27,22,332.940801
30yr_0180m_h417,30,0180,6,level,5.0,118,6.4424,0,35,21,410.229821
30yr_0180m_h417,30,0180,1,near_overflow,0.5,118,6.2652,0,13,22,64.426295
30yr_0180m_h417,30,0180,2,near_overflow,0.5,118,5.48,0,23,16,127.683993
30yr_0180m_h417,30,0180,3,near_overflow,0.5,118,5.8083,0,19,15,193.26407
30yr_0180m_h417,30,0180,5,near_overflow,0.5,118,6.1625,0,22,16,333.364113
30yr_0180m_h417,30,0180,6,near_overflow,0.5,118,6.4424,0,15,16,406.584074
30yr_0180m_h417,30,0180,1,near_overflow,1.0,118,6.2652,0,13,22,64.426295
30yr_0180m_h417,30,0180,2,near_overflow,1.0,118,5.48,0,23,16,127.683993
30yr_0180m_h417,30,0180,3,near_overflow,1.0,118,5.8083,0,19,15,193.26407
30yr_0180m_h417,30,0180,5,near_overflow,1.0,118,6.1625,0,22,16,333.364113
30yr_0180m_h417,30,0180,6,near_overflow,1.0,118,6.4424,0,15,16,406.584074
30yr_0180m_h417,30,0180,1,near_overflow,2.0,118,6.2652,0,13,22,64.426295
30yr_0180m_h417,30,0180,2,near_overflow,2.0,118,5.48,0,23,16,127.683993
30yr_0180m_h417,30,0180,3,near_overflow,2.0,118,5.8083,0,19,15,193.26407
30yr_0180m_h417,30,0180,5,near_overflow,2.0,118,6.1625,0,22,16,333.364113
30yr_0180m_h417,30,0180,6,near_overflow,2.0,118,6.4424,0,15,16,406.584074
30yr_0180m_h417,30,0180,1,near_overflow,5.0,118,6.2652,0,13,22,64.426295
30yr_0180m_h417,30,0180,2,near_overflow,5.0,118,5.48,0,23,16,127.683993
30yr_0180m_h417,30,0180,3,near_overflow,5.0,118,5.8083,0,19,15,193.26407
30yr_0180m_h417,30,0180,5,near_overflow,5.0,118,6.1625,0,22,16,333.364113
30yr_0180m_h417,30,0180,6,near_overflow,5.0,118,6.4424,0,15,16,406.584074
20yr_1440m_h1120,20,1440,1,near_overflow,2.0,748,6.278,0,67,45,378.97461
20yr_1440m_h1120,20,1440,2,near_overflow,2.0,748,5.368,0,124,30,758.290705
20yr_1440m_h1120,20,1440,3,near_overflow,2.0,748,5.2997,0,148,29,1132.749327
20yr_1440m_h1120,20,1440,5,near_overflow,2.0,748,5.7163,0,88,31,1912.580793
20yr_1440m_h1120,20,1440,6,near_overflow,2.0,748,5.843,0,82,32,2305.46127
20yr_1440m_h1120,20,1440,1,near_overflow,1.0,748,6.278,0,67,45,378.97461
20yr_1440m_h1120,20,1440,2,near_overflow,1.0,748,5.368,0,124,30,758.290705
20yr_1440m_h1120,20,1440,3,near_overflow,1.0,748,5.2997,0,148,29,1132.749327
20yr_1440m_h1120,20,1440,5,near_overflow,1.0,748,5.7163,0,88,31,1912.580793
20yr_1440m_h1120,20,1440,6,near_overflow,1.0,748,5.843,0,82,32,2305.46127
20yr_1440m_h1147,20,1440,1,level,2.0,748,4.9197,0,350,54,361.702063
20yr_1440m_h1147,20,1440,2,level,2.0,748,5.1112,0,198,61,741.646963
20yr_1440m_h1147,20,1440,3,level,2.0,748,5.3161,0,160,66,1130.123935
20yr_1440m_h1147,20,1440,5,level,2.0,748,5.7007,0,144,73,1919.216474
20yr_1440m_h1147,20,1440,6,level,2.0,748,5.824,0,142,76,2318.392248
20yr_1440m_h1120,20,1440,1,near_overflow,5.0,748,6.278,0,67,45,378.97461
20yr_1440m_h1120,20,1440,2,near_overflow,5.0,748,5.368,0,124,30,758.290705
20yr_1440m_h1120,20,1440,3,near_overflow,5.0,748,5.2997,0,148,29,1132.749327
20yr_1440m_h1120,20,1440,5,near_overflow,5.0,748,5.7163,0,88,31,1912.580793
20yr_1440m_h1120,20,1440,6,near_overflow,5.0,748,5.843,0,82,32,2305.46127
20yr_1440m_h1147,20,1440,1,level,0.5,748,5.8217,0,108,76,369.046648
20yr_1440m_h1147,20,1440,2,level,0.5,748,5.1112,0,198,61,750.749043
20yr_1440m_h1147,20,1440,3,level,0.5,748,5.3161,0,136,66,1133.655399
20yr_1440m_h1147,20,1440,5,level,0.5,748,5.6872,0,96,73,1911.526495
20yr_1440m_h1147,20,1440,6,level,0.5,748,5.8415,0,106,76,2310.603817
20yr_1440m_h1120,20,1440,1,level,5.0,748,4.9197,0,272,25,349.580187
20yr_1440m_h1120,20,1440,2,level,5.0,748,5.0906,0,282,27,727.753167
20yr_1440m_h1120,20,1440,3,level,5.0,748,5.2758,0,248,29,1117.785801
20yr_1440m_h1120,20,1440,5,level,5.0,748,5.7004,0,227,31,1909.139146
20yr_1440m_h1120,20,1440,6,level,5.0,748,5.8347,0,233,32,2309.525064
20yr_1440m_h1120,20,1440,1,near_overflow,0.5,748,6.278,0,67,45,378.97461
20yr_1440m_h1120,20,1440,2,near_overflow,0.5,748,5.368,0,124,30,758.290705
20yr_1440m_h1120,20,1440,3,near_overflow,0.5,748,5.2997,0,148,29,1132.749327
20yr_1440m_h1120,20,1440,5,near_overflow,0.5,748,5.7163,0,88,31,1912.580793
20yr_1440m_h1120,20,1440,6,near_overflow,0.5,748,5.843,0,82,32,2305.46127
20yr_1440m_h1147,20,1440,1,near_overflow,1.0,748,6.3042,0,69,98,378.902549
20yr_1440m_h1147,20,1440,2,near_overflow,1.0,748,5.3795,0,108,65,759.814781
20yr_1440m_h1147,20,1440,3,near_overflow,1.0,748,5.3161,0,136,66,1134.274661
20yr_1440m_h1147,20,1440,5,near_overflow,1.0,748,5.6872,0,88,73,1910.87015
20yr_1440m_h1147,20,1440,6,near_overflow,1.0,748,5.7924,0,78,76,2305.177467
30yr_0180m_h403,30,0180,1,level,0.5,118,5.843,0,26,19,62.38002
30yr_0180m_h403,30,0180,2,level,0.5,118,5.238,0,30,15,126.546356
30yr_0180m_h403,30,0180,3,level,0.5,118,5.6243,0,27,15,192.655991
30yr_0180m_h403,30,0180,5,level,0.5,118,6.3235,0,24,21,335.780364
30yr_0180m_h403,30,0180,6,level,0.5,118,6.4604,0,22,19,408.497521
30yr_0180m_h403,30,0180,1,level,1.0,118,5.6133,0,33,18,61.689598
30yr_0180m_h403,30,0180,2,level,1.0,118,5.238,0,30,15,126.546356
30yr_0180m_h403,30,0180,3,level,1.0,118,5.6243,0,27,15,192.589311
30yr_0180m_h403,30,0180,5,level,1.0,118,6.3235,0,26,21,336.595562
30yr_0180m_h403,30,0180,6,level,1.0,118,6.4604,0,27,19,408.599443
30yr_0180m_h403,30,0180,1,near_overflow,1.0,118,6.2739,0,10,22,64.664121
30yr_0180m_h403,30,0180,2,near_overflow,1.0,118,5.4183,0,20,16,127.853973
30yr_0180m_h403,30,0180,3,near_overflow,1.0,118,5.7812,0,23,15,192.967007
30yr_0180m_h403,30,0180,5,near_overflow,1.0,118,6.1784,0,19,16,334.409108
30yr_0180m_h403,30,0180,6,near_overflow,1.0,118,6.4604,0,21,16,406.942621
30yr_0180m_h403,30,0180,1,near_overflow,0.5,118,6.2739,0,10,22,64.664121
30yr_0180m_h403,30,0180,2,near_overflow,0.5,118,5.4183,0,20,16,127.853973
30yr_0180m_h403,30,0180,3,near_overflow,0.5,118,5.7812,0,23,15,192.967007
30yr_0180m_h403,30,0180,5,near_overflow,0.5,118,6.1784,0,19,16,334.409108
30yr_0180m_h403,30,0180,6,near_overflow,0.5,118,6.4604,0,21,16,406.942621
30yr_0180m_h403,30,0180,1,near_overflow,2.0,118,6.2739,0,10,22,64.664121
30yr_0180m_h403,30,0180,2,near_overflow,2.0,118,5.4183,0,20,16,127.853973
30yr_0180m_h403,30,0180,3,near_overflow,2.0,118,5.7812,0,23,15,192.967007
30yr_0180m_h403,30,0180,5,near_overflow,2.0,118,6.1784,0,19,16,334.409108
30yr_0180m_h403,30,0180,6,near_overflow,2.0,118,6.4604,0,21,16,406.942621
30yr_0180m_h403,30,0180,1,near_overflow,5.0,118,6.2739,0,10,22,64.664121
30yr_0180m_h403,30,0180,2,near_overflow,5.0,118,5.4183,0,20,16,127.853973
30yr_0180m_h403,30,0180,3,near_overflow,5.0,118,5.7812,0,23,15,192.967007
30yr_0180m_h403,30,0180,5,near_overflow,5.0,118,6.1784,0,19,16,334.409108
30yr_0180m_h403,30,0180,6,near_overflow,5.0,118,6.4604,0,21,16,406.942621
30yr_0180m_h403,30,0180,1,level,2.0,118,5.0407,0,52,14,60.278665
30yr_0180m_h403,30,0180,2,level,2.0,118,5.4328,0,27,15,125.658541
30yr_0180m_h403,30,0180,3,level,2.0,118,5.6243,0,30,15,192.270859
30yr_0180m_h403,30,0180,5,level,2.0,118,6.1874,0,29,20,334.919614
30yr_0180m_h403,30,0180,6,level,2.0,118,6.3882,0,33,19,408.704578
30yr_0180m_h403,30,0180,1,level,5.0,118,4.9722,0,34,14,57.559227
30yr_0180m_h403,30,0180,2,level,5.0,118,5.4328,0,35,15,123.56705
30yr_0180m_h403,30,0180,3,level,5.0,118,5.4218,0,32,15,189.682425
30yr_0180m_h403,30,0180,5,level,5.0,118,6.0452,0,44,15,329.906526
30yr_0180m_h403,30,0180,6,level,5.0,118,6.3882,0,29,19,407.361449
30yr_0180m_h441,30,0180,1,level,0.5,118,5.7751,0,37,23,62.296178
30yr_0180m_h441,30,0180,2,level,0.5,118,5.1892,0,34,17,126.217757
30yr_0180m_h441,30,0180,3,level,0.5,118,5.4908,0,28,18,192.608695
30yr_0180m_h441,30,0180,5,level,0.5,118,6.1478,0,17,19,334.862166
30yr_0180m_h441,30,0180,6,level,0.5,118,6.3588,0,19,20,403.990661
30yr_0180m_h441,30,0180,1,level,1.0,118,5.502,0,36,21,62.01453
30yr_0180m_h441,30,0180,2,level,1.0,118,5.1892,0,34,17,126.170736
30yr_0180m_h441,30,0180,3,level,1.0,118,5.4908,0,26,18,192.324211
30yr_0180m_h441,30,0180,5,level,1.0,118,6.1478,0,22,19,333.636215
30yr_0180m_h441,30,0180,6,level,1.0,118,6.3588,0,21,20,403.531729
30yr_0180m_h441,30,0180,1,level,2.0,118,5.0638,0,49,16,60.604769
30yr_0180m_h441,30,0180,2,level,2.0,118,5.3368,0,36,17,125.127404
30yr_0180m_h441,30,0180,3,level,2.0,118,5.4908,0,27,18,192.005989
30yr_0180m_h441,30,0180,5,level,2.0,118,6.1478,0,27,19,332.269633
30yr_0180m_h441,30,0180,6,level,2.0,118,6.2598,0,18,20,403.757179
30yr_0180m_h441,30,0180,1,near_overflow,1.0,118,6.3051,0,16,30,64.066857
30yr_0180m_h441,30,0180,2,near_overflow,1.0,118,5.38,0,28,20,127.14707
30yr_0180m_h441,30,0180,3,near_overflow,1.0,118,5.7279,0,20,18,193.71708
30yr_0180m_h441,30,0180,5,near_overflow,1.0,118,6.1478,0,14,19,335.153415
30yr_0180m_h441,30,0180,6,near_overflow,1.0,118,6.4273,0,14,20,404.231085
20yr_1440m_h1147,20,1440,1,level,1.0,748,5.5572,0,153,69,367.329535
20yr_1440m_h1147,20,1440,2,level,1.0,748,5.1112,0,198,61,750.749043
20yr_1440m_h1147,20,1440,3,level,1.0,748,5.3161,0,136,66,1133.655399
20yr_1440m_h1147,20,1440,5,level,1.0,748,5.7247,0,112,73,1917.171798
20yr_1440m_h1147,20,1440,6,level,1.0,748,5.8542,0,122,76,2316.61714
30yr_0180m_h441,30,0180,1,near_overflow,2.0,118,6.3051,0,16,30,64.066857
30yr_0180m_h441,30,0180,2,near_overflow,2.0,118,5.38,0,28,20,127.14707
30yr_0180m_h441,30,0180,3,near_overflow,2.0,118,5.7279,0,20,18,193.71708
30yr_0180m_h441,30,0180,5,near_overflow,2.0,118,6.1478,0,14,19,335.153415
30yr_0180m_h441,30,0180,6,near_overflow,2.0,118,6.4273,0,14,20,404.231085
30yr_0180m_h441,30,0180,1,near_overflow,5.0,118,6.3051,0,16,30,64.066857
30yr_0180m_h441,30,0180,2,near_overflow,5.0,118,5.38,0,28,20,127.14707
30yr_0180m_h441,30,0180,3,near_overflow,5.0,118,5.7279,0,20,18,193.71708
30yr_0180m_h441,30,0180,5,near_overflow,5.0,118,6.1478,0,14,19,335.153415
30yr_0180m_h441,30,0180,6,near_overflow,5.0,118,6.4273,0,14,20,404.231085
30yr_0180m_h476,30,0180,1,level,0.5,118,5.7324,0,27,26,62.387419
30yr_0180m_h476,30,0180,2,level,0.5,118,5.2184,0,28,21,126.116534
30yr_0180m_h476,30,0180,3,level,0.5,118,5.3816,0,20,22,191.726063
30yr_0180m_h476,30,0180,5,level,0.5,118,6.1807,0,16,23,327.958442
30yr_0180m_h476,30,0180,6,level,0.5,118,6.6859,0,18,23,405.837437
30yr_0180m_h441,30,0180,1,level,5.0,118,4.9555,0,26,16,57.325666
30yr_0180m_h441,30,0180,2,level,5.0,118,5.4109,0,35,17,123.381055
30yr_0180m_h441,30,0180,3,level,5.0,118,5.792,0,33,18,190.987631
30yr_0180m_h441,30,0180,5,level,5.0,118,6.1478,0,27,19,330.537712
30yr_0180m_h441,30,0180,6,level,5.0,118,6.3027,0,29,20,400.943401
30yr_0180m_h476,30,0180,1,level,2.0,118,4.9939,0,52,19,60.048591
30yr_0180m_h476,30,0180,2,level,2.0,118,5.2184,0,28,21,125.100917
30yr_0180m_h476,30,0180,3,level,2.0,118,5.3816,0,25,22,190.947046
30yr_0180m_h476,30,0180,5,level,2.0,118,6.0827,0,19,23,326.576583
30yr_0180m_h476,30,0180,6,level,2.0,118,6.322,0,23,23,402.238262
30yr_0180m_h441,30,0180,1,near_overflow,0.5,118,6.3051,0,16,30,64.066857
30yr_0180m_h441,30,0180,2,near_overflow,0.5,118,5.38,0,28,20,127.14707
30yr_0180m_h441,30,0180,3,near_overflow,0.5,118,5.7279,0,20,18,193.71708
30yr_0180m_h441,30,0180,5,near_overflow,0.5,118,6.1478,0,14,19,335.153415
30yr_0180m_h441,30,0180,6,near_overflow,0.5,118,6.4273,0,14,20,404.231085
30yr_0180m_h476,30,0180,1,level,1.0,118,5.4707,0,27,24,62.110157
30yr_0180m_h476,30,0180,2,level,1.0,118,5.2184,0,28,21,126.09244
30yr_0180m_h476,30,0180,3,level,1.0,118,5.3816,0,20,22,191.726063
30yr_0180m_h476,30,0180,5,level,1.0,118,6.0827,0,17,23,328.602166
30yr_0180m_h476,30,0180,6,level,1.0,118,6.322,0,20,23,402.636562
30yr_0180m_h476,30,0180,1,level,5.0,118,4.9272,0,22,19,56.542152
30yr_0180m_h476,30,0180,2,level,5.0,118,5.0496,0,34,20,123.122252
30yr_0180m_h476,30,0180,3,level,5.0,118,5.6937,0,32,21,188.871605
30yr_0180m_h476,30,0180,5,level,5.0,118,6.0499,0,27,23,325.670734
30yr_0180m_h476,30,0180,6,level,5.0,118,6.322,0,28,23,398.80963
30yr_0180m_h476,30,0180,1,near_overflow,0.5,118,6.306,0,15,33,63.812179
30yr_0180m_h476,30,0180,2,near_overflow,0.5,118,5.5105,0,19,23,127.533859
30yr_0180m_h476,30,0180,3,near_overflow,0.5,118,5.8172,0,16,22,193.694367
30yr_0180m_h476,30,0180,5,near_overflow,0.5,118,6.1921,0,18,23,330.973002
30yr_0180m_h476,30,0180,6,near_overflow,0.5,118,6.333,0,14,23,399.123887
30yr_0180m_h476,30,0180,1,near_overflow,2.0,118,6.306,0,15,33,63.812179
30yr_0180m_h476,30,0180,2,near_overflow,2.0,118,5.5105,0,19,23,127.533859
30yr_0180m_h476,30,0180,3,near_overflow,2.0,118,5.8172,0,16,22,193.694367
30yr_0180m_h476,30,0180,5,near_overflow,2.0,118,6.1921,0,18,23,330.973002
30yr_0180m_h476,30,0180,6,near_overflow,2.0,118,6.333,0,14,23,399.123887
30yr_0240m_h619,30,0240,1,level,0.5,148,5.8546,0,43,30,76.851503
30yr_0240m_h619,30,0240,2,level,0.5,148,5.2754,0,36,24,157.260335
30yr_0240m_h619,30,0240,3,level,0.5,148,5.476,0,34,25,239.515966
30yr_0240m_h619,30,0240,5,level,0.5,148,6.2121,0,23,27,411.968453
30yr_0240m_h619,30,0240,6,level,0.5,148,6.71,0,26,28,506.008387
20yr_1440m_h1147,20,1440,1,near_overflow,5.0,748,6.3042,0,69,98,378.902549
20yr_1440m_h1147,20,1440,2,near_overflow,5.0,748,5.3795,0,108,65,759.814781
20yr_1440m_h1147,20,1440,3,near_overflow,5.0,748,5.3161,0,136,66,1134.274661
20yr_1440m_h1147,20,1440,5,near_overflow,5.0,748,5.6872,0,88,73,1910.87015
20yr_1440m_h1147,20,1440,6,near_overflow,5.0,748,5.7924,0,78,76,2305.177467
30yr_0240m_h619,30,0240,1,level,1.0,148,5.4583,0,41,28,77.383116
30yr_0240m_h619,30,0240,2,level,1.0,148,5.2754,0,36,24,157.238898
30yr_0240m_h619,30,0240,3,level,1.0,148,5.476,0,33,25,239.078248
30yr_0240m_h619,30,0240,5,level,1.0,148,6.2121,0,29,27,412.999462
30yr_0240m_h619,30,0240,6,level,1.0,148,6.71,0,28,28,506.953484
30yr_0240m_h619,30,0240,1,level,5.0,148,4.933,0,29,22,71.956206
30yr_0240m_h619,30,0240,2,level,5.0,148,5.1065,0,45,23,153.959934
30yr_0240m_h619,30,0240,3,level,5.0,148,5.3273,0,43,25,236.323944
30yr_0240m_h619,30,0240,5,level,5.0,148,6.212,0,36,27,409.446161
30yr_0240m_h619,30,0240,6,level,5.0,148,6.4207,0,37,27,500.524388
30yr_0180m_h476,30,0180,1,near_overflow,1.0,118,6.306,0,15,33,63.812179
30yr_0180m_h476,30,0180,2,near_overflow,1.0,118,5.5105,0,19,23,127.533859
30yr_0180m_h476,30,0180,3,near_overflow,1.0,118,5.8172,0,16,22,193.694367
30yr_0180m_h476,30,0180,5,near_overflow,1.0,118,6.1921,0,18,23,330.973002
30yr_0180m_h476,30,0180,6,near_overflow,1.0,118,6.333,0,14,23,399.123887
30yr_0180m_h476,30,0180,1,near_overflow,5.0,118,6.306,0,15,33,63.812179
30yr_0180m_h476,30,0180,2,near_overflow,5.0,118,5.5105,0,19,23,127.533859
30yr_0180m_h476,30,0180,3,near_overflow,5.0,118,5.8172,0,16,22,193.694367
30yr_0180m_h476,30,0180,5,near_overflow,5.0,118,6.1921,0,18,23,330.973002
30yr_0180m_h476,30,0180,6,near_overflow,5.0,118,6.333,0,14,23,399.123887
30yr_0240m_h619,30,0240,1,near_overflow,0.5,148,6.2549,0,18,38,79.741338
30yr_0240m_h619,30,0240,2,near_overflow,0.5,148,5.4491,0,30,26,158.837726
30yr_0240m_h619,30,0240,3,near_overflow,0.5,148,5.7894,0,26,25,240.881223
30yr_0240m_h619,30,0240,5,near_overflow,0.5,148,6.2121,0,18,27,412.272882
30yr_0240m_h619,30,0240,6,near_overflow,0.5,148,6.4206,0,20,28,500.426432
30yr_0240m_h619,30,0240,1,level,2.0,148,5.0735,0,64,22,75.221206
30yr_0240m_h619,30,0240,2,level,2.0,148,5.2754,0,36,24,155.978584
30yr_0240m_h619,30,0240,3,level,2.0,148,5.476,0,36,25,238.63316
30yr_0240m_h619,30,0240,5,level,2.0,148,6.212,0,35,27,413.264768
30yr_0240m_h619,30,0240,6,level,2.0,148,6.4207,0,31,28,502.774987
30yr_0240m_h619,30,0240,1,near_overflow,1.0,148,6.2549,0,18,38,79.741338
30yr_0240m_h619,30,0240,2,near_overflow,1.0,148,5.4491,0,30,26,158.837726
30yr_0240m_h619,30,0240,3,near_overflow,1.0,148,5.7894,0,26,25,240.881223
30yr_0240m_h619,30,0240,5,near_overflow,1.0,148,6.2121,0,18,27,412.272882
30yr_0240m_h619,30,0240,6,near_overflow,1.0,148,6.4206,0,20,28,500.426432
30yr_0240m_h619,30,0240,1,near_overflow,2.0,148,6.2549,0,18,38,79.741338
30yr_0240m_h619,30,0240,2,near_overflow,2.0,148,5.4491,0,30,26,158.837726
30yr_0240m_h619,30,0240,3,near_overflow,2.0,148,5.7894,0,26,25,240.881223
30yr_0240m_h619,30,0240,5,near_overflow,2.0,148,6.2121,0,18,27,412.272882
30yr_0240m_h619,30,0240,6,near_overflow,2.0,148,6.4206,0,20,28,500.426432
30yr_0240m_h619,30,0240,1,near_overflow,5.0,148,6.2549,0,18,38,79.741338
30yr_0240m_h619,30,0240,2,near_overflow,5.0,148,5.4491,0,30,26,158.837726
30yr_0240m_h619,30,0240,3,near_overflow,5.0,148,5.7894,0,26,25,240.881223
30yr_0240m_h619,30,0240,5,near_overflow,5.0,148,6.2121,0,18,27,412.272882
30yr_0240m_h619,30,0240,6,near_overflow,5.0,148,6.4206,0,20,28,500.426432
30yr_0240m_h608,30,0240,1,level,2.0,148,5.0687,0,65,22,74.874615
30yr_0240m_h608,30,0240,2,level,2.0,148,5.2683,0,45,24,155.102748
30yr_0240m_h608,30,0240,3,level,2.0,148,5.5532,0,34,26,238.333775
30yr_0240m_h608,30,0240,5,level,2.0,148,6.1092,0,32,27,410.457522
30yr_0240m_h608,30,0240,6,level,2.0,148,6.2129,0,31,28,494.918756
30yr_0240m_h608,30,0240,1,near_overflow,0.5,148,6.3003,0,19,39,79.623597
30yr_0240m_h608,30,0240,2,near_overflow,0.5,148,5.4084,0,26,27,158.585621
30yr_0240m_h608,30,0240,3,near_overflow,0.5,148,5.8103,0,29,26,239.632996
30yr_0240m_h608,30,0240,5,near_overflow,0.5,148,6.2281,0,22,27,411.633711
30yr_0240m_h608,30,0240,6,near_overflow,0.5,148,6.7758,0,17,28,505.939561
30yr_0240m_h608,30,0240,1,level,5.0,148,4.9666,0,31,22,71.958654
30yr_0240m_h608,30,0240,2,level,5.0,148,5.191,0,53,24,152.83461
30yr_0240m_h608,30,0240,3,level,5.0,148,5.5532,0,46,25,235.878414
30yr_0240m_h608,30,0240,5,level,5.0,148,6.1615,0,42,27,407.4829
30yr_0240m_h608,30,0240,6,level,5.0,148,6.4483,0,35,28,495.902199
20yr_1440m_h1147,20,1440,1,near_overflow,2.0,748,6.3042,0,69,98,378.902549
20yr_1440m_h1147,20,1440,2,near_overflow,2.0,748,5.3795,0,108,65,759.814781
20yr_1440m_h1147,20,1440,3,near_overflow,2.0,748,5.3161,0,136,66,1134.274661
20yr_1440m_h1147,20,1440,5,near_overflow,2.0,748,5.6872,0,88,73,1910.87015
20yr_1440m_h1147,20,1440,6,near_overflow,2.0,748,5.7924,0,78,76,2305.177467
20yr_1440m_h1147,20,1440,1,level,5.0,748,4.9189,0,248,54,353.884823
20yr_1440m_h1147,20,1440,2,level,5.0,748,5.0747,0,264,60,730.755574
20yr_1440m_h1147,20,1440,3,level,5.0,748,5.2847,0,226,65,1120.812567
20yr_1440m_h1147,20,1440,5,level,5.0,748,5.7053,0,176,73,1911.731544
20yr_1440m_h1147,20,1440,6,level,5.0,748,5.8369,0,178,76,2311.235703
30yr_0240m_h608,30,0240,1,near_overflow,1.0,148,6.3003,0,19,39,79.623597
30yr_0240m_h608,30,0240,2,near_overflow,1.0,148,5.4084,0,26,27,158.585621
30yr_0240m_h608,30,0240,3,near_overflow,1.0,148,5.8103,0,29,26,239.632996
30yr_0240m_h608,30,0240,5,near_overflow,1.0,148,6.2281,0,22,27,411.633711
30yr_0240m_h608,30,0240,6,near_overflow,1.0,148,6.7758,0,17,28,505.939561
20yr_1440m_h1147,20,1440,1,near_overflow,0.5,748,6.3042,0,69,98,378.902549
20yr_1440m_h1147,20,1440,2,near_overflow,0.5,748,5.3795,0,108,65,759.814781
20yr_1440m_h1147,20,1440,3,near_overflow,0.5,748,5.3161,0,136,66,1134.274661
20yr_1440m_h1147,20,1440,5,near_overflow,0.5,748,5.6872,0,88,73,1910.87015
20yr_1440m_h1147,20,1440,6,near_overflow,0.5,748,5.7924,0,78,76,2305.177467
30yr_0240m_h608,30,0240,1,level,0.5,148,5.7878,0,37,31,77.155651
30yr_0240m_h608,30,0240,2,level,0.5,148,5.3263,0,45,24,156.317746
30yr_0240m_h608,30,0240,3,level,0.5,148,5.5532,0,32,26,239.164084
30yr_0240m_h608,30,0240,5,level,0.5,148,6.1092,0,25,27,411.263746
30yr_0240m_h608,30,0240,6,level,0.5,148,6.372,0,19,28,497.633327
30yr_0240m_h608,30,0240,1,near_overflow,2.0,148,6.3003,0,19,39,79.623597
30yr_0240m_h608,30,0240,2,near_overflow,2.0,148,5.4084,0,26,27,158.585621
30yr_0240m_h608,30,0240,3,near_overflow,2.0,148,5.8103,0,29,26,239.632996
30yr_0240m_h608,30,0240,5,near_overflow,2.0,148,6.2281,0,22,27,411.633711
30yr_0240m_h608,30,0240,6,near_overflow,2.0,148,6.7758,0,17,28,505.939561
30yr_0240m_h608,30,0240,1,near_overflow,5.0,148,6.3003,0,19,39,79.623597
30yr_0240m_h608,30,0240,2,near_overflow,5.0,148,5.4084,0,26,27,158.585621
30yr_0240m_h608,30,0240,3,near_overflow,5.0,148,5.8103,0,29,26,239.632996
30yr_0240m_h608,30,0240,5,near_overflow,5.0,148,6.2281,0,22,27,411.633711
30yr_0240m_h608,30,0240,6,near_overflow,5.0,148,6.7758,0,17,28,505.939561
30yr_0240m_h608,30,0240,1,level,1.0,148,5.501,0,37,28,76.697613
30yr_0240m_h608,30,0240,2,level,1.0,148,5.3263,0,45,24,156.232526
30yr_0240m_h608,30,0240,3,level,1.0,148,5.5532,0,30,26,239.072171
30yr_0240m_h608,30,0240,5,level,1.0,148,6.1092,0,29,27,411.659531
30yr_0240m_h608,30,0240,6,level,1.0,148,6.372,0,25,28,498.67808
30yr_0240m_h529,30,0240,1,level,0.5,148,5.8588,0,25,23,78.2132
30yr_0240m_h529,30,0240,2,level,0.5,148,5.4144,0,32,18,158.791191
30yr_0240m_h529,30,0240,3,level,0.5,148,5.6653,0,26,18,239.978995
30yr_0240m_h529,30,0240,5,level,0.5,148,6.2174,0,18,19,418.317217
30yr_0240m_h529,30,0240,6,level,0.5,148,6.5764,0,19,19,509.159857
30yr_0240m_h529,30,0240,1,level,1.0,148,5.4792,0,37,21,77.211108
30yr_0240m_h529,30,0240,2,level,1.0,148,5.4144,0,32,18,158.765113
30yr_0240m_h529,30,0240,3,level,1.0,148,5.5033,0,22,18,240.386005
30yr_0240m_h529,30,0240,5,level,1.0,148,6.2174,0,21,19,418.597885
30yr_0240m_h529,30,0240,6,level,1.0,148,6.5764,0,21,19,509.588994
30yr_0240m_h529,30,0240,1,near_overflow,0.5,148,6.3411,0,13,27,80.271268
30yr_0240m_h529,30,0240,2,near_overflow,0.5,148,5.4664,0,20,20,159.901982
30yr_0240m_h529,30,0240,3,near_overflow,0.5,148,5.8137,0,28,18,242.070907
30yr_0240m_h529,30,0240,5,near_overflow,0.5,148,6.2174,0,18,19,417.649733
30yr_0240m_h529,30,0240,6,near_overflow,0.5,148,6.5764,0,11,19,510.718938
30yr_0240m_h574,30,0240,1,level,0.5,148,5.8015,0,29,27,78.081988
30yr_0240m_h574,30,0240,2,level,0.5,148,5.2787,0,38,21,157.169621
30yr_0240m_h574,30,0240,3,level,0.5,148,5.6812,0,22,22,240.165243
30yr_0240m_h574,30,0240,5,level,0.5,148,6.2627,0,21,23,415.963807
30yr_0240m_h574,30,0240,6,level,0.5,148,6.3848,0,17,24,505.602402
30yr_0240m_h529,30,0240,1,near_overflow,5.0,148,6.3411,0,13,27,80.271268
30yr_0240m_h529,30,0240,2,near_overflow,5.0,148,5.4664,0,20,20,159.901982
30yr_0240m_h529,30,0240,3,near_overflow,5.0,148,5.8137,0,28,18,242.070907
30yr_0240m_h529,30,0240,5,near_overflow,5.0,148,6.2174,0,18,19,417.649733
30yr_0240m_h529,30,0240,6,near_overflow,5.0,148,6.5764,0,11,19,510.718938
30yr_0240m_h574,30,0240,1,level,2.0,148,5.0593,0,49,19,75.746828
30yr_0240m_h574,30,0240,2,level,2.0,148,5.2787,0,38,21,156.098618
30yr_0240m_h574,30,0240,3,level,2.0,148,5.6812,0,26,22,239.931403
30yr_0240m_h574,30,0240,5,level,2.0,148,6.2627,0,24,23,416.279452
30yr_0240m_h574,30,0240,6,level,2.0,148,6.3848,0,24,24,502.908145
30yr_0240m_h574,30,0240,1,level,5.0,148,4.9584,0,30,19,73.612807
30yr_0240m_h574,30,0240,2,level,5.0,148,5.1993,0,35,20,154.197209
30yr_0240m_h574,30,0240,3,level,5.0,148,5.8122,0,33,21,238.896253
30yr_0240m_h574,30,0240,5,level,5.0,148,6.2627,0,30,23,414.435861
30yr_0240m_h574,30,0240,6,level,5.0,148,6.2507,0,30,23,499.271175
30yr_0240m_h574,30,0240,1,near_overflow,0.5,148,6.2872,0,16,35,79.771982
30yr_0240m_h574,30,0240,2,near_overflow,0.5,148,5.4481,0,25,23,159.620549
30yr_0240m_h574,30,0240,3,near_overflow,0.5,148,5.8217,0,22,22,241.191513
30yr_0240m_h574,30,0240,5,near_overflow,0.5,148,6.2627,0,18,23,416.230031
30yr_0240m_h574,30,0240,6,near_overflow,0.5,148,6.3848,0,16,24,502.821275
30yr_0240m_h529,30,0240,1,level,2.0,148,5.0612,0,60,17,75.818868
30yr_0240m_h529,30,0240,2,level,2.0,148,5.4144,0,32,18,157.497885
30yr_0240m_h529,30,0240,3,level,2.0,148,5.5033,0,28,18,239.783541
30yr_0240m_h529,30,0240,5,level,2.0,148,6.2174,0,24,19,418.243834
30yr_0240m_h529,30,0240,6,level,2.0,148,6.5764,0,22,19,511.3785
30yr_0240m_h529,30,0240,1,level,5.0,148,4.9565,0,36,17,73.742652
30yr_0240m_h529,30,0240,2,level,5.0,148,5.2066,0,43,18,153.156452
30yr_0240m_h529,30,0240,3,level,5.0,148,5.6535,0,40,18,238.320211
30yr_0240m_h529,30,0240,5,level,5.0,148,6.2174,0,26,19,415.269629
30yr_0240m_h529,30,0240,6,level,5.0,148,6.5764,0,27,19,510.592091
30yr_0240m_h574,30,0240,1,near_overflow,2.0,148,6.2872,0,16,35,79.771982
30yr_0240m_h574,30,0240,2,near_overflow,2.0,148,5.4481,0,25,23,159.620549
30yr_0240m_h574,30,0240,3,near_overflow,2.0,148,5.8217,0,22,22,241.191513
30yr_0240m_h574,30,0240,5,near_overflow,2.0,148,6.2627,0,18,23,416.230031
30yr_0240m_h574,30,0240,6,near_overflow,2.0,148,6.3848,0,16,24,502.821275
30yr_0240m_h529,30,0240,1,near_overflow,1.0,148,6.3411,0,13,27,80.271268
30yr_0240m_h529,30,0240,2,near_overflow,1.0,148,5.4664,0,20,20,159.901982
30yr_0240m_h529,30,0240,3,near_overflow,1.0,148,5.8137,0,28,18,242.070907
30yr_0240m_h529,30,0240,5,near_overflow,1.0,148,6.2174,0,18,19,417.649733
30yr_0240m_h529,30,0240,6,near_overflow,1.0,148,6.5764,0,11,19,510.718938
30yr_0240m_h574,30,0240,1,near_overflow,5.0,148,6.2872,0,16,35,79.771982
30yr_0240m_h574,30,0240,2,near_overflow,5.0,148,5.4481,0,25,23,159.620549
30yr_0240m_h574,30,0240,3,near_overflow,5.0,148,5.8217,0,22,22,241.191513
30yr_0240m_h574,30,0240,5,near_overflow,5.0,148,6.2627,0,18,23,416.230031
30yr_0240m_h574,30,0240,6,near_overflow,5.0,148,6.3848,0,16,24,502.821275
30yr_0240m_h574,30,0240,1,near_overflow,1.0,148,6.2872,0,16,35,79.771982
30yr_0240m_h574,30,0240,2,near_overflow,1.0,148,5.4481,0,25,23,159.620549
30yr_0240m_h574,30,0240,3,near_overflow,1.0,148,5.8217,0,22,22,241.191513
30yr_0240m_h574,30,0240,5,near_overflow,1.0,148,6.2627,0,18,23,416.230031
30yr_0240m_h574,30,0240,6,near_overflow,1.0,148,6.3848,0,16,24,502.821275
30yr_0240m_h529,30,0240,1,near_overflow,2.0,148,6.3411,0,13,27,80.271268
30yr_0240m_h529,30,0240,2,near_overflow,2.0,148,5.4664,0,20,20,159.901982
30yr_0240m_h529,30,0240,3,near_overflow,2.0,148,5.8137,0,28,18,242.070907
30yr_0240m_h529,30,0240,5,near_overflow,2.0,148,6.2174,0,18,19,417.649733
30yr_0240m_h529,30,0240,6,near_overflow,2.0,148,6.5764,0,11,19,510.718938
30yr_0240m_h574,30,0240,1,level,1.0,148,5.4638,0,35,24,76.883893
30yr_0240m_h574,30,0240,2,level,1.0,148,5.2787,0,38,21,157.142481
30yr_0240m_h574,30,0240,3,level,1.0,148,5.6812,0,22,22,240.165243
30yr_0240m_h574,30,0240,5,level,1.0,148,6.2627,0,23,23,416.656516
30yr_0240m_h574,30,0240,6,level,1.0,148,6.3848,0,24,24,503.512036
30yr_0240m_h597,30,0240,1,level,0.5,148,5.7897,0,40,31,77.348893
30yr_0240m_h597,30,0240,2,level,0.5,148,5.3009,0,46,24,156.556286
30yr_0240m_h597,30,0240,3,level,0.5,148,5.5125,0,34,26,238.656641
30yr_0240m_h597,30,0240,5,level,0.5,148,6.1028,0,25,27,411.384494
30yr_0240m_h597,30,0240,6,level,0.5,148,6.3662,0,23,28,497.082092
30yr_0240m_h597,30,0240,1,level,1.0,148,5.4934,0,37,28,76.667568
30yr_0240m_h597,30,0240,2,level,1.0,148,5.3009,0,46,24,156.53169
30yr_0240m_h597,30,0240,3,level,1.0,148,5.5125,0,34,26,238.656641
30yr_0240m_h597,30,0240,5,level,1.0,148,6.1028,0,25,27,411.834603
30yr_0240m_h597,30,0240,6,level,1.0,148,6.3662,0,27,28,497.559118
20yr_1440m_h1231,20,1440,1,level,0.5,748,5.8181,0,127,93,366.525784
20yr_1440m_h1231,20,1440,2,level,0.5,748,5.1132,0,236,68,747.328263
20yr_1440m_h1231,20,1440,3,level,0.5,748,5.3109,0,166,77,1129.41498
20yr_1440m_h1231,20,1440,5,level,0.5,748,5.6686,0,122,91,1908.707183
20yr_1440m_h1231,20,1440,6,level,0.5,748,5.8137,0,120,97,2304.770863
20yr_1440m_h1231,20,1440,1,level,1.0,748,5.5702,0,169,80,363.791173
20yr_1440m_h1231,20,1440,2,level,1.0,748,5.1132,0,236,68,747.328263
20yr_1440m_h1231,20,1440,3,level,1.0,748,5.3109,0,166,77,1129.41498
20yr_1440m_h1231,20,1440,5,level,1.0,748,5.6686,0,146,91,1911.412348
20yr_1440m_h1231,20,1440,6,level,1.0,748,5.8137,0,168,97,2309.780771
20yr_1440m_h1231,20,1440,1,near_overflow,2.0,748,6.3056,0,72,133,378.673143
20yr_1440m_h1231,20,1440,2,near_overflow,2.0,748,5.3866,0,120,74,759.038171
20yr_1440m_h1231,20,1440,3,near_overflow,2.0,748,5.3109,0,166,77,1130.141015
20yr_1440m_h1231,20,1440,5,near_overflow,2.0,748,5.7127,0,106,91,1906.725034
20yr_1440m_h1231,20,1440,6,near_overflow,2.0,748,5.8137,0,102,97,2299.346939
30yr_0240m_h597,30,0240,1,near_overflow,0.5,148,6.3004,0,19,39,79.616512
30yr_0240m_h597,30,0240,2,near_overflow,0.5,148,5.3965,0,26,27,158.476305
30yr_0240m_h597,30,0240,3,near_overflow,0.5,148,5.8293,0,28,26,239.773194
30yr_0240m_h597,30,0240,5,near_overflow,0.5,148,6.2224,0,23,27,411.560303
30yr_0240m_h597,30,0240,6,near_overflow,0.5,148,6.7719,0,19,28,505.136622
20yr_1440m_h1231,20,1440,1,near_overflow,0.5,748,6.3056,0,72,133,378.673143
20yr_1440m_h1231,20,1440,2,near_overflow,0.5,748,5.3866,0,120,74,759.038171
20yr_1440m_h1231,20,1440,3,near_overflow,0.5,748,5.3109,0,166,77,1130.141015
20yr_1440m_h1231,20,1440,5,near_overflow,0.5,748,5.7127,0,106,91,1906.725034
20yr_1440m_h1231,20,1440,6,near_overflow,0.5,748,5.8137,0,102,97,2299.346939
30yr_0240m_h597,30,0240,1,level,2.0,148,5.0697,0,60,22,75.324636
30yr_0240m_h597,30,0240,2,level,2.0,148,5.2897,0,44,24,155.08619
30yr_0240m_h597,30,0240,3,level,2.0,148,5.5125,0,34,26,238.21461
30yr_0240m_h597,30,0240,5,level,2.0,148,6.1028,0,29,27,410.787085
30yr_0240m_h597,30,0240,6,level,2.0,148,6.2061,0,27,28,495.752096
30yr_0240m_h597,30,0240,1,level,5.0,148,4.9628,0,31,22,71.942165
30yr_0240m_h597,30,0240,2,level,5.0,148,5.1754,0,50,24,152.989221
30yr_0240m_h597,30,0240,3,level,5.0,148,5.8001,0,45,25,235.972631
30yr_0240m_h597,30,0240,5,level,5.0,148,6.1555,0,40,27,407.639324
30yr_0240m_h597,30,0240,6,level,5.0,148,6.4431,0,39,28,496.560302
30yr_0240m_h597,30,0240,1,near_overflow,1.0,148,6.3004,0,19,39,79.616512
30yr_0240m_h597,30,0240,2,near_overflow,1.0,148,5.3965,0,26,27,158.476305
30yr_0240m_h597,30,0240,3,near_overflow,1.0,148,5.8293,0,28,26,239.773194
30yr_0240m_h597,30,0240,5,near_overflow,1.0,148,6.2224,0,23,27,411.560303
30yr_0240m_h597,30,0240,6,near_overflow,1.0,148,6.7719,0,19,28,505.136622
30yr_0240m_h597,30,0240,1,near_overflow,2.0,148,6.3004,0,19,39,79.616512
30yr_0240m_h597,30,0240,2,near_overflow,2.0,148,5.3965,0,26,27,158.476305
30yr_0240m_h597,30,0240,3,near_overflow,2.0,148,5.8293,0,28,26,239.773194
30yr_0240m_h597,30,0240,5,near_overflow,2.0,148,6.2224,0,23,27,411.560303
30yr_0240m_h597,30,0240,6,near_overflow,2.0,148,6.7719,0,19,28,505.136622
30yr_0240m_h597,30,0240,1,near_overflow,5.0,148,6.3004,0,19,39,79.616512
30yr_0240m_h597,30,0240,2,near_overflow,5.0,148,5.3965,0,26,27,158.476305
30yr_0240m_h597,30,0240,3,near_overflow,5.0,148,5.8293,0,28,26,239.773194
30yr_0240m_h597,30,0240,5,near_overflow,5.0,148,6.2224,0,23,27,411.560303
30yr_0240m_h597,30,0240,6,near_overflow,5.0,148,6.7719,0,19,28,505.136622
20yr_1440m_h1231,20,1440,1,near_overflow,5.0,748,6.3056,0,72,133,378.673143
20yr_1440m_h1231,20,1440,2,near_overflow,5.0,748,5.3866,0,120,74,759.038171
20yr_1440m_h1231,20,1440,3,near_overflow,5.0,748,5.3109,0,166,77,1130.141015
20yr_1440m_h1231,20,1440,5,near_overflow,5.0,748,5.7127,0,106,91,1906.725034
20yr_1440m_h1231,20,1440,6,near_overflow,5.0,748,5.8137,0,102,97,2299.346939
20yr_1440m_h1165,20,1440,1,level,0.5,748,5.8187,0,101,76,369.97093
20yr_1440m_h1165,20,1440,2,level,0.5,748,5.1261,0,198,61,750.535835
20yr_1440m_h1165,20,1440,3,level,0.5,748,5.2972,0,136,66,1133.539911
20yr_1440m_h1165,20,1440,5,level,0.5,748,5.6345,0,94,73,1913.191333
20yr_1440m_h1165,20,1440,6,level,0.5,748,5.8048,0,94,76,2309.5721
20yr_1440m_h1165,20,1440,1,level,5.0,748,4.9199,0,248,54,353.194008
20yr_1440m_h1165,20,1440,2,level,5.0,748,5.0796,0,260,60,730.878062
20yr_1440m_h1165,20,1440,3,level,5.0,748,5.2989,0,214,65,1121.871864
20yr_1440m_h1165,20,1440,5,level,5.0,748,5.7007,0,180,73,1913.200851
20yr_1440m_h1165,20,1440,6,level,5.0,748,5.8298,0,182,76,2307.180214
20yr_1440m_h1165,20,1440,1,near_overflow,0.5,748,6.2949,0,59,98,379.479478
20yr_1440m_h1165,20,1440,2,near_overflow,0.5,748,5.3718,0,108,65,759.998946
20yr_1440m_h1165,20,1440,3,near_overflow,0.5,748,5.2972,0,136,66,1134.220035
20yr_1440m_h1165,20,1440,5,near_overflow,0.5,748,5.7584,0,82,73,1913.017868
20yr_1440m_h1165,20,1440,6,near_overflow,0.5,748,5.8545,0,74,76,2310.114088
20yr_1440m_h1165,20,1440,1,near_overflow,1.0,748,6.2949,0,59,98,379.479478
20yr_1440m_h1165,20,1440,2,near_overflow,1.0,748,5.3718,0,108,65,759.998946
20yr_1440m_h1165,20,1440,3,near_overflow,1.0,748,5.2972,0,136,66,1134.220035
20yr_1440m_h1165,20,1440,5,near_overflow,1.0,748,5.7584,0,82,73,1913.017868
20yr_1440m_h1165,20,1440,6,near_overflow,1.0,748,5.8545,0,74,76,2310.114088
20yr_1440m_h1231,20,1440,1,level,5.0,748,4.9197,0,236,57,345.404427
20yr_1440m_h1231,20,1440,2,level,5.0,748,5.0727,0,310,66,725.848706
20yr_1440m_h1231,20,1440,3,level,5.0,748,5.2649,0,254,75,1117.059588
20yr_1440m_h1231,20,1440,5,level,5.0,748,5.6431,0,236,90,1907.546076
20yr_1440m_h1231,20,1440,6,level,5.0,748,5.8241,0,240,96,2305.352925
30yr_0360m_h687,30,0360,1,level,0.5,208,5.8124,0,56,33,107.217842
30yr_0360m_h687,30,0360,2,level,0.5,208,5.3189,0,62,26,217.741555
30yr_0360m_h687,30,0360,3,level,0.5,208,5.5289,0,46,27,331.281544
30yr_0360m_h687,30,0360,5,level,0.5,208,6.3504,0,22,29,573.365158
30yr_0360m_h687,30,0360,6,level,0.5,208,6.4891,0,21,30,702.725307
20yr_1440m_h1231,20,1440,1,level,2.0,748,4.9198,0,424,57,357.926411
20yr_1440m_h1231,20,1440,2,level,2.0,748,5.1132,0,236,68,738.270093
20yr_1440m_h1231,20,1440,3,level,2.0,748,5.3109,0,200,77,1127.430974
20yr_1440m_h1231,20,1440,5,level,2.0,748,5.6686,0,198,91,1914.846276
20yr_1440m_h1231,20,1440,6,level,2.0,748,5.8137,0,190,97,2310.565594
30yr_0360m_h687,30,0360,1,level,1.0,208,5.4672,0,52,30,107.020046
30yr_0360m_h687,30,0360,2,level,1.0,208,5.3189,0,62,26,217.666682
30yr_0360m_h687,30,0360,3,level,1.0,208,5.5289,0,46,27,331.28421
30yr_0360m_h687,30,0360,5,level,1.0,208,6.3504,0,26,29,573.438131
30yr_0360m_h687,30,0360,6,level,1.0,208,6.4059,0,27,30,703.333932
20yr_1440m_h1231,20,1440,1,near_overflow,1.0,748,6.3056,0,72,133,378.673143
20yr_1440m_h1231,20,1440,2,near_overflow,1.0,748,5.3866,0,120,74,759.038171
20yr_1440m_h1231,20,1440,3,near_overflow,1.0,748,5.3109,0,166,77,1130.141015
20yr_1440m_h1231,20,1440,5,near_overflow,1.0,748,5.7127,0,106,91,1906.725034
20yr_1440m_h1231,20,1440,6,near_overflow,1.0,748,5.8137,0,102,97,2299.346939
30yr_0360m_h687,30,0360,1,level,5.0,208,4.9775,0,35,24,97.286955
30yr_0360m_h687,30,0360,2,level,5.0,208,5.1131,0,75,26,211.995474
30yr_0360m_h687,30,0360,3,level,5.0,208,5.6398,0,59,27,328.759975
30yr_0360m_h687,30,0360,5,level,5.0,208,6.2624,0,39,29,572.327769
30yr_0360m_h687,30,0360,6,level,5.0,208,6.535,0,40,30,704.580963
30yr_0360m_h687,30,0360,1,near_overflow,0.5,208,6.2886,0,34,43,109.775164
30yr_0360m_h687,30,0360,2,near_overflow,0.5,208,5.472,0,38,28,220.690984
30yr_0360m_h687,30,0360,3,near_overflow,0.5,208,5.8544,0,38,27,333.721267
30yr_0360m_h687,30,0360,5,near_overflow,0.5,208,6.3504,0,20,29,573.307166
30yr_0360m_h687,30,0360,6,near_overflow,0.5,208,6.4891,0,22,30,700.506526
30yr_0360m_h687,30,0360,1,level,2.0,208,5.0668,0,78,24,103.254863
30yr_0360m_h687,30,0360,2,level,2.0,208,5.3189,0,62,26,215.763594
30yr_0360m_h687,30,0360,3,level,2.0,208,5.5289,0,58,27,330.413828
30yr_0360m_h687,30,0360,5,level,2.0,208,6.3504,0,34,29,574.48886
30yr_0360m_h687,30,0360,6,level,2.0,208,6.4059,0,29,30,703.189395
20yr_1440m_h1165,20,1440,1,near_overflow,2.0,748,6.2949,0,59,98,379.479478
20yr_1440m_h1165,20,1440,2,near_overflow,2.0,748,5.3718,0,108,65,759.998946
20yr_1440m_h1165,20,1440,3,near_overflow,2.0,748,5.2972,0,136,66,1134.220035
20yr_1440m_h1165,20,1440,5,near_overflow,2.0,748,5.7584,0,82,73,1913.017868
20yr_1440m_h1165,20,1440,6,near_overflow,2.0,748,5.8545,0,74,76,2310.114088
30yr_0360m_h687,30,0360,1,near_overflow,2.0,208,6.2886,0,34,43,109.775164
30yr_0360m_h687,30,0360,2,near_overflow,2.0,208,5.472,0,38,28,220.690984
30yr_0360m_h687,30,0360,3,near_overflow,2.0,208,5.8544,0,38,27,333.721267
30yr_0360m_h687,30,0360,5,near_overflow,2.0,208,6.3504,0,20,29,573.307166
30yr_0360m_h687,30,0360,6,near_overflow,2.0,208,6.4891,0,22,30,700.506526
30yr_0360m_h709,30,0360,1,level,1.0,208,5.5515,0,61,30,106.262123
30yr_0360m_h709,30,0360,2,level,1.0,208,5.237,0,62,26,217.757278
30yr_0360m_h709,30,0360,3,level,1.0,208,5.5267,0,48,28,329.93595
30yr_0360m_h709,30,0360,5,level,1.0,208,6.3232,0,30,29,573.864752
30yr_0360m_h709,30,0360,6,level,1.0,208,6.521,0,30,30,697.789042
30yr_0360m_h709,30,0360,1,level,5.0,208,4.9542,0,34,24,96.102338
30yr_0360m_h709,30,0360,2,level,5.0,208,5.173,0,72,26,211.110005
30yr_0360m_h709,30,0360,3,level,5.0,208,5.5941,0,67,27,327.217066
30yr_0360m_h709,30,0360,5,level,5.0,208,6.3156,0,46,29,569.039288
30yr_0360m_h709,30,0360,6,level,5.0,208,6.5902,0,39,30,702.25807
30yr_0360m_h709,30,0360,1,level,0.5,208,5.7958,0,59,33,106.738656
30yr_0360m_h709,30,0360,2,level,0.5,208,5.237,0,62,26,217.805589
30yr_0360m_h709,30,0360,3,level,0.5,208,5.5267,0,48,28,329.797313
30yr_0360m_h709,30,0360,5,level,0.5,208,6.3232,0,30,29,573.149339
30yr_0360m_h709,30,0360,6,level,0.5,208,6.521,0,23,30,696.816095
30yr_0360m_h709,30,0360,1,near_overflow,0.5,208,6.3124,0,35,43,109.569827
30yr_0360m_h709,30,0360,2,near_overflow,0.5,208,5.3936,0,38,29,220.341602
30yr_0360m_h709,30,0360,3,near_overflow,0.5,208,5.8547,0,39,28,332.100059
30yr_0360m_h709,30,0360,5,near_overflow,0.5,208,6.3472,0,25,29,573.726364
30yr_0360m_h709,30,0360,6,near_overflow,0.5,208,6.521,0,21,30,696.299819
20yr_1440m_h1165,20,1440,1,near_overflow,5.0,748,6.2949,0,59,98,379.479478
20yr_1440m_h1165,20,1440,2,near_overflow,5.0,748,5.3718,0,108,65,759.998946
20yr_1440m_h1165,20,1440,3,near_overflow,5.0,748,5.2972,0,136,66,1134.220035
20yr_1440m_h1165,20,1440,5,near_overflow,5.0,748,5.7584,0,82,73,1913.017868
20yr_1440m_h1165,20,1440,6,near_overflow,5.0,748,5.8545,0,74,76,2310.114088
30yr_0360m_h709,30,0360,1,level,2.0,208,5.0729,0,82,24,103.020269
30yr_0360m_h709,30,0360,2,level,2.0,208,5.5006,0,63,26,215.253409
30yr_0360m_h709,30,0360,3,level,2.0,208,5.5267,0,56,28,329.633012
30yr_0360m_h709,30,0360,5,level,2.0,208,6.3163,0,39,29,578.280432
30yr_0360m_h709,30,0360,6,level,2.0,208,6.521,0,32,30,697.165866
30yr_0360m_h687,30,0360,1,near_overflow,1.0,208,6.2886,0,34,43,109.775164
30yr_0360m_h687,30,0360,2,near_overflow,1.0,208,5.472,0,38,28,220.690984
30yr_0360m_h687,30,0360,3,near_overflow,1.0,208,5.8544,0,38,27,333.721267
30yr_0360m_h687,30,0360,5,near_overflow,1.0,208,6.3504,0,20,29,573.307166
30yr_0360m_h687,30,0360,6,near_overflow,1.0,208,6.4891,0,22,30,700.506526
20yr_1440m_h1165,20,1440,1,level,1.0,748,5.5284,0,133,69,365.01439
20yr_1440m_h1165,20,1440,2,level,1.0,748,5.1261,0,198,61,750.535835
20yr_1440m_h1165,20,1440,3,level,1.0,748,5.2972,0,136,66,1133.539911
20yr_1440m_h1165,20,1440,5,level,1.0,748,5.737,0,110,73,1918.78812
20yr_1440m_h1165,20,1440,6,level,1.0,748,5.839,0,114,76,2314.378044
30yr_0360m_h709,30,0360,1,near_overflow,1.0,208,6.3124,0,35,43,109.569827
30yr_0360m_h709,30,0360,2,near_overflow,1.0,208,5.3936,0,38,29,220.341602
30yr_0360m_h709,30,0360,3,near_overflow,1.0,208,5.8547,0,39,28,332.100059
30yr_0360m_h709,30,0360,5,near_overflow,1.0,208,6.3472,0,25,29,573.726364
30yr_0360m_h709,30,0360,6,near_overflow,1.0,208,6.521,0,21,30,696.299819
30yr_0360m_h709,30,0360,1,near_overflow,2.0,208,6.3124,0,35,43,109.569827
30yr_0360m_h709,30,0360,2,near_overflow,2.0,208,5.3936,0,38,29,220.341602
30yr_0360m_h709,30,0360,3,near_overflow,2.0,208,5.8547,0,39,28,332.100059
30yr_0360m_h709,30,0360,5,near_overflow,2.0,208,6.3472,0,25,29,573.726364
30yr_0360m_h709,30,0360,6,near_overflow,2.0,208,6.521,0,21,30,696.299819
30yr_0360m_h687,30,0360,1,near_overflow,5.0,208,6.2886,0,34,43,109.775164
30yr_0360m_h687,30,0360,2,near_overflow,5.0,208,5.472,0,38,28,220.690984
30yr_0360m_h687,30,0360,3,near_overflow,5.0,208,5.8544,0,38,27,333.721267
30yr_0360m_h687,30,0360,5,near_overflow,5.0,208,6.3504,0,20,29,573.307166
30yr_0360m_h687,30,0360,6,near_overflow,5.0,208,6.4891,0,22,30,700.506526
30yr_0360m_h680,30,0360,1,level,0.5,208,5.8114,0,55,29,107.846772
30yr_0360m_h680,30,0360,2,level,0.5,208,5.3644,0,54,23,218.476406
30yr_0360m_h680,30,0360,3,level,0.5,208,5.6029,0,41,24,332.524067
30yr_0360m_h680,30,0360,5,level,0.5,208,6.4106,0,28,25,575.539057
30yr_0360m_h680,30,0360,6,level,0.5,208,6.5818,0,15,26,712.503517
30yr_0360m_h680,30,0360,1,level,1.0,208,5.4835,0,50,27,107.4228
30yr_0360m_h680,30,0360,2,level,1.0,208,5.3644,0,54,23,218.428157
30yr_0360m_h680,30,0360,3,level,1.0,208,5.6029,0,41,24,332.558515
30yr_0360m_h680,30,0360,5,level,1.0,208,6.4106,0,23,25,578.669587
30yr_0360m_h680,30,0360,6,level,1.0,208,6.5818,0,17,26,714.586661
30yr_0360m_h680,30,0360,1,level,2.0,208,5.0654,0,74,21,103.464921
30yr_0360m_h680,30,0360,2,level,2.0,208,5.3175,0,52,23,217.04232
30yr_0360m_h680,30,0360,3,level,2.0,208,5.6029,0,45,24,331.222959
30yr_0360m_h680,30,0360,5,level,2.0,208,6.4312,0,24,25,581.313841
30yr_0360m_h680,30,0360,6,level,2.0,208,6.5202,0,17,26,710.473798
30yr_0360m_h709,30,0360,1,near_overflow,5.0,208,6.3124,0,35,43,109.569827
30yr_0360m_h709,30,0360,2,near_overflow,5.0,208,5.3936,0,38,29,220.341602
30yr_0360m_h709,30,0360,3,near_overflow,5.0,208,5.8547,0,39,28,332.100059
30yr_0360m_h709,30,0360,5,near_overflow,5.0,208,6.3472,0,25,29,573.726364
30yr_0360m_h709,30,0360,6,near_overflow,5.0,208,6.521,0,21,30,696.299819
30yr_0360m_h680,30,0360,1,near_overflow,1.0,208,6.3181,0,26,35,110.63129
30yr_0360m_h680,30,0360,2,near_overflow,1.0,208,5.4304,0,34,25,221.268145
30yr_0360m_h680,30,0360,3,near_overflow,1.0,208,5.5865,0,34,24,332.552244
30yr_0360m_h680,30,0360,5,near_overflow,1.0,208,6.2755,0,20,25,575.958899
30yr_0360m_h680,30,0360,6,near_overflow,1.0,208,6.5818,0,12,26,711.990296
30yr_0360m_h680,30,0360,1,near_overflow,2.0,208,6.3181,0,26,35,110.63129
30yr_0360m_h680,30,0360,2,near_overflow,2.0,208,5.4304,0,34,25,221.268145
30yr_0360m_h680,30,0360,3,near_overflow,2.0,208,5.5865,0,34,24,332.552244
30yr_0360m_h680,30,0360,5,near_overflow,2.0,208,6.2755,0,20,25,575.958899
30yr_0360m_h680,30,0360,6,near_overflow,2.0,208,6.5818,0,12,26,711.990296
20yr_1440m_h1165,20,1440,1,level,2.0,748,4.9198,0,348,54,361.979344
20yr_1440m_h1165,20,1440,2,level,2.0,748,5.1261,0,198,61,741.805917
20yr_1440m_h1165,20,1440,3,level,2.0,748,5.3371,0,160,66,1129.544457
20yr_1440m_h1165,20,1440,5,level,2.0,748,5.7007,0,144,73,1919.820873
20yr_1440m_h1165,20,1440,6,level,2.0,748,5.839,0,134,76,2317.881287
30yr_0360m_h688,30,0360,1,level,0.5,208,5.8423,0,58,33,106.715391
30yr_0360m_h688,30,0360,2,level,0.5,208,5.3777,0,70,26,217.116887
30yr_0360m_h688,30,0360,3,level,0.5,208,5.3818,0,52,28,329.542779
30yr_0360m_h688,30,0360,5,level,0.5,208,6.3784,0,32,29,578.100302
30yr_0360m_h688,30,0360,6,level,0.5,208,6.4879,0,22,30,701.757933
30yr_0360m_h680,30,0360,1,level,5.0,208,4.9303,0,38,21,99.442045
30yr_0360m_h680,30,0360,2,level,5.0,208,5.2467,0,68,23,213.210288
30yr_0360m_h680,30,0360,3,level,5.0,208,5.4592,0,61,24,328.274212
30yr_0360m_h680,30,0360,5,level,5.0,208,6.2273,0,41,25,574.591441
30yr_0360m_h680,30,0360,6,level,5.0,208,6.5612,0,30,26,709.217757
30yr_0360m_h688,30,0360,1,level,2.0,208,5.0112,0,83,24,103.466681
30yr_0360m_h688,30,0360,2,level,2.0,208,5.3569,0,66,26,215.175693
30yr_0360m_h688,30,0360,3,level,2.0,208,5.5977,0,58,28,330.392359
30yr_0360m_h688,30,0360,5,level,2.0,208,6.3784,0,32,29,579.502883
30yr_0360m_h688,30,0360,6,level,2.0,208,6.3908,0,29,30,699.114964
30yr_0360m_h680,30,0360,1,near_overflow,0.5,208,6.3181,0,26,35,110.63129
30yr_0360m_h680,30,0360,2,near_overflow,0.5,208,5.4304,0,34,25,221.268145
30yr_0360m_h680,30,0360,3,near_overflow,0.5,208,5.5865,0,34,24,332.552244
30yr_0360m_h680,30,0360,5,near_overflow,0.5,208,6.2755,0,20,25,575.958899
30yr_0360m_h680,30,0360,6,near_overflow,0.5,208,6.5818,0,12,26,711.990296
30yr_0360m_h688,30,0360,1,level,1.0,208,5.5241,0,61,30,106.546386
30yr_0360m_h688,30,0360,2,level,1.0,208,5.3777,0,70,26,217.038853
30yr_0360m_h688,30,0360,3,level,1.0,208,5.5977,0,56,28,330.275175
30yr_0360m_h688,30,0360,5,level,1.0,208,6.3784,0,30,29,579.731211
30yr_0360m_h688,30,0360,6,level,1.0,208,6.4879,0,28,30,702.338719
30yr_0360m_h688,30,0360,1,near_overflow,0.5,208,6.2986,0,33,43,109.662567
30yr_0360m_h688,30,0360,2,near_overflow,0.5,208,5.4571,0,42,29,220.172335
30yr_0360m_h688,30,0360,3,near_overflow,0.5,208,5.7298,0,46,28,331.285524
30yr_0360m_h688,30,0360,5,near_overflow,0.5,208,6.3784,0,26,29,577.394975
30yr_0360m_h688,30,0360,6,near_overflow,0.5,208,6.4879,0,24,30,700.626694
30yr_0360m_h688,30,0360,1,near_overflow,1.0,208,6.2986,0,33,43,109.662567
30yr_0360m_h688,30,0360,2,near_overflow,1.0,208,5.4571,0,42,29,220.172335
30yr_0360m_h688,30,0360,3,near_overflow,1.0,208,5.7298,0,46,28,331.285524
30yr_0360m_h688,30,0360,5,near_overflow,1.0,208,6.3784,0,26,29,577.394975
30yr_0360m_h688,30,0360,6,near_overflow,1.0,208,6.4879,0,24,30,700.626694
30yr_0360m_h688,30,0360,1,near_overflow,5.0,208,6.2986,0,33,43,109.662567
30yr_0360m_h688,30,0360,2,near_overflow,5.0,208,5.4571,0,42,29,220.172335
30yr_0360m_h688,30,0360,3,near_overflow,5.0,208,5.7298,0,46,28,331.285524
30yr_0360m_h688,30,0360,5,near_overflow,5.0,208,6.3784,0,26,29,577.394975
30yr_0360m_h688,30,0360,6,near_overflow,5.0,208,6.4879,0,24,30,700.626694
30yr_0360m_h734,30,0360,1,level,0.5,208,5.8313,0,40,38,108.115684
30yr_0360m_h734,30,0360,2,level,0.5,208,5.3616,0,45,30,219.731117
30yr_0360m_h734,30,0360,3,level,0.5,208,5.4047,0,31,32,331.732807
30yr_0360m_h734,30,0360,5,level,0.5,208,6.1031,0,26,35,571.969104
30yr_0360m_h734,30,0360,6,level,0.5,208,6.4675,0,20,36,695.928123
30yr_0360m_h680,30,0360,1,near_overflow,5.0,208,6.3181,0,26,35,110.63129
30yr_0360m_h680,30,0360,2,near_overflow,5.0,208,5.4304,0,34,25,221.268145
30yr_0360m_h680,30,0360,3,near_overflow,5.0,208,5.5865,0,34,24,332.552244
30yr_0360m_h680,30,0360,5,near_overflow,5.0,208,6.2755,0,20,25,575.958899
30yr_0360m_h680,30,0360,6,near_overflow,5.0,208,6.5818,0,12,26,711.990296
30yr_0360m_h734,30,0360,1,level,1.0,208,5.531,0,43,35,108.150548
30yr_0360m_h734,30,0360,2,level,1.0,208,5.3616,0,45,30,219.674358
30yr_0360m_h734,30,0360,3,level,1.0,208,5.4047,0,32,32,331.592218
30yr_0360m_h734,30,0360,5,level,1.0,208,6.1031,0,26,35,572.327785
30yr_0360m_h734,30,0360,6,level,1.0,208,6.4675,0,22,36,696.530621
30yr_0360m_h734,30,0360,1,near_overflow,0.5,208,6.2767,0,23,49,110.644121
30yr_0360m_h734,30,0360,2,near_overflow,0.5,208,5.3903,0,27,33,222.46697
30yr_0360m_h734,30,0360,3,near_overflow,0.5,208,5.8065,0,33,32,334.722962
30yr_0360m_h734,30,0360,5,near_overflow,0.5,208,6.223,0,21,35,575.51102
30yr_0360m_h734,30,0360,6,near_overflow,0.5,208,6.4675,0,21,36,700.582897
30yr_0360m_h734,30,0360,1,level,5.0,208,4.9474,0,41,26,101.603967
30yr_0360m_h734,30,0360,2,level,5.0,208,5.237,0,62,29,214.239373
30yr_0360m_h734,30,0360,3,level,5.0,208,5.3616,0,49,31,328.342244
30yr_0360m_h734,30,0360,5,level,5.0,208,6.2217,0,38,34,571.133896
30yr_0360m_h734,30,0360,6,level,5.0,208,6.3628,0,40,36,690.97793
30yr_0360m_h688,30,0360,1,near_overflow,2.0,208,6.2986,0,33,43,109.662567
30yr_0360m_h688,30,0360,2,near_overflow,2.0,208,5.4571,0,42,29,220.172335
30yr_0360m_h688,30,0360,3,near_overflow,2.0,208,5.7298,0,46,28,331.285524
30yr_0360m_h688,30,0360,5,near_overflow,2.0,208,6.3784,0,26,29,577.394975
30yr_0360m_h688,30,0360,6,near_overflow,2.0,208,6.4879,0,24,30,700.626694
30yr_0360m_h734,30,0360,1,near_overflow,1.0,208,6.2767,0,23,49,110.644121
30yr_0360m_h734,30,0360,2,near_overflow,1.0,208,5.3903,0,27,33,222.46697
30yr_0360m_h734,30,0360,3,near_overflow,1.0,208,5.8065,0,33,32,334.722962
30yr_0360m_h734,30,0360,5,near_overflow,1.0,208,6.223,0,21,35,575.51102
30yr_0360m_h734,30,0360,6,near_overflow,1.0,208,6.4675,0,21,36,700.582897
30yr_0360m_h688,30,0360,1,level,5.0,208,4.9182,0,37,24,96.922784
30yr_0360m_h688,30,0360,2,level,5.0,208,5.2092,0,72,26,212.130012
30yr_0360m_h688,30,0360,3,level,5.0,208,5.6198,0,67,27,328.117544
30yr_0360m_h688,30,0360,5,level,5.0,208,6.3044,0,44,29,571.436275
30yr_0360m_h688,30,0360,6,level,5.0,208,6.3989,0,43,30,697.827482
30yr_0360m_h734,30,0360,1,near_overflow,2.0,208,6.2767,0,23,49,110.644121
30yr_0360m_h734,30,0360,2,near_overflow,2.0,208,5.3903,0,27,33,222.46697
30yr_0360m_h734,30,0360,3,near_overflow,2.0,208,5.8065,0,33,32,334.722962
30yr_0360m_h734,30,0360,5,near_overflow,2.0,208,6.223,0,21,35,575.51102
30yr_0360m_h734,30,0360,6,near_overflow,2.0,208,6.4675,0,21,36,700.582897
30yr_0360m_h734,30,0360,1,near_overflow,5.0,208,6.2767,0,23,49,110.644121
30yr_0360m_h734,30,0360,2,near_overflow,5.0,208,5.3903,0,27,33,222.46697
30yr_0360m_h734,30,0360,3,near_overflow,5.0,208,5.8065,0,33,32,334.722962
30yr_0360m_h734,30,0360,5,near_overflow,5.0,208,6.223,0,21,35,575.51102
30yr_0360m_h734,30,0360,6,near_overflow,5.0,208,6.4675,0,21,36,700.582897
30yr_0360m_h734,30,0360,1,level,2.0,208,5.0426,0,79,26,104.47222
30yr_0360m_h734,30,0360,2,level,2.0,208,5.3616,0,45,30,217.913942
30yr_0360m_h734,30,0360,3,level,2.0,208,5.4047,0,36,32,330.93381
30yr_0360m_h734,30,0360,5,level,2.0,208,6.1599,0,31,35,573.683905
30yr_0360m_h734,30,0360,6,level,2.0,208,6.302,0,33,36,694.240323
30yr_0540m_h753,30,0540,1,level,2.0,298,5.0666,0,124,13,147.114982
30yr_0540m_h753,30,0540,2,level,2.0,298,5.3969,0,86,14,304.448941
30yr_0540m_h753,30,0540,3,level,2.0,298,5.7297,0,75,14,465.725346
30yr_0540m_h753,30,0540,5,level,2.0,298,5.939,0,56,17,804.783662
30yr_0540m_h753,30,0540,6,level,2.0,298,6.0811,0,53,15,976.436684
30yr_0540m_h753,30,0540,1,level,5.0,298,4.946,0,56,13,140.967764
30yr_0540m_h753,30,0540,2,level,5.0,298,5.2536,0,100,13,300.912289
30yr_0540m_h753,30,0540,3,level,5.0,298,5.6362,0,78,14,465.050601
30yr_0540m_h753,30,0540,5,level,5.0,298,6.1366,0,90,17,797.404116
30yr_0540m_h753,30,0540,6,level,5.0,298,6.302,0,74,15,979.321523
30yr_0540m_h753,30,0540,1,near_overflow,5.0,298,6.3089,0,22,23,157.82859
30yr_0540m_h753,30,0540,2,near_overflow,5.0,298,5.4388,0,37,15,313.742199
30yr_0540m_h753,30,0540,3,near_overflow,5.0,298,5.3502,0,50,14,467.587054
30yr_0540m_h753,30,0540,5,near_overflow,5.0,298,5.939,0,30,15,800.913231
30yr_0540m_h753,30,0540,6,near_overflow,5.0,298,6.7053,0,32,15,993.057269
30yr_0540m_h753,30,0540,1,near_overflow,1.0,298,6.3089,0,22,23,157.82859
30yr_0540m_h753,30,0540,2,near_overflow,1.0,298,5.4388,0,37,15,313.742199
30yr_0540m_h753,30,0540,3,near_overflow,1.0,298,5.3502,0,50,14,467.587054
30yr_0540m_h753,30,0540,5,near_overflow,1.0,298,5.939,0,30,15,800.913231
30yr_0540m_h753,30,0540,6,near_overflow,1.0,298,6.7053,0,32,15,993.057269
30yr_0540m_h753,30,0540,1,level,1.0,298,5.5456,0,63,17,151.286959
30yr_0540m_h753,30,0540,2,level,1.0,298,5.3502,0,80,14,308.561858
30yr_0540m_h753,30,0540,3,level,1.0,298,5.7297,0,63,14,466.57094
30yr_0540m_h753,30,0540,5,level,1.0,298,5.939,0,42,17,804.969008
30yr_0540m_h753,30,0540,6,level,1.0,298,6.0811,0,48,15,975.530141
30yr_0540m_h771,30,0540,1,level,0.5,298,5.8878,0,57,19,151.563518
30yr_0540m_h771,30,0540,2,level,0.5,298,5.4239,0,88,13,307.367306
30yr_0540m_h771,30,0540,3,level,0.5,298,5.4637,0,54,14,466.89834
30yr_0540m_h771,30,0540,5,level,0.5,298,6.195,0,39,15,803.834841
30yr_0540m_h771,30,0540,6,level,0.5,298,6.6931,0,37,18,986.230603
30yr_0540m_h753,30,0540,1,level,0.5,298,5.879,0,48,19,152.568147
30yr_0540m_h753,30,0540,2,level,0.5,298,5.3502,0,80,14,308.561858
30yr_0540m_h753,30,0540,3,level,0.5,298,5.3502,0,52,14,466.644885
30yr_0540m_h753,30,0540,5,level,0.5,298,5.939,0,43,15,801.094285
30yr_0540m_h753,30,0540,6,level,0.5,298,6.0811,0,33,15,974.931204
30yr_0540m_h771,30,0540,1,level,2.0,298,5.0687,0,122,13,148.19169
30yr_0540m_h771,30,0540,2,level,2.0,298,5.508,0,81,13,305.384219
30yr_0540m_h771,30,0540,3,level,2.0,298,5.6837,0,68,14,467.971551
30yr_0540m_h771,30,0540,5,level,2.0,298,6.0467,0,58,17,805.224835
30yr_0540m_h771,30,0540,6,level,2.0,298,6.3983,0,45,18,988.956078
30yr_0540m_h771,30,0540,1,level,5.0,298,4.9674,0,60,13,140.927211
30yr_0540m_h771,30,0540,2,level,5.0,298,5.2424,0,96,13,297.830125
30yr_0540m_h771,30,0540,3,level,5.0,298,5.6614,0,84,14,462.562745
30yr_0540m_h771,30,0540,5,level,5.0,298,6.1518,0,80,17,800.313211
30yr_0540m_h771,30,0540,6,level,5.0,298,6.5352,0,57,18,988.648421
30yr_0540m_h753,30,0540,1,near_overflow,2.0,298,6.3089,0,22,23,157.82859
30yr_0540m_h753,30,0540,2,near_overflow,2.0,298,5.4388,0,37,15,313.742199
30yr_0540m_h753,30,0540,3,near_overflow,2.0,298,5.3502,0,50,14,467.587054
30yr_0540m_h753,30,0540,5,near_overflow,2.0,298,5.939,0,30,15,800.913231
30yr_0540m_h753,30,0540,6,near_overflow,2.0,298,6.7053,0,32,15,993.057269
30yr_0540m_h771,30,0540,1,near_overflow,1.0,298,6.3218,0,31,23,155.677809
30yr_0540m_h771,30,0540,2,near_overflow,1.0,298,5.4157,0,36,15,313.863164
30yr_0540m_h771,30,0540,3,near_overflow,1.0,298,5.6837,0,54,14,468.880548
30yr_0540m_h771,30,0540,5,near_overflow,1.0,298,6.1178,0,36,15,804.440426
30yr_0540m_h771,30,0540,6,near_overflow,1.0,298,6.6931,0,32,15,985.360664
30yr_0540m_h753,30,0540,1,near_overflow,0.5,298,6.3089,0,22,23,157.82859
30yr_0540m_h753,30,0540,2,near_overflow,0.5,298,5.4388,0,37,15,313.742199
30yr_0540m_h753,30,0540,3,near_overflow,0.5,298,5.3502,0,50,14,467.587054
30yr_0540m_h753,30,0540,5,near_overflow,0.5,298,5.939,0,30,15,800.913231
30yr_0540m_h753,30,0540,6,near_overflow,0.5,298,6.7053,0,32,15,993.057269
30yr_0540m_h771,30,0540,1,level,1.0,298,5.5665,0,64,17,151.25406
30yr_0540m_h771,30,0540,2,level,1.0,298,5.4239,0,88,13,307.367306
30yr_0540m_h771,30,0540,3,level,1.0,298,5.6837,0,56,14,468.669386
30yr_0540m_h771,30,0540,5,level,1.0,298,6.0467,0,46,17,803.355899
30yr_0540m_h771,30,0540,6,level,1.0,298,6.6931,0,48,18,989.078111
30yr_0540m_h771,30,0540,1,near_overflow,0.5,298,6.3218,0,31,23,155.677809
30yr_0540m_h771,30,0540,2,near_overflow,0.5,298,5.4157,0,36,15,313.863164
30yr_0540m_h771,30,0540,3,near_overflow,0.5,298,5.6837,0,54,14,468.880548
30yr_0540m_h771,30,0540,5,near_overflow,0.5,298,6.1178,0,36,15,804.440426
30yr_0540m_h771,30,0540,6,near_overflow,0.5,298,6.6931,0,32,15,985.360664
30yr_0540m_h771,30,0540,1,near_overflow,5.0,298,6.3218,0,31,23,155.677809
30yr_0540m_h771,30,0540,2,near_overflow,5.0,298,5.4157,0,36,15,313.863164
30yr_0540m_h771,30,0540,3,near_overflow,5.0,298,5.6837,0,54,14,468.880548
30yr_0540m_h771,30,0540,5,near_overflow,5.0,298,6.1178,0,36,15,804.440426
30yr_0540m_h771,30,0540,6,near_overflow,5.0,298,6.6931,0,32,15,985.360664
30yr_0540m_h771,30,0540,1,near_overflow,2.0,298,6.3218,0,31,23,155.677809
30yr_0540m_h771,30,0540,2,near_overflow,2.0,298,5.4157,0,36,15,313.863164
30yr_0540m_h771,30,0540,3,near_overflow,2.0,298,5.6837,0,54,14,468.880548
30yr_0540m_h771,30,0540,5,near_overflow,2.0,298,6.1178,0,36,15,804.440426
30yr_0540m_h771,30,0540,6,near_overflow,2.0,298,6.6931,0,32,15,985.360664
30yr_0540m_h803,30,0540,1,level,1.0,298,5.5078,0,69,34,151.577572
30yr_0540m_h803,30,0540,2,level,1.0,298,5.3745,0,88,30,308.397103
30yr_0540m_h803,30,0540,3,level,1.0,298,5.6596,0,60,31,467.963054
30yr_0540m_h803,30,0540,5,level,1.0,298,6.4013,0,36,34,813.278829
30yr_0540m_h803,30,0540,6,level,1.0,298,6.651,0,46,34,985.216464
30yr_0540m_h803,30,0540,1,level,2.0,298,5.0691,0,128,27,149.10029
30yr_0540m_h803,30,0540,2,level,2.0,298,5.3767,0,86,30,305.73859
30yr_0540m_h803,30,0540,3,level,2.0,298,5.6596,0,78,31,466.157023
30yr_0540m_h803,30,0540,5,level,2.0,298,6.4013,0,54,34,812.553664
30yr_0540m_h803,30,0540,6,level,2.0,298,6.6327,0,46,34,997.477653
30yr_0540m_h803,30,0540,1,near_overflow,0.5,298,6.3103,0,30,46,156.616154
30yr_0540m_h803,30,0540,2,near_overflow,0.5,298,5.4739,0,43,32,313.846714
30yr_0540m_h803,30,0540,3,near_overflow,0.5,298,5.7405,0,52,31,470.569619
30yr_0540m_h803,30,0540,5,near_overflow,0.5,298,6.4013,0,32,34,806.160926
30yr_0540m_h803,30,0540,6,near_overflow,0.5,298,6.6202,0,36,34,986.345323
30yr_0540m_h819,30,0540,1,level,1.0,298,5.5357,0,71,39,151.872645
30yr_0540m_h819,30,0540,2,level,1.0,298,5.4017,0,82,34,308.841986
30yr_0540m_h819,30,0540,3,level,1.0,298,5.7757,0,54,36,470.024356
30yr_0540m_h819,30,0540,5,level,1.0,298,6.3918,0,42,39,810.937616
30yr_0540m_h819,30,0540,6,level,1.0,298,6.6666,0,46,40,994.401284
30yr_0540m_h819,30,0540,1,level,2.0,298,5.0352,0,130,32,148.562851
30yr_0540m_h819,30,0540,2,level,2.0,298,5.4017,0,82,34,306.131694
30yr_0540m_h819,30,0540,3,level,2.0,298,5.7757,0,70,36,468.766247
30yr_0540m_h819,30,0540,5,level,2.0,298,6.3835,0,58,39,812.109469
30yr_0540m_h819,30,0540,6,level,2.0,298,6.6092,0,52,40,984.657225
30yr_0540m_h819,30,0540,1,level,0.5,298,5.8109,0,59,42,152.355589
30yr_0540m_h819,30,0540,2,level,0.5,298,5.4017,0,82,34,308.841986
30yr_0540m_h819,30,0540,3,level,0.5,298,5.7757,0,54,36,469.906475
30yr_0540m_h819,30,0540,5,level,0.5,298,6.3918,0,40,39,809.473999
30yr_0540m_h819,30,0540,6,level,0.5,298,6.8995,0,35,40,997.015057
30yr_0540m_h819,30,0540,1,near_overflow,0.5,298,6.2951,0,33,54,155.671713
30yr_0540m_h819,30,0540,2,near_overflow,0.5,298,5.4817,0,41,37,314.163552
30yr_0540m_h819,30,0540,3,near_overflow,0.5,298,5.7757,0,54,36,470.227514
30yr_0540m_h819,30,0540,5,near_overflow,0.5,298,6.3835,0,32,39,809.754702
30yr_0540m_h819,30,0540,6,near_overflow,0.5,298,6.6092,0,30,40,988.476222
30yr_0540m_h803,30,0540,1,near_overflow,1.0,298,6.3103,0,30,46,156.616154
30yr_0540m_h803,30,0540,2,near_overflow,1.0,298,5.4739,0,43,32,313.846714
30yr_0540m_h803,30,0540,3,near_overflow,1.0,298,5.7405,0,52,31,470.569619
30yr_0540m_h803,30,0540,5,near_overflow,1.0,298,6.4013,0,32,34,806.160926
30yr_0540m_h803,30,0540,6,near_overflow,1.0,298,6.6202,0,36,34,986.345323
30yr_0540m_h803,30,0540,1,near_overflow,2.0,298,6.3103,0,30,46,156.616154
30yr_0540m_h803,30,0540,2,near_overflow,2.0,298,5.4739,0,43,32,313.846714
30yr_0540m_h803,30,0540,3,near_overflow,2.0,298,5.7405,0,52,31,470.569619
30yr_0540m_h803,30,0540,5,near_overflow,2.0,298,6.4013,0,32,34,806.160926
30yr_0540m_h803,30,0540,6,near_overflow,2.0,298,6.6202,0,36,34,986.345323
30yr_0540m_h803,30,0540,1,level,0.5,298,5.8345,0,59,37,152.465368
30yr_0540m_h803,30,0540,2,level,0.5,298,5.3745,0,88,30,308.397103
30yr_0540m_h803,30,0540,3,level,0.5,298,5.7405,0,52,31,470.181624
30yr_0540m_h803,30,0540,5,level,0.5,298,6.4013,0,34,34,809.72504
30yr_0540m_h803,30,0540,6,level,0.5,298,6.651,0,34,34,983.726257
30yr_0540m_h819,30,0540,1,level,5.0,298,4.9775,0,70,32,141.228874
30yr_0540m_h819,30,0540,2,level,5.0,298,5.2485,0,108,34,300.013757
30yr_0540m_h819,30,0540,3,level,5.0,298,5.6459,0,96,36,463.197192
30yr_0540m_h819,30,0540,5,level,5.0,298,6.3421,0,79,38,806.899949
30yr_0540m_h819,30,0540,6,level,5.0,298,6.5475,0,73,39,979.810468
30yr_0540m_h803,30,0540,1,near_overflow,5.0,298,6.3103,0,30,46,156.616154
30yr_0540m_h803,30,0540,2,near_overflow,5.0,298,5.4739,0,43,32,313.846714
30yr_0540m_h803,30,0540,3,near_overflow,5.0,298,5.7405,0,52,31,470.569619
30yr_0540m_h803,30,0540,5,near_overflow,5.0,298,6.4013,0,32,34,806.160926
30yr_0540m_h803,30,0540,6,near_overflow,5.0,298,6.6202,0,36,34,986.345323
30yr_0540m_h819,30,0540,1,near_overflow,1.0,298,6.2951,0,33,54,155.671713
30yr_0540m_h819,30,0540,2,near_overflow,1.0,298,5.4817,0,41,37,314.163552
30yr_0540m_h819,30,0540,3,near_overflow,1.0,298,5.7757,0,54,36,470.227514
30yr_0540m_h819,30,0540,5,near_overflow,1.0,298,6.3835,0,32,39,809.754702
30yr_0540m_h819,30,0540,6,near_overflow,1.0,298,6.6092,0,30,40,988.476222
30yr_0540m_h803,30,0540,1,level,5.0,298,4.9706,0,54,27,141.482664
30yr_0540m_h803,30,0540,2,level,5.0,298,5.2928,0,102,29,301.370069
30yr_0540m_h803,30,0540,3,level,5.0,298,5.6668,0,86,31,465.646978
30yr_0540m_h803,30,0540,5,level,5.0,298,6.3758,0,73,33,809.471095
30yr_0540m_h803,30,0540,6,level,5.0,298,6.5811,0,68,34,983.302875
30yr_0540m_h819,30,0540,1,near_overflow,2.0,298,6.2951,0,33,54,155.671713
30yr_0540m_h819,30,0540,2,near_overflow,2.0,298,5.4817,0,41,37,314.163552
30yr_0540m_h819,30,0540,3,near_overflow,2.0,298,5.7757,0,54,36,470.227514
30yr_0540m_h819,30,0540,5,near_overflow,2.0,298,6.3835,0,32,39,809.754702
30yr_0540m_h819,30,0540,6,near_overflow,2.0,298,6.6092,0,30,40,988.476222
30yr_0540m_h762,30,0540,1,level,0.5,298,5.8785,0,49,19,152.26615
30yr_0540m_h762,30,0540,2,level,0.5,298,5.2196,0,84,14,307.863318
30yr_0540m_h762,30,0540,3,level,0.5,298,5.2916,0,56,14,465.867145
30yr_0540m_h762,30,0540,5,level,0.5,298,5.9156,0,44,15,799.537344
30yr_0540m_h762,30,0540,6,level,0.5,298,6.5962,0,42,15,989.501937
30yr_0540m_h819,30,0540,1,near_overflow,5.0,298,6.2951,0,33,54,155.671713
30yr_0540m_h819,30,0540,2,near_overflow,5.0,298,5.4817,0,41,37,314.163552
30yr_0540m_h819,30,0540,3,near_overflow,5.0,298,5.7757,0,54,36,470.227514
30yr_0540m_h819,30,0540,5,near_overflow,5.0,298,6.3835,0,32,39,809.754702
30yr_0540m_h819,30,0540,6,near_overflow,5.0,298,6.6092,0,30,40,988.476222
30yr_0540m_h762,30,0540,1,near_overflow,2.0,298,6.3066,0,23,23,157.459944
30yr_0540m_h762,30,0540,2,near_overflow,2.0,298,5.5076,0,35,15,313.170243
30yr_0540m_h762,30,0540,3,near_overflow,2.0,298,5.2916,0,54,14,466.69657
30yr_0540m_h762,30,0540,5,near_overflow,2.0,298,5.9156,0,30,15,799.058715
30yr_0540m_h762,30,0540,6,near_overflow,2.0,298,6.5962,0,34,15,986.638657
30yr_0540m_h762,30,0540,1,near_overflow,1.0,298,6.3066,0,23,23,157.459944
30yr_0540m_h762,30,0540,2,near_overflow,1.0,298,5.5076,0,35,15,313.170243
30yr_0540m_h762,30,0540,3,near_overflow,1.0,298,5.2916,0,54,14,466.69657
30yr_0540m_h762,30,0540,5,near_overflow,1.0,298,5.9156,0,30,15,799.058715
30yr_0540m_h762,30,0540,6,near_overflow,1.0,298,6.5962,0,34,15,986.638657
30yr_0540m_h762,30,0540,1,near_overflow,0.5,298,6.3066,0,23,23,157.459944
30yr_0540m_h762,30,0540,2,near_overflow,0.5,298,5.5076,0,35,15,313.170243
30yr_0540m_h762,30,0540,3,near_overflow,0.5,298,5.2916,0,54,14,466.69657
30yr_0540m_h762,30,0540,5,near_overflow,0.5,298,5.9156,0,30,15,799.058715
30yr_0540m_h762,30,0540,6,near_overflow,0.5,298,6.5962,0,34,15,986.638657
30yr_0720m_h903,30,0720,1,level,0.5,388,5.8538,0,74,45,194.757721
30yr_0720m_h903,30,0720,2,level,0.5,388,5.1129,0,120,37,396.291578
30yr_0720m_h903,30,0720,3,level,0.5,388,5.3079,0,84,39,598.89809
30yr_0720m_h903,30,0720,5,level,0.5,388,6.0368,0,60,42,1019.967423
30yr_0720m_h903,30,0720,6,level,0.5,388,6.4266,0,54,43,1247.995414
30yr_0540m_h762,30,0540,1,level,1.0,298,5.5464,0,74,17,150.665663
30yr_0540m_h762,30,0540,2,level,1.0,298,5.2196,0,84,14,307.863318
30yr_0540m_h762,30,0540,3,level,1.0,298,5.7591,0,62,14,466.981185
30yr_0540m_h762,30,0540,5,level,1.0,298,5.9156,0,42,17,803.288425
30yr_0540m_h762,30,0540,6,level,1.0,298,6.5962,0,50,15,992.771496
30yr_0540m_h762,30,0540,1,level,2.0,298,5.0618,0,118,13,147.472118
30yr_0540m_h762,30,0540,2,level,2.0,298,5.5076,0,87,14,304.121433
30yr_0540m_h762,30,0540,3,level,2.0,298,5.7591,0,76,14,465.832048
30yr_0540m_h762,30,0540,5,level,2.0,298,6.1811,0,58,17,810.405094
30yr_0540m_h762,30,0540,6,level,2.0,298,6.3224,0,53,15,984.640461
30yr_0720m_h903,30,0720,1,level,1.0,388,5.49,0,96,42,194.239605
30yr_0720m_h903,30,0720,2,level,1.0,388,5.1129,0,120,37,396.291578
30yr_0720m_h903,30,0720,3,level,1.0,388,5.3079,0,96,39,598.807709
30yr_0720m_h903,30,0720,5,level,1.0,388,5.9374,0,72,42,1023.767146
30yr_0720m_h903,30,0720,6,level,1.0,388,6.4266,0,62,43,1251.920352
30yr_0540m_h762,30,0540,1,level,5.0,298,4.9471,0,57,13,141.121887
30yr_0540m_h762,30,0540,2,level,5.0,298,5.2573,0,108,13,298.827767
30yr_0540m_h762,30,0540,3,level,5.0,298,5.6312,0,78,14,464.1462
30yr_0540m_h762,30,0540,5,level,5.0,298,5.9679,0,75,17,801.654288
30yr_0540m_h762,30,0540,6,level,5.0,298,6.4593,0,74,15,982.774068
30yr_0720m_h903,30,0720,1,level,5.0,388,4.9194,0,106,33,180.937772
30yr_0720m_h903,30,0720,2,level,5.0,388,5.078,0,170,36,383.478455
30yr_0720m_h903,30,0720,3,level,5.0,388,5.2783,0,144,38,592.437138
30yr_0720m_h903,30,0720,5,level,5.0,388,5.9779,0,110,42,1023.571165
30yr_0720m_h903,30,0720,6,level,5.0,388,6.1329,0,119,43,1246.445598
30yr_0720m_h903,30,0720,1,near_overflow,0.5,388,6.2886,0,44,57,200.887075
30yr_0720m_h903,30,0720,2,near_overflow,0.5,388,5.4863,0,50,39,403.898845
30yr_0720m_h903,30,0720,3,near_overflow,0.5,388,5.3079,0,84,39,599.577686
30yr_0720m_h903,30,0720,5,near_overflow,0.5,388,5.9931,0,42,42,1022.442278
30yr_0720m_h903,30,0720,6,near_overflow,0.5,388,6.3058,0,50,43,1243.804406
30yr_0540m_h762,30,0540,1,near_overflow,5.0,298,6.3066,0,23,23,157.459944
30yr_0540m_h762,30,0540,2,near_overflow,5.0,298,5.5076,0,35,15,313.170243
30yr_0540m_h762,30,0540,3,near_overflow,5.0,298,5.2916,0,54,14,466.69657
30yr_0540m_h762,30,0540,5,near_overflow,5.0,298,5.9156,0,30,15,799.058715
30yr_0540m_h762,30,0540,6,near_overflow,5.0,298,6.5962,0,34,15,986.638657
30yr_0720m_h903,30,0720,1,near_overflow,2.0,388,6.2886,0,44,57,200.887075
30yr_0720m_h903,30,0720,2,near_overflow,2.0,388,5.4863,0,50,39,403.898845
30yr_0720m_h903,30,0720,3,near_overflow,2.0,388,5.3079,0,84,39,599.577686
30yr_0720m_h903,30,0720,5,near_overflow,2.0,388,5.9931,0,42,42,1022.442278
30yr_0720m_h903,30,0720,6,near_overflow,2.0,388,6.3058,0,50,43,1243.804406
30yr_0720m_h903,30,0720,1,near_overflow,1.0,388,6.2886,0,44,57,200.887075
30yr_0720m_h903,30,0720,2,near_overflow,1.0,388,5.4863,0,50,39,403.898845
30yr_0720m_h903,30,0720,3,near_overflow,1.0,388,5.3079,0,84,39,599.577686
30yr_0720m_h903,30,0720,5,near_overflow,1.0,388,5.9931,0,42,42,1022.442278
30yr_0720m_h903,30,0720,6,near_overflow,1.0,388,6.3058,0,50,43,1243.804406
30yr_0720m_h988,30,0720,1,level,1.0,388,5.526,0,85,51,191.294885
30yr_0720m_h988,30,0720,2,level,1.0,388,5.103,0,118,44,396.347748
30yr_0720m_h988,30,0720,3,level,1.0,388,5.2542,0,92,48,598.872145
30yr_0720m_h988,30,0720,5,level,1.0,388,5.9767,0,74,55,1023.696527
30yr_0720m_h988,30,0720,6,level,1.0,388,6.4994,0,82,58,1241.953388
30yr_0720m_h988,30,0720,1,level,5.0,388,4.9186,0,63,37,178.50076
30yr_0720m_h988,30,0720,2,level,5.0,388,5.0603,0,140,42,387.495105
30yr_0720m_h988,30,0720,3,level,5.0,388,5.256,0,126,47,594.933096
30yr_0720m_h988,30,0720,5,level,5.0,388,5.9755,0,109,54,1027.361487
30yr_0720m_h988,30,0720,6,level,5.0,388,6.1384,0,112,57,1240.750649
30yr_0720m_h988,30,0720,1,near_overflow,0.5,388,6.3084,0,40,78,200.0277
30yr_0720m_h988,30,0720,2,near_overflow,0.5,388,5.4401,0,52,48,403.857138
30yr_0720m_h988,30,0720,3,near_overflow,0.5,388,5.2542,0,86,48,599.085548
30yr_0720m_h988,30,0720,5,near_overflow,0.5,388,5.9767,0,50,55,1019.888775
30yr_0720m_h988,30,0720,6,near_overflow,0.5,388,6.4544,0,52,58,1251.726894
30yr_0720m_h988,30,0720,1,level,0.5,388,5.816,0,74,57,195.392116
30yr_0720m_h988,30,0720,2,level,0.5,388,5.103,0,118,44,396.347748
30yr_0720m_h988,30,0720,3,level,0.5,388,5.2542,0,90,48,598.177079
30yr_0720m_h988,30,0720,5,level,0.5,388,5.9767,0,68,55,1020.367512
30yr_0720m_h988,30,0720,6,level,0.5,388,6.8101,0,67,58,1258.739196
30yr_0720m_h903,30,0720,1,near_overflow,5.0,388,6.2886,0,44,57,200.887075
30yr_0720m_h903,30,0720,2,near_overflow,5.0,388,5.4863,0,50,39,403.898845
30yr_0720m_h903,30,0720,3,near_overflow,5.0,388,5.3079,0,84,39,599.577686
30yr_0720m_h903,30,0720,5,near_overflow,5.0,388,5.9931,0,42,42,1022.442278
30yr_0720m_h903,30,0720,6,near_overflow,5.0,388,6.3058,0,50,43,1243.804406
30yr_0720m_h988,30,0720,1,near_overflow,2.0,388,6.3084,0,40,78,200.0277
30yr_0720m_h988,30,0720,2,near_overflow,2.0,388,5.4401,0,52,48,403.857138
30yr_0720m_h988,30,0720,3,near_overflow,2.0,388,5.2542,0,86,48,599.085548
30yr_0720m_h988,30,0720,5,near_overflow,2.0,388,5.9767,0,50,55,1019.888775
30yr_0720m_h988,30,0720,6,near_overflow,2.0,388,6.4544,0,52,58,1251.726894
30yr_0720m_h903,30,0720,1,level,2.0,388,4.9197,0,210,33,190.199051
30yr_0720m_h903,30,0720,2,level,2.0,388,5.1129,0,120,37,391.183568
30yr_0720m_h903,30,0720,3,level,2.0,388,5.3079,0,118,39,597.583828
30yr_0720m_h903,30,0720,5,level,2.0,388,5.9779,0,90,42,1026.511493
30yr_0720m_h903,30,0720,6,level,2.0,388,6.1353,0,87,43,1246.396683
30yr_0720m_h876,30,0720,1,level,0.5,388,5.8247,0,76,22,194.682353
30yr_0720m_h876,30,0720,2,level,0.5,388,5.0998,0,134,16,394.861009
30yr_0720m_h876,30,0720,3,level,0.5,388,5.3198,0,84,17,598.79988
30yr_0720m_h876,30,0720,5,level,0.5,388,5.9749,0,72,18,1017.671601
30yr_0720m_h876,30,0720,6,level,0.5,388,6.603,0,56,18,1247.548436
30yr_0720m_h988,30,0720,1,near_overflow,5.0,388,6.3084,0,40,78,200.0277
30yr_0720m_h988,30,0720,2,near_overflow,5.0,388,5.4401,0,52,48,403.857138
30yr_0720m_h988,30,0720,3,near_overflow,5.0,388,5.2542,0,86,48,599.085548
30yr_0720m_h988,30,0720,5,near_overflow,5.0,388,5.9767,0,50,55,1019.888775
30yr_0720m_h988,30,0720,6,near_overflow,5.0,388,6.4544,0,52,58,1251.726894
30yr_0720m_h876,30,0720,1,level,1.0,388,5.5199,0,99,20,193.425808
30yr_0720m_h876,30,0720,2,level,1.0,388,5.0998,0,134,16,394.861009
30yr_0720m_h876,30,0720,3,level,1.0,388,5.3198,0,88,17,599.079195
30yr_0720m_h876,30,0720,5,level,1.0,388,5.9749,0,72,18,1021.572096
30yr_0720m_h876,30,0720,6,level,1.0,388,6.0735,0,86,18,1237.122094
30yr_0720m_h876,30,0720,1,near_overflow,1.0,388,6.3417,0,39,28,201.198831
30yr_0720m_h876,30,0720,2,near_overflow,1.0,388,5.5069,0,56,18,403.127857
30yr_0720m_h876,30,0720,3,near_overflow,1.0,388,5.3099,0,86,17,599.039509
30yr_0720m_h876,30,0720,5,near_overflow,1.0,388,6.0326,0,50,18,1021.535023
30yr_0720m_h876,30,0720,6,near_overflow,1.0,388,6.603,0,44,18,1245.34384
30yr_0720m_h988,30,0720,1,level,2.0,388,4.9186,0,160,37,191.013539
30yr_0720m_h988,30,0720,2,level,2.0,388,5.2038,0,116,44,392.566984
30yr_0720m_h988,30,0720,3,level,2.0,388,5.3032,0,104,48,598.769223
30yr_0720m_h988,30,0720,5,level,2.0,388,5.9495,0,92,55,1024.61936
30yr_0720m_h988,30,0720,6,level,2.0,388,6.4994,0,89,58,1243.850572
30yr_0720m_h876,30,0720,1,level,2.0,388,4.918,0,206,15,188.77117
30yr_0720m_h876,30,0720,2,level,2.0,388,5.0998,0,134,16,389.982654
30yr_0720m_h876,30,0720,3,level,2.0,388,5.3198,0,114,17,596.692696
30yr_0720m_h876,30,0720,5,level,2.0,388,5.9896,0,98,18,1021.161049
30yr_0720m_h876,30,0720,6,level,2.0,388,5.9896,0,107,18,1236.138715
30yr_0720m_h876,30,0720,1,near_overflow,5.0,388,6.3417,0,39,28,201.198831
30yr_0720m_h876,30,0720,2,near_overflow,5.0,388,5.5069,0,56,18,403.127857
30yr_0720m_h876,30,0720,3,near_overflow,5.0,388,5.3099,0,86,17,599.039509
30yr_0720m_h876,30,0720,5,near_overflow,5.0,388,6.0326,0,50,18,1021.535023
30yr_0720m_h876,30,0720,6,near_overflow,5.0,388,6.603,0,44,18,1245.34384
30yr_0720m_h988,30,0720,1,near_overflow,1.0,388,6.3084,0,40,78,200.0277
30yr_0720m_h988,30,0720,2,near_overflow,1.0,388,5.4401,0,52,48,403.857138
30yr_0720m_h988,30,0720,3,near_overflow,1.0,388,5.2542,0,86,48,599.085548
30yr_0720m_h988,30,0720,5,near_overflow,1.0,388,5.9767,0,50,55,1019.888775
30yr_0720m_h988,30,0720,6,near_overflow,1.0,388,6.4544,0,52,58,1251.726894
30yr_0720m_h890,30,0720,1,level,1.0,388,5.4765,0,91,20,194.267046
30yr_0720m_h890,30,0720,2,level,1.0,388,5.093,0,136,16,394.321186
30yr_0720m_h890,30,0720,3,level,1.0,388,5.3011,0,90,17,598.178919
30yr_0720m_h890,30,0720,5,level,1.0,388,5.8817,0,76,18,1019.495919
30yr_0720m_h890,30,0720,6,level,1.0,388,6.2216,0,85,22,1240.582659
30yr_0720m_h890,30,0720,1,level,0.5,388,5.8162,0,76,22,194.566029
30yr_0720m_h890,30,0720,2,level,0.5,388,5.093,0,136,16,394.321186
30yr_0720m_h890,30,0720,3,level,0.5,388,5.3011,0,86,17,598.098091
30yr_0720m_h890,30,0720,5,level,0.5,388,5.9959,0,72,18,1016.369327
30yr_0720m_h890,30,0720,6,level,0.5,388,6.1683,0,55,22,1240.334187
30yr_0720m_h876,30,0720,1,level,5.0,388,4.9198,0,94,15,178.804089
30yr_0720m_h876,30,0720,2,level,5.0,388,5.0998,0,164,16,384.357548
30yr_0720m_h876,30,0720,3,level,5.0,388,5.3198,0,137,17,591.986338
30yr_0720m_h876,30,0720,5,level,5.0,388,5.976,0,124,18,1019.524801
30yr_0720m_h876,30,0720,6,level,5.0,388,6.1366,0,131,18,1237.817652
30yr_0720m_h890,30,0720,1,level,2.0,388,4.9178,0,212,15,188.595113
30yr_0720m_h890,30,0720,2,level,2.0,388,5.093,0,136,16,389.9908
30yr_0720m_h890,30,0720,3,level,2.0,388,5.3011,0,114,17,595.944983
30yr_0720m_h890,30,0720,5,level,2.0,388,6.0229,0,107,18,1021.623639
30yr_0720m_h890,30,0720,6,level,2.0,388,6.2723,0,106,22,1239.567879
30yr_0720m_h876,30,0720,1,near_overflow,0.5,388,6.3417,0,39,28,201.198831
30yr_0720m_h876,30,0720,2,near_overflow,0.5,388,5.5069,0,56,18,403.127857
30yr_0720m_h876,30,0720,3,near_overflow,0.5,388,5.3099,0,86,17,599.039509
30yr_0720m_h876,30,0720,5,near_overflow,0.5,388,6.0326,0,50,18,1021.535023
30yr_0720m_h876,30,0720,6,near_overflow,0.5,388,6.603,0,44,18,1245.34384
30yr_0720m_h890,30,0720,1,near_overflow,1.0,388,6.3256,0,38,28,200.652451
30yr_0720m_h890,30,0720,2,near_overflow,1.0,388,5.4793,0,55,18,402.930372
30yr_0720m_h890,30,0720,3,near_overflow,1.0,388,5.3011,0,86,17,598.651991
30yr_0720m_h890,30,0720,5,near_overflow,1.0,388,6.0551,0,54,18,1020.1902
30yr_0720m_h890,30,0720,6,near_overflow,1.0,388,6.6521,0,58,19,1244.43932
30yr_0720m_h876,30,0720,1,near_overflow,2.0,388,6.3417,0,39,28,201.198831
30yr_0720m_h876,30,0720,2,near_overflow,2.0,388,5.5069,0,56,18,403.127857
30yr_0720m_h876,30,0720,3,near_overflow,2.0,388,5.3099,0,86,17,599.039509
30yr_0720m_h876,30,0720,5,near_overflow,2.0,388,6.0326,0,50,18,1021.535023
30yr_0720m_h876,30,0720,6,near_overflow,2.0,388,6.603,0,44,18,1245.34384
30yr_0720m_h890,30,0720,1,near_overflow,5.0,388,6.3256,0,38,28,200.652451
30yr_0720m_h890,30,0720,2,near_overflow,5.0,388,5.4793,0,55,18,402.930372
30yr_0720m_h890,30,0720,3,near_overflow,5.0,388,5.3011,0,86,17,598.651991
30yr_0720m_h890,30,0720,5,near_overflow,5.0,388,6.0551,0,54,18,1020.1902
30yr_0720m_h890,30,0720,6,near_overflow,5.0,388,6.6521,0,58,19,1244.43932
30yr_0720m_h890,30,0720,1,near_overflow,0.5,388,6.3256,0,38,28,200.652451
30yr_0720m_h890,30,0720,2,near_overflow,0.5,388,5.4793,0,55,18,402.930372
30yr_0720m_h890,30,0720,3,near_overflow,0.5,388,5.3011,0,86,17,598.651991
30yr_0720m_h890,30,0720,5,near_overflow,0.5,388,6.0551,0,54,18,1020.1902
30yr_0720m_h890,30,0720,6,near_overflow,0.5,388,6.6521,0,58,19,1244.43932
30yr_0720m_h969,30,0720,1,level,0.5,388,5.8206,0,81,57,194.771106
30yr_0720m_h969,30,0720,2,level,0.5,388,5.1052,0,112,44,396.642348
30yr_0720m_h969,30,0720,3,level,0.5,388,5.2565,0,92,48,597.220757
30yr_0720m_h969,30,0720,5,level,0.5,388,5.8527,0,74,55,1019.871332
30yr_0720m_h969,30,0720,6,level,0.5,388,6.4796,0,64,58,1256.628684
30yr_0720m_h969,30,0720,1,level,2.0,388,4.9189,0,154,37,190.403097
30yr_0720m_h969,30,0720,2,level,2.0,388,5.1052,0,112,44,392.867123
30yr_0720m_h969,30,0720,3,level,2.0,388,5.2581,0,109,48,597.481581
30yr_0720m_h969,30,0720,5,level,2.0,388,6.2281,0,96,55,1029.582454
30yr_0720m_h969,30,0720,6,level,2.0,388,6.1074,0,90,58,1239.562168
30yr_0720m_h969,30,0720,1,near_overflow,0.5,388,6.317,0,42,78,200.175909
30yr_0720m_h969,30,0720,2,near_overflow,0.5,388,5.4918,0,48,47,404.50631
30yr_0720m_h969,30,0720,3,near_overflow,0.5,388,5.2565,0,88,48,598.245538
30yr_0720m_h969,30,0720,5,near_overflow,0.5,388,5.9529,0,52,55,1018.706069
30yr_0720m_h969,30,0720,6,near_overflow,0.5,388,6.4853,0,52,58,1261.623455
30yr_0720m_h890,30,0720,1,level,5.0,388,4.9197,0,92,15,179.49405
30yr_0720m_h890,30,0720,2,level,5.0,388,5.0629,0,164,16,384.872699
30yr_0720m_h890,30,0720,3,level,5.0,388,5.247,0,142,17,590.642585
30yr_0720m_h890,30,0720,5,level,5.0,388,6.0229,0,126,18,1020.168254
30yr_0720m_h890,30,0720,6,level,5.0,388,6.0726,0,141,18,1238.709333
30yr_0720m_h969,30,0720,1,near_overflow,2.0,388,6.317,0,42,78,200.175909
30yr_0720m_h969,30,0720,2,near_overflow,2.0,388,5.4918,0,48,47,404.50631
30yr_0720m_h969,30,0720,3,near_overflow,2.0,388,5.2565,0,88,48,598.245538
30yr_0720m_h969,30,0720,5,near_overflow,2.0,388,5.9529,0,52,55,1018.706069
30yr_0720m_h969,30,0720,6,near_overflow,2.0,388,6.4853,0,52,58,1261.623455
30yr_0720m_h969,30,0720,1,near_overflow,5.0,388,6.317,0,42,78,200.175909
30yr_0720m_h969,30,0720,2,near_overflow,5.0,388,5.4918,0,48,47,404.50631
30yr_0720m_h969,30,0720,3,near_overflow,5.0,388,5.2565,0,88,48,598.245538
30yr_0720m_h969,30,0720,5,near_overflow,5.0,388,5.9529,0,52,55,1018.706069
30yr_0720m_h969,30,0720,6,near_overflow,5.0,388,6.4853,0,52,58,1261.623455
30yr_0720m_h890,30,0720,1,near_overflow,2.0,388,6.3256,0,38,28,200.652451
30yr_0720m_h890,30,0720,2,near_overflow,2.0,388,5.4793,0,55,18,402.930372
30yr_0720m_h890,30,0720,3,near_overflow,2.0,388,5.3011,0,86,17,598.651991
30yr_0720m_h890,30,0720,5,near_overflow,2.0,388,6.0551,0,54,18,1020.1902
30yr_0720m_h890,30,0720,6,near_overflow,2.0,388,6.6521,0,58,19,1244.43932
30yr_0720m_h969,30,0720,1,level,1.0,388,5.529,0,82,51,191.402364
30yr_0720m_h969,30,0720,2,level,1.0,388,5.1052,0,112,44,396.642348
30yr_0720m_h969,30,0720,3,level,1.0,388,5.2565,0,94,48,597.521246
30yr_0720m_h969,30,0720,5,level,1.0,388,5.9429,0,72,55,1023.796201
30yr_0720m_h969,30,0720,6,level,1.0,388,6.2793,0,81,58,1245.013583
30yr_0720m_h969,30,0720,1,level,5.0,388,4.9189,0,61,37,178.594875
30yr_0720m_h969,30,0720,2,level,5.0,388,5.1112,0,138,42,386.721217
30yr_0720m_h969,30,0720,3,level,5.0,388,5.224,0,120,47,594.913888
30yr_0720m_h969,30,0720,5,level,5.0,388,6.2281,0,107,54,1030.124324
30yr_0720m_h969,30,0720,6,level,5.0,388,6.3858,0,109,57,1256.208353
30yr_1080m_h1011,30,1080,1,level,0.5,568,5.802,0,111,28,280.045814
30yr_1080m_h1011,30,1080,2,level,0.5,568,5.0958,0,196,22,570.398116
30yr_1080m_h1011,30,1080,3,level,0.5,568,5.3056,0,144,23,861.730434
30yr_1080m_h1011,30,1080,5,level,0.5,568,5.7044,0,122,24,1457.327446
30yr_1080m_h1011,30,1080,6,level,0.5,568,6.5959,0,91,25,1789.14979
30yr_0720m_h969,30,0720,1,near_overflow,1.0,388,6.317,0,42,78,200.175909
30yr_0720m_h969,30,0720,2,near_overflow,1.0,388,5.4918,0,48,47,404.50631
30yr_0720m_h969,30,0720,3,near_overflow,1.0,388,5.2565,0,88,48,598.245538
30yr_0720m_h969,30,0720,5,near_overflow,1.0,388,5.9529,0,52,55,1018.706069
30yr_0720m_h969,30,0720,6,near_overflow,1.0,388,6.4853,0,52,58,1261.623455
30yr_1080m_h1011,30,1080,1,level,2.0,568,4.9195,0,310,20,273.353681
30yr_1080m_h1011,30,1080,2,level,2.0,568,5.0958,0,196,22,563.036404
30yr_1080m_h1011,30,1080,3,level,2.0,568,5.3056,0,176,23,861.477206
30yr_1080m_h1011,30,1080,5,level,2.0,568,5.8575,0,175,24,1463.041509
30yr_1080m_h1011,30,1080,6,level,2.0,568,6.4292,0,141,25,1786.122534
30yr_1080m_h1011,30,1080,1,near_overflow,0.5,568,6.2801,0,61,36,289.640643
30yr_1080m_h1011,30,1080,2,near_overflow,0.5,568,5.4187,0,92,24,581.21494
30yr_1080m_h1011,30,1080,3,near_overflow,0.5,568,5.3056,0,144,23,862.385199
30yr_1080m_h1011,30,1080,5,near_overflow,0.5,568,5.7044,0,100,24,1458.94957
30yr_1080m_h1011,30,1080,6,near_overflow,0.5,568,6.3822,0,75,25,1783.627443
30yr_1080m_h1011,30,1080,1,near_overflow,1.0,568,6.2801,0,61,36,289.640643
30yr_1080m_h1011,30,1080,2,near_overflow,1.0,568,5.4187,0,92,24,581.21494
30yr_1080m_h1011,30,1080,3,near_overflow,1.0,568,5.3056,0,144,23,862.385199
30yr_1080m_h1011,30,1080,5,near_overflow,1.0,568,5.7044,0,100,24,1458.94957
30yr_1080m_h1011,30,1080,6,near_overflow,1.0,568,6.3822,0,75,25,1783.627443
30yr_1080m_h1011,30,1080,1,level,1.0,568,5.5253,0,143,26,278.793628
30yr_1080m_h1011,30,1080,2,level,1.0,568,5.0958,0,196,22,570.398116
30yr_1080m_h1011,30,1080,3,level,1.0,568,5.3056,0,144,23,861.730434
30yr_1080m_h1011,30,1080,5,level,1.0,568,5.7044,0,138,24,1460.596643
30yr_1080m_h1011,30,1080,6,level,1.0,568,6.5959,0,111,25,1793.107024
30yr_1080m_h1011,30,1080,1,near_overflow,2.0,568,6.2801,0,61,36,289.640643
30yr_1080m_h1011,30,1080,2,near_overflow,2.0,568,5.4187,0,92,24,581.21494
30yr_1080m_h1011,30,1080,3,near_overflow,2.0,568,5.3056,0,144,23,862.385199
30yr_1080m_h1011,30,1080,5,near_overflow,2.0,568,5.7044,0,100,24,1458.94957
30yr_1080m_h1011,30,1080,6,near_overflow,2.0,568,6.3822,0,75,25,1783.627443
30yr_1080m_h1037,30,1080,1,level,1.0,568,5.542,0,140,55,276.194941
30yr_1080m_h1037,30,1080,2,level,1.0,568,5.1134,0,170,48,573.435871
30yr_1080m_h1037,30,1080,3,level,1.0,568,5.3188,0,124,52,865.482373
30yr_1080m_h1037,30,1080,5,level,1.0,568,5.6145,0,112,57,1464.055034
30yr_1080m_h1037,30,1080,6,level,1.0,568,6.3375,0,113,59,1789.848682
30yr_1080m_h1037,30,1080,1,level,5.0,568,4.9195,0,150,43,261.164382
30yr_1080m_h1037,30,1080,2,level,5.0,568,5.0846,0,204,47,553.658386
30yr_1080m_h1037,30,1080,3,level,5.0,568,5.851,0,184,51,857.771371
30yr_1080m_h1037,30,1080,5,level,5.0,568,5.997,0,152,56,1467.596043
30yr_1080m_h1037,30,1080,6,level,5.0,568,6.3375,0,141,58,1784.950398
30yr_1080m_h1037,30,1080,1,level,2.0,568,4.9197,0,270,43,272.72221
30yr_1080m_h1037,30,1080,2,level,2.0,568,5.1134,0,170,48,567.234497
30yr_1080m_h1037,30,1080,3,level,2.0,568,5.3221,0,146,52,864.743151
30yr_1080m_h1037,30,1080,5,level,2.0,568,5.997,0,134,57,1473.441001
30yr_1080m_h1037,30,1080,6,level,2.0,568,6.3375,0,115,59,1792.917962
30yr_1080m_h1011,30,1080,1,level,5.0,568,4.9194,0,152,20,258.395971
30yr_1080m_h1011,30,1080,2,level,5.0,568,5.0787,0,258,21,552.930931
30yr_1080m_h1011,30,1080,3,level,5.0,568,5.3179,0,226,23,853.597085
30yr_1080m_h1011,30,1080,5,level,5.0,568,5.8575,0,211,24,1457.42403
30yr_1080m_h1011,30,1080,6,level,5.0,568,6.8028,0,180,25,1785.841136
30yr_1080m_h1037,30,1080,1,near_overflow,0.5,568,6.2962,0,59,77,289.906613
30yr_1080m_h1037,30,1080,2,near_overflow,0.5,568,5.417,0,82,51,582.685619
30yr_1080m_h1037,30,1080,3,near_overflow,0.5,568,5.3188,0,124,52,866.042804
30yr_1080m_h1037,30,1080,5,near_overflow,0.5,568,5.695,0,80,57,1462.056021
30yr_1080m_h1037,30,1080,6,near_overflow,0.5,568,6.0053,0,59,59,1773.245264
30yr_1080m_h1011,30,1080,1,near_overflow,5.0,568,6.2801,0,61,36,289.640643
30yr_1080m_h1011,30,1080,2,near_overflow,5.0,568,5.4187,0,92,24,581.21494
30yr_1080m_h1011,30,1080,3,near_overflow,5.0,568,5.3056,0,144,23,862.385199
30yr_1080m_h1011,30,1080,5,near_overflow,5.0,568,5.7044,0,100,24,1458.94957
30yr_1080m_h1011,30,1080,6,near_overflow,5.0,568,6.3822,0,75,25,1783.627443
30yr_1080m_h1037,30,1080,1,near_overflow,1.0,568,6.2962,0,59,77,289.906613
30yr_1080m_h1037,30,1080,2,near_overflow,1.0,568,5.417,0,82,51,582.685619
30yr_1080m_h1037,30,1080,3,near_overflow,1.0,568,5.3188,0,124,52,866.042804
30yr_1080m_h1037,30,1080,5,near_overflow,1.0,568,5.695,0,80,57,1462.056021
30yr_1080m_h1037,30,1080,6,near_overflow,1.0,568,6.0053,0,59,59,1773.245264
30yr_1080m_h1037,30,1080,1,near_overflow,5.0,568,6.2962,0,59,77,289.906613
30yr_1080m_h1037,30,1080,2,near_overflow,5.0,568,5.417,0,82,51,582.685619
30yr_1080m_h1037,30,1080,3,near_overflow,5.0,568,5.3188,0,124,52,866.042804
30yr_1080m_h1037,30,1080,5,near_overflow,5.0,568,5.695,0,80,57,1462.056021
30yr_1080m_h1037,30,1080,6,near_overflow,5.0,568,6.0053,0,59,59,1773.245264
30yr_1080m_h1037,30,1080,1,level,0.5,568,5.8138,0,97,60,282.239376
30yr_1080m_h1037,30,1080,2,level,0.5,568,5.1134,0,170,48,573.435871
30yr_1080m_h1037,30,1080,3,level,0.5,568,5.3188,0,124,52,865.482373
30yr_1080m_h1037,30,1080,5,level,0.5,568,5.6495,0,92,57,1461.755286
30yr_1080m_h1037,30,1080,6,level,0.5,568,6.3375,0,85,59,1787.77021
30yr_1080m_h995,30,1080,1,level,0.5,568,5.8015,0,111,28,279.799504
30yr_1080m_h995,30,1080,2,level,0.5,568,5.0956,0,196,22,570.423963
30yr_1080m_h995,30,1080,3,level,0.5,568,5.3359,0,146,23,861.763588
30yr_1080m_h995,30,1080,5,level,0.5,568,5.6936,0,112,24,1460.625923
30yr_1080m_h995,30,1080,6,level,0.5,568,6.9162,0,91,25,1790.158941
50yr_0060m_h244,50,0060,1,level,1.0,58,5.9486,0,12,13,31.686
50yr_0060m_h244,50,0060,2,level,1.0,58,5.977,0,13,10,64.628849
50yr_0060m_h244,50,0060,3,level,1.0,58,6.1405,0,10,10,98.810995
50yr_0060m_h244,50,0060,5,level,1.0,58,6.3586,0,9,12,168.501738
50yr_0060m_h244,50,0060,6,level,1.0,58,6.6872,0,9,19,208.77333
50yr_0060m_h244,50,0060,1,level,0.5,58,5.9202,0,10,14,31.845769
50yr_0060m_h244,50,0060,2,level,0.5,58,5.977,0,13,10,64.628849
50yr_0060m_h244,50,0060,3,level,0.5,58,6.1689,0,12,10,98.511519
50yr_0060m_h244,50,0060,5,level,0.5,58,6.3586,0,11,12,168.132237
50yr_0060m_h244,50,0060,6,level,0.5,58,6.6872,0,10,19,208.598054
50yr_0060m_h244,50,0060,1,level,2.0,58,5.977,0,25,10,31.188008
50yr_0060m_h244,50,0060,2,level,2.0,58,5.977,0,13,10,64.207472
50yr_0060m_h244,50,0060,3,level,2.0,58,6.1405,0,10,10,98.809963
50yr_0060m_h244,50,0060,5,level,2.0,58,6.24,0,12,12,168.333052
50yr_0060m_h244,50,0060,6,level,2.0,58,6.6667,0,12,18,209.271273
50yr_0060m_h244,50,0060,1,near_overflow,0.5,58,6.3009,0,8,17,32.876241
50yr_0060m_h244,50,0060,2,near_overflow,0.5,58,6.0694,0,9,12,65.383368
50yr_0060m_h244,50,0060,3,near_overflow,0.5,58,6.2898,0,13,10,99.081509
50yr_0060m_h244,50,0060,5,near_overflow,0.5,58,6.5161,0,11,12,169.331302
50yr_0060m_h244,50,0060,6,near_overflow,0.5,58,6.6872,0,9,19,208.507613
50yr_0060m_h244,50,0060,1,level,5.0,58,5.9596,0,11,10,30.784626
50yr_0060m_h244,50,0060,2,level,5.0,58,5.977,0,13,10,63.82971
50yr_0060m_h244,50,0060,3,level,5.0,58,6.0694,0,17,10,97.043728
50yr_0060m_h244,50,0060,5,level,5.0,58,6.4407,0,14,10,169.784895
50yr_0060m_h244,50,0060,6,level,5.0,58,6.6667,0,12,18,208.050871
30yr_1080m_h995,30,1080,1,level,2.0,568,4.9197,0,308,20,272.348723
30yr_1080m_h995,30,1080,2,level,2.0,568,5.0956,0,196,22,563.561022
30yr_1080m_h995,30,1080,3,level,2.0,568,5.286,0,174,23,860.885643
30yr_1080m_h995,30,1080,5,level,2.0,568,5.8575,0,171,24,1462.230463
30yr_1080m_h995,30,1080,6,level,2.0,568,6.4474,0,143,25,1786.257969
50yr_0060m_h244,50,0060,1,near_overflow,1.0,58,6.3009,0,8,17,32.876241
50yr_0060m_h244,50,0060,2,near_overflow,1.0,58,6.0694,0,9,12,65.383368
50yr_0060m_h244,50,0060,3,near_overflow,1.0,58,6.2898,0,13,10,99.081509
50yr_0060m_h244,50,0060,5,near_overflow,1.0,58,6.5161,0,11,12,169.331302
50yr_0060m_h244,50,0060,6,near_overflow,1.0,58,6.6872,0,9,19,208.507613
30yr_1080m_h995,30,1080,1,near_overflow,0.5,568,6.2897,0,67,36,289.310101
30yr_1080m_h995,30,1080,2,near_overflow,0.5,568,5.3948,0,94,24,581.090089
30yr_1080m_h995,30,1080,3,near_overflow,0.5,568,5.3359,0,146,23,862.42269
30yr_1080m_h995,30,1080,5,near_overflow,0.5,568,5.6638,0,100,24,1455.771126
30yr_1080m_h995,30,1080,6,near_overflow,0.5,568,6.8477,0,71,25,1789.14565
50yr_0060m_h244,50,0060,1,near_overflow,5.0,58,6.3009,0,8,17,32.876241
50yr_0060m_h244,50,0060,2,near_overflow,5.0,58,6.0694,0,9,12,65.383368
50yr_0060m_h244,50,0060,3,near_overflow,5.0,58,6.2898,0,13,10,99.081509
50yr_0060m_h244,50,0060,5,near_overflow,5.0,58,6.5161,0,11,12,169.331302
50yr_0060m_h244,50,0060,6,near_overflow,5.0,58,6.6872,0,9,19,208.507613
30yr_1080m_h1037,30,1080,1,near_overflow,2.0,568,6.2962,0,59,77,289.906613
30yr_1080m_h1037,30,1080,2,near_overflow,2.0,568,5.417,0,82,51,582.685619
30yr_1080m_h1037,30,1080,3,near_overflow,2.0,568,5.3188,0,124,52,866.042804
30yr_1080m_h1037,30,1080,5,near_overflow,2.0,568,5.695,0,80,57,1462.056021
30yr_1080m_h1037,30,1080,6,near_overflow,2.0,568,6.0053,0,59,59,1773.245264
50yr_0060m_h244,50,0060,1,near_overflow,2.0,58,6.3009,0,8,17,32.876241
50yr_0060m_h244,50,0060,2,near_overflow,2.0,58,6.0694,0,9,12,65.383368
50yr_0060m_h244,50,0060,3,near_overflow,2.0,58,6.2898,0,13,10,99.081509
50yr_0060m_h244,50,0060,5,near_overflow,2.0,58,6.5161,0,11,12,169.331302
50yr_0060m_h244,50,0060,6,near_overflow,2.0,58,6.6872,0,9,19,208.507613
30yr_1080m_h995,30,1080,1,near_overflow,2.0,568,6.2897,0,67,36,289.310101
30yr_1080m_h995,30,1080,2,near_overflow,2.0,568,5.3948,0,94,24,581.090089
30yr_1080m_h995,30,1080,3,near_overflow,2.0,568,5.3359,0,146,23,862.42269
30yr_1080m_h995,30,1080,5,near_overflow,2.0,568,5.6638,0,100,24,1455.771126
30yr_1080m_h995,30,1080,6,near_overflow,2.0,568,6.8477,0,71,25,1789.14565
30yr_1080m_h995,30,1080,1,level,1.0,568,5.5557,0,143,26,278.468977
30yr_1080m_h995,30,1080,2,level,1.0,568,5.0956,0,196,22,570.423963
30yr_1080m_h995,30,1080,3,level,1.0,568,5.3359,0,146,23,861.763588
30yr_1080m_h995,30,1080,5,level,1.0,568,5.6638,0,136,24,1460.685249
30yr_1080m_h995,30,1080,6,level,1.0,568,6.799,0,118,25,1790.872774
30yr_1080m_h995,30,1080,1,near_overflow,5.0,568,6.2897,0,67,36,289.310101
30yr_1080m_h995,30,1080,2,near_overflow,5.0,568,5.3948,0,94,24,581.090089
30yr_1080m_h995,30,1080,3,near_overflow,5.0,568,5.3359,0,146,23,862.42269
30yr_1080m_h995,30,1080,5,near_overflow,5.0,568,5.6638,0,100,24,1455.771126
30yr_1080m_h995,30,1080,6,near_overflow,5.0,568,6.8477,0,71,25,1789.14565
30yr_1080m_h995,30,1080,1,level,5.0,568,4.9191,0,154,20,258.329335
30yr_1080m_h995,30,1080,2,level,5.0,568,5.0772,0,252,21,553.254946
30yr_1080m_h995,30,1080,3,level,5.0,568,5.318,0,214,22,852.820281
30yr_1080m_h995,30,1080,5,level,5.0,568,5.8575,0,197,24,1458.62647
30yr_1080m_h995,30,1080,6,level,5.0,568,6.4474,0,177,25,1780.589447
30yr_1080m_h996,30,1080,1,level,1.0,568,5.5585,0,145,26,278.110653
30yr_1080m_h996,30,1080,2,level,1.0,568,5.1015,0,200,22,570.094121
30yr_1080m_h996,30,1080,3,level,1.0,568,5.2846,0,140,23,862.645725
30yr_1080m_h996,30,1080,5,level,1.0,568,5.7076,0,130,24,1464.805889
30yr_1080m_h996,30,1080,6,level,1.0,568,6.7345,0,117,25,1797.273292
30yr_1080m_h996,30,1080,1,level,0.5,568,5.7944,0,103,28,280.740949
30yr_1080m_h996,30,1080,2,level,0.5,568,5.1015,0,200,22,570.094121
30yr_1080m_h996,30,1080,3,level,0.5,568,5.2846,0,140,23,862.645725
30yr_1080m_h996,30,1080,5,level,0.5,568,5.7076,0,108,24,1461.893796
30yr_1080m_h996,30,1080,6,level,0.5,568,6.7345,0,85,25,1787.209095
30yr_1080m_h995,30,1080,1,near_overflow,1.0,568,6.2897,0,67,36,289.310101
30yr_1080m_h995,30,1080,2,near_overflow,1.0,568,5.3948,0,94,24,581.090089
30yr_1080m_h995,30,1080,3,near_overflow,1.0,568,5.3359,0,146,23,862.42269
30yr_1080m_h995,30,1080,5,near_overflow,1.0,568,5.6638,0,100,24,1455.771126
30yr_1080m_h995,30,1080,6,near_overflow,1.0,568,6.8477,0,71,25,1789.14565
30yr_1080m_h996,30,1080,1,level,2.0,568,4.9194,0,306,20,272.024008
30yr_1080m_h996,30,1080,2,level,2.0,568,5.1015,0,200,22,563.01212
30yr_1080m_h996,30,1080,3,level,2.0,568,5.2944,0,188,23,860.941805
30yr_1080m_h996,30,1080,5,level,2.0,568,5.8589,0,167,24,1466.175313
30yr_1080m_h996,30,1080,6,level,2.0,568,6.7345,0,141,25,1792.015892
30yr_1080m_h996,30,1080,1,near_overflow,1.0,568,6.2971,0,65,36,288.759725
30yr_1080m_h996,30,1080,2,near_overflow,1.0,568,5.4302,0,94,24,581.053671
30yr_1080m_h996,30,1080,3,near_overflow,1.0,568,5.2846,0,140,23,863.329354
30yr_1080m_h996,30,1080,5,near_overflow,1.0,568,5.7076,0,98,24,1460.013134
30yr_1080m_h996,30,1080,6,near_overflow,1.0,568,6.0034,0,76,25,1771.999842
30yr_1080m_h996,30,1080,1,near_overflow,2.0,568,6.2971,0,65,36,288.759725
30yr_1080m_h996,30,1080,2,near_overflow,2.0,568,5.4302,0,94,24,581.053671
30yr_1080m_h996,30,1080,3,near_overflow,2.0,568,5.2846,0,140,23,863.329354
30yr_1080m_h996,30,1080,5,near_overflow,2.0,568,5.7076,0,98,24,1460.013134
30yr_1080m_h996,30,1080,6,near_overflow,2.0,568,6.0034,0,76,25,1771.999842
30yr_1080m_h996,30,1080,1,near_overflow,5.0,568,6.2971,0,65,36,288.759725
30yr_1080m_h996,30,1080,2,near_overflow,5.0,568,5.4302,0,94,24,581.053671
30yr_1080m_h996,30,1080,3,near_overflow,5.0,568,5.2846,0,140,23,863.329354
30yr_1080m_h996,30,1080,5,near_overflow,5.0,568,5.7076,0,98,24,1460.013134
30yr_1080m_h996,30,1080,6,near_overflow,5.0,568,6.0034,0,76,25,1771.999842
30yr_1080m_h996,30,1080,1,level,5.0,568,4.9196,0,152,20,258.344805
30yr_1080m_h996,30,1080,2,level,5.0,568,5.0851,0,247,21,553.211056
30yr_1080m_h996,30,1080,3,level,5.0,568,5.3338,0,238,22,853.114079
30yr_1080m_h996,30,1080,5,level,5.0,568,5.8589,0,210,24,1462.714947
30yr_1080m_h996,30,1080,6,level,5.0,568,6.3879,0,191,25,1779.104285
30yr_1080m_h1087,30,1080,1,near_overflow,0.5,568,6.3172,0,48,103,290.330008
30yr_1080m_h1087,30,1080,2,near_overflow,0.5,568,5.4632,0,77,59,583.312431
30yr_1080m_h1087,30,1080,3,near_overflow,0.5,568,5.272,0,118,60,867.595517
30yr_1080m_h1087,30,1080,5,near_overflow,0.5,568,6.0539,0,74,71,1470.910855
30yr_1080m_h1087,30,1080,6,near_overflow,0.5,568,6.8062,0,74,75,1801.363257
30yr_1080m_h1087,30,1080,1,level,2.0,568,4.9187,0,284,46,274.659158
30yr_1080m_h1087,30,1080,2,level,2.0,568,5.104,0,172,54,566.755221
30yr_1080m_h1087,30,1080,3,level,2.0,568,5.2795,0,148,60,865.473542
30yr_1080m_h1087,30,1080,5,level,2.0,568,5.6892,0,138,71,1467.462823
30yr_1080m_h1087,30,1080,6,level,2.0,568,6.3336,0,144,75,1785.763173
30yr_1080m_h996,30,1080,1,near_overflow,0.5,568,6.2971,0,65,36,288.759725
30yr_1080m_h996,30,1080,2,near_overflow,0.5,568,5.4302,0,94,24,581.053671
30yr_1080m_h996,30,1080,3,near_overflow,0.5,568,5.2846,0,140,23,863.329354
30yr_1080m_h996,30,1080,5,near_overflow,0.5,568,5.7076,0,98,24,1460.013134
30yr_1080m_h996,30,1080,6,near_overflow,0.5,568,6.0034,0,76,25,1771.999842
30yr_1080m_h1087,30,1080,1,near_overflow,1.0,568,6.3172,0,48,103,290.330008
30yr_1080m_h1087,30,1080,2,near_overflow,1.0,568,5.4632,0,77,59,583.312431
30yr_1080m_h1087,30,1080,3,near_overflow,1.0,568,5.272,0,118,60,867.595517
30yr_1080m_h1087,30,1080,5,near_overflow,1.0,568,6.0539,0,74,71,1470.910855
30yr_1080m_h1087,30,1080,6,near_overflow,1.0,568,6.8062,0,74,75,1801.363257
30yr_1080m_h1087,30,1080,1,level,1.0,568,5.505,0,128,64,281.275069
30yr_1080m_h1087,30,1080,2,level,1.0,568,5.104,0,172,54,573.470552
30yr_1080m_h1087,30,1080,3,level,1.0,568,5.272,0,118,60,866.934626
30yr_1080m_h1087,30,1080,5,level,1.0,568,5.6892,0,104,71,1467.250813
30yr_1080m_h1087,30,1080,6,level,1.0,568,6.3336,0,120,75,1792.170267
50yr_0060m_h138,50,0060,1,level,0.5,58,6.2697,0,10,7,32.535893
50yr_0060m_h138,50,0060,2,level,0.5,58,5.2899,0,23,3,62.601417
50yr_0060m_h138,50,0060,3,level,0.5,58,5.6146,0,14,3,97.573303
50yr_0060m_h138,50,0060,5,level,0.5,58,5.9854,0,10,3,167.798257
50yr_0060m_h138,50,0060,6,level,0.5,58,6.038,0,8,3,204.521358
50yr_0060m_h138,50,0060,1,level,1.0,58,5.4947,0,16,5,30.693236
50yr_0060m_h138,50,0060,2,level,1.0,58,5.2899,0,23,3,62.546658
50yr_0060m_h138,50,0060,3,level,1.0,58,5.6681,0,15,3,96.981807
50yr_0060m_h138,50,0060,5,level,1.0,58,5.9854,0,9,3,168.131988
50yr_0060m_h138,50,0060,6,level,1.0,58,5.9854,0,8,3,203.832614
50yr_0060m_h138,50,0060,1,level,2.0,58,5.065,0,26,3,30.365531
50yr_0060m_h138,50,0060,2,level,2.0,58,5.2941,0,16,3,63.170108
50yr_0060m_h138,50,0060,3,level,2.0,58,5.6681,0,15,3,97.114308
50yr_0060m_h138,50,0060,5,level,2.0,58,5.9854,0,11,3,168.056759
50yr_0060m_h138,50,0060,6,level,2.0,58,5.9854,0,12,3,203.858441
50yr_0060m_h138,50,0060,1,near_overflow,0.5,58,6.2697,0,6,7,32.914014
50yr_0060m_h138,50,0060,2,near_overflow,0.5,58,5.5643,0,12,4,63.872677
50yr_0060m_h138,50,0060,3,near_overflow,0.5,58,5.8034,0,13,3,98.321086
50yr_0060m_h138,50,0060,5,near_overflow,0.5,58,5.9854,0,10,3,167.419598
50yr_0060m_h138,50,0060,6,near_overflow,0.5,58,6.038,0,10,3,203.77579
50yr_0060m_h138,50,0060,1,near_overflow,1.0,58,6.2697,0,6,7,32.914014
50yr_0060m_h138,50,0060,2,near_overflow,1.0,58,5.5643,0,12,4,63.872677
50yr_0060m_h138,50,0060,3,near_overflow,1.0,58,5.8034,0,13,3,98.321086
50yr_0060m_h138,50,0060,5,near_overflow,1.0,58,5.9854,0,10,3,167.419598
50yr_0060m_h138,50,0060,6,near_overflow,1.0,58,6.038,0,10,3,203.77579
50yr_0060m_h138,50,0060,1,near_overflow,5.0,58,6.2697,0,6,7,32.914014
50yr_0060m_h138,50,0060,2,near_overflow,5.0,58,5.5643,0,12,4,63.872677
50yr_0060m_h138,50,0060,3,near_overflow,5.0,58,5.8034,0,13,3,98.321086
50yr_0060m_h138,50,0060,5,near_overflow,5.0,58,5.9854,0,10,3,167.419598
50yr_0060m_h138,50,0060,6,near_overflow,5.0,58,6.038,0,10,3,203.77579
50yr_0060m_h138,50,0060,1,level,5.0,58,4.9505,0,16,3,28.503659
50yr_0060m_h138,50,0060,2,level,5.0,58,5.1435,0,24,3,61.218505
50yr_0060m_h138,50,0060,3,level,5.0,58,5.7138,0,20,3,95.966876
50yr_0060m_h138,50,0060,5,level,5.0,58,5.8954,0,18,3,166.29623
50yr_0060m_h138,50,0060,6,level,5.0,58,5.9706,0,19,3,202.838969
50yr_0060m_h243,50,0060,1,level,0.5,58,6.0555,0,8,14,32.124172
50yr_0060m_h243,50,0060,2,level,0.5,58,6.0626,0,11,10,65.206548
50yr_0060m_h243,50,0060,3,level,0.5,58,6.1834,0,10,10,98.791772
50yr_0060m_h243,50,0060,5,level,0.5,58,6.4068,0,7,10,170.548169
50yr_0060m_h243,50,0060,6,level,0.5,58,6.5916,0,9,12,207.801505
50yr_0060m_h243,50,0060,1,level,1.0,58,6.0342,0,10,13,32.277014
50yr_0060m_h243,50,0060,2,level,1.0,58,6.0626,0,11,10,65.206548
50yr_0060m_h243,50,0060,3,level,1.0,58,6.1834,0,10,10,98.791772
50yr_0060m_h243,50,0060,5,level,1.0,58,6.5026,0,7,10,170.601993
50yr_0060m_h243,50,0060,6,level,1.0,58,6.5916,0,10,12,207.943875
50yr_0060m_h243,50,0060,1,level,2.0,58,6.0021,0,19,9,31.170141
50yr_0060m_h243,50,0060,2,level,2.0,58,6.0626,0,11,10,64.713522
50yr_0060m_h243,50,0060,3,level,2.0,58,6.1834,0,13,10,98.512459
50yr_0060m_h243,50,0060,5,level,2.0,58,6.3452,0,11,10,168.825761
50yr_0060m_h243,50,0060,6,level,2.0,58,6.5916,0,11,12,207.835758
50yr_0060m_h138,50,0060,1,near_overflow,2.0,58,6.2697,0,6,7,32.914014
50yr_0060m_h138,50,0060,2,near_overflow,2.0,58,5.5643,0,12,4,63.872677
50yr_0060m_h138,50,0060,3,near_overflow,2.0,58,5.8034,0,13,3,98.321086
50yr_0060m_h138,50,0060,5,near_overflow,2.0,58,5.9854,0,10,3,167.419598
50yr_0060m_h138,50,0060,6,near_overflow,2.0,58,6.038,0,10,3,203.77579
50yr_0060m_h243,50,0060,1,level,5.0,58,6.0071,0,11,9,30.163756
50yr_0060m_h243,50,0060,2,level,5.0,58,6.0626,0,17,10,63.878812
50yr_0060m_h243,50,0060,3,level,5.0,58,6.0626,0,16,10,96.666715
50yr_0060m_h243,50,0060,5,level,5.0,58,6.3452,0,13,10,168.373709
50yr_0060m_h243,50,0060,6,level,5.0,58,6.4821,0,18,10,204.510473
50yr_0060m_h243,50,0060,1,near_overflow,1.0,58,6.322,0,8,17,32.973791
50yr_0060m_h243,50,0060,2,near_overflow,1.0,58,6.0839,0,9,12,65.423073
50yr_0060m_h243,50,0060,3,near_overflow,1.0,58,6.3041,0,11,10,99.416777
50yr_0060m_h243,50,0060,5,near_overflow,1.0,58,6.4068,0,9,10,169.582844
50yr_0060m_h243,50,0060,6,near_overflow,1.0,58,6.708,0,13,12,207.911717
30yr_1080m_h1087,30,1080,1,near_overflow,2.0,568,6.3172,0,48,103,290.330008
30yr_1080m_h1087,30,1080,2,near_overflow,2.0,568,5.4632,0,77,59,583.312431
30yr_1080m_h1087,30,1080,3,near_overflow,2.0,568,5.272,0,118,60,867.595517
30yr_1080m_h1087,30,1080,5,near_overflow,2.0,568,6.0539,0,74,71,1470.910855
30yr_1080m_h1087,30,1080,6,near_overflow,2.0,568,6.8062,0,74,75,1801.363257
50yr_0060m_h243,50,0060,1,near_overflow,2.0,58,6.322,0,8,17,32.973791
50yr_0060m_h243,50,0060,2,near_overflow,2.0,58,6.0839,0,9,12,65.423073
50yr_0060m_h243,50,0060,3,near_overflow,2.0,58,6.3041,0,11,10,99.416777
50yr_0060m_h243,50,0060,5,near_overflow,2.0,58,6.4068,0,9,10,169.582844
50yr_0060m_h243,50,0060,6,near_overflow,2.0,58,6.708,0,13,12,207.911717
50yr_0060m_h243,50,0060,1,near_overflow,5.0,58,6.322,0,8,17,32.973791
50yr_0060m_h243,50,0060,2,near_overflow,5.0,58,6.0839,0,9,12,65.423073
50yr_0060m_h243,50,0060,3,near_overflow,5.0,58,6.3041,0,11,10,99.416777
50yr_0060m_h243,50,0060,5,near_overflow,5.0,58,6.4068,0,9,10,169.582844
50yr_0060m_h243,50,0060,6,near_overflow,5.0,58,6.708,0,13,12,207.911717
50yr_0060m_h127,50,0060,1,level,1.0,58,5.5277,0,19,5,30.93423
50yr_0060m_h127,50,0060,2,level,1.0,58,5.194,0,18,3,63.170158
50yr_0060m_h127,50,0060,3,level,1.0,58,5.69,0,13,3,97.792215
50yr_0060m_h127,50,0060,5,level,1.0,58,5.8853,0,10,3,168.584586
50yr_0060m_h127,50,0060,6,level,1.0,58,6.0274,0,11,3,204.162874
50yr_0060m_h243,50,0060,1,near_overflow,0.5,58,6.322,0,8,17,32.973791
50yr_0060m_h243,50,0060,2,near_overflow,0.5,58,6.0839,0,9,12,65.423073
50yr_0060m_h243,50,0060,3,near_overflow,0.5,58,6.3041,0,11,10,99.416777
50yr_0060m_h243,50,0060,5,near_overflow,0.5,58,6.4068,0,9,10,169.582844
50yr_0060m_h243,50,0060,6,near_overflow,0.5,58,6.708,0,13,12,207.911717
50yr_0060m_h127,50,0060,1,level,2.0,58,5.0565,0,28,3,30.476096
50yr_0060m_h127,50,0060,2,level,2.0,58,5.194,0,18,3,62.738913
50yr_0060m_h127,50,0060,3,level,2.0,58,5.69,0,15,3,97.610133
50yr_0060m_h127,50,0060,5,level,2.0,58,5.8853,0,12,3,168.72093
50yr_0060m_h127,50,0060,6,level,2.0,58,6.0274,0,13,3,204.200267
50yr_0060m_h127,50,0060,1,level,5.0,58,5.0237,0,16,3,29.591774
50yr_0060m_h127,50,0060,2,level,5.0,58,5.2067,0,20,3,62.006847
50yr_0060m_h127,50,0060,3,level,5.0,58,5.6468,0,10,3,96.435893
50yr_0060m_h127,50,0060,5,level,5.0,58,6.0593,0,17,3,168.309258
50yr_0060m_h127,50,0060,6,level,5.0,58,5.9777,0,19,6,204.253009
50yr_0060m_h127,50,0060,1,near_overflow,0.5,58,6.3113,0,5,7,33.439437
50yr_0060m_h127,50,0060,2,near_overflow,0.5,58,5.3077,0,10,4,64.141327
50yr_0060m_h127,50,0060,3,near_overflow,0.5,58,5.6845,0,14,3,98.553669
50yr_0060m_h127,50,0060,5,near_overflow,0.5,58,6.0274,0,10,3,169.416535
50yr_0060m_h127,50,0060,6,near_overflow,0.5,58,6.0274,0,9,3,203.351182
50yr_0060m_h127,50,0060,1,level,0.5,58,6.3113,0,9,7,32.96426
50yr_0060m_h127,50,0060,2,level,0.5,58,5.194,0,18,3,63.189771
50yr_0060m_h127,50,0060,3,level,0.5,58,5.5807,0,13,3,97.700344
50yr_0060m_h127,50,0060,5,level,0.5,58,6.0274,0,11,3,169.283209
50yr_0060m_h127,50,0060,6,level,0.5,58,6.0274,0,9,3,204.068305
50yr_0060m_h127,50,0060,1,near_overflow,1.0,58,6.3113,0,5,7,33.439437
50yr_0060m_h127,50,0060,2,near_overflow,1.0,58,5.3077,0,10,4,64.141327
50yr_0060m_h127,50,0060,3,near_overflow,1.0,58,5.6845,0,14,3,98.553669
50yr_0060m_h127,50,0060,5,near_overflow,1.0,58,6.0274,0,10,3,169.416535
50yr_0060m_h127,50,0060,6,near_overflow,1.0,58,6.0274,0,9,3,203.351182
50yr_0060m_h127,50,0060,1,near_overflow,2.0,58,6.3113,0,5,7,33.439437
50yr_0060m_h127,50,0060,2,near_overflow,2.0,58,5.3077,0,10,4,64.141327
50yr_0060m_h127,50,0060,3,near_overflow,2.0,58,5.6845,0,14,3,98.553669
50yr_0060m_h127,50,0060,5,near_overflow,2.0,58,6.0274,0,10,3,169.416535
50yr_0060m_h127,50,0060,6,near_overflow,2.0,58,6.0274,0,9,3,203.351182
50yr_0060m_h147,50,0060,1,level,1.0,58,5.5155,0,17,5,30.720368
50yr_0060m_h147,50,0060,2,level,1.0,58,5.2695,0,15,3,64.001241
50yr_0060m_h147,50,0060,3,level,1.0,58,5.6421,0,12,3,97.250346
50yr_0060m_h147,50,0060,5,level,1.0,58,5.9409,0,10,3,168.851853
50yr_0060m_h147,50,0060,6,level,1.0,58,6.0119,0,10,3,204.833965
50yr_0060m_h147,50,0060,1,level,2.0,58,5.0533,0,25,3,30.348804
50yr_0060m_h147,50,0060,2,level,2.0,58,5.2021,0,17,3,63.026444
50yr_0060m_h147,50,0060,3,level,2.0,58,5.6421,0,14,3,97.103588
50yr_0060m_h147,50,0060,5,level,2.0,58,5.9409,0,13,3,168.223843
50yr_0060m_h147,50,0060,6,level,2.0,58,6.0119,0,17,3,204.214035
50yr_0060m_h147,50,0060,1,level,0.5,58,6.2962,0,8,7,33.102019
50yr_0060m_h147,50,0060,2,level,0.5,58,5.2695,0,15,3,64.001241
50yr_0060m_h147,50,0060,3,level,0.5,58,5.6435,0,13,3,96.842258
50yr_0060m_h147,50,0060,5,level,0.5,58,6.0119,0,9,3,168.889888
50yr_0060m_h147,50,0060,6,level,0.5,58,6.0119,0,7,3,204.253984
50yr_0060m_h147,50,0060,1,near_overflow,0.5,58,6.2962,0,6,7,33.222874
50yr_0060m_h147,50,0060,2,near_overflow,0.5,58,5.3211,0,12,4,63.538107
50yr_0060m_h147,50,0060,3,near_overflow,0.5,58,5.8451,0,13,3,98.307223
50yr_0060m_h147,50,0060,5,near_overflow,0.5,58,6.0119,0,8,3,169.02963
50yr_0060m_h147,50,0060,6,near_overflow,0.5,58,6.0119,0,12,3,203.416707
50yr_0060m_h147,50,0060,1,near_overflow,1.0,58,6.2962,0,6,7,33.222874
50yr_0060m_h147,50,0060,2,near_overflow,1.0,58,5.3211,0,12,4,63.538107
50yr_0060m_h147,50,0060,3,near_overflow,1.0,58,5.8451,0,13,3,98.307223
50yr_0060m_h147,50,0060,5,near_overflow,1.0,58,6.0119,0,8,3,169.02963
50yr_0060m_h147,50,0060,6,near_overflow,1.0,58,6.0119,0,12,3,203.416707
30yr_1080m_h1087,30,1080,1,level,0.5,568,5.8267,0,108,73,281.372895
30yr_1080m_h1087,30,1080,2,level,0.5,568,5.104,0,172,54,573.470552
30yr_1080m_h1087,30,1080,3,level,0.5,568,5.272,0,118,60,866.934626
30yr_1080m_h1087,30,1080,5,level,0.5,568,5.6892,0,88,71,1465.286647
30yr_1080m_h1087,30,1080,6,level,0.5,568,6.3336,0,89,75,1792.650182
50yr_0060m_h127,50,0060,1,near_overflow,5.0,58,6.3113,0,5,7,33.439437
50yr_0060m_h127,50,0060,2,near_overflow,5.0,58,5.3077,0,10,4,64.141327
50yr_0060m_h127,50,0060,3,near_overflow,5.0,58,5.6845,0,14,3,98.553669
50yr_0060m_h127,50,0060,5,near_overflow,5.0,58,6.0274,0,10,3,169.416535
50yr_0060m_h127,50,0060,6,near_overflow,5.0,58,6.0274,0,9,3,203.351182
50yr_0060m_h147,50,0060,1,near_overflow,2.0,58,6.2962,0,6,7,33.222874
50yr_0060m_h147,50,0060,2,near_overflow,2.0,58,5.3211,0,12,4,63.538107
50yr_0060m_h147,50,0060,3,near_overflow,2.0,58,5.8451,0,13,3,98.307223
50yr_0060m_h147,50,0060,5,near_overflow,2.0,58,6.0119,0,8,3,169.02963
50yr_0060m_h147,50,0060,6,near_overflow,2.0,58,6.0119,0,12,3,203.416707
50yr_0060m_h147,50,0060,1,near_overflow,5.0,58,6.2962,0,6,7,33.222874
50yr_0060m_h147,50,0060,2,near_overflow,5.0,58,5.3211,0,12,4,63.538107
50yr_0060m_h147,50,0060,3,near_overflow,5.0,58,5.8451,0,13,3,98.307223
50yr_0060m_h147,50,0060,5,near_overflow,5.0,58,6.0119,0,8,3,169.02963
50yr_0060m_h147,50,0060,6,near_overflow,5.0,58,6.0119,0,12,3,203.416707
50yr_0060m_h147,50,0060,1,level,5.0,58,4.9581,0,16,3,28.300236
50yr_0060m_h147,50,0060,2,level,5.0,58,5.1332,0,22,3,61.259013
50yr_0060m_h147,50,0060,3,level,5.0,58,5.6421,0,16,3,96.67608
50yr_0060m_h147,50,0060,5,level,5.0,58,5.9409,0,13,3,167.42208
50yr_0060m_h147,50,0060,6,level,5.0,58,6.0119,0,13,5,204.238119
50yr_0120m_h326,50,0120,1,level,0.5,88,5.8917,0,12,19,47.980574
50yr_0120m_h326,50,0120,2,level,0.5,88,5.7897,0,14,13,97.60279
50yr_0120m_h326,50,0120,3,level,0.5,88,5.8677,0,12,14,148.178889
50yr_0120m_h326,50,0120,5,level,0.5,88,6.1094,0,12,14,254.14797
50yr_0120m_h326,50,0120,6,level,0.5,88,6.2401,0,10,18,309.266251
30yr_1080m_h1087,30,1080,1,near_overflow,5.0,568,6.3172,0,48,103,290.330008
30yr_1080m_h1087,30,1080,2,near_overflow,5.0,568,5.4632,0,77,59,583.312431
30yr_1080m_h1087,30,1080,3,near_overflow,5.0,568,5.272,0,118,60,867.595517
30yr_1080m_h1087,30,1080,5,near_overflow,5.0,568,6.0539,0,74,71,1470.910855
30yr_1080m_h1087,30,1080,6,near_overflow,5.0,568,6.8062,0,74,75,1801.363257
50yr_0120m_h326,50,0120,1,level,1.0,88,5.7017,0,20,16,47.734691
50yr_0120m_h326,50,0120,2,level,1.0,88,5.7897,0,14,13,97.60279
50yr_0120m_h326,50,0120,3,level,1.0,88,5.8393,0,10,14,148.733813
50yr_0120m_h326,50,0120,5,level,1.0,88,5.9886,0,12,14,253.606948
50yr_0120m_h326,50,0120,6,level,1.0,88,6.2401,0,11,18,309.379343
50yr_0120m_h326,50,0120,1,level,2.0,88,5.5077,0,28,12,46.969977
50yr_0120m_h326,50,0120,2,level,2.0,88,5.7897,0,14,13,97.03893
50yr_0120m_h326,50,0120,3,level,2.0,88,5.8393,0,14,14,148.471422
50yr_0120m_h326,50,0120,5,level,2.0,88,5.9886,0,13,14,253.30879
50yr_0120m_h326,50,0120,6,level,2.0,88,6.2401,0,15,18,310.501465
50yr_0120m_h326,50,0120,1,near_overflow,1.0,88,6.3408,0,10,23,49.466257
50yr_0120m_h326,50,0120,2,near_overflow,1.0,88,5.7017,0,13,15,97.782261
50yr_0120m_h326,50,0120,3,near_overflow,1.0,88,5.9886,0,13,14,149.273171
50yr_0120m_h326,50,0120,5,near_overflow,1.0,88,6.152,0,12,14,255.247771
50yr_0120m_h326,50,0120,6,near_overflow,1.0,88,6.4718,0,12,15,308.419803
50yr_0120m_h326,50,0120,1,near_overflow,2.0,88,6.3408,0,10,23,49.466257
50yr_0120m_h326,50,0120,2,near_overflow,2.0,88,5.7017,0,13,15,97.782261
50yr_0120m_h326,50,0120,3,near_overflow,2.0,88,5.9886,0,13,14,149.273171
50yr_0120m_h326,50,0120,5,near_overflow,2.0,88,6.152,0,12,14,255.247771
50yr_0120m_h326,50,0120,6,near_overflow,2.0,88,6.4718,0,12,15,308.419803
30yr_1080m_h1087,30,1080,1,level,5.0,568,4.9198,0,110,46,258.88024
30yr_1080m_h1087,30,1080,2,level,5.0,568,5.082,0,218,52,558.617147
30yr_1080m_h1087,30,1080,3,level,5.0,568,5.266,0,196,59,858.337593
30yr_1080m_h1087,30,1080,5,level,5.0,568,5.6892,0,181,70,1460.331696
30yr_1080m_h1087,30,1080,6,level,5.0,568,6.3336,0,180,74,1785.353316
50yr_0120m_h323,50,0120,1,level,0.5,88,5.7986,0,15,18,47.550553
50yr_0120m_h323,50,0120,2,level,0.5,88,5.6235,0,18,13,96.919595
50yr_0120m_h323,50,0120,3,level,0.5,88,5.6235,0,14,14,146.80463
50yr_0120m_h323,50,0120,5,level,0.5,88,6.3005,0,15,15,254.426441
50yr_0120m_h323,50,0120,6,level,0.5,88,6.1957,0,11,15,306.760027
50yr_0120m_h323,50,0120,1,level,1.0,88,5.471,0,16,16,47.614248
50yr_0120m_h323,50,0120,2,level,1.0,88,5.6235,0,18,13,96.919595
50yr_0120m_h323,50,0120,3,level,1.0,88,5.6235,0,16,14,146.646063
50yr_0120m_h323,50,0120,5,level,1.0,88,6.0222,0,12,17,255.000082
50yr_0120m_h323,50,0120,6,level,1.0,88,6.1957,0,12,15,306.853888
50yr_0120m_h323,50,0120,1,level,2.0,88,5.4093,0,26,12,46.894117
50yr_0120m_h323,50,0120,2,level,2.0,88,5.6895,0,19,13,96.468376
50yr_0120m_h323,50,0120,3,level,2.0,88,5.6235,0,16,14,146.514619
50yr_0120m_h323,50,0120,5,level,2.0,88,5.9841,0,16,17,254.801595
50yr_0120m_h323,50,0120,6,level,2.0,88,6.369,0,14,15,309.345736
50yr_0120m_h326,50,0120,1,level,5.0,88,5.5077,0,14,12,46.075276
50yr_0120m_h326,50,0120,2,level,5.0,88,5.7897,0,19,13,96.112192
50yr_0120m_h326,50,0120,3,level,5.0,88,5.818,0,17,14,146.218245
50yr_0120m_h326,50,0120,5,level,5.0,88,6.0099,0,16,14,251.886199
50yr_0120m_h326,50,0120,6,level,5.0,88,6.1334,0,14,18,306.860392
50yr_0120m_h326,50,0120,1,near_overflow,0.5,88,6.3408,0,10,23,49.466257
50yr_0120m_h326,50,0120,2,near_overflow,0.5,88,5.7017,0,13,15,97.782261
50yr_0120m_h326,50,0120,3,near_overflow,0.5,88,5.9886,0,13,14,149.273171
50yr_0120m_h326,50,0120,5,near_overflow,0.5,88,6.152,0,12,14,255.247771
50yr_0120m_h326,50,0120,6,near_overflow,0.5,88,6.4718,0,12,15,308.419803
50yr_0120m_h323,50,0120,1,level,5.0,88,5.3647,0,16,12,45.52662
50yr_0120m_h323,50,0120,2,level,5.0,88,5.4093,0,15,13,94.858699
50yr_0120m_h323,50,0120,3,level,5.0,88,5.6235,0,16,14,146.225549
50yr_0120m_h323,50,0120,5,level,5.0,88,5.9841,0,16,14,252.390966
50yr_0120m_h323,50,0120,6,level,5.0,88,6.2354,0,16,15,308.719968
50yr_0120m_h326,50,0120,1,near_overflow,5.0,88,6.3408,0,10,23,49.466257
50yr_0120m_h326,50,0120,2,near_overflow,5.0,88,5.7017,0,13,15,97.782261
50yr_0120m_h326,50,0120,3,near_overflow,5.0,88,5.9886,0,13,14,149.273171
50yr_0120m_h326,50,0120,5,near_overflow,5.0,88,6.152,0,12,14,255.247771
50yr_0120m_h326,50,0120,6,near_overflow,5.0,88,6.4718,0,12,15,308.419803
50yr_0120m_h323,50,0120,1,near_overflow,1.0,88,6.3225,0,8,23,48.991906
50yr_0120m_h323,50,0120,2,near_overflow,1.0,88,5.6895,0,14,15,97.723803
50yr_0120m_h323,50,0120,3,near_overflow,1.0,88,5.8638,0,13,14,148.811068
50yr_0120m_h323,50,0120,5,near_overflow,1.0,88,6.1262,0,11,15,254.618167
50yr_0120m_h323,50,0120,6,near_overflow,1.0,88,6.2684,0,11,15,308.446312
50yr_0120m_h323,50,0120,1,near_overflow,0.5,88,6.3225,0,8,23,48.991906
50yr_0120m_h323,50,0120,2,near_overflow,0.5,88,5.6895,0,14,15,97.723803
50yr_0120m_h323,50,0120,3,near_overflow,0.5,88,5.8638,0,13,14,148.811068
50yr_0120m_h323,50,0120,5,near_overflow,0.5,88,6.1262,0,11,15,254.618167
50yr_0120m_h323,50,0120,6,near_overflow,0.5,88,6.2684,0,11,15,308.446312
50yr_0120m_h323,50,0120,1,near_overflow,5.0,88,6.3225,0,8,23,48.991906
50yr_0120m_h323,50,0120,2,near_overflow,5.0,88,5.6895,0,14,15,97.723803
50yr_0120m_h323,50,0120,3,near_overflow,5.0,88,5.8638,0,13,14,148.811068
50yr_0120m_h323,50,0120,5,near_overflow,5.0,88,6.1262,0,11,15,254.618167
50yr_0120m_h323,50,0120,6,near_overflow,5.0,88,6.2684,0,11,15,308.446312
50yr_0120m_h353,50,0120,1,level,0.5,88,6.0462,0,14,20,48.588152
50yr_0120m_h353,50,0120,2,level,0.5,88,6.032,0,17,15,97.884897
50yr_0120m_h353,50,0120,3,level,0.5,88,6.1528,0,12,16,148.857009
50yr_0120m_h353,50,0120,5,level,0.5,88,6.4595,0,12,16,255.042972
50yr_0120m_h353,50,0120,6,level,0.5,88,6.4732,0,8,20,311.243867
50yr_0120m_h353,50,0120,1,level,1.0,88,6.0036,0,16,18,48.516698
50yr_0120m_h353,50,0120,2,level,1.0,88,6.032,0,17,15,97.831826
50yr_0120m_h353,50,0120,3,level,1.0,88,6.1528,0,12,16,148.857009
50yr_0120m_h353,50,0120,5,level,1.0,88,6.3431,0,11,16,254.073095
50yr_0120m_h353,50,0120,6,level,1.0,88,6.4732,0,10,20,311.307458
50yr_0120m_h353,50,0120,1,near_overflow,0.5,88,6.3558,0,11,25,49.841313
50yr_0120m_h353,50,0120,2,near_overflow,0.5,88,6.0533,0,10,17,98.965045
50yr_0120m_h353,50,0120,3,near_overflow,0.5,88,6.2737,0,12,16,149.715089
50yr_0120m_h353,50,0120,5,near_overflow,0.5,88,6.4047,0,11,16,256.050095
50yr_0120m_h353,50,0120,6,near_overflow,0.5,88,6.5416,0,11,17,309.958087
50yr_0120m_h353,50,0120,1,near_overflow,2.0,88,6.3558,0,11,25,49.841313
50yr_0120m_h353,50,0120,2,near_overflow,2.0,88,6.0533,0,10,17,98.965045
50yr_0120m_h353,50,0120,3,near_overflow,2.0,88,6.2737,0,12,16,149.715089
50yr_0120m_h353,50,0120,5,near_overflow,2.0,88,6.4047,0,11,16,256.050095
50yr_0120m_h353,50,0120,6,near_overflow,2.0,88,6.5416,0,11,17,309.958087
50yr_0120m_h353,50,0120,1,near_overflow,5.0,88,6.3558,0,11,25,49.841313
50yr_0120m_h353,50,0120,2,near_overflow,5.0,88,6.0533,0,10,17,98.965045
50yr_0120m_h353,50,0120,3,near_overflow,5.0,88,6.2737,0,12,16,149.715089
50yr_0120m_h353,50,0120,5,near_overflow,5.0,88,6.4047,0,11,16,256.050095
50yr_0120m_h353,50,0120,6,near_overflow,5.0,88,6.5416,0,11,17,309.958087
50yr_0120m_h323,50,0120,1,near_overflow,2.0,88,6.3225,0,8,23,48.991906
50yr_0120m_h323,50,0120,2,near_overflow,2.0,88,5.6895,0,14,15,97.723803
50yr_0120m_h323,50,0120,3,near_overflow,2.0,88,5.8638,0,13,14,148.811068
50yr_0120m_h323,50,0120,5,near_overflow,2.0,88,6.1262,0,11,15,254.618167
50yr_0120m_h323,50,0120,6,near_overflow,2.0,88,6.2684,0,11,15,308.446312
50yr_0120m_h353,50,0120,1,level,2.0,88,6.0379,0,29,14,47.933726
50yr_0120m_h353,50,0120,2,level,2.0,88,6.032,0,17,15,97.325568
50yr_0120m_h353,50,0120,3,level,2.0,88,6.1528,0,11,16,148.928309
50yr_0120m_h353,50,0120,5,level,2.0,88,6.3431,0,13,16,254.301842
50yr_0120m_h353,50,0120,6,level,2.0,88,6.5211,0,11,20,311.085485
50yr_0120m_h353,50,0120,1,level,5.0,88,6.0328,0,13,14,45.680356
50yr_0120m_h353,50,0120,2,level,5.0,88,6.0328,0,17,15,96.362591
50yr_0120m_h353,50,0120,3,level,5.0,88,6.1031,0,15,16,147.409381
50yr_0120m_h353,50,0120,5,level,5.0,88,6.295,0,12,16,252.606083
50yr_0120m_h353,50,0120,6,level,5.0,88,6.4937,0,20,16,310.919353
50yr_0120m_h353,50,0120,1,near_overflow,1.0,88,6.3558,0,11,25,49.841313
50yr_0120m_h353,50,0120,2,near_overflow,1.0,88,6.0533,0,10,17,98.965045
50yr_0120m_h353,50,0120,3,near_overflow,1.0,88,6.2737,0,12,16,149.715089
50yr_0120m_h353,50,0120,5,near_overflow,1.0,88,6.4047,0,11,16,256.050095
50yr_0120m_h353,50,0120,6,near_overflow,1.0,88,6.5416,0,11,17,309.958087
50yr_0120m_h253,50,0120,1,level,1.0,88,5.4419,0,26,7,46.586192
50yr_0120m_h253,50,0120,2,level,1.0,88,5.3161,0,26,5,96.074956
50yr_0120m_h253,50,0120,3,level,1.0,88,5.5906,0,20,5,147.651064
50yr_0120m_h253,50,0120,5,level,1.0,88,5.9623,0,16,5,255.513332
50yr_0120m_h253,50,0120,6,level,1.0,88,6.1542,0,16,5,311.152135
50yr_0120m_h253,50,0120,1,level,0.5,88,5.8643,0,29,8,46.970384
50yr_0120m_h253,50,0120,2,level,0.5,88,5.3161,0,26,5,96.105455
50yr_0120m_h253,50,0120,3,level,0.5,88,5.8189,0,21,5,146.680834
50yr_0120m_h253,50,0120,5,level,0.5,88,5.9623,0,17,5,254.588335
50yr_0120m_h253,50,0120,6,level,0.5,88,6.1542,0,10,5,311.511841
50yr_0120m_h253,50,0120,1,level,2.0,88,5.0115,0,39,5,45.933616
50yr_0120m_h253,50,0120,2,level,2.0,88,5.3706,0,27,5,95.36127
50yr_0120m_h253,50,0120,3,level,2.0,88,5.5906,0,22,5,146.716798
50yr_0120m_h253,50,0120,5,level,2.0,88,5.9623,0,22,5,255.166039
50yr_0120m_h253,50,0120,6,level,2.0,88,6.1542,0,16,5,310.636216
50yr_0120m_h253,50,0120,1,level,5.0,88,4.966,0,23,5,43.835202
50yr_0120m_h253,50,0120,2,level,5.0,88,5.1648,0,29,5,93.153019
50yr_0120m_h253,50,0120,3,level,5.0,88,5.6422,0,25,5,145.776005
50yr_0120m_h253,50,0120,5,level,5.0,88,5.9243,0,21,5,252.212168
50yr_0120m_h253,50,0120,6,level,5.0,88,6.2454,0,16,9,309.490767
50yr_0120m_h253,50,0120,1,near_overflow,0.5,88,6.3843,0,8,10,49.614509
50yr_0120m_h253,50,0120,2,near_overflow,0.5,88,5.3823,0,18,6,96.918178
50yr_0120m_h253,50,0120,3,near_overflow,0.5,88,5.8189,0,20,5,148.591873
50yr_0120m_h253,50,0120,5,near_overflow,0.5,88,6.0661,0,10,5,256.431577
50yr_0120m_h253,50,0120,6,near_overflow,0.5,88,6.2963,0,8,5,312.02873
50yr_0120m_h253,50,0120,1,near_overflow,1.0,88,6.3843,0,8,10,49.614509
50yr_0120m_h253,50,0120,2,near_overflow,1.0,88,5.3823,0,18,6,96.918178
50yr_0120m_h253,50,0120,3,near_overflow,1.0,88,5.8189,0,20,5,148.591873
50yr_0120m_h253,50,0120,5,near_overflow,1.0,88,6.0661,0,10,5,256.431577
50yr_0120m_h253,50,0120,6,near_overflow,1.0,88,6.2963,0,8,5,312.02873
50yr_0120m_h253,50,0120,1,near_overflow,2.0,88,6.3843,0,8,10,49.614509
50yr_0120m_h253,50,0120,2,near_overflow,2.0,88,5.3823,0,18,6,96.918178
50yr_0120m_h253,50,0120,3,near_overflow,2.0,88,5.8189,0,20,5,148.591873
50yr_0120m_h253,50,0120,5,near_overflow,2.0,88,6.0661,0,10,5,256.431577
50yr_0120m_h253,50,0120,6,near_overflow,2.0,88,6.2963,0,8,5,312.02873
30yr_1440m_h1148,30,1440,1,level,5.0,748,4.9199,0,256,52,350.886564
30yr_1440m_h1148,30,1440,2,level,5.0,748,5.0832,0,282,57,730.742657
30yr_1440m_h1148,30,1440,3,level,5.0,748,5.2956,0,244,62,1121.416667
30yr_1440m_h1148,30,1440,5,level,5.0,748,5.6954,0,194,70,1911.874917
30yr_1440m_h1148,30,1440,6,level,5.0,748,5.8402,0,202,73,2310.552195
30yr_1440m_h1148,30,1440,1,level,0.5,748,5.8423,0,115,73,369.001518
30yr_1440m_h1148,30,1440,2,level,0.5,748,5.1302,0,218,58,750.563477
30yr_1440m_h1148,30,1440,3,level,0.5,748,5.3117,0,146,63,1134.678726
30yr_1440m_h1148,30,1440,5,level,0.5,748,5.6636,0,110,71,1914.522932
30yr_1440m_h1148,30,1440,6,level,0.5,748,5.8049,0,116,73,2311.864983
50yr_0120m_h253,50,0120,1,near_overflow,5.0,88,6.3843,0,8,10,49.614509
50yr_0120m_h253,50,0120,2,near_overflow,5.0,88,5.3823,0,18,6,96.918178
50yr_0120m_h253,50,0120,3,near_overflow,5.0,88,5.8189,0,20,5,148.591873
50yr_0120m_h253,50,0120,5,near_overflow,5.0,88,6.0661,0,10,5,256.431577
50yr_0120m_h253,50,0120,6,near_overflow,5.0,88,6.2963,0,8,5,312.02873
30yr_1440m_h1148,30,1440,1,level,2.0,748,4.9197,0,372,52,362.11703
30yr_1440m_h1148,30,1440,2,level,2.0,748,5.1302,0,218,58,741.147957
30yr_1440m_h1148,30,1440,3,level,2.0,748,5.3117,0,174,63,1130.900116
30yr_1440m_h1148,30,1440,5,level,2.0,748,5.6354,0,166,71,1919.849737
30yr_1440m_h1148,30,1440,6,level,2.0,748,5.8167,0,170,73,2316.949567
30yr_1440m_h1148,30,1440,1,near_overflow,0.5,748,6.2837,0,64,95,380.962531
30yr_1440m_h1148,30,1440,2,near_overflow,0.5,748,5.4019,0,110,62,761.280356
30yr_1440m_h1148,30,1440,3,near_overflow,0.5,748,5.3117,0,146,63,1135.470405
30yr_1440m_h1148,30,1440,5,near_overflow,0.5,748,5.6866,0,96,71,1912.793561
30yr_1440m_h1148,30,1440,6,near_overflow,0.5,748,5.8264,0,98,73,2307.39427
30yr_1440m_h1148,30,1440,1,near_overflow,1.0,748,6.2837,0,64,95,380.962531
30yr_1440m_h1148,30,1440,2,near_overflow,1.0,748,5.4019,0,110,62,761.280356
30yr_1440m_h1148,30,1440,3,near_overflow,1.0,748,5.3117,0,146,63,1135.470405
30yr_1440m_h1148,30,1440,5,near_overflow,1.0,748,5.6866,0,96,71,1912.793561
30yr_1440m_h1148,30,1440,6,near_overflow,1.0,748,5.8264,0,98,73,2307.39427
30yr_1440m_h1148,30,1440,1,level,1.0,748,5.5355,0,144,66,367.915251
30yr_1440m_h1148,30,1440,2,level,1.0,748,5.1302,0,218,58,750.563477
30yr_1440m_h1148,30,1440,3,level,1.0,748,5.3117,0,146,63,1134.678726
30yr_1440m_h1148,30,1440,5,level,1.0,748,5.6354,0,138,71,1917.861032
30yr_1440m_h1148,30,1440,6,level,1.0,748,5.8267,0,148,73,2313.400942
50yr_0120m_h342,50,0120,1,level,1.0,88,5.9536,0,12,18,48.117773
50yr_0120m_h342,50,0120,2,level,1.0,88,6.0093,0,12,15,97.845405
50yr_0120m_h342,50,0120,3,level,1.0,88,6.0804,0,11,16,148.182982
50yr_0120m_h342,50,0120,5,level,1.0,88,6.3349,0,11,16,255.399765
50yr_0120m_h342,50,0120,6,level,1.0,88,6.4034,0,9,20,309.827994
50yr_0120m_h342,50,0120,1,level,2.0,88,5.9456,0,24,14,47.334175
50yr_0120m_h342,50,0120,2,level,2.0,88,6.0093,0,12,15,97.177115
50yr_0120m_h342,50,0120,3,level,2.0,88,6.0733,0,14,16,149.119533
50yr_0120m_h342,50,0120,5,level,2.0,88,6.3349,0,13,16,255.173307
50yr_0120m_h342,50,0120,6,level,2.0,88,6.3623,0,9,20,307.840234
50yr_0120m_h342,50,0120,1,level,0.5,88,6.0235,0,15,20,48.41477
50yr_0120m_h342,50,0120,2,level,0.5,88,6.0093,0,12,15,97.845405
50yr_0120m_h342,50,0120,3,level,0.5,88,6.0804,0,11,16,148.182982
50yr_0120m_h342,50,0120,5,level,0.5,88,6.3349,0,11,16,255.143891
50yr_0120m_h342,50,0120,6,level,0.5,88,6.4034,0,8,20,309.337513
50yr_0120m_h342,50,0120,1,near_overflow,1.0,88,6.3385,0,10,25,49.484217
50yr_0120m_h342,50,0120,2,near_overflow,1.0,88,5.9809,0,12,17,98.398929
50yr_0120m_h342,50,0120,3,near_overflow,1.0,88,6.3212,0,11,16,149.814964
50yr_0120m_h342,50,0120,5,near_overflow,1.0,88,6.3349,0,11,16,255.028004
50yr_0120m_h342,50,0120,6,near_overflow,1.0,88,6.4718,0,10,17,309.620531
50yr_0120m_h342,50,0120,1,near_overflow,0.5,88,6.3385,0,10,25,49.484217
50yr_0120m_h342,50,0120,2,near_overflow,0.5,88,5.9809,0,12,17,98.398929
50yr_0120m_h342,50,0120,3,near_overflow,0.5,88,6.3212,0,11,16,149.814964
50yr_0120m_h342,50,0120,5,near_overflow,0.5,88,6.3349,0,11,16,255.028004
50yr_0120m_h342,50,0120,6,near_overflow,0.5,88,6.4718,0,10,17,309.620531
50yr_0120m_h342,50,0120,1,near_overflow,2.0,88,6.3385,0,10,25,49.484217
50yr_0120m_h342,50,0120,2,near_overflow,2.0,88,5.9809,0,12,17,98.398929
50yr_0120m_h342,50,0120,3,near_overflow,2.0,88,6.3212,0,11,16,149.814964
50yr_0120m_h342,50,0120,5,near_overflow,2.0,88,6.3349,0,11,16,255.028004
50yr_0120m_h342,50,0120,6,near_overflow,2.0,88,6.4718,0,10,17,309.620531
50yr_0120m_h342,50,0120,1,near_overflow,5.0,88,6.3385,0,10,25,49.484217
50yr_0120m_h342,50,0120,2,near_overflow,5.0,88,5.9809,0,12,17,98.398929
50yr_0120m_h342,50,0120,3,near_overflow,5.0,88,6.3212,0,11,16,149.814964
50yr_0120m_h342,50,0120,5,near_overflow,5.0,88,6.3349,0,11,16,255.028004
50yr_0120m_h342,50,0120,6,near_overflow,5.0,88,6.4718,0,10,17,309.620531
50yr_0120m_h342,50,0120,1,level,5.0,88,5.9536,0,13,14,45.372884
50yr_0120m_h342,50,0120,2,level,5.0,88,6.0093,0,12,15,96.957775
50yr_0120m_h342,50,0120,3,level,5.0,88,6.0306,0,12,16,146.838756
50yr_0120m_h342,50,0120,5,level,5.0,88,6.2154,0,15,16,252.823275
50yr_0120m_h342,50,0120,6,level,5.0,88,6.3828,0,15,25,312.281537
30yr_1440m_h1148,30,1440,1,near_overflow,5.0,748,6.2837,0,64,95,380.962531
30yr_1440m_h1148,30,1440,2,near_overflow,5.0,748,5.4019,0,110,62,761.280356
30yr_1440m_h1148,30,1440,3,near_overflow,5.0,748,5.3117,0,146,63,1135.470405
30yr_1440m_h1148,30,1440,5,near_overflow,5.0,748,5.6866,0,96,71,1912.793561
30yr_1440m_h1148,30,1440,6,near_overflow,5.0,748,5.8264,0,98,73,2307.39427
50yr_0180m_h382,50,0180,1,level,0.5,118,5.8606,0,32,10,62.912375
50yr_0180m_h382,50,0180,2,level,0.5,118,5.3239,0,36,7,127.141531
50yr_0180m_h382,50,0180,3,level,0.5,118,5.7079,0,25,7,194.111274
50yr_0180m_h382,50,0180,5,level,0.5,118,6.0371,0,17,8,338.567082
50yr_0180m_h382,50,0180,6,level,0.5,118,6.501,0,12,13,413.261946
50yr_0180m_h382,50,0180,1,level,1.0,118,5.5282,0,32,9,62.572756
50yr_0180m_h382,50,0180,2,level,1.0,118,5.3239,0,36,7,127.141531
50yr_0180m_h382,50,0180,3,level,1.0,118,5.7079,0,24,8,194.11868
50yr_0180m_h382,50,0180,5,level,1.0,118,6.0371,0,16,8,340.055519
50yr_0180m_h382,50,0180,6,level,1.0,118,6.501,0,18,13,411.833045
50yr_0180m_h382,50,0180,1,level,2.0,118,5.0595,0,50,6,61.37689
50yr_0180m_h382,50,0180,2,level,2.0,118,5.3239,0,36,7,126.115055
50yr_0180m_h382,50,0180,3,level,2.0,118,5.744,0,22,8,195.716552
50yr_0180m_h382,50,0180,5,level,2.0,118,6.0371,0,20,8,339.745985
50yr_0180m_h382,50,0180,6,level,2.0,118,6.501,0,24,13,411.275899
50yr_0180m_h382,50,0180,1,level,5.0,118,4.9704,0,38,6,58.516046
50yr_0180m_h382,50,0180,2,level,5.0,118,5.2163,0,36,7,123.970129
50yr_0180m_h382,50,0180,3,level,5.0,118,5.869,0,30,9,193.711096
50yr_0180m_h382,50,0180,5,level,5.0,118,6.0119,0,29,8,338.404611
50yr_0180m_h382,50,0180,6,level,5.0,118,6.501,0,24,13,411.421801
30yr_1440m_h1148,30,1440,1,near_overflow,2.0,748,6.2837,0,64,95,380.962531
30yr_1440m_h1148,30,1440,2,near_overflow,2.0,748,5.4019,0,110,62,761.280356
30yr_1440m_h1148,30,1440,3,near_overflow,2.0,748,5.3117,0,146,63,1135.470405
30yr_1440m_h1148,30,1440,5,near_overflow,2.0,748,5.6866,0,96,71,1912.793561
30yr_1440m_h1148,30,1440,6,near_overflow,2.0,748,5.8264,0,98,73,2307.39427
50yr_0180m_h382,50,0180,1,near_overflow,0.5,118,6.2643,0,10,12,64.929685
50yr_0180m_h382,50,0180,2,near_overflow,0.5,118,5.4602,0,23,8,128.238481
50yr_0180m_h382,50,0180,3,near_overflow,0.5,118,5.8086,0,23,7,195.080931
50yr_0180m_h382,50,0180,5,near_overflow,0.5,118,6.1552,0,17,7,338.167494
50yr_0180m_h382,50,0180,6,near_overflow,0.5,118,6.2974,0,12,7,409.515405
30yr_1440m_h1206,30,1440,1,level,0.5,748,5.829,0,121,85,368.634441
30yr_1440m_h1206,30,1440,2,level,0.5,748,5.1188,0,220,72,750.063037
30yr_1440m_h1206,30,1440,3,level,0.5,748,5.3176,0,154,76,1133.114292
30yr_1440m_h1206,30,1440,5,level,0.5,748,5.7005,0,115,82,1913.058257
30yr_1440m_h1206,30,1440,6,level,0.5,748,5.8182,0,110,85,2311.485029
30yr_1440m_h1206,30,1440,1,level,1.0,748,5.5693,0,152,79,366.861012
30yr_1440m_h1206,30,1440,2,level,1.0,748,5.1188,0,220,72,750.063037
30yr_1440m_h1206,30,1440,3,level,1.0,748,5.3176,0,154,76,1133.114292
30yr_1440m_h1206,30,1440,5,level,1.0,748,5.683,0,136,82,1916.85079
30yr_1440m_h1206,30,1440,6,level,1.0,748,5.8335,0,150,85,2318.117966
30yr_1440m_h1206,30,1440,1,level,5.0,748,4.9192,0,252,67,351.077207
30yr_1440m_h1206,30,1440,2,level,5.0,748,5.0713,0,302,71,726.631732
30yr_1440m_h1206,30,1440,3,level,5.0,748,5.271,0,269,75,1118.566892
30yr_1440m_h1206,30,1440,5,level,5.0,748,5.6848,0,232,81,1910.947054
30yr_1440m_h1206,30,1440,6,level,5.0,748,6.2927,0,230,84,2315.38637
30yr_1440m_h1206,30,1440,1,near_overflow,2.0,748,6.296,0,68,109,380.084072
30yr_1440m_h1206,30,1440,2,near_overflow,2.0,748,5.3714,0,112,76,760.828598
30yr_1440m_h1206,30,1440,3,near_overflow,2.0,748,5.3176,0,154,76,1133.870766
30yr_1440m_h1206,30,1440,5,near_overflow,2.0,748,5.7209,0,99,82,1911.924176
30yr_1440m_h1206,30,1440,6,near_overflow,2.0,748,5.8317,0,98,85,2305.165184
30yr_1440m_h1206,30,1440,1,near_overflow,1.0,748,6.296,0,68,109,380.084072
30yr_1440m_h1206,30,1440,2,near_overflow,1.0,748,5.3714,0,112,76,760.828598
30yr_1440m_h1206,30,1440,3,near_overflow,1.0,748,5.3176,0,154,76,1133.870766
30yr_1440m_h1206,30,1440,5,near_overflow,1.0,748,5.7209,0,99,82,1911.924176
30yr_1440m_h1206,30,1440,6,near_overflow,1.0,748,5.8317,0,98,85,2305.165184
50yr_0180m_h382,50,0180,1,near_overflow,5.0,118,6.2643,0,10,12,64.929685
50yr_0180m_h382,50,0180,2,near_overflow,5.0,118,5.4602,0,23,8,128.238481
50yr_0180m_h382,50,0180,3,near_overflow,5.0,118,5.8086,0,23,7,195.080931
50yr_0180m_h382,50,0180,5,near_overflow,5.0,118,6.1552,0,17,7,338.167494
50yr_0180m_h382,50,0180,6,near_overflow,5.0,118,6.2974,0,12,7,409.515405
50yr_0180m_h382,50,0180,1,near_overflow,2.0,118,6.2643,0,10,12,64.929685
50yr_0180m_h382,50,0180,2,near_overflow,2.0,118,5.4602,0,23,8,128.238481
50yr_0180m_h382,50,0180,3,near_overflow,2.0,118,5.8086,0,23,7,195.080931
50yr_0180m_h382,50,0180,5,near_overflow,2.0,118,6.1552,0,17,7,338.167494
50yr_0180m_h382,50,0180,6,near_overflow,2.0,118,6.2974,0,12,7,409.515405
50yr_0180m_h411,50,0180,1,level,0.5,118,5.8014,0,31,18,62.604411
50yr_0180m_h411,50,0180,2,level,0.5,118,5.3735,0,34,14,127.314751
50yr_0180m_h411,50,0180,3,level,0.5,118,5.6785,0,29,15,195.065154
50yr_0180m_h411,50,0180,5,level,0.5,118,6.0024,0,16,15,336.721515
50yr_0180m_h411,50,0180,6,level,0.5,118,6.2704,0,17,15,408.768938
50yr_0180m_h382,50,0180,1,near_overflow,1.0,118,6.2643,0,10,12,64.929685
50yr_0180m_h382,50,0180,2,near_overflow,1.0,118,5.4602,0,23,8,128.238481
50yr_0180m_h382,50,0180,3,near_overflow,1.0,118,5.8086,0,23,7,195.080931
50yr_0180m_h382,50,0180,5,near_overflow,1.0,118,6.1552,0,17,7,338.167494
50yr_0180m_h382,50,0180,6,near_overflow,1.0,118,6.2974,0,12,7,409.515405
50yr_0180m_h411,50,0180,1,level,1.0,118,5.4993,0,33,17,62.374723
50yr_0180m_h411,50,0180,2,level,1.0,118,5.3735,0,34,14,127.274988
50yr_0180m_h411,50,0180,3,level,1.0,118,5.5245,0,28,16,194.605596
50yr_0180m_h411,50,0180,5,level,1.0,118,5.9668,0,22,15,335.622345
50yr_0180m_h411,50,0180,6,level,1.0,118,6.2704,0,21,15,407.91869
50yr_0180m_h411,50,0180,1,level,2.0,118,5.0625,0,43,13,60.762087
50yr_0180m_h411,50,0180,2,level,2.0,118,5.3735,0,34,14,126.44563
50yr_0180m_h411,50,0180,3,level,2.0,118,5.5245,0,28,16,194.368295
50yr_0180m_h411,50,0180,5,level,2.0,118,5.9668,0,26,15,334.18029
50yr_0180m_h411,50,0180,6,level,2.0,118,6.2704,0,25,15,407.747661
30yr_1440m_h1206,30,1440,1,near_overflow,0.5,748,6.296,0,68,109,380.084072
30yr_1440m_h1206,30,1440,2,near_overflow,0.5,748,5.3714,0,112,76,760.828598
30yr_1440m_h1206,30,1440,3,near_overflow,0.5,748,5.3176,0,154,76,1133.870766
30yr_1440m_h1206,30,1440,5,near_overflow,0.5,748,5.7209,0,99,82,1911.924176
30yr_1440m_h1206,30,1440,6,near_overflow,0.5,748,5.8317,0,98,85,2305.165184
50yr_0180m_h411,50,0180,1,level,5.0,118,4.9577,0,25,13,57.742011
50yr_0180m_h411,50,0180,2,level,5.0,118,5.1757,0,41,14,123.850721
50yr_0180m_h411,50,0180,3,level,5.0,118,5.529,0,43,14,190.411241
50yr_0180m_h411,50,0180,5,level,5.0,118,6.0252,0,41,15,331.314831
50yr_0180m_h411,50,0180,6,level,5.0,118,6.3298,0,29,15,407.649361
50yr_0180m_h411,50,0180,1,near_overflow,0.5,118,6.4078,0,12,22,65.034104
50yr_0180m_h411,50,0180,2,near_overflow,0.5,118,5.494,0,23,16,128.63358
50yr_0180m_h411,50,0180,3,near_overflow,0.5,118,5.7821,0,21,15,196.433943
50yr_0180m_h411,50,0180,5,near_overflow,0.5,118,6.1282,0,21,15,337.132611
50yr_0180m_h411,50,0180,6,near_overflow,0.5,118,6.4426,0,19,15,410.182263
50yr_0180m_h411,50,0180,1,near_overflow,2.0,118,6.4078,0,12,22,65.034104
50yr_0180m_h411,50,0180,2,near_overflow,2.0,118,5.494,0,23,16,128.63358
50yr_0180m_h411,50,0180,3,near_overflow,2.0,118,5.7821,0,21,15,196.433943
50yr_0180m_h411,50,0180,5,near_overflow,2.0,118,6.1282,0,21,15,337.132611
50yr_0180m_h411,50,0180,6,near_overflow,2.0,118,6.4426,0,19,15,410.182263
50yr_0180m_h411,50,0180,1,near_overflow,1.0,118,6.4078,0,12,22,65.034104
50yr_0180m_h411,50,0180,2,near_overflow,1.0,118,5.494,0,23,16,128.63358
50yr_0180m_h411,50,0180,3,near_overflow,1.0,118,5.7821,0,21,15,196.433943
50yr_0180m_h411,50,0180,5,near_overflow,1.0,118,6.1282,0,21,15,337.132611
50yr_0180m_h411,50,0180,6,near_overflow,1.0,118,6.4426,0,19,15,410.182263
50yr_0180m_h411,50,0180,1,near_overflow,5.0,118,6.4078,0,12,22,65.034104
50yr_0180m_h411,50,0180,2,near_overflow,5.0,118,5.494,0,23,16,128.63358
50yr_0180m_h411,50,0180,3,near_overflow,5.0,118,5.7821,0,21,15,196.433943
50yr_0180m_h411,50,0180,5,near_overflow,5.0,118,6.1282,0,21,15,337.132611
50yr_0180m_h411,50,0180,6,near_overflow,5.0,118,6.4426,0,19,15,410.182263
30yr_1440m_h1206,30,1440,1,level,2.0,748,4.9195,0,382,67,360.354453
30yr_1440m_h1206,30,1440,2,level,2.0,748,5.1188,0,220,72,740.867142
30yr_1440m_h1206,30,1440,3,level,2.0,748,5.3202,0,186,76,1129.854583
30yr_1440m_h1206,30,1440,5,level,2.0,748,5.7209,0,178,82,1917.741078
30yr_1440m_h1206,30,1440,6,level,2.0,748,5.8317,0,173,85,2321.037458
30yr_1440m_h1206,30,1440,1,near_overflow,5.0,748,6.296,0,68,109,380.084072
30yr_1440m_h1206,30,1440,2,near_overflow,5.0,748,5.3714,0,112,76,760.828598
30yr_1440m_h1206,30,1440,3,near_overflow,5.0,748,5.3176,0,154,76,1133.870766
30yr_1440m_h1206,30,1440,5,near_overflow,5.0,748,5.7209,0,99,82,1911.924176
30yr_1440m_h1206,30,1440,6,near_overflow,5.0,748,5.8317,0,98,85,2305.165184
30yr_1440m_h1177,30,1440,1,level,0.5,748,5.8171,0,119,73,369.115843
30yr_1440m_h1177,30,1440,2,level,0.5,748,5.1131,0,212,58,750.876632
30yr_1440m_h1177,30,1440,3,level,0.5,748,5.3329,0,148,63,1134.096935
30yr_1440m_h1177,30,1440,5,level,0.5,748,5.6914,0,102,70,1917.622324
30yr_1440m_h1177,30,1440,6,level,0.5,748,5.83,0,106,73,2317.640933
30yr_1440m_h1177,30,1440,1,level,1.0,748,5.5058,0,150,66,368.165276
30yr_1440m_h1177,30,1440,2,level,1.0,748,5.1131,0,212,58,750.876632
30yr_1440m_h1177,30,1440,3,level,1.0,748,5.3329,0,148,63,1134.096935
30yr_1440m_h1177,30,1440,5,level,1.0,748,5.6816,0,130,70,1921.201856
30yr_1440m_h1177,30,1440,6,level,1.0,748,5.8406,0,140,73,2317.69219
30yr_1440m_h1177,30,1440,1,level,2.0,748,4.9199,0,380,51,361.949457
30yr_1440m_h1177,30,1440,2,level,2.0,748,5.1131,0,212,58,741.690164
30yr_1440m_h1177,30,1440,3,level,2.0,748,5.317,0,178,63,1130.379101
30yr_1440m_h1177,30,1440,5,level,2.0,748,5.7513,0,162,70,1924.044731
30yr_1440m_h1177,30,1440,6,level,2.0,748,5.8518,0,160,73,2322.846304
50yr_0180m_h410,50,0180,1,level,0.5,118,5.7937,0,35,18,62.423472
50yr_0180m_h410,50,0180,2,level,0.5,118,5.351,0,36,14,126.973073
50yr_0180m_h410,50,0180,3,level,0.5,118,5.571,0,29,15,195.161438
50yr_0180m_h410,50,0180,5,level,0.5,118,6.1512,0,29,15,336.204239
50yr_0180m_h410,50,0180,6,level,0.5,118,6.4239,0,20,15,409.724624
30yr_1440m_h1177,30,1440,1,near_overflow,0.5,748,6.2816,0,63,95,381.462343
30yr_1440m_h1177,30,1440,2,near_overflow,0.5,748,5.3848,0,108,62,761.636206
30yr_1440m_h1177,30,1440,3,near_overflow,0.5,748,5.3329,0,148,63,1134.817498
30yr_1440m_h1177,30,1440,5,near_overflow,0.5,748,5.6914,0,92,70,1913.894621
30yr_1440m_h1177,30,1440,6,near_overflow,0.5,748,5.83,0,90,73,2309.47753
50yr_0180m_h410,50,0180,1,level,2.0,118,5.0726,0,48,13,60.679952
50yr_0180m_h410,50,0180,2,level,2.0,118,5.351,0,36,14,126.232191
50yr_0180m_h410,50,0180,3,level,2.0,118,5.571,0,36,16,193.704581
50yr_0180m_h410,50,0180,5,level,2.0,118,6.0318,0,32,15,335.486473
50yr_0180m_h410,50,0180,6,level,2.0,118,6.3621,0,25,15,406.853135
50yr_0180m_h410,50,0180,1,level,1.0,118,5.4926,0,27,17,62.071197
50yr_0180m_h410,50,0180,2,level,1.0,118,5.351,0,36,14,126.901722
50yr_0180m_h410,50,0180,3,level,1.0,118,5.571,0,29,16,194.780349
50yr_0180m_h410,50,0180,5,level,1.0,118,6.1512,0,29,15,336.46131
50yr_0180m_h410,50,0180,6,level,1.0,118,6.4239,0,22,15,409.110962
30yr_1440m_h1177,30,1440,1,near_overflow,1.0,748,6.2816,0,63,95,381.462343
30yr_1440m_h1177,30,1440,2,near_overflow,1.0,748,5.3848,0,108,62,761.636206
30yr_1440m_h1177,30,1440,3,near_overflow,1.0,748,5.3329,0,148,63,1134.817498
30yr_1440m_h1177,30,1440,5,near_overflow,1.0,748,5.6914,0,92,70,1913.894621
30yr_1440m_h1177,30,1440,6,near_overflow,1.0,748,5.83,0,90,73,2309.47753
30yr_1440m_h1177,30,1440,1,level,5.0,748,4.9191,0,250,51,351.279931
30yr_1440m_h1177,30,1440,2,level,5.0,748,5.08,0,282,57,731.225953
30yr_1440m_h1177,30,1440,3,level,5.0,748,5.2888,0,242,62,1120.748491
30yr_1440m_h1177,30,1440,5,level,5.0,748,5.7052,0,200,70,1914.610277
30yr_1440m_h1177,30,1440,6,level,5.0,748,5.8365,0,198,73,2313.182545
50yr_0180m_h410,50,0180,1,level,5.0,118,4.947,0,28,13,57.017667
50yr_0180m_h410,50,0180,2,level,5.0,118,5.1594,0,40,14,124.475907
50yr_0180m_h410,50,0180,3,level,5.0,118,5.4866,0,37,14,190.277848
50yr_0180m_h410,50,0180,5,level,5.0,118,6.0318,0,33,15,333.314341
50yr_0180m_h410,50,0180,6,level,5.0,118,6.245,0,29,15,405.712776
50yr_0180m_h410,50,0180,1,near_overflow,0.5,118,6.3973,0,12,22,65.108395
50yr_0180m_h410,50,0180,2,near_overflow,0.5,118,5.4604,0,26,16,127.916863
50yr_0180m_h410,50,0180,3,near_overflow,0.5,118,5.8006,0,18,15,196.622707
50yr_0180m_h410,50,0180,5,near_overflow,0.5,118,6.1512,0,17,15,338.990699
50yr_0180m_h410,50,0180,6,near_overflow,0.5,118,6.4239,0,18,15,410.138136
30yr_1440m_h1177,30,1440,1,near_overflow,2.0,748,6.2816,0,63,95,381.462343
30yr_1440m_h1177,30,1440,2,near_overflow,2.0,748,5.3848,0,108,62,761.636206
30yr_1440m_h1177,30,1440,3,near_overflow,2.0,748,5.3329,0,148,63,1134.817498
30yr_1440m_h1177,30,1440,5,near_overflow,2.0,748,5.6914,0,92,70,1913.894621
30yr_1440m_h1177,30,1440,6,near_overflow,2.0,748,5.83,0,90,73,2309.47753
50yr_0180m_h410,50,0180,1,near_overflow,2.0,118,6.3973,0,12,22,65.108395
50yr_0180m_h410,50,0180,2,near_overflow,2.0,118,5.4604,0,26,16,127.916863
50yr_0180m_h410,50,0180,3,near_overflow,2.0,118,5.8006,0,18,15,196.622707
50yr_0180m_h410,50,0180,5,near_overflow,2.0,118,6.1512,0,17,15,338.990699
50yr_0180m_h410,50,0180,6,near_overflow,2.0,118,6.4239,0,18,15,410.138136
50yr_0180m_h410,50,0180,1,near_overflow,5.0,118,6.3973,0,12,22,65.108395
50yr_0180m_h410,50,0180,2,near_overflow,5.0,118,5.4604,0,26,16,127.916863
50yr_0180m_h410,50,0180,3,near_overflow,5.0,118,5.8006,0,18,15,196.622707
50yr_0180m_h410,50,0180,5,near_overflow,5.0,118,6.1512,0,17,15,338.990699
50yr_0180m_h410,50,0180,6,near_overflow,5.0,118,6.4239,0,18,15,410.138136
50yr_0180m_h457,50,0180,1,level,1.0,118,5.4471,0,28,20,62.551743
50yr_0180m_h457,50,0180,2,level,1.0,118,5.2214,0,30,17,127.413225
50yr_0180m_h457,50,0180,3,level,1.0,118,5.4501,0,25,17,194.298056
50yr_0180m_h457,50,0180,5,level,1.0,118,6.0325,0,17,19,333.292761
50yr_0180m_h457,50,0180,6,level,1.0,118,6.3168,0,18,19,405.363374
50yr_0180m_h457,50,0180,1,level,2.0,118,5.0524,0,46,16,59.522943
50yr_0180m_h457,50,0180,2,level,2.0,118,5.2214,0,30,17,126.557547
50yr_0180m_h457,50,0180,3,level,2.0,118,5.4501,0,26,17,193.788903
50yr_0180m_h457,50,0180,5,level,2.0,118,6.1311,0,23,19,333.135517
50yr_0180m_h457,50,0180,6,level,2.0,118,6.1311,0,20,19,402.170147
50yr_0180m_h410,50,0180,1,near_overflow,1.0,118,6.3973,0,12,22,65.108395
50yr_0180m_h410,50,0180,2,near_overflow,1.0,118,5.4604,0,26,16,127.916863
50yr_0180m_h410,50,0180,3,near_overflow,1.0,118,5.8006,0,18,15,196.622707
50yr_0180m_h410,50,0180,5,near_overflow,1.0,118,6.1512,0,17,15,338.990699
50yr_0180m_h410,50,0180,6,near_overflow,1.0,118,6.4239,0,18,15,410.138136
50yr_0180m_h457,50,0180,1,near_overflow,0.5,118,6.3201,0,11,29,65.151982
50yr_0180m_h457,50,0180,2,near_overflow,0.5,118,5.5189,0,22,19,128.21103
50yr_0180m_h457,50,0180,3,near_overflow,0.5,118,5.8078,0,19,17,195.953877
50yr_0180m_h457,50,0180,5,near_overflow,0.5,118,6.1652,0,13,19,336.507149
50yr_0180m_h457,50,0180,6,near_overflow,0.5,118,6.3852,0,11,19,409.147402
50yr_0180m_h457,50,0180,1,level,5.0,118,4.9398,0,21,16,56.912388
50yr_0180m_h457,50,0180,2,level,5.0,118,5.1711,0,43,16,123.059422
50yr_0180m_h457,50,0180,3,level,5.0,118,5.3762,0,34,17,190.819912
50yr_0180m_h457,50,0180,5,level,5.0,118,6.0033,0,28,18,330.233864
50yr_0180m_h457,50,0180,6,level,5.0,118,6.2022,0,22,19,399.890094
50yr_0180m_h457,50,0180,1,near_overflow,2.0,118,6.3201,0,11,29,65.151982
50yr_0180m_h457,50,0180,2,near_overflow,2.0,118,5.5189,0,22,19,128.21103
50yr_0180m_h457,50,0180,3,near_overflow,2.0,118,5.8078,0,19,17,195.953877
50yr_0180m_h457,50,0180,5,near_overflow,2.0,118,6.1652,0,13,19,336.507149
50yr_0180m_h457,50,0180,6,near_overflow,2.0,118,6.3852,0,11,19,409.147402
50yr_0180m_h457,50,0180,1,near_overflow,1.0,118,6.3201,0,11,29,65.151982
50yr_0180m_h457,50,0180,2,near_overflow,1.0,118,5.5189,0,22,19,128.21103
50yr_0180m_h457,50,0180,3,near_overflow,1.0,118,5.8078,0,19,17,195.953877
50yr_0180m_h457,50,0180,5,near_overflow,1.0,118,6.1652,0,13,19,336.507149
50yr_0180m_h457,50,0180,6,near_overflow,1.0,118,6.3852,0,11,19,409.147402
50yr_0180m_h457,50,0180,1,near_overflow,5.0,118,6.3201,0,11,29,65.151982
50yr_0180m_h457,50,0180,2,near_overflow,5.0,118,5.5189,0,22,19,128.21103
50yr_0180m_h457,50,0180,3,near_overflow,5.0,118,5.8078,0,19,17,195.953877
50yr_0180m_h457,50,0180,5,near_overflow,5.0,118,6.1652,0,13,19,336.507149
50yr_0180m_h457,50,0180,6,near_overflow,5.0,118,6.3852,0,11,19,409.147402
50yr_0180m_h457,50,0180,1,level,0.5,118,5.7637,0,30,22,62.632174
50yr_0180m_h457,50,0180,2,level,0.5,118,5.2214,0,30,17,127.440355
50yr_0180m_h457,50,0180,3,level,0.5,118,5.4501,0,25,17,194.298056
50yr_0180m_h457,50,0180,5,level,0.5,118,6.0325,0,17,19,334.129043
50yr_0180m_h457,50,0180,6,level,0.5,118,6.3168,0,17,19,406.672891
50yr_0180m_h418,50,0180,1,level,0.5,118,5.7725,0,36,18,62.152392
50yr_0180m_h418,50,0180,2,level,0.5,118,5.3347,0,34,14,127.128678
50yr_0180m_h418,50,0180,3,level,0.5,118,5.4906,0,30,15,194.134255
50yr_0180m_h418,50,0180,5,level,0.5,118,6.1207,0,25,15,335.256577
50yr_0180m_h418,50,0180,6,level,0.5,118,6.3976,0,20,15,409.695623
50yr_0180m_h418,50,0180,1,level,1.0,118,5.4761,0,45,17,61.01158
50yr_0180m_h418,50,0180,2,level,1.0,118,5.3347,0,34,14,127.087605
50yr_0180m_h418,50,0180,3,level,1.0,118,5.4906,0,30,16,193.951303
50yr_0180m_h418,50,0180,5,level,1.0,118,6.1207,0,25,15,335.276535
50yr_0180m_h418,50,0180,6,level,1.0,118,6.3976,0,22,15,409.359739
50yr_0180m_h418,50,0180,1,level,5.0,118,4.9676,0,26,14,57.77483
50yr_0180m_h418,50,0180,2,level,5.0,118,5.4236,0,37,14,124.084894
50yr_0180m_h418,50,0180,3,level,5.0,118,5.4906,0,39,14,190.969389
50yr_0180m_h418,50,0180,5,level,5.0,118,6.1207,0,34,15,334.006792
50yr_0180m_h418,50,0180,6,level,5.0,118,6.3292,0,37,15,408.068776
50yr_0180m_h418,50,0180,1,near_overflow,1.0,118,6.3828,0,15,22,64.883229
50yr_0180m_h418,50,0180,2,near_overflow,1.0,118,5.4137,0,27,16,128.058677
50yr_0180m_h418,50,0180,3,near_overflow,1.0,118,5.8111,0,22,15,195.619062
50yr_0180m_h418,50,0180,5,near_overflow,1.0,118,6.1207,0,17,15,336.793574
50yr_0180m_h418,50,0180,6,near_overflow,1.0,118,6.3976,0,15,15,413.326682
50yr_0180m_h418,50,0180,1,near_overflow,0.5,118,6.3828,0,15,22,64.883229
50yr_0180m_h418,50,0180,2,near_overflow,0.5,118,5.4137,0,27,16,128.058677
50yr_0180m_h418,50,0180,3,near_overflow,0.5,118,5.8111,0,22,15,195.619062
50yr_0180m_h418,50,0180,5,near_overflow,0.5,118,6.1207,0,17,15,336.793574
50yr_0180m_h418,50,0180,6,near_overflow,0.5,118,6.3976,0,15,15,413.326682
50yr_0180m_h418,50,0180,1,near_overflow,2.0,118,6.3828,0,15,22,64.883229
50yr_0180m_h418,50,0180,2,near_overflow,2.0,118,5.4137,0,27,16,128.058677
50yr_0180m_h418,50,0180,3,near_overflow,2.0,118,5.8111,0,22,15,195.619062
50yr_0180m_h418,50,0180,5,near_overflow,2.0,118,6.1207,0,17,15,336.793574
50yr_0180m_h418,50,0180,6,near_overflow,2.0,118,6.3976,0,15,15,413.326682
50yr_0180m_h418,50,0180,1,near_overflow,5.0,118,6.3828,0,15,22,64.883229
50yr_0180m_h418,50,0180,2,near_overflow,5.0,118,5.4137,0,27,16,128.058677
50yr_0180m_h418,50,0180,3,near_overflow,5.0,118,5.8111,0,22,15,195.619062
50yr_0180m_h418,50,0180,5,near_overflow,5.0,118,6.1207,0,17,15,336.793574
50yr_0180m_h418,50,0180,6,near_overflow,5.0,118,6.3976,0,15,15,413.326682
50yr_0180m_h418,50,0180,1,level,2.0,118,5.067,0,50,14,61.285281
50yr_0180m_h418,50,0180,2,level,2.0,118,5.4236,0,35,14,125.958569
50yr_0180m_h418,50,0180,3,level,2.0,118,5.4906,0,34,16,193.811849
50yr_0180m_h418,50,0180,5,level,2.0,118,6.1207,0,34,15,334.525507
50yr_0180m_h418,50,0180,6,level,2.0,118,6.3292,0,28,15,407.479928
50yr_0240m_h616,50,0240,1,level,2.0,148,5.0718,0,61,21,74.6943
50yr_0240m_h616,50,0240,2,level,2.0,148,5.3582,0,40,23,156.502006
50yr_0240m_h616,50,0240,3,level,2.0,148,5.3989,0,35,24,240.515298
50yr_0240m_h616,50,0240,5,level,2.0,148,6.1233,0,36,26,413.009313
50yr_0240m_h616,50,0240,6,level,2.0,148,6.2654,0,34,27,502.568344
50yr_0240m_h616,50,0240,1,level,1.0,148,5.4989,0,43,27,77.333381
50yr_0240m_h616,50,0240,2,level,1.0,148,5.3582,0,40,23,158.018892
50yr_0240m_h616,50,0240,3,level,1.0,148,5.3989,0,33,24,240.502139
50yr_0240m_h616,50,0240,5,level,1.0,148,6.1944,0,27,26,413.891053
50yr_0240m_h616,50,0240,6,level,1.0,148,6.6126,0,29,27,511.057599
50yr_0240m_h616,50,0240,1,level,5.0,148,4.9325,0,24,21,71.528713
50yr_0240m_h616,50,0240,2,level,5.0,148,5.2312,0,54,22,152.889423
50yr_0240m_h616,50,0240,3,level,5.0,148,5.3582,0,42,24,238.069906
50yr_0240m_h616,50,0240,5,level,5.0,148,6.1233,0,37,26,409.601921
50yr_0240m_h616,50,0240,6,level,5.0,148,6.4022,0,39,26,500.111252
50yr_0240m_h616,50,0240,1,near_overflow,0.5,148,6.2794,0,23,37,80.093172
50yr_0240m_h616,50,0240,2,near_overflow,0.5,148,5.4542,0,26,25,160.025687
50yr_0240m_h616,50,0240,3,near_overflow,0.5,148,5.8119,0,26,24,242.599106
50yr_0240m_h616,50,0240,5,near_overflow,0.5,148,6.1944,0,21,26,416.997452
50yr_0240m_h616,50,0240,6,near_overflow,0.5,148,6.648,0,22,27,512.268588
50yr_0240m_h616,50,0240,1,near_overflow,1.0,148,6.2794,0,23,37,80.093172
50yr_0240m_h616,50,0240,2,near_overflow,1.0,148,5.4542,0,26,25,160.025687
50yr_0240m_h616,50,0240,3,near_overflow,1.0,148,5.8119,0,26,24,242.599106
50yr_0240m_h616,50,0240,5,near_overflow,1.0,148,6.1944,0,21,26,416.997452
50yr_0240m_h616,50,0240,6,near_overflow,1.0,148,6.648,0,22,27,512.268588
50yr_0240m_h616,50,0240,1,near_overflow,5.0,148,6.2794,0,23,37,80.093172
50yr_0240m_h616,50,0240,2,near_overflow,5.0,148,5.4542,0,26,25,160.025687
50yr_0240m_h616,50,0240,3,near_overflow,5.0,148,5.8119,0,26,24,242.599106
50yr_0240m_h616,50,0240,5,near_overflow,5.0,148,6.1944,0,21,26,416.997452
50yr_0240m_h616,50,0240,6,near_overflow,5.0,148,6.648,0,22,27,512.268588
50yr_0240m_h616,50,0240,1,near_overflow,2.0,148,6.2794,0,23,37,80.093172
50yr_0240m_h616,50,0240,2,near_overflow,2.0,148,5.4542,0,26,25,160.025687
50yr_0240m_h616,50,0240,3,near_overflow,2.0,148,5.8119,0,26,24,242.599106
50yr_0240m_h616,50,0240,5,near_overflow,2.0,148,6.1944,0,21,26,416.997452
50yr_0240m_h616,50,0240,6,near_overflow,2.0,148,6.648,0,22,27,512.268588
50yr_0240m_h616,50,0240,1,level,0.5,148,5.8951,0,45,29,77.57051
50yr_0240m_h616,50,0240,2,level,0.5,148,5.3582,0,40,23,158.113682
50yr_0240m_h616,50,0240,3,level,0.5,148,5.3989,0,31,24,240.746009
50yr_0240m_h616,50,0240,5,level,0.5,148,6.1944,0,26,26,414.886597
50yr_0240m_h616,50,0240,6,level,0.5,148,6.7687,0,24,27,511.169406
50yr_0240m_h504,50,0240,1,level,1.0,148,5.4085,0,39,10,77.083819
50yr_0240m_h504,50,0240,2,level,1.0,148,5.4006,0,38,8,158.929596
50yr_0240m_h504,50,0240,3,level,1.0,148,5.44,0,25,8,240.982654
50yr_0240m_h504,50,0240,5,level,1.0,148,6.2287,0,20,8,423.878737
50yr_0240m_h504,50,0240,6,level,1.0,148,6.4315,0,23,8,513.507982
50yr_0240m_h504,50,0240,1,level,2.0,148,5.0701,0,56,7,75.893089
50yr_0240m_h504,50,0240,2,level,2.0,148,5.328,0,34,8,157.764421
50yr_0240m_h504,50,0240,3,level,2.0,148,5.44,0,31,8,240.048003
50yr_0240m_h504,50,0240,5,level,2.0,148,6.2287,0,23,8,423.522495
50yr_0240m_h504,50,0240,6,level,2.0,148,6.3691,0,28,8,512.343999
50yr_0240m_h504,50,0240,1,level,5.0,148,4.9474,0,34,7,72.89832
50yr_0240m_h504,50,0240,2,level,5.0,148,5.286,0,50,8,154.888375
50yr_0240m_h504,50,0240,3,level,5.0,148,5.66,0,41,8,240.62612
50yr_0240m_h504,50,0240,5,level,5.0,148,6.2287,0,32,8,423.647471
50yr_0240m_h504,50,0240,6,level,5.0,148,6.2944,0,27,8,511.760423
50yr_0240m_h504,50,0240,1,near_overflow,0.5,148,6.296,0,17,14,80.149301
50yr_0240m_h504,50,0240,2,near_overflow,0.5,148,5.4099,0,30,9,160.011718
50yr_0240m_h504,50,0240,3,near_overflow,0.5,148,5.44,0,25,8,241.229421
50yr_0240m_h504,50,0240,5,near_overflow,0.5,148,6.2287,0,21,8,420.156272
50yr_0240m_h504,50,0240,6,near_overflow,0.5,148,6.4315,0,19,8,511.224496
50yr_0240m_h504,50,0240,1,near_overflow,1.0,148,6.296,0,17,14,80.149301
50yr_0240m_h504,50,0240,2,near_overflow,1.0,148,5.4099,0,30,9,160.011718
50yr_0240m_h504,50,0240,3,near_overflow,1.0,148,5.44,0,25,8,241.229421
50yr_0240m_h504,50,0240,5,near_overflow,1.0,148,6.2287,0,21,8,420.156272
50yr_0240m_h504,50,0240,6,near_overflow,1.0,148,6.4315,0,19,8,511.224496
50yr_0240m_h504,50,0240,1,near_overflow,2.0,148,6.296,0,17,14,80.149301
50yr_0240m_h504,50,0240,2,near_overflow,2.0,148,5.4099,0,30,9,160.011718
50yr_0240m_h504,50,0240,3,near_overflow,2.0,148,5.44,0,25,8,241.229421
50yr_0240m_h504,50,0240,5,near_overflow,2.0,148,6.2287,0,21,8,420.156272
50yr_0240m_h504,50,0240,6,near_overflow,2.0,148,6.4315,0,19,8,511.224496
50yr_0240m_h504,50,0240,1,near_overflow,5.0,148,6.296,0,17,14,80.149301
50yr_0240m_h504,50,0240,2,near_overflow,5.0,148,5.4099,0,30,9,160.011718
50yr_0240m_h504,50,0240,3,near_overflow,5.0,148,5.44,0,25,8,241.229421
50yr_0240m_h504,50,0240,5,near_overflow,5.0,148,6.2287,0,21,8,420.156272
50yr_0240m_h504,50,0240,6,near_overflow,5.0,148,6.4315,0,19,8,511.224496
50yr_0240m_h504,50,0240,1,level,0.5,148,5.7555,0,33,11,78.194756
50yr_0240m_h504,50,0240,2,level,0.5,148,5.4006,0,38,8,158.929596
50yr_0240m_h504,50,0240,3,level,0.5,148,5.44,0,25,8,240.982654
50yr_0240m_h504,50,0240,5,level,0.5,148,6.2287,0,22,8,422.095006
50yr_0240m_h504,50,0240,6,level,0.5,148,6.4315,0,20,8,512.162072
50yr_0240m_h501,50,0240,1,level,1.0,148,5.492,0,35,10,77.236808
50yr_0240m_h501,50,0240,2,level,1.0,148,5.2634,0,40,8,157.932617
50yr_0240m_h501,50,0240,3,level,1.0,148,5.5356,0,25,8,241.255384
50yr_0240m_h501,50,0240,5,level,1.0,148,6.1856,0,26,8,421.865727
50yr_0240m_h501,50,0240,6,level,1.0,148,6.3952,0,18,8,513.903593
50yr_0240m_h501,50,0240,1,level,5.0,148,4.9723,0,33,8,72.694196
50yr_0240m_h501,50,0240,2,level,5.0,148,5.2634,0,48,8,153.580103
50yr_0240m_h501,50,0240,3,level,5.0,148,5.4855,0,34,8,237.855374
50yr_0240m_h501,50,0240,5,level,5.0,148,6.1302,0,33,8,420.415795
50yr_0240m_h501,50,0240,6,level,5.0,148,6.3292,0,31,8,512.796888
50yr_0240m_h501,50,0240,1,level,2.0,148,5.0662,0,64,8,75.199327
50yr_0240m_h501,50,0240,2,level,2.0,148,5.2634,0,40,8,156.724674
50yr_0240m_h501,50,0240,3,level,2.0,148,5.4944,0,24,8,240.238166
50yr_0240m_h501,50,0240,5,level,2.0,148,6.1856,0,28,8,421.900065
50yr_0240m_h501,50,0240,6,level,2.0,148,6.3292,0,22,8,512.329143
50yr_0240m_h501,50,0240,1,near_overflow,0.5,148,6.2777,0,12,14,80.976722
50yr_0240m_h501,50,0240,2,near_overflow,0.5,148,5.5187,0,23,9,160.519407
50yr_0240m_h501,50,0240,3,near_overflow,0.5,148,5.5356,0,26,8,241.423064
50yr_0240m_h501,50,0240,5,near_overflow,0.5,148,6.2699,0,19,8,419.933637
50yr_0240m_h501,50,0240,6,near_overflow,0.5,148,6.3952,0,21,8,509.29681
30yr_1440m_h1177,30,1440,1,near_overflow,5.0,748,6.2816,0,63,95,381.462343
30yr_1440m_h1177,30,1440,2,near_overflow,5.0,748,5.3848,0,108,62,761.636206
30yr_1440m_h1177,30,1440,3,near_overflow,5.0,748,5.3329,0,148,63,1134.817498
30yr_1440m_h1177,30,1440,5,near_overflow,5.0,748,5.6914,0,92,70,1913.894621
30yr_1440m_h1177,30,1440,6,near_overflow,5.0,748,5.83,0,90,73,2309.47753
50yr_0240m_h501,50,0240,1,near_overflow,2.0,148,6.2777,0,12,14,80.976722
50yr_0240m_h501,50,0240,2,near_overflow,2.0,148,5.5187,0,23,9,160.519407
50yr_0240m_h501,50,0240,3,near_overflow,2.0,148,5.5356,0,26,8,241.423064
50yr_0240m_h501,50,0240,5,near_overflow,2.0,148,6.2699,0,19,8,419.933637
50yr_0240m_h501,50,0240,6,near_overflow,2.0,148,6.3952,0,21,8,509.29681
50yr_0240m_h501,50,0240,1,level,0.5,148,5.7249,0,28,11,78.204393
50yr_0240m_h501,50,0240,2,level,0.5,148,5.2634,0,40,8,157.932617
50yr_0240m_h501,50,0240,3,level,0.5,148,5.5356,0,26,8,241.240491
50yr_0240m_h501,50,0240,5,level,0.5,148,6.2699,0,25,8,420.204215
50yr_0240m_h501,50,0240,6,level,0.5,148,6.3952,0,21,8,510.58384
50yr_0240m_h501,50,0240,1,near_overflow,5.0,148,6.2777,0,12,14,80.976722
50yr_0240m_h501,50,0240,2,near_overflow,5.0,148,5.5187,0,23,9,160.519407
50yr_0240m_h501,50,0240,3,near_overflow,5.0,148,5.5356,0,26,8,241.423064
50yr_0240m_h501,50,0240,5,near_overflow,5.0,148,6.2699,0,19,8,419.933637
50yr_0240m_h501,50,0240,6,near_overflow,5.0,148,6.3952,0,21,8,509.29681
50yr_0240m_h501,50,0240,1,near_overflow,1.0,148,6.2777,0,12,14,80.976722
50yr_0240m_h501,50,0240,2,near_overflow,1.0,148,5.5187,0,23,9,160.519407
50yr_0240m_h501,50,0240,3,near_overflow,1.0,148,5.5356,0,26,8,241.423064
50yr_0240m_h501,50,0240,5,near_overflow,1.0,148,6.2699,0,19,8,419.933637
50yr_0240m_h501,50,0240,6,near_overflow,1.0,148,6.3952,0,21,8,509.29681
50yr_0240m_h561,50,0240,1,level,1.0,148,5.4826,0,41,23,77.892823
50yr_0240m_h561,50,0240,2,level,1.0,148,5.3617,0,34,20,158.94501
50yr_0240m_h561,50,0240,3,level,1.0,148,5.5014,0,26,21,241.294829
50yr_0240m_h561,50,0240,5,level,1.0,148,6.0449,0,22,22,416.209842
50yr_0240m_h561,50,0240,6,level,1.0,148,6.332,0,22,22,506.789517
50yr_0240m_h561,50,0240,1,level,2.0,148,5.0715,0,58,18,76.23495
50yr_0240m_h561,50,0240,2,level,2.0,148,5.3617,0,34,20,157.689287
50yr_0240m_h561,50,0240,3,level,2.0,148,5.5014,0,26,21,240.9844
50yr_0240m_h561,50,0240,5,level,2.0,148,6.0798,0,29,22,416.077126
50yr_0240m_h561,50,0240,6,level,2.0,148,6.332,0,26,22,504.599329
50yr_0240m_h561,50,0240,1,level,5.0,148,4.9459,0,27,18,72.839283
50yr_0240m_h561,50,0240,2,level,5.0,148,5.1274,0,50,19,154.369439
50yr_0240m_h561,50,0240,3,level,5.0,148,5.3649,0,34,20,237.731578
50yr_0240m_h561,50,0240,5,level,5.0,148,6.1989,0,32,22,416.859692
50yr_0240m_h561,50,0240,6,level,5.0,148,6.332,0,27,22,502.668537
50yr_0240m_h561,50,0240,1,near_overflow,0.5,148,6.26,0,15,33,80.564143
50yr_0240m_h561,50,0240,2,near_overflow,0.5,148,5.5199,0,23,22,160.15959
50yr_0240m_h561,50,0240,3,near_overflow,0.5,148,5.7996,0,18,21,243.728609
50yr_0240m_h561,50,0240,5,near_overflow,0.5,148,6.1283,0,16,22,419.910368
50yr_0240m_h561,50,0240,6,near_overflow,0.5,148,6.4084,0,15,22,507.835617
50yr_0240m_h561,50,0240,1,near_overflow,2.0,148,6.26,0,15,33,80.564143
50yr_0240m_h561,50,0240,2,near_overflow,2.0,148,5.5199,0,23,22,160.15959
50yr_0240m_h561,50,0240,3,near_overflow,2.0,148,5.7996,0,18,21,243.728609
50yr_0240m_h561,50,0240,5,near_overflow,2.0,148,6.1283,0,16,22,419.910368
50yr_0240m_h561,50,0240,6,near_overflow,2.0,148,6.4084,0,15,22,507.835617
50yr_0240m_h561,50,0240,1,level,0.5,148,5.8576,0,42,26,77.840318
50yr_0240m_h561,50,0240,2,level,0.5,148,5.3617,0,34,20,158.968957
50yr_0240m_h561,50,0240,3,level,0.5,148,5.5014,0,28,21,241.578795
50yr_0240m_h561,50,0240,5,level,0.5,148,6.0449,0,18,22,417.048279
50yr_0240m_h561,50,0240,6,level,0.5,148,6.332,0,16,22,508.133755
50yr_0240m_h561,50,0240,1,near_overflow,1.0,148,6.26,0,15,33,80.564143
50yr_0240m_h561,50,0240,2,near_overflow,1.0,148,5.5199,0,23,22,160.15959
50yr_0240m_h561,50,0240,3,near_overflow,1.0,148,5.7996,0,18,21,243.728609
50yr_0240m_h561,50,0240,5,near_overflow,1.0,148,6.1283,0,16,22,419.910368
50yr_0240m_h561,50,0240,6,near_overflow,1.0,148,6.4084,0,15,22,507.835617
50yr_0240m_h561,50,0240,1,near_overflow,5.0,148,6.26,0,15,33,80.564143
50yr_0240m_h561,50,0240,2,near_overflow,5.0,148,5.5199,0,23,22,160.15959
50yr_0240m_h561,50,0240,3,near_overflow,5.0,148,5.7996,0,18,21,243.728609
50yr_0240m_h561,50,0240,5,near_overflow,5.0,148,6.1283,0,16,22,419.910368
50yr_0240m_h561,50,0240,6,near_overflow,5.0,148,6.4084,0,15,22,507.835617
50yr_0240m_h522,50,0240,1,level,0.5,148,5.7665,0,33,11,78.133039
50yr_0240m_h522,50,0240,2,level,0.5,148,5.3761,0,42,8,158.184902
50yr_0240m_h522,50,0240,3,level,0.5,148,5.6938,0,22,8,243.520641
50yr_0240m_h522,50,0240,5,level,0.5,148,6.2398,0,23,8,420.443658
50yr_0240m_h522,50,0240,6,level,0.5,148,6.3753,0,22,8,512.763096
50yr_0240m_h522,50,0240,1,level,1.0,148,5.4544,0,35,10,78.078565
50yr_0240m_h522,50,0240,2,level,1.0,148,5.3761,0,42,8,158.123991
50yr_0240m_h522,50,0240,3,level,1.0,148,5.6938,0,22,8,243.520641
50yr_0240m_h522,50,0240,5,level,1.0,148,6.2398,0,27,8,421.410602
50yr_0240m_h522,50,0240,6,level,1.0,148,6.3753,0,26,8,513.637344
30yr_1440m_h1133,30,1440,1,level,1.0,748,5.5434,0,174,31,366.115851
30yr_1440m_h1133,30,1440,2,level,1.0,748,5.118,0,238,26,748.241275
30yr_1440m_h1133,30,1440,3,level,1.0,748,5.343,0,162,28,1131.874126
30yr_1440m_h1133,30,1440,5,level,1.0,748,5.728,0,144,30,1915.860777
30yr_1440m_h1133,30,1440,6,level,1.0,748,5.8478,0,158,31,2320.804054
30yr_1440m_h1133,30,1440,1,level,0.5,748,5.82,0,124,33,367.504233
30yr_1440m_h1133,30,1440,2,level,0.5,748,5.118,0,238,26,748.241275
30yr_1440m_h1133,30,1440,3,level,0.5,748,5.343,0,162,28,1131.874126
30yr_1440m_h1133,30,1440,5,level,0.5,748,5.668,0,116,30,1913.032117
30yr_1440m_h1133,30,1440,6,level,0.5,748,5.8478,0,116,31,2316.196193
50yr_0240m_h522,50,0240,1,level,2.0,148,5.0431,0,62,7,75.372098
50yr_0240m_h522,50,0240,2,level,2.0,148,5.4131,0,42,8,157.338253
50yr_0240m_h522,50,0240,3,level,2.0,148,5.6938,0,32,8,242.302452
50yr_0240m_h522,50,0240,5,level,2.0,148,6.2398,0,29,8,421.305316
50yr_0240m_h522,50,0240,6,level,2.0,148,6.2438,0,25,8,512.484326
30yr_1440m_h1133,30,1440,1,level,2.0,748,4.919,0,422,24,359.841028
30yr_1440m_h1133,30,1440,2,level,2.0,748,5.118,0,238,26,738.912933
30yr_1440m_h1133,30,1440,3,level,2.0,748,5.2932,0,200,28,1128.206667
30yr_1440m_h1133,30,1440,5,level,2.0,748,5.728,0,198,30,1919.27409
30yr_1440m_h1133,30,1440,6,level,2.0,748,5.8428,0,184,31,2321.517016
50yr_0240m_h522,50,0240,1,level,5.0,148,4.9762,0,34,7,73.328509
50yr_0240m_h522,50,0240,2,level,5.0,148,5.2221,0,50,8,154.252538
50yr_0240m_h522,50,0240,3,level,5.0,148,5.789,0,42,8,239.569327
50yr_0240m_h522,50,0240,5,level,5.0,148,6.2398,0,42,8,420.7574
50yr_0240m_h522,50,0240,6,level,5.0,148,6.2438,0,35,8,512.024559
30yr_1440m_h1133,30,1440,1,level,5.0,748,4.9178,0,276,24,348.425137
30yr_1440m_h1133,30,1440,2,level,5.0,748,5.0815,0,302,26,726.302638
30yr_1440m_h1133,30,1440,3,level,5.0,748,5.2877,0,258,27,1118.099879
30yr_1440m_h1133,30,1440,5,level,5.0,748,5.7011,0,249,30,1911.784913
30yr_1440m_h1133,30,1440,6,level,5.0,748,5.8346,0,243,31,2313.554784
30yr_1440m_h1133,30,1440,1,near_overflow,1.0,748,6.284,0,78,43,378.648192
30yr_1440m_h1133,30,1440,2,near_overflow,1.0,748,5.377,0,122,29,759.933575
30yr_1440m_h1133,30,1440,3,near_overflow,1.0,748,5.343,0,162,28,1132.641536
30yr_1440m_h1133,30,1440,5,near_overflow,1.0,748,5.7415,0,104,30,1910.459399
30yr_1440m_h1133,30,1440,6,near_overflow,1.0,748,5.8212,0,100,31,2305.977784
30yr_1440m_h1133,30,1440,1,near_overflow,2.0,748,6.284,0,78,43,378.648192
30yr_1440m_h1133,30,1440,2,near_overflow,2.0,748,5.377,0,122,29,759.933575
30yr_1440m_h1133,30,1440,3,near_overflow,2.0,748,5.343,0,162,28,1132.641536
30yr_1440m_h1133,30,1440,5,near_overflow,2.0,748,5.7415,0,104,30,1910.459399
30yr_1440m_h1133,30,1440,6,near_overflow,2.0,748,5.8212,0,100,31,2305.977784
50yr_0240m_h522,50,0240,1,near_overflow,0.5,148,6.3024,0,18,14,80.434818
50yr_0240m_h522,50,0240,2,near_overflow,0.5,148,5.4266,0,26,9,160.273662
50yr_0240m_h522,50,0240,3,near_overflow,0.5,148,5.6938,0,22,8,243.726511
50yr_0240m_h522,50,0240,5,near_overflow,0.5,148,6.2398,0,19,8,420.320424
50yr_0240m_h522,50,0240,6,near_overflow,0.5,148,6.3789,0,16,8,511.876252
30yr_1440m_h1133,30,1440,1,near_overflow,0.5,748,6.284,0,78,43,378.648192
30yr_1440m_h1133,30,1440,2,near_overflow,0.5,748,5.377,0,122,29,759.933575
30yr_1440m_h1133,30,1440,3,near_overflow,0.5,748,5.343,0,162,28,1132.641536
30yr_1440m_h1133,30,1440,5,near_overflow,0.5,748,5.7415,0,104,30,1910.459399
30yr_1440m_h1133,30,1440,6,near_overflow,0.5,748,5.8212,0,100,31,2305.977784
50yr_0240m_h522,50,0240,1,near_overflow,1.0,148,6.3024,0,18,14,80.434818
50yr_0240m_h522,50,0240,2,near_overflow,1.0,148,5.4266,0,26,9,160.273662
50yr_0240m_h522,50,0240,3,near_overflow,1.0,148,5.6938,0,22,8,243.726511
50yr_0240m_h522,50,0240,5,near_overflow,1.0,148,6.2398,0,19,8,420.320424
50yr_0240m_h522,50,0240,6,near_overflow,1.0,148,6.3789,0,16,8,511.876252
50yr_0240m_h522,50,0240,1,near_overflow,5.0,148,6.3024,0,18,14,80.434818
50yr_0240m_h522,50,0240,2,near_overflow,5.0,148,5.4266,0,26,9,160.273662
50yr_0240m_h522,50,0240,3,near_overflow,5.0,148,5.6938,0,22,8,243.726511
50yr_0240m_h522,50,0240,5,near_overflow,5.0,148,6.2398,0,19,8,420.320424
50yr_0240m_h522,50,0240,6,near_overflow,5.0,148,6.3789,0,16,8,511.876252
50yr_0240m_h522,50,0240,1,near_overflow,2.0,148,6.3024,0,18,14,80.434818
50yr_0240m_h522,50,0240,2,near_overflow,2.0,148,5.4266,0,26,9,160.273662
50yr_0240m_h522,50,0240,3,near_overflow,2.0,148,5.6938,0,22,8,243.726511
50yr_0240m_h522,50,0240,5,near_overflow,2.0,148,6.2398,0,19,8,420.320424
50yr_0240m_h522,50,0240,6,near_overflow,2.0,148,6.3789,0,16,8,511.876252
50yr_0360m_h678,50,0360,1,level,0.5,208,5.8103,0,44,28,108.988476
50yr_0360m_h678,50,0360,2,level,0.5,208,5.3392,0,48,22,220.691639
50yr_0360m_h678,50,0360,3,level,0.5,208,5.7964,0,28,23,336.914109
50yr_0360m_h678,50,0360,5,level,0.5,208,6.2425,0,12,24,588.319227
50yr_0360m_h678,50,0360,6,level,0.5,208,6.6974,0,16,25,714.945354
30yr_1440m_h1192,30,1440,1,level,1.0,748,5.5213,0,153,79,368.455662
30yr_1440m_h1192,30,1440,2,level,1.0,748,5.1149,0,220,72,750.053605
30yr_1440m_h1192,30,1440,3,level,1.0,748,5.3387,0,151,76,1133.680845
30yr_1440m_h1192,30,1440,5,level,1.0,748,5.724,0,140,82,1919.555079
30yr_1440m_h1192,30,1440,6,level,1.0,748,5.8281,0,152,85,2314.363001
30yr_1440m_h1133,30,1440,1,near_overflow,5.0,748,6.284,0,78,43,378.648192
30yr_1440m_h1133,30,1440,2,near_overflow,5.0,748,5.377,0,122,29,759.933575
30yr_1440m_h1133,30,1440,3,near_overflow,5.0,748,5.343,0,162,28,1132.641536
30yr_1440m_h1133,30,1440,5,near_overflow,5.0,748,5.7415,0,104,30,1910.459399
30yr_1440m_h1133,30,1440,6,near_overflow,5.0,748,5.8212,0,100,31,2305.977784
30yr_1440m_h1192,30,1440,1,level,2.0,748,4.9192,0,392,67,361.253085
30yr_1440m_h1192,30,1440,2,level,2.0,748,5.1149,0,220,72,741.252541
30yr_1440m_h1192,30,1440,3,level,2.0,748,5.3179,0,181,76,1130.02616
30yr_1440m_h1192,30,1440,5,level,2.0,748,5.724,0,176,82,1921.171308
30yr_1440m_h1192,30,1440,6,level,2.0,748,5.8396,0,174,85,2318.483271
30yr_1440m_h1192,30,1440,1,level,5.0,748,4.9199,0,256,67,350.361266
30yr_1440m_h1192,30,1440,2,level,5.0,748,5.0689,0,284,71,727.486772
30yr_1440m_h1192,30,1440,3,level,5.0,748,5.284,0,244,75,1120.624683
30yr_1440m_h1192,30,1440,5,level,5.0,748,5.724,0,216,81,1915.272789
30yr_1440m_h1192,30,1440,6,level,5.0,748,5.828,0,210,84,2311.890747
30yr_1440m_h1192,30,1440,1,near_overflow,1.0,748,6.2998,0,66,108,380.680135
30yr_1440m_h1192,30,1440,2,near_overflow,1.0,748,5.3868,0,118,75,760.810978
30yr_1440m_h1192,30,1440,3,near_overflow,1.0,748,5.3387,0,151,76,1134.42408
30yr_1440m_h1192,30,1440,5,near_overflow,1.0,748,5.6924,0,94,82,1913.201899
30yr_1440m_h1192,30,1440,6,near_overflow,1.0,748,5.8337,0,101,85,2305.205307
30yr_1440m_h1192,30,1440,1,near_overflow,5.0,748,6.2998,0,66,108,380.680135
30yr_1440m_h1192,30,1440,2,near_overflow,5.0,748,5.3868,0,118,75,760.810978
30yr_1440m_h1192,30,1440,3,near_overflow,5.0,748,5.3387,0,151,76,1134.42408
30yr_1440m_h1192,30,1440,5,near_overflow,5.0,748,5.6924,0,94,82,1913.201899
30yr_1440m_h1192,30,1440,6,near_overflow,5.0,748,5.8337,0,101,85,2305.205307
30yr_1440m_h1192,30,1440,1,near_overflow,0.5,748,6.2998,0,66,108,380.680135
30yr_1440m_h1192,30,1440,2,near_overflow,0.5,748,5.3868,0,118,75,760.810978
30yr_1440m_h1192,30,1440,3,near_overflow,0.5,748,5.3387,0,151,76,1134.42408
30yr_1440m_h1192,30,1440,5,near_overflow,0.5,748,5.6924,0,94,82,1913.201899
30yr_1440m_h1192,30,1440,6,near_overflow,0.5,748,5.8337,0,101,85,2305.205307
30yr_1440m_h1192,30,1440,1,near_overflow,2.0,748,6.2998,0,66,108,380.680135
30yr_1440m_h1192,30,1440,2,near_overflow,2.0,748,5.3868,0,118,75,760.810978
30yr_1440m_h1192,30,1440,3,near_overflow,2.0,748,5.3387,0,151,76,1134.42408
30yr_1440m_h1192,30,1440,5,near_overflow,2.0,748,5.6924,0,94,82,1913.201899
30yr_1440m_h1192,30,1440,6,near_overflow,2.0,748,5.8337,0,101,85,2305.205307
50yr_0360m_h678,50,0360,1,level,2.0,208,5.0594,0,66,21,104.56993
50yr_0360m_h678,50,0360,2,level,2.0,208,5.3392,0,48,22,219.053521
50yr_0360m_h678,50,0360,3,level,2.0,208,5.7964,0,32,23,336.305748
50yr_0360m_h678,50,0360,5,level,2.0,208,6.2425,0,18,24,587.985288
50yr_0360m_h678,50,0360,6,level,2.0,208,6.3854,0,22,25,713.892825
50yr_0360m_h678,50,0360,1,near_overflow,0.5,208,6.3296,0,25,34,111.507606
50yr_0360m_h678,50,0360,2,near_overflow,0.5,208,5.4369,0,30,24,222.744391
50yr_0360m_h678,50,0360,3,near_overflow,0.5,208,5.7071,0,26,23,336.587409
50yr_0360m_h678,50,0360,5,near_overflow,0.5,208,6.2425,0,20,24,583.576611
50yr_0360m_h678,50,0360,6,near_overflow,0.5,208,6.6974,0,17,25,712.713887
50yr_0360m_h678,50,0360,1,near_overflow,1.0,208,6.3296,0,25,34,111.507606
50yr_0360m_h678,50,0360,2,near_overflow,1.0,208,5.4369,0,30,24,222.744391
50yr_0360m_h678,50,0360,3,near_overflow,1.0,208,5.7071,0,26,23,336.587409
50yr_0360m_h678,50,0360,5,near_overflow,1.0,208,6.2425,0,20,24,583.576611
50yr_0360m_h678,50,0360,6,near_overflow,1.0,208,6.6974,0,17,25,712.713887
50yr_0360m_h678,50,0360,1,near_overflow,2.0,208,6.3296,0,25,34,111.507606
50yr_0360m_h678,50,0360,2,near_overflow,2.0,208,5.4369,0,30,24,222.744391
50yr_0360m_h678,50,0360,3,near_overflow,2.0,208,5.7071,0,26,23,336.587409
50yr_0360m_h678,50,0360,5,near_overflow,2.0,208,6.2425,0,20,24,583.576611
50yr_0360m_h678,50,0360,6,near_overflow,2.0,208,6.6974,0,17,25,712.713887
50yr_0360m_h678,50,0360,1,level,1.0,208,5.4888,0,47,26,107.007649
50yr_0360m_h678,50,0360,2,level,1.0,208,5.3392,0,48,22,220.570575
50yr_0360m_h678,50,0360,3,level,1.0,208,5.7964,0,28,23,336.890461
50yr_0360m_h678,50,0360,5,level,1.0,208,6.2425,0,16,24,588.64311
50yr_0360m_h678,50,0360,6,level,1.0,208,6.6974,0,22,25,715.462822
50yr_0360m_h678,50,0360,1,near_overflow,5.0,208,6.3296,0,25,34,111.507606
50yr_0360m_h678,50,0360,2,near_overflow,5.0,208,5.4369,0,30,24,222.744391
50yr_0360m_h678,50,0360,3,near_overflow,5.0,208,5.7071,0,26,23,336.587409
50yr_0360m_h678,50,0360,5,near_overflow,5.0,208,6.2425,0,20,24,583.576611
50yr_0360m_h678,50,0360,6,near_overflow,5.0,208,6.6974,0,17,25,712.713887
50yr_0360m_h678,50,0360,1,level,5.0,208,4.9658,0,35,21,99.333883
50yr_0360m_h678,50,0360,2,level,5.0,208,5.1474,0,49,22,213.141189
50yr_0360m_h678,50,0360,3,level,5.0,208,5.7485,0,36,23,333.378279
50yr_0360m_h678,50,0360,5,level,5.0,208,6.3273,0,27,24,585.255059
50yr_0360m_h678,50,0360,6,level,5.0,208,6.3834,0,29,25,717.527812
50yr_0360m_h621,50,0360,1,level,1.0,208,5.5569,0,60,13,107.574279
50yr_0360m_h621,50,0360,2,level,1.0,208,5.2418,0,62,10,218.743718
50yr_0360m_h621,50,0360,3,level,1.0,208,5.478,0,48,10,332.659996
50yr_0360m_h621,50,0360,5,level,1.0,208,6.3361,0,27,15,584.168777
50yr_0360m_h621,50,0360,6,level,1.0,208,6.7675,0,30,20,710.475463
50yr_0360m_h621,50,0360,1,level,0.5,208,5.8247,0,61,14,107.307014
50yr_0360m_h621,50,0360,2,level,0.5,208,5.2418,0,62,10,218.81733
50yr_0360m_h621,50,0360,3,level,0.5,208,5.478,0,46,10,332.713782
50yr_0360m_h621,50,0360,5,level,0.5,208,6.4944,0,30,14,585.435217
50yr_0360m_h621,50,0360,6,level,0.5,208,6.7675,0,22,20,710.649976
50yr_0360m_h621,50,0360,1,level,2.0,208,5.0729,0,94,9,104.619187
50yr_0360m_h621,50,0360,2,level,2.0,208,5.2418,0,62,10,216.792487
50yr_0360m_h621,50,0360,3,level,2.0,208,5.478,0,60,10,331.305052
50yr_0360m_h621,50,0360,5,level,2.0,208,6.3361,0,34,15,584.583402
50yr_0360m_h621,50,0360,6,level,2.0,208,6.6451,0,33,18,711.09631
50yr_0360m_h621,50,0360,1,near_overflow,5.0,208,6.4013,0,31,18,111.336848
50yr_0360m_h621,50,0360,2,near_overflow,5.0,208,5.4071,0,48,12,220.958367
50yr_0360m_h621,50,0360,3,near_overflow,5.0,208,5.8568,0,34,10,335.934691
50yr_0360m_h621,50,0360,5,near_overflow,5.0,208,6.2951,0,24,11,579.98857
50yr_0360m_h621,50,0360,6,near_overflow,5.0,208,6.6218,0,19,11,707.715476
50yr_0360m_h621,50,0360,1,near_overflow,0.5,208,6.4013,0,31,18,111.336848
50yr_0360m_h621,50,0360,2,near_overflow,0.5,208,5.4071,0,48,12,220.958367
50yr_0360m_h621,50,0360,3,near_overflow,0.5,208,5.8568,0,34,10,335.934691
50yr_0360m_h621,50,0360,5,near_overflow,0.5,208,6.2951,0,24,11,579.98857
50yr_0360m_h621,50,0360,6,near_overflow,0.5,208,6.6218,0,19,11,707.715476
50yr_0360m_h621,50,0360,1,near_overflow,1.0,208,6.4013,0,31,18,111.336848
50yr_0360m_h621,50,0360,2,near_overflow,1.0,208,5.4071,0,48,12,220.958367
50yr_0360m_h621,50,0360,3,near_overflow,1.0,208,5.8568,0,34,10,335.934691
50yr_0360m_h621,50,0360,5,near_overflow,1.0,208,6.2951,0,24,11,579.98857
50yr_0360m_h621,50,0360,6,near_overflow,1.0,208,6.6218,0,19,11,707.715476
50yr_0360m_h658,50,0360,1,level,1.0,208,5.5042,0,40,26,109.373141
50yr_0360m_h658,50,0360,2,level,1.0,208,5.3666,0,48,22,220.755476
50yr_0360m_h658,50,0360,3,level,1.0,208,5.4471,0,30,23,334.844244
50yr_0360m_h658,50,0360,5,level,1.0,208,6.2156,0,17,24,590.107418
50yr_0360m_h658,50,0360,6,level,1.0,208,6.5559,0,16,28,715.811289
50yr_0360m_h621,50,0360,1,level,5.0,208,4.9762,0,53,9,98.959817
50yr_0360m_h621,50,0360,2,level,5.0,208,5.2231,0,84,10,212.463479
50yr_0360m_h621,50,0360,3,level,5.0,208,5.6259,0,73,10,329.196759
50yr_0360m_h621,50,0360,5,level,5.0,208,6.224,0,49,15,580.728624
50yr_0360m_h621,50,0360,6,level,5.0,208,6.6451,0,42,18,710.348895
50yr_0360m_h658,50,0360,1,level,0.5,208,5.8222,0,43,28,109.158814
50yr_0360m_h658,50,0360,2,level,0.5,208,5.3666,0,48,22,220.841788
50yr_0360m_h658,50,0360,3,level,0.5,208,5.4471,0,30,23,334.939942
50yr_0360m_h658,50,0360,5,level,0.5,208,6.2156,0,18,24,586.006251
50yr_0360m_h658,50,0360,6,level,0.5,208,6.5559,0,12,28,715.464752
50yr_0360m_h658,50,0360,1,level,2.0,208,5.0699,0,66,20,104.764037
50yr_0360m_h658,50,0360,2,level,2.0,208,5.3666,0,48,22,219.461783
50yr_0360m_h658,50,0360,3,level,2.0,208,5.4471,0,30,23,335.154156
50yr_0360m_h658,50,0360,5,level,2.0,208,6.2156,0,18,24,590.000863
50yr_0360m_h658,50,0360,6,level,2.0,208,6.29,0,16,28,715.384373
30yr_1440m_h1192,30,1440,1,level,0.5,748,5.8233,0,117,85,369.485233
30yr_1440m_h1192,30,1440,2,level,0.5,748,5.1149,0,220,72,750.053605
30yr_1440m_h1192,30,1440,3,level,0.5,748,5.3387,0,151,76,1133.680845
30yr_1440m_h1192,30,1440,5,level,0.5,748,5.7189,0,112,82,1913.419551
30yr_1440m_h1192,30,1440,6,level,0.5,748,5.8396,0,111,85,2310.624936
50yr_0360m_h621,50,0360,1,near_overflow,2.0,208,6.4013,0,31,18,111.336848
50yr_0360m_h621,50,0360,2,near_overflow,2.0,208,5.4071,0,48,12,220.958367
50yr_0360m_h621,50,0360,3,near_overflow,2.0,208,5.8568,0,34,10,335.934691
50yr_0360m_h621,50,0360,5,near_overflow,2.0,208,6.2951,0,24,11,579.98857
50yr_0360m_h621,50,0360,6,near_overflow,2.0,208,6.6218,0,19,11,707.715476
50yr_0360m_h658,50,0360,1,near_overflow,0.5,208,6.3514,0,23,34,112.086955
50yr_0360m_h658,50,0360,2,near_overflow,0.5,208,5.4653,0,31,24,223.390903
50yr_0360m_h658,50,0360,3,near_overflow,0.5,208,5.7675,0,29,23,339.461861
50yr_0360m_h658,50,0360,5,near_overflow,0.5,208,6.2156,0,14,24,586.461925
50yr_0360m_h658,50,0360,6,near_overflow,0.5,208,6.5559,0,16,25,709.264284
50yr_0360m_h658,50,0360,1,level,5.0,208,4.9655,0,42,20,101.05471
50yr_0360m_h658,50,0360,2,level,5.0,208,5.2087,0,56,22,213.052499
50yr_0360m_h658,50,0360,3,level,5.0,208,5.7426,0,38,23,334.168603
50yr_0360m_h658,50,0360,5,level,5.0,208,6.3544,0,33,24,585.581497
50yr_0360m_h658,50,0360,6,level,5.0,208,6.4616,0,25,24,718.579562
50yr_0360m_h658,50,0360,1,near_overflow,2.0,208,6.3514,0,23,34,112.086955
50yr_0360m_h658,50,0360,2,near_overflow,2.0,208,5.4653,0,31,24,223.390903
50yr_0360m_h658,50,0360,3,near_overflow,2.0,208,5.7675,0,29,23,339.461861
50yr_0360m_h658,50,0360,5,near_overflow,2.0,208,6.2156,0,14,24,586.461925
50yr_0360m_h658,50,0360,6,near_overflow,2.0,208,6.5559,0,16,25,709.264284
50yr_0360m_h658,50,0360,1,near_overflow,1.0,208,6.3514,0,23,34,112.086955
50yr_0360m_h658,50,0360,2,near_overflow,1.0,208,5.4653,0,31,24,223.390903
50yr_0360m_h658,50,0360,3,near_overflow,1.0,208,5.7675,0,29,23,339.461861
50yr_0360m_h658,50,0360,5,near_overflow,1.0,208,6.2156,0,14,24,586.461925
50yr_0360m_h658,50,0360,6,near_overflow,1.0,208,6.5559,0,16,25,709.264284
50yr_0360m_h658,50,0360,1,near_overflow,5.0,208,6.3514,0,23,34,112.086955
50yr_0360m_h658,50,0360,2,near_overflow,5.0,208,5.4653,0,31,24,223.390903
50yr_0360m_h658,50,0360,3,near_overflow,5.0,208,5.7675,0,29,23,339.461861
50yr_0360m_h658,50,0360,5,near_overflow,5.0,208,6.2156,0,14,24,586.461925
50yr_0360m_h658,50,0360,6,near_overflow,5.0,208,6.5559,0,16,25,709.264284
50yr_0360m_h673,50,0360,1,level,1.0,208,5.4963,0,46,26,108.400443
50yr_0360m_h673,50,0360,2,level,1.0,208,5.254,0,45,22,220.675462
50yr_0360m_h673,50,0360,3,level,1.0,208,5.768,0,28,23,335.971085
50yr_0360m_h673,50,0360,5,level,1.0,208,6.1568,0,18,24,585.336723
50yr_0360m_h673,50,0360,6,level,1.0,208,6.4809,0,16,28,715.084357
50yr_0360m_h673,50,0360,1,level,2.0,208,5.0728,0,60,20,102.741278
50yr_0360m_h673,50,0360,2,level,2.0,208,5.254,0,45,22,219.412914
50yr_0360m_h673,50,0360,3,level,2.0,208,5.768,0,26,23,336.018138
50yr_0360m_h673,50,0360,5,level,2.0,208,6.2008,0,20,24,587.206919
50yr_0360m_h673,50,0360,6,level,2.0,208,6.4809,0,14,28,716.973401
50yr_0360m_h673,50,0360,1,near_overflow,1.0,208,6.3449,0,22,34,111.887581
50yr_0360m_h673,50,0360,2,near_overflow,1.0,208,5.4226,0,32,24,222.761941
50yr_0360m_h673,50,0360,3,near_overflow,1.0,208,5.7137,0,28,23,338.058475
50yr_0360m_h673,50,0360,5,near_overflow,1.0,208,6.2966,0,15,24,587.090104
50yr_0360m_h673,50,0360,6,near_overflow,1.0,208,6.4809,0,13,25,711.183651
50yr_0360m_h673,50,0360,1,near_overflow,5.0,208,6.3449,0,22,34,111.887581
50yr_0360m_h673,50,0360,2,near_overflow,5.0,208,5.4226,0,32,24,222.761941
50yr_0360m_h673,50,0360,3,near_overflow,5.0,208,5.7137,0,28,23,338.058475
50yr_0360m_h673,50,0360,5,near_overflow,5.0,208,6.2966,0,15,24,587.090104
50yr_0360m_h673,50,0360,6,near_overflow,5.0,208,6.4809,0,13,25,711.183651
50yr_0360m_h673,50,0360,1,level,0.5,208,5.8188,0,41,28,109.159791
50yr_0360m_h673,50,0360,2,level,0.5,208,5.254,0,45,22,220.7518
50yr_0360m_h673,50,0360,3,level,0.5,208,5.768,0,30,23,335.657309
50yr_0360m_h673,50,0360,5,level,0.5,208,6.1568,0,16,24,582.371141
50yr_0360m_h673,50,0360,6,level,0.5,208,6.4809,0,16,28,713.177415
50yr_0360m_h692,50,0360,1,level,0.5,208,5.8291,0,59,31,107.280387
50yr_0360m_h692,50,0360,2,level,0.5,208,5.2575,0,60,25,220.004361
50yr_0360m_h692,50,0360,3,level,0.5,208,5.3938,0,44,26,332.484056
50yr_0360m_h692,50,0360,5,level,0.5,208,6.2061,0,28,28,583.545815
50yr_0360m_h692,50,0360,6,level,0.5,208,6.4212,0,22,29,705.760173
50yr_0360m_h692,50,0360,1,level,1.0,208,5.5186,0,49,29,107.892822
50yr_0360m_h692,50,0360,2,level,1.0,208,5.2575,0,60,25,219.950318
50yr_0360m_h692,50,0360,3,level,1.0,208,5.3938,0,44,26,332.541072
50yr_0360m_h692,50,0360,5,level,1.0,208,6.2061,0,26,28,584.556853
50yr_0360m_h692,50,0360,6,level,1.0,208,6.4212,0,24,29,705.790473
50yr_0360m_h673,50,0360,1,near_overflow,2.0,208,6.3449,0,22,34,111.887581
50yr_0360m_h673,50,0360,2,near_overflow,2.0,208,5.4226,0,32,24,222.761941
50yr_0360m_h673,50,0360,3,near_overflow,2.0,208,5.7137,0,28,23,338.058475
50yr_0360m_h673,50,0360,5,near_overflow,2.0,208,6.2966,0,15,24,587.090104
50yr_0360m_h673,50,0360,6,near_overflow,2.0,208,6.4809,0,13,25,711.183651
50yr_0360m_h692,50,0360,1,level,2.0,208,5.0504,0,73,23,104.918321
50yr_0360m_h692,50,0360,2,level,2.0,208,5.2575,0,60,25,218.4231
50yr_0360m_h692,50,0360,3,level,2.0,208,5.3938,0,46,26,332.894499
50yr_0360m_h692,50,0360,5,level,2.0,208,6.2061,0,32,28,582.993925
50yr_0360m_h692,50,0360,6,level,2.0,208,6.2845,0,25,29,704.049887
50yr_0360m_h692,50,0360,1,level,5.0,208,4.9614,0,30,23,99.892218
50yr_0360m_h692,50,0360,2,level,5.0,208,5.1893,0,66,25,214.020194
50yr_0360m_h692,50,0360,3,level,5.0,208,5.6526,0,55,26,331.967736
50yr_0360m_h692,50,0360,5,level,5.0,208,6.2061,0,40,28,580.230931
50yr_0360m_h692,50,0360,6,level,5.0,208,6.5538,0,38,28,711.057343
50yr_0360m_h673,50,0360,1,level,5.0,208,4.9736,0,38,20,100.229972
50yr_0360m_h673,50,0360,2,level,5.0,208,5.2258,0,60,22,214.501945
50yr_0360m_h673,50,0360,3,level,5.0,208,5.6295,0,35,23,333.245273
50yr_0360m_h673,50,0360,5,level,5.0,208,6.1823,0,30,24,585.128239
50yr_0360m_h673,50,0360,6,level,5.0,208,6.4988,0,30,24,714.904417
50yr_0360m_h673,50,0360,1,near_overflow,0.5,208,6.3449,0,22,34,111.887581
50yr_0360m_h673,50,0360,2,near_overflow,0.5,208,5.4226,0,32,24,222.761941
50yr_0360m_h673,50,0360,3,near_overflow,0.5,208,5.7137,0,28,23,338.058475
50yr_0360m_h673,50,0360,5,near_overflow,0.5,208,6.2966,0,15,24,587.090104
50yr_0360m_h673,50,0360,6,near_overflow,0.5,208,6.4809,0,13,25,711.183651
50yr_0360m_h692,50,0360,1,near_overflow,1.0,208,6.2948,0,28,41,110.510671
50yr_0360m_h692,50,0360,2,near_overflow,1.0,208,5.4728,0,31,27,223.356985
50yr_0360m_h692,50,0360,3,near_overflow,1.0,208,5.8027,0,40,26,337.652133
50yr_0360m_h692,50,0360,5,near_overflow,1.0,208,6.2061,0,20,28,582.54311
50yr_0360m_h692,50,0360,6,near_overflow,1.0,208,6.4212,0,18,29,706.969839
50yr_0360m_h692,50,0360,1,near_overflow,0.5,208,6.2948,0,28,41,110.510671
50yr_0360m_h692,50,0360,2,near_overflow,0.5,208,5.4728,0,31,27,223.356985
50yr_0360m_h692,50,0360,3,near_overflow,0.5,208,5.8027,0,40,26,337.652133
50yr_0360m_h692,50,0360,5,near_overflow,0.5,208,6.2061,0,20,28,582.54311
50yr_0360m_h692,50,0360,6,near_overflow,0.5,208,6.4212,0,18,29,706.969839
50yr_0360m_h692,50,0360,1,near_overflow,5.0,208,6.2948,0,28,41,110.510671
50yr_0360m_h692,50,0360,2,near_overflow,5.0,208,5.4728,0,31,27,223.356985
50yr_0360m_h692,50,0360,3,near_overflow,5.0,208,5.8027,0,40,26,337.652133
50yr_0360m_h692,50,0360,5,near_overflow,5.0,208,6.2061,0,20,28,582.54311
50yr_0360m_h692,50,0360,6,near_overflow,5.0,208,6.4212,0,18,29,706.969839
50yr_0540m_h777,50,0540,1,level,0.5,298,5.8019,0,76,35,152.124867
50yr_0540m_h777,50,0540,2,level,0.5,298,5.3254,0,90,28,310.123643
50yr_0540m_h777,50,0540,3,level,0.5,298,5.7773,0,52,30,473.467579
50yr_0540m_h777,50,0540,5,level,0.5,298,6.3936,0,34,32,816.387094
50yr_0540m_h777,50,0540,6,level,0.5,298,6.6397,0,32,33,1009.019573
50yr_0540m_h777,50,0540,1,level,1.0,298,5.4875,0,77,33,152.060481
50yr_0540m_h777,50,0540,2,level,1.0,298,5.3254,0,90,28,310.123643
50yr_0540m_h777,50,0540,3,level,1.0,298,5.7773,0,56,30,473.519424
50yr_0540m_h777,50,0540,5,level,1.0,298,6.3936,0,38,32,817.427371
50yr_0540m_h777,50,0540,6,level,1.0,298,6.6397,0,44,33,1009.99694
50yr_0540m_h777,50,0540,1,level,2.0,298,5.066,0,136,26,149.395301
50yr_0540m_h777,50,0540,2,level,2.0,298,5.3254,0,90,28,307.045141
50yr_0540m_h777,50,0540,3,level,2.0,298,5.7773,0,78,30,471.46554
50yr_0540m_h777,50,0540,5,level,2.0,298,6.3936,0,54,32,819.077632
50yr_0540m_h777,50,0540,6,level,2.0,298,6.5233,0,48,33,1002.393114
50yr_0360m_h692,50,0360,1,near_overflow,2.0,208,6.2948,0,28,41,110.510671
50yr_0360m_h692,50,0360,2,near_overflow,2.0,208,5.4728,0,31,27,223.356985
50yr_0360m_h692,50,0360,3,near_overflow,2.0,208,5.8027,0,40,26,337.652133
50yr_0360m_h692,50,0360,5,near_overflow,2.0,208,6.2061,0,20,28,582.54311
50yr_0360m_h692,50,0360,6,near_overflow,2.0,208,6.4212,0,18,29,706.969839
50yr_0540m_h777,50,0540,1,level,5.0,298,4.9772,0,66,26,139.846877
50yr_0540m_h777,50,0540,2,level,5.0,298,5.2209,0,114,28,301.987142
50yr_0540m_h777,50,0540,3,level,5.0,298,5.5381,0,104,30,464.647852
50yr_0540m_h777,50,0540,5,level,5.0,298,6.3431,0,72,32,818.273288
50yr_0540m_h777,50,0540,6,level,5.0,298,6.5132,0,64,33,991.769698
50yr_0540m_h756,50,0540,1,level,0.5,298,5.8698,0,71,18,152.007528
50yr_0540m_h756,50,0540,2,level,0.5,298,5.3289,0,74,13,311.118784
50yr_0540m_h756,50,0540,3,level,0.5,298,5.668,0,55,13,470.350597
50yr_0540m_h756,50,0540,5,level,0.5,298,6.352,0,38,14,816.037732
50yr_0540m_h756,50,0540,6,level,0.5,298,6.6251,0,32,14,1002.740412
50yr_0540m_h777,50,0540,1,near_overflow,5.0,298,6.2697,0,36,44,156.85649
50yr_0540m_h777,50,0540,2,near_overflow,5.0,298,5.4861,0,48,31,315.016585
50yr_0540m_h777,50,0540,3,near_overflow,5.0,298,5.5433,0,58,30,471.132057
50yr_0540m_h777,50,0540,5,near_overflow,5.0,298,6.3936,0,30,32,817.059175
50yr_0540m_h777,50,0540,6,near_overflow,5.0,298,6.5877,0,34,33,990.777267
50yr_0540m_h777,50,0540,1,near_overflow,2.0,298,6.2697,0,36,44,156.85649
50yr_0540m_h777,50,0540,2,near_overflow,2.0,298,5.4861,0,48,31,315.016585
50yr_0540m_h777,50,0540,3,near_overflow,2.0,298,5.5433,0,58,30,471.132057
50yr_0540m_h777,50,0540,5,near_overflow,2.0,298,6.3936,0,30,32,817.059175
50yr_0540m_h777,50,0540,6,near_overflow,2.0,298,6.5877,0,34,33,990.777267
50yr_0540m_h756,50,0540,1,level,1.0,298,5.5065,0,72,16,152.487808
50yr_0540m_h756,50,0540,2,level,1.0,298,5.3289,0,74,13,311.118784
50yr_0540m_h756,50,0540,3,level,1.0,298,5.702,0,62,13,470.873814
50yr_0540m_h756,50,0540,5,level,1.0,298,6.352,0,40,14,820.827775
50yr_0540m_h756,50,0540,6,level,1.0,298,6.6251,0,40,14,1003.280017
50yr_0540m_h756,50,0540,1,level,2.0,298,5.0515,0,128,12,148.901566
50yr_0540m_h756,50,0540,2,level,2.0,298,5.3924,0,82,13,307.050693
50yr_0540m_h756,50,0540,3,level,2.0,298,5.702,0,72,13,469.298566
50yr_0540m_h756,50,0540,5,level,2.0,298,6.352,0,50,14,820.656036
50yr_0540m_h756,50,0540,6,level,2.0,298,6.5705,0,43,14,1003.791373
50yr_0540m_h777,50,0540,1,near_overflow,0.5,298,6.2697,0,36,44,156.85649
50yr_0540m_h777,50,0540,2,near_overflow,0.5,298,5.4861,0,48,31,315.016585
50yr_0540m_h777,50,0540,3,near_overflow,0.5,298,5.5433,0,58,30,471.132057
50yr_0540m_h777,50,0540,5,near_overflow,0.5,298,6.3936,0,30,32,817.059175
50yr_0540m_h777,50,0540,6,near_overflow,0.5,298,6.5877,0,34,33,990.777267
50yr_0540m_h756,50,0540,1,level,5.0,298,4.9633,0,74,12,142.361536
50yr_0540m_h756,50,0540,2,level,5.0,298,5.2578,0,92,13,304.084601
50yr_0540m_h756,50,0540,3,level,5.0,298,5.5324,0,80,13,467.40068
50yr_0540m_h756,50,0540,5,level,5.0,298,6.3125,0,62,14,814.371368
50yr_0540m_h756,50,0540,6,level,5.0,298,6.642,0,53,14,1008.721509
50yr_0540m_h777,50,0540,1,near_overflow,1.0,298,6.2697,0,36,44,156.85649
50yr_0540m_h777,50,0540,2,near_overflow,1.0,298,5.4861,0,48,31,315.016585
50yr_0540m_h777,50,0540,3,near_overflow,1.0,298,5.5433,0,58,30,471.132057
50yr_0540m_h777,50,0540,5,near_overflow,1.0,298,6.3936,0,30,32,817.059175
50yr_0540m_h777,50,0540,6,near_overflow,1.0,298,6.5877,0,34,33,990.777267
50yr_0540m_h756,50,0540,1,near_overflow,2.0,298,6.3229,0,33,22,157.161353
50yr_0540m_h756,50,0540,2,near_overflow,2.0,298,5.4504,0,40,15,315.352189
50yr_0540m_h756,50,0540,3,near_overflow,2.0,298,5.668,0,55,13,470.794386
50yr_0540m_h756,50,0540,5,near_overflow,2.0,298,6.352,0,31,14,818.29318
50yr_0540m_h756,50,0540,6,near_overflow,2.0,298,6.6251,0,28,14,998.619106
50yr_0540m_h756,50,0540,1,near_overflow,1.0,298,6.3229,0,33,22,157.161353
50yr_0540m_h756,50,0540,2,near_overflow,1.0,298,5.4504,0,40,15,315.352189
50yr_0540m_h756,50,0540,3,near_overflow,1.0,298,5.668,0,55,13,470.794386
50yr_0540m_h756,50,0540,5,near_overflow,1.0,298,6.352,0,31,14,818.29318
50yr_0540m_h756,50,0540,6,near_overflow,1.0,298,6.6251,0,28,14,998.619106
50yr_0540m_h756,50,0540,1,near_overflow,5.0,298,6.3229,0,33,22,157.161353
50yr_0540m_h756,50,0540,2,near_overflow,5.0,298,5.4504,0,40,15,315.352189
50yr_0540m_h756,50,0540,3,near_overflow,5.0,298,5.668,0,55,13,470.794386
50yr_0540m_h756,50,0540,5,near_overflow,5.0,298,6.352,0,31,14,818.29318
50yr_0540m_h756,50,0540,6,near_overflow,5.0,298,6.6251,0,28,14,998.619106
50yr_0540m_h859,50,0540,1,level,0.5,298,5.8245,0,69,45,153.438363
50yr_0540m_h859,50,0540,2,level,0.5,298,5.2727,0,78,34,311.056695
50yr_0540m_h859,50,0540,3,level,0.5,298,5.4642,0,57,37,471.060591
50yr_0540m_h859,50,0540,5,level,0.5,298,6.3183,0,30,42,815.805181
50yr_0540m_h859,50,0540,6,level,0.5,298,6.5354,0,30,44,987.771443
50yr_0540m_h859,50,0540,1,level,1.0,298,5.5278,0,78,40,150.618574
50yr_0540m_h859,50,0540,2,level,1.0,298,5.2727,0,78,34,310.990416
50yr_0540m_h859,50,0540,3,level,1.0,298,5.6782,0,60,37,471.862956
50yr_0540m_h859,50,0540,5,level,1.0,298,6.3183,0,32,42,816.829522
50yr_0540m_h859,50,0540,6,level,1.0,298,6.4714,0,32,44,985.385725
50yr_0540m_h859,50,0540,1,level,2.0,298,5.0564,0,114,29,148.754695
50yr_0540m_h859,50,0540,2,level,2.0,298,5.2727,0,78,34,308.53782
50yr_0540m_h859,50,0540,3,level,2.0,298,5.6782,0,70,37,470.511284
50yr_0540m_h859,50,0540,5,level,2.0,298,6.3183,0,38,42,816.572675
50yr_0540m_h859,50,0540,6,level,2.0,298,6.4714,0,38,44,985.571848
50yr_0540m_h756,50,0540,1,near_overflow,0.5,298,6.3229,0,33,22,157.161353
50yr_0540m_h756,50,0540,2,near_overflow,0.5,298,5.4504,0,40,15,315.352189
50yr_0540m_h756,50,0540,3,near_overflow,0.5,298,5.668,0,55,13,470.794386
50yr_0540m_h756,50,0540,5,near_overflow,0.5,298,6.352,0,31,14,818.29318
50yr_0540m_h756,50,0540,6,near_overflow,0.5,298,6.6251,0,28,14,998.619106
50yr_0540m_h859,50,0540,1,near_overflow,0.5,298,6.2857,0,42,60,156.788101
50yr_0540m_h859,50,0540,2,near_overflow,0.5,298,5.5327,0,53,37,314.118656
50yr_0540m_h859,50,0540,3,near_overflow,0.5,298,5.8494,0,49,37,473.187439
50yr_0540m_h859,50,0540,5,near_overflow,0.5,298,6.3183,0,27,42,815.643839
50yr_0540m_h859,50,0540,6,near_overflow,0.5,298,6.5354,0,26,44,986.248157
50yr_0540m_h859,50,0540,1,near_overflow,2.0,298,6.2857,0,42,60,156.788101
50yr_0540m_h859,50,0540,2,near_overflow,2.0,298,5.5327,0,53,37,314.118656
50yr_0540m_h859,50,0540,3,near_overflow,2.0,298,5.8494,0,49,37,473.187439
50yr_0540m_h859,50,0540,5,near_overflow,2.0,298,6.3183,0,27,42,815.643839
50yr_0540m_h859,50,0540,6,near_overflow,2.0,298,6.5354,0,26,44,986.248157
50yr_0540m_h766,50,0540,1,level,1.0,298,5.5043,0,73,16,152.388678
50yr_0540m_h766,50,0540,2,level,1.0,298,5.4047,0,72,13,311.536053
50yr_0540m_h766,50,0540,3,level,1.0,298,5.6564,0,56,13,471.835062
50yr_0540m_h766,50,0540,5,level,1.0,298,6.333,0,38,14,816.554276
50yr_0540m_h766,50,0540,6,level,1.0,298,6.616,0,44,14,1005.108768
50yr_0540m_h766,50,0540,1,level,0.5,298,5.8713,0,69,18,151.986113
50yr_0540m_h766,50,0540,2,level,0.5,298,5.4047,0,72,13,311.536053
50yr_0540m_h766,50,0540,3,level,0.5,298,5.5982,0,58,13,468.991078
50yr_0540m_h766,50,0540,5,level,0.5,298,6.333,0,38,14,816.944921
50yr_0540m_h766,50,0540,6,level,0.5,298,6.616,0,30,14,1003.856834
50yr_0540m_h766,50,0540,1,level,2.0,298,5.0661,0,134,12,148.45285
50yr_0540m_h766,50,0540,2,level,2.0,298,5.3791,0,82,13,307.211806
50yr_0540m_h766,50,0540,3,level,2.0,298,5.6564,0,70,13,470.847303
50yr_0540m_h766,50,0540,5,level,2.0,298,6.333,0,50,14,816.666046
50yr_0540m_h766,50,0540,6,level,2.0,298,6.5575,0,47,14,1002.891877
50yr_0540m_h859,50,0540,1,near_overflow,5.0,298,6.2857,0,42,60,156.788101
50yr_0540m_h859,50,0540,2,near_overflow,5.0,298,5.5327,0,53,37,314.118656
50yr_0540m_h859,50,0540,3,near_overflow,5.0,298,5.8494,0,49,37,473.187439
50yr_0540m_h859,50,0540,5,near_overflow,5.0,298,6.3183,0,27,42,815.643839
50yr_0540m_h859,50,0540,6,near_overflow,5.0,298,6.5354,0,26,44,986.248157
50yr_0540m_h766,50,0540,1,level,5.0,298,4.9679,0,75,12,140.795158
50yr_0540m_h766,50,0540,2,level,5.0,298,5.236,0,100,13,302.947981
50yr_0540m_h766,50,0540,3,level,5.0,298,5.6247,0,94,13,467.384928
50yr_0540m_h766,50,0540,5,level,5.0,298,6.3644,0,72,14,815.03303
50yr_0540m_h766,50,0540,6,level,5.0,298,6.6744,0,65,14,1009.703268
50yr_0540m_h859,50,0540,1,level,5.0,298,4.9599,0,52,29,142.266756
50yr_0540m_h859,50,0540,2,level,5.0,298,5.2171,0,94,33,304.522853
50yr_0540m_h859,50,0540,3,level,5.0,298,5.8382,0,88,37,469.249592
50yr_0540m_h859,50,0540,5,level,5.0,298,6.3317,0,51,42,811.353946
50yr_0540m_h859,50,0540,6,level,5.0,298,6.5807,0,57,43,991.418399
50yr_0540m_h859,50,0540,1,near_overflow,1.0,298,6.2857,0,42,60,156.788101
50yr_0540m_h859,50,0540,2,near_overflow,1.0,298,5.5327,0,53,37,314.118656
50yr_0540m_h859,50,0540,3,near_overflow,1.0,298,5.8494,0,49,37,473.187439
50yr_0540m_h859,50,0540,5,near_overflow,1.0,298,6.3183,0,27,42,815.643839
50yr_0540m_h859,50,0540,6,near_overflow,1.0,298,6.5354,0,26,44,986.248157
50yr_0540m_h766,50,0540,1,near_overflow,2.0,298,6.3256,0,25,22,158.797479
50yr_0540m_h766,50,0540,2,near_overflow,2.0,298,5.4891,0,44,15,315.078335
50yr_0540m_h766,50,0540,3,near_overflow,2.0,298,5.5982,0,60,13,469.031197
50yr_0540m_h766,50,0540,5,near_overflow,2.0,298,6.333,0,40,14,814.470629
50yr_0540m_h766,50,0540,6,near_overflow,2.0,298,6.616,0,27,14,1004.04206
50yr_0540m_h766,50,0540,1,near_overflow,1.0,298,6.3256,0,25,22,158.797479
50yr_0540m_h766,50,0540,2,near_overflow,1.0,298,5.4891,0,44,15,315.078335
50yr_0540m_h766,50,0540,3,near_overflow,1.0,298,5.5982,0,60,13,469.031197
50yr_0540m_h766,50,0540,5,near_overflow,1.0,298,6.333,0,40,14,814.470629
50yr_0540m_h766,50,0540,6,near_overflow,1.0,298,6.616,0,27,14,1004.04206
50yr_0540m_h831,50,0540,1,level,0.5,298,5.8297,0,77,40,152.244302
50yr_0540m_h831,50,0540,2,level,0.5,298,5.3813,0,99,33,309.15604
50yr_0540m_h831,50,0540,3,level,0.5,298,5.6229,0,64,34,470.982167
50yr_0540m_h831,50,0540,5,level,0.5,298,6.306,0,40,37,818.395129
50yr_0540m_h831,50,0540,6,level,0.5,298,6.5926,0,35,38,993.167752
50yr_0540m_h766,50,0540,1,near_overflow,5.0,298,6.3256,0,25,22,158.797479
50yr_0540m_h766,50,0540,2,near_overflow,5.0,298,5.4891,0,44,15,315.078335
50yr_0540m_h766,50,0540,3,near_overflow,5.0,298,5.5982,0,60,13,469.031197
50yr_0540m_h766,50,0540,5,near_overflow,5.0,298,6.333,0,40,14,814.470629
50yr_0540m_h766,50,0540,6,near_overflow,5.0,298,6.616,0,27,14,1004.04206
50yr_0540m_h831,50,0540,1,level,1.0,298,5.5287,0,89,37,151.659504
50yr_0540m_h831,50,0540,2,level,1.0,298,5.3813,0,99,33,309.127116
50yr_0540m_h831,50,0540,3,level,1.0,298,5.6229,0,66,34,470.772388
50yr_0540m_h831,50,0540,5,level,1.0,298,6.306,0,44,37,819.559176
50yr_0540m_h831,50,0540,6,level,1.0,298,6.5252,0,48,38,1001.796763
50yr_0540m_h766,50,0540,1,near_overflow,0.5,298,6.3256,0,25,22,158.797479
50yr_0540m_h766,50,0540,2,near_overflow,0.5,298,5.4891,0,44,15,315.078335
50yr_0540m_h766,50,0540,3,near_overflow,0.5,298,5.5982,0,60,13,469.031197
50yr_0540m_h766,50,0540,5,near_overflow,0.5,298,6.333,0,40,14,814.470629
50yr_0540m_h766,50,0540,6,near_overflow,0.5,298,6.616,0,27,14,1004.04206
50yr_0540m_h831,50,0540,1,level,5.0,298,4.9744,0,62,31,139.774379
50yr_0540m_h831,50,0540,2,level,5.0,298,5.2273,0,123,32,301.74319
50yr_0540m_h831,50,0540,3,level,5.0,298,5.6272,0,104,34,466.621124
50yr_0540m_h831,50,0540,5,level,5.0,298,6.306,0,74,37,813.820366
50yr_0540m_h831,50,0540,6,level,5.0,298,6.5555,0,71,38,999.891153
50yr_0540m_h831,50,0540,1,near_overflow,2.0,298,6.3112,0,39,52,156.256804
50yr_0540m_h831,50,0540,2,near_overflow,2.0,298,5.4673,0,54,35,313.988976
50yr_0540m_h831,50,0540,3,near_overflow,2.0,298,5.6229,0,64,34,471.335178
50yr_0540m_h831,50,0540,5,near_overflow,2.0,298,6.306,0,38,37,816.82232
50yr_0540m_h831,50,0540,6,near_overflow,2.0,298,6.5926,0,34,38,992.656924
50yr_0540m_h831,50,0540,1,near_overflow,5.0,298,6.3112,0,39,52,156.256804
50yr_0540m_h831,50,0540,2,near_overflow,5.0,298,5.4673,0,54,35,313.988976
50yr_0540m_h831,50,0540,3,near_overflow,5.0,298,5.6229,0,64,34,471.335178
50yr_0540m_h831,50,0540,5,near_overflow,5.0,298,6.306,0,38,37,816.82232
50yr_0540m_h831,50,0540,6,near_overflow,5.0,298,6.5926,0,34,38,992.656924
50yr_0540m_h831,50,0540,1,level,2.0,298,5.0731,0,132,31,148.857319
50yr_0540m_h831,50,0540,2,level,2.0,298,5.3346,0,97,33,306.623345
50yr_0540m_h831,50,0540,3,level,2.0,298,5.6229,0,78,34,470.655154
50yr_0540m_h831,50,0540,5,level,2.0,298,6.306,0,54,37,819.701223
50yr_0540m_h831,50,0540,6,level,2.0,298,6.5252,0,54,38,1002.118046
50yr_0720m_h940,50,0720,1,level,0.5,388,5.8331,0,85,49,194.710755
50yr_0720m_h940,50,0720,2,level,0.5,388,5.1242,0,122,41,397.564523
50yr_0720m_h940,50,0720,3,level,0.5,388,5.2423,0,86,43,600.523619
50yr_0720m_h940,50,0720,5,level,0.5,388,5.9772,0,60,46,1026.57862
50yr_0720m_h940,50,0720,6,level,0.5,388,6.4473,0,52,47,1266.587739
50yr_0540m_h831,50,0540,1,near_overflow,0.5,298,6.3112,0,39,52,156.256804
50yr_0540m_h831,50,0540,2,near_overflow,0.5,298,5.4673,0,54,35,313.988976
50yr_0540m_h831,50,0540,3,near_overflow,0.5,298,5.6229,0,64,34,471.335178
50yr_0540m_h831,50,0540,5,near_overflow,0.5,298,6.306,0,38,37,816.82232
50yr_0540m_h831,50,0540,6,near_overflow,0.5,298,6.5926,0,34,38,992.656924
50yr_0720m_h940,50,0720,1,level,1.0,388,5.5723,0,107,46,194.304221
50yr_0720m_h940,50,0720,2,level,1.0,388,5.1242,0,122,41,397.564523
50yr_0720m_h940,50,0720,3,level,1.0,388,5.2423,0,90,43,601.188361
50yr_0720m_h940,50,0720,5,level,1.0,388,5.9772,0,70,46,1027.680213
50yr_0720m_h940,50,0720,6,level,1.0,388,6.2666,0,76,47,1253.558275
50yr_0540m_h831,50,0540,1,near_overflow,1.0,298,6.3112,0,39,52,156.256804
50yr_0540m_h831,50,0540,2,near_overflow,1.0,298,5.4673,0,54,35,313.988976
50yr_0540m_h831,50,0540,3,near_overflow,1.0,298,5.6229,0,64,34,471.335178
50yr_0540m_h831,50,0540,5,near_overflow,1.0,298,6.306,0,38,37,816.82232
50yr_0540m_h831,50,0540,6,near_overflow,1.0,298,6.5926,0,34,38,992.656924
50yr_0720m_h940,50,0720,1,level,2.0,388,4.9199,0,182,38,188.058188
50yr_0720m_h940,50,0720,2,level,2.0,388,5.1242,0,120,41,393.348269
50yr_0720m_h940,50,0720,3,level,2.0,388,5.2423,0,114,43,599.767698
50yr_0720m_h940,50,0720,5,level,2.0,388,5.9768,0,86,46,1036.311762
50yr_0720m_h940,50,0720,6,level,2.0,388,6.0863,0,86,47,1254.475759
50yr_0720m_h940,50,0720,1,near_overflow,0.5,388,6.3125,0,44,63,201.893332
50yr_0720m_h940,50,0720,2,near_overflow,0.5,388,5.5108,0,50,44,406.445035
50yr_0720m_h940,50,0720,3,near_overflow,0.5,388,5.2423,0,82,43,601.758919
50yr_0720m_h940,50,0720,5,near_overflow,0.5,388,6.0177,0,46,46,1026.955891
50yr_0720m_h940,50,0720,6,near_overflow,0.5,388,6.4712,0,44,47,1271.385146
50yr_0720m_h940,50,0720,1,near_overflow,1.0,388,6.3125,0,44,63,201.893332
50yr_0720m_h940,50,0720,2,near_overflow,1.0,388,5.5108,0,50,44,406.445035
50yr_0720m_h940,50,0720,3,near_overflow,1.0,388,5.2423,0,82,43,601.758919
50yr_0720m_h940,50,0720,5,near_overflow,1.0,388,6.0177,0,46,46,1026.955891
50yr_0720m_h940,50,0720,6,near_overflow,1.0,388,6.4712,0,44,47,1271.385146
50yr_0720m_h940,50,0720,1,near_overflow,2.0,388,6.3125,0,44,63,201.893332
50yr_0720m_h940,50,0720,2,near_overflow,2.0,388,5.5108,0,50,44,406.445035
50yr_0720m_h940,50,0720,3,near_overflow,2.0,388,5.2423,0,82,43,601.758919
50yr_0720m_h940,50,0720,5,near_overflow,2.0,388,6.0177,0,46,46,1026.955891
50yr_0720m_h940,50,0720,6,near_overflow,2.0,388,6.4712,0,44,47,1271.385146
50yr_0720m_h940,50,0720,1,level,5.0,388,4.9193,0,78,38,178.30368
50yr_0720m_h940,50,0720,2,level,5.0,388,5.1096,0,144,40,384.81921
50yr_0720m_h940,50,0720,3,level,5.0,388,5.3584,0,135,43,593.940457
50yr_0720m_h940,50,0720,5,level,5.0,388,5.9768,0,104,46,1031.540434
50yr_0720m_h940,50,0720,6,level,5.0,388,6.4352,0,115,47,1265.865636
50yr_0720m_h961,50,0720,1,level,0.5,388,5.8217,0,83,54,196.038013
50yr_0720m_h961,50,0720,2,level,0.5,388,5.3654,0,106,40,399.68471
50yr_0720m_h961,50,0720,3,level,0.5,388,5.6262,0,78,45,604.313294
50yr_0720m_h961,50,0720,5,level,0.5,388,6.4378,0,68,51,1037.857372
50yr_0720m_h961,50,0720,6,level,0.5,388,6.907,0,60,54,1280.656199
50yr_0720m_h961,50,0720,1,level,2.0,388,5.0553,0,149,34,192.840915
50yr_0720m_h961,50,0720,2,level,2.0,388,5.3654,0,106,40,395.826387
50yr_0720m_h961,50,0720,3,level,2.0,388,5.6262,0,90,45,604.703768
50yr_0720m_h961,50,0720,5,level,2.0,388,6.4378,0,84,51,1040.616756
50yr_0720m_h961,50,0720,6,level,2.0,388,6.5242,0,74,54,1272.720755
50yr_0720m_h961,50,0720,1,near_overflow,0.5,388,6.2979,0,43,74,201.291004
50yr_0720m_h961,50,0720,2,near_overflow,0.5,388,5.4895,0,44,44,406.297906
50yr_0720m_h961,50,0720,3,near_overflow,0.5,388,5.7302,0,80,45,604.745957
50yr_0720m_h961,50,0720,5,near_overflow,0.5,388,6.4557,0,56,51,1043.063513
50yr_0720m_h961,50,0720,6,near_overflow,0.5,388,6.2796,0,50,54,1251.364652
50yr_0720m_h940,50,0720,1,near_overflow,5.0,388,6.3125,0,44,63,201.893332
50yr_0720m_h940,50,0720,2,near_overflow,5.0,388,5.5108,0,50,44,406.445035
50yr_0720m_h940,50,0720,3,near_overflow,5.0,388,5.2423,0,82,43,601.758919
50yr_0720m_h940,50,0720,5,near_overflow,5.0,388,6.0177,0,46,46,1026.955891
50yr_0720m_h940,50,0720,6,near_overflow,5.0,388,6.4712,0,44,47,1271.385146
50yr_0720m_h961,50,0720,1,near_overflow,1.0,388,6.2979,0,43,74,201.291004
50yr_0720m_h961,50,0720,2,near_overflow,1.0,388,5.4895,0,44,44,406.297906
50yr_0720m_h961,50,0720,3,near_overflow,1.0,388,5.7302,0,80,45,604.745957
50yr_0720m_h961,50,0720,5,near_overflow,1.0,388,6.4557,0,56,51,1043.063513
50yr_0720m_h961,50,0720,6,near_overflow,1.0,388,6.2796,0,50,54,1251.364652
50yr_0720m_h961,50,0720,1,near_overflow,5.0,388,6.2979,0,43,74,201.291004
50yr_0720m_h961,50,0720,2,near_overflow,5.0,388,5.4895,0,44,44,406.297906
50yr_0720m_h961,50,0720,3,near_overflow,5.0,388,5.7302,0,80,45,604.745957
50yr_0720m_h961,50,0720,5,near_overflow,5.0,388,6.4557,0,56,51,1043.063513
50yr_0720m_h961,50,0720,6,near_overflow,5.0,388,6.2796,0,50,54,1251.364652
50yr_0720m_h961,50,0720,1,near_overflow,2.0,388,6.2979,0,43,74,201.291004
50yr_0720m_h961,50,0720,2,near_overflow,2.0,388,5.4895,0,44,44,406.297906
50yr_0720m_h961,50,0720,3,near_overflow,2.0,388,5.7302,0,80,45,604.745957
50yr_0720m_h961,50,0720,5,near_overflow,2.0,388,6.4557,0,56,51,1043.063513
50yr_0720m_h961,50,0720,6,near_overflow,2.0,388,6.2796,0,50,54,1251.364652
50yr_0720m_h961,50,0720,1,level,1.0,388,5.5125,0,93,48,195.665272
50yr_0720m_h961,50,0720,2,level,1.0,388,5.3654,0,106,40,399.68471
50yr_0720m_h961,50,0720,3,level,1.0,388,5.6262,0,78,45,604.54033
50yr_0720m_h961,50,0720,5,level,1.0,388,6.4378,0,72,51,1040.209987
50yr_0720m_h961,50,0720,6,level,1.0,388,6.5242,0,65,54,1272.524953
50yr_0720m_h961,50,0720,1,level,5.0,388,4.9761,0,70,34,180.288167
50yr_0720m_h961,50,0720,2,level,5.0,388,5.262,0,128,39,390.150945
50yr_0720m_h961,50,0720,3,level,5.0,388,5.6597,0,116,44,601.016769
50yr_0720m_h961,50,0720,5,level,5.0,388,6.3742,0,95,51,1036.09558
50yr_0720m_h961,50,0720,6,level,5.0,388,6.6018,0,105,53,1264.456479
50yr_0720m_h954,50,0720,1,level,1.0,388,5.4964,0,104,46,194.776328
50yr_0720m_h954,50,0720,2,level,1.0,388,5.1103,0,120,41,397.886207
50yr_0720m_h954,50,0720,3,level,1.0,388,5.3303,0,90,43,602.441972
50yr_0720m_h954,50,0720,5,level,1.0,388,5.9148,0,70,46,1029.181279
50yr_0720m_h954,50,0720,6,level,1.0,388,6.3358,0,64,47,1252.065803
50yr_0720m_h954,50,0720,1,level,2.0,388,4.9198,0,180,38,188.121513
50yr_0720m_h954,50,0720,2,level,2.0,388,5.1312,0,118,41,394.144543
50yr_0720m_h954,50,0720,3,level,2.0,388,5.3303,0,109,43,601.797607
50yr_0720m_h954,50,0720,5,level,2.0,388,5.931,0,86,46,1034.10958
50yr_0720m_h954,50,0720,6,level,2.0,388,6.3358,0,78,47,1257.254796
50yr_0720m_h954,50,0720,1,near_overflow,1.0,388,6.3037,0,48,63,201.417573
50yr_0720m_h954,50,0720,2,near_overflow,1.0,388,5.561,0,54,43,405.221532
50yr_0720m_h954,50,0720,3,near_overflow,1.0,388,5.3303,0,82,43,602.412294
50yr_0720m_h954,50,0720,5,near_overflow,1.0,388,6.0298,0,49,46,1026.370928
50yr_0720m_h954,50,0720,6,near_overflow,1.0,388,6.6594,0,44,47,1265.597291
50yr_0720m_h954,50,0720,1,level,5.0,388,4.9191,0,72,38,179.068384
50yr_0720m_h954,50,0720,2,level,5.0,388,5.107,0,148,40,383.535167
50yr_0720m_h954,50,0720,3,level,5.0,388,5.3596,0,141,42,595.225534
50yr_0720m_h954,50,0720,5,level,5.0,388,6.1969,0,116,45,1030.982253
50yr_0720m_h954,50,0720,6,level,5.0,388,6.4214,0,102,47,1274.252565
50yr_0720m_h954,50,0720,1,near_overflow,2.0,388,6.3037,0,48,63,201.417573
50yr_0720m_h954,50,0720,2,near_overflow,2.0,388,5.561,0,54,43,405.221532
50yr_0720m_h954,50,0720,3,near_overflow,2.0,388,5.3303,0,82,43,602.412294
50yr_0720m_h954,50,0720,5,near_overflow,2.0,388,6.0298,0,49,46,1026.370928
50yr_0720m_h954,50,0720,6,near_overflow,2.0,388,6.6594,0,44,47,1265.597291
50yr_0720m_h954,50,0720,1,near_overflow,5.0,388,6.3037,0,48,63,201.417573
50yr_0720m_h954,50,0720,2,near_overflow,5.0,388,5.561,0,54,43,405.221532
50yr_0720m_h954,50,0720,3,near_overflow,5.0,388,5.3303,0,82,43,602.412294
50yr_0720m_h954,50,0720,5,near_overflow,5.0,388,6.0298,0,49,46,1026.370928
50yr_0720m_h954,50,0720,6,near_overflow,5.0,388,6.6594,0,44,47,1265.597291
50yr_0720m_h954,50,0720,1,level,0.5,388,5.7697,0,74,49,196.060784
50yr_0720m_h954,50,0720,2,level,0.5,388,5.1103,0,120,41,397.886207
50yr_0720m_h954,50,0720,3,level,0.5,388,5.3303,0,88,43,600.730939
50yr_0720m_h954,50,0720,5,level,0.5,388,5.9148,0,64,46,1026.718992
50yr_0720m_h954,50,0720,6,level,0.5,388,6.3358,0,50,47,1248.604563
50yr_0720m_h931,50,0720,1,level,2.0,388,4.9195,0,184,38,188.776409
50yr_0720m_h931,50,0720,2,level,2.0,388,5.1146,0,120,41,393.570943
50yr_0720m_h931,50,0720,3,level,2.0,388,5.5353,0,108,43,601.699864
50yr_0720m_h931,50,0720,5,level,2.0,388,5.9455,0,86,46,1033.541913
50yr_0720m_h931,50,0720,6,level,2.0,388,6.3863,0,80,47,1256.940666
50yr_0720m_h931,50,0720,1,level,5.0,388,4.9187,0,76,38,178.291917
50yr_0720m_h931,50,0720,2,level,5.0,388,5.1101,0,138,40,385.952331
50yr_0720m_h931,50,0720,3,level,5.0,388,5.5353,0,114,43,597.229078
50yr_0720m_h931,50,0720,5,level,5.0,388,6.1967,0,116,46,1032.113421
50yr_0720m_h931,50,0720,6,level,5.0,388,6.431,0,106,47,1269.45175
50yr_0720m_h954,50,0720,1,near_overflow,0.5,388,6.3037,0,48,63,201.417573
50yr_0720m_h954,50,0720,2,near_overflow,0.5,388,5.561,0,54,43,405.221532
50yr_0720m_h954,50,0720,3,near_overflow,0.5,388,5.3303,0,82,43,602.412294
50yr_0720m_h954,50,0720,5,near_overflow,0.5,388,6.0298,0,49,46,1026.370928
50yr_0720m_h954,50,0720,6,near_overflow,0.5,388,6.6594,0,44,47,1265.597291
50yr_0720m_h931,50,0720,1,near_overflow,0.5,388,6.2925,0,41,63,201.88844
50yr_0720m_h931,50,0720,2,near_overflow,0.5,388,5.5132,0,50,44,406.14499
50yr_0720m_h931,50,0720,3,near_overflow,0.5,388,5.2499,0,82,43,601.938201
50yr_0720m_h931,50,0720,5,near_overflow,0.5,388,5.9524,0,48,46,1023.217542
50yr_0720m_h931,50,0720,6,near_overflow,0.5,388,6.5029,0,46,47,1252.395906
50yr_0720m_h931,50,0720,1,near_overflow,1.0,388,6.2925,0,41,63,201.88844
50yr_0720m_h931,50,0720,2,near_overflow,1.0,388,5.5132,0,50,44,406.14499
50yr_0720m_h931,50,0720,3,near_overflow,1.0,388,5.2499,0,82,43,601.938201
50yr_0720m_h931,50,0720,5,near_overflow,1.0,388,5.9524,0,48,46,1023.217542
50yr_0720m_h931,50,0720,6,near_overflow,1.0,388,6.5029,0,46,47,1252.395906
50yr_0720m_h931,50,0720,1,near_overflow,2.0,388,6.2925,0,41,63,201.88844
50yr_0720m_h931,50,0720,2,near_overflow,2.0,388,5.5132,0,50,44,406.14499
50yr_0720m_h931,50,0720,3,near_overflow,2.0,388,5.2499,0,82,43,601.938201
50yr_0720m_h931,50,0720,5,near_overflow,2.0,388,5.9524,0,48,46,1023.217542
50yr_0720m_h931,50,0720,6,near_overflow,2.0,388,6.5029,0,46,47,1252.395906
50yr_0720m_h931,50,0720,1,level,0.5,388,5.826,0,82,49,195.790375
50yr_0720m_h931,50,0720,2,level,0.5,388,5.0951,0,122,41,397.216698
50yr_0720m_h931,50,0720,3,level,0.5,388,5.2499,0,88,43,600.063504
50yr_0720m_h931,50,0720,5,level,0.5,388,5.9455,0,62,46,1025.28997
50yr_0720m_h931,50,0720,6,level,0.5,388,6.5029,0,48,47,1254.645206
50yr_0720m_h931,50,0720,1,level,1.0,388,5.5527,0,107,46,194.017725
50yr_0720m_h931,50,0720,2,level,1.0,388,5.0951,0,122,41,397.216698
50yr_0720m_h931,50,0720,3,level,1.0,388,5.5353,0,84,43,603.146236
50yr_0720m_h931,50,0720,5,level,1.0,388,5.9455,0,66,46,1027.206314
50yr_0720m_h931,50,0720,6,level,1.0,388,6.5029,0,64,47,1258.089035
50yr_0720m_h931,50,0720,1,near_overflow,5.0,388,6.2925,0,41,63,201.88844
50yr_0720m_h931,50,0720,2,near_overflow,5.0,388,5.5132,0,50,44,406.14499
50yr_0720m_h931,50,0720,3,near_overflow,5.0,388,5.2499,0,82,43,601.938201
50yr_0720m_h931,50,0720,5,near_overflow,5.0,388,5.9524,0,48,46,1023.217542
50yr_0720m_h931,50,0720,6,near_overflow,5.0,388,6.5029,0,46,47,1252.395906
50yr_0720m_h943,50,0720,1,level,1.0,388,5.5189,0,99,46,195.363806
50yr_0720m_h943,50,0720,2,level,1.0,388,5.091,0,120,41,397.754436
50yr_0720m_h943,50,0720,3,level,1.0,388,5.5231,0,78,43,605.249155
50yr_0720m_h943,50,0720,5,level,1.0,388,5.9143,0,68,46,1029.926527
50yr_0720m_h943,50,0720,6,level,1.0,388,6.3095,0,65,47,1266.40034
50yr_0720m_h943,50,0720,1,near_overflow,0.5,388,6.3073,0,47,63,201.635651
50yr_0720m_h943,50,0720,2,near_overflow,0.5,388,5.5192,0,51,44,405.360691
50yr_0720m_h943,50,0720,3,near_overflow,0.5,388,5.2678,0,78,43,602.685477
50yr_0720m_h943,50,0720,5,near_overflow,0.5,388,6.052,0,43,46,1028.831233
50yr_0720m_h943,50,0720,6,near_overflow,0.5,388,6.5231,0,46,47,1251.346361
50yr_0720m_h943,50,0720,1,level,2.0,388,4.9183,0,176,38,187.399431
50yr_0720m_h943,50,0720,2,level,2.0,388,5.5042,0,115,41,394.414944
50yr_0720m_h943,50,0720,3,level,2.0,388,5.5231,0,100,43,603.649739
50yr_0720m_h943,50,0720,5,level,2.0,388,6.0306,0,84,46,1036.256001
50yr_0720m_h943,50,0720,6,level,2.0,388,5.9819,0,94,47,1251.52727
50yr_0720m_h943,50,0720,1,near_overflow,1.0,388,6.3073,0,47,63,201.635651
50yr_0720m_h943,50,0720,2,near_overflow,1.0,388,5.5192,0,51,44,405.360691
50yr_0720m_h943,50,0720,3,near_overflow,1.0,388,5.2678,0,78,43,602.685477
50yr_0720m_h943,50,0720,5,near_overflow,1.0,388,6.052,0,43,46,1028.831233
50yr_0720m_h943,50,0720,6,near_overflow,1.0,388,6.5231,0,46,47,1251.346361
50yr_0720m_h943,50,0720,1,near_overflow,2.0,388,6.3073,0,47,63,201.635651
50yr_0720m_h943,50,0720,2,near_overflow,2.0,388,5.5192,0,51,44,405.360691
50yr_0720m_h943,50,0720,3,near_overflow,2.0,388,5.2678,0,78,43,602.685477
50yr_0720m_h943,50,0720,5,near_overflow,2.0,388,6.052,0,43,46,1028.831233
50yr_0720m_h943,50,0720,6,near_overflow,2.0,388,6.5231,0,46,47,1251.346361
50yr_0720m_h943,50,0720,1,level,0.5,388,5.8171,0,76,49,196.137921
50yr_0720m_h943,50,0720,2,level,0.5,388,5.091,0,120,41,397.754436
50yr_0720m_h943,50,0720,3,level,0.5,388,5.2678,0,82,43,601.432003
50yr_0720m_h943,50,0720,5,level,0.5,388,5.9545,0,52,46,1030.185816
50yr_0720m_h943,50,0720,6,level,0.5,388,6.5113,0,49,47,1273.049299
50yr_0720m_h943,50,0720,1,level,5.0,388,4.9199,0,72,38,179.213692
50yr_0720m_h943,50,0720,2,level,5.0,388,5.1045,0,150,40,387.516009
50yr_0720m_h943,50,0720,3,level,5.0,388,5.5231,0,119,42,597.38219
50yr_0720m_h943,50,0720,5,level,5.0,388,6.1494,0,122,46,1032.03553
50yr_0720m_h943,50,0720,6,level,5.0,388,6.3925,0,109,47,1264.155677
50yr_1080m_h1083,50,1080,1,level,2.0,568,4.9193,0,258,51,277.100872
50yr_1080m_h1083,50,1080,2,level,2.0,568,5.1141,0,160,55,569.699029
50yr_1080m_h1083,50,1080,3,level,2.0,568,5.2885,0,136,58,869.113713
50yr_1080m_h1083,50,1080,5,level,2.0,568,6.0181,0,133,63,1481.519734
50yr_1080m_h1083,50,1080,6,level,2.0,568,6.4446,0,122,64,1805.005219
50yr_1080m_h1083,50,1080,1,level,1.0,568,5.5352,0,116,61,283.033791
50yr_1080m_h1083,50,1080,2,level,1.0,568,5.1141,0,160,55,576.245291
50yr_1080m_h1083,50,1080,3,level,1.0,568,5.2885,0,104,58,871.962168
50yr_1080m_h1083,50,1080,5,level,1.0,568,5.6704,0,96,63,1474.421112
50yr_1080m_h1083,50,1080,6,level,1.0,568,6.4446,0,108,64,1802.760654
50yr_1080m_h1083,50,1080,1,level,5.0,568,4.9192,0,146,51,267.685503
50yr_1080m_h1083,50,1080,2,level,5.0,568,5.0754,0,192,55,560.769097
50yr_1080m_h1083,50,1080,3,level,5.0,568,5.876,0,184,57,864.16097
50yr_1080m_h1083,50,1080,5,level,5.0,568,6.0211,0,174,62,1489.545952
50yr_1080m_h1083,50,1080,6,level,5.0,568,6.4719,0,148,64,1819.029776
50yr_0720m_h943,50,0720,1,near_overflow,5.0,388,6.3073,0,47,63,201.635651
50yr_0720m_h943,50,0720,2,near_overflow,5.0,388,5.5192,0,51,44,405.360691
50yr_0720m_h943,50,0720,3,near_overflow,5.0,388,5.2678,0,78,43,602.685477
50yr_0720m_h943,50,0720,5,near_overflow,5.0,388,6.052,0,43,46,1028.831233
50yr_0720m_h943,50,0720,6,near_overflow,5.0,388,6.5231,0,46,47,1251.346361
50yr_1080m_h1083,50,1080,1,near_overflow,0.5,568,6.2866,0,50,84,292.420828
50yr_1080m_h1083,50,1080,2,near_overflow,0.5,568,5.4462,0,76,58,585.774504
50yr_1080m_h1083,50,1080,3,near_overflow,0.5,568,5.2885,0,104,58,872.676836
50yr_1080m_h1083,50,1080,5,near_overflow,0.5,568,6.0399,0,68,63,1482.48892
50yr_1080m_h1083,50,1080,6,near_overflow,0.5,568,6.111,0,66,64,1789.653446
50yr_1080m_h1083,50,1080,1,near_overflow,1.0,568,6.2866,0,50,84,292.420828
50yr_1080m_h1083,50,1080,2,near_overflow,1.0,568,5.4462,0,76,58,585.774504
50yr_1080m_h1083,50,1080,3,near_overflow,1.0,568,5.2885,0,104,58,872.676836
50yr_1080m_h1083,50,1080,5,near_overflow,1.0,568,6.0399,0,68,63,1482.48892
50yr_1080m_h1083,50,1080,6,near_overflow,1.0,568,6.111,0,66,64,1789.653446
50yr_1080m_h1083,50,1080,1,near_overflow,2.0,568,6.2866,0,50,84,292.420828
50yr_1080m_h1083,50,1080,2,near_overflow,2.0,568,5.4462,0,76,58,585.774504
50yr_1080m_h1083,50,1080,3,near_overflow,2.0,568,5.2885,0,104,58,872.676836
50yr_1080m_h1083,50,1080,5,near_overflow,2.0,568,6.0399,0,68,63,1482.48892
50yr_1080m_h1083,50,1080,6,near_overflow,2.0,568,6.111,0,66,64,1789.653446
50yr_1080m_h1083,50,1080,1,level,0.5,568,5.8021,0,88,65,284.598497
50yr_1080m_h1083,50,1080,2,level,0.5,568,5.1141,0,160,55,576.245291
50yr_1080m_h1083,50,1080,3,level,0.5,568,5.2885,0,104,58,871.962168
50yr_1080m_h1083,50,1080,5,level,0.5,568,5.6614,0,82,63,1471.628997
50yr_1080m_h1083,50,1080,6,level,0.5,568,6.4446,0,82,64,1799.498167
50yr_1080m_h1043,50,1080,1,level,2.0,568,4.9191,0,270,40,277.266129
50yr_1080m_h1043,50,1080,2,level,2.0,568,5.1129,0,162,45,569.560717
50yr_1080m_h1043,50,1080,3,level,2.0,568,5.3258,0,144,49,868.241309
50yr_1080m_h1043,50,1080,5,level,2.0,568,6.1294,0,120,54,1483.903592
50yr_1080m_h1043,50,1080,6,level,2.0,568,5.9004,0,122,56,1792.499758
50yr_1080m_h1043,50,1080,1,level,5.0,568,4.9196,0,148,40,267.341766
50yr_1080m_h1043,50,1080,2,level,5.0,568,5.0829,0,198,45,563.251657
50yr_1080m_h1043,50,1080,3,level,5.0,568,5.3169,0,166,48,862.475603
50yr_1080m_h1043,50,1080,5,level,5.0,568,6.1294,0,156,54,1487.979785
50yr_1080m_h1043,50,1080,6,level,5.0,568,5.9816,0,143,56,1787.40396
50yr_1080m_h1043,50,1080,1,near_overflow,1.0,568,6.3011,0,49,74,292.444888
50yr_1080m_h1043,50,1080,2,near_overflow,1.0,568,5.4499,0,76,49,585.203086
50yr_1080m_h1043,50,1080,3,near_overflow,1.0,568,5.3258,0,116,49,870.176276
50yr_1080m_h1043,50,1080,5,near_overflow,1.0,568,5.9858,0,70,54,1478.944517
50yr_1080m_h1043,50,1080,6,near_overflow,1.0,568,6.0569,0,53,56,1794.96158
50yr_1080m_h1043,50,1080,1,level,1.0,568,5.4884,0,112,52,282.14444
50yr_1080m_h1043,50,1080,2,level,1.0,568,5.1129,0,162,45,576.207139
50yr_1080m_h1043,50,1080,3,level,1.0,568,5.3258,0,116,49,869.552892
50yr_1080m_h1043,50,1080,5,level,1.0,568,5.747,0,92,54,1474.934172
50yr_1080m_h1043,50,1080,6,level,1.0,568,5.9004,0,108,56,1793.132397
50yr_1080m_h1043,50,1080,1,near_overflow,2.0,568,6.3011,0,49,74,292.444888
50yr_1080m_h1043,50,1080,2,near_overflow,2.0,568,5.4499,0,76,49,585.203086
50yr_1080m_h1043,50,1080,3,near_overflow,2.0,568,5.3258,0,116,49,870.176276
50yr_1080m_h1043,50,1080,5,near_overflow,2.0,568,5.9858,0,70,54,1478.944517
50yr_1080m_h1043,50,1080,6,near_overflow,2.0,568,6.0569,0,53,56,1794.96158
50yr_1080m_h1083,50,1080,1,near_overflow,5.0,568,6.2866,0,50,84,292.420828
50yr_1080m_h1083,50,1080,2,near_overflow,5.0,568,5.4462,0,76,58,585.774504
50yr_1080m_h1083,50,1080,3,near_overflow,5.0,568,5.2885,0,104,58,872.676836
50yr_1080m_h1083,50,1080,5,near_overflow,5.0,568,6.0399,0,68,63,1482.48892
50yr_1080m_h1083,50,1080,6,near_overflow,5.0,568,6.111,0,66,64,1789.653446
50yr_1080m_h1043,50,1080,1,level,0.5,568,5.8409,0,92,57,283.133539
50yr_1080m_h1043,50,1080,2,level,0.5,568,5.1129,0,162,45,576.207139
50yr_1080m_h1043,50,1080,3,level,0.5,568,5.3258,0,116,49,869.552892
50yr_1080m_h1043,50,1080,5,level,0.5,568,5.747,0,76,54,1473.512409
50yr_1080m_h1043,50,1080,6,level,0.5,568,5.9004,0,78,56,1790.563346
50yr_1080m_h1043,50,1080,1,near_overflow,5.0,568,6.3011,0,49,74,292.444888
50yr_1080m_h1043,50,1080,2,near_overflow,5.0,568,5.4499,0,76,49,585.203086
50yr_1080m_h1043,50,1080,3,near_overflow,5.0,568,5.3258,0,116,49,870.176276
50yr_1080m_h1043,50,1080,5,near_overflow,5.0,568,5.9858,0,70,54,1478.944517
50yr_1080m_h1043,50,1080,6,near_overflow,5.0,568,6.0569,0,53,56,1794.96158
80yr_0060m_h246,80,0060,1,level,0.5,58,6.1665,0,10,13,32.522395
80yr_0060m_h246,80,0060,2,level,0.5,58,6.2234,0,12,10,66.097382
80yr_0060m_h246,80,0060,3,level,0.5,58,6.2945,0,9,10,99.699631
80yr_0060m_h246,80,0060,5,level,0.5,58,6.6781,0,9,10,172.522019
80yr_0060m_h246,80,0060,6,level,0.5,58,6.7465,0,8,10,209.638964
80yr_0060m_h246,80,0060,1,level,1.0,58,6.195,0,10,12,32.310428
80yr_0060m_h246,80,0060,2,level,1.0,58,6.2234,0,12,10,66.097382
80yr_0060m_h246,80,0060,3,level,1.0,58,6.2234,0,11,11,99.089844
80yr_0060m_h246,80,0060,5,level,1.0,58,6.6781,0,7,10,173.12674
80yr_0060m_h246,80,0060,6,level,1.0,58,6.7465,0,9,10,209.799169
80yr_0060m_h246,80,0060,1,level,2.0,58,6.1265,0,19,9,31.984914
80yr_0060m_h246,80,0060,2,level,2.0,58,6.2234,0,12,10,65.635956
80yr_0060m_h246,80,0060,3,level,2.0,58,6.2234,0,12,11,98.794698
80yr_0060m_h246,80,0060,5,level,2.0,58,6.6781,0,10,10,173.519836
80yr_0060m_h246,80,0060,6,level,2.0,58,6.726,0,11,10,208.979296
80yr_0060m_h246,80,0060,1,level,5.0,58,6.1761,0,11,9,31.270814
80yr_0060m_h246,80,0060,2,level,5.0,58,6.2234,0,14,9,65.231588
80yr_0060m_h246,80,0060,3,level,5.0,58,6.2945,0,14,12,98.589331
80yr_0060m_h246,80,0060,5,level,5.0,58,6.6781,0,10,10,173.366468
80yr_0060m_h246,80,0060,6,level,5.0,58,6.8834,0,13,15,211.261695
80yr_0060m_h246,80,0060,1,near_overflow,0.5,58,6.4193,0,6,17,33.17955
80yr_0060m_h246,80,0060,2,near_overflow,0.5,58,6.2447,0,10,11,66.42286
80yr_0060m_h246,80,0060,3,near_overflow,0.5,58,6.4111,0,11,10,100.841991
80yr_0060m_h246,80,0060,5,near_overflow,0.5,58,6.637,0,9,10,171.009412
80yr_0060m_h246,80,0060,6,near_overflow,0.5,58,6.8629,0,12,10,209.651261
50yr_1080m_h1092,50,1080,1,level,1.0,568,5.5014,0,135,59,277.921739
50yr_1080m_h1092,50,1080,2,level,1.0,568,5.109,0,181,50,574.749316
50yr_1080m_h1092,50,1080,3,level,1.0,568,5.2834,0,130,56,868.28751
50yr_1080m_h1092,50,1080,5,level,1.0,568,5.6492,0,122,66,1472.007235
50yr_1080m_h1092,50,1080,6,level,1.0,568,6.5537,0,125,70,1803.647997
50yr_1080m_h1043,50,1080,1,near_overflow,0.5,568,6.3011,0,49,74,292.444888
50yr_1080m_h1043,50,1080,2,near_overflow,0.5,568,5.4499,0,76,49,585.203086
50yr_1080m_h1043,50,1080,3,near_overflow,0.5,568,5.3258,0,116,49,870.176276
50yr_1080m_h1043,50,1080,5,near_overflow,0.5,568,5.9858,0,70,54,1478.944517
50yr_1080m_h1043,50,1080,6,near_overflow,0.5,568,6.0569,0,53,56,1794.96158
50yr_1080m_h1092,50,1080,1,level,2.0,568,4.9199,0,288,42,274.543908
50yr_1080m_h1092,50,1080,2,level,2.0,568,5.109,0,181,50,568.044565
50yr_1080m_h1092,50,1080,3,level,2.0,568,5.3004,0,161,56,866.823655
50yr_1080m_h1092,50,1080,5,level,2.0,568,5.6272,0,158,66,1471.940054
50yr_1080m_h1092,50,1080,6,level,2.0,568,6.5537,0,146,70,1797.708259
80yr_0060m_h246,80,0060,1,near_overflow,1.0,58,6.4193,0,6,17,33.17955
80yr_0060m_h246,80,0060,2,near_overflow,1.0,58,6.2447,0,10,11,66.42286
80yr_0060m_h246,80,0060,3,near_overflow,1.0,58,6.4111,0,11,10,100.841991
80yr_0060m_h246,80,0060,5,near_overflow,1.0,58,6.637,0,9,10,171.009412
80yr_0060m_h246,80,0060,6,near_overflow,1.0,58,6.8629,0,12,10,209.651261
80yr_0060m_h246,80,0060,1,near_overflow,2.0,58,6.4193,0,6,17,33.17955
80yr_0060m_h246,80,0060,2,near_overflow,2.0,58,6.2447,0,10,11,66.42286
80yr_0060m_h246,80,0060,3,near_overflow,2.0,58,6.4111,0,11,10,100.841991
80yr_0060m_h246,80,0060,5,near_overflow,2.0,58,6.637,0,9,10,171.009412
80yr_0060m_h246,80,0060,6,near_overflow,2.0,58,6.8629,0,12,10,209.651261
50yr_1080m_h1092,50,1080,1,near_overflow,0.5,568,6.2806,0,53,98,290.868178
50yr_1080m_h1092,50,1080,2,near_overflow,0.5,568,5.461,0,86,54,584.922386
50yr_1080m_h1092,50,1080,3,near_overflow,0.5,568,5.2834,0,126,56,869.309982
50yr_1080m_h1092,50,1080,5,near_overflow,0.5,568,6.1035,0,82,66,1475.044398
50yr_1080m_h1092,50,1080,6,near_overflow,0.5,568,6.2424,0,79,70,1793.306614
80yr_0060m_h246,80,0060,1,near_overflow,5.0,58,6.4193,0,6,17,33.17955
80yr_0060m_h246,80,0060,2,near_overflow,5.0,58,6.2447,0,10,11,66.42286
80yr_0060m_h246,80,0060,3,near_overflow,5.0,58,6.4111,0,11,10,100.841991
80yr_0060m_h246,80,0060,5,near_overflow,5.0,58,6.637,0,9,10,171.009412
80yr_0060m_h246,80,0060,6,near_overflow,5.0,58,6.8629,0,12,10,209.651261
50yr_1080m_h1092,50,1080,1,level,5.0,568,4.9199,0,122,42,259.424971
50yr_1080m_h1092,50,1080,2,level,5.0,568,5.0705,0,238,48,558.309356
50yr_1080m_h1092,50,1080,3,level,5.0,568,5.3365,0,218,55,858.701496
50yr_1080m_h1092,50,1080,5,level,5.0,568,5.6168,0,202,65,1466.539059
50yr_1080m_h1092,50,1080,6,level,5.0,568,6.5537,0,205,70,1798.402626
50yr_1080m_h1092,50,1080,1,near_overflow,1.0,568,6.2806,0,53,98,290.868178
50yr_1080m_h1092,50,1080,2,near_overflow,1.0,568,5.461,0,86,54,584.922386
50yr_1080m_h1092,50,1080,3,near_overflow,1.0,568,5.2834,0,126,56,869.309982
50yr_1080m_h1092,50,1080,5,near_overflow,1.0,568,6.1035,0,82,66,1475.044398
50yr_1080m_h1092,50,1080,6,near_overflow,1.0,568,6.2424,0,79,70,1793.306614
50yr_1080m_h1092,50,1080,1,level,0.5,568,5.8275,0,110,68,282.235362
50yr_1080m_h1092,50,1080,2,level,0.5,568,5.109,0,181,50,574.749316
50yr_1080m_h1092,50,1080,3,level,0.5,568,5.2834,0,126,56,868.612757
50yr_1080m_h1092,50,1080,5,level,0.5,568,5.6272,0,112,66,1469.104899
50yr_1080m_h1092,50,1080,6,level,0.5,568,6.7524,0,98,70,1808.947563
50yr_1080m_h1092,50,1080,1,near_overflow,5.0,568,6.2806,0,53,98,290.868178
50yr_1080m_h1092,50,1080,2,near_overflow,5.0,568,5.461,0,86,54,584.922386
50yr_1080m_h1092,50,1080,3,near_overflow,5.0,568,5.2834,0,126,56,869.309982
50yr_1080m_h1092,50,1080,5,near_overflow,5.0,568,6.1035,0,82,66,1475.044398
50yr_1080m_h1092,50,1080,6,near_overflow,5.0,568,6.2424,0,79,70,1793.306614
50yr_1080m_h1092,50,1080,1,near_overflow,2.0,568,6.2806,0,53,98,290.868178
50yr_1080m_h1092,50,1080,2,near_overflow,2.0,568,5.461,0,86,54,584.922386
50yr_1080m_h1092,50,1080,3,near_overflow,2.0,568,5.2834,0,126,56,869.309982
50yr_1080m_h1092,50,1080,5,near_overflow,2.0,568,6.1035,0,82,66,1475.044398
50yr_1080m_h1092,50,1080,6,near_overflow,2.0,568,6.2424,0,79,70,1793.306614
80yr_0060m_h155,80,0060,1,level,0.5,58,6.5795,0,6,10,33.737915
80yr_0060m_h155,80,0060,2,level,0.5,58,5.9505,0,17,6,65.102533
80yr_0060m_h155,80,0060,3,level,0.5,58,6.0713,0,12,6,99.901924
80yr_0060m_h155,80,0060,5,level,0.5,58,6.333,0,13,6,171.233927
80yr_0060m_h155,80,0060,6,level,0.5,58,6.422,0,10,6,208.262693
80yr_0060m_h155,80,0060,1,level,2.0,58,5.9505,0,20,6,31.959749
80yr_0060m_h155,80,0060,2,level,2.0,58,5.9505,0,17,6,64.795726
80yr_0060m_h155,80,0060,3,level,2.0,58,6.0713,0,14,6,100.046023
80yr_0060m_h155,80,0060,5,level,2.0,58,6.2135,0,13,6,170.787426
80yr_0060m_h155,80,0060,6,level,2.0,58,6.3057,0,11,6,206.771592
80yr_0060m_h155,80,0060,1,level,1.0,58,5.9221,0,12,8,32.403352
80yr_0060m_h155,80,0060,2,level,1.0,58,5.9505,0,17,6,65.102533
80yr_0060m_h155,80,0060,3,level,1.0,58,6.0713,0,12,6,99.901924
80yr_0060m_h155,80,0060,5,level,1.0,58,6.333,0,12,6,172.11561
80yr_0060m_h155,80,0060,6,level,1.0,58,6.422,0,9,6,208.873588
50yr_1080m_h1063,50,1080,1,level,0.5,568,5.8277,0,85,66,284.184934
50yr_1080m_h1063,50,1080,2,level,0.5,568,5.1161,0,156,55,576.828509
50yr_1080m_h1063,50,1080,3,level,0.5,568,5.2989,0,114,58,870.204055
50yr_1080m_h1063,50,1080,5,level,0.5,568,5.6748,0,82,63,1470.001871
50yr_1080m_h1063,50,1080,6,level,0.5,568,6.3343,0,76,65,1798.652207
50yr_1080m_h1063,50,1080,1,level,2.0,568,4.9197,0,256,52,277.020013
50yr_1080m_h1063,50,1080,2,level,2.0,568,5.1161,0,156,55,569.949143
50yr_1080m_h1063,50,1080,3,level,2.0,568,5.2989,0,138,58,867.818722
50yr_1080m_h1063,50,1080,5,level,2.0,568,5.9127,0,130,63,1478.728578
50yr_1080m_h1063,50,1080,6,level,2.0,568,6.3343,0,118,65,1799.63771
50yr_1080m_h1063,50,1080,1,level,1.0,568,5.5694,0,122,61,281.845276
50yr_1080m_h1063,50,1080,2,level,1.0,568,5.1161,0,156,55,576.828509
50yr_1080m_h1063,50,1080,3,level,1.0,568,5.2989,0,114,58,870.204055
50yr_1080m_h1063,50,1080,5,level,1.0,568,5.6669,0,100,63,1472.703843
50yr_1080m_h1063,50,1080,6,level,1.0,568,6.3343,0,98,65,1798.98189
80yr_0060m_h155,80,0060,1,level,5.0,58,5.9505,0,15,6,30.977096
80yr_0060m_h155,80,0060,2,level,5.0,58,5.9505,0,18,6,64.18123
80yr_0060m_h155,80,0060,3,level,5.0,58,5.9505,0,22,6,97.664997
80yr_0060m_h155,80,0060,5,level,5.0,58,6.2135,0,13,6,170.153858
80yr_0060m_h155,80,0060,6,level,5.0,58,6.2845,0,15,6,205.977269
80yr_0060m_h155,80,0060,1,near_overflow,1.0,58,7.0141,0,6,11,34.820961
80yr_0060m_h155,80,0060,2,near_overflow,1.0,58,6.0429,0,9,8,66.215447
80yr_0060m_h155,80,0060,3,near_overflow,1.0,58,6.2135,0,12,6,100.811111
80yr_0060m_h155,80,0060,5,near_overflow,1.0,58,6.422,0,10,6,172.084391
80yr_0060m_h155,80,0060,6,near_overflow,1.0,58,6.422,0,12,6,207.779498
80yr_0060m_h155,80,0060,1,near_overflow,2.0,58,7.0141,0,6,11,34.820961
80yr_0060m_h155,80,0060,2,near_overflow,2.0,58,6.0429,0,9,8,66.215447
80yr_0060m_h155,80,0060,3,near_overflow,2.0,58,6.2135,0,12,6,100.811111
80yr_0060m_h155,80,0060,5,near_overflow,2.0,58,6.422,0,10,6,172.084391
80yr_0060m_h155,80,0060,6,near_overflow,2.0,58,6.422,0,12,6,207.779498
80yr_0060m_h155,80,0060,1,near_overflow,5.0,58,7.0141,0,6,11,34.820961
80yr_0060m_h155,80,0060,2,near_overflow,5.0,58,6.0429,0,9,8,66.215447
80yr_0060m_h155,80,0060,3,near_overflow,5.0,58,6.2135,0,12,6,100.811111
80yr_0060m_h155,80,0060,5,near_overflow,5.0,58,6.422,0,10,6,172.084391
80yr_0060m_h155,80,0060,6,near_overflow,5.0,58,6.422,0,12,6,207.779498
80yr_0060m_h155,80,0060,1,near_overflow,0.5,58,7.0141,0,6,11,34.820961
80yr_0060m_h155,80,0060,2,near_overflow,0.5,58,6.0429,0,9,8,66.215447
80yr_0060m_h155,80,0060,3,near_overflow,0.5,58,6.2135,0,12,6,100.811111
80yr_0060m_h155,80,0060,5,near_overflow,0.5,58,6.422,0,10,6,172.084391
80yr_0060m_h155,80,0060,6,near_overflow,0.5,58,6.422,0,12,6,207.779498
80yr_0060m_h135,80,0060,1,level,0.5,58,6.12,0,10,6,33.04616
80yr_0060m_h135,80,0060,2,level,0.5,58,5.4704,0,13,3,64.80519
80yr_0060m_h135,80,0060,3,level,0.5,58,5.8143,0,12,3,98.720616
80yr_0060m_h135,80,0060,5,level,0.5,58,6.12,0,9,6,171.709953
80yr_0060m_h135,80,0060,6,level,0.5,58,6.1697,0,10,5,207.791739
80yr_0060m_h135,80,0060,1,level,1.0,58,5.6261,0,11,5,32.001382
80yr_0060m_h135,80,0060,2,level,1.0,58,5.4704,0,13,3,64.775425
80yr_0060m_h135,80,0060,3,level,1.0,58,5.9067,0,9,5,99.925537
80yr_0060m_h135,80,0060,5,level,1.0,58,6.12,0,8,6,172.406008
80yr_0060m_h135,80,0060,6,level,1.0,58,6.0489,0,9,5,206.868614
50yr_1080m_h1063,50,1080,1,level,5.0,568,4.919,0,144,52,267.139913
50yr_1080m_h1063,50,1080,2,level,5.0,568,5.0885,0,204,55,559.537998
50yr_1080m_h1063,50,1080,3,level,5.0,568,5.6888,0,189,58,862.0116
50yr_1080m_h1063,50,1080,5,level,5.0,568,5.8943,0,172,62,1475.176567
50yr_1080m_h1063,50,1080,6,level,5.0,568,6.3343,0,164,64,1807.939881
80yr_0060m_h135,80,0060,1,level,2.0,58,5.2504,0,27,3,31.003287
80yr_0060m_h135,80,0060,2,level,2.0,58,5.6904,0,12,3,64.745854
80yr_0060m_h135,80,0060,3,level,2.0,58,5.9067,0,11,5,99.547983
80yr_0060m_h135,80,0060,5,level,2.0,58,6.12,0,10,6,172.429349
80yr_0060m_h135,80,0060,6,level,2.0,58,6.0489,0,13,5,207.114529
80yr_0060m_h135,80,0060,1,level,5.0,58,5.2907,0,12,3,30.451667
80yr_0060m_h135,80,0060,2,level,5.0,58,5.3164,0,18,3,62.550108
80yr_0060m_h135,80,0060,3,level,5.0,58,5.7564,0,14,5,98.177552
80yr_0060m_h135,80,0060,5,level,5.0,58,6.12,0,14,6,173.303116
80yr_0060m_h135,80,0060,6,level,5.0,58,6.1232,0,14,5,207.335999
80yr_0060m_h135,80,0060,1,near_overflow,1.0,58,6.5647,0,5,7,34.205729
80yr_0060m_h135,80,0060,2,near_overflow,1.0,58,5.5364,0,10,4,65.242885
80yr_0060m_h135,80,0060,3,near_overflow,1.0,58,5.8854,0,11,3,99.77618
80yr_0060m_h135,80,0060,5,near_overflow,1.0,58,6.1484,0,11,3,171.821838
80yr_0060m_h135,80,0060,6,near_overflow,1.0,58,6.2905,0,9,3,207.988838
80yr_0060m_h135,80,0060,1,near_overflow,2.0,58,6.5647,0,5,7,34.205729
80yr_0060m_h135,80,0060,2,near_overflow,2.0,58,5.5364,0,10,4,65.242885
80yr_0060m_h135,80,0060,3,near_overflow,2.0,58,5.8854,0,11,3,99.77618
80yr_0060m_h135,80,0060,5,near_overflow,2.0,58,6.1484,0,11,3,171.821838
80yr_0060m_h135,80,0060,6,near_overflow,2.0,58,6.2905,0,9,3,207.988838
80yr_0060m_h158,80,0060,1,level,0.5,58,6.5795,0,6,10,33.737915
80yr_0060m_h158,80,0060,2,level,0.5,58,5.9505,0,17,6,65.102533
80yr_0060m_h158,80,0060,3,level,0.5,58,6.0713,0,12,6,99.901924
80yr_0060m_h158,80,0060,5,level,0.5,58,6.333,0,13,6,171.233927
80yr_0060m_h158,80,0060,6,level,0.5,58,6.422,0,10,6,208.262693
80yr_0060m_h135,80,0060,1,near_overflow,5.0,58,6.5647,0,5,7,34.205729
80yr_0060m_h135,80,0060,2,near_overflow,5.0,58,5.5364,0,10,4,65.242885
80yr_0060m_h135,80,0060,3,near_overflow,5.0,58,5.8854,0,11,3,99.77618
80yr_0060m_h135,80,0060,5,near_overflow,5.0,58,6.1484,0,11,3,171.821838
80yr_0060m_h135,80,0060,6,near_overflow,5.0,58,6.2905,0,9,3,207.988838
80yr_0060m_h158,80,0060,1,level,1.0,58,5.9221,0,12,8,32.403352
80yr_0060m_h158,80,0060,2,level,1.0,58,5.9505,0,17,6,65.102533
80yr_0060m_h158,80,0060,3,level,1.0,58,6.0713,0,12,6,99.901924
80yr_0060m_h158,80,0060,5,level,1.0,58,6.333,0,12,6,172.11561
80yr_0060m_h158,80,0060,6,level,1.0,58,6.422,0,9,6,208.873588
80yr_0060m_h135,80,0060,1,near_overflow,0.5,58,6.5647,0,5,7,34.205729
80yr_0060m_h135,80,0060,2,near_overflow,0.5,58,5.5364,0,10,4,65.242885
80yr_0060m_h135,80,0060,3,near_overflow,0.5,58,5.8854,0,11,3,99.77618
80yr_0060m_h135,80,0060,5,near_overflow,0.5,58,6.1484,0,11,3,171.821838
80yr_0060m_h135,80,0060,6,near_overflow,0.5,58,6.2905,0,9,3,207.988838
80yr_0060m_h158,80,0060,1,level,2.0,58,5.9505,0,20,6,31.959749
80yr_0060m_h158,80,0060,2,level,2.0,58,5.9505,0,17,6,64.795726
80yr_0060m_h158,80,0060,3,level,2.0,58,6.0713,0,14,6,100.046023
80yr_0060m_h158,80,0060,5,level,2.0,58,6.2135,0,13,6,170.787426
80yr_0060m_h158,80,0060,6,level,2.0,58,6.3057,0,11,6,206.771592
50yr_1080m_h1063,50,1080,1,near_overflow,1.0,568,6.2977,0,45,84,291.656027
50yr_1080m_h1063,50,1080,2,near_overflow,1.0,568,5.4665,0,76,59,585.600375
50yr_1080m_h1063,50,1080,3,near_overflow,1.0,568,5.2989,0,114,58,870.776116
50yr_1080m_h1063,50,1080,5,near_overflow,1.0,568,5.8514,0,74,63,1470.917877
50yr_1080m_h1063,50,1080,6,near_overflow,1.0,568,5.9802,0,59,65,1785.06371
80yr_0060m_h158,80,0060,1,level,5.0,58,5.9505,0,15,6,30.977096
80yr_0060m_h158,80,0060,2,level,5.0,58,5.9505,0,18,6,64.18123
80yr_0060m_h158,80,0060,3,level,5.0,58,5.9505,0,22,6,97.664997
80yr_0060m_h158,80,0060,5,level,5.0,58,6.2135,0,13,6,170.153858
80yr_0060m_h158,80,0060,6,level,5.0,58,6.2845,0,15,6,205.977269
80yr_0060m_h158,80,0060,1,near_overflow,0.5,58,7.0141,0,6,11,34.820961
80yr_0060m_h158,80,0060,2,near_overflow,0.5,58,6.0429,0,9,8,66.215447
80yr_0060m_h158,80,0060,3,near_overflow,0.5,58,6.2135,0,12,6,100.811111
80yr_0060m_h158,80,0060,5,near_overflow,0.5,58,6.422,0,10,6,172.084391
80yr_0060m_h158,80,0060,6,near_overflow,0.5,58,6.422,0,12,6,207.779498
80yr_0060m_h158,80,0060,1,near_overflow,2.0,58,7.0141,0,6,11,34.820961
80yr_0060m_h158,80,0060,2,near_overflow,2.0,58,6.0429,0,9,8,66.215447
80yr_0060m_h158,80,0060,3,near_overflow,2.0,58,6.2135,0,12,6,100.811111
80yr_0060m_h158,80,0060,5,near_overflow,2.0,58,6.422,0,10,6,172.084391
80yr_0060m_h158,80,0060,6,near_overflow,2.0,58,6.422,0,12,6,207.779498
80yr_0060m_h158,80,0060,1,near_overflow,1.0,58,7.0141,0,6,11,34.820961
80yr_0060m_h158,80,0060,2,near_overflow,1.0,58,6.0429,0,9,8,66.215447
80yr_0060m_h158,80,0060,3,near_overflow,1.0,58,6.2135,0,12,6,100.811111
80yr_0060m_h158,80,0060,5,near_overflow,1.0,58,6.422,0,10,6,172.084391
80yr_0060m_h158,80,0060,6,near_overflow,1.0,58,6.422,0,12,6,207.779498
80yr_0060m_h158,80,0060,1,near_overflow,5.0,58,7.0141,0,6,11,34.820961
80yr_0060m_h158,80,0060,2,near_overflow,5.0,58,6.0429,0,9,8,66.215447
80yr_0060m_h158,80,0060,3,near_overflow,5.0,58,6.2135,0,12,6,100.811111
80yr_0060m_h158,80,0060,5,near_overflow,5.0,58,6.422,0,10,6,172.084391
80yr_0060m_h158,80,0060,6,near_overflow,5.0,58,6.422,0,12,6,207.779498
50yr_1080m_h1063,50,1080,1,near_overflow,0.5,568,6.2977,0,45,84,291.656027
50yr_1080m_h1063,50,1080,2,near_overflow,0.5,568,5.4665,0,76,59,585.600375
50yr_1080m_h1063,50,1080,3,near_overflow,0.5,568,5.2989,0,114,58,870.776116
50yr_1080m_h1063,50,1080,5,near_overflow,0.5,568,5.8514,0,74,63,1470.917877
50yr_1080m_h1063,50,1080,6,near_overflow,0.5,568,5.9802,0,59,65,1785.06371
50yr_1080m_h1063,50,1080,1,near_overflow,2.0,568,6.2977,0,45,84,291.656027
50yr_1080m_h1063,50,1080,2,near_overflow,2.0,568,5.4665,0,76,59,585.600375
50yr_1080m_h1063,50,1080,3,near_overflow,2.0,568,5.2989,0,114,58,870.776116
50yr_1080m_h1063,50,1080,5,near_overflow,2.0,568,5.8514,0,74,63,1470.917877
50yr_1080m_h1063,50,1080,6,near_overflow,2.0,568,5.9802,0,59,65,1785.06371
50yr_1080m_h1112,50,1080,1,level,0.5,568,5.8185,0,119,68,280.953605
50yr_1080m_h1112,50,1080,2,level,0.5,568,5.1086,0,184,50,574.636829
50yr_1080m_h1112,50,1080,3,level,0.5,568,5.2952,0,136,56,867.601639
50yr_1080m_h1112,50,1080,5,level,0.5,568,5.6579,0,118,66,1468.227867
50yr_1080m_h1112,50,1080,6,level,0.5,568,6.7749,0,98,70,1808.579488
50yr_1080m_h1112,50,1080,1,level,1.0,568,5.5383,0,137,59,281.645228
50yr_1080m_h1112,50,1080,2,level,1.0,568,5.1086,0,184,50,574.636829
50yr_1080m_h1112,50,1080,3,level,1.0,568,5.2876,0,136,56,867.47813
50yr_1080m_h1112,50,1080,5,level,1.0,568,5.6579,0,132,66,1471.135297
50yr_1080m_h1112,50,1080,6,level,1.0,568,6.0947,0,134,70,1798.622781
50yr_1080m_h1112,50,1080,1,level,2.0,568,4.9199,0,298,42,275.361056
50yr_1080m_h1112,50,1080,2,level,2.0,568,5.1086,0,184,50,568.059031
50yr_1080m_h1112,50,1080,3,level,2.0,568,5.2876,0,168,56,866.988133
50yr_1080m_h1112,50,1080,5,level,2.0,568,5.6335,0,162,66,1471.89693
50yr_1080m_h1112,50,1080,6,level,2.0,568,6.0947,0,156,70,1793.34495
50yr_1080m_h1112,50,1080,1,level,5.0,568,4.9199,0,118,42,258.854647
50yr_1080m_h1112,50,1080,2,level,5.0,568,5.0611,0,246,48,554.833142
50yr_1080m_h1112,50,1080,3,level,5.0,568,5.2562,0,222,55,858.645165
50yr_1080m_h1112,50,1080,5,level,5.0,568,5.6255,0,208,65,1465.842837
50yr_1080m_h1112,50,1080,6,level,5.0,568,6.0947,0,214,69,1783.996111
50yr_1080m_h1063,50,1080,1,near_overflow,5.0,568,6.2977,0,45,84,291.656027
50yr_1080m_h1063,50,1080,2,near_overflow,5.0,568,5.4665,0,76,59,585.600375
50yr_1080m_h1063,50,1080,3,near_overflow,5.0,568,5.2989,0,114,58,870.776116
50yr_1080m_h1063,50,1080,5,near_overflow,5.0,568,5.8514,0,74,63,1470.917877
50yr_1080m_h1063,50,1080,6,near_overflow,5.0,568,5.9802,0,59,65,1785.06371
80yr_0060m_h175,80,0060,1,level,0.5,58,6.4982,0,5,10,33.92376
80yr_0060m_h175,80,0060,2,level,0.5,58,5.987,0,16,6,65.649618
80yr_0060m_h175,80,0060,3,level,0.5,58,5.9372,0,11,6,98.859837
80yr_0060m_h175,80,0060,5,level,0.5,58,6.3408,0,11,6,171.411571
80yr_0060m_h175,80,0060,6,level,0.5,58,6.4982,0,10,10,208.836461
80yr_0060m_h175,80,0060,1,level,1.0,58,5.8377,0,11,8,31.979788
80yr_0060m_h175,80,0060,2,level,1.0,58,5.987,0,16,6,65.649618
80yr_0060m_h175,80,0060,3,level,1.0,58,6.0794,0,11,6,99.555163
80yr_0060m_h175,80,0060,5,level,1.0,58,6.2215,0,10,6,171.028393
80yr_0060m_h175,80,0060,6,level,1.0,58,6.4982,0,7,10,209.881043
80yr_0060m_h175,80,0060,1,level,2.0,58,5.8661,0,23,6,31.321209
80yr_0060m_h175,80,0060,2,level,2.0,58,5.987,0,16,6,65.256532
80yr_0060m_h175,80,0060,3,level,2.0,58,6.0794,0,12,6,99.604329
80yr_0060m_h175,80,0060,5,level,2.0,58,6.2215,0,10,6,170.259482
80yr_0060m_h175,80,0060,6,level,2.0,58,6.4982,0,8,10,209.673376
80yr_0060m_h175,80,0060,1,level,5.0,58,5.869,0,15,6,30.448422
80yr_0060m_h175,80,0060,2,level,5.0,58,5.8661,0,16,6,63.782146
80yr_0060m_h175,80,0060,3,level,5.0,58,5.987,0,16,6,98.154985
80yr_0060m_h175,80,0060,5,level,5.0,58,6.2002,0,15,6,169.117798
80yr_0060m_h175,80,0060,6,level,5.0,58,6.2215,0,11,6,206.792058
80yr_0060m_h175,80,0060,1,near_overflow,0.5,58,6.9364,0,5,11,34.58844
80yr_0060m_h175,80,0060,2,near_overflow,0.5,58,5.9585,0,9,8,66.022103
80yr_0060m_h175,80,0060,3,near_overflow,0.5,58,6.1789,0,11,6,100.273142
80yr_0060m_h175,80,0060,5,near_overflow,0.5,58,6.3408,0,11,6,171.357808
80yr_0060m_h175,80,0060,6,near_overflow,0.5,58,6.4982,0,10,10,208.841533
80yr_0060m_h175,80,0060,1,near_overflow,5.0,58,6.9364,0,5,11,34.58844
80yr_0060m_h175,80,0060,2,near_overflow,5.0,58,5.9585,0,9,8,66.022103
80yr_0060m_h175,80,0060,3,near_overflow,5.0,58,6.1789,0,11,6,100.273142
80yr_0060m_h175,80,0060,5,near_overflow,5.0,58,6.3408,0,11,6,171.357808
80yr_0060m_h175,80,0060,6,near_overflow,5.0,58,6.4982,0,10,10,208.841533
50yr_1080m_h1112,50,1080,1,near_overflow,1.0,568,6.3114,0,54,98,290.995568
50yr_1080m_h1112,50,1080,2,near_overflow,1.0,568,5.4816,0,86,54,585.297843
50yr_1080m_h1112,50,1080,3,near_overflow,1.0,568,5.2952,0,136,56,868.358795
50yr_1080m_h1112,50,1080,5,near_overflow,1.0,568,6.0699,0,82,66,1474.452706
50yr_1080m_h1112,50,1080,6,near_overflow,1.0,568,6.3018,0,85,70,1795.466028
50yr_1080m_h1112,50,1080,1,near_overflow,0.5,568,6.3114,0,54,98,290.995568
50yr_1080m_h1112,50,1080,2,near_overflow,0.5,568,5.4816,0,86,54,585.297843
50yr_1080m_h1112,50,1080,3,near_overflow,0.5,568,5.2952,0,136,56,868.358795
50yr_1080m_h1112,50,1080,5,near_overflow,0.5,568,6.0699,0,82,66,1474.452706
50yr_1080m_h1112,50,1080,6,near_overflow,0.5,568,6.3018,0,85,70,1795.466028
80yr_0120m_h311,80,0120,1,level,0.5,88,6.0972,0,16,18,48.976337
80yr_0120m_h311,80,0120,2,level,0.5,88,6.0333,0,13,13,99.35151
80yr_0120m_h311,80,0120,3,level,0.5,88,6.1541,0,13,13,150.582818
80yr_0120m_h311,80,0120,5,level,0.5,88,6.3854,0,14,14,258.575763
80yr_0120m_h311,80,0120,6,level,0.5,88,6.4538,0,11,14,313.67207
80yr_0060m_h175,80,0060,1,near_overflow,1.0,58,6.9364,0,5,11,34.58844
80yr_0060m_h175,80,0060,2,near_overflow,1.0,58,5.9585,0,9,8,66.022103
80yr_0060m_h175,80,0060,3,near_overflow,1.0,58,6.1789,0,11,6,100.273142
80yr_0060m_h175,80,0060,5,near_overflow,1.0,58,6.3408,0,11,6,171.357808
80yr_0060m_h175,80,0060,6,near_overflow,1.0,58,6.4982,0,10,10,208.841533
80yr_0120m_h311,80,0120,1,level,1.0,88,6.0049,0,13,16,49.00458
80yr_0120m_h311,80,0120,2,level,1.0,88,6.0333,0,13,13,99.35151
80yr_0120m_h311,80,0120,3,level,1.0,88,6.1541,0,13,13,150.582818
80yr_0120m_h311,80,0120,5,level,1.0,88,6.3854,0,13,14,259.57752
80yr_0120m_h311,80,0120,6,level,1.0,88,6.4538,0,11,14,313.817058
80yr_0060m_h175,80,0060,1,near_overflow,2.0,58,6.9364,0,5,11,34.58844
80yr_0060m_h175,80,0060,2,near_overflow,2.0,58,5.9585,0,9,8,66.022103
80yr_0060m_h175,80,0060,3,near_overflow,2.0,58,6.1789,0,11,6,100.273142
80yr_0060m_h175,80,0060,5,near_overflow,2.0,58,6.3408,0,11,6,171.357808
80yr_0060m_h175,80,0060,6,near_overflow,2.0,58,6.4982,0,10,10,208.841533
80yr_0120m_h311,80,0120,1,level,2.0,88,6.083,0,32,12,48.399406
80yr_0120m_h311,80,0120,2,level,2.0,88,6.0546,0,15,13,98.781999
80yr_0120m_h311,80,0120,3,level,2.0,88,6.1541,0,14,13,150.445561
80yr_0120m_h311,80,0120,5,level,2.0,88,6.3649,0,12,14,259.351502
80yr_0120m_h311,80,0120,6,level,2.0,88,6.4538,0,12,14,313.85908
80yr_0120m_h311,80,0120,1,level,5.0,88,6.0002,0,18,12,46.287029
80yr_0120m_h311,80,0120,2,level,5.0,88,6.0546,0,23,12,97.909052
80yr_0120m_h311,80,0120,3,level,5.0,88,6.1541,0,16,13,149.586153
80yr_0120m_h311,80,0120,5,level,5.0,88,6.2394,0,19,14,258.287207
80yr_0120m_h311,80,0120,6,level,5.0,88,6.4333,0,25,14,312.678013
80yr_0120m_h311,80,0120,1,near_overflow,1.0,88,6.3135,0,9,22,49.984181
80yr_0120m_h311,80,0120,2,near_overflow,1.0,88,6.0546,0,14,15,99.76718
80yr_0120m_h311,80,0120,3,near_overflow,1.0,88,6.2749,0,12,13,152.869942
80yr_0120m_h311,80,0120,5,near_overflow,1.0,88,6.3854,0,10,14,259.122782
80yr_0120m_h311,80,0120,6,near_overflow,1.0,88,6.4975,0,8,14,315.361011
80yr_0120m_h311,80,0120,1,near_overflow,2.0,88,6.3135,0,9,22,49.984181
80yr_0120m_h311,80,0120,2,near_overflow,2.0,88,6.0546,0,14,15,99.76718
80yr_0120m_h311,80,0120,3,near_overflow,2.0,88,6.2749,0,12,13,152.869942
80yr_0120m_h311,80,0120,5,near_overflow,2.0,88,6.3854,0,10,14,259.122782
80yr_0120m_h311,80,0120,6,near_overflow,2.0,88,6.4975,0,8,14,315.361011
80yr_0120m_h368,80,0120,1,level,0.5,88,6.2724,0,15,20,49.081452
80yr_0120m_h368,80,0120,2,level,0.5,88,6.3761,0,13,15,100.029188
80yr_0120m_h368,80,0120,3,level,0.5,88,6.3761,0,12,15,149.965072
80yr_0120m_h368,80,0120,5,level,0.5,88,6.6774,0,12,16,257.298231
80yr_0120m_h368,80,0120,6,level,0.5,88,6.7116,0,9,16,315.146209
80yr_0120m_h311,80,0120,1,near_overflow,0.5,88,6.3135,0,9,22,49.984181
80yr_0120m_h311,80,0120,2,near_overflow,0.5,88,6.0546,0,14,15,99.76718
80yr_0120m_h311,80,0120,3,near_overflow,0.5,88,6.2749,0,12,13,152.869942
80yr_0120m_h311,80,0120,5,near_overflow,0.5,88,6.3854,0,10,14,259.122782
80yr_0120m_h311,80,0120,6,near_overflow,0.5,88,6.4975,0,8,14,315.361011
80yr_0120m_h368,80,0120,1,level,2.0,88,6.2996,0,24,14,48.462063
80yr_0120m_h368,80,0120,2,level,2.0,88,6.3761,0,13,15,99.643597
80yr_0120m_h368,80,0120,3,level,2.0,88,6.3761,0,12,15,149.737374
80yr_0120m_h368,80,0120,5,level,2.0,88,6.561,0,11,16,257.437512
80yr_0120m_h368,80,0120,6,level,2.0,88,6.7116,0,11,16,319.125786
80yr_0120m_h368,80,0120,1,level,5.0,88,6.2996,0,13,14,47.38867
80yr_0120m_h368,80,0120,2,level,5.0,88,6.2722,0,21,14,96.917375
80yr_0120m_h368,80,0120,3,level,5.0,88,6.3761,0,13,15,149.284727
80yr_0120m_h368,80,0120,5,level,5.0,88,6.6294,0,14,16,257.265243
80yr_0120m_h368,80,0120,6,level,5.0,88,6.7184,0,10,16,315.150331
80yr_0120m_h368,80,0120,1,near_overflow,0.5,88,6.5199,0,10,24,50.47952
80yr_0120m_h368,80,0120,2,near_overflow,0.5,88,6.3487,0,13,17,100.113516
80yr_0120m_h368,80,0120,3,near_overflow,0.5,88,6.4925,0,12,15,151.365169
80yr_0120m_h368,80,0120,5,near_overflow,0.5,88,6.7184,0,9,16,259.671164
80yr_0120m_h368,80,0120,6,near_overflow,0.5,88,6.8964,0,11,16,316.212562
80yr_0120m_h311,80,0120,1,near_overflow,5.0,88,6.3135,0,9,22,49.984181
80yr_0120m_h311,80,0120,2,near_overflow,5.0,88,6.0546,0,14,15,99.76718
80yr_0120m_h311,80,0120,3,near_overflow,5.0,88,6.2749,0,12,13,152.869942
80yr_0120m_h311,80,0120,5,near_overflow,5.0,88,6.3854,0,10,14,259.122782
80yr_0120m_h311,80,0120,6,near_overflow,5.0,88,6.4975,0,8,14,315.361011
80yr_0120m_h368,80,0120,1,near_overflow,1.0,88,6.5199,0,10,24,50.47952
80yr_0120m_h368,80,0120,2,near_overflow,1.0,88,6.3487,0,13,17,100.113516
80yr_0120m_h368,80,0120,3,near_overflow,1.0,88,6.4925,0,12,15,151.365169
80yr_0120m_h368,80,0120,5,near_overflow,1.0,88,6.7184,0,9,16,259.671164
80yr_0120m_h368,80,0120,6,near_overflow,1.0,88,6.8964,0,11,16,316.212562
80yr_0120m_h368,80,0120,1,level,1.0,88,6.2996,0,14,18,48.871628
80yr_0120m_h368,80,0120,2,level,1.0,88,6.3761,0,13,15,100.029188
80yr_0120m_h368,80,0120,3,level,1.0,88,6.3761,0,12,15,149.965072
80yr_0120m_h368,80,0120,5,level,1.0,88,6.561,0,10,16,257.64955
80yr_0120m_h368,80,0120,6,level,1.0,88,6.7116,0,9,16,315.136806
80yr_0120m_h368,80,0120,1,near_overflow,2.0,88,6.5199,0,10,24,50.47952
80yr_0120m_h368,80,0120,2,near_overflow,2.0,88,6.3487,0,13,17,100.113516
80yr_0120m_h368,80,0120,3,near_overflow,2.0,88,6.4925,0,12,15,151.365169
80yr_0120m_h368,80,0120,5,near_overflow,2.0,88,6.7184,0,9,16,259.671164
80yr_0120m_h368,80,0120,6,near_overflow,2.0,88,6.8964,0,11,16,316.212562
80yr_0120m_h368,80,0120,1,near_overflow,5.0,88,6.5199,0,10,24,50.47952
80yr_0120m_h368,80,0120,2,near_overflow,5.0,88,6.3487,0,13,17,100.113516
80yr_0120m_h368,80,0120,3,near_overflow,5.0,88,6.4925,0,12,15,151.365169
80yr_0120m_h368,80,0120,5,near_overflow,5.0,88,6.7184,0,9,16,259.671164
80yr_0120m_h368,80,0120,6,near_overflow,5.0,88,6.8964,0,11,16,316.212562
50yr_1080m_h1112,50,1080,1,near_overflow,2.0,568,6.3114,0,54,98,290.995568
50yr_1080m_h1112,50,1080,2,near_overflow,2.0,568,5.4816,0,86,54,585.297843
50yr_1080m_h1112,50,1080,3,near_overflow,2.0,568,5.2952,0,136,56,868.358795
50yr_1080m_h1112,50,1080,5,near_overflow,2.0,568,6.0699,0,82,66,1474.452706
50yr_1080m_h1112,50,1080,6,near_overflow,2.0,568,6.3018,0,85,70,1795.466028
80yr_0120m_h269,80,0120,1,level,0.5,88,5.6713,0,27,7,46.898244
80yr_0120m_h269,80,0120,2,level,0.5,88,5.2769,0,26,5,96.14954
80yr_0120m_h269,80,0120,3,level,0.5,88,5.6929,0,18,5,149.157344
80yr_0120m_h269,80,0120,5,level,0.5,88,6.1623,0,11,9,257.873672
80yr_0120m_h269,80,0120,6,level,0.5,88,6.2607,0,9,9,314.508795
80yr_0120m_h269,80,0120,1,level,1.0,88,5.5513,0,24,7,46.746881
80yr_0120m_h269,80,0120,2,level,1.0,88,5.2769,0,26,5,96.123731
80yr_0120m_h269,80,0120,3,level,1.0,88,5.878,0,18,7,148.884503
80yr_0120m_h269,80,0120,5,level,1.0,88,6.1623,0,9,9,258.639892
80yr_0120m_h269,80,0120,6,level,1.0,88,6.2607,0,9,9,315.166422
50yr_1080m_h1112,50,1080,1,near_overflow,5.0,568,6.3114,0,54,98,290.995568
50yr_1080m_h1112,50,1080,2,near_overflow,5.0,568,5.4816,0,86,54,585.297843
50yr_1080m_h1112,50,1080,3,near_overflow,5.0,568,5.2952,0,136,56,868.358795
50yr_1080m_h1112,50,1080,5,near_overflow,5.0,568,6.0699,0,82,66,1474.452706
50yr_1080m_h1112,50,1080,6,near_overflow,5.0,568,6.3018,0,85,70,1795.466028
50yr_1440m_h1145,50,1440,1,level,0.5,748,5.8059,0,132,32,368.179782
50yr_1440m_h1145,50,1440,2,level,0.5,748,5.1051,0,258,25,748.348378
50yr_1440m_h1145,50,1440,3,level,0.5,748,5.2988,0,172,27,1133.133422
50yr_1440m_h1145,50,1440,5,level,0.5,748,5.6766,0,130,29,1918.588836
50yr_1440m_h1145,50,1440,6,level,0.5,748,5.812,0,144,29,2312.796065
50yr_1440m_h1145,50,1440,1,level,1.0,748,5.5029,0,176,29,366.569072
50yr_1440m_h1145,50,1440,2,level,1.0,748,5.1051,0,258,25,748.348378
50yr_1440m_h1145,50,1440,3,level,1.0,748,5.2988,0,172,27,1133.133422
50yr_1440m_h1145,50,1440,5,level,1.0,748,5.6627,0,168,29,1919.03651
50yr_1440m_h1145,50,1440,6,level,1.0,748,5.8131,0,192,29,2319.291038
80yr_0120m_h269,80,0120,1,level,2.0,88,5.0597,0,40,5,45.285945
80yr_0120m_h269,80,0120,2,level,2.0,88,5.2769,0,26,5,95.370707
80yr_0120m_h269,80,0120,3,level,2.0,88,5.878,0,20,7,147.330806
80yr_0120m_h269,80,0120,5,level,2.0,88,6.1623,0,11,9,257.592279
80yr_0120m_h269,80,0120,6,level,2.0,88,6.2607,0,11,9,315.304974
50yr_1440m_h1145,50,1440,1,near_overflow,0.5,748,6.3024,0,76,42,379.874175
50yr_1440m_h1145,50,1440,2,near_overflow,0.5,748,5.4079,0,126,28,761.683432
50yr_1440m_h1145,50,1440,3,near_overflow,0.5,748,5.2988,0,172,27,1134.039578
50yr_1440m_h1145,50,1440,5,near_overflow,0.5,748,5.6882,0,116,29,1913.220616
50yr_1440m_h1145,50,1440,6,near_overflow,0.5,748,5.999,0,104,29,2313.551893
50yr_1440m_h1145,50,1440,1,near_overflow,2.0,748,6.3024,0,76,42,379.874175
50yr_1440m_h1145,50,1440,2,near_overflow,2.0,748,5.4079,0,126,28,761.683432
50yr_1440m_h1145,50,1440,3,near_overflow,2.0,748,5.2988,0,172,27,1134.039578
50yr_1440m_h1145,50,1440,5,near_overflow,2.0,748,5.6882,0,116,29,1913.220616
50yr_1440m_h1145,50,1440,6,near_overflow,2.0,748,5.999,0,104,29,2313.551893
80yr_0120m_h269,80,0120,1,near_overflow,0.5,88,6.4676,0,8,10,50.465261
80yr_0120m_h269,80,0120,2,near_overflow,0.5,88,5.4994,0,18,6,97.391532
80yr_0120m_h269,80,0120,3,near_overflow,0.5,88,5.8343,0,19,5,148.881248
80yr_0120m_h269,80,0120,5,near_overflow,0.5,88,6.0473,0,9,5,258.959777
80yr_0120m_h269,80,0120,6,near_overflow,0.5,88,6.1397,0,10,5,314.255058
50yr_1440m_h1145,50,1440,1,level,2.0,748,4.9199,0,436,23,359.117617
50yr_1440m_h1145,50,1440,2,level,2.0,748,5.1051,0,258,25,738.530884
50yr_1440m_h1145,50,1440,3,level,2.0,748,5.2988,0,226,27,1129.795086
50yr_1440m_h1145,50,1440,5,level,2.0,748,5.6627,0,216,29,1921.751315
50yr_1440m_h1145,50,1440,6,level,2.0,748,5.8426,0,217,29,2320.436052
80yr_0120m_h269,80,0120,1,level,5.0,88,4.9721,0,25,5,43.814078
80yr_0120m_h269,80,0120,2,level,5.0,88,5.1977,0,30,5,93.728229
80yr_0120m_h269,80,0120,3,level,5.0,88,5.878,0,26,7,144.656098
80yr_0120m_h269,80,0120,5,level,5.0,88,6.1623,0,18,9,257.191789
80yr_0120m_h269,80,0120,6,level,5.0,88,6.1897,0,19,8,315.336676
80yr_0120m_h269,80,0120,1,near_overflow,1.0,88,6.4676,0,8,10,50.465261
80yr_0120m_h269,80,0120,2,near_overflow,1.0,88,5.4994,0,18,6,97.391532
80yr_0120m_h269,80,0120,3,near_overflow,1.0,88,5.8343,0,19,5,148.881248
80yr_0120m_h269,80,0120,5,near_overflow,1.0,88,6.0473,0,9,5,258.959777
80yr_0120m_h269,80,0120,6,near_overflow,1.0,88,6.1397,0,10,5,314.255058
50yr_1440m_h1145,50,1440,1,near_overflow,5.0,748,6.3024,0,76,42,379.874175
50yr_1440m_h1145,50,1440,2,near_overflow,5.0,748,5.4079,0,126,28,761.683432
50yr_1440m_h1145,50,1440,3,near_overflow,5.0,748,5.2988,0,172,27,1134.039578
50yr_1440m_h1145,50,1440,5,near_overflow,5.0,748,5.6882,0,116,29,1913.220616
50yr_1440m_h1145,50,1440,6,near_overflow,5.0,748,5.999,0,104,29,2313.551893
80yr_0120m_h269,80,0120,1,near_overflow,2.0,88,6.4676,0,8,10,50.465261
80yr_0120m_h269,80,0120,2,near_overflow,2.0,88,5.4994,0,18,6,97.391532
80yr_0120m_h269,80,0120,3,near_overflow,2.0,88,5.8343,0,19,5,148.881248
80yr_0120m_h269,80,0120,5,near_overflow,2.0,88,6.0473,0,9,5,258.959777
80yr_0120m_h269,80,0120,6,near_overflow,2.0,88,6.1397,0,10,5,314.255058
80yr_0120m_h269,80,0120,1,near_overflow,5.0,88,6.4676,0,8,10,50.465261
80yr_0120m_h269,80,0120,2,near_overflow,5.0,88,5.4994,0,18,6,97.391532
80yr_0120m_h269,80,0120,3,near_overflow,5.0,88,5.8343,0,19,5,148.881248
80yr_0120m_h269,80,0120,5,near_overflow,5.0,88,6.0473,0,9,5,258.959777
80yr_0120m_h269,80,0120,6,near_overflow,5.0,88,6.1397,0,10,5,314.255058
80yr_0120m_h324,80,0120,1,level,0.5,88,6.0539,0,17,18,49.026354
80yr_0120m_h324,80,0120,2,level,0.5,88,6.0397,0,15,13,99.385775
80yr_0120m_h324,80,0120,3,level,0.5,88,6.1605,0,14,13,150.626339
80yr_0120m_h324,80,0120,5,level,0.5,88,6.3847,0,15,14,259.872463
80yr_0120m_h324,80,0120,6,level,0.5,88,6.5079,0,11,14,314.717618
80yr_0120m_h324,80,0120,1,level,1.0,88,6.0113,0,13,16,49.05816
80yr_0120m_h324,80,0120,2,level,1.0,88,6.0397,0,15,13,99.385775
80yr_0120m_h324,80,0120,3,level,1.0,88,6.1605,0,14,13,150.626339
80yr_0120m_h324,80,0120,5,level,1.0,88,6.2939,0,11,14,259.298701
80yr_0120m_h324,80,0120,6,level,1.0,88,6.3916,0,11,14,313.452756
80yr_0120m_h324,80,0120,1,level,2.0,88,6.0017,0,26,12,48.270268
80yr_0120m_h324,80,0120,2,level,2.0,88,6.061,0,18,13,98.7787
80yr_0120m_h324,80,0120,3,level,2.0,88,6.1605,0,17,13,150.32011
80yr_0120m_h324,80,0120,5,level,2.0,88,6.3642,0,12,14,261.016251
80yr_0120m_h324,80,0120,6,level,2.0,88,6.3916,0,17,14,313.489746
80yr_0120m_h324,80,0120,1,near_overflow,0.5,88,6.3147,0,9,22,50.163912
80yr_0120m_h324,80,0120,2,near_overflow,0.5,88,6.061,0,13,15,99.882401
80yr_0120m_h324,80,0120,3,near_overflow,0.5,88,6.2813,0,14,13,152.414313
80yr_0120m_h324,80,0120,5,near_overflow,0.5,88,6.3916,0,10,14,259.363699
80yr_0120m_h324,80,0120,6,near_overflow,0.5,88,6.4995,0,9,14,315.394497
80yr_0120m_h324,80,0120,1,near_overflow,1.0,88,6.3147,0,9,22,50.163912
80yr_0120m_h324,80,0120,2,near_overflow,1.0,88,6.061,0,13,15,99.882401
80yr_0120m_h324,80,0120,3,near_overflow,1.0,88,6.2813,0,14,13,152.414313
80yr_0120m_h324,80,0120,5,near_overflow,1.0,88,6.3916,0,10,14,259.363699
80yr_0120m_h324,80,0120,6,near_overflow,1.0,88,6.4995,0,9,14,315.394497
80yr_0120m_h324,80,0120,1,near_overflow,5.0,88,6.3147,0,9,22,50.163912
80yr_0120m_h324,80,0120,2,near_overflow,5.0,88,6.061,0,13,15,99.882401
80yr_0120m_h324,80,0120,3,near_overflow,5.0,88,6.2813,0,14,13,152.414313
80yr_0120m_h324,80,0120,5,near_overflow,5.0,88,6.3916,0,10,14,259.363699
80yr_0120m_h324,80,0120,6,near_overflow,5.0,88,6.4995,0,9,14,315.394497
80yr_0120m_h319,80,0120,1,level,0.5,88,6.0383,0,16,18,48.716459
80yr_0120m_h319,80,0120,2,level,0.5,88,6.0951,0,18,13,99.221277
80yr_0120m_h319,80,0120,3,level,0.5,88,6.0951,0,13,13,150.333385
80yr_0120m_h319,80,0120,5,level,0.5,88,6.4039,0,15,14,257.871484
80yr_0120m_h319,80,0120,6,level,0.5,88,6.4655,0,9,14,313.398714
80yr_0120m_h319,80,0120,1,level,1.0,88,6.0454,0,14,16,49.162568
80yr_0120m_h319,80,0120,2,level,1.0,88,6.0951,0,18,13,99.221277
80yr_0120m_h319,80,0120,3,level,1.0,88,6.0951,0,15,13,150.142977
80yr_0120m_h319,80,0120,5,level,1.0,88,6.287,0,11,14,257.141997
80yr_0120m_h319,80,0120,6,level,1.0,88,6.397,0,11,14,313.554581
80yr_0120m_h324,80,0120,1,level,5.0,88,6.0017,0,18,12,46.299556
80yr_0120m_h324,80,0120,2,level,5.0,88,6.061,0,22,12,97.702948
80yr_0120m_h324,80,0120,3,level,5.0,88,6.061,0,14,13,149.073752
80yr_0120m_h324,80,0120,5,level,5.0,88,6.2458,0,17,14,258.86839
80yr_0120m_h324,80,0120,6,level,5.0,88,6.3916,0,20,14,311.843956
80yr_0120m_h324,80,0120,1,near_overflow,2.0,88,6.3147,0,9,22,50.163912
80yr_0120m_h324,80,0120,2,near_overflow,2.0,88,6.061,0,13,15,99.882401
80yr_0120m_h324,80,0120,3,near_overflow,2.0,88,6.2813,0,14,13,152.414313
80yr_0120m_h324,80,0120,5,near_overflow,2.0,88,6.3916,0,10,14,259.363699
80yr_0120m_h324,80,0120,6,near_overflow,2.0,88,6.4995,0,9,14,315.394497
80yr_0120m_h319,80,0120,1,level,5.0,88,5.9852,0,14,12,46.20653
80yr_0120m_h319,80,0120,2,level,5.0,88,5.9852,0,20,12,96.827227
80yr_0120m_h319,80,0120,3,level,5.0,88,6.0951,0,16,13,148.868439
80yr_0120m_h319,80,0120,5,level,5.0,88,6.3286,0,15,14,259.506432
80yr_0120m_h319,80,0120,6,level,5.0,88,6.4244,0,18,14,312.414809
80yr_0120m_h319,80,0120,1,level,2.0,88,5.9852,0,31,12,47.888938
80yr_0120m_h319,80,0120,2,level,2.0,88,6.0951,0,18,13,98.558262
80yr_0120m_h319,80,0120,3,level,2.0,88,6.0951,0,14,13,150.103205
80yr_0120m_h319,80,0120,5,level,2.0,88,6.287,0,13,14,257.176192
80yr_0120m_h319,80,0120,6,level,2.0,88,6.397,0,15,14,313.00556
80yr_0120m_h319,80,0120,1,near_overflow,0.5,88,6.3019,0,8,22,49.747887
80yr_0120m_h319,80,0120,2,near_overflow,0.5,88,6.0667,0,10,15,100.115406
80yr_0120m_h319,80,0120,3,near_overflow,0.5,88,6.216,0,13,13,151.600885
80yr_0120m_h319,80,0120,5,near_overflow,0.5,88,6.397,0,8,14,259.887997
80yr_0120m_h319,80,0120,6,near_overflow,0.5,88,6.4745,0,9,14,314.575041
80yr_0120m_h319,80,0120,1,near_overflow,1.0,88,6.3019,0,8,22,49.747887
80yr_0120m_h319,80,0120,2,near_overflow,1.0,88,6.0667,0,10,15,100.115406
80yr_0120m_h319,80,0120,3,near_overflow,1.0,88,6.216,0,13,13,151.600885
80yr_0120m_h319,80,0120,5,near_overflow,1.0,88,6.397,0,8,14,259.887997
80yr_0120m_h319,80,0120,6,near_overflow,1.0,88,6.4745,0,9,14,314.575041
80yr_0120m_h319,80,0120,1,near_overflow,2.0,88,6.3019,0,8,22,49.747887
80yr_0120m_h319,80,0120,2,near_overflow,2.0,88,6.0667,0,10,15,100.115406
80yr_0120m_h319,80,0120,3,near_overflow,2.0,88,6.216,0,13,13,151.600885
80yr_0120m_h319,80,0120,5,near_overflow,2.0,88,6.397,0,8,14,259.887997
80yr_0120m_h319,80,0120,6,near_overflow,2.0,88,6.4745,0,9,14,314.575041
80yr_0120m_h319,80,0120,1,near_overflow,5.0,88,6.3019,0,8,22,49.747887
80yr_0120m_h319,80,0120,2,near_overflow,5.0,88,6.0667,0,10,15,100.115406
80yr_0120m_h319,80,0120,3,near_overflow,5.0,88,6.216,0,13,13,151.600885
80yr_0120m_h319,80,0120,5,near_overflow,5.0,88,6.397,0,8,14,259.887997
80yr_0120m_h319,80,0120,6,near_overflow,5.0,88,6.4745,0,9,14,314.575041
50yr_1440m_h1145,50,1440,1,near_overflow,1.0,748,6.3024,0,76,42,379.874175
50yr_1440m_h1145,50,1440,2,near_overflow,1.0,748,5.4079,0,126,28,761.683432
50yr_1440m_h1145,50,1440,3,near_overflow,1.0,748,5.2988,0,172,27,1134.039578
50yr_1440m_h1145,50,1440,5,near_overflow,1.0,748,5.6882,0,116,29,1913.220616
50yr_1440m_h1145,50,1440,6,near_overflow,1.0,748,5.999,0,104,29,2313.551893
50yr_1440m_h1145,50,1440,1,level,5.0,748,4.9199,0,234,23,344.039173
50yr_1440m_h1145,50,1440,2,level,5.0,748,5.07,0,316,25,727.637135
50yr_1440m_h1145,50,1440,3,level,5.0,748,5.2528,0,296,26,1118.643782
50yr_1440m_h1145,50,1440,5,level,5.0,748,5.6411,0,276,28,1913.790127
50yr_1440m_h1145,50,1440,6,level,5.0,748,5.8113,0,266,29,2314.618533
50yr_1440m_h1215,50,1440,1,level,2.0,748,4.9192,0,356,49,356.329611
50yr_1440m_h1215,50,1440,2,level,2.0,748,5.116,0,256,58,739.943458
50yr_1440m_h1215,50,1440,3,level,2.0,748,5.2892,0,230,65,1131.344684
50yr_1440m_h1215,50,1440,5,level,2.0,748,5.7699,0,214,79,1923.370576
50yr_1440m_h1215,50,1440,6,level,2.0,748,6.5579,0,199,85,2345.544759
50yr_1440m_h1215,50,1440,1,near_overflow,2.0,748,6.306,0,83,119,379.466586
50yr_1440m_h1215,50,1440,2,near_overflow,2.0,748,5.4242,0,120,63,763.072025
50yr_1440m_h1215,50,1440,3,near_overflow,2.0,748,5.2892,0,180,65,1133.625749
50yr_1440m_h1215,50,1440,5,near_overflow,2.0,748,5.6733,0,126,79,1910.89377
50yr_1440m_h1215,50,1440,6,near_overflow,2.0,748,6.4443,0,104,85,2340.095656
50yr_1440m_h1215,50,1440,1,near_overflow,5.0,748,6.306,0,83,119,379.466586
50yr_1440m_h1215,50,1440,2,near_overflow,5.0,748,5.4242,0,120,63,763.072025
50yr_1440m_h1215,50,1440,3,near_overflow,5.0,748,5.2892,0,180,65,1133.625749
50yr_1440m_h1215,50,1440,5,near_overflow,5.0,748,5.6733,0,126,79,1910.89377
50yr_1440m_h1215,50,1440,6,near_overflow,5.0,748,6.4443,0,104,85,2340.095656
50yr_1440m_h1215,50,1440,1,near_overflow,1.0,748,6.306,0,83,119,379.466586
50yr_1440m_h1215,50,1440,2,near_overflow,1.0,748,5.4242,0,120,63,763.072025
50yr_1440m_h1215,50,1440,3,near_overflow,1.0,748,5.2892,0,180,65,1133.625749
50yr_1440m_h1215,50,1440,5,near_overflow,1.0,748,5.6733,0,126,79,1910.89377
50yr_1440m_h1215,50,1440,6,near_overflow,1.0,748,6.4443,0,104,85,2340.095656
50yr_1440m_h1135,50,1440,1,level,0.5,748,5.7872,0,128,32,368.379718
50yr_1440m_h1135,50,1440,2,level,0.5,748,5.1067,0,254,25,748.807627
50yr_1440m_h1135,50,1440,3,level,0.5,748,5.3229,0,174,27,1132.673733
50yr_1440m_h1135,50,1440,5,level,0.5,748,5.6715,0,134,29,1915.746011
50yr_1440m_h1135,50,1440,6,level,0.5,748,5.8171,0,142,29,2315.761481
50yr_1440m_h1215,50,1440,1,level,5.0,748,4.9191,0,212,49,341.040706
50yr_1440m_h1215,50,1440,2,level,5.0,748,5.0705,0,316,56,729.092331
50yr_1440m_h1215,50,1440,3,level,5.0,748,5.3231,0,294,64,1121.003222
50yr_1440m_h1215,50,1440,5,level,5.0,748,5.7699,0,266,77,1914.916762
50yr_1440m_h1215,50,1440,6,level,5.0,748,6.6016,0,250,83,2347.604572
50yr_1440m_h1215,50,1440,1,level,1.0,748,5.5286,0,192,69,366.58367
50yr_1440m_h1215,50,1440,2,level,1.0,748,5.116,0,256,58,749.22468
50yr_1440m_h1215,50,1440,3,level,1.0,748,5.2892,0,180,65,1132.83932
50yr_1440m_h1215,50,1440,5,level,1.0,748,5.6733,0,172,79,1919.362132
50yr_1440m_h1215,50,1440,6,level,1.0,748,6.5579,0,159,85,2342.041378
80yr_0180m_h396,80,0180,1,level,0.5,118,5.7351,0,45,9,62.011081
80yr_0180m_h396,80,0180,2,level,0.5,118,5.2747,0,36,6,128.103894
80yr_0180m_h396,80,0180,3,level,0.5,118,5.5935,0,28,7,196.837552
80yr_0180m_h396,80,0180,5,level,0.5,118,6.3097,0,17,11,342.604038
80yr_0180m_h396,80,0180,6,level,0.5,118,6.381,0,15,11,415.320314
50yr_1440m_h1215,50,1440,1,near_overflow,0.5,748,6.306,0,83,119,379.466586
50yr_1440m_h1215,50,1440,2,near_overflow,0.5,748,5.4242,0,120,63,763.072025
50yr_1440m_h1215,50,1440,3,near_overflow,0.5,748,5.2892,0,180,65,1133.625749
50yr_1440m_h1215,50,1440,5,near_overflow,0.5,748,5.6733,0,126,79,1910.89377
50yr_1440m_h1215,50,1440,6,near_overflow,0.5,748,6.4443,0,104,85,2340.095656
50yr_1440m_h1215,50,1440,1,level,0.5,748,5.823,0,148,81,366.935429
50yr_1440m_h1215,50,1440,2,level,0.5,748,5.116,0,256,58,749.22468
50yr_1440m_h1215,50,1440,3,level,0.5,748,5.2892,0,180,65,1132.83932
50yr_1440m_h1215,50,1440,5,level,0.5,748,5.6796,0,146,79,1916.504334
50yr_1440m_h1215,50,1440,6,level,0.5,748,6.8038,0,127,85,2336.243425
80yr_0180m_h396,80,0180,1,level,1.0,118,5.685,0,29,9,62.694373
80yr_0180m_h396,80,0180,2,level,1.0,118,5.2747,0,36,6,128.025588
80yr_0180m_h396,80,0180,3,level,1.0,118,5.5935,0,31,7,195.841844
80yr_0180m_h396,80,0180,5,level,1.0,118,6.3097,0,17,11,342.378695
80yr_0180m_h396,80,0180,6,level,1.0,118,6.381,0,16,11,416.606613
50yr_1440m_h1135,50,1440,1,level,2.0,748,4.92,0,437,23,358.247955
50yr_1440m_h1135,50,1440,2,level,2.0,748,5.1067,0,254,25,739.222595
50yr_1440m_h1135,50,1440,3,level,2.0,748,5.2971,0,216,27,1130.146225
50yr_1440m_h1135,50,1440,5,level,2.0,748,5.7043,0,208,29,1924.971031
50yr_1440m_h1135,50,1440,6,level,2.0,748,5.8369,0,214,29,2321.834571
50yr_1440m_h1135,50,1440,1,level,5.0,748,4.9188,0,234,23,343.806019
50yr_1440m_h1135,50,1440,2,level,5.0,748,5.0634,0,324,25,726.599517
50yr_1440m_h1135,50,1440,3,level,5.0,748,5.2643,0,288,26,1117.848442
50yr_1440m_h1135,50,1440,5,level,5.0,748,5.6903,0,265,28,1915.561298
50yr_1440m_h1135,50,1440,6,level,5.0,748,5.8369,0,265,29,2316.23901
50yr_1440m_h1135,50,1440,1,near_overflow,0.5,748,6.2971,0,78,42,379.983197
50yr_1440m_h1135,50,1440,2,near_overflow,0.5,748,5.4106,0,123,28,761.844629
50yr_1440m_h1135,50,1440,3,near_overflow,0.5,748,5.3229,0,174,27,1133.533431
50yr_1440m_h1135,50,1440,5,near_overflow,0.5,748,5.6633,0,114,29,1912.228465
50yr_1440m_h1135,50,1440,6,near_overflow,0.5,748,6.0113,0,101,29,2315.098825
80yr_0180m_h396,80,0180,1,level,2.0,118,5.0424,0,58,6,61.222633
80yr_0180m_h396,80,0180,2,level,2.0,118,5.399,0,27,6,127.910866
80yr_0180m_h396,80,0180,3,level,2.0,118,5.5935,0,38,7,194.839006
80yr_0180m_h396,80,0180,5,level,2.0,118,6.1709,0,31,9,338.994142
80yr_0180m_h396,80,0180,6,level,2.0,118,6.381,0,26,11,414.859455
50yr_1440m_h1135,50,1440,1,near_overflow,1.0,748,6.2971,0,78,42,379.983197
50yr_1440m_h1135,50,1440,2,near_overflow,1.0,748,5.4106,0,123,28,761.844629
50yr_1440m_h1135,50,1440,3,near_overflow,1.0,748,5.3229,0,174,27,1133.533431
50yr_1440m_h1135,50,1440,5,near_overflow,1.0,748,5.6633,0,114,29,1912.228465
50yr_1440m_h1135,50,1440,6,near_overflow,1.0,748,6.0113,0,101,29,2315.098825
80yr_0180m_h396,80,0180,1,near_overflow,1.0,118,6.3782,0,13,12,65.675188
80yr_0180m_h396,80,0180,2,near_overflow,1.0,118,5.5396,0,26,8,129.183134
80yr_0180m_h396,80,0180,3,near_overflow,1.0,118,5.8162,0,25,7,196.774172
80yr_0180m_h396,80,0180,5,near_overflow,1.0,118,6.3097,0,16,11,340.529221
80yr_0180m_h396,80,0180,6,near_overflow,1.0,118,6.4495,0,12,11,415.116318
80yr_0180m_h396,80,0180,1,level,5.0,118,4.9626,0,29,6,58.661879
80yr_0180m_h396,80,0180,2,level,5.0,118,5.399,0,39,6,125.67765
80yr_0180m_h396,80,0180,3,level,5.0,118,5.8155,0,35,6,193.326256
80yr_0180m_h396,80,0180,5,level,5.0,118,6.1709,0,31,9,337.727853
80yr_0180m_h396,80,0180,6,level,5.0,118,6.3893,0,29,10,417.128159
80yr_0180m_h396,80,0180,1,near_overflow,2.0,118,6.3782,0,13,12,65.675188
80yr_0180m_h396,80,0180,2,near_overflow,2.0,118,5.5396,0,26,8,129.183134
80yr_0180m_h396,80,0180,3,near_overflow,2.0,118,5.8162,0,25,7,196.774172
80yr_0180m_h396,80,0180,5,near_overflow,2.0,118,6.3097,0,16,11,340.529221
80yr_0180m_h396,80,0180,6,near_overflow,2.0,118,6.4495,0,12,11,415.116318
80yr_0180m_h396,80,0180,1,near_overflow,5.0,118,6.3782,0,13,12,65.675188
80yr_0180m_h396,80,0180,2,near_overflow,5.0,118,5.5396,0,26,8,129.183134
80yr_0180m_h396,80,0180,3,near_overflow,5.0,118,5.8162,0,25,7,196.774172
80yr_0180m_h396,80,0180,5,near_overflow,5.0,118,6.3097,0,16,11,340.529221
80yr_0180m_h396,80,0180,6,near_overflow,5.0,118,6.4495,0,12,11,415.116318
80yr_0180m_h396,80,0180,1,near_overflow,0.5,118,6.3782,0,13,12,65.675188
80yr_0180m_h396,80,0180,2,near_overflow,0.5,118,5.5396,0,26,8,129.183134
80yr_0180m_h396,80,0180,3,near_overflow,0.5,118,5.8162,0,25,7,196.774172
80yr_0180m_h396,80,0180,5,near_overflow,0.5,118,6.3097,0,16,11,340.529221
80yr_0180m_h396,80,0180,6,near_overflow,0.5,118,6.4495,0,12,11,415.116318
50yr_1440m_h1135,50,1440,1,near_overflow,2.0,748,6.2971,0,78,42,379.983197
50yr_1440m_h1135,50,1440,2,near_overflow,2.0,748,5.4106,0,123,28,761.844629
50yr_1440m_h1135,50,1440,3,near_overflow,2.0,748,5.3229,0,174,27,1133.533431
50yr_1440m_h1135,50,1440,5,near_overflow,2.0,748,5.6633,0,114,29,1912.228465
50yr_1440m_h1135,50,1440,6,near_overflow,2.0,748,6.0113,0,101,29,2315.098825
80yr_0180m_h481,80,0180,1,level,2.0,118,5.8535,0,42,17,63.024867
80yr_0180m_h481,80,0180,2,level,2.0,118,5.8341,0,25,19,128.660894
80yr_0180m_h481,80,0180,3,level,2.0,118,5.955,0,18,20,196.769136
80yr_0180m_h481,80,0180,5,level,2.0,118,6.0474,0,14,21,335.862346
80yr_0180m_h481,80,0180,6,level,2.0,118,6.1918,0,15,21,413.619337
80yr_0180m_h481,80,0180,1,level,0.5,118,5.8483,0,19,24,64.345052
80yr_0180m_h481,80,0180,2,level,0.5,118,5.8341,0,25,19,129.446565
80yr_0180m_h481,80,0180,3,level,0.5,118,5.955,0,16,20,196.953452
80yr_0180m_h481,80,0180,5,level,0.5,118,6.1469,0,15,21,336.770899
80yr_0180m_h481,80,0180,6,level,0.5,118,6.6548,0,14,21,419.655652
80yr_0180m_h481,80,0180,1,level,1.0,118,5.8483,0,22,22,63.960289
80yr_0180m_h481,80,0180,2,level,1.0,118,5.8341,0,25,19,129.394495
80yr_0180m_h481,80,0180,3,level,1.0,118,5.955,0,16,20,196.953452
80yr_0180m_h481,80,0180,5,level,1.0,118,6.026,0,13,21,335.627753
80yr_0180m_h481,80,0180,6,level,1.0,118,6.1918,0,14,21,413.439217
80yr_0180m_h481,80,0180,1,near_overflow,1.0,118,6.2511,0,16,30,65.740219
80yr_0180m_h481,80,0180,2,near_overflow,1.0,118,5.8555,0,14,21,131.228917
80yr_0180m_h481,80,0180,3,near_overflow,1.0,118,6.1966,0,16,20,199.507096
80yr_0180m_h481,80,0180,5,near_overflow,1.0,118,6.1844,0,14,21,336.486274
80yr_0180m_h481,80,0180,6,near_overflow,1.0,118,6.2819,0,16,21,415.277419
80yr_0180m_h481,80,0180,1,near_overflow,0.5,118,6.2511,0,16,30,65.740219
80yr_0180m_h481,80,0180,2,near_overflow,0.5,118,5.8555,0,14,21,131.228917
80yr_0180m_h481,80,0180,3,near_overflow,0.5,118,6.1966,0,16,20,199.507096
80yr_0180m_h481,80,0180,5,near_overflow,0.5,118,6.1844,0,14,21,336.486274
80yr_0180m_h481,80,0180,6,near_overflow,0.5,118,6.2819,0,16,21,415.277419
50yr_1440m_h1135,50,1440,1,level,1.0,748,5.5121,0,173,29,365.958343
50yr_1440m_h1135,50,1440,2,level,1.0,748,5.1067,0,254,25,748.807627
50yr_1440m_h1135,50,1440,3,level,1.0,748,5.3229,0,174,27,1132.673733
50yr_1440m_h1135,50,1440,5,level,1.0,748,5.6715,0,162,29,1921.502395
50yr_1440m_h1135,50,1440,6,level,1.0,748,5.8369,0,190,29,2321.056966
80yr_0180m_h481,80,0180,1,near_overflow,5.0,118,6.2511,0,16,30,65.740219
80yr_0180m_h481,80,0180,2,near_overflow,5.0,118,5.8555,0,14,21,131.228917
80yr_0180m_h481,80,0180,3,near_overflow,5.0,118,6.1966,0,16,20,199.507096
80yr_0180m_h481,80,0180,5,near_overflow,5.0,118,6.1844,0,14,21,336.486274
80yr_0180m_h481,80,0180,6,near_overflow,5.0,118,6.2819,0,16,21,415.277419
80yr_0180m_h481,80,0180,1,level,5.0,118,5.8307,0,18,17,59.900251
80yr_0180m_h481,80,0180,2,level,5.0,118,5.8341,0,30,18,127.376063
80yr_0180m_h481,80,0180,3,level,5.0,118,5.955,0,22,19,195.449506
80yr_0180m_h481,80,0180,5,level,5.0,118,6.1844,0,22,21,343.113715
80yr_0180m_h481,80,0180,6,level,5.0,118,6.1918,0,20,21,412.276183
80yr_0180m_h419,80,0180,1,level,0.5,118,5.854,0,28,18,63.365806
80yr_0180m_h419,80,0180,2,level,0.5,118,5.2686,0,28,14,128.55715
80yr_0180m_h419,80,0180,3,level,0.5,118,5.6129,0,24,14,195.997109
80yr_0180m_h419,80,0180,5,level,0.5,118,6.1519,0,15,16,338.356392
80yr_0180m_h419,80,0180,6,level,0.5,118,6.5984,0,18,22,414.419205
80yr_0180m_h419,80,0180,1,level,1.0,118,5.6276,0,28,17,62.501315
80yr_0180m_h419,80,0180,2,level,1.0,118,5.2686,0,28,14,128.533604
80yr_0180m_h419,80,0180,3,level,1.0,118,5.6129,0,23,14,195.821331
80yr_0180m_h419,80,0180,5,level,1.0,118,6.1519,0,17,16,337.808561
80yr_0180m_h419,80,0180,6,level,1.0,118,6.5984,0,16,22,412.476517
80yr_0180m_h419,80,0180,1,level,2.0,118,5.069,0,42,13,60.393492
80yr_0180m_h419,80,0180,2,level,2.0,118,5.4468,0,28,14,127.572907
80yr_0180m_h419,80,0180,3,level,2.0,118,5.6129,0,22,14,195.132715
80yr_0180m_h419,80,0180,5,level,2.0,118,6.0419,0,24,16,337.160626
80yr_0180m_h419,80,0180,6,level,2.0,118,6.5984,0,17,22,411.706692
80yr_0180m_h419,80,0180,1,level,5.0,118,4.9481,0,26,13,57.884033
80yr_0180m_h419,80,0180,2,level,5.0,118,5.4468,0,31,14,124.5988
80yr_0180m_h419,80,0180,3,level,5.0,118,5.5692,0,32,14,192.380632
80yr_0180m_h419,80,0180,5,level,5.0,118,6.2085,0,28,14,334.177766
80yr_0180m_h419,80,0180,6,level,5.0,118,6.496,0,22,21,409.197144
80yr_0180m_h481,80,0180,1,near_overflow,2.0,118,6.2511,0,16,30,65.740219
80yr_0180m_h481,80,0180,2,near_overflow,2.0,118,5.8555,0,14,21,131.228917
80yr_0180m_h481,80,0180,3,near_overflow,2.0,118,6.1966,0,16,20,199.507096
80yr_0180m_h481,80,0180,5,near_overflow,2.0,118,6.1844,0,14,21,336.486274
80yr_0180m_h481,80,0180,6,near_overflow,2.0,118,6.2819,0,16,21,415.277419
80yr_0180m_h419,80,0180,1,near_overflow,0.5,118,6.3197,0,10,21,65.943174
80yr_0180m_h419,80,0180,2,near_overflow,0.5,118,5.431,0,24,15,129.148011
80yr_0180m_h419,80,0180,3,near_overflow,0.5,118,5.8245,0,22,14,197.057933
80yr_0180m_h419,80,0180,5,near_overflow,0.5,118,6.2085,0,22,15,339.514031
80yr_0180m_h419,80,0180,6,near_overflow,0.5,118,6.4172,0,12,15,414.266729
80yr_0180m_h393,80,0180,1,level,0.5,118,5.6735,0,37,9,62.736049
80yr_0180m_h393,80,0180,2,level,0.5,118,5.2865,0,38,6,127.439075
80yr_0180m_h393,80,0180,3,level,0.5,118,5.7273,0,30,7,196.505994
80yr_0180m_h393,80,0180,5,level,0.5,118,6.3691,0,12,12,342.037432
80yr_0180m_h393,80,0180,6,level,0.5,118,6.37,0,14,11,415.437775
80yr_0180m_h419,80,0180,1,near_overflow,2.0,118,6.3197,0,10,21,65.943174
80yr_0180m_h419,80,0180,2,near_overflow,2.0,118,5.431,0,24,15,129.148011
80yr_0180m_h419,80,0180,3,near_overflow,2.0,118,5.8245,0,22,14,197.057933
80yr_0180m_h419,80,0180,5,near_overflow,2.0,118,6.2085,0,22,15,339.514031
80yr_0180m_h419,80,0180,6,near_overflow,2.0,118,6.4172,0,12,15,414.266729
80yr_0180m_h393,80,0180,1,level,1.0,118,5.6735,0,31,9,63.126594
80yr_0180m_h393,80,0180,2,level,1.0,118,5.2865,0,38,6,127.439075
80yr_0180m_h393,80,0180,3,level,1.0,118,5.7273,0,29,7,196.111871
80yr_0180m_h393,80,0180,5,level,1.0,118,6.3691,0,14,12,341.798515
80yr_0180m_h393,80,0180,6,level,1.0,118,6.37,0,18,11,414.602921
80yr_0180m_h393,80,0180,1,level,2.0,118,5.0718,0,58,6,61.108684
80yr_0180m_h393,80,0180,2,level,2.0,118,5.2865,0,38,6,126.552819
80yr_0180m_h393,80,0180,3,level,2.0,118,5.7273,0,31,7,195.40714
80yr_0180m_h393,80,0180,5,level,2.0,118,6.2296,0,26,11,340.743352
80yr_0180m_h393,80,0180,6,level,2.0,118,6.37,0,20,11,413.687242
50yr_1440m_h1135,50,1440,1,near_overflow,5.0,748,6.2971,0,78,42,379.983197
50yr_1440m_h1135,50,1440,2,near_overflow,5.0,748,5.4106,0,123,28,761.844629
50yr_1440m_h1135,50,1440,3,near_overflow,5.0,748,5.3229,0,174,27,1133.533431
50yr_1440m_h1135,50,1440,5,near_overflow,5.0,748,5.6633,0,114,29,1912.228465
50yr_1440m_h1135,50,1440,6,near_overflow,5.0,748,6.0113,0,101,29,2315.098825
80yr_0180m_h393,80,0180,1,level,5.0,118,4.9745,0,29,6,59.113899
80yr_0180m_h393,80,0180,2,level,5.0,118,5.2059,0,40,6,124.441719
80yr_0180m_h393,80,0180,3,level,5.0,118,5.5073,0,40,6,192.737871
80yr_0180m_h393,80,0180,5,level,5.0,118,6.2296,0,32,11,336.218689
80yr_0180m_h393,80,0180,6,level,5.0,118,6.37,0,24,11,411.65149
80yr_0180m_h393,80,0180,1,near_overflow,1.0,118,6.3691,0,12,12,65.577726
80yr_0180m_h393,80,0180,2,near_overflow,1.0,118,5.517,0,29,8,128.7012
80yr_0180m_h393,80,0180,3,near_overflow,1.0,118,5.8271,0,24,7,197.780974
80yr_0180m_h393,80,0180,5,near_overflow,1.0,118,6.3691,0,12,12,342.191982
80yr_0180m_h393,80,0180,6,near_overflow,1.0,118,6.4384,0,14,11,415.111249
80yr_0180m_h419,80,0180,1,near_overflow,1.0,118,6.3197,0,10,21,65.943174
80yr_0180m_h419,80,0180,2,near_overflow,1.0,118,5.431,0,24,15,129.148011
80yr_0180m_h419,80,0180,3,near_overflow,1.0,118,5.8245,0,22,14,197.057933
80yr_0180m_h419,80,0180,5,near_overflow,1.0,118,6.2085,0,22,15,339.514031
80yr_0180m_h419,80,0180,6,near_overflow,1.0,118,6.4172,0,12,15,414.266729
80yr_0180m_h419,80,0180,1,near_overflow,5.0,118,6.3197,0,10,21,65.943174
80yr_0180m_h419,80,0180,2,near_overflow,5.0,118,5.431,0,24,15,129.148011
80yr_0180m_h419,80,0180,3,near_overflow,5.0,118,5.8245,0,22,14,197.057933
80yr_0180m_h419,80,0180,5,near_overflow,5.0,118,6.2085,0,22,15,339.514031
80yr_0180m_h419,80,0180,6,near_overflow,5.0,118,6.4172,0,12,15,414.266729
80yr_0180m_h393,80,0180,1,near_overflow,2.0,118,6.3691,0,12,12,65.577726
80yr_0180m_h393,80,0180,2,near_overflow,2.0,118,5.517,0,29,8,128.7012
80yr_0180m_h393,80,0180,3,near_overflow,2.0,118,5.8271,0,24,7,197.780974
80yr_0180m_h393,80,0180,5,near_overflow,2.0,118,6.3691,0,12,12,342.191982
80yr_0180m_h393,80,0180,6,near_overflow,2.0,118,6.4384,0,14,11,415.111249
80yr_0180m_h480,80,0180,1,level,0.5,118,5.9102,0,22,24,64.58988
80yr_0180m_h480,80,0180,2,level,0.5,118,6.0168,0,26,19,130.754461
80yr_0180m_h480,80,0180,3,level,0.5,118,6.0168,0,16,20,197.792527
80yr_0180m_h480,80,0180,5,level,0.5,118,6.1567,0,14,21,337.425511
80yr_0180m_h480,80,0180,6,level,0.5,118,6.3674,0,16,21,415.046678
80yr_0180m_h480,80,0180,1,level,1.0,118,5.9163,0,24,22,64.031538
80yr_0180m_h480,80,0180,2,level,1.0,118,6.0168,0,26,19,130.729603
80yr_0180m_h480,80,0180,3,level,1.0,118,6.0168,0,16,20,197.77357
80yr_0180m_h480,80,0180,5,level,1.0,118,6.1567,0,12,21,338.256732
80yr_0180m_h480,80,0180,6,level,1.0,118,6.4358,0,15,21,413.74491
80yr_0180m_h393,80,0180,1,near_overflow,5.0,118,6.3691,0,12,12,65.577726
80yr_0180m_h393,80,0180,2,near_overflow,5.0,118,5.517,0,29,8,128.7012
80yr_0180m_h393,80,0180,3,near_overflow,5.0,118,5.8271,0,24,7,197.780974
80yr_0180m_h393,80,0180,5,near_overflow,5.0,118,6.3691,0,12,12,342.191982
80yr_0180m_h393,80,0180,6,near_overflow,5.0,118,6.4384,0,14,11,415.111249
80yr_0180m_h480,80,0180,1,level,2.0,118,5.9408,0,35,17,63.511137
80yr_0180m_h480,80,0180,2,level,2.0,118,6.0168,0,26,19,130.038241
80yr_0180m_h480,80,0180,3,level,2.0,118,6.0168,0,17,20,197.614965
80yr_0180m_h480,80,0180,5,level,2.0,118,6.1305,0,12,21,337.700123
80yr_0180m_h480,80,0180,6,level,2.0,118,6.2346,0,19,21,413.908915
80yr_0180m_h480,80,0180,1,level,5.0,118,5.9096,0,18,17,60.334024
80yr_0180m_h480,80,0180,2,level,5.0,118,5.9096,0,27,18,127.958521
80yr_0180m_h480,80,0180,3,level,5.0,118,6.0168,0,20,19,196.15781
80yr_0180m_h480,80,0180,5,level,5.0,118,6.1305,0,16,21,336.848848
80yr_0180m_h480,80,0180,6,level,5.0,118,6.23,0,21,21,410.910878
80yr_0180m_h393,80,0180,1,near_overflow,0.5,118,6.3691,0,12,12,65.577726
80yr_0180m_h393,80,0180,2,near_overflow,0.5,118,5.517,0,29,8,128.7012
80yr_0180m_h393,80,0180,3,near_overflow,0.5,118,5.8271,0,24,7,197.780974
80yr_0180m_h393,80,0180,5,near_overflow,0.5,118,6.3691,0,12,12,342.191982
80yr_0180m_h393,80,0180,6,near_overflow,0.5,118,6.4384,0,14,11,415.111249
80yr_0180m_h480,80,0180,1,near_overflow,5.0,118,6.2717,0,14,30,65.880541
80yr_0180m_h480,80,0180,2,near_overflow,5.0,118,5.9671,0,14,21,132.020448
80yr_0180m_h480,80,0180,3,near_overflow,5.0,118,6.1377,0,16,20,199.871425
80yr_0180m_h480,80,0180,5,near_overflow,5.0,118,6.2229,0,13,21,339.500311
80yr_0180m_h480,80,0180,6,near_overflow,5.0,118,6.4106,0,13,21,411.828135
80yr_0180m_h480,80,0180,1,near_overflow,0.5,118,6.2717,0,14,30,65.880541
80yr_0180m_h480,80,0180,2,near_overflow,0.5,118,5.9671,0,14,21,132.020448
80yr_0180m_h480,80,0180,3,near_overflow,0.5,118,6.1377,0,16,20,199.871425
80yr_0180m_h480,80,0180,5,near_overflow,0.5,118,6.2229,0,13,21,339.500311
80yr_0180m_h480,80,0180,6,near_overflow,0.5,118,6.4106,0,13,21,411.828135
80yr_0240m_h578,80,0240,1,level,0.5,148,5.8054,0,39,25,78.875652
80yr_0240m_h578,80,0240,2,level,0.5,148,5.2669,0,36,19,159.707497
80yr_0240m_h578,80,0240,3,level,0.5,148,5.6409,0,28,20,243.81436
80yr_0240m_h578,80,0240,5,level,0.5,148,6.0279,0,16,21,419.609458
80yr_0240m_h578,80,0240,6,level,0.5,148,6.3844,0,17,22,511.982289
80yr_0240m_h578,80,0240,1,level,1.0,148,5.4981,0,43,23,77.125294
80yr_0240m_h578,80,0240,2,level,1.0,148,5.2669,0,36,19,159.658573
80yr_0240m_h578,80,0240,3,level,1.0,148,5.6409,0,26,20,243.497667
80yr_0240m_h578,80,0240,5,level,1.0,148,6.0279,0,20,21,418.743554
80yr_0240m_h578,80,0240,6,level,1.0,148,6.3844,0,22,22,509.784847
80yr_0240m_h578,80,0240,1,level,2.0,148,5.0392,0,55,18,75.504806
80yr_0240m_h578,80,0240,2,level,2.0,148,5.2669,0,36,19,158.61446
80yr_0240m_h578,80,0240,3,level,2.0,148,5.6409,0,32,20,242.367681
80yr_0240m_h578,80,0240,5,level,2.0,148,6.0279,0,26,21,417.726027
80yr_0240m_h578,80,0240,6,level,2.0,148,6.3226,0,25,22,507.615133
80yr_0240m_h578,80,0240,1,near_overflow,0.5,148,6.2742,0,16,32,81.03945
80yr_0240m_h578,80,0240,2,near_overflow,0.5,148,5.5217,0,27,21,160.418506
80yr_0240m_h578,80,0240,3,near_overflow,0.5,148,5.8056,0,20,20,245.116541
80yr_0240m_h578,80,0240,5,near_overflow,0.5,148,6.2556,0,13,21,423.47417
80yr_0240m_h578,80,0240,6,near_overflow,0.5,148,6.4529,0,16,22,510.831097
80yr_0180m_h480,80,0180,1,near_overflow,1.0,118,6.2717,0,14,30,65.880541
80yr_0180m_h480,80,0180,2,near_overflow,1.0,118,5.9671,0,14,21,132.020448
80yr_0180m_h480,80,0180,3,near_overflow,1.0,118,6.1377,0,16,20,199.871425
80yr_0180m_h480,80,0180,5,near_overflow,1.0,118,6.2229,0,13,21,339.500311
80yr_0180m_h480,80,0180,6,near_overflow,1.0,118,6.4106,0,13,21,411.828135
80yr_0180m_h480,80,0180,1,near_overflow,2.0,118,6.2717,0,14,30,65.880541
80yr_0180m_h480,80,0180,2,near_overflow,2.0,118,5.9671,0,14,21,132.020448
80yr_0180m_h480,80,0180,3,near_overflow,2.0,118,6.1377,0,16,20,199.871425
80yr_0180m_h480,80,0180,5,near_overflow,2.0,118,6.2229,0,13,21,339.500311
80yr_0180m_h480,80,0180,6,near_overflow,2.0,118,6.4106,0,13,21,411.828135
80yr_0240m_h578,80,0240,1,level,5.0,148,4.9592,0,26,18,71.930912
80yr_0240m_h578,80,0240,2,level,5.0,148,5.2195,0,48,19,155.457885
80yr_0240m_h578,80,0240,3,level,5.0,148,5.8292,0,39,20,240.716652
80yr_0240m_h578,80,0240,5,level,5.0,148,6.1103,0,31,21,416.695589
80yr_0240m_h578,80,0240,6,level,5.0,148,6.3226,0,29,21,503.875006
80yr_0240m_h578,80,0240,1,near_overflow,2.0,148,6.2742,0,16,32,81.03945
80yr_0240m_h578,80,0240,2,near_overflow,2.0,148,5.5217,0,27,21,160.418506
80yr_0240m_h578,80,0240,3,near_overflow,2.0,148,5.8056,0,20,20,245.116541
80yr_0240m_h578,80,0240,5,near_overflow,2.0,148,6.2556,0,13,21,423.47417
80yr_0240m_h578,80,0240,6,near_overflow,2.0,148,6.4529,0,16,22,510.831097
80yr_0240m_h578,80,0240,1,near_overflow,5.0,148,6.2742,0,16,32,81.03945
80yr_0240m_h578,80,0240,2,near_overflow,5.0,148,5.5217,0,27,21,160.418506
80yr_0240m_h578,80,0240,3,near_overflow,5.0,148,5.8056,0,20,20,245.116541
80yr_0240m_h578,80,0240,5,near_overflow,5.0,148,6.2556,0,13,21,423.47417
80yr_0240m_h578,80,0240,6,near_overflow,5.0,148,6.4529,0,16,22,510.831097
80yr_0240m_h569,80,0240,1,level,0.5,148,5.8132,0,36,25,78.941906
80yr_0240m_h569,80,0240,2,level,0.5,148,5.2706,0,40,19,159.322998
80yr_0240m_h569,80,0240,3,level,0.5,148,5.4604,0,34,20,242.751927
80yr_0240m_h569,80,0240,5,level,0.5,148,6.0681,0,15,21,419.336482
80yr_0240m_h569,80,0240,6,level,0.5,148,6.337,0,16,21,512.234688
80yr_0240m_h569,80,0240,1,level,1.0,148,5.5367,0,46,23,77.394609
80yr_0240m_h569,80,0240,2,level,1.0,148,5.2706,0,40,19,159.200986
80yr_0240m_h569,80,0240,3,level,1.0,148,5.4604,0,30,20,243.265858
80yr_0240m_h569,80,0240,5,level,1.0,148,6.0681,0,20,21,418.692748
80yr_0240m_h569,80,0240,6,level,1.0,148,6.337,0,20,21,511.618825
80yr_0240m_h569,80,0240,1,level,2.0,148,5.07,0,47,18,75.539597
80yr_0240m_h569,80,0240,2,level,2.0,148,5.2706,0,40,19,158.001139
80yr_0240m_h569,80,0240,3,level,2.0,148,5.4604,0,35,20,242.208669
80yr_0240m_h569,80,0240,5,level,2.0,148,6.096,0,31,21,417.393339
80yr_0240m_h569,80,0240,6,level,2.0,148,6.337,0,20,21,509.537105
80yr_0240m_h569,80,0240,1,level,5.0,148,4.9638,0,24,18,72.234398
80yr_0240m_h569,80,0240,2,level,5.0,148,5.2079,0,50,19,155.6911
80yr_0240m_h569,80,0240,3,level,5.0,148,5.4604,0,36,20,240.638724
80yr_0240m_h569,80,0240,5,level,5.0,148,6.1383,0,29,21,415.517742
80yr_0240m_h569,80,0240,6,level,5.0,148,6.337,0,25,21,506.550077
80yr_0240m_h578,80,0240,1,near_overflow,1.0,148,6.2742,0,16,32,81.03945
80yr_0240m_h578,80,0240,2,near_overflow,1.0,148,5.5217,0,27,21,160.418506
80yr_0240m_h578,80,0240,3,near_overflow,1.0,148,5.8056,0,20,20,245.116541
80yr_0240m_h578,80,0240,5,near_overflow,1.0,148,6.2556,0,13,21,423.47417
80yr_0240m_h578,80,0240,6,near_overflow,1.0,148,6.4529,0,16,22,510.831097
80yr_0240m_h569,80,0240,1,near_overflow,2.0,148,6.2905,0,18,32,81.107481
80yr_0240m_h569,80,0240,2,near_overflow,2.0,148,5.4771,0,25,21,161.39005
80yr_0240m_h569,80,0240,3,near_overflow,2.0,148,5.8111,0,24,20,245.404489
80yr_0240m_h569,80,0240,5,near_overflow,2.0,148,6.1976,0,16,21,422.130892
80yr_0240m_h569,80,0240,6,near_overflow,2.0,148,6.337,0,16,21,512.138324
80yr_0240m_h569,80,0240,1,near_overflow,5.0,148,6.2905,0,18,32,81.107481
80yr_0240m_h569,80,0240,2,near_overflow,5.0,148,5.4771,0,25,21,161.39005
80yr_0240m_h569,80,0240,3,near_overflow,5.0,148,5.8111,0,24,20,245.404489
80yr_0240m_h569,80,0240,5,near_overflow,5.0,148,6.1976,0,16,21,422.130892
80yr_0240m_h569,80,0240,6,near_overflow,5.0,148,6.337,0,16,21,512.138324
80yr_0240m_h559,80,0240,1,level,1.0,148,5.5219,0,38,23,77.6698
80yr_0240m_h559,80,0240,2,level,1.0,148,5.2328,0,42,19,159.125469
80yr_0240m_h559,80,0240,3,level,1.0,148,5.6068,0,29,20,243.303076
80yr_0240m_h559,80,0240,5,level,1.0,148,6.2212,0,20,21,422.051853
80yr_0240m_h559,80,0240,6,level,1.0,148,6.3534,0,18,21,509.336924
80yr_0240m_h559,80,0240,1,level,2.0,148,5.0571,0,48,18,75.137423
80yr_0240m_h559,80,0240,2,level,2.0,148,5.2893,0,40,19,157.705106
80yr_0240m_h559,80,0240,3,level,2.0,148,5.6068,0,36,20,242.260223
80yr_0240m_h559,80,0240,5,level,2.0,148,6.2212,0,26,21,419.945131
80yr_0240m_h559,80,0240,6,level,2.0,148,6.2944,0,22,21,508.32905
80yr_0240m_h559,80,0240,1,level,0.5,148,5.8096,0,39,25,78.576889
80yr_0240m_h559,80,0240,2,level,0.5,148,5.2328,0,42,19,159.18632
80yr_0240m_h559,80,0240,3,level,0.5,148,5.6068,0,29,20,243.908457
80yr_0240m_h559,80,0240,5,level,0.5,148,6.2212,0,18,21,421.408947
80yr_0240m_h559,80,0240,6,level,0.5,148,6.3534,0,18,21,511.488752
80yr_0240m_h559,80,0240,1,level,5.0,148,4.9524,0,25,18,72.122348
80yr_0240m_h559,80,0240,2,level,5.0,148,5.2165,0,54,19,155.596143
80yr_0240m_h559,80,0240,3,level,5.0,148,5.3439,0,31,20,240.057946
80yr_0240m_h559,80,0240,5,level,5.0,148,6.3125,0,30,21,418.405125
80yr_0240m_h559,80,0240,6,level,5.0,148,6.3534,0,29,21,503.220152
80yr_0240m_h569,80,0240,1,near_overflow,0.5,148,6.2905,0,18,32,81.107481
80yr_0240m_h569,80,0240,2,near_overflow,0.5,148,5.4771,0,25,21,161.39005
80yr_0240m_h569,80,0240,3,near_overflow,0.5,148,5.8111,0,24,20,245.404489
80yr_0240m_h569,80,0240,5,near_overflow,0.5,148,6.1976,0,16,21,422.130892
80yr_0240m_h569,80,0240,6,near_overflow,0.5,148,6.337,0,16,21,512.138324
80yr_0240m_h559,80,0240,1,near_overflow,0.5,148,6.282,0,15,32,81.25224
80yr_0240m_h559,80,0240,2,near_overflow,0.5,148,5.4406,0,30,21,160.891448
80yr_0240m_h559,80,0240,3,near_overflow,0.5,148,5.8045,0,24,20,245.498451
80yr_0240m_h559,80,0240,5,near_overflow,0.5,148,6.2212,0,16,21,422.743546
80yr_0240m_h559,80,0240,6,near_overflow,0.5,148,6.3534,0,15,21,511.527132
80yr_0240m_h569,80,0240,1,near_overflow,1.0,148,6.2905,0,18,32,81.107481
80yr_0240m_h569,80,0240,2,near_overflow,1.0,148,5.4771,0,25,21,161.39005
80yr_0240m_h569,80,0240,3,near_overflow,1.0,148,5.8111,0,24,20,245.404489
80yr_0240m_h569,80,0240,5,near_overflow,1.0,148,6.1976,0,16,21,422.130892
80yr_0240m_h569,80,0240,6,near_overflow,1.0,148,6.337,0,16,21,512.138324
80yr_0240m_h559,80,0240,1,near_overflow,2.0,148,6.282,0,15,32,81.25224
80yr_0240m_h559,80,0240,2,near_overflow,2.0,148,5.4406,0,30,21,160.891448
80yr_0240m_h559,80,0240,3,near_overflow,2.0,148,5.8045,0,24,20,245.498451
80yr_0240m_h559,80,0240,5,near_overflow,2.0,148,6.2212,0,16,21,422.743546
80yr_0240m_h559,80,0240,6,near_overflow,2.0,148,6.3534,0,15,21,511.527132
80yr_0240m_h559,80,0240,1,near_overflow,5.0,148,6.282,0,15,32,81.25224
80yr_0240m_h559,80,0240,2,near_overflow,5.0,148,5.4406,0,30,21,160.891448
80yr_0240m_h559,80,0240,3,near_overflow,5.0,148,5.8045,0,24,20,245.498451
80yr_0240m_h559,80,0240,5,near_overflow,5.0,148,6.2212,0,16,21,422.743546
80yr_0240m_h559,80,0240,6,near_overflow,5.0,148,6.3534,0,15,21,511.527132
80yr_0240m_h559,80,0240,1,near_overflow,1.0,148,6.282,0,15,32,81.25224
80yr_0240m_h559,80,0240,2,near_overflow,1.0,148,5.4406,0,30,21,160.891448
80yr_0240m_h559,80,0240,3,near_overflow,1.0,148,5.8045,0,24,20,245.498451
80yr_0240m_h559,80,0240,5,near_overflow,1.0,148,6.2212,0,16,21,422.743546
80yr_0240m_h559,80,0240,6,near_overflow,1.0,148,6.3534,0,15,21,511.527132
80yr_0240m_h536,80,0240,1,level,0.5,148,5.8977,0,52,22,77.565329
80yr_0240m_h536,80,0240,2,level,0.5,148,5.2784,0,42,17,159.711827
80yr_0240m_h536,80,0240,3,level,0.5,148,5.6057,0,36,17,244.187351
80yr_0240m_h536,80,0240,5,level,0.5,148,6.1935,0,29,18,422.276786
80yr_0240m_h536,80,0240,6,level,0.5,148,6.4986,0,21,18,515.513045
80yr_0240m_h536,80,0240,1,level,2.0,148,5.072,0,60,16,76.332164
80yr_0240m_h536,80,0240,2,level,2.0,148,5.3232,0,44,17,158.247312
80yr_0240m_h536,80,0240,3,level,2.0,148,5.6057,0,38,17,243.096775
80yr_0240m_h536,80,0240,5,level,2.0,148,6.0985,0,40,20,421.938273
80yr_0240m_h536,80,0240,6,level,2.0,148,6.4986,0,29,18,513.734265
80yr_0240m_h536,80,0240,1,level,1.0,148,5.5473,0,52,20,77.135327
80yr_0240m_h536,80,0240,2,level,1.0,148,5.2784,0,42,17,159.711827
80yr_0240m_h536,80,0240,3,level,1.0,148,5.6057,0,32,17,243.936885
80yr_0240m_h536,80,0240,5,level,1.0,148,6.0274,0,30,20,422.464807
80yr_0240m_h536,80,0240,6,level,1.0,148,6.4986,0,27,18,515.692849
80yr_0240m_h536,80,0240,1,level,5.0,148,4.9653,0,36,16,72.550269
80yr_0240m_h536,80,0240,2,level,5.0,148,5.1535,0,52,16,154.885216
80yr_0240m_h536,80,0240,3,level,5.0,148,5.6057,0,48,17,240.38254
80yr_0240m_h536,80,0240,5,level,5.0,148,6.3277,0,37,25,419.967216
80yr_0240m_h536,80,0240,6,level,5.0,148,6.3392,0,41,18,512.150985
80yr_0240m_h536,80,0240,1,near_overflow,1.0,148,6.2795,0,17,25,81.331503
80yr_0240m_h536,80,0240,2,near_overflow,1.0,148,5.4534,0,32,18,160.995724
80yr_0240m_h536,80,0240,3,near_overflow,1.0,148,5.8252,0,30,17,245.230087
80yr_0240m_h536,80,0240,5,near_overflow,1.0,148,6.1935,0,21,18,423.240932
80yr_0240m_h536,80,0240,6,near_overflow,1.0,148,6.4986,0,22,18,514.453919
50yr_1440m_h1146,50,1440,1,level,0.5,748,5.796,0,131,32,368.554605
50yr_1440m_h1146,50,1440,2,level,0.5,748,5.1059,0,256,25,748.63572
50yr_1440m_h1146,50,1440,3,level,0.5,748,5.2972,0,174,27,1132.914139
50yr_1440m_h1146,50,1440,5,level,0.5,748,5.7081,0,140,29,1915.551692
50yr_1440m_h1146,50,1440,6,level,0.5,748,5.9392,0,132,29,2317.140606
50yr_1440m_h1146,50,1440,1,level,1.0,748,5.5137,0,171,29,366.157187
50yr_1440m_h1146,50,1440,2,level,1.0,748,5.1059,0,256,25,748.63572
50yr_1440m_h1146,50,1440,3,level,1.0,748,5.2972,0,174,27,1132.914139
50yr_1440m_h1146,50,1440,5,level,1.0,748,5.6887,0,162,29,1918.960784
50yr_1440m_h1146,50,1440,6,level,1.0,748,5.9392,0,176,29,2324.523682
50yr_1440m_h1146,50,1440,1,level,2.0,748,4.9193,0,436,23,358.729583
50yr_1440m_h1146,50,1440,2,level,2.0,748,5.1059,0,256,25,739.042328
50yr_1440m_h1146,50,1440,3,level,2.0,748,5.3193,0,224,27,1129.975828
50yr_1440m_h1146,50,1440,5,level,2.0,748,5.6687,0,210,29,1922.089395
50yr_1440m_h1146,50,1440,6,level,2.0,748,5.9392,0,200,29,2324.543696
80yr_0240m_h536,80,0240,1,near_overflow,0.5,148,6.2795,0,17,25,81.331503
80yr_0240m_h536,80,0240,2,near_overflow,0.5,148,5.4534,0,32,18,160.995724
80yr_0240m_h536,80,0240,3,near_overflow,0.5,148,5.8252,0,30,17,245.230087
80yr_0240m_h536,80,0240,5,near_overflow,0.5,148,6.1935,0,21,18,423.240932
80yr_0240m_h536,80,0240,6,near_overflow,0.5,148,6.4986,0,22,18,514.453919
50yr_1440m_h1146,50,1440,1,level,5.0,748,4.9199,0,234,23,342.696597
50yr_1440m_h1146,50,1440,2,level,5.0,748,5.0837,0,332,25,725.389069
50yr_1440m_h1146,50,1440,3,level,5.0,748,5.2866,0,304,26,1117.695242
50yr_1440m_h1146,50,1440,5,level,5.0,748,5.6381,0,264,28,1912.933235
50yr_1440m_h1146,50,1440,6,level,5.0,748,5.9392,0,242,29,2321.468592
50yr_1440m_h1146,50,1440,1,near_overflow,1.0,748,6.3015,0,71,42,380.099892
50yr_1440m_h1146,50,1440,2,near_overflow,1.0,748,5.3952,0,128,28,761.549525
50yr_1440m_h1146,50,1440,3,near_overflow,1.0,748,5.2972,0,174,27,1133.80911
50yr_1440m_h1146,50,1440,5,near_overflow,1.0,748,5.6887,0,114,29,1913.489409
50yr_1440m_h1146,50,1440,6,near_overflow,1.0,748,6.0017,0,98,29,2319.821579
50yr_1440m_h1146,50,1440,1,near_overflow,5.0,748,6.3015,0,71,42,380.099892
50yr_1440m_h1146,50,1440,2,near_overflow,5.0,748,5.3952,0,128,28,761.549525
50yr_1440m_h1146,50,1440,3,near_overflow,5.0,748,5.2972,0,174,27,1133.80911
50yr_1440m_h1146,50,1440,5,near_overflow,5.0,748,5.6887,0,114,29,1913.489409
50yr_1440m_h1146,50,1440,6,near_overflow,5.0,748,6.0017,0,98,29,2319.821579
80yr_0240m_h536,80,0240,1,near_overflow,2.0,148,6.2795,0,17,25,81.331503
80yr_0240m_h536,80,0240,2,near_overflow,2.0,148,5.4534,0,32,18,160.995724
80yr_0240m_h536,80,0240,3,near_overflow,2.0,148,5.8252,0,30,17,245.230087
80yr_0240m_h536,80,0240,5,near_overflow,2.0,148,6.1935,0,21,18,423.240932
80yr_0240m_h536,80,0240,6,near_overflow,2.0,148,6.4986,0,22,18,514.453919
80yr_0240m_h536,80,0240,1,near_overflow,5.0,148,6.2795,0,17,25,81.331503
80yr_0240m_h536,80,0240,2,near_overflow,5.0,148,5.4534,0,32,18,160.995724
80yr_0240m_h536,80,0240,3,near_overflow,5.0,148,5.8252,0,30,17,245.230087
80yr_0240m_h536,80,0240,5,near_overflow,5.0,148,6.1935,0,21,18,423.240932
80yr_0240m_h536,80,0240,6,near_overflow,5.0,148,6.4986,0,22,18,514.453919
80yr_0240m_h539,80,0240,1,level,0.5,148,5.8954,0,44,22,77.950248
80yr_0240m_h539,80,0240,2,level,0.5,148,5.2995,0,43,17,159.280066
80yr_0240m_h539,80,0240,3,level,0.5,148,5.6249,0,32,17,245.095529
80yr_0240m_h539,80,0240,5,level,0.5,148,6.2412,0,27,18,423.330625
80yr_0240m_h539,80,0240,6,level,0.5,148,6.5282,0,25,18,514.998974
80yr_0240m_h539,80,0240,1,level,1.0,148,5.5464,0,44,20,77.642561
80yr_0240m_h539,80,0240,2,level,1.0,148,5.2995,0,43,17,159.209728
80yr_0240m_h539,80,0240,3,level,1.0,148,5.6249,0,32,17,245.040413
80yr_0240m_h539,80,0240,5,level,1.0,148,6.1028,0,25,20,423.064294
80yr_0240m_h539,80,0240,6,level,1.0,148,6.5282,0,29,18,515.375638
80yr_0240m_h539,80,0240,1,near_overflow,0.5,148,6.2734,0,17,25,81.216863
80yr_0240m_h539,80,0240,2,near_overflow,0.5,148,5.4255,0,30,18,161.233077
80yr_0240m_h539,80,0240,3,near_overflow,0.5,148,5.8113,0,26,17,245.969151
80yr_0240m_h539,80,0240,5,near_overflow,0.5,148,6.2412,0,19,18,424.713978
80yr_0240m_h539,80,0240,6,near_overflow,0.5,148,6.5282,0,21,18,514.463646
80yr_0240m_h539,80,0240,1,level,5.0,148,4.9475,0,36,16,72.195253
80yr_0240m_h539,80,0240,2,level,5.0,148,5.1999,0,54,16,154.59514
80yr_0240m_h539,80,0240,3,level,5.0,148,5.6619,0,45,17,240.733046
80yr_0240m_h539,80,0240,5,level,5.0,148,6.1701,0,38,23,420.154277
80yr_0240m_h539,80,0240,6,level,5.0,148,6.2439,0,36,18,510.022587
80yr_0240m_h539,80,0240,1,near_overflow,1.0,148,6.2734,0,17,25,81.216863
80yr_0240m_h539,80,0240,2,near_overflow,1.0,148,5.4255,0,30,18,161.233077
80yr_0240m_h539,80,0240,3,near_overflow,1.0,148,5.8113,0,26,17,245.969151
80yr_0240m_h539,80,0240,5,near_overflow,1.0,148,6.2412,0,19,18,424.713978
80yr_0240m_h539,80,0240,6,near_overflow,1.0,148,6.5282,0,21,18,514.463646
80yr_0240m_h539,80,0240,1,near_overflow,2.0,148,6.2734,0,17,25,81.216863
80yr_0240m_h539,80,0240,2,near_overflow,2.0,148,5.4255,0,30,18,161.233077
80yr_0240m_h539,80,0240,3,near_overflow,2.0,148,5.8113,0,26,17,245.969151
80yr_0240m_h539,80,0240,5,near_overflow,2.0,148,6.2412,0,19,18,424.713978
80yr_0240m_h539,80,0240,6,near_overflow,2.0,148,6.5282,0,21,18,514.463646
80yr_0240m_h539,80,0240,1,near_overflow,5.0,148,6.2734,0,17,25,81.216863
80yr_0240m_h539,80,0240,2,near_overflow,5.0,148,5.4255,0,30,18,161.233077
80yr_0240m_h539,80,0240,3,near_overflow,5.0,148,5.8113,0,26,17,245.969151
80yr_0240m_h539,80,0240,5,near_overflow,5.0,148,6.2412,0,19,18,424.713978
80yr_0240m_h539,80,0240,6,near_overflow,5.0,148,6.5282,0,21,18,514.463646
80yr_0240m_h539,80,0240,1,level,2.0,148,5.0436,0,66,16,75.964146
80yr_0240m_h539,80,0240,2,level,2.0,148,5.2995,0,43,17,157.905581
80yr_0240m_h539,80,0240,3,level,2.0,148,5.6249,0,38,17,244.439027
80yr_0240m_h539,80,0240,5,level,2.0,148,6.1154,0,39,20,422.042188
80yr_0240m_h539,80,0240,6,level,2.0,148,6.3145,0,35,18,513.258622
80yr_0360m_h677,80,0360,1,level,1.0,208,5.4556,0,39,25,110.130767
80yr_0360m_h677,80,0360,2,level,1.0,208,5.378,0,42,21,222.772951
80yr_0360m_h677,80,0360,3,level,1.0,208,5.6604,0,22,22,338.211136
80yr_0360m_h677,80,0360,5,level,1.0,208,6.3436,0,30,23,592.813072
80yr_0360m_h677,80,0360,6,level,1.0,208,6.5054,0,31,24,715.744844
80yr_0360m_h677,80,0360,1,level,2.0,208,5.073,0,62,20,107.38595
80yr_0360m_h677,80,0360,2,level,2.0,208,5.378,0,42,21,220.97405
80yr_0360m_h677,80,0360,3,level,2.0,208,5.6604,0,30,22,337.029723
80yr_0360m_h677,80,0360,5,level,2.0,208,6.3436,0,29,23,594.59305
80yr_0360m_h677,80,0360,6,level,2.0,208,6.5054,0,33,24,716.326641
80yr_0360m_h677,80,0360,1,level,5.0,208,4.9714,0,42,20,105.201328
80yr_0360m_h677,80,0360,2,level,5.0,208,5.2497,0,56,21,215.963486
80yr_0360m_h677,80,0360,3,level,5.0,208,5.5236,0,40,22,336.180596
80yr_0360m_h677,80,0360,5,level,5.0,208,6.4114,0,39,23,596.214656
80yr_0360m_h677,80,0360,6,level,5.0,208,6.2464,0,31,24,713.777645
80yr_0360m_h677,80,0360,1,level,0.5,208,5.8042,0,49,27,109.328132
80yr_0360m_h677,80,0360,2,level,0.5,208,5.378,0,42,21,222.829687
80yr_0360m_h677,80,0360,3,level,0.5,208,5.6772,0,28,22,340.868358
80yr_0360m_h677,80,0360,5,level,0.5,208,6.3436,0,26,23,591.140049
80yr_0360m_h677,80,0360,6,level,0.5,208,6.5054,0,15,24,720.182445
80yr_0360m_h677,80,0360,1,near_overflow,0.5,208,6.3329,0,18,33,113.463205
80yr_0360m_h677,80,0360,2,near_overflow,0.5,208,5.4727,0,32,23,224.489516
80yr_0360m_h677,80,0360,3,near_overflow,0.5,208,5.8094,0,28,22,342.26348
80yr_0360m_h677,80,0360,5,near_overflow,0.5,208,6.3436,0,18,23,592.009169
80yr_0360m_h677,80,0360,6,near_overflow,0.5,208,6.5054,0,14,24,716.596617
80yr_0360m_h677,80,0360,1,near_overflow,1.0,208,6.3329,0,18,33,113.463205
80yr_0360m_h677,80,0360,2,near_overflow,1.0,208,5.4727,0,32,23,224.489516
80yr_0360m_h677,80,0360,3,near_overflow,1.0,208,5.8094,0,28,22,342.26348
80yr_0360m_h677,80,0360,5,near_overflow,1.0,208,6.3436,0,18,23,592.009169
80yr_0360m_h677,80,0360,6,near_overflow,1.0,208,6.5054,0,14,24,716.596617
80yr_0360m_h677,80,0360,1,near_overflow,2.0,208,6.3329,0,18,33,113.463205
80yr_0360m_h677,80,0360,2,near_overflow,2.0,208,5.4727,0,32,23,224.489516
80yr_0360m_h677,80,0360,3,near_overflow,2.0,208,5.8094,0,28,22,342.26348
80yr_0360m_h677,80,0360,5,near_overflow,2.0,208,6.3436,0,18,23,592.009169
80yr_0360m_h677,80,0360,6,near_overflow,2.0,208,6.5054,0,14,24,716.596617
80yr_0360m_h677,80,0360,1,near_overflow,5.0,208,6.3329,0,18,33,113.463205
80yr_0360m_h677,80,0360,2,near_overflow,5.0,208,5.4727,0,32,23,224.489516
80yr_0360m_h677,80,0360,3,near_overflow,5.0,208,5.8094,0,28,22,342.26348
80yr_0360m_h677,80,0360,5,near_overflow,5.0,208,6.3436,0,18,23,592.009169
80yr_0360m_h677,80,0360,6,near_overflow,5.0,208,6.5054,0,14,24,716.596617
50yr_1440m_h1146,50,1440,1,near_overflow,0.5,748,6.3015,0,71,42,380.099892
50yr_1440m_h1146,50,1440,2,near_overflow,0.5,748,5.3952,0,128,28,761.549525
50yr_1440m_h1146,50,1440,3,near_overflow,0.5,748,5.2972,0,174,27,1133.80911
50yr_1440m_h1146,50,1440,5,near_overflow,0.5,748,5.6887,0,114,29,1913.489409
50yr_1440m_h1146,50,1440,6,near_overflow,0.5,748,6.0017,0,98,29,2319.821579
50yr_1440m_h1146,50,1440,1,near_overflow,2.0,748,6.3015,0,71,42,380.099892
50yr_1440m_h1146,50,1440,2,near_overflow,2.0,748,5.3952,0,128,28,761.549525
50yr_1440m_h1146,50,1440,3,near_overflow,2.0,748,5.2972,0,174,27,1133.80911
50yr_1440m_h1146,50,1440,5,near_overflow,2.0,748,5.6887,0,114,29,1913.489409
50yr_1440m_h1146,50,1440,6,near_overflow,2.0,748,6.0017,0,98,29,2319.821579
80yr_0360m_h740,80,0360,1,level,0.5,208,5.8492,0,57,34,108.818775
80yr_0360m_h740,80,0360,2,level,0.5,208,5.2925,0,57,27,221.835773
80yr_0360m_h740,80,0360,3,level,0.5,208,5.6384,0,47,29,337.759093
80yr_0360m_h740,80,0360,5,level,0.5,208,6.2544,0,28,31,582.491083
80yr_0360m_h740,80,0360,6,level,0.5,208,6.4483,0,35,32,705.981025
50yr_1440m_h1195,50,1440,1,level,1.0,748,5.5156,0,161,76,362.770522
50yr_1440m_h1195,50,1440,2,level,1.0,748,5.1283,0,244,69,750.160099
50yr_1440m_h1195,50,1440,3,level,1.0,748,5.3039,0,164,73,1134.701154
50yr_1440m_h1195,50,1440,5,level,1.0,748,5.7239,0,164,79,1921.95751
50yr_1440m_h1195,50,1440,6,level,1.0,748,5.8345,0,184,81,2321.410002
80yr_0360m_h740,80,0360,1,level,1.0,208,5.4667,0,59,31,108.126074
80yr_0360m_h740,80,0360,2,level,1.0,208,5.2925,0,57,27,221.76214
80yr_0360m_h740,80,0360,3,level,1.0,208,5.6384,0,45,29,337.629789
80yr_0360m_h740,80,0360,5,level,1.0,208,6.2544,0,44,31,582.671556
80yr_0360m_h740,80,0360,6,level,1.0,208,6.4483,0,40,32,705.791373
50yr_1440m_h1195,50,1440,1,near_overflow,0.5,748,6.2846,0,75,104,380.182487
50yr_1440m_h1195,50,1440,2,near_overflow,0.5,748,5.4084,0,118,73,762.813469
50yr_1440m_h1195,50,1440,3,near_overflow,0.5,748,5.3039,0,164,73,1135.502605
50yr_1440m_h1195,50,1440,5,near_overflow,0.5,748,5.6742,0,112,79,1915.098957
50yr_1440m_h1195,50,1440,6,near_overflow,0.5,748,6.0048,0,97,81,2318.395519
50yr_1440m_h1195,50,1440,1,near_overflow,1.0,748,6.2846,0,75,104,380.182487
50yr_1440m_h1195,50,1440,2,near_overflow,1.0,748,5.4084,0,118,73,762.813469
50yr_1440m_h1195,50,1440,3,near_overflow,1.0,748,5.3039,0,164,73,1135.502605
50yr_1440m_h1195,50,1440,5,near_overflow,1.0,748,5.6742,0,112,79,1915.098957
50yr_1440m_h1195,50,1440,6,near_overflow,1.0,748,6.0048,0,97,81,2318.395519
50yr_1440m_h1195,50,1440,1,level,0.5,748,5.8285,0,134,81,368.880681
50yr_1440m_h1195,50,1440,2,level,0.5,748,5.1283,0,244,69,750.160099
50yr_1440m_h1195,50,1440,3,level,0.5,748,5.3039,0,164,73,1134.701154
50yr_1440m_h1195,50,1440,5,level,0.5,748,5.6736,0,128,79,1917.554499
50yr_1440m_h1195,50,1440,6,level,0.5,748,5.8345,0,146,81,2316.927184
50yr_1440m_h1195,50,1440,1,near_overflow,2.0,748,6.2846,0,75,104,380.182487
50yr_1440m_h1195,50,1440,2,near_overflow,2.0,748,5.4084,0,118,73,762.813469
50yr_1440m_h1195,50,1440,3,near_overflow,2.0,748,5.3039,0,164,73,1135.502605
50yr_1440m_h1195,50,1440,5,near_overflow,2.0,748,5.6742,0,112,79,1915.098957
50yr_1440m_h1195,50,1440,6,near_overflow,2.0,748,6.0048,0,97,81,2318.395519
50yr_1440m_h1195,50,1440,1,level,5.0,748,4.9199,0,207,64,344.696024
50yr_1440m_h1195,50,1440,2,level,5.0,748,5.0785,0,316,68,727.489226
50yr_1440m_h1195,50,1440,3,level,5.0,748,5.2839,0,280,72,1120.277666
50yr_1440m_h1195,50,1440,5,level,5.0,748,5.7239,0,253,78,1914.954374
50yr_1440m_h1195,50,1440,6,level,5.0,748,6.6332,0,262,81,2322.30664
50yr_1440m_h1195,50,1440,1,near_overflow,5.0,748,6.2846,0,75,104,380.182487
50yr_1440m_h1195,50,1440,2,near_overflow,5.0,748,5.4084,0,118,73,762.813469
50yr_1440m_h1195,50,1440,3,near_overflow,5.0,748,5.3039,0,164,73,1135.502605
50yr_1440m_h1195,50,1440,5,near_overflow,5.0,748,5.6742,0,112,79,1915.098957
50yr_1440m_h1195,50,1440,6,near_overflow,5.0,748,6.0048,0,97,81,2318.395519
80yr_0360m_h740,80,0360,1,level,5.0,208,4.9487,0,49,23,100.119294
80yr_0360m_h740,80,0360,2,level,5.0,208,5.1672,0,83,26,214.221104
80yr_0360m_h740,80,0360,3,level,5.0,208,5.6904,0,65,28,333.258846
80yr_0360m_h740,80,0360,5,level,5.0,208,6.2544,0,56,31,577.46427
80yr_0360m_h740,80,0360,6,level,5.0,208,6.5927,0,52,32,706.965085
80yr_0360m_h740,80,0360,1,near_overflow,1.0,208,6.2645,0,25,45,112.423676
80yr_0360m_h740,80,0360,2,near_overflow,1.0,208,5.4018,0,43,29,223.422211
80yr_0360m_h740,80,0360,3,near_overflow,1.0,208,5.8071,0,40,29,339.929348
80yr_0360m_h740,80,0360,5,near_overflow,1.0,208,6.2544,0,26,31,584.217253
80yr_0360m_h740,80,0360,6,near_overflow,1.0,208,6.5784,0,31,32,710.998664
80yr_0360m_h740,80,0360,1,near_overflow,2.0,208,6.2645,0,25,45,112.423676
80yr_0360m_h740,80,0360,2,near_overflow,2.0,208,5.4018,0,43,29,223.422211
80yr_0360m_h740,80,0360,3,near_overflow,2.0,208,5.8071,0,40,29,339.929348
80yr_0360m_h740,80,0360,5,near_overflow,2.0,208,6.2544,0,26,31,584.217253
80yr_0360m_h740,80,0360,6,near_overflow,2.0,208,6.5784,0,31,32,710.998664
80yr_0360m_h740,80,0360,1,near_overflow,5.0,208,6.2645,0,25,45,112.423676
80yr_0360m_h740,80,0360,2,near_overflow,5.0,208,5.4018,0,43,29,223.422211
80yr_0360m_h740,80,0360,3,near_overflow,5.0,208,5.8071,0,40,29,339.929348
80yr_0360m_h740,80,0360,5,near_overflow,5.0,208,6.2544,0,26,31,584.217253
80yr_0360m_h740,80,0360,6,near_overflow,5.0,208,6.5784,0,31,32,710.998664
80yr_0360m_h691,80,0360,1,level,0.5,208,5.7759,0,52,30,108.99007
80yr_0360m_h691,80,0360,2,level,0.5,208,5.426,0,54,24,222.12981
80yr_0360m_h691,80,0360,3,level,0.5,208,5.6628,0,38,25,336.852966
80yr_0360m_h691,80,0360,5,level,0.5,208,6.0695,0,32,27,584.206908
80yr_0360m_h691,80,0360,6,level,0.5,208,6.4477,0,25,28,711.667238
80yr_0360m_h691,80,0360,1,level,1.0,208,5.539,0,56,28,108.375394
80yr_0360m_h691,80,0360,2,level,1.0,208,5.426,0,54,24,222.0831
80yr_0360m_h691,80,0360,3,level,1.0,208,5.6628,0,38,25,337.16552
80yr_0360m_h691,80,0360,5,level,1.0,208,6.0695,0,34,27,583.486428
80yr_0360m_h691,80,0360,6,level,1.0,208,6.4477,0,35,28,711.241123
80yr_0360m_h691,80,0360,1,level,2.0,208,5.072,0,80,23,106.12225
80yr_0360m_h691,80,0360,2,level,2.0,208,5.2801,0,54,24,220.459327
80yr_0360m_h691,80,0360,3,level,2.0,208,5.6628,0,41,25,337.548128
80yr_0360m_h691,80,0360,5,level,2.0,208,6.104,0,37,27,583.501708
80yr_0360m_h691,80,0360,6,level,2.0,208,6.3307,0,44,28,709.654337
80yr_0360m_h740,80,0360,1,level,2.0,208,5.0653,0,96,23,105.819563
80yr_0360m_h740,80,0360,2,level,2.0,208,5.2925,0,57,27,220.112513
80yr_0360m_h740,80,0360,3,level,2.0,208,5.6384,0,46,29,336.508138
80yr_0360m_h740,80,0360,5,level,2.0,208,6.2544,0,56,31,581.070614
80yr_0360m_h740,80,0360,6,level,2.0,208,6.4483,0,50,32,704.139271
80yr_0360m_h691,80,0360,1,level,5.0,208,4.9766,0,38,23,100.58302
80yr_0360m_h691,80,0360,2,level,5.0,208,5.2756,0,58,24,216.760173
80yr_0360m_h691,80,0360,3,level,5.0,208,5.6664,0,59,25,336.508896
80yr_0360m_h691,80,0360,5,level,5.0,208,6.104,0,47,27,580.823191
80yr_0360m_h691,80,0360,6,level,5.0,208,6.3793,0,49,27,710.464673
80yr_0360m_h740,80,0360,1,near_overflow,0.5,208,6.2645,0,25,45,112.423676
80yr_0360m_h740,80,0360,2,near_overflow,0.5,208,5.4018,0,43,29,223.422211
80yr_0360m_h740,80,0360,3,near_overflow,0.5,208,5.8071,0,40,29,339.929348
80yr_0360m_h740,80,0360,5,near_overflow,0.5,208,6.2544,0,26,31,584.217253
80yr_0360m_h740,80,0360,6,near_overflow,0.5,208,6.5784,0,31,32,710.998664
80yr_0360m_h691,80,0360,1,near_overflow,1.0,208,6.293,0,26,39,111.836403
80yr_0360m_h691,80,0360,2,near_overflow,1.0,208,5.449,0,28,27,225.230736
80yr_0360m_h691,80,0360,3,near_overflow,1.0,208,5.8187,0,39,25,339.756728
80yr_0360m_h691,80,0360,5,near_overflow,1.0,208,6.168,0,24,27,586.89448
80yr_0360m_h691,80,0360,6,near_overflow,1.0,208,6.4477,0,24,28,710.144876
80yr_0360m_h691,80,0360,1,near_overflow,0.5,208,6.293,0,26,39,111.836403
80yr_0360m_h691,80,0360,2,near_overflow,0.5,208,5.449,0,28,27,225.230736
80yr_0360m_h691,80,0360,3,near_overflow,0.5,208,5.8187,0,39,25,339.756728
80yr_0360m_h691,80,0360,5,near_overflow,0.5,208,6.168,0,24,27,586.89448
80yr_0360m_h691,80,0360,6,near_overflow,0.5,208,6.4477,0,24,28,710.144876
80yr_0360m_h691,80,0360,1,near_overflow,2.0,208,6.293,0,26,39,111.836403
80yr_0360m_h691,80,0360,2,near_overflow,2.0,208,5.449,0,28,27,225.230736
80yr_0360m_h691,80,0360,3,near_overflow,2.0,208,5.8187,0,39,25,339.756728
80yr_0360m_h691,80,0360,5,near_overflow,2.0,208,6.168,0,24,27,586.89448
80yr_0360m_h691,80,0360,6,near_overflow,2.0,208,6.4477,0,24,28,710.144876
80yr_0360m_h691,80,0360,1,near_overflow,5.0,208,6.293,0,26,39,111.836403
80yr_0360m_h691,80,0360,2,near_overflow,5.0,208,5.449,0,28,27,225.230736
80yr_0360m_h691,80,0360,3,near_overflow,5.0,208,5.8187,0,39,25,339.756728
80yr_0360m_h691,80,0360,5,near_overflow,5.0,208,6.168,0,24,27,586.89448
80yr_0360m_h691,80,0360,6,near_overflow,5.0,208,6.4477,0,24,28,710.144876
80yr_0360m_h684,80,0360,1,level,0.5,208,5.8448,0,56,30,108.740749
80yr_0360m_h684,80,0360,2,level,0.5,208,5.3295,0,56,24,221.484685
80yr_0360m_h684,80,0360,3,level,0.5,208,5.623,0,40,25,336.370861
80yr_0360m_h684,80,0360,5,level,0.5,208,6.3416,0,29,27,587.880092
80yr_0360m_h684,80,0360,6,level,0.5,208,6.4281,0,28,27,710.53249
80yr_0360m_h684,80,0360,1,level,1.0,208,5.5908,0,55,28,108.186747
80yr_0360m_h684,80,0360,2,level,1.0,208,5.3295,0,56,24,221.453723
80yr_0360m_h684,80,0360,3,level,1.0,208,5.623,0,40,25,336.406614
80yr_0360m_h684,80,0360,5,level,1.0,208,6.3416,0,33,27,587.951748
80yr_0360m_h684,80,0360,6,level,1.0,208,6.4281,0,36,27,711.229837
80yr_0360m_h684,80,0360,1,level,5.0,208,4.9684,0,40,23,101.111735
80yr_0360m_h684,80,0360,2,level,5.0,208,5.2896,0,64,24,216.601266
80yr_0360m_h684,80,0360,3,level,5.0,208,5.6331,0,53,25,335.104202
80yr_0360m_h684,80,0360,5,level,5.0,208,6.1496,0,50,27,582.769254
80yr_0360m_h684,80,0360,6,level,5.0,208,6.2462,0,46,27,704.904952
80yr_0360m_h684,80,0360,1,near_overflow,1.0,208,6.3001,0,29,39,111.838581
80yr_0360m_h684,80,0360,2,near_overflow,1.0,208,5.4689,0,32,26,224.444865
80yr_0360m_h684,80,0360,3,near_overflow,1.0,208,5.8179,0,37,25,341.169038
80yr_0360m_h684,80,0360,5,near_overflow,1.0,208,6.3416,0,23,27,587.733591
80yr_0360m_h684,80,0360,6,near_overflow,1.0,208,6.4281,0,24,27,710.136165
80yr_0360m_h684,80,0360,1,near_overflow,2.0,208,6.3001,0,29,39,111.838581
80yr_0360m_h684,80,0360,2,near_overflow,2.0,208,5.4689,0,32,26,224.444865
80yr_0360m_h684,80,0360,3,near_overflow,2.0,208,5.8179,0,37,25,341.169038
80yr_0360m_h684,80,0360,5,near_overflow,2.0,208,6.3416,0,23,27,587.733591
80yr_0360m_h684,80,0360,6,near_overflow,2.0,208,6.4281,0,24,27,710.136165
50yr_1440m_h1195,50,1440,1,level,2.0,748,4.9198,0,392,64,359.89028
50yr_1440m_h1195,50,1440,2,level,2.0,748,5.1283,0,244,69,740.791619
50yr_1440m_h1195,50,1440,3,level,2.0,748,5.3038,0,212,73,1131.439096
50yr_1440m_h1195,50,1440,5,level,2.0,748,5.7239,0,202,79,1924.199852
50yr_1440m_h1195,50,1440,6,level,2.0,748,5.8261,0,207,81,2323.04519
80yr_0360m_h684,80,0360,1,near_overflow,5.0,208,6.3001,0,29,39,111.838581
80yr_0360m_h684,80,0360,2,near_overflow,5.0,208,5.4689,0,32,26,224.444865
80yr_0360m_h684,80,0360,3,near_overflow,5.0,208,5.8179,0,37,25,341.169038
80yr_0360m_h684,80,0360,5,near_overflow,5.0,208,6.3416,0,23,27,587.733591
80yr_0360m_h684,80,0360,6,near_overflow,5.0,208,6.4281,0,24,27,710.136165
80yr_0360m_h693,80,0360,1,level,0.5,208,5.7925,0,57,30,108.649536
80yr_0360m_h693,80,0360,2,level,0.5,208,5.2983,0,53,24,222.433492
80yr_0360m_h693,80,0360,3,level,0.5,208,5.583,0,39,25,336.549586
80yr_0360m_h693,80,0360,5,level,0.5,208,6.1146,0,28,27,584.172081
80yr_0360m_h693,80,0360,6,level,0.5,208,6.482,0,26,27,711.686341
80yr_0360m_h693,80,0360,1,level,2.0,208,5.062,0,79,23,105.427827
80yr_0360m_h693,80,0360,2,level,2.0,208,5.3335,0,52,24,220.981176
80yr_0360m_h693,80,0360,3,level,2.0,208,5.583,0,42,25,336.390385
80yr_0360m_h693,80,0360,5,level,2.0,208,6.1146,0,36,27,582.864443
80yr_0360m_h693,80,0360,6,level,2.0,208,6.3524,0,44,27,709.493845
80yr_0360m_h693,80,0360,1,level,1.0,208,5.5006,0,53,28,106.081641
80yr_0360m_h693,80,0360,2,level,1.0,208,5.2983,0,53,24,222.410471
80yr_0360m_h693,80,0360,3,level,1.0,208,5.583,0,39,25,336.657747
80yr_0360m_h693,80,0360,5,level,1.0,208,6.1146,0,36,27,584.08526
80yr_0360m_h693,80,0360,6,level,1.0,208,6.482,0,38,27,711.470621
80yr_0360m_h684,80,0360,1,level,2.0,208,5.063,0,74,23,106.61357
80yr_0360m_h684,80,0360,2,level,2.0,208,5.3295,0,56,24,219.912011
80yr_0360m_h684,80,0360,3,level,2.0,208,5.623,0,46,25,336.047178
80yr_0360m_h684,80,0360,5,level,2.0,208,6.3416,0,35,27,586.604238
80yr_0360m_h684,80,0360,6,level,2.0,208,6.4281,0,36,27,710.002524
80yr_0360m_h693,80,0360,1,level,5.0,208,4.9729,0,42,23,100.465144
80yr_0360m_h693,80,0360,2,level,5.0,208,5.2257,0,62,24,216.714211
80yr_0360m_h693,80,0360,3,level,5.0,208,5.8885,0,55,25,334.918631
80yr_0360m_h693,80,0360,5,level,5.0,208,6.1791,0,52,27,582.21555
80yr_0360m_h693,80,0360,6,level,5.0,208,6.6484,0,46,27,710.769112
80yr_0360m_h684,80,0360,1,near_overflow,0.5,208,6.3001,0,29,39,111.838581
80yr_0360m_h684,80,0360,2,near_overflow,0.5,208,5.4689,0,32,26,224.444865
80yr_0360m_h684,80,0360,3,near_overflow,0.5,208,5.8179,0,37,25,341.169038
80yr_0360m_h684,80,0360,5,near_overflow,0.5,208,6.3416,0,23,27,587.733591
80yr_0360m_h684,80,0360,6,near_overflow,0.5,208,6.4281,0,24,27,710.136165
80yr_0360m_h693,80,0360,1,near_overflow,0.5,208,6.2738,0,25,39,112.118397
80yr_0360m_h693,80,0360,2,near_overflow,0.5,208,5.4415,0,32,26,224.924152
80yr_0360m_h693,80,0360,3,near_overflow,0.5,208,5.8039,0,37,25,338.598498
80yr_0360m_h693,80,0360,5,near_overflow,0.5,208,6.2012,0,26,27,587.609884
80yr_0360m_h693,80,0360,6,near_overflow,0.5,208,6.482,0,22,27,713.196798
80yr_0360m_h693,80,0360,1,near_overflow,1.0,208,6.2738,0,25,39,112.118397
80yr_0360m_h693,80,0360,2,near_overflow,1.0,208,5.4415,0,32,26,224.924152
80yr_0360m_h693,80,0360,3,near_overflow,1.0,208,5.8039,0,37,25,338.598498
80yr_0360m_h693,80,0360,5,near_overflow,1.0,208,6.2012,0,26,27,587.609884
80yr_0360m_h693,80,0360,6,near_overflow,1.0,208,6.482,0,22,27,713.196798
80yr_0360m_h693,80,0360,1,near_overflow,5.0,208,6.2738,0,25,39,112.118397
80yr_0360m_h693,80,0360,2,near_overflow,5.0,208,5.4415,0,32,26,224.924152
80yr_0360m_h693,80,0360,3,near_overflow,5.0,208,5.8039,0,37,25,338.598498
80yr_0360m_h693,80,0360,5,near_overflow,5.0,208,6.2012,0,26,27,587.609884
80yr_0360m_h693,80,0360,6,near_overflow,5.0,208,6.482,0,22,27,713.196798
80yr_0540m_h850,80,0540,1,level,0.5,298,5.8322,0,62,43,154.740358
80yr_0540m_h850,80,0540,2,level,0.5,298,5.3543,0,74,32,312.920514
80yr_0540m_h850,80,0540,3,level,0.5,298,5.7283,0,52,35,474.7327
80yr_0540m_h850,80,0540,5,level,0.5,298,6.2921,0,31,40,817.27569
80yr_0540m_h850,80,0540,6,level,0.5,298,6.5352,0,26,42,997.12793
80yr_0540m_h850,80,0540,1,level,1.0,298,5.4601,0,65,38,149.572177
80yr_0540m_h850,80,0540,2,level,1.0,298,5.3543,0,74,32,312.785093
80yr_0540m_h850,80,0540,3,level,1.0,298,5.7283,0,54,35,474.550946
80yr_0540m_h850,80,0540,5,level,1.0,298,6.2921,0,31,40,818.473755
80yr_0540m_h850,80,0540,6,level,1.0,298,6.4432,0,36,42,999.133848
80yr_0540m_h850,80,0540,1,level,2.0,298,5.0596,0,100,28,148.276152
80yr_0540m_h850,80,0540,2,level,2.0,298,5.3543,0,74,32,310.426195
80yr_0540m_h850,80,0540,3,level,2.0,298,5.7283,0,63,35,473.43478
80yr_0540m_h850,80,0540,5,level,2.0,298,6.2921,0,38,40,817.851132
80yr_0540m_h850,80,0540,6,level,2.0,298,6.4432,0,40,42,999.538646
80yr_0360m_h693,80,0360,1,near_overflow,2.0,208,6.2738,0,25,39,112.118397
80yr_0360m_h693,80,0360,2,near_overflow,2.0,208,5.4415,0,32,26,224.924152
80yr_0360m_h693,80,0360,3,near_overflow,2.0,208,5.8039,0,37,25,338.598498
80yr_0360m_h693,80,0360,5,near_overflow,2.0,208,6.2012,0,26,27,587.609884
80yr_0360m_h693,80,0360,6,near_overflow,2.0,208,6.482,0,22,27,713.196798
80yr_0540m_h850,80,0540,1,near_overflow,0.5,298,6.2991,0,38,58,157.954339
80yr_0540m_h850,80,0540,2,near_overflow,0.5,298,5.468,0,46,35,316.21544
80yr_0540m_h850,80,0540,3,near_overflow,0.5,298,5.8447,0,45,35,477.148961
80yr_0540m_h850,80,0540,5,near_overflow,0.5,298,6.2921,0,24,40,817.225312
80yr_0540m_h850,80,0540,6,near_overflow,0.5,298,6.4294,0,26,42,998.107966
80yr_0540m_h850,80,0540,1,near_overflow,2.0,298,6.2991,0,38,58,157.954339
80yr_0540m_h850,80,0540,2,near_overflow,2.0,298,5.468,0,46,35,316.21544
80yr_0540m_h850,80,0540,3,near_overflow,2.0,298,5.8447,0,45,35,477.148961
80yr_0540m_h850,80,0540,5,near_overflow,2.0,298,6.2921,0,24,40,817.225312
80yr_0540m_h850,80,0540,6,near_overflow,2.0,298,6.4294,0,26,42,998.107966
80yr_0540m_h850,80,0540,1,near_overflow,5.0,298,6.2991,0,38,58,157.954339
80yr_0540m_h850,80,0540,2,near_overflow,5.0,298,5.468,0,46,35,316.21544
80yr_0540m_h850,80,0540,3,near_overflow,5.0,298,5.8447,0,45,35,477.148961
80yr_0540m_h850,80,0540,5,near_overflow,5.0,298,6.2921,0,24,40,817.225312
80yr_0540m_h850,80,0540,6,near_overflow,5.0,298,6.4294,0,26,42,998.107966
80yr_0540m_h750,80,0540,1,level,0.5,298,5.8435,0,79,17,152.651454
80yr_0540m_h750,80,0540,2,level,0.5,298,5.3568,0,78,12,312.310067
80yr_0540m_h750,80,0540,3,level,0.5,298,5.7308,0,58,13,475.141565
80yr_0540m_h750,80,0540,5,level,0.5,298,6.3778,0,32,13,817.345668
80yr_0540m_h750,80,0540,6,level,0.5,298,6.7567,0,29,13,1020.835055
80yr_0540m_h750,80,0540,1,level,1.0,298,5.4967,0,83,15,152.518333
80yr_0540m_h750,80,0540,2,level,1.0,298,5.3568,0,78,12,312.280874
80yr_0540m_h750,80,0540,3,level,1.0,298,5.7308,0,60,13,474.894751
80yr_0540m_h750,80,0540,5,level,1.0,298,6.3778,0,34,13,820.005651
80yr_0540m_h750,80,0540,6,level,1.0,298,6.516,0,44,13,1003.985607
80yr_0540m_h750,80,0540,1,level,2.0,298,5.0678,0,140,11,148.893328
80yr_0540m_h750,80,0540,2,level,2.0,298,5.3568,0,78,12,309.239669
80yr_0540m_h750,80,0540,3,level,2.0,298,5.7308,0,68,13,473.882308
80yr_0540m_h750,80,0540,5,level,2.0,298,6.305,0,52,13,822.310684
80yr_0540m_h750,80,0540,6,level,2.0,298,6.5362,0,43,13,1011.862882
80yr_0540m_h850,80,0540,1,level,5.0,298,4.9683,0,60,28,142.964861
80yr_0540m_h850,80,0540,2,level,5.0,298,5.1956,0,88,31,302.404413
80yr_0540m_h850,80,0540,3,level,5.0,298,5.6387,0,69,35,470.141578
80yr_0540m_h850,80,0540,5,level,5.0,298,6.3299,0,46,39,817.050067
80yr_0540m_h850,80,0540,6,level,5.0,298,6.5775,0,49,41,998.796638
80yr_0540m_h750,80,0540,1,level,5.0,298,4.9679,0,63,11,141.138413
80yr_0540m_h750,80,0540,2,level,5.0,298,5.1866,0,114,12,302.189284
80yr_0540m_h750,80,0540,3,level,5.0,298,5.5587,0,98,13,466.128265
80yr_0540m_h750,80,0540,5,level,5.0,298,6.3146,0,66,13,815.644704
80yr_0540m_h750,80,0540,6,level,5.0,298,6.4269,0,52,13,1003.353199
80yr_0540m_h850,80,0540,1,near_overflow,1.0,298,6.2991,0,38,58,157.954339
80yr_0540m_h850,80,0540,2,near_overflow,1.0,298,5.468,0,46,35,316.21544
80yr_0540m_h850,80,0540,3,near_overflow,1.0,298,5.8447,0,45,35,477.148961
80yr_0540m_h850,80,0540,5,near_overflow,1.0,298,6.2921,0,24,40,817.225312
80yr_0540m_h850,80,0540,6,near_overflow,1.0,298,6.4294,0,26,42,998.107966
80yr_0540m_h750,80,0540,1,near_overflow,1.0,298,6.3066,0,38,21,158.153682
80yr_0540m_h750,80,0540,2,near_overflow,1.0,298,5.4806,0,48,14,316.070393
80yr_0540m_h750,80,0540,3,near_overflow,1.0,298,5.6211,0,56,13,475.413257
80yr_0540m_h750,80,0540,5,near_overflow,1.0,298,6.3265,0,38,13,820.405532
80yr_0540m_h750,80,0540,6,near_overflow,1.0,298,6.7567,0,31,13,1014.750215
80yr_0540m_h750,80,0540,1,near_overflow,2.0,298,6.3066,0,38,21,158.153682
80yr_0540m_h750,80,0540,2,near_overflow,2.0,298,5.4806,0,48,14,316.070393
80yr_0540m_h750,80,0540,3,near_overflow,2.0,298,5.6211,0,56,13,475.413257
80yr_0540m_h750,80,0540,5,near_overflow,2.0,298,6.3265,0,38,13,820.405532
80yr_0540m_h750,80,0540,6,near_overflow,2.0,298,6.7567,0,31,13,1014.750215
80yr_0540m_h834,80,0540,1,level,0.5,298,5.813,0,92,39,152.493126
80yr_0540m_h834,80,0540,2,level,0.5,298,5.3373,0,97,32,310.497336
80yr_0540m_h834,80,0540,3,level,0.5,298,5.5898,0,68,33,472.78496
80yr_0540m_h834,80,0540,5,level,0.5,298,6.3121,0,40,35,823.6571
80yr_0540m_h834,80,0540,6,level,0.5,298,6.5446,0,36,36,998.170192
80yr_0540m_h750,80,0540,1,near_overflow,5.0,298,6.3066,0,38,21,158.153682
80yr_0540m_h750,80,0540,2,near_overflow,5.0,298,5.4806,0,48,14,316.070393
80yr_0540m_h750,80,0540,3,near_overflow,5.0,298,5.6211,0,56,13,475.413257
80yr_0540m_h750,80,0540,5,near_overflow,5.0,298,6.3265,0,38,13,820.405532
80yr_0540m_h750,80,0540,6,near_overflow,5.0,298,6.7567,0,31,13,1014.750215
80yr_0540m_h834,80,0540,1,level,1.0,298,5.515,0,100,36,151.141988
80yr_0540m_h834,80,0540,2,level,1.0,298,5.3373,0,97,32,310.439053
80yr_0540m_h834,80,0540,3,level,1.0,298,5.6444,0,70,33,472.553221
80yr_0540m_h834,80,0540,5,level,1.0,298,6.3121,0,44,35,824.57905
80yr_0540m_h834,80,0540,6,level,1.0,298,6.5446,0,46,36,1000.314998
80yr_0540m_h834,80,0540,1,level,2.0,298,5.0519,0,141,30,148.958019
80yr_0540m_h834,80,0540,2,level,2.0,298,5.3373,0,97,32,307.977495
80yr_0540m_h834,80,0540,3,level,2.0,298,5.6444,0,80,33,471.786439
80yr_0540m_h834,80,0540,5,level,2.0,298,6.3666,0,52,35,823.354267
80yr_0540m_h834,80,0540,6,level,2.0,298,6.4679,0,52,36,1000.830218
80yr_0540m_h834,80,0540,1,near_overflow,0.5,298,6.2834,0,51,50,156.919025
80yr_0540m_h834,80,0540,2,near_overflow,0.5,298,5.453,0,58,34,315.18099
80yr_0540m_h834,80,0540,3,near_overflow,0.5,298,5.5898,0,66,33,473.504818
80yr_0540m_h834,80,0540,5,near_overflow,0.5,298,6.3121,0,38,35,821.723466
80yr_0540m_h834,80,0540,6,near_overflow,0.5,298,6.667,0,32,36,1007.090749
80yr_0540m_h750,80,0540,1,near_overflow,0.5,298,6.3066,0,38,21,158.153682
80yr_0540m_h750,80,0540,2,near_overflow,0.5,298,5.4806,0,48,14,316.070393
80yr_0540m_h750,80,0540,3,near_overflow,0.5,298,5.6211,0,56,13,475.413257
80yr_0540m_h750,80,0540,5,near_overflow,0.5,298,6.3265,0,38,13,820.405532
80yr_0540m_h750,80,0540,6,near_overflow,0.5,298,6.7567,0,31,13,1014.750215
80yr_0540m_h834,80,0540,1,near_overflow,2.0,298,6.2834,0,51,50,156.919025
80yr_0540m_h834,80,0540,2,near_overflow,2.0,298,5.453,0,58,34,315.18099
80yr_0540m_h834,80,0540,3,near_overflow,2.0,298,5.5898,0,66,33,473.504818
80yr_0540m_h834,80,0540,5,near_overflow,2.0,298,6.3121,0,38,35,821.723466
80yr_0540m_h834,80,0540,6,near_overflow,2.0,298,6.667,0,32,36,1007.090749
80yr_0540m_h834,80,0540,1,near_overflow,5.0,298,6.2834,0,51,50,156.919025
80yr_0540m_h834,80,0540,2,near_overflow,5.0,298,5.453,0,58,34,315.18099
80yr_0540m_h834,80,0540,3,near_overflow,5.0,298,5.5898,0,66,33,473.504818
80yr_0540m_h834,80,0540,5,near_overflow,5.0,298,6.3121,0,38,35,821.723466
80yr_0540m_h834,80,0540,6,near_overflow,5.0,298,6.667,0,32,36,1007.090749
80yr_0540m_h831,80,0540,1,level,0.5,298,5.8196,0,92,39,152.555598
80yr_0540m_h831,80,0540,2,level,0.5,298,5.3759,0,94,32,311.379244
80yr_0540m_h831,80,0540,3,level,0.5,298,5.7499,0,73,33,473.528199
80yr_0540m_h831,80,0540,5,level,0.5,298,6.3847,0,46,35,822.627271
80yr_0540m_h831,80,0540,6,level,0.5,298,6.6104,0,40,36,999.450721
80yr_0540m_h831,80,0540,1,level,1.0,298,5.5459,0,98,36,151.544263
80yr_0540m_h831,80,0540,2,level,1.0,298,5.3759,0,94,32,311.297977
80yr_0540m_h831,80,0540,3,level,1.0,298,5.7499,0,69,33,474.39096
80yr_0540m_h831,80,0540,5,level,1.0,298,6.3847,0,50,35,824.591502
80yr_0540m_h831,80,0540,6,level,1.0,298,6.4246,0,45,36,1003.981287
80yr_0540m_h834,80,0540,1,level,5.0,298,4.972,0,57,30,139.598786
80yr_0540m_h834,80,0540,2,level,5.0,298,5.1847,0,116,31,302.725967
80yr_0540m_h834,80,0540,3,level,5.0,298,5.6288,0,104,33,467.481602
80yr_0540m_h834,80,0540,5,level,5.0,298,6.3795,0,77,35,817.538844
80yr_0540m_h834,80,0540,6,level,5.0,298,6.5729,0,64,36,1003.033583
80yr_0540m_h831,80,0540,1,level,2.0,298,5.071,0,139,30,149.574863
80yr_0540m_h831,80,0540,2,level,2.0,298,5.3759,0,94,32,308.392601
80yr_0540m_h831,80,0540,3,level,2.0,298,5.7499,0,81,33,473.568097
80yr_0540m_h831,80,0540,5,level,2.0,298,6.3187,0,57,35,819.513396
80yr_0540m_h831,80,0540,6,level,2.0,298,6.4246,0,49,36,1003.573215
80yr_0540m_h831,80,0540,1,level,5.0,298,4.9694,0,59,30,138.489559
80yr_0540m_h831,80,0540,2,level,5.0,298,5.2602,0,120,31,302.60045
80yr_0540m_h831,80,0540,3,level,5.0,298,5.6518,0,110,33,467.379039
80yr_0540m_h831,80,0540,5,level,5.0,298,6.2751,0,58,35,817.404843
80yr_0540m_h831,80,0540,6,level,5.0,298,6.5148,0,68,36,1002.161965
80yr_0540m_h834,80,0540,1,near_overflow,1.0,298,6.2834,0,51,50,156.919025
80yr_0540m_h834,80,0540,2,near_overflow,1.0,298,5.453,0,58,34,315.18099
80yr_0540m_h834,80,0540,3,near_overflow,1.0,298,5.5898,0,66,33,473.504818
80yr_0540m_h834,80,0540,5,near_overflow,1.0,298,6.3121,0,38,35,821.723466
80yr_0540m_h834,80,0540,6,near_overflow,1.0,298,6.667,0,32,36,1007.090749
80yr_0540m_h831,80,0540,1,near_overflow,0.5,298,6.3169,0,46,50,157.155945
80yr_0540m_h831,80,0540,2,near_overflow,0.5,298,5.5025,0,60,34,315.782485
80yr_0540m_h831,80,0540,3,near_overflow,0.5,298,5.5867,0,74,33,473.317787
80yr_0540m_h831,80,0540,5,near_overflow,0.5,298,6.2751,0,40,35,821.462613
80yr_0540m_h831,80,0540,6,near_overflow,0.5,298,6.6104,0,36,36,998.443411
80yr_0540m_h831,80,0540,1,near_overflow,2.0,298,6.3169,0,46,50,157.155945
80yr_0540m_h831,80,0540,2,near_overflow,2.0,298,5.5025,0,60,34,315.782485
80yr_0540m_h831,80,0540,3,near_overflow,2.0,298,5.5867,0,74,33,473.317787
80yr_0540m_h831,80,0540,5,near_overflow,2.0,298,6.2751,0,40,35,821.462613
80yr_0540m_h831,80,0540,6,near_overflow,2.0,298,6.6104,0,36,36,998.443411
80yr_0540m_h831,80,0540,1,near_overflow,5.0,298,6.3169,0,46,50,157.155945
80yr_0540m_h831,80,0540,2,near_overflow,5.0,298,5.5025,0,60,34,315.782485
80yr_0540m_h831,80,0540,3,near_overflow,5.0,298,5.5867,0,74,33,473.317787
80yr_0540m_h831,80,0540,5,near_overflow,5.0,298,6.2751,0,40,35,821.462613
80yr_0540m_h831,80,0540,6,near_overflow,5.0,298,6.6104,0,36,36,998.443411
80yr_0540m_h813,80,0540,1,level,0.5,298,5.815,0,90,39,152.308082
80yr_0540m_h813,80,0540,2,level,0.5,298,5.3113,0,98,32,310.629665
80yr_0540m_h813,80,0540,3,level,0.5,298,5.5708,0,74,33,471.75327
80yr_0540m_h813,80,0540,5,level,0.5,298,6.3018,0,42,35,822.640043
80yr_0540m_h813,80,0540,6,level,0.5,298,6.5559,0,36,36,1005.204434
80yr_0540m_h813,80,0540,1,level,1.0,298,5.5127,0,101,36,151.281809
80yr_0540m_h813,80,0540,2,level,1.0,298,5.3113,0,98,32,310.551698
80yr_0540m_h813,80,0540,3,level,1.0,298,5.5708,0,72,33,472.146718
80yr_0540m_h813,80,0540,5,level,1.0,298,6.3018,0,49,35,823.951464
80yr_0540m_h813,80,0540,6,level,1.0,298,6.4268,0,43,36,1005.258853
80yr_0540m_h813,80,0540,1,level,5.0,298,4.9641,0,57,30,139.728596
80yr_0540m_h813,80,0540,2,level,5.0,298,5.2031,0,116,31,302.672667
80yr_0540m_h813,80,0540,3,level,5.0,298,5.6491,0,104,33,468.074426
80yr_0540m_h813,80,0540,5,level,5.0,298,6.2347,0,72,35,817.684336
80yr_0540m_h813,80,0540,6,level,5.0,298,6.5358,0,74,36,998.596013
80yr_0540m_h813,80,0540,1,near_overflow,0.5,298,6.284,0,50,50,156.654232
80yr_0540m_h813,80,0540,2,near_overflow,0.5,298,5.4738,0,61,34,315.298103
80yr_0540m_h813,80,0540,3,near_overflow,0.5,298,5.7027,0,67,33,473.895464
80yr_0540m_h813,80,0540,5,near_overflow,0.5,298,6.3822,0,39,35,823.964527
80yr_0540m_h813,80,0540,6,near_overflow,0.5,298,6.4603,0,30,36,1007.281657
80yr_0540m_h831,80,0540,1,near_overflow,1.0,298,6.3169,0,46,50,157.155945
80yr_0540m_h831,80,0540,2,near_overflow,1.0,298,5.5025,0,60,34,315.782485
80yr_0540m_h831,80,0540,3,near_overflow,1.0,298,5.5867,0,74,33,473.317787
80yr_0540m_h831,80,0540,5,near_overflow,1.0,298,6.2751,0,40,35,821.462613
80yr_0540m_h831,80,0540,6,near_overflow,1.0,298,6.6104,0,36,36,998.443411
80yr_0540m_h813,80,0540,1,near_overflow,5.0,298,6.284,0,50,50,156.654232
80yr_0540m_h813,80,0540,2,near_overflow,5.0,298,5.4738,0,61,34,315.298103
80yr_0540m_h813,80,0540,3,near_overflow,5.0,298,5.7027,0,67,33,473.895464
80yr_0540m_h813,80,0540,5,near_overflow,5.0,298,6.3822,0,39,35,823.964527
80yr_0540m_h813,80,0540,6,near_overflow,5.0,298,6.4603,0,30,36,1007.281657
80yr_0540m_h813,80,0540,1,near_overflow,2.0,298,6.284,0,50,50,156.654232
80yr_0540m_h813,80,0540,2,near_overflow,2.0,298,5.4738,0,61,34,315.298103
80yr_0540m_h813,80,0540,3,near_overflow,2.0,298,5.7027,0,67,33,473.895464
80yr_0540m_h813,80,0540,5,near_overflow,2.0,298,6.3822,0,39,35,823.964527
80yr_0540m_h813,80,0540,6,near_overflow,2.0,298,6.4603,0,30,36,1007.281657
80yr_0720m_h952,80,0720,1,level,0.5,388,5.8298,0,73,48,197.06512
80yr_0720m_h952,80,0720,2,level,0.5,388,5.3858,0,110,40,400.96434
80yr_0720m_h952,80,0720,3,level,0.5,388,5.7205,0,80,42,605.266099
80yr_0720m_h952,80,0720,5,level,0.5,388,6.1238,0,60,44,1042.023782
80yr_0720m_h952,80,0720,6,level,0.5,388,6.2943,0,53,46,1250.048378
80yr_0540m_h813,80,0540,1,level,2.0,298,5.0716,0,141,30,148.825603
80yr_0540m_h813,80,0540,2,level,2.0,298,5.3113,0,98,32,308.178655
80yr_0540m_h813,80,0540,3,level,2.0,298,5.5708,0,86,33,471.25593
80yr_0540m_h813,80,0540,5,level,2.0,298,6.3018,0,55,35,824.855495
80yr_0540m_h813,80,0540,6,level,2.0,298,6.4268,0,45,36,1004.648426
80yr_0720m_h952,80,0720,1,level,1.0,388,5.5668,0,90,44,196.769561
80yr_0720m_h952,80,0720,2,level,1.0,388,5.3858,0,110,40,400.96434
80yr_0720m_h952,80,0720,3,level,1.0,388,5.7205,0,84,42,605.639304
80yr_0720m_h952,80,0720,5,level,1.0,388,6.1238,0,62,44,1044.260107
80yr_0720m_h952,80,0720,6,level,1.0,388,6.6899,0,70,46,1281.156173
80yr_0540m_h813,80,0540,1,near_overflow,1.0,298,6.284,0,50,50,156.654232
80yr_0540m_h813,80,0540,2,near_overflow,1.0,298,5.4738,0,61,34,315.298103
80yr_0540m_h813,80,0540,3,near_overflow,1.0,298,5.7027,0,67,33,473.895464
80yr_0540m_h813,80,0540,5,near_overflow,1.0,298,6.3822,0,39,35,823.964527
80yr_0540m_h813,80,0540,6,near_overflow,1.0,298,6.4603,0,30,36,1007.281657
80yr_0720m_h952,80,0720,1,level,2.0,388,5.0525,0,173,37,192.968787
80yr_0720m_h952,80,0720,2,level,2.0,388,5.5044,0,115,40,396.405876
80yr_0720m_h952,80,0720,3,level,2.0,388,5.7205,0,104,42,604.444672
80yr_0720m_h952,80,0720,5,level,2.0,388,6.1238,0,78,44,1045.060192
80yr_0720m_h952,80,0720,6,level,2.0,388,6.2346,0,76,46,1272.399309
80yr_0720m_h952,80,0720,1,level,5.0,388,4.9673,0,74,37,182.44582
80yr_0720m_h952,80,0720,2,level,5.0,388,5.2484,0,131,39,388.906254
80yr_0720m_h952,80,0720,3,level,5.0,388,5.7973,0,106,41,603.901213
80yr_0720m_h952,80,0720,5,level,5.0,388,6.3739,0,100,44,1052.292934
80yr_0720m_h952,80,0720,6,level,5.0,388,6.6691,0,104,45,1278.176979
80yr_0720m_h952,80,0720,1,near_overflow,0.5,388,6.2949,0,31,61,203.169419
80yr_0720m_h952,80,0720,2,near_overflow,0.5,388,5.4767,0,52,42,407.656271
80yr_0720m_h952,80,0720,3,near_overflow,0.5,388,5.7345,0,78,42,606.796717
80yr_0720m_h952,80,0720,5,near_overflow,0.5,388,6.1238,0,48,44,1039.962786
80yr_0720m_h952,80,0720,6,near_overflow,0.5,388,6.2645,0,40,46,1258.787101
80yr_0720m_h952,80,0720,1,near_overflow,2.0,388,6.2949,0,31,61,203.169419
80yr_0720m_h952,80,0720,2,near_overflow,2.0,388,5.4767,0,52,42,407.656271
80yr_0720m_h952,80,0720,3,near_overflow,2.0,388,5.7345,0,78,42,606.796717
80yr_0720m_h952,80,0720,5,near_overflow,2.0,388,6.1238,0,48,44,1039.962786
80yr_0720m_h952,80,0720,6,near_overflow,2.0,388,6.2645,0,40,46,1258.787101
80yr_0720m_h952,80,0720,1,near_overflow,5.0,388,6.2949,0,31,61,203.169419
80yr_0720m_h952,80,0720,2,near_overflow,5.0,388,5.4767,0,52,42,407.656271
80yr_0720m_h952,80,0720,3,near_overflow,5.0,388,5.7345,0,78,42,606.796717
80yr_0720m_h952,80,0720,5,near_overflow,5.0,388,6.1238,0,48,44,1039.962786
80yr_0720m_h952,80,0720,6,near_overflow,5.0,388,6.2645,0,40,46,1258.787101
80yr_0720m_h934,80,0720,1,level,0.5,388,5.832,0,69,47,197.18298
80yr_0720m_h934,80,0720,2,level,0.5,388,5.3908,0,103,40,401.535996
80yr_0720m_h934,80,0720,3,level,0.5,388,5.7355,0,80,41,605.093752
80yr_0720m_h934,80,0720,5,level,0.5,388,6.1284,0,58,44,1042.243447
80yr_0720m_h934,80,0720,6,level,0.5,388,6.3627,0,46,46,1268.349645
80yr_0720m_h934,80,0720,1,level,2.0,388,5.0664,0,168,37,192.439304
80yr_0720m_h934,80,0720,2,level,2.0,388,5.3908,0,103,40,397.5306
80yr_0720m_h934,80,0720,3,level,2.0,388,5.7355,0,100,41,604.400369
80yr_0720m_h934,80,0720,5,level,2.0,388,6.2353,0,81,44,1051.597849
80yr_0720m_h934,80,0720,6,level,2.0,388,6.3627,0,68,46,1271.373923
80yr_0720m_h934,80,0720,1,near_overflow,0.5,388,6.3028,0,38,61,202.914069
80yr_0720m_h934,80,0720,2,near_overflow,0.5,388,5.4997,0,52,42,407.115083
80yr_0720m_h934,80,0720,3,near_overflow,0.5,388,5.7355,0,72,41,606.953502
80yr_0720m_h934,80,0720,5,near_overflow,0.5,388,6.1284,0,44,44,1041.838289
80yr_0720m_h934,80,0720,6,near_overflow,0.5,388,6.6778,0,44,46,1293.875643
80yr_0720m_h934,80,0720,1,near_overflow,1.0,388,6.3028,0,38,61,202.914069
80yr_0720m_h934,80,0720,2,near_overflow,1.0,388,5.4997,0,52,42,407.115083
80yr_0720m_h934,80,0720,3,near_overflow,1.0,388,5.7355,0,72,41,606.953502
80yr_0720m_h934,80,0720,5,near_overflow,1.0,388,6.1284,0,44,44,1041.838289
80yr_0720m_h934,80,0720,6,near_overflow,1.0,388,6.6778,0,44,46,1293.875643
80yr_0720m_h934,80,0720,1,near_overflow,2.0,388,6.3028,0,38,61,202.914069
80yr_0720m_h934,80,0720,2,near_overflow,2.0,388,5.4997,0,52,42,407.115083
80yr_0720m_h934,80,0720,3,near_overflow,2.0,388,5.7355,0,72,41,606.953502
80yr_0720m_h934,80,0720,5,near_overflow,2.0,388,6.1284,0,44,44,1041.838289
80yr_0720m_h934,80,0720,6,near_overflow,2.0,388,6.6778,0,44,46,1293.875643
80yr_0720m_h952,80,0720,1,near_overflow,1.0,388,6.2949,0,31,61,203.169419
80yr_0720m_h952,80,0720,2,near_overflow,1.0,388,5.4767,0,52,42,407.656271
80yr_0720m_h952,80,0720,3,near_overflow,1.0,388,5.7345,0,78,42,606.796717
80yr_0720m_h952,80,0720,5,near_overflow,1.0,388,6.1238,0,48,44,1039.962786
80yr_0720m_h952,80,0720,6,near_overflow,1.0,388,6.2645,0,40,46,1258.787101
80yr_0720m_h934,80,0720,1,near_overflow,5.0,388,6.3028,0,38,61,202.914069
80yr_0720m_h934,80,0720,2,near_overflow,5.0,388,5.4997,0,52,42,407.115083
80yr_0720m_h934,80,0720,3,near_overflow,5.0,388,5.7355,0,72,41,606.953502
80yr_0720m_h934,80,0720,5,near_overflow,5.0,388,6.1284,0,44,44,1041.838289
80yr_0720m_h934,80,0720,6,near_overflow,5.0,388,6.6778,0,44,46,1293.875643
80yr_0720m_h982,80,0720,1,level,0.5,388,5.8403,0,95,51,196.413526
80yr_0720m_h982,80,0720,2,level,0.5,388,5.3735,0,101,38,401.562584
80yr_0720m_h982,80,0720,3,level,0.5,388,5.6185,0,76,42,606.573042
80yr_0720m_h982,80,0720,5,level,0.5,388,6.4696,0,55,49,1053.107958
80yr_0720m_h982,80,0720,6,level,0.5,388,6.5243,0,48,51,1270.385373
80yr_0720m_h934,80,0720,1,level,1.0,388,5.4799,0,87,44,197.057425
80yr_0720m_h934,80,0720,2,level,1.0,388,5.3908,0,103,40,401.535996
80yr_0720m_h934,80,0720,3,level,1.0,388,5.7355,0,82,41,605.826516
80yr_0720m_h934,80,0720,5,level,1.0,388,6.1284,0,58,44,1045.274456
80yr_0720m_h934,80,0720,6,level,1.0,388,6.3627,0,62,46,1271.004472
80yr_0720m_h982,80,0720,1,level,1.0,388,5.532,0,109,45,194.720343
80yr_0720m_h982,80,0720,2,level,1.0,388,5.3735,0,101,38,401.562584
80yr_0720m_h982,80,0720,3,level,1.0,388,5.6691,0,76,42,607.35961
80yr_0720m_h982,80,0720,5,level,1.0,388,6.4696,0,59,49,1055.474622
80yr_0720m_h982,80,0720,6,level,1.0,388,6.6955,0,58,51,1287.644875
80yr_0720m_h934,80,0720,1,level,5.0,388,4.9709,0,76,37,182.8527
80yr_0720m_h934,80,0720,2,level,5.0,388,5.2626,0,141,39,389.909462
80yr_0720m_h934,80,0720,3,level,5.0,388,5.6734,0,120,41,602.868668
80yr_0720m_h934,80,0720,5,level,5.0,388,6.4379,0,113,44,1045.095598
80yr_0720m_h934,80,0720,6,level,5.0,388,6.5115,0,98,45,1279.391794
80yr_0720m_h982,80,0720,1,level,2.0,388,5.0646,0,138,32,189.502708
80yr_0720m_h982,80,0720,2,level,2.0,388,5.345,0,99,38,398.236596
80yr_0720m_h982,80,0720,3,level,2.0,388,5.6691,0,87,42,607.263558
80yr_0720m_h982,80,0720,5,level,2.0,388,6.4696,0,72,49,1055.963909
80yr_0720m_h982,80,0720,6,level,2.0,388,6.6955,0,66,51,1287.297632
80yr_0720m_h982,80,0720,1,level,5.0,388,4.9771,0,88,32,181.009458
80yr_0720m_h982,80,0720,2,level,5.0,388,5.235,0,129,37,388.514041
80yr_0720m_h982,80,0720,3,level,5.0,388,5.6396,0,110,41,604.108004
80yr_0720m_h982,80,0720,5,level,5.0,388,6.3543,0,89,48,1045.405374
80yr_0720m_h982,80,0720,6,level,5.0,388,6.6476,0,74,51,1281.997944
80yr_0720m_h982,80,0720,1,near_overflow,0.5,388,6.3147,0,51,71,201.883305
80yr_0720m_h982,80,0720,2,near_overflow,0.5,388,5.5278,0,50,42,407.862462
80yr_0720m_h982,80,0720,3,near_overflow,0.5,388,5.6185,0,76,42,606.995286
80yr_0720m_h982,80,0720,5,near_overflow,0.5,388,6.4011,0,48,49,1049.986596
80yr_0720m_h982,80,0720,6,near_overflow,0.5,388,6.7397,0,46,51,1279.384365
80yr_0720m_h982,80,0720,1,near_overflow,1.0,388,6.3147,0,51,71,201.883305
80yr_0720m_h982,80,0720,2,near_overflow,1.0,388,5.5278,0,50,42,407.862462
80yr_0720m_h982,80,0720,3,near_overflow,1.0,388,5.6185,0,76,42,606.995286
80yr_0720m_h982,80,0720,5,near_overflow,1.0,388,6.4011,0,48,49,1049.986596
80yr_0720m_h982,80,0720,6,near_overflow,1.0,388,6.7397,0,46,51,1279.384365
80yr_0720m_h982,80,0720,1,near_overflow,2.0,388,6.3147,0,51,71,201.883305
80yr_0720m_h982,80,0720,2,near_overflow,2.0,388,5.5278,0,50,42,407.862462
80yr_0720m_h982,80,0720,3,near_overflow,2.0,388,5.6185,0,76,42,606.995286
80yr_0720m_h982,80,0720,5,near_overflow,2.0,388,6.4011,0,48,49,1049.986596
80yr_0720m_h982,80,0720,6,near_overflow,2.0,388,6.7397,0,46,51,1279.384365
80yr_0720m_h873,80,0720,1,level,0.5,388,5.8165,0,84,20,196.060221
80yr_0720m_h873,80,0720,2,level,0.5,388,5.349,0,114,15,400.169366
80yr_0720m_h873,80,0720,3,level,0.5,388,5.349,0,80,16,604.62774
80yr_0720m_h873,80,0720,5,level,0.5,388,5.9446,0,62,17,1033.499516
80yr_0720m_h873,80,0720,6,level,0.5,388,6.7049,0,48,17,1288.518846
80yr_0720m_h982,80,0720,1,near_overflow,5.0,388,6.3147,0,51,71,201.883305
80yr_0720m_h982,80,0720,2,near_overflow,5.0,388,5.5278,0,50,42,407.862462
80yr_0720m_h982,80,0720,3,near_overflow,5.0,388,5.6185,0,76,42,606.995286
80yr_0720m_h982,80,0720,5,near_overflow,5.0,388,6.4011,0,48,49,1049.986596
80yr_0720m_h982,80,0720,6,near_overflow,5.0,388,6.7397,0,46,51,1279.384365
80yr_0720m_h873,80,0720,1,near_overflow,1.0,388,6.3519,0,38,26,203.279181
80yr_0720m_h873,80,0720,2,near_overflow,1.0,388,5.5217,0,54,17,406.564858
80yr_0720m_h873,80,0720,3,near_overflow,1.0,388,5.349,0,78,16,605.678481
80yr_0720m_h873,80,0720,5,near_overflow,1.0,388,5.9446,0,54,17,1034.219715
80yr_0720m_h873,80,0720,6,near_overflow,1.0,388,6.7049,0,50,17,1280.625208
80yr_0720m_h873,80,0720,1,level,2.0,388,5.0549,0,178,14,192.155816
80yr_0720m_h873,80,0720,2,level,2.0,388,5.3954,0,120,15,394.891972
80yr_0720m_h873,80,0720,3,level,2.0,388,5.569,0,100,16,604.872275
80yr_0720m_h873,80,0720,5,level,2.0,388,5.9446,0,91,20,1035.604222
80yr_0720m_h873,80,0720,6,level,2.0,388,5.997,0,82,17,1259.554516
80yr_0720m_h873,80,0720,1,near_overflow,5.0,388,6.3519,0,38,26,203.279181
80yr_0720m_h873,80,0720,2,near_overflow,5.0,388,5.5217,0,54,17,406.564858
80yr_0720m_h873,80,0720,3,near_overflow,5.0,388,5.349,0,78,16,605.678481
80yr_0720m_h873,80,0720,5,near_overflow,5.0,388,5.9446,0,54,17,1034.219715
80yr_0720m_h873,80,0720,6,near_overflow,5.0,388,6.7049,0,50,17,1280.625208
80yr_0720m_h916,80,0720,1,level,0.5,388,5.7831,0,69,42,197.315831
80yr_0720m_h916,80,0720,2,level,0.5,388,5.381,0,106,33,401.254495
80yr_0720m_h916,80,0720,3,level,0.5,388,5.7414,0,84,36,605.067718
80yr_0720m_h916,80,0720,5,level,0.5,388,6.3463,0,52,39,1053.585978
80yr_0720m_h916,80,0720,6,level,0.5,388,6.3968,0,44,40,1267.688128
80yr_0720m_h873,80,0720,1,near_overflow,2.0,388,6.3519,0,38,26,203.279181
80yr_0720m_h873,80,0720,2,near_overflow,2.0,388,5.5217,0,54,17,406.564858
80yr_0720m_h873,80,0720,3,near_overflow,2.0,388,5.349,0,78,16,605.678481
80yr_0720m_h873,80,0720,5,near_overflow,2.0,388,5.9446,0,54,17,1034.219715
80yr_0720m_h873,80,0720,6,near_overflow,2.0,388,6.7049,0,50,17,1280.625208
80yr_0720m_h916,80,0720,1,level,1.0,388,5.5078,0,83,38,197.249725
80yr_0720m_h916,80,0720,2,level,1.0,388,5.381,0,106,33,401.254495
80yr_0720m_h916,80,0720,3,level,1.0,388,5.7414,0,82,36,605.889049
80yr_0720m_h916,80,0720,5,level,1.0,388,6.3463,0,58,39,1055.670592
80yr_0720m_h916,80,0720,6,level,1.0,388,6.6886,0,58,40,1296.514263
80yr_0720m_h873,80,0720,1,level,1.0,388,5.5129,0,103,18,194.464753
80yr_0720m_h873,80,0720,2,level,1.0,388,5.349,0,114,15,400.169366
80yr_0720m_h873,80,0720,3,level,1.0,388,5.569,0,84,16,606.199384
80yr_0720m_h873,80,0720,5,level,1.0,388,5.9446,0,73,20,1034.689511
80yr_0720m_h873,80,0720,6,level,1.0,388,6.3626,0,68,17,1274.437589
80yr_0720m_h873,80,0720,1,level,5.0,388,4.9656,0,74,14,181.77238
80yr_0720m_h873,80,0720,2,level,5.0,388,5.1392,0,146,15,387.831798
80yr_0720m_h873,80,0720,3,level,5.0,388,5.569,0,116,16,601.20319
80yr_0720m_h873,80,0720,5,level,5.0,388,6.1575,0,112,16,1040.529151
80yr_0720m_h873,80,0720,6,level,5.0,388,6.4995,0,99,17,1277.621643
80yr_0720m_h873,80,0720,1,near_overflow,0.5,388,6.3519,0,38,26,203.279181
80yr_0720m_h873,80,0720,2,near_overflow,0.5,388,5.5217,0,54,17,406.564858
80yr_0720m_h873,80,0720,3,near_overflow,0.5,388,5.349,0,78,16,605.678481
80yr_0720m_h873,80,0720,5,near_overflow,0.5,388,5.9446,0,54,17,1034.219715
80yr_0720m_h873,80,0720,6,near_overflow,0.5,388,6.7049,0,50,17,1280.625208
80yr_0720m_h916,80,0720,1,level,2.0,388,5.0714,0,175,30,193.318937
80yr_0720m_h916,80,0720,2,level,2.0,388,5.381,0,106,33,397.431093
80yr_0720m_h916,80,0720,3,level,2.0,388,5.7327,0,94,36,607.398613
80yr_0720m_h916,80,0720,5,level,2.0,388,6.3463,0,72,39,1055.643774
80yr_0720m_h916,80,0720,6,level,2.0,388,6.6201,0,66,40,1299.088779
80yr_0720m_h916,80,0720,1,level,5.0,388,4.9691,0,69,30,181.587207
80yr_0720m_h916,80,0720,2,level,5.0,388,5.2653,0,136,33,389.29717
80yr_0720m_h916,80,0720,3,level,5.0,388,5.6484,0,120,35,604.44429
80yr_0720m_h916,80,0720,5,level,5.0,388,6.4526,0,98,38,1047.640239
80yr_0720m_h916,80,0720,6,level,5.0,388,6.6201,0,101,39,1290.941471
80yr_0720m_h916,80,0720,1,near_overflow,0.5,388,6.2845,0,33,53,203.160981
80yr_0720m_h916,80,0720,2,near_overflow,0.5,388,5.4458,0,50,36,407.660754
80yr_0720m_h916,80,0720,3,near_overflow,0.5,388,5.7304,0,78,36,606.818922
80yr_0720m_h916,80,0720,5,near_overflow,0.5,388,6.3463,0,40,39,1052.483119
80yr_0720m_h916,80,0720,6,near_overflow,0.5,388,6.9129,0,44,40,1290.734354
80yr_0720m_h916,80,0720,1,near_overflow,1.0,388,6.2845,0,33,53,203.160981
80yr_0720m_h916,80,0720,2,near_overflow,1.0,388,5.4458,0,50,36,407.660754
80yr_0720m_h916,80,0720,3,near_overflow,1.0,388,5.7304,0,78,36,606.818922
80yr_0720m_h916,80,0720,5,near_overflow,1.0,388,6.3463,0,40,39,1052.483119
80yr_0720m_h916,80,0720,6,near_overflow,1.0,388,6.9129,0,44,40,1290.734354
80yr_0720m_h916,80,0720,1,near_overflow,2.0,388,6.2845,0,33,53,203.160981
80yr_0720m_h916,80,0720,2,near_overflow,2.0,388,5.4458,0,50,36,407.660754
80yr_0720m_h916,80,0720,3,near_overflow,2.0,388,5.7304,0,78,36,606.818922
80yr_0720m_h916,80,0720,5,near_overflow,2.0,388,6.3463,0,40,39,1052.483119
80yr_0720m_h916,80,0720,6,near_overflow,2.0,388,6.9129,0,44,40,1290.734354
80yr_0720m_h916,80,0720,1,near_overflow,5.0,388,6.2845,0,33,53,203.160981
80yr_0720m_h916,80,0720,2,near_overflow,5.0,388,5.4458,0,50,36,407.660754
80yr_0720m_h916,80,0720,3,near_overflow,5.0,388,5.7304,0,78,36,606.818922
80yr_0720m_h916,80,0720,5,near_overflow,5.0,388,6.3463,0,40,39,1052.483119
80yr_0720m_h916,80,0720,6,near_overflow,5.0,388,6.9129,0,44,40,1290.734354
80yr_1080m_h1070,80,1080,1,level,0.5,568,5.8183,0,98,64,283.879986
80yr_1080m_h1070,80,1080,2,level,0.5,568,5.1037,0,164,54,577.535912
80yr_1080m_h1070,80,1080,3,level,0.5,568,5.3142,0,110,57,873.288582
80yr_1080m_h1070,80,1080,5,level,0.5,568,5.7542,0,80,61,1477.69929
80yr_1080m_h1070,80,1080,6,level,0.5,568,6.3434,0,76,62,1817.594963
80yr_1080m_h1070,80,1080,1,near_overflow,0.5,568,6.2937,0,43,81,293.359117
80yr_1080m_h1070,80,1080,2,near_overflow,0.5,568,5.4728,0,78,57,587.325565
80yr_1080m_h1070,80,1080,3,near_overflow,0.5,568,5.3142,0,110,57,873.950297
80yr_1080m_h1070,80,1080,5,near_overflow,0.5,568,6.0563,0,68,61,1484.108432
80yr_1080m_h1070,80,1080,6,near_overflow,0.5,568,6.3377,0,64,62,1811.855029
80yr_1080m_h1070,80,1080,1,near_overflow,1.0,568,6.2937,0,43,81,293.359117
80yr_1080m_h1070,80,1080,2,near_overflow,1.0,568,5.4728,0,78,57,587.325565
80yr_1080m_h1070,80,1080,3,near_overflow,1.0,568,5.3142,0,110,57,873.950297
80yr_1080m_h1070,80,1080,5,near_overflow,1.0,568,6.0563,0,68,61,1484.108432
80yr_1080m_h1070,80,1080,6,near_overflow,1.0,568,6.3377,0,64,62,1811.855029
80yr_1080m_h1070,80,1080,1,near_overflow,2.0,568,6.2937,0,43,81,293.359117
80yr_1080m_h1070,80,1080,2,near_overflow,2.0,568,5.4728,0,78,57,587.325565
80yr_1080m_h1070,80,1080,3,near_overflow,2.0,568,5.3142,0,110,57,873.950297
80yr_1080m_h1070,80,1080,5,near_overflow,2.0,568,6.0563,0,68,61,1484.108432
80yr_1080m_h1070,80,1080,6,near_overflow,2.0,568,6.3377,0,64,62,1811.855029
80yr_1080m_h1070,80,1080,1,near_overflow,5.0,568,6.2937,0,43,81,293.359117
80yr_1080m_h1070,80,1080,2,near_overflow,5.0,568,5.4728,0,78,57,587.325565
80yr_1080m_h1070,80,1080,3,near_overflow,5.0,568,5.3142,0,110,57,873.950297
80yr_1080m_h1070,80,1080,5,near_overflow,5.0,568,6.0563,0,68,61,1484.108432
80yr_1080m_h1070,80,1080,6,near_overflow,5.0,568,6.3377,0,64,62,1811.855029
80yr_1080m_h1038,80,1080,1,level,0.5,568,5.8446,0,87,55,284.636473
80yr_1080m_h1038,80,1080,2,level,0.5,568,5.1039,0,170,43,577.422986
80yr_1080m_h1038,80,1080,3,level,0.5,568,5.298,0,108,47,874.06222
80yr_1080m_h1038,80,1080,5,level,0.5,568,5.7253,0,86,52,1478.396308
80yr_1080m_h1038,80,1080,6,level,0.5,568,6.2157,0,69,54,1805.482316
80yr_1080m_h1038,80,1080,1,level,1.0,568,5.5137,0,121,50,283.84021
80yr_1080m_h1038,80,1080,2,level,1.0,568,5.1039,0,170,43,577.422986
80yr_1080m_h1038,80,1080,3,level,1.0,568,5.298,0,108,47,874.06222
80yr_1080m_h1038,80,1080,5,level,1.0,568,5.7253,0,100,52,1480.741772
80yr_1080m_h1038,80,1080,6,level,1.0,568,6.5522,0,95,54,1812.687966
80yr_1080m_h1070,80,1080,1,level,1.0,568,5.5136,0,134,59,282.743012
80yr_1080m_h1070,80,1080,2,level,1.0,568,5.1037,0,164,54,577.535912
80yr_1080m_h1070,80,1080,3,level,1.0,568,5.3142,0,110,57,873.288582
80yr_1080m_h1070,80,1080,5,level,1.0,568,5.7542,0,94,61,1479.063405
80yr_1080m_h1070,80,1080,6,level,1.0,568,6.2808,0,95,62,1804.889392
80yr_1080m_h1038,80,1080,1,level,2.0,568,4.9197,0,288,38,277.879578
80yr_1080m_h1038,80,1080,2,level,2.0,568,5.1039,0,170,43,570.626551
80yr_1080m_h1038,80,1080,3,level,2.0,568,5.298,0,142,47,870.851524
80yr_1080m_h1038,80,1080,5,level,2.0,568,5.7254,0,136,52,1486.017762
80yr_1080m_h1038,80,1080,6,level,2.0,568,5.9654,0,137,54,1801.170456
80yr_1080m_h1070,80,1080,1,level,5.0,568,4.9183,0,163,50,267.453888
80yr_1080m_h1070,80,1080,2,level,5.0,568,5.0703,0,210,53,563.252245
80yr_1080m_h1070,80,1080,3,level,5.0,568,5.3322,0,176,56,864.140997
80yr_1080m_h1070,80,1080,5,level,5.0,568,5.7542,0,170,60,1474.814074
80yr_1080m_h1070,80,1080,6,level,5.0,568,6.2808,0,181,62,1801.72556
80yr_1080m_h1070,80,1080,1,level,2.0,568,4.919,0,266,50,277.500991
80yr_1080m_h1070,80,1080,2,level,2.0,568,5.1037,0,164,54,570.970911
80yr_1080m_h1070,80,1080,3,level,2.0,568,5.3142,0,139,57,870.533358
80yr_1080m_h1070,80,1080,5,level,2.0,568,5.7542,0,126,61,1480.088271
80yr_1080m_h1070,80,1080,6,level,2.0,568,6.2808,0,141,62,1800.214085
80yr_1080m_h1038,80,1080,1,level,5.0,568,4.9198,0,168,38,267.663372
80yr_1080m_h1038,80,1080,2,level,5.0,568,5.0771,0,216,42,562.415744
80yr_1080m_h1038,80,1080,3,level,5.0,568,5.2854,0,174,46,864.636702
80yr_1080m_h1038,80,1080,5,level,5.0,568,5.6832,0,160,51,1476.515797
80yr_1080m_h1038,80,1080,6,level,5.0,568,5.9654,0,159,53,1795.982211
80yr_1080m_h1038,80,1080,1,near_overflow,0.5,568,6.2889,0,58,71,292.747399
80yr_1080m_h1038,80,1080,2,near_overflow,0.5,568,5.4744,0,80,47,587.312983
80yr_1080m_h1038,80,1080,3,near_overflow,0.5,568,5.298,0,108,47,874.840283
80yr_1080m_h1038,80,1080,5,near_overflow,0.5,568,6.0602,0,68,52,1489.937844
80yr_1080m_h1038,80,1080,6,near_overflow,0.5,568,6.2811,0,50,54,1810.116625
80yr_1080m_h1038,80,1080,1,near_overflow,1.0,568,6.2889,0,58,71,292.747399
80yr_1080m_h1038,80,1080,2,near_overflow,1.0,568,5.4744,0,80,47,587.312983
80yr_1080m_h1038,80,1080,3,near_overflow,1.0,568,5.298,0,108,47,874.840283
80yr_1080m_h1038,80,1080,5,near_overflow,1.0,568,6.0602,0,68,52,1489.937844
80yr_1080m_h1038,80,1080,6,near_overflow,1.0,568,6.2811,0,50,54,1810.116625
80yr_1080m_h1082,80,1080,1,level,0.5,568,5.846,0,94,63,284.174197
80yr_1080m_h1082,80,1080,2,level,0.5,568,5.0997,0,164,54,577.613915
80yr_1080m_h1082,80,1080,3,level,0.5,568,5.3049,0,114,56,872.533463
80yr_1080m_h1082,80,1080,5,level,0.5,568,5.6658,0,82,61,1479.902388
80yr_1080m_h1082,80,1080,6,level,0.5,568,6.4453,0,78,62,1817.665749
80yr_1080m_h1038,80,1080,1,near_overflow,5.0,568,6.2889,0,58,71,292.747399
80yr_1080m_h1038,80,1080,2,near_overflow,5.0,568,5.4744,0,80,47,587.312983
80yr_1080m_h1038,80,1080,3,near_overflow,5.0,568,5.298,0,108,47,874.840283
80yr_1080m_h1038,80,1080,5,near_overflow,5.0,568,6.0602,0,68,52,1489.937844
80yr_1080m_h1038,80,1080,6,near_overflow,5.0,568,6.2811,0,50,54,1810.116625
80yr_1080m_h1082,80,1080,1,level,2.0,568,4.9198,0,266,50,277.402972
80yr_1080m_h1082,80,1080,2,level,2.0,568,5.0997,0,164,54,570.738065
80yr_1080m_h1082,80,1080,3,level,2.0,568,5.3049,0,142,56,869.919523
80yr_1080m_h1082,80,1080,5,level,2.0,568,5.9872,0,138,61,1485.655423
80yr_1080m_h1082,80,1080,6,level,2.0,568,6.4453,0,132,62,1807.679275
80yr_1080m_h1038,80,1080,1,near_overflow,2.0,568,6.2889,0,58,71,292.747399
80yr_1080m_h1038,80,1080,2,near_overflow,2.0,568,5.4744,0,80,47,587.312983
80yr_1080m_h1038,80,1080,3,near_overflow,2.0,568,5.298,0,108,47,874.840283
80yr_1080m_h1038,80,1080,5,near_overflow,2.0,568,6.0602,0,68,52,1489.937844
80yr_1080m_h1038,80,1080,6,near_overflow,2.0,568,6.2811,0,50,54,1810.116625
80yr_1080m_h1082,80,1080,1,near_overflow,1.0,568,6.3061,0,49,81,292.948535
80yr_1080m_h1082,80,1080,2,near_overflow,1.0,568,5.4654,0,82,57,587.141056
80yr_1080m_h1082,80,1080,3,near_overflow,1.0,568,5.3049,0,114,56,873.2384
80yr_1080m_h1082,80,1080,5,near_overflow,1.0,568,6.1096,0,64,61,1492.253207
80yr_1080m_h1082,80,1080,6,near_overflow,1.0,568,6.3399,0,64,62,1816.689894
80yr_1080m_h1082,80,1080,1,near_overflow,2.0,568,6.3061,0,49,81,292.948535
80yr_1080m_h1082,80,1080,2,near_overflow,2.0,568,5.4654,0,82,57,587.141056
80yr_1080m_h1082,80,1080,3,near_overflow,2.0,568,5.3049,0,114,56,873.2384
80yr_1080m_h1082,80,1080,5,near_overflow,2.0,568,6.1096,0,64,61,1492.253207
80yr_1080m_h1082,80,1080,6,near_overflow,2.0,568,6.3399,0,64,62,1816.689894
80yr_1080m_h1082,80,1080,1,near_overflow,5.0,568,6.3061,0,49,81,292.948535
80yr_1080m_h1082,80,1080,2,near_overflow,5.0,568,5.4654,0,82,57,587.141056
80yr_1080m_h1082,80,1080,3,near_overflow,5.0,568,5.3049,0,114,56,873.2384
80yr_1080m_h1082,80,1080,5,near_overflow,5.0,568,6.1096,0,64,61,1492.253207
80yr_1080m_h1082,80,1080,6,near_overflow,5.0,568,6.3399,0,64,62,1816.689894
80yr_1080m_h1010,80,1080,1,level,0.5,568,5.7934,0,103,26,283.00692
80yr_1080m_h1010,80,1080,2,level,0.5,568,5.117,0,184,20,575.204489
80yr_1080m_h1010,80,1080,3,level,0.5,568,5.2892,0,124,21,870.476703
80yr_1080m_h1010,80,1080,5,level,0.5,568,5.6297,0,100,22,1470.43592
80yr_1080m_h1010,80,1080,6,level,0.5,568,6.2615,0,88,23,1795.919139
80yr_1080m_h1082,80,1080,1,level,5.0,568,4.9199,0,164,50,267.246986
80yr_1080m_h1082,80,1080,2,level,5.0,568,5.0675,0,215,53,561.765503
80yr_1080m_h1082,80,1080,3,level,5.0,568,5.6764,0,181,56,864.878029
80yr_1080m_h1082,80,1080,5,level,5.0,568,5.8878,0,160,60,1480.888797
80yr_1080m_h1082,80,1080,6,level,5.0,568,6.4453,0,170,62,1803.578836
80yr_1080m_h1082,80,1080,1,level,1.0,568,5.5209,0,117,59,284.242179
80yr_1080m_h1082,80,1080,2,level,1.0,568,5.0997,0,164,54,577.613915
80yr_1080m_h1082,80,1080,3,level,1.0,568,5.3049,0,114,56,872.533463
80yr_1080m_h1082,80,1080,5,level,1.0,568,5.6647,0,96,61,1482.280745
80yr_1080m_h1082,80,1080,6,level,1.0,568,6.4453,0,102,62,1815.437315
80yr_1080m_h1082,80,1080,1,near_overflow,0.5,568,6.3061,0,49,81,292.948535
80yr_1080m_h1082,80,1080,2,near_overflow,0.5,568,5.4654,0,82,57,587.141056
80yr_1080m_h1082,80,1080,3,near_overflow,0.5,568,5.3049,0,114,56,873.2384
80yr_1080m_h1082,80,1080,5,near_overflow,0.5,568,6.1096,0,64,61,1492.253207
80yr_1080m_h1082,80,1080,6,near_overflow,0.5,568,6.3399,0,64,62,1816.689894
80yr_1080m_h1010,80,1080,1,level,2.0,568,4.9184,0,300,18,275.067623
80yr_1080m_h1010,80,1080,2,level,2.0,568,5.117,0,184,20,568.29804
80yr_1080m_h1010,80,1080,3,level,2.0,568,5.2999,0,160,21,868.223937
80yr_1080m_h1010,80,1080,5,level,2.0,568,5.6798,0,150,22,1477.024925
80yr_1080m_h1010,80,1080,6,level,2.0,568,5.9712,0,140,23,1792.963941
80yr_1080m_h1010,80,1080,1,level,1.0,568,5.4939,0,125,24,282.674525
80yr_1080m_h1010,80,1080,2,level,1.0,568,5.117,0,184,20,575.204489
80yr_1080m_h1010,80,1080,3,level,1.0,568,5.2892,0,124,21,870.476703
80yr_1080m_h1010,80,1080,5,level,1.0,568,5.6174,0,116,22,1472.396015
80yr_1080m_h1010,80,1080,6,level,1.0,568,6.1232,0,122,23,1795.566703
80yr_1080m_h1010,80,1080,1,near_overflow,0.5,568,6.277,0,52,33,292.046112
80yr_1080m_h1010,80,1080,2,near_overflow,0.5,568,5.4836,0,83,22,585.802553
80yr_1080m_h1010,80,1080,3,near_overflow,0.5,568,5.2892,0,124,21,871.151704
80yr_1080m_h1010,80,1080,5,near_overflow,0.5,568,6.0818,0,78,22,1473.486702
80yr_1080m_h1010,80,1080,6,near_overflow,0.5,568,6.2284,0,80,23,1792.954329
80yr_1080m_h1010,80,1080,1,near_overflow,2.0,568,6.277,0,52,33,292.046112
80yr_1080m_h1010,80,1080,2,near_overflow,2.0,568,5.4836,0,83,22,585.802553
80yr_1080m_h1010,80,1080,3,near_overflow,2.0,568,5.2892,0,124,21,871.151704
80yr_1080m_h1010,80,1080,5,near_overflow,2.0,568,6.0818,0,78,22,1473.486702
80yr_1080m_h1010,80,1080,6,near_overflow,2.0,568,6.2284,0,80,23,1792.954329
80yr_1080m_h1010,80,1080,1,near_overflow,1.0,568,6.277,0,52,33,292.046112
80yr_1080m_h1010,80,1080,2,near_overflow,1.0,568,5.4836,0,83,22,585.802553
80yr_1080m_h1010,80,1080,3,near_overflow,1.0,568,5.2892,0,124,21,871.151704
80yr_1080m_h1010,80,1080,5,near_overflow,1.0,568,6.0818,0,78,22,1473.486702
80yr_1080m_h1010,80,1080,6,near_overflow,1.0,568,6.2284,0,80,23,1792.954329
80yr_1080m_h1010,80,1080,1,near_overflow,5.0,568,6.277,0,52,33,292.046112
80yr_1080m_h1010,80,1080,2,near_overflow,5.0,568,5.4836,0,83,22,585.802553
80yr_1080m_h1010,80,1080,3,near_overflow,5.0,568,5.2892,0,124,21,871.151704
80yr_1080m_h1010,80,1080,5,near_overflow,5.0,568,6.0818,0,78,22,1473.486702
80yr_1080m_h1010,80,1080,6,near_overflow,5.0,568,6.2284,0,80,23,1792.954329
80yr_1080m_h1060,80,1080,1,level,0.5,568,5.7723,0,95,64,284.428558
80yr_1080m_h1060,80,1080,2,level,0.5,568,5.1023,0,166,54,577.640335
80yr_1080m_h1060,80,1080,3,level,0.5,568,5.2776,0,114,56,873.113833
80yr_1080m_h1060,80,1080,5,level,0.5,568,5.6692,0,88,61,1475.467389
80yr_1080m_h1060,80,1080,6,level,0.5,568,6.7072,0,82,62,1819.190711
80yr_1080m_h1010,80,1080,1,level,5.0,568,4.92,0,144,18,261.726041
80yr_1080m_h1010,80,1080,2,level,5.0,568,5.0737,0,240,20,558.702005
80yr_1080m_h1010,80,1080,3,level,5.0,568,5.2775,0,212,21,860.631521
80yr_1080m_h1010,80,1080,5,level,5.0,568,5.6811,0,200,22,1467.325066
80yr_1080m_h1010,80,1080,6,level,5.0,568,5.864,0,194,23,1786.090744
80yr_1080m_h1060,80,1080,1,level,5.0,568,4.9189,0,161,50,267.549955
80yr_1080m_h1060,80,1080,2,level,5.0,568,5.08,0,204,53,563.575138
80yr_1080m_h1060,80,1080,3,level,5.0,568,5.8699,0,182,56,866.073555
80yr_1080m_h1060,80,1080,5,level,5.0,568,5.6394,0,165,60,1473.389401
80yr_1080m_h1060,80,1080,6,level,5.0,568,6.2592,0,158,62,1804.460887
80yr_1080m_h1060,80,1080,1,near_overflow,0.5,568,6.3133,0,50,81,292.895807
80yr_1080m_h1060,80,1080,2,near_overflow,0.5,568,5.4588,0,78,57,587.225236
80yr_1080m_h1060,80,1080,3,near_overflow,0.5,568,5.2776,0,114,56,873.780646
80yr_1080m_h1060,80,1080,5,near_overflow,0.5,568,6.075,0,70,61,1485.359159
80yr_1080m_h1060,80,1080,6,near_overflow,0.5,568,6.9006,0,64,62,1819.821644
80yr_1080m_h1060,80,1080,1,near_overflow,1.0,568,6.3133,0,50,81,292.895807
80yr_1080m_h1060,80,1080,2,near_overflow,1.0,568,5.4588,0,78,57,587.225236
80yr_1080m_h1060,80,1080,3,near_overflow,1.0,568,5.2776,0,114,56,873.780646
80yr_1080m_h1060,80,1080,5,near_overflow,1.0,568,6.075,0,70,61,1485.359159
80yr_1080m_h1060,80,1080,6,near_overflow,1.0,568,6.9006,0,64,62,1819.821644
80yr_1080m_h1060,80,1080,1,near_overflow,2.0,568,6.3133,0,50,81,292.895807
80yr_1080m_h1060,80,1080,2,near_overflow,2.0,568,5.4588,0,78,57,587.225236
80yr_1080m_h1060,80,1080,3,near_overflow,2.0,568,5.2776,0,114,56,873.780646
80yr_1080m_h1060,80,1080,5,near_overflow,2.0,568,6.075,0,70,61,1485.359159
80yr_1080m_h1060,80,1080,6,near_overflow,2.0,568,6.9006,0,64,62,1819.821644
80yr_1080m_h1060,80,1080,1,near_overflow,5.0,568,6.3133,0,50,81,292.895807
80yr_1080m_h1060,80,1080,2,near_overflow,5.0,568,5.4588,0,78,57,587.225236
80yr_1080m_h1060,80,1080,3,near_overflow,5.0,568,5.2776,0,114,56,873.780646
80yr_1080m_h1060,80,1080,5,near_overflow,5.0,568,6.075,0,70,61,1485.359159
80yr_1080m_h1060,80,1080,6,near_overflow,5.0,568,6.9006,0,64,62,1819.821644
80yr_1080m_h1060,80,1080,1,level,1.0,568,5.4877,0,116,59,281.114039
80yr_1080m_h1060,80,1080,2,level,1.0,568,5.1023,0,166,54,577.640335
80yr_1080m_h1060,80,1080,3,level,1.0,568,5.2776,0,114,56,873.113833
80yr_1080m_h1060,80,1080,5,level,1.0,568,5.6425,0,100,61,1477.854116
80yr_1080m_h1060,80,1080,6,level,1.0,568,6.1421,0,102,62,1807.24516
80yr_1080m_h1060,80,1080,1,level,2.0,568,4.9189,0,266,50,277.943784
80yr_1080m_h1060,80,1080,2,level,2.0,568,5.1023,0,166,54,570.715106
80yr_1080m_h1060,80,1080,3,level,2.0,568,5.2776,0,142,56,870.610795
80yr_1080m_h1060,80,1080,5,level,2.0,568,5.6692,0,136,61,1478.406038
80yr_1080m_h1060,80,1080,6,level,2.0,568,6.0957,0,130,62,1801.383195
80yr_1440m_h1188,80,1440,1,level,0.5,748,5.8168,0,138,79,369.426172
80yr_1440m_h1188,80,1440,2,level,0.5,748,5.1007,0,242,67,751.650751
80yr_1440m_h1188,80,1440,3,level,0.5,748,5.2995,0,178,71,1135.10468
80yr_1440m_h1188,80,1440,5,level,0.5,748,5.6745,0,146,76,1918.188851
80yr_1440m_h1188,80,1440,6,level,0.5,748,6.2725,0,119,78,2339.308801
80yr_1440m_h1188,80,1440,1,level,1.0,748,5.5809,0,185,74,365.442846
80yr_1440m_h1188,80,1440,2,level,1.0,748,5.1007,0,242,67,751.650751
80yr_1440m_h1188,80,1440,3,level,1.0,748,5.2995,0,178,71,1135.10468
80yr_1440m_h1188,80,1440,5,level,1.0,748,5.6927,0,174,76,1921.930524
80yr_1440m_h1188,80,1440,6,level,1.0,748,6.5753,0,154,78,2346.053596
80yr_1440m_h1188,80,1440,1,level,5.0,748,4.9195,0,190,63,343.045891
80yr_1440m_h1188,80,1440,2,level,5.0,748,5.0698,0,304,66,732.894615
80yr_1440m_h1188,80,1440,3,level,5.0,748,5.2614,0,268,70,1123.932401
80yr_1440m_h1188,80,1440,5,level,5.0,748,5.6693,0,258,76,1917.994118
80yr_1440m_h1188,80,1440,6,level,5.0,748,6.3787,0,209,78,2336.449234
80yr_1440m_h1188,80,1440,1,near_overflow,0.5,748,6.2839,0,80,100,380.92811
80yr_1440m_h1188,80,1440,2,near_overflow,0.5,748,5.4191,0,110,71,765.305757
80yr_1440m_h1188,80,1440,3,near_overflow,0.5,748,5.2995,0,178,71,1135.937878
80yr_1440m_h1188,80,1440,5,near_overflow,0.5,748,5.6927,0,126,76,1917.571111
80yr_1440m_h1188,80,1440,6,near_overflow,0.5,748,6.5218,0,86,78,2336.360977
80yr_1440m_h1188,80,1440,1,near_overflow,2.0,748,6.2839,0,80,100,380.92811
80yr_1440m_h1188,80,1440,2,near_overflow,2.0,748,5.4191,0,110,71,765.305757
80yr_1440m_h1188,80,1440,3,near_overflow,2.0,748,5.2995,0,178,71,1135.937878
80yr_1440m_h1188,80,1440,5,near_overflow,2.0,748,5.6927,0,126,76,1917.571111
80yr_1440m_h1188,80,1440,6,near_overflow,2.0,748,6.5218,0,86,78,2336.360977
80yr_1440m_h1188,80,1440,1,near_overflow,1.0,748,6.2839,0,80,100,380.92811
80yr_1440m_h1188,80,1440,2,near_overflow,1.0,748,5.4191,0,110,71,765.305757
80yr_1440m_h1188,80,1440,3,near_overflow,1.0,748,5.2995,0,178,71,1135.937878
80yr_1440m_h1188,80,1440,5,near_overflow,1.0,748,5.6927,0,126,76,1917.571111
80yr_1440m_h1188,80,1440,6,near_overflow,1.0,748,6.5218,0,86,78,2336.360977
80yr_1440m_h1188,80,1440,1,near_overflow,5.0,748,6.2839,0,80,100,380.92811
80yr_1440m_h1188,80,1440,2,near_overflow,5.0,748,5.4191,0,110,71,765.305757
80yr_1440m_h1188,80,1440,3,near_overflow,5.0,748,5.2995,0,178,71,1135.937878
80yr_1440m_h1188,80,1440,5,near_overflow,5.0,748,5.6927,0,126,76,1917.571111
80yr_1440m_h1188,80,1440,6,near_overflow,5.0,748,6.5218,0,86,78,2336.360977
80yr_1440m_h1173,80,1440,1,level,2.0,748,4.92,0,382,46,362.864103
80yr_1440m_h1173,80,1440,2,level,2.0,748,5.1172,0,236,52,744.098112
80yr_1440m_h1173,80,1440,3,level,2.0,748,5.3233,0,202,57,1134.338298
80yr_1440m_h1173,80,1440,5,level,2.0,748,5.6453,0,202,64,1925.728141
80yr_1440m_h1173,80,1440,6,level,2.0,748,6.3906,0,165,67,2349.781114
80yr_1440m_h1173,80,1440,1,level,5.0,748,4.9196,0,207,46,344.766684
80yr_1440m_h1173,80,1440,2,level,5.0,748,5.0867,0,302,51,733.27655
80yr_1440m_h1173,80,1440,3,level,5.0,748,5.2913,0,266,56,1125.730008
80yr_1440m_h1173,80,1440,5,level,5.0,748,5.7113,0,240,63,1919.088928
80yr_1440m_h1173,80,1440,6,level,5.0,748,6.3587,0,198,66,2340.868598
80yr_1440m_h1188,80,1440,1,level,2.0,748,4.9199,0,384,63,361.359291
80yr_1440m_h1188,80,1440,2,level,2.0,748,5.1007,0,242,67,742.74158
80yr_1440m_h1188,80,1440,3,level,2.0,748,5.2995,0,220,71,1134.047963
80yr_1440m_h1188,80,1440,5,level,2.0,748,5.6635,0,216,76,1925.313866
80yr_1440m_h1188,80,1440,6,level,2.0,748,6.4849,0,171,78,2344.089712
80yr_1440m_h1173,80,1440,1,near_overflow,1.0,748,6.2801,0,77,88,381.621032
80yr_1440m_h1173,80,1440,2,near_overflow,1.0,748,5.4255,0,116,56,765.231138
80yr_1440m_h1173,80,1440,3,near_overflow,1.0,748,5.3233,0,176,57,1136.460076
80yr_1440m_h1173,80,1440,5,near_overflow,1.0,748,5.6237,0,122,64,1918.831677
80yr_1440m_h1173,80,1440,6,near_overflow,1.0,748,6.0613,0,89,67,2329.646729
80yr_1440m_h1173,80,1440,1,near_overflow,0.5,748,6.2801,0,77,88,381.621032
80yr_1440m_h1173,80,1440,2,near_overflow,0.5,748,5.4255,0,116,56,765.231138
80yr_1440m_h1173,80,1440,3,near_overflow,0.5,748,5.3233,0,176,57,1136.460076
80yr_1440m_h1173,80,1440,5,near_overflow,0.5,748,5.6237,0,122,64,1918.831677
80yr_1440m_h1173,80,1440,6,near_overflow,0.5,748,6.0613,0,89,67,2329.646729
80yr_1440m_h1173,80,1440,1,level,0.5,748,5.8392,0,134,66,370.638503
80yr_1440m_h1173,80,1440,2,level,0.5,748,5.1172,0,236,52,752.470556
80yr_1440m_h1173,80,1440,3,level,0.5,748,5.3233,0,176,57,1135.639617
80yr_1440m_h1173,80,1440,5,level,0.5,748,5.6559,0,138,64,1920.116505
80yr_1440m_h1173,80,1440,6,level,0.5,748,6.4179,0,118,67,2344.693689
80yr_1440m_h1173,80,1440,1,near_overflow,2.0,748,6.2801,0,77,88,381.621032
80yr_1440m_h1173,80,1440,2,near_overflow,2.0,748,5.4255,0,116,56,765.231138
80yr_1440m_h1173,80,1440,3,near_overflow,2.0,748,5.3233,0,176,57,1136.460076
80yr_1440m_h1173,80,1440,5,near_overflow,2.0,748,5.6237,0,122,64,1918.831677
80yr_1440m_h1173,80,1440,6,near_overflow,2.0,748,6.0613,0,89,67,2329.646729
80yr_1440m_h1173,80,1440,1,near_overflow,5.0,748,6.2801,0,77,88,381.621032
80yr_1440m_h1173,80,1440,2,near_overflow,5.0,748,5.4255,0,116,56,765.231138
80yr_1440m_h1173,80,1440,3,near_overflow,5.0,748,5.3233,0,176,57,1136.460076
80yr_1440m_h1173,80,1440,5,near_overflow,5.0,748,5.6237,0,122,64,1918.831677
80yr_1440m_h1173,80,1440,6,near_overflow,5.0,748,6.0613,0,89,67,2329.646729
80yr_1440m_h1117,80,1440,1,level,0.5,748,5.8012,0,146,31,368.098384
80yr_1440m_h1117,80,1440,2,level,0.5,748,5.1192,0,266,24,749.876366
80yr_1440m_h1117,80,1440,3,level,0.5,748,5.3392,0,182,25,1134.813562
80yr_1440m_h1117,80,1440,5,level,0.5,748,5.73,0,145,27,1919.035452
80yr_1440m_h1117,80,1440,6,level,0.5,748,6.4421,0,134,28,2331.388073
80yr_1440m_h1173,80,1440,1,level,1.0,748,5.5272,0,174,60,366.511244
80yr_1440m_h1173,80,1440,2,level,1.0,748,5.1172,0,236,52,752.470556
80yr_1440m_h1173,80,1440,3,level,1.0,748,5.3233,0,176,57,1135.639617
80yr_1440m_h1173,80,1440,5,level,1.0,748,5.6453,0,164,64,1923.750131
80yr_1440m_h1173,80,1440,6,level,1.0,748,6.3906,0,147,67,2348.238748
80yr_1440m_h1117,80,1440,1,level,1.0,748,5.4953,0,192,28,366.312638
80yr_1440m_h1117,80,1440,2,level,1.0,748,5.1192,0,266,24,749.876366
80yr_1440m_h1117,80,1440,3,level,1.0,748,5.3392,0,182,25,1134.813562
80yr_1440m_h1117,80,1440,5,level,1.0,748,5.73,0,175,27,1922.116959
80yr_1440m_h1117,80,1440,6,level,1.0,748,6.4421,0,174,28,2334.659746
80yr_1440m_h1117,80,1440,1,level,2.0,748,4.9184,0,420,22,360.450949
80yr_1440m_h1117,80,1440,2,level,2.0,748,5.1192,0,266,24,739.886226
80yr_1440m_h1117,80,1440,3,level,2.0,748,5.3392,0,230,25,1132.737074
80yr_1440m_h1117,80,1440,5,level,2.0,748,5.7046,0,226,27,1923.129024
80yr_1440m_h1117,80,1440,6,level,2.0,748,5.9609,0,203,28,2328.380233
80yr_1440m_h1117,80,1440,1,near_overflow,0.5,748,6.2949,0,83,40,380.064548
80yr_1440m_h1117,80,1440,2,near_overflow,0.5,748,5.4181,0,126,27,763.777665
80yr_1440m_h1117,80,1440,3,near_overflow,0.5,748,5.3392,0,182,25,1135.723251
80yr_1440m_h1117,80,1440,5,near_overflow,0.5,748,5.7792,0,122,27,1919.370732
80yr_1440m_h1117,80,1440,6,near_overflow,0.5,748,6.5523,0,101,28,2336.529691
80yr_1440m_h1117,80,1440,1,near_overflow,1.0,748,6.2949,0,83,40,380.064548
80yr_1440m_h1117,80,1440,2,near_overflow,1.0,748,5.4181,0,126,27,763.777665
80yr_1440m_h1117,80,1440,3,near_overflow,1.0,748,5.3392,0,182,25,1135.723251
80yr_1440m_h1117,80,1440,5,near_overflow,1.0,748,5.7792,0,122,27,1919.370732
80yr_1440m_h1117,80,1440,6,near_overflow,1.0,748,6.5523,0,101,28,2336.529691
80yr_1440m_h1117,80,1440,1,near_overflow,5.0,748,6.2949,0,83,40,380.064548
80yr_1440m_h1117,80,1440,2,near_overflow,5.0,748,5.4181,0,126,27,763.777665
80yr_1440m_h1117,80,1440,3,near_overflow,5.0,748,5.3392,0,182,25,1135.723251
80yr_1440m_h1117,80,1440,5,near_overflow,5.0,748,5.7792,0,122,27,1919.370732
80yr_1440m_h1117,80,1440,6,near_overflow,5.0,748,6.5523,0,101,28,2336.529691
80yr_1440m_h1209,80,1440,1,level,0.5,748,5.8287,0,132,76,369.797392
80yr_1440m_h1209,80,1440,2,level,0.5,748,5.097,0,236,54,752.843073
80yr_1440m_h1209,80,1440,3,level,0.5,748,5.3033,0,164,62,1138.030351
80yr_1440m_h1209,80,1440,5,level,0.5,748,5.6752,0,132,74,1919.98559
80yr_1440m_h1209,80,1440,6,level,0.5,748,6.2456,0,124,80,2350.942238
80yr_1440m_h1209,80,1440,1,level,1.0,748,5.5645,0,181,65,366.966316
80yr_1440m_h1209,80,1440,2,level,1.0,748,5.097,0,236,54,752.843073
80yr_1440m_h1209,80,1440,3,level,1.0,748,5.3033,0,164,62,1138.030351
80yr_1440m_h1209,80,1440,5,level,1.0,748,5.6531,0,156,74,1924.803441
80yr_1440m_h1209,80,1440,6,level,1.0,748,6.1318,0,150,80,2348.252523
80yr_1440m_h1117,80,1440,1,near_overflow,2.0,748,6.2949,0,83,40,380.064548
80yr_1440m_h1117,80,1440,2,near_overflow,2.0,748,5.4181,0,126,27,763.777665
80yr_1440m_h1117,80,1440,3,near_overflow,2.0,748,5.3392,0,182,25,1135.723251
80yr_1440m_h1117,80,1440,5,near_overflow,2.0,748,5.7792,0,122,27,1919.370732
80yr_1440m_h1117,80,1440,6,near_overflow,2.0,748,6.5523,0,101,28,2336.529691
80yr_1440m_h1209,80,1440,1,level,5.0,748,4.9199,0,207,46,343.044909
80yr_1440m_h1209,80,1440,2,level,5.0,748,5.0694,0,292,53,730.372242
80yr_1440m_h1209,80,1440,3,level,5.0,748,5.3309,0,273,60,1126.342053
80yr_1440m_h1209,80,1440,5,level,5.0,748,6.0286,0,262,73,1932.090314
80yr_1440m_h1209,80,1440,6,level,5.0,748,6.4545,0,250,79,2347.363023
80yr_1440m_h1117,80,1440,1,level,5.0,748,4.92,0,224,22,340.50127
80yr_1440m_h1117,80,1440,2,level,5.0,748,5.09,0,340,24,725.45119
80yr_1440m_h1117,80,1440,3,level,5.0,748,5.2998,0,296,25,1121.988288
80yr_1440m_h1117,80,1440,5,level,5.0,748,5.6566,0,280,27,1914.076069
80yr_1440m_h1117,80,1440,6,level,5.0,748,6.0213,0,252,28,2325.076119
80yr_1440m_h1209,80,1440,1,near_overflow,0.5,748,6.2998,0,74,114,380.402077
80yr_1440m_h1209,80,1440,2,near_overflow,0.5,748,5.4092,0,108,59,765.487761
80yr_1440m_h1209,80,1440,3,near_overflow,0.5,748,5.3033,0,164,62,1138.761944
80yr_1440m_h1209,80,1440,5,near_overflow,0.5,748,5.6752,0,114,74,1917.680635
80yr_1440m_h1209,80,1440,6,near_overflow,0.5,748,6.8158,0,103,80,2387.020292
80yr_1440m_h1209,80,1440,1,near_overflow,1.0,748,6.2998,0,74,114,380.402077
80yr_1440m_h1209,80,1440,2,near_overflow,1.0,748,5.4092,0,108,59,765.487761
80yr_1440m_h1209,80,1440,3,near_overflow,1.0,748,5.3033,0,164,62,1138.761944
80yr_1440m_h1209,80,1440,5,near_overflow,1.0,748,5.6752,0,114,74,1917.680635
80yr_1440m_h1209,80,1440,6,near_overflow,1.0,748,6.8158,0,103,80,2387.020292
80yr_1440m_h1209,80,1440,1,near_overflow,2.0,748,6.2998,0,74,114,380.402077
80yr_1440m_h1209,80,1440,2,near_overflow,2.0,748,5.4092,0,108,59,765.487761
80yr_1440m_h1209,80,1440,3,near_overflow,2.0,748,5.3033,0,164,62,1138.761944
80yr_1440m_h1209,80,1440,5,near_overflow,2.0,748,5.6752,0,114,74,1917.680635
80yr_1440m_h1209,80,1440,6,near_overflow,2.0,748,6.8158,0,103,80,2387.020292
80yr_1440m_h1209,80,1440,1,near_overflow,5.0,748,6.2998,0,74,114,380.402077
80yr_1440m_h1209,80,1440,2,near_overflow,5.0,748,5.4092,0,108,59,765.487761
80yr_1440m_h1209,80,1440,3,near_overflow,5.0,748,5.3033,0,164,62,1138.761944
80yr_1440m_h1209,80,1440,5,near_overflow,5.0,748,5.6752,0,114,74,1917.680635
80yr_1440m_h1209,80,1440,6,near_overflow,5.0,748,6.8158,0,103,80,2387.020292
80yr_1440m_h1234,80,1440,1,level,0.5,748,5.8188,0,130,76,369.805747
80yr_1440m_h1234,80,1440,2,level,0.5,748,5.1053,0,238,54,752.661599
80yr_1440m_h1234,80,1440,3,level,0.5,748,5.3018,0,168,62,1137.308901
80yr_1440m_h1234,80,1440,5,level,0.5,748,5.669,0,132,74,1921.708535
80yr_1440m_h1234,80,1440,6,level,0.5,748,6.4579,0,118,80,2335.574017
80yr_1440m_h1209,80,1440,1,level,2.0,748,4.9197,0,382,46,358.418314
80yr_1440m_h1209,80,1440,2,level,2.0,748,5.097,0,236,54,743.317776
80yr_1440m_h1209,80,1440,3,level,2.0,748,5.306,0,226,62,1134.895018
80yr_1440m_h1209,80,1440,5,level,2.0,748,6.0286,0,206,74,1934.639595
80yr_1440m_h1209,80,1440,6,level,2.0,748,6.4545,0,204,80,2347.754629
80yr_1440m_h1234,80,1440,1,level,1.0,748,5.5238,0,178,65,368.593283
80yr_1440m_h1234,80,1440,2,level,1.0,748,5.1053,0,238,54,752.661599
80yr_1440m_h1234,80,1440,3,level,1.0,748,5.3018,0,168,62,1137.308901
80yr_1440m_h1234,80,1440,5,level,1.0,748,5.669,0,160,74,1925.579087
80yr_1440m_h1234,80,1440,6,level,1.0,748,6.4535,0,153,80,2351.942976
80yr_1440m_h1234,80,1440,1,level,5.0,748,4.9196,0,205,46,342.633275
80yr_1440m_h1234,80,1440,2,level,5.0,748,5.0707,0,296,53,731.632127
80yr_1440m_h1234,80,1440,3,level,5.0,748,5.6912,0,290,60,1126.671109
80yr_1440m_h1234,80,1440,5,level,5.0,748,5.907,0,266,73,1928.583117
80yr_1440m_h1234,80,1440,6,level,5.0,748,6.5669,0,255,79,2338.668491
80yr_1440m_h1234,80,1440,1,level,2.0,748,4.9187,0,394,46,358.498476
80yr_1440m_h1234,80,1440,2,level,2.0,748,5.1053,0,238,54,743.161651
80yr_1440m_h1234,80,1440,3,level,2.0,748,5.3018,0,218,62,1135.005359
80yr_1440m_h1234,80,1440,5,level,2.0,748,5.907,0,208,74,1937.653294
80yr_1440m_h1234,80,1440,6,level,2.0,748,6.1339,0,186,80,2341.275437
80yr_1440m_h1234,80,1440,1,near_overflow,1.0,748,6.295,0,72,114,380.640902
80yr_1440m_h1234,80,1440,2,near_overflow,1.0,748,5.4557,0,114,60,765.781695
80yr_1440m_h1234,80,1440,3,near_overflow,1.0,748,5.3018,0,168,62,1138.026389
80yr_1440m_h1234,80,1440,5,near_overflow,1.0,748,5.672,0,110,74,1918.064011
80yr_1440m_h1234,80,1440,6,near_overflow,1.0,748,5.982,0,98,80,2328.418298
80yr_1440m_h1234,80,1440,1,near_overflow,0.5,748,6.295,0,72,114,380.640902
80yr_1440m_h1234,80,1440,2,near_overflow,0.5,748,5.4557,0,114,60,765.781695
80yr_1440m_h1234,80,1440,3,near_overflow,0.5,748,5.3018,0,168,62,1138.026389
80yr_1440m_h1234,80,1440,5,near_overflow,0.5,748,5.672,0,110,74,1918.064011
80yr_1440m_h1234,80,1440,6,near_overflow,0.5,748,5.982,0,98,80,2328.418298
80yr_1440m_h1234,80,1440,1,near_overflow,2.0,748,6.295,0,72,114,380.640902
80yr_1440m_h1234,80,1440,2,near_overflow,2.0,748,5.4557,0,114,60,765.781695
80yr_1440m_h1234,80,1440,3,near_overflow,2.0,748,5.3018,0,168,62,1138.026389
80yr_1440m_h1234,80,1440,5,near_overflow,2.0,748,5.672,0,110,74,1918.064011
80yr_1440m_h1234,80,1440,6,near_overflow,2.0,748,5.982,0,98,80,2328.418298
80yr_1440m_h1234,80,1440,1,near_overflow,5.0,748,6.295,0,72,114,380.640902
80yr_1440m_h1234,80,1440,2,near_overflow,5.0,748,5.4557,0,114,60,765.781695
80yr_1440m_h1234,80,1440,3,near_overflow,5.0,748,5.3018,0,168,62,1138.026389
80yr_1440m_h1234,80,1440,5,near_overflow,5.0,748,5.672,0,110,74,1918.064011
80yr_1440m_h1234,80,1440,6,near_overflow,5.0,748,5.982,0,98,80,2328.418298
