episode,train_loss,train_reward
0,nan,28.265234801690877
1,0.06316452493217398,46.859133117142136
2,0.017225702240301125,45.213868004458426
3,0.015984516877152428,74.46150460221502
4,0.010480016727790788,271.89794749375346
5,0.008156799217525485,29.783934659033196
6,0.00794130496093972,144.55310907241804
7,0.008531731280428986,76.13089724653518
8,0.009196474213240435,44.56596078814822
9,0.008807810291766376,267.48098686211415
10,0.00615251213555992,75.774687763409
11,0.0060760331910167786,31.207650232843168
12,0.0073428452858440895,56.02168245251465
13,0.005452781246276572,28.910739498982977
14,0.007249040485048146,350.6620161766538
15,0.007857033517771365,104.05890093925595
16,0.005364070228195586,77.48054183712793
17,0.008206374875534004,104.72193066679893
18,0.00894975293075814,48.70362240770185
19,0.004271693313859356,65.38526799062835
20,0.006533084152827293,49.59812790834645
21,0.007612999552293331,104.50639493783986
22,0.007713853059858839,71.80158192404465
23,0.0074548083819634585,75.5764625980827
24,0.0063694532230713615,148.91117553897294
25,0.006984166770542708,103.66815613880327
26,0.006495574310188326,78.10572016837457
27,0.0067583527238289556,105.56214604077606
28,0.006313953770154898,57.94556553309887
29,0.008196607441326229,349.35372050908586
30,0.005745915410842374,354.82287559241985
31,0.004799559423771985,191.90919946662083
32,0.005626608057688097,266.06321827237474
33,0.005210217877853492,149.49892224965126
34,0.0033806886263265208,192.00390670818337
35,0.0028818359696043236,105.24193297148256
36,0.005912989702131921,27.677946757417008
37,0.004364894573462572,104.90048872608614
38,0.006700622353739825,48.205476017494846
39,0.0025965837216559025,48.859827193410915
40,0.004002451329437758,77.0541983662555
41,0.009291971943226103,45.16147120966493
42,0.011928964480015064,30.820832214199413
43,0.004196271125858237,49.15167650996107
44,0.005038630259811974,50.08352740093988
45,0.007441479352256481,61.01144961850517
46,0.009467000319373569,28.78372119691319
47,0.013392036141413956,72.21541242814402
48,0.007574973673553806,58.68034997991053
49,0.007343259200855211,186.8108631328913
50,0.007534252866737813,360.6243308346068
51,0.00706480225702772,356.2620888176632
52,0.00471021533167775,63.04651141978974
53,0.01061392526427316,31.513987480573338
54,0.00566574021557604,355.5186644176441
55,0.004211224158192133,31.49361757789239
56,0.0034898782924196545,102.50237459082585
57,0.006056909447333719,77.3112875209396
58,0.0037144658226586132,188.08262114752466
59,0.004357926917819755,275.48089583787606
60,0.00457432708345281,276.82686727537924
61,0.004884194308426624,75.06183755840495
62,0.0049593234802607165,351.1256893734544
63,0.004526611828586068,188.77900619059952
64,0.0018469382868778635,28.03443185147802
65,0.0034656165223173364,354.75445372537916
66,0.003384668699434643,361.3862501170101
67,0.003067054146097149,347.1072343909661
68,0.0024585666279872574,190.00685082797656
69,0.005352831997277882,107.88365490838153
70,0.0033184872835101066,108.37245312063651
71,0.0023400315306041602,150.43500955040543
72,0.004235713249664545,31.688293555456358
73,0.00449381256993757,104.69085309367735
74,0.005029725803831605,78.97164936135282
75,0.0037893432936625224,59.548821260750096
76,0.0065144443368149825,30.357800627058374
77,0.005607962219146918,142.8607169990631
78,0.004607728828047514,106.7472298786123
79,0.006206352774609251,60.76421950527603
80,0.0061883353844996705,187.7930741025426
81,0.008103305516694515,74.53991514675415
82,0.008088113925208404,148.3875846345829
83,0.006734942765949716,73.39249532858652
84,0.00617719148281407,342.76883337686013
85,0.005030186240302018,46.89073828499511
86,0.00504285782322374,194.15825584317682
87,0.0044294821351200915,147.8348103474916
88,0.006146877406949484,48.99966546005572
89,0.0034398869085993616,277.95050397323695
90,0.0038670742345660787,79.05564140150823
91,0.004207029793628722,187.7394040597127
92,0.004502921507300413,271.8923093504554
93,0.0038540066145531494,187.39237171474474
94,0.004519198509236977,189.67728670864466
95,0.0034644505543283076,61.108938539231595
96,0.005136241076905793,60.59782801091426
97,0.006288011033010096,77.14191413058884
98,0.005087576804884972,146.39361621518677
99,0.004126458946346364,348.99111484686284
100,0.002546463829800744,103.50684903853708
101,0.005225127525591233,100.3812724574996
102,0.005652630792858624,46.94398422796508
103,0.005579094504892604,144.39411337384837
104,0.00559684158090034,149.1768539538321
105,0.0040011622419616946,32.43111073248555
106,0.005864781193773063,263.3221812966831
107,0.004137862359996707,144.05731605524468
108,0.0027864340148550004,48.878504022062685
109,0.004267886494706314,276.2438280894538
110,0.002685813752164408,46.62908768238162
111,0.005577320778879553,148.98057772504575
112,0.004804793647412558,272.47838433539295
113,0.004562563272423138,276.42813646547916
114,0.003127540014101147,149.69307430587241
115,0.004066947135952615,152.62174497919182
116,0.003898090157655623,109.70126989494966
117,0.003365476668795048,147.32634348731835
118,0.0037140112418400893,152.60052757504621
119,0.0035385949070994936,33.06617825914395
120,0.004510717865078068,78.13449716476154
121,0.004076545556883386,359.1883889438679
122,0.006146430149564021,28.44414881739017
123,0.0031052992826271046,77.67346364452735
124,0.0038326460296101528,355.86689239121233
125,0.0033942259444678523,31.43854715739249
126,0.00328286120119711,42.26165208227756
127,0.0036574102488719454,45.569940873736805
128,0.0038150869330509265,143.26106402116503
129,0.004620758987941146,191.14544336226962
130,0.004939308164836602,63.326278744745544
131,0.004157333967181255,189.8355400791226
132,0.0037925865455559387,188.1847524005546
133,0.0038514003257865037,274.2092203356523
134,0.0039670873622301385,192.76229390146256
135,0.004910814360795142,147.71237007365912
136,0.002707052269228447,268.232501019887
137,0.004084865788296487,41.24991359268116
138,0.00651584295763129,58.66385042325703
139,0.003469857637136211,28.98829106560897
140,0.004173231325276089,360.5504189291443
141,0.0019000771801468029,76.87490885898185
142,0.002058766370815835,29.104369641535712
143,0.003484636059473599,191.9291754460038
144,0.004143504189239768,107.84819725560784
145,0.001766152493211725,61.08573006938405
146,0.004572026571700518,360.5989111107579
147,0.003660285054926417,351.80073415564357
148,0.0033144449739619134,192.41846130019064
149,0.0037959650282503457,103.47478774186432
150,0.003103244816057585,45.5551608984071
151,0.00498738089113062,76.27291685746019
152,0.0035256031141950818,104.98399609102114
153,0.004409897290315712,76.71811372220974
154,0.0038544584784074073,275.79206490543356
155,0.0022352456913226474,43.03441751154869
156,0.005781434028160054,49.78554668559697
157,0.0035363004215196755,362.95144807101747
158,0.004927105088837111,272.94676969467946
159,0.0031970817926520166,273.26094495623147
160,0.0031123013872868255,360.9624454051737
161,0.002619547934710471,106.65642579048858
162,0.0021833431740312585,48.920973131574925
163,0.0031035252606748656,351.0655112349679
164,0.002530869984940169,272.43314548970307
165,0.003302878903672661,32.403388973308346
166,0.004385199310322089,187.8813419891431
167,0.0029588311528714745,150.11392531228324
168,0.0028015382546387768,103.76354961630386
169,0.0030143769988906105,352.88475418720225
170,0.003439279701057318,78.92487865481989
171,0.004756089246035805,78.1254605920496
172,0.0036217824445220932,78.43039443821478
173,0.0030687130188892034,60.791863693481076
174,0.00681845031582673,140.41322507854858
175,0.004204456718510081,30.63608380006739
176,0.00443048337749551,350.5915441534431
177,0.004446200589100899,142.03299079004913
178,0.006512398519958338,75.20894892803419
179,0.004776959278764292,31.028134946088215
180,0.005087385389320126,274.06128722587215
181,0.0037277051715963435,45.52397165309634
182,0.0032438236408755213,150.9115088218619
183,0.004516771004018471,351.5583962279038
184,0.0034297924938098885,271.33242014783053
185,0.0030288406538799078,76.551193560287
186,0.004017254059569317,188.57725424765954
187,0.002715944076773793,359.5316063042233
188,0.002040128550263411,32.63935398455193
189,0.0013738032128227569,279.6396016491524
190,0.00289276758269276,145.38774942030895
191,0.005891141882702042,49.47450425429889
192,0.004282906747793453,147.31489604441654
193,0.0022477220441647363,80.24094748588828
194,0.0024395478342110156,100.24245138379254
195,0.0018459130311886587,33.07568334966541
196,0.003674601600643065,73.81618785830923
197,0.0033162971536709134,75.4774780041219
198,0.006227619567948136,77.01795844653185
199,0.004437747103139307,184.9097627803014
200,0.005687207015091164,273.22399323774613
201,0.00562537077118024,191.86977824935067
202,0.003670996531416842,51.42898307273281
203,0.004091354261323482,272.2814074213431
204,0.004611248337963703,105.35579312979537
205,0.004369917083566777,149.22205887184825
206,0.0031578764630690774,359.3661323105786
207,0.0036920277060827093,45.30655720133657
208,0.0033286950231111124,102.1180912597533
209,0.0032621880870119385,272.56091599162124
210,0.004610826499546502,48.84316669050646
211,0.005773871906748009,31.008150625261305
212,0.0035800822502510114,49.32468103441117
213,0.00324840059896568,57.94279114604344
214,0.004807641723911385,73.06404520142266
215,0.004586116548644413,144.3030115411899
216,0.004356040752444076,74.83041788692465
217,0.005321639068411473,47.459002500648964
218,0.00659197607456008,102.3162487761733
219,0.003544671561616331,60.12506094588022
220,0.0049281713766725485,76.86312421060772
221,0.005694507649582427,187.4307468982901
222,0.007371818327650042,31.111246040143442
223,0.008706379762613858,31.230403746567113
224,0.005004377299844915,272.8302370274486
225,0.004515058256980741,45.80566881413964
226,0.005430237105359153,105.67293715078691
227,0.0038525250588306867,32.8802258596323
228,0.005167371928775896,270.9740830794073
229,0.003949408516507872,352.4287219400836
230,0.00379269057846383,276.26632627681596
231,0.0030593576407803814,275.5594837069829
232,0.0015893337000637655,48.879910582646254
233,0.002921481549639941,76.25710749433497
234,0.0031768215263022846,102.21473783625163
235,0.002890207498721258,359.51956281599723
236,0.0014557248245723345,73.40942711765813
237,0.00265235957310183,353.7971291994777
238,0.002399913699165965,75.70719679470851
239,0.004269609397381608,31.237905830783244
240,0.003956164282715043,63.23015616183976
241,0.004830782345398455,182.07360906996766
242,0.0034519884783534467,348.40212754498606
243,0.003187927493835204,363.7507218311708
244,0.005365128753340795,62.05842515911805
245,0.0032615063736441915,274.4858387226526
246,0.004311204746446199,65.19486614103512
247,0.0028868880529342006,359.98931717957066
248,0.001795916764352184,108.0989418322756
249,0.0026906579079035353,145.80468459326482
250,0.0035642638168438506,72.59295689779312
251,0.003637111711651672,352.7341409256165
252,0.002795392076017968,272.73459081279896
253,0.0021951603682236194,63.8883108264669
254,0.002041099327295972,106.85606690522513
255,0.0031158812625190794,47.748045986332755
256,0.0035419036636036203,79.54245092967719
257,0.0031686889634246736,45.36505570208166
258,0.0039961138029200845,191.31209125039032
259,0.0035275915677350266,106.33011102783858
260,0.0032661685513396396,185.30111795291253
261,0.0035999476628219037,150.52218031999033
262,0.003768661076841172,354.5792229336741
263,0.002763051566394982,147.81048231605754
264,0.0019305981467540904,78.07152441888482
265,0.0038586445883773547,145.35066023111352
266,0.0040033766004264285,262.74947323508104
267,0.0028625878449935692,149.89669160215897
268,0.0031338119938482123,103.05293846279339
269,0.0033341051683827253,80.90721859698529
270,0.004184407141835081,60.988249908928466
271,0.003217541503743914,269.27394896334545
272,0.004139632330581942,100.24721665321971
273,0.003137956439027174,190.28740776653757
274,0.003597176323375483,63.116021226150686
275,0.003571676719140079,75.0460324974122
276,0.00264414669621501,58.289415411543736
277,0.0024497899350253774,271.78644043450373
278,0.002348967051109636,271.2093242944048
279,0.0020015730644213333,142.317924861526
280,0.00187947159818201,32.81579693356487
281,0.0030044842602928584,277.4587113451531
282,0.006588417887233861,60.97836699997787
283,0.002212284631410118,189.0298347845362
284,0.005561383743042825,48.470039947114145
285,0.0037040388309599907,348.1804530873781
286,0.004744125237852193,58.835746682844515
287,0.005656224300877249,193.18173679932494
288,0.0033481088504576572,30.797493370172962
289,0.0030892129936009403,143.1431013425194
290,0.0034337659713943374,359.74451761597084
291,0.0026084840818727576,351.51377773332194
292,0.002298525308622236,76.62997568918817
293,0.0020389227440957896,75.51904255167639
294,0.002632672191285272,58.62246230481689
295,0.0038496171575223507,44.96080542048881
296,0.0026409513043655413,351.0403328402673
297,0.0026936432235850267,350.468520611534
298,0.002963502916827565,74.9627696160875
299,0.004628306805208358,30.356262086601774
300,0.0030745213839095827,48.25433370416719
301,0.005586265516640042,61.424499056806496
302,0.0030754782348250613,72.8008842689893
303,0.0038068364051837677,76.20304421050817
304,0.003997512372783322,143.29129274596497
305,0.002947312655879601,267.908347812302
306,0.0037810130643521635,267.5499375165871
307,0.00324107922652491,152.25959732854665
308,0.003163975841929086,63.4218832043617
309,0.002893906117642717,147.82220640894667
310,0.002685936367143627,263.9509440124734
311,0.003926420986254956,30.53112256186184
312,0.0023621275680013173,104.94154389027479
313,0.004417941989821564,73.56178419703072
314,0.0034813822447214296,189.7337546962607
315,0.00326591450854168,189.12710034589762
316,0.0041817163737259515,73.97250077414257
317,0.005515387382369251,149.75910467864455
318,0.0033274025867635853,352.66589065418526
319,0.0038958352589151426,105.07488105506893
320,0.0031005818513474945,351.6969172016282
321,0.001558506995306615,274.4239385964222
322,0.002356530031916713,276.5143814570176
323,0.0016687467537401992,348.4893596363512
324,0.00175452474730864,191.78599423604055
325,0.0015917117415560375,269.23010368641343
326,0.0020199308542642124,185.78943337758065
327,0.0035780668744355916,187.85617781076215
328,0.0021284222555365533,63.35749968402251
329,0.0037777970211873954,106.03077815024533
330,0.003611150149145826,146.55326190053114
331,0.002193244853410411,100.94019094992707
332,0.0032670936722368005,358.6181440322685
333,0.001931101345060317,108.55321016811372
334,0.002160912851054334,31.812906923044707
335,0.0030708991542921084,354.31784112725586
336,0.0032735214841662897,104.51006099979394
337,0.003249852016239656,61.8439199787308
338,0.003402669844636891,58.10574190126148
339,0.006142478291373912,47.518193168398355
340,0.0068059624034754835,31.370896525512265
341,0.004208418580761878,350.677242438462
342,0.004637691968598339,32.819842372288235
343,0.0025172581705681716,101.66623138818736
344,0.005005935626356334,105.6406255125914
345,0.004113956576768166,145.9255641185254
346,0.003263307320594322,47.94129284852344
347,0.0025025989380083047,29.83136198986361
348,0.0030015470385058927,100.9263261442169
349,0.003584779900095249,30.683440319640926
350,0.004616623931574442,190.3332278765411
351,0.005543821514132513,30.295847438216438
352,0.0043637332177736835,45.396368729820296
353,0.0038311475159365058,355.7071472290341
354,0.004463469813319381,278.3177202208966
355,0.0030163112921694794,274.0928555541213
356,0.0035921925483097974,108.4908158138959
357,0.0027614164038724893,79.96208699316482
358,0.004333951840635564,49.92034961591891
359,0.004222939772646606,181.24951026876562
360,0.003326952371001401,73.15646003792723
361,0.0020477909491511616,105.38164782469401
362,0.0036774350785642377,46.91338944831042
363,0.0027003432332129216,107.07967287324269
364,0.004845550634110457,48.54258130326488
365,0.005947793431971018,193.34297140301615
366,0.00503091070257486,76.13157788347175
367,0.004308356297398449,270.14203947817015
368,0.004224238410293206,107.9939054821358
369,0.005969975895409748,47.01161345165336
370,0.004978502786967911,61.342047806348994
371,0.0036572472095501543,30.037383308164358
372,0.005236286001964915,270.9395559260574
373,0.0028394017504210422,194.4150132168165
374,0.003413481907746294,347.52078847729246
375,0.0030662815675434976,269.4947745886311
376,0.0020910080034134563,188.9090078389168
377,0.0014688688502173851,351.178093640326
378,0.0018403405227187342,63.083180564067256
379,0.0018155269945054897,46.0060456240091
380,0.0023783848230140817,360.0106769230723
381,0.0024499386168286407,73.32341075789014
382,0.0023213907539188353,44.65630168283478
383,0.0032670622584129007,30.41627893098072
384,0.0038268967874231954,273.34745359044996
385,0.0036652423305267145,192.95706213719757
386,0.00403443188155632,33.36995194547274
387,0.005312514609944297,44.46930581650934
388,0.0035423721388817006,57.72469501330241
389,0.003765596607028034,358.36837063716183
390,0.004429936456845252,64.86583938054228
391,0.003917149865011065,354.8064142715142
392,0.004521930645668445,49.20573009863631
393,0.003854384470443996,31.24579406059743
394,0.0038751215732930684,61.49148081432564
395,0.002299193562811335,151.4130135517778
396,0.0033370145921743154,106.81210672624583
397,0.004464949965205795,45.24227988578072
398,0.003421082472266642,77.39220102252179
399,0.003984633407711399,61.01426167467068
400,0.0047481083732560094,150.15770637553635
401,0.003518674490093159,73.55938319893868
402,0.003305474278342547,273.37978718412177
403,0.0027400346884510676,100.228716903449
404,0.0026730394357720208,76.90197664571966
405,0.004439962399739726,186.81608732083973
406,0.00293126641180363,268.84620560660085
407,0.0023421345314877185,64.37419330630708
408,0.0023986519319251216,355.6817939589916
409,0.0027975709593211044,147.29347801732158
410,0.0035600110919592133,30.401983203894428
411,0.0029150390484403107,149.17506238328917
412,0.0031451905453296364,147.06630146993663
413,0.0021482230463334417,102.89385425507092
414,0.0025122471819050704,270.01085937216135
415,0.002798117058878583,101.79526183302127
416,0.003864753400052969,266.0222145337487
417,0.0036539547442753124,150.5416264791839
418,0.003060545706509455,359.3446443685768
419,0.0015391607877722107,31.04856378750338
420,0.002296931918150418,77.45691587076925
421,0.003097476696565696,188.43473648604024
422,0.003683590151230816,272.25801387412207
423,0.003103242453801351,63.55152064713512
424,0.005622115006754656,29.68122577458714
425,0.00248963131992708,76.8510368866658
426,0.0038412762347680824,65.67139749693527
427,0.0043534637352114275,59.18736336910067
428,0.003837259886244408,29.61031155739233
429,0.004002382754218912,148.6705191448882
430,0.004158217738210239,149.2508194613459
431,0.004581835536264782,185.25127864766
432,0.004211981374627895,30.50256316129163
433,0.004198060865212365,188.14587633083843
434,0.003599718060529636,273.4317583719596
435,0.003388779445561919,47.573030308104805
436,0.006553528139586371,78.40950779538257
437,0.004144753672802393,76.77947152768273
438,0.0034901619166165304,271.6166432068173
439,0.0025936604861400013,262.8755554305044
440,0.0024410130312722865,265.29104782578054
441,0.0025662480286366583,74.63102573496693
442,0.0025860938330179825,102.16025190038089
443,0.0027620787443013864,104.59555717577695
444,0.0018572469930818029,43.442948722282324
445,0.0061982246050570995,30.491855628366146
446,0.004007368666035208,47.53640560013135
447,0.0037228005043589197,188.52768637210644
448,0.003796917922820602,147.5034030882338
449,0.004740466523379347,103.27005824413173
450,0.0033667687051909803,60.243726989108374
451,0.003531582499370847,66.5730589721603
452,0.004662402510559294,189.03789876329222
453,0.004446936795620087,98.85407744716672
454,0.004777637757040598,142.89205157446048
455,0.004345954270884876,29.563372723641727
456,0.005465197072097963,150.30584079207512
457,0.0032902932601824764,46.40344773760358
458,0.004742131168238781,182.34071636170535
459,0.005236430643973025,46.872214449019076
460,0.0031221731111083684,61.14657907046287
461,0.003014149802128458,187.46480372390934
462,0.003600699900811219,144.02760732020633
463,0.0030227552390061224,142.65324979847802
464,0.0035475938795850826,105.94707180810052
465,0.005709560328534157,62.31145030597042
466,0.0031065689010951057,31.04076857570625
467,0.003458473958519405,190.75211366100706
468,0.002880429998405462,149.2271314677669
469,0.0035490107886251973,183.4750702316479
470,0.0029510453987954158,274.97252957080747
471,0.005281616594981064,45.16087703000836
472,0.003344109468805111,274.70956459932773
473,0.002764356890357873,59.62037346231474
474,0.0030268071141351703,352.8991232963675
475,0.004375591000004126,32.53279180591369
476,0.0032528773843461586,359.27631986212486
477,0.0025508153722230103,29.0400441408085
478,0.004036429291423142,104.04452839333925
479,0.002786678787463013,105.23343523767198
480,0.005694383896545994,47.28475389569039
481,0.004397528040919077,105.02836653992738
482,0.004915160582358708,33.14474617210576
483,0.00373584471832963,350.37968859690096
484,0.005188246888113573,268.8329216135714
485,0.005050657748374791,144.5370242550962
486,0.004253544144957391,190.1862737147716
487,0.005331503546305892,106.44091656720151
488,0.004747798866259304,187.82019153747103
489,0.0042154582297371235,44.79581126721447
490,0.002760638920251237,183.60506433681874
491,0.002762438551599189,108.04771173339859
492,0.0010255102135323052,50.6575404763075
493,0.0033583962663535304,273.78202245448983
494,0.004046677490084127,31.301747630066263
495,0.00349673352829227,265.03993097980197
496,0.0034722927352590516,77.78954171986204
497,0.0032007725694614283,353.2980568456011
498,0.001990183600699655,74.6560527571429
499,0.0031099051106698774,101.85564967905373
500,0.002674470299098175,77.8492776129108
501,0.003041678381752997,105.12990924600943
502,0.0033711050403904996,358.5423872534402
503,0.0027917717187929984,45.0474744554691
504,0.003390243137706922,32.26128118112196
505,0.003646186792883038,43.53230344464429
506,0.003230303218318826,79.74163434188073
507,0.004498888782207458,76.2153041629824
508,0.002073804155026499,43.9065546112307
509,0.0044864839339801435,32.083167000961424
510,0.005499997560683741,146.6547936561698
511,0.005657883675597147,105.83664256086261
512,0.004638787574953176,350.76097849295496
513,0.006791024543104115,32.59824617073202
514,0.004949286155701534,104.27374670559767
515,0.003927795718366942,266.72763276242546
516,0.007185162503643565,71.64497702447458
517,0.004149951309109767,274.3200334586728
518,0.0033761510705910434,74.3998935440743
519,0.003116022122904306,74.51785921731602
520,0.003374414793326052,146.44081126793841
521,0.004753173920550113,74.11553664747136
522,0.004191684275246126,358.0108335233187
523,0.002562235807633729,148.36227672852417
524,0.0030238794473185296,190.04201938417714
525,0.003116998044788488,49.225846473988014
526,0.0032501351824976155,103.17706873078629
527,0.002640974426751639,143.5464164575228
528,0.002963484234538222,262.3596696890119
529,0.002852726814912245,60.6405390295825
530,0.0037278595041858056,72.58145821050215
531,0.0014254699563025497,30.357886699952946
532,0.00396159983574762,105.30236357646879
533,0.003288838333068731,275.04557328214037
534,0.002602610438414783,186.68782295720914
535,0.005325708694065476,45.3596288357697
536,0.004210664932074484,190.45214154778625
537,0.003300426952714711,74.47879681164981
538,0.004674195292620783,268.4596455340062
539,0.0036994507889588574,188.26572230687154
540,0.004016603491051847,142.72652138411306
541,0.002546448847449658,108.29953464228004
542,0.0015392234943812416,47.454948186855326
543,0.00430588312844563,144.69206778417524
544,0.003952977924691859,73.3044174563614
545,0.004188813869334878,102.49482932096139
546,0.006599520940779194,31.618640437700705
547,0.0032096311111225097,354.2597173670503
548,0.003947549982805898,65.0053534985952
549,0.00448219613068524,65.95963487927588
550,0.004094412266567815,61.89544415707149
551,0.004221305290447559,270.56076441947954
552,0.004306036326327135,274.35635650404765
553,0.0027872247129874833,143.41602969531468
554,0.0036149821628487493,145.68352507139926
555,0.0026366617987568946,357.9177846796289
556,0.0025210123951195256,143.8209970555314
557,0.002393978583308719,348.46981930474425
558,0.002854814601978995,190.9569216182657
559,0.003866215694368544,29.11001614391026
560,0.0023929729482326466,269.71329928528775
561,0.0023771096665084245,183.34697185586975
562,0.0021606041321777115,351.11532306291633
563,0.0018553455267045558,103.05764731643097
564,0.0022128124270569638,44.146416606899535
565,0.0034258688957394907,58.76091168842542
566,0.003241057508890215,349.22025582547536
567,0.006283105206013465,32.19039849877371
568,0.003568519730731463,271.56897254740034
569,0.002868172910149231,141.39902082452684
570,0.0031111200811919535,56.50159493233274
571,0.001374090080306897,47.06557585049443
572,0.003955448832899632,97.77804329650452
573,0.0038686496815431826,79.14799338245436
574,0.0052483313920112275,188.44512110332022
575,0.004900027520656854,103.37939366621885
576,0.0030234813398505246,351.75594681762533
577,0.001959713560142051,74.29862998861424
578,0.003272039260261575,270.2388617540853
579,0.0027138461390959806,31.802477045783718
580,0.003004503854345605,355.3063324267446
581,0.0023855818845291165,183.61367011822182
582,0.0019812284009117086,193.23044249472193
583,0.0026626474370690196,269.0196179663192
584,0.002527901908581422,143.83279237103687
585,0.002362010404002709,191.02170441731263
586,0.004495476821665017,47.352425324743685
587,0.0036508180968792595,31.191891044613673
588,0.0030387558931002966,270.45298541791266
589,0.0025609355252138076,350.99486675795646
590,0.0028785585335992206,148.25171261446158
591,0.002181528456724625,271.9941413945938
592,0.002772412109810955,31.57563418607957
593,0.0029289090445262715,267.07668619376244
594,0.0024160772123154443,47.43991996015934
595,0.002179483560494063,268.98064582662187
596,0.001929944610111934,270.7363884203467
597,0.0026806719265707593,32.05383907084537
598,0.005414050792258083,58.682927833401216
599,0.00602951472290049,74.77848601644897
600,0.003190854219091789,145.78169049390237
601,0.0035778314602179255,276.42594092217564
602,0.0027609386134833324,144.6151200580839
603,0.0031587445920841883,359.4655355259542
604,0.0027111559172269136,145.00612155183694
605,0.0037385986501080365,186.2863008068817
606,0.0024439317255239307,276.3354809822008
607,0.0020749120955080446,146.78479278996684
608,0.0022917340734588485,103.55079603160863
609,0.0020287536057274616,59.30733745789523
610,0.00389970752479024,75.01564601361085
611,0.0056668937279689335,48.96645247404957
612,0.004284366361885491,50.26914148714814
613,0.0036008637758903807,186.40248904934307
614,0.004748778129322926,72.93702667187218
615,0.003719637958953095,266.24663737920423
616,0.0033126651841470407,345.687588427528
617,0.002767240695133156,108.11342343716834
618,0.003855694231253775,191.47260115051014
619,0.005057729948021006,44.54567986661794
620,0.0022829186253425257,61.226619209987035
621,0.0031375313761394133,187.74210258533532
622,0.0041630355009891155,49.90961314781841
623,0.0025225379424104544,63.52010864943025
624,0.0025568944247143666,180.0768253320012
625,0.0029697199783515695,145.02779475419985
626,0.004577936326809736,44.915099013143184
627,0.003786771651820428,357.8925769848619
628,0.0032270385838760567,266.72621087317606
629,0.0034378631478801176,348.5457377190923
630,0.0028614992396765516,32.968246373661195
631,0.002473964681049553,272.6335182262078
632,0.0024731137570828217,269.7861657416363
633,0.0014792856476314059,61.9184052809072
634,0.0017360264605486009,105.81225093499539
635,0.0019384026553862814,50.48411040193928
636,0.0024232234949580897,353.55503898769194
637,0.0020302955914925855,357.7456587500762
638,0.0022767407663806024,149.07252880405957
639,0.0029404218391639665,45.59571414947364
640,0.004162588881307464,75.27554711840702
641,0.0023190816241598655,59.99907635980733
642,0.0034536511859260405,150.4881636453668
643,0.0023394695696154675,358.946873423831
644,0.0028031859683417763,190.44876754792048
645,0.0029713050208901503,31.097304734867418
646,0.002120278732304816,144.50120053984344
647,0.002279360071913967,267.51838711231636
648,0.002708173971965349,78.87104640912439
649,0.0030689145235773536,269.11118383043856
650,0.002607671046564337,351.52762498393776
651,0.003862162382072962,32.606899168892525
652,0.0029436953225606293,142.64519760890198
653,0.0035063566056658816,352.20407807258647
654,0.004587457413086108,101.04284105103196
655,0.0045407755166352376,65.5794544066899
656,0.0023536919218125098,355.05461227979765
657,0.0030467631427277177,57.93488687653428
658,0.0026938813718572286,190.54371702786713
659,0.002840727253634586,152.43934390851683
660,0.0019845124796786327,269.574693393111
661,0.004267272913611206,48.773502950181395
662,0.004199892205096231,45.028665324294145
663,0.003734006240682158,50.12928830233625
664,0.004474336874717649,55.725910599823244
665,0.002812863283982073,183.40527608928267
666,0.003750014410219261,47.131618020307755
667,0.0033359192460095787,184.82341140923324
668,0.00493977746998324,150.5407786535442
669,0.0034264406291687668,30.689230586778624
670,0.0028894560979916975,274.4247717185212
671,0.0027595280560096915,73.78624553508041
672,0.003217146886031101,348.8776565435087
673,0.0037179153797669093,145.3472043462901
674,0.0028182035619631115,49.09234237967493
675,0.002556573647325422,101.6361052825443
676,0.0034197742401590667,58.986970970397174
677,0.0030526366579306827,351.9511346789238
678,0.0025299423083687054,105.23781213721139
679,0.0028039741709280125,71.85363079602185
680,0.004181715421253212,143.85954920482177
681,0.00250907718455474,76.37049634634951
682,0.002955900223754161,267.58822427018424
683,0.0027428955561913304,353.2554043546131
684,0.002268447077202271,75.13664696629573
685,0.0030433902848273366,260.23710078961227
686,0.004255467821889228,185.11019211697428
687,0.0026172277491489444,45.270513323161055
688,0.0038899100062874405,59.86213869709787
689,0.003917097864607719,48.36785630955353
690,0.004909962638924571,190.67684388908705
691,0.002976086372470136,64.93991926314322
692,0.002951826630786685,61.912277182996185
693,0.004233857804220778,47.31491584040396
694,0.0038323181037150187,192.58833916220462
695,0.006112008530511626,47.340678255845255
696,0.004994783238544187,104.17498550965202
697,0.004041326686505768,356.96397043492675
698,0.0032228522044497124,147.47105452114246
699,0.0029753288583060098,186.88788723823922
700,0.0030577746716705313,31.817048461417176
701,0.004898335667176808,75.32424563055218
702,0.004660844147600493,102.34236302972205
703,0.003957246704116047,105.11637217269492
704,0.0021584482405912772,30.30551631642139
705,0.0031767646586239287,73.96485707512552
706,0.002930018190015509,30.566509491359856
707,0.002732697869482933,359.0965444659754
708,0.003016902603676653,61.471630525812
709,0.003058648617986143,70.43702597609882
710,0.003224227460695025,189.1691394983311
711,0.002709159882091996,58.1575206055027
712,0.0025302941636050854,353.9527644703363
713,0.002268424966062482,102.23717023498926
714,0.0031917522813451685,189.87258110627505
715,0.0034264809443717743,32.025443814115036
716,0.003719707234082862,60.38164665038412
717,0.002282289381166604,57.10204036543316
718,0.003526174211696292,270.52201492962917
719,0.00318770232441803,29.616635861822115
720,0.004416521798332925,58.513953344161784
721,0.002322873252606686,46.15931378721153
722,0.00391274538030256,59.681169703608695
723,0.00437897735737914,189.0201562950478
724,0.003335710906587617,103.21871277064837
725,0.006033684917135609,45.515439575746655
726,0.003405035698166794,275.1252521071768
727,0.0035689331147049246,58.97119202077052
728,0.002228452549827815,30.1135435048379
729,0.002906057132068,267.99691739090395
730,0.004295046493958531,74.01234480628202
731,0.0029102087570003865,270.21402979276934
732,0.002519348402657529,272.8553419069856
733,0.002390550199994374,274.32648728381525
734,0.002395360707816088,100.79950872914692
735,0.0017646661810898302,342.9789315236714
736,0.002447355253356033,46.910641787550176
737,0.0019602652371984207,189.50754011234397
738,0.0023033039414681517,352.787260816068
739,0.002309410080298721,270.4328021498768
740,0.0017676544468167308,189.3627371246018
741,0.002904494095826326,147.487724524181
742,0.002054700237336378,47.65477739695108
743,0.002669213041041406,47.459948760697245
744,0.0025541548650205815,104.82578647379218
745,0.0027657641277705728,62.3912861621321
746,0.0036280794434070474,267.7561660943253
747,0.0032486129183215214,75.94881953184492
748,0.0036716750815385334,190.23322367290223
749,0.003248792391818354,32.76378761349842
750,0.0032709893251724577,349.9789907191439
751,0.0022906787094493317,100.61914574886124
752,0.0033581430717586234,188.2821511102458
753,0.0027190859609233908,261.1151231547501
754,0.002723877670209261,31.602197973835896
755,0.00202193887119008,187.0518962724577
756,0.0015537109310743461,75.68574280289603
757,0.004138012467344445,48.03002181057926
758,0.0017245282422478894,63.01795632632356
759,0.0048693600285725945,76.94258511744854
760,0.002430861850633637,353.81735898788537
761,0.002745762454982138,46.55565885244059
762,0.0018223880135967473,108.56573153014952
763,0.0031438185070169077,188.2204347267884
764,0.003171619872614194,186.26618807948205
765,0.004297331291375237,45.77989781329498
766,0.0036494294606303898,146.3772382841283
767,0.002984708062993853,140.06620500766232
768,0.0038601283477058216,194.01157369720414
769,0.00295434406671801,354.84259885684855
770,0.0034885037671161046,183.84989554535395
771,0.0024506933743772418,33.5848382648773
772,0.0024217857303507786,349.58255112323104
773,0.002632133267699169,143.25214918743745
774,0.003043743722049509,47.072828713768445
775,0.00395052568267802,61.282360723475506
776,0.0026722899059972703,72.99910301922048
777,0.003788525747670344,108.27607584080302
778,0.0033161350658925575,351.16154169129544
779,0.002271525150521287,74.32347496457874
780,0.0032421919041540526,270.8097011941659
781,0.0024171442731900383,106.80804500532183
782,0.0029497108438498168,60.32578231126087
783,0.005188014740144417,29.555140092617545
784,0.002565528600082961,275.5131289518788
785,0.0018902016640457923,348.76339227427076
786,0.0018365119861074779,143.98897238450903
787,0.0019750376957130304,266.1130576052339
788,0.002519524745554824,30.772370257321978
789,0.0022459032498613617,187.4607138856201
790,0.0018311736762492447,359.26715690193043
791,0.002335965464611106,104.24383624327035
792,0.003229864980568609,265.46224947639007
793,0.004576066276058555,51.048295145275276
794,0.002990452596481491,191.49479620719174
795,0.0030590099551923186,193.3561466543897
796,0.0023062801465757415,30.574308372687764
797,0.005063885463287233,61.2080772773346
798,0.002817968216572574,182.95614532581268
799,0.0032718504238358503,77.21785332015715
800,0.0027354584589513744,59.8954604258902
801,0.004965939514634023,34.0756976038957
802,0.003337463928404539,151.3474616389263
803,0.006177177845344531,59.73775353161133
804,0.0024037049069161654,30.091538493848482
805,0.003683767617051647,75.91966472029462
806,0.003839228635734264,181.8284847392478
807,0.00583254381887276,48.57212920190917
808,0.00607191279836902,73.64731872681996
809,0.005508096572342211,60.54284380044997
810,0.004675149419860893,47.199012740172414
811,0.004600323140369834,46.61570073823385
812,0.00421481405392847,148.0387082787145
813,0.004798527439435992,32.158763824628736
814,0.007049112370083803,60.234434736970165
815,0.004300970532022268,185.94553492574525
816,0.003821304198469653,349.15800926415164
817,0.0035403840614026964,62.92252534937151
818,0.003310158956481703,360.8886967809539
819,0.00252183331360504,76.34361846896587
820,0.0027915515733970882,78.9790106700697
821,0.003386782995221438,47.024416148141455
822,0.004400546195614941,60.74612935449534
823,0.0038225918321806037,32.88099485708621
824,0.001825881474109463,31.48431365435958
825,0.0040136270422251605,31.35308077311705
826,0.004605144369240415,183.8385037072346
827,0.0035793682176594763,266.3330422031657
828,0.0034051877426782553,191.856643744979
829,0.004786130089500643,47.77183566328451
830,0.006115322175901383,48.59710028671279
831,0.005360446792257937,73.82023069605593
832,0.004026825916963179,107.01733309282936
833,0.004599176796357918,29.940507785600545
834,0.00372341197271453,104.44060084797475
835,0.006144582006527344,30.505751470996213
836,0.004166480564472392,353.00599025627145
837,0.003009030596413967,43.66063938783772
838,0.0033375098985495492,44.412629655203766
839,0.0037158786580005552,187.17023204092098
840,0.004348614916690733,77.92738070860231
841,0.005663188122648657,77.48183862097927
842,0.004177252918354399,76.49752383198202
843,0.0038443139163229553,42.92713638610829
844,0.004765576158112301,32.01152760581138
845,0.005000920902834908,144.01129050631758
846,0.0030634802430594232,348.3346119095202
847,0.002450351044456978,76.17937333826725
848,0.0029822075870273496,75.00614865900396
849,0.0028551094335750645,269.74649101728636
850,0.0031261857007274674,146.01178379502653
851,0.004738559056743819,29.584771557216875
852,0.003049563103244369,101.18055431799883
853,0.0024534616608103865,45.11672931165702
854,0.0027575096536210934,351.2152462071775
855,0.0022445711709501745,58.662057452529474
856,0.0019312193151612238,147.3468293820996
857,0.003989550904874262,73.82352784426516
858,0.0024265436458618156,28.65307362048432
859,0.0029859332989563897,60.73074685907324
860,0.004374345009141093,46.35374921023636
861,0.0028848126684561767,105.43317875294578
862,0.0036329540750980223,277.4294446144
863,0.0031073193992123263,270.60113553367603
864,0.003589862165323126,146.4647594500878
865,0.0032159140273506637,107.14323380167899
866,0.0034740347802233794,101.93220314384902
867,0.004039078071847621,61.619971078609176
868,0.003767091465183389,76.44710565190029
869,0.0037815307132780043,189.39825488711426
870,0.0031747845229840328,271.40907363312095
871,0.002780371384303345,149.23869962448867
872,0.0018974226549215855,75.38928317207444
873,0.0034201823156598202,46.23342345907525
874,0.003645345898294798,63.93546124005928
875,0.003837444578245843,49.09636489824291
876,0.00414242626007203,103.98138238532876
877,0.0027887587011719006,101.56388811114525
878,0.002233633236657526,72.96342716885633
879,0.004261147017552083,108.06728974148015
880,0.002563132447076813,44.205790269402854
881,0.003821539710095505,189.50753940343682
882,0.0036249402624428475,272.1605301076703
883,0.003098280185184304,150.06163647307255
884,0.0026689005219602473,46.765411373547714
885,0.0025661411418207614,147.45403220023178
886,0.0032384519248667997,104.23364760013071
887,0.0024111519963036575,59.136630234326226
888,0.005554168800203611,45.722739113657646
889,0.002207339806271444,28.241291405039973
890,0.004114753258142406,73.91108034377278
891,0.004051098986482512,51.574534879454404
892,0.00456407233001743,75.1940072087068
893,0.006271315944794533,33.01080449408877
894,0.005808952553518887,32.5895967372353
895,0.005200097345764243,146.38776635855731
896,0.004381167419542302,153.71315290509511
897,0.004884616359799786,187.09347229256855
898,0.0028134901871852435,352.99982207558804
899,0.0037280019468408474,106.55197620782525
900,0.003071713578735352,63.36971151011626
901,0.004372327117921118,74.68080056121684
902,0.003587352640490774,64.18811690239191
903,0.0036951105918841816,64.2176916607248
904,0.003946200241513837,106.26154432748474
905,0.003422498425828274,73.46953547181572
906,0.002367329586292923,191.29530579923184
907,0.0028896330476737395,108.21838987383241
908,0.0019647391942534034,188.0382798167421
909,0.0023820444913400097,78.22389828969156
910,0.002790613118098149,147.7660724348989
911,0.004022148060571362,144.32950662310407
912,0.0032554745617932803,31.11596661429709
913,0.0037902742912013887,44.23998079122523
914,0.004475952871983929,188.12132847901572
915,0.004691885712763279,30.033030884425433
916,0.003274790370817976,75.95870234699656
917,0.0036460355935508835,267.86035145633497
918,0.0029138202427959263,351.5039793045742
919,0.003483812049010557,265.0367647330057
920,0.0032769990891377437,261.1416575231738
921,0.0016735309792156013,351.2411458082481
922,0.003414416538675894,31.916532867050286
923,0.002073326531261927,184.7688218300383
924,0.0038679082426824607,30.496614106237246
925,0.0027540825437675017,46.83871833205309
926,0.00374275972588037,146.82812122204535
927,0.005350211338687537,77.54033916694968
928,0.003765564414405638,151.40328298760093
929,0.004101947448851626,107.58240692751093
930,0.00295702877565418,104.50548169938175
931,0.004570058283059405,73.81767173820033
932,0.004078583482195801,354.65307147181045
933,0.0034973858061657544,144.31497468546357
934,0.0033044262369842795,104.1122559720158
935,0.0032096470602902207,105.09103508641955
936,0.0017370381916857556,190.18781784039035
937,0.0023074508980309625,190.95491944562787
938,0.001921258244205809,274.3896886327876
939,0.002703621846286846,354.5777446893627
940,0.0024955522973128213,187.13544310589742
941,0.002832972392580642,80.1026180327871
942,0.0024733162161698036,141.55789720619086
943,0.002900416920818168,77.84103572145705
944,0.0026129772328097127,355.9594646330123
945,0.002905844673268103,106.40432353292677
946,0.0032078770594116297,192.3364545052776
947,0.002193106023759324,30.603510970677846
948,0.0031992639932678477,99.81582751533408
949,0.003695859397653137,32.263750364807315
950,0.004641259228576275,149.30399621579215
951,0.0053066849218752895,48.298055542798856
952,0.004468444951604577,269.9290322112216
953,0.0026973932559524456,349.5576006053777
954,0.0036823464811627325,100.86232659101944
955,0.0029117664452286657,190.51513180201644
956,0.0009661552273961395,33.06741687640324
957,0.0027778122445516616,352.88313745722127
958,0.002141558842062107,31.212324866855813
959,0.0014146465936474588,49.11083200602886
960,0.0034577714634497474,145.5530952163466
961,0.0026735972405731445,352.0490182082954
962,0.001676018707152812,104.99203830979236
963,0.0030939990822214615,106.48616266571422
964,0.002024863102798752,43.86929919104366
965,0.002963806838100002,75.81274027966391
966,0.00175092015617977,71.91759467337597
967,0.003259709779557541,143.05900951878837
968,0.003084034479327564,30.45676524180648
969,0.00366669172194868,187.2147353852429
970,0.0033492444567587774,357.64645381835135
971,0.001988519037820816,32.77456617182021
972,0.0038765259784574076,32.33037935670351
973,0.0036410067242301876,60.348220802523755
974,0.004936440130823955,59.99904179955733
975,0.00321570629272737,273.3754019815004
976,0.0028108799186576596,103.24512576741634
977,0.0022282046890971037,44.85967830046395
978,0.004838141296904024,100.07188652895768
979,0.0027119282410779837,354.1169048073854
980,0.0021063646326109774,77.54345896989993
981,0.002705701033846708,348.7499427420112
982,0.00266156238384693,46.81050227303133
983,0.0020757750112522597,345.3931332741607
984,0.002937390202163983,77.76852061729407
985,0.0035034329861942256,48.34355570431085
986,0.002632441241523319,353.0010090317342
987,0.0024154066517980567,74.58728720768926
988,0.0029143811367936686,77.5036361770346
989,0.0021321256371548175,31.090493426829457
990,0.005320702898486694,32.09360244247969
991,0.003825249976631654,151.556563943404
992,0.0034861635072397455,107.3357646634775
993,0.003444149994803328,44.2031339823132
994,0.0031885607114907964,104.42260752632635
995,0.0030422290211307964,45.53418857214145
996,0.004893380641324502,73.64617979053693
997,0.00726099788278526,32.37744180400878
998,0.004859942085081334,75.55117693210235
999,0.004071473359011901,30.779844829200808
1000,0.004460868958574924,186.16330601365243
1001,0.0054662929145069,187.64300403801
1002,0.003909576968195521,78.41687347218463
1003,0.004716006466353551,265.7615607453671
1004,0.004791972674753459,192.6685172787941
1005,0.003993059001623271,187.44354764546154
1006,0.002208212027989233,346.74088167311
1007,0.0016331477888509743,274.8713485103931
1008,0.002035054804117553,190.93209382326435
1009,0.001680415764673632,78.38875186169857
1010,0.0016087322129722862,272.5115225718511
1011,0.0007179102656002876,48.06973935609416
1012,0.001596750144078939,60.92646278129453
1013,0.002382198314016548,261.3084858416723
1014,0.0031078966218496904,191.35614601720613
1015,0.002486603508387761,149.95302457263165
1016,0.0012851793573394514,28.947384582769647
1017,0.0028817803658042936,347.94743413124985
1018,0.002434920002460236,150.70275842356355
1019,0.0020887755886446137,343.2129043170567
1020,0.002316553335323737,30.161700984276685
1021,0.002735439276786027,266.1026646144313
1022,0.0025782880525307642,78.54602804750895
1023,0.002531421062705139,31.631908462032623
1024,0.00360147965630132,138.1895608497134
1025,0.0027489983998184725,267.3395619872244
1026,0.0018871983070155316,32.00946031214767
1027,0.0047412047198262235,104.94494477019974
1028,0.003795780716098159,72.73297392484204
1029,0.004312628610391953,76.53549867061288
1030,0.0049285944004549415,70.70540934303379
1031,0.0035401193336561105,354.69046056503555
1032,0.003302434364966232,192.9107676637233
1033,0.002493447921576287,77.0783826518808
1034,0.0024700623414469895,191.23637692496223
1035,0.0032660572100368084,344.76370007410435
1036,0.0025076871479541296,106.22828022496135
1037,0.001831214980175916,57.387079106417445
1038,0.0026944260778315045,30.228100215721085
1039,0.0026127947864846594,275.40683892476994
1040,0.003836713120231792,65.18491939880613
1041,0.0023287547244133467,101.82564285959154
1042,0.0027269836077768147,191.84321617569418
1043,0.0028252162647449636,32.77468351861755
1044,0.0034126452089349064,149.52375494577421
1045,0.0031581059510279795,108.87287066831142
1046,0.0029556531652004297,77.51830246272816
1047,0.0031717001313434313,105.42102915038757
1048,0.0023754142908573046,346.5294870565142
1049,0.0029875672021385195,72.56966005585109
1050,0.0032184030680017994,32.74634283082326
1051,0.0025058940821358396,354.6023420120161
1052,0.0022301425983082507,347.12439736442747
1053,0.0029447485365793552,186.49853663243184
1054,0.0031976329406399784,59.31144594008083
1055,0.0024898281528787604,57.96350494048016
1056,0.002246197830351554,74.02458966510453
1057,0.004134266191760764,77.45091512860458
1058,0.002790241600900886,185.41130242851636
1059,0.0031772481009743527,193.64934110168676
1060,0.0031108150763210344,30.877668479168236
1061,0.0029190371499773033,351.4210796103888
1062,0.0031801315630078674,110.53169441297348
1063,0.003414123472747136,185.64336275292675
1064,0.0037570573671522702,78.18313101873619
1065,0.0027964899097626295,183.42616059009168
1066,0.0021970197857383387,265.6427724394691
1067,0.0021366272634547865,188.3156064337051
1068,0.0024584637278118235,147.30895948633312
1069,0.0030450625508192703,31.948094594361493
1070,0.0025208086939038856,99.48111035398614
1071,0.0021575958754542156,30.75601231321665
1072,0.005030577600833071,45.04222968230514
1073,0.0032874846715677123,349.06980898408483
1074,0.0027388357325294566,186.75710694958144
1075,0.0029106720426323395,147.59595365030125
1076,0.0031188546963676345,49.744712628259244
1077,0.002535256807105553,75.59487506300063
1078,0.0038710073725244888,70.48247221176727
1079,0.0030056062848238183,188.40925708717543
1080,0.0033550124139065493,101.99043334247779
1081,0.002782289886018704,272.41231691958234
1082,0.002214658244770977,76.6270975524138
1083,0.0029951131705431558,29.621167980526312
1084,0.002679684186561546,76.62101081999594
1085,0.0023418058354953294,147.9083543076877
1086,0.0036333095016055487,75.21943873992227
1087,0.0031226368223350376,263.7054648007278
1088,0.0029806767600950453,273.5672388683483
1089,0.003012195557268672,256.7039504654093
1090,0.003416316949277011,60.22363555547474
1091,0.002677718130556612,185.905030507958
1092,0.0019460476022185682,347.15938387767835
1093,0.0025529290252376026,63.61517622186399
1094,0.001722880246502702,152.09660515313922
1095,0.0023908152553221125,46.72479087994242
1096,0.003188492869928784,77.41709514772064
1097,0.002138276733352666,29.851248528903838
1098,0.0029491822410895787,62.048512864922145
1099,0.004177260543656303,105.5817863245161
1100,0.003475166494106154,48.62215454032575
1101,0.00419367167859938,60.867549434240516
1102,0.004069401037502923,49.86324829371623
1103,0.004817001469545777,61.933332265301736
1104,0.003137948803959796,188.48559049553666
1105,0.002559045541730343,268.353144355442
1106,0.00291814494501243,106.34538482400285
1107,0.002962422116229625,184.86495565478052
1108,0.0024591790855224716,342.66238976862877
1109,0.001462404295664983,64.23099699278089
1110,0.0041790644557874075,45.66291359014423
1111,0.0019863465686468175,144.9334764328595
1112,0.0017135401863574745,351.8725539108543
1113,0.001676065078981992,106.46773795655756
1114,0.0018029443788789748,78.66792713777404
1115,0.0019288415717462406,44.268242829964095
1116,0.0028527855273833584,49.45566682700962
1117,0.00214381048028262,149.79924762204848
1118,0.0017677074396436785,266.63209464128926
1119,0.00294255187810944,148.80785005891084
1120,0.0023996381104635393,47.082774546504844
1121,0.0031761905414633782,184.0195939642482
1122,0.002683512711999667,353.11118433009415
1123,0.0031705444576940723,101.48920362176686
1124,0.0027094454528086495,145.3647439341348
1125,0.0029335374951557952,63.42700740244702
1126,0.00427471163080058,45.01259874682525
1127,0.0029322481387027157,276.12839213863504
1128,0.0027369311574148014,29.55627338168965
1129,0.0024662153437166514,356.7344612389402
1130,0.003919605372425547,148.71085740616357
1131,0.003421939262391218,59.4150282272848
1132,0.0030121263496022226,148.5701963776736
1133,0.0029226826414526577,62.142235325204766
1134,0.002476450879275317,32.754158878230974
1135,0.0035226194861686304,43.49111754140215
1136,0.004490864626923596,264.6391474413924
1137,0.002690085101924276,45.07138141524317
1138,0.00292423785035232,275.44477483639145
1139,0.0029820629875424677,275.0626772165792
1140,0.0018889154647901527,194.85587803837777
1141,0.0023770776846068773,271.78567087087123
1142,0.001685145097408994,43.64629050322737
1143,0.003664909006563564,64.42927542939839
1144,0.002348028143413257,271.9749426640418
1145,0.0033291477594642716,105.1024471965681
1146,0.003779589999094941,103.41371909957452
1147,0.0032463145544357926,191.32086657699307
1148,0.0033185761188841583,61.41395047733223
1149,0.004582064142006267,74.59460478094384
1150,0.004843079885806499,99.69047026881015
1151,0.003759868772455597,189.64116800837442
1152,0.002662930893725738,109.99034275318861
1153,0.0019366753623561918,28.582210667416938
1154,0.0038456692364174073,347.44021324429133
1155,0.004069286458553537,27.549109344018497
1156,0.004073715500593467,105.90306514657621
1157,0.003098576180115021,33.95941408786796
1158,0.0037368446746719676,357.5781428961322
1159,0.003908029943102457,30.300229418437322
1160,0.0021268608688842505,58.67334216262169
1161,0.004592891058284574,105.85542692592944
1162,0.004364044820389468,106.05719915075865
1163,0.003293252235078807,347.33559288229736
1164,0.002946472516284593,184.6433242437742
1165,0.0030645791884543958,76.94565935623466
1166,0.0030933317237330214,352.96748023503477
1167,0.0021678169921369467,146.14130754378877
1168,0.0016196508543638128,31.816055721306494
1169,0.002704789753234885,186.6527320375063
1170,0.0024357395816658593,30.723637369057997
1171,0.0024259930007397043,188.0062353178549
1172,0.0028520391316795633,102.98620899691066
1173,0.0024132533910380663,73.84133689695967
1174,0.004067034215040621,103.57592711183791
1175,0.0031707867369609507,71.1281118557375
1176,0.0030446551458559222,265.0859429350309
1177,0.004566366084033619,107.07874098889766
1178,0.003999082439279423,276.30645512015724
1179,0.0034101594302661862,145.4718244791516
1180,0.004161881142367333,48.005145475106765
1181,0.004570895310700087,102.41768818310058
1182,0.0038043959317756223,146.232903225009
1183,0.005136197926854161,73.99633865673103
1184,0.0032966035242849505,61.59903794675392
1185,0.0027218816562772576,268.45279057728146
1186,0.0021735062274069283,276.0170534287492
1187,0.002060598949926424,57.77072930321215
1188,0.003294602173303204,148.7123115998206
1189,0.0027086880523151755,104.56234623214515
1190,0.003159398011768107,146.82709295958847
1191,0.003444538365674189,30.112691867259837
1192,0.0037352430287216055,81.3238662645264
1193,0.003368554318700431,192.49520567972485
1194,0.0024680359289485634,268.12357802072046
1195,0.002604458347493634,143.03292256844324
1196,0.0023836748648161142,75.70501959538066
1197,0.0026970935982367685,107.33859138248526
1198,0.002559811676209475,49.09247497929604
1199,0.002971216896350432,46.54642876402887
1200,0.003345047709127363,144.00302879727005
1201,0.0033418402096667583,145.83048046571162
1202,0.0032217787870236366,48.915457591046284
1203,0.002550575739332804,352.8139535318056
1204,0.0031997475647445894,105.92867693528508
1205,0.0026052954602510253,276.5861397819093
1206,0.0024716436681271646,189.68980209553592
1207,0.0022330625198896917,59.34095014333985
1208,0.0023982498591611995,349.67238618409283
1209,0.002355089930543644,44.497292785648995
1210,0.003174778304475188,183.0815776046938
1211,0.003225986940626833,45.838278785491006
1212,0.0027914645898154296,74.47615724795273
1213,0.0016776003763440933,30.70649527666383
1214,0.006551174685541653,30.015670224035215
1215,0.003692985933284176,266.25291291747936
1216,0.0037403931679938084,357.52748885547004
1217,0.002714335218973849,275.7741647512823
1218,0.0028784441116505165,343.02349741035124
1219,0.0028847019536348446,31.32009540314475
1220,0.0036973422727503537,75.09100428312708
1221,0.0033676610101904766,349.20995253564473
1222,0.0020728191980890834,58.37012343062853
1223,0.00277233578282981,349.048665957158
1224,0.002631634750748201,274.1617267061005
1225,0.0018354130376958982,267.6491804031002
1226,0.0020393014820513943,268.06544021357547
1227,0.0017406785813144224,146.73939151735962
1228,0.001803592184970457,139.6617767893388
1229,0.0018302426839646986,149.9136059981697
1230,0.001799800782547126,45.774277277610324
1231,0.002291836925731052,109.51217218977257
1232,0.004243203467429,60.8318071541399
1233,0.002568038720379594,47.25089481391599
1234,0.0026472014955829393,76.84801912072858
1235,0.0029798603102874754,185.569265639841
1236,0.0025014919153993386,105.09931448884538
1237,0.0034915037366855277,45.52531524875726
1238,0.002776129510764165,76.1113323811812
1239,0.003448004367731903,276.0969423030831
1240,0.0032097595322996696,343.08602549236616
1241,0.004338069012035327,29.072957107557375
1242,0.005909443758324507,65.409420953785
1243,0.003258705045754113,190.04353151709873
1244,0.0040322867002865,63.594935682197
1245,0.0026115046913963106,47.63539858811704
1246,0.0030779406332436974,191.04745575400523
1247,0.004280179804482032,33.488723908805376
1248,0.003642992380482098,263.60518050649347
1249,0.0026637484824905844,186.11449867052661
1250,0.003456677156883905,102.18360472997475
1251,0.0031528584275636947,75.82417727027686
1252,0.003372754844432083,45.05230794863083
1253,0.005982691985113418,33.54097711717474
1254,0.00407142128625713,187.5852016482265
1255,0.0036881843061564723,43.94938688767215
1256,0.0028065981402413303,345.1091181843497
1257,0.0021567069186877587,351.27296943049333
1258,0.0030428407010629327,349.22308067181166
1259,0.0035080262603234868,109.91974348403001
1260,0.002695841910895684,75.89532802578557
1261,0.0019399068318167478,105.43666953301647
1262,0.002223872671763545,75.92779054351556
1263,0.0032607815368324877,97.26361187296605
1264,0.0030031166941346154,103.37356305779323
1265,0.0025646745209748838,48.04471541185604
1266,0.003170091112248908,75.55717943576981
1267,0.0031311279746074373,64.09521890242311
1268,0.0033998402307634794,63.13669919267317
1269,0.0031875891827753394,29.890523942404567
1270,0.006312885836870499,101.07653170542731
1271,0.006384650729715003,61.243447376693226
1272,0.0058436605788963125,43.35377661203306
1273,0.004650849732693672,60.41794479692183
1274,0.00541867960308051,62.71433317456623
1275,0.0038233150568477616,32.51726763267346
1276,0.0048248712852403475,150.22976997903865
1277,0.00441888060101232,356.6779750400334
1278,0.003914794382079231,30.366774247696796
1279,0.003795456226725946,78.28888446880408
1280,0.00475776923312329,145.14654238146753
1281,0.004305006739146988,108.76277854384553
1282,0.006056925745675422,81.20070476599561
1283,0.0031134019425998094,352.3729786899005
1284,0.003571775374369351,109.41465886407477
1285,0.0032026749750702246,104.60782378716996
1286,0.004902123099859405,63.559773001717495
1287,0.004578199208481237,77.69199450377724
1288,0.0038151916615391545,267.11814648734264
1289,0.0033617978382118542,106.4065590967068
1290,0.0031113435880237936,104.13232699989416
1291,0.0025100846790089486,357.82052100715396
1292,0.0033851011115320242,103.82754321178473
1293,0.0021207690093508493,191.04439889124248
1294,0.002652340741755884,101.70361285493435
1295,0.0024120282412356682,62.60391985821725
1296,0.0028256065229892483,189.4331110851138
1297,0.00271318650682344,180.85073065370494
1298,0.003036157102855966,32.71889326784832
1299,0.00311145544716006,78.3730531074878
1300,0.002416376972117074,145.43958570838362
1301,0.002526051116040392,149.02191357864365
1302,0.0025152737573741683,49.07675499217373
1303,0.004818279852278883,75.90282957240998
1304,0.0068373048568949974,144.34738062122358
1305,0.0029325502400752157,29.44430547681737
1306,0.005495531820182303,30.557958905717673
1307,0.0057555664715221505,193.2867348204941
1308,0.00466281510083578,105.63667740793974
1309,0.0037069364350981243,267.1998674870094
1310,0.0019199001835659146,31.433897520800198
1311,0.003039446022865314,30.243562839415322
1312,0.0033558214325583664,76.77382484836734
1313,0.0016179120291119696,47.548781798281354
1314,0.006762817149263293,32.218495677118796
1315,0.0033285705026788195,81.244834538255
1316,0.0038133605917574703,351.5599207324736
1317,0.00522999449365948,59.63680375958705
1318,0.005846923565636766,76.85044744791195
1319,0.0038701675560806623,279.1292198158556
1320,0.003843963302342766,190.08105101126415
1321,0.003317951096787824,29.262082509857954
1322,0.003048410655819826,349.1953819421835
1323,0.005001871536339839,61.51298292832015
1324,0.0032059832054366915,142.63272087357657
1325,0.002464979134440339,62.40104342452849
1326,0.0030577427388703594,61.844389166361076
1327,0.0032636584819556447,272.05566941298633
1328,0.00344076559335447,30.705169101142953
1329,0.0034904309444718576,146.2426324541398
1330,0.0027637244943021374,48.314245836542426
1331,0.0022610137582016483,272.1853442008463
1332,0.003147031658039203,150.27649066933097
1333,0.002714410938729011,63.110715800161465
1334,0.004078950779120742,105.42661072759611
1335,0.0034848269463471065,269.80371747677276
1336,0.005630791092448033,29.47697726742678
1337,0.005017148001046488,61.04662857188136
1338,0.0023410496846322944,48.7079399777012
1339,0.004712123787778017,46.80078531946988
1340,0.00439376574021563,46.08637751965419
1341,0.005474837209784694,63.112149033473784
1342,0.003006980373108738,357.3620698521214
1343,0.0034234646108654257,147.0979530313846
1344,0.003026698639193971,75.80987774454152
1345,0.003677162314736713,47.53245114809652
1346,0.00384558831336614,193.48765535058257
1347,0.003238627919027121,185.50880116028972
1348,0.00457459675842607,32.69197093113684
1349,0.003883957786952537,49.09382670946799
1350,0.006024159299330849,74.70627949404795
1351,0.004244692429470963,192.12682144029958
1352,0.0034723794385851285,270.4369948031769
1353,0.0037939702701455993,105.43737974174955
1354,0.0037870302932311926,149.06512566018094
1355,0.0023952320808693283,30.901978311634476
1356,0.0034004131871135787,182.88557860910464
1357,0.003219706035390303,61.466012086694235
1358,0.003927227963476281,109.28694690572023
1359,0.005244369037521617,30.68782085121259
1360,0.004603516282999802,186.78528542158958
1361,0.004280422717587302,78.55824266551728
1362,0.0028076413595540957,43.9102598446915
1363,0.0040143588090282255,273.2093659972075
1364,0.0028621769299868242,44.11014640679294
1365,0.004659596051449346,101.90625039052728
1366,0.003656199943102596,60.7274965069381
1367,0.0046771486318603,192.21456973567308
1368,0.005360381231160293,73.03772103531558
1369,0.003827519066637263,148.01423006246392
1370,0.004190953014227156,273.2159183815563
1371,0.003943983562170284,48.64179491459591
1372,0.0032989144467475066,189.8598129223515
1373,0.0034082736950874757,191.8020385238362
1374,0.003565415264394275,193.50369772888547
1375,0.0019911094686077295,45.580101105425236
1376,0.003065814054885728,77.26496779556453
1377,0.0030117636346096307,272.96776460053724
1378,0.0025115322875826304,194.81920520935694
1379,0.002493718996661209,147.05792248077486
1380,0.0037998481380656876,29.569180945044987
1381,0.004079119302332401,73.02287064219279
1382,0.003800105341135452,269.1006850163598
1383,0.0026189568872947338,354.95224788083516
1384,0.0038863596223407135,29.393715142520662
1385,0.002230501420084553,103.97354912068545
1386,0.0023335853263968137,348.8528117815874
1387,0.002698235182394675,31.842867674880452
1388,0.0025224036433280925,75.55393231909584
1389,0.001113835710917744,32.30407436596684
1390,0.004454223878163812,32.83772453363048
1391,0.005180986017925583,77.95206450203743
1392,0.003853866887288156,186.89379660198549
1393,0.002432243766713553,143.2288886522979
1394,0.0021485778833867713,63.81885118664874
1395,0.0036280324685162434,188.35934090644415
1396,0.002943306343010975,191.3920363317659
1397,0.003187505920492586,57.27040506888314
1398,0.0032066655557614044,183.22668545984934
1399,0.00361504030781324,185.24517221742917
1400,0.0024370794145363622,359.6984877854537
1401,0.002337996555265604,147.2060913716539
1402,0.0018826325169233684,63.22443382253998
1403,0.002736100248396942,272.68322364306925
1404,0.002119779765631723,46.16993776302696
1405,0.00465009530006651,30.324486761519292
1406,0.003528198569917797,44.09762575116489
1407,0.0025807504956278995,349.52258344108515
1408,0.0023179013274981313,75.57828039811386
1409,0.0038389309699017426,46.73654922409242
1410,0.0032882840837565952,269.2900571067064
1411,0.0036123201134614646,28.317314045032422
1412,0.0039032097417860023,186.42070783313
1413,0.004847675005168702,30.83633344746679
1414,0.005271617218402918,48.70573577186327
1415,0.00411948776817879,359.80286354348743
1416,0.002607134034845111,30.68670858548873
1417,0.003309275060897123,30.961808982810602
1418,0.0034795470457567794,351.89478888833185
1419,0.00349347112268543,97.62660899020877
1420,0.0030494402824880343,186.69940265616384
1421,0.002858915439141991,189.5849156147228
1422,0.0023582903084505545,349.02658745071955
1423,0.003981613188757208,31.602898092280725
1424,0.0032233336819794765,105.29452632516079
1425,0.0017526606333658806,30.90018518399704
1426,0.004174114775581144,106.78677302371479
1427,0.003630819498514914,77.49684586167653
1428,0.002676648172134512,360.44671916230834
1429,0.00291478475865372,148.9053837524047
1430,0.0033595017863116416,146.56914083901222
1431,0.004104471064130263,64.03620408168894
1432,0.0032811288633310303,189.83802396372087
1433,0.002671543584575694,75.10839883403918
1434,0.00220088473769645,360.4380435914932
1435,0.0022295339585417825,180.00306897466348
1436,0.004202854560529746,102.39365969423342
1437,0.0030733628671692588,30.967587089225045
1438,0.0031559976100336284,357.72849743023187
1439,0.002805863589569064,352.52354764382903
1440,0.0028271099540353017,140.58653355492666
1441,0.004890343111363673,29.343515508470272
1442,0.0025355593053233354,59.16359788133037
1443,0.0033632778449336417,77.29347128334123
1444,0.0034234929671677575,186.12177924630114
1445,0.0036292434410309386,187.32505181705744
1446,0.0027032492649327377,146.07567149199485
1447,0.004575821238992423,32.46381216412207
1448,0.0047474367066601625,29.22737382333166
1449,0.004206903944944028,145.62123044152085
1450,0.004816684773756536,105.72863063914623
1451,0.005782903899178225,63.767073511557705
1452,0.0032350115896333104,146.7471464831182
1453,0.0037856876949549983,145.51526734160987
1454,0.004014029648930876,191.38438821492778
1455,0.0035052126672567374,148.57560625425688
1456,0.003525639980872125,350.79668183662983
1457,0.002808037614940131,143.31750252748256
1458,0.0030827680581172567,45.46372325731648
1459,0.0028507803694378096,72.39357414181049
1460,0.0028558225552511762,45.38559000834712
1461,0.003912657374572658,105.4997857250916
1462,0.006325614097229184,46.33228935911288
1463,0.004056410684384413,188.74423638835432
1464,0.00268980274462986,190.8744760406862
1465,0.002914591398131541,102.22381380088618
1466,0.003672970534417275,276.5965669063984
1467,0.00277713500350139,278.0537408414495
1468,0.002913070101754243,77.69975644322344
1469,0.002486392308072158,187.93235596811536
1470,0.001903808416959832,184.52389948953075
1471,0.002229554649356696,77.65279803394898
1472,0.0018716593778935445,354.16449644895
1473,0.0014782626521221158,59.20848125746814
1474,0.0019873850107029224,62.40403569162265
1475,0.002465247250580371,65.27644995220965
1476,0.004217270973124352,75.30086815849914
1477,0.0034273971098589522,264.8911773567412
1478,0.0028434557874807633,192.16726656575707
1479,0.0017123140919543171,61.29308072002789
1480,0.003277243882341561,105.15123120395923
1481,0.0023400231524316373,44.72854716202908
1482,0.0034285432413756574,270.58787977844037
1483,0.0021778617506119976,75.18324542123273
1484,0.0027700944964019207,144.18962535157314
1485,0.0032545838449340616,108.24953358611589
1486,0.0024502467760514164,73.6929469880893
1487,0.0022129014047474914,354.1523765296807
1488,0.0018296763957205001,276.052119986624
1489,0.001765149365889284,185.82173766955566
1490,0.0020412020483656142,45.81033913264339
1491,0.001389227041225491,31.60549159210947
1492,0.0035844349431813343,32.95689440189547
1493,0.0029618656625853665,106.67135790320738
1494,0.0034900631312253113,45.95452305715226
1495,0.003033509101480607,275.72441775596656
1496,0.0034456358962509596,194.35563813204396
1497,0.002789682854569746,59.580249175761544
1498,0.004267013477275073,265.87887401477354
1499,0.01167532986186541,32.632892278524686
1500,0.007548507098712994,105.08672992662967
1501,0.005225164410314226,44.138864791405524
1502,0.0046904587671236534,263.2675556974049
1503,0.0030785364043845608,61.35157198840305
1504,0.005044877327383949,77.82194953770218
1505,0.004200125266524805,186.68414257019012
1506,0.004231338863147274,45.720259790081805
1507,0.003847769485520576,340.9051411780683
1508,0.0031511371920574815,103.55877439947129
1509,0.003685349801016105,184.76522719784916
1510,0.0033785251075407604,187.81894519372975
1511,0.002643202106339921,29.470935308979648
1512,0.00355377767035944,49.01127848530024
1513,0.003422210157133612,108.17442316288891
1514,0.0034534343757723737,99.19258305033074
1515,0.0025131747090942464,268.36002437271236
1516,0.0024391983667485942,108.2194067152513
1517,0.003133440709569772,63.46046071403084
1518,0.0037133203774011867,65.49710976770581
1519,0.0037802798433660147,269.3609101695673
1520,0.00257133671728862,28.89715390838312
1521,0.0029601826915597756,355.2362417290227
1522,0.0032338661930507756,32.647341253241095
1523,0.0030095276001702587,106.96181374698331
1524,0.0027464053642484395,352.52779577188835
1525,0.002537675702383944,271.7702222182443
1526,0.002861021012334169,61.82612414303417
1527,0.0023849250069937445,264.79241169577983
1528,0.0027489035846602495,189.80759817911732
1529,0.002981272093614241,271.5020111331055
1530,0.0033767840762004074,62.061746426386016
1531,0.005002232386224501,56.47138162547939
1532,0.002766556589395965,352.20028747903086
1533,0.0019021621186363562,143.80485763572435
1534,0.002771082029308457,62.104209323587554
1535,0.0030457700135041797,30.843558516065343
1536,0.0031655362926413,149.59124218171564
1537,0.0027309554345040466,190.77504564750865
1538,0.0027779439308905636,270.4459291536108
1539,0.0022789482801394132,185.3022556338905
1540,0.0037404021361883656,72.37697986179909
1541,0.0023514668272551277,31.94448899610383
1542,0.0030734065573088335,64.51856921614532
1543,0.005355260748384071,32.005106940284925
1544,0.00257061922270254,74.92229232524647
1545,0.0064145191714818466,49.755712534470064
1546,0.0036234700064283216,33.43561565222204
1547,0.004043296357347822,30.235046185329065
1548,0.0037774925772695992,50.75113987298819
1549,0.005014882740666303,270.4479668095497
1550,0.004022972302416086,46.6400161800066
1551,0.004576645822978372,146.81358627707652
1552,0.0035454482998427054,148.4750513022125
1553,0.004407015460996123,103.21159588991773
1554,0.00579216690274389,31.502253255994265
1555,0.005986901882302796,76.4352143235786
1556,0.00540112442920233,75.89860262580883
1557,0.004584054849521422,356.149225963121
1558,0.004050317795807101,62.11775339080255
1559,0.004392178768605038,274.0154074887475
1560,0.004654598337682811,43.84196531854218
1561,0.00340656482594422,356.6275492743899
1562,0.0027173936824626036,272.29294954366554
1563,0.002641209882760018,61.69764018294218
1564,0.00256793154380222,349.61674863333576
1565,0.0021020204414820857,266.55893156966226
1566,0.0029962253803683257,58.71840219716743
1567,0.002836807063431479,46.65102765463603
1568,0.002304989991585146,30.12009444707827
1569,0.003249341178795642,268.5431988105927
1570,0.0027091901168423134,271.5553122246865
1571,0.0026638414941583598,29.453509622963097
1572,0.00409704435256012,103.97187756333736
1573,0.0024868040164326855,60.563026378891976
1574,0.002914226279574374,145.788941079271
1575,0.0027350847446761125,31.9826732882147
1576,0.003836797479589922,104.98532073201102
1577,0.0032175194317742226,270.5922462098889
1578,0.002070036560958385,355.4147656543531
1579,0.0013300137223858336,70.56862925868937
1580,0.0021478038784985523,271.6672087029707
1581,0.002703775327739382,348.55709545440243
1582,0.0023118534818605753,150.18068974454346
1583,0.002489844295084013,63.42624235543518
1584,0.0021085508894064277,194.41083240602796
1585,0.002368131990473378,272.9094112456633
1586,0.00196231392262657,264.07112217522723
1587,0.0024868862643508413,59.32026895000118
1588,0.0027739028533226664,275.1159724792179
1589,0.0017329392387843902,47.332379718423894
1590,0.0022312647211486327,270.98397127335784
1591,0.0016420757469782306,57.898054733756084
1592,0.002933108198831947,273.3556954693301
1593,0.0015200077713554987,59.822539804135886
1594,0.003177995690152627,32.952985355395185
1595,0.0032157721673404293,107.8822262312208
1596,0.003154961854368409,58.20480041248613
1597,0.005064819964212114,77.70714951092829
1598,0.004092600319368935,266.3812766048902
1599,0.0027814259871266293,57.690941631310686
1600,0.0038621851062154897,188.54608751986723
1601,0.003778885388972461,142.20394433736797
1602,0.004384995353355971,32.70466155600473
1603,0.0033518892064980693,355.31048840637146
1604,0.0037108402088110023,355.0131573482724
1605,0.004061145265619747,46.778101583513966
1606,0.004754852438116174,57.337533135755166
1607,0.003761347586491452,46.94934672363368
1608,0.002317496359896252,31.905820015082615
1609,0.0038013623927474474,73.8333428033728
1610,0.005539860260516714,100.79921321166748
1611,0.004656567060935184,66.61391321052321
1612,0.005600266770322787,149.20565089462156
1613,0.006776029359978816,29.326379507653538
1614,0.0033860510419479986,72.8498012526496
1615,0.005638280300984862,62.377012148353415
1616,0.004371447331775313,355.39099210250816
1617,0.006016324527908265,47.919014029168885
1618,0.003559460569596336,59.19107588727338
1619,0.00430557764874803,49.151063563435635
1620,0.00316672807586995,62.492540957629416
1621,0.0041308623394060474,76.13871943207711
1622,0.003368956045820736,109.80987916367464
1623,0.005332195557957034,266.788275369196
1624,0.0043040509755717885,48.05401211598997
1625,0.004218481569474421,190.81821811261904
1626,0.0036044096567162216,32.26753420194859
1627,0.004208066082768354,186.60056229532557
1628,0.00435395698888477,101.28692348691804
1629,0.0032242076007226285,352.26838119175704
1630,0.0025910558917248763,271.99778339767954
1631,0.0025596372873870985,187.49806728225806
1632,0.0026807972713518186,347.29943344764996
1633,0.0018010695465706709,345.2430958840087
1634,0.0019100880768639721,358.15379191976814
1635,0.002015971445793583,355.8187154007248
1636,0.0016171186044547621,344.3853291974156
1637,0.0012789386095936543,351.9334005369063
1638,0.0021711075390870777,80.29245892486158
1639,0.0014994395302994508,357.1091916448819
1640,0.0019019929888255884,71.7379784496595
1641,0.0014408914122229315,62.34676696059577
1642,0.001647725586645783,351.8065543981729
1643,0.0018751864947457548,152.6355220405725
1644,0.0016174281626516267,187.89517173745708
1645,0.0023015473085126422,33.07798451255746
1646,0.0021971494480682633,274.071682435252
1647,0.0021181328504161654,31.365840631983012
1648,0.00393866386366426,47.637076865446446
1649,0.0028474492887205125,268.4434691607183
1650,0.0024330880881497647,269.9370030404264
1651,0.0025231135652526346,147.0873174258952
1652,0.003919137574337436,74.26390368216447
1653,0.005224706781457722,151.56918370341648
1654,0.004290135526585997,78.17786784025107
1655,0.004520235683561292,47.62304158714414
1656,0.005172221870703526,32.30421153055302
1657,0.0035938809242921747,350.6766307511858
1658,0.004350409561774195,30.068065943117322
1659,0.002175401471971339,75.64110205301112
1660,0.0027968173953193272,357.74963733209614
1661,0.003921671065701545,191.6657939703932
1662,0.0040213942095227865,28.92936908838422
1663,0.004639591343386035,50.02820191958751
1664,0.003408523461800187,61.531724683811
1665,0.004754885876192586,77.8217602346899
1666,0.004139068589532091,349.1381994310743
1667,0.004304148380778299,63.86458449845206
1668,0.0029953842835360824,76.01255137469589
1669,0.0028432401932977054,50.62838404395011
1670,0.004162465202842184,358.1471956627268
1671,0.002779519314187805,267.5876874274698
1672,0.0031804509508988367,279.42349098779147
1673,0.003607012500189308,62.894995416519905
1674,0.003208196531007978,62.37061270502983
1675,0.003972004689225846,102.55236619886067
1676,0.0028497902477773516,109.21448010226376
1677,0.0027741190659481348,268.29043439797846
1678,0.0025926991627154795,105.04336384881054
1679,0.005379690537110792,60.15073885126615
1680,0.0027644614174523914,72.34696858127745
1681,0.003076150199614626,148.93732677715303
1682,0.00161257264975073,33.084047526661756
1683,0.004532719950937482,356.8078131712626
1684,0.004774307342648337,45.20757349428736
1685,0.004696494246279153,191.9487321079784
1686,0.002724812448032758,143.68893991322594
1687,0.004118022296341261,187.970376560237
1688,0.0035741082668104916,103.2604780260837
1689,0.0036985004158032707,147.81828933824517
1690,0.003835779288256285,151.6197021595764
1691,0.0033459982046177587,183.9548127124185
1692,0.002392019738736207,60.25693545427446
1693,0.0030868084654417437,353.3007637594436
1694,0.002520272717729459,359.5864362089634
1695,0.0016359994308374022,359.2036529318681
1696,0.0016294704961402758,145.16544550579783
1697,0.0018400449276808873,102.12409443672252
1698,0.002537813857064041,74.4712550012249
1699,0.0018380795942616252,348.4678109318163
1700,0.0031824505961346654,48.40325661929209
1701,0.002550936560923715,45.539501231237594
1702,0.003102075152458962,45.85268390796807
1703,0.002305454556397123,60.34470578369866
1704,0.0035745918719097152,268.0483922204936
1705,0.0033306195427658825,180.7108633162422
1706,0.0031388999102721126,105.0070897211736
1707,0.0032205652731885064,355.7498440673115
1708,0.003173959231968514,49.213502103376
1709,0.0036581483153236933,32.5462011675919
1710,0.002604024138405694,59.985367554910276
1711,0.0034330548186202437,106.45790498607492
1712,0.004286642023440351,145.40556283647607
1713,0.0026062541938714316,343.1469672713327
1714,0.0029125690093037794,150.01956927763072
1715,0.0035147184457385047,30.570587860167258
1716,0.0036895830182170327,145.5164693604213
1717,0.0025703283441994105,191.2195969797886
1718,0.004093180166696044,62.22907470376526
1719,0.00284273812490105,56.30705265198169
1720,0.003763713203003955,267.77813015264155
1721,0.0039366101030945,62.10685644938308
1722,0.0037557840775083273,48.2745482539546
1723,0.003884481483090405,106.25117386236812
1724,0.002841568666646431,60.88346793735722
1725,0.004390377393999213,72.64739692667543
1726,0.00246462730005574,45.05149603807712
1727,0.0042688189258246285,191.4626027014435
1728,0.004486817318278414,104.5660199039874
1729,0.004712203371849514,181.71714033225635
1730,0.004309858912727077,146.32993755577638
1731,0.0045623891612474555,105.34875136552773
1732,0.004733627056173811,48.426030408474865
1733,0.00470796121276337,32.42822033979263
1734,0.003329907757154043,186.82998041849015
1735,0.003054912191171906,276.91801534696793
1736,0.0024070142991893754,346.6457075378133
1737,0.002583865681248776,351.5355623970166
1738,0.0010323850202157386,29.428839827845433
1739,0.0019299043064515925,356.089491042902
1740,0.0019539817529291145,107.06080736920607
1741,0.0013369727607410327,49.98181903174766
1742,0.0021914727945728635,191.58238089985701
1743,0.0030551761503654863,108.58003409032472
1744,0.003168632104322985,58.9032075055802
1745,0.003884685358257386,29.27328799608364
1746,0.0021146621574586444,273.8602207335559
1747,0.0023385122763934754,271.4783722100033
1748,0.0020825059170778665,276.58041375676487
1749,0.0011268191728132397,49.209786166157215
1750,0.0030591050476530277,31.938892897537713
1751,0.0030794760619196147,101.54002168582903
1752,0.0026413602106633615,105.15701638268035
1753,0.002961153130688127,270.71454992607295
1754,0.0043724237670672165,45.86262724462779
1755,0.0026770330885903183,104.349428916225
1756,0.002901349120940185,150.65996925051434
1757,0.0022114970266095915,274.7588387751893
1758,0.002744644958167211,75.71408964223859
1759,0.0017841896315588547,265.91585762467656
1760,0.0016082248469867465,186.4251461260654
1761,0.0017597694007197558,274.13568838842673
1762,0.0023685556246742967,49.58324129430261
1763,0.0018786009443199593,101.85195390366268
1764,0.0016799535038386083,359.10306653725814
1765,0.0013096739509411894,28.380624923420786
1766,0.002929791741144541,185.54119964158923
1767,0.0015117887635721307,187.31367244627097
1768,0.0016350357591888426,105.78283278391596
1769,0.0014830174919883245,43.78445211038251
1770,0.0016933227984579921,32.000896955878346
1771,0.0037492498881050744,139.28109709204327
1772,0.003071621227854605,356.58154330549553
1773,0.001990704179002807,28.96030121127864
1774,0.003035212955100261,47.48833984612465
1775,0.0031793239252687865,354.92780498044715
1776,0.002525390294312484,102.70146716581385
1777,0.0031724631644115455,106.11334692756266
1778,0.004545256502875048,60.99179152403404
1779,0.0030566522081908014,71.86151243255377
1780,0.003310029249649648,150.8062132934613
1781,0.0027219852037862285,274.39762393687164
1782,0.001913929224984475,149.3634281955013
1783,0.0031178813368245815,64.38746436875701
1784,0.0028166158458175646,46.52803139841469
1785,0.002638133172017691,150.73791784608196
1786,0.00356785970159928,47.00584905188553
1787,0.003736599543430955,32.59037951584087
1788,0.0027137624599266386,188.61569665433487
1789,0.002603674880739032,356.10009217255043
1790,0.0028985911462065636,191.11675330802126
1791,0.0023840772096142527,354.84953347334164
1792,0.002447303778447757,29.611589342354694
1793,0.005493934296852894,64.00681038494453
1794,0.0028358855711716883,350.6117785433294
1795,0.002634265064338811,101.92396998277269
1796,0.0025059770977909814,104.3869264771929
1797,0.0030017268049266285,59.55870429291575
1798,0.0032592038023722125,48.138264715743354
1799,0.0020709014035014814,149.40013967631958
1800,0.004375688239288765,31.213672842521007
1801,0.004040509925454733,47.189401674507366
1802,0.002577867689602687,31.105560481617456
1803,0.003992191353204034,186.0598441118765
1804,0.005162971127819302,47.82468969111841
1805,0.004484139446503832,41.26586166481288
1806,0.003976932967568494,46.02604442504973
1807,0.006545821060002308,63.119709122733575
1808,0.004780386890192388,30.48342179318366
1809,0.005180114168185137,272.7679522722728
1810,0.004202784057270037,45.973065475548616
1811,0.004359582268912612,264.74453112078135
1812,0.006993283478442532,59.08597056582924
1813,0.005486701264058958,64.94296360617201
1814,0.005100219799155288,106.50195475821234
1815,0.004346347794369085,349.2983215882368
1816,0.0052930237979335985,105.29656614495846
1817,0.004066497237668168,71.11362833838517
1818,0.0032463154702044622,73.62255044492201
1819,0.0033049082488489567,351.03567260883625
1820,0.0030219262024230105,276.9963706446043
1821,0.003475208494203023,149.46980437941593
1822,0.0031067543535424525,49.28628843948628
1823,0.002956882536916685,100.4001976675897
1824,0.003450382560252117,49.51275077366762
1825,0.0032893643211421007,145.19288959374427
1826,0.004448583008315137,102.58306930607733
1827,0.0030991670656393662,346.5951400445163
1828,0.002139599267138692,273.54140752645077
1829,0.002169085831198554,145.98814260152213
1830,0.0023017367578152493,72.6208115577816
1831,0.004683874173431171,45.00884506007688
1832,0.003006722515481707,187.5169861525275
1833,0.0040260343260062935,103.43831496843278
1834,0.002859920176713506,105.09002281244646
1835,0.002732207703444366,147.11147752194677
1836,0.0025801665921382413,31.470190758453903
1837,0.0024665628885047444,32.82601348979808
1838,0.0017064892235794105,31.323009181651855
1839,0.004422739776022023,49.39396470396529
1840,0.0046397613004205834,189.31149679099602
1841,0.003069698404881716,146.79928543090512
1842,0.005905291957680089,59.678030675626104
1843,0.004725243535424604,48.497361425007654
1844,0.007406575553478294,59.05727680793172
1845,0.0049560064419790885,354.2135613540582
1846,0.005538912764299214,145.85702954883132
1847,0.004617789541728214,186.93882458453737
1848,0.004520715596080108,141.98791722864541
1849,0.0048672319912381355,143.82957710233214
1850,0.003782306092462557,357.84699772326036
1851,0.0018338314992684774,29.50192590367555
1852,0.003284073655801901,77.2099166620569
1853,0.0024728243839821184,353.5026290423055
1854,0.0020813137711291163,60.27427027315852
1855,0.0027694029348994437,74.76072181992461
1856,0.004919175167249366,60.68378058539407
1857,0.0023957987984679426,44.68312582648672
1858,0.0025705333438041556,272.7103464684186
1859,0.0034053923810378446,48.98668815838609
1860,0.002929606277055252,351.18970453533177
1861,0.0022658324251225025,270.97626396452387
1862,0.002868827737653522,49.61296510662089
1863,0.0023613443929768846,152.672686828421
1864,0.004003629044620601,29.663345664464174
1865,0.003959142998738516,147.64938112193403
1866,0.003256380759774254,72.67333674101616
1867,0.003276514408438603,108.3020435761122
1868,0.0036870537888545013,75.54517780243063
1869,0.004206172674087812,58.73193677760052
1870,0.003038605500513278,103.9245272040231
1871,0.004128808462221209,184.43974622537974
1872,0.004577219132489378,64.41563461095609
1873,0.003937309161135,270.82808439871053
1874,0.0036553585389989054,182.65548115021386
1875,0.003837989828900538,79.55725756484047
1876,0.003054544459351186,103.06809132375547
1877,0.002802498792801556,73.78068673418676
1878,0.004234086935288029,46.93122421178973
1879,0.003419467327688126,62.00785598306527
1880,0.003322907005263082,60.574971561239394
1881,0.003466436261347348,265.2498143864761
1882,0.0035883756813206475,58.5712059864273
1883,0.004051019129335127,147.64675226323237
1884,0.0031944904958131183,149.40496124715162
1885,0.002055532475393285,59.213400403457854
1886,0.003967938737745143,188.23981578031962
1887,0.0053078215146465605,78.39276380919625
1888,0.0042898413892795235,29.20567588534021
1889,0.00416469016335182,29.304579789252877
1890,0.004551893115927607,64.8313715704841
1891,0.0037994499367958214,181.28569002282848
1892,0.00671560600527631,49.01898269769146
1893,0.0038274178767790444,186.9573731077963
1894,0.0028193640342569146,348.4541882086487
1895,0.0037390183116823776,75.6828194524601
1896,0.003821320090429577,62.75359951398709
1897,0.00631473797909928,77.38056693409828
1898,0.00448319245116671,102.98810730751849
1899,0.0038225523999641372,146.64558964367836
1900,0.002701876892108255,106.5124168597656
1901,0.0045540062830276345,103.15198206373394
1902,0.0037690323030623515,190.0055823105535
1903,0.0025065997005626318,186.85187488314511
1904,0.003242361673099521,270.43236984591164
1905,0.003490113747043447,74.59703167454546
1906,0.0035489218539009313,77.31124778481382
1907,0.0031408030013522336,76.79395200971486
1908,0.002704274446841737,279.009047709508
1909,0.0026156396342389833,190.88150919169252
1910,0.0022030147500462023,81.13059886014327
1911,0.003961628113756888,48.21409874326271
1912,0.00183698665430962,30.70094214977075
1913,0.003766721622230114,61.08573713646235
1914,0.003603360442641658,186.0953398323971
1915,0.003103127660407071,48.734318275872084
1916,0.003062376516334578,272.04464001508074
1917,0.004859785420614151,105.31134427406359
1918,0.005325111108091237,45.694002644012784
1919,0.0030001584206150833,46.58407362682238
1920,0.003757611396441959,185.71453016407816
1921,0.00406260251623018,60.0798467862113
1922,0.0032253329399519995,151.02723684740346
1923,0.0032773063672905853,354.2472320744988
1924,0.0023664827594043814,30.894486872107336
1925,0.0035697777750907877,186.96150692540195
1926,0.0020812059336063706,62.304795336174344
1927,0.003268224063845845,153.15785601507008
1928,0.0036383296016029524,62.06154123141076
1929,0.004758553159663895,59.59998108796359
1930,0.0033837572621441443,190.56880409525417
1931,0.003343514990609203,45.23796950254309
1932,0.0027709193660885537,63.257075193530966
1933,0.004160469089552423,31.37772688297788
1934,0.005118467831223448,30.74589471707023
1935,0.004391111601121613,146.86037253875114
1936,0.006784252090772104,78.22949653383994
1937,0.0035888232544223414,75.84350060489258
1938,0.0035018748367292574,361.87213725265065
1939,0.0030169105304174502,107.56083430959433
1940,0.0034970710412287106,187.15804376356408
1941,0.003499499952189785,356.47334470419014
1942,0.0029168788922538237,62.99852329518548
1943,0.0032778787204672155,58.64908436772106
1944,0.0021245587383666793,48.72536490901844
1945,0.003219139143693122,144.38747709697006
1946,0.0019866845271882968,276.5407535402401
1947,0.002219724743104193,187.44137179218646
1948,0.0030098214171284526,272.0490712861494
1949,0.0019204170110018832,348.98108685468054
1950,0.0014983678578071955,33.38835074644643
1951,0.0040056724014980085,61.67587060375887
1952,0.005058813980409665,75.31547505619693
1953,0.003966299814869594,64.0084150778351
1954,0.004113621121840709,59.99728540812414
1955,0.004361549037492148,74.66390719922225
1956,0.0027466835532491646,186.87412357978275
1957,0.005897364658783379,73.89116156976213
1958,0.0035079020628866085,80.22895343616801
1959,0.0035369768824798833,107.3293164644349
1960,0.004595007434299741,75.4814025587789
1961,0.0038948021899921368,74.2916841126411
1962,0.004382751551898325,31.175932180164935
1963,0.004179378963688239,59.00065860073694
1964,0.005434166129419628,274.80125083994056
1965,0.004422808608822003,31.315094422523423
1966,0.005259890737061841,110.83954426053786
1967,0.0043536914603389525,191.73897053627283
1968,0.004256214120813672,354.4100492566066
1969,0.0028413889814695972,352.3209255627529
1970,0.002492654510845298,76.54573712540522
1971,0.001919562444982148,105.93666273945942
1972,0.0033010947841970706,101.53930892229637
1973,0.0027286191769643844,351.9624171927235
1974,0.0026502911122087106,74.04687530310775
1975,0.0028626467962990128,275.2127701708164
1976,0.0022188945654947655,146.67881214554822
1977,0.0028307541266181483,272.7940115597697
1978,0.002597618271026696,31.198892604554192
1979,0.00362820419075715,265.4344782177621
1980,0.0018683000081351965,62.22200110969123
1981,0.005098754913273592,74.2119463590258
1982,0.0032635032817254373,272.91470028381633
1983,0.001745202205899565,29.54573648419025
1984,0.0029475471829672724,352.9786147829136
1985,0.003284625378315608,104.47143785364959
1986,0.0026669829491411446,61.206708345472414
1987,0.004061268988518972,142.96608074862175
1988,0.004156577740187376,45.62443222432669
1989,0.0038731683514739972,61.314510342841906
1990,0.003123617436698925,361.61022421924486
1991,0.0034088298000894543,106.47113685356535
1992,0.003084192607116623,149.53035997507791
1993,0.001656922327850319,30.654669943735257
1994,0.005361803927702236,46.66831498781823
1995,0.0029429669289542785,44.43175197112089
1996,0.0034583386602137648,100.70009521509564
1997,0.004394269357174474,29.040165912291712
1998,0.0034128228286466433,47.51955824004281
1999,0.004018431184290835,47.97664587597406
2000,0.006227974602009166,143.81957223669528
2001,0.0030734808900168497,355.25791047630133
2002,0.0027318297284532143,102.64735485747859
2003,0.0019974558343729487,31.872011192318443
2004,0.003642926049626392,106.87943446195122
2005,0.004052235338602578,184.72323250858193
2006,0.002733740587273976,187.91639207350087
2007,0.002099143088128323,62.578913986736055
2008,0.003782701451764924,31.45689919824921
2009,0.003818016379984524,144.829462589403
2010,0.003961966551161885,29.06674367538759
2011,0.0029920108635420107,32.920907080608984
2012,0.0047499746586377655,60.076369991221235
2013,0.003505000916968304,350.5842452692923
2014,0.002719861478810246,78.21615394789383
2015,0.0031275615481423354,273.99972890082904
2016,0.0025763899891237747,48.85417391516695
2017,0.004251145040174818,30.387163357187397
2018,0.0031804697500774637,33.12623095493419
2019,0.0030483781379602574,46.57911306446347
2020,0.002340285840608854,31.55754748476236
2021,0.004104409403853552,272.2137555147482
2022,0.003966331032183776,191.3603824836648
2023,0.0016060385476798806,65.64469238401786
2024,0.0023267439555011466,30.850072995068086
2025,0.0033381895165765637,185.9265270441662
2026,0.004405283570749944,266.9310899788743
2027,0.0046048709650519945,32.594515536687965
2028,0.003844673924150056,60.535331696257174
2029,0.0028008597111583364,144.17702405455594
2030,0.003209786013653222,346.58537869122114
2031,0.0035408476623686024,273.3787545502978
2032,0.0031829514064156683,188.28307719661615
2033,0.0027922213838302502,106.14205447548308
2034,0.0028497101330855405,65.1335916293887
2035,0.002236201888052087,357.0075440522515
2036,0.0022981208654158053,63.00073389151604
2037,0.002123075831278529,146.87597289968468
2038,0.0015993226495634766,278.7721545670926
2039,0.0017760187752392667,348.2611748926938
2040,0.0035125276158976325,148.11362450371416
2041,0.003751695268944716,107.44313147310893
2042,0.0024290574629433227,280.5948763796777
2043,0.002486225865770673,105.21452849761498
2044,0.0023017376544634443,31.662109301119383
2045,0.0030876482610024555,47.59434153101562
2046,0.0030636692266656413,77.96984981025017
2047,0.0028111533384936912,77.06421162822653
2048,0.004030196695932374,189.4488913084578
2049,0.003803157423080481,149.00014254645816
2050,0.0035647221530811734,31.014089016219444
2051,0.0037683634209865003,151.6457240684632
2052,0.003167108243360417,77.17562945757953
2053,0.0030135067424360744,353.0322295329427
2054,0.0031621964302962946,272.34934087743693
2055,0.00303134130093494,60.32883648465626
2056,0.004934898876321125,30.572143608819992
2057,0.003626002470464592,348.28953669563765
2058,0.0045966098301456395,78.76746304711908
2059,0.007236811387852428,31.3849351240623
2060,0.003851970010243697,144.922301317714
2061,0.0019662736632544064,34.60116830609217
2062,0.003781823200304493,184.02347817811835
2063,0.002728078915247687,152.81990884529463
2064,0.0032480399409209803,145.97705352775066
2065,0.0028702277016193893,147.619821698108
2066,0.0035307738574841562,76.91914891662331
2067,0.003933150971641811,59.34685785826381
2068,0.0036337104468395286,61.624488215568896
2069,0.0027396920718466633,274.5849375763786
2070,0.005564768150923721,46.92456547251977
2071,0.003942452113707833,277.1257569093756
2072,0.0027016323813743815,71.39575485390164
2073,0.0032311906481559674,349.78056838311727
2074,0.003304689368838219,265.4887605183077
2075,0.0031167158667423965,359.1913545559051
2076,0.0014717784892989997,185.9259762064063
2077,0.001914931721575368,109.99828673899938
2078,0.002024340342855298,44.87329262245518
2079,0.0021892061378656017,48.346523100658075
2080,0.002345430079065224,58.817944668105675
2081,0.00288118029065781,74.78112593566895
2082,0.0032803751266077723,30.27120894583734
2083,0.0034757375072532776,150.46054124601352
2084,0.002912991276555748,275.7625519619222
2085,0.0016852049420463275,31.692952053633803
2086,0.003887419351223261,147.42973830437225
2087,0.0031281861941441632,268.57777998057435
2088,0.0035596668899886244,29.28307437283597
2089,0.0031397850491931283,57.86860040908023
2090,0.0035369820089206595,348.83084643914003
2091,0.0026831063856456827,267.04424926204626
2092,0.0030862893279528184,143.75460971002056
2093,0.004232881018774728,75.4283759921995
2094,0.0025471460915853475,146.26467243278265
2095,0.003130632600152387,79.04181593881779
2096,0.0030303871346355946,151.5458067780514
2097,0.005698117416059022,64.7772995435413
2098,0.0032562899690534463,108.84922219510698
2099,0.004115073946269223,79.75367491140408
2100,0.002588046276578876,356.07022207061107
2101,0.002688937725449547,352.72836714514335
2102,0.002965085024641798,188.89259320825676
2103,0.002780152380605422,273.45447124661797
2104,0.0028902671077118544,110.93661202137126
2105,0.0016934693156310293,48.25602587312654
2106,0.0030866043189234915,104.61406140011037
2107,0.0022518415678220932,78.95596154060289
2108,0.003346780323792356,75.30734417018847
2109,0.004972824119835484,62.369670585008826
2110,0.002841766260235395,147.67455957700048
2111,0.003036241074116265,348.58706386513086
2112,0.0014333626747649196,31.353333316719453
2113,0.002941880612744516,31.29776543931998
2114,0.002980996614278923,270.4819526731472
2115,0.0021539205250954976,277.86864329473144
2116,0.0032958045747964017,185.75362896839732
2117,0.0032443950507070906,79.4310336952918
2118,0.0024884445226920444,353.3593811320012
2119,0.0031368212369872234,148.6250738828547
2120,0.003063553819284325,29.430145560134193
2121,0.0034454810257116574,192.82346726218728
2122,0.0037949465751738057,106.85167330465582
2123,0.002259809080249817,105.92820032100194
2124,0.0025095447873986734,63.52726856038463
2125,0.0024373966320879467,33.1130723090666
2126,0.003589674519192871,77.81589269078412
2127,0.0028625033914855802,357.4093395551386
2128,0.0026019879768183003,270.00351048972453
2129,0.002872932230467329,276.60814178400216
2130,0.0018850762351741485,46.574548105500746
2131,0.002299701475948724,353.5509517166095
2132,0.0034202861368777867,43.88492289584495
2133,0.0023210055077396573,78.80585472198266
2134,0.002782193768697153,272.6711520328309
2135,0.0028094471011190884,149.63679833685933
2136,0.0034919515868966564,64.23654459507955
2137,0.0024937192613828894,350.7340045641386
2138,0.0035188117511744475,190.3385917639929
2139,0.004358094785198016,141.79436080583469
2140,0.004872094502855829,78.62298249255787
2141,0.0047332011545222485,49.468163551577284
2142,0.004204917467522419,30.958633322818613
2143,0.0036258085571186814,353.2567474142179
2144,0.0032227644411435183,356.73887904430416
2145,0.0028195530916303234,32.54821349344054
2146,0.003691395762496203,186.03754596950407
2147,0.0034477538534214472,187.85271314525005
2148,0.0028260355588900178,355.84641321083535
2149,0.0025282110875475784,103.45016672409604
2150,0.0021516414807342546,144.1295237864801
2151,0.0023770297929152384,270.4676329110502
2152,0.0017870924517717894,276.18311533403255
2153,0.0017454857771471407,45.367365659136354
2154,0.002850370689853223,32.80097294386135
2155,0.002178595188315788,348.5520167800872
2156,0.002793605997074386,146.1973454595812
2157,0.0014829143672159262,106.38663249002374
2158,0.002620192287071466,64.50526140061723
2159,0.0022699814391517964,273.6890554297582
2160,0.002891366508882098,61.54721778088362
2161,0.00342224231172696,74.82843696397637
2162,0.0026714940343379296,351.9628866464028
2163,0.0018409244416111056,268.63966968938536
2164,0.00278737264228324,74.06158703203842
2165,0.002722084822211794,188.99910535631807
2166,0.0016035342070443387,47.83774333269309
2167,0.002111769432303845,71.53913324534282
2168,0.0020336042566604716,272.8684251527715
2169,0.0021459572556513824,187.44456798024433
2170,0.003860045804901609,63.0726602258894
2171,0.0023226369132946555,102.65962503812491
2172,0.0020920949147767293,151.2552352999941
2173,0.0026719432203822792,75.68379513846534
2174,0.00283402797911842,150.25584688298127
2175,0.0033659218057992047,59.722393122750475
2176,0.0019653236012504983,187.90685392255116
2177,0.002490148225614714,61.591881699848216
2178,0.002764659102772903,145.3291412126225
2179,0.0032730185647289124,101.49200307664688
2180,0.0031918942538865496,63.33821768749228
2181,0.004993127619028118,47.39050236917408
2182,0.0061585383522595235,31.948466192812923
2183,0.0036807473337142475,71.90196217066867
2184,0.003552069493420724,343.8684568664644
2185,0.0043703766293130145,268.9429764833789
2186,0.0029280970542318895,109.37959621168297
2187,0.0030341770734448412,350.2675153838109
2188,0.0027054515685941208,73.7691345196018
2189,0.002839865834315648,108.989024005212
2190,0.0023329139339380318,30.595681617200448
2191,0.004414084128100136,29.82902655029787
2192,0.0039141063604600755,146.24081190813942
2193,0.0035308106116738684,190.41715988909814
2194,0.003141739404837065,146.11629431967228
2195,0.003503620155715208,101.46221741751025
2196,0.0024730257126796295,272.3704119627632
2197,0.0025635718815590672,29.691834906301857
2198,0.002562715652609106,354.78395170207074
2199,0.00318967426524762,60.64289393982916
2200,0.003956035364893269,59.67150216101644
2201,0.0030982186467319725,185.36972230626034
2202,0.0026884462295756434,32.7806754134588
2203,0.002628873363289768,355.6440931855855
2204,0.0033548633504373406,78.2981059279377
2205,0.0027457944817853653,191.71632586037003
2206,0.0023237405195472736,353.0148277536393
2207,0.0022254573022319865,107.40508621629827
2208,0.002639218735005261,150.0475502242487
2209,0.001726898044029773,267.1523317597606
2210,0.0018735762437859808,73.55680948691395
2211,0.0024794429361571606,60.48660190415774
2212,0.0029997966041110874,266.94448425550235
2213,0.005037786017557414,32.6571703493524
2214,0.004044866832723178,101.8561507669391
2215,0.0038648746692408827,45.02427785087514
2216,0.0036403580770638655,108.01901885581371
2217,0.003517046962910032,102.94710777720891
2218,0.003617873395507393,46.177684374123785
2219,0.002698745337151219,151.2104285569001
2220,0.003383714369776236,352.0285961849563
2221,0.0034282616042690933,352.70200210582334
2222,0.0038567840723415653,193.20748029264874
2223,0.0031445515993193296,60.69659598794324
2224,0.0023483019765710477,104.49026007943375
2225,0.0023592373727296945,49.678699447718905
2226,0.004831803805945338,101.98936354776704
2227,0.003956157679254077,29.549772485979776
2228,0.0032993647195137875,32.01867722691418
2229,0.003530167663022008,61.284284229929874
2230,0.00551232673283035,65.3741554431735
2231,0.0048713051914588005,47.458955445375544
2232,0.004696752806626751,76.72933804909442
2233,0.0049460464160802076,45.21330746801584
2234,0.004855582935136735,61.9302461828999
2235,0.0049068552467092285,147.6777467786754
2236,0.004987015543100335,103.53615495965008
2237,0.005053834021594942,354.3667003365734
2238,0.004793948569657886,191.1559307043077
2239,0.004775735062979108,106.65495179576976
2240,0.004480189834941631,77.10031366453032
2241,0.0053389833248385565,77.78664820747944
2242,0.004239324790798547,188.51043510286465
2243,0.0036059615555686987,63.01572225401091
2244,0.002832780443436464,188.85884663459626
2245,0.0031991331069532907,63.854828907552715
2246,0.0037860891552554676,45.38270087008689
2247,0.0029610109490581984,105.60483371587205
2248,0.003634593186210829,185.3263467448409
2249,0.003824138702006845,62.62965467265072
2250,0.0032016695429494856,103.2681861370239
2251,0.00435277274135098,46.96020982008046
2252,0.0032245242838771573,278.8158138557895
2253,0.0013539524826145762,48.26455111939925
2254,0.003354057412392509,105.72312525570233
2255,0.0026349038646379806,33.041299684986924
2256,0.003414866549807722,271.7666981543161
2257,0.0045423604110097085,48.96641826999721
2258,0.0022341297529958957,31.605530636569704
2259,0.002775438757404068,76.30865774661598
2260,0.003917274652373189,146.41769510111388
2261,0.004897372008476728,80.02874316626799
2262,0.0038655949079086363,29.667086363639008
2263,0.003777201695096577,348.4317991448494
2264,0.004637126572304733,145.14311724188244
2265,0.003575003998713359,29.117770746204332
2266,0.00274937552152049,30.47258092721431
2267,0.00598996665228862,47.1115842154895
2268,0.00467872265039781,354.97924079401696
2269,0.004396568013747791,59.96333799586241
2270,0.005434747891879435,64.52165669682084
2271,0.0053655825149844065,63.458875116299865
2272,0.002939633256856127,32.20824461359033
2273,0.0034711912140524027,272.3703619600434
2274,0.003514346977473735,150.99760550734095
2275,0.0030830855473948145,274.4982787873653
2276,0.0029952056943645944,350.93873087785397
2277,0.0018248250386956922,78.80342795341558
2278,0.0013317985155729482,50.483337738716166
2279,0.0030512252358938685,352.88107579575563
2280,0.0035049723531810125,63.12236892357322
2281,0.0022678974273731,62.243867593315564
2282,0.0033805667336865314,145.9839971298502
2283,0.003805640986171276,151.40787206655511
2284,0.0029664920114776797,78.38098550824144
2285,0.0032236454932612554,354.5749439650389
2286,0.0029079286396154203,45.32766814415095
2287,0.0030979706241748613,277.4769622605071
2288,0.002576113593132327,145.31982420041672
2289,0.0022774134000223645,268.29298781607065
2290,0.003090207796710522,46.38934371906598
2291,0.0025948363478873636,64.12510293986848
2292,0.002967087122299945,64.09324204804263
2293,0.0021921283403736943,45.24892328738606
2294,0.002785531781593874,187.8136730002081
2295,0.002751109245482126,31.44146628832566
2296,0.004227822417180568,33.03767150118072
2297,0.004411740486727762,272.77773955836506
2298,0.0029914532326055098,352.6946768819446
2299,0.0033665654854828485,273.36402568901633
2300,0.00338270542016363,76.63802564961908
2301,0.003031531791773002,78.71799557571411
2302,0.003142211681874541,188.73368686210017
2303,0.0022045127378725136,189.77441190110181
2304,0.003238332414184697,104.29916367699964
2305,0.00254558752504164,355.02665938290244
2306,0.002704479547736066,49.71792414614467
2307,0.0026321939522890247,29.473807400570337
2308,0.0035150999048954,188.26916219886755
2309,0.0024369449152498827,360.6663436797968
2310,0.0021668968901876907,146.86103119959327
2311,0.0024818948512246846,148.26093500872594
2312,0.004218018247477382,44.52706689137172
2313,0.0032152816088391388,273.82523186984025
2314,0.001877294741951538,106.86522752681323
2315,0.003266649252729057,29.858297248586798
2316,0.0022937461314888924,149.89000619531828
2317,0.0017705239250161056,79.33716986843237
2318,0.0024864782940783006,33.50797510455893
2319,0.004071384734817076,71.13219262675597
2320,0.00418216176429367,75.36670365982494
2321,0.005933569696604867,45.82023225691888
2322,0.003880096577836732,264.38480445528484
2323,0.00406755314706343,31.55041465155953
2324,0.0032762657428975217,47.801732785889484
2325,0.004760604068416377,100.8424222326575
2326,0.0035885294751996574,354.95581529070284
2327,0.002723619939716468,190.03896345905605
2328,0.003394984480781175,357.3030305666557
2329,0.0028184750624212153,59.766814502848966
2330,0.003359732094765404,61.52566469415564
2331,0.005563069967169652,29.85863821249565
2332,0.004008274057447588,149.937073673173
2333,0.004491242465765272,74.6718917658421
2334,0.003092281803534346,106.07926557696642
2335,0.0032737025772901127,148.5939658827505
2336,0.0037224096627373215,64.5569195717196
2337,0.003407236647286356,32.43901050433461
2338,0.004324741864715738,106.42173612496937
2339,0.0040009500445128505,187.6304468737361
2340,0.0032316043327850425,148.29878425511697
2341,0.0038986870372005236,102.82971966277564
2342,0.004028697440265783,47.33590577491486
2343,0.0033960817374212764,30.62368756580303
2344,0.004104076376270032,183.58329857263837
2345,0.0035459268087420655,49.031773783451044
2346,0.003329534393209354,31.70639852021926
2347,0.005315961972056274,46.598155015233154
2348,0.004860082131926902,77.92989513706777
2349,0.0033037212476646964,347.2735044188862
2350,0.003529809848559941,190.79346640372822
2351,0.0027242117921372315,188.56651119371443
2352,0.00473587290616706,30.076226445107995
2353,0.0025894350447730097,273.46773462743454
2354,0.002259722214994764,351.5315659654862
2355,0.002258742977498992,187.468618587984
2356,0.00203272851476041,48.55239701468398
2357,0.0025133884809433703,272.1216452621951
2358,0.001958862095240124,152.8540555117182
2359,0.0027529776512676754,60.6610047044132
2360,0.002314209885093667,281.5633875729774
2361,0.0022282012090688312,355.32701056770344
2362,0.0015116920713264957,147.34823465554015
2363,0.0019839591724055785,193.62386566756155
2364,0.001729709873613117,347.8368847678528
2365,0.001357596963284585,269.8522664380467
2366,0.0017295940923814125,153.5754551373935
2367,0.001933909678663095,28.543635914921747
2368,0.002588085037844853,192.33161596453468
2369,0.001962661756684592,184.50227477919532
2370,0.0017822092614955046,355.1937396476225
2371,0.002775594000678001,100.72729438875969
2372,0.002858784876217704,104.05533163498684
2373,0.002049483074786398,355.121283513537
2374,0.0025066089047785763,44.5559744946225
2375,0.0025140673931838883,46.09421923765806
2376,0.002013950590980399,276.521772779131
2377,0.0025487488287737883,32.588873019850624
2378,0.002903414089629778,60.14568316621131
2379,0.0025679959937336275,107.27805501532593
2380,0.003398310263607635,61.18015562271353
2381,0.003498772250266582,72.9833746164425
2382,0.0037293079514125506,59.46057801418673
2383,0.002953511756392049,153.25714193295755
2384,0.0029839347782679116,103.32883302248278
2385,0.004615731524044632,32.77146943553834
2386,0.004599704109171977,47.400560717057665
2387,0.0035887292243758978,268.1878470268931
2388,0.002828069403711617,106.91454156616474
2389,0.004689705870987382,58.07262642107987
2390,0.003579326526374375,147.4959361380584
2391,0.005222870613767461,30.924558396822874
2392,0.004254545657637673,146.47194346965375
2393,0.0039902366384766425,343.3295095640005
2394,0.003371015298963075,31.288741633036654
2395,0.0037411592635868836,76.29493883440506
2396,0.003555576740492708,79.97667269162402
2397,0.0037127774227662265,79.15975482706607
2398,0.003583568991071225,361.7205570685427
2399,0.0036644357850574042,47.15395483265962
2400,0.0038222932169570045,61.45019792512655
2401,0.0039220836517446424,64.4207604874143
2402,0.005944097472324343,49.90644792765032
2403,0.0037192833051497907,357.35287743084
2404,0.0056532924222251904,50.388592292802464
2405,0.004275905019682595,62.87714749921771
2406,0.00453765588582218,104.87126695467556
2407,0.0041059792445217866,31.62586995714943
2408,0.003876635187722415,188.87101752373388
2409,0.0036905575078720683,61.404642423400915
2410,0.005379759234874028,28.716811292320955
2411,0.004340277801813939,153.42617884204776
2412,0.005410138674359571,63.25757052721042
2413,0.004102665799402561,63.650149266025814
2414,0.004495925092440905,355.91008581273405
2415,0.0032927193967444853,32.05983439852925
2416,0.0035051184373018755,47.21466362445984
2417,0.0032082120704636998,107.09819236839111
2418,0.005316540196697763,106.50538322583195
2419,0.0033656999471763115,63.19956713512824
2420,0.0030006299999844155,50.65985131573857
2421,0.0038700930155729867,272.6972124204039
2422,0.0030891125504791156,275.011906600929
2423,0.0036167540896004974,142.99143604532122
2424,0.005448461148923591,46.46098300767989
2425,0.0023141533614361217,62.20017537129905
2426,0.0028850191843279604,63.86370015284302
2427,0.002947619664694885,60.994360722902144
2428,0.004165255957578318,193.9232082717413
2429,0.002650082300973028,147.48486786400088
2430,0.0029037535251727553,354.7859145154005
2431,0.0031274543532999327,146.48215216856659
2432,0.0032949572613444975,273.30854620603947
2433,0.002662356470044498,270.1468556496567
2434,0.001947435311229548,109.0235583061686
2435,0.002282607121327259,153.20551203920573
2436,0.003142674666315574,31.635067517775393
2437,0.002248947594456364,43.8952750790065
2438,0.0013518432125896778,31.0042606870586
2439,0.004095939534884316,45.86069006431283
2440,0.0049976724550429875,63.58205167215102
2441,0.0031118085803777482,111.43203726772539
2442,0.0032123523662721224,355.56955489899144
2443,0.0026688982774245953,345.3718075201173
2444,0.002176406068009293,110.07032890082876
2445,0.003417396207404291,32.20700367451667
2446,0.002526926971706601,61.654610354279434
2447,0.005448358134271001,76.64907650212396
2448,0.003075369351397067,182.60327333150192
2449,0.003086346955321708,45.98935173914932
2450,0.0031334680970383152,192.33779557486326
2451,0.0022531120546111856,47.28584395811934
2452,0.003204883174232199,187.8053463009059
2453,0.002713601280819103,274.1636180707918
2454,0.0025411116034389373,60.113690209268746
2455,0.003312218576104135,76.3014734324906
2456,0.0027587748035298788,29.767194221984347
2457,0.002895739168624542,45.12685386173071
2458,0.0030875336576852057,271.9142721963256
2459,0.0024604562206080186,107.59366742634701
2460,0.002651989398250757,106.19796492343075
2461,0.003095581262379173,150.44481984239906
2462,0.004623912655842031,77.08739170703997
2463,0.0035043764777799233,63.835637927993844
2464,0.002644432153255482,144.74353976409083
2465,0.003145177128066405,30.92962535320989
2466,0.004884756502147427,31.52918935007588
2467,0.0031842790535706956,191.44746109911168
2468,0.003117904315884741,193.49988342657636
2469,0.0026155168554326405,106.03360986729685
2470,0.004989945758345791,43.374008923042744
2471,0.0027739124375238434,144.8646761872455
2472,0.003642156501462943,102.9099626929955
2473,0.0033958428497056514,73.8430011046502
2474,0.004248041747495016,77.44908353315199
2475,0.0028615540434437773,29.70848281389327
2476,0.003450825973093249,65.0912325789128
2477,0.0038063454565466317,147.95464646573353
2478,0.002819130784675354,275.4971204349661
2479,0.005042777902220936,79.89242640489083
2480,0.0026942837584917386,195.49835699568854
2481,0.0035778894310261973,344.2302037888108
2482,0.002185359859325407,362.2886689192401
2483,0.0025883328176225418,145.13218395474067
2484,0.0017867244172446158,189.54518401150983
2485,0.002304372954434987,271.868202984976
2486,0.002321509415444532,49.636813037690445
2487,0.002539299912067521,64.18937437024512
2488,0.0024398674691244737,354.1925557479524
2489,0.0024537553147910302,186.6538087596294
2490,0.0031886522967299142,72.69475322442307
2491,0.0031885496343524297,143.59289040500536
2492,0.003898857404320469,49.96024513536302
2493,0.003172525159733106,101.69414455608499
2494,0.0024980732364841382,148.27335902926413
2495,0.0021465855585839967,360.6735062179598
2496,0.002514981826082546,105.67362806213316
2497,0.0029144128692306865,277.7356775335534
2498,0.002089823160623083,146.34603593048388
2499,0.0023951548299804234,270.0917709173087
2500,0.0030916363475380175,74.14058724972752
2501,0.00268563479295411,360.11612439724973
2502,0.0025580420029159127,49.74827815876803
2503,0.0034184725991508458,29.507256137583326
2504,0.001462409817253563,61.37477375077798
2505,0.0042262597772009785,32.12570806243609
2506,0.002497046753222131,192.58184329953457
2507,0.003934664832897773,32.87131922232369
2508,0.003689613763044507,146.80674604380147
2509,0.0038064894241838843,30.462896981055167
2510,0.004109450811268186,189.86517630644025
2511,0.002717144507312633,32.554773126722296
2512,0.005371685837936156,151.01814384175648
2513,0.005146457593417092,48.783455572238935
2514,0.00512907374034582,107.10625107963213
2515,0.0048311796265559015,49.33057536436855
2516,0.004037115829856369,270.7952302543723
2517,0.0037406892787789172,354.69165659356105
2518,0.0026738728747403282,277.8547839070371
2519,0.003523697698256001,66.30625236287456
2520,0.00353297156593024,148.82406504553396
2521,0.0031522304993400626,46.30800195217338
2522,0.001377487006613006,64.31377102063757
2523,0.002439856062689639,74.84099838282499
2524,0.0030534864226914103,354.52296035065785
2525,0.0021061803589751417,192.00543095587324
2526,0.0044590831871730565,33.61561645417307
2527,0.0035480869732551087,44.19015725018304
2528,0.003485943250498823,186.84296881077995
2529,0.0033841223426025148,362.5213047519676
2530,0.003969216507217565,104.63713166372119
2531,0.003859360917861498,78.69312309355423
2532,0.0035146035887133253,65.56068551025706
2533,0.0038477323888118603,31.00618076420173
2534,0.00327733365893718,188.70711360396385
2535,0.003359348443164262,197.18282192071752
2536,0.0035846513801866074,110.16185204405832
2537,0.002261786490304406,47.95505135626465
2538,0.0037061438398900384,63.46147413121588
2539,0.004078328032565625,190.08592192834635
2540,0.00451724707041433,67.66347829948388
2541,0.0025174609200720706,46.61709024088102
2542,0.0021909843682707915,76.47065475898486
2543,0.002631420370719219,32.55859509761093
2544,0.004199401217568987,32.96841412466431
2545,0.004514311118814668,276.74226191393484
2546,0.003613486568790161,278.800989925077
2547,0.004581226660505038,74.16946869240311
2548,0.003474139158987038,46.866317214836414
2549,0.003137056709127106,64.70700477686756
2550,0.0033028080952968134,270.62134901780064
2551,0.0023581796970550363,73.32756728609958
2552,0.003918170518359561,47.91743698007092
2553,0.003852484739310085,192.88470777665677
2554,0.003126482827582615,196.96595334027253
2555,0.0019941197324122085,274.2766567507636
2556,0.003495327949250085,44.72392929508197
2557,0.0027770307390667785,147.56890877346257
2558,0.0016167534797039646,45.140050201747286
2559,0.003971390296947933,29.7657127416963
2560,0.0027175299496652646,77.18885485840669
2561,0.002339751635144378,59.853709214815
2562,0.00283885754547205,107.28420160560215
2563,0.002628699299517829,264.7778625085356
2564,0.002790166002373083,31.102445410433695
2565,0.0025941070449124917,102.03866949962695
2566,0.0044689295755233616,47.47245260785449
2567,0.003328907780714558,33.092913873285305
2568,0.003596083375844058,358.7365533081663
2569,0.0032507290465914685,152.95602174163193
2570,0.005308630504673188,45.31616654520696
2571,0.0032066276453098013,63.29184207108251
2572,0.00519226260236129,63.05226331616222
2573,0.0031261186969956173,193.53103073962185
2574,0.0034004228051541046,75.20539861517264
2575,0.004098907322070866,30.65600476053948
2576,0.003722496907247837,150.37290854931297
2577,0.0037806950662012573,48.42465989015803
2578,0.0035884752593450353,47.93028199923992
2579,0.005488562482820602,49.202338047658735
2580,0.005817553603264969,48.39169574490003
2581,0.0040347687815413405,108.21871518348239
2582,0.004339550378087411,147.15852925164452
2583,0.004029265776410974,147.01594619945573
2584,0.004257397580710256,270.6195920177262
2585,0.002019532022351431,31.291834062079474
2586,0.005621359280419049,45.110092782148826
2587,0.004346177156199142,108.51537816257287
2588,0.004198921277986069,142.1296088054428
2589,0.0036891764440853776,75.23446106668452
2590,0.004059082164324715,189.62428743427566
2591,0.004023176479183919,58.07619025257114
2592,0.0030355238803094348,152.64167284664316
2593,0.0026088858963012754,353.53077412217755
2594,0.0035799574899421124,75.57275316947482
2595,0.0029997552045569064,76.5060649776275
2596,0.0037796041795298005,76.29500601819426
2597,0.0038663079339185426,149.3522993633998
2598,0.0021519725697531533,279.0236013775914
2599,0.0031790289956672457,192.46605924086157
2600,0.0015965426857759092,358.9443361180163
2601,0.001903547266938966,180.4298600780953
2602,0.002659160154723657,62.54464332437132
2603,0.0026523390535914478,149.50992246447936
2604,0.0019988003697171295,352.3479270992641
2605,0.0016878696910311733,77.97519971481006
2606,0.0026312865307443266,146.5553163613528
2607,0.0024994745035655797,111.13302805490333
2608,0.002045026277714483,51.576970879158154
2609,0.002061439989300071,355.4276252959208
2610,0.0021595192430214484,78.87665884410228
2611,0.0034088331244797824,75.7003256437153
2612,0.0033299116394945568,47.28773716077496
2613,0.0024784246551058597,357.71818294590514
2614,0.002863635056924772,275.0860224061544
2615,0.003158103540167881,79.01914515760484
2616,0.0033389606671974164,76.04454757189119
2617,0.0041340513115266314,104.84655842398013
2618,0.0023662959891640983,152.67865826061933
2619,0.002522444922989359,363.86426824065046
2620,0.0017800437984296365,273.68594901668416
2621,0.001983299528393205,273.6724012764976
2622,0.0028766244991487127,66.26479293780157
2623,0.0023780563119860376,355.4606986250048
2624,0.0018635944043612434,362.8196632959235
2625,0.0015646509200450964,33.80366012549776
2626,0.0025194396296403564,101.49819510055568
2627,0.0018019608426846927,152.21669883240654
2628,0.002430370352177661,360.592357647935
2629,0.0021688771768503543,187.18044641521132
2630,0.001774428106972874,105.62705812610542
2631,0.002522948005355067,74.603556894633
2632,0.003210297729396152,153.4871643111292
2633,0.002630442023775277,353.9344145373869
2634,0.00329908013584113,150.49610790559043
2635,0.0027809510125525075,103.90964691577713
2636,0.0031119038758333772,32.836994295994096
2637,0.004753874390032785,31.470003805836804
2638,0.0028394303142311008,76.14330269802178
2639,0.003505606008902022,69.93572700444362
2640,0.0036237575950751654,349.11182874832343
2641,0.004427239031682212,190.02240512952136
2642,0.003610854310079895,32.37480884680808
2643,0.001808808972865253,48.80790108251107
2644,0.002919760234509407,142.96450220397307
2645,0.0047726585653564005,272.22653190125897
2646,0.004813975339030466,46.21193155029864
2647,0.003371997841651631,152.1708687988456
2648,0.004077099388047606,74.39213402484668
2649,0.002223813322168346,363.6481251117328
2650,0.0028959171648208306,59.00216255213137
2651,0.002634943473739523,51.12767846562583
2652,0.002374865154018374,75.1415888473044
2653,0.0033592801433820875,271.7401790001946
2654,0.0031137461880042304,109.34917873173758
2655,0.0025006707458217264,77.46297020631815
2656,0.002864008432495634,277.11165698090247
2657,0.0025984414328300096,60.34807520053855
2658,0.002859370498914064,75.43829376890803
2659,0.0033474656120233703,47.77336111638141
2660,0.002819902231749438,106.37968121142015
2661,0.002415983260747658,272.4676196316527
2662,0.0029500647812047815,64.41550048651631
2663,0.003934480484438886,60.03718175641586
2664,0.0018331736371053281,77.02050817377818
2665,0.0036107654354103993,75.09137968582246
2666,0.003767645617792091,66.37011538994066
2667,0.0034052575635400827,357.6741822158472
2668,0.0035577576272771694,359.85367110316923
2669,0.0024773700175199746,352.7497711461098
2670,0.002612114748230943,148.09585837895148
2671,0.0016709441566992358,30.972952821276053
2672,0.004086677207816627,100.50204063657922
2673,0.0032552866503630703,48.83442984350302
2674,0.0028644774752599935,362.25519669084787
2675,0.002820535861790575,191.73762835070156
2676,0.0027343565064059934,187.07246879303088
2677,0.003261229734562221,49.22243967820719
2678,0.002958721174892107,154.2035367498414
2679,0.0035548411326779953,32.01658914693717
2680,0.0033275770365435164,146.07621347974109
2681,0.00314422682805971,279.7905384525746
2682,0.007814044082147904,31.097759254609052
2683,0.0045576564112412305,77.51658725321415
2684,0.004106211399260447,64.16369024381662
2685,0.0032590646488952378,195.79217462438845
2686,0.007895438162638034,32.154159858656065
2687,0.003986087198451829,149.79736797427537
2688,0.0013070244358145985,30.769863663692735
2689,0.007851168941587357,47.79904743836313
2690,0.0038706259381962645,44.355194647521635
2691,0.004762383886093,111.37011159093096
2692,0.005152690345998063,365.6208437205479
2693,0.004278732539487778,32.49279435971202
2694,0.003923989954617698,71.32149935332599
2695,0.005926501987238872,147.00821635412413
2696,0.004258105382446322,143.7979540453914
2697,0.004084286277276012,186.81218094224857
2698,0.0041639108226613295,102.67293474479106
2699,0.0027780350135743126,186.91459793877362
2700,0.003586171917237968,31.59463969845186
2701,0.002845356332496306,63.4735800737454
2702,0.0031093636009393013,77.92236339847628
2703,0.0038396528369468376,101.56526906968764
2704,0.003561689205892148,149.72813002146515
2705,0.0028127388951392717,31.590508944499298
2706,0.003931035226076762,151.9823234564188
2707,0.0035529544653375663,150.31745737353754
2708,0.0034303825360170073,274.3664306411051
2709,0.0037917887717571373,146.6748083318063
2710,0.003867630329816341,343.7631770965146
2711,0.004349814020099722,61.70584579123949
2712,0.0031393321076113633,108.04833553976526
2713,0.003951459142089417,46.989931095287446
2714,0.004342719034396176,33.546484665738525
2715,0.003324998791042875,184.86120199214494
2716,0.002376020953522391,60.80590695504503
2717,0.003858936063685159,181.06771155730254
2718,0.003766857278440677,45.989372039663486
2719,0.0032130217732142447,361.55174246714273
2720,0.004001000021223366,154.04164020097835
2721,0.003601427917883356,277.39582759206274
2722,0.0027871646839700806,28.148469991387383
2723,0.005071227002190426,31.90411340231217
2724,0.00314045262813614,107.23289793350564
2725,0.005584927745452472,33.771604872646115
2726,0.003408871333482927,76.67275249323282
2727,0.004521341101446358,47.46165530184964
2728,0.0036378243226647747,62.061404478864276
2729,0.0032556043178651466,356.3565820403424
2730,0.004483778940931219,29.754516041412487
2731,0.0023853749016780057,46.23943506646625
2732,0.004939399825726186,30.91811009695008
2733,0.0036510252151716626,103.2144657390496
2734,0.004127161957045169,270.066805842931
2735,0.0028501921995533566,151.80077002570485
2736,0.003641623473661391,47.22038243275063
2737,0.0039864344209239915,32.656743235609596
2738,0.004894033021488353,107.16786133869202
2739,0.0035268555204591113,103.76629367391119
2740,0.005135845045680815,47.92193206545889
2741,0.0048252003963914995,48.20298780249746
2742,0.005939058788664459,45.86290388115183
2743,0.004554140240823192,105.41120805038797
2744,0.004753296830220817,276.47319103344796
2745,0.0033369351831424865,108.00417340453401
2746,0.0035020504756489417,31.077085574425507
2747,0.002929733660250312,191.9622998056053
2748,0.0031207003969260334,264.59745396616097
2749,0.0036376806557816828,155.1056408880775
2750,0.0029726752741289987,271.4813864941502
2751,0.0017666781088439781,276.695672328596
2752,0.0016604799713010065,109.06451199469605
2753,0.0019248126117595013,149.25146396725188
2754,0.0011697231215838592,355.1507228585602
2755,0.0024315958285114903,101.01759702285655
2756,0.002210850208519752,108.83801703249613
2757,0.0017862587309998201,274.6048967689657
2758,0.0023892456318440084,146.38588653134101
2759,0.0026105804786542863,59.009065279712395
2760,0.0019456978341285199,193.08317400754166
2761,0.0037212807357467808,30.30693788187144
2762,0.003918686760777971,150.49612457695977
2763,0.002592337206596522,105.31703891227873
2764,0.0027450898229620757,45.787962695665655
2765,0.0029961889352377443,111.06114316415926
2766,0.0022748639772003486,76.91234459560405
2767,0.004415564365518623,78.95502387150896
2768,0.003238814602467902,149.44317842548188
2769,0.0028874226076378087,362.35840177497664
2770,0.003897140543859539,62.543761262243514
2771,0.003320703520977386,194.6925228513342
2772,0.0032939907863600007,61.392245623385534
2773,0.003933021451450406,77.29079059137216
2774,0.003644482280273783,108.87633281226248
2775,0.002299137927813286,62.59017661491704
2776,0.0016701514822639652,31.245782715487604
2777,0.0023348807316925574,60.442507262489165
2778,0.005063956736718202,63.316144894562655
2779,0.0031884315061144718,196.4042481089221
2780,0.0026813590119941885,279.58757531312057
2781,0.0031038390473806486,187.70987232735726
2782,0.003331020956551547,150.49302828677892
2783,0.003933430134503427,31.519995803759187
2784,0.004705001480095049,60.59216979866004
2785,0.0034426309743814517,195.49709814963205
2786,0.002494712469404291,61.94716595690815
2787,0.003983059740749997,78.39533611982877
2788,0.003762889437262024,64.02558834742345
2789,0.004429112824279425,75.83340290012345
2790,0.003168377485466904,43.9434179902418
2791,0.002931291559460232,270.88229594405817
2792,0.0023424216304757184,31.92966554518127
2793,0.005175737012118711,75.27639727095249
2794,0.004873075770304441,149.51442041756636
2795,0.003264231322569007,59.46193104842246
2796,0.004028086033745453,149.28508084373385
2797,0.003701795214941946,194.24053706109316
2798,0.0037367667901963687,83.31919580796406
2799,0.003514044427292808,191.9851412465161
2800,0.003127486485192838,45.50887455529596
2801,0.004033289938154037,105.84338004073983
2802,0.003414562736747705,192.46676070604232
2803,0.003627914576142739,148.61006480286662
2804,0.002651367102799602,188.0855121979732
2805,0.003416630353058281,46.9702329256874
2806,0.003168990276096343,354.8078393575436
2807,0.0029987531660109696,280.5622339806637
2808,0.0030458390582762977,48.50956562038393
2809,0.004087665651521751,146.85208442681133
2810,0.004177304431866392,153.90473393933817
2811,0.003404054097486283,352.81946795009617
2812,0.002413943546835563,76.00151009710535
2813,0.0034594003704610673,44.71145639640136
2814,0.0018615130307995875,30.275072221760144
2815,0.0029066149722383216,357.80848572337356
2816,0.0031807908073295203,47.976342976359085
2817,0.004098912115461479,45.82730978888299
2818,0.002720700476827837,362.89363635781206
2819,0.002091377929753287,73.55357367751756
2820,0.0016577350982253723,61.07793167876075
2821,0.0024113537407125427,75.48551555451317
2822,0.0021739091640358373,31.388598640444084
2823,0.004267534723832747,151.3570297561472
2824,0.002940563238879157,360.310454085255
2825,0.003239596890076378,79.50756230371418
2826,0.0037311485398690406,49.30734885599437
2827,0.002467012795830397,360.8591955998915
2828,0.0027813051648575876,150.26682144730196
2829,0.0028725693118408693,106.56055931222605
2830,0.003211495041656375,105.83009440858689
2831,0.0028678034472928416,62.23152783606919
2832,0.0019566383418379778,361.18220667892285
2833,0.0010942517493194,48.2365171436493
2834,0.0011162382123012353,29.97997681417672
2835,0.002420903623715276,48.16330440400713
2836,0.00273763010372315,58.848044327192895
2837,0.004455176168200772,44.838791017447384
2838,0.004447990828173881,49.43890862952186
2839,0.003878653542483213,355.6042983416049
2840,0.002561940268027353,45.93547674236068
2841,0.0027989175808937126,31.134063776645746
2842,0.0035676860841641457,31.077714257757673
2843,0.004474804985042961,67.33001049029333
2844,0.004022649937647196,277.78455086428005
2845,0.0034182409278972832,194.87819951107898
2846,0.0035063170617672533,191.23395038584945
2847,0.0034736561321699047,79.09100149955286
2848,0.0028092475712228064,363.77463593542785
2849,0.0029335141818310276,272.3918979488185
2850,0.0020350629478036327,273.88900761867586
2851,0.002557009676708084,189.57455228196247
2852,0.002891454913888364,194.69176942063413
2853,0.00160847684093404,104.88616592386266
2854,0.0016429887807849113,147.15041713794355
2855,0.0015630724505441116,281.90536557546824
2856,0.003200686045602197,48.08151456431613
2857,0.0018429938140014138,29.596760920499484
2858,0.0028539568446486275,32.534752765255604
2859,0.003086393696706017,152.20806795125148
2860,0.002058378131701625,353.30412073343
2861,0.0015713072518677002,62.53550200568941
2862,0.0033812264847755884,266.780948835041
2863,0.0021663995437233045,277.63933406596874
2864,0.0019713706263922463,362.2543171738798
2865,0.001608380142740246,108.02763763418992
2866,0.0022827635617407535,152.02918636417996
2867,0.003451127688009401,148.91156239323675
2868,0.0031389282567771087,79.30027453942024
2869,0.00236117060660719,150.96876451966767
2870,0.0025241805042704505,61.592053861364306
2871,0.0025716599286509227,63.705910106458454
2872,0.0030015247042061224,362.8343449339081
2873,0.0030663948388591654,61.885710090932044
2874,0.0056864125255773525,63.693109017319294
2875,0.003423900932927957,145.11031789988562
2876,0.004939353026458666,153.14706318177005
2877,0.003067790977312088,152.14811473833385
2878,0.0042301414213690835,63.739566063891
2879,0.0026613661930753895,268.6035198821051
2880,0.0022746903018328753,361.2582703456414
2881,0.002088632458909751,195.67114970862792
2882,0.0015199086199467833,104.97698100924929
2883,0.0023593951793712113,64.21138359006054
2884,0.0028256944399989658,365.223200674912
2885,0.002516765594174847,46.61296855268381
2886,0.0026963123860172097,64.01627338565905
2887,0.002545194585392482,271.529549528744
2888,0.0020864626889745305,32.765348152354264
2889,0.002915591440217792,44.15298019324213
2890,0.0032939366207203197,190.8091034195701
2891,0.003026747704851802,361.22032514588926
2892,0.002159721752010461,355.3048365142652
2893,0.003016952204032826,153.88175575996212
2894,0.0027603814899413333,60.25350652338914
2895,0.0021416649538187485,363.6004104706378
2896,0.001825550194492176,147.90599186309143
2897,0.0022937399518087732,76.7062803951208
2898,0.0024517064843371694,281.58290619929556
2899,0.0014270016023097873,73.69842487081213
2900,0.0032124830286380697,185.83567670280723
2901,0.0028026202650353834,363.3413221524176
2902,0.002211347345942607,271.79897421229856
2903,0.003289899124464975,66.63172107581028
2904,0.0027883763037047735,106.76991934495304
2905,0.0028313652231911966,31.796792675879967
2906,0.0036751292066303275,105.34474339021368
2907,0.004110139842841537,192.0131552135207
2908,0.0029442466106640863,356.11971397078736
2909,0.00220309973355677,190.96791744829076
2910,0.003004586021199945,356.3445876998961
2911,0.0041609474897209234,80.64298812877396
2912,0.002939448572656971,152.36169033225687
2913,0.0039362458754532365,107.71577393890635
2914,0.003726437699531909,47.08799325327325
2915,0.0029259766509042223,79.08938942727993
2916,0.003542512007206332,75.92107404274046
2917,0.003579687678998075,77.54956221520037
2918,0.003507325341773864,367.55612705627186
2919,0.00385833648967313,188.49814815187457
2920,0.003299179400423432,106.32454654192415
2921,0.002792282918567569,359.13842826316954
2922,0.002565496447629303,58.871315300030545
2923,0.0026479931301733373,31.594593046895703
2924,0.003318996511109953,356.795813455747
2925,0.002109849805210469,360.56806446229086
2926,0.0012400922441884177,29.205931809417425
2927,0.0015631170148758258,359.85391632311143
2928,0.0020382052177435094,72.13891859670795
2929,0.003211773782892963,100.99091000811667
2930,0.003507146389123451,112.2578643616437
2931,0.0025710721754999754,60.21733706743692
2932,0.0021747752545347135,358.11628240902417
2933,0.0027837543990687197,74.91104510941861
2934,0.002525579896551003,74.53395860132976
2935,0.0019775230366320382,273.67915643536423
2936,0.0028324079356861075,75.9176063251987
2937,0.0019843048831507284,104.05364853334818
2938,0.003036663558095125,111.49679653491981
2939,0.0019839376248039454,64.72561410974559
2940,0.002907076943885578,358.2844216447399
2941,0.003388663388697731,357.2645500878982
2942,0.0020154860615328855,30.471721309928206
2943,0.0027435022358082927,153.4091889521753
2944,0.002489508749534598,277.0361579693368
2945,0.0025664289691582818,281.996852638222
2946,0.002425687727474124,190.20515980435968
2947,0.0021970113270372072,191.4357885314398
2948,0.001536478266631016,273.40819605732224
2949,0.002664736675027458,102.72360369236368
2950,0.0020092158964031956,108.08857448817956
2951,0.0023165531348484005,277.7563464530453
2952,0.0026447797296233317,59.791341589865866
2953,0.002135440976102333,109.36877934840706
2954,0.0031184644723553662,151.96615314587584
2955,0.0018954369738067838,363.5073188856003
2956,0.0018953526957623333,49.83642066498353
2957,0.0013596883304015206,365.4042951670751
2958,0.001176425223509565,281.50717422762835
2959,0.002434506328797197,63.86699735154625
2960,0.0019144772541936541,278.59941986287026
2961,0.00208911194919171,32.60842105413434
2962,0.001999446707681185,363.4709230381866
2963,0.002442009496847347,106.54598948957268
2964,0.0021247913541476205,151.0582506190149
2965,0.001111692373624778,28.714069464960403
2966,0.0023054320568129416,362.0150673428557
2967,0.003345137070228101,62.15530307244459
2968,0.0030794640409009476,192.90550618404737
2969,0.0021132616143817854,50.858663132141174
2970,0.0033677089395496296,48.190649217547374
2971,0.0029150693100802394,188.32743946610816
2972,0.00344796893135096,103.95376424805448
2973,0.0012571120827157176,48.441517286890225
2974,0.003262855181954085,100.69972754399006
2975,0.0032704766674083357,189.4082703967677
2976,0.003457865328897951,59.278032303635364
2977,0.0026285055902331746,64.44913051808672
2978,0.004402850876816116,106.74622568598498
2979,0.0039780580879506516,187.8139208111612
2980,0.003589362300153505,189.2197839956824
2981,0.003713329058975155,63.41094673332212
2982,0.003029200530538686,353.32054723121036
2983,0.0040655842354351615,150.82642430383117
2984,0.003364356954493401,49.2380477159889
2985,0.0028737824165037344,62.90227438736757
2986,0.003120573778864701,146.00343411792755
2987,0.0028111970934070296,360.5330979871696
2988,0.0026444191160914397,193.88150681989492
2989,0.0041920445441126315,61.21414385766645
2990,0.0032390885087768533,277.0852383903571
2991,0.002807681023175789,60.989777550753736
2992,0.003479024002610293,49.09687956995705
2993,0.0047254185265046544,56.800047977235174
2994,0.0019258042994388725,81.60863974835699
2995,0.0037231286695224787,104.49661785420726
2996,0.0036909474721514377,152.18976085902952
2997,0.003219020157385702,49.221086452698444
2998,0.0017274774818988275,31.13001048604155
2999,0.004602113099036405,105.29317975045457
3000,0.0036301614052615446,274.70275373674434
3001,0.003047564756763257,108.56277765232825
3002,0.0044472540762727315,193.75465105896123
3003,0.003143246386848489,357.0072937414053
3004,0.0033970363599274793,148.9635572551499
3005,0.0021472393078015143,45.54994091803525
3006,0.0036255211207144138,79.2313435637023
3007,0.0033501356244344674,104.81142219086638
3008,0.0033293657011263735,280.2385261687958
3009,0.004449990173051101,32.53308256947479
3010,0.0025555729105709714,363.05207834013646
3011,0.0020697771213303772,361.5673305292858
3012,0.0017946285112154495,278.1764119870972
3013,0.0010888575426582336,188.53014166575352
3014,0.0015645760178025759,189.77338730089767
3015,0.002671265356924377,64.34812286944704
3016,0.0016457066076570645,360.69383079685133
3017,0.0015383896014690116,77.58808045231117
3018,0.0014343614492080068,79.27659754390427
3019,0.004001325273701835,65.15545220396216
3020,0.0023879879983057985,277.3293515894689
3021,0.00262206153423573,47.83501563116263
3022,0.0031483579317766832,146.14004619669385
3023,0.0026811932762199984,359.3416161740551
3024,0.0025617787137594563,74.48368348674065
3025,0.003333037240061214,191.4729896069778
3026,0.0039779317988644395,79.0589084170523
3027,0.0048850877045135185,48.28570899701891
3028,0.005845825935962653,46.563509591652554
3029,0.0029937410601645225,152.08521990411936
3030,0.002268777810141645,48.348553417987624
3031,0.0032942135626812656,44.48009644510763
3032,0.00347924675001205,357.258149488242
3033,0.0036051229011934346,63.28247413903138
3034,0.003953591288758542,193.1770068445778
3035,0.004439326138175414,32.33376887753492
3036,0.00391715552501717,275.67127636296436
3037,0.002741577290319167,60.735866280182215
3038,0.0030559143635818958,356.9256693721181
3039,0.003561742183129832,60.870976479542314
3040,0.004033240193710243,186.75964290661855
3041,0.00421197395545195,46.709481501016676
3042,0.0028029399754279224,357.53202477464674
3043,0.0027860960677075623,46.68172748956289
3044,0.0030951315515127275,104.27543225824428
3045,0.004168651942646565,48.350778359346236
3046,0.002242219006837751,106.87621425934698
3047,0.003114514065150756,190.5976514929292
3048,0.003281142601141395,107.35918512720443
3049,0.005313409061813759,80.11190372552186
3050,0.0031901941683314928,278.59669331550185
3051,0.0027399165455498538,359.80312392100626
3052,0.002697962391279438,276.46764680308206
3053,0.001824642833135358,147.3078580001054
3054,0.002344200388028709,60.909653243176216
3055,0.0015058610035241047,76.04592041322452
3056,0.002829936686069586,66.25362442660416
3057,0.004058188501673883,77.86690074066915
3058,0.0031100876810590057,46.40462149207743
3059,0.002236344053646742,109.03924478277767
3060,0.002712956875445249,31.717692389933365
3061,0.002517834274850152,355.93287889636133
3062,0.002607765159065283,270.48554728201356
3063,0.00326443553622647,194.46040813536038
3064,0.0027326399353674227,106.73954642795816
3065,0.002770362537585194,361.5159064722595
3066,0.002768544862683976,73.6078723839082
3067,0.003777260288041214,78.41636082625396
3068,0.0025611836625515578,191.15580662027446
3069,0.0020873823885036906,281.69292214532027
3070,0.002263268888782477,106.29934220071695
3071,0.0017927358900292863,195.4533979203107
3072,0.002390003254297633,44.498603223740616
3073,0.00243032157164333,367.1809409013374
3074,0.0019640752039572725,358.6051628259264
3075,0.0015708972402314208,78.20044272601909
3076,0.002745004454050489,63.47854544295998
3077,0.002485966017261757,359.5932013007342
3078,0.0031759279415288395,30.613392464844967
3079,0.002111546393485107,273.90401020885156
3080,0.0026542683811137317,48.895312364773275
3081,0.002955724977027785,104.06642291541411
3082,0.002319734122081102,105.56812230671451
3083,0.0026022278890939724,45.64650281196718
3084,0.002800020789398101,276.8615469436577
3085,0.0030928188448278503,280.4909000881375
3086,0.004718827028509936,30.702435408675797
3087,0.0023683490280074463,152.81556188257989
3088,0.0034744542598756116,48.50665833888656
3089,0.0032327248573920703,192.65353355889994
3090,0.002834902725769951,191.20311095982953
3091,0.002169696171811563,274.49816453410705
3092,0.0025099114856437575,108.58121444123834
3093,0.0029426302641423745,187.3914293324865
3094,0.002890638754482571,278.3465019608006
3095,0.0035450287975706757,75.79896929932748
3096,0.004981472109773614,30.920007770371743
3097,0.0025670208525221364,280.5776425125436
3098,0.0017601429004658945,371.9806202598628
3099,0.0023485183957207894,279.80755287856533
3100,0.0019004664375395143,46.83339463804574
3101,0.0019446248602481815,191.81799566358654
3102,0.003046971164585065,80.92526619003652
3103,0.0017010177052533193,272.75505041905313
3104,0.0020234616188397263,44.20713879681659
3105,0.0015704725125721558,77.39718206014754
3106,0.0028690035531449753,61.37916954590542
3107,0.003417141063157312,109.66274251909434
3108,0.00437914918350951,31.557596426694385
3109,0.004370402359199943,108.49739436525606
3110,0.0038925831767929343,190.10724300481817
3111,0.003406230075481729,153.84280413685593
3112,0.003615362497418494,141.87544451213722
3113,0.0039785044464961915,79.4852028646445
3114,0.004234990927834963,195.7831858165189
3115,0.004851122786341286,77.28304675634
3116,0.003355493979842532,109.64474113693244
3117,0.0030415631770287195,149.5779064877847
3118,0.0028327366877599325,272.29942788762963
3119,0.0023485075557387477,48.927175171104054
3120,0.0019212245132276338,32.16652363386412
3121,0.003836883509442536,76.18494048428195
3122,0.003339637866336432,192.13252258861573
3123,0.002375404297883973,359.83554010374047
3124,0.0027884109414707823,196.229508246068
3125,0.0023092238863939092,151.9796666600698
3126,0.003182942825241597,154.77282430871765
3127,0.002595879819406472,274.3594856730574
3128,0.0013827909014458193,273.36018506059906
3129,0.0017212788404331431,197.29009823649002
3130,0.0021584872916450603,151.94721594420238
3131,0.003539706621350805,42.51444440374603
3132,0.0028570769912399444,195.62727753740052
3133,0.0032822004454672047,32.942305295894926
3134,0.0024841239852165815,354.5158604471131
3135,0.0026167996759889726,32.95885250114595
3136,0.004762882648782548,29.61947510235577
3137,0.003654497729136162,276.8183962005455
3138,0.005197508161755054,30.931428715340648
3139,0.0023534472061713793,61.20371168982575
3140,0.004009276759607995,150.51134362850365
3141,0.0030805978671122757,81.40970655417276
3142,0.0032561826527547147,359.8272302962373
3143,0.003177467419090148,275.45546628555627
3144,0.003218575116805967,148.0904293734853
3145,0.0023173519728413635,282.7977683226289
3146,0.0018446069028197627,361.98757482994074
3147,0.0018978486789410758,148.19119056574144
3148,0.0016160009719798738,76.23376557534512
3149,0.0035882502605830775,63.06706313541543
3150,0.003369724994875221,46.33667869383776
3151,0.003196634621857103,151.87487939627766
3152,0.002691497544268763,77.04582104410841
3153,0.003468037973561877,107.01409777163678
3154,0.002079236653695592,50.84664180811273
3155,0.005008522565804998,80.36113159228945
3156,0.0040322585564040465,32.72077126130314
3157,0.002895221851653892,108.48625849500219
3158,0.003421541781216663,147.01978952641784
3159,0.004214721369081276,278.006593380174
3160,0.003102272596028712,62.890591911714765
3161,0.0038571055800202397,148.0004173809999
3162,0.005402688661372333,77.00206540086565
3163,0.003727517715152137,361.9375692559952
3164,0.003178306680393479,100.6430939496163
3165,0.002489994735715422,151.9245113438773
3166,0.0027519310005719505,61.327992037917404
3167,0.002414657220740353,73.75198654362315
3168,0.0019111023691205536,276.81693734525646
3169,0.002145222090803145,197.92650227435215
3170,0.001985908256139768,63.03688310857226
3171,0.002364936419887681,147.38316707629698
3172,0.0033046632708369464,62.61220967010661
3173,0.002745275429528888,147.33771462041946
3174,0.002122111753490285,153.70366114125747
3175,0.0025526432464457027,192.68708757790992
3176,0.002598922277984363,190.88319031317488
3177,0.0025129008634932276,269.4153052387936
3178,0.0020451879941211374,359.1401661682704
3179,0.0038887375321792206,47.59330112987552
3180,0.0020205227252706117,29.8864360095174
3181,0.0029880823053645145,109.0275424466427
3182,0.002365242467162136,152.42838548445047
3183,0.0022289148904099955,153.11540016277195
3184,0.0032878312291310017,74.7455807966858
3185,0.002055120512228019,78.55486641044173
3186,0.0029731961066400718,45.496311665161585
3187,0.003963310373512433,76.28336632050856
3188,0.0033482255448689102,48.0002165298448
3189,0.0029843791553843704,360.3314208561599
3190,0.0026369399608051083,356.1604262901698
3191,0.002656324202394604,77.91208640346022
3192,0.0023968175783011247,106.81072814817112
3193,0.003140834899286033,30.73609102178288
3194,0.0025777233907537662,275.13117588307284
3195,0.0017432447380872026,32.647546974303836
3196,0.0036171167999286395,46.78962516704951
3197,0.003957779276616576,77.92463608852383
3198,0.00257821148641762,45.07962677311657
3199,0.003533860070239973,73.35086630261833
3200,0.0030744427405675805,192.70196552631236
3201,0.002727482318348361,277.16822529210566
3202,0.002427976066402908,281.8447228525493
3203,0.003001530818535123,148.0116321427744
3204,0.0034293572827498956,46.724163212371394
3205,0.002800070840539075,105.72529359165785
3206,0.002207908445646786,367.6121441643007
3207,0.00439094132889295,58.915619248610646
3208,0.003835051815547724,47.62655378577903
3209,0.0027634851325658997,109.75273016670263
3210,0.003410164551865278,75.09401493979503
3211,0.0033230503959202906,48.566675885664324
3212,0.0022731129932783813,364.3239727845065
3213,0.0024005868222000985,189.91514639847617
3214,0.002254040719724964,46.426578925177665
3215,0.0026152601974506586,74.9196371886801
3216,0.0022472617523486738,48.30411663340756
3217,0.0035138819292950684,74.99734578221332
3218,0.0016852874897926211,32.508400378008275
3219,0.0033778712830349706,33.080089655526514
3220,0.003970946364179013,31.749694408908546
3221,0.0039780045152493304,31.43589456752779
3222,0.0034984998901258614,152.39508360913885
3223,0.004019371708315756,362.4411867555219
3224,0.0033591325154702645,51.28535054066688
3225,0.004341389345113541,31.52605471388205
3226,0.00468890529363479,77.1156165793528
3227,0.005658452454322981,63.456211359252855
3228,0.0037791462573449727,57.43500619513404
3229,0.005940431711396427,32.21198870973627
3230,0.004370055744607591,275.76623430088137
3231,0.0039395838996871,64.22879581100534
3232,0.0027494354872033,30.20370464871511
3233,0.004004938229125651,32.935901970732814
3234,0.005270748903497186,33.79396543054365
3235,0.005053595477009483,349.4921537578727
3236,0.0038781378182302724,365.943731628196
3237,0.004114830299433128,32.30522558887989
3238,0.00383876265494529,112.59271391407057
3239,0.00307692992350191,190.05745452283398
3240,0.003135540113093362,278.2333056307898
3241,0.002151549656202764,273.6883810612162
3242,0.0023377197686710073,60.68803749525654
3243,0.0024237454718158257,196.78875774359506
3244,0.0014300002176555451,32.74403638727348
3245,0.0024111056102540445,79.37428052138621
3246,0.0026160159600469622,104.64198658028909
3247,0.004155045820053519,49.917864363346176
3248,0.0025765447909388917,362.1559285453548
3249,0.0030587086337716856,77.07223597994067
3250,0.002989574818981894,112.34304913844909
3251,0.0027672878206265687,47.89759133203156
3252,0.0016580541633547082,47.74316425568302
3253,0.0028318952122513234,78.93111460709794
3254,0.004111777681174945,275.4326407159855
3255,0.003341437947981192,76.56285027803897
3256,0.003157345543710304,77.80017309768455
3257,0.0025014541969400083,110.18558804965323
3258,0.0025934010286462203,31.64253646604771
3259,0.00418520590891742,59.64369036676548
3260,0.004355030848298181,78.84424684679665
3261,0.003065114874469558,187.59069347832937
3262,0.003206840225272528,364.98030800310585
3263,0.0022984620886297344,277.08837399215395
3264,0.002273783054871872,362.81052577041856
3265,0.0027132676687241907,195.71296167606093
3266,0.0016571406687536003,347.8482094469477
3267,0.002365785794523654,144.19858478546706
3268,0.003001320972578889,108.18174344650835
3269,0.0017143084982747276,29.759780584066096
3270,0.0024997988807204893,192.51437911180415
3271,0.002531069854471478,150.81111631964114
3272,0.0030995954125531675,155.13292253348715
3273,0.0024163126453391826,153.51052608135393
3274,0.00366680771218956,190.74332766584575
3275,0.0030229783539233233,108.54536581639826
3276,0.0030939703209623003,75.66537063553277
3277,0.0034768424934234544,280.93643113577275
3278,0.0026331404791465154,149.22551766276047
3279,0.002653196186773441,362.2597004521962
3280,0.00255221119030637,147.29381879573734
3281,0.002700102425985321,150.68019632501506
3282,0.0028072841265939287,60.57377737097768
3283,0.0014859048902069155,31.277634285266966
3284,0.0025991654440469967,75.35782885994311
3285,0.0037133315341243787,155.31618470634393
3286,0.0029202264628748736,190.15736018593347
3287,0.0029925612490422702,103.55658334062016
3288,0.004437765200098018,61.883627975270684
3289,0.0026469209013857886,365.2966209115592
3290,0.0035742428776525926,63.82701735091412
3291,0.005017712749017496,109.94905836193186
3292,0.0033318633722700095,275.3464359793303
3293,0.0028343885344931192,358.28380121115816
3294,0.001378390105905104,77.77453818579441
3295,0.0011067376628865343,31.279009547252045
3296,0.002697355908591343,276.51379914521976
3297,0.0035994435076575496,110.73148995551419
3298,0.0022770503232713186,364.167664718712
3299,0.00392907419681533,31.414112240165828
3300,0.003661543225706947,108.45813441625941
3301,0.00318653591948224,65.02664301075872
3302,0.002744499951210033,354.2312314264924
3303,0.003326357811040498,151.85968102063327
3304,0.0036802181659136264,151.26938247485302
3305,0.0026824654469383338,367.0784102889103
3306,0.0017156464396479846,50.47305475947141
3307,0.0026660773109114483,198.727120459199
3308,0.001920753997120332,33.18473460439928
3309,0.0018037419782746744,31.58509933347117
3310,0.0041749388440975805,62.54199504672254
3311,0.0032178171964620263,76.43622376158018
3312,0.003830513043721533,154.2908231903473
3313,0.004162572931442088,34.10522669800321
3314,0.0034498414056174254,78.20754152551757
3315,0.003124804448964062,77.31166363478332
3316,0.003213761680244622,192.9114782346559
3317,0.004473802332788843,47.14395007834629
3318,0.004192566091435381,191.41400673598167
3319,0.0038054157560289807,31.21713263271494
3320,0.004186444284690928,82.14451758352595
3321,0.0043356925208415855,279.10082882568395
3322,0.0033286582167692783,362.7225067214193
3323,0.0032645045467395873,61.81905372563355
3324,0.002302070266523515,361.48119959472984
3325,0.0023917760496568034,277.8471932619013
3326,0.0015696268294679893,109.22852220540895
3327,0.002680401571693838,62.63680324554899
3328,0.0017363693488932086,362.31524554218385
3329,0.002241790183443999,110.2304286107712
3330,0.0033648538421237554,46.823547902181176
3331,0.004916060683603588,58.867605917649804
3332,0.002565983856078036,198.28793625530648
3333,0.0021765211304664964,111.37414726095403
3334,0.00270800978933039,111.78638067195799
3335,0.002504406834778935,272.3311933155628
3336,0.0028759111679531857,101.49048550509991
3337,0.0032418515341814166,63.401586970383086
3338,0.002574812116653384,359.43182772225924
3339,0.001880616206706467,358.7161925373616
3340,0.0028095730292187586,61.63093358843231
3341,0.0022720719242342296,150.836333281519
3342,0.0027682841296568354,47.71336796316437
3343,0.0018285014540787856,196.4913097163254
3344,0.0019804099414272207,147.42414127636573
3345,0.003407993049642335,110.16828586003824
3346,0.0025107103473281903,73.9434949091863
3347,0.004719019294663502,49.84774379766244
3348,0.0034006108165055226,195.34413385620763
3349,0.004233348822956693,48.01142814844981
3350,0.003806834779174853,150.35167919249835
3351,0.0029793799210612914,107.86608868661796
3352,0.003644952622614921,196.40985673629405
3353,0.0023503057944673435,106.11438899491984
3354,0.0016326380568485051,48.22827001586465
3355,0.002356535415773661,46.5635223954469
3356,0.003771219828400128,284.31100789813706
3357,0.0024783070317826675,63.89342222590839
3358,0.003727844096584494,109.54696886982367
3359,0.0034783908285190047,152.3682793210127
3360,0.0021057826014039896,158.57129174289338
3361,0.002888910846810605,361.9664696557825
3362,0.003061530273671579,281.1347844109739
3363,0.0019121148939073877,195.57098569220048
3364,0.0016401964069662196,279.22095451911184
3365,0.0028511864314747404,52.24460739287486
3366,0.002810320940555427,111.67221919003984
3367,0.0019053796718868103,81.66052907103172
3368,0.0019668624981868175,281.3249739645895
3369,0.0011581554337743878,32.781093048314126
3370,0.002341729394524943,369.92598293774097
3371,0.0035192363930863476,49.596591128737636
3372,0.0024003733009165668,191.09221531146903
3373,0.002121876113838861,196.35065582705323
3374,0.0013682840490846187,31.044006418513057
3375,0.002515173639378992,63.11817098222897
3376,0.002174741873795469,192.8943668448295
3377,0.0025965349339201675,155.11723772598612
3378,0.0027271783406013737,146.07687426899594
3379,0.0017717843087224094,76.87680735466806
3380,0.0028510429083326017,105.78480527746292
3381,0.0038290965046677418,31.23268481750857
3382,0.0034616796650064723,33.6153556327952
3383,0.0029845638872741847,63.872388992566904
3384,0.0028559701035268978,275.1823976419549
3385,0.00260618207246673,156.16522101645435
3386,0.004050672868709705,151.8726813904724
3387,0.0026029060985330523,112.79195255984841
3388,0.004162140538855138,47.520688934891865
3389,0.003059109471472302,155.2530197841108
3390,0.003996423571152263,109.93648488388637
3391,0.002940183045289415,356.84456890637557
3392,0.00295237136702917,358.7162978303272
3393,0.0014000206598612456,66.08948086661714
3394,0.002096897985102516,284.131562107691
3395,0.002283048963897844,191.39510371012176
3396,0.002491974624123171,107.63095796694206
3397,0.0024483448877448207,61.33309545963571
3398,0.0025127785710038282,278.3016174558186
3399,0.003343926252470691,60.80136327167105
3400,0.002858855890333004,152.02908952045902
3401,0.0026644720765409483,190.64477731449568
3402,0.002694859836243696,360.88457634592226
3403,0.002364088847613839,151.6494392996703
3404,0.0029648733326557075,30.86440225057055
3405,0.0022315648135715657,154.7976608416156
3406,0.0033139479073724942,109.91268418200112
3407,0.0019402185921612496,60.800796816965075
3408,0.0029448442135124086,63.2947987825366
3409,0.0022575089291918134,46.817248037620644
3410,0.0022251528357397333,60.964705741063014
3411,0.002536875308184649,361.76028341101363
3412,0.0028237985362965716,284.3973611237973
3413,0.0026951221107739593,194.42802558408957
3414,0.002324716158037733,191.64290676729246
3415,0.002644442936292455,274.33653545592676
3416,0.003088039900266549,32.91240220402277
3417,0.002238434372811558,368.96862844351625
3418,0.001709250548488272,193.66599370874033
3419,0.0008931428199440265,32.610083675971254
3420,0.0021064635316787143,360.9562004321396
3421,0.0015669034447339512,156.58476662171577
3422,0.0028129725048121803,30.776919222731145
3423,0.0020701054620835043,362.551814066427
3424,0.0034933103052026127,50.24465261197931
3425,0.0027146572393158333,79.0402840646353
3426,0.0028991686245857496,111.05694063233369
3427,0.0009519270619232979,31.763322574182073
3428,0.0022089828928330353,149.13913203998308
3429,0.004338221599027747,76.80727342302072
3430,0.0038897284357705016,194.90713071338672
3431,0.003065749772690773,363.60758142211625
3432,0.003991473127755923,108.56337433848793
3433,0.002544073273104284,111.13900537286676
3434,0.002317953982933082,103.9424572416509
3435,0.0023137174659342225,283.7066585649184
3436,0.003959695065023586,62.379049495115595
3437,0.003057654414171061,65.5581877824147
3438,0.0023813386005013646,106.48677517733647
3439,0.002280781280746482,79.23471893163416
3440,0.0038478129684690276,62.79033452393313
3441,0.0020318315809610362,64.24199345130334
3442,0.0033762373103545353,199.0356537747182
3443,0.003094150953201313,361.58072711408164
3444,0.00397925344864111,80.39612848764065
3445,0.0022294945801309275,192.8610105709668
3446,0.003652220111969375,107.07005463585183
3447,0.0024986176896848135,194.18698497618536
3448,0.002292141286601428,191.828748359778
3449,0.0018272872008778071,277.56558549101254
3450,0.0016381025255976082,278.9452913218914
3451,0.0010507676277735174,34.2891222888611
3452,0.0029471675983493975,61.62920606862842
3453,0.002622386478913203,194.79191115033552
3454,0.002573835132037717,108.73621465773142
3455,0.002289821030585635,283.4370754123849
3456,0.00310636280620521,78.23944773510456
3457,0.0024534153803166922,188.70632635491958
3458,0.002557252948040295,364.36969081142433
3459,0.002458771133910566,285.0801817043457
3460,0.0015634538944953463,365.82044764251145
3461,0.0013191534309609434,76.36235229604263
3462,0.001635846296392566,30.634306961577543
3463,0.0027582576518188242,109.87309827841192
3464,0.0019427103725320194,77.86906576013482
3465,0.002729931473298236,108.64051688374123
3466,0.002032348903207683,281.5194638079271
3467,0.001110603926586132,77.02505299487939
3468,0.0033870540852479858,50.3730336696877
3469,0.0021717305873792964,59.94842241986649
3470,0.002482581577832037,63.52098850322467
3471,0.0022771722826040912,32.471722770437054
3472,0.005061058859779624,62.37308593105072
3473,0.0026177507639533423,33.91059726884817
3474,0.003623658242948344,156.41148550557827
3475,0.004093320176006937,74.3898468424585
3476,0.003719950854602188,363.2378317118993
3477,0.002458231886929094,33.125042864328826
3478,0.004322084686479637,64.07512969537882
3479,0.00448885523804511,279.01851297449923
3480,0.003855295940270808,192.3514805187158
3481,0.003759993270967663,105.29521282985398
3482,0.004793711349004691,80.3319290377007
3483,0.0035422179072653664,193.08474482157308
3484,0.0030314476662357433,195.89764690359988
3485,0.006290829898220677,49.22015138945895
3486,0.002790870822326934,110.28806980669923
3487,0.0029249633876774804,153.87889382926275
3488,0.0036383620885242205,190.67448955713508
3489,0.0028820961762584816,191.48999841803052
3490,0.0013889315798058471,49.68457487918092
3491,0.003615902845922392,31.769707865828398
3492,0.0032035668742204327,282.4205029104613
3493,0.0033985418382853514,63.068713990497855
3494,0.002677349650216648,280.838086656158
3495,0.0037546065802832916,61.2522067821145
3496,0.00393235271241627,49.30629077027936
3497,0.003335406299830191,191.37251492895118
3498,0.00405886124615397,82.22429148678263
3499,0.003454465138980902,284.3972067716952
3500,0.002672520461938924,190.3253428637654
3501,0.0022940275111133965,194.06692123396192
3502,0.0019834065662391056,367.8963223859379
3503,0.0024725104036320807,153.09941153116876
3504,0.0045441579627672705,79.75955958371536
3505,0.002509453389863885,32.56590489978427
3506,0.0019165022739970653,75.95801399652979
3507,0.0024467760543968684,285.1592658632432
3508,0.002910464033885336,107.90043711874054
3509,0.00201442661334984,280.4850968034604
3510,0.0030552716891869406,31.93093393992763
3511,0.0030209603791276174,279.42120854509636
3512,0.002586320725896885,282.19661825768304
3513,0.00277612687497503,194.47908774192777
3514,0.0029676126930979004,365.0242188136198
3515,0.0026767140757777232,279.613644819171
3516,0.0020808000346066915,280.1291648212302
3517,0.0024306350201343243,33.574113988980585
3518,0.001934341605801913,194.18724021039614
3519,0.0011684256829478002,65.69329743441372
3520,0.0015859508643729528,80.30786253921295
3521,0.0026401359171064594,277.2602379211072
3522,0.0036311274770155187,285.8475590047225
3523,0.0028702109175099675,286.8545893022723
3524,0.0022312448218319613,109.09474103403647
3525,0.003710026921138566,107.9017788450446
3526,0.0031055791849261085,154.07278742447758
3527,0.0015790636538502256,66.05244056324089
3528,0.002621934971417571,107.08761429657557
3529,0.003396833852925969,64.1338151569558
3530,0.0034516635745463786,108.62783517871911
3531,0.004133980894417716,153.4571052618739
3532,0.002935504401573349,193.94245257652662
3533,0.002540717955277862,46.69117538640346
3534,0.006624081436133234,47.46115022937017
3535,0.007702594755442235,32.671597087674
3536,0.005275591908764225,152.1255317088201
3537,0.004242961904425793,277.06542461391206
3538,0.0046277648388967155,149.41744531015186
3539,0.0036935470371854484,368.95070765914403
3540,0.0026544005801286043,285.1319819281589
3541,0.0029825071799391084,149.4886311531133
3542,0.004196982164272813,64.33026393453201
3543,0.0026713578169401957,276.13732820907467
3544,0.002940321271230809,113.3780639513425
3545,0.0019324784675646557,276.95957943844263
3546,0.0015093805967311353,191.65756816865465
3547,0.001722434778238149,31.79356032061754
3548,0.002498319758285953,29.8753636055949
3549,0.0032932209916029464,32.19047659049845
3550,0.002388990232171175,280.4204828837146
3551,0.003269803187112512,109.09227659464575
3552,0.0025282830134403475,32.00065693132823
3553,0.0036345157655100716,81.80547923227282
3554,0.002899292653968256,47.44841983291074
3555,0.002547498306617835,191.81724161559237
3556,0.0026910611620153827,106.63096613930149
3557,0.0023862620315600815,30.828060560919273
3558,0.004926505539019258,47.29341755092446
3559,0.003894990667351717,154.8091329894585
3560,0.003742976314280201,190.74640467275705
3561,0.003506253451758249,32.03337490877644
3562,0.004155009521042339,153.750669900932
3563,0.005431189234388575,31.677976794292388
3564,0.0034720803626874784,362.13235192527117
3565,0.002635876124054813,359.3056491645764
3566,0.0024633968091044333,272.90632719749
3567,0.0021987684559285634,150.55338533132075
3568,0.0022465111323281936,109.88122012615592
3569,0.0022604263740626475,153.87427447413012
3570,0.0014875578018614698,64.7472787073574
3571,0.0027436545626526713,65.88913272028358
3572,0.0024983848322289444,65.77915337454678
3573,0.002724307739781763,153.88020455420556
3574,0.0029436579239574775,30.252040063949075
3575,0.002787474723851766,154.14663162343498
3576,0.0034666494214429487,357.262624466837
3577,0.002434404640383545,64.86725569106295
3578,0.003252402046469162,151.27671294008587
3579,0.003779970800826197,81.07667630284938
3580,0.00480951792694938,63.94842418524049
3581,0.0024552950879395312,75.4697654674756
3582,0.003365263534843424,47.00680366510619
3583,0.005024331474652916,48.403961614269214
3584,0.003396322799962433,279.1185240285918
3585,0.0011749469706685617,79.45000483089255
3586,0.003124219076779969,193.72023860015238
3587,0.0034521189497456633,364.43109013851495
3588,0.004136966022555056,81.28693330433174
3589,0.0038722034624279825,77.30977488677978
3590,0.002979594891111967,366.6364223247931
3591,0.0026152109685580846,64.31882639760113
3592,0.0013248892349689743,47.351267509519396
3593,0.0030792963282422264,78.39316523865944
3594,0.0040045741005673395,62.762970565153104
3595,0.004141575366454411,48.90889245271911
3596,0.003997604869786203,154.50906452364944
3597,0.0019877832117468274,63.40969443627587
3598,0.0035916346482036507,114.26058993815204
3599,0.0028291937707987007,368.805307943879
3600,0.002515223274543641,64.1587555377484
3601,0.0033352579639235437,151.71330813651983
3602,0.0034099149087200263,61.58997666950606
3603,0.0038205548326004646,45.86359207619674
3604,0.0029547863625290403,150.54336459018398
3605,0.003539013887657535,194.66213939664442
3606,0.0036148114874130135,191.73926398942137
3607,0.0029712708340918696,150.80406444211602
3608,0.0036482765363788612,47.402867721729805
3609,0.002900477174539587,194.78669701232693
3610,0.0035384457136687975,196.25932804913634
3611,0.002782410819079438,29.1290568585768
3612,0.003293210858335103,60.866331349918724
3613,0.004274574489782339,33.64670193074659
3614,0.002837433858616891,80.46653390845009
3615,0.005164475230550444,82.04912459666298
3616,0.0032569090888082525,377.37365766986176
3617,0.0031366768116954363,32.04082324521427
3618,0.004949779647838362,49.20696220407638
3619,0.002412190742583894,110.72557641938384
3620,0.0036329288217825093,78.5518708375306
3621,0.004517240228696292,46.904621003732615
3622,0.0030819031861798207,108.24516426287587
3623,0.004157147174045746,282.5383227833392
3624,0.003367926491842052,147.55326452256188
3625,0.0034526364156747527,34.783825474785914
3626,0.002712964445180032,281.34909199876824
3627,0.00214353078008315,279.3915035202803
3628,0.003512961786572515,108.77202059135854
3629,0.002829028847968559,29.116839219126796
3630,0.0035008488015451943,105.80626335058622
3631,0.0017457950989256013,66.21212090978437
3632,0.004507396224653348,33.51638067785539
3633,0.004258380733026078,82.46552893096646
3634,0.0044147308320951475,62.10526799710152
3635,0.004558083969558621,47.913569241499815
3636,0.0031705747375415684,194.46236530919293
3637,0.0036080791629599283,149.0523720611983
3638,0.004482112492680883,79.33046817673407
3639,0.003727691502858834,372.7757220430712
3640,0.003554382457423344,109.08036096090717
3641,0.002637116971309809,282.55100687024577
3642,0.002737418990351741,151.55609249982712
3643,0.003409677704653313,147.75649163961802
3644,0.001724128505028442,365.9351444248702
3645,0.001770532185858618,365.8041619740505
3646,0.0018275460661430938,195.1279094596055
3647,0.001206802246666815,51.03183391041203
3648,0.0023525154868919568,196.9636043094067
3649,0.0021498841108321077,109.24779511322009
3650,0.002009958608088989,109.43508132108168
3651,0.0018227938870934897,64.96157674213181
3652,0.002536234494042622,152.34479860795167
3653,0.00354136673734764,147.84904152035543
3654,0.004629491081216437,32.68062499446109
3655,0.002765977588291976,202.1251813687088
3656,0.0027817068349689175,371.6495707461025
3657,0.00367734536429437,63.211225598433266
3658,0.002922320188245433,153.01882229947174
3659,0.0040200792183825865,108.79188480560208
3660,0.002666040556214659,198.5717936680798
3661,0.0037229630848447117,76.68790793393521
3662,0.003755777319034118,108.56568067776121
3663,0.002706075365991141,49.90152284176334
3664,0.0036661016729689997,111.97457006281793
3665,0.002677220163459035,365.2481399796152
3666,0.003503011924625422,46.8111933766269
3667,0.0034662980141304065,282.5722591095576
3668,0.003604405331233548,48.49623759872632
3669,0.003583358573974939,65.89914056251746
3670,0.0031933001552002876,77.92655499330577
3671,0.0025883894965194154,49.53462772761877
3672,0.002980788146020574,78.07178212563059
3673,0.0032796157312396964,81.13156958131852
3674,0.003566583444942705,284.61310312196827
3675,0.0034703216116991524,194.70964897265662
3676,0.002989640604888617,156.72898986519576
3677,0.002272856890056301,363.1443486569002
3678,0.0019451162958868966,284.89762942129744
3679,0.0021798857153073263,358.4222313710688
3680,0.0013942292871531165,368.1444935743481
3681,0.002151518117981058,46.59399101750817
3682,0.0016828381292687252,278.75664624929897
3683,0.0010786267468409444,50.12807085986438
3684,0.002594952224715542,192.3365428043054
3685,0.00254223339454091,49.37267611209116
3686,0.0023458169112553365,368.6483885531329
3687,0.0014823873415976282,46.19367755400971
3688,0.0025163045128548138,48.80340828161997
3689,0.0021855610950131613,49.419487895899266
3690,0.004923722708742295,32.731245663626176
3691,0.0023107103376367798,105.51618897514152
3692,0.0028053630490501367,152.42744961561596
3693,0.002513186726497862,198.864965448443
3694,0.0025934632350187495,287.58785899363335
3695,0.0038144758747710675,47.927839956703046
3696,0.0024528503520811614,105.51584488312392
3697,0.0030792715850009086,281.43107230081523
3698,0.0032922811258817393,198.73251818587798
3699,0.0017892981835255593,33.24078796486548
3700,0.0027487571082166207,157.21114992542763
3701,0.003148175512092624,150.70202379376423
3702,0.0038269661399559273,151.53735396064965
3703,0.0023948334852195393,32.36679739298155
3704,0.0023192091367352495,63.948465212131154
3705,0.00403087402717562,150.10655908219016
3706,0.003226824713341013,198.69218547892962
3707,0.0037111777773387393,194.34594647476473
3708,0.004086405009113181,65.7974020670198
3709,0.003132537682914345,75.96348102254501
3710,0.004063946036842173,77.33735057507118
3711,0.0010474338897469792,32.925407634827195
3712,0.003424607568364606,147.18735859057884
3713,0.003432652203277915,366.94566787036536
3714,0.0027374252444531976,363.87460970927424
3715,0.00202122486432742,61.58406379409358
3716,0.0029064120719174916,49.76845610531083
3717,0.002871396672432909,81.68797990672202
3718,0.0036620141033643573,64.16282904111348
3719,0.003805413397580215,198.7792862063118
3720,0.0031268586386370045,65.01467593197779
3721,0.0020622389885578867,32.56105638638622
3722,0.002594589249108306,284.5579323012174
3723,0.003152144140585733,47.665836223597786
3724,0.002976516047899927,193.62011841556682
3725,0.003483712496325517,111.70445047715353
3726,0.002491750923563251,191.51434974430234
3727,0.0028839046868056727,81.19400083528356
3728,0.0014554529684417125,31.10880898566332
3729,0.004951600799264772,32.59799569370489
3730,0.0034863898810307058,108.71460109485534
3731,0.004440385164954151,149.67780460453815
3732,0.003883592451273498,273.035068089561
3733,0.0022914093711608138,31.76147641367065
3734,0.0028564397401390344,79.05514517839698
3735,0.004743776072945576,109.74221028923515
3736,0.0045009101801443355,64.8220033063876
3737,0.0038330290497635196,47.426491276756394
3738,0.004508858925751033,82.74676258500998
3739,0.0027214146146041064,81.73312638066213
3740,0.0035978030217538428,196.46975182890898
3741,0.0034967983602183523,362.1914434231993
3742,0.0035754827800752844,280.85714518539714
3743,0.0047666287735886265,150.7727728925313
3744,0.003530209968840399,108.46578578589252
3745,0.006495258870100687,46.80885139789673
3746,0.003874072748855011,79.46540490546438
3747,0.003474525461360127,112.09006935304116
3748,0.0031762402605008244,194.25069026859342
3749,0.002474839125164142,284.01119604204655
3750,0.0017997683490052466,33.92510157855787
3751,0.002083851538910994,282.9851226520023
3752,0.002526461158442739,154.65206684682886
3753,0.003434951696784162,153.20889464056563
3754,0.002795929463823534,283.90145899619523
3755,0.0035393380909728624,32.91980823592979
3756,0.0022260220905475246,82.94084299404234
3757,0.003134363577043008,48.4606533263091
3758,0.0023862469920224857,193.1624433083807
3759,0.0025726031531697847,279.74259676974253
3760,0.003082364474225456,43.98205258118029
3761,0.0027617543533205325,151.586858149101
3762,0.0031266455739155804,48.36788684484622
3763,0.0028612982522148384,201.5026195518881
3764,0.001768184886205452,62.15901354172077
3765,0.0033576258512107568,152.25838977380772
3766,0.0031307305553768153,280.6211708534653
3767,0.0025243852017682884,197.01263907933054
3768,0.003511930838018228,108.88748570779907
3769,0.003960395649081529,30.84242780788272
3770,0.0034734356573313265,79.62495967163257
3771,0.0038047291509120456,64.26558024779288
3772,0.003916767665754209,194.60049040285378
3773,0.0035873877843443443,153.27072908028967
3774,0.005404451831368376,30.19642627056292
3775,0.003900026145980149,63.354569873801545
3776,0.0064267107061988845,48.721150554459356
3777,0.003762690987983699,369.31673828530387
3778,0.00397221286027733,198.81743895915824
3779,0.0033864314752886267,284.0186237229554
3780,0.0028864021857351384,107.38018233330922
3781,0.0032434783512475074,46.280221148533805
3782,0.003283726539075117,369.1632339159211
3783,0.003408324926818625,31.804859473484154
3784,0.002221891659280512,366.6101575859601
3785,0.0026020474742836086,151.1804787264602
3786,0.0022705576956089215,365.74394756730294
3787,0.0017774738627129457,145.65837103448118
3788,0.0025369969840989912,198.9625786411917
3789,0.0020163440389422186,31.262081391839764
3790,0.003051458786078886,77.32082488814844
3791,0.0025538444587775476,371.9304598966381
3792,0.0034634052184844485,62.55870321163573
3793,0.0021657559964996134,113.22753282657993
3794,0.0034012686839394683,52.41267451696926
3795,0.0025537268199617843,150.64636087284302
3796,0.003165007306334105,31.306201218085324
3797,0.0033829814192796476,371.1460517938065
3798,0.002567771246683934,369.57269371362054
3799,0.002563893335139834,49.2236001848175
3800,0.003351465885794617,200.11476375509997
3801,0.0029623358358176668,151.82138161619875
3802,0.0024497889474224717,64.17376441117368
3803,0.00626352448633607,32.18346345902848
3804,0.0033925836831368364,154.02471066425318
3805,0.0032887117279782946,150.66552915222158
3806,0.0026078117323948317,156.0579388614465
3807,0.003241371002606696,145.2196010617323
3808,0.003145044176750977,33.20996198029869
3809,0.0030798688562305907,279.7975741304601
3810,0.002964878471735014,109.22213777043513
3811,0.0028486352741059944,32.61083435453745
3812,0.003791584724736326,47.96631756253841
3813,0.0030794041302800966,64.14224529356349
3814,0.004391632239660371,279.68321297423665
3815,0.002930686240426316,63.7466857842924
3816,0.004452239223020435,79.20153144490172
3817,0.004793185158632696,104.6629531140514
3818,0.003986736312972144,193.3389114860628
3819,0.003526619916906034,107.90478531101655
3820,0.0028580466794100793,365.39128561912764
3821,0.0022584383842336473,153.46377648873053
3822,0.0031599122706790117,46.455833302343216
3823,0.0028746133920783032,290.1077813061196
3824,0.003436319194095375,153.13523813493526
3825,0.003494149329048538,63.615463129441515
3826,0.0025240725287262577,369.0432219240147
3827,0.001646157822286678,28.97100181619007
3828,0.0024777950653145325,64.26254305498726
3829,0.0026066683804336034,366.9331213955917
3830,0.0023386524388530577,152.63051171729904
3831,0.0022957386015254174,153.27469332686042
3832,0.0027297208426356545,154.07791388539079
3833,0.0024323601192759036,193.11720594046935
3834,0.0027967890828283193,150.72146546916923
3835,0.002645356225704574,152.66034090246865
3836,0.0026301112379538394,61.50752383246972
3837,0.002773191589889214,284.12647908072074
3838,0.004490134599297468,29.758341713408974
3839,0.0027049726177910296,111.56783120592077
3840,0.003607145501118177,63.40708500690595
3841,0.0036692908767490427,65.47852652150112
3842,0.003924335538515053,77.26306321669092
3843,0.0030252220503953907,276.26874678976543
3844,0.005696677352856428,105.03512956912179
3845,0.0033030467916846233,45.5143406528045
3846,0.00349000950390617,371.00113294749576
3847,0.0021469217433912344,80.28002813885738
3848,0.0028309747290927267,286.13459594452394
3849,0.0034358087936637058,33.326943577499115
3850,0.002809622092608036,281.8060222547451
3851,0.002358488050375207,370.7818610279633
3852,0.0018476748361784055,48.236110773437396
3853,0.002581443569314698,50.6264589696699
3854,0.0024487669532000313,281.16235553924986
3855,0.002340320658596603,81.9115396495934
3856,0.002989929707830886,286.0813244364908
3857,0.0016650607167783596,63.4487955589703
3858,0.00248662206781197,288.89943049864615
3859,0.001806245433687963,376.3060540179606
3860,0.002316583681937765,150.13661386249726
3861,0.0022776106487431866,372.455757440626
3862,0.0015151994289840946,81.71892415348248
3863,0.0034119848565891376,113.88274839263377
3864,0.0026093347675131056,281.7514008641397
3865,0.0020637396280912632,109.86156847602174
3866,0.0021633338951337813,108.17179442046847
3867,0.0018513751872548817,62.644929361516375
3868,0.0026542887896548843,199.34900257010946
3869,0.0037461662753300448,113.4561754846685
3870,0.002737887862537518,63.44813908159039
3871,0.0032242488718607506,365.83236172462875
3872,0.0025308933047272636,155.51967995068537
3873,0.002608448745565417,32.4877338899192
3874,0.0028120544230983736,66.44346546184572
3875,0.003647975695363631,34.29361047040754
3876,0.003295662233956707,65.58280667128382
3877,0.004743776212595036,155.7985670358508
3878,0.003062365499167049,368.6887037681751
3879,0.0028661538245934345,79.71681950272277
3880,0.003738831349896968,198.575713805709
3881,0.0019997394718467894,46.95293352983352
3882,0.0016225855933799274,64.42939179236268
3883,0.0036982183969116334,80.43363551923547
3884,0.0032061316162693915,149.94747443893098
3885,0.003310479696181496,370.70907369858764
3886,0.003805873143416672,82.43618992619244
3887,0.006519150228687993,64.60018698945693
3888,0.0037586449763129448,33.47556682509001
3889,0.0036727615560260608,154.67173162481663
3890,0.0032958769596426953,109.44940385266472
3891,0.003706088172823809,363.3782606875377
3892,0.002164131891875923,280.3900716693755
3893,0.002524675809141139,194.5037833992778
3894,0.0023425289629681783,195.8284740208698
3895,0.0031386678921920133,110.37463938980066
3896,0.0027497494363408555,44.1085786821646
3897,0.002724964715487428,283.6974045969249
3898,0.002276655065862101,194.38316096592862
3899,0.0028738242075517736,280.4691714398147
3900,0.002408567139914315,369.9121547608344
3901,0.0030018878057443683,63.505661871655185
3902,0.002338720551539229,198.86545612484625
3903,0.0023266354194815975,357.85526627851726
3904,0.002146726068881085,109.6103246978709
3905,0.002258088211644847,203.347174728126
3906,0.001378406470559474,48.02878179466232
3907,0.0030498603514004085,285.3567034303952
3908,0.0017402838924350692,50.12083617823292
3909,0.0017630597201125718,49.62207776094071
3910,0.0035331499803478122,33.447113426776
3911,0.002668291629176495,111.74989281833783
3912,0.0015162350982477776,31.985891331686307
3913,0.003187451323803112,63.92002926590868
3914,0.0034507241944783554,107.23728757134805
3915,0.004255473541818971,109.57109664114718
3916,0.003732929167696413,197.60482931117474
3917,0.003627274964950128,34.04300541473648
3918,0.0032404576535764837,105.37960507162292
3919,0.004398574616656193,109.1157106729452
3920,0.003809945404625491,275.63446946778373
3921,0.003282683094662039,105.38397900479555
3922,0.005094991622196945,157.6102224139857
3923,0.0032605105142703675,155.71933340459657
3924,0.004157451661861787,366.4945525860132
3925,0.003740629926468641,282.8793796940452
3926,0.004866453242819693,63.299018234799476
3927,0.0038829458897618515,48.41337578214177
3928,0.002902830454793749,373.0964595088599
3929,0.002063218491581541,52.61407486980919
3930,0.002311761340905898,194.06473037518478
3931,0.0017316696320374399,200.02445945416764
3932,0.0025861097435107834,65.50934207248896
3933,0.001988867707442003,63.702339148666546
3934,0.002441210143772948,111.47492293411445
3935,0.0025985015252662775,280.12883342623917
3936,0.001690331511149282,368.2043338772594
3937,0.0016715928566359466,156.43698650790085
3938,0.0013095864130367228,192.99487224109876
3939,0.0014433267598347418,196.85046364580464
3940,0.0016685378254392576,44.80450854236604
3941,0.0020338957240802853,370.80936142404687
3942,0.003220425018003585,81.22953626517216
3943,0.002704243769701422,160.3963972230722
3944,0.00199180774525611,63.420864017755534
3945,0.002606724169079546,106.91079811192562
3946,0.002602958402959431,149.71948692175627
3947,0.0024463798654511433,195.62240309998245
3948,0.002482259461406077,78.7435450444597
3949,0.0028123059944227488,194.34736618134548
3950,0.0021316495805312396,30.215046801992163
3951,0.0023434616200996897,195.79575114320681
3952,0.0026109415427107217,111.3072061740409
3953,0.0021324153808928775,369.1184032829113
3954,0.0020919323634754276,81.17931584652982
3955,0.002089477612750837,284.58202333612405
3956,0.001229292181899112,64.08682262374771
3957,0.0019076963865784621,202.56136776425484
3958,0.0020190032154921065,283.98862944751033
3959,0.0022860634156262978,198.45416283912513
3960,0.0016275573176391818,283.9463348900898
3961,0.001697035670829415,31.00938538783057
3962,0.002789259723869409,282.29719107199304
3963,0.003102736689778779,63.37771471877819
3964,0.0023081315513047746,367.37349145336964
3965,0.0019667546058423193,280.6483005368587
3966,0.0023710531208199492,155.63392748582993
3967,0.002672353606674548,63.452287349504864
3968,0.0017482358357337555,375.2834822974349
3969,0.002022116394324132,30.62689203470536
3970,0.0018110549097645372,109.92491910029277
3971,0.0021106339454244998,79.07536025092804
3972,0.0016944486863548277,283.40073708402554
3973,0.0020037542815141652,114.15466821934794
3974,0.0022797237462986357,33.1240233132344
3975,0.0030310983986861716,194.0717587601312
3976,0.0033000084096796328,151.68952525982635
3977,0.003368715443019065,198.86265684679617
3978,0.003960043017743987,371.5060000986436
3979,0.0036235433249434423,64.71227439737925
3980,0.003885398194881491,156.52517009231195
3981,0.002470448109744469,365.9241432020923
3982,0.002308244059471709,204.75297550258907
3983,0.00231095016908092,112.80282586462755
3984,0.002075754864535222,195.09224768880696
3985,0.0019389896553828013,107.9814244894013
3986,0.002473301048077111,77.49027011018805
3987,0.003375110021306377,148.74938270357868
3988,0.002353429315720663,81.5689883776993
3989,0.0018669679512692107,281.95617603025994
3990,0.0021976403291403784,66.97915414543453
3991,0.0022566346295500033,156.7943088052695
3992,0.0019157514241823278,285.64140739653925
3993,0.0018618207584670298,109.6354241933623
3994,0.002021886093791329,77.64894092598014
3995,0.0027482283688407953,79.90043580701416
