episode,train_loss,train_reward
0,0.021052268180163935,94.80936291433109
1,0.01296037224265153,102.50748439122967
2,0.013458555607325201,196.02717794816124
3,0.009226428601955546,254.58743630618088
4,0.008906605968315323,50.730355206488895
5,0.00941905957411437,144.55874506723472
6,0.00900042455267935,203.23568028724395
7,0.008682937706531635,29.20075284468591
8,0.008653137880839854,198.25706549017772
9,0.008215096746484206,253.51061611781236
10,0.008616914680638051,54.76267412193279
11,0.008062802296241416,251.05953485500305
12,0.007420282443004217,239.35874724241026
13,0.007521227095156102,141.45070864593805
14,0.007361887074767839,66.25532848651666
15,0.0073238463172997335,192.2589876514804
16,0.007135184957475688,91.11353312409875
17,0.007207762332319376,245.01106535004124
18,0.00736946443047245,249.28617052085522
19,0.007527769879247485,40.391982452438675
20,0.007306398097350994,243.85402553045105
21,0.0071396164969953066,100.9901659748111
22,0.0069711996713356875,43.984374320520324
23,0.0074208194670394405,41.14827668704845
24,0.007245341644660142,65.5454356696686
25,0.007404900290846574,82.51632843109468
26,0.00719682141279168,141.7508587128076
27,0.007007988605370132,126.1792461657942
28,0.006589296608786164,188.60013111836278
29,0.006457705896429937,238.66647123244107
30,0.006377451987108903,108.83168563110507
31,0.00660734877424516,71.26745842566469
32,0.006440209388641698,146.79134424396548
33,0.0064492095371934816,72.22026892983263
34,0.006692522093716606,64.62567470167345
35,0.00656160065624699,189.98115394240975
36,0.006683821313406767,55.948885504812274
37,0.006841683818493038,81.44492846026472
38,0.00656721237858103,64.3024635571381
39,0.006244819908370745,29.902469724638895
40,0.0064440003749383174,115.61457231944196
41,0.0063169160266718875,137.0037699972037
42,0.006282219639176439,25.97665866918968
43,0.0061812766322976494,155.48290648003214
44,0.006460986720318858,134.23173445887232
45,0.006399157480492988,106.36169260568661
46,0.006230652164883874,146.8292824109805
47,0.006079071537401019,40.138506941036894
48,0.006180463664145143,193.44746572189962
49,0.006233157478907908,253.5906295433447
50,0.00641225997784759,53.89762780947464
51,0.006345509560073686,196.70557817260337
52,0.006095641550597396,39.54359586487277
53,0.006330981052523269,196.66360410402913
54,0.006378933032446531,138.84945004286197
55,0.006419435722189239,84.62114856014813
56,0.006188669948660512,115.81134413467879
57,0.00636487600878986,52.60190292890267
58,0.0064071327383042435,115.19080578611687
59,0.006520369044757622,51.32769002974372
60,0.006155228086331371,253.10067338127487
61,0.00617994096908911,27.770840989044725
62,0.006041564304831485,44.740379395326485
63,0.005985342560057095,257.49568708759585
64,0.006285808453794549,249.87365829757044
65,0.006593229060446651,26.66766665990888
66,0.0062475863826246215,100.42732531522218
67,0.00625693130328924,64.60324772053228
68,0.006409727610928516,143.57927267827586
69,0.006547764930056056,65.3836594829652
70,0.0063034613568592685,30.36956024144892
71,0.005919319678055631,38.93103869644188
72,0.006000267558688806,255.83983376214175
73,0.006228157476960825,87.53298029942484
74,0.005997802917462705,122.24076440594155
75,0.005561720649771795,145.31518292516148
76,0.005555036259875764,191.40271684341198
77,0.006131959668660568,57.80474232563379
78,0.005724177651653259,32.240518189867004
79,0.00579668324569176,28.41771762007458
80,0.00553718288294756,88.8987034053455
81,0.005699047058500738,231.0383180794054
82,0.006024246487837537,52.44344228554234
83,0.005828179595670824,25.108811531764395
84,0.005597250423026987,76.41454211756101
85,0.005953170779413717,56.27181958944171
86,0.0059655062583969685,55.47371678095946
87,0.0057705545111495105,28.799408805182644
88,0.006540685241785029,31.54778623117148
89,0.006191110533439893,45.09564163883567
90,0.00608164685683609,55.81443395789094
91,0.006023635818462321,190.63545958615873
92,0.005947439190352654,255.74527076067633
93,0.006049832266432926,240.49483670385882
94,0.00633831367554978,28.901378171684822
95,0.005442451571897519,46.41073411989755
96,0.005546234821941353,115.37458272718186
97,0.005653452330418878,57.10746361021413
98,0.006006876890420575,42.01626402204306
99,0.006095023885979478,25.189030868610526
100,0.005725476559182681,200.4488829450961
101,0.005831581831744094,140.56402237114096
102,0.0055556139181435265,147.14404290646604
103,0.005844542398475683,95.01533980371244
104,0.0057498298320469675,24.32373141317206
105,0.0053885214916682975,56.51856638198136
106,0.005557141281520082,188.06373396174484
107,0.005534037594490935,86.16966287013165
108,0.005518132078577764,43.257364908411
109,0.005026790167903528,38.1987121924867
110,0.0056156673971612765,194.92753032632496
111,0.005644071500193184,81.95369218643535
112,0.005656610790703615,42.42736116415628
113,0.005589432965445501,252.9307916698803
114,0.005908879132089728,258.38557043889824
115,0.005805698128234646,73.4503783833324
116,0.006005978103282608,240.9832781598702
117,0.006292995655628343,130.7206124452384
118,0.006074392236769199,58.43351539373501
119,0.006151071095091444,142.54219949964647
120,0.0062266865457108215,60.139796042506546
121,0.005875445101252299,58.48533645661574
122,0.0060010469562650935,69.94345463569668
123,0.0059955762779532835,27.179949165873477
124,0.005531028637678587,27.016016591149757
125,0.00525749284886466,28.62641989588736
126,0.005737720408414481,151.7470392246827
127,0.005670427543174645,44.10248525662204
128,0.005159206916937517,110.75802868451152
129,0.005017067664855365,57.27072845729189
130,0.005123306481188841,43.06139795256301
131,0.0048788525230538775,109.49092422415019
132,0.004539764525318806,129.34698278833207
133,0.004222177313414134,109.90401385388546
134,0.004748249503445842,259.9934672610915
135,0.004602168355021476,116.47958198644663
136,0.004928169568861799,101.74877376898519
137,0.005043765706662744,195.83378455066696
138,0.00531865311085581,191.9219325954602
139,0.005483522144998661,53.55245279404295
140,0.005511305071539371,72.61012128219942
141,0.005414169552656774,141.74735118778713
142,0.00519614656238716,59.0972009399303
143,0.0052026079585967755,136.0041923939442
144,0.005362191780123039,46.83374612267104
145,0.0053344173121821275,79.35020880880953
146,0.005673982977108627,136.27613110500144
147,0.005349384265247028,69.0674800401368
148,0.005597944212511081,73.33096752789068
149,0.005392551866769641,242.21512842451418
150,0.005671106760121165,258.2104925384217
151,0.005756276491950503,54.33871455232595
152,0.00554247469576502,199.90919168091224
153,0.005545178046931738,25.830863958419982
154,0.00558348692105098,90.38903825278186
155,0.005325821979733353,50.074411496499216
156,0.005525073235177617,153.2231982286697
157,0.005094500881651501,42.0637830411816
158,0.005222975148241788,96.37640924031791
159,0.004811338269440779,27.890785737783983
160,0.0050586620455095235,106.50637512351005
161,0.005187204484124344,243.73274860586505
162,0.005261160347659965,97.44069090906379
163,0.005216691086426396,148.46621557277328
164,0.0053545426326052905,195.89115548800677
165,0.005397218435911967,46.319418255792286
166,0.005698258188503948,155.1002730205381
167,0.005728171379921739,253.45799268762678
168,0.005481901182089901,119.27162522467312
169,0.0057552114594727755,88.15373192027658
170,0.005267541317654581,26.981376405684735
171,0.005293075731276179,134.06783176769315
172,0.005471516353469438,147.47895514204495
173,0.0055134872414834115,198.90254642543525
174,0.005277594506608423,75.35109685926946
175,0.00572390787319505,25.59217746591266
176,0.005083834118872451,98.1722642514418
177,0.004939005953758242,123.2937388587696
178,0.005165623389606383,127.84517852384948
179,0.004830852775899309,147.45928656674408
180,0.004895317419243543,197.79544593146204
181,0.005171875138205059,27.50736387890468
182,0.004839527806850419,155.73923817308838
183,0.00454744279572909,127.4949717968124
184,0.003975568381379005,24.671110324980837
185,0.0041528422708242115,34.852401823322374
186,0.004716820214024006,33.73292734166878
187,0.004162866572030531,25.485707695476194
188,0.004572418528169463,250.62130938731875
189,0.004724519102265371,126.98656494597276
190,0.004886993943856255,191.43278000718664
191,0.0050753607197707015,42.07230225421031
192,0.0049463243262010985,117.01239477374676
193,0.005206834123867142,130.29440873381225
194,0.005432531600785245,198.01821632727794
195,0.005463014093099549,100.65527028735094
196,0.005324845523889161,62.33630651868252
197,0.005341803265666287,60.22734954196183
198,0.005453670170591694,30.051235595460913
199,0.00553169332334172,49.09001695832954
200,0.005424868103345635,46.67602582896874
201,0.005215800380524756,47.67024614362021
202,0.004836415693448269,106.01554042675451
203,0.004933382019002098,96.18072368929863
204,0.0048592104655453714,54.06968467861442
205,0.004824970173556108,260.48053147943006
206,0.005188169834958711,27.131898149626924
207,0.005119774468516096,26.826008294383588
208,0.0048544403412416675,257.0610038148
209,0.0050521726203072125,56.45707341952351
210,0.00482637676659265,26.143826789102597
211,0.004888679452970163,140.07077116687347
212,0.0048920167385019635,147.17253141278593
213,0.004848572088341261,30.599004110933617
214,0.0046766961439537675,135.09255673875876
215,0.00494658013715115,125.50502544028036
216,0.0049678296170402635,51.74653279893232
217,0.004731225103653545,150.46716434168397
218,0.0043644182598242326,145.68202839637198
219,0.004615508957783428,247.0275221636925
220,0.004500432443230341,194.76141947250628
221,0.004786518859965876,255.44163899226183
222,0.005417338879511288,258.0334778247251
223,0.005505634385942466,48.32173884831733
224,0.005257704668443873,194.54010411547424
225,0.0054413910894113605,201.903979314226
226,0.00563373254684346,32.615719996167186
227,0.005323589595298892,89.6438655596845
228,0.005360878500520914,259.41251770557454
229,0.00529974117947357,25.0281351658752
230,0.005228128332380717,203.02716369349537
231,0.005533905934686933,29.858297474020027
232,0.005181495669249432,129.9709391747078
233,0.0051410618451250304,63.47684595182588
234,0.005302965614928639,27.84125184676353
235,0.005057197521793945,25.385690832849587
236,0.0053360089588897755,69.7313828720338
237,0.004773181658398746,28.375895235048688
238,0.0045632592350907195,86.60945417836454
239,0.004900194287036126,203.00736470847664
240,0.005070337842560445,222.9105923899427
241,0.004941149613571454,71.99476855786736
242,0.004974908051595916,85.48570539824668
243,0.0047361821052618325,28.481254892078255
244,0.00480661695761753,256.6038040121313
245,0.004964558278347279,139.28806758630043
246,0.004952734672301209,160.6516692912779
247,0.004866119217529724,47.45839608425486
248,0.004907420077716332,56.79574422401331
249,0.0048423239786643535,253.5587684462405
250,0.00509456622190836,125.55002148281906
251,0.005326331754490225,41.521538865385565
252,0.005193748893641616,78.5955049040137
253,0.005109996360650082,259.05504014716144
254,0.00527299343739676,252.57122422961618
255,0.005122291661047546,44.528512887450376
256,0.0051614015789752535,129.86698171950513
257,0.004899481408191039,58.079318047930755
258,0.0050351468281883555,53.31588598284018
259,0.005021825055404248,115.66849284445442
260,0.00475943165685944,136.85005427776744
261,0.004646368394965863,157.9436605087883
262,0.004613327961124014,83.07132710792875
263,0.0040854721347864525,46.76138285852917
264,0.004169513069971743,159.23804736395113
265,0.004025265125991692,43.90557925640306
266,0.0038528503298609503,61.276999562549165
267,0.0038907791911058026,64.5713910550151
268,0.003984830363937732,56.64575569037372
269,0.0037315629045318426,26.718313063328164
270,0.003856552634307922,29.811266185907336
271,0.003577829513233155,59.550567999345915
272,0.003647241455100074,72.95748580533758
273,0.003303522245082373,56.5223319183942
274,0.003234293972221251,132.4363661695321
275,0.0037227144088179697,81.8748598417133
276,0.0034978900331299047,66.36546069571239
277,0.003577804337020587,88.79978590998137
278,0.0036853599233617044,30.02348530561184
279,0.003862557699903846,30.519095755042084
280,0.0035548284551191888,53.96219743862874
281,0.003619561736584352,23.01540835482999
282,0.0035292714699706367,67.35070236540795
283,0.003450482577108298,157.4904316568926
284,0.003317363030309307,29.466664755012705
285,0.0036147030501880867,140.21864719258852
286,0.003481981069433879,97.28940553094796
287,0.003771407714200411,55.62229349529976
288,0.0037887015703465575,85.63486448222788
289,0.0035244234183935347,64.77434619008753
290,0.003820285755368373,39.88355274580288
291,0.0036233588589465846,59.970728074311374
292,0.0036779765371018304,82.61088238905181
293,0.0037599586256257815,124.79477373685579
294,0.0032089363275400293,93.0411682238101
295,0.0038693388970693285,266.5498508513356
296,0.00403260631587314,35.94200900524828
297,0.003953993386473775,150.18574997074998
298,0.003808172985207586,42.989744723074104
299,0.0036488066162464433,25.345898489801264
300,0.004004550425351822,27.370875289001095
301,0.003885327837967968,62.74696228969352
302,0.003897132332071087,123.76836153096872
303,0.004107294652117964,264.88453224503763
304,0.004054754349871891,76.54571727810314
305,0.00433150851643983,45.38650128511466
306,0.0043612480260787016,146.10658256904566
307,0.004192909400294458,153.9469492234382
308,0.0038539376235692886,66.11246798110969
309,0.004349507188729556,30.397229813510826
310,0.004528593642538772,251.30400649632094
311,0.004444091672749809,41.58290205195086
312,0.004767094827732596,194.43790067621788
313,0.00485217604112292,86.82568297597216
314,0.004585878689381802,42.282684792613786
315,0.004529056033788947,87.84494679841147
316,0.004455790976911934,73.10650838719182
317,0.004776154288926839,44.45311268435745
318,0.004683129329910466,95.24015747633413
319,0.004242915812687114,25.0096020472842
320,0.0041892354925653925,67.42958290503323
321,0.004042228725805986,90.85895019701832
322,0.0038565402646781877,41.35211364666485
323,0.004122409614252504,268.7865468260486
324,0.00406452762271168,258.0464973454586
325,0.004062332513999066,24.84482323544453
326,0.0043095409063635785,103.05034646191756
327,0.003868378256762249,70.97948043268629
328,0.004133979074468538,152.92545403183576
329,0.004576738834631971,197.1851388423596
330,0.0048269434874257545,195.0126898656151
331,0.00490737952560281,260.15873587640124
332,0.004599625678293733,157.7751516785218
333,0.004479334450553398,55.888760251855715
334,0.004882769537212419,201.8218142783059
335,0.00463332529606193,250.00771535847267
336,0.005295206726416303,31.037666003519334
337,0.004855095476324839,44.92913638437187
338,0.004581727867600383,148.48422741152422
339,0.004441481952058564,121.20918926911145
340,0.00429511710831706,62.71424396403595
341,0.004761432504912036,247.95995775579627
342,0.004699402942709725,135.69992956441698
343,0.00467819716495059,65.54081812781374
344,0.004520617293009547,119.18252239534183
345,0.00439585806896626,57.50415423654772
346,0.004452825351339489,198.09454217949028
347,0.004197172378992726,24.20627675379062
348,0.004013863289809047,31.243781889873084
349,0.0046227850556098135,195.85284752845516
350,0.0045416561285689105,139.79612567578465
351,0.0044406101001339075,124.24000954505156
352,0.004418152395899179,259.55510715596347
353,0.004518545203609392,107.69367362760751
354,0.00470886044441012,53.82516093500776
355,0.00419587957691653,71.22483734478928
356,0.004403320182146589,43.675560762433584
357,0.004275661497641439,44.175512265238666
358,0.004046016976521429,58.84270068829867
359,0.004003566214092204,30.24493193178113
360,0.004356988515779849,58.316145802674185
361,0.003914519444408033,109.41665652991665
362,0.004123253900343602,262.60820310364346
363,0.0040792370910849906,150.13776862464383
364,0.004213928750812493,30.45401677409868
365,0.003957683444625704,203.55410543628489
366,0.0040120619771802065,205.2621458491395
367,0.004615394715432891,198.54519007830893
368,0.004510176064986109,80.08881064553518
369,0.004247038389271788,96.37625601108519
370,0.004157457462560129,24.801064809555488
371,0.004326603812936308,30.36251753203414
372,0.004162862591179011,157.291176993883
373,0.004251358182660329,67.73238872047438
374,0.004397680316205052,39.67538944237061
375,0.004126425693436657,123.96955796842147
376,0.004059002475186549,141.45829415832378
377,0.003916948536219,69.75359650782768
378,0.004181725516694493,160.34943666619685
379,0.004089353420898657,47.7341758212397
380,0.0037080664214127783,43.98885206140458
381,0.003619568559254721,145.16315607077942
382,0.0034396525493670758,82.67298232326198
383,0.0035276980006842523,29.489883380364912
384,0.003917280781374781,257.7897422605381
385,0.003923365731183862,42.57072627153234
386,0.003954747941574682,110.508079219636
387,0.004163254392270824,122.10698996283055
388,0.004169989725519603,59.5212353448036
389,0.004174104040391484,252.66798176159813
390,0.004481588933013485,202.31508627941383
391,0.004751609120620952,91.96243550000293
392,0.004676086129854124,258.52629533233386
393,0.004430234742003603,56.09233323341552
394,0.004254699306329712,45.570845738136846
395,0.004550139645391642,197.66898796471853
396,0.004503045749272095,157.12127150815098
397,0.004447249079149374,197.51882591351406
398,0.004616245925473362,114.55830486132699
399,0.004412774560939435,205.81583502989517
400,0.004607880306800574,42.66605862785683
401,0.004565254039782284,268.24441241857306
402,0.004552292855600761,204.65978191490862
403,0.005207203602060964,252.97575815360494
404,0.004886180342344398,42.371580197206114
405,0.005198958614975277,60.2415208389916
406,0.0049915410664443,86.73871449057198
407,0.0051598538397774,248.89879985164333
408,0.004935147227475657,124.59875838551676
409,0.004664678208784382,158.52492373385343
410,0.004425140174036543,76.46843422272687
411,0.0041049556279234975,266.18079328980735
412,0.003910968834889453,65.23599408861776
413,0.00416178923544728,41.624241995421706
414,0.004213825727994947,202.80308642936254
415,0.003998307244840357,266.01738488016747
416,0.004037791975484839,30.50935599851362
417,0.004080489020942388,87.21832095692221
418,0.004572472595771585,265.5904160230019
419,0.004374276054543011,149.0256925427821
420,0.0045651875771750144,145.5733957828941
421,0.004309155328345197,206.60002271384644
422,0.004439181541815272,29.27872436737071
423,0.004586795059357705,261.5231334199754
424,0.004519678118343178,100.10933504248055
425,0.004503810530975336,118.73846009520221
426,0.004358332798558531,257.0664647531775
427,0.004311346762485548,36.0114210235286
428,0.00439634513229617,200.95510230357223
429,0.004701520573318293,200.76251424289276
430,0.004949507357024059,68.21050915671
431,0.004535847279790638,63.36371921759478
432,0.004496906222492406,78.45403679107336
433,0.00430690118338208,61.01827823423959
434,0.004133688211035226,216.07463104603133
435,0.003986952863735646,150.63022246886226
436,0.00400187981527702,207.31232972881045
437,0.004090454995122932,273.3666677809833
438,0.0041149368391834185,265.35876979403815
439,0.0044776956688460465,92.07318999592958
440,0.004546050108767534,206.31131952409154
441,0.004521821147556273,83.34820101200724
442,0.00436294744017337,98.15324321298418
443,0.004306183844724169,94.08171089190117
444,0.004296371051758477,64.53369072207798
445,0.004140847676673832,190.68124724978384
446,0.004487622495724867,58.72843371312937
447,0.004370853608486721,57.76972627148093
448,0.004264375588368589,82.52637154011263
449,0.004349150658777818,27.92042319997461
450,0.004156259479574286,83.84911051819903
451,0.0041607902631937066,52.721060034652766
452,0.004023066573191082,67.74317921784332
453,0.00368059289511451,52.01830739809166
454,0.00384833081153448,77.01651539846083
455,0.003799392576671455,146.65584641099343
456,0.003614295373084203,98.23238285626829
457,0.0038554542104090638,80.78726231388356
458,0.0038942419652306217,138.61630320303652
459,0.0038775127048631054,96.49859367814554
460,0.0036048658657819033,42.53573965175892
461,0.003724740726817078,28.086442411684565
462,0.0038044253155460647,29.238313079861552
463,0.0035658069211743117,252.42255351493264
464,0.0037471032200313936,200.15735994406887
465,0.004048431887624886,66.24227628827381
466,0.003857405515034394,28.203200034451317
467,0.0038562592751461744,147.57394140611555
468,0.0038180541478386905,72.94377499573028
469,0.0038495319134778006,48.930482103592965
470,0.0042679008148642705,29.2531599171082
471,0.0038144006836408097,157.2826093196898
472,0.003822869975182756,74.69978275927394
473,0.0037157425180452002,157.90571561523885
474,0.0035245223213049687,140.6557950322061
475,0.003412154583792152,73.37856954287882
476,0.003615679269313586,63.56645833739439
477,0.003211520570943862,77.64786686517549
478,0.0030756662338301223,56.76516770806625
479,0.003176433093288394,102.44536440305174
480,0.0028973508451599628,29.202678574375348
481,0.0030177715749674905,69.30247870205184
482,0.002909155756986531,42.62728155374766
483,0.0027327176275493176,67.636927236002
484,0.0026724476349930205,75.83534264120735
485,0.0025748908275901967,77.78024038631736
486,0.0024252535513369367,74.41399593837946
487,0.0025377616259640366,54.59424445255876
488,0.0025925877504636716,118.82137278827078
489,0.0024403350444817287,94.37255254981747
490,0.00291993872599198,69.87114176530707
491,0.0021423042771120154,65.45086707105165
492,0.00276229792554056,262.36565212653323
493,0.00307660552633195,109.62753279922148
494,0.0033152012799822746,125.45122411614972
495,0.0031157262611403976,43.15260858444078
496,0.0033413824036388714,266.6596336731635
497,0.0037008881992880707,70.6732198756052
498,0.0033804538778706,113.02097843509787
499,0.003955769594680392,87.32655246886841
500,0.0039527304223896465,65.12993576068213
501,0.00369409660841204,90.19654062951244
502,0.0033162395726114313,136.8368174676382
503,0.0035650698251133276,44.90788669752045
504,0.0033311349235206717,59.995865304942164
505,0.00328967870770166,129.43580605163837
506,0.003192581154636032,209.44356826117212
507,0.0035509707351969876,30.0789143273624
508,0.0033404237957734427,53.27637747977128
509,0.003162508858404693,205.23469025740195
510,0.003515758525513081,65.77726150578984
511,0.003183999723495428,111.31768262492044
512,0.0033002208446318115,218.38379853093883
513,0.003413280170108821,65.04649836228923
514,0.0038122990379750575,257.0635438663377
515,0.004316254523726776,144.74507551832485
516,0.004390664782526123,61.90030417209145
517,0.0044136801547052075,112.54289890688533
518,0.004225744889724756,256.67156664838114
519,0.004777833168521862,39.94979353655303
520,0.004444888447110048,264.05753338400865
521,0.00430748322033766,214.7522669070517
522,0.004009252750200596,97.00297042364811
523,0.004283327589569203,62.294289981740995
524,0.003993093217975201,272.31123252153554
525,0.004190594195382257,145.51117238555256
526,0.004227560566349782,266.73481353914354
527,0.004294613070276289,67.50574097335192
528,0.0042394626833466365,29.76916014104483
529,0.003954988457778181,123.19362629259501
530,0.004103232964861475,59.400093402747636
531,0.0036154755677530953,110.97238851517994
532,0.0037591162457243357,127.27531704281682
533,0.0039707086062832275,60.187149207382944
534,0.003673465428713324,27.555068847103062
535,0.0036555962070292246,163.75776152306912
536,0.0034369314843471247,50.95609346950934
537,0.0038491216548439773,192.34946207926137
538,0.0037705732973654918,140.4985940902519
539,0.0039327532814612326,204.44998798547098
540,0.003911490928504016,50.01329848217769
541,0.003899559281086801,66.25958778570005
542,0.003681763080692821,145.60979141597474
543,0.0037870199737233758,54.38140309001865
544,0.0036018678155861857,54.03851439130457
545,0.004194163362558478,258.3419713998153
546,0.004200100045315647,257.209128827374
547,0.004080669293746621,259.8283414418624
548,0.004441794148244133,43.83097623402264
549,0.0043373490715848985,31.111139971903746
550,0.004421126232734202,73.84812871838075
551,0.004322241354119879,50.14140220486373
552,0.004166008402786121,25.57422057387601
553,0.004166364970799823,117.17107455682643
554,0.004038002185338615,258.77868058440185
555,0.0042368507309784665,26.237079403183895
556,0.003953205372619612,41.68723558842297
557,0.004249566442672251,128.3509313541729
558,0.0038426650727899033,129.04682892123694
559,0.0035542154658559384,165.25704666122613
560,0.0033113197380255253,77.02174264473274
561,0.0034592099977528742,23.441775668223833
562,0.0035665072099273576,27.182528126400126
563,0.003180513359368958,95.06430942076061
564,0.003420169198484643,259.0945486997111
565,0.0036058569316724863,276.7198425043189
566,0.003901678111830379,56.63578966993978
567,0.0035512557344153503,147.5683300281765
568,0.004286916219982608,30.524050608316674
569,0.003974505490295484,195.72932353159572
570,0.004154772489877919,100.96760415792303
571,0.0041419061930480835,28.67418743992739
572,0.004045837315939495,29.84689107843507
573,0.003795992590902323,79.89534793769833
574,0.0037674401824646974,124.5682287945765
575,0.003502132574235125,98.79084303084949
576,0.003079654721157818,29.45171241332619
577,0.003132704764810996,146.88788288602456
578,0.00331397308036685,62.54974520112196
579,0.0031166090094219808,47.97325705117964
580,0.0029693509826426057,41.027536824569495
581,0.002981353547828797,127.60438256644846
582,0.0031224676652423936,128.64775428377072
583,0.0028674940739829955,87.31268215092108
584,0.002635701814422366,105.14788687144468
585,0.002589265861553775,41.334120459714526
586,0.0028128814980024125,275.00975877121687
587,0.0033696949817981063,262.2166377759651
588,0.0037439219628604466,119.47537587349383
589,0.0036806891056213814,216.68313780265584
590,0.0039870063156814545,74.21541073372988
591,0.00430931027190832,271.9714418258667
592,0.004343156523991894,217.42419616887446
593,0.004279865679263915,166.4833760125272
594,0.0039130944152764805,42.037348770754434
595,0.004100347702412612,44.42403342482883
596,0.0040634579160144894,45.79073350986344
597,0.00425982424860342,69.37374092628666
598,0.0038453977389907323,262.33831072557314
599,0.003856578949341645,54.378608382643215
600,0.0037159284723192916,150.31085277921096
601,0.003571275022664309,79.0098639193825
602,0.003735470376372085,48.73262278998734
603,0.003626213109089156,55.95240684567434
604,0.0035598190535727717,43.63342626944867
605,0.0033140558784047294,78.90013037785275
606,0.003525010438571716,28.806324603302887
607,0.003182915676685082,57.7062529529591
608,0.003392154703430027,40.74106327244782
609,0.0031870468539217166,89.12538548154684
610,0.0030838465616623055,154.46226920109672
611,0.003330568877378115,267.4844757533285
612,0.0033762705590624107,29.30214327344502
613,0.0036298489533397567,204.62154826722465
614,0.003481499907581098,69.12985154532757
615,0.003440110318029069,157.37623851288254
616,0.0037139755073659774,123.17855207126442
617,0.003594396856725153,70.13177564921612
618,0.004018919153069775,75.96418957993849
619,0.0036701262046729415,169.92112768656196
620,0.003766639210345388,266.2810139377403
621,0.003798318472868463,56.99295629932419
622,0.0040040018648141995,44.07923887908019
623,0.0035014922090900093,91.88777939308625
624,0.0031677045124775633,25.897858555060953
625,0.003214300771595355,101.14000879391746
626,0.0034378305020590218,276.17649898779905
627,0.0037835338615960527,42.57591219851774
628,0.004330202236627068,27.85495341234827
629,0.003556846182543746,157.75335766120466
630,0.0036287614071420326,215.23027003302204
631,0.0037094688635658135,43.19723498422486
632,0.00378542390932456,44.36207521666099
633,0.003295737177225972,148.1682667444962
634,0.0032387451752914453,38.162929887576034
635,0.0036082593525696375,45.530972131782626
636,0.003538855667038276,212.166936203368
637,0.0035733354684039527,46.601086452400125
638,0.0032033380498019555,37.630281922808166
639,0.0036623981281091525,260.8213301386165
640,0.004166685493076399,81.99884444424497
641,0.004020308215750936,97.70442703430352
642,0.0035760392225662094,82.95935351534771
643,0.0036531043104052795,104.6167401856691
644,0.003614117069915177,148.0620015488173
645,0.0035132478973907183,56.352154782004014
646,0.003350654966197908,43.21234091150193
647,0.0033856024952142105,152.43034638470345
648,0.0034890998337084992,213.25687486644088
649,0.00328857464139231,130.00866758871464
650,0.0033556933219047675,135.17805064913713
651,0.003278295247162952,93.0156500851555
652,0.0035545875918894755,94.0807824027964
653,0.0033870534288851072,216.6362153967496
654,0.003296008070652692,127.70066892427806
655,0.003011749641857399,30.18732032442701
656,0.003229331233415979,69.42479345528433
657,0.0032550941309514077,75.17159945236388
658,0.003405453212469862,198.36179772119772
659,0.003297473074501165,101.59695205061328
660,0.003386753345005894,70.66941425067742
661,0.003408453066094197,135.30423390791933
662,0.0031066570449296443,144.1947840137418
663,0.0028143509774124073,102.34116452196201
664,0.003197386730502778,279.24956343909207
665,0.0036322354641151588,268.5726711722529
666,0.003667832865176024,100.7618409119899
667,0.003621834540802372,189.5936074560104
668,0.0038865626556798816,203.18773811895628
669,0.004020801469428429,95.13781297933187
670,0.00406071352463374,146.8156471154387
671,0.004232001641001378,272.7704489047515
672,0.0042298245905178855,48.22691743167053
673,0.004495531201358132,88.36735616891686
674,0.00424184541906609,57.63373004832671
675,0.004285022630938329,48.322290841723714
676,0.00412606031109058,57.7549464693905
677,0.004072596229146346,205.44593503801107
678,0.0037700349981045853,91.5336420500071
679,0.0035636168679709294,44.64429221613602
680,0.003515734618737506,137.41679246749476
681,0.0033372609737293366,93.77660572288427
682,0.003420241386256116,274.106434644637
683,0.0033149231507411323,61.18671419828169
684,0.0033493347661781377,49.41461237423556
685,0.00312764195009641,126.58121126501545
686,0.0032567580103106493,72.63251011569665
687,0.0031686165418029085,67.58149889792824
688,0.0028081501635873842,70.1057189048621
689,0.00311245917190059,32.06547225154545
690,0.00306593054496073,27.63767596893893
691,0.0029721206378902653,279.11830819679363
692,0.003108071156379416,218.5288113466769
693,0.003242267154213362,28.613336705029795
694,0.0029930570945625417,32.29937606153145
695,0.00284806820102325,29.722462423779618
696,0.0030838418872384675,28.309941823812284
697,0.0032405675759907553,267.8288694252136
698,0.0035257006289808684,68.220436458003
699,0.003364149356048379,130.07632953442425
700,0.003435564620596913,127.3917379088341
701,0.003526973330992123,216.0500828869511
702,0.0035638631174603366,115.46145941340288
703,0.0037623662402916512,58.89475822159266
704,0.003579918752207463,50.793137804596675
705,0.003921441246097073,29.276602095981648
706,0.003472295471322562,31.77046351930432
707,0.0034884021121806934,141.80450919273653
708,0.003580141721149569,142.0306760517241
709,0.0034667522700943926,155.44810934901437
710,0.003398832156019748,126.1149004675701
711,0.003307415734131619,143.90242731781615
712,0.0034362686415693746,73.98814650879582
713,0.003149238704981354,95.78781127225034
714,0.003060127245580307,162.61822694207004
715,0.003215535026565655,265.7111536871654
716,0.0032466505237582015,216.4805647751773
717,0.0031651716964946805,62.17326411053493
718,0.003298970897024422,68.20911641772912
719,0.0030385979669124543,70.79028429011242
720,0.0031493247327263525,125.9840754764169
721,0.003332534266799205,97.08908849079042
722,0.003156578715928705,97.55824963966934
723,0.0030760848279432988,115.77380182534397
724,0.003537347261983164,273.06586258163526
725,0.0034627277289893334,99.5601698567674
726,0.003301507096075136,159.29507206312257
727,0.0035812072124379504,281.1212060934255
728,0.003930893151128901,201.1265620774266
729,0.003747263537661638,51.466141093505726
730,0.0037670070246868335,128.72368474966413
731,0.00370880461945636,135.3027343375113
732,0.0037027546848268965,97.20017785489883
733,0.0035684403608671872,117.00284214804803
734,0.0034351194213691947,72.46599877728504
735,0.0034320781873618017,52.8660752650722
736,0.003651387518223434,207.770449864736
737,0.0036957560946105114,31.623586001945533
738,0.003616239722169986,68.37097925615431
739,0.0034895149282558615,59.89346374339564
740,0.003574835704563293,268.178568470379
741,0.0036859171505737925,271.78374650219797
742,0.004033913614453997,137.53406275843494
743,0.004027132370168677,280.95205669294114
744,0.0038666192357877977,28.701875507975423
745,0.004255854421575412,50.78691504845639
746,0.004091130110328638,48.438665274185894
747,0.003922584612155333,85.67498656327521
748,0.00414952532485807,65.14770704580876
749,0.00428645083668706,27.445437532699618
750,0.0037511100402900384,214.37485139163542
751,0.0036722675190853458,101.27587082584667
752,0.0034348526870334435,43.11322508661363
753,0.0033240874107277035,131.47245712503815
754,0.0035678953164098985,254.3115841346166
755,0.0038564211810642682,49.08532540573542
756,0.003604155273011125,208.38424198335636
757,0.004034242462286533,28.15059373249489
758,0.004068107127591705,122.44780632444642
759,0.003832834764650145,97.665891941867
760,0.0036595581332221627,93.3509029815976
761,0.0036259645720957243,87.1168773804595
762,0.0036576394487450514,121.28594300940671
763,0.0035683109372957214,103.07422344353724
764,0.0033351063572230155,41.37427288008291
765,0.0032835629166141655,69.55904345516103
766,0.0032480700984534277,72.20518217650972
767,0.002944758763250492,74.4442305295576
768,0.0029434097076945537,70.22868607945269
769,0.0028714977346629587,222.08857911384266
770,0.0030044276606698166,214.17811542281854
771,0.003205138453037288,203.7734051617337
772,0.003440755391340917,284.562223092896
773,0.0036781263676144787,79.08063189652361
774,0.0035174731907820136,29.68789495151002
775,0.003573074283263788,56.6876943123707
776,0.0036048216969686918,148.17949164202687
777,0.0040307161218895,227.45578302186374
778,0.0038581981939037526,94.04994172810933
779,0.0038737147384688823,210.23325574322004
780,0.0037287141472371393,272.0408947526355
781,0.004001385942963699,252.93124070928783
782,0.004183346772501513,89.90550874696561
783,0.004166455452512899,74.11784572115317
784,0.003850381945644935,104.57271136944095
785,0.0038137105200968854,47.15231414533244
786,0.0036919415347669697,44.88946654856493
787,0.0037482767937913664,32.62625816217768
788,0.0036803967733133034,133.07727005406332
789,0.003436779832224023,49.49878814851376
790,0.0034032865536943774,60.22903755043454
791,0.0034433100438697943,37.537046492976884
792,0.0035967210051056696,116.11337201423541
793,0.003498243106710456,97.56121553286394
794,0.0029836898489313,136.32642925994182
795,0.002751975249093202,78.04361661384131
796,0.0027184371832514776,50.38349832216288
797,0.0023469605924111743,58.17063940884873
798,0.0026284867013139737,216.57747349808483
799,0.0027827055134661298,214.95188415585218
800,0.003371301548218387,292.18634188976176
801,0.003269802301544517,96.84282692864848
802,0.0035887821627292723,276.9984388629584
803,0.003797438600471612,276.45997658119717
804,0.00393018635937055,44.79953088205828
805,0.00403266406384628,148.96443367329994
806,0.0038396679881123543,62.18892528307402
807,0.003539015336586586,46.99525363420006
808,0.003571747289430446,155.06795386258403
809,0.0036689121463076356,106.87321936984277
810,0.0034216045026641013,159.56231096717082
811,0.003312787308020453,33.87985091456237
812,0.0033303536215130037,72.56437424070022
813,0.0033450246838373668,95.74166970580885
814,0.003221645665971536,226.3155715341729
815,0.0033820139873630794,53.154634883257074
816,0.0031493208531993703,221.68659693408253
817,0.003276957965203316,156.9233057498164
818,0.0035506027989420977,54.00347818609595
819,0.00357170881372615,270.11716630125665
820,0.0034650829309549437,28.7416295859047
821,0.003484013571389519,153.97129674253216
822,0.0034109085601763864,123.78783386686737
823,0.0033406946787004352,130.83975425792096
824,0.003473272612365275,129.84008264997564
825,0.00339747527891267,275.4109855241492
826,0.0031832788584076547,40.72567459909936
827,0.003533647052445931,28.148737488546075
828,0.003114994829626415,35.69738430400931
829,0.003297927331737236,113.22250829195343
830,0.0030279219382592544,133.88760481322507
831,0.0031892506033774086,54.62286759605784
832,0.0028660523264915777,118.07492553917454
833,0.003036031243523625,46.638115993237804
834,0.0028936124422629787,281.3115019453607
835,0.0031717209794106358,96.77520167340779
836,0.003253550429380806,152.89049666035606
837,0.00299508121915514,73.63299271741161
838,0.0033516088849397992,256.450676119499
839,0.0035385357623454183,39.74140131223202
840,0.003557891563329961,146.32299014885388
841,0.0038132138219089274,271.45377929069525
842,0.004320895699921119,282.6627599366122
843,0.004032580752279431,88.56407956567188
844,0.004070662946776763,282.1528384767732
845,0.004072657543120085,64.50144700060198
846,0.003726968669326825,217.56446141735577
847,0.0038135030180594678,50.26974486795736
848,0.003626398248934024,160.3288209000287
849,0.0035606722110896466,117.06180956378783
850,0.003282869247727674,25.720217391182317
851,0.0034451558724829506,225.67853157941738
852,0.003518619875449757,278.8576305203517
853,0.003750141189252295,89.95363766770704
854,0.003715104124025948,126.96684154543276
855,0.0034549051964170977,66.26681481803769
856,0.0033350277718037016,79.93174341433433
857,0.003328064116787348,167.9420799201002
858,0.00356251078549328,49.29867381998849
859,0.0035096731567676414,61.89771548284637
860,0.003206734546190339,51.11169330844512
861,0.0033016233766676112,210.54360065085217
862,0.0035394195484431375,46.157699891626436
863,0.0029653559389329087,72.08679515601713
864,0.003205225678856819,211.97010700257786
865,0.0033089933512173114,150.15991537609796
866,0.0035633130142537447,274.7039280642296
867,0.003475075493117833,155.716090364136
868,0.0036183862396421194,50.42338336278345
869,0.003987128155056349,149.66844140803502
870,0.0037599157377615124,220.9759719710946
871,0.003679735635019964,93.18281143615943
872,0.003608477608478014,39.56471421380923
873,0.0034001676530490423,56.86851030571065
874,0.003175951004558211,28.82468131663407
875,0.003287794129122836,220.8596815097302
876,0.0032338966944341348,162.62558274019267
877,0.002971757162992038,49.63136144279171
878,0.003128816595464643,70.54344697554205
879,0.0034093862377255965,148.47307232663817
880,0.0031554777795628815,44.379776638644216
881,0.003398256944210422,148.70154097053882
882,0.0033715934319347566,41.12671880609596
883,0.003710414818363553,275.9322515095758
884,0.004049145794793575,277.9193350498929
885,0.004297343195657062,213.30162081453759
886,0.003994458975450305,45.778665376133226
887,0.00394996456569842,126.3052987159563
888,0.0036296226407520824,66.00870611037546
889,0.004059805166466033,31.466405979247337
890,0.003541399406119234,58.38074388109912
891,0.003544058972224353,152.29785270276878
892,0.0035741612423757594,108.64496252381043
893,0.0035998314040267027,223.1425935307996
894,0.0034174625260016784,34.043921477435866
895,0.0030555049949004477,28.673313321768912
896,0.003387335308091256,223.29497188560987
897,0.00353767905218706,273.6287726878596
898,0.0035284445540786817,28.027812092950068
899,0.0038054977508789715,269.4854129857713
900,0.003822269613502195,68.68882365736398
901,0.0031275027602156304,30.79381839680891
902,0.003761277952322679,156.0492503590793
903,0.003689719540243213,84.25919079325826
904,0.003318102371948142,74.18816309684154
905,0.003661893159632796,32.7925509224709
906,0.0035521572676454893,275.6204190242657
907,0.003950263555491602,283.35528691982387
908,0.0037298330756199835,99.27477663856294
909,0.0035647209492942903,153.62911100818602
910,0.0037521778354796154,55.919846815410224
911,0.003491903153440819,30.791942091771556
912,0.0034722512716905693,66.45237513373428
913,0.0036343075936833805,60.71743395865307
914,0.0032778243446462173,59.62303682698277
915,0.003038597667533583,32.247525618161625
916,0.003418419145628622,94.36430772315798
917,0.003711517492813783,276.3022237574057
918,0.0035270806851754473,50.041932761520364
919,0.003181636210696601,222.1615488608778
920,0.003493558127806911,142.85923200956356
921,0.0033264819224289545,69.41582881324135
922,0.003702306911958765,264.82707626707526
923,0.0039581646005960565,122.91829607810777
924,0.0036912384128243636,158.98426186029337
925,0.0036194746217947326,30.21064917902519
926,0.003429779767106145,61.302702613242154
927,0.0031370117854937142,31.15349883471132
928,0.0033208355018494013,131.70684532267077
929,0.0035464165794418462,51.26134183618439
930,0.0033838951220927747,214.75900200574878
931,0.003330008727232707,125.1924976580406
932,0.0035155093382028017,39.69802282267129
933,0.003524097618678172,111.64107224496398
934,0.0033557439952534786,28.25211633557706
935,0.0032953142072074115,43.41648655371529
936,0.0034869518959736927,57.60821348916623
937,0.003073070725389356,138.10065239825875
938,0.0029592082153744132,150.7126064066951
939,0.0030313644407166016,76.45615185108504
940,0.0033921565447034762,31.15456025122685
941,0.002853921717437284,49.20830583105001
942,0.002718524742432265,165.6184650790367
943,0.0025988190960749215,30.31423123708063
944,0.002863156578810462,44.31402869160939
945,0.0026648400886126367,61.4442396426173
946,0.0026709085272459466,162.9284643139225
947,0.0025664351123850793,29.767439644178673
948,0.0028322920396041252,300.18902443520176
949,0.0027666887103229053,215.34737733474086
950,0.002729903648618016,47.62434022669597
951,0.003082324975659534,66.17643376734415
952,0.0027883606367110083,130.9347812045407
953,0.002643773070303723,28.509008252530116
954,0.003004623138340175,280.3907421714246
955,0.0030744457066789067,80.57989480068129
956,0.0031369215981072018,71.84723600563264
957,0.00306061159873275,131.8427431517861
958,0.0029401020070396306,147.70099925420837
959,0.003124973347542142,214.79207798355708
960,0.0028956744488543617,103.60150493477718
961,0.0031429728481960763,124.1636220630002
962,0.00299431495709698,27.634279740735114
963,0.0031008084313891068,48.243488724270556
964,0.0027203994792547414,47.68774754364043
965,0.002767469344564296,33.63904471312394
966,0.0025568870190069834,86.05691943687796
967,0.0029029061763091077,126.50395510593403
968,0.002814184208876792,48.52629729948922
969,0.0026255446937284432,65.61454432869895
970,0.002663460867832048,94.85619982117737
971,0.0026189144838418862,73.92951309368698
972,0.002725473009067895,157.96052317365087
973,0.0026730213548698638,69.4923653124574
974,0.0028423281990515845,283.4445424467844
975,0.003189459079955916,49.25609204650744
976,0.0029364443564025514,46.21706603137771
977,0.00285373037667551,95.58208088344337
978,0.0033007450256263837,91.69631742776818
979,0.0030724687165127615,78.28940987462097
980,0.0029217148367024492,100.2328670635374
981,0.0029130973271094263,68.9245975931411
982,0.0029347301942588937,67.25384840628395
983,0.0034556236227956862,279.90004971776426
984,0.003883225400138392,41.361911745033865
985,0.003694020491722669,71.03678015388607
986,0.003904261202974753,45.77831414821621
987,0.0033068746984240205,168.68511512014265
988,0.003312160632254156,214.8220386885001
989,0.003505092273619746,40.161696277455924
990,0.0030179492678144015,48.16318665276416
991,0.0027086526328771884,43.063506811854644
992,0.0032049472495352597,52.81750783832801
993,0.0028426377326910813,65.88609820835313
994,0.0030260578913406323,133.82164164368862
995,0.0031291097334010722,101.51733069270466
996,0.0028154364421388647,130.4426406906793
997,0.0029475775352719364,207.17155406686263
998,0.0036191154657579908,62.091380998049544
999,0.003256830901931909,288.9246321018191
1000,0.0030537072888249203,227.97619876466226
1001,0.003250955504513144,78.95458611248813
1002,0.003123135038732782,130.0483090868635
1003,0.003099030847748353,271.06315951810967
1004,0.0034915189417475145,154.54698959300424
1005,0.0033750488509372424,159.0419533938857
1006,0.0032283236949420457,60.64852965756111
1007,0.0033104449148126636,155.35895691365982
1008,0.0034014232660410926,45.080491806191716
1009,0.0032376731201524804,40.025526601349206
1010,0.0032548018478813436,147.26402757302503
1011,0.0031454424679395743,45.74310495839749
1012,0.0032933385997931113,224.94887512169794
1013,0.003277989841977538,211.09793839905504
1014,0.0033430584003676465,98.919937646645
1015,0.003153193645581745,267.18466173187295
1016,0.0032826273711070095,128.1864530304224
1017,0.002679547690384989,33.769098411719675
1018,0.0032966772201356255,217.6771653175407
1019,0.003353212695824176,233.79465859647905
1020,0.0029732871184462747,34.096842692601825
1021,0.0034997144914271656,62.758617148047854
1022,0.0031357371343482235,74.42714950475262
1023,0.0030862578029141846,158.74044164633546
1024,0.0030435319114104392,171.6959506201708
1025,0.003036722068430554,220.0102620309091
1026,0.0030029586371294837,56.478644298150144
1027,0.003057214529198481,70.82045259222433
1028,0.002927489379797726,161.91613078289282
1029,0.002999745543976888,219.22652732240164
1030,0.002980161172328391,62.12996953111875
1031,0.003250894701251155,156.59323419562025
1032,0.0030913611137016153,63.7447567367658
1033,0.003085474717286038,74.03372596374341
1034,0.0030005152577134665,167.72986562573294
1035,0.003128272125440372,97.08333868525678
1036,0.0031432491477843684,216.8729666584506
1037,0.0032251631515820695,156.4450860799956
1038,0.0028595991688300424,159.06686539108605
1039,0.0029306572383556505,165.2887431121304
1040,0.0029004210006588465,163.30513668834337
1041,0.0028684456746968616,74.05237201050056
1042,0.0027396228456032425,91.97939421430458
1043,0.002884862856947236,162.54411736449168
1044,0.0030219384243024817,213.34514328166946
1045,0.003258046534422131,84.57765510948983
1046,0.003196499679751437,31.452968621995407
1047,0.003085646558734162,217.83449129949454
1048,0.003367709826729687,215.26776433363466
1049,0.003565799876154275,101.24901976369566
1050,0.0035611332545460346,267.64294781178063
1051,0.003964664967004526,57.42462586449307
1052,0.003858787998279485,92.77976079703696
1053,0.0034269169625363643,140.41050135315746
1054,0.003727925194959333,263.6309945828706
1055,0.0038671875312314206,28.07335466861895
1056,0.003981717296169493,31.15645086028785
1057,0.0034481974829667075,63.698258136996486
1058,0.0033275084212151785,73.25313053278806
1059,0.003351775882062471,128.35762977994307
1060,0.0032341065251006813,174.27568071205636
1061,0.0032912849214048498,234.51517301093912
1062,0.0030134986034780114,73.79565041477245
1063,0.002759554031723321,64.66576359947125
1064,0.0029549185587519544,212.76022500607476
1065,0.0030455716300471416,93.81039141198548
1066,0.002697576715289279,159.46252093332558
1067,0.0031215715400680316,227.5038137365595
1068,0.0027877517129389286,58.932928536743546
1069,0.002658801243689089,171.09038802277792
1070,0.002732242896085014,94.74998035859275
1071,0.002801522037967712,74.1297698892673
1072,0.0023794220007779397,29.5703531976767
1073,0.002628584492028917,233.79830211288873
1074,0.002712593205964927,102.60184826007286
1075,0.002517880561711554,136.27590434350589
1076,0.00277496098910372,152.53330647183395
1077,0.0027345242401999813,228.06488445444776
1078,0.0026913200849390953,52.81002211966714
1079,0.002832111526843689,107.51092044035812
1080,0.002979947741550859,41.213664185917395
1081,0.0027752473478805336,58.708910064898696
1082,0.0024649314414325755,171.2325641013934
1083,0.002850271884954951,210.05123213236132
1084,0.003170108264226204,116.26370874186793
1085,0.0029742032784270123,46.0010141643005
1086,0.002982335925811309,42.19308058760655
1087,0.003051159712553132,95.99839958979494
1088,0.003112676275327066,285.27188188268775
1089,0.003512983043699271,48.64786658917224
1090,0.003506398469989093,284.82988694496413
1091,0.003577314833973118,233.28679958707235
1092,0.0037091457184446467,49.82042731246545
1093,0.003183794916398695,30.392798648327652
1094,0.002877517960612373,31.067585745209712
1095,0.003392690297914669,152.25228072741157
1096,0.0035571171941807156,49.842524978494474
1097,0.003339970185400241,42.414309153393326
1098,0.0033713450642515732,56.717625544672636
1099,0.003056441879164333,56.93841578712371
1100,0.0030734424794947287,155.22121991546263
1101,0.003306092754616563,33.745780597187576
1102,0.0027894777363602183,138.88863852601907
1103,0.002822816248301455,166.23583925410222
1104,0.0032026120166552276,74.81927996895763
1105,0.0029167725462519393,49.53914926494326
1106,0.0031373460671431604,120.68449578455511
1107,0.003031594392758472,96.76028232564485
1108,0.003063341774830724,161.41874558308035
1109,0.0032523355893971082,237.3389250705738
1110,0.0034155222840370736,167.98927118852464
1111,0.0033601087516063224,55.04494435286127
1112,0.003583402200219132,277.65037055788076
1113,0.003688675824501473,65.11230820895267
1114,0.003460192792593095,226.74844441943293
1115,0.0034390350450518204,50.75145353891515
1116,0.0034576120780630062,224.20443387270035
1117,0.003547590256218698,77.55916784133937
1118,0.0034235706998758707,292.1855007966672
1119,0.003620852919993922,46.84399178416892
1120,0.003706842671522896,78.92618777571938
1121,0.003100388125775763,42.06189441732303
1122,0.0031352981499036437,50.62725949121929
1123,0.00326549818111718,227.29605713184716
1124,0.0033261932934495948,67.03129476122344
1125,0.0034861995803253266,283.80866545836653
1126,0.003429149207776262,127.03251885918993
1127,0.003489211951860007,219.3200860481381
1128,0.003474889959590728,137.78906575736593
1129,0.0032745341945960484,64.38481159436759
1130,0.0032794224349676038,43.64597021059658
1131,0.0035586753914354963,50.59686284831605
1132,0.0033024373194461025,228.13090246356882
1133,0.0035247902478026676,282.4563591515997
1134,0.003180709356393922,31.61649182872393
1135,0.0033528644806813737,288.99685163892184
1136,0.003277549642192033,297.6001885062099
1137,0.0035805949522971603,61.09786308203645
1138,0.0035179934147263653,27.119445969705886
1139,0.0030499327112920582,31.26030328839405
1140,0.0035374942368416105,166.84433491066005
1141,0.0032313063129549846,106.16479683906661
1142,0.003035399015723008,41.10104331836294
1143,0.0033804481179997535,286.7321370910741
1144,0.003469263136704003,30.682948892204823
1145,0.0034394261465550556,222.06976171076704
1146,0.0033461520596025115,305.0516461537748
1147,0.003358047261194847,63.96457831752429
1148,0.002977821925014723,76.4533041476846
1149,0.0026972893451861404,61.63439998942295
1150,0.002930266123289114,29.98857406206264
1151,0.0028458484640313227,46.346283662053764
1152,0.002851850252694488,64.7175490728107
1153,0.0029263151639459233,234.07540972629454
1154,0.0025199424873512647,60.30495118025278
1155,0.00266317021290438,162.55659588439005
1156,0.0025993659890106865,62.71170914189352
1157,0.002516740890905098,160.77510944036874
1158,0.0025968733608942316,169.7783326301678
1159,0.0025092324014278004,83.24052443449185
1160,0.0021738669152413918,47.84904270347901
1161,0.0027527792794194606,213.66568117422798
1162,0.003211538522501124,68.61044807702832
1163,0.0025516473281735168,31.0907460055727
1164,0.0023775348027601675,119.74499539819807
1165,0.002959140853984626,213.2590855707395
1166,0.003136803911153217,242.40810734604435
1167,0.002959814205816066,70.42053943574929
1168,0.0029138443170613126,31.612929793703053
1169,0.003860800855206968,32.064837872391195
1170,0.0030588770700731025,32.28322361487111
1171,0.003119716362892756,50.904685777234576
1172,0.0027009269602289846,53.1229118631504
1173,0.003029468230771481,290.3935089277077
1174,0.0029464112675734364,163.77420441995022
1175,0.0032767357067847304,31.821758003408462
1176,0.0033069029652159024,43.67112439903036
1177,0.0028313807138270145,79.97714317011517
1178,0.003106245433487011,225.9876489839746
1179,0.0031892550470410683,151.9907049398862
1180,0.002923252172133123,48.40747408559504
1181,0.0031624383819061474,158.9373816293847
1182,0.0032431204183499367,221.57161784569882
1183,0.003650686919737947,77.59276785072515
1184,0.003150511798162755,57.560344656430196
1185,0.0032394884540351376,155.7195963154092
1186,0.0032501877138853687,279.23867498674946
1187,0.0031261250617333025,161.88758040431486
1188,0.0034204106179877175,278.39058659330453
1189,0.0033706053849743775,63.65723002968049
1190,0.0033500866455742464,180.2783333198433
1191,0.0033291377678811122,232.38981115114566
1192,0.003373678962366425,158.0823580691385
1193,0.0031697425257408286,74.78715128165416
1194,0.0031795479140193593,232.85637169454012
1195,0.0034979105453360184,27.273009676522346
1196,0.003038369704254678,32.36889389153061
1197,0.0035211605417488673,81.04416397590556
1198,0.0028444681481011465,73.36975188437643
1199,0.0030978302087972007,30.082027078736395
1200,0.0028945940351350454,62.472817024964996
1201,0.0025574083100274527,108.99667215832655
1202,0.002462217190689196,46.07595345595042
1203,0.0025377723575499183,222.8280570081143
1204,0.0027872105252384444,59.72298529467
1205,0.0026644843034365952,28.99498149202309
1206,0.0023818264856923965,49.73219825711669
1207,0.002586378897165201,228.79664817634017
1208,0.0023005290051263854,30.934422026270436
1209,0.002322231663067399,62.284157777797546
1210,0.0025438211279046317,171.6811584529467
1211,0.002594629598950798,46.23448590720872
1212,0.002715915923058482,227.0264985647927
1213,0.002772607542563212,105.31416172263336
1214,0.0030232714907726123,221.79942929058956
1215,0.003038938378184949,43.43078698099263
1216,0.0031347703783963384,42.37003107177312
1217,0.003117816019101193,156.9260482193008
1218,0.003405710488411803,52.57475545608902
1219,0.003233394987002668,182.28736343376914
1220,0.0029091296267315277,157.3905491099801
1221,0.0029459544266814946,27.455525508907566
1222,0.0029878145806750663,51.7000973415935
1223,0.003492448455854801,30.717146460287466
1224,0.0029467943428336816,62.04639363271173
1225,0.0026701644488513984,26.12983416580997
1226,0.0026164796460800294,226.1396886720442
1227,0.002842554470017725,173.42208523338547
1228,0.0029591279206137586,289.61286713789696
1229,0.0029359683199104347,136.2861673707934
1230,0.002851102500567963,130.1058322484982
1231,0.0030585350846317975,85.36195631737807
1232,0.002943568045137475,131.62573819538207
1233,0.002861437307169231,93.56790360821017
1234,0.002896569113343979,137.7819949121334
1235,0.00288465295097222,97.13295730621813
1236,0.002443852957843899,27.903625706935873
1237,0.0028253367685109193,169.8338222531212
1238,0.0027958967596184675,132.29815950062115
1239,0.0025226325303484716,32.275972307352745
1240,0.0026668016041238684,291.37643612425836
1241,0.0027065803698296175,32.752892725215936
1242,0.0027928204237191415,61.43378007042791
1243,0.0027414367942423944,168.3889588926968
1244,0.002649071408436262,91.28665073385524
1245,0.003205724983181329,277.4456632445222
1246,0.0034103434489075016,170.79443481276456
1247,0.0032318087423019197,47.16179707561759
1248,0.003120530539573255,51.453035265569795
1249,0.0032743784771828923,169.59809070771385
1250,0.0029354571833931746,168.7166893837273
1251,0.002814535048871175,61.37756744603473
1252,0.003079537159878369,46.47005411076352
1253,0.0028007506169580245,110.48348012190762
1254,0.0026977657475133854,65.93728611925613
1255,0.002816359919961542,131.08827852869382
1256,0.002890674072304706,285.3965382262745
1257,0.002677779895622797,31.787299831616536
1258,0.0028948486677262747,232.28602649775405
1259,0.0028909322148113438,74.63514176177809
1260,0.0028147642375630755,76.11591068277245
1261,0.0027317838316822914,178.96747189150992
1262,0.00302832989994361,81.2042936780231
1263,0.0031845968390080462,168.38683204962885
1264,0.0028469220775989993,107.31659723511751
1265,0.002839584418821191,46.78059422165455
1266,0.0025900762514485154,297.3485817642532
1267,0.0027162105646063787,41.83094151497041
1268,0.002520140247559704,43.27636111203818
1269,0.0024062610509773407,240.844083156708
1270,0.002834583736477873,83.29066702568377
1271,0.0024494700228387956,48.48814948830085
1272,0.002684295763276783,233.3752699936864
1273,0.0028530202595823313,143.4449776796912
1274,0.0027869559365653377,285.4705939900948
1275,0.003081637862832996,69.18524358762171
1276,0.00287871017126698,63.469598355947724
1277,0.002637595217741116,40.43362199500408
1278,0.0029280084881148387,48.44720002556925
1279,0.0026403074164343047,44.93081231526392
1280,0.0030294717891655608,29.171917240574718
1281,0.002661436938777591,135.7944387334845
1282,0.0025930907767191054,59.725372477162644
1283,0.002674982904761531,228.3986064262415
1284,0.002969234979171107,284.8340587236651
1285,0.00327337599419528,290.6885532512528
1286,0.00327264699084593,168.7359895061827
1287,0.003357563539616757,142.1233072379647
1288,0.0030584631591332703,223.35006554308382
1289,0.0030275206191963033,31.913933737889895
1290,0.00319535158460139,63.045476167672426
1291,0.003034311580126355,126.35987102634935
1292,0.0028966922325085248,139.97577376500325
1293,0.0028109427872281866,140.5303703230841
1294,0.0029411453134716246,135.51240736723216
1295,0.002675323413065846,46.94660852774351
1296,0.002512017158061588,96.05319704566922
1297,0.002966791043246093,101.94261201657615
1298,0.0026491079776130555,228.61805238697062
1299,0.0026931886153175313,132.84867477519816
1300,0.002909395382021009,170.8628970771809
1301,0.002785336429651673,165.97958662749264
1302,0.0025568982227096885,49.03214303062859
1303,0.0025194777984831533,120.61263710477388
1304,0.0027836179469511654,157.16871672569053
1305,0.003153193965721277,230.00665863601316
1306,0.0031460942131180327,172.17692415256946
1307,0.0032686783223791773,61.34354509238935
1308,0.0028987295217203527,47.847210177955844
1309,0.002752699962668334,229.53600263272924
1310,0.0028887239258720315,31.038253252647436
1311,0.002990030989474715,239.02310757163633
1312,0.0029020836669254825,227.03721075706895
1313,0.0031365414431023123,93.86547033949576
1314,0.0026753539453979497,167.7441050300775
1315,0.003016189949129192,74.01111237994445
1316,0.002753627835912854,101.53563141625244
1317,0.0029741829586244833,230.32068080882647
1318,0.0027444808979084512,79.89179566709988
1319,0.00293605417379186,69.79900227335106
1320,0.0028513542383929147,286.54431856949435
1321,0.0028420223950825886,29.08260077168176
1322,0.002871746479705997,102.0284395239797
1323,0.0027225044051824546,59.689955660150495
1324,0.0029517888484908075,28.982205887215393
1325,0.002694889660865479,68.04007958839038
1326,0.0025809711411975793,172.76163511493152
1327,0.0025841915198375667,98.1208075175204
1328,0.002529253499386881,238.2244962929396
1329,0.002905819374623556,103.16320908187647
1330,0.002667660934846559,28.509812231428956
1331,0.0027894182806794815,241.1567328971265
1332,0.0028000535113843965,66.83509812197069
1333,0.0025992545454825563,103.88528010361411
1334,0.0028156566830560776,169.73842502693176
1335,0.002942210985221774,80.71371159255004
1336,0.0028920616578315527,165.98760865991724
1337,0.0026707108592325733,109.21646869518163
1338,0.002338497120328642,58.10242127236766
1339,0.002532730077228766,29.00519364019957
1340,0.0027707833663019278,71.63703800173299
1341,0.002084148679920151,32.817109330768204
1342,0.0029408559645930765,301.55466014561813
1343,0.002905173763102884,32.989031072050146
1344,0.002687215323581208,112.65254400190793
1345,0.0025029727084738378,80.83608930974727
1346,0.002326028146038378,28.342475890377706
1347,0.002204313022706754,30.685398205950037
1348,0.0023900505860253293,88.62093430779818
1349,0.002267937036309819,74.99120289484321
1350,0.0027269191314043904,288.2928897457834
1351,0.0030986994318003987,174.62144913754395
1352,0.0029132756059233236,176.22605407278513
1353,0.003033905547313805,134.73131232964494
1354,0.002861755041020184,33.43483128297061
1355,0.002638022997416556,61.23369861560861
1356,0.00271114870371424,43.74135653276724
1357,0.002897201903457225,172.86208745531678
1358,0.00288444046324236,295.73713338951256
1359,0.003067255434209735,48.4259888001205
1360,0.0029345137515450074,103.99140413700366
1361,0.0028191767011421843,62.470889088028386
1362,0.0030010235883397634,299.69032057527585
1363,0.003189858421907187,103.10361648441987
1364,0.003127295467334537,126.70315358430007
1365,0.003425857782876555,295.5336852474398
1366,0.003300032711894556,104.11202500830157
1367,0.0032287693797952476,295.37849423360603
1368,0.003506394176357015,292.6432194096924
1369,0.0032009679387063105,65.74172144820214
1370,0.003303090244900949,29.671219718019014
1371,0.003367485362805431,296.8983066518374
1372,0.0034249255354766228,137.7755420733961
1373,0.003256282866287448,74.28995546932947
1374,0.0031708872701461744,141.44328196986837
1375,0.0031011054485464806,48.35459319172035
1376,0.002779191576676459,66.52259764463868
1377,0.003097233760154967,108.08322731203762
1378,0.0033318794157821685,48.78687177911508
1379,0.003085840009920172,52.43685492019188
1380,0.0026235152190030716,307.2526257131802
1381,0.0026649877134430526,74.03615396292598
1382,0.002812341657829034,162.42127022565847
1383,0.0025558884895572286,164.34303532199326
1384,0.0026131557658965023,29.627722142262375
1385,0.0024842451725974038,35.223224460832576
1386,0.0024677323001271252,123.9964569771744
1387,0.0025609769986210305,238.4658751536603
1388,0.002564498636127462,64.5762107196635
1389,0.002510831432390632,164.754101485508
1390,0.0029370027793980814,28.151428275531067
1391,0.003019565208574179,29.336607062929094
1392,0.002991397272787501,39.826117492309834
1393,0.002688383205411246,295.0246210541051
1394,0.0027645803115651565,77.01490681965944
1395,0.0031519144906416987,81.26889123601751
1396,0.002486917356575289,136.74359729883514
1397,0.0024920720572512343,66.85072573643448
1398,0.0024781881901700135,44.66256204081655
1399,0.0028815594444830807,294.95256300401945
1400,0.002686073225972072,233.86830137410624
1401,0.002834215364399391,137.81023264668056
1402,0.002948968942846137,300.7746484120827
1403,0.003033665756170117,55.34222526766701
1404,0.0033576824568631626,288.1829599536129
1405,0.0032665180652447115,94.41800884422236
1406,0.0030124104770208253,66.81112023160301
1407,0.0030752128052045496,141.63008975710702
1408,0.002871475311935526,27.456611003968813
1409,0.003130670628981546,123.54235037862128
1410,0.0033522529654699145,297.17269749388817
1411,0.003498444470312541,51.319603693447824
1412,0.00325243285870953,58.78487826625947
1413,0.003212466028305443,290.260696158099
1414,0.003175696158275689,96.46451480049356
1415,0.0033868390290425284,77.69269350023585
1416,0.0030567062089716813,82.35493303849502
1417,0.0029116192239660266,62.788447036881735
1418,0.0025754311545511128,32.54218315539447
1419,0.0028724710464302916,104.0475268071507
1420,0.00253178363680097,59.0550224956679
1421,0.003003613388529707,296.22436085980945
1422,0.002982174788741477,234.34478574914587
1423,0.0031995949042350823,29.014246134073865
1424,0.0031152941672789704,165.81031064721563
1425,0.003082896897523693,173.00908977390318
1426,0.0032938004072459136,172.1460671914517
1427,0.003205267298574428,137.11493432876313
1428,0.0030634471866543425,159.5707593283735
1429,0.003026503119256626,285.83378362244787
1430,0.002824829098906114,41.14795399980732
1431,0.003084291265097653,140.8619606989902
1432,0.002648314984492651,134.20471855657848
1433,0.002829056562071676,234.12638118730425
1434,0.0030975529480007113,297.8271755221922
1435,0.003221179475323139,66.62405125333487
1436,0.002984445251658866,166.0052446595501
1437,0.003272597636316425,77.99069663315893
1438,0.0027865791933973563,131.07302770469525
1439,0.0029933470406165365,236.24403552388733
1440,0.0030026111741211603,46.49070183177399
1441,0.003084438776506616,66.60080682562885
1442,0.002841849955890713,32.20620838393876
1443,0.003109601158189669,154.85467690225553
1444,0.002917639901506052,145.5208347580343
1445,0.0026982663863187504,70.89585576195047
1446,0.002473719388245417,115.77632608237637
1447,0.0024193138586929156,137.8771233403646
1448,0.002419452379399445,47.339864525490285
1449,0.002543206150093424,238.48660313597713
1450,0.0026344615049618395,241.41100247983718
1451,0.0026708778048110805,31.234895932530947
1452,0.002405352556776891,104.45721916430657
1453,0.002589552560223367,81.55073266404477
1454,0.0024953433361307614,141.02652916043948
1455,0.0028539415697791965,30.106939813325397
1456,0.00254612714845163,308.32983873981146
1457,0.0030589380954721096,168.24100462017938
1458,0.0025761092354946026,62.48473341425177
1459,0.002699811502427042,301.2757151693948
1460,0.002813928647102763,137.299502997815
1461,0.0027243986897283815,73.26334558914519
1462,0.002707034604663675,236.1375685633135
1463,0.002964705577351896,106.50321896904981
1464,0.0026353456137607843,102.53597792614399
1465,0.002660356504431917,290.12355020509153
1466,0.002749847740315917,52.781008519096304
1467,0.0024981257956824265,53.59915794409761
1468,0.0027743133446399707,168.2717726766004
1469,0.00242084643205403,29.676164911147445
1470,0.002411493425964951,104.38641685591855
1471,0.0023640897615824557,63.85209014242726
1472,0.0025412814309499925,298.3371814920345
1473,0.0026742092550507395,32.00798497563374
1474,0.0030424711314543827,30.047021894676032
1475,0.002948793848856798,228.20354204230097
1476,0.0031212052567096246,311.4954393650768
1477,0.0031511033871951936,45.663028249545306
1478,0.0032156542222002973,74.74155220048002
1479,0.0030569506040616966,79.583287948548
1480,0.002821744985174684,45.14419666145529
1481,0.002905927727957712,246.77124395482394
1482,0.003230273569912281,300.24801209084313
1483,0.002958182488161493,256.0225511955807
1484,0.0029101240165644035,33.18173906662317
1485,0.002779034927450332,45.51982386061681
1486,0.002970940776769135,57.09496757525094
1487,0.003045627153839852,30.66379083794776
1488,0.002740790752319763,139.9210170835722
1489,0.0024156953714319154,81.03330715305927
1490,0.00254151105764322,77.45579179295346
1491,0.002812788833799804,31.782401038492488
1492,0.00258573956666047,260.05762516695665
1493,0.0025725722330991693,28.39597827778329
1494,0.0024401294369034497,99.61199935787862
1495,0.002158939829878991,26.255277061366762
1496,0.00252932563618966,326.9201947149987
1497,0.002668948387984974,142.4849439550444
1498,0.0028753708707385654,44.79626453904388
1499,0.0024438260906418483,103.65755328174846
1500,0.0027284992753791393,297.9966666262913
1501,0.002866794451557357,36.217291655431914
1502,0.0027323213538534676,151.73172666718116
1503,0.0027973502345213837,303.6788080553209
1504,0.0029705888020823924,105.92428438164939
1505,0.002803930710365806,69.51895211687408
1506,0.0026975243609568505,73.83800897645955
1507,0.0027472698483385085,169.35480029345263
1508,0.00301019678633619,288.5586190760664
1509,0.0026943746817668576,137.6747244499297
1510,0.0028836209185955884,127.22042914862548
1511,0.0031026402615349402,47.913828771068395
1512,0.0028599861480787777,42.42860999345643
1513,0.0028953230086762203,27.75939113683516
1514,0.002604465157442758,60.035401054565355
1515,0.002472233176707629,55.112554357261025
1516,0.002458323201878827,75.0959082146668
1517,0.0027280466494520803,136.84039522570743
1518,0.0026416194288554533,170.6306548161976
1519,0.0026840442101968356,59.87020259296289
1520,0.0027586196751640687,45.33234696406665
1521,0.0025565666834485123,49.78417161440015
1522,0.0025616032481599826,128.76498669385313
1523,0.00256552473494933,60.916292916064556
1524,0.002641536884151668,238.27216522340422
1525,0.0024372547203921177,107.95671925029939
1526,0.0023702197228478075,34.92267189173056
1527,0.002471865593411197,151.18492232416355
1528,0.0024550339068220048,87.21012475910578
1529,0.0023028744890888045,173.5048798183671
1530,0.003050262677292763,47.219043495207764
1531,0.002212190103671526,83.81022422236767
1532,0.0022673646404447767,143.10679756521108
1533,0.0024733850908964547,242.71366662596384
1534,0.0024825352908445777,232.75328045149652
1535,0.0029092810108815714,62.84604351299662
1536,0.0026800360378454557,143.2773389930809
1537,0.0023511039049727684,59.508246817156454
1538,0.002382393887744221,33.32649861078529
1539,0.0025937371658450313,31.563681010168025
1540,0.0022398976209213007,102.94477365495261
1541,0.0026223444902742895,40.94227448599159
1542,0.002664773231873356,232.11890881848993
1543,0.002680033672524416,138.55089077948912
1544,0.002792876693387319,252.2675570617503
1545,0.0022122875781891613,64.74766147645383
1546,0.0022440551426903955,34.16660975775301
1547,0.0024719250886354946,65.71070149977729
1548,0.002616620342548187,309.8317588514347
1549,0.002707210735563012,234.46770051049802
1550,0.0028839671844646535,164.86994675898077
1551,0.002512267039352222,103.5751010343641
1552,0.0026266908668222348,55.75644929897662
1553,0.0022490775425404565,31.5067314119082
1554,0.0027259734305064443,289.987600760259
1555,0.0028399874559413133,42.04950853852312
1556,0.0028353680373285114,141.3617592133317
1557,0.002816859230377529,165.2505190696001
1558,0.0025512710011574035,239.8835239774702
1559,0.0028866042161122866,127.2483930196732
1560,0.003131321903617298,290.3943337190525
1561,0.003187027628785124,141.80050606058853
1562,0.0032113278782792175,95.34661716853937
1563,0.003107224338021035,66.66609356700302
1564,0.0028663951491650482,98.7892553242578
1565,0.00282069508620672,68.61746982797744
1566,0.002671393457355655,42.53074066159099
1567,0.002883844162252816,49.12134450054549
1568,0.0028513762435794575,128.03040010192382
1569,0.0028629062362597324,46.553981910368286
1570,0.0029947683087520223,306.41341841888664
1571,0.0027019979368725962,49.541177205968
1572,0.0026717737297511914,240.13909209837732
1573,0.002598883536536736,297.7305623285077
1574,0.002652449699087163,57.88281746614868
1575,0.0028552935844468807,67.54509043177671
1576,0.0027982066841670187,70.27758267918593
1577,0.0026126218425954486,54.86911782410377
1578,0.0023904312850366273,83.03361857827713
1579,0.002679918117679598,162.25671263899102
1580,0.0027781722323693843,43.402680207504076
1581,0.002407251861225345,150.7565667431019
1582,0.002752707687634516,228.55645825133132
1583,0.003230999982571864,47.37638485920255
1584,0.0027622421286930777,105.65067347900604
1585,0.002582372624971667,62.97057700049139
1586,0.0027866023414059205,52.552473794458656
1587,0.0025909843551066873,151.9885515242058
1588,0.0022359504557145455,69.8620933675743
1589,0.002466294876119884,45.13957915945205
1590,0.0027272548428630794,55.04654050186359
1591,0.002280623491183301,69.0058085396677
1592,0.002597701421186236,228.72546880757432
1593,0.002609171187280233,50.913769355846085
1594,0.002386746616209096,104.70691667705537
1595,0.0025140684657748214,303.19203814455716
1596,0.0023794223079981356,133.83011554165327
1597,0.0024554596948783494,77.57390145540273
1598,0.002311303801462534,183.52811131308846
1599,0.0024760380385743593,130.01578344062938
1600,0.002609374136944764,248.64954009681273
1601,0.002302116875048691,105.86984560065842
1602,0.0028144148418130163,168.75432961470625
1603,0.0026719967079131763,76.58508806102525
1604,0.0024080599678993606,148.24624603941413
1605,0.0025845581903290453,313.57468311074143
1606,0.0024903127366620727,29.864756871744852
1607,0.002879018529584721,309.7267261911571
1608,0.0029495408557154035,75.8179175871922
1609,0.0024452238116778476,42.01517140982798
1610,0.002701748313045065,31.857685088513954
1611,0.002414910568239231,46.09683994809874
1612,0.0026017232409615712,107.75235577625492
1613,0.002611719231013845,250.21248138966203
1614,0.002757698062151366,109.20091657804788
1615,0.0028583357325751915,64.52602728290155
1616,0.0026060720671196766,317.08259989743954
1617,0.0023681766627267047,223.89652441376853
1618,0.002886915368686334,28.723911338633982
1619,0.002387953783209713,106.11673677505014
1620,0.0024297570992145956,164.58398593327234
1621,0.0024571918866372316,33.89109240295182
1622,0.0024762879706591214,102.83672685845248
1623,0.002249938893862808,180.53145271960503
1624,0.0025174319352781575,78.89945622442738
1625,0.0023541552959200503,47.08583594771294
1626,0.002194760617000776,139.93554396485067
1627,0.0019715611283922605,94.86039210377318
1628,0.002019283019711713,232.02432502636668
1629,0.0020961057457076168,184.29642745446046
1630,0.002074426078301307,69.59406140479517
1631,0.0022879129867172145,300.06215447101397
1632,0.0025504413947281036,232.48799530422332
1633,0.0027349852551616584,98.53986445808258
1634,0.0031887071702934415,29.72253571733556
1635,0.002995324755275191,303.5825620737323
1636,0.003194162158406008,64.80591424509971
1637,0.0028984537635439018,173.25823744426975
1638,0.0030209990602100716,130.0845046941901
1639,0.0027218517028483225,53.69985613111217
1640,0.0027306590745865833,106.06327206277237
1641,0.002651694819160062,146.65547939696168
1642,0.0024743541702760426,49.41016869289103
1643,0.0025804881222196035,245.44758598115664
1644,0.002721486959170941,317.6693136190227
1645,0.0024969379625651308,81.17741065954787
1646,0.0026643457227196036,50.01431613592445
1647,0.002508225941095537,244.4938529383645
1648,0.0026240232023032935,82.51864788961086
1649,0.0023013115392500737,74.20584785226627
1650,0.0026592803611385856,311.9815861845167
1651,0.0028654780981014483,75.72719111549924
1652,0.002680879653877993,312.44955249773255
1653,0.00271600571613817,93.2897538833398
1654,0.0030297463554479938,71.24981419405732
1655,0.0025594558429548743,80.0705818231681
1656,0.0026461891852430186,147.46070880182714
1657,0.0027105898234648772,163.46570976417476
1658,0.002879509110317559,82.7486096944005
1659,0.0025853709362186113,80.53528178194036
1660,0.002725323460583619,138.21985372407082
1661,0.0021568127392538067,157.18705484514302
1662,0.0023322210302607676,140.9957279560565
1663,0.002347286119083478,166.46318708727824
1664,0.002367068228353273,62.49590624919054
1665,0.002637494503265053,245.354791608035
1666,0.0028166426877312043,251.97817546300934
1667,0.002675810829984855,87.45076701591127
1668,0.0027834898779397457,241.14452239668196
1669,0.002998640349765593,321.82852398228323
1670,0.0030840391912285918,49.4881271784322
1671,0.002863479779897084,60.387327115772834
1672,0.0028317652713981106,29.357562029072724
1673,0.0025642414743899658,33.903422595262825
1674,0.0029732549076671,67.09809960540835
1675,0.002529876651572743,73.72649344938661
1676,0.0024566408620385854,75.75098863734407
1677,0.0023773305816627123,259.620067176842
1678,0.0026378620001624394,319.61426447456114
1679,0.0022924370122592128,103.33995568551012
1680,0.0027125715157471568,315.55855979474103
1681,0.0025904704714496173,114.19463809405882
1682,0.0026926384913118404,73.48075759438998
1683,0.003033761721793857,240.69120388566753
1684,0.0028957637860565735,180.70691624283984
1685,0.002507827721901463,34.188559103461266
1686,0.002815746858917483,249.00997103545666
1687,0.0030024662216767456,129.88749719390967
1688,0.0029761554221811428,81.73684308095362
1689,0.0026234009839522484,137.3365726074415
1690,0.0027651461453605804,231.01017032171202
1691,0.0024949731154704532,31.250048455791234
1692,0.0026530436127193916,48.78776913642432
1693,0.0030028644478779123,112.51896506652908
1694,0.0023220194290677846,48.536157257896015
1695,0.0027220188674492384,325.8742035558222
1696,0.002985413784203543,51.390158080476205
1697,0.0027074671711442037,162.7201518910278
1698,0.0025616619355972223,323.59226956187365
1699,0.0026266366210658124,173.16633992901552
1700,0.0027890470437876716,330.49816571550343
1701,0.0027699589289211972,78.40712797283923
1702,0.0027446805073976003,30.85636155795843
1703,0.002510657819084067,150.14501413098856
1704,0.002554682842487268,81.2370582605742
1705,0.0023526126980202757,248.81680329234376
1706,0.0026439973671340093,77.52208966392531
1707,0.002427531833605966,101.3471887669057
1708,0.0021659740588382613,96.15390696684949
1709,0.002109480611595199,60.94499410077935
1710,0.0021799375377172096,53.20218720722972
1711,0.0025237713768841733,227.79966611647666
1712,0.002509529518401659,81.43547265029197
1713,0.0024843174027934104,51.47034424492577
1714,0.0023962173555363816,47.1157709038881
1715,0.0025078958584772945,317.07389732167826
1716,0.0028330712930194645,136.8893432943342
1717,0.002856451388321478,53.011716832873525
1718,0.0028223818957754067,151.73010730344154
1719,0.002444593711586024,102.39531887783183
1720,0.0022836204652038933,78.8614841587224
1721,0.002551474766208065,144.7287267872624
1722,0.002471214062735299,177.6993223393757
1723,0.002418358211890968,68.32281324993043
1724,0.0022866517106530527,141.50071444066197
1725,0.002666840113962871,172.8396508438264
1726,0.0024296672381751705,50.566539096097664
1727,0.0021910441165515697,63.53550568943058
1728,0.002404957314535171,49.45593026991033
1729,0.002174616900007803,136.30635059034714
1730,0.0023720530482766572,254.1502981545698
1731,0.002254383746852928,170.1463177868403
1732,0.0024094938848504862,27.381533291333454
1733,0.0027411998258189255,49.43653294416341
1734,0.002445020967319704,32.78053361495287
1735,0.0023171976911904382,164.18761995217392
1736,0.002692091525939292,311.7974359246048
1737,0.002925135826746146,328.06871333524947
1738,0.0025422085289557635,50.13392371501693
1739,0.002848318629813465,51.99609056644695
1740,0.00244566893190888,84.01543438707421
1741,0.0024725126466084756,96.45636580821042
1742,0.002982107589246127,30.467524310638076
1743,0.0028249407387820297,32.763230756166074
1744,0.0025135693600199195,245.56390664564077
1745,0.0026813392228527497,103.18729928061234
1746,0.0024435609190377517,67.81660606996837
1747,0.0024837880425079215,312.44416293555383
1748,0.0023981352632462577,82.6321487813909
1749,0.002120652991751823,42.932234110606274
1750,0.002540434709218746,172.20231948904205
1751,0.0024221740880828544,29.370134329857855
1752,0.00243064974900745,239.58055659560466
1753,0.002796208222130638,255.51158295611515
1754,0.0028026076576101,51.04563638275903
1755,0.0024170639897958196,247.61738502392168
1756,0.0027859794723347655,180.44738357931487
1757,0.0024191910799179987,44.987463283332865
1758,0.0024284417043170174,321.1940206064455
1759,0.002743162816943983,243.7428925501126
1760,0.0021404552128426414,64.92901284302094
1761,0.0024124691575444866,182.46063822783353
1762,0.0022789028940866864,34.35016160659061
1763,0.00228199500105058,47.837925452893074
1764,0.0020725177225396924,262.0726244707131
1765,0.002092684954069397,66.07183525030757
1766,0.002290872511996265,105.06040324525446
1767,0.002402592395221393,249.2326752876116
1768,0.0024671404791717444,174.936586488414
1769,0.0023706398178300996,79.9464738719671
1770,0.002427887765498482,146.27061182384958
1771,0.0026413608955573927,45.99993536039991
1772,0.0023376240319837593,317.988665880781
1773,0.002430215703694754,76.23503671669543
1774,0.0024606530180257134,31.314370642709537
1775,0.0025192147516847818,323.58253191999586
1776,0.0025009641734433105,256.62619190781896
1777,0.002019427811068579,34.28065444122848
1778,0.0027931892764172517,48.849701733370864
1779,0.0025998882351595384,313.6828956879167
1780,0.002866576418595147,112.21853938415944
1781,0.0028358595046086865,245.6376441752117
1782,0.0028917172548972303,95.21830569486825
1783,0.002839821076686976,33.52953415749167
1784,0.0028789411992344053,150.12335218017787
1785,0.002805348227081016,310.9067746987514
1786,0.0029992519210447263,57.13022417387954
1787,0.0029844906155272505,247.77578806492215
1788,0.003098532984924378,261.6920317146888
1789,0.0027745724254255666,31.299940115711664
1790,0.002800474515810246,57.42837111454738
1791,0.003123858841640357,301.61145455311623
1792,0.0032018370992088806,187.45993903445844
1793,0.002917100000062915,48.394812988447015
1794,0.0031848800379936054,131.66678484575135
1795,0.0030055632286949746,54.84742136331545
1796,0.003159014309514188,79.05472256260312
1797,0.0026337692718182036,83.43262138471442
1798,0.002170795753744852,101.31808280788265
1799,0.00273305483426804,58.631803641420476
1800,0.002716737724227101,68.0427625564493
1801,0.0023164872761518725,32.127686360658736
1802,0.002671767057090057,177.05530020064083
1803,0.0027053775699903905,57.91588331972689
1804,0.0024756807528879456,98.9387092369597
1805,0.002513199088174257,48.85975861629349
1806,0.0024141185024741073,312.53750161389996
1807,0.0025826398753884803,326.33108715833373
1808,0.0024900490147543182,50.10508609950493
1809,0.0022486444940323755,116.38852431995045
1810,0.0024529727053361314,148.4235498786515
1811,0.002340594943419446,69.273859874775
1812,0.0023122744335983183,176.711989236609
1813,0.002366749418492354,127.0244775199186
1814,0.0023166190832072005,134.9897768478479
1815,0.002398877332657198,74.2261259579836
1816,0.0021505502821390645,139.4274783463946
1817,0.002360089419861482,66.65386474671878
1818,0.002542681050695607,34.894029212276216
1819,0.0022159495042005707,165.96850174415454
1820,0.0024781223637912885,146.0954905406945
1821,0.002478726219734327,139.55170304898385
1822,0.002508579681502019,245.80873864051088
1823,0.0024324304209527173,321.9432736634195
1824,0.002449832054794413,32.886345342066576
1825,0.0024691617246029663,146.8338317935197
1826,0.0023056315475440824,79.76026624126852
1827,0.002618350065951385,318.39216525723003
1828,0.003080768025194464,52.529004756796475
1829,0.0023563579728441506,30.39738567150936
1830,0.002245446359979567,30.52924316616566
1831,0.0026538057141407534,326.73050481433546
1832,0.0026228523227097146,34.23746088109905
1833,0.002447380662819011,46.614979910426094
1834,0.0020095676917317807,31.089568473669978
1835,0.002662834415316646,32.13447561108708
1836,0.0026714177839984097,98.61539610434104
1837,0.0025217192488233165,62.61531616880867
1838,0.002618937120885299,32.67959619887286
1839,0.0022931844800903904,181.60993061219162
1840,0.0026851719709972306,31.609579699670828
1841,0.002535482027199648,99.88197996280614
1842,0.002397100042542943,249.79572599143108
1843,0.002566663285258321,40.553043127027415
1844,0.0025816643269379333,30.956433774782596
1845,0.002172234406501402,64.62245161415876
1846,0.002347665929996718,168.71870520763164
1847,0.00234055158387418,150.28163083668034
1848,0.002066445379851161,34.422077456684256
1849,0.002272906783115019,150.43508175351033
1850,0.0021863530785375244,34.56720913112637
1851,0.0020654131351305186,60.889697605233856
1852,0.002406852999439042,94.48642516298723
1853,0.0024058745830918397,310.8817925800979
1854,0.0028718703086206944,34.153433762700715
1855,0.002638057137977432,246.12891439465878
1856,0.0025325726224175115,261.1636044957781
1857,0.0027293508148505258,152.87666574253586
1858,0.002783470776255669,59.702013569699425
1859,0.0026526189514599436,65.21552805116417
1860,0.002891768762889445,314.5818901071836
1861,0.003051873921239431,48.07183608986637
1862,0.0026638214440026786,45.999233958762176
1863,0.0029385230467966522,61.425509537749654
1864,0.0025963075691047503,70.36731582273957
1865,0.0025593579829687706,250.6574151565366
1866,0.003169979471456796,61.78757137327556
1867,0.0025595136131734172,76.98822423086175
1868,0.0026316262599059633,49.37811183111882
1869,0.002454246700905899,104.4302309541375
1870,0.002224441268901081,97.84999898534754
1871,0.002157513487313386,113.63297953525473
1872,0.0025729268756829416,105.0643954579147
1873,0.0019814893447062712,139.2043674125184
1874,0.0022396344760496644,98.72776496848788
1875,0.00197880490654475,94.03128735874007
1876,0.0019238389033520342,74.43887954205
1877,0.0018768466329522394,139.62945482785221
1878,0.0018926689418466676,50.71140456741137
1879,0.0019620561242189387,180.38248993450682
1880,0.0022090934194098156,176.43948378983617
1881,0.0026041187759894098,305.0419596385789
1882,0.0028226623422548023,78.48228732831596
1883,0.00262313550093226,249.36317206112273
1884,0.002404087034718996,145.83876661000707
1885,0.0022727282188937134,33.20302502874204
1886,0.0025335979120451927,128.59481071461883
1887,0.002682067179883798,32.125237434503354
1888,0.0024367900310238127,59.33804811035309
1889,0.0026185053332700987,253.17714551119158
1890,0.0028475375760395904,106.83788936794615
1891,0.0024684580837793903,29.61766426807407
1892,0.002523629247380742,184.31524116123794
1893,0.0026550175063111336,32.739753064945866
1894,0.002503867113608232,48.387600836378034
1895,0.0025454430725893383,111.37428380632132
1896,0.0022843616715656056,62.724558302423176
1897,0.0020737856929932044,97.58626874473327
1898,0.0020740732183646324,242.71936029629157
1899,0.0021778266435265666,80.56407125606789
1900,0.002037100582548681,108.10211658238319
1901,0.0021131593928601566,180.95923734312345
1902,0.0022011174640561046,66.4949049157251
1903,0.002080313805900286,184.0062433771672
1904,0.0018651541359832736,81.500360364419
1905,0.001816510186472442,49.25877380431884
1906,0.0017740017937069648,181.8666528592089
1907,0.0018887720218251753,150.40911998055813
1908,0.0017706093404458128,32.63560912135876
1909,0.002046279273809677,108.87552097488945
1910,0.0019200333177701702,253.17644870474194
1911,0.0020425790981307545,131.04212919029484
1912,0.0017962177841360932,87.49306130554021
1913,0.001965171638018711,149.20566440156605
1914,0.0019068080437136814,50.35229322223325
1915,0.0016414225622507644,152.73914123717836
1916,0.0017687125104743787,78.3908640210708
1917,0.0016762699149865438,141.2758653610593
1918,0.0019235549059272855,329.0199533698223
1919,0.002118509162336033,104.5480978052126
1920,0.0019501064554006862,147.53880046064458
1921,0.0021064803761579294,244.81811029658024
1922,0.002564938843130859,182.26038027947422
1923,0.0023514178410550812,108.1426354051715
1924,0.0023756659184988814,147.5803180243716
1925,0.0022792593970900107,47.436018901656546
1926,0.002246711140077633,110.94594736877302
1927,0.002199383160994581,35.212232897896136
1928,0.0023088852432126042,259.8913728021969
1929,0.0022570814740532313,68.99654400652449
1930,0.002408111076514868,321.0454596039739
1931,0.0028632514937459654,32.84266901334886
1932,0.0022324861412326034,189.99349040425733
1933,0.0020054028411091137,138.40591890491243
1934,0.0020447268591743846,69.57767727070696
1935,0.00226828626061984,243.49154409456222
1936,0.0025179219938779125,59.93746487045748
1937,0.00235706660081399,331.6069776535368
1938,0.002372652987178787,143.72391635079882
1939,0.0022561254869476123,31.449458786241955
1940,0.00217828372975854,261.3260802903742
1941,0.0022711100173182786,51.70354223891155
1942,0.002315120870732174,122.02583541780164
1943,0.00220705349684894,46.31830147464287
1944,0.0022837839441726335,81.04960395707835
1945,0.0019157008807371585,328.7940727913933
1946,0.0020515813939218294,78.07198442818722
1947,0.002140022576927079,30.303338003596412
1948,0.0023489250090968764,27.99139431194127
1949,0.0020080676616425065,325.1433192781501
1950,0.002154207478689876,110.3556971762909
1951,0.0024976764138627166,179.18152818434763
1952,0.002248295583430985,179.39314948982914
1953,0.0021241547506793425,84.59123569322979
1954,0.0024762239129857452,326.339948442827
1955,0.002673070965432668,48.24771383846313
1956,0.0025648312105649614,173.90034725666683
1957,0.0027120729225418743,321.7467227393972
1958,0.0022236940558532543,83.5519750208428
1959,0.001949779280378499,72.47113460954
1960,0.00208074195157875,81.55929615580844
1961,0.0025443667937310992,29.76149937689583
1962,0.0022281032403183277,115.60012511508184
1963,0.002345225830524701,258.67755983423876
1964,0.002038876876166299,186.9135428115297
1965,0.002158524250787486,179.62390666005382
1966,0.0019938814639692617,177.93932707837155
1967,0.0020841213397663804,117.74551184627805
1968,0.001947453140244236,172.1930769291037
1969,0.0021255242109790825,53.05154075532719
1970,0.001882188447403866,33.002736149552824
1971,0.002105683994234345,194.50692554641898
1972,0.002106154807087168,169.47003911657342
1973,0.0024381708631669437,175.7766178262062
1974,0.0024026790739629755,47.85128793285842
1975,0.002634629367755472,50.727552330373264
1976,0.0020638046222277947,156.3074808761618
1977,0.0023990168368602906,330.03238579453915
1978,0.0025747006475041003,142.06125211545668
1979,0.002827905253890466,251.24912968169718
1980,0.002763509483564711,66.35641542279853
1981,0.0024347358583425476,80.37444273276172
1982,0.002297717002059879,30.704847391954242
1983,0.002483958536481988,338.22193547777624
1984,0.0026217202126785056,105.90625919869187
1985,0.0024387732372325934,111.87629604280453
1986,0.0020975327887926315,80.87471170972523
1987,0.002025659120566136,76.8207173318143
1988,0.002315331671442519,51.73302313968194
1989,0.002320757271122666,243.83706494038185
1990,0.002061909678268796,188.22840808583126
1991,0.0020012403868443877,28.500799352188352
1992,0.0020100183613645972,47.26264911871929
1993,0.002198321577649236,90.45910328953042
1994,0.001852007710907164,258.80108808735815
1995,0.0020341239173125906,340.9342744657781
1996,0.002153539271761926,141.484863789703
1997,0.002354329002462857,47.575336192192445
1998,0.002046150592260468,179.36006054056926
1999,0.0021001195536882733,103.7287739727076
2000,0.0020863292464293245,51.713300414580246
2001,0.0021042611039196013,48.01757338020301
2002,0.001855756746678978,87.02342942403742
2003,0.0020673470209938106,99.29458044785422
2004,0.0023164112975816212,137.89083458533293
2005,0.002508999931720648,329.5449544296051
2006,0.002315131275771329,119.03634650840212
2007,0.002446045749820769,35.182390530638955
2008,0.002612230087959625,33.85427491893509
2009,0.0022757489045709253,182.92263227396452
2010,0.002559203388980831,260.382603747278
2011,0.0026304898985307027,53.093877079004905
2012,0.0025380538451935213,68.27544547236492
2013,0.0023714816446795796,156.2083344356471
2014,0.002226944027246315,50.97020512158668
2015,0.0019907000744235513,84.55429018918186
2016,0.0022673342860837493,332.0180038817209
2017,0.002494618483113416,337.4392318821263
2018,0.003153947254097809,50.52499211217725
2019,0.0025434331191590133,271.7947622150813
2020,0.002348884994157393,104.75319381261504
2021,0.0025326084643642515,32.574686527437294
2022,0.002693123681351211,151.09789235052608
2023,0.002548705878645808,261.08502064282214
2024,0.002223619793890189,81.2985466699328
2025,0.0026761478733482056,260.7057359911486
2026,0.002467987826697119,343.4765366110895
2027,0.0025387263377782275,327.9634212745967
2028,0.0025979361546465234,258.21968299586484
2029,0.002552688877895167,192.17851097493465
2030,0.0023220732791042584,97.34534520247065
2031,0.002576095956626142,135.54614242527947
2032,0.002533127620423124,253.55838481508707
2033,0.0030716107075686276,82.35353447540672
2034,0.002654647707598857,108.50510629017754
2035,0.0024262338192784227,50.58048114691937
2036,0.002427932260616217,52.64051059538028
2037,0.002281927125606895,330.1557919940449
2038,0.002169653400901744,273.3844203535121
2039,0.0021287510190577084,143.72462261477207
2040,0.00209937712874701,187.11188790139988
2041,0.001971686305043158,177.22888192413552
2042,0.0020150827112956904,108.09018309410678
2043,0.00231600696013065,335.47644732374516
2044,0.002362399676187611,243.08600476453287
2045,0.002574612277385313,70.68014834848175
2046,0.0021050867297413662,31.916719555334286
2047,0.0024813421465577196,147.39039733777892
2048,0.0024647783010535067,64.72391748426607
2049,0.0020292440859865845,32.32550104445694
2050,0.0023249919465821015,187.01687489019977
2051,0.0021362991209081463,107.33842631834852
2052,0.0022605131544531612,172.98813641361423
2053,0.002170238604225566,256.84907175093383
2054,0.002181109717219862,101.02511776678742
2055,0.0022596329339172314,324.8366194462149
2056,0.00238819902544082,262.6222258425174
2057,0.002594608978147651,347.8235569732876
2058,0.00245270879983356,35.03630622714795
2059,0.0023067901681563603,54.403397172084
2060,0.0022482390697251492,263.1857539502071
2061,0.0023250061874593594,67.57592161110978
2062,0.0021124663012001706,46.97108574085853
2063,0.002339104953607797,337.10423911015624
2064,0.002283072424411253,59.73736893670031
2065,0.0020523376363350758,348.0642876921035
2066,0.0022041198374117715,328.7486073008848
2067,0.0020716864434643096,63.32276718403914
2068,0.0022455604025295047,328.1552276715354
2069,0.002549261647158453,335.02016550077974
2070,0.002282928147844544,66.02763771781143
2071,0.002483854192240838,30.888534664030313
2072,0.0025298914919267435,316.1604175578861
2073,0.0029800389027120735,84.71836030721383
2074,0.002616741469492448,155.14610245261736
2075,0.002375460263003314,349.12443673717667
2076,0.0023397542253846527,198.9171200606798
2077,0.0023354586649762046,333.69647680254184
2078,0.002347753233069935,48.77312943147444
2079,0.0023713218808454157,74.65210645253353
2080,0.0021476052132483586,139.29992314320455
2081,0.002045873280043121,54.96696905276496
2082,0.0017728422575270417,41.80452880126718
2083,0.002013893041294068,47.65518567082476
2084,0.0021858450991843917,252.55819936751516
2085,0.0022394595322575758,157.50564723339232
2086,0.0018741125858157573,158.53741943100283
2087,0.0019315217131156562,156.77843679451536
2088,0.0018879182348099835,193.45591986963905
2089,0.0019232102201184283,143.7031135229844
2090,0.002059178743487999,157.44024655683938
2091,0.002002272279871529,111.84778284361201
2092,0.0021020253884624666,178.00510346852258
2093,0.002016373483034915,179.22657856159452
2094,0.002139880398842542,186.28217344442297
2095,0.0020938937803392137,75.3412755173099
2096,0.0021605995315837046,255.82091475435737
2097,0.0022691472648579815,57.885017536877264
2098,0.002279054658198891,339.83535715892225
2099,0.0024946383234916063,266.38995584028146
2100,0.002261368059257667,187.01844473489496
2101,0.0024960703074332112,115.17347623832799
2102,0.0023924690843880945,34.125670202139865
2103,0.0026734515992178453,49.84317945920953
2104,0.0024231834481267148,148.74219630595775
2105,0.0024327954269147524,341.2499786947643
2106,0.002040999352426172,29.69007755514744
2107,0.0020165432335390405,86.17775454139041
2108,0.0022204599246414057,99.35141197205674
2109,0.0019995500946683484,271.3325489843777
2110,0.0021061285806354135,81.958751574672
2111,0.0021432995542745256,195.08261673274427
2112,0.0021277949457171263,61.103089236325275
2113,0.002343706703843939,73.45504187604
2114,0.0029486264730539087,44.229782855832234
2115,0.0022623667162816404,262.2951463354148
2116,0.0021022353752853415,32.189743178069236
2117,0.0020317163761332346,260.0314284829644
2118,0.0024260023492388427,86.42545198463726
2119,0.002305376644058428,49.15466769653422
2120,0.0025205335636697287,48.18026366750504
2121,0.002317607490852933,67.94831251111897
2122,0.001981565749288579,43.85542641295469
2123,0.002031637903257302,184.7233530684923
2124,0.002098712757062983,184.73134199238802
2125,0.0019971944658953526,48.81384298609719
2126,0.0020299527057457607,256.05040351472223
2127,0.0022459719997553968,337.29609478968115
2128,0.002053120338545837,43.366014479670206
2129,0.0019927652242936,109.30626553530371
2130,0.001899949017808235,157.1662669431493
2131,0.0018678142835349056,52.61730243664932
2132,0.002014128365080466,258.2121416591266
2133,0.002012984099075346,113.41767028661367
2134,0.00222647807499989,246.29214771527745
2135,0.002367649154951902,52.1915312386172
2136,0.002488124110519775,341.89045875930105
2137,0.0023109832702513026,180.15814228868533
2138,0.0024233166290194555,67.12211304351943
2139,0.0025131395852275255,343.5448814838522
2140,0.0026791399279843353,176.37493403606686
2141,0.0026483893901236913,189.1411735891385
2142,0.0026051513183042965,270.1237005267411
2143,0.002412164012331247,65.13395182371353
2144,0.002140336000007396,149.68575597842784
2145,0.002547040985849559,332.35554380816683
2146,0.0025511122450655125,273.0575386936923
2147,0.002664553653850252,34.90929138205514
2148,0.002521818097660356,88.46733934710115
2149,0.002561150934619444,34.14626257904364
2150,0.0025638717166826214,186.11637138029892
2151,0.0025981486862907384,263.28920819705746
2152,0.002645006018946318,328.6319403625729
2153,0.0023730558992021643,259.74529134700083
2154,0.0022763862918471897,193.57620309741793
2155,0.002341326189553898,267.1008802385778
2156,0.0022745082316174316,61.286462075478134
2157,0.0023422963401610337,266.4542658587624
2158,0.0024350690079948186,46.99458540382466
2159,0.0019710444670496285,104.9487622608839
2160,0.0022789144021319475,338.09577637341357
2161,0.0025412950169526657,336.425930061305
2162,0.002475746875681015,32.25308065251697
2163,0.0023921696320730215,102.32299464478695
2164,0.0026645653415471315,33.9258426858292
2165,0.002591380890597114,160.2336392643258
2166,0.0023385629063310356,71.22069502201028
2167,0.002074076258499275,142.09413895403947
2168,0.001864294942854692,50.25931263385955
2169,0.002211576600234981,84.18560417791872
2170,0.001976045156466584,49.65798112143079
2171,0.0021001639645648247,156.5988727078257
2172,0.0016066291617470277,89.90958634559719
2173,0.0016944553636229535,67.62837800652905
2174,0.0018207311249380626,104.32462631105248
2175,0.001821699259226542,69.78190713006083
2176,0.0017657284472792076,200.16397979043384
2177,0.00188519401081796,336.9571011396023
2178,0.0019253653902032868,337.31789474696683
2179,0.001948107586101217,111.15590661529919
2180,0.0019288722390695978,87.14240768169208
2181,0.002162307946748005,150.91713285719487
2182,0.00210104614288769,352.9828639636837
2183,0.0020549633316642776,49.760008522394614
2184,0.001969600519006826,197.36281409815234
2185,0.0019489986945972729,349.2559928690699
2186,0.002464510587742552,33.30263684254486
2187,0.0023394139044251067,326.5761257171627
2188,0.0019287400682515,56.549907827439974
2189,0.0023505822034845985,272.8557306801249
2190,0.00196739165378325,37.03310889755856
2191,0.0020743884270682986,346.42502418042494
2192,0.0019651699356192974,107.28066013890515
2193,0.002288264193215952,60.60722970899194
2194,0.002062948536183679,330.8018875975259
2195,0.0021541501465225546,103.49514296693422
2196,0.0019503646279288758,85.00308960481999
2197,0.0019145708397814273,78.12071652638782
2198,0.002101160109613359,66.11168772798763
2199,0.002154784434539361,258.38774121118746
2200,0.001566297536240969,112.38106516116056
2201,0.0015926180477451406,62.379028154170534
2202,0.0016147437746263102,144.9120394117237
2203,0.001750605829494096,137.94933120920447
2204,0.0019358802529985462,124.86413627135178
2205,0.0016891054645482753,81.60345748012669
2206,0.0016218920893813695,51.128166227966844
2207,0.0017159616910876266,262.4778311393008
2208,0.001773815225927128,202.69238451516253
2209,0.002014965036731406,33.52213656135712
2210,0.0017577427028324423,162.03113189040627
2211,0.0016693630339585993,257.1615589268192
2212,0.0017378724475526502,89.63235413521912
2213,0.0018431001646097955,204.66104085423038
2214,0.0014918422600423019,32.87041030069869
2215,0.0020507720802759814,49.754097359552325
2216,0.0019116864744071129,48.91336951321828
2217,0.0015117725146213874,87.32750863552269
2218,0.0016846126902422284,63.94673493621083
2219,0.0019328445426005849,48.26970490770958
2220,0.0016590678985557669,192.4770799505553
2221,0.0018528667671882824,76.50188632855605
2222,0.0017986783168453258,89.26353142787987
2223,0.001551707184632305,72.5292827780125
2224,0.0017320056156747271,112.54537137162384
2225,0.0017571435093132767,144.99836269529462
2226,0.0016166397536388536,63.219057199052514
2227,0.0017796490806625076,268.67358754390216
2228,0.0017551237208149146,152.49472829939535
2229,0.0015291405961134247,36.31265246072892
2230,0.0017419787213136082,198.19998531899117
2231,0.0017192504815925257,156.00155753507894
2232,0.0015923635213057731,66.15292394949601
2233,0.0016020549327071946,71.37483167719847
2234,0.0016458519141353365,86.80867887229282
2235,0.0019592617565532835,343.128224905817
2236,0.0018169927043345524,107.35377860773855
2237,0.0020527331228204567,349.56799918083885
2238,0.00221493090993364,335.73634131032003
2239,0.0022766686828833635,68.93565897501612
2240,0.0024358446311529866,274.1282576723248
2241,0.002967565640072531,31.919373400145606
2242,0.002552414624068629,34.36003050460555
2243,0.0023549894231859746,186.41046605240658
2244,0.002349026360231381,361.7554831452874
2245,0.00207729572586966,114.81926590020012
2246,0.0019240642763640647,269.5986359688318
2247,0.0018191043689872205,339.07901978170037
2248,0.0019788185133868615,52.750695015185144
2249,0.0016886463457233953,83.23817901466326
2250,0.001577588556442763,34.626925655510064
2251,0.001715802915233495,64.69730930264379
2252,0.001671838337412263,269.3474214183642
2253,0.001911134283088035,153.04072729375355
2254,0.00186213416927541,144.2709682355081
2255,0.001965576800020327,52.753947066197696
2256,0.0017019097915161737,345.0897962207976
2257,0.0017163664082630893,152.94276002091786
2258,0.0019551368159321184,181.97555543642034
2259,0.001706811490664022,67.81504597090854
2260,0.002030292038302256,280.5606882975671
2261,0.002060768292978255,280.1074797411435
2262,0.001984925015739935,356.54532695997136
2263,0.0021227352176019423,141.03694027643542
2264,0.0020612939350262453,155.99764462759703
2265,0.0022040160050941318,84.08464191827353
2266,0.0020226191087895644,262.4235118676131
2267,0.0020027153291881108,74.21886989059142
2268,0.0019004989677905285,268.4344075212409
2269,0.001990534271572943,79.33821451226186
2270,0.0023388083339749097,31.545861323035883
2271,0.0019299672654302118,81.55168240414943
2272,0.0016655832692651592,28.987044628667746
2273,0.0019842243749599465,359.0843848884554
2274,0.0026047328766170804,52.903709290220235
2275,0.0021248867478051753,86.16857030092302
2276,0.0019152928074287377,54.080714492294405
2277,0.002027461019679322,56.36875321000955
2278,0.002078709697922353,48.5604970153079
2279,0.0019744923431701594,80.18321639621432
2280,0.002112561604930383,273.0872469896069
2281,0.0020932025371249077,144.68547994164453
2282,0.002240143533683671,34.30748152043015
2283,0.0020161475426710906,266.00568366678476
2284,0.002065349424515876,84.65739783801588
2285,0.0021328147326690108,117.28818286624268
2286,0.001911744542752749,157.3645894262223
2287,0.0020150714351761063,366.81566194269175
2288,0.001917153952682627,270.96197868247805
2289,0.0022036053093129854,211.38123574367873
2290,0.002033468295336426,156.45293817129922
2291,0.001942465984521314,86.77084029660344
2292,0.0018353692404973019,85.0982453271711
2293,0.0015497654009056438,35.11845374501224
2294,0.001961578189071293,76.04929497790808
2295,0.0018941523543987186,67.50884824590422
2296,0.0016751255157490374,155.35113788385476
2297,0.001964872977777317,264.64135506731964
2298,0.0018973635657136489,30.180972225007213
2299,0.0017954799018455028,35.288606355758844
2300,0.0021659305925454276,77.49874635371515
2301,0.0021028467063360767,147.21396412035804
2302,0.002012922313436461,352.1489061044908
2303,0.0021557242537804493,31.10221391454911
2304,0.0020934846918232953,110.27605641406294
2305,0.001988283106212793,267.3713368635152
2306,0.002243603327007952,76.64988570431962
2307,0.0019888531199355316,127.69849090345575
2308,0.0018251935314835394,103.91792364244502
2309,0.0020358689284405737,31.949171044250004
2310,0.0018135649607830674,80.51386776320713
2311,0.0018127065419302544,190.38344447884205
2312,0.0017743862572388025,119.55150013853094
2313,0.0016901618457137073,198.6775021494543
2314,0.0018574419328785043,68.00476059887129
2315,0.0016598415985738986,68.68334711443828
2316,0.0018461870680129295,189.75649269903226
2317,0.0017524667239111015,111.02203955346027
2318,0.0018259809982516123,77.41912918138993
2319,0.00215020305272033,48.474699146828065
2320,0.0020069963231922165,255.8838155556626
2321,0.0021082750983213642,255.13840640486285
2322,0.0023328641572859365,259.0148561269102
2323,0.002616048327666052,203.45156139629728
2324,0.002373437364696374,264.78866268628343
2325,0.0022101867341853933,35.47202725174173
2326,0.0024975754886173043,67.53667100761868
2327,0.0028017286163845973,189.2643949312951
2328,0.0026111106982574074,188.55514216074437
2329,0.0020256399152928897,33.72655256718512
2330,0.0022461217325214352,125.86464612459321
2331,0.0020890444244161762,37.81443687932312
2332,0.00199776648664691,207.56375792174725
2333,0.0018599653644392115,107.5720361679804
2334,0.0018639189668055217,154.07567350332926
2335,0.0016756258651028097,32.38134836436976
2336,0.0017303652990589258,118.79390628256736
2337,0.0014982439458214464,81.37037785157666
2338,0.0019055959263906434,46.57830579887943
2339,0.0018720332552711722,350.07162170340575
2340,0.0019072701242922195,199.14901145896096
2341,0.0020896003498201803,348.8860145070424
2342,0.0021548479902340776,267.8159296242519
2343,0.0018091531136463855,74.56423781890678
2344,0.0018939140156085082,62.80525002047839
2345,0.001799861630801884,367.3096620635198
2346,0.0021360936630820285,191.48487135723613
2347,0.0017864735388217457,81.973199728046
2348,0.002014480603975244,52.673910100788994
2349,0.001991907815070901,352.8662419404969
2350,0.0017549369405133876,79.21203412001857
2351,0.0019172278278512583,54.59021151215812
2352,0.0018764468474990405,67.02957827573994
2353,0.00207630191117703,280.53518320882637
2354,0.001788836464164398,111.56924696212772
2355,0.0018333809975862921,188.415116230593
2356,0.0018415411170127286,278.18307081321456
2357,0.001813078779959301,181.94773214356687
2358,0.0016769653433486944,161.43758771520896
2359,0.0015958931965612394,111.6090227005272
2360,0.0017164732545113064,65.13945829196948
2361,0.0017016667286151137,62.57160373731596
2362,0.001749432831460026,64.57798058740345
2363,0.0018108734876638184,358.39782466125234
2364,0.0018324965789141415,151.93850193624013
2365,0.0019673743260336524,282.6250979703215
2366,0.0020119053742441275,166.91908224911032
2367,0.002106820436893031,78.40091779306394
2368,0.0020675531093370986,272.8003317939015
2369,0.001981935677157218,112.30964048573145
2370,0.0020115607156966746,150.04645465535384
2371,0.0018734555223846208,65.2685819900565
2372,0.001673098251464496,201.17635520848063
2373,0.0018011251353126975,68.99146700875461
2374,0.0015448273233885912,280.56079612237335
2375,0.0014729983807969286,195.1095599998875
2376,0.0016374186889152043,112.18275790716011
2377,0.0017410744375241447,66.54501527358697
2378,0.0018178566607338798,349.8114264548578
2379,0.001722662335039884,87.08251086459339
2380,0.0017323025537885565,360.4889481360493
2381,0.001970888768348549,161.31232964967447
2382,0.0019388246700505964,152.21627860504464
2383,0.0020905077106901033,264.9872636869726
2384,0.0020138402414374124,273.50303853357605
2385,0.0021485764075638964,271.7963997828791
2386,0.0023194840238854363,88.25519107180607
2387,0.00251893911858629,49.92121171800997
2388,0.002040071437451689,290.75835645795894
2389,0.001895406549385708,190.04869541844008
2390,0.0018941776323086834,68.30731111838772
2391,0.0020029283300923104,109.05265584776059
2392,0.00209313145536162,279.39631008147626
2393,0.001814120824382308,353.8114233886618
2394,0.002124004030692221,84.90427966256574
2395,0.001830227885536368,62.477531295814735
2396,0.0020295616187021074,65.3170552902165
2397,0.0019286304906990122,34.072198635891446
2398,0.0019520743099203795,150.53709170577218
2399,0.002025177411930847,50.538245396201674
2400,0.0020266258753998466,113.06619143136157
2401,0.0018720696040911437,263.4561117810472
2402,0.0018809575011455935,32.24123700190218
2403,0.002058828127591546,161.4774478001184
2404,0.002017486812847654,153.91269628454546
2405,0.0019025391914262648,366.8783850794867
2406,0.0021287713677625502,152.24956277771068
2407,0.001873834549091259,69.49171052103662
2408,0.0021818807470743895,338.4606173496703
2409,0.002060839623312458,69.80983506966012
2410,0.0019975125212535923,262.36623969046616
2411,0.002061854137886817,117.12429756449802
2412,0.001997467316021172,66.34905313435695
2413,0.0020628641830595464,69.13491072912434
2414,0.0018636739115049515,193.6801477304821
2415,0.0017597076418426766,114.32159357655259
2416,0.0017453367594994647,380.22956970014684
2417,0.001642839070216761,201.386332244723
2418,0.001682068805354808,31.02459060983613
2419,0.001515649459179258,203.93800222609005
2420,0.0016949252202693127,196.15267199603164
2421,0.0014886649427156757,87.9031815354962
2422,0.0015190612468193815,52.515571405045925
2423,0.0014002555549653816,63.23956671694012
2424,0.0014449786719454166,117.7378958873776
2425,0.00116417917087023,70.70047375741565
2426,0.001373961523300673,280.5254679169844
2427,0.0013735581533953752,67.97880135709964
2428,0.0013154202279110905,149.5085379760922
2429,0.0013234369847662587,35.14676660032709
2430,0.0015555582901183235,353.37805162340345
2431,0.0018276021071179803,35.007047149079774
2432,0.0014941504165923607,35.17008954206882
2433,0.001557621128816042,287.85894871245534
2434,0.0014195694396751503,358.4603322447396
2435,0.0018471270980696247,106.61806002657744
2436,0.0019162479780036315,35.946830067156625
2437,0.001662543991375875,35.8972954558875
2438,0.0016337481600301642,80.33098117436398
2439,0.001633761023745487,114.86852327218836
2440,0.0016806791816275685,271.3008270684195
2441,0.0016177719427737352,70.25361668395293
2442,0.0017013692451091002,31.9585894599102
2443,0.0016167501171121083,80.20039413784
2444,0.00163415977212807,277.6523677047158
2445,0.00163766727396037,154.4154404855858
2446,0.00195032318161516,361.0216273412742
2447,0.0020947354595092023,276.57069120791476
2448,0.002140613383248406,56.194852008163416
2449,0.00246747370100959,67.93433850764421
2450,0.0019125863465298018,79.6744661122836
2451,0.0018758288993958802,153.4570863757188
2452,0.001971019403831402,63.06903226533685
2453,0.0017524984039895214,194.06050463909222
2454,0.001956279293474029,278.44185389081173
2455,0.0016813739740067855,152.139034873539
2456,0.0018748262100416468,193.19687657292283
2457,0.0019567074345399602,89.84854008880322
2458,0.0018021695027877844,105.8871874452584
2459,0.001755429387205214,268.02620138251575
2460,0.0017479089345753482,275.1485667416109
2461,0.001749642886008243,78.32741692142203
2462,0.0018516611187526276,108.50172387537489
2463,0.001784657390916519,55.575694306708996
2464,0.001728890079903067,51.721140964360885
2465,0.0017100283123376169,37.485117671741015
2466,0.0017866748013806626,34.30663269111247
2467,0.0017874800636791311,189.92883124741283
2468,0.0019151674714521505,51.261416361619204
2469,0.0017107060360150033,72.1588031942959
2470,0.0015596015208725945,35.1155445848651
2471,0.0018276450994292376,76.16511841784535
2472,0.0019090015937150567,364.4790967282307
2473,0.002084446241998852,31.025828452127268
2474,0.0018036587196960325,196.07744286790546
2475,0.0017685948211940492,52.75064431778432
2476,0.001989948791668798,71.34681853916221
2477,0.0015490638902049575,32.37541777747092
2478,0.0017658246908186029,280.66162464655343
2479,0.0018361278128390633,367.57274886885943
2480,0.002126040628847816,65.72729360732498
2481,0.0017853061393767488,115.54405031391758
2482,0.0017083178168370938,290.123925378069
2483,0.001689814598648809,36.58802936141114
2484,0.0017474364480718082,353.8238565204171
2485,0.001836061150909149,292.4231497632124
2486,0.0015667580458793347,66.35329478658366
2487,0.0019643494152979976,84.92653731460474
2488,0.001982676233958148,274.92423211276133
2489,0.0021021092967096005,367.50838868050914
2490,0.0019376962237319358,52.468693578297064
2491,0.0018579472527537138,278.5119299154645
2492,0.001574420722257874,208.67892115262654
2493,0.0016766339049662732,64.39724694484693
2494,0.0016607272644594904,91.60920518606436
2495,0.0016304457171948971,352.33833487490614
2496,0.0016673543279051614,160.51356033207517
2497,0.0013107196368921372,33.04379964428976
2498,0.0013560599306331894,119.44429637362296
2499,0.00121482840495446,112.38054682106053
2500,0.0013410244999019123,296.44896918078274
2501,0.0014439308391022653,81.04098664175588
2502,0.001456644674582439,31.634393458066892
2503,0.0014784683259203004,288.09168241340006
2504,0.0017175563727700833,152.53922652701655
2505,0.001471983000187351,81.236204159139
2506,0.001620550691598359,361.8008032197463
2507,0.0020109476059126754,269.9743626449262
2508,0.0019161211529695045,200.35247864303867
2509,0.0019436661853185135,49.18505512566211
2510,0.0017675929339020513,89.17866027991202
2511,0.0016320597190385272,117.72758862173916
2512,0.0018062734765369186,358.7958852840844
2513,0.001967580673432838,367.1295395653308
2514,0.00163367257380058,168.62548539427627
2515,0.0017526903445291599,352.6675787328979
2516,0.0021235081042401903,195.45496908674127
2517,0.0018385091528207058,196.94355659607027
2518,0.0021376815048759303,199.124129321531
2519,0.0017959248244341535,118.10505687165396
2520,0.00190689616212626,363.4761612140571
2521,0.001593621364753,57.91642935485138
2522,0.0020955684311170985,70.0189149335891
2523,0.0019233379751478258,372.8251983777123
2524,0.0018200543717144823,110.17944589146212
2525,0.0018413938295421318,32.02525404326523
2526,0.001664419441137159,366.45224088463107
2527,0.0018691665634456701,34.49453434992071
2528,0.001593966834307293,68.9821814890333
2529,0.0017942092884438282,108.07479896459152
2530,0.001913221013619355,158.08167657813016
2531,0.0017014497466103205,66.86057950847335
2532,0.001934868692868048,276.2482616113305
2533,0.0017429329411522932,104.17421588776556
2534,0.0019240394403360847,62.10250031657695
2535,0.0020446702155977156,65.7902545043071
2536,0.0017549621627014705,291.76568866960224
2537,0.0018000230762812532,47.77810321106062
2538,0.0018079976899505559,209.59188262236813
2539,0.0017725681036140065,214.73145595360634
2540,0.0018849172484285924,358.43461966316687
2541,0.0020256527559808393,372.72172747794684
2542,0.001901128000209433,177.4055966592651
2543,0.001859761936634961,289.3739111095647
2544,0.001873986056571023,163.85691446476176
2545,0.001806791068772257,113.22210221351526
2546,0.0019604470530671155,86.49346048020504
2547,0.0020321590364591638,119.73525703147223
2548,0.00187835878394663,292.0961683682212
2549,0.0020254551094756423,72.72216960928826
2550,0.0016770797462704276,201.4349844212165
2551,0.0012903554537654694,34.335948950053236
2552,0.0015653277482926286,276.2459838360256
2553,0.0014705708884073167,47.82140771257749
2554,0.0013976091405228626,53.688409392592646
2555,0.0014673966717374562,78.81678503676339
2556,0.0018356665512482336,279.446756705005
2557,0.001755052065723598,122.09650976448229
2558,0.0016741450240731176,31.394904974027494
2559,0.001652988935402757,155.75741548715348
2560,0.0015741816247051197,90.1773953440706
2561,0.0013750152598900574,205.44414282971567
2562,0.001627649906122069,88.41554589684401
2563,0.0015262797997039202,278.1728879831899
2564,0.001645504840524436,279.697256583056
2565,0.0018399879492619294,152.11903406589164
2566,0.0014852022932245745,112.88328257584789
2567,0.0016433365403754384,361.1620956059493
2568,0.0016379521648873221,35.80550545044695
2569,0.002100796103055974,36.02509419142605
2570,0.0018612743158603106,123.17674680054226
2571,0.002352820130783647,34.608019041566486
2572,0.0017028110550282608,48.693857397985326
2573,0.002128076639878443,31.840406819034037
2574,0.0015911896114483022,82.30504618512475
2575,0.0017496578028922986,50.96803500515934
2576,0.0016023293834658827,293.1199603460637
2577,0.0013855614807972735,77.83622841541724
2578,0.0017844255857743456,361.8675441446482
2579,0.0016951540731227127,91.63730483633856
2580,0.0017493710937252706,131.52229229369462
2581,0.0019049529801122844,36.456346199431664
2582,0.001328927804533416,70.35957060649125
2583,0.0015638879115978908,199.7177590099774
2584,0.0014512739108635962,203.14159849520584
2585,0.0015240133477069822,35.59833620939771
2586,0.001734958058759602,272.6222450973179
2587,0.0018813335039091974,50.64051559629567
2588,0.0017351250564217554,152.00430549171168
2589,0.0017291902014343597,196.71267321968517
2590,0.0016505256984320363,153.6345478375631
2591,0.0017526047163686353,76.31870317758356
2592,0.001430430769934161,68.97279966229588
2593,0.0016335147606728435,287.0955147227528
2594,0.0016769119593192671,284.44850556774463
2595,0.0016090272922961873,159.26086775985794
2596,0.001250387667762155,69.46662275579187
2597,0.0016285213247591366,128.8321568325123
2598,0.0017171766434083851,67.88468831574507
2599,0.001446991998259014,113.25127330609635
2600,0.0013599562853101063,32.072868724017844
2601,0.0016832470866549403,287.8397624951715
2602,0.0018552056642727472,82.88770678660697
2603,0.001486316819801718,38.18034005942035
2604,0.001575530027284086,53.58625429376967
2605,0.0016928087692540186,154.5694797803945
2606,0.0017496158631639819,300.74545066307985
2607,0.0016516994114284679,158.1856352954861
2608,0.001832246625986365,281.2192268415394
2609,0.0019429269129169742,166.72787117930366
2610,0.0018438260827384216,89.68241786990268
2611,0.0020393906508158876,354.6082275290588
2612,0.0020126587150537567,159.64418102176288
2613,0.0020186451517274382,71.6605082421535
2614,0.0018926933467602622,165.0599925884569
2615,0.0018967201591089768,274.8988504435148
2616,0.001822275690954766,285.54049449593174
2617,0.0017160462474831465,57.85804993401207
2618,0.0019369040285419407,204.93297937347123
2619,0.0018873226852463762,208.51473072669532
2620,0.0017526022020628246,69.81197024809556
2621,0.0016137682693278946,296.6516761380522
2622,0.0016475732381563987,34.99153351134272
2623,0.0015407435565718132,362.053010392622
2624,0.0015927044647657473,33.68628460376501
2625,0.001617840939333887,33.66727392052313
2626,0.001535415943284619,149.7108411852905
2627,0.0016705482735279971,204.4999669176332
2628,0.00161864759501864,373.97977112909905
2629,0.001981346178518865,33.16562350109301
2630,0.0017301240558237983,274.45603016418033
2631,0.0019074223377734038,124.00804133301881
2632,0.0015703547070932639,55.05563368871035
2633,0.0016118869379610748,191.2579130743535
2634,0.0016050230126168927,72.46595761933469
2635,0.0013500767241070703,55.56803150964527
2636,0.0016986066507389793,207.90057442893362
2637,0.0015434117788464714,75.02483923366005
2638,0.001687248637557479,279.73934230150707
2639,0.0016517241691128054,49.526467992448296
2640,0.0017608068861932988,157.27586387543317
2641,0.0017422886227687344,281.76102048213653
2642,0.0019389016835982776,115.49921371993467
2643,0.001996417476112907,75.17322413075003
2644,0.0015097749295622438,95.55325919519962
2645,0.001443756459180308,54.220365545276515
2646,0.0016486857408781978,67.62428054028268
2647,0.001347470356474357,92.39001241888145
2648,0.0013812601696445393,382.40779871256694
2649,0.001469111407424442,121.18218005793487
2650,0.0011363473643611472,115.52862797137404
2651,0.0015091849605157442,35.54369604240615
2652,0.0015825371427486718,375.89485726879
2653,0.001626252793064716,174.12592973038375
2654,0.0016911234709947496,360.0544892951892
2655,0.0015599100535272838,34.72553370033994
2656,0.0018949643771270378,160.10293523619984
2657,0.0021807982863312394,29.784877155330147
2658,0.00198419303588877,68.10943319034122
2659,0.0019020461502240941,368.1314436213692
2660,0.0017073354259955278,171.24025278647164
2661,0.0017577802206974807,153.69085934135214
2662,0.0014414911681858546,88.07219137338728
2663,0.0015717667449560114,120.3157960426453
2664,0.001449894918581684,64.62033492184453
2665,0.001811866813527145,55.94352290381374
2666,0.0013578151992237743,208.13737764391345
2667,0.001441068862470151,69.65384423369534
2668,0.0015118531362569444,206.9189499448321
2669,0.0015476675055372023,111.42749843827175
2670,0.001538517889111716,289.2452985863577
2671,0.001703669641508234,51.25581212621014
2672,0.0013364438548076297,120.98927979142894
2673,0.0011913846488607954,69.91848674574699
2674,0.0011584039459884134,36.69814027386821
2675,0.0012414225481181122,214.25333161464297
2676,0.0014224792157928262,63.848023874548325
2677,0.001375038067059174,288.69636543496995
2678,0.0011795305919706054,84.43463952637443
2679,0.00130400150579288,377.8668516256113
2680,0.001185978714497301,119.11818745588621
2681,0.0011884783426961462,161.34741348074607
2682,0.0012214775826915806,194.42368169599936
2683,0.0016791884122175297,373.59434111185317
2684,0.0014520622817971425,49.72917506325578
2685,0.0015844385297614936,210.27136216755144
2686,0.0015624243018794383,154.80357334065602
2687,0.0014255717071416886,112.65318411255657
2688,0.0013916757982605115,157.93051182067543
2689,0.0014419581578679589,158.69702569384208
2690,0.0012804720731921784,36.08140726814177
2691,0.0013859174377884441,283.7125455738904
2692,0.0014277764973955325,171.32042354990236
2693,0.0014873199083508966,49.81335283710896
2694,0.0013580411822339236,89.32033277662883
2695,0.001211006797592955,126.21599726634217
2696,0.0010932660262925073,156.65333322397984
2697,0.0012338541452593815,112.13143815661553
2698,0.001239544151318822,157.0239456816128
2699,0.0012260571044040494,382.66878099154036
2700,0.0014734697766032006,39.08543541698717
2701,0.001367249551053233,55.87725145639743
2702,0.0014191462202471088,296.72888838942254
2703,0.0012225899752758612,52.7849963067933
2704,0.001304069150825632,88.3189568262862
2705,0.0012367480864948167,119.05901165699953
2706,0.0012887714088966446,64.28575558515197
2707,0.0014616837395876176,121.60428178975118
2708,0.0014357360857925221,294.6888121547139
2709,0.0013410457054674593,88.90758532462677
2710,0.001361101824969355,164.4003041486409
2711,0.0015075610379251417,381.39005727418436
2712,0.001216704509680802,122.46285361666337
2713,0.0015710086570771668,36.75770711973108
2714,0.0015355017168667004,202.4615086067419
2715,0.001471296663838673,172.53414379274338
2716,0.001449756238468002,58.138970128044555
2717,0.0012889959504298952,126.60957703677663
2718,0.0013484431185823832,32.89303668581587
2719,0.0014242536619496753,84.23478743955944
2720,0.0014848681123342904,282.3494880322281
2721,0.001561064056646424,294.73876758146343
2722,0.0012005744248943467,53.43744187167273
2723,0.0011492772658851303,36.50581862400304
2724,0.0014323040914777348,52.26773651324158
2725,0.0012996687110606187,70.8054660661191
2726,0.0015013560878384808,380.3375990852139
2727,0.0017632383719270149,75.53709227743461
2728,0.0015419110832080671,379.5174602016148
2729,0.0016134562641327956,71.42215784193512
2730,0.0014271646209165518,31.453641382777633
2731,0.0016653948684754803,56.5289575262819
2732,0.0012358578240440994,211.063141885378
2733,0.0012805109918540088,106.81930506459473
2734,0.0014507847464978992,162.416739731345
2735,0.0017324301851489108,68.95327021864883
2736,0.0013213152276482622,85.47453328659762
2737,0.0014077496258724457,73.64379460399905
2738,0.0012274386133762723,120.65459849725259
2739,0.0013908297288422946,69.50854232712717
2740,0.0015280048323943118,201.43597330128793
2741,0.0015649831781913118,381.23647000524426
2742,0.001427044410670183,108.22611323765523
2743,0.001498199636758867,117.10637289588954
2744,0.0014514448651504835,164.15008393844934
2745,0.0014847480519818701,293.4117075179265
2746,0.001490548306876384,35.39134023040527
2747,0.0014074124769558082,163.22366928137032
2748,0.0015410118221090238,71.73049145896879
2749,0.0016540675388940554,291.4869631746957
2750,0.0015649557498018738,39.43453932736706
2751,0.0016417248908829926,83.17799678409735
2752,0.0014775557128568588,84.63726358346267
2753,0.0014244415081496274,89.84370951211784
2754,0.0013634107391533716,293.4795046333213
2755,0.001378092154294622,206.6849328278044
2756,0.0012817988857529643,159.51567121440186
2757,0.0012031137867497504,36.178597722499276
2758,0.0012864735687325149,304.49042401527225
2759,0.0011665420199772026,76.40279900961802
2760,0.0010759806986055177,33.32265605185654
2761,0.000932869642236108,86.58978082761412
2762,0.0011737259599087957,208.44016025614687
2763,0.0010680976349566656,168.71408468202668
2764,0.001134998059983032,51.31371767829523
2765,0.0012030895282130344,210.58482194058763
2766,0.0011950820045998534,68.13735018883271
2767,0.0011187710717569792,82.88653319854183
2768,0.0012000662901090647,118.08985256167209
2769,0.001192674697941166,82.8419906717767
2770,0.0011688913542395496,75.9892615279723
2771,0.0010235125777524382,34.12610301127263
2772,0.0010797584742937721,85.23566973824971
2773,0.0012179233697261322,387.2377127697879
2774,0.0012177624579845332,121.65649880347127
2775,0.001430778389692126,203.48584734146223
2776,0.0014768437823589006,388.4269152181287
2777,0.0014879443138356278,50.157303683051545
2778,0.0016455243485638518,35.00187335332776
2779,0.0014312942901762488,55.19897933397976
2780,0.0014231987954837553,71.87640424533797
2781,0.001274095400806322,208.7274305260778
2782,0.0013884424682566112,120.3356398884036
2783,0.001337358775274949,114.41949128738575
2784,0.0014036810082461975,164.77948763469797
2785,0.0016809667100723036,202.77478775121213
2786,0.0016341259487523923,364.0230359736674
2787,0.001694796525981408,215.09117962425384
2788,0.001488617752206125,70.02694371012963
2789,0.0015904743488025991,162.23689522516088
2790,0.0017115875752760738,86.1284860611399
2791,0.0022955969996639233,57.84632267664769
2792,0.0015531281161521612,83.73827745914498
2793,0.0015133661156947625,161.48714787875574
2794,0.0015169836677880037,153.96105254826847
2795,0.0013257181747328352,52.023163617655605
2796,0.0013754533131829633,119.97739342779042
2797,0.001012973144911071,59.76435493776275
2798,0.001542100352804149,288.6012643204144
2799,0.0012042406289600133,54.77388565973809
2800,0.0016179977817154072,67.76940880020548
2801,0.0015007717758994082,293.825097588251
2802,0.0015608060724893271,90.57132679380659
2803,0.0016849541635808787,281.77435281317344
2804,0.0016295567138086154,158.97283414202144
2805,0.0016950220698535665,155.60989571833008
2806,0.0020209431928354346,172.68976547669305
2807,0.0015236673262749671,77.58149861701675
2808,0.001588692198679751,84.58567040282503
2809,0.001925138295582218,391.2895482868618
2810,0.0019391098224037756,288.03599593600643
2811,0.0017323801422986134,210.27248561172712
2812,0.001542455056025992,393.82623134186974
2813,0.0013373843916081663,36.69520748922078
2814,0.0014382398043405232,155.2706480121072
2815,0.0015186057867610763,35.40166655044274
2816,0.001518234277337179,384.7623971162564
2817,0.001503594721556904,215.80753268681227
2818,0.0013864652814570932,162.93890375038936
2819,0.001397811972558636,49.1795863038804
2820,0.0012571501966108214,35.30243351125341
2821,0.001455817089761793,80.21408202658476
2822,0.0014322912809463667,71.52025985768454
2823,0.001313705721357208,83.06498326358613
2824,0.0013867717738996605,202.63211675770134
2825,0.0014143499672211195,291.33657686298295
2826,0.0013250299502145673,200.91472141561246
2827,0.0014068465905689538,33.51756690336693
2828,0.0011484602147426367,166.98318330728677
2829,0.001207178229735066,215.67555295032602
2830,0.0009951837712613833,38.42628364814289
2831,0.0014194646874643758,288.8800199308652
2832,0.001248916306240959,295.64343118494264
2833,0.0013260925112752796,119.50073919056115
2834,0.0014891347504586024,53.487771529617596
2835,0.0012965829873267537,124.0172269561934
2836,0.0011794439776088212,169.3303315266119
2837,0.0011580615576570602,84.06923930396243
2838,0.001028835248030975,32.050704253515065
2839,0.0009212363885620675,162.33461846165585
2840,0.0013029498255196518,88.9263421209885
2841,0.0011062613317532138,91.83143826682183
2842,0.0012831975305374018,72.03243711791302
2843,0.0011210468931902393,32.81205499119963
2844,0.0012957670429337618,81.06703632140001
2845,0.0011760949888986049,393.2095812491591
2846,0.0010986058495811625,401.8294585716555
2847,0.0010946199302104514,170.8599641889465
2848,0.0013260361036206542,285.18767889548565
2849,0.0014762944224689125,66.23083528665217
2850,0.0014339768258159402,85.46192172765397
2851,0.001539999954949398,38.22998790404174
2852,0.0014430861602208593,52.28358725689791
2853,0.0016936094297903012,37.872394712906775
2854,0.0014073988590851136,36.81591643984218
2855,0.0014582560084705882,219.52502644902242
2856,0.0012283035662130103,172.63734904125354
2857,0.0011117666967773122,125.14656949282573
2858,0.0013111519052172393,202.6345229342656
2859,0.0014068894514065518,296.2663644448628
2860,0.001197496395480673,70.68388877517368
2861,0.0012960953811391217,117.20671662878748
2862,0.0016311068056893419,128.2902251200434
2863,0.0015142287640197013,75.57521807761937
2864,0.0012761425082270265,209.03044037440208
2865,0.0012248720284137775,159.26139589969284
2866,0.001299385153165408,92.42208566954157
2867,0.0011615602630823756,90.45677276269446
2868,0.0011207100136951512,167.12784353093468
2869,0.0016585186369750665,73.7247510831203
2870,0.0011902636732821048,408.2441843613694
2871,0.0012817647346247245,35.82006729241513
2872,0.0010002849879147228,172.89497208075142
2873,0.001139322271326917,90.78501618003818
2874,0.0009122681565650996,35.9603333340634
2875,0.0009242430926570171,215.66634438114562
2876,0.0009849762297155142,34.70471265308067
2877,0.0010250600665215445,211.3451532091967
2878,0.0008386578562655406,34.484140042228155
2879,0.001096802976975376,163.983514473048
2880,0.0011552873709321937,72.69842900426767
2881,0.0009638638562836815,112.43389766273351
2882,0.0010692812852961576,213.78836304010215
2883,0.001354657565984367,393.66379879210905
2884,0.0013380155478444067,52.74643681131925
2885,0.0010523326536399666,34.28723357781651
2886,0.0013928249224757655,306.83468230840697
2887,0.0014263046320321365,219.33367785404843
2888,0.001570159160192733,56.74409991418412
2889,0.0015149964374420156,162.170727539258
2890,0.001695077578419428,49.67592710635575
2891,0.0015249983634546393,309.22844740453183
2892,0.0013783585923833651,167.0922626991573
2893,0.0013748104905831637,118.94847097006802
2894,0.0014296685088059323,88.22013892563038
2895,0.0013093208979971934,292.5099510127431
2896,0.0013951272953404855,52.11596556597735
2897,0.0015460023399170425,118.92028631212534
2898,0.0011505052732837643,33.93531782133573
2899,0.0014388911528432548,36.260969072074545
2900,0.0012778154062058529,300.8784075640544
2901,0.0011597329572951066,70.05686656420627
2902,0.0009502105419634408,38.16679723620511
2903,0.0010034430018689678,129.98680803061504
2904,0.0008073941704612386,37.183671321072104
2905,0.0011807021057665648,396.08068560656795
2906,0.0013406683019638876,48.77959959499142
2907,0.0012126868546147307,130.07341370033242
2908,0.0012000596181826189,88.88458995753389
2909,0.0010520769863074414,300.5152295717325
2910,0.0010819206051518588,70.89117684188223
2911,0.0010340132919712207,87.79099710684028
2912,0.0009370662985387613,125.99875735807743
2913,0.0013087355567268648,73.08976071924691
2914,0.0014569627901123725,34.66052088896263
2915,0.001073623286957593,401.6757373837822
2916,0.0010058599622720361,84.51078322399106
2917,0.001162267549481275,34.616388366665696
2918,0.0010765239397231316,391.98484393827647
2919,0.0009083275670152142,78.12877387372733
2920,0.0010926141258584643,163.82158127620423
2921,0.0012763468911198915,36.96066756560959
2922,0.001362770585885677,37.04385978760158
2923,0.0012304787642185063,212.27959797480005
2924,0.001297380528843316,212.4658910033461
2925,0.0012959240207557844,300.58212482503063
2926,0.0013902758118078016,398.3886911607617
2927,0.0012925109578237246,392.8597135061011
2928,0.0016921616093545683,369.82225799096125
2929,0.001981114469391148,69.14126150353383
2930,0.001543967302962768,95.01869182461698
2931,0.001676371331619709,34.87084839083911
2932,0.0016101432708163768,292.79145897804807
2933,0.0015684504139023153,85.68754641607947
2934,0.0015691351635708135,68.31331720843691
2935,0.001799237249547648,382.3701755141756
2936,0.0016359302364015514,122.45952143570258
2937,0.0018190576055646958,158.3892513220501
2938,0.0017373744898660252,49.58740899695153
2939,0.0015735612930213275,396.53235525961594
2940,0.0015164542363875673,71.68538364462555
2941,0.0013483598299319434,171.46198896596337
2942,0.0015602363855967093,381.5839626600942
2943,0.0014008854688757676,217.51598786951803
2944,0.001239825125201212,85.56869003175204
2945,0.0014426033301098305,33.245460640844115
2946,0.0013125287487373745,88.37952324919675
2947,0.0014551455493901967,77.48904944618904
2948,0.001122373776937464,216.7509661179404
2949,0.0009350068747223234,122.21354368289059
2950,0.000994530101780657,87.68312172251416
2951,0.0009392525508491627,128.92805798009337
2952,0.0009113771500439833,66.42438978183989
2953,0.0008322663829387928,35.07441213743792
2954,0.0011458076441718172,124.16899268393625
2955,0.0010466114520277562,198.99133346069425
2956,0.001043607061464255,52.94212207715717
2957,0.0007895508388173766,37.43784687207477
2958,0.001086278572039681,112.10637506658587
2959,0.0010946163652516847,399.7286707997223
2960,0.0011525096522911388,58.83309127749354
2961,0.0009313925623446575,76.17911156387463
2962,0.0011390701008077858,307.02152209589514
2963,0.0011870170299779392,396.6241203362723
2964,0.0014007917888540255,207.12281773145983
2965,0.0011996920656673607,411.20187196066655
2966,0.001221852899332064,218.4565248497782
2967,0.0012508619088416831,79.6005979958429
2968,0.0013808642925141612,87.15403064766312
2969,0.0012498440716823547,227.15233898878364
2970,0.0011969786782209178,126.44077323718054
2971,0.0012090802322703002,178.07994087596524
2972,0.001005381171458234,122.68619462551733
2973,0.0012452624511658133,35.16285256449364
2974,0.0011151650421713244,406.11581257446704
2975,0.0013710247974152232,395.57935067375354
2976,0.001317083861869247,75.42029126401579
2977,0.0011316430482486222,214.31383694674486
2978,0.0011059398227213958,93.02102722268904
2979,0.0011089743346237298,301.8971478296288
2980,0.0009372640487665687,70.40043829575093
2981,0.0010677968951892,56.6307721967642
2982,0.0011177569626638706,162.48280619704622
2983,0.0013656110121489842,304.7413125237398
2984,0.0017215809252081533,72.13704125154902
2985,0.0011536150654522387,126.00323252519495
2986,0.0009530120835626218,77.40746343156448
2987,0.0012415834453349817,124.78119457586504
2988,0.0008555375924484467,37.29191197232509
2989,0.00101090279752455,173.84979907080077
2990,0.0010691072912905784,178.55815563719312
2991,0.0012493519126075205,121.41048719221386
2992,0.0010449010660400538,164.80365227586236
2993,0.0011923807711755833,74.02807726522144
2994,0.0013400336818132025,169.91043989669777
2995,0.0012919333873717485,56.56954716040869
2996,0.0011845634726074315,403.7194642419821
2997,0.0011584163041956858,164.02179428635657
2998,0.0011436197716874015,173.81597542977218
2999,0.0009139697812733593,94.9101796680672
3000,0.0010157007338963153,133.93076687987653
3001,0.0009373898384672849,115.04283889153764
3002,0.0011343417315672283,88.0980211731785
3003,0.0013743667979267526,390.23774959243815
3004,0.0015924206565270306,86.01953074333946
3005,0.0013783830723017889,67.05525984237516
3006,0.0013529993120609627,406.01167053315845
3007,0.0013347718974065343,65.44615799421237
3008,0.001227904983634161,318.93229127347416
3009,0.0014021599786823392,309.05784743330696
3010,0.0012243542637756595,122.65847781684056
3011,0.0010656927323067905,123.10775276070166
3012,0.001070256161318835,35.627282649753
3013,0.0011740383052411872,177.09095978316535
3014,0.0011343508361602022,172.86337008857828
3015,0.000878019294979468,170.441167142151
3016,0.0011122718405342806,74.1403477140749
3017,0.000966647953572573,89.00920140619101
3018,0.0010712837185156607,398.5697267376249
3019,0.0012363783582596747,218.56925192755023
3020,0.0009699905241732939,172.50465243753717
3021,0.001207249306326989,36.25372700663088
3022,0.0013793050066769038,58.30947963495668
3023,0.0011053370186660826,131.76563817294195
3024,0.0010216041975337038,116.49216868339083
3025,0.0010901812600588362,59.421049737309396
3026,0.0012213185418659123,56.35363648801073
3027,0.0007213766518343497,172.00042338024187
3028,0.0009667531741836004,304.8322209416537
3029,0.0010052872189355428,212.27637263697292
3030,0.0010259979142612098,208.41769299334658
3031,0.0011072507989306009,117.87765251716833
3032,0.0010105278260436302,159.90320537441966
3033,0.0012514712556036432,406.2412460863633
3034,0.0009947441452134848,85.46467756747626
3035,0.0011805480291098888,164.89246701988301
3036,0.0010995842398883815,161.57102991297705
3037,0.0011467021749768272,72.59651359009814
3038,0.0013052832353143739,121.64482707366305
3039,0.0012680365545777099,406.5095590311768
3040,0.0011571506660023158,419.9994885286131
3041,0.0011079641773559725,94.76440808516686
3042,0.0009926205086065404,54.61615790278028
3043,0.0010830391412939109,84.34288121378626
3044,0.0007225018826861272,37.42962287417164
3045,0.0010877323203794262,220.8123734977009
3046,0.0009033506111829641,320.28020347559146
3047,0.0010539193662785133,125.30922652554493
3048,0.0008717087733193412,227.29728651431142
3049,0.0010493444004674665,410.917371545917
3050,0.0011427203270429156,412.0863927461842
3051,0.001208982912590052,223.99869119901066
3052,0.001124271357399189,319.40747404589047
3053,0.0009654899533194799,88.6509249578851
3054,0.0009459437615904873,54.582181307630954
3055,0.0009291489124402338,120.29892810439038
3056,0.0011878891289450473,80.65726084962856
3057,0.0009257680211985957,34.82587388853215
3058,0.000926778118975397,54.93231080476218
3059,0.0007494353387135726,56.65008022880885
3060,0.0007270653127463823,35.3346850187877
3061,0.0010528705402322602,312.9874372115136
3062,0.0008937766994269373,38.94693320831173
3063,0.0011127251815070912,38.43667934913291
3064,0.0009671758297511171,70.78464783892987
3065,0.0009691076501936054,56.6150743972824
3066,0.0010400538618210353,399.4537395535209
3067,0.001032294271357655,177.48795237724272
3068,0.0010421050040344791,429.0913339681594
3069,0.0008930662165275371,87.10572790493421
3070,0.0010399352617276657,121.66336527952258
3071,0.001083942321868217,394.9555621239323
3072,0.000880999176925715,50.69338850463125
3073,0.0013441848945883695,123.35812561678301
3074,0.0012093797600943523,33.04296428257212
3075,0.0009834731308728806,119.96321528732528
3076,0.000952160205379571,312.5003884040132
3077,0.0010657904996481773,55.00501685505213
3078,0.0012482641768131613,117.31634562015172
3079,0.001233468559301651,36.05172179947479
3080,0.0010814236996090833,405.79569613612864
3081,0.0011727503926915626,87.54355377852568
3082,0.0009627558146520814,92.975109928711
3083,0.0011591535620592084,37.223476057942555
3084,0.0013678651974522627,399.676293173963
3085,0.001085143837027035,37.05511985795516
3086,0.0013138287021589143,310.2011352338195
3087,0.0013159050065272386,301.873850763612
3088,0.0013945474786326195,222.2248754398295
3089,0.0013853128340119369,37.801889732708645
3090,0.000965357185371183,56.0219391566106
3091,0.001351620968555587,53.968018941271865
3092,0.0012631194261083346,38.54244129935853
3093,0.0013679784931908314,86.6440886492019
3094,0.0011917941189074975,121.53106806221007
3095,0.0010798397402554242,57.644331478895324
3096,0.0012071299132967762,164.62936886772087
3097,0.0009319477558991904,57.82382677761532
3098,0.0010701113377845932,59.07864636009736
3099,0.001104971594463292,73.03603832272023
3100,0.0011180427633338365,57.344687518964406
3101,0.0008058653238180881,86.92666664570545
3102,0.0008544215510751475,163.8215304638161
3103,0.0010798789689116265,51.57864006668927
3104,0.0012941607584576497,74.04911993190775
3105,0.001079407162359127,222.95610758189642
3106,0.0010047289881747429,168.08544944109954
3107,0.0008585042516777003,172.572309247058
3108,0.0011288867970359058,92.27010266241936
3109,0.0008773540032859568,325.7644462916979
3110,0.0008164497931469692,175.8242942821485
3111,0.0007325213965327514,210.78991953773098
3112,0.0010500984034491998,310.568932390467
3113,0.0012039759311724973,219.9724312469773
3114,0.0012534592915471876,55.06615915263365
3115,0.0011433377086000627,174.55866671398854
3116,0.0009468331537722075,55.58194748044701
3117,0.000962656566193569,73.10862409671988
3118,0.0011815955397791514,180.9702827903769
3119,0.0012237457412293924,116.95345344669704
3120,0.0013257405506442025,70.52440433304321
3121,0.0013146524875553261,31.529050306249445
3122,0.0011624809906120197,319.6122278437292
3123,0.0012190065532890644,402.17600326671493
3124,0.00086499006511076,76.45708709295765
3125,0.0011415942351825242,182.50496767708182
3126,0.0008700087502143258,177.85545801067195
3127,0.0010309434723691669,180.6238555483393
3128,0.0008375171120135936,411.4802624107071
3129,0.0011978829237374487,54.68841648895352
3130,0.0010293504202872753,319.9124560512615
3131,0.0009763844319169629,223.72229010196222
3132,0.0009547720392173191,223.42660798020046
3133,0.0008375112282425449,166.52259768005936
3134,0.000943954575730557,91.86777163288235
3135,0.0008227854520803455,53.0180962656852
3136,0.0008540721229562519,410.5787124334075
3137,0.0008447448843801628,317.635905769605
3138,0.0007371678979849341,72.21052726840291
3139,0.0007252138569859032,321.97063574176326
3140,0.0007444387096708528,173.7833862467548
3141,0.0008693115480323073,169.211288818745
3142,0.0010200855915934732,82.38300415585964
3143,0.0007879230742691317,128.97752745394743
3144,0.0010761758081902042,53.809735008723734
3145,0.0007392357536695861,315.5399196659207
3146,0.0009262111068929914,211.7147881840955
3147,0.000987094886188492,236.09530214780065
3148,0.000845643028277174,125.08064468247966
3149,0.0008933304024222624,58.71074578554697
3150,0.001032348465159116,314.2843705497444
3151,0.0009258038275192186,225.6425273983221
3152,0.0008367410790107537,434.33939454589824
3153,0.0007702668677893598,127.63455199251686
3154,0.000769685067885243,120.2619105948418
3155,0.0007796349649701418,92.76049647684059
3156,0.0007629397957732751,74.70953225930091
3157,0.0007326098974698578,91.20340812491868
3158,0.0007073588364337539,313.4177493031861
3159,0.0007898415726698085,413.29708874610384
3160,0.0009397554749739356,31.778849397742626
3161,0.0005723351755246551,77.1628884156941
3162,0.0007690714439253868,75.99709701817078
3163,0.0009147066295210263,85.25815613379285
3164,0.0007549808470083902,69.74827294815846
3165,0.0007379802275059214,127.84222066092879
3166,0.0007530144288836509,70.41680694385433
3167,0.0009520227589303898,91.18977974021323
3168,0.000914119626433883,120.67864936402789
3169,0.0009086297834330143,186.4129333830117
3170,0.0007882500249252189,121.10271807687018
3171,0.0006905165641679343,75.65686472136416
3172,0.0006311812680699156,57.46605068277469
3173,0.0005906658179933525,91.53186792464545
3174,0.001028577083078827,53.92908142522169
3175,0.0008512205753629979,34.19242692156906
3176,0.0010917181805141169,89.76320002364552
3177,0.0007671659550256082,228.4098507381373
3178,0.0007944483978940683,71.86714408910805
3179,0.0009850610664133537,49.08241931390856
3180,0.0008623457464147158,123.89817013467345
3181,0.0008855268944861348,230.97081058089552
3182,0.0008517287453197613,321.1267643995035
3183,0.0009758538574607297,76.16624467475933
3184,0.0009463315192823012,52.86634361766742
3185,0.0008658424586598304,67.76529680285348
3186,0.0010044927622319929,55.333185243924056
3187,0.0009443164226817876,123.2340197846972
3188,0.0009247167425451936,39.25312499999997
3189,0.0008809103848183109,58.55373991386882
3190,0.0008127497216760689,408.01633022313445
3191,0.0009240126618528512,182.0028866984646
3192,0.0006905275185450567,182.44199257504064
3193,0.0010221300444083448,175.66243883946294
3194,0.0007305751864408884,179.23601377163595
3195,0.0007820270461784044,66.15914779036537
3196,0.0007917089009550119,35.64413865819119
3197,0.000793640251993418,87.73825494264662
3198,0.001105643783084431,305.5887945436167
3199,0.0012157745894895062,69.35946293464592
3200,0.0010520711374897708,226.84994642443075
3201,0.0008539297911017362,36.32750594601575
3202,0.0010080322272493112,179.06704986598768
3203,0.0009002789054448611,432.4105829327654
3204,0.000836143938696213,60.10794969908484
3205,0.0009437035638539019,420.54334655952283
3206,0.0008705736772671839,221.36764521881653
3207,0.0009944975587446747,123.36027682589928
3208,0.0009850808045978059,323.5047256784063
3209,0.0007311990408203848,181.76296647032626
3210,0.001035524289830727,402.9418219708164
3211,0.0012378491604330148,171.27938835880158
3212,0.0009138688754795558,175.06135779804544
3213,0.0011203359989275653,438.537161775062
3214,0.0010938408051763624,55.70086990029444
3215,0.0009745386293906984,226.02143093572167
3216,0.0008615537266512362,78.26306911758057
3217,0.0006751848991841363,36.12348694859099
3218,0.0007681932769917859,55.298983864719816
3219,0.0007502932447065269,68.7187625102117
3220,0.0005771536494161335,224.7916660831429
3221,0.0009705792472859371,34.573904400582336
3222,0.0006137039974850474,224.03939129361106
3223,0.0006566358463893153,228.77602391472814
3224,0.0005292898500577146,58.833807815848814
3225,0.000698198969169833,32.7935826048812
3226,0.0006504250821123251,67.23795711286428
3227,0.0008150391951565191,183.47424340757433
3228,0.0006319428867818277,418.24433122384994
3229,0.0006754729714140757,53.46698041734863
3230,0.0006753712160932936,235.55174424586173
3231,0.0006261116484514689,178.4504408774025
3232,0.0008698505801629848,325.9035576140802
3233,0.0006711396568977667,35.15557790137355
3234,0.0008823376717397903,98.44262911218564
3235,0.0010472786559250996,316.3965020467786
3236,0.0010779043254702048,222.98550951591704
3237,0.0009945923239102707,421.91441167972505
3238,0.0012478687031095537,168.21468755495653
3239,0.0010892852942500108,185.28665408490681
3240,0.0007692629384552207,91.08562952201878
3241,0.0011083472213613277,56.11473810534868
3242,0.0007823976949698031,434.31781303331667
3243,0.00071407845216433,224.8450683933974
3244,0.0007500604162767279,130.09336914854435
3245,0.0009320826959936443,218.5761977222073
3246,0.0007076711858100142,326.3677541734338
3247,0.0007072155958571208,316.95834734739987
3248,0.0007215706405770754,74.87658257965587
3249,0.0006730398206619051,116.3601099044828
3250,0.0006317570740944136,39.49057311406898
3251,0.0006475858463710955,53.40979811312369
3252,0.0007474507253653551,70.05754326806911
3253,0.000788069843989836,179.38018577727934
3254,0.000947840875264424,125.29824287277317
3255,0.0011114597400592174,71.4932964640544
3256,0.0009322922251990797,312.71087740938685
3257,0.0011613101467383817,39.62403249884044
3258,0.0011184948363964868,317.6592661595413
3259,0.001186340769596132,88.17067307716788
3260,0.0012713488635695699,55.45717643095174
3261,0.0011748491317316407,176.6241831621538
3262,0.0010143478979569346,36.41179501161845
3263,0.0012634169255198032,322.1587075477285
3264,0.001033483874160648,38.726351657132874
3265,0.001072962144265532,419.61498328268317
3266,0.001072358975097114,125.64216323351712
3267,0.0010105651135125465,55.74547689203325
3268,0.0011142907639885504,70.16100828972301
3269,0.0010241247141269487,313.43909299539183
3270,0.0011612801548918387,56.113112905965856
3271,0.0009709872685592835,71.78273511309061
3272,0.0011398034877271067,75.590309549928
3273,0.0010938306956656586,93.9320314767423
3274,0.001268853163512108,414.4007132412973
3275,0.00120491277124636,408.6025015347669
3276,0.001197216441508993,427.88519209336835
3277,0.001199898143188773,410.76412867588124
3278,0.0010864270207264022,410.25557699179336
3279,0.0011864147883158184,68.97724570342828
3280,0.0010477501660752994,178.55564839274223
3281,0.0009404372804274666,123.49341144668756
3282,0.000912783090068647,173.37745356446325
3283,0.0008728709751229655,219.45724977765738
3284,0.0009180039768014811,96.71889063773132
3285,0.0009074453483852316,180.2617505401267
3286,0.0008081404542499,322.2389859833876
3287,0.0008202512624297348,343.4955018770885
3288,0.0009457748323974313,308.5952558640016
3289,0.0009535205537164215,131.69084807825826
3290,0.001237860132121192,34.185999701359215
3291,0.0011634638775953694,125.38614428707764
3292,0.0010255595420735394,86.99880157088614
3293,0.0011243397821090184,222.12901085096837
3294,0.0009730394109846855,320.7811155848325
3295,0.0010092452846143156,130.45334355897674
3296,0.0011485699974862675,428.0642426964741
3297,0.0007608256598114866,128.56849693162954
3298,0.001009607205035606,130.97285234423754
3299,0.0010474531946028484,74.48976236508369
3300,0.0008273130320223852,122.31850265464769
3301,0.0010889498109322557,413.2209130199291
3302,0.0009767789024162747,93.51842404374565
3303,0.0006369825708855482,33.44292708815021
3304,0.0007811567133919114,225.2327565285254
3305,0.0009122239307019369,130.8227508641105
3306,0.000604682570776111,53.229767423311586
3307,0.0006396984482335873,233.38163279519586
3308,0.0005008792622902547,55.64514530111463
3309,0.000703309611498508,127.90855629073981
3310,0.0006491371596594129,219.63990005551838
3311,0.0008890911733838862,170.72998826484616
3312,0.0008636661205929233,93.7947712493827
3313,0.000726380216799673,122.81430459896127
3314,0.0006976510795728294,173.43381932408934
3315,0.0006226111661015824,69.44323308850795
3316,0.0007551675176138918,321.631657728998
3317,0.0008200488034005432,118.9408280969694
3318,0.0009158851984676193,123.36801694222939
3319,0.001181762501926579,34.085553320265035
3320,0.0010380327541332174,49.43036408786063
3321,0.0008495088164341429,90.19466633070928
3322,0.000931550927994864,229.9960798792532
3323,0.0007881498478447021,87.87195921829998
3324,0.0011190198430117092,38.17355897180164
3325,0.001083800830506853,170.82654457052402
3326,0.000943461888999247,58.91594525929171
3327,0.0013569839034532599,37.99262372930585
3328,0.0012033427353483064,417.2402003801658
3329,0.0010405607799455052,314.5815037964757
3330,0.0013096036218922353,125.72615769233175
3331,0.0012687838623704109,95.23123206980058
3332,0.0010717681430686685,173.6639100367066
3333,0.0008892309547613527,129.20170839495225
3334,0.0007536938268849126,195.2884705547161
3335,0.0007491802399617254,34.61416613233547
3336,0.0009979823256090039,71.04773544958206
3337,0.0008330140720562878,135.8593020611606
3338,0.0010400943228712723,125.56859864457908
3339,0.0008713109535950604,54.25381997298648
3340,0.0006194754277650214,78.24752645015396
3341,0.0006546924291488737,73.44448709653648
3342,0.0006187799408507999,54.28378846587892
3343,0.0007165318475017557,58.626588837514255
3344,0.001182244234198953,67.52268836978386
3345,0.0010536619039816413,37.46994136947662
3346,0.0007975780318683411,226.4054368230992
3347,0.0006597120919981204,56.06206002430692
3348,0.000851971307261901,225.083136704798
3349,0.000857242719505918,135.46761136184017
3350,0.0007483413014885538,318.6932465749235
3351,0.0007369819273580189,48.44007675181587
3352,0.0008952421204906954,170.8757200432632
3353,0.0010008110819200455,327.6281454093536
3354,0.0008890626327182375,229.3465313210798
3355,0.0009454699092650097,416.1498283447438
3356,0.001044564673966025,221.949045202499
3357,0.0008523291587669126,90.81151272641907
3358,0.0010720168547777575,90.23452641604396
3359,0.0011527443297751942,75.59493988391957
3360,0.0010022796716993084,319.17297446112843
3361,0.0008784174204160641,133.74718177790422
3362,0.0007090714331972212,36.700768467485624
3363,0.0009899859451508463,330.870336804989
3364,0.0007795986757453368,123.06065491724176
3365,0.0008876901138813304,94.09653260244372
3366,0.0009898119497863216,68.46365894353222
3367,0.0007159377183928551,55.627216829783926
3368,0.0010647210769388334,87.3667099698718
3369,0.0012849605399196662,122.90507826606472
3370,0.0010008706140680389,181.92058093206114
3371,0.0008799140197565912,325.6717935004264
3372,0.0008952293518142632,123.95916655724761
3373,0.0008847979397928454,39.2731323035409
3374,0.0006995939566929967,133.5964060638387
3375,0.0008177702368592346,38.21753055722332
3376,0.0012052478426481529,416.4605459439524
3377,0.0010195390147193142,37.99909982724791
3378,0.0009460845862332252,122.20840338997768
3379,0.0010712637284714074,413.4561788795491
3380,0.0012145657742012096,227.10637679394205
3381,0.0009189792344719328,176.5416391536206
3382,0.0011635293248327542,317.3691067458386
3383,0.0008585759115056554,124.32989634835157
3384,0.0008638923366483539,412.66650310514984
3385,0.0008502867556171317,183.30988195128023
3386,0.0009391281405716666,183.19364785572586
3387,0.0013235717647071628,74.74133018470424
3388,0.0010217599393588946,175.78929047316404
3389,0.0009881100173130947,126.31939798320131
3390,0.0009140785984362248,58.65825937172106
3391,0.0008537413406551983,126.22738886597438
3392,0.0007885935393095307,321.937666033942
3393,0.0008281356176549828,220.56679925302905
3394,0.000776595077479862,70.3565469223629
3395,0.000916792681073744,225.90144070362376
3396,0.000757119519553148,94.66547377594621
3397,0.0005688576390273682,228.1161991168992
3398,0.0006889121149642224,94.78533401568583
3399,0.0006921174232267377,177.11401170311342
3400,0.000849364509567237,320.4027101050344
3401,0.0007960459313804769,72.09389461864903
3402,0.0008340164052837141,122.22138394789165
3403,0.0007733466529246541,123.67404994210986
3404,0.0007781414519676743,336.80669292756875
3405,0.0007773640440598346,228.652441974834
3406,0.0007990464610524238,173.00576162239832
3407,0.0007450077138483638,55.82071775174527
3408,0.0012551313851009442,75.18035592759698
3409,0.0009642574683189545,125.564824882075
3410,0.0008828755364761819,223.13904980008604
3411,0.0008172043613678582,77.2563127665611
3412,0.0009227726197172286,37.64918313906578
3413,0.0007223671257011517,165.8522443436732
3414,0.0009372842148617477,408.2369361646935
3415,0.0008365843839121887,57.67732280110622
3416,0.0009409981934753048,131.394403168621
3417,0.0010553627745694702,171.2309711966087
3418,0.0008917751769827605,58.11442276477929
3419,0.0009936166728686058,222.70120609016524
3420,0.0009508296918094351,420.8698852951934
3421,0.0012080660677763365,400.7987039412087
3422,0.0010406024879115205,92.07137971105422
3423,0.001457472446104632,35.8834436051858
3424,0.0011022954819544305,124.00208704831292
3425,0.0013652199348883696,74.89934320785797
3426,0.0011032196096000578,70.98432907949788
3427,0.0011312397845806097,421.29331404679294
3428,0.0010176105223285573,79.00047819783597
3429,0.001006922230991567,35.90027010556159
3430,0.0010585757277534792,219.51907150701328
3431,0.001170706973880442,55.480217561063945
3432,0.0009037980472922671,58.66350297162132
3433,0.0010874443780643371,35.286575989394315
3434,0.0008975309491123315,91.8849739098541
3435,0.000898947525072381,420.8029855680872
3436,0.000962740822731136,174.42041521235407
3437,0.0008849713983820677,93.53032366953465
3438,0.0008650467917470031,121.38782595980284
3439,0.0007702182390795346,39.701635029081736
3440,0.000630483191063172,172.66079839759485
3441,0.0007967735563694917,121.70377767236258
3442,0.0007889080350782324,222.1416437888999
3443,0.0008634664903315142,223.82495181325862
3444,0.000894199620542152,75.52107248543352
3445,0.0009554916399959159,121.33397219769408
3446,0.0009160229821059995,69.37145610660394
3447,0.0009104504768139366,324.02982441822456
3448,0.0008171087903395925,54.222786433205165
3449,0.0012335567462287145,57.181686839146785
3450,0.0008198765720753983,331.6019689332921
3451,0.0008593086813124711,135.03845557473392
3452,0.0008354766647182445,72.26228726685835
3453,0.0008203341308788679,425.28359611340926
3454,0.0008140131108655838,425.03009274051414
3455,0.0007140746633074556,72.22482620744437
3456,0.0008097075897548151,74.75684467180436
3457,0.0007383437496944187,69.35262866767972
3458,0.000772855381151156,228.86294497461446
3459,0.0009382178330085126,69.1163748141711
3460,0.0007442592177540064,30.523884129662772
3461,0.0008554120699375213,181.22288187792728
3462,0.0007361376331157201,75.99344965586089
3463,0.0006890767416565321,67.09324582858774
3464,0.000657940579607775,174.65484624655411
3465,0.0006265119940837773,184.00567209873017
3466,0.0007054005882902319,324.99675485702494
3467,0.0007719929428474925,315.1984071346113
3468,0.0007778366024384423,318.87507557894315
3469,0.000715187704017962,70.21359242503407
3470,0.0009464173596325541,413.13225842664804
3471,0.0009125955250326386,84.55402068721192
3472,0.0008490628548254066,77.00783784020105
3473,0.0009770575002816587,177.4683740058772
3474,0.0009124471474118262,36.361744591603696
3475,0.001002153607177289,55.51581641211798
3476,0.001180140196555582,415.7559102581653
3477,0.0012990330801451765,413.1724830640034
3478,0.001383250443252799,34.784290528519385
3479,0.0011287144012667486,407.905051675906
3480,0.001236693685479457,52.59734377582609
3481,0.0010781481684978768,71.49246863594824
3482,0.001398678155866848,86.744765422387
3483,0.0009784288500488526,424.96705860146534
3484,0.0009232357341712921,323.0296881596345
3485,0.0009170769045972443,77.58017932087459
3486,0.0009825319067486053,406.9452482770771
3487,0.0010157984264092732,70.18086544090703
3488,0.001033530643031259,92.15759147656705
3489,0.0008920935967996799,74.00980095886385
3490,0.0011628264359826751,37.65256201509
3491,0.0010244490080252252,320.312197446584
3492,0.0008412186336334509,54.722235951742086
3493,0.0008306188125258101,91.97893789034245
3494,0.0007406871606909935,34.026394787068945
3495,0.0009331428179863705,167.46350997626854
3496,0.0009019136933392684,129.66416634064842
3497,0.0010609979710971321,218.68853460939943
3498,0.0009226776903872362,90.50944584230348
3499,0.0008485414291499183,38.40052981976153
3500,0.0008600821243516306,316.291220904357
3501,0.0008514025232050864,59.24244114772129
3502,0.0008416545234348618,414.9060130818721
3503,0.0010463388054125333,221.4704528997663
3504,0.0009163943925407445,54.46109369483978
3505,0.0009507782161528247,130.12438389521148
3506,0.0013746763076502749,37.85564811051515
3507,0.00107334819423594,319.4792236202208
3508,0.001174553132063361,397.0521235770567
3509,0.0013250404266063225,132.17380459150917
3510,0.0013152043499955193,207.9012624978702
3511,0.001374173086883851,320.4544654441322
3512,0.0013644458478770853,129.01923807227126
3513,0.0013566508565748916,56.11920955385626
3514,0.0012231381175578212,170.30856332677615
3515,0.00102804744754464,120.01855323717825
3516,0.0010022349828031404,76.8153344868161
3517,0.0010606957602670342,173.13102735405496
3518,0.0010248962917730436,35.29164423418671
3519,0.000952894502478767,127.04899614419398
3520,0.0010373792209947236,219.88335417873253
3521,0.0010379686657960147,314.3317476964569
3522,0.0009605525971671119,82.92210497794966
3523,0.001034198993300544,56.21068215172979
3524,0.0010260467069936286,126.66109419502948
3525,0.0008743447019849359,175.28607090277944
3526,0.0009953506935449746,322.7114471320432
3527,0.0013050096440152133,56.5349463445191
3528,0.0010896892838749613,405.3776809845654
3529,0.0009658682883243743,170.22998524936963
3530,0.000926503235755287,416.3720979897935
3531,0.0009032624069797899,226.18312297622953
3532,0.0008682146128341776,86.67749329584119
3533,0.000938267585617133,86.83408502414062
3534,0.0011297327602168763,36.33210941231542
3535,0.0011954524810459009,55.422630557689864
3536,0.0008858195755797519,130.77123898444617
3537,0.0008282671977378249,56.03497145063507
3538,0.0007566071262772311,121.49069516984015
3539,0.0006500648012759582,86.85623865411529
3540,0.0007461986619488579,320.4072017739796
3541,0.0008812381177857128,36.26925080856191
3542,0.0007588254869939961,184.97455253649662
3543,0.0006204242609724887,420.3747631156643
3544,0.0007692929534183936,164.95868513554618
3545,0.0007260193545929584,121.27521703525997
3546,0.0007681301433072244,121.28426134904011
3547,0.0006949617803532317,422.58855867005155
3548,0.00086821391445687,418.53157791957295
3549,0.0011157144294057534,55.78364517311939
3550,0.0008495467261886963,213.20947644760975
3551,0.0009702183658724796,39.108732762124504
3552,0.0009758345890986675,96.85601129612839
3553,0.0008997998035231788,181.76987029768935
3554,0.0007908902175586263,90.73284247948527
3555,0.0010198077158850244,318.86628358920865
3556,0.0011390554635466754,91.43631019741049
3557,0.001210640660509363,129.13126779975866
3558,0.0011290036951237235,185.85776410591018
3559,0.0009213550918976695,310.9369202753466
3560,0.0009590320931557031,224.38557319969595
3561,0.0006662085906084986,75.61412002366636
3562,0.0008807991518969987,430.52964253129977
3563,0.0009199616134788055,180.75524589818573
3564,0.0006428263059694393,183.14225626671907
3565,0.0008661483661191042,420.52733504818235
3566,0.0007783237007323496,225.25668995426992
3567,0.0007993391633843679,182.4580035065708
3568,0.0012972563648836269,179.86829462768225
3569,0.0009030422675270808,120.76574506975534
3570,0.0010136987234777041,72.86443904986996
3571,0.0009066875298809795,57.86437499999994
3572,0.001178876083753325,221.25602535962645
3573,0.0008949922103056451,74.72566797504295
3574,0.001353030308214679,125.91763125967434
3575,0.0014613801535672572,36.12926073041563
3576,0.0012280281822453477,124.24171441912256
3577,0.000856477659329936,51.166069078852445
3578,0.0010116063645983632,89.06143784783977
3579,0.000873893891833644,87.64992851477925
3580,0.0009077678836757303,128.89105940238542
3581,0.0009271698059524784,94.40687104119694
3582,0.0010922466383138745,312.93323832334886
3583,0.0011758984174620197,413.2193868547142
3584,0.0007241656004540486,129.89881157502833
3585,0.0010769453997069168,73.44461496387493
3586,0.0009032692406913542,71.61920324019572
3587,0.0009636017853602387,322.1017044487506
3588,0.0007819227879293534,90.9501013608367
3589,0.0008225611023555337,127.36321546677297
3590,0.0013576109966630485,35.569319193828136
3591,0.0008511775341874864,323.3194611911805
3592,0.000902444689390355,165.79647532031902
3593,0.0008458341096051412,229.17524163950947
3594,0.0007739094264628686,35.86687286847999
3595,0.0008828958025746529,59.87484257594994
3596,0.0007534352646965497,34.48907512363022
3597,0.0008212885794341288,72.95965663406513
3598,0.0007528003281580731,74.17117440848762
3599,0.0007896255095325501,218.55668364332652
3600,0.0007550033434602755,219.47433656177841
3601,0.0009690855478892479,400.9999407059076
3602,0.0008656607203235562,167.83002816869003
3603,0.0008182000160467695,173.8337458538629
3604,0.0008599676069225405,73.6871106621498
3605,0.0007638475099983308,55.39766474521305
3606,0.0008304109461024972,229.92104856545794
3607,0.0009748658446617562,56.93082863745966
3608,0.0009922529194679851,423.52720597865954
3609,0.001240105870039488,329.0789703755454
3610,0.0012027862523142619,82.15626189001779
3611,0.0011996500019654012,412.7104778775092
3612,0.001341978276342939,223.9126634894009
3613,0.001290986992165619,319.5441361378405
3614,0.0013206504289104788,227.72865907895212
3615,0.0011422239852530265,36.57225563370293
3616,0.0010997717447910847,88.38606353937764
3617,0.0010379776023331613,423.88550710261575
3618,0.0009472109794954769,222.43480904377495
3619,0.0010009081954175244,408.3796976137997
3620,0.000904606600808082,336.0408705226698
3621,0.0010593217386120103,227.9280370933139
3622,0.001060429581584014,174.93130342343287
3623,0.0009422894582327829,119.6568996354299
3624,0.0009402240875739824,411.88046798996953
3625,0.001034676565661542,74.49447095989755
3626,0.0013436396931279825,69.92868465884271
3627,0.0009541801745183772,228.3224921460465
3628,0.0007479491052684104,56.79978170478328
3629,0.0009995583839131734,312.73598739971965
3630,0.0010921903260241866,176.45932881524402
3631,0.0007448046825151847,74.07315772175096
3632,0.000857729109630897,319.46971651753114
3633,0.0008942432063618485,54.87684984807781
3634,0.0009886468992637261,228.44107011325488
3635,0.0008746749774365673,92.07764453337099
3636,0.0008138269867557291,412.35383396267815
3637,0.0008433592216791497,422.3925366657636
3638,0.0008719226802639523,310.66651517638843
3639,0.0009259994418359165,325.0637166208818
3640,0.0009208757485081601,215.07603827069133
3641,0.0009534697738606914,226.7202441953617
3642,0.0007696257909043135,75.43957571963979
3643,0.0007583839320370501,72.90485181733894
3644,0.001040040021827838,325.28785620972116
3645,0.0010812083092874905,423.77164779420326
3646,0.0005676035195612148,36.18036218878395
3647,0.0008699316214956939,54.723695861295
3648,0.0009925412587570895,76.31564570321774
3649,0.0008634279469392069,426.74626321770603
3650,0.00085900081791561,125.8674382920592
3651,0.0009342215121813348,225.46989996045104
3652,0.0008349438161900962,73.38555064257258
3653,0.0009396319556570836,388.81834375388877
3654,0.0010155459759378079,78.61042315475447
3655,0.0010878312687054859,220.75236716770036
3656,0.0011830101043338122,80.25161089115073
3657,0.001224359502481229,422.03410593091655
3658,0.0013279197727944633,419.8280280463445
3659,0.0012538093906186987,176.782281932096
3660,0.001161618431561274,89.14839114522555
3661,0.001085795176852795,322.18361517606985
3662,0.000982042544557648,79.38498442601671
3663,0.0008215562420908531,71.41819080738408
3664,0.000897586809576566,79.5765983962664
3665,0.0008176115918733837,126.46146322457582
3666,0.0008747999895481248,91.61333548334866
3667,0.0008435899000887049,429.30231301481024
3668,0.0007842017830198712,169.81950818999962
3669,0.0008747207819020521,37.073164675131665
3670,0.0008633368345892285,56.02600957156485
3671,0.0007623409709280027,118.52943350274761
3672,0.0009888805786628376,228.66795769922211
3673,0.0007506871403040413,40.01028958759824
3674,0.0009444586031050804,166.60869774613144
3675,0.0008174500629493041,72.0834851198632
3676,0.0009659454540392413,101.38840979610265
3677,0.0011550419103668439,75.50178768212159
3678,0.0010291603486511298,175.2142234789384
3679,0.0012293208548628074,91.78588320394158
3680,0.001140863350569973,38.35569869343446
3681,0.0011719424291852757,405.66719303528333
3682,0.0015765908938098535,230.38342010163834
3683,0.0010620380794185062,128.82835264720987
3684,0.0011793167618726031,177.10538679717592
3685,0.001095634897025705,128.45412115398557
3686,0.0008902445724839375,326.1556061475924
3687,0.0010062199715923244,329.77583204941976
3688,0.0008437297822859585,97.21869632709584
3689,0.0009171418511976884,77.0988948578613
3690,0.001027383423545763,71.04631371343274
3691,0.0008208259869731521,131.9754830901772
3692,0.0014878504450813314,35.915225718985425
3693,0.0008904575164206749,328.6945108574023
3694,0.0008444339385499228,93.55757989760109
3695,0.0008352104907341552,95.85599493362949
3696,0.0006810657651980224,128.30728230924512
3697,0.0008162203360173866,225.3952003817516
3698,0.0007963511704515854,54.83115032613842
3699,0.000867758718372484,56.001117357303
3700,0.0008904664686765914,54.01941430436898
3701,0.0011172302145126727,401.07822833368874
3702,0.0008487142793263466,132.33110416715553
3703,0.0009260578949456307,92.19464663021111
3704,0.0009345781937471739,57.91531116501615
3705,0.0007460384217822515,36.56241839317484
3706,0.0006990640039144968,52.48973834952833
3707,0.0007186050267497696,35.68531892385171
3708,0.0010804772922380255,55.77971371481437
3709,0.0009436937534701428,58.316689903662294
3710,0.0007898404446364268,39.26753773658541
3711,0.0008350148825135467,38.03149159929939
3712,0.0009119923727447368,35.05823311274338
3713,0.0010652272084051809,87.84452881857764
3714,0.0009829351536459446,222.62040235787165
3715,0.0009979059520225525,94.3502863913641
3716,0.0008607051075749631,96.0995104360794
3717,0.000861540929239123,179.99388860261325
3718,0.000702332088067464,426.754915268406
3719,0.0006576689640567079,307.7589114442623
3720,0.0010132628871192021,230.62435067897246
3721,0.0007932878912347755,128.04116031026308
3722,0.0008086849192468563,326.35480530745843
3723,0.0008637675791385508,223.47127038433976
3724,0.0008199480791774367,167.83364490545176
3725,0.0005502893542017836,36.774176639572474
3726,0.0007820469073229075,77.034492794982
3727,0.000841223678398722,420.9431642060895
3728,0.0007887662481712491,121.43231190945214
3729,0.0008139952292907055,77.20050390259745
3730,0.0010527809701772913,408.0842733150445
3731,0.0009511300056871378,81.18853677258221
3732,0.0013321515433399953,39.12748860333746
3733,0.0007869331486124958,52.366874759988654
3734,0.0013360975153773325,67.64917694650588
3735,0.00136431071624774,35.9920292639827
3736,0.0011476292137239078,97.01138532568169
3737,0.0008482004836734222,340.6339244282321
3738,0.0007025542411391708,38.41775067502648
3739,0.0008272624285821401,35.42841176875868
3740,0.0008376952031749869,128.2388627163232
3741,0.0008407508716167335,96.73907768885715
3742,0.0007822151579349928,224.46679497728493
3743,0.001092803191896405,221.782923906511
3744,0.0009343166388812972,75.9482298233763
3745,0.0009772392745617253,53.724198820369956
3746,0.0008121449402121496,99.97994548687237
3747,0.0007644058535054053,123.86274253224556
3748,0.0008667732553836662,172.82724554263677
3749,0.0007945065314018582,415.81381449011906
3750,0.0009178936417344163,98.50025542015062
3751,0.0009553748004064204,35.94973794622589
3752,0.0009754635854378802,75.92331764873917
3753,0.0009708878971144216,173.53781711028364
3754,0.0006758274032770053,58.18740873867777
3755,0.0007847964357097226,126.45291591003341
3756,0.0008432082925787334,322.765694663099
3757,0.001007307165079036,326.51743354145657
3758,0.0008915323781611033,123.74626920283902
3759,0.0008583231893076636,175.65615698999113
3760,0.0010910642969371928,416.4038887272681
3761,0.0012052660575234866,94.20009328058559
3762,0.0010011057832193023,404.902597624161
3763,0.0009585281916971466,133.62858087919605
3764,0.000757805517685903,129.22740959062818
3765,0.0008952860308785272,55.0388397068651
3766,0.0008410006410730813,132.75523643157695
3767,0.0008390734975063437,322.11095520822556
3768,0.0008616669423944458,167.02639600074818
3769,0.0011779769491711447,178.74955643892193
3770,0.0009027778219049275,35.75892844066822
3771,0.0009315095843972178,168.4842786645832
3772,0.0007683795832507685,223.21489139227202
3773,0.0009347846608058965,55.13559963375008
3774,0.0008083559015037697,76.6310259674334
3775,0.000824838621156232,94.36455491011384
3776,0.0005865207769351526,37.003760210289855
3777,0.0008954124299303988,418.43364109603215
3778,0.0009805860033473333,317.6838696746448
3779,0.001229012914045213,304.37074801450757
3780,0.0013267652819360426,53.40722787468964
3781,0.0011654760034572856,415.2147547413295
3782,0.0013546601809848345,77.51456867429187
3783,0.0011151156549527213,227.25524890111643
3784,0.0010535976615432508,77.612515645119
3785,0.0009975962155270256,89.7483903704204
3786,0.0010584550443669427,125.48586958280195
3787,0.0010184177592855496,225.31532809284863
3788,0.001103519376591486,118.94861857334688
3789,0.0010100030465854243,320.7079796993161
3790,0.0009516491069449772,86.56709657225656
3791,0.0009238561799993598,180.24285775573054
3792,0.0006966801256880742,37.41282529509003
3793,0.000846347060611026,38.85174297150641
3794,0.0009642220983755898,312.63653249154487
3795,0.0011341882542684947,35.34569752573623
3796,0.0009812398054922606,433.06390151897523
3797,0.0008459924847556977,131.95038191733875
3798,0.001123454838466621,227.79024377634758
3799,0.0011169013182321362,79.59336528424025
3800,0.0005706040061842691,34.84619903268885
3801,0.0009343330860222497,91.0601036062552
3802,0.0008731944309878712,224.4049223933775
3803,0.0007581553749548483,73.3827289954178
3804,0.0007233541980699769,181.92179699280064
3805,0.0007754397484911079,228.90412490019042
3806,0.0008067106472031041,234.49367398952396
3807,0.00068104636387755,33.85038375229053
3808,0.001115434808029518,56.88718686332705
3809,0.0007855897212355502,217.5049567351743
3810,0.0009239808863765512,39.380163349838945
3811,0.0005837220224779669,38.230529957801856
3812,0.0006477165603345467,55.08438326519245
3813,0.0006712250103078077,55.04884327863353
3814,0.000890401415991734,321.8441976106931
3815,0.0008942975681182705,85.20798992617313
3816,0.0007377308212764203,89.17399574126439
3817,0.0007459387169518843,226.90712052743137
3818,0.000684731216411238,223.6771723787761
3819,0.0006932325014409238,125.35358120669298
3820,0.0008748485736829864,126.22090793924016
3821,0.0007944351120316312,125.87591417066646
3822,0.0007969820600626784,175.78511794087436
3823,0.0007030581745975478,92.85300663624653
3824,0.0007569936008455353,329.99192364339734
3825,0.0006701856198324444,129.42442551068447
3826,0.0007681111424863304,335.1808163207853
3827,0.0007170975526274891,56.943107435999465
3828,0.0008494064878519605,409.9682714112216
3829,0.0011713284442149915,321.35888684915733
3830,0.0008219110617659643,178.6528776379296
3831,0.0007167045520981122,77.07777808175759
3832,0.0007936549255815809,71.40410592172212
3833,0.0010152774264217722,125.99015200548588
3834,0.0008702213937696699,96.98534494352923
3835,0.000772499604575107,124.67919453220367
3836,0.0007538042866949232,124.43489020886257
3837,0.0007744802799828216,88.20838596185565
3838,0.0008515775556457478,315.2454286834204
3839,0.0008100447719975896,68.94869479133824
3840,0.0008551742664437641,86.4635085418422
3841,0.0009008653397495194,410.8637931961443
3842,0.0007828286686424813,73.31762993916816
3843,0.0009444035245088045,171.50888730244463
3844,0.0010023971653165557,69.72606479801422
3845,0.0009796171670341909,123.45982358236091
3846,0.0010101433806310818,169.9436328290301
3847,0.0010023530465442315,165.60908325671318
3848,0.0014550871682927366,34.55283247298774
3849,0.0008905586906438629,218.62463759963848
3850,0.0010534055347457022,220.96385350989812
3851,0.0008781544250854557,72.97035074459332
3852,0.0007612930209334235,76.07358261969688
3853,0.0005533818489188765,83.7262202940367
3854,0.0008595169204921616,94.66545153615753
3855,0.0008884516194460023,85.64703236251587
3856,0.0007669623603490165,88.3831675838059
3857,0.0007379333596750134,100.37653833864883
3858,0.0009183426770048141,396.5859190961229
3859,0.0009255908741401185,219.39410764385414
3860,0.0011077013240820039,34.78572476647899
3861,0.0009149552776253293,72.818181604651
3862,0.0007727303489341116,132.42897089935047
3863,0.00090703679067981,119.33201404279032
3864,0.0011484545978826897,35.544422243150365
3865,0.0009347696992582483,69.08621504021089
3866,0.0008154473008206961,54.55959440773775
3867,0.0009357057793253757,53.28878231165411
3868,0.0008263968675237265,76.28170686811185
3869,0.0009455609955988915,87.38607201934356
3870,0.0009942003543614733,94.99579094035529
3871,0.0009550836602279224,166.90425740108634
3872,0.0009614096050839734,221.4247617390944
3873,0.0009137498451445693,414.99070120818686
3874,0.0009797171956522327,33.10701225791081
3875,0.0009333168056887381,326.13140602891355
3876,0.0008655126911031539,417.2962778292043
3877,0.0008402856143998788,227.03201634877314
3878,0.0008814187752495155,122.89445004363492
3879,0.0009324410108669886,130.00865135011878
3880,0.0008815241552337464,417.5876775486445
3881,0.0011298030993854426,423.36360274798477
3882,0.001021825992255771,222.07936300302146
3883,0.0010873645609134949,73.13150919138948
3884,0.0010353056688973388,175.64160418103538
3885,0.0008803136092834795,180.0660754266141
3886,0.0009366650664420517,124.74908658634992
3887,0.0009395195548189729,215.9868404867706
3888,0.0006970620268598935,75.48315725112604
3889,0.000773708569197226,175.62384605276551
3890,0.0008649794886508262,73.48789182617257
3891,0.0008221496507119171,85.95784001574158
3892,0.0006725267970114916,76.7117247428746
3893,0.0006845877839847152,421.5921938768652
3894,0.0010192613217287097,69.3953048041918
3895,0.000668365570938579,343.14131990740805
3896,0.0004562023070155357,58.8218264959353
3897,0.0007380620492189006,55.743239922787104
3898,0.0004948554479514397,56.11597795498148
3899,0.0006294361473431388,172.4928267361078
3900,0.0005999165379511522,38.26405702254561
3901,0.0006450447325256332,431.1417610687241
3902,0.0007732948783152247,225.48881083085416
3903,0.0008317485976700917,316.8320897030775
3904,0.000834579885752918,219.35751592986622
3905,0.001057306891108427,327.2648949600233
3906,0.0008270433616526866,165.61160176379116
3907,0.0010174717258450983,56.42464999406179
3908,0.0010047570530504516,87.76233803427802
3909,0.0010453146725043993,36.108966266549004
3910,0.0009993777862194336,428.9280558264846
3911,0.0009392063790197757,56.407300261148904
3912,0.0011170103334107212,37.357714620236656
3913,0.0008264495478752823,54.376278051164334
3914,0.0007227960137646596,419.85574851237357
3915,0.0006307274188811327,72.62337384655436
3916,0.000836047309879075,425.95132039457195
3917,0.0008590726615174872,169.6252232001465
3918,0.0008576772742670336,416.47322108297146
3919,0.0008035491693339407,37.17460825479117
3920,0.0009108825572225628,418.8657630994765
3921,0.0010684667049891024,89.2028443806812
3922,0.0010605719080121372,125.21053794431246
3923,0.0007579678023090711,81.0747661989642
3924,0.0007381341779130042,237.00341123241896
3925,0.000705317757807804,175.72262963135682
3926,0.0007661450920334003,65.19580358750572
3927,0.0006848530973946673,124.58057248945276
3928,0.0008841357543921104,412.50154195041193
3929,0.0008457831109725786,54.174775034650864
3930,0.0007266536389795227,72.59330257842697
3931,0.0011279364085703249,397.8230379870105
3932,0.0010851772098421988,323.5833544740752
3933,0.0009950800800792282,130.9701309207143
3934,0.0010551847836240812,180.8606275423991
3935,0.0014725459259177743,127.5479353227735
3936,0.001013596257995307,222.0786330424977
3937,0.0008034791621481665,74.7110404299558
3938,0.0010431847143127786,67.92723152891048
3939,0.0009489438070059722,55.40767608608139
3940,0.0008510988693230925,328.38614306929287
3941,0.0008568116808528173,315.70598109198926
3942,0.0009973357720231104,57.23756728273284
3943,0.0009081068927104368,181.26609794227565
3944,0.000970298694082757,318.1067084971537
3945,0.0009911138537772477,71.90307997898111
3946,0.0010068518084732534,55.20969879700196
3947,0.0010432541572468442,222.20718789051696
3948,0.0010841612007477753,129.01796673983998
3949,0.0009008970814234503,59.38139661056135
3950,0.0009721480589426144,53.2011445599731
3951,0.0008445749334865029,37.15755410565431
3952,0.0009720704355319098,132.75940663801805
3953,0.0009040876808932108,408.7980690861318
3954,0.001077371015244039,37.54152373606439
3955,0.000965739589550225,171.19439798920232
3956,0.0008814741204646295,36.15994754669055
3957,0.0009489923836213774,416.1625911820661
3958,0.0010065390890333296,420.46685390304873
3959,0.0007998821883259136,76.89398334573927
3960,0.0007377201819524043,74.03807101305726
3961,0.0009289140067463646,88.95445132789955
3962,0.0008800531093749504,55.912045263744915
3963,0.0009322053785853736,410.7843103962128
3964,0.0010264028369795025,228.2224850628013
3965,0.0009607961901273615,413.7679535152712
3966,0.0006001296628239978,36.86612336410626
3967,0.0008057692780697588,75.64448756249784
3968,0.0007167255138502349,216.2392940462967
3969,0.0009211216775541358,123.04904391491961
3970,0.0008566805756067802,70.11591200086045
3971,0.0007155477618579351,94.39548255787348
3972,0.0006423713519832466,129.39919989053075
3973,0.0006806781814848556,323.0257046853355
3974,0.0007702448268528864,167.41189382364755
3975,0.0007405716904584776,222.89033713159478
3976,0.0010887189310197596,228.77884139225668
3977,0.0011491596408352333,129.40888627631438
3978,0.0009501365178423675,162.52342411495013
3979,0.0013396838832126048,58.71387776967078
3980,0.0011521251152602017,77.75425345027206
3981,0.001274225256966636,75.74512943118954
3982,0.0014326283087309722,133.76866870028337
3983,0.0012160380054120116,226.37131541410324
3984,0.0011330707222431953,324.9028296357323
3985,0.0010346511080837552,416.2203393662116
3986,0.0010357098682235064,165.65090949958284
3987,0.001027143181230573,133.48395444298814
3988,0.0006230222420997272,36.778541395548295
3989,0.0007795223046631125,83.48107599556242
3990,0.00086210580845836,221.89167294309522
3991,0.0008388280333710765,171.29959441119408
3992,0.0007417838179048651,224.86853860615324
3993,0.0007027662004783436,75.54189849007163
3994,0.000777627872237743,84.19371450383105
3995,0.0007608080766909426,36.938363602222644
