episode,train_loss,train_reward
0,0.05338442930524502,92.34198726396262
1,0.01289151580582354,138.53397828199718
2,0.0071135841658040485,276.85830730778684
3,0.005087514772158637,356.1338445746225
4,0.005082918172278864,47.04816406705725
5,0.005161600434428355,190.37474594834188
6,0.004125086329174375,271.3156584228841
7,0.001892397627796464,30.26250926546041
8,0.004576807949773174,272.3395365028293
9,0.0038678774591271526,364.02203113097084
10,0.006066460972375599,58.695369168753246
11,0.004449153317347571,358.73827408978735
12,0.0033900860678471494,358.10444850842293
13,0.00246294471424935,193.43762197700093
14,0.0037810983639910527,73.65051503533323
15,0.00494656239755732,271.1646531794496
16,0.0036914028427278167,106.45864124006567
17,0.0033987107031317526,359.3730246267842
18,0.0038143039354591483,356.93043617137255
19,0.006265357555259305,46.5397961056751
20,0.0034065149266049523,355.9589821676472
21,0.0047884360620418405,103.35722469219152
22,0.0072371991497096715,48.167700069395416
23,0.005343634421892189,44.63598869564365
24,0.006362648087127348,73.29431625487437
25,0.004943563815616541,103.33633356825153
26,0.00522741369662906,190.45513872435075
27,0.004371045143054423,150.3610954949929
28,0.005097696489621073,278.65676922733
29,0.0038129242907392166,362.9646615386232
30,0.005062004445399425,142.5050339879789
31,0.005627138057969058,77.30073547446032
32,0.00423605835797942,188.3818012867107
33,0.004365190756190615,78.90656342406552
34,0.003511418583985761,75.08621018463708
35,0.004033963990660199,269.1374840006779
36,0.005688199048733114,64.92030072758004
37,0.005139051187487328,78.36151254452383
38,0.0053376131603530465,74.52585838571095
39,0.009420431502051008,31.828699729224528
40,0.006851560428449314,151.8453316932067
41,0.004531910912773288,189.27070992415665
42,0.009299592995626755,28.799677775632542
43,0.006270799980728081,191.37165803881368
44,0.004407682362632597,193.71902836661857
45,0.006827933837289706,146.78652328992868
46,0.006435828167163844,183.98019713199398
47,0.006937795711234106,43.535139401657325
48,0.004762985772916655,272.3025324809262
49,0.0044775376866899525,357.1435598630552
50,0.00203570539192928,64.50409324518245
51,0.003800164161590838,270.2666993641629
52,0.00342229178204434,43.76516851382597
53,0.004134047625561386,273.243060876224
54,0.0029064636134544623,184.10478876141934
55,0.0020389076469025614,101.18180136031494
56,0.004064047623407362,144.2276767238611
57,0.004008176421755984,61.21165677314291
58,0.004978609333657066,141.36873938522743
59,0.0063869480928603435,59.83766159612562
60,0.00417304123983288,356.1492746591917
61,0.005590100837158891,31.62951576994705
62,0.003346039236684022,58.11610310665539
63,0.004053498795943149,355.7932051449865
64,0.0030106277477353676,355.4640216777771
65,0.0039854469595693755,30.33670143154197
66,0.006561161989268909,105.71948628135861
67,0.003354637693543761,78.72892601921606
68,0.005042517077095702,187.91937618276376
69,0.0033297247815868548,77.58322516326245
70,0.010619829183018863,31.862944936499026
71,0.003902728777988655,44.44474516504122
72,0.005312758285485456,355.7018115910657
73,0.004503422148865446,106.31391637034802
74,0.00365323833805773,150.00940999876644
75,0.004622876301339405,191.68897139309627
76,0.0042842240772713435,266.9904666781155
77,0.004806258830439667,60.8837817032622
78,0.004961659899734137,32.89827396955969
79,0.00670819888031913,30.95981843239231
80,0.005437754095580134,103.02789260437171
81,0.004052350382031646,350.4775406212083
82,0.004165596158738974,59.11714611332672
83,0.00746636281185382,30.60239523288499
84,0.003494258984714039,99.11233399473988
85,0.006518841366815357,63.33893230795461
86,0.0031804695542432147,64.15210737387801
87,0.00331092082944514,29.44221848501256
88,0.004626630343284041,32.46595210243035
89,0.008639612643243956,49.17315924424425
90,0.006575721593512522,62.539176631263736
91,0.006147762433563041,275.7471570840716
92,0.006450969535933078,359.12416696147426
93,0.00518713312759212,350.56687965200877
94,0.004896838252597232,33.23795112720513
95,0.004976794099010559,48.80393761327709
96,0.004787176002665492,142.1722199518035
97,0.0038546838286338705,60.50134985241687
98,0.007958636902251535,45.622752310428424
99,0.007767918809208666,30.458661287874552
100,0.004446650439719415,268.4946513920411
101,0.004280884189244819,189.1919767330508
102,0.004988221625381746,192.08932328278948
103,0.006171291782126131,109.37777354904723
104,0.0035042276339764017,29.453876676389342
105,0.005094735080601206,64.04462235232455
106,0.00569232231438792,270.3617204793602
107,0.004590460335258775,104.11733891064333
108,0.0066779425201688855,47.96894823020194
109,0.005166316936993098,45.04402227891449
110,0.004962934260975986,270.85140798864467
111,0.004027583739885953,102.28320344175647
112,0.0036356352624848528,47.84915669950046
113,0.0046660115341781196,355.50790781482016
114,0.003927514927488513,356.0867669073332
115,0.0031926149824505192,77.75827787921452
116,0.0029369875054420028,346.42248048900103
117,0.002940592487012162,184.74689771353889
118,0.0022602428595083607,63.741501691304585
119,0.003885847542977027,188.23542430697907
120,0.0026141258410569794,61.83545345978603
121,0.0031599465798797734,59.6736255177488
122,0.003948362560992324,77.90705865627939
123,0.006540911327114185,29.6037025421471
124,0.0053588360897265375,28.336359693851236
125,0.0056252787022646675,31.70265738953815
126,0.004977044408509212,189.771629398003
127,0.0050462960471949455,48.48697046920839
128,0.005289715881074229,145.38363766751442
129,0.008366622524390242,60.59140171752584
130,0.003839859689337159,47.97694718381901
131,0.006264985778344398,145.09736064758624
132,0.005495607904404645,148.88344499983492
133,0.007605981213375051,146.89185944987167
134,0.0063956098500368395,355.0066428827969
135,0.004874430423572772,147.5686750736963
136,0.001627138001507634,105.98939652695
137,0.004274001533188529,267.7282816910469
138,0.003287381269536793,271.4069186775866
139,0.003666905863718643,59.98067412369576
140,0.0037822917837164256,78.37488560400097
141,0.004131410673732351,183.54343505651815
142,0.003281967866339098,71.71295023144759
143,0.0034332391401268566,183.93833048138
144,0.0023357969364920885,58.76346895541743
145,0.0038241159190175286,101.0131068852017
146,0.00326389972253741,188.29314495508768
147,0.00351690149614729,77.41493934889756
148,0.004604845446797176,76.08738504325405
149,0.0041782108401872044,360.2375467760782
150,0.003975293392871592,360.5942798609391
151,0.005082883287548735,61.00758050379417
152,0.0039971468304301335,271.0884129884769
153,0.0024258392824839546,29.860734025476535
154,0.003212948904005176,104.33052785257219
155,0.0035339700328801305,48.810403050656475
156,0.004441620249353852,192.49251315068236
157,0.004929816957965985,45.37919700024915
158,0.0032190873667926868,108.27782019075143
159,0.001433046102365238,32.28184336501921
160,0.006831949555102952,146.99412168297334
161,0.004315316580657886,347.73225589490295
162,0.004776312183681652,107.28804598636297
163,0.005033046160589066,192.50003136357748
164,0.003863225967737454,270.85461770473614
165,0.005705390572552846,57.735651805962554
166,0.0033524084167194028,194.04670500794617
167,0.0034229553108978865,347.92329115064706
168,0.0026220129915380665,146.1763718185692
169,0.0030832529827631125,104.60092709666345
170,0.00311424193406028,30.08713572518197
171,0.0033931505982088975,186.93629833179077
172,0.0030851738005198454,192.0598013013678
173,0.002896651081998794,275.28669087279445
174,0.0018000034138650164,75.07611537020007
175,0.0027091011480510573,28.6699944037163
176,0.0035808484016902533,106.61801377736857
177,0.0028239362643138607,151.2412040302216
178,0.0043079769827498535,150.53712735889764
179,0.0036905325582806325,194.7559656878276
180,0.0033658941343981522,274.0164810189926
181,0.0037317176536127024,33.234391609683456
182,0.0031975420300573345,194.53635294037872
183,0.003280007691769517,151.149721650256
184,0.0019390495573792703,32.88787895162842
185,0.003119913429889659,44.17192832428917
186,0.002813600079740542,32.698212568799256
187,0.006869229020406331,30.14128257696618
188,0.003618149574069253,351.0523066372555
189,0.004929566147347331,149.25614930512396
190,0.0038621047128735496,272.30251173056627
191,0.003159620991275667,47.466677572892976
192,0.0037733901812341034,148.05423520606524
193,0.004721227468479876,181.93898093697686
194,0.0030575412768574636,270.4891215361368
195,0.0027924042772568118,141.79832480553048
196,0.003655495052984314,61.0602350838298
197,0.003373623051506788,75.44564390519305
198,0.0031889864244319674,31.197861469584335
199,0.004794124257849466,60.406111480361986
200,0.004971958342663375,58.18704489970377
201,0.006739784713648656,49.30514149254044
202,0.0052917793622107995,141.92177665438157
203,0.003290543225480528,107.49584067569887
204,0.006004618611583837,62.53772544315694
205,0.00456593330240781,354.94911785713555
206,0.007866985285514163,30.632764998521523
207,0.0018608183881010988,32.65345576886403
208,0.004554252776014276,352.4336856990481
209,0.0033346613668303903,61.722284548181584
210,0.0031074651184287085,31.427022359676556
211,0.005713541803246343,179.3511070519061
212,0.003404817728860695,189.77744253559126
213,0.003922774751494029,31.68770037839254
214,0.0040300990169283455,150.35989992961842
215,0.0037137308603718304,149.61055129589872
216,0.0024808463217518926,65.81980785864059
217,0.003794641705567723,189.98647597159325
218,0.0031101566468932267,184.15621548645856
219,0.0031910481397315446,351.3143596257356
220,0.0017221366809626745,270.84638645947723
221,0.002129049059646755,354.0774902157941
222,0.001896676363043405,354.4524598913536
223,0.0016123936334301785,58.73397513646461
224,0.00197528338645805,266.10237347995337
225,0.001568563944569895,275.2869264694405
226,0.001998440673121187,32.37727447631167
227,0.0029545208572366952,106.082614028487
228,0.001666605974119412,357.450267033507
229,0.0020957492305852016,31.952763690842506
230,0.0027051723106818774,267.64919353088015
231,0.005772784425563918,31.747015869510328
232,0.0020451677900437427,146.63761322554456
233,0.004850210295274846,63.28272512222562
234,0.005136225874844842,31.7754006948068
235,0.0053070498302233695,29.85092237564398
236,0.005652601412637867,77.66547215722855
237,0.0035777162135265574,30.38286528154235
238,0.0052047642443889906,104.71693478353892
239,0.005133848786627682,273.1639097362271
240,0.0050397461762540716,276.4393633119231
241,0.006086920445562321,75.60886444778745
242,0.004495576897380278,103.58682231264328
243,0.004029081332003537,31.7395886674233
244,0.0054899158671115125,356.75589355011704
245,0.0040456189721057335,186.4173716412144
246,0.003128487487666677,190.98176896335545
247,0.0031521238001501347,48.88182554431297
248,0.004656711821908021,60.38656194250027
249,0.0036593600549449695,355.60460579374774
250,0.002988473996547388,148.95322094028958
251,0.0026154792774997822,47.5254496094596
252,0.002854960650508404,102.63823924107304
253,0.003660373183406664,356.013941550696
254,0.0032583441039838986,354.32970862830473
255,0.0033976296387911793,48.69248818190606
256,0.0029874144058718325,149.67841898803596
257,0.005207125987834769,71.41145438814392
258,0.004111737770302679,59.04707239021288
259,0.004762867686579757,145.44258985591503
260,0.0028432123011428137,148.1848581316362
261,0.003318144091028125,189.38879722469042
262,0.00272201595865996,102.21365243650602
263,0.003343544048390359,59.357376849433976
264,0.003274366382628586,190.0730438989675
265,0.0020383495211717673,44.977755520297386
266,0.0035377356790546803,63.17070213982884
267,0.004013638343855525,77.784170542114
268,0.005315703078680198,61.99822908359136
269,0.0043928618929228455,29.055375855309727
270,0.0041522795980764105,31.460593446702923
271,0.0038608808252443482,62.812260799189886
272,0.005438135585742153,75.59765102598364
273,0.006348760438598574,64.06756227026227
274,0.0046652823488348635,189.78315902151587
275,0.0058428522300766,102.55595732977653
276,0.004838379649201571,78.70508541203212
277,0.005908995706144756,104.55288848606452
278,0.0048803581227949856,31.93156726722936
279,0.0045045114494659455,31.336690045901154
280,0.007225607857019325,56.878762792018
281,0.00831797037269631,28.400152744980744
282,0.004458331931370619,78.2055407240701
283,0.006347256018624152,187.92784362718876
284,0.006360171119389446,33.96842494861644
285,0.006177674106531656,186.9165261496826
286,0.004714605639911986,107.35526784718377
287,0.004000474080508496,60.611587218937885
288,0.005867095076190218,101.20020924024682
289,0.0035393819373377875,72.9673794416871
290,0.00173381958285807,45.53869756955136
291,0.003429518073478564,63.18619876517259
292,0.004173204180845529,100.45000565926271
293,0.004285513476219385,147.73965116840517
294,0.004201911431524563,105.49018318890626
295,0.0036916453842072744,364.3881131185239
296,0.004150078233744187,44.39156964550889
297,0.002978640400993454,185.9189466068089
298,0.004092731036177032,46.84348865443593
299,0.003597720449384912,30.1811731897423
300,0.004739120860527879,32.1551782839434
301,0.004458653326838504,72.84207865735081
302,0.004444395948886823,142.73485877947894
303,0.0029079791143146547,355.32172110967707
304,0.0020549925356061903,78.59139079003963
305,0.0029094098302845273,46.484082935808146
306,0.0036190542100719295,186.0989821915726
307,0.0044787162469688575,189.4277935629085
308,0.004600970730353839,75.74451412701794
309,0.00303985421688312,32.44430357402815
310,0.00454321654226253,342.5567105910525
311,0.003568795362628986,48.142822639012984
312,0.003138357207089811,269.8210744086722
313,0.002171086576779019,104.22636774356285
314,0.003063493607359388,46.016307589973444
315,0.003438117424138909,103.19542779489076
316,0.004260792337378449,82.17028058871279
317,0.003297912655563612,45.808431790785654
318,0.0034960532410388202,105.56668084164073
319,0.00474416663677528,29.27565803889567
320,0.004384356816936398,72.91699659195842
321,0.005182902601518435,105.35961906108274
322,0.005099118365416705,44.26487520780682
323,0.0036059256073353277,352.8428165708031
324,0.0032523660819883675,352.8488008263722
325,0.0035084074986335852,28.56551394859325
326,0.003958176785510239,106.02007812995265
327,0.003444288399485821,76.80836720169096
328,0.0037161987933846904,192.29738249534452
329,0.0032145238061454784,266.2088533000483
330,0.002882798876706941,272.73888445374484
331,0.0027015740153904073,355.1399897143795
332,0.0032016135480177777,188.3108195350489
333,0.003101121706857009,72.79388168843947
334,0.0020002160319922374,275.29839184859685
335,0.0022821184569411196,354.956404086937
336,0.0016402251770567342,31.569925210555322
337,0.004850791303893361,46.06746345358253
338,0.002423082325436816,189.75260751287027
339,0.003095847172272937,146.3484478696565
340,0.004081979143863417,62.93862888447846
341,0.0032369489482641164,350.9049296062787
342,0.0021586834605939096,150.32114086814832
343,0.0027647926098005563,77.76215755118963
344,0.002886555838221278,143.39332214662446
345,0.003922641709554443,62.868150140999724
346,0.00402341859824728,269.7032399905194
347,0.002934747346067713,30.34941994987547
348,0.00489090537729649,32.49679914617085
349,0.0044729827835216784,266.5769236934937
350,0.0036905361830201974,186.51697307932457
351,0.0032910484585332083,149.03720862775518
352,0.0031185957637610367,362.1069227027833
353,0.002611018963027443,104.8584851578013
354,0.0030611051453457027,58.31289910773002
355,0.0027094210962713004,75.97332408080936
356,0.0035273204488145316,45.93243520811672
357,0.001683759410215399,45.66609871726516
358,0.0034382840341264857,61.7742640079688
359,0.0031945847621155455,28.505940291417282
360,0.002754402125917249,62.5286148633766
361,0.0029023497451066303,144.95973117045287
362,0.003959111017386683,350.45417482323626
363,0.003553996439204076,189.8979087129102
364,0.0027656599222923278,31.01866387614735
365,0.00373728916304277,271.2216219808237
366,0.0028728266706564962,270.3757849697437
367,0.003101859909075359,270.17334594536436
368,0.0027729886345556364,104.23244142025403
369,0.003477276400050099,105.29742960048054
370,0.0035790072509151853,31.084498769415802
371,0.003053530644232022,32.84545799302366
372,0.0031861778806882117,189.2597841041133
373,0.0030859815297181077,74.27471607286017
374,0.006742983006419804,46.133400269259184
375,0.004094708894370452,149.39959333666232
376,0.003497048788424941,189.14982104201218
377,0.00295024178676367,77.26296624708716
378,0.0029449247302500694,190.39024975420315
379,0.0038060905203151792,47.08499683702136
380,0.001522401661284014,47.53842797693057
381,0.005290134728131737,188.66615531484956
382,0.0034037532597302254,100.35450551299972
383,0.007270473132817203,32.5310145872368
384,0.0033451738608441532,348.9845996680451
385,0.0038712641223603646,45.592875564252196
386,0.00339829936657658,143.5261429566668
387,0.004465658709747895,147.75236004216708
388,0.006107942340550234,62.77737692660312
389,0.0037762265468223575,353.26979332038087
390,0.003310849395783292,266.114867555133
391,0.0032096335723788517,107.71751211386929
392,0.0023624504156372797,350.014197503324
393,0.0015444974122732736,61.70407512553212
394,0.00159369009816146,48.10748173889167
395,0.0028673851307040666,271.06867901854946
396,0.002222839660013032,191.52222217492624
397,0.002203087022383148,275.3797246143424
398,0.0018890196840445224,143.45786918395325
399,0.0018462030526459042,267.3099668051743
400,0.0013284749157636807,45.54095617100787
401,0.0016506873450166033,352.85826790924165
402,0.0013397283207755401,270.66350345639444
403,0.001808397810655054,349.8757016615995
404,0.0019924120976032677,47.39206798787066
405,0.0025199379318618705,62.10629612157757
406,0.003573776779481145,100.41206721916967
407,0.002179294376019924,353.86031522350476
408,0.0021491323696320873,150.0809720325819
409,0.0019929375344666547,190.70312920418888
410,0.0034639074211382475,78.6692931151458
411,0.002602015601571918,351.6054644425308
412,0.0032695759215685184,61.845033637987235
413,0.002300151593358764,48.2151389578838
414,0.0024070205269619152,267.9909796789364
415,0.0023779889920928434,353.54585506825805
416,0.003394224307126494,29.677388333993456
417,0.002851172343350929,103.65036853349004
418,0.002739051559578206,347.2190435996333
419,0.002686755399951938,183.76503737217118
420,0.002168037339307028,184.15748920756138
421,0.0019280324512385024,271.87911729753665
422,0.0011806357861446329,33.13711483906895
423,0.0028664812689482414,353.1502325981219
424,0.0021182036799263395,105.85270889633259
425,0.0024203662520790965,150.0119112158626
426,0.0018892140100589244,347.73877381961154
427,0.0025591909923770636,43.63476081698961
428,0.002439476339749887,268.83748499210685
429,0.0020585701213605436,270.3782094205101
430,0.0010395427093867879,74.08196105822083
431,0.002591660546042132,74.29672380381801
432,0.00405228980358712,79.99927520458881
433,0.002695395519293851,73.30733994763655
434,0.002929174867999727,270.23602761056003
435,0.0030762357258673854,188.38418805200715
436,0.003135111222958662,273.5437310440228
437,0.002410706693871833,353.78863462119824
438,0.0025000790511770375,350.75960048998365
439,0.002242299378219916,104.65837256908212
440,0.002535674878249089,276.26835388209156
441,0.002882131003284135,100.0049412824369
442,0.0027458169359726105,105.29582675938578
443,0.0031845971525049557,105.37737793360571
444,0.0018832390367213127,72.73335176450942
445,0.0030902661698528904,267.19294729037216
446,0.0020882657932137804,61.16870497430197
447,0.0024922516014968905,72.12192612740559
448,0.0031353365552254566,104.24326160546296
449,0.003203966635769105,31.391585930969796
450,0.0037495076445128897,98.59034630356564
451,0.0027351557135076848,61.33839192561571
452,0.0033426776077445735,77.71091074672016
453,0.004046919277274263,59.17580228041963
454,0.004185672577944855,78.01981692395445
455,0.0028969596068302204,191.80121851257562
456,0.006194005078703832,103.94214803018407
457,0.0033686781180959596,77.68889062397139
458,0.004326922771537115,179.18513133678312
459,0.005101129960866484,109.17298325496537
460,0.0036013519698330624,46.673734898125936
461,0.0026532572923440904,31.35527316651483
462,0.006438859706294948,32.786078057534475
463,0.0037661265220538523,355.13287297956424
464,0.0038396257061296484,264.499599787857
465,0.002132448244034045,73.7804018772436
466,0.0014604504571691685,30.832397799943248
467,0.003849158834219855,188.50498096244897
468,0.005928044350651829,73.89000960453211
469,0.004810572612768738,48.72164568792634
470,0.0032153070838078215,29.80293243069846
471,0.005747706948315362,189.38009349669335
472,0.004657016370352672,78.10207368239763
473,0.003880384825662855,191.82877651005705
474,0.0027968594546329416,148.01982258027604
475,0.004493685279256268,78.48221580964668
476,0.003973826197211197,73.39663330692804
477,0.0033000888152683555,76.85890132925046
478,0.0027274292241584635,61.87685397382514
479,0.004358932173720229,105.54479466837334
480,0.003457863477424012,31.84660212602569
481,0.005006820960261393,74.45881565015678
482,0.004455235416985074,47.06169245751403
483,0.0035100350841939625,74.42710304448184
484,0.004030086705677457,77.44846198577069
485,0.004471468945986409,77.71410696790556
486,0.004669957572430675,76.97293289973352
487,0.005707778048186595,60.72792839908061
488,0.0037926331519121115,146.5292271876682
489,0.003092520695575401,108.21796584444334
490,0.004671024417188459,73.97167196300884
491,0.00505939161883214,73.25942214022103
492,0.004011684916420145,360.7922587471947
493,0.0033561241871455836,141.32662194379893
494,0.003108398515392984,147.6398983817572
495,0.003110061589640364,46.72046067155703
496,0.0027168238091028547,361.38673195621635
497,0.002598400342125191,72.2795023724565
498,0.002905166240855536,143.68210432650676
499,0.0032177359326816747,103.18548280061381
500,0.002407608988659823,62.02774194194333
501,0.0029462382107549976,104.37427307602309
502,0.0031491308129762124,149.71531175298225
503,0.003986758469678039,49.82699932663757
504,0.005292040478537783,61.96454498110901
505,0.003752827297787935,152.3665659557491
506,0.002664623860793244,271.030410802689
507,0.002939382572768754,32.823099319729536
508,0.005801581649378069,59.62718013608223
509,0.003764740840177208,265.97697861989496
510,0.004065401229111604,62.34658530650427
511,0.004431313215358411,144.08659631949322
512,0.004506915886657891,276.91228552864106
513,0.004002693454330674,72.07250113573772
514,0.00293625712944769,345.6418081459733
515,0.002923104119403921,185.2468535130258
516,0.0021788288834343533,76.00093939222357
517,0.002551042656241346,142.8817360507507
518,0.0028548927836811616,353.1708907265091
519,0.0017183357518991795,46.740358920734735
520,0.0022846930193984667,361.35762145099625
521,0.0028852598183297692,272.8116122437041
522,0.0025419156544068335,106.9734405602131
523,0.004251894275943938,62.71068713705756
524,0.002846512308892938,354.6683526706531
525,0.0019504669706049717,178.2070949401121
526,0.0020346554085219084,353.07354674272904
527,0.0031242762693059253,74.81365477588797
528,0.002248439262294941,32.27760299829562
529,0.0017646359450761197,143.27342611813117
530,0.004078639722261499,65.42903425332587
531,0.004539198296013931,142.92840729454576
532,0.0029358394032726284,147.98075748069252
533,0.003769411825302641,63.297005935860874
534,0.005870779451376213,32.46552060445464
535,0.00403836938936909,189.77053788619753
536,0.004421693039727292,47.849147392039946
537,0.004686700443913574,267.42669315619975
538,0.004760716083126813,181.036096938761
539,0.00450130780375051,269.6557384054187
540,0.004226379342040765,59.31035513972699
541,0.0045462699501414945,76.22188249006521
542,0.003621429070841897,190.60591295608927
543,0.004852136902874178,59.44224177071804
544,0.002953664428294021,63.50053231950458
545,0.0035802683208830638,351.74147300278474
546,0.0031242277651802974,353.5695063011059
547,0.002172630870280016,354.04608026265873
548,0.0031430319906410823,48.051425981157045
549,0.0021564283775534995,30.697962641087422
550,0.0022606515095823262,79.0747806408416
551,0.003710871681257479,48.6997252804939
552,0.005404529609097216,30.69200641416863
553,0.0032000590296024254,145.74132280924576
554,0.0022842762519918753,352.1129930507781
555,0.0008255023201164821,32.0129847912907
556,0.006430177385151514,46.358588354754296
557,0.0038519564872172398,146.5614983232428
558,0.004295841074737543,147.9807508402084
559,0.00225006879963516,194.65013515927302
560,0.003692386628048356,78.8115893267139
561,0.005307697152100696,29.43063832440653
562,0.004813045599489826,29.96494069216363
563,0.004226937811486446,108.2092728136661
564,0.0033727269719115442,354.1731519844624
565,0.002271754550407121,360.32190719391537
566,0.0037157727374351915,59.71138512177205
567,0.0031079264140832503,188.4931353324971
568,0.003805615960275112,31.51704590308268
569,0.00408737236542768,276.1858126520615
570,0.0023984939545978424,106.93721656926796
571,0.006061398032310033,30.726062723122276
572,0.00356154830660671,29.467895062815252
573,0.002151621167728523,76.90464264068447
574,0.002589448872121948,149.97030010699052
575,0.0020185114707461393,108.95822004209836
576,0.0031092271250411706,31.028344871389102
577,0.003734536232514074,189.66216705161548
578,0.002720748447098083,73.2832344447225
579,0.005093024241432431,47.63234404083516
580,0.0022480114150146783,46.69547891416306
581,0.003835234689128182,150.25247621206412
582,0.0044521072713356235,149.30829495091737
583,0.003699922688680929,103.46932999664938
584,0.004189150226361212,105.13479264936696
585,0.002320634826901369,44.40385489503904
586,0.003926424831583461,352.8705579663843
587,0.002367016450352335,352.2154219650129
588,0.0029000683865180216,143.15697876255354
589,0.002016416298752568,272.26695994224724
590,0.0014970163041702158,75.6153622215243
591,0.001508871755280789,362.456823912195
592,0.001799513684539268,278.31164100114734
593,0.00214573337516694,190.26161347616528
594,0.0009609024690772375,46.62301755367569
595,0.0015597150591433588,48.16761707733652
596,0.002639570346797303,47.177649248073585
597,0.004707674463723968,76.13838331896126
598,0.0036574572240592935,348.59658245559143
599,0.002603174161838794,59.167412063237755
600,0.0025716284794866295,183.49152871091175
601,0.0036582264785613152,79.12927879112098
602,0.002688055317745331,56.637445318507844
603,0.003314935751589828,57.74614022471941
604,0.0048032222108635,45.334052094330666
605,0.003622129563056562,76.83146443998329
606,0.005402965887383445,31.767672397516492
607,0.0041490895785855015,61.47775785201014
608,0.004842728899596047,49.45094906150218
609,0.0042867832500213315,99.59222767811357
610,0.005242661978083617,189.18396488399486
611,0.004402511946635662,355.43439203630373
612,0.00891795893127484,30.48023171763693
613,0.0036299290692549105,271.992246726986
614,0.0029899460032292817,77.41455391808337
615,0.0035104016481164227,190.14776667150556
616,0.0027669325451196275,152.63456235805515
617,0.0026524648837948916,76.81986731867798
618,0.0026830647637669587,75.26670604469761
619,0.0023934929723725064,192.34041764889363
620,0.0030488192194869355,356.13257150242583
621,0.003832835335110835,62.236453289546795
622,0.003931244805492249,44.3411652816131
623,0.0039004385697318446,104.17531645923587
624,0.0016425551672502228,30.197843302939145
625,0.0030739117108588778,107.01611399294553
626,0.0032157543591406685,357.8607665238687
627,0.0029576962465811944,46.53979495437002
628,0.0023229195051906824,29.643969696469313
629,0.0032805009858251294,189.50543458800945
630,0.0024456569484703925,272.67737272533475
631,0.0036826829969372325,45.553962860156105
632,0.004628769982611464,48.86101759182986
633,0.0023963669215667435,185.72279638897425
634,0.002171532440942511,42.17451834518386
635,0.002335182201766822,45.45348364516975
636,0.0030005961588755437,276.9857461238532
637,0.0032159842885448597,48.02719888423271
638,0.0022128503600139415,44.558404388823064
639,0.0023819385063066426,349.04551950329676
640,0.002255197187808405,101.35124441801669
641,0.0018915211538184779,103.99643326701371
642,0.003375185334211769,77.68928142198293
643,0.0043644066662147036,106.93410084575865
644,0.0032804977197077646,190.26944427817284
645,0.003196430940973233,60.02222920461527
646,0.003918436569785461,46.80803375950629
647,0.0032449843642585693,180.7119581399867
648,0.003163976668487598,272.88129549059147
649,0.0027024348101077835,149.92659502753438
650,0.003340904694822095,146.04043229052982
651,0.003467703346394466,105.0625230253598
652,0.004389492541926861,107.74619807550482
653,0.0031783726691160985,273.79438414471196
654,0.003501319248451353,144.50368169735103
655,0.002178297479233528,32.23147995568986
656,0.003026525315805417,74.33427955229897
657,0.0024600989828114333,77.54823642789215
658,0.0030557981877714605,266.1227113133699
659,0.0035028045734949186,105.97414144980155
660,0.0035714033797498938,76.33631908736439
661,0.002702480267361041,149.19824825385825
662,0.003568747810727332,189.9507978411509
663,0.0032997070951261355,105.03902384326555
664,0.0042631275108357064,349.3772901797645
665,0.003352364168511651,349.92163383481636
666,0.003270655808626963,103.57969415967051
667,0.003287787354552998,263.6109591959653
668,0.0021246334529383655,267.6909859614252
669,0.002340498582498185,105.94696748236532
670,0.002399439764988144,187.24870160631468
671,0.0028468259625760326,353.33351717446834
672,0.0023916522807419164,49.05219775808809
673,0.004040727602282109,103.72603937009038
674,0.0024293862696726197,62.77191685254335
675,0.003929197207154092,47.28826980127752
676,0.004076063296421218,57.5200923608568
677,0.004359018129537322,269.0722954457852
678,0.004636924510752858,102.30516143780191
679,0.0033771504628351645,43.874437537037785
680,0.006906739147200293,145.0790048280643
681,0.004642646968512474,103.3717328435746
682,0.0035453552148813185,352.4514908314843
683,0.004602998402487621,62.858973908214736
684,0.005338707244432458,46.532159568737235
685,0.0037954359604127786,149.19612721238838
686,0.0040912264316953165,76.46639384613789
687,0.0043711243140294115,71.75934169007043
688,0.0025860786771699095,73.51573067877965
689,0.0025791010040597155,28.27048165829868
690,0.002755037007867439,29.187310810117342
691,0.003438206963996866,351.9883942196899
692,0.003395849753795913,271.76849768907186
693,0.0016232572966616537,31.01977876418135
694,0.002908789168502373,31.111283389087102
695,0.00923455050736987,31.56905176883892
696,0.005415353397156337,29.015220164998183
697,0.004712742654634559,349.557054912208
698,0.0042013906007727,75.30116131149894
699,0.003789487030964982,152.2414362918381
700,0.004185240315247035,149.3360181059022
701,0.0031292254615833937,276.8622794084196
702,0.0025363069618723963,141.89763218549413
703,0.0031428821273917587,63.94985717813352
704,0.004705852033360067,46.43996770337793
705,0.00535039797049931,32.743277845616156
706,0.006113942244876947,31.311251780796955
707,0.004257833515758957,183.0291475344444
708,0.0035188151657758685,146.15404396309816
709,0.004390181480161606,188.95628902747413
710,0.003350294836474139,148.1815046458976
711,0.0027490390513269904,186.90176534815788
712,0.0019624162331810286,78.582725628937
713,0.0031014420019696096,105.22582748897206
714,0.0028559814416383366,192.36495152472682
715,0.0023739347691742025,351.1273345625628
716,0.0017146301885000406,271.120934062443
717,0.0028628231021546034,62.55722776490313
718,0.0023888966903492423,74.73908396346309
719,0.0021997349748916523,78.50262602417651
720,0.002857157549247163,145.45312865691903
721,0.003350240837020325,108.87113695765615
722,0.0031112717100978235,106.91163162375314
723,0.003232920204051739,146.15676694300143
724,0.0028631515966665764,351.1448492606265
725,0.003580222339608624,104.5144737972411
726,0.002876761096671281,187.56547881750575
727,0.0026425122305275615,353.1044478971091
728,0.0023978270216413336,262.50150626913904
729,0.0028892592244202124,47.17079533980317
730,0.003424617175363245,146.6465577850314
731,0.00281073438417168,148.8419791843006
732,0.00362462551723953,107.89679779323399
733,0.0025603839440863883,139.8748727225606
734,0.0037750441014076067,76.66094473994536
735,0.004646633719996809,57.85045812471671
736,0.0031187454599821136,272.0869206837653
737,0.0042666976168502825,31.29038193326768
738,0.0022903728593617516,73.23085847053555
739,0.00409600512648467,59.80472721391189
740,0.004876258400198661,353.90980321733014
741,0.0030198534662396566,356.55232803832456
742,0.0032032381436552316,185.23061385345508
743,0.0019579577552566937,357.50608446114387
744,0.0014727592344319545,28.039900263947228
745,0.0025503769503626185,59.2371375065967
746,0.0014045756128695556,58.06210717428389
747,0.0033781772422116774,100.88566492215129
748,0.003746456284912907,74.5661288463076
749,0.0037569679723297856,31.753491488338465
750,0.003088594252634285,264.3738042791976
751,0.0031416334693578673,103.74776279916553
752,0.0031281750041836694,45.70979302049743
753,0.004831748346975089,146.73567947552806
754,0.002865078924067367,345.6297853972537
755,0.005446629227497562,46.94008073023383
756,0.004699500296161384,262.72901282919577
757,0.001216997002584635,30.875344251671265
758,0.0034237922667451483,146.13922846665497
759,0.002828553344653091,104.49192154279093
760,0.002768694992692662,102.28590050289795
761,0.002985005198822294,104.23930746947592
762,0.0024529936989642767,145.806723231656
763,0.0029937431367775737,105.88065428787603
764,0.0028405867269611917,44.109474636143965
765,0.002999074769291297,71.93263604309509
766,0.0034058075306274004,77.47549035514179
767,0.0036514823297840995,79.19384164504115
768,0.006290581259727824,75.5306266495195
769,0.004255850728748581,269.0917002157439
770,0.003629777169279946,273.40741951877135
771,0.003063482901113826,273.6202489588534
772,0.002106424975970774,351.0804464656493
773,0.0022955337370001725,78.19206590157256
774,0.004623559017184969,29.59295720586708
775,0.003473365308062797,61.5122098270258
776,0.002201436000346409,186.5615754296438
777,0.001889008430943006,271.24204149398224
778,0.0015186922361618389,103.93456896655985
779,0.0025464526395833826,264.2657354171665
780,0.0024396189247858136,350.05140732170037
781,0.0019107832892737656,345.74001991987274
782,0.0033681236715822774,102.08126997413258
783,0.0031952982402848698,80.7923220449731
784,0.003344873206760195,107.09366476920333
785,0.0015525343245495935,47.45548639360916
786,0.0026110017671188953,44.91203853611717
787,0.0015315983779648126,31.209561388770744
788,0.00277130731239668,153.51617731805482
789,0.003132352525095815,48.42616488624486
790,0.0021064239160712194,62.3157215525445
791,0.0032873094152653885,45.03308578178224
792,0.0034593898982111203,143.1703821923977
793,0.0035192651271595075,108.25857884262415
794,0.0035706837063373205,150.03493489825678
795,0.003891492355988531,77.7464229433739
796,0.0035604804004172115,45.98595091523578
797,0.004552803331812434,59.03157934019431
798,0.00370903571037558,267.46315814058124
799,0.0033419631845006247,268.48792531934595
800,0.0023253986186960794,352.3394271193303
801,0.001873456624847537,101.85818752859717
802,0.0018722171564373629,354.0580548543013
803,0.0012663941702230853,349.64986804497744
804,0.0017495086107870025,49.04048944065743
805,0.001934858008773761,185.89996018342615
806,0.001968024775185583,65.11943577314558
807,0.0030803288578185443,48.423483877729254
808,0.002562289511768109,191.56168451456193
809,0.0024236682928718578,104.85017202360113
810,0.0030315098834368666,193.9412069194517
811,0.004057909937069655,32.674526950321535
812,0.004486737102991823,73.23166070834922
813,0.003157458661007695,102.5697077662216
814,0.0032462375335251662,274.2935551946245
815,0.00348508250477854,60.34108973824621
816,0.0030031114129728145,271.55086079237986
817,0.002988175563812022,189.94550759310334
818,0.006448569914998913,60.65087150119964
819,0.00359364847701756,349.73278503156456
820,0.004902660766925566,30.37863225158057
821,0.0027109060201931327,187.49091945930473
822,0.00315052589683656,148.69852439947175
823,0.0018892848739725141,144.65922722241575
824,0.002565635856767005,149.43649863738935
825,0.003467886980513595,356.59020164197915
826,0.0011769731445383513,44.256987754938415
827,0.003952764146278837,28.107680418258187
828,0.004664814394841828,42.41217199352508
829,0.00349908454352271,145.53998456106456
830,0.0032666728738753982,147.20883254157815
831,0.005627360806595218,58.993425334243824
832,0.005245294600880264,146.3856347849913
833,0.005069369759687767,49.344316689798426
834,0.004423918454843401,354.1902224215496
835,0.004541605723891105,105.13253434078648
836,0.004026298943554326,185.07298275039176
837,0.003027047457352809,75.16277934813955
838,0.003945114145997475,346.4125513905826
839,0.0022659538572042948,45.992240246979904
840,0.003251266162177925,185.2376597478534
841,0.00277530515858596,349.79673419173355
842,0.002472532637818311,355.4051008987202
843,0.00216782850083501,98.8145373217132
844,0.0026817394077649384,354.23433596002207
845,0.0017812271531603705,62.85578449928522
846,0.0022039474581465007,279.0242178250734
847,0.0028173381078423995,58.11220693755974
848,0.0041357072024822495,191.12340958008605
849,0.003096085575885052,146.6172732380086
850,0.0017379456832463018,29.724553265274047
851,0.0034978460992879518,274.74790172427464
852,0.0027983959403051185,348.4227731148249
853,0.002983923795769582,101.97122651330803
854,0.0037045500090036342,145.17839370462366
855,0.002307666719315347,71.60442541575684
856,0.0028757304819403027,77.82900738796604
857,0.0042113228224367315,196.13384880741614
858,0.001321856882978781,49.57997317807591
859,0.0030173965889104186,64.66223396159745
860,0.0016386317919651365,48.618639689865006
861,0.0028198703021958017,267.23959540651845
862,0.003101083279199718,44.07025186426021
863,0.003236243545649592,71.18652669798924
864,0.003985405627722236,264.33833199851637
865,0.003471470223265681,182.93881175214338
866,0.002495916095010318,353.9644939899909
867,0.00329778905135529,186.7092004308986
868,0.0015327255192244332,58.40258050888843
869,0.0034618533060808854,181.39147016555276
870,0.0022623869899433256,267.89191919721327
871,0.003981087101167829,103.35764942895217
872,0.00247432405029196,45.182279375591705
873,0.0030190837176139783,58.162789789882204
874,0.0021127026793065257,30.2650063656542
875,0.004203424897920267,266.58347377336463
876,0.0043737638580872975,189.83525074774133
877,0.005799145588422438,46.11870559316951
878,0.0064610976193295285,79.20706169686751
879,0.004500780812713387,185.4148032527203
880,0.003645073646608084,45.98688942547253
881,0.004470961744596728,183.48871733077772
882,0.005562058389345607,47.75103779546889
883,0.004006124544186975,348.6166355498795
884,0.003509494371160947,349.52610885260646
885,0.0032441599737659333,269.17089011976276
886,0.00254607395328838,47.602543601591904
887,0.0024434066226298847,146.1951796215423
888,0.002802183534800566,73.993767664678
889,0.005223664099848348,32.557689010184866
890,0.003664136601200572,59.74630987104602
891,0.002846887094512061,184.20390776233424
892,0.002788330304436106,107.08596159140262
893,0.003369430804013973,270.0807633162897
894,0.0021643554440555,32.36117614483669
895,0.005875131182055439,30.619777197580117
896,0.004331868582264344,266.7461697732169
897,0.00422663726026574,344.7199964309068
898,0.004087170138644006,29.032454344890247
899,0.003396822106450974,350.0709016290301
900,0.002728941014317349,75.32614190895485
901,0.0051676560371937555,31.628311209851606
902,0.003532227760083468,185.31498362404866
903,0.004360045340601229,76.91289296806295
904,0.0034971850857530356,77.21343646622631
905,0.00460584745877864,32.135307273003896
906,0.0034798905393871337,354.0018569454046
907,0.0026027356067926913,354.09952725882977
908,0.0032341043737547947,104.28246734642282
909,0.002847083766890549,186.72360219646092
910,0.0034292242142605653,59.827968669309755
911,0.0026305707137437603,33.355079107549344
912,0.0045361713894856845,75.2931510982216
913,0.003338144988786445,62.711528213242026
914,0.003243910030351352,60.77698913030363
915,0.004443336504507521,30.700098920950936
916,0.0028421868836141164,105.52685718332714
917,0.0038841284620570937,360.62260807678706
918,0.003579007261247501,46.94621915021582
919,0.003786391293494528,276.2529029367925
920,0.004109783537228161,184.48851686342232
921,0.0044283027040168035,74.84709756515007
922,0.0025696572739497712,343.77145067596956
923,0.0024764085043819024,145.5049271813692
924,0.002117258368409389,187.30083634094754
925,0.0034556594172468536,30.673733065994302
926,0.002687474755398629,63.147044829398006
927,0.004465499055844828,31.564313320163194
928,0.004724172462191434,143.16046488483636
929,0.003171232110185359,58.48556286462164
930,0.0035293540509294063,274.47196223232305
931,0.0033206250501957553,146.33124176057467
932,0.0034952328819186237,44.62550681522723
933,0.0033893474215960393,141.1815032995322
934,0.004620128569638774,32.77366667987329
935,0.0027609136132840913,46.28907038177885
936,0.006493921627826255,59.47221244513705
937,0.005511071602306047,147.7310307221995
938,0.004879484188236769,188.1595115604651
939,0.003921211986134703,77.94150266178006
940,0.0029115490043327085,29.61865644603002
941,0.005819868557826,60.20686884146389
942,0.004494854329320717,185.85663476888556
943,0.0026251393320653104,32.89348704213423
944,0.0038955931406896775,47.184356256777825
945,0.002795678137710823,64.3260729870085
946,0.0037230993265129466,186.2688734447884
947,0.004564762358846753,28.71350257494653
948,0.004075724719073418,350.78118171262065
949,0.003305947531028413,265.6288332307898
950,0.004484379890279591,46.67701261562788
951,0.0038782914093413424,62.512120283082
952,0.0033097270113756276,148.33630602047575
953,0.0030607116369255577,30.280306488633798
954,0.0031951651511197775,352.33341370191647
955,0.0024736674581740895,77.68665536405668
956,0.0020201135514464506,79.65034144305463
957,0.003417051240660003,152.31247791204098
958,0.00348418047488127,187.23829925490338
959,0.0026050355846679633,266.4653826121704
960,0.002737659444322232,102.90196107415555
961,0.0026796457921518108,147.34283188825418
962,0.003089596509104514,27.786797530629283
963,0.004326940010783305,46.70246289629506
964,0.0028450655533809118,46.2698853143853
965,0.0018656594575390797,32.48127563697581
966,0.004234974825661853,100.23712368891094
967,0.004624743260491652,146.79956021114575
968,0.003800921533762779,47.19889620668077
969,0.006295082492067957,77.35303397006305
970,0.004581910606737858,105.39926275003133
971,0.003027606802690472,75.89913057525168
972,0.004253977236395567,189.2157063157983
973,0.003525061766373944,75.92707590430199
974,0.004452573757453381,345.9563146106319
975,0.006607175268899565,47.781225164905386
976,0.005883339291110381,47.6454804508585
977,0.004050344916952151,103.14663308714255
978,0.0036455165337219322,100.23529422488512
979,0.003761547188037799,77.520204248925
980,0.0019854569060183936,106.1564575876966
981,0.0022718744655100417,74.22912239347858
982,0.003960468838084961,73.28529341913868
983,0.00349970095075233,357.6601761057368
984,0.0017050524547812529,46.813830814483914
985,0.004922602096976826,75.23088979898593
986,0.003163484779427315,46.61336980539044
987,0.003006642094856643,188.178950172987
988,0.0026163753831317826,266.6896751422614
989,0.001910747928129488,45.73262973373011
990,0.002460536351546497,45.43191273800895
991,0.002546919002435805,46.35419011475897
992,0.0030661267959327565,46.48203490902188
993,0.003696106027377568,73.45767129680186
994,0.00401706685518749,145.54184396063195
995,0.0036418609335599353,105.9444602517536
996,0.003986070723071282,145.08952450661124
997,0.0045638586950228505,266.79850796494793
998,0.003798695061836829,73.0697834219582
999,0.003999578949707725,356.83539112277504
1000,0.003319253606297909,270.7607836075602
1001,0.0027848751863505617,76.97847760821148
1002,0.0022016501042643414,148.74513669089285
1003,0.002047185590551397,352.3754449508063
1004,0.001932547171236365,178.4520687309153
1005,0.0021075458202007608,184.1157128590045
1006,0.0017663375257467061,59.820178441573475
1007,0.0029372175541567164,184.28484792290328
1008,0.0020202212079477085,45.628665275976026
1009,0.004040937601282415,43.18721445867238
1010,0.0035647383760469466,149.31181614854887
1011,0.0050915105986694634,47.22705195479179
1012,0.003463679677224718,271.5333769187819
1013,0.004044747220766919,264.4625824703149
1014,0.0038792941242298605,108.23378890722913
1015,0.0028747941927635265,344.71932124342004
1016,0.002972714695447119,144.31545325955295
1017,0.0030063524584342115,32.54071290893961
1018,0.002943343105753101,274.75450608642564
1019,0.0028783331493120296,273.9112072019046
1020,0.003405752049353584,32.076295779312545
1021,0.0034374221149384107,63.61129836750946
1022,0.0028155182700986088,76.85035955205296
1023,0.004059895894653854,189.75722923967803
1024,0.0020220984156507837,194.54227999197914
1025,0.0023511654666768843,269.77797492378494
1026,0.002936527147971516,59.66768688512949
1027,0.0041693797449280845,73.39586556322615
1028,0.0028089079634960354,187.95346091291478
1029,0.003561108206501468,270.4560608827457
1030,0.0034187232455666606,75.59864980528876
1031,0.0029007758111942,191.52229566385174
1032,0.002883557041059248,63.22809908472628
1033,0.004250715378155881,77.01185077020291
1034,0.002674087981805061,189.8775178501977
1035,0.002832251924036637,104.96771190213757
1036,0.002742694417821427,263.38894514067533
1037,0.0029674912470956357,186.25776757373868
1038,0.0024677387547066263,190.78743895644456
1039,0.0030660528053014094,186.6802815822676
1040,0.0030930830556282728,189.237252502135
1041,0.002522587780903622,74.42026743704336
1042,0.004501112652738252,104.7286407127088
1043,0.003146984376725573,185.34629524956915
1044,0.003006078971031431,262.77486552157245
1045,0.002700347232225672,77.3614972565713
1046,0.005711630642100976,30.26871659050156
1047,0.0036263693926512006,266.79726597512865
1048,0.002981135311939128,270.2382365455221
1049,0.0036737341783569157,109.13799949243307
1050,0.0024005675347281677,353.5242299627096
1051,0.0025381368606635446,58.17401511932192
1052,0.003630666313326331,101.76601440959138
1053,0.0026004619439540357,146.66969866966778
1054,0.0028362437790158714,345.8273749203281
1055,0.0017450632997146197,29.70474868648771
1056,0.0013912594349049273,29.41874454881457
1057,0.003739405420566396,63.87260810686992
1058,0.002946914216335171,79.88029646662032
1059,0.0041765959980229975,146.93826069353352
1060,0.0036109985288480997,190.19902634910116
1061,0.0041855414411131765,268.71317631038033
1062,0.001983691380037517,77.64086227813368
1063,0.004782936926210946,58.930960554093595
1064,0.0028297753052728197,269.37529511346503
1065,0.003072764285906697,105.37813005927485
1066,0.0036841127031723387,191.81222202576518
1067,0.0029668561087867564,277.7336465466886
1068,0.0017697729672363494,60.35148994360245
1069,0.002644240738705194,189.5679620410566
1070,0.002750714638260923,103.01994419102587
1071,0.002195039322376377,73.43675891015197
1072,0.006322936918626636,30.349160711898776
1073,0.0037903218373915954,270.88644837013914
1074,0.004014465516705128,105.47471637361565
1075,0.004396118837460093,148.97644909509614
1076,0.0046056361327256245,186.42069085806148
1077,0.003182087483111618,268.83445629205846
1078,0.003769396904903322,60.849197532970145
1079,0.003649360804607008,106.00604592108282
1080,0.0037249022785049006,45.479761077889336
1081,0.00378474904622851,63.6347996341358
1082,0.003233225970895368,192.2035454807117
1083,0.0037871524386901,268.15826667212156
1084,0.004633699834421777,149.03131540779032
1085,0.002532328170425237,44.97772078066665
1086,0.003112592670897191,44.50171827387463
1087,0.0029746816897456415,108.83108079848762
1088,0.0035287964069903926,342.04730555464596
1089,0.002001223142459904,47.15386070463479
1090,0.0031977889939882255,359.367488834817
1091,0.00257141950985154,274.5525865623466
1092,0.001537088667894502,48.50809978724389
1093,0.0022715040631110556,31.350373612549195
1094,0.006506399276861038,31.122003736052456
1095,0.003265094412180935,185.78494920600136
1096,0.0037049386190284913,46.5227492374091
1097,0.005073402580323586,44.54878938444991
1098,0.003947858042473376,61.33590691623709
1099,0.00445119035097285,61.68324318468862
1100,0.004467330975738563,184.65817207381795
1101,0.0065652359651345435,30.972731105719074
1102,0.004257828740771444,149.72966746145858
1103,0.0038280397275604963,190.4419977805203
1104,0.003853503732062637,78.90486325790768
1105,0.0032809004085059064,47.08453434430345
1106,0.0044385772710197275,142.9591841088163
1107,0.0051582876297008905,106.07860719453735
1108,0.0043233043254132875,187.72673408805488
1109,0.0038385400306728576,268.52903443634773
1110,0.002971499561231353,190.48601843348712
1111,0.003400748318862328,58.17834402662867
1112,0.002651843832604438,353.77025942456754
1113,0.003010330872002977,62.15107907884092
1114,0.0019196047074908332,273.040291507913
1115,0.0027394813665027455,49.51046293178436
1116,0.001987841650857967,277.62751816251085
1117,0.0019122872759613234,76.80513036695605
1118,0.00210632683147342,349.4736134803501
1119,0.001857420196177951,47.16268895813302
1120,0.0024861841268805597,75.69837402265537
1121,0.0028156458025808784,44.42104530840306
1122,0.0027407621400925564,47.01187814240244
1123,0.002872412143966665,266.1584299407698
1124,0.002788144157396321,75.3163606799195
1125,0.0027760991213041236,355.5289619907418
1126,0.002820258360050551,146.3227378104263
1127,0.002665530904803899,269.268290230049
1128,0.0036375581270440063,146.12890461379263
1129,0.0043411763007328375,60.67652211733454
1130,0.002668564469290273,41.6277110921946
1131,0.005185928881308593,46.14603416790896
1132,0.002824114469341355,276.8792249154032
1133,0.00289720333570741,351.68391008992427
1134,0.0016771185044741161,30.177507666007884
1135,0.002325713891629923,351.9895697140279
1136,0.0023154618961865815,354.8774019430916
1137,0.0027396271758272817,61.265748421266366
1138,0.002382366391649502,31.226725463386927
1139,0.004640779536014728,30.240382690814297
1140,0.0022604141338082085,186.9653038559084
1141,0.0031284662575042322,102.05755893026297
1142,0.0033313351926319065,45.37581093328612
1143,0.002353164695768572,357.1607432099514
1144,0.0026782510053478823,30.989663334869434
1145,0.0021376728743913625,269.75300352377536
1146,0.00307078769531759,357.63503726869567
1147,0.002813754733370704,59.30845241132413
1148,0.0027876352529297896,79.00281581366666
1149,0.0030149130166830865,62.462227246036406
1150,0.003520832658476389,31.916370361218288
1151,0.005148729445367776,48.207397362475035
1152,0.004950844451102328,73.4268355146413
1153,0.002913348663946315,272.27180939417485
1154,0.00423607671504122,57.784548837472734
1155,0.003824814326154157,188.37274264881896
1156,0.004531472115651645,64.39049199360731
1157,0.004281923340029832,187.74477259711819
1158,0.003462053256109507,190.99327443205289
1159,0.004923152369981934,78.88927490862338
1160,0.003626018821788338,45.32517737124194
1161,0.003964208568658263,264.73747785134674
1162,0.002643853128943561,72.28270957685464
1163,0.0030489674687048354,31.467883971178843
1164,0.003268044500495867,106.80537880569521
1165,0.0032603725165911233,265.8877505803697
1166,0.0032034208867424267,268.8081776400867
1167,0.0032373229983637133,70.53558371464256
1168,0.0015964151630057663,30.3924687349245
1169,0.009429457781340621,33.23088345998741
1170,0.0036346798869058617,32.83212617307687
1171,0.004015381635657501,50.221520815928706
1172,0.00447740680382677,49.09854531567915
1173,0.003602771777712571,354.63656740671166
1174,0.00468780589424981,182.21400846186353
1175,0.008044509186032068,31.855179912284008
1176,0.008687360693742945,42.82143342796681
1177,0.004875634108356206,75.29561381405172
1178,0.0032691836920388543,266.5221658771615
1179,0.003469082215609156,182.8026011287418
1180,0.0037061550175911343,49.42382039682186
1181,0.0048740743679689365,184.00496445512184
1182,0.0030784429750447474,266.06604490303914
1183,0.0037007652496155257,75.1897312658024
1184,0.003480378872940861,59.569793626029195
1185,0.004014646942450031,187.5466490508908
1186,0.002293232218433594,338.46905647191176
1187,0.002500473047362415,186.8408765383659
1188,0.003556835168443373,351.38613522947327
1189,0.004073261816209474,60.74988200349347
1190,0.0034617471416832184,187.27310801301215
1191,0.002093312634981334,272.83859489944456
1192,0.0025715613698228425,186.98287742118748
1193,0.0022662616211655898,77.878919032013
1194,0.0024741545595633667,270.97891059654296
1195,0.0018438842500849016,30.235548483687626
1196,0.0028605982054081135,32.838268786773696
1197,0.0031700476219820965,78.41419692373006
1198,0.0021704245337860885,73.3342817760748
1199,0.0046032789024797365,32.571710763348364
1200,0.0041267435644532285,60.466771572173485
1201,0.004895183809961823,106.21226385423088
1202,0.0037386857579390794,48.08270909192302
1203,0.004473274664146437,261.9694668215683
1204,0.0032908474574885648,61.19374342939866
1205,0.00504850283498948,30.94156371291204
1206,0.007719233554036526,47.82228858092585
1207,0.005804143145980279,277.85378820083235
1208,0.0033116197724854736,32.432868622828465
1209,0.004287202756701953,65.867491860327
1210,0.0050659133653191265,188.1686789181336
1211,0.004956115305421091,47.244279445092744
1212,0.004215606662833573,273.5958591869467
1213,0.0027906100642492394,107.63754622938362
1214,0.0034004643055749522,265.455153003816
1215,0.003627079630446546,47.47754974487002
1216,0.002427721322832936,44.376962598500334
1217,0.004069074104523848,183.92331699788883
1218,0.004337862584349241,57.699409707720726
1219,0.003960811784748227,190.39800202005964
1220,0.003948491137728609,184.42648996244108
1221,0.00491089316422184,29.99407713081995
1222,0.004485967499931576,49.71539791917297
1223,0.0038614451181713558,30.329462287149124
1224,0.003233058601065334,60.97654060971727
1225,0.0037215544760893582,29.350183663184882
1226,0.003962114002206363,274.5255215065635
1227,0.004561866716198658,193.68834743164967
1228,0.0038396630854238313,351.5368900996556
1229,0.0029406403993940426,148.45212767692385
1230,0.003126939816365543,147.15198111913296
1231,0.004506213952432468,78.09639419264307
1232,0.004941307447411998,146.27272707570367
1233,0.0037363877797291093,101.26900381253036
1234,0.0022446552476634335,144.71429867773944
1235,0.0026939376910097334,100.14674678154609
1236,0.0026688277816745163,30.173312153386423
1237,0.002804111054801885,184.99712605434559
1238,0.004662516582692776,149.18539721693304
1239,0.003466611429507009,30.46144474638382
1240,0.00391423145733314,345.4297904323329
1241,0.002211987491544529,32.68662646544537
1242,0.004776724935208361,58.275927141769635
1243,0.004137868240335236,188.36358185788976
1244,0.004361387392726521,99.7558909395101
1245,0.00364131990595354,344.35962380490577
1246,0.002856556558981538,193.57807218109255
1247,0.004121969640684917,48.96208850892318
1248,0.004360879818705143,49.06343511864416
1249,0.002650519876755725,191.3222329772713
1250,0.0033302131850712277,188.12328409288259
1251,0.002891812227879477,60.04103636996897
1252,0.0026972553638519125,45.586011420915625
1253,0.0027868842502217516,108.60444633163118
1254,0.0036119713152756804,61.69869909419754
1255,0.004455767411830633,143.36327785765144
1256,0.003803650384190191,351.2568451509957
1257,0.0051205099689782246,30.65055696898767
1258,0.003812528162931082,272.4654620743706
1259,0.0027700190140741462,76.7868765571256
1260,0.0032362585945913845,73.17720349075368
1261,0.002473176097428035,186.93344216014304
1262,0.003337925529883029,78.06192466525518
1263,0.0021317668602539026,190.4722827512916
1264,0.0016748031363861698,110.02466441663825
1265,0.0024275408344361826,47.365129987956806
1266,0.0027014061082429987,353.395731121525
1267,0.0031629298945600485,44.80417434593599
1268,0.0029038641038244928,44.95735833813413
1269,0.003178573233667457,272.21023852249397
1270,0.002927102269077787,78.9770015730296
1271,0.003464496908484514,49.48941420897082
1272,0.003361536056858518,273.08119691887833
1273,0.0033143150424883596,146.6041816369826
1274,0.0026720058699125234,352.1517880720074
1275,0.003675663059982333,63.52125191911786
1276,0.003132194432309608,61.20154355102101
1277,0.0021112383841351734,42.86715320963791
1278,0.003801610268386536,46.979113882937845
1279,0.003336615394470176,47.0018982130814
1280,0.0028625000882913872,29.433883783220516
1281,0.004050368097450212,144.26141093314305
1282,0.0031174651326876038,62.02941736174258
1283,0.003289768844297214,261.8939645930462
1284,0.003412648194594331,351.85980439542004
1285,0.002955982935384388,352.6553803959186
1286,0.003929427155038791,191.12312482721393
1287,0.0032234761108321623,148.1444735970898
1288,0.001810834917884843,270.96420980405196
1289,0.002434598374058059,32.99221393805387
1290,0.002873522167955328,63.25344825499512
1291,0.0014460586346787456,142.8964298065225
1292,0.003007373241196901,147.05805508655143
1293,0.0028894906394539522,150.83667716796626
1294,0.0022631008042242914,145.69933760374062
1295,0.0030977060072142526,49.72985492742885
1296,0.003986951059162563,101.09127322418162
1297,0.003935960095077462,101.69266638705493
1298,0.0032713129541764533,273.1219511767483
1299,0.004291275991091736,143.55520331234803
1300,0.002973053026769626,190.26542774541497
1301,0.0032332410008485126,189.42893100371728
1302,0.0027094924364725807,46.27732739513612
1303,0.002948258506326941,142.7601827156841
1304,0.0030423916010927175,184.88289105194707
1305,0.002729241044005288,264.06951976793283
1306,0.003280374346676459,192.23411299843755
1307,0.0035465060538657687,55.56995110255642
1308,0.00363568244640853,46.05963177536304
1309,0.003261233425765683,267.23053752676987
1310,0.0022046109275081485,31.935591894926315
1311,0.00337303861886565,265.2102945917714
1312,0.0036411269384317023,277.42524392258196
1313,0.003997545355979617,104.1264065222075
1314,0.0029920713191272296,189.26978275275587
1315,0.0034588850529552154,71.78955050478429
1316,0.0030849395222433554,108.43875155061755
1317,0.002965560818883602,260.14257742428094
1318,0.002560807596219584,75.41676066623836
1319,0.0027255487831268003,60.70560812366649
1320,0.002343313639065986,350.82430789712294
1321,0.0033830313954365857,29.61647828227856
1322,0.0036768456295528896,100.7355215315683
1323,0.002607333561912637,59.992650101067035
1324,0.002718034712447191,29.2073341005276
1325,0.0029144216565882898,63.402078054331376
1326,0.004231982365342549,190.74058091290294
1327,0.003577700473145412,100.06997461330143
1328,0.004609753422044659,273.7539361678929
1329,0.0037207809721691706,104.49957054810955
1330,0.004965534121107213,28.689578509514448
1331,0.0031193132881398157,274.4254834858076
1332,0.0035537441901790255,75.58232961070014
1333,0.0037944054893859383,103.06574631239074
1334,0.003517214627827718,188.903819860951
1335,0.003281928920497759,74.86822070294608
1336,0.0030405962094011986,188.69199001269033
1337,0.002863460461062809,107.01899822753859
1338,0.0022748773810266263,58.570585803918576
1339,0.0045282925646711976,29.109260414011676
1340,0.002211719749883176,76.02956123427238
1341,0.00457253088022518,30.409805493343942
1342,0.0027842530840147942,348.8369915226182
1343,0.002193425733351213,33.762712579444596
1344,0.0040931864496087655,107.4298719636226
1345,0.004637997030422903,79.79936900080688
1346,0.003447361046835732,29.697111059209053
1347,0.0022386200864024557,32.08037880558976
1348,0.0031476776302952203,104.24160670371384
1349,0.0036698182029303514,73.96160533068245
1350,0.004300368102812498,353.8904428649202
1351,0.004414300378296493,191.99929025723748
1352,0.0037221954738287395,188.15321796263177
1353,0.003443621353604893,147.51293259245233
1354,0.002852863339849764,32.85934970819854
1355,0.004867594053409401,64.0013397434617
1356,0.005045417112507328,48.17510156623635
1357,0.003709267022507625,193.14720625820212
1358,0.002609304745215378,356.81455419067464
1359,0.00203760172412744,46.86329078829599
1360,0.0037529052626548666,106.62995211631687
1361,0.0034812625902813418,63.976864438424236
1362,0.0028464068081495283,347.71411861914174
1363,0.002178737823389663,103.92713488794092
1364,0.003383555039113009,145.76788133630137
1365,0.0020364893686021976,342.8850735705989
1366,0.0030548820418866505,104.34519685667148
1367,0.0021371346776339287,348.75783872424637
1368,0.0017987650830338271,355.91691028088087
1369,0.0015337769107614896,61.84045131011358
1370,0.0019971101852394803,29.71909608290787
1371,0.002174368532881328,349.9735519898128
1372,0.0034558784663259214,148.1892688251434
1373,0.0033303747963194887,73.68227463014843
1374,0.002708262624575533,145.04865671363368
1375,0.0021746009202119735,46.87812668570498
1376,0.001835033449100654,65.72888125189124
1377,0.0030923563398083877,105.43628038301293
1378,0.004419669645027501,46.778780123911126
1379,0.0028244684275374643,47.154454031084896
1380,0.004669621482737864,351.09114883826965
1381,0.002505878318196345,75.34220358154508
1382,0.00422288934221553,186.3656404401261
1383,0.004185094717351753,189.52756436396146
1384,0.004046573814462292,30.24435107917671
1385,0.0037362288175841214,31.499506632640447
1386,0.003604626868544428,148.97399354332177
1387,0.0032906214148656736,278.82663329502384
1388,0.003597552451144627,73.00312786523072
1389,0.003773376926735941,192.73791164926172
1390,0.0019664829777521564,30.448090205592738
1391,0.004554951653297958,31.245799706589278
1392,0.004774968944812744,43.89980546104559
1393,0.0033233377059677586,352.370966002472
1394,0.0026295420861601627,77.98908388572677
1395,0.0036452602658706332,78.2275949807552
1396,0.0033611006637872666,149.7797184356506
1397,0.0021767005943683355,61.65476646875048
1398,0.0016348041265452841,47.03317086605179
1399,0.003248050409828062,350.46985488631316
1400,0.004124390960832514,271.3793075421028
1401,0.004512401181419658,148.1898954996925
1402,0.002724262502749935,351.6184931657545
1403,0.0023711390836609297,56.503045769868436
1404,0.0023384678271908986,350.01684729966706
1405,0.00193572405924687,102.99312506154695
1406,0.0027549114639148654,64.79248421722995
1407,0.0016215533560048946,148.42717668248676
1408,0.001821268398308693,28.392797080654933
1409,0.003986355725651601,142.1872290803667
1410,0.0030359376476378646,346.09643337369073
1411,0.0022753831481322315,59.82702612935591
1412,0.003639293942103257,58.39245243510088
1413,0.0024082800440747357,349.32918501766073
1414,0.0019501275196139782,102.84232908734604
1415,0.001970142282368977,76.20344272319267
1416,0.002177738497954812,78.53898119783115
1417,0.0035947663810644774,63.26230667855349
1418,0.00301444722396715,32.08561766355545
1419,0.002762667852843711,108.23971260282995
1420,0.002564539096744517,74.59260976053812
1421,0.0028794790346109754,343.75082359580097
1422,0.002652306939433427,278.1379418080029
1423,0.0014885665486558694,30.72672876928045
1424,0.0023593793551664986,185.7338751984667
1425,0.002732580638640337,189.7353179609423
1426,0.003200523383937477,188.5404599373769
1427,0.0021794311767783883,144.20706425240633
1428,0.002611714096497756,183.86984869656922
1429,0.0019262155566980377,350.3495450122199
1430,0.0015092223949812417,44.8199660228505
1431,0.0036124752520645294,150.78562221271116
1432,0.0035189039012795743,146.65978592689407
1433,0.0020052243298778194,275.40560760102835
1434,0.0019465668193056616,347.0379463821843
1435,0.0019959049191823133,64.03396919368663
1436,0.002272074808435306,183.4175480290936
1437,0.0018552223520256685,76.96446697465325
1438,0.0017451124473130363,146.97251392259912
1439,0.002894282470126046,274.36330080641716
1440,0.0024923681128050453,48.11448662823312
1441,0.0019080425522357257,61.002098921103304
1442,0.0039002229442021102,32.69952682096648
1443,0.00325073938453438,185.58504151592814
1444,0.003592125469794881,148.28307864146498
1445,0.0034526578874155764,72.71927827950786
1446,0.003790423534085746,106.03459287954283
1447,0.004699036861789779,147.55369924598796
1448,0.004072363782060248,48.163680801341535
1449,0.004317999261883428,270.71174941505905
1450,0.00305958584110965,260.9351069282654
1451,0.006146563644569111,31.98191632484083
1452,0.005768411731318897,106.43973948655008
1453,0.004097154767117211,78.78868040937685
1454,0.0030447555019425684,141.7897621022742
1455,0.003652269260281424,32.44268204810295
1456,0.0033413213256904967,354.71742989812185
1457,0.0035275181108238365,184.78351334989964
1458,0.0026327573682696525,62.74378143994816
1459,0.0027308142077204067,358.4024575891059
1460,0.0032423380243743537,149.26134780176102
1461,0.0037728248062194325,74.32567930697124
1462,0.003018538272390544,277.25764544275484
1463,0.0046091932971159206,107.60227228166589
1464,0.003798501400524401,105.1895743906849
1465,0.003320624343811984,346.884371808537
1466,0.0029540965651077304,48.264153402861574
1467,0.003977719384486342,46.480325414446284
1468,0.003996601465371793,186.70891986046755
1469,0.0033154034066808827,30.02526358820357
1470,0.0029754567684414303,107.54219218460771
1471,0.0050104690739841565,60.36843882217062
1472,0.002680642520011226,356.92169747392677
1473,0.0015100545923783571,31.07664848428073
1474,0.003929858091929606,29.47962895913403
1475,0.0036014811292031006,269.2908632963492
1476,0.0030810154689375354,359.05942738767567
1477,0.004290674159413108,48.93308290605472
1478,0.0028027634597910453,79.58487968770866
1479,0.0042940950884626915,77.5514987529751
1480,0.004602531530426032,45.81046672243904
1481,0.0029730037981415746,270.1674933710077
1482,0.0023662069944162443,358.30713442071635
1483,0.0030303482474113813,267.16190641937845
1484,0.002167671852632715,31.1239235832701
1485,0.00315315323297744,43.312171327965586
1486,0.0026975410826522977,60.67716885036924
1487,0.003167043350976169,30.26324021708685
1488,0.003433444764388525,149.41182392742417
1489,0.0042086353204393995,79.43270211808802
1490,0.0036662328662173792,75.80297663612576
1491,0.004720780705673829,32.098191042138396
1492,0.002834411145235669,272.19064272287665
1493,0.0027443839157811076,29.247632250847538
1494,0.0038361088214654815,105.5771156486702
1495,0.0022840444156639115,28.802550267509694
1496,0.0030409195046194265,356.6622530327494
1497,0.0025634724360553943,147.35900854911097
1498,0.0034900396345950535,43.73206140220994
1499,0.004812928666069638,103.35185409491511
1500,0.002358134825063999,347.30728110018043
1501,0.0018195589742892228,32.955902464340426
1502,0.0018387000831316738,147.9472838291381
1503,0.002562380553916393,351.63636775407826
1504,0.002419772981004196,105.51273590640497
1505,0.0018199949692520392,62.87221548716941
1506,0.003449585823054312,75.15870735066584
1507,0.0026470632158906455,191.54214961743753
1508,0.002633063721700175,350.0004046364635
1509,0.002496908064802715,144.93958943855935
1510,0.0024548547511915255,144.33888328641643
1511,0.0026818561964319088,47.98614930537806
1512,0.0027886282476339893,49.61455209616352
1513,0.0035488968461667636,30.22828740521227
1514,0.004128047537159222,61.198389444226336
1515,0.004177766938400137,51.11317766066147
1516,0.004457198668328724,77.42094055634874
1517,0.003922379150294821,145.30906166549406
1518,0.0033988917096103625,191.10488582855902
1519,0.005077911905527028,63.461773239365975
1520,0.005483310498675564,42.75073497769465
1521,0.0033439275605567013,47.270406210836704
1522,0.004012298544694204,145.82658630135782
1523,0.0035776970239644237,62.871505400054744
1524,0.004351899683262647,269.68830296146365
1525,0.004509508199449696,105.7879025386713
1526,0.0040030746089981,33.372420557755504
1527,0.004922006520997005,144.56500928344272
1528,0.00520824653555079,78.98571686096172
1529,0.0038367652390680286,186.59296703741285
1530,0.0035092081186369546,49.481407295373245
1531,0.0055619818064056945,78.63844412373993
1532,0.0036043836020777822,146.8930935392083
1533,0.0037573819761259793,269.455560372351
1534,0.003451954209492509,269.5373501793087
1535,0.0036972134901404035,64.47557500864814
1536,0.0026053821433098417,147.17003752917458
1537,0.002816575078537364,60.583434711050806
1538,0.003519094995712733,32.52522003587543
1539,0.0037272829564432776,30.617589061342457
1540,0.0049339385018006745,103.02436901713017
1541,0.007730550254398788,42.30507510182658
1542,0.00383261657853055,268.3611536667472
1543,0.005488981425087514,143.51783085985616
1544,0.004172751736072134,274.79010423514785
1545,0.005040249905659486,62.15162900438636
1546,0.0065331661628141744,30.95765000371424
1547,0.0035553092374037668,71.7560727535857
1548,0.0033994863060700527,352.2624796584811
1549,0.002973928230589286,263.6975001315321
1550,0.0033197589001462903,189.69177920350407
1551,0.0037700350919224615,105.87045898543208
1552,0.0035089688651585337,60.186159227541886
1553,0.0054215767663193,28.817208446167523
1554,0.0031105706866826387,353.7927199387487
1555,0.0020072563121092653,46.51258595177548
1556,0.0022197259670504736,145.74189385001608
1557,0.0034097015844794837,190.20489777427005
1558,0.0031380060064152594,275.57346956509576
1559,0.0030822256729811518,141.06944982818223
1560,0.00229937552062511,348.91527700736384
1561,0.0016675094716355786,147.75878023208816
1562,0.0027448558687235792,100.74867553993165
1563,0.0027044106774171224,64.28759536344278
1564,0.0023994265574786436,105.14778979919548
1565,0.0038241535433572007,63.82087946489979
1566,0.003328125444320242,42.93509697069751
1567,0.003373941475729225,48.99676508770283
1568,0.003818856451844784,146.5553091248772
1569,0.0030213581667339895,44.54326312777846
1570,0.003279953866991676,352.136332222305
1571,0.004317052216885548,48.4707722245748
1572,0.003263609918986462,275.8844461842455
1573,0.003929897179450612,351.52760710217734
1574,0.003600243969277333,59.50509543317977
1575,0.002605705506647286,65.02511027456862
1576,0.004781082895754701,76.27551847559344
1577,0.0032712814589381275,57.690536152240774
1578,0.005957459008002204,76.38524452831628
1579,0.0033677790447701724,179.73766743886515
1580,0.006589557283157113,42.50250827722093
1581,0.0033838959822830457,151.87068389103354
1582,0.0032445044668530103,267.27476609310054
1583,0.0038007954935892485,44.4557344981143
1584,0.003287092977328799,107.07491990060797
1585,0.0031902538917088583,61.158554310441886
1586,0.004128883195583264,45.79706996514335
1587,0.0033665345581295283,147.555990159974
1588,0.003985371417051332,71.9614785958921
1589,0.004933568982861206,46.603964439295325
1590,0.004146639527210606,50.38890280611168
1591,0.0037866821546009995,74.2025992380547
1592,0.004336383974538914,262.8696024138419
1593,0.0058850108254608294,47.905218696910985
1594,0.0045049207600151514,107.20058420341078
1595,0.00414496824344297,355.7863178675574
1596,0.004067818407973684,144.5207609656852
1597,0.004558272824569202,73.79175580753792
1598,0.003142908915289865,187.94132723857365
1599,0.004024047908033697,147.68466988972432
1600,0.0026558820050974043,269.3352093595221
1601,0.0021861969959830344,105.18602355397735
1602,0.002647811656136104,186.59885445628822
1603,0.001847750559800015,72.95107289596099
1604,0.0022265966585134126,146.02102638232034
1605,0.0020449624855129202,356.88205697165284
1606,0.005632256796976937,28.31038367147757
1607,0.002134863090185703,355.0088227549797
1608,0.0028109688151203415,73.85734155862056
1609,0.003425530431493164,45.633409327825554
1610,0.005591131730209875,29.87179812551859
1611,0.003483085000136105,45.269275965306036
1612,0.002612040943998951,105.56861586694171
1613,0.00410416319008503,268.345611982761
1614,0.004447854359498776,106.43490760214868
1615,0.005750217908014846,72.48545824785866
1616,0.003929779101606515,348.1922816991245
1617,0.0041993052569190515,270.2691581714535
1618,0.003509905399274932,32.67571125176143
1619,0.005265931078471253,109.83015166415576
1620,0.0036744159186259213,188.24828126950067
1621,0.004467352532785675,32.01192479780805
1622,0.0031834490899620084,104.42427039560685
1623,0.0030976129716700877,182.69728958982262
1624,0.0027546452457082107,76.9124249265125
1625,0.0029070992981856266,44.46328999195136
1626,0.0028798597439334043,148.61085988772047
1627,0.00387243099976331,103.04274565056443
1628,0.004457150655634649,274.1565879650824
1629,0.002925919283145574,191.22945913254688
1630,0.0027899160889540545,75.65144256835444
1631,0.0025520327300987957,347.9138299563322
1632,0.0019729579824048467,271.0055082685334
1633,0.002389800384207774,101.90565223143953
1634,0.0017080426338813186,30.531871076157163
1635,0.0024152617050198786,353.7727576241011
1636,0.003153299980143764,61.85487927935167
1637,0.0033778850095389774,184.75258976445969
1638,0.0027409762292244823,145.76335737292166
1639,0.0052941016332293984,46.71804054157714
1640,0.0031178429346534987,104.73216635438622
1641,0.0036696340597602664,147.3400950081943
1642,0.004159819920459995,49.51562002622958
1643,0.0031415504635346303,273.7305069417773
1644,0.0020469197288597095,353.4543552471906
1645,0.0024636042338946986,80.81644904956401
1646,0.0020588139714990657,47.95716127573496
1647,0.002411394637701832,274.59704364809505
1648,0.0021606412154977915,76.64087254074585
1649,0.003048443207926293,74.93263663426673
1650,0.0025566400637474927,355.6622858480365
1651,0.0030440649790909593,74.22755580110002
1652,0.002096605370956785,353.0115932499297
1653,0.00357931785513826,101.30436973446083
1654,0.003666621699340868,74.32708074750504
1655,0.004798301792746045,77.54042260142197
1656,0.0028047446490049787,144.97700417119034
1657,0.0034361831028045624,184.61512864411415
1658,0.0029316222494467307,77.45953542625433
1659,0.003497894012660844,73.09417940712916
1660,0.0037920865210338854,149.23298995317725
1661,0.0034557894096057785,150.7887508814323
1662,0.0034316237668206777,146.8750965909524
1663,0.0041228495816146285,189.47650563704752
1664,0.0035472678527940396,60.92485030889938
1665,0.0025229723450279316,267.59800779422704
1666,0.002115100037525748,279.63869833856796
1667,0.002347562198485468,78.39046105389872
1668,0.0022457336213257905,272.66855579912647
1669,0.0020671583666713794,354.3103663502317
1670,0.001632751573528036,48.902537363865605
1671,0.0017895281048907437,62.14422552220469
1672,0.0015415326470874474,29.53947590851512
1673,0.002160196462274802,32.498453180250365
1674,0.003191982801550786,66.07100210322291
1675,0.002975847710823055,73.06151461286785
1676,0.005744510195212127,78.13667053749361
1677,0.0038865317425185986,274.0532957889049
1678,0.003212623025144682,354.73724503362837
1679,0.0024820298994759817,106.30999558797731
1680,0.0026751790801961975,350.2077067598981
1681,0.002600352556748056,107.18589315029334
1682,0.003628975086915464,77.14245694029418
1683,0.002701043995227632,269.5193917603913
1684,0.0021569209610666786,196.23125507857293
1685,0.0032345837103564226,33.132441605591325
1686,0.003032231866277022,273.1876558998158
1687,0.0025836248929384195,141.78884776736382
1688,0.002935254567018018,77.2758808424097
1689,0.003065918143014361,143.8538423265361
1690,0.0033242502669169663,270.41993502521046
1691,0.003255006867440333,30.49255532025411
1692,0.004733177158083312,47.07729157480151
1693,0.005001583275700865,106.80291557451734
1694,0.0035267905201511562,48.15375729612874
1695,0.0037817482371855947,346.7544042725881
1696,0.004646378149449116,48.54062250476033
1697,0.0038300790420367943,187.11244574276952
1698,0.002845511895274173,354.23124355354133
1699,0.002612892592991294,186.74945749210025
1700,0.00204358864981833,356.3711716855236
1701,0.0025159457577132883,76.13291008153566
1702,0.0036089560027025513,31.84666466172828
1703,0.0030059313144772735,149.71799843365528
1704,0.003059984502387296,77.74497256533829
1705,0.003753506503785566,274.71691638288075
1706,0.003312189964973997,78.42133762999057
1707,0.004006726016366604,102.52234159441508
1708,0.002977877239013301,100.89487795486609
1709,0.005111756476685128,59.95231455426769
1710,0.005669976374602728,47.31332937919224
1711,0.003963465234231939,266.53621905773736
1712,0.00453253272654193,76.8661923198251
1713,0.005851907034550588,58.42767984221198
1714,0.005942262474987233,43.42343858444703
1715,0.00404447736821659,350.20852809421524
1716,0.0033854071390801406,148.66326434659177
1717,0.003433955311596616,47.95401232503022
1718,0.0024438639731133114,146.49766881075595
1719,0.0033209867750044328,103.65590598129505
1720,0.0033350949103092913,75.90433142293473
1721,0.0034539556964230255,148.33836053428996
1722,0.002213460596301713,186.10997290860084
1723,0.0020719581280915873,60.6158583598283
1724,0.003016323371924735,144.53930491850915
1725,0.0025220978504407444,191.20953101505714
1726,0.0023747845422225178,45.84645578116597
1727,0.003911892783527669,61.32290797720351
1728,0.0023463788714831357,48.56561791350516
1729,0.004200855201272756,142.04631970988657
1730,0.00270155540523851,279.81386576920966
1731,0.0028741628628961634,189.4186838933541
1732,0.002757761735822363,29.890409916706187
1733,0.00514572083557141,46.442101205136055
1734,0.006442760657278243,32.77907793755389
1735,0.004950427298400924,186.31280112453405
1736,0.003985925449259495,349.11575556906695
1737,0.0030560228480126512,354.5565016566977
1738,0.0026764712668161587,46.836409189130016
1739,0.001822268110117875,47.801614419877275
1740,0.0030699424871174314,78.42404031833647
1741,0.0041940352199302516,100.8375734409383
1742,0.002934787407866679,32.33543698901288
1743,0.0041185214687520155,31.39579854438094
1744,0.0042112562438798165,266.5972604587125
1745,0.004198447908493108,105.56056907458168
1746,0.003001596924397005,62.372040212376575
1747,0.0033068222344293787,356.4061259198218
1748,0.004518154908460879,77.33269541833862
1749,0.004565406061043508,47.27358684244063
1750,0.0046818069190662425,190.68604183293743
1751,0.004133460329191214,32.281144881892125
1752,0.0038464028932114007,267.7270950622221
1753,0.0033181428810704844,269.4810636371302
1754,0.0041875472768217814,46.97294077690395
1755,0.0032345129929779713,269.59316499326576
1756,0.0032803724734830463,193.75842068467108
1757,0.004301371723654897,42.86419356684475
1758,0.0030764244314787238,357.14143945392004
1759,0.002339419557865511,267.3036694469396
1760,0.0032717468785773175,59.21040731698284
1761,0.0025547057984741262,180.72374280476788
1762,0.0028173283358698645,28.921911256596353
1763,0.003653034073067829,42.461635382382575
1764,0.003441438968673563,274.73305744761933
1765,0.002754007325797752,64.88486477883744
1766,0.0033886423886472653,101.12974127419642
1767,0.002800174945381078,271.71831987406205
1768,0.0031577054274167333,188.76349996082573
1769,0.003877427069390841,76.99060481365285
1770,0.0027515263128779586,147.16905289665675
1771,0.002515039285505984,46.5129896487304
1772,0.002500266403394124,351.9709648141599
1773,0.001320230662394032,72.69942869140553
1774,0.0009496564866978964,31.64131473201512
1775,0.002546145606301286,347.395209995321
1776,0.002457874012397439,273.98216773126956
1777,0.0032981556242107062,31.25541034027965
1778,0.002670379687184653,49.35838904311288
1779,0.0022717989194495597,349.55832461540956
1780,0.0026960090167099573,105.36601923612524
1781,0.003727818157284686,270.191538429175
1782,0.0030333850371649673,100.42451569563649
1783,0.0017269117662839688,30.907221589707817
1784,0.003760227494282826,150.18330519729457
1785,0.0034037869365449373,348.3443834782255
1786,0.001597039284206403,48.3987211869313
1787,0.0030776643252850167,272.07795933786434
1788,0.0024804458038693478,272.00361327170594
1789,0.004504502473443201,29.730537263801185
1790,0.002176791101484954,57.71444084962284
1791,0.0029240612209754943,350.2034323882028
1792,0.0027569955575918077,191.95149074921565
1793,0.0036237826651896203,45.30825758189572
1794,0.003497826998676181,146.9880353837301
1795,0.002162471594278093,56.141054270759604
1796,0.004225892141442494,76.37443780528655
1797,0.003868451788868107,76.80077048002231
1798,0.0027215960751093985,98.302260791324
1799,0.0030448938906390095,61.89591524373088
1800,0.005509936599254787,69.43962617326306
1801,0.004620485186149318,31.65582458119521
1802,0.004402168640958688,184.98272273629806
1803,0.004117746900207702,57.859614936176676
1804,0.005654535257935305,104.20782504577392
1805,0.00237533395689256,48.831370418904925
1806,0.004918177363128597,345.23549472745833
1807,0.0042749076317724205,354.32892070971207
1808,0.004007499713638522,48.42450340783805
1809,0.0030083607432341243,104.92077127798986
1810,0.004751857947282752,142.58496159210858
1811,0.0036730135125561886,63.87960703348208
1812,0.0038309205807571436,187.03617714563075
1813,0.0023488599751160274,144.13032273142815
1814,0.003445398571198625,145.69201439234985
1815,0.00403768765082114,76.48610669582098
1816,0.0035166695742124077,147.4828947328486
1817,0.0051443664348680305,63.856708211049096
1818,0.0029755175667654336,31.549534244197122
1819,0.004088769654661463,184.11979092744528
1820,0.003525147396357591,143.65845222484504
1821,0.00366157344296575,146.65858403569223
1822,0.004063498633423849,267.41920548535944
1823,0.003925910210445458,351.5657022338774
1824,0.004020453608847737,32.11172964856798
1825,0.003890389415653088,148.74179380093847
1826,0.0036312585827938558,76.79405109982048
1827,0.0030195523648188023,344.92282230089427
1828,0.0025491797284551217,47.57035168023838
1829,0.00426125001405157,30.073361424620863
1830,0.0029684915164674246,29.545932346328883
1831,0.003468464440148262,355.7605540393017
1832,0.007080743994547761,29.824004700726782
1833,0.0035496562269062533,47.28045736593636
1834,0.0022113475575240263,29.989033589887214
1835,0.00754389842542627,31.505825553760562
1836,0.005153972829318194,98.77861004917429
1837,0.005345756311109684,61.66455857989676
1838,0.004898214373528829,28.961684597886578
1839,0.004374861093779567,184.7393781218126
1840,0.005902575596651175,29.929122437395083
1841,0.004366696190677781,104.05234711935559
1842,0.004702137884725718,272.5265443171942
1843,0.005944724091519179,44.75837532565152
1844,0.006153049641429318,31.514873926362128
1845,0.0048256978708056935,64.86179816807953
1846,0.003906469857236179,188.71515913411176
1847,0.0046611897812042094,146.81020627177784
1848,0.006466472546513802,31.73895708568096
1849,0.007415633639551218,148.53504030313633
1850,0.00610085246243498,29.46022944746508
1851,0.005468108690535192,65.61066353222235
1852,0.005785428821022483,103.94177686356838
1853,0.003145613224577656,356.5593248434593
1854,0.0033916334944259345,31.299516395971345
1855,0.003485571260100674,266.86846169061596
1856,0.0027666216190507993,272.5661824227062
1857,0.002765194057594772,147.67846370774296
1858,0.0035100100911962325,60.03731463519018
1859,0.005067284513151625,75.5999703502251
1860,0.0022807249504519394,351.93289653624544
1861,0.0031689868172344923,48.491506137524425
1862,0.0015998092838510108,46.00082301238743
1863,0.002674482006730583,61.9939738698193
1864,0.002358278952129154,72.44379665492174
1865,0.002860541372984686,271.4332516479187
1866,0.004277698891123923,58.08351354231241
1867,0.002872617386389253,77.83364774103995
1868,0.0014715282587448282,47.65950624734086
1869,0.0045167360419082585,106.4814760991332
1870,0.0058815609457339565,100.05024366345862
1871,0.005686268361597076,105.26623836990527
1872,0.004580246448173197,103.65241574822421
1873,0.00437616153960835,144.72144093468572
1874,0.005267666572553236,104.12705228725635
1875,0.0044778718088659495,104.54751347218897
1876,0.0050812794401959545,61.397941856377386
1877,0.004078719043358457,149.2463939339684
1878,0.0051247220027025005,44.114582840923006
1879,0.00515639329092927,186.58078587741247
1880,0.004243394009200088,191.25968157281957
1881,0.0029492477412974612,351.347587349179
1882,0.003445326164994087,76.30253020050338
1883,0.003534011958577075,273.21321730169853
1884,0.0036237809167901014,148.80107434913995
1885,0.0026924164957218355,30.197033703498857
1886,0.002754678513229498,140.7255632218192
1887,0.0018461305617479254,31.85991400070869
1888,0.0034310900568848644,62.11509034621165
1889,0.0025934647772783777,275.86095604687614
1890,0.00330574013010986,106.0847221102381
1891,0.002853793319884752,29.697287994668756
1892,0.0037453513416095896,190.55247644991243
1893,0.0054709045156226335,30.379193111139802
1894,0.00583323595360112,46.76637306271944
1895,0.004391258175159097,105.15201041308137
1896,0.0033041439373075756,62.025692537056585
1897,0.0045533028186092945,102.90857056392252
1898,0.0036841525622459273,271.3637018789444
1899,0.0036440791226522305,78.6595908347292
1900,0.006419516788880104,103.04629604731615
1901,0.004316590072439513,191.52318720683516
1902,0.003702593935254993,59.69261522124676
1903,0.004719444708919667,188.84060148092652
1904,0.0033409162806984152,73.02574066764008
1905,0.003685941647166725,46.07765041469935
1906,0.003246370017354211,189.0187611210214
1907,0.0030858085487637946,150.3802667057945
1908,0.005945098381148298,31.678415709223515
1909,0.002498819545997741,106.77073229685264
1910,0.0032634834419631785,269.66374558417806
1911,0.0032219336724958474,145.53976843886056
1912,0.003411789148722656,78.62519080751109
1913,0.0024421817616535344,147.5954835812718
1914,0.001510026522985506,47.449930184887116
1915,0.00253187204671976,149.4475328624765
1916,0.00520870889640473,78.09792940741818
1917,0.0036389503855621145,147.87471739524344
1918,0.0023610877067446433,356.7219609948917
1919,0.0025009451457243324,108.18754494090715
1920,0.002445672808673847,150.66785961228146
1921,0.002630261861681069,274.2035820786923
1922,0.0016685561545507638,190.3050184050909
1923,0.0020778640791132394,105.09389183398112
1924,0.0018948248183269182,147.37560827848085
1925,0.001965863744854604,47.56243786989584
1926,0.002228727685598222,110.53041822639301
1927,0.0027488125159489474,32.95805274606954
1928,0.0022106221543087396,274.50318612970284
1929,0.002189326247543696,60.80258042815385
1930,0.0018917494345809499,351.6816691297172
1931,0.004081715145228623,30.475616029568528
1932,0.0036666186875176135,188.91255501949252
1933,0.0034431888261984176,144.67864968839015
1934,0.0030286854687462546,62.83984188493307
1935,0.003415145790082969,265.9894993429063
1936,0.0038416715586948665,57.87775904561578
1937,0.003465729193225158,357.24590256185473
1938,0.003669793286279544,148.53379868456892
1939,0.0036469980463905436,33.4428962825028
1940,0.003477913517599518,276.7742552337743
1941,0.002900113923797934,49.20122494661915
1942,0.003405197276781389,107.91826589200538
1943,0.004637459033884542,47.126941905654746
1944,0.00537888657237164,78.68534670876701
1945,0.003856079947863837,355.0317042215935
1946,0.003692127210613123,76.53963595858762
1947,0.005894990627360852,27.056498723542568
1948,0.0067122843285123334,29.68509015829043
1949,0.004812058403467502,353.364297825907
1950,0.004812372080358238,106.2690512089085
1951,0.004502227846443798,194.25952199517837
1952,0.004096423936868266,189.01277250639185
1953,0.003585309054992772,77.04597107626063
1954,0.002797129226958673,351.3342900238776
1955,0.00394474192531065,46.37479681898375
1956,0.002091956795899848,186.01683266569435
1957,0.0022838581651565154,347.1150480693005
1958,0.0019343656436044635,79.51732635022924
1959,0.0037276075808360966,64.15793244992444
1960,0.0030555369029988885,77.98825826879263
1961,0.004083840528218043,30.113665876658473
1962,0.002711684056556316,106.6682119969817
1963,0.0033372271779024258,277.25070315352684
1964,0.0030488806136343125,192.27378286872914
1965,0.00359009514383062,187.7610306494634
1966,0.0025595863652475583,193.93565335263045
1967,0.0036732081311339035,107.48791382104554
1968,0.0032671607536706023,184.42468026908324
1969,0.0025978489378427516,49.22517439514523
1970,0.0027581625462485605,30.179988742591462
1971,0.003343025030507934,195.70142403658033
1972,0.0021220639502887973,182.20805596590185
1973,0.0030037736878793363,189.5372021568134
1974,0.003310194831018717,44.46365524888367
1975,0.004430777955101142,45.72615599929643
1976,0.004762051998602067,148.82986137597246
1977,0.0033474729989101566,358.4063196961383
1978,0.0031031007261393237,148.7023715607452
1979,0.002865603208205434,262.82919722974185
1980,0.0020358770757534454,75.13880794452236
1981,0.0032614623638388316,78.05061465605414
1982,0.005499370605885533,31.23173303231166
1983,0.0027975486943291727,353.48624135435904
1984,0.0024415390921254023,103.96825022336482
1985,0.0027670598644992704,109.47459998170311
1986,0.0031665139727871014,78.25500661309599
1987,0.0035335733447101193,72.30948156867801
1988,0.003552672924177552,49.948855475461144
1989,0.003435967767690669,270.2296637794655
1990,0.004273314805611814,183.6282451432793
1991,0.0023765018717124896,28.64517242974605
1992,0.0019993908317701425,44.50642468364593
1993,0.00570775487918778,77.12312362506589
1994,0.0034013462480058003,277.7938759431573
1995,0.004206363162101915,354.8844815775737
1996,0.003996079081209258,144.7632020405741
1997,0.0030579498729407946,46.63753591504146
1998,0.0034544752062671607,190.61374680916336
1999,0.003393879412075106,102.65146602423148
2000,0.003798409086812171,49.85966109471478
2001,0.0043264757195257434,46.92689976286275
2002,0.004620455715937439,78.21116260590598
2003,0.004983320999389644,100.34084668269665
2004,0.003278632459675873,143.06322048291375
2005,0.0037378483524526263,358.8951622708363
2006,0.0030907404230464844,107.12163952377232
2007,0.003626200134147376,31.081161242699732
2008,0.005526703578151024,30.769361683708993
2009,0.005198354907912927,188.54028091415466
2010,0.005191583548597483,269.8996292121437
2011,0.0037283929200797998,47.030131981662876
2012,0.00342310773000571,66.0818090730248
2013,0.004313134483605523,153.64479875447267
2014,0.0028021959313429597,46.67579385318334
2015,0.0045508043712706656,76.52617663399161
2016,0.0036455225653235614,348.0440066357299
2017,0.00446409577644884,349.26981178811616
2018,0.002469820318186645,45.3126324273999
2019,0.0037551638615695992,272.74616307459826
2020,0.004195075515466529,104.53011225433941
2021,0.0042649648811644075,30.375178634973913
2022,0.004147054783299377,150.62382995540298
2023,0.003141286632302914,276.7410637150688
2024,0.0019911314910722147,78.00778364650887
2025,0.003004638053816577,270.96696948832334
2026,0.0027425492299664772,358.5690334858486
2027,0.002429728215018861,353.10885024441717
2028,0.0022949943333681493,268.6918857215816
2029,0.002564571066914047,193.49833768280473
2030,0.003396211177389957,104.21135132622372
2031,0.003181069177818983,145.00402305063244
2032,0.0025788353796600294,273.7888692585887
2033,0.0015041594888808086,76.65494562657243
2034,0.002715963054540155,107.834810029678
2035,0.004605771096480153,48.155841095233235
2036,0.002142883368419875,47.82893631614013
2037,0.003830954275568038,359.374810025523
2038,0.00370674960590228,268.1073645971625
2039,0.0031028545754147154,151.54563140688708
2040,0.0025729470771318694,183.65139295708715
2041,0.0024695381155455383,183.51348759325649
2042,0.002459506741126041,106.39047492020211
2043,0.00283639995650252,348.82140649013587
2044,0.0025493171003969544,274.37699155387554
2045,0.0030537325279461533,71.02893555607385
2046,0.0029147706056768395,29.961793842417777
2047,0.002897838818329998,147.06398849226633
2048,0.0036620237708922428,62.67023813149483
2049,0.002943157267446654,31.61277678804563
2050,0.002878536962036622,190.6022283749951
2051,0.003499663037578452,102.93990418135607
2052,0.0037826474583442216,181.96203983696117
2053,0.003289189685026838,272.86637594135385
2054,0.0022748061555830645,104.43499441572718
2055,0.0034599186290088352,351.0484131534927
2056,0.002169631566495912,278.4267511332997
2057,0.002192351228440723,352.39675394015427
2058,0.0016497366564024183,32.966713520680365
2059,0.002537984774459222,45.87059871093054
2060,0.0019573160988086234,274.0820149202055
2061,0.0013271828459021319,62.05267701870992
2062,0.003395398811748733,43.425637554264696
2063,0.0030231780377491723,356.83654796318046
2064,0.003266224365149155,61.824165340101466
2065,0.0030559464584437464,354.7737464172072
2066,0.0027780575345237343,353.60808707627166
2067,0.002524644818395708,60.670955158907375
2068,0.0024886464437594426,349.4026814033712
2069,0.002442511977706625,360.8589405004476
2070,0.0033046858332423748,62.002741418784005
2071,0.0022750237106359643,28.39736356795136
2072,0.0033867636888813154,355.7939793973666
2073,0.002380911006922189,80.66714975038073
2074,0.0028794120052829776,152.36932468543708
2075,0.0024702990561839113,356.74691781555197
2076,0.002328403593225827,188.66329147769127
2077,0.002661627546452737,355.3911875550957
2078,0.0018974634372584246,45.45291533333097
2079,0.0019566751943784766,73.14583836125928
2080,0.003125054566488498,146.61430189717322
2081,0.0027583601748285055,49.046692337745846
2082,0.0052682763061139585,43.03332404753888
2083,0.003258774547165641,47.50559739833769
2084,0.0034445306696461943,272.032050156069
2085,0.0029688903291296797,148.8770195102134
2086,0.002707867247073293,149.03296641289418
2087,0.002637242059302559,148.9525805388299
2088,0.0030268925194982285,188.7590063061656
2089,0.0029932522846248324,141.27436440708425
2090,0.0018820997837176172,149.46807968115795
2091,0.0029606008652780682,105.73602954072781
2092,0.0030506157631909033,184.81904699593647
2093,0.002416464739185686,185.2270717297147
2094,0.0032269043716876265,184.20017485268983
2095,0.0030222125131183783,74.23185420863861
2096,0.0032967591278450104,268.11775074801693
2097,0.003432143602413678,58.38550013542279
2098,0.0031753349335668707,349.5650137123137
2099,0.003122629245542836,274.05141531486254
2100,0.002979695137240661,194.9221580476016
2101,0.0021811432644216647,107.85467986082574
2102,0.0031797515006599434,31.391930074755525
2103,0.0033130175043797035,46.09627497706282
2104,0.0034998622162943594,147.2893322393361
2105,0.0029157706800680004,352.43190700519693
2106,0.0018966771174996995,29.52954061832735
2107,0.0027251048888157696,79.18412655597785
2108,0.003027964581773491,100.72474349374266
2109,0.0035859499756581087,271.7300464369825
2110,0.0037787376441465806,77.1872043955852
2111,0.003957170407281325,194.07580659119157
2112,0.004550416694147023,57.94388145262595
2113,0.0030559782156873356,73.64152857688087
2114,0.0030471771525216436,43.13970264211772
2115,0.0039505178531944185,270.330674386672
2116,0.002529451871443347,30.698270317404276
2117,0.003778014647881283,279.4777251267095
2118,0.0028536150205803316,78.409920369463
2119,0.004488661285491121,47.666600856158794
2120,0.004565771096333099,50.1574805215668
2121,0.003588778849408007,61.424167921983134
2122,0.005592915012047425,43.76657241814272
2123,0.00481063474091439,183.91839858630058
2124,0.004167903297391454,189.37220141833157
2125,0.006601812699459101,45.24570624834769
2126,0.003925245526850528,259.89653974046405
2127,0.003007175469858028,346.96030969138207
2128,0.003110064852907354,43.8068388353457
2129,0.0030574628751240266,104.03138555417821
2130,0.0036213907803156436,146.85378457798825
2131,0.003196213950022039,48.21777042163283
2132,0.002780014189789961,274.3840588346925
2133,0.003227016316836503,108.28773058122766
2134,0.003309308879681954,270.3377355120082
2135,0.003745807313448908,48.12557997430685
2136,0.0028300314163528465,350.4723307795913
2137,0.002837743992881535,188.87891784084766
2138,0.003096618460773952,61.10041184461802
2139,0.0026420268928233326,356.440021690574
2140,0.0023558754964301677,185.2185391344605
2141,0.0023595118912725383,189.13684094361952
2142,0.002718172482692468,270.6249837639153
2143,0.0030793983513199316,61.96252256355706
2144,0.003500655309481534,148.17082246047423
2145,0.0031995334145680327,353.20615134653286
2146,0.0023679543024934927,263.9855769230404
2147,0.0036188714965929053,29.88161014882723
2148,0.0034391832788871297,75.46512813540932
2149,0.0022568758878182492,29.810903703455722
2150,0.003786601761621381,182.52183436388086
2151,0.003817448972947371,270.9656370528383
2152,0.0025979645015468122,351.92898505525784
2153,0.0022368042992658163,276.81888843443346
2154,0.0028943259785967138,193.30547202434687
2155,0.0017968690708777347,270.5414970757321
2156,0.001742918569893306,60.87270326377094
2157,0.0022808928179586818,274.09314935877154
2158,0.0026393743028165773,52.16709417237265
2159,0.003900906938409977,106.0955451360643
2160,0.0024525249782479043,354.3154268059885
2161,0.002738607517135595,367.47123780427955
2162,0.0034296123415295935,30.506357745271064
2163,0.0028372639102809236,106.64810818411206
2164,0.0035142966790490076,32.72158477018696
2165,0.0031132164433147896,153.238966354838
2166,0.0019401026436106019,64.25576793098327
2167,0.003377987824713627,147.3196731891994
2168,0.004915093424477329,47.61445095712685
2169,0.003621596854409782,79.99541144264995
2170,0.0049500959028757115,48.31843005224142
2171,0.004832019885859746,150.28162721928314
2172,0.0038193998904741443,80.95449968980869
2173,0.003807666579185456,62.87323670032996
2174,0.003772149644366716,102.86130204249498
2175,0.003927571376476346,60.75700016473979
2176,0.0031386876305368413,191.45961622538752
2177,0.003697087241635212,357.30685763204514
2178,0.002387264757328041,353.0507657591297
2179,0.0022801012558794844,105.53440727026536
2180,0.0028372151227321826,77.33084603427649
2181,0.0024722349411384482,146.11323170334086
2182,0.0019828115751213404,359.67307088291165
2183,0.0010616072897639904,48.01153123819555
2184,0.0017323680403745871,192.1247827653105
2185,0.001841430681186972,350.78908883647983
2186,0.005099282660451316,30.563802587428523
2187,0.0022531721577466026,360.6545582789661
2188,0.0020694333809594605,46.46625038846164
2189,0.002278052816634467,273.29216792467884
2190,0.002175499708441905,32.423742369599566
2191,0.0027465939185937964,352.58341920915075
2192,0.0025539304994638837,104.40354137570651
2193,0.002066890876449179,59.87158966390318
2194,0.0023585200036525646,357.7410264988952
2195,0.0025741057892481388,105.25452446304747
2196,0.0027782327941511882,76.7087020022068
2197,0.0028596421292408,75.1099088042065
2198,0.003166400269623471,60.180751678463146
2199,0.002884214042200589,267.1822339063242
2200,0.002842079727158237,103.2698125878348
2201,0.0023189587656076076,61.52072035022361
2202,0.0033902457040715446,143.88808555918902
2203,0.0030370673808134815,144.57836192125112
2204,0.004603005698789695,106.63077289723438
2205,0.0038309602628893067,74.60764182772967
2206,0.005359493697059489,46.09285553164194
2207,0.0034990168946228872,268.9767651611683
2208,0.003268417976569347,195.18995661326935
2209,0.0022835531417513266,28.717255496214968
2210,0.00347651949631587,151.7351089773999
2211,0.002791584440043588,275.3567963817476
2212,0.002497770286248163,79.9551780343908
2213,0.002788928825353163,191.85649325186003
2214,0.0025870847279418677,31.80576278971222
2215,0.0025622665565275715,45.871318457032494
2216,0.0035772859861357242,44.528880043138315
2217,0.0032551478224549274,79.58957527406423
2218,0.00466854879926097,60.10079516434148
2219,0.0039298016059051,45.866645796795716
2220,0.0034755928426392596,189.116503159376
2221,0.0055514558822520686,76.73638451883686
2222,0.0034439035518664387,80.22211489034932
2223,0.005446887011264877,64.8987051703833
2224,0.003931889414301482,101.62930085254746
2225,0.003912591802348124,146.31661687113657
2226,0.003401071242324641,60.73266744300233
2227,0.0038272938208406934,276.132632008286
2228,0.004987763929488052,149.60826322704557
2229,0.0053519849444173505,31.672029475123317
2230,0.004380724822937933,194.1406170979707
2231,0.0031233833028056703,145.80463861385402
2232,0.0022241745831768456,60.338413061638
2233,0.004731486430362072,62.23838818278525
2234,0.005406213539252938,77.95268024605116
2235,0.004680346161249109,346.4499850712865
2236,0.003203153450053483,103.61931583181672
2237,0.0034692596059674174,353.2948142103411
2238,0.003248082834880262,354.6078750303173
2239,0.0022982914432744155,62.563115643131034
2240,0.0023714814891731373,273.23880601608715
2241,0.00200941629435843,32.92825681581174
2242,0.005803517060422595,28.069144652025084
2243,0.005323399675166302,190.00629019068904
2244,0.002593506097733348,358.1197679247483
2245,0.002426784337225959,108.35455117276791
2246,0.0020197846319667443,279.7121488717052
2247,0.0021149245207304963,350.6835219048736
2248,0.0016759583673278526,50.41350794561062
2249,0.0028743189956691602,77.48782696891274
2250,0.005500799999622516,31.410913678355815
2251,0.003507312181528058,61.890178421911955
2252,0.0020996799803854205,277.35552495867404
2253,0.0026694667016907247,148.62080721555037
2254,0.0025500129509024596,150.0700963852209
2255,0.0027515810862413755,46.26316248512219
2256,0.002489770893570139,354.1906380912004
2257,0.0031207640748217094,148.9179597985322
2258,0.002769315781536993,186.27924919506358
2259,0.002338566308889451,58.615110701578566
2260,0.0030806186061941125,273.3232138483335
2261,0.002611984869187362,274.58205326649676
2262,0.0030659921114109014,355.2441932756741
2263,0.002872220173902183,147.05325506039767
2264,0.002442303572317676,148.12580968405362
2265,0.0016312017591730724,75.96673155594867
2266,0.0026454863679684654,278.0265060592503
2267,0.003519120656533601,75.2316627901329
2268,0.0026515800197468168,275.2744854863027
2269,0.0038257688388143463,74.97406808433423
2270,0.003922281188916431,31.83361806939581
2271,0.003334046327025233,75.06928291811079
2272,0.010207880251230029,30.13360714341417
2273,0.004656126784339675,355.03522276991686
2274,0.004082311235337825,49.08681123646755
2275,0.0048088859488465505,74.65784798300142
2276,0.00788619706707488,48.008906748133654
2277,0.004263896646245319,49.046736136840515
2278,0.007885925163215936,45.71355054713585
2279,0.004700275775355073,74.64634426819394
2280,0.004493447307998996,278.6718565764493
2281,0.004160458727100249,145.25866901044583
2282,0.004484171821567197,31.372336402789433
2283,0.004231650545912537,274.1357733286856
2284,0.0029804823131377597,77.25610103578305
2285,0.004571605588842851,109.02745800226234
2286,0.0029720912615013866,145.04143659959365
2287,0.003698450895872205,363.02918495290436
2288,0.002549827117138808,273.67307841913134
2289,0.002527219697532422,193.5212575905721
2290,0.0022030101946751185,151.47774327436935
2291,0.002843313408202202,79.25804019782694
2292,0.0021496490172049146,78.42541982223112
2293,0.002558637614630901,32.03783782627303
2294,0.003420721973934387,74.04448559343203
2295,0.003994946580027995,58.83564839856717
2296,0.003386695509766316,145.68143812509496
2297,0.003186196459313911,279.6619954927209
2298,0.0025224993469550854,31.37050859435747
2299,0.0035579082104959525,31.569254303386355
2300,0.0037403901184695095,75.81612966591342
2301,0.004763694428592677,147.9146630641709
2302,0.003186223228307339,354.58265736870476
2303,0.004027069878467391,27.91052951350133
2304,0.0038326332767330594,104.30104218687076
2305,0.0032869686548354007,270.01242409653634
2306,0.00525902403353177,77.89340806878144
2307,0.002358215470324537,109.35677363605126
2308,0.0035569958975499435,105.37655603497855
2309,0.0028741863642263244,28.69392631928209
2310,0.0037615413573410085,77.78847082848583
2311,0.002980618227739637,190.15270747414823
2312,0.0032636093013444713,103.14498026582427
2313,0.003087260747727753,191.88516047416263
2314,0.0025579183513739626,66.51688616337587
2315,0.0029519783712218623,62.110616844483964
2316,0.004895154619101884,190.21479213524532
2317,0.0033778609415374096,108.14899319528342
2318,0.0047871111556388145,73.91317628325672
2319,0.004518713436316995,42.98226548486395
2320,0.004218618631877151,271.0552911908534
2321,0.0039058009792120496,263.6779845327983
2322,0.003672708055988474,266.227333069083
2323,0.002750723919722152,190.03749289018413
2324,0.0020496769487783214,270.06543908229406
2325,0.0031565287165998095,33.00720117805225
2326,0.002335782282220168,60.48125004332285
2327,0.0032350486967844356,187.09843419259656
2328,0.003846251761772401,184.91866477669134
2329,0.00274524704670104,31.779001097164457
2330,0.003012992858587565,103.57861870275501
2331,0.002441323249388069,32.10231674532616
2332,0.003947142249821762,190.70578907071004
2333,0.003556083612308542,105.19994090281784
2334,0.0039511574020112345,148.26014328445416
2335,0.002655700330847296,28.718770725889403
2336,0.0034971315337770648,105.66295152546859
2337,0.004707801210905607,75.15910175537893
2338,0.0031152942566140237,46.64177442230781
2339,0.003808001390015389,359.42656982460574
2340,0.0035405603133223905,189.51291573003388
2341,0.0026529219859588783,353.4851059407034
2342,0.0021766290359357273,265.3281442576436
2343,0.00392852141139575,61.49808113283645
2344,0.0033344981157994373,59.77422308449611
2345,0.002359776785837273,352.7119667012931
2346,0.0020853097316877707,191.83123151305912
2347,0.0025566278569828216,75.21166611664123
2348,0.0018407468684348385,48.34144455046455
2349,0.0030289957029839922,359.8897047897144
2350,0.0033927608813895415,76.40379926184403
2351,0.0022088201193665473,48.31753294258438
2352,0.0031701276687780885,60.44351012122746
2353,0.004114211643072977,268.84182141465465
2354,0.0030286661825672267,107.06121068533673
2355,0.0029250791125115336,193.22398656423795
2356,0.0028345730089876925,274.8828567626124
2357,0.0021567244069412538,187.11856573182885
2358,0.0016597924180639027,152.010589037307
2359,0.002759127422415566,105.8280643748681
2360,0.0024758468308561025,62.26199917331467
2361,0.003025291616815316,57.2512527097957
2362,0.0021254213860305814,62.622691135060734
2363,0.0023207494153644746,365.600964814369
2364,0.0017863089497956672,146.8743946134052
2365,0.0032294504979188173,277.0439834024483
2366,0.0033978608632161387,150.80910128463648
2367,0.004158611919076459,74.55624585586291
2368,0.002927673494667315,269.8956192527917
2369,0.0028814943487025,105.39947694209201
2370,0.002781540596314265,148.01705714923656
2371,0.003896166301890813,58.11274019598517
2372,0.002487714838241221,191.82784288911733
2373,0.002622469573629965,63.06859432855441
2374,0.003453403239624274,270.28185127407045
2375,0.0032415281892605617,190.91888440689863
2376,0.003496147443911468,103.70180822600295
2377,0.0033872309252466824,66.6816490209397
2378,0.0023811160638027053,355.7368178882789
2379,0.002442041263871156,77.30608581009498
2380,0.002405039542379156,359.0700074347095
2381,0.0020096204979375477,148.19709903231345
2382,0.0024690714039415553,146.07294784650782
2383,0.002114024733331667,280.97391287295204
2384,0.0022575541610242744,273.9938767296482
2385,0.001972574442237934,268.1390418993912
2386,0.0015677686142471677,75.32167956525608
2387,0.002690676087778146,45.150119627532014
2388,0.0022010331148150314,276.0138181217127
2389,0.0020586619836377423,187.55058183376147
2390,0.0022971829452741324,65.86613037975303
2391,0.0035327212081028847,106.87349760866478
2392,0.0020930555245567903,273.2691568984145
2393,0.0034216335375495547,355.8870919822757
2394,0.0030643804762016894,78.18762896836444
2395,0.003184204368153587,60.66941616267912
2396,0.0034505257242895917,64.70208139615923
2397,0.0021730584347347632,31.456429387188383
2398,0.0052012371761398545,148.12762819898052
2399,0.0028065143713485504,48.33341981587432
2400,0.004351562578519336,105.64140582778914
2401,0.0035147612786498887,265.445364346492
2402,0.001864736209646598,29.31436177476498
2403,0.004129178582471108,147.21037160296737
2404,0.0030374897752525973,146.9892144832891
2405,0.0034616112198833475,368.4464975096908
2406,0.003998800293995995,148.21623994595507
2407,0.004242804835346267,61.91654038132537
2408,0.0025069071508140644,348.7926476961506
2409,0.004442415639937666,63.453203185605986
2410,0.0028529969260463832,267.3860111392743
2411,0.0024527697607412005,107.17133342100374
2412,0.004500228765995786,62.970020102151565
2413,0.001974795001765646,58.939001731730166
2414,0.0031163948014435255,190.42867281244466
2415,0.0034034960917779244,105.33931169689293
2416,0.0028844235640915327,363.24608009216286
2417,0.0022586840198893753,187.7902416533948
2418,0.002887327464624581,29.707317786718658
2419,0.002317924703862614,191.20542412269072
2420,0.002553794220898219,190.1597228770789
2421,0.0023320070007734153,78.59997386030143
2422,0.0021416100539268386,49.12897315324705
2423,0.0026484266417031964,60.76364970216103
2424,0.0026100496265476416,105.32902281726453
2425,0.003076729575264311,63.403546282002885
2426,0.00341042888569166,278.8753921527774
2427,0.003392623024410568,63.77934086509202
2428,0.004549220508527426,146.77979795650896
2429,0.0048248272530678335,31.026886286923673
2430,0.0032622433676913394,355.7318533883431
2431,0.003594850317940341,28.95639160497882
2432,0.002625875001881625,29.801766798988574
2433,0.0036786688844560405,275.41822713651584
2434,0.0020507455360748864,359.3693233902762
2435,0.003163145188689389,103.4877750492501
2436,0.0029685025939874448,33.0709390007671
2437,0.003179882910475938,31.32993535864868
2438,0.0021885162428048176,81.33266634437366
2439,0.003350619715092762,105.4763420748984
2440,0.0029722599878701838,272.8302354837495
2441,0.0032911776487076247,65.02129737912696
2442,0.002912216738783674,30.25978631516958
2443,0.003350253095099155,75.21310518230473
2444,0.00351072266244366,277.24223857152907
2445,0.00377471081642184,147.23768963143928
2446,0.0033330288435322207,354.12479937185196
2447,0.002739886161961435,273.38327981130016
2448,0.0024424712380344067,46.65793990263525
2449,0.003421739655311547,62.27284320677922
2450,0.0034405892316450213,73.8703413982985
2451,0.002715841822910018,152.90573313181852
2452,0.003462840082401102,60.76960377303228
2453,0.002361451085140363,191.34333600153644
2454,0.0031704442813784675,271.38667268827373
2455,0.002357309177330767,143.99446396894834
2456,0.00257924967542946,192.4579929531623
2457,0.004389789043154844,75.32749518878293
2458,0.003051617366579124,104.06982035348894
2459,0.002906269904279968,266.4872327254275
2460,0.0025251924275771285,273.7729703211303
2461,0.003107503601141444,74.29791280275123
2462,0.004683856439022258,105.10090693336733
2463,0.003249843725246716,46.92612154584599
2464,0.005460178103682913,50.208667946226555
2465,0.004396092106993632,32.9075359472924
2466,0.00718588719961378,31.337783108512763
2467,0.005087278783246371,189.34221984596613
2468,0.004588535544991662,48.1083370187148
2469,0.0046156783573678695,62.99793666379145
2470,0.0035374527827210338,32.860220980919685
2471,0.00422243296585244,75.09159593044129
2472,0.004161673997390958,352.92364895139707
2473,0.002927097110057667,30.915799302289425
2474,0.005574714824030435,188.25844516532942
2475,0.005218764419127679,42.8906025579676
2476,0.004656605332040611,62.910974646074514
2477,0.005005533788664315,31.161920527975344
2478,0.004984726192996162,276.28899584962056
2479,0.0033999082693469216,352.4328039907025
2480,0.00217164291061019,63.96942185254592
2481,0.0037759015249321237,109.27875435003145
2482,0.002356015466510041,278.1310310220733
2483,0.00274469414555291,31.737743685104736
2484,0.0023706589568575054,352.475284260392
2485,0.0020757830425153913,275.5004008998758
2486,0.0031299171902701038,57.04580886225537
2487,0.0030835682637434976,76.14599441294575
2488,0.0032122037892919945,274.8316069076252
2489,0.002771241443305162,357.394803861221
2490,0.002314201713406047,48.557781678848656
2491,0.002204935240550979,270.50182165804233
2492,0.0026211326973501967,195.73829327246253
2493,0.0023425990730791425,62.416962054133094
2494,0.0015267710449660553,77.22002811873224
2495,0.0028673905843676953,349.68188157444655
2496,0.0032406123003929435,151.2902561685024
2497,0.0020817709425092947,33.02837676427328
2498,0.004037960579003434,107.88366942448194
2499,0.00463944478794404,101.98924625538731
2500,0.00351235796349524,272.2593812114126
2501,0.003216295762113815,75.88376606993229
2502,0.003358982684058619,29.804324184531694
2503,0.0035081411346459712,270.098356307083
2504,0.0031181938137883327,142.17897285872309
2505,0.002848098829516046,74.53436786704738
2506,0.0024522649834925396,361.13920841451153
2507,0.0018284083593000464,276.0136606191502
2508,0.0020446288031287377,188.49144894336217
2509,0.002577716791082904,47.75323546753072
2510,0.0019956301681255304,79.56587760407221
2511,0.0023440139734003215,104.51008539338984
2512,0.00321761341879915,356.10255467598034
2513,0.0026156614897634932,351.9838161497898
2514,0.004503738149895486,148.66574904585678
2515,0.0023650105960214547,353.65247126880854
2516,0.0019496434967747058,191.30696842595498
2517,0.0017343111129278993,187.6042303059031
2518,0.001922269897927295,189.97341278855396
2519,0.0028994973834834616,108.00131983532853
2520,0.0019399940695081037,351.8338904726631
2521,0.0030350011676835657,47.76223670096949
2522,0.0032763078343739805,62.38959360651774
2523,0.0019000814676094603,358.3252994788762
2524,0.0033268472461014218,105.86256528500942
2525,0.002882083291830174,30.38332700380247
2526,0.002051106320250061,359.5602431412219
2527,0.006023459513330479,32.75503872910666
2528,0.0029766241811665754,60.91883088171229
2529,0.004047320660902187,106.11276736846752
2530,0.002399541750003743,149.2547846907705
2531,0.003960296513129942,59.77095237012118
2532,0.0032593415934647515,274.98771987414756
2533,0.0033580148776239252,103.92378186032437
2534,0.004512118451495584,61.29446903944392
2535,0.00510879071040663,59.69443867510223
2536,0.0035121968879804986,271.39504859260313
2537,0.0039806646822894845,46.287010699919314
2538,0.004187237211189097,192.81947930396612
2539,0.003503815762331252,194.74430634488456
2540,0.0024342806796303776,351.3642581206375
2541,0.0020787725875063556,360.1012563178535
2542,0.002129747844466216,151.73548791037217
2543,0.0021983699854489984,276.56103949599225
2544,0.001653891763520574,149.56102895593614
2545,0.001616835164965708,102.9839585458414
2546,0.002098538172356564,74.79320019360536
2547,0.0026072053633470205,108.01555959481779
2548,0.0025222670650896684,272.8035574707139
2549,0.0024280409578735134,62.5220289319693
2550,0.002498700712242952,189.94101718717042
2551,0.003375566135469728,32.04570196832483
2552,0.002559883461812282,271.3824025758915
2553,0.0037626261784515173,44.697032935311114
2554,0.005101086137074162,45.427518372949685
2555,0.0031269503326896214,73.76421074021327
2556,0.003738385690961826,272.77785221689027
2557,0.003147589383668394,106.80441778859772
2558,0.002775959266728023,32.7628768809045
2559,0.0035130824534700647,143.28592210132157
2560,0.0026242142055314223,78.5589353879485
2561,0.004886817254710999,191.02092939599606
2562,0.005152106732468284,78.20802992276921
2563,0.004133565774128316,274.4253324274438
2564,0.003743941391880532,271.869877897172
2565,0.0034233187543089194,149.18323001973673
2566,0.003884600932521537,106.83712095859337
2567,0.0029945380727362534,359.2456517528184
2568,0.0027917745202761706,32.78708973314169
2569,0.003481801811270496,29.550078747160857
2570,0.002448233501931659,109.62752425019221
2571,0.0031214724480503656,32.842026216840274
2572,0.0029898886925614284,44.73802252222161
2573,0.003013078382756593,33.08151206955524
2574,0.004443309571453594,74.80803418904775
2575,0.005162623630068,44.68695538121169
2576,0.002861603105320939,271.9796118426889
2577,0.0038478243363528775,74.28783625783296
2578,0.003424618384292079,358.7818221873458
2579,0.0032480660613785134,78.65204000576912
2580,0.0024857435386575863,106.73135636292236
2581,0.0031181160648602285,30.723088874844215
2582,0.003499198706931103,63.24396418407647
2583,0.00500323083398359,190.55144096028758
2584,0.003960566111458058,192.66168903768443
2585,0.0033117416159225755,32.65785922160979
2586,0.003213669773314495,270.2730532167659
2587,0.0012041013820139183,44.85524014825075
2588,0.003794534919983098,147.47326181308316
2589,0.0030691319906387417,184.00441698813103
2590,0.0038146172499658394,142.68957969040216
2591,0.0036186197162428237,62.890818113902114
2592,0.002083574270511883,64.15346198845295
2593,0.002941245184200865,273.0703760256894
2594,0.002604010413173276,274.7665100483076
2595,0.0018972873753862573,148.4616970413492
2596,0.002359354968544814,65.5413071947204
2597,0.0031448474833618654,107.31065371691747
2598,0.0036719172849651364,63.10869521511967
2599,0.0032228425843291355,102.78292621493118
2600,0.004188766203226586,30.8387490349565
2601,0.003709457068459453,278.71316103659814
2602,0.003006525096802884,77.18096023780993
2603,0.002294776888698709,30.314759612983007
2604,0.0032824258533682123,48.605492426910295
2605,0.004613145675215028,148.46991623293505
2606,0.004114387300586726,278.4140110156203
2607,0.0045390701841019196,150.92848211928538
2608,0.003583977502580317,271.5259459769732
2609,0.003941806791149644,147.9520169619198
2610,0.0024498917548929034,78.71378776355192
2611,0.002992550913579647,354.397585814665
2612,0.001495282592130989,151.10074878019896
2613,0.0021014263695826106,62.29047973649622
2614,0.0023729877477869604,142.5598351153565
2615,0.0016303106599159843,276.6331177804183
2616,0.0018219136506469485,269.74897294337217
2617,0.0022990099155735647,49.71576722353683
2618,0.002664055458527147,193.0717931456897
2619,0.002646341790131908,191.04292106364707
2620,0.0031755625664195344,59.541165392164714
2621,0.0024844105548933364,268.64646708164884
2622,0.0011806475770848419,30.87743018690353
2623,0.002783018392551761,351.83083211442136
2624,0.0016667721804973052,31.869943062138166
2625,0.0021519675070082703,31.78784957009168
2626,0.003144813906287129,145.98615662758385
2627,0.004749667967864541,192.05382464477077
2628,0.0024555688516926617,355.6896497846104
2629,0.0050237652489911475,31.23677341616133
2630,0.003067580866710659,274.11272377538893
2631,0.0019816363329972285,108.46652434108348
2632,0.002013672936631007,48.707924429287395
2633,0.003989386604836309,185.3266128010135
2634,0.002872787531286723,65.80268575578845
2635,0.002683635663660508,49.401118335431796
2636,0.002676791751582641,190.818868963484
2637,0.00404019494176205,64.49456146720537
2638,0.0035968097786472997,272.8450357265283
2639,0.0032490804715052946,46.450388066598116
2640,0.003313731215913755,150.04232210059047
2641,0.0028772149256914878,279.3657056604999
2642,0.003641103919597719,110.7054956213632
2643,0.0037746915923751166,61.82722324425109
2644,0.004041772043057937,78.363616350294
2645,0.004888383815837601,48.65035284976052
2646,0.003105985125777375,62.07837683628094
2647,0.0035469148777436304,77.61808131490872
2648,0.0034806299259935013,360.3596954202024
2649,0.003788724254648584,110.25491287235123
2650,0.0035026639789066394,106.9387348721512
2651,0.003289796506453121,32.12550942638701
2652,0.002351830731251714,358.47071154703656
2653,0.0026946220364671234,150.70495461322446
2654,0.002827412442743942,351.76377374897567
2655,0.002598622415650331,30.716087084118993
2656,0.002994158550071055,146.2405684831319
2657,0.0060220313713091,29.69358253761422
2658,0.003967063849243351,62.61763814114094
2659,0.0031906351427106253,362.62141222192906
2660,0.0040970460729094944,151.95343713928239
2661,0.002795146581091396,143.62960590591112
2662,0.003050594172335066,75.96048976429175
2663,0.0016872414322069045,110.59941052596717
2664,0.001816371792579125,59.57662353365455
2665,0.0029503467492097775,47.54044849820077
2666,0.002104718482122425,189.9927304597116
2667,0.0021066928022912055,62.330770558794775
2668,0.0022955980180976786,192.3448423340049
2669,0.0022828394747613436,101.10819002383447
2670,0.0028337348084163058,276.2845876204407
2671,0.003196264838896406,45.64475705111327
2672,0.0029125497828247785,108.37622207212716
2673,0.0023872941630419886,64.06034932606306
2674,0.004009863075695868,29.47521142681844
2675,0.003344006448847703,187.06531318909504
2676,0.0034193990465255565,60.0462845061905
2677,0.002757805002166721,269.0006585443058
2678,0.004120956555886329,81.55800536146043
2679,0.0028833610034498486,360.7897310484206
2680,0.0026208815702025625,103.9774496744502
2681,0.003317383614277128,145.82168339190815
2682,0.0034322871623087324,186.63291928688108
2683,0.0023840212576801533,352.9562511793255
2684,0.0017683016105613867,45.95561919260517
2685,0.003139712662457371,188.54199101312017
2686,0.003636152354655428,148.69897233757695
2687,0.004594181777345232,103.85097564536804
2688,0.0032429995823236675,145.19791146610515
2689,0.003693608903704932,145.8721252630161
2690,0.0049463820369996464,33.65271530985006
2691,0.0035333673830292085,268.85266659024364
2692,0.003389754425761139,149.6768124406384
2693,0.0029493646563258317,50.37993414976867
2694,0.0046446741542093,77.03279524634159
2695,0.0039181512856535285,106.86123655017877
2696,0.003444242782230784,143.66380345759075
2697,0.0031357266467029357,103.80531603786943
2698,0.003931156363470664,154.23663234526188
2699,0.0036068168800432523,352.3654037847053
2700,0.004183595891688661,31.87820247390023
2701,0.0026139515165678777,46.834727840566046
2702,0.002668841363065696,275.75301976338136
2703,0.002591193736820556,45.04050597961153
2704,0.0036192956206316405,75.73569637207588
2705,0.0023494642366411146,106.03216704529885
2706,0.002360186800414941,61.51463251290066
2707,0.002437318179405478,105.98551387821078
2708,0.0027544996844266227,273.68433838106563
2709,0.0025265167709270877,81.23852222319022
2710,0.0022903048937943774,151.9116474988295
2711,0.002846036874282564,358.5223786460114
2712,0.0033259336914153,105.17504120354191
2713,0.002320078820801051,33.74479409930467
2714,0.002712444268872412,187.73244378683208
2715,0.0021851801491159267,155.37371986597634
2716,0.002769333808084246,50.04644507975883
2717,0.0031133741867611555,106.65130032103836
2718,0.0031776512869641765,29.06138211000906
2719,0.005076146967759407,75.23775832013128
2720,0.0029441803464168785,271.24087020479016
2721,0.0024281516544620053,275.83581938292247
2722,0.002617572129813859,50.5224175359071
2723,0.005164073279894214,32.17292907840402
2724,0.004157366196026983,47.54884118320491
2725,0.0030503856549453845,61.43285778358643
2726,0.004268282439882953,348.3099880236753
2727,0.0056334221692434195,64.1915549164755
2728,0.004167356281192664,356.0622670333117
2729,0.003814222533808295,65.49387039881607
2730,0.0022558550428647293,32.125600493343335
2731,0.003595872213984628,46.6826360828218
2732,0.004449500047710373,189.21730832423404
2733,0.005087289593295561,102.49763484701832
2734,0.005574807595536222,149.78278603949985
2735,0.004389570363732134,59.06176345510427
2736,0.003348858485854155,76.01780962213815
2737,0.004578651902038935,63.69674750520975
2738,0.004920087878627573,106.44331195478742
2739,0.0055740200487750784,61.96353334338905
2740,0.004219107309555258,196.2930751264773
2741,0.00458542885244631,355.6255346326159
2742,0.004420587701133627,103.18850423743967
2743,0.0026382145746398377,104.66076841875783
2744,0.0041620394842917545,148.51036110642002
2745,0.0030608647407782074,275.7660150932897
2746,0.003110996751588416,32.672149536282596
2747,0.002644519011659787,148.39411239892053
2748,0.005034734664057673,64.51024288148074
2749,0.0028760179478551024,264.95662605513644
2750,0.0018530970970961538,32.781880895768204
2751,0.002086757807429987,77.84769215296573
2752,0.00376149189021915,82.32784266980879
2753,0.004890245199046173,79.05770865979862
2754,0.003772851355573897,278.48757660828056
2755,0.0033999787848778837,191.2185518201006
2756,0.005161272598074627,150.0399745193509
2757,0.0075651098073837506,29.480349463447357
2758,0.004135621312984063,280.8797402947342
2759,0.004019547351394283,64.77667959393708
2760,0.004188028308598059,28.964171888138996
2761,0.003673691477554196,80.42945421885875
2762,0.0038173484541196736,193.08719695001247
2763,0.002863311106628182,147.64743452721012
2764,0.0027316457562847063,46.17023189218756
2765,0.0030972338922531225,193.74414683820493
2766,0.002541984857274101,61.318235499237794
2767,0.0036400738492768535,77.87188646786579
2768,0.0037222338722550864,108.800898133652
2769,0.0037383352218721237,72.98083123090383
2770,0.004299363293546899,62.6720255072193
2771,0.003896692211253986,32.23642033466038
2772,0.005539888888322182,75.68494755612102
2773,0.004137023225924552,359.1376578503255
2774,0.0040825621445737155,108.4143632230858
2775,0.003088077094419991,190.48783019303758
2776,0.003748627826161754,354.7615854882369
2777,0.0022973452496444224,45.35843980142529
2778,0.005816773537311559,30.95451336016095
2779,0.003051112977118464,43.28688301422697
2780,0.003540884272266432,63.40958902498973
2781,0.004345657211460909,192.90274036821586
2782,0.003378208144637868,110.37713870932372
2783,0.0032534505739931774,102.38482011524859
2784,0.0031703497450068225,151.42316644921357
2785,0.0033135129590461765,189.7976469299156
2786,0.0022367984164542148,358.8709436042585
2787,0.0026844230802809538,187.29491676922711
2788,0.0042545158553906025,63.49685317986413
2789,0.0033954238248445974,151.5591762179658
2790,0.002595763576529272,77.51635308500595
2791,0.004134887699117165,49.88907061354945
2792,0.0025754466186225654,77.33718891478628
2793,0.0025598213410406565,149.8949985180402
2794,0.003732505105925144,148.90257359229955
2795,0.001598469815276489,47.217652544493646
2796,0.0035175855458034607,109.32347867314469
2797,0.0032785888007228177,49.014285381988635
2798,0.004238594403342548,271.3341215802329
2799,0.004969011257179029,43.87019607786304
2800,0.006330332358444693,59.712130798498926
2801,0.003847822134740057,281.26731645836844
2802,0.003357773581425332,79.28134998042071
2803,0.003106058403651511,269.46432610369766
2804,0.005385981154262445,142.85281317954733
2805,0.0037353341271618348,151.2802991173229
2806,0.0030323029681337036,149.36148555981353
2807,0.0038187576392991075,62.41680856409716
2808,0.004027124847148976,75.49551677041939
2809,0.003449151057093283,359.73506271558267
2810,0.002379289033816464,269.86284125464806
2811,0.0023907724311188244,194.11009130364027
2812,0.0019217622453739983,351.23237956044744
2813,0.0026598539402114293,30.24147082860039
2814,0.0018893413234153612,147.04577273076896
2815,0.0018285708203369848,29.460590959053523
2816,0.0032674198346674356,359.35475279738034
2817,0.0023697963034774337,184.00127221071108
2818,0.0031673866987020176,149.00842685514695
2819,0.0022691314736882555,44.17766130671971
2820,0.0041253110534383046,31.568225871701447
2821,0.0038239499535356533,76.02133715992511
2822,0.0038288612105766254,62.647288777204125
2823,0.0031893356056054865,75.51946105238008
2824,0.00454641865894466,192.76678537992936
2825,0.004595979649820947,281.5737235584367
2826,0.004334758162436516,192.12739083379128
2827,0.002684120349997478,31.441026479493694
2828,0.004159747827146711,151.6741854029346
2829,0.0036091320273663233,189.2565677928098
2830,0.0036357721105089477,32.5989353791472
2831,0.004038539416880257,273.94651557578567
2832,0.0019955444813668168,265.4233790054699
2833,0.0031024177107890584,107.94117882757827
2834,0.002195160552219022,47.711820048590226
2835,0.0034941036625381317,107.01526450475536
2836,0.0031172696628174964,153.79097348707822
2837,0.0029481251467832655,73.93183921599957
2838,0.0018685213355387658,34.070418465876685
2839,0.004558745625443701,146.42716414092249
2840,0.003196342750163387,74.01318145896687
2841,0.006793950942960077,81.34813088547608
2842,0.004620265849753504,62.632174325400186
2843,0.005498438809620987,31.557146854881584
2844,0.005050777881872302,79.05101792488286
2845,0.004337210955208306,363.12377744641077
2846,0.004263241590973956,359.31624944480353
2847,0.0030846329079560024,148.73351672770153
2848,0.002755328002486224,269.31217838007126
2849,0.003625867482604285,60.81531086616971
2850,0.002711087220951732,82.56070341526525
2851,0.006168288724689648,33.664398215708566
2852,0.0036062824049374535,46.72213725510129
2853,0.004577240207411172,32.72578648157402
2854,0.0028160218082183717,31.524637847865044
2855,0.002576491277724608,193.34742214892657
2856,0.004179096980879455,149.87405474702027
2857,0.0032738138138658822,110.72878140513045
2858,0.003827948626757902,186.78096807405728
2859,0.0034699969937334995,270.2206279521273
2860,0.004402393632779545,63.14865244640738
2861,0.003014520427488885,108.52969387814683
2862,0.0033169051557706553,108.43719527014358
2863,0.0032597408910879817,64.99303915114399
2864,0.003671293910415021,195.89259582232026
2865,0.0029941469657698947,144.93490612999648
2866,0.002848533772398573,77.48982466516703
2867,0.004698438116876688,80.45308107481117
2868,0.0024753683551871717,150.879470985988
2869,0.004013372086342701,64.79623536223404
2870,0.0034386515585076247,365.09454788669075
2871,0.002618040703839205,30.718456541825958
2872,0.002698893963869883,150.05648849074439
2873,0.004550222732398873,78.5686863297245
2874,0.004889352810629322,30.60860357952694
2875,0.0037813999424543,183.46866332797265
2876,0.0036189422427359485,32.940369336535085
2877,0.0023414005088140126,188.20895507272152
2878,0.007382161734406916,33.39432164776254
2879,0.004659834409032201,151.1746592734724
2880,0.003888289838961732,61.84675592299211
2881,0.004913941033849439,105.1740324481675
2882,0.0039040570320383306,186.42503098209207
2883,0.0042333362041602944,359.76968171552056
2884,0.003927884565696745,47.34672619987975
2885,0.0051755108720028834,30.158829001680537
2886,0.0045171397372618695,273.7177437151737
2887,0.0028979144800294157,193.02589811775536
2888,0.0034433214703478206,50.46222900968648
2889,0.002409160815281114,149.37638841538165
2890,0.003112035812261059,45.045668797069254
2891,0.0035547595179208735,281.0325767446702
2892,0.004437310687138742,150.630653447264
2893,0.0036610038615400788,109.07347745646449
2894,0.002564264122181182,74.44079442052302
2895,0.0027969824424974535,277.07273286162956
2896,0.00338898561246672,47.179644572294265
2897,0.004999299774191548,105.74910198111886
2898,0.004889344948580778,30.519797115760465
2899,0.005028426437437984,32.601144831359406
2900,0.0035298597222336724,275.426367235231
2901,0.0031320377392595696,62.31189215399505
2902,0.0019947037056634396,33.06561863803085
2903,0.004991471654263408,107.10617285857388
2904,0.0011632825420559224,28.953385668545888
2905,0.004746586809325531,351.06272731538553
2906,0.00587193984789668,43.91633809590761
2907,0.004848915978422715,110.47587535737495
2908,0.005213145094269232,78.78948300329812
2909,0.0045979709058729884,272.2361252959112
2910,0.0036895407644451706,68.50321974339198
2911,0.0027013281081520756,77.07262796402853
2912,0.003056012808883679,110.56106882501463
2913,0.006100167261246173,63.21429725767501
2914,0.0024124144045595914,31.603072247711303
2915,0.003244859426899285,369.2105684086337
2916,0.001962829616000031,75.59710022553092
2917,0.002406866699386918,30.509810514819943
2918,0.0035873180377312044,356.13982261168644
2919,0.0025002320961887608,64.67964041711518
2920,0.003207087724222708,149.08694826427802
2921,0.004614334973227634,28.428281768653033
2922,0.0018487288927707564,32.46443593156368
2923,0.004296198433068414,192.3174697431717
2924,0.0033362145871148273,190.4398099355726
2925,0.0034174443841858563,269.7793651606092
2926,0.0029207401387010613,354.36335125361273
2927,0.002907696365708978,358.2572552582856
2928,0.002115711642061719,357.9305669072529
2929,0.002307917107211355,56.43312068047702
2930,0.002283450383598589,79.05331799613131
2931,0.005309750894756972,31.935152457017967
2932,0.002849430746933444,270.50822093202487
2933,0.0027564226389536948,76.96575035336583
2934,0.0031838449089633997,59.91033640526653
2935,0.0032598835925046663,357.3666418629465
2936,0.002862762093207913,106.41197476902943
2937,0.003321884835353582,139.7388200682728
2938,0.002003407457033807,46.18541890519747
2939,0.0034677069676998895,365.6296755112346
2940,0.0023959967367187286,62.83893343446583
2941,0.002998465646913661,149.24911739529364
2942,0.0029161782321921845,362.4184697501232
2943,0.002254497459634689,193.58094063040232
2944,0.0025342057734461204,76.89934993912964
2945,0.00367415771274707,31.445503473210838
2946,0.0034705862572819396,72.63830406915689
2947,0.002394797684308102,65.37159329823533
2948,0.0026884419909394414,193.33443178869706
2949,0.002714941033935667,103.3863561432288
2950,0.0033515398892533894,78.83510621759554
2951,0.0028198619547066092,111.06441341942971
2952,0.007287064023361289,58.02976006559607
2953,0.0036128360404510547,32.66404365385383
2954,0.0051881531549392654,110.06867249676117
2955,0.003572755762396594,184.39833715605556
2956,0.004191388462624507,48.67435941394385
2957,0.003041266088859692,30.175119023846502
2958,0.0055235438121599145,102.41186398514017
2959,0.003722203674476471,355.8121454907356
2960,0.0026377826657566898,48.23242814065597
2961,0.002404449297547078,65.33085012782998
2962,0.003063327294089696,276.3322039223404
2963,0.002888444021664327,357.24224791782757
2964,0.003615027359777854,189.4423855549897
2965,0.0023917889269368434,365.7452482367013
2966,0.002833906690078216,192.73468132831653
2967,0.0027218157296915336,75.30462462577837
2968,0.0035399215812995447,77.23441133797475
2969,0.0028970053115830825,193.9120830348904
2970,0.003913248334356467,106.46798621202349
2971,0.0028152605403211177,148.42998810724256
2972,0.0035382502089235527,108.19927661274295
2973,0.005663109244276962,29.695795597056073
2974,0.0032354496222025656,349.4441121304526
2975,0.0029038243185672604,358.67272152648616
2976,0.004774899510281965,65.45261711102211
2977,0.003651734545332447,193.15274261653914
2978,0.0034278083435925213,78.29146209614723
2979,0.003051261994398732,272.50563162371884
2980,0.003874175473803485,59.08183880399949
2981,0.003312354701847653,50.42807297532512
2982,0.0032754843087365692,147.9866956625807
2983,0.003314246605390201,273.218011824441
2984,0.0013871253099365522,62.8015090355228
2985,0.003575879135216662,110.37596370565798
2986,0.004765493593028731,63.708318454933824
2987,0.003458858515002178,108.773604957983
2988,0.0032221088070494668,32.702906289012375
2989,0.003842840518834829,153.62982026023093
2990,0.003977507642182582,149.69048727675997
2991,0.0037454649899910483,109.89079305443808
2992,0.0027256128840650834,146.55294879492362
2993,0.006010665149345078,65.36018259575538
2994,0.004384124814454566,146.92628671154668
2995,0.0037140086840901695,47.22180603581733
2996,0.003077075447834889,355.60963244160206
2997,0.0036638944223054354,145.53142963982935
2998,0.002402004319686136,148.97524639132254
2999,0.0018681669346217343,75.18972548901621
3000,0.0029423812993627507,109.76595499448726
3001,0.004052890856655722,104.53994961000828
3002,0.003823655619910553,77.28142580601555
3003,0.0024750025947863066,367.6439933051113
3004,0.0024426447733374617,77.1356022470464
3005,0.0017523243920966368,60.704231157182555
3006,0.0029991550168403745,362.0492830634603
3007,0.0041687397032377305,60.86200461210831
3008,0.0023658228245962243,271.51603290754775
3009,0.0023883873061581844,273.46640004620014
3010,0.001879598924146054,107.70608470448835
3011,0.0012624246825837942,103.60808071446016
3012,0.004654350522945732,30.02251888066707
3013,0.003463933490338421,153.98485299587549
3014,0.0030130128381166753,149.3766791106398
3015,0.0020540967358931767,151.2863535222688
3016,0.0027515284870741337,63.78846991767446
3017,0.0038992351726699634,76.74083744065973
3018,0.0026702320457143236,357.2339246723074
3019,0.0025909065550820875,194.28604770048588
3020,0.0028358310875236745,149.4709114520057
3021,0.0024950358149061656,30.505551629687172
3022,0.0031467027939387745,48.21027758996839
3023,0.003448464336333228,106.1776210891286
3024,0.003677397345619773,109.94086097122538
3025,0.002595793430704031,50.47837322688985
3026,0.0042213528583736415,50.194396826673554
3027,0.005010909813119492,150.81466500133564
3028,0.004053560649583847,276.57490811337817
3029,0.003680562358099029,185.37732524147498
3030,0.0036836643313605593,192.13405445700627
3031,0.0034197447091803322,102.93146418039592
3032,0.004049129150415249,146.79523692714974
3033,0.0026614454276237998,366.11082819847223
3034,0.0019076340160264973,75.56053790196162
3035,0.002026729090438121,148.59090054577342
3036,0.0027829713815406758,148.15704724549843
3037,0.002866910121248743,62.9909235035151
3038,0.0039295061515951185,109.90441911652263
3039,0.0026444667373361104,365.8714523831522
3040,0.00242929861344558,360.3086624292079
3041,0.003646650131781211,80.01060480970628
3042,0.003194233823623191,46.74399007671005
3043,0.00441652243667655,80.09861999232513
3044,0.00392584214794875,29.06959924083761
3045,0.0036050929866271956,189.68207813609413
3046,0.002627737738569355,271.6350515627711
3047,0.0029076105708484715,109.59706986554023
3048,0.002763304580691239,189.67888663261587
3049,0.0026904583035522035,361.88816502728145
3050,0.0021968419288147262,357.7236457697325
3051,0.0019505081553801312,193.82371805149555
3052,0.0016141994882590052,279.8243845796737
3053,0.003039054238625623,75.85036402297582
3054,0.0013395219798853345,49.76510867482262
3055,0.0018727735024325599,106.80403016859546
3056,0.003001613900680142,76.3565298354891
3057,0.003779523883638141,33.2235240714421
3058,0.003264400675768477,46.26839038846952
3059,0.0036514115764393036,48.1150018273236
3060,0.006605977115245408,31.14404241198736
3061,0.003937858313920643,271.245327404765
3062,0.004806512251199256,31.911933861482957
3063,0.0033966702394536696,31.30569027755927
3064,0.003934525148952932,60.360912177149594
3065,0.009422394823394081,48.20489818906382
3066,0.00498540390615618,360.1261200939419
3067,0.003497333489588912,148.50958266426994
3068,0.003411526900754568,366.5806273910108
3069,0.004603153271533744,76.47476499824486
3070,0.003060082970653009,110.72038770265871
3071,0.002826300825922942,362.6272323705295
3072,0.0014992455957822544,49.26069959538866
3073,0.0026140290015763848,102.8400924960539
3074,0.0017553481158192254,31.711621235451492
3075,0.0025500894116353614,100.66832625580663
3076,0.00280122738530108,275.9244581636964
3077,0.005305912613700705,50.05686688275195
3078,0.0035258697789686266,101.44964703696097
3079,0.00443013011857241,33.253944970416875
3080,0.003295161583111699,353.8833283293235
3081,0.005063655608840211,75.10741014415744
3082,0.004751711893265098,79.12367343288608
3083,0.0025249131707322046,29.80496796199696
3084,0.0036048520092264425,360.69228550535126
3085,0.00494094126293805,30.757287449924654
3086,0.0025945185562563956,268.7253648782865
3087,0.003683149626967989,273.9593335231188
3088,0.002514593654324795,189.40874559903736
3089,0.004044112657068361,33.05509316696313
3090,0.004556045166199593,47.758579273050735
3091,0.003019796799807492,47.49519994358139
3092,0.0030189953440326617,31.92290913733059
3093,0.004397104264687703,74.76747467873929
3094,0.003992466933386123,108.91272736874564
3095,0.004242467312492822,48.69492236414816
3096,0.0033825169820246685,147.60583931705574
3097,0.003683452208530401,43.62964731878133
3098,0.007674318815671458,46.207971027056296
3099,0.006578036279109765,60.952287729143514
3100,0.006457870580396213,48.79367765264717
3101,0.005506382859174344,78.47306084557316
3102,0.003994276217183399,143.91702802529423
3103,0.0071766446997736984,46.2522734314773
3104,0.0067220384632908125,62.059002225431605
3105,0.00551613807133951,190.0376327595677
3106,0.0039815287300187865,148.72192822055246
3107,0.005885331837566657,151.38346888006552
3108,0.00655226488448239,80.06033727602676
3109,0.00395360122861412,271.4114096177754
3110,0.003992688574079321,153.2737338603117
3111,0.0032305248730069448,190.24306118853931
3112,0.0031069960666851764,278.58247399162974
3113,0.0027852924195781036,191.93752261416833
3114,0.003947177465389276,46.37566030831846
3115,0.003430832324677691,149.14933848032751
3116,0.003422986269552811,48.307897021271046
3117,0.0035894294584468914,63.41072032958476
3118,0.0023470673346041348,151.03465541598047
3119,0.004083275553337164,105.69933752610316
3120,0.003746427660852363,60.98230495329275
3121,0.004107266982639979,32.73928850901175
3122,0.0032550622239488776,279.3439642436882
3123,0.0034392143415533354,360.4460920586397
3124,0.002115445198889297,63.80516641656679
3125,0.0029342693750666073,152.94636899294616
3126,0.0032121724492412034,152.02754049298994
3127,0.0027285986402694716,156.52336150396167
3128,0.002204278315404473,358.7009439637147
3129,0.002840860354312595,47.696064222867456
3130,0.0026300397422333766,279.79028339941414
3131,0.0020994785260797667,195.87753253570142
3132,0.0027133887674374154,188.43222125151127
3133,0.002764932193633969,149.7143482750746
3134,0.0017039957094459317,78.86905242153716
3135,0.0021212588924093075,45.31794841719782
3136,0.0026593821170497194,361.85569124793847
3137,0.0024433663130482056,278.5666156235012
3138,0.002646237075816193,58.66754072208926
3139,0.002345541543907299,275.7031229722725
3140,0.002943423269646658,145.93597247831903
3141,0.003378525231557628,151.57398564794502
3142,0.0018616065141965944,76.92539522869926
3143,0.0025129870659489264,104.76255313355351
3144,0.0028097548563643863,47.54365543273626
3145,0.002196269338282049,274.75712457478323
3146,0.003061889125279945,183.73327144938096
3147,0.004096176677963159,194.04539233189988
3148,0.003354127771812133,105.10357142296535
3149,0.003348460497032978,49.426732060580775
3150,0.003022014878591966,281.23220746460566
3151,0.0028764269666483873,193.67080800065438
3152,0.0027541808011151527,362.0924291195104
3153,0.0017993258197048607,109.745207360259
3154,0.0021286482929099293,110.55182713025748
3155,0.0018525717120634934,79.43305928739395
3156,0.0018714167588583777,65.12955991289724
3157,0.0023002353287124976,76.41302606557085
3158,0.0029483633519139657,271.38980081346676
3159,0.003147200541095122,360.5436534391258
3160,0.0032570511950701796,29.326451500018262
3161,0.003849527349826777,62.800761592431314
3162,0.0018487110451826732,65.54539294099564
3163,0.0021998111341098273,78.17780230105375
3164,0.004015095243615225,60.64681324041933
3165,0.0035342576878834874,109.13826342116378
3166,0.0037910068397542414,61.751344097292964
3167,0.004696307422155105,76.17046915053638
3168,0.004410585033418521,107.6713277958063
3169,0.0044873513243940105,153.0026050767442
3170,0.0036636475777133736,104.79764217437024
3171,0.003971629052287781,62.047463424133674
3172,0.004386944988006938,47.985055437380396
3173,0.003969337504295746,77.18538717628147
3174,0.004271445010255609,45.448539572331526
3175,0.0050197899831330465,31.19019640372826
3176,0.00640039357145921,77.27176828674077
3177,0.005801396359753742,190.3867518027171
3178,0.005412033229392472,60.778218333638314
3179,0.005916815582333418,47.27505114075342
3180,0.005848016929331397,105.77922824649858
3181,0.005061181806332129,196.5063840467547
3182,0.003919690655224463,278.042821385603
3183,0.002866127762930681,62.73624038028211
3184,0.0023726888253308557,47.35487741627694
3185,0.005758738781570189,60.43241847306392
3186,0.0056434599184947065,49.09040883912693
3187,0.004165579732846079,103.88839742447284
3188,0.00719271874374405,31.492692937079234
3189,0.0036253052415056368,47.88090735385926
3190,0.004548329353203498,354.08677284776513
3191,0.0035654115611962714,153.03043954550986
3192,0.0033211556396383836,152.74945779655783
3193,0.004316532358301775,149.50437935569997
3194,0.005252392245966382,146.43555202577483
3195,0.0056519531533891585,61.72554228203349
3196,0.005135003882781442,30.678329781989607
3197,0.005117767841659008,76.78763597010348
3198,0.004307644184714712,272.99907658047823
3199,0.003184889372062309,59.91307881554001
3200,0.003248334401337395,194.20827640892236
3201,0.0031693128486071586,32.340226548498514
3202,0.0032658608550801185,151.57976438231492
3203,0.0029952198600120728,356.35802800793084
3204,0.004755109185928383,50.512114263639525
3205,0.0033817787850876388,360.87774655352007
3206,0.003134406730393878,191.79344896123817
3207,0.002020556662046147,106.55679799570974
3208,0.0028820644026548597,281.19887574360484
3209,0.0024017696537920463,150.6886090741351
3210,0.002064503598332405,362.5489428905205
3211,0.001796143371308099,145.5854367607081
3212,0.002091698457392975,148.02495637867142
3213,0.002256177051551889,361.59772907969534
3214,0.0018765406872592973,50.74652520178536
3215,0.0027266705229643793,194.78563047805605
3216,0.00386551407440092,60.61439583557218
3217,0.0030412087046364643,30.880678544552207
3218,0.003447527454558109,44.206288361791394
3219,0.004778854184701617,60.898230455568694
3220,0.0037428629263568207,194.99061094849685
3221,0.005400451829261548,31.870906420875794
3222,0.0034557436971301716,193.3865591928549
3223,0.0027920129864328702,191.94627466275065
3224,0.006025065903899799,44.76068175431092
3225,0.0034786028416670762,29.716722004743684
3226,0.0031136974826271612,62.24169671509184
3227,0.0033003632426771706,150.192190928662
3228,0.003678058172149066,365.7749714796781
3229,0.005365744087612256,49.521990522225934
3230,0.003178784629049052,189.5271268314856
3231,0.0033810100847147732,150.5974508837847
3232,0.0026387032453257376,275.98778222490176
3233,0.004355870189916961,31.144092993514725
3234,0.0027452860582785877,79.22283998944451
3235,0.0035970117509107145,272.1001599453278
3236,0.0022357391705001423,191.63435840107562
3237,0.002979886309094095,361.5910278592551
3238,0.0021484692991869804,150.0208058745436
3239,0.002744147701146145,150.90236251947098
3240,0.00223490110535774,77.68447026671831
3241,0.0022337157925821057,49.487469688850624
3242,0.0020803836546316903,360.8642384153643
3243,0.0017982120614610769,191.69114771755375
3244,0.0019064129801685899,108.96970136966006
3245,0.0024035178658618627,184.8350762970779
3246,0.0018147375258963684,276.4406192411712
3247,0.002191537707320504,279.97594407320275
3248,0.0014260193587441621,61.662166186711424
3249,0.002364659904322672,106.22131475632932
3250,0.0012886147514077962,33.206312458360564
3251,0.0017457127323723398,46.72591949390686
3252,0.0016197240746173597,63.80757261637263
3253,0.004149899242201472,149.42470722342188
3254,0.0035672805540623532,110.38095486436899
3255,0.0029140093151832167,63.46932111964808
3256,0.0037424602491689294,273.3470136966024
3257,0.003346957863962824,33.243277451819
3258,0.0038762846346619717,275.09627290742213
3259,0.004247624787633351,77.33116495348776
3260,0.005155013313593703,48.62434242258915
3261,0.0043796750910923155,156.73111469420954
3262,0.004506007615042296,33.208812556985144
3263,0.004375625806735859,275.64485628011613
3264,0.00395373357755959,32.831581790443046
3265,0.003530599591457646,362.19263209794633
3266,0.004048951507929115,108.99448617052673
3267,0.0036931468894181307,46.78925715448544
3268,0.003381126249131107,62.04414759523854
3269,0.004860124803227835,273.3814362712577
3270,0.004017938241965815,48.50906243865991
3271,0.0045945970369927125,61.68409182139132
3272,0.006050724537783673,62.5336990569088
3273,0.004277483426424599,78.51461717535193
3274,0.003822420587545534,362.38726322799795
3275,0.0038174642033413997,352.5163482407545
3276,0.0036409136149629187,358.19218104453245
3277,0.0026947105412147266,352.1376343213267
3278,0.002395651406427751,364.7100531249013
3279,0.0012648432117603695,62.39183472963692
3280,0.001984291781498285,155.00402753999958
3281,0.0021525131245862914,103.45270938580423
3282,0.0029802997192721844,149.03938948626313
3283,0.0032674731171693527,193.41439557297824
3284,0.004551653955245824,77.4871676180322
3285,0.002765413788267397,153.55963483846043
3286,0.002569827384716736,281.03500993128335
3287,0.0032655045962828935,278.5557550922749
3288,0.0023170186247792207,279.88284467486864
3289,0.003170043105910736,108.10962977742017
3290,0.0027746784774002474,31.72037361722749
3291,0.0031026951254926436,111.70246035392785
3292,0.0022971385480952842,76.58866160632368
3293,0.0030169981135671703,193.25790382094914
3294,0.0025328482153115697,276.95549702664283
3295,0.0034150131906734225,110.95438620833539
3296,0.0024121069128210013,360.01555717047177
3297,0.002947392399689236,108.52953087187534
3298,0.0037360349096371257,106.73795921962079
3299,0.003945433122541961,59.124725763791986
3300,0.002082837981771053,107.53785752993788
3301,0.002118447618102894,361.82354685582726
3302,0.0031794268997563865,79.65312448511514
3303,0.0027614823790419653,30.668595898158557
3304,0.0027503578699888185,191.2888959742124
3305,0.002961619722834887,110.39778364894443
3306,0.0022421920182089457,46.56595746842722
3307,0.002769663646345695,196.23759947032727
3308,0.005316181040391463,51.08690135231925
3309,0.0036241693613961756,107.2473257242954
3310,0.003875483665697831,195.30310966037564
3311,0.003589280206374527,154.58906624386657
3312,0.0023965622006201287,79.00541928261656
3313,0.004564636263589468,104.65191202220205
3314,0.004335005928691158,151.71472572842924
3315,0.003765120976606988,63.3329212572496
3316,0.0035974260446674238,280.4817696458172
3317,0.004536087494391093,106.0434713107322
3318,0.004248670091958327,110.0799353791577
3319,0.00228165503534095,32.50962986267053
3320,0.003093961050829173,46.74662899356496
3321,0.005261876413184124,75.83081313932733
3322,0.004424693157057639,187.21571314185877
3323,0.004886111080948566,75.33606125259462
3324,0.005093998351969339,32.809965192884086
3325,0.004181846701698268,153.54251489088466
3326,0.0025544830276141347,48.38028579239633
3327,0.004601429266491825,33.476348878801666
3328,0.004226601897993104,355.9253595886647
3329,0.004398869103144381,270.58010668458815
3330,0.003769907155436578,106.98472499352074
3331,0.002814793063923905,76.43060380970161
3332,0.002713342340023963,147.5321917558578
3333,0.0034817032588552346,106.46276621453966
3334,0.003202506547379456,152.0291744680745
3335,0.006655701396210071,33.79642288512421
3336,0.0031608049316288337,59.82743164351898
3337,0.004144755194654583,107.65704905395904
3338,0.0037655027148363073,110.14621572102392
3339,0.003235341459086075,44.450930517105995
3340,0.003984815373368585,63.94635389914989
3341,0.00327207772907213,61.44338964091664
3342,0.003437164270177494,46.01103599115593
3343,0.0027713726260778708,48.04485142142718
3344,0.004782125864116775,59.733853772072266
3345,0.005750751817309907,31.667078118319697
3346,0.0035777111200322627,192.9991110245706
3347,0.004132628042498254,47.54996557480326
3348,0.004867060932137412,198.388858223656
3349,0.003865186729416774,109.51482622879227
3350,0.004296402504787437,280.4359770630749
3351,0.0061001255946228575,48.03762262148901
3352,0.003781767571773716,146.58906246142595
3353,0.00385379549924706,277.7389944398915
3354,0.0032591659739559828,191.5988235535899
3355,0.002130401109937528,352.2888753873365
3356,0.001300352732850462,193.61329302150344
3357,0.0018006066406382455,76.6563593760545
3358,0.0023666304562022953,79.99721988525069
3359,0.002461499826263901,64.47864639410147
3360,0.0018352893920320999,279.2087480572684
3361,0.0016236469586531782,110.08070240404712
3362,0.0035976699868554315,33.68117184965058
3363,0.003768804575025877,280.60743167646604
3364,0.0029339792477353164,108.76736944095597
3365,0.003091214061282084,77.90019102592568
3366,0.003507832620910495,62.606278359293015
3367,0.00245782356093762,47.96051754084048
3368,0.0033092104649030435,79.62788091501658
3369,0.0035103833697926,106.06902318422291
3370,0.0041500682373042455,155.06090838907554
3371,0.003751414801883302,278.86194449190197
3372,0.004722537690563163,105.54122827601208
3373,0.002976613190247886,33.12941431215849
3374,0.0051374673065276094,111.00453076735934
3375,0.0033551942254015214,31.217931029362923
3376,0.004651337836184148,361.9300304002271
3377,0.00408867421080278,32.51670334098934
3378,0.003948290851090301,109.79518694120668
3379,0.003972505454436168,362.09139244189345
3380,0.003966972265731886,190.7164902523701
3381,0.0056401595217581086,155.115210333986
3382,0.003342198267399024,277.9810070958099
3383,0.003140947935819965,109.19379373113539
3384,0.0031290385988132405,357.4069135891331
3385,0.0026487247925993966,155.21191557040603
3386,0.003278361366236084,153.00862148801997
3387,0.0033479059965722657,64.15364274288393
3388,0.0031005126946659846,150.85407681170807
3389,0.0030296243679773537,109.10449059258532
3390,0.004144125412494759,49.07609267944529
3391,0.002464532373918561,104.49924572838663
3392,0.0028601513725552137,273.0853223983924
3393,0.0027724103099749345,191.3917883709149
3394,0.003185892825274357,62.55666471039663
3395,0.003652660313435394,193.09292602196035
3396,0.003146673127195902,79.48373510270596
3397,0.0033113923859626497,192.32812876749938
3398,0.0033852022114769097,76.84678764576378
3399,0.0028675326968075616,153.92704133206996
3400,0.002934441193861909,274.9212302390126
3401,0.004298561300872233,63.919703098250146
3402,0.0029552243299804104,106.88909461565964
3403,0.004884886412058292,109.8099314837752
3404,0.0028095992012284526,280.43911977464995
3405,0.00218748472292008,200.2246299418798
3406,0.002718038062951582,146.46722526933354
3407,0.0020454674021576384,46.0522762273294
3408,0.001572445986774687,65.37808940301211
3409,0.004866674571181088,106.93995940107274
3410,0.0023727626429033465,195.4289281074383
3411,0.0036497554980179934,61.131544251394246
3412,0.00527327667153039,31.82079826328461
3413,0.0026007178244651717,148.89361378245795
3414,0.00307964267829613,362.66325763059126
3415,0.002139040276564298,47.20113673341827
3416,0.003145372755030761,111.54806295809438
3417,0.00477230302721298,154.41587277017013
3418,0.0021786882073435913,50.16165493634039
3419,0.003204978601791753,191.74631278774999
3420,0.0029109488898739753,365.04379110837124
3421,0.0023249254982293157,359.8280285815689
3422,0.0029580421030521,77.48905989522257
3423,0.002378689570268134,32.472216533967526
3424,0.002504378695693259,106.568359161862
3425,0.003121603900858722,61.55853282108527
3426,0.0030040770899346573,60.949540350021934
3427,0.0027052229822358523,364.52839558863025
3428,0.004013227268148774,62.79666872633086
3429,0.002349917368174547,31.082651467667464
3430,0.003067271535655891,191.6050453050637
3431,0.004608947479358572,47.073853877116264
3432,0.003028811531707602,47.51497473920555
3433,0.0043072818662039936,31.197042257854598
3434,0.004351845790134158,78.48936812511995
3435,0.004291964082179167,367.27217282664185
3436,0.0038362473602783272,149.9333868113336
3437,0.0035233927193149685,77.34740139824619
3438,0.004024817794253557,104.174412926977
3439,0.003422634197265544,33.45315848813178
3440,0.003591306512470626,151.39620466832176
3441,0.00503517349037653,104.30705912303262
3442,0.004404801972734426,187.39627412764102
3443,0.003442427031483565,190.5178522357829
3444,0.0035661204189744826,62.441283030168265
3445,0.0024840795517425598,110.6169273893528
3446,0.0031337089604383406,61.27043643352388
3447,0.0031991063346217294,280.2740023137982
3448,0.0033054180134554786,50.0733059269938
3449,0.004208513993283056,50.029389439036464
3450,0.004077220893994078,279.56116902875385
3451,0.003214458820856145,111.07111633994334
3452,0.0034716590296554033,62.72789899989615
3453,0.0037577753678768224,360.13550347135924
3454,0.0029363531736980512,366.9713163404323
3455,0.0029863168879967553,62.80752510216078
3456,0.0045676235944082984,61.4834062209086
3457,0.004651912438283157,62.597577926298044
3458,0.0027496740304488094,194.54134847189889
3459,0.003397642680252922,63.07278773175322
3460,0.0019261096674419041,30.51325838896635
3461,0.0032436313095304103,148.76119773043598
3462,0.002265146403337663,65.49309232882815
3463,0.0038544953336371443,63.157584037276735
3464,0.003099660523181204,153.21207354952602
3465,0.0033992278792642624,153.58786897636958
3466,0.003678464531398097,281.62294111385773
3467,0.003048705334363853,273.0504527570828
3468,0.00233242669679692,279.2231612385714
3469,0.0025172042548192775,62.3745994883244
3470,0.0030514667099082616,364.83412910965626
3471,0.0013748304611269574,75.17805980831355
3472,0.0024927256266799582,64.01829420682621
3473,0.0037218010849707126,149.55850862854078
3474,0.0027790411013170497,30.586990463981635
3475,0.0046384753731300325,49.16155056778599
3476,0.0028632195831658873,364.66193520842097
3477,0.003087110679845796,363.53751791475304
3478,0.0033274719209093117,29.54054110230784
3479,0.0032186750658655654,359.64907306330576
3480,0.004152569452509686,46.132241470316885
3481,0.0034694562883656947,61.49853455827473
3482,0.0022721081592395865,74.1214037193261
3483,0.002576080312213559,362.82301767281956
3484,0.002190023654049941,278.4175576501635
3485,0.003814096814263178,59.15483115727247
3486,0.0023288629677567355,360.0702931049719
3487,0.0026553845052565183,62.21547240234548
3488,0.003063954819161744,75.63096974810685
3489,0.0031436868354784704,64.41399682468085
3490,0.0025970274133403017,32.83958805762204
3491,0.00309429962284809,277.1249719982435
3492,0.0029702835001278963,45.36637437946891
3493,0.005038090357285566,78.79378015752945
3494,0.0030853934949846007,30.65115607698309
3495,0.004308770081393996,147.85270139512448
3496,0.003695249292202509,110.04688366941086
3497,0.0035099344318932145,191.01681831128406
3498,0.0038045865093826667,73.8519905978619
3499,0.0022796795398382277,32.09290557480469
3500,0.004124314769643193,271.1763944817595
3501,0.004751578244477886,45.07046198381353
3502,0.002847559871835672,364.25346321220854
3503,0.003328057574520047,194.95114781165427
3504,0.0028055999752144667,47.44996416381705
3505,0.003615049859770527,112.92428797773668
3506,0.004637578989535667,31.881975037540226
3507,0.003068059306238404,284.0224808144678
3508,0.002663248147528941,365.61775910508635
3509,0.004566502407215012,110.2875224955081
3510,0.0022911989659574433,187.5607842377805
3511,0.0026020949031385176,277.90157953457407
3512,0.0018239718323317133,106.67022533200928
3513,0.002067701963617517,47.932198501527054
3514,0.0023279839955917215,150.11391390062445
3515,0.001897066714036555,106.79134145202603
3516,0.00376052812640348,66.3742811506867
3517,0.002964586453143532,149.90899538793894
3518,0.0011960974642816241,31.19211323905685
3519,0.0027429725914071943,113.23379241556732
3520,0.003427309662302579,191.28154288560629
3521,0.0031509444163187344,274.4448704273394
3522,0.003191952575729669,75.6747964645297
3523,0.0028753086551825454,49.988836501610315
3524,0.004957723355626233,108.22223362497266
3525,0.0037664342315159673,153.86495432202761
3526,0.0034692885881821905,281.4490001094597
3527,0.0032892986862200564,45.918682892335475
3528,0.003325944690121416,361.0100209893738
3529,0.003223227306482798,150.80749857141225
3530,0.0031129602296600823,364.2855299547747
3531,0.001968894753556071,198.0888800589213
3532,0.0031253488515987455,78.62053357495483
3533,0.0032285342630210515,78.00299759960602
3534,0.0033433832951263397,28.287276977328823
3535,0.002940060889655301,44.59620388374531
3536,0.003461654195986669,111.35477543738247
3537,0.0026533946444363787,49.868568460991625
3538,0.003184193594769078,109.05614197340446
3539,0.004337855105552227,76.35526483348909
3540,0.003357537962154336,283.23457596759175
3541,0.002589482300742208,31.08861773712443
3542,0.003151389219849519,152.73168563618086
3543,0.004193527985056118,364.51643204295203
3544,0.004424232558168365,151.2252195321168
3545,0.00382163173718744,106.2361698512184
3546,0.0030142020406086745,105.08781678383068
3547,0.002648896625674645,364.07768474735934
3548,0.0027863111458268602,359.6438370700214
3549,0.002630019368139487,48.75026273674939
3550,0.00307127559192184,197.15313866230855
3551,0.004298136533556129,33.4525405004122
3552,0.0031380049816082623,79.4978922348313
3553,0.0035058538411224757,149.5860120992284
3554,0.002981946176864644,78.44165835925895
3555,0.0033039116681938536,281.7524889645505
3556,0.004210297052407908,79.25981447230443
3557,0.003469465375579043,109.40835358482424
3558,0.0032013053880791936,150.17929058428768
3559,0.0032534858915747003,280.19699001328513
3560,0.003435641023259581,196.98683052988517
3561,0.002637431477909312,62.78736980792716
3562,0.00222150000031847,371.4195399984025
3563,0.002206711316586319,153.89095856953605
3564,0.0021970705645970082,152.61355345304025
3565,0.0023029166129629967,359.50205078716067
3566,0.0021736604652987713,193.33139577547877
3567,0.0015794710153026268,152.47737843691868
3568,0.0019432940241784417,155.33065987603322
3569,0.002831566635537596,110.13515946475141
3570,0.001891929129500167,64.20860849367858
3571,0.002879286334808223,49.540817481723586
3572,0.003567394488293092,191.17587614519897
3573,0.0025753670760407703,63.92506590618503
3574,0.0029781147061210224,110.86882833315032
3575,0.0029149547833718504,32.483346609712996
3576,0.0033920101931331514,107.5090048742402
3577,0.003834473594121267,47.12009821247606
3578,0.004609122367755107,80.75361563173753
3579,0.0026690524371932385,75.28903780593882
3580,0.005296022625386216,111.04462622835818
3581,0.003288837675476365,78.58644589594948
3582,0.004123095113261794,275.9456088754066
3583,0.004164837713318396,368.1148401502805
3584,0.003609529948614811,107.91846484041278
3585,0.0016682510342773532,64.60455983002015
3586,0.003847572944616362,63.88457767800597
3587,0.003252754838593344,280.7756709003883
3588,0.002714172090113484,75.93948406216813
3589,0.0029357622596098035,109.14310203423723
3590,0.0033781447974465194,31.650499068346576
3591,0.0038398176346957588,284.54930716356637
3592,0.0023381284492960727,153.0070413282539
3593,0.0032663913603361845,194.8137074191816
3594,0.002307494400971838,33.48623220709027
3595,0.0028173247367455838,48.193152803126885
3596,0.003072602632089221,30.832708132255895
3597,0.004755137185492134,63.99621791832199
3598,0.0037377986017248584,64.54047318198096
3599,0.003162657190635578,189.07547004927432
3600,0.003111463363059078,198.2141583359609
3601,0.003549882552634665,363.4404140903811
3602,0.003238481607744408,147.35026403245323
3603,0.003081912236251468,151.12589901071948
3604,0.0029636404136199725,64.7934311251031
3605,0.0029644619447605114,48.70939370023782
3606,0.0038280633447375857,197.1054080458087
3607,0.0034692289262404138,50.26608671986005
3608,0.0030989955924848223,370.3529510530897
3609,0.002617253513056914,275.8358622434262
3610,0.00432699609292605,73.8417807669202
3611,0.0031996208892018387,361.4903175698829
3612,0.003981949996459568,196.0191380347963
3613,0.0029068906442582475,279.83231748717265
3614,0.002375944773805329,196.3784689936627
3615,0.0016706288394649665,29.573048065614422
3616,0.003301515771946052,77.09514903514565
3617,0.0023487129343256405,360.5282174909984
3618,0.002323103250138544,195.29422235211035
3619,0.002085507523019561,361.7410536852924
3620,0.0019652646430560554,280.2068917788551
3621,0.0015359906521703077,196.64978685124908
3622,0.0016574948964726052,148.06365102800387
3623,0.0017859435926871252,104.57988392297948
3624,0.001980387184837375,364.26607840935696
3625,0.0023559007488567997,63.88918064425026
3626,0.002448861260082764,60.47907892796971
3627,0.0023545217000179204,195.79562192585522
3628,0.0021885521174970727,47.56989323928672
3629,0.0026435729819304856,278.1667658356253
3630,0.0028414878199462374,152.2481647736001
3631,0.003979126716161372,63.19129944457361
3632,0.002710953984385181,278.47242263815775
3633,0.0034173774108487783,48.84600067950032
3634,0.002973026974922101,195.30361237906152
3635,0.00455846371192279,82.12600030931827
3636,0.003005111064816505,369.2966640052662
3637,0.0025571670480652475,365.6400215566133
3638,0.002393879917984981,275.8675768843004
3639,0.001936555356499245,287.13664178621553
3640,0.0016923505470575824,193.76148771210114
3641,0.0013148221600457282,197.3264753487097
3642,0.0015617819281341311,65.0310984498883
3643,0.0009105621391704594,60.91941663402981
3644,0.002285159206634566,282.22946285727005
3645,0.0020612238322622856,366.15346255891797
3646,0.0029175082239942577,32.056941441946705
3647,0.001225097694962394,45.59155678962283
3648,0.0025412917979862207,65.41290926853259
3649,0.0032880182966996446,365.49783719291395
3650,0.0027357242919466584,107.1089189138575
3651,0.0031072082468002467,195.55233068133862
3652,0.0020623957496323877,64.44151774665346
3653,0.002396995020970348,365.54520223218213
3654,0.0018506063578400754,65.62115301680416
3655,0.003237417898143923,190.43255005485997
3656,0.0018924602391977667,65.02097248194644
3657,0.0027810256561450536,364.39235331849187
3658,0.0024668120661426947,370.6816038649851
3659,0.0015545588793850662,158.85615693787415
3660,0.002738376487950272,80.80334381741275
3661,0.002791573947760439,285.80638388955794
3662,0.0024617690426767093,63.38074651719611
3663,0.004376219111367452,63.35576644909289
3664,0.0026299179162533157,65.20734802974029
3665,0.0014384401570781008,110.07061468806069
3666,0.002472571529791379,76.1538064513729
3667,0.002798103128242702,370.585669876206
3668,0.0032293365777345357,150.90091029318285
3669,0.0048909044183754555,32.35227481445042
3670,0.00426018403000357,48.359113721875005
3671,0.0030368165898835286,105.95914735133572
3672,0.003843145534466606,199.8292384190725
3673,0.002225982448149368,33.95221736136621
3674,0.004822053958762644,151.26944500254982
3675,0.0055664859125607695,63.55609604368164
3676,0.005526963001004234,79.89082255225863
3677,0.0069065481962999175,64.8421604949798
3678,0.004521126632993547,153.9923802999097
3679,0.004406435826977769,82.15946274208201
3680,0.006011823936895435,33.23146027336999
3681,0.004951845797733311,362.38892110945983
3682,0.0046891302082098935,194.32612450914678
3683,0.0037237790188730567,110.72475321029746
3684,0.004144425066497572,154.37090648861172
3685,0.004624272551714407,109.30896025129864
3686,0.0030425211168003956,278.20935448523375
3687,0.002704959831301584,282.4703924593909
3688,0.00225152364401839,79.86331226378617
3689,0.002072921970435438,62.69689194782527
3690,0.002105301242470702,64.96512834384694
3691,0.003332898104277914,110.2670253219758
3692,0.00437211090445936,31.157487611847667
3693,0.0026186257491196594,277.7641168076771
3694,0.003911878176163677,77.99326264422717
3695,0.004530154097911027,79.71989783799313
3696,0.0038578250022020745,108.7152675052124
3697,0.003402594928244521,197.99470908690836
3698,0.0027978771936845574,47.2927097310387
3699,0.002514206361865945,45.86043580259924
3700,0.0041744667308772805,48.135407573341034
3701,0.0038574098051026217,363.44106235317037
3702,0.003646057312975105,110.50000037713805
3703,0.0031939686026866234,79.8006443325239
3704,0.003947914184457411,48.785503065599194
3705,0.0030999750185934506,32.477830285908055
3706,0.006730514972415139,46.6915709986052
3707,0.006792475835215461,30.039594209332428
3708,0.005216668109410834,49.57048623321345
3709,0.004745669453768642,48.899643064450814
3710,0.005905781763180256,30.233356542411162
3711,0.007617480690583009,31.160645267249386
3712,0.005807952571997483,30.132121847722583
3713,0.005778172369212592,78.28899624429314
3714,0.007154086904603863,193.8986814546697
3715,0.006868788621677841,80.894081979596
3716,0.00571683289711694,78.18871087693084
3717,0.006134507015145121,152.4008187754113
3718,0.004278337459011364,368.3013824506332
3719,0.004769192109320806,275.5322430283703
3720,0.004635578942172062,197.75633825713345
3721,0.002571715342443125,106.35682029681396
3722,0.001909813296010789,286.959186855979
3723,0.002744544180066291,198.4733802083051
3724,0.0019184861364602518,152.71825695396262
3725,0.0038375345807410135,31.75176935704562
3726,0.0037349755437975606,64.45080625201922
3727,0.003037720077873748,369.6350495354903
3728,0.002514763539483493,106.07218172792606
3729,0.003708833346567097,63.28791058835595
3730,0.0028949098141991874,369.2627858445815
3731,0.003874825101574662,64.94526687986425
3732,0.006671955892796114,32.51093989716571
3733,0.00443187548311967,46.5318413158906
3734,0.0028965147342868308,62.9846590726952
3735,0.007454108529004614,32.58740166778311
3736,0.0039524998931950465,79.57171218255658
3737,0.004796803172826963,286.5689408736229
3738,0.002618965428625635,31.921221514144996
3739,0.00487249565701169,31.104205220969146
3740,0.004075113406997843,108.68303681927227
3741,0.005431285817689354,81.5748220808299
3742,0.00456974141667798,192.79661235401161
3743,0.0056062584849080185,193.2464890412865
3744,0.005067375910708136,65.97985064921974
3745,0.0035487257113014825,47.00535080603254
3746,0.005435822753300985,76.59257215009185
3747,0.0060347248112380975,108.95640717035073
3748,0.004720090270814355,154.7761204451275
3749,0.004808990543165115,369.8555835063947
3750,0.0042549482120709916,82.03932782301513
3751,0.0029625831814663454,32.30450029081614
3752,0.004719345380073133,61.97947253291975
3753,0.0043997480123828875,151.99548951955197
3754,0.0035212766207140785,48.96587410052945
3755,0.0032619439482634615,109.44023047852235
3756,0.0034160665958885327,279.93584802573326
3757,0.002659064569714656,282.26941594609764
3758,0.00419284028858923,110.80865466484008
3759,0.004556427361488955,153.7307683793328
3760,0.0031963906111921333,363.01089333567035
3761,0.0019455392091028468,81.91987329355744
3762,0.00209485831716609,366.68085775154367
3763,0.001828165070999323,111.92489260291894
3764,0.003677219505946666,109.81361255376049
3765,0.001340867753449195,47.21544705798368
3766,0.00310736150833271,108.90200957363507
3767,0.0022141822052912123,286.2723888023115
3768,0.0037347810727361695,149.32895036525278
3769,0.0036972945730081577,150.13672528972555
3770,0.002040436875992374,31.364512598115287
3771,0.0028017429257116058,147.8823804215141
3772,0.0036913740763920193,190.72211994003973
3773,0.005533435722017285,50.59388154417195
3774,0.006021184584207762,66.05729585884305
3775,0.0029660594515695956,76.8010840196422
3776,0.0024133979302483756,31.51586651959581
3777,0.0030794150206637956,365.1958292995091
3778,0.0031674634503142955,279.7426821248732
3779,0.0038884342866751954,282.61408365924467
3780,0.004775802316378924,49.48391283829256
3781,0.0021666496348159777,364.3534263898306
3782,0.0018623030325940462,61.702114564551636
3783,0.0031652445795583677,198.51174675890414
3784,0.004748584527124737,65.17441652743561
3785,0.0040640882076036795,83.04611615703689
3786,0.00197843303486969,111.0457465316732
3787,0.003355410406218596,194.50484562235567
3788,0.0037005807423436355,111.83047788444429
3789,0.002705548552185833,288.4132043305405
3790,0.0041125179633200865,80.27793050133441
3791,0.003384002010516147,155.14624057768796
3792,0.0042906172171130715,30.872884761987326
3793,0.0035114678742909997,32.761045333770326
3794,0.004496962359739178,284.7625567428455
3795,0.005978585075354204,30.229466176004088
3796,0.0031773531944365684,369.5370176550865
3797,0.002309140751339538,111.66194565031533
3798,0.0032110038592344206,202.11775529399068
3799,0.0021321785122489605,64.50566396842845
3800,0.002530617852181453,32.69308926992423
3801,0.004049465169225949,80.86052032945427
3802,0.003549079569199524,196.16556294014939
3803,0.00149440775937164,63.5703105823965
3804,0.0035653815573689234,156.31454343121146
3805,0.002812500008563877,197.31226941717335
3806,0.0022645135990031345,201.6112596861597
3807,0.00511099776887367,33.688713432275364
3808,0.0034696998489545713,50.47781296185073
3809,0.0036837434427351833,196.8605355688431
3810,0.003097385812875943,32.512764484505446
3811,0.005953697543912406,32.5989079272674
3812,0.005144135398536905,51.81413572227241
3813,0.0027496112831034802,47.3149936776439
3814,0.004050891924199392,277.17755144178915
3815,0.0035925862670213777,73.85178659737866
3816,0.005336725257252142,77.94356513728788
3817,0.004615765116036481,192.09794592761662
3818,0.0038060737535732226,196.82098665964608
3819,0.00460905594596065,107.40600094099719
3820,0.005670194140923111,112.07435318457712
3821,0.004121813733770698,109.63190494734673
3822,0.004223192411291471,153.16339522257707
3823,0.0037188731998006965,78.85582727063252
3824,0.00284226842665357,284.635302129177
3825,0.002774489427268306,107.17372721409237
3826,0.0016139921729223766,287.65475933220665
3827,0.0030260820972630013,48.680483159225744
3828,0.002379623332817962,367.8912355521019
3829,0.0028922229058147243,283.6619883744004
3830,0.002676101066485624,156.0526477717739
3831,0.0031289021728483375,63.589781490914646
3832,0.003250674250011798,64.63825691541973
3833,0.0031735239634564584,110.31044622928452
3834,0.0038025635864402363,79.59687211208282
3835,0.0020511512057405177,109.78854688013051
3836,0.004873905648869718,111.16081342725431
3837,0.004383267496450571,77.84092450885461
3838,0.003507984529566694,286.4499230412566
3839,0.00398015290168479,63.01076638925208
3840,0.0030961845359097177,78.51455810279532
3841,0.0034078362820429008,369.95751302880296
3842,0.0038717564499258237,64.93880204535802
3843,0.0035040625970450857,150.4426059751332
3844,0.004496465160103734,64.42340488164791
3845,0.00404479146643028,104.98002562305186
3846,0.0036491407915778323,148.2850517320775
3847,0.003084197019948292,152.89506580689576
3848,0.004987150548976357,33.00537140728763
3849,0.0037107356956860797,195.41041848622703
3850,0.00453845211500875,192.04936314158942
3851,0.0041322319150406085,65.37943228908775
3852,0.0033378667114016413,64.1765216122683
3853,0.0029002243795115943,75.94805786023703
3854,0.004779445857058965,82.07682086416611
3855,0.005181940051025359,76.34113252490322
3856,0.00474240171054073,77.7684493350582
3857,0.0037793817272039312,78.81262888573701
3858,0.004799834486887103,364.89165421476156
3859,0.004755026373684288,195.2661340605517
3860,0.0026726589426759565,31.465495319813364
3861,0.005340964533141972,61.972973871598775
3862,0.005891327082141428,113.19976504021923
3863,0.004671080215442858,106.06524653258703
3864,0.0018190779608567968,32.65895988028154
3865,0.0044896225811236826,63.230344855048756
3866,0.005823823528110303,45.85134172125748
3867,0.005078260865378648,48.413218895557584
3868,0.0061027673949927514,63.627944956646374
3869,0.004350313031200376,77.4610540303823
3870,0.0049008095558894784,82.99264951031478
3871,0.0040170710570041806,150.3795704313208
3872,0.004371425965351572,193.28171347830377
3873,0.004299539918152965,367.3743405567083
3874,0.004780182283866452,31.477493778747967
3875,0.004468309805226557,286.48660453821265
3876,0.0022903349720418483,374.70178371578913
3877,0.0017494287358485307,200.43369764724957
3878,0.0011792007636498825,110.63418631284388
3879,0.002689656175142283,109.82465754699523
3880,0.0025306612293975305,367.96485594032373
3881,0.002333532694074603,371.8720527535565
3882,0.0018852013427115791,194.02804154899783
3883,0.001761834039409562,61.282592850888165
3884,0.0025448413587021196,155.05732793622215
3885,0.0016274611995239616,157.24524483492974
3886,0.0026757977021379,108.18460689135625
3887,0.003048347427850495,194.03387586655631
3888,0.0022737461592858043,64.8658218738737
3889,0.0019379264992292996,153.35568267692517
3890,0.0015955454502422442,65.52587395276358
3891,0.0035000966348200783,78.61695301154361
3892,0.003412439258126897,65.15478056163778
3893,0.002970966644148517,369.2892666225394
3894,0.005913044608598161,59.93588673563416
3895,0.0028016260372348534,285.3503571709442
3896,0.004142353891686732,49.5363554608901
3897,0.002756846647819409,49.8092953151726
3898,0.006687903631245717,49.08841466982383
3899,0.003976318375312961,154.1673894153643
3900,0.005349865295635215,30.844988745611865
3901,0.0029998660869955166,373.5589026644284
3902,0.002909583267386758,197.69871761911213
3903,0.0018778583052934804,276.02886676805906
3904,0.0016624858380870963,193.99048329963665
3905,0.0017703262354598977,284.2453475816498
3906,0.0016780217545345403,151.32387452831406
3907,0.0011205605701020845,48.14217781747914
3908,0.0021345763807157463,80.15192780836388
3909,0.0050470993940915174,30.27896338991079
3910,0.0026389167086791837,362.8462471830679
3911,0.0018609127378939857,46.159991570057265
3912,0.002738304681205873,34.390767825371725
3913,0.0028144433106883134,47.468260113870315
3914,0.003260699939161706,373.8147135955241
3915,0.002877479246955649,63.26589034815083
3916,0.0029615552112495776,369.62652119294324
3917,0.002420602313370011,146.9595548267241
3918,0.0024513050495618255,364.820767358538
3919,0.0030895245841308897,32.251131223982966
3920,0.0014628768241677522,372.14429335075715
3921,0.0024345518830995315,82.85564761358101
3922,0.003958392927013567,108.67819117237183
3923,0.0037443394248839468,66.17358943729663
3924,0.002683934655635181,198.55580240449032
3925,0.002463145196674573,152.98630587613664
3926,0.0026385002367872294,62.624316166904485
3927,0.0012069860028637218,112.23970281218102
3928,0.003204665150979978,366.1274322960066
3929,0.004011003704280566,48.227956241096656
3930,0.0016398448046317552,64.33623429454147
3931,0.003770344043958292,371.0536964400042
3932,0.00302242926064652,286.167309154915
3933,0.003970008847790478,111.86603613386984
3934,0.003058293701676713,154.48868860280825
3935,0.002754798054218974,111.75808619704156
3936,0.0028844392257541557,192.31031450423595
3937,0.0021646288341644784,66.91571059549389
3938,0.0023155188920732065,60.764474161560926
3939,0.0021949046912678486,48.89040646924815
3940,0.0018521851905423088,280.12301598526636
3941,0.0030223648463631857,284.2893099373865
3942,0.004018674909192751,50.03951645385937
3943,0.0036176073887366285,156.33063517739996
3944,0.003977738696865114,274.07696146628814
3945,0.0032803356382412286,61.05708017789054
3946,0.004800198354794041,50.525810812472756
3947,0.0033261110841231504,192.95081408244207
3948,0.0043073096278651345,111.71937601247407
3949,0.00473864343736998,50.96318104749738
3950,0.004248761933591926,47.77725009728528
3951,0.0013620530569761317,31.60358274594299
3952,0.003854016220464893,113.1282998983774
3953,0.004072291132391921,372.98069078550475
3954,0.0038222718292923548,30.37245084972992
3955,0.0036924419378407255,155.75540088643953
3956,0.004424451382811671,31.661121438054714
3957,0.003715196239662518,367.8548620233659
3958,0.0024588421932089342,372.05037228830486
3959,0.0020456795392743456,67.25002397778933
3960,0.002567488169684805,66.91277292544248
3961,0.0049355088572279,77.72744430033133
3962,0.003615940461052312,45.91544038519693
3963,0.0024442902370581695,367.08572130289446
3964,0.0024181953606025627,195.60136241961374
3965,0.002026143769603185,371.19637554865164
3966,0.0016120147261846859,31.317146434109635
3967,0.004117914503032068,64.90055377448664
3968,0.0027546977681623436,193.97998391573066
3969,0.0026163220678916753,108.75996753285237
3970,0.0026175288079129887,62.269697004203984
3971,0.0021293356366112602,79.97204213976437
3972,0.0020743471591930965,105.26787847061995
3973,0.0030857197863349965,280.09855249723284
3974,0.0025130722614565017,150.9790415215169
3975,0.002262192997993234,194.68714919482392
3976,0.0031388554481926586,197.25606440731144
3977,0.004200509631923173,113.5893554598931
3978,0.003111908762420226,151.40365803326372
3979,0.004605000488233848,47.315752677372444
3980,0.00392214625556381,65.33310915746307
3981,0.0038378234723680533,64.86894263913067
3982,0.0028869149435964713,114.3382182544479
3983,0.0032821525599820702,197.66825861744258
3984,0.003511676176471232,276.2262459250279
3985,0.0023607149946972272,365.67234814401354
3986,0.0021960404945446424,150.87376310855115
3987,0.0020255143851430216,113.34783065919555
3988,0.0023137409724736714,33.54879826136471
3989,0.0028941207768897388,77.4054310196899
3990,0.0027569242846081964,199.21534352826856
3991,0.0015501446786212862,149.9587398878956
3992,0.0026164830929870336,200.57785946388324
3993,0.0010599363784545488,64.4584936233338
3994,0.0038046074911796276,78.54697043770314
3995,0.0011279147565174158,31.849471721404125
