episode,train_loss,train_reward
0,0.017840123460340158,248.35066295638768
1,0.006404334427894686,45.665142059329405
2,0.006775924735556277,351.9723372947831
3,0.003922571771200036,65.87247743536959
4,0.005831126474706099,274.95506683651155
5,0.005030888287149275,60.74037447298885
6,0.006678878513936316,61.36653667770709
7,0.005146953805584398,192.99928069723515
8,0.006153859604637546,105.053424085365
9,0.005306697893712016,108.32979989737471
10,0.004375309278614641,147.85028528687465
11,0.0070044775414784015,75.6353464270068
12,0.006138132547605962,106.75235929681496
13,0.0064884360697877435,351.0688378704014
14,0.00416007816817331,47.954706203461846
15,0.0065328386800489096,268.2141617494644
16,0.008095227163345231,29.336984770490734
17,0.007366716084851016,40.97712931536811
18,0.005361438965435908,77.19217214993043
19,0.0064447947839093665,102.84140919079748
20,0.006296825318853594,105.89167469649564
21,0.005485081283811685,61.03597831415395
22,0.008072755770102712,60.729968441779114
23,0.00838204184339887,56.31378075514367
24,0.006696617528497292,76.49790936948465
25,0.00692309173168213,359.7527997651724
26,0.00563945756398109,351.4686957694821
27,0.00837025001204562,48.695307169785984
28,0.006289908922153083,60.117508413581966
29,0.0073034037120885695,73.87278193709372
30,0.004533180464022735,103.7647842186827
31,0.009709065279280735,76.19349137207796
32,0.00808286557089482,62.23238321583832
33,0.005248083240513809,348.39268707597796
34,0.004773006072189839,48.425458276801756
35,0.007314139390886835,45.40448982558884
36,0.010687736307114266,29.370970807988154
37,0.00745872365058114,44.750378708396994
38,0.006670997151675253,148.31799079481004
39,0.006661004125620371,187.13399667406415
40,0.005373710109062147,273.4169453841464
41,0.005492539760055669,352.2585514374095
42,0.004092930613390716,31.261053705169495
43,0.004633000167184666,101.37862983857423
44,0.006363752302464631,105.03522254524697
45,0.005894382610170354,143.98094089038557
46,0.004523494635101029,358.8455842414529
47,0.0023080847439897216,46.083139559699795
48,0.003682801040377319,190.38385355675834
49,0.004116261261515319,31.78123176923507
50,0.00484017274927307,74.95996709194664
51,0.004661019053586847,271.61446649382293
52,0.0050126630861048165,275.97781541266716
53,0.0040080339811243955,273.0371938140604
54,0.0035859189569057725,274.1656532169982
55,0.0030348239110888657,187.85007474795813
56,0.0057578924582739385,64.3241563051457
57,0.0028293751808248255,150.90169035504513
58,0.003714730574278816,60.441221367065815
59,0.0027897547814483494,103.29761959071165
60,0.00411571135516212,148.12673247595706
61,0.004009058376476903,146.25980498662815
62,0.004819109258232086,57.51039156548336
63,0.00448117002747342,144.04713144931245
64,0.004629352387912957,354.5173336235987
65,0.0044233081043293584,75.40712758392878
66,0.003383984145021729,60.346332411287456
67,0.003986991695001052,102.3105426249778
68,0.0071520395077558615,47.46185898855348
69,0.007018987136420672,146.6198018775037
70,0.004212675855388486,61.15783659883022
71,0.0052312569659989094,270.60047121151297
72,0.004630894411862895,104.75971731860824
73,0.005050777491165858,104.4473128874224
74,0.004236160733123309,272.1514088515169
75,0.004186569133956006,362.79592845337464
76,0.0030207076786272287,191.20547740071294
77,0.00409791878300277,59.7696931832048
78,0.006367798526381111,44.25682003383581
79,0.0028950817990054272,146.36503259610015
80,0.004211020067505282,150.50322538298178
81,0.004629572787674168,273.95938135091296
82,0.005772396548722595,48.5262886853753
83,0.003478607709604892,47.56884290081915
84,0.004687002745330657,45.40014756167717
85,0.0046488673318909254,186.7044401480492
86,0.005036166887171723,149.32019896534996
87,0.005121040199105985,276.90316867917915
88,0.004150914359266147,280.25249291088534
89,0.0035941959678795583,77.91353762017036
90,0.004999675537766376,63.47009275929674
91,0.0039043977272049816,351.2376692462297
92,0.0028538123424995915,30.50375118547336
93,0.0039108954494576345,63.573825660749904
94,0.0042241700882477366,188.34796391140563
95,0.003585322980493052,101.92450192771776
96,0.0036922787170427713,75.92613386479107
97,0.002330500505608639,48.437859113462935
98,0.0035528946593949887,193.21769572323748
99,0.004969421261508755,107.5797123913138
100,0.004851129989274707,146.4577631869159
101,0.005215615011720575,60.0957433383176
102,0.006095287647902316,351.5851342871729
103,0.004736201975511421,146.83233549077403
104,0.0032179403320490743,188.21085590580043
105,0.004761559694988765,188.35514713635408
106,0.0030365299164752625,61.71293577324129
107,0.0035662621532817585,106.7506463845987
108,0.003908229324725049,150.6580315267561
109,0.0031406819001430822,354.7435453742512
110,0.005398088385469424,32.50407751689545
111,0.0033568642435492504,267.56634597437886
112,0.003650690896310235,48.01824652563202
113,0.004457148157205272,79.73263706183029
114,0.0019349085426977675,30.621678710907393
115,0.003396641527011134,142.04367802690214
116,0.00489082700793185,273.4484549578562
117,0.0038672066371027926,267.4300189153061
118,0.0048579663043556605,62.73669977783949
119,0.004370126989361795,62.01485869905962
120,0.007761191563170949,30.87691329847957
121,0.004633230834565118,275.73208057908266
122,0.006096845191569952,60.82488702916013
123,0.004867071291948254,60.60843473755692
124,0.004150513092542029,74.71766688615959
125,0.002523439549208731,30.231826112390067
126,0.0037949571811413288,102.4510859452587
127,0.004049410467298903,190.56829971329444
128,0.002679124133057234,30.74810566750921
129,0.004108002012440587,267.1667126608352
130,0.005513122737406897,80.22066605352867
131,0.004124739809693642,147.8521712188184
132,0.003890354174871848,355.20433878023704
133,0.003919338939060533,103.02700434180902
134,0.0030343251838746356,190.01524015489343
135,0.003185920910500745,72.53507974862343
136,0.0039032527072418483,267.0090091003555
137,0.003173730192830297,58.77542576373216
138,0.003069322147393175,346.690404201042
139,0.003281154230701849,272.3918426785472
140,0.004431532697143949,27.88473167592593
141,0.001933372641780387,105.13850204871007
142,0.0037378397915070064,190.22338010605986
143,0.0036955163892674714,49.16904831827288
144,0.0034007721636390015,271.94834412912707
145,0.003456467683193025,74.90614170338236
146,0.003908193346064395,76.21661805291649
147,0.00374648364238685,106.77098048731305
148,0.0038677791345990715,150.87937586394696
149,0.00770668951902326,148.5600943852928
150,0.0036302857143918977,359.56515265341494
151,0.0034619067356966267,146.81284489640865
152,0.003293520123455611,148.16808009393856
153,0.004616309064493345,46.697785407309844
154,0.0050328198126793474,57.99538646525292
155,0.003353828397190102,28.81895560787318
156,0.004606246121441542,107.07199851104315
157,0.004301578494270516,149.40580483053898
158,0.0042439292841996755,263.63055692118644
159,0.003420866497543688,59.86557815484725
160,0.0038959343406035755,49.28237192375098
161,0.004976007734347315,44.61546433022506
162,0.00409033249176441,191.0117625785324
163,0.002462991755425625,32.4874132890888
164,0.004598499424940001,355.70275406921024
165,0.005309806937558195,46.563647532801916
166,0.004346857230161796,269.6427493336408
167,0.0032164165969889597,146.70900025073902
168,0.0030668424109058776,347.1215010890132
169,0.002568307573338283,149.4332403620977
170,0.0019269851608320076,194.5661616923306
171,0.004182159019399898,106.60768051434141
172,0.0027947388553002384,145.36031696016468
173,0.00300892769502587,48.32177054003881
174,0.0036229951399915175,60.24498351733687
175,0.0027921470581979088,58.11040380690959
176,0.002325106451528634,45.274732857866
177,0.003320721380274532,77.58187070008204
178,0.004029425340795078,78.35881513364265
179,0.003338519165042491,29.590022886535564
180,0.004453015966695652,78.17636953045016
181,0.004466233229392786,105.5976249743387
182,0.004778414701749253,359.0692803121969
183,0.004087048405600744,33.45032865415714
184,0.0047089928305689,75.4378857966455
185,0.002577647840966661,48.17909776544628
186,0.004288510691482552,267.632166353761
187,0.002903931978975239,104.17670517710931
188,0.004271202111001111,59.832200458423515
189,0.004578069550166454,191.16561011438304
190,0.004674444442325448,76.29930987327066
191,0.0031284825988081976,359.57605710459933
192,0.0036472245241433534,77.3470600584426
193,0.0032592559786958886,59.61040996985123
194,0.004140600886867932,45.43268177348581
195,0.0055895266229305665,77.61607385631247
196,0.004047372232059613,146.18915551571087
197,0.0048739892919075906,71.43345107364489
198,0.0051964717137955386,50.36065674470728
199,0.00401166151515065,352.7886299973813
200,0.003767494918244832,275.3257350937175
201,0.003639789367606666,61.07040373102415
202,0.002808347058729617,349.54268103421475
203,0.0032085834478673115,274.19346766408506
204,0.0030554706234117756,107.487973264427
205,0.0036890620254745534,103.11907692455618
206,0.0027828294745491943,103.43196027484979
207,0.002965715387869171,47.0376263848528
208,0.002973684342193267,107.35909084630114
209,0.005683314206495337,107.58919631089655
210,0.003732091249773457,149.84909439553567
211,0.0021976106288312965,34.53880341738476
212,0.004173050793894769,353.5806320242578
213,0.004846711632476049,107.68039062189133
214,0.003832725878749181,65.59155810386622
215,0.002824845593148878,62.90177725259786
216,0.003243743076547451,48.367039490788656
217,0.003967076493994436,61.74012809324445
218,0.004558595151894211,268.6954986371949
219,0.004658518586858498,103.747388852048
220,0.0036354277256358384,31.989922387489678
221,0.00491206341649024,188.0476875913682
222,0.003829720871763898,274.94568335522683
223,0.003453477767503831,350.8647635556076
224,0.0027442893520282386,149.61498773974932
225,0.0027235125026922546,32.96909604666669
226,0.0027945669774912998,178.7286823889713
227,0.004165059549418872,31.79643246353936
228,0.0031990101016086095,270.40988450952256
229,0.001390048448130885,73.92745176502159
230,0.0031137128025175817,106.60597312188693
231,0.003168227233980234,357.8723217302879
232,0.005311995216755816,78.36371826294778
233,0.00450291996319195,191.87124282006025
234,0.004129150538820132,75.46627589742414
235,0.0035703211353786566,79.41682441424585
236,0.0036575202817187083,60.23638910117816
237,0.0039017308432636945,30.602891356950714
238,0.0044931349951763296,47.818058623024754
239,0.004121635790074193,147.53488168531413
240,0.003242720112683598,348.36128290253623
241,0.0021497406693203537,31.661104555866146
242,0.0039967552342253885,74.09257747963356
243,0.004632795637007803,32.971818300633856
244,0.003519484936974473,270.47258621592636
245,0.0024747080305271576,58.613071588602935
246,0.0034450860767322755,270.4452678720107
247,0.0037264687565626586,105.15589728352147
248,0.007810068166722415,30.095458501849716
249,0.003972076209941627,75.39287563145682
250,0.005870580220838771,147.16957980676614
251,0.00428465020566084,105.24560941307814
252,0.004209083118239197,63.57573814679186
253,0.003954876106955176,350.7211074973709
254,0.005621133173573637,78.20830692150258
255,0.003306626148629912,267.252569802775
256,0.0043378334574719285,107.277225400664
257,0.003950789459392878,358.7623555473947
258,0.003228840361559929,272.56521118423007
259,0.0033844334977237104,46.58013265072313
260,0.002508989458534114,352.73925111893686
261,0.0021910068403753137,353.0419169898355
262,0.0017438293842493042,354.1067818564853
263,0.0025614366624557242,44.54306125534426
264,0.0021855485349708314,105.86801329128883
265,0.004089575772257414,183.65197830253405
266,0.0038454569026510135,64.25728397471207
267,0.0025758125638154507,192.6952292717533
268,0.003903834751233178,186.88910271402918
269,0.0027519173938592508,48.400695239474906
270,0.0036252894605533614,63.2526291239832
271,0.003541757863226499,101.96506290417797
272,0.0040999412278298975,275.98430447284704
273,0.003838827724533845,106.62601072441456
274,0.003285097582202702,350.4218490926368
275,0.0032349890068599538,356.5725548115233
276,0.002469128493328481,354.73797126334745
277,0.002683812274742611,64.12351806931835
278,0.0019909744942837484,266.1783439825657
279,0.0023343482423499773,194.3824574550085
280,0.0024805433881815355,64.99569440837999
281,0.0026579463175717107,145.7357921763647
282,0.0041178514634878614,59.113130431364155
283,0.004699664856346672,55.325473822968604
284,0.0042971015435626725,62.973138955747515
285,0.003682239009980674,32.360941779585104
286,0.005436355277699226,31.692490340431007
287,0.004431885870852611,352.81391967464225
288,0.004461945331372433,30.900714202275232
289,0.004235811051680709,350.53727855288514
290,0.006705471633275442,61.71954252996391
291,0.0037081175184592963,352.27375329058515
292,0.0030481851324359673,47.39193844012321
293,0.002370909613342394,31.79468900901253
294,0.005149439635088442,31.701259127070752
295,0.003665330572403036,57.922258015656276
296,0.004234115187058263,74.6139170183101
297,0.003545659611902429,357.07261162335095
298,0.002898179968311028,47.04669733076635
299,0.005655772165051007,58.739288631086666
300,0.003391088415687051,61.59047682589736
301,0.004275162025242281,268.01505009743124
302,0.0036026166525675997,192.5684966524411
303,0.0032886714152725637,359.6199546271792
304,0.0029427020573922153,274.411901374287
305,0.0029036761448723043,346.2050563833368
306,0.0018496274618694864,32.1573039249397
307,0.0030608867163478656,271.54992171373897
308,0.0010811318526724916,30.15413291824404
309,0.0038911745065030425,265.72107497315744
310,0.0028347108391490357,78.3186988718221
311,0.004635592997294372,72.29905175760227
312,0.004028156487038359,57.75381727729454
313,0.003930175023005805,184.71979079769832
314,0.0051324882063184035,77.49681186519388
315,0.004231104857372096,150.10138476968334
316,0.0038930879008717664,354.8369491748418
317,0.004379081465065776,48.34398385760672
318,0.004366047551568846,59.517172499996946
319,0.004669310535636092,192.0561260588456
320,0.003273585435497314,63.29978153524049
321,0.0036371306880592165,359.5080569028707
322,0.002814098799051504,268.4872668654406
323,0.002441809254195774,273.70308018898714
324,0.002833754306733107,357.42062271013475
325,0.0021521039648334786,30.373662223587488
326,0.0036022671228321005,44.6809837532229
327,0.0027695309867836345,48.56110064283772
328,0.0028492843998369956,105.70093555496877
329,0.001180445028725883,30.605767100903375
330,0.003921376426218115,75.6342974343255
331,0.0035415379240274453,150.13869940055395
332,0.0022238971145396073,31.665862339337725
333,0.006326166097344619,48.9343104304892
334,0.003416163200544643,31.2536683671234
335,0.005549493575165035,75.46092265628226
336,0.007117604400510742,59.976834861125255
337,0.0048091763647579895,107.80453932915337
338,0.005585853061907424,103.30623252712454
339,0.006677957696877923,74.1418997722188
340,0.005458717330732136,347.7812412073137
341,0.005557703992700535,182.70820154875733
342,0.004836564447903353,266.80027268381065
343,0.0036116387320537353,354.9490035699257
344,0.002911630348388759,145.33179106071256
345,0.001778292877812203,61.49324649962742
346,0.0029216145292217523,29.058129515618266
347,0.00440387007469765,33.61529535279698
348,0.0030251726006304447,271.3053314046506
349,0.0022369471023176817,148.17898056788772
350,0.003251920898037497,61.51452327607879
351,0.002597488573977073,187.91430421033547
352,0.002754097457844032,190.43115434178162
353,0.0026487933304121147,44.90408937018603
354,0.005139581280869803,76.79202050728367
355,0.004151862712784681,48.60928045663441
356,0.0026823595615662107,48.89248847378703
357,0.005332393900866568,105.83446408545663
358,0.007915796464658342,31.74650170347148
359,0.004857143594415755,71.11308516417074
360,0.004829668881939142,104.86530416904286
361,0.006902370235046554,75.10717384848118
362,0.0020671995611707445,59.98865854427245
363,0.006161533858453445,61.65327807993997
364,0.005856269139416778,142.11551783467038
365,0.004407980955157898,269.9364463048754
366,0.004660244255227853,148.0562018961744
367,0.0069115505329346676,106.44895538700446
368,0.0037834378750621275,350.2918406834976
369,0.0035558398591800616,151.20588122300165
370,0.004684563274830737,61.42853581637256
371,0.0036786902933657736,66.28382377320176
372,0.0036046914292883047,147.68533612077027
373,0.003255666043770989,268.9798704628389
374,0.0033051288319623094,148.25838519409328
375,0.0031152248679754265,352.49166449936183
376,0.0023415296040937015,32.02628373031058
377,0.003349833076174415,146.16366675250572
378,0.003115193552111657,191.14521768254048
379,0.0026739206475483385,78.06390421670166
380,0.0033128180715833616,193.8319950271073
381,0.003433862602205722,31.268986707214342
382,0.007184458488060547,29.320462333049452
383,0.004619329343915671,79.06421062489112
384,0.0020324389333836734,33.46227821233176
385,0.004702148298778319,59.352653660173296
386,0.003702096078977212,189.24651890166996
387,0.004078772679184278,45.969898380699775
388,0.004139785462209313,273.67941868950044
389,0.0037485291895791306,107.22624945597836
390,0.005234651080532533,360.6926227845386
391,0.0026876578331674387,62.285615014682605
392,0.0035998271635505194,99.49262051561972
393,0.005157360525817449,101.55587804718304
394,0.003702010315032952,60.90506215785044
395,0.00584922170328663,57.36938105156571
396,0.0052828850937164705,64.12644049151879
397,0.004460399540835784,78.17815776870368
398,0.004537418636496345,64.93135179715335
399,0.004694610752337142,107.49939145139456
400,0.0033771261956084906,107.02829747827829
401,0.003705641262246159,183.39914291499943
402,0.0022821550504194816,276.77405253885917
403,0.0034355919735352255,183.76563267390145
404,0.002703122309829038,267.2225559866411
405,0.003552205153211018,149.37561592012656
406,0.0042752700256470065,79.37969389713997
407,0.003009951567084087,186.06837779937612
408,0.0029505611618680125,193.75808400791746
409,0.0030423134006108236,32.342766776685934
410,0.0024273652623476765,80.39185717825215
411,0.0034396951350818446,72.23251672190085
412,0.00419909521608752,188.4058060290045
413,0.0029859340079306327,62.08292458784689
414,0.004937159617887747,143.79217300872347
415,0.0048999578929479785,45.83038206936498
416,0.0033685384303187337,64.02862204532366
417,0.004201895439840995,186.40782932153144
418,0.0034783841418162937,147.273819167223
419,0.004064377715966091,75.23180357461406
420,0.005495220543491893,184.08734568135432
421,0.00418134643854464,146.85107494189847
422,0.002954230869560175,76.18208445755192
423,0.008535917849352198,31.378703402770682
424,0.004921669535366979,32.81408528057201
425,0.004237686354442726,276.39612163931173
426,0.00402920043490988,360.2972362736876
427,0.0032799348870358406,61.76229300468414
428,0.0022985039928028264,60.863800680326456
429,0.002664364239751456,62.25521337801874
430,0.0048638886550857715,60.31614082302199
431,0.00507884581472624,73.84828737095785
432,0.0047043732968284025,144.40355806142006
433,0.0034615753704840884,74.49258310603597
434,0.003919292832685808,272.98968390821966
435,0.0032411471323497165,74.98344961930447
436,0.00490288925605207,49.55551694486543
437,0.0037343975029877833,49.48584944809545
438,0.003596449074100612,146.48461163004905
439,0.004764083327410679,47.37484351841391
440,0.004522070788607866,356.4599128945447
441,0.0052238211370924294,32.74307591544512
442,0.0041143238283605655,274.2508731908055
443,0.0025720571540589912,104.65342661069764
444,0.002851283879450777,189.4352177248781
445,0.0033626377032410695,103.3000508140405
446,0.00362759529899939,101.21416998653797
447,0.0029447390497929727,150.58942274941563
448,0.003007003309076853,43.60439303456044
449,0.0031562742885160302,352.0003722762415
450,0.00364319320571442,184.87254479793472
451,0.003364760832412755,103.21838251008451
452,0.0020802287478345225,62.839077144483184
453,0.0030593112939551617,267.28306389073776
454,0.0026443336631088573,102.72321342598882
455,0.0034288662457762145,189.43086235177873
456,0.0029440186687876573,191.6275534635052
457,0.0022024448522313454,147.63757067080167
458,0.0031140355911639774,34.43617585659209
459,0.003103010394729958,105.81981767594841
460,0.0026321479548142364,275.4226646848251
461,0.0023961479952874665,185.67659167581357
462,0.00206495673823205,73.3040617882649
463,0.003194320891702926,147.73746823053762
464,0.002721409041193758,48.216110763182066
465,0.0026651925546642675,102.548578793338
466,0.0037819938115328288,357.133280895584
467,0.0023963997005859894,63.707478735722134
468,0.0038235245160008436,149.90388800119447
469,0.002776838584229064,266.5347534226809
470,0.004657600511814837,29.692383935278606
471,0.002643696431834814,356.203463440737
472,0.001891138476915738,30.33670190299312
473,0.002682988025403924,106.59564517425449
474,0.002540677138219423,189.93557017481695
475,0.0017467136251955683,76.18228536964999
476,0.002628077754328745,142.8559193075367
477,0.006253935283893952,41.488180098374094
478,0.0027442147564559834,75.12488933189961
479,0.003380988595905611,60.92485634560364
480,0.0034557245539458977,48.13655551793407
481,0.0031279819792973556,350.50849085344646
482,0.004362096828368396,29.447320040714214
483,0.003186299192624944,59.39252911224032
484,0.003151153032627792,32.16696333983472
485,0.003052988729905337,29.889791377270047
486,0.00281531650569797,101.8058965883604
487,0.003856554307062384,352.434598213856
488,0.0038526274894894403,273.2936619715712
489,0.0029047175398965253,271.1077686189939
490,0.002402334198029087,141.20944147137118
491,0.0035676679915038244,79.88199813879767
492,0.0027127231971230655,151.34003183990802
493,0.0027111876045707436,102.29241401163786
494,0.002828537025395189,58.38978434414675
495,0.0025964742601157103,268.51632703696106
496,0.0023734089089286724,358.00317634954285
497,0.0017729553460255907,28.724622246365403
498,0.0028682587413528643,187.6960592421376
499,0.003415765472364628,30.587504883715347
500,0.0028504303761455667,353.5931329815971
501,0.002055090485492184,350.2534796801724
502,0.0013621202753545897,44.72745981453385
503,0.002947689991177302,78.3363967897376
504,0.0016100115315732016,48.65059626513219
505,0.003183590986441846,78.40371291336567
506,0.0035782146182641184,74.51541247951408
507,0.003427966846831555,347.5463404017087
508,0.0030019147056134835,31.725327553634738
509,0.0030231071022800027,186.12400844970472
510,0.003462800688302613,78.82241519253375
511,0.003459714778868007,101.84820462734758
512,0.0035503142898343897,60.373676281407896
513,0.0030759002547711134,188.349049218587
514,0.0032858908026386856,31.94102071720681
515,0.004313649716621026,272.6395838412566
516,0.0033316095363556384,75.4164466012748
517,0.003175484235964206,356.49220786350196
518,0.003313328404756342,189.9560973238759
519,0.0031065781507295777,63.88123261385781
520,0.002176435613325538,351.17340566449826
521,0.0024863229258757355,356.07179108863215
522,0.0017537017804731387,275.44545669284537
523,0.002268149294615376,108.62458229853608
524,0.0022181579041154528,356.51426230511146
525,0.0021608098807757445,349.4685422749605
526,0.0017600916162336944,103.95800402742444
527,0.0033245071025996397,61.180350057238904
528,0.0020219163724489635,60.03829974757
529,0.005209166976999121,61.22004247020904
530,0.002757828182376247,31.203812894599842
531,0.0025524960473669155,59.392733281418366
532,0.003401009671801443,75.64698550733667
533,0.004733874681981185,46.544556010742006
534,0.0042112772664313035,359.54769465270056
535,0.003502435548136295,61.01248700953595
536,0.0037142954833739323,28.66039072928291
537,0.004449964193272663,260.8864230433877
538,0.004815245739410858,80.6410440895287
539,0.004170356319337844,73.45290752891945
540,0.005416142827677752,47.26585986226243
541,0.004852505237695055,33.37444038794499
542,0.0031200555692113743,29.147176238053795
543,0.004855491627081806,49.781104349599104
544,0.005419009851458586,149.6666763347037
545,0.004559119792145179,271.1611551515507
546,0.0031899727925790372,74.55079103327573
547,0.003809013206100547,357.6413711034771
548,0.003636500236315839,272.35879626091497
549,0.0038082663561978666,104.90441823173441
550,0.003921498913769028,45.93555022618721
551,0.0032207483175074564,267.3071730172589
552,0.002523034716852215,108.45821818176265
553,0.002775822441645477,102.22687583081199
554,0.004364319769838649,74.68726599568082
555,0.0029395446408286684,270.96953142802954
556,0.0035317349182657108,187.68327852698948
557,0.0028148420556349174,142.75656434774265
558,0.004594933471008307,105.03257715980678
559,0.004094128251215972,50.20607547518803
560,0.0029034274247277535,79.5902033236479
561,0.003283453022141358,152.11426667886462
562,0.003144460046855415,76.19707077825647
563,0.0029995354828211843,143.16741404428058
564,0.0035553721165293892,150.34425278917257
565,0.00326533761889605,147.39982954610866
566,0.0034930491306754173,149.65523427883156
567,0.003456180658214243,356.52612513429574
568,0.0036569545902518886,104.17815539626798
569,0.00377691742402565,189.75204940749424
570,0.0046883758504147905,62.36776577063379
571,0.003519628873179298,150.7045779394973
572,0.0027373538884511066,339.58278777767987
573,0.0029682563329510823,354.94847614200467
574,0.0022610254186802943,195.64251353369576
575,0.0024511659060608816,59.70655348582092
576,0.0027072486793489154,269.6727229196586
577,0.002227178622606644,265.07910437690003
578,0.0022024635236448376,47.75939090207513
579,0.0025816578206526893,268.96741399700454
580,0.0015599442122865266,47.121446066642754
581,0.00241574438963128,149.64390372207183
582,0.0009968616187424314,48.4759771461392
583,0.002878416343441705,144.03688320105735
584,0.0029808534567489484,186.27957706102515
585,0.004100235653007483,31.060240531706395
586,0.004993246898348761,45.63930444324433
587,0.0029800446071611667,74.52738452590334
588,0.004414512721219531,74.66328534898575
589,0.0037041468427019397,73.14065753377663
590,0.0036637802881184004,148.43868835122217
591,0.004523622862947865,189.36993459161977
592,0.0035705631538852736,80.97007949138207
593,0.0033977437342497933,347.4133972793285
594,0.0054378200438804924,48.36018970756838
595,0.0037788928037622736,185.88265900110724
596,0.003385218869467637,188.78586739283244
597,0.0024690441277925856,190.26113040752648
598,0.002726559584507132,190.59350436356013
599,0.0026969378319715463,353.7944217233843
600,0.0032234660881238623,276.44893620904605
601,0.0019199946300688397,270.50770013595763
602,0.0023815502154758434,358.7635418992245
603,0.001147869715206286,184.00326587755163
604,0.0017134104261467937,187.02507300585316
605,0.0028340904768670372,190.59993888910807
606,0.002525832720824507,47.25424511026807
607,0.0021684494576816333,33.08771367694868
608,0.003082954227389103,269.99034893868486
609,0.0016620832745750456,48.28033505994121
610,0.0030180334636582106,183.76519433970495
611,0.002058363001886956,30.371629856555167
612,0.0033079634326281236,77.4648697645629
613,0.008019159223828143,28.360504038751895
614,0.005154056069981239,106.29417398963052
615,0.005775603122007955,145.8035543499647
616,0.005361286022920375,64.95145072744306
617,0.005649379010349749,63.80604116201141
618,0.004514584467446875,352.8999428952755
619,0.0029734664538532884,64.10108335018559
620,0.003007523201072242,354.432715588934
621,0.004191634019072218,74.2891067301675
622,0.002771343573805587,105.67235464469394
623,0.0033551247310802303,101.72417109641887
624,0.003713002485793285,46.624120570903216
625,0.0031073162539836927,74.83537319148478
626,0.0037056363466992067,184.7871261493072
627,0.003473406796646569,45.87086403096501
628,0.003603615789411238,196.19767830463144
629,0.002969199373043151,106.46141997824917
630,0.005137029080140417,78.39022959004993
631,0.004083034952736609,360.55523122938894
632,0.005029860594242144,103.91246826471439
633,0.0035952548229014956,191.30493263641299
634,0.0031716607497331165,105.8463968650385
635,0.0030807574393775395,147.78361923936055
636,0.00409583361218565,59.46196908106844
637,0.0030793790017530744,76.58294441371838
638,0.0035381519729460555,185.84480391334213
639,0.0022523668389944993,62.83316901656127
640,0.00303505841502021,356.76166808607627
641,0.003002953809284964,62.0176395989572
642,0.0029533977182742595,32.132143914754614
643,0.0022679280002344013,187.08321919308628
644,0.0026273617951863507,43.97722807892382
645,0.005004057136146296,146.43577220443814
646,0.004463402306147006,63.96625215434862
647,0.0038141342704580946,268.0074861403922
648,0.003934691597268366,45.44898586373217
649,0.005207529231533094,76.1565536214038
650,0.0033299073154991607,99.7792960116338
651,0.0031345938789175782,264.07852340458896
652,0.0035958350433900814,149.63779358057343
653,0.0036091239987181838,266.04190826926333
654,0.002219024290691674,145.8611696872273
655,0.0028710065333941207,344.45992981570953
656,0.00211045351352368,42.79604736428762
657,0.003263976905022361,61.03964611095042
658,0.004811783370658648,76.26925950523649
659,0.003265624866470876,186.045909485171
660,0.0035175545604125245,146.61151276129948
661,0.0035401851803435794,187.83947856022934
662,0.003506194781423871,105.30736739253652
663,0.003549626400644439,97.92296050431642
664,0.002526152521981699,46.141252186971634
665,0.003864309039333524,142.6397831523282
666,0.004001875673883654,141.7984664335833
667,0.005504923545231577,31.718477585607324
668,0.003999944893704113,49.701861504251966
669,0.005430137820525451,150.5532029038346
670,0.0041691240122149085,269.9409390216075
671,0.003673940729952161,344.7091236324399
672,0.004058834815092366,145.02271794861102
673,0.004936751926695668,62.479993256837695
674,0.00461062956910422,183.49050932623567
675,0.0032098903820222276,351.2687172091852
676,0.0015088820962939114,49.14990566370442
677,0.003033770413382846,30.89178391761355
678,0.004128925724315294,76.36201322287866
679,0.003763907341806698,146.61181201314065
680,0.0032937930922791545,359.35422336929656
681,0.0032449581996977623,150.85051818326573
682,0.0029067385169990554,30.81612757972053
683,0.002140826103100522,74.87646689801271
684,0.0054099128349414305,46.374561041529645
685,0.00380638104394473,266.43534681714965
686,0.004309694420707104,59.28256627891413
687,0.004003751630866523,74.64734220520737
688,0.005831127722897582,61.71914690240764
689,0.006315263569794715,74.48099400975251
690,0.0034809859294559803,343.78583130201304
691,0.0018954973804118874,50.48956321999923
692,0.003928668804538744,57.83508387815343
693,0.003965627411371266,353.7566385234206
694,0.005424759790912503,46.68252433253491
695,0.005017195604357932,46.09051631764271
696,0.0034380159783216143,142.23512924592356
697,0.004268957860355407,351.29027678642103
698,0.001972160410135534,189.3162158341055
699,0.002899578235665616,269.29540325590426
700,0.0021899147590590737,59.107869420282654
701,0.003072354109154746,60.067063182930625
702,0.0035945664886080173,105.53825618082976
703,0.002144864969991853,189.64539567515268
704,0.002315361858395075,193.75293854596822
705,0.0025675824578932156,45.31228365138504
706,0.0037283675077420552,104.90070485668137
707,0.002786805518222867,46.79846972154808
708,0.003442400696643498,56.35109457384249
709,0.002887981051455866,142.4935875282213
710,0.0035221799984852128,44.96377234911271
711,0.004591654684521596,50.641496562675286
712,0.003286091774874688,30.36531585147555
713,0.004152507648658086,351.42018710122534
714,0.0034217452976649135,272.78207671683185
715,0.0036838713262260236,145.52813538604323
716,0.005277114925586923,32.597658952119055
717,0.0033278835611791416,352.08518157630607
718,0.0028390159283774733,102.76506230333878
719,0.003577396997290914,102.95732292548765
720,0.0030006526794604336,350.9276001561688
721,0.0031917533365580873,104.77722630577885
722,0.0037554517476143623,141.18012304285836
723,0.0045390665769006995,32.27414296962144
724,0.0049795260597007155,42.34335987226616
725,0.003203517966386231,270.60936355112585
726,0.00160494823699239,31.255399368335272
727,0.0029730704534883376,99.47754696782965
728,0.005424508640895841,46.36282399050892
729,0.003965922478213402,102.32117596618495
730,0.003444316851197403,44.85397967222844
731,0.006831496675689685,60.523924559472896
732,0.00434764217667161,185.16312281461032
733,0.004256283355061896,147.62213007657328
734,0.003942352955395324,59.05735598000957
735,0.004542461426108975,99.18030984701481
736,0.005940597242442891,32.15004232360579
737,0.004181797859383614,350.46974057600045
738,0.003752506983635778,45.86941668276152
739,0.00547140696662481,266.1778969618729
740,0.003350425289797168,278.86261237002736
741,0.002262622358063908,359.08814254893946
742,0.002498979029979571,181.5991727983955
743,0.0024700236847890597,103.34967577109191
744,0.0031906477251195976,143.95917585264425
745,0.0017621033485179045,102.0222994173663
746,0.0022773065163412616,342.8560620363279
747,0.004967664952158069,30.10759616137405
748,0.0035811938180883704,108.9047837613084
749,0.0030492961419111074,144.5899551043427
750,0.004105781950652881,189.97324644588838
751,0.0037446836411895753,59.96845801453954
752,0.0055391779931449345,73.5528157473467
753,0.0068592997150837024,72.48125215658264
754,0.003686804985792584,149.9826701057082
755,0.005096765501300318,48.93415417991169
756,0.0036406480301234873,270.9456358109216
757,0.00566108399888853,74.59529488825157
758,0.0033429378847852033,60.42106752709742
759,0.002795909225328201,46.44107712322072
760,0.0034084961470481094,43.37368812180855
761,0.0024038876230075734,47.552160077679446
762,0.0038230040648566752,32.32456684291498
763,0.0040787886751518,142.91207274758844
764,0.0041316759919121475,32.155514795320094
765,0.002473010497686284,43.15157374037825
766,0.00476865167998562,272.8994787091058
767,0.002862185316816663,32.43865416932063
768,0.0052670871300506406,28.92736739770833
769,0.004122318457777442,346.28411577216303
770,0.004544481819899262,191.66077991001123
771,0.004426884346967345,356.7199490420848
772,0.0022082696156977707,32.33297343885356
773,0.0027604071117078182,264.8736972562944
774,0.0029404309127655614,189.94378074521705
775,0.0036590204932292827,63.70883402122425
776,0.004980729006292985,62.13517678908747
777,0.002094581307497041,61.55008424318912
778,0.003327791635020846,266.72209296588153
779,0.0029871028364768476,33.208315888362804
780,0.0024137991271355255,352.73001834026604
781,0.004670012599968162,62.409400063027135
782,0.0044295280054379525,102.58384214988664
783,0.003370015988469642,192.491942310658
784,0.0028844376214004334,75.72258065808252
785,0.0029735290418743013,275.5792523933144
786,0.0031706166625773565,32.194931123736076
787,0.0026233012460938304,266.5857113024456
788,0.0021943878362941814,189.41723990047035
789,0.007344225876169793,29.181996546794473
790,0.005380810279856926,60.540248668310284
791,0.0032530105712269197,349.9067468714822
792,0.0034005866385898678,146.69344510147178
793,0.00271977805904255,279.56003066734286
794,0.0030768983406049897,145.43352792083965
795,0.002874352436537688,358.6965596139533
796,0.0030924490048483996,79.97900914576314
797,0.0024206762962104226,146.66857255288417
798,0.0022581422730092106,102.60217632322453
799,0.0027844605018971552,75.7076083442466
800,0.003953265616403839,99.15133689549367
801,0.0034925913605923023,185.35887501846537
802,0.001740406935684821,61.32715292474648
803,0.0024977636454123152,194.88469908319664
804,0.0034377100540668687,354.4264879519463
805,0.003924600121536059,107.59567286803433
806,0.003176475006307235,268.1214664911245
807,0.004425409267159094,46.35985250773355
808,0.0030499427122833234,187.12676178605636
809,0.004479191254161425,62.12682817772111
810,0.002910495923584923,57.92893289230731
811,0.0027214453680457973,144.35146437046427
812,0.0032023222777650246,348.0628872314474
813,0.003452739271284714,148.3437839821302
814,0.003432171276241642,268.4761813202425
815,0.0038437294681968456,101.9081287999267
816,0.004735548415016544,30.215020594516478
817,0.0057354047302479476,48.291163462954664
818,0.003912400740257899,183.51794151217467
819,0.0029453154209496814,353.1987607540675
820,0.003524122206727043,32.05942882321596
821,0.0032980575564641,58.62245571545621
822,0.0031717247280462738,271.3255467132164
823,0.002999665306992553,65.52363804477991
824,0.0032833378902758907,32.551603457047904
825,0.002480794375335624,271.9946879756208
826,0.0024594611155358457,74.46683516037697
827,0.0030613945069820725,46.7933709343139
828,0.0035798165037580843,62.7228754937726
829,0.0036865843154704303,350.70287289121086
830,0.0060593299726447595,44.443521389297146
831,0.004337679904544939,145.85939558700107
832,0.002755975093630416,103.19822402856582
833,0.0032937903963617685,354.353959830767
834,0.0029204744837600096,31.52701511394948
835,0.0028838840242480564,42.15445697534645
836,0.0029972016341332317,354.9755949176665
837,0.0019718885541222596,352.6139155196232
838,0.002150623155447082,74.58072917500942
839,0.002813770326025137,150.46576467616626
840,0.0030104318252277052,262.12790981632315
841,0.0020182052546555444,270.6968425664408
842,0.0027013480176935546,193.50408651492336
843,0.0024992384175581313,31.019997243264054
844,0.003074702103890793,192.33623526410312
845,0.003005535792662822,72.32988190193302
846,0.002161237673012153,61.605528223990376
847,0.004878042477145554,58.9719796969356
848,0.0028750454203158283,357.0815841488766
849,0.003978759000825242,189.32313435940955
850,0.0048453503103783905,44.88155722768702
851,0.004087535836842401,61.577381918575995
852,0.003846437913693227,143.61118819234585
853,0.00435898813477745,60.094731409292415
854,0.003794440824673405,50.030084840827996
855,0.004263408650285012,62.530352274073756
856,0.003634732081641582,103.40432547614698
857,0.004230183160935141,271.67465105900675
858,0.004302533001814131,107.00872761747054
859,0.00401151798464922,148.12506317636695
860,0.0035403774008955224,46.606457700428905
861,0.0038475602998811697,192.52748060172638
862,0.004127571722321967,32.46407923881538
863,0.003307608432510893,73.9205301812071
864,0.005312629801345473,76.96952405371624
865,0.004844519730552196,272.38237572822493
866,0.0041053372228908,146.38209137943832
867,0.004561769155833614,32.571764198994316
868,0.004885722225003134,61.95121755345811
869,0.004582012980211981,45.3289155965366
870,0.0027455365767710353,62.263809778615474
871,0.005441978416194492,62.44809190011383
872,0.006041729913327987,30.403702004566306
873,0.005410010700619876,31.778404150699565
874,0.008057070570869436,30.235826642303767
875,0.005115862153835779,148.36618925511036
876,0.006643835039339739,59.99450889408346
877,0.005174262961152405,271.5563413972472
878,0.006142630096292123,29.960095665530748
879,0.007861314966166074,49.94342498643924
880,0.004985350346926726,61.02992964622201
881,0.004806432799131681,104.13486497967138
882,0.0041303044857360395,145.6308067084849
883,0.006623608202723765,45.93362170805914
884,0.0038077898916014075,271.86461279774966
885,0.005264547805381881,107.27033976996142
886,0.0038141199743926923,272.30706663009886
887,0.0031551995321984884,267.9466301943817
888,0.0038123508072856675,147.10268152874968
889,0.0030210373575943685,32.726949358570124
890,0.0029812990120525375,192.14911402795423
891,0.003155679329961224,185.65520633253584
892,0.002854285506325924,354.03163830171593
893,0.0024620412468293763,150.19368571262788
894,0.0026488980626957277,48.7262105429542
895,0.0031899506877226475,279.6630499391489
896,0.0028278650023834495,267.75393396119534
897,0.0018881737849875846,189.4880575140476
898,0.002547359754918918,269.4090571054633
899,0.004291778825661566,142.93453110734524
900,0.0037595971673884355,78.05631478220322
901,0.002941212675696207,272.37384536014645
902,0.0016865790564986889,75.09815765714812
903,0.0031434810574278984,146.88587349973832
904,0.00471970356655879,148.32321939601906
905,0.001432785825690607,77.76966496723365
906,0.0028420229841621745,270.9957825515476
907,0.004063745142932906,72.67617868243053
908,0.004134116515836755,354.70699487615497
909,0.002766770365757186,193.46748754795692
910,0.0025990936695777047,352.17065005952105
911,0.0019976544573506484,59.80066381769817
912,0.002190124267529497,103.28382401513628
913,0.0018102701090935045,47.270369273677005
914,0.0026920702028895085,349.3805559497293
915,0.0023876478844613302,29.353023104225393
916,0.0028703140078505385,107.14977381457378
917,0.0035853749063469776,269.7633269311324
918,0.002921093045105491,45.95828348777457
919,0.003549204412169965,348.5956983478351
920,0.004406413710404598,186.22060251935793
921,0.003411254784638867,59.471070532634826
922,0.00440457278587432,44.525606776947086
923,0.005692992605302498,60.26656484554228
924,0.004138585073664656,31.12605971563059
925,0.007682547980270317,59.284343513021746
926,0.006013994161204775,79.75784020310589
927,0.004281442561496641,181.8770175916232
928,0.004380066881388748,150.33944291455538
929,0.0011323306191178713,33.2734943249423
930,0.005056606437911314,143.78171663346933
931,0.004934371832335936,60.389156544626765
932,0.004058029054468208,357.6647687243282
933,0.004684013410451065,146.49844581328233
934,0.004044485097574336,348.78517354137495
935,0.003497358836800747,75.8774680306323
936,0.0035884592380870553,107.51605086820945
937,0.0021821812369500334,356.70292260120203
938,0.0027938800749005067,271.71473589921993
939,0.0016412412192509912,32.13276863412213
940,0.002684284726465475,187.51034626572977
941,0.005446821680003456,28.66902514458491
942,0.0022624900692784,149.01508410317558
943,0.00336951732974083,346.62488771736304
944,0.00361499311406373,78.40965823690664
945,0.0017297453839624911,29.936610378452812
946,0.0036987407262956563,189.68183372054838
947,0.005075902233577587,46.86520180246747
948,0.004088999470326219,355.3519973114836
949,0.004910160097170848,72.05118860759956
950,0.004908321990334461,32.63023644202208
951,0.003970865225587119,59.83247641021613
952,0.0050787038171620225,102.31215391187862
953,0.002506267773649848,31.918327927740446
954,0.0045201565019921805,102.57359437157106
955,0.0036132035437084387,356.40201912611457
956,0.004034129889172116,32.4518990289799
957,0.006417768321224978,63.95482912139803
958,0.004130598787689694,184.9455723897397
959,0.004840649683851202,107.03375347044744
960,0.003809457532419213,28.611818533108746
961,0.003701475154845008,275.1269614946002
962,0.00463492685427763,63.145474308655636
963,0.0047593545015592225,30.63576172624546
964,0.003295158483796936,352.7017196933473
965,0.0027714659026969457,45.48951443675214
966,0.0044757303742166,29.19508539088635
967,0.0036417411298367676,269.03979177628054
968,0.0033191414140392884,186.70398561680707
969,0.0026431261207632154,55.66641371400957
970,0.003899041076403426,45.69063010326094
971,0.003981381982452444,74.90932121159581
972,0.003410526853722392,143.64614440337849
973,0.0027696463608447366,58.7127474950816
974,0.003684928055134088,33.73705312168408
975,0.003174483997034108,184.3260931368978
976,0.003271100660249858,147.65625556303632
977,0.004252514743991644,103.66186779102877
978,0.0042166309393561,30.70220548840791
979,0.0026421312966042683,49.173475229051846
980,0.004089795365209945,47.556568561647566
981,0.00488723626655813,109.03674452552805
982,0.004059970597730901,278.2259568180131
983,0.00290471832489526,45.1598031697841
984,0.003695530773116983,103.09876697128557
985,0.003470403129443228,345.4728365913453
986,0.0030357186322177415,62.72344804218975
987,0.004761157809927961,106.51401258541522
988,0.003820326890980561,102.53904388409238
989,0.003790336995594911,104.81528835023194
990,0.0040640388257228415,104.02194135455271
991,0.0028252988892020956,354.46591138396803
992,0.004081757568201283,48.08566477355172
993,0.0032689138474366205,49.315534557559964
994,0.00447410055504168,149.91379697102963
995,0.002700976168028122,184.11617394697308
996,0.004192448673229976,264.0130784275825
997,0.0033917513218952567,188.8613389657697
998,0.003482662444129889,142.13283012637876
999,0.002495273612281781,63.27183340634415
1000,0.0037872290992130397,45.181081993632304
1001,0.003973938277109918,269.9011368079131
1002,0.003528775147340359,97.51312611420187
1003,0.003911970274829996,32.95680923397399
1004,0.002624731915957795,353.90764425676866
1005,0.0024379354430334845,143.74112675034326
1006,0.0024174393223927774,33.70598984868999
1007,0.006911521792564349,31.34807628955029
1008,0.0034388135412784884,145.2246946565841
1009,0.003848584848174912,61.590897647064416
1010,0.004142466821576818,49.20240167599267
1011,0.004343109133883813,74.79897914245286
1012,0.005793196526733604,72.18658446951859
1013,0.003142886403927066,188.41058681148337
1014,0.0034653412933658193,180.66797126192142
1015,0.0040536246873085205,146.76840379983184
1016,0.0037845681187966625,46.13407438090869
1017,0.003187708082962139,31.91273181100078
1018,0.003426048501719849,29.39163700421681
1019,0.005158494181602224,78.32306786391703
1020,0.0033640484285444535,29.66791130973695
1021,0.005343253101572245,149.774520654012
1022,0.005254098985753578,147.26828273118957
1023,0.005080136719768164,104.04439311498804
1024,0.003768652278292155,343.4548847008094
1025,0.005084402460693585,148.13362383214422
1026,0.0037729445943239562,30.507971648103165
1027,0.003266449697255532,149.14183143380623
1028,0.0030785747193348527,142.67375620585932
1029,0.0025292801663095482,271.90653845214655
1030,0.0030134155207169836,145.8242168032422
1031,0.005389055571366294,30.567741340433432
1032,0.003587573523681142,268.89615814905795
1033,0.003753065565999006,74.46999092532616
1034,0.003619378855516009,143.39945737724588
1035,0.0035622449931266395,270.4915944695297
1036,0.002196412733629239,187.49765395874945
1037,0.003697007328101189,62.192782062824406
1038,0.0028920076549831595,64.08078470593173
1039,0.0031479164079705776,60.183282197552096
1040,0.0038034401724365897,347.1387413152427
1041,0.002994125876772234,184.9463528497604
1042,0.0027773031081238892,351.30196388489725
1043,0.0018461099667051299,46.307058168207014
1044,0.002724970907628321,192.52965900477813
1045,0.0024047280697324465,345.9500421706597
1046,0.003023181037035814,188.1157853183045
1047,0.00336302025061741,47.79201001812761
1048,0.003641138909141912,61.85442527485417
1049,0.002985861468475176,148.20127131991566
1050,0.0034724626302521443,153.7982517095916
1051,0.004848933211373847,144.73334842619383
1052,0.004496504828172123,150.46695243765848
1053,0.002244175449933965,266.73918267114817
1054,0.002728875604281686,274.2559027373717
1055,0.0030017439038036516,72.9108771462382
1056,0.0021776539867756767,353.09952506124637
1057,0.0015750806307698588,78.32591223015028
1058,0.003156029278919228,187.77585727068592
1059,0.0022814582160977947,104.20339235463231
1060,0.0017512406541276711,188.20581691963199
1061,0.002583159248313246,187.4793090067478
1062,0.0024793109868354764,348.42777718408183
1063,0.0028070793034542366,55.88086445240282
1064,0.0035391543799712303,47.834322391786415
1065,0.004887857766328388,149.09692765385364
1066,0.003692226849344153,349.1813416567175
1067,0.0025534212994408824,99.46837605544434
1068,0.002774866130494047,61.24494722015153
1069,0.003514829060579884,184.90003413286067
1070,0.004150106125297708,102.83069054080461
1071,0.004119651101935002,268.26710604801764
1072,0.0028719854904972033,264.4778927579174
1073,0.0025574181620938293,104.80195569146949
1074,0.003425157256878564,151.13244339196353
1075,0.0019401180074842036,77.09626164829918
1076,0.0029722840142942285,105.84429675411805
1077,0.0031903679488864255,349.07937574605455
1078,0.0036863519742947395,147.31441710335983
1079,0.004384183964178261,100.02211077273338
1080,0.00297697027016837,357.4484886233672
1081,0.0031395889843757875,30.63946429378366
1082,0.0037251229459798196,104.76610622853961
1083,0.005406716810485103,62.38262767826539
1084,0.003313708996976292,29.339048440606742
1085,0.003907664363371598,76.38228672773226
1086,0.0034010086263571372,103.07147996468733
1087,0.004852942807300972,62.365583605942625
1088,0.003342022886948105,268.41566101926657
1089,0.0038105929356375286,45.3880886591027
1090,0.003274643256761118,63.083045827713725
1091,0.0025228780296717977,62.34748065602185
1092,0.0029439051450512814,355.16575399589874
1093,0.002708057112117372,48.23550229584347
1094,0.0021391818650905356,75.63352383278503
1095,0.005780495124350113,60.31929911653107
1096,0.0038614331656909116,144.4483670841712
1097,0.005387196605342665,31.191243244248376
1098,0.004319094019930284,189.07807886437598
1099,0.003713662075185582,74.54916325781815
1100,0.004204213234610004,32.88936376344606
1101,0.004145861516558974,271.0738358670792
1102,0.002364763959435393,29.648958892453468
1103,0.0036752503583946062,350.93591761683564
1104,0.004904985292126082,186.82480867596553
1105,0.004032311814126574,267.44679356043815
1106,0.0031738914396786206,269.82485294260977
1107,0.002695114136678547,104.70309416197335
1108,0.002423608961705143,101.54687288787385
1109,0.003450092731558686,65.21173063052993
1110,0.003101509046602362,183.63677157319756
1111,0.00274381408532711,47.95927471942385
1112,0.004269087190796445,80.25975511401694
1113,0.004337911838012735,75.11351275267555
1114,0.00385270482947067,187.41508598025283
1115,0.003200688535644539,61.14877401016308
1116,0.004518491820900553,48.464401675393695
1117,0.0026287098746436994,58.13030818952157
1118,0.0047354099171226715,74.04022961242447
1119,0.004896701142078618,76.8198251579803
1120,0.00461542996494887,348.83701822522914
1121,0.0037326237661205294,348.26225439438315
1122,0.003676928261227768,145.28436752819997
1123,0.002879832821735632,263.64848863302564
1124,0.004069485779394666,75.72006512816672
1125,0.003011227783824491,272.9818859141769
1126,0.0037170671373380833,49.49641550154403
1127,0.002695590435278377,30.910988949599652
1128,0.0040835482969838665,60.951561568788094
1129,0.005262056385434932,144.53399294105276
1130,0.0035450660474122164,49.03565893766313
1131,0.003005359633089728,104.14773285139174
1132,0.00352238837988877,104.49152206302763
1133,0.00418781563582913,61.958132408106906
1134,0.004351298006133195,271.83250468396875
1135,0.0038553285126368252,76.18714040693632
1136,0.004416225814222,76.63606500935471
1137,0.0037756743894832526,144.11140241336545
1138,0.007617807063948491,31.363397229252396
1139,0.004010813191014939,345.04456619225283
1140,0.0017583184147450335,30.612457310374488
1141,0.007111934886614274,48.33235704525685
1142,0.005005514624349031,59.66719480768762
1143,0.006092306254934308,44.735613816826096
1144,0.004728928121625627,148.52858943002872
1145,0.0044214651235309635,353.0545357708369
1146,0.00437094701569899,96.16933717534346
1147,0.0033554703450962816,49.42390244378682
1148,0.0035242245320170275,101.31182009908595
1149,0.0038516040516992076,75.60446178426568
1150,0.0036367371598777973,273.6808041685108
1151,0.005046419826465206,74.68670220186875
1152,0.002711086068847117,353.1283674149407
1153,0.003107148518459078,43.095735725129174
1154,0.0033422395491970107,272.1636398901973
1155,0.002810087088075929,141.85570435526498
1156,0.0037739760093147097,76.25764830190889
1157,0.0027279921968598295,270.7815257413162
1158,0.0032609003482603244,30.973738684264134
1159,0.001812334487608909,49.20058660470341
1160,0.0051716437186122306,146.24644687473432
1161,0.0038688052173109994,65.06840061612505
1162,0.00424040736602778,49.99545678824389
1163,0.0034033890837760076,61.11809897650907
1164,0.0038676567465617236,46.89356636903719
1165,0.003312686929070801,62.53087542681894
1166,0.006160645056463016,47.42473371993232
1167,0.005416554061259571,144.95688949878058
1168,0.004226184873214851,107.08714159425544
1169,0.004086506003454495,274.1819540954815
1170,0.004624607049934,77.95350282452378
1171,0.0039380539193329105,105.97689329604704
1172,0.005861463443764833,61.364182120698466
1173,0.004207030112901031,107.20997229450882
1174,0.004590897738396322,79.78127637876372
1175,0.0044309022557838,185.25591586702402
1176,0.0039864870314131155,63.32084633306305
1177,0.004598474852025755,72.3369725559152
1178,0.003221849892655043,104.45745824580331
1179,0.0028523404949144238,356.4015477990209
1180,0.0037514714653887394,272.21179124798005
1181,0.004157767858831337,78.83553957122216
1182,0.0031187590530984397,189.13218003776845
1183,0.004922186903747167,77.53098248865945
1184,0.003385672182756501,153.50655308998333
1185,0.003587505319382333,147.48125382950826
1186,0.0021183602098670644,350.7644373122356
1187,0.0013160674134269357,29.44831957755894
1188,0.00245713120481296,345.14575565798697
1189,0.0020027108344738034,105.94665575665736
1190,0.0017924439410402055,30.479406846310408
1191,0.003000481005791455,270.2893853022725
1192,0.0030483798442170105,73.50834821925314
1193,0.0030838325945265845,66.5244760677015
1194,0.0023421629796752906,358.9831017873038
1195,0.0035656373490313012,102.88491857928074
1196,0.0027339537296862085,271.8471581648011
1197,0.004608024025475135,77.7976922833218
1198,0.004734492754078719,105.75706550404442
1199,0.0031774818523595764,356.708564790995
1200,0.0023802024151263067,74.54220396587112
1201,0.0025009215873322385,355.6034118716751
1202,0.0022649397627545337,181.52589407929162
1203,0.00214897538786192,32.083959166540964
1204,0.00287244287362237,187.04504367442772
1205,0.0025261069167404806,99.07081051415895
1206,0.002472623503346998,269.96499090254036
1207,0.002859992606720837,144.64582752077808
1208,0.002689947665902974,101.16748922639927
1209,0.0029056770451041723,100.87384661168731
1210,0.0030448991487321488,150.01270103968116
1211,0.0023584680272768434,58.699441264632945
1212,0.0030736263977584237,270.9872500162553
1213,0.0023083474909344173,344.9662483425172
1214,0.0020244008245510845,271.6393848627771
1215,0.0032382050067099044,43.86462109389227
1216,0.004214792940886049,31.434055934843137
1217,0.002155843974679109,58.87834083881629
1218,0.0031273815728963127,78.36371575355689
1219,0.002569553233554651,30.346966514586146
1220,0.003374755253477139,347.66169608018834
1221,0.003486185729280837,29.46783058207543
1222,0.004268827515096002,44.91886050243256
1223,0.002677697323983571,102.98658698347278
1224,0.0033483990976900056,30.939519692318267
1225,0.004077129113809241,188.63821211649764
1226,0.002958992878998758,33.05784812690708
1227,0.00458873572382357,73.8476994748281
1228,0.00506858186004998,78.04004807741536
1229,0.004941180884578409,101.82402378095597
1230,0.003666497691992228,65.49361284700612
1231,0.004422723952419203,356.4359706396307
1232,0.003938229198306194,105.11327499814477
1233,0.0036629696865433784,44.976566303000865
1234,0.0036822175854156515,350.4453109143483
1235,0.002679450655948476,349.11131839549967
1236,0.0021387253390406534,272.0679491352567
1237,0.003952017458024044,57.122695498000624
1238,0.002676625949044881,45.20592302653849
1239,0.0028656997822212177,355.75019533686304
1240,0.0027912097830966767,106.00418787480001
1241,0.002137406914824106,32.378393234110355
1242,0.0033762815512238522,76.40017182587638
1243,0.003957714843055168,193.91819311153142
1244,0.0024483834580153433,146.15309839031409
1245,0.002491698753439912,142.61528893705685
1246,0.0035829785298042674,279.18911042129577
1247,0.002905517537046449,30.135115457496397
1248,0.0034684917445326965,186.25062124157125
1249,0.002543362962224537,31.11773449390066
1250,0.003441643436045164,147.1431420980689
1251,0.00352998992725863,144.68558898549242
1252,0.0024162670454372986,78.4611488454939
1253,0.003463212328308539,79.0791316891015
1254,0.0029098011850966954,150.4900082999129
1255,0.0034573366047165022,355.03584677141623
1256,0.003293106531753242,142.31565127766999
1257,0.004343415840244584,104.89227565669218
1258,0.0034770871683871816,80.71532207781412
1259,0.004449112633830571,44.21764031671457
1260,0.005521882674656808,46.563689143706654
1261,0.004708093376393663,78.90789176920606
1262,0.003481767413011932,45.42627343607302
1263,0.005068738367929025,103.07721403739968
1264,0.009639839647520446,30.644585172322046
1265,0.004259876364935033,149.6373770247549
1266,0.004265385356466396,265.6120224839568
1267,0.0034332759971153004,341.32940429679167
1268,0.0032061588765482448,356.4073389117894
1269,0.0035826798811578586,63.03446737838131
1270,0.002931286247705709,100.19637898483431
1271,0.0023690775759228097,62.98186875478742
1272,0.001980617103154972,45.17980748553102
1273,0.006482510928931747,45.219714047409695
1274,0.0037990703498569744,60.09600174109916
1275,0.0038066294477735376,108.2641056818356
1276,0.003162444432784699,265.98034345664854
1277,0.0018753322698918556,28.245456381653735
1278,0.003161849294799337,187.08247967846233
1279,0.0022855374348548195,189.37169985264245
1280,0.003101141777298041,267.9680267979877
1281,0.002221085259677509,75.83715473944177
1282,0.003374297414281665,144.16413819293416
1283,0.002813598858064309,62.85386614575383
1284,0.0027086336670149253,144.08503935929278
1285,0.00226204347719553,186.93743182212737
1286,0.004300896015122597,32.190726199630724
1287,0.004333277845117581,47.56425376519339
1288,0.004475856047358454,138.67520920899256
1289,0.0035139342338062858,350.65492549453893
1290,0.003959434831493716,76.33592670938258
1291,0.0038666304827370134,193.46867087472592
1292,0.004492727805805093,62.25567511674379
1293,0.003293573865743678,75.0051461625138
1294,0.0037667291074640007,62.723016060726316
1295,0.003335941845267713,149.59318178205064
1296,0.00584233359669187,48.265557496138356
1297,0.005074379593749585,102.95181401484305
1298,0.0044360703498559535,190.98016235742392
1299,0.004425488903116702,146.02240520985828
1300,0.004741758791292463,75.64187232761653
1301,0.004129280792613379,63.558511484035634
1302,0.005701247324726533,44.67054914006762
1303,0.004998184042878248,42.52006443932977
1304,0.005067769889754314,56.989610442562814
1305,0.004270623389386636,31.0897350652426
1306,0.006108030379637365,58.989501591556795
1307,0.006387116852772696,181.638354620404
1308,0.00572723442746792,73.78336809691554
1309,0.004252868367761049,352.1977876460226
1310,0.0034276007672115858,107.82426507657114
1311,0.003712251110383394,49.71514966428429
1312,0.004611775973435154,148.10194433630846
1313,0.00546607537275492,61.28808863225663
1314,0.004024887091693761,273.30184223575475
1315,0.002936142729351144,149.2788267782486
1316,0.002277154140881913,31.137852353291546
1317,0.002283512345495893,348.74833465528707
1318,0.003095770113924862,45.19927792208327
1319,0.002362589809273721,112.08537180583578
1320,0.0029505787822548786,147.9388896284241
1321,0.002221725717059929,49.796985201715806
1322,0.0032068943351938237,70.45467012315875
1323,0.0040050605100325565,48.500693241060006
1324,0.004149680501070869,29.952799382835284
1325,0.003942903353443119,106.71477072493218
1326,0.003400412224418125,187.84778915493075
1327,0.0019801774893682613,31.722277510252784
1328,0.0077158089923865065,31.17659548674158
1329,0.004498558167602054,190.5966117543793
1330,0.005099264743900701,78.94792415339538
1331,0.0039026674547490733,352.0434965868597
1332,0.004006836677526832,346.5284393695116
1333,0.003199744107781765,31.186337773041313
1334,0.0028999235260284075,353.64136634975586
1335,0.0033748854759098846,187.99869104127805
1336,0.0030513070915067393,79.5352858118293
1337,0.002583575954624496,271.29093832783326
1338,0.002553055259032605,62.16602606364699
1339,0.001746874120561353,49.206977853672896
1340,0.00344369832490293,190.00370068565547
1341,0.003801719072725973,45.066853945530966
1342,0.003994990711728573,145.070882854909
1343,0.004493344271302981,60.838263289674
1344,0.0037891594720477627,272.48912092832757
1345,0.004001547839957434,73.57058461524252
1346,0.0033504465634924953,353.6526945215267
1347,0.0045656324049775585,59.491106638349486
1348,0.002902599791417606,356.04563022706884
1349,0.0031302894970616072,73.69587710964883
1350,0.0031896097888592695,78.74485171116059
1351,0.0026334422839751756,105.91096797770858
1352,0.003044242315418587,144.99077944224453
1353,0.0027450942280680506,351.46203965475064
1354,0.0028852401284549726,74.47531922574068
1355,0.004000243815839481,46.324491351346545
1356,0.002921421322587941,44.81156149640157
1357,0.0033460876727006575,107.12605276359153
1358,0.0021834126197618543,65.53908632618402
1359,0.002729602945429488,188.95339677427572
1360,0.004507294506264112,30.32414662821822
1361,0.0028455550993261936,65.34959341793746
1362,0.004259011944233068,270.8231850491319
1363,0.003011873095955945,140.6945883637342
1364,0.005330333842972197,29.477349227591866
1365,0.0022192630098148724,102.78936280079768
1366,0.004868832369888528,101.34750809912374
1367,0.0040591692988479105,147.4232652492676
1368,0.0039102793633157325,48.949716401598266
1369,0.0038321951499365532,360.4086213081462
1370,0.0033941152778612545,191.81736130840693
1371,0.0025181966419810264,103.9887788045496
1372,0.005606669705292885,29.061191530510424
1373,0.003255373092319142,345.26769277990746
1374,0.0025675072143849075,349.96839389844126
1375,0.001288599875641177,49.08064915947834
1376,0.0025586676321416655,107.9878939447115
1377,0.0025176959637834583,105.36135944262594
1378,0.002682789278796091,344.5930690561848
1379,0.004092372183033542,76.58662371309079
1380,0.004579908445686504,48.28545576850466
1381,0.0026377756744231716,271.55712225769156
1382,0.002926297972733927,347.77725058189947
1383,0.0039759734913373404,50.94756755214594
1384,0.002066323147275774,29.9894390408244
1385,0.0027394102095992844,77.01900285999892
1386,0.002459523136929272,78.76116702357514
1387,0.003961411914063389,105.61294153365999
1388,0.00204812514908861,269.63193531628593
1389,0.003796055919477882,104.37540975672373
1390,0.003540131693741169,267.5857250519197
1391,0.0029258166510231064,76.3519176731018
1392,0.003655044130094962,147.40876928977232
1393,0.0038606831558040695,34.21222675510856
1394,0.005744421074833271,32.474436429038064
1395,0.004073335500923887,279.3633110949688
1396,0.003426429666407631,270.7971400147658
1397,0.0033833870050133104,188.05215934068025
1398,0.004011941630116041,59.41669034103079
1399,0.004509890776685567,28.856803801660895
1400,0.0038820533847323782,353.70552288558076
1401,0.004238628977799561,76.48142873908374
1402,0.003180406639820341,104.42516319811624
1403,0.002248672096984446,343.79335442101694
1404,0.003134080809153321,148.05060660059846
1405,0.00328414445212945,192.60915290169845
1406,0.0021518217337458184,189.99463539504984
1407,0.0016781836912881632,107.27190340932549
1408,0.003841954424921102,32.45265428974176
1409,0.004991118465991819,31.61922533591681
1410,0.002250823950620346,76.58587500240432
1411,0.0040422227670009105,72.44441768666606
1412,0.0035701996546137977,73.15868543423191
1413,0.004196775001686104,76.05665591019415
1414,0.003116967045635122,273.7316823923121
1415,0.005835060593281841,45.434951028009486
1416,0.0043693847278395755,74.64192372833845
1417,0.0037881597639240613,105.53342796674352
1418,0.005230571537806062,185.59225481621283
1419,0.0037625117434338753,268.98821788716043
1420,0.0034907057802072436,28.229065883623413
1421,0.0031063913004894354,30.808963850414642
1422,0.005248226124212334,106.73002123504364
1423,0.005144546162196563,32.15498779576561
1424,0.005259887858714633,47.024163689110026
1425,0.006510567052489131,63.621147692419875
1426,0.00435692187958872,146.4990638722641
1427,0.004048777110675963,106.94735842868174
1428,0.004864135439255244,105.62959226778705
1429,0.004044095165583487,186.77168799266073
1430,0.004300499405706598,44.29794172561547
1431,0.004047393298174732,192.03571439531075
1432,0.004416123364338551,183.1408315922349
1433,0.00447449809393809,269.39436367310583
1434,0.00289548729051603,147.51167541008752
1435,0.004014077808119275,190.44826331393554
1436,0.0037729919939292686,276.7733180364488
1437,0.003712787813294033,47.31311383117876
1438,0.004677245967901104,77.76395335273662
1439,0.0035711263476101026,48.26380249346841
1440,0.003944212337704938,30.447642129463397
1441,0.004326448826006903,30.242966975296287
1442,0.002841460765337878,350.28553893088895
1443,0.0030081586325580315,104.3026154576505
1444,0.0026686548636705634,274.2655871675369
1445,0.0029173546391920635,32.53306210486981
1446,0.004476254670304659,189.7473632453811
1447,0.0037439610451573653,48.508610740739506
1448,0.0027552224351494715,360.3364120142479
1449,0.0030782105797599697,77.17475372533731
1450,0.002348893561772879,270.5421071611417
1451,0.0014388906598344028,29.622687260745156
1452,0.004218542773002301,65.19590134417807
1453,0.0024494615166509846,354.8092669664908
1454,0.0025240063145324262,273.2706771112322
1455,0.0030697639099757494,48.331153742171864
1456,0.0024310520874434947,274.67832556307087
1457,0.001789956496764176,80.29296165000147
1458,0.0033693978671303863,82.30487389535355
1459,0.0028980884907453446,61.75882381345736
1460,0.002325067123649964,353.13659434766555
1461,0.0028236474731090574,61.0843587277662
1462,0.003255366872526915,145.58935904057958
1463,0.002814557309840227,275.0645385238095
1464,0.002779387850657174,193.60947960442718
1465,0.0020259841471199943,31.100844348529918
1466,0.003223490741335591,265.6697888576965
1467,0.0025879842247251935,31.369511874471684
1468,0.003383160062786389,65.28042203468999
1469,0.0025191951005107396,274.10523501033543
1470,0.0026945637501268067,357.97936062943023
1471,0.0020940416361651796,355.56989594082876
1472,0.0018480640030179652,355.768429493503
1473,0.0008920654245692707,63.22183605118263
1474,0.0021694190869016596,78.35070466701552
1475,0.002256756496016833,151.10735911350855
1476,0.002292584744739246,352.7140393393573
1477,0.0020687917338462385,77.45160981212487
1478,0.0017522481530310974,146.64472723855945
1479,0.0016043960660516116,45.013579797987944
1480,0.0026045200108361817,32.18927105856702
1481,0.0025383639036678013,347.2440220890464
1482,0.0029051515343431113,102.6752138354723
1483,0.0027553208198117895,46.36604598313463
1484,0.004388344283456561,30.816338751074138
1485,0.0031061057960416905,361.1669568524729
1486,0.004555770169136556,61.91625041128749
1487,0.004811391696606179,59.70608152686618
1488,0.0027524907124553835,266.0641508840859
1489,0.00339263355832569,74.15630822087134
1490,0.0041632617091744255,64.00083576366187
1491,0.005698036920166795,62.42936585750405
1492,0.004490287835234456,270.4201574053427
1493,0.0015667389811353822,31.2158830447995
1494,0.003786052955372445,106.08600544517334
1495,0.0038129496566631756,355.2798465836978
1496,0.004282711130360702,60.86756419039976
1497,0.006329486031311469,45.96130482159407
1498,0.00586786412998437,147.6502282267561
1499,0.0035663666985014907,267.10769492601383
1500,0.004822302122892534,103.36344039723998
1501,0.004703916990350127,58.84134700896915
1502,0.0038926352642454855,61.87093130225303
1503,0.0039992390038459755,344.06267641397557
1504,0.003388626128022175,71.3941295272923
1505,0.0027121895226458544,60.61457824514178
1506,0.0022987683903259244,47.19127163143714
1507,0.0036924683087799955,146.18709483478673
1508,0.002762720624598163,268.7365345283297
1509,0.0035341097611923085,270.99842495691826
1510,0.0030883720574610587,103.98014066073664
1511,0.006704550348362757,29.70199040795679
1512,0.004012765949827836,31.883545567219095
1513,0.0034211421667793263,70.11970464954253
1514,0.004260840035016913,75.24850919368062
1515,0.0040968831870423885,33.34002598766085
1516,0.005588904664634626,74.58795483571396
1517,0.006135773994567382,75.31659823052514
1518,0.005061706142057542,271.51625612412766
1519,0.00493415197484803,62.65965164639802
1520,0.005411855321761002,341.7755023755064
1521,0.0032807914960588753,273.6841018623746
1522,0.005636505843610324,104.3059192738219
1523,0.004137817964227534,142.66547227279094
1524,0.00393234712310704,101.93351427011588
1525,0.005626063348954323,63.694540350424404
1526,0.003835729262727116,143.37637318103387
1527,0.0037164643631669983,29.027934303181897
1528,0.006269629935867654,61.47024654654332
1529,0.005171855284012004,73.16595061957186
1530,0.0029381013975860416,106.40716243595293
1531,0.004189591304950846,189.27147083014717
1532,0.005485978810573909,186.81982220607773
1533,0.004994784380290763,48.30207736067979
1534,0.00453500237101814,144.43874417070867
1535,0.003342733457609812,358.9966612037356
1536,0.0035835665289643244,187.07189962106816
1537,0.0037570661293255202,149.3651980364055
1538,0.00275347801829243,187.60036252306006
1539,0.002258079642376391,191.1466663769248
1540,0.0031289243518201437,189.4380544370862
1541,0.0023828092072607702,265.25076063853123
1542,0.0029716795966581552,147.76814750908235
1543,0.003591524756917057,78.94608051747664
1544,0.0029103776444038697,30.57929910160925
1545,0.002996739062440047,270.04328385296867
1546,0.002961670539324465,185.27729136330586
1547,0.001979426046504655,48.23038588381055
1548,0.0036221555802094865,74.92010850321513
1549,0.0028481694473040677,351.4403969994941
1550,0.00467735371575355,109.55295024973229
1551,0.004145051968490324,49.58017519760609
1552,0.003310120257744777,46.958833612855855
1553,0.0035880208464809135,271.82441870255036
1554,0.0023501101720451605,279.9497967330774
1555,0.004123196423561553,30.214730949359737
1556,0.0029674354276177893,184.73548568672967
1557,0.0037596104168849047,49.12723210499952
1558,0.002272164003756941,33.85207079282127
1559,0.003319310788686959,44.334422482130826
1560,0.004555372673072772,32.08489681738949
1561,0.003826838835825933,107.2610230611783
1562,0.004501993244535772,188.13893984879442
1563,0.0034963385587872555,265.5573457671759
1564,0.0028425614317084055,268.72338379002605
1565,0.0040725752011427615,72.613175227444
1566,0.004084838428473001,100.46624780357178
1567,0.004848362620470067,61.24174153980261
1568,0.0025991901380951854,49.71102141417424
1569,0.0038371707571417907,267.11800130779005
1570,0.0046611534218589604,45.42638880643024
1571,0.003135444721268343,356.80117339983207
1572,0.0026115795930805193,46.73425989416601
1573,0.003916017488065975,80.81380449687279
1574,0.002914739398678198,188.30416006554663
1575,0.0028082219741237474,351.94851935063423
1576,0.0023322107966556303,354.12427709577645
1577,0.002994404578934449,185.2240424858655
1578,0.003848898629728175,27.76839615824545
1579,0.003221842676648132,357.0590889834582
1580,0.0022335552208411122,73.29009651632134
1581,0.003370582585655659,107.34293709371337
1582,0.002721632359039881,262.9125660173671
1583,0.004183601457374276,47.572658171505516
1584,0.0034526048445936604,272.32686369060576
1585,0.0023639432196244435,31.27636513350634
1586,0.0031218488862957304,357.00872477788465
1587,0.0030556886494312054,146.0806365616402
1588,0.003210586084862089,271.99244931025913
1589,0.0015571195016001673,106.1322303390764
1590,0.0032763285910802483,105.87707240282296
1591,0.004257791625826251,74.50024810710521
1592,0.003704592945480381,350.557741950544
1593,0.0031175687840299658,78.40167390121071
1594,0.003136218789329766,358.6291983673853
1595,0.0030953558404549436,144.6162576217484
1596,0.0036369881378246842,76.43433566258997
1597,0.0028197972920867777,31.171900710961125
1598,0.003191040627081582,49.17841802833995
1599,0.003987671283923678,271.5931065319512
1600,0.004003428121241332,74.97022816491814
1601,0.0024269252590924085,109.57681338588897
1602,0.004589368734402124,268.8755423861772
1603,0.0034941671586308917,108.37324101017697
1604,0.003837389925222654,181.98008363308915
1605,0.004553024148255394,30.873893972974354
1606,0.004192230820466401,59.704587805893844
1607,0.004386516554544729,104.40691197098188
1608,0.004260700554298707,105.10750316391297
1609,0.004976980496620238,145.45299904646456
1610,0.0036613835766510076,28.75812831066755
1611,0.004524740189901002,108.06613566430931
1612,0.004442952861076077,31.677895241399067
1613,0.010379099653867095,45.974105647906214
1614,0.008413608607559188,73.98640144640507
1615,0.004593472016485343,343.30529513200526
1616,0.0060836464049239345,61.891474322180024
1617,0.004953809728066205,146.03639467740607
1618,0.005064144902700486,149.89553216555876
1619,0.00449819942591253,101.52952724315514
1620,0.003322150511093254,265.2928537360072
1621,0.002591425673572457,66.24781190154923
1622,0.002617552686016597,270.2130052190986
1623,0.002968520377082875,147.91076102940312
1624,0.002512052805117091,60.66687040993075
1625,0.003587174210141794,357.2694753702099
1626,0.0025047181715467793,190.70869201379605
1627,0.0020955499488447514,189.1858896164341
1628,0.0026153949331705214,190.13997220833377
1629,0.0031367931175984927,44.91652020423151
1630,0.003543154719827234,78.12318037043984
1631,0.0016969128299189667,46.1027361616001
1632,0.00415561451055427,48.58979345489383
1633,0.004496288943593785,59.904066453231955
1634,0.0042783506547929276,267.7698364738022
1635,0.0027991073557788377,189.2536543805783
1636,0.0038097830603742904,190.83050461636114
1637,0.0031678345056664215,354.505560111869
1638,0.0030973641916864072,74.5608471677772
1639,0.004259103541237853,269.29373835288845
1640,0.003730871300252726,48.64997063763347
1641,0.003919007482035273,150.2621061595756
1642,0.0028304081031845425,275.1237938815045
1643,0.0024720601432153175,152.61904515747568
1644,0.0032880423539732506,63.135422214383354
1645,0.0036630335809481407,56.81279890261101
1646,0.004916659699590347,30.995300020871117
1647,0.003925836796288668,77.25940205996433
1648,0.005221030058174651,32.66178740315718
1649,0.003191272201785746,150.57875331560294
1650,0.0055302932925205195,31.879390657351465
1651,0.004173470613374053,29.818718561519177
1652,0.0035274471680547424,356.41998712545615
1653,0.0029336227486363013,264.5005286338584
1654,0.0016290981179322857,50.464069062676124
1655,0.003958959705755052,357.33494651001456
1656,0.006328618751881136,47.23624862891998
1657,0.0026663938478007584,275.8660127473365
1658,0.0023542458199131795,148.7728495065821
1659,0.0028591738251041166,351.44525710982776
1660,0.0010650665214504034,30.84607284587795
1661,0.0008897977149272578,33.13780632844573
1662,0.0035145136324283292,147.4255202639426
1663,0.002631049484697673,358.4981574697268
1664,0.0016540424097409665,32.00671592507988
1665,0.0027933122150114223,30.224404547965264
1666,0.002821993985880627,192.4165849202014
1667,0.0031682571943601554,357.5138540719479
1668,0.004450324419353406,48.556001741793224
1669,0.002531996915776528,140.17504776030611
1670,0.0031363102464390317,48.06870468064765
1671,0.0024343429842196064,351.3852733823893
1672,0.0032116495767695596,48.170515040582494
1673,0.004766414662963843,105.27290173762883
1674,0.0037156278602489827,147.32911285655985
1675,0.001667462610729954,31.923623420485022
1676,0.002941742862014384,57.174116692846475
1677,0.003602443027080932,263.14042777538634
1678,0.004486831348773334,104.2047399393257
1679,0.0028089323120991435,270.6569180064429
1680,0.003468106141064289,102.48134339179963
1681,0.0037502282538475476,146.33131259553454
1682,0.003074456924071161,267.62448466222776
1683,0.0038015791564618468,61.3541062033341
1684,0.0026853879761884773,46.6926714897772
1685,0.0040429063320949815,152.1667754852196
1686,0.0030179791287377454,73.72417271714549
1687,0.003052778493576088,145.82191415913292
1688,0.0032082574532619795,271.5424248499425
1689,0.002188940860867145,351.6292769107901
1690,0.0022753101289212777,47.27537765980337
1691,0.0025868637670825403,355.9071525066754
1692,0.0031081832166819368,59.90021306675367
1693,0.003600730002082684,146.47071199038584
1694,0.0030258213003635627,60.21605395264525
1695,0.002434253936333104,269.2284934231447
1696,0.0033626720061285006,72.28814820084305
1697,0.0031502247352428116,269.3897281526222
1698,0.0027582314628412184,62.24108094256823
1699,0.00355566134485657,31.50948137653356
1700,0.003414112817440979,143.12880779704383
1701,0.0029947288111674777,352.14563525771507
1702,0.002714804781301699,272.5654190942072
1703,0.002121983632549149,185.22321891934533
1704,0.0022399108700124665,268.9139091942937
1705,0.0020367553140626833,271.28063642435274
1706,0.0032689232640881654,28.34205521894351
1707,0.0020431116444153256,145.53555482016623
1708,0.002815313552043965,106.32323855133018
1709,0.0022165741737647775,360.16667182251916
1710,0.003316227994846172,28.886288302731508
1711,0.004100406894175303,31.583504223234943
1712,0.0038362288821012155,188.87970724818422
1713,0.002339689383327016,273.1698590484294
1714,0.0022710191486394124,273.0732383991331
1715,0.001999337814595492,48.02687631369287
1716,0.0019327599031315073,99.41664952762137
1717,0.0025144019475254907,31.987690966769183
1718,0.003059092950184329,187.42888781938709
1719,0.0017814773371170858,61.75066338050879
1720,0.0023061246977074635,101.79200113371431
1721,0.0032536906543788754,76.2730177369487
1722,0.003009209505480466,349.44787147112004
1723,0.0021455250171713226,351.00399421542903
1724,0.003549470399500921,145.69793110327623
1725,0.0033220506849265174,27.223591312029512
1726,0.004984850603574098,58.04076036414728
1727,0.0036756818245252568,267.78297562382596
1728,0.0034148343921262176,188.67515552387107
1729,0.002058053589968728,76.0903208370993
1730,0.0036819274015403515,30.873072292690566
1731,0.004193027851539166,64.1631483695536
1732,0.0037466690166350508,275.3362350130575
1733,0.0031411302613970297,147.94921779222622
1734,0.003625593928022268,43.650251557187204
1735,0.0030009058069087598,184.14637573610736
1736,0.002560436113449445,60.80950228247833
1737,0.0024090811231282125,73.24930733528524
1738,0.0029075827114866115,30.886853898468278
1739,0.0031334403603854666,63.31154225877761
1740,0.003837524002161435,355.9507329930513
1741,0.0030992161564962076,349.6217863250165
1742,0.0025422193290716142,141.06425797869426
1743,0.0026159245884381393,61.61012724011205
1744,0.005071644993883886,47.528927313009795
1745,0.0032590459113541245,184.2759975176437
1746,0.003256057597299875,148.3911375388832
1747,0.002777623289225182,268.2446020407914
1748,0.002521370797316097,142.7328406554628
1749,0.0028641086007354945,360.33435067452325
1750,0.002818374780989272,350.83984352611725
1751,0.002103484166484024,76.9251734187146
1752,0.0027633398276520893,78.36610764432847
1753,0.004047746029509408,75.25341379066505
1754,0.0017907414540704021,45.810076514626225
1755,0.003364337628017193,102.51429047416364
1756,0.002835799307045448,61.93487270424709
1757,0.003403338746291131,105.94402014630722
1758,0.003173585693730274,46.31998346320239
1759,0.0029892508364041687,29.64335877058195
1760,0.005706676483420333,146.6750630265481
1761,0.0035634504513151104,346.1912740017582
1762,0.0035876432595449096,45.191182419085195
1763,0.0036589947769218117,273.1202057631387
1764,0.0037807673686953516,62.237018512248234
1765,0.0030603576103773885,60.12033358606644
1766,0.005502134690896827,104.72968554784734
1767,0.0035126379491351866,32.63083226166776
1768,0.004546525060748574,189.96438186198324
1769,0.0024159003833946454,45.98333226246685
1770,0.004470097835250131,100.04165095895046
1771,0.005361832976857315,190.98654159586528
1772,0.004103723683353589,76.40013900917162
1773,0.0041700505543513615,102.41575809184944
1774,0.004013521486881408,270.15369657103696
1775,0.003614391014357702,108.0327691352173
1776,0.0031643309270968775,180.65480373600658
1777,0.0025652123708129956,57.8487207153347
1778,0.0033100733178518848,105.88368326332414
1779,0.0032548069915284148,270.9954895071536
1780,0.0025136590765940723,147.63203712413343
1781,0.0032975645882778247,100.89768153403514
1782,0.0037211552591433425,143.6169959957189
1783,0.003425381956171455,108.42727197411624
1784,0.004679816048804708,77.75186238586055
1785,0.0038445289044211303,180.51525937266229
1786,0.004360109028434758,76.65567087942681
1787,0.004425045028745864,108.84145726846907
1788,0.003873878278169506,145.09321553729774
1789,0.0035318566076480047,275.61787139878817
1790,0.00480875880550064,47.49120121136967
1791,0.004244036410620372,42.411910244911844
1792,0.004623488563638757,63.99943722312783
1793,0.004134939757637472,77.23752997652906
1794,0.0036693526618379975,63.813899160788395
1795,0.003409072674528456,270.16009754074537
1796,0.0034765352097237317,186.03289696543746
1797,0.003398811253908907,358.2072117426824
1798,0.003440925414366034,76.33191447650618
1799,0.002641582833581819,359.1039705815046
1800,0.0021721139323287067,147.49084486331589
1801,0.0016642211333489215,104.79257341371807
1802,0.002140771810199776,79.00600498017563
1803,0.0025453033864362424,353.55232131406035
1804,0.0020399161443161906,46.792662826797844
1805,0.002287180258411956,272.5141254763741
1806,0.0024012153615350497,358.7953484815188
1807,0.0015142207696437647,79.14248137586728
1808,0.0023723237648191945,189.053615471245
1809,0.0024261403056604243,32.228313589133236
1810,0.002876896776581554,59.24933752039259
1811,0.0028322138833434527,57.54656305518639
1812,0.0022342236692426153,102.08306204852606
1813,0.004320092147421606,101.56024356999737
1814,0.003735664302870852,191.56151945163845
1815,0.00336303854287094,44.289937409085205
1816,0.0023708150569094672,78.5125661847104
1817,0.0031296560977301545,273.14759143196693
1818,0.0019936384562932855,29.994980953886273
1819,0.0032180463006695323,105.06127511960668
1820,0.003840207444944765,265.5787461542084
1821,0.002649249034405519,350.6623676017958
1822,0.0023817043090753735,186.09407654248488
1823,0.0025846650392644,193.31537657855165
1824,0.002480362558509858,50.8479583761951
1825,0.0026211231068504577,189.3915238042227
1826,0.0025397470798849664,265.54469795266607
1827,0.001805996375878749,108.79988094642034
1828,0.002847158963329723,105.49699275535254
1829,0.002455525860899467,47.63518721627729
1830,0.0053100188653499225,79.30099738258585
1831,0.0023960323391104886,32.807786772327646
1832,0.0027757430385744303,149.40944123412996
1833,0.0039814968369962745,101.3218577517751
1834,0.004412598784704604,264.32292468875403
1835,0.0038498335473339234,272.6014680127446
1836,0.0031661476759107117,351.4370216931607
1837,0.003350033335188082,152.06481541492695
1838,0.005926330901525818,32.22955403547506
1839,0.0043480182969782115,29.572312227857417
1840,0.0038391667617711043,99.55517396963398
1841,0.002295198899258233,30.16122637869963
1842,0.0037922050976556274,78.64177920788757
1843,0.004448597713790821,145.95764462304518
1844,0.003385788956251958,77.51788132746363
1845,0.0053279429948116346,103.586606672254
1846,0.0033324503356854302,191.94145058018282
1847,0.004545545786011364,104.7441493923926
1848,0.0037502642513125486,355.68058867555493
1849,0.0035150161135770637,148.2946509474084
1850,0.004437583313496174,31.266387426639586
1851,0.004057580215955498,105.99026191202208
1852,0.0033548153743738797,355.83027882486914
1853,0.003328794962930805,352.76997823667705
1854,0.002355872716071968,62.6793644636393
1855,0.002239663610287773,48.966321457502936
1856,0.0020021490188625295,64.33137086977699
1857,0.0011802571326287844,47.190167163803764
1858,0.0026892026295881498,63.20967965459526
1859,0.005443495023952229,62.03063882300547
1860,0.004235125291055762,150.52047589170948
1861,0.003711232022334147,33.54771673384304
1862,0.0037738652473906543,355.99966188958996
1863,0.004642331953148422,30.094797005562118
1864,0.004047159186834156,105.89673298225982
1865,0.0036489221849227886,32.05263642344242
1866,0.003927103849186487,152.45097899093483
1867,0.004922892867939113,76.51668275278372
1868,0.005268117092147816,146.15106246580538
1869,0.0038379278631378486,357.5913384062419
1870,0.0033333080120196397,144.59781176462562
1871,0.0045753138301734,108.43721389400639
1872,0.0026288753996824505,352.56171480721025
1873,0.003018620919892083,106.72647875203707
1874,0.0035880627853948307,188.35530696480384
1875,0.00298848525359902,105.09096623474043
1876,0.0032211256291041286,47.50135641719583
1877,0.0026121359367229065,147.7643612094989
1878,0.004096074981003467,192.25691651290552
1879,0.003603722015841267,352.9394859722619
1880,0.002453346541654822,73.22435312660792
1881,0.002697133350196244,355.1327739232446
1882,0.002012213679790875,105.66801317930727
1883,0.002150131760816331,190.90323392783532
1884,0.002647457938894212,29.388485317738212
1885,0.001585878104378935,32.460324899187945
1886,0.0024137743560211015,354.6112482278359
1887,0.004404624592631268,29.3356573662934
1888,0.003653998418551205,188.8514671255845
1889,0.0030050251691311597,354.4843001757183
1890,0.006118926568888128,33.76999244711455
1891,0.002652159308716261,268.3036159186493
1892,0.0036180463217936405,149.72807020459112
1893,0.002366288412444052,106.074711804323
1894,0.0031134870989097344,49.82233386637284
1895,0.0025036964167107676,77.64899595755044
1896,0.004086808307921135,61.25702174926661
1897,0.0036418801573550896,354.3354822065175
1898,0.00572697260990075,79.10056784412453
1899,0.003480826360993722,44.61373037071036
1900,0.005722739265779223,46.95953086105971
1901,0.004437691756510713,100.91120160267668
1902,0.004592547523995089,269.56206070231985
1903,0.0036128489001319244,194.58057086976498
1904,0.00507116568110792,74.0782950054812
1905,0.003340421117429005,277.3624552760657
1906,0.0027003562211356095,31.351937646936467
1907,0.003242131622140681,271.88000428156215
1908,0.0028016240027901747,32.6713827928709
1909,0.0037010695844391824,189.900776380657
1910,0.0026506753256867765,184.5342234613101
1911,0.0035275870385213727,107.77164245827421
1912,0.003916022843333263,62.431292642485545
1913,0.005858460508973402,30.072082705321396
1914,0.0034758347485029815,31.78509396366964
1915,0.006327999529432794,33.31219922268279
1916,0.004490391556489266,61.971426026812125
1917,0.004453330356067026,352.6210416516795
1918,0.0047822449652825,147.74538731823517
1919,0.004993395195678034,62.13473184335959
1920,0.0056113893767838615,189.1504506835111
1921,0.0030327899115482008,146.38252566526617
1922,0.004556869700929776,74.7866843540104
1923,0.005408418174983336,107.24166497073965
1924,0.007069003286067693,48.42898175240063
1925,0.004031225892158289,273.37594783095176
1926,0.003121086864338554,185.62557661156356
1927,0.0031076136048383335,185.50357509647498
1928,0.003975634815917048,74.79328327408587
1929,0.00281924243344375,46.26966617268214
1930,0.004139603665965662,190.9196726926122
1931,0.0032668481955399854,187.27473794895815
1932,0.002521716312050145,189.3133025650462
1933,0.0036822043788230408,49.707182899157594
1934,0.005017911159236312,47.02908861410958
1935,0.002421127400117945,77.92685798792083
1936,0.003915491549033222,31.805728645076876
1937,0.004008477551906253,109.5801183623002
1938,0.003349053433564607,189.57047602537077
1939,0.003517362115091338,351.19044505592075
1940,0.0038148126115519695,150.58276727921233
1941,0.0028722384670580707,30.02449909484532
1942,0.0038568626135914914,77.69897846952507
1943,0.0037218633059047093,190.26374260951286
1944,0.004409215762909578,108.44125071754509
1945,0.0037139471899920373,349.99088193746195
1946,0.0027165059895121455,190.71387172140237
1947,0.00111592827943241,46.14171190764957
1948,0.0031411471525267377,30.679907104023908
1949,0.002347334360569346,28.831672131234416
1950,0.004296709750530976,267.57888658313027
1951,0.003496136651881382,359.14392071764127
1952,0.0027928556836913404,72.7488816180477
1953,0.0031344039248183764,184.06182323421228
1954,0.003341100598057911,190.32854902695087
1955,0.0037300823596524424,104.17898096903207
1956,0.0030635049881286096,273.1230559013274
1957,0.0013087658938987974,79.65793871097914
1958,0.002711711895637957,73.43263007503
1959,0.002284217924433133,146.95191007534947
1960,0.0012898581066863321,30.295374729792744
1961,0.003078718854607466,358.83326655746475
1962,0.0030107199061854646,32.199956713785014
1963,0.0022351592371286154,105.85515828109094
1964,0.0036086610546679906,271.8007768630238
1965,0.004324819666839301,29.681499852391127
1966,0.0032740206572885707,273.5708849699353
1967,0.0026466397979149825,356.2914696553351
1968,0.00248990019814388,353.8705879251467
1969,0.001845203544568276,354.6882693499278
1970,0.00210384669398164,42.82635870445363
1971,0.0017473153594757015,71.80685601940513
1972,0.003045843569923128,30.178457722070466
1973,0.0025759428712758977,359.5630576120615
1974,0.002075869057620907,76.3722165433379
1975,0.0024707466314578333,61.56272937780801
1976,0.00243398169155718,59.96198842502564
1977,0.00513117011161574,46.633887566385276
1978,0.0043518801758182235,105.9969119494893
1979,0.0044625146005399016,29.662538032476085
1980,0.005299263660080297,46.7873343147936
1981,0.0041825617026288765,30.662335495790508
1982,0.004495916089276243,147.40089019251639
1983,0.00477813585438154,279.14904692322136
1984,0.004178307383119465,75.67751794633934
1985,0.0048461223297216255,101.53395363174322
1986,0.004653580643515836,60.507575558972235
1987,0.008289232521053498,64.44548454588744
1988,0.0055348446587262425,62.70684972844413
1989,0.004206944606231935,100.25013450915921
1990,0.00582579088090411,46.64039609065932
1991,0.005108974177512044,48.4472788417989
1992,0.0060239486291998046,345.2506491226114
1993,0.006176331799204661,150.57756642916
1994,0.0038379329194308063,107.2459134476792
1995,0.0071119683727209285,43.530194016564415
1996,0.004637435950578286,48.41064938609269
1997,0.004706694957873216,59.5845149244934
1998,0.004180934592985762,192.52484498742115
1999,0.004316270350385129,272.0005082936071
2000,0.0028769774242605574,356.7610814552059
2001,0.004758548206320318,45.157430707686295
2002,0.0036783513499138846,31.534699281687672
2003,0.005147088102017671,64.47218544042683
2004,0.0058403074452309574,46.77049611764387
2005,0.003631321195694559,353.71730452730134
2006,0.0035546660054189324,45.94735731039766
2007,0.00412191717691009,186.71919572510032
2008,0.0031477939195910854,179.73913376693943
2009,0.003534765019756347,61.59239796302709
2010,0.0035569897569915224,108.0630740910432
2011,0.003093450023972776,148.05089729871096
2012,0.002202128687565926,77.48618871114277
2013,0.0031105729488852627,34.10108816539503
2014,0.003452230916671294,271.06362108954863
2015,0.003954953472305238,268.3635075802697
2016,0.0024203506319940187,30.08649860511315
2017,0.004335892016288855,191.29584532562757
2018,0.005224036544075653,30.803910986908733
2019,0.004174909899530307,276.9889635832935
2020,0.002682660222588409,75.91774498589304
2021,0.0034476721391410742,146.75148173137555
2022,0.004484671196643411,101.99839173048561
2023,0.004061716490812958,75.19264132321996
2024,0.0037585092729124346,151.52340236829653
2025,0.003295052293705179,363.525713451046
2026,0.002998096893031514,151.17226233026105
2027,0.0028361020173375633,76.02242619924584
2028,0.002823708395965545,353.9932025194548
2029,0.0023423766664375854,30.893751790928906
2030,0.0026307392189524902,105.03947082157607
2031,0.003080781758895186,50.03460151729527
2032,0.003426181917191194,31.754160438352844
2033,0.002942724138909213,64.53235653263211
2034,0.003647352561913554,265.4365840337323
2035,0.00340469246526789,274.9475430018408
2036,0.0032850666797919112,276.4192048718195
2037,0.0041696499053862435,49.68758937796744
2038,0.0028696579432877256,106.57184916208705
2039,0.003288809204850868,79.31511070670747
2040,0.005118567232833861,78.31642418738693
2041,0.004171286595486426,140.74760477614953
2042,0.0032429851874275113,146.4128782678008
2043,0.00410367248136586,107.79815792576356
2044,0.00333171289779794,356.73181363985157
2045,0.004885996450897034,145.10457560165526
2046,0.004891930588060014,272.42200563712976
2047,0.0028667364808778488,186.1113766144061
2048,0.00258798634849182,107.6423665378608
2049,0.002381772801183271,76.00901886041777
2050,0.0020946704531230056,79.16421980455927
2051,0.00336569908424942,47.38595208608229
2052,0.003562441703642917,147.03042195826504
2053,0.00448419940578158,105.79346798379136
2054,0.0032994794240326433,352.24566185563486
2055,0.002740080574906226,60.61442918560189
2056,0.002723136560485602,32.3784927833144
2057,0.00347761975109069,107.26495248819027
2058,0.0042227977977807125,56.46154811606813
2059,0.0027635387683600326,75.88373638490906
2060,0.003666615973139722,274.975405384834
2061,0.003891786417729321,142.71204841508396
2062,0.0028799654481744823,350.2534962704282
2063,0.002904484651715149,189.25206752119712
2064,0.0014113842677364698,45.95544827981576
2065,0.0021686823655095474,61.9529876951118
2066,0.00397853045118658,76.49906685689129
2067,0.004826513053934644,29.35508826000574
2068,0.0044364049626401045,75.6158687858065
2069,0.003091277724528594,188.90999764745092
2070,0.00432962502123752,272.96919494634324
2071,0.003201281906435214,355.8849479557556
2072,0.003279870597977536,102.60464757093507
2073,0.0026745332979072165,105.06444076988969
2074,0.004522764110407553,76.56589519167864
2075,0.0057753105398164325,48.027340411427076
2076,0.003764058797969483,45.47591082716987
2077,0.006520834669241925,47.46640490099759
2078,0.0034102246957491704,64.69478065468492
2079,0.004004184208868947,267.94009898485507
2080,0.003912399117166845,145.48145695400498
2081,0.0030242543755869926,32.79440821581181
2082,0.004038507496438461,144.5820072481761
2083,0.004096254779834056,274.3460318671007
2084,0.004162127616266735,61.17010214231939
2085,0.006119447813222811,31.366159009108074
2086,0.004307896347926232,147.24758795052918
2087,0.003667022017514289,73.15163301548183
2088,0.003667893185208836,273.25503272382633
2089,0.004845421832026753,31.52885843784762
2090,0.003729414600268777,30.302998796657143
2091,0.004689939958979993,145.51920812684384
2092,0.004199816171693755,183.25060623658834
2093,0.007334408841907626,76.80049258704605
2094,0.004400741665799264,101.64499466064082
2095,0.002446327668514055,62.238821480567026
2096,0.0025890226209991274,46.71945953711346
2097,0.004267581895272113,272.93020863895373
2098,0.00357205740322664,30.826791257266336
2099,0.0035997208175411314,268.2940677084838
2100,0.0034200869961972095,78.05899646356906
2101,0.005969613685698966,72.83510774657455
2102,0.0037593323345454723,265.02118855767696
2103,0.003835610867761054,48.11215352300248
2104,0.003713555804762981,182.9469589541338
2105,0.006997518017857962,30.78429164992598
2106,0.0036109412629999637,105.62966281365722
2107,0.003736256351603149,144.02719476996074
2108,0.004188457593487771,79.68328018761822
2109,0.0032472338493421005,76.15666850287072
2110,0.0036168101691824417,61.39251632855887
2111,0.004309041346290141,63.245444965043674
2112,0.004120287599082961,77.95385660420196
2113,0.005070275808724671,30.265342746787937
2114,0.0030927699302437605,61.44252904939117
2115,0.004426383620611118,272.30563252646755
2116,0.004546023017197869,188.17185013137038
2117,0.003699155241187148,276.44367711309906
2118,0.0033859548033443113,351.9116256841068
2119,0.0034686767935104747,108.41224375487367
2120,0.002135154815764038,33.407835179725
2121,0.0036186368485040168,188.86859880016604
2122,0.0021754558349020223,145.16941599154023
2123,0.0027114824527312434,144.86355693740674
2124,0.0027482463539910762,184.50055788407175
2125,0.002542143765141497,350.20539090053063
2126,0.002131136125424814,355.0122319220336
2127,0.002471294971738561,47.473911553548696
2128,0.003029130131579332,148.82877002302146
2129,0.002249967832199826,355.37610732413793
2130,0.0017775772847523242,185.804809392382
2131,0.002318638529931587,101.87336520936975
2132,0.0018914595208472521,189.78501971185887
2133,0.0022484817152897602,276.9215133561704
2134,0.00242289663254726,350.6751898099007
2135,0.0021220530097461714,81.90060277277674
2136,0.0026166686380944353,78.24518540932615
2137,0.0021494193595397054,358.81505685776324
2138,0.002512718293427,188.1755424682314
2139,0.0021590786798549597,72.03040072896344
2140,0.003346415988867316,76.2420030007055
2141,0.004933081766982985,73.75249462039277
2142,0.005483785158668814,45.53954052047341
2143,0.004018531232191744,146.7338765322751
2144,0.0037286298438324985,148.27095859256968
2145,0.004301951819208036,77.2157842365901
2146,0.004145941435282223,353.2785631087387
2147,0.003630130095599001,268.85908445440015
2148,0.0024848737796383294,188.7460410885829
2149,0.0028228897254676494,78.95291565491009
2150,0.0031161556053120876,47.892146987194764
2151,0.0034717527115709665,79.92902053453524
2152,0.002932996452111214,63.00662449668355
2153,0.00260717954709673,361.09889149684136
2154,0.0031054560111573965,189.02597978644297
2155,0.002102041014963183,270.4598216077153
2156,0.002539302046552364,268.56670597341366
2157,0.001455671695194641,44.66029919768283
2158,0.001531906806058973,31.260402555949845
2159,0.004037516835084515,143.7835011399556
2160,0.003802335332123113,61.548689892538405
2161,0.0035720292435656464,271.9107459376321
2162,0.0033543627207010913,75.49318571128774
2163,0.004436776369009356,75.93468324072076
2164,0.003145135651881043,275.5526395280346
2165,0.0049733925650137034,47.77636292517658
2166,0.0026627760544523866,59.85884428333923
2167,0.003945458324919527,188.55143001258546
2168,0.004670636491445711,75.0074035563687
2169,0.003870389579947421,189.56015437182288
2170,0.002855532515715028,272.5756093537473
2171,0.0034233907396716452,30.947236239477814
2172,0.002740076206903503,31.804173288918967
2173,0.0031195164603139767,109.4000821807032
2174,0.002983991344353367,354.5376186645347
2175,0.004090464199459977,102.33480250079607
2176,0.0026683676490289058,145.76116546327114
2177,0.0023958806047892846,60.25555039340501
2178,0.0036054400510149263,191.3723286552527
2179,0.0041730133104375825,263.09333433001905
2180,0.0034239619052851386,105.132300027675
2181,0.0032992057940889373,356.6016337789914
2182,0.0021118409554569204,102.31408298501815
2183,0.005373780245306613,30.408439920954653
2184,0.0026558212775853463,62.22171790982537
2185,0.003516847276486829,348.3969691985424
2186,0.002922547321599943,193.09856569855378
2187,0.00199536659007348,101.07167994802347
2188,0.0032037023643490203,275.83392120639917
2189,0.003030888739389907,47.68782513577382
2190,0.004556400837993186,47.57574867779108
2191,0.002125873146096951,32.79773242173751
2192,0.003787498697332688,355.17355052758086
2193,0.003209353205201622,355.0445396322994
2194,0.003765366650895885,104.5265117468443
2195,0.0036522321769063217,102.6431815909159
2196,0.002655099242172991,356.19270913894337
2197,0.002477212044903206,74.27572905784115
2198,0.002765444793778801,270.84759387705924
2199,0.002483325611445278,269.46727008974995
2200,0.002118576178796041,279.257533620193
2201,0.0019766645891275067,191.98823721601966
2202,0.001353705018411481,151.07885433350705
2203,0.002001456877979316,63.04488285766523
2204,0.002652162272921035,151.852084601644
2205,0.002370334098858981,148.62147974106247
2206,0.004678975750289668,62.56521032983381
2207,0.002710955654242388,348.5170056894767
2208,0.002894503759307554,46.72465792467202
2209,0.003358146607198935,186.79425010098242
2210,0.0024535912600564284,150.94832730640533
2211,0.002853144470322986,354.3312662953252
2212,0.0033242965732210293,77.50396032846405
2213,0.003945677981461743,106.05163885674439
2214,0.002895228372751459,190.73057970657987
2215,0.0036111931566947847,28.862603413428598
2216,0.0028142421243385327,145.91027023500325
2217,0.004046806845320228,30.079573522326676
2218,0.0026003685262686624,77.77191955552682
2219,0.004475098273321916,280.5607758003587
2220,0.0035864218480384526,272.4460202579861
2221,0.004905849567581459,73.18145504912087
2222,0.005397272371762508,72.50617104305086
2223,0.0032640075602553085,192.8199346910067
2224,0.0033965427684796105,50.4520702778467
2225,0.002962174893723322,276.4472290695596
2226,0.0029597334417966353,59.58633466731314
2227,0.0022565744146409747,353.82652362281965
2228,0.0029712083693272597,32.63240058101484
2229,0.003804355963159021,104.94059432999035
2230,0.0016010398233855336,30.0119546315333
2231,0.004367079410642583,183.59214066025237
2232,0.0035039693015838005,105.2493757499686
2233,0.0022165428249186683,106.40104144114531
2234,0.0014172596451756142,30.089830066983744
2235,0.003987530588065184,264.46856231757556
2236,0.004635053936473129,271.7065100590875
2237,0.00493769385089267,50.83951398503036
2238,0.0060956024641888465,76.89342144396196
2239,0.0034141163318161167,356.87174511041354
2240,0.0027185679185312834,267.43814438287353
2241,0.0013150521673366202,60.5468712580307
2242,0.00208434471504596,76.07765392611735
2243,0.004821466690326954,63.23215214737982
2244,0.0036885550360136517,272.54484146707574
2245,0.003488503266037126,60.730688418426325
2246,0.0031315082953763005,78.79099984687934
2247,0.002448886545510156,147.8581351672326
2248,0.0031055208220415217,75.85874830064657
2249,0.002894855801846338,78.95935481285062
2250,0.002678808718411604,353.32958900050096
2251,0.002723507408518344,103.44279732917289
2252,0.0042419877731968095,73.47500100288084
2253,0.0030367051039104707,190.8641787971002
2254,0.0028263273611214986,49.45620080368531
2255,0.0031899456746207317,358.3738665340713
2256,0.004324214669395587,43.72122817012765
2257,0.0015218241538166005,33.55464117915695
2258,0.0032316957894391427,109.09847787064794
2259,0.003328300491643056,355.2376657633666
2260,0.0027003411825600467,356.0862082527109
2261,0.002037496299387633,46.362439502712114
2262,0.0027841469343855485,187.9303489549397
2263,0.002569088708647822,148.44998178233388
2264,0.002918605430006044,43.00129082071754
2265,0.003468340308700135,109.35107931483472
2266,0.0030176579333647414,353.5609029445731
2267,0.0031051249049043467,187.63801192450654
2268,0.0026597759385146454,71.72422164378354
2269,0.004203633313153031,276.54297203130767
2270,0.0034041590725709366,47.74609442928944
2271,0.003541129667938389,193.28053726429468
2272,0.00461675432770052,74.51409001498313
2273,0.0041716628620633855,109.3965812739575
2274,0.004501212320595999,149.79751135116356
2275,0.0031107285515202757,356.484982076541
2276,0.0025525382892549807,28.710265582022373
2277,0.003449091276800657,184.9781559744759
2278,0.005276238414557282,30.599577442359365
2279,0.0026611760688617573,49.75428059200883
2280,0.00356172721387401,30.031338164295555
2281,0.0036297183113884576,106.3182837938249
2282,0.005590547836618498,106.56055091382818
2283,0.004663170857384102,48.65610468009582
2284,0.0036624492531700525,270.28610601715064
2285,0.003433698583509025,104.23223168666986
2286,0.003200169025037217,354.8264411437354
2287,0.003015237014929978,145.70223563186437
2288,0.005111595700798026,30.276759050189238
2289,0.005134854544415693,151.36286101020036
2290,0.003816540005573188,47.853579965564684
2291,0.003966642151919354,148.02100266596372
2292,0.003193239568376792,145.70225589499972
2293,0.0028125107714065778,64.14813732514624
2294,0.003706259920523786,275.5961896704116
2295,0.004663228283272867,76.59523382176775
2296,0.003841422653676017,75.03511041708197
2297,0.0036507999163508517,152.8749030975202
2298,0.00297205876272897,79.86504799820308
2299,0.0035387058677911164,273.48707371530617
2300,0.0034123220203022917,105.09740210536258
2301,0.0027615632620486743,105.7608745882174
2302,0.0028540878296460783,61.689318772704624
2303,0.003465646747670313,31.14891653639995
2304,0.003748477149152958,144.5421773718402
2305,0.0026279221462479248,31.981892149258105
2306,0.0042401034892183154,150.10108795446257
2307,0.004657063044539206,79.66708687455315
2308,0.004706413298260214,194.20661341139433
2309,0.0033416922283479302,30.85407342335051
2310,0.004490652833827509,268.68426613648796
2311,0.004154218798666497,78.26240603513077
2312,0.003790667878506197,44.52160417656291
2313,0.005179915394116754,45.62504913693015
2314,0.006039313718447683,64.65186280834716
2315,0.005127512980974503,103.66161854402904
2316,0.006969178822553909,29.61752315210476
2317,0.004547851124763988,195.02554418779417
2318,0.005484217134110977,63.38168188220415
2319,0.0036482336441762387,109.07966096276283
2320,0.004765794902528955,144.18803469343052
2321,0.0037391837629631762,101.09089544119853
2322,0.003542348273672552,273.82419812450064
2323,0.002762602334720164,76.75932955983122
2324,0.003423408854639722,104.77334873939309
2325,0.0036527529057713178,64.73705079235808
2326,0.002868029868436752,354.6963569244911
2327,0.006355713327326973,32.52918921289273
2328,0.004043376947099115,272.064265778668
2329,0.002749127009140925,193.05932199420545
2330,0.0022873679866858188,49.116872472524435
2331,0.0023647547350265086,64.72435883812238
2332,0.004430463341739565,63.28985368380643
2333,0.0037051747688511727,353.85055590672846
2334,0.0021059511884625346,78.92003229834714
2335,0.0024500892938514375,348.0521604866031
2336,0.00285334526078137,190.166014192206
2337,0.0037566443804188015,358.2790630889448
2338,0.002692559376210456,30.37062588055438
2339,0.002147187707405778,29.725594795104303
2340,0.002187744035009845,49.47407670474997
2341,0.002790858781539813,80.8207763833865
2342,0.0026556596445020246,350.72257162557736
2343,0.0027992802223989516,31.469172660084006
2344,0.004785619275684565,32.76747402310065
2345,0.004427944351692084,60.78099816291542
2346,0.003945096760197395,102.27175729242104
2347,0.003202273986676733,73.97370380987729
2348,0.003546068387393085,31.874806142506067
2349,0.004111015875661935,351.0824405059589
2350,0.003923862364297773,273.4755504408909
2351,0.0034066191531888492,153.65466959043272
2352,0.0031161992350511405,73.53209045227322
2353,0.003244314175878492,151.1332725600424
2354,0.0033714172998425347,353.1673199093399
2355,0.002562307526845596,151.04375696376857
2356,0.0030251764309994055,269.9536264910041
2357,0.004259682979119878,47.689026521253616
2358,0.0024132382895913906,76.8848689959941
2359,0.0028098893981223227,49.308672739337034
2360,0.0032392412982993903,352.0632978525819
2361,0.003150976115460347,33.015024818414425
2362,0.003275521734968621,357.67195246951417
2363,0.0021047868468501247,63.63140578883228
2364,0.003939915742203365,190.48632215390987
2365,0.0036285288341043106,49.36898395403091
2366,0.0034592743133823834,106.82641193452498
2367,0.003952125286092711,78.25805086939785
2368,0.003548208165039586,102.44151262739888
2369,0.0029816379925558093,272.6008315237891
2370,0.0033655444185261346,64.84879878435054
2371,0.0036274791295717234,275.579900633061
2372,0.0037093423485382282,272.3054089010814
2373,0.0027912425568781775,108.41769675052855
2374,0.002677839999779354,80.26342348536876
2375,0.0036208097028345666,102.68831205884835
2376,0.003526797628054792,145.41199058063623
2377,0.0039506213269242365,355.53496739269076
2378,0.0026858645459357836,364.4133513525908
2379,0.0026085504665524905,346.6014303539812
2380,0.0038359910095095984,48.17212461503444
2381,0.002089136833604933,148.91804454316846
2382,0.003313449575253381,74.18215699344132
2383,0.005379894406861899,33.18162661026223
2384,0.0028071934226487033,188.19153077092193
2385,0.0034112955390383105,149.76710074331518
2386,0.0031640867366665446,350.44306553073744
2387,0.0022268564754301325,187.71112456745115
2388,0.003448683801583353,43.47843369042216
2389,0.0034419197777943254,149.56352016395257
2390,0.0029124422994239456,191.95118243636782
2391,0.00307977529223688,148.69373991293168
2392,0.0029542453877171204,266.5292434956773
2393,0.0026865669097854905,151.54546506194288
2394,0.0031543720541032435,47.097557448879314
2395,0.002761772313055396,190.8421132347363
2396,0.002957285247316455,356.7273515809024
2397,0.005593236717851885,45.297194610425386
2398,0.003869913368038458,61.56119818911565
2399,0.003766170890242777,146.86515653708562
2400,0.004779146613647503,31.45546726104482
2401,0.003407343489009652,271.8432961492283
2402,0.0031420720473430597,47.80496245752256
2403,0.003407514149699096,78.63399599409732
2404,0.0035127539784804095,360.08365368419317
2405,0.0030715187982404478,192.84726738379507
2406,0.002361124397560448,354.0573378037455
2407,0.0031069445997102666,59.379644476860044
2408,0.0022797027204372066,144.67407144176994
2409,0.002025541959128686,60.23390476516581
2410,0.003082504597448467,74.53160684682808
2411,0.002192551144917067,190.9021229253906
2412,0.0033755312632076147,44.91269153022802
2413,0.003037681109041214,349.7406053022127
2414,0.003298739268543705,144.76890635795644
2415,0.00288586032251784,62.798114261738654
2416,0.002810488990530523,192.6399831130401
2417,0.0025085639914410656,355.9204545236367
2418,0.0021544657174672466,59.038525605560295
2419,0.0028255654758427623,152.95759804772467
2420,0.0027318369308746366,153.2020421557025
2421,0.0024665201374576558,193.6313784674641
2422,0.003672481765402763,190.74255404429476
2423,0.003930996237111936,31.0402865352032
2424,0.0022828086702087174,357.71971712464216
2425,0.001957059890677605,72.54355411973025
2426,0.0023635837104604793,276.5522213953355
2427,0.002375716266634789,106.38839645176658
2428,0.0038835215588981305,46.7151186736899
2429,0.0032031827657315803,62.35273892017719
2430,0.0029166518231352073,355.09006964445996
2431,0.00400548086641671,76.53460081418775
2432,0.0038564061128867747,45.65092273615062
2433,0.0037078577140412313,48.294241097321326
2434,0.003788925052307408,76.98481349487402
2435,0.0040358002286328765,191.4628016930568
2436,0.0029498257185951128,348.14658318844835
2437,0.0033996925733294453,274.06732066515406
2438,0.003287611027434156,148.6198794026143
2439,0.003396478285631511,73.86777563079474
2440,0.0033151015029328794,275.6224787832614
2441,0.0029547158165014018,60.76870058235802
2442,0.0025560979608847197,356.51888914185673
2443,0.0024902669438489912,270.3997954430095
2444,0.0022032109384533464,46.930419721395566
2445,0.0029863484320153924,271.5495265666689
2446,0.0026256046446808167,104.2260808082817
2447,0.0028396498911838455,58.28829228855095
2448,0.0018581651737887032,49.094844234828635
2449,0.0034209282000966625,30.206641945430903
2450,0.003925007811387294,189.93178225181498
2451,0.0035520827285341855,148.42855575247592
2452,0.003540574088762983,147.63411635292863
2453,0.003530172224062381,273.1323959477197
2454,0.003190642710176258,189.80994362655107
2455,0.0034565463227753186,74.21404222642143
2456,0.0031439354112920296,110.19910258821392
2457,0.0038081671882537194,47.37069000502757
2458,0.003093816442858512,144.48598612711368
2459,0.005080036535498668,105.20328412945618
2460,0.0027150141533515493,60.68116805409701
2461,0.003984043500449989,349.82876520591066
2462,0.003406205899521405,349.4137410446986
2463,0.002625188875723417,63.29024841516294
2464,0.0033993839603102638,46.22264552058744
2465,0.003642100108572166,145.28694880411777
2466,0.0037534911198549552,31.781194280484364
2467,0.002758072467920349,44.96833358619297
2468,0.0034752691399016593,76.02844809009288
2469,0.005623520308952059,47.67126153859956
2470,0.0034373054437543656,353.133860305716
2471,0.003215649765975699,357.899864667724
2472,0.002472958590235951,79.12874855763316
2473,0.0035320600560848556,350.02745992880676
2474,0.003313967963854857,147.04849482354285
2475,0.0029589960299901954,30.48221978424833
2476,0.003029393366887234,102.1139492945798
2477,0.003015876201511533,189.40040623091556
2478,0.002717891591863608,187.28745241940592
2479,0.0033991543833255173,189.22420725432013
2480,0.0028772942430143962,49.11228959193935
2481,0.003376697529431825,185.377493377138
2482,0.003017608239148142,362.5151747441855
2483,0.001624068018812114,60.53502638962813
2484,0.0036007438730220453,191.32509047948594
2485,0.0022741914909536567,187.31346201677624
2486,0.0030024273908985867,106.12754461132987
2487,0.003788105860224967,143.89696066331888
2488,0.003110416625372402,185.09564200258072
2489,0.0025748631040469136,280.4546157886616
2490,0.0029027163169491267,32.711963044149336
2491,0.0017338685345087222,48.86099870248315
2492,0.004315909807947055,71.44966838966172
2493,0.004818298108826423,65.76978069619415
2494,0.004712549743016024,79.0991141881149
2495,0.005053008776588651,189.5615363960238
2496,0.004591377230726407,33.227185352172526
2497,0.0038177839272511786,149.2170468299712
2498,0.00479505113861211,149.25767419542913
2499,0.004173303695881322,30.4532802817205
2500,0.006208275218762617,146.03341519943504
2501,0.003967647273187853,75.96456551061917
2502,0.004949155427234921,275.4192829392421
2503,0.003766241880279827,109.04090612819192
2504,0.004307059658263128,142.73415382928334
2505,0.005696157614801126,64.80322417086391
2506,0.003941463511059615,79.99525290148625
2507,0.005023440849883529,78.87113883730743
2508,0.003546305058989674,31.748214519310213
2509,0.00371663344668451,76.92636680915008
2510,0.005676970274186452,152.6281374877969
2511,0.0035474046649590454,268.05307126062365
2512,0.003927691298782705,354.4837966076846
2513,0.0031309174927897196,277.23360300885236
2514,0.0029548874757562194,48.575005706723296
2515,0.003104568752166677,60.02206796896582
2516,0.004345950275788802,57.859645706850635
2517,0.0028030426573103476,77.89374203140346
2518,0.0032630610109084623,48.35761882497574
2519,0.003442051266044575,359.0574933116817
2520,0.0037574348459964166,80.1827458145303
2521,0.0027924278251317694,60.00725845968267
2522,0.004048301363912866,47.562441948358625
2523,0.003806347652400667,29.547301169765458
2524,0.00402564214225819,63.7747471049582
2525,0.0048283505230309375,62.90261555154982
2526,0.004686133001420055,276.59609044371797
2527,0.004434502441769619,281.66021442479905
2528,0.0036167512420254588,276.51048437984787
2529,0.003416405989182621,275.6618136225205
2530,0.003588511094456972,31.452462739135164
2531,0.0032607934856944644,76.55770838866431
2532,0.0033988941303560206,148.68057576791
2533,0.0022745108675356175,358.7528436534789
2534,0.0029541268133847364,31.21387209132085
2535,0.0024660831730780675,30.62623425663643
2536,0.0031030017296494595,31.511788951345235
2537,0.004292636119730146,50.37612658182455
2538,0.002966980709725003,73.93156757476974
2539,0.004401269954726913,63.46830748077529
2540,0.004085900023748069,185.9198763270812
2541,0.003985592101106027,146.31058998259266
2542,0.002668056206292366,76.99889350051458
2543,0.005446174773710113,77.08806710559915
2544,0.004730101209232188,78.80229264667997
2545,0.004590000871665602,58.5182497585884
2546,0.004331665353284252,145.15212169612877
2547,0.004864369565019353,106.7911834587783
2548,0.005080545627396742,103.68145431224575
2549,0.004694193602862752,32.54328300033767
2550,0.003468621789302156,64.0304612182899
2551,0.004474293836497516,360.62899152861803
2552,0.003249065342727245,362.81908297488604
2553,0.0030315577176273736,146.93300441940383
2554,0.00322846666459395,189.96501154424388
2555,0.0028977372192889174,61.37032146207766
2556,0.003275554512024078,102.86110829505489
2557,0.0026744714682770546,187.10911550697762
2558,0.0020294820765229815,107.23966313434592
2559,0.004174010270397612,30.614543879044604
2560,0.0029496415252282153,356.0717677489021
2561,0.002935426996450139,270.8592452162534
2562,0.002456845154317217,272.2837287838
2563,0.0023263212460733484,106.28645044409265
2564,0.0026309820298022605,58.24966806615897
2565,0.003431007322264516,192.19870141088052
2566,0.0026677732520479836,32.29852481263114
2567,0.0020569737766191584,108.20615368645723
2568,0.003417508389247814,191.02740636746645
2569,0.003235097102333384,105.23519124138365
2570,0.0018578658021177598,30.979010504142682
2571,0.0040406276063455655,30.997648808384028
2572,0.0037762342425116525,63.66854316795582
2573,0.0034280416869252512,150.4675934012883
2574,0.0030751387283509336,104.6219285291216
2575,0.005804119556789653,109.27864330767044
2576,0.0046018331290567935,32.23207870933041
2577,0.00402380973366308,147.44064678431857
2578,0.00640451358818113,50.41409303166697
2579,0.004422565589022232,189.2012815678257
2580,0.005996109934820761,32.420158470684946
2581,0.004159535563303507,277.1340465641885
2582,0.00810171794259755,61.75560744193493
2583,0.003884813240753396,353.0090679420632
2584,0.00427351232414269,143.4019759508074
2585,0.0031310631936861304,358.99318393679005
2586,0.002408499059649505,356.1497540421171
2587,0.00254420531732673,345.1225019299724
2588,0.0014345076127383282,64.43304813952106
2589,0.002568695766147895,275.22127682099784
2590,0.003583596928180314,58.95986994020878
2591,0.002951609592445762,276.0489706969864
2592,0.002708877067786873,189.06229128301723
2593,0.0024440967177285747,32.424344375761194
2594,0.0027295238205378818,82.24981472843332
2595,0.0032195683777541157,272.1520739122861
2596,0.00251226846347956,194.5803698262647
2597,0.007665096557345884,31.475401523280414
2598,0.0016364078755000734,31.209947181801905
2599,0.0033167079160757312,271.44008022955745
2600,0.0031093365492573135,185.96542203029267
2601,0.004276595855104985,154.01919485538727
2602,0.0024663621484372644,358.8251369248784
2603,0.0012912406323189547,59.692651194204906
2604,0.0036677713589177495,105.38605845903044
2605,0.002618622931131637,360.9618530253111
2606,0.00236434723599534,103.71168969065124
2607,0.002824777716589531,348.72764516024324
2608,0.002723123199552581,275.4601530576051
2609,0.0025236032450864257,150.8412729797802
2610,0.001748694870159922,100.25515702806194
2611,0.0034980737285785204,61.18687222297786
2612,0.0034624254335190365,106.14052618454652
2613,0.0023971285820529186,32.271628306076074
2614,0.0035552974105856677,268.1573044869793
2615,0.00392029418349152,193.93958308088833
2616,0.004821387528533127,44.83441729538411
2617,0.002938636565899364,276.3780619752863
2618,0.004511936514032202,33.436157133250155
2619,0.004145731756703384,59.33764003080314
2620,0.0028181382493067788,29.197017527348663
2621,0.0038662549190710605,273.4758181094805
2622,0.002215560214773921,49.61822867511271
2623,0.0049885572451126665,31.223374705783336
2624,0.00205921718366819,63.08429841957796
2625,0.0029285938633902206,277.5137507296698
2626,0.005852302605615415,31.919103341468986
2627,0.0035461085489119936,103.95227785118135
2628,0.0038095960592797315,110.30200258946796
2629,0.002930087162398691,47.03444231843883
2630,0.003957790381128248,188.5479745763376
2631,0.0037930980711123616,32.345665008656155
2632,0.005071018383453272,44.200471647579576
2633,0.003758667908340625,267.2832220396986
2634,0.003082185578341992,194.0102893161114
2635,0.0035245927863282447,350.8342238356288
2636,0.0027701089642805433,189.3894550953796
2637,0.0018842005437835466,356.33065703953827
2638,0.0016323823777089324,275.8047433575829
2639,0.0018987161666096262,145.77576265866495
2640,0.0036704371500647917,28.813558304778343
2641,0.002562102717120913,189.3927287688992
2642,0.0035723538429798265,189.65578850677574
2643,0.0026869515089933435,271.3580976121957
2644,0.0027279403514250465,65.03881686652532
2645,0.00285251869536296,47.730959380743855
2646,0.0020494717484160156,47.33840874710259
2647,0.0028851329633735904,46.08428315676916
2648,0.0028204444770381087,44.632614671629916
2649,0.004319243939400796,354.67667057141466
2650,0.003924589400912096,276.84696216016863
2651,0.003083640579709688,362.5875219279332
2652,0.002761521632704975,279.8235470740193
2653,0.003991544025914415,45.786379727902066
2654,0.0034008033887651186,44.56014679525072
2655,0.0018741707746587578,195.4624633765082
2656,0.0034201988475678234,29.579851884373664
2657,0.0031134059790685156,149.3991049376781
2658,0.004648599099832731,76.16614764208462
2659,0.0034790620221394,106.39725575803988
2660,0.0032104209873654596,150.49919468617995
2661,0.00479877791082599,63.659146291505614
2662,0.005192460053599384,60.168057837908414
2663,0.004642167515405824,47.853873978579195
2664,0.004432939820745419,276.5017152867553
2665,0.005564663504297972,46.109994970597995
2666,0.003952934381330223,80.25161648156379
2667,0.003794765261491321,280.35230052101775
2668,0.0035557550736834507,106.09795667825244
2669,0.00468796405766625,32.05036477620847
2670,0.0043049943400471895,193.160228811583
2671,0.004399824334051608,106.1205224500572
2672,0.003281794040119589,268.873368190469
2673,0.002898420312998791,74.79021421714775
2674,0.0026053776611229683,59.98969163690757
2675,0.003590313972998016,58.37277722239108
2676,0.0035243040734506573,191.08155889760636
2677,0.004291837396935575,49.112238165534734
2678,0.0027530970178212856,143.72330346690296
2679,0.004037164642527112,141.24203000201996
2680,0.0030895784593573724,193.95307796683562
2681,0.0027203146456841183,356.34457468117193
2682,0.004489173469382563,31.099018925155125
2683,0.0031991142556021773,195.1402264134556
2684,0.0028451087585451137,104.39367161357976
2685,0.0034767251033942666,63.36094601017571
2686,0.001964579974120515,29.91624890158104
2687,0.0023791682383902794,47.00182042978503
2688,0.0032239213172271805,355.31239931077005
2689,0.0053266130386406514,77.50970338426667
2690,0.001895770297778654,45.324926256672185
2691,0.004468600341440194,76.94390559924871
2692,0.0028187211627495423,277.9063485407144
2693,0.0023438529226321126,108.00817651082534
2694,0.005061391124184148,62.602887003276756
2695,0.0034318711496362578,74.5856284914257
2696,0.003516246781171657,274.3293717879178
2697,0.003728525564298961,65.83753521359415
2698,0.002826624463115626,33.60926633682891
2699,0.005910634649275192,30.38859923820715
2700,0.0036298672785051167,80.38725500333706
2701,0.0037301896135641774,102.9558070293099
2702,0.004193504065948549,49.05744363453814
2703,0.003436072592661288,76.6917788033877
2704,0.005115667237497781,106.77702851904536
2705,0.004534035872655527,145.21795889722824
2706,0.004045230210977024,103.47844508222255
2707,0.004738626337865766,268.20422768927966
2708,0.008884705505775416,31.54312621436507
2709,0.0038371117316900977,32.34700539226725
2710,0.006094429895440683,77.47178675318033
2711,0.005425191285597729,59.77618260701345
2712,0.006095720973882215,104.92602131345647
2713,0.005787947382766736,108.90034936557193
2714,0.005978909051092077,46.26529340347477
2715,0.005226392685155958,353.7304314999548
2716,0.005848537360750123,65.0054564766426
2717,0.005366241156864652,150.4347233117607
2718,0.005360030236703539,76.83950299041103
2719,0.005608695708065784,76.60569827795932
2720,0.0036482509354259078,358.9006468046608
2721,0.0022186227107407674,151.79153175396527
2722,0.004036650623013636,48.08775317563025
2723,0.0028959746556541754,43.364336189477
2724,0.00445983995599487,50.31550170845051
2725,0.0020213707754565048,63.361457962452626
2726,0.0023913236288451312,191.44307940458947
2727,0.0028950873120111745,64.65207078694556
2728,0.002134920099541143,356.7123397161427
2729,0.0025005326408422085,269.4330871825683
2730,0.0032131599882386334,78.33386093984787
2731,0.0028183851784640205,45.77452285505389
2732,0.0029043431403563223,278.9870914834033
2733,0.003166901227254689,104.60338266812037
2734,0.003973081506542671,46.50490097071086
2735,0.003014334969331179,363.0956935032912
2736,0.0020516690837371477,184.80216369622332
2737,0.005337955106700643,47.80494212163627
2738,0.0034862528154277037,275.5791238037891
2739,0.004091881946412803,78.30110029826896
2740,0.003588646945366957,30.717553929201536
2741,0.0034124125246638537,44.41983947840583
2742,0.0030742521170891864,45.951947731630895
2743,0.004943738484452281,61.80524310269575
2744,0.004908563064387196,30.03278884151635
2745,0.004082846932244531,78.96972799143713
2746,0.006098074017655294,277.06469233114524
2747,0.003959893290623862,32.62353214795768
2748,0.0031134933731835116,144.33762383955718
2749,0.0026070493533387144,49.110970189355434
2750,0.006205473181815007,193.11148151330445
2751,0.004324849917710791,49.337360251778186
2752,0.005760695165504744,45.04871828737518
2753,0.005921528223965296,192.02778551788003
2754,0.005639787038772142,31.571156170561796
2755,0.005164766519752897,190.23818917394925
2756,0.004906113799836635,272.5646071064622
2757,0.0028257766409359618,29.37115939210222
2758,0.003956373316958145,47.59243656264742
2759,0.0035907294206607766,363.840327484603
2760,0.004573703785693288,60.2800670862996
2761,0.00549644665294512,44.300907232922796
2762,0.003949092534274258,194.08410727247048
2763,0.004383180268139429,63.844038748828964
2764,0.0030498810856129394,30.89494180666889
2765,0.004400725619647842,44.79845801548307
2766,0.0053454672493358345,75.1064266859439
2767,0.0036402994395904054,145.08928164833006
2768,0.004666911327503169,144.67954423237586
2769,0.004579889154235126,145.73941664517798
2770,0.00425451995236049,267.8117576815617
2771,0.0025365278880389477,105.37201852795951
2772,0.00409179712653323,193.80165084488723
2773,0.003815049242348323,106.80320239459571
2774,0.003788739847722526,78.29776597363035
2775,0.004015551907098691,31.543401226218307
2776,0.003277652590325018,152.52189472124505
2777,0.004825549910183139,190.98995239079204
2778,0.002794508153680543,189.95779905764616
2779,0.0026389481256848153,60.633758724208185
2780,0.004385764505619031,104.39259471329939
2781,0.0029175394899131537,32.724810794964
2782,0.004866175487003257,31.476310692902114
2783,0.0025538649499829828,31.807077221194934
2784,0.004679087117383094,152.23238726913425
2785,0.0031054659189387267,272.5356924278739
2786,0.0027146494623173987,104.8688700849413
2787,0.003643971591804599,64.12295363547827
2788,0.0038726560639494485,29.97639982361753
2789,0.005267484248555587,35.052351366416346
2790,0.005435050927921224,190.96472445795288
2791,0.004441410746949259,142.12174771090685
2792,0.003816722836255884,107.39603697055213
2793,0.0027506619386455182,75.59021929707492
2794,0.004856059357935318,64.44366754410653
2795,0.003792497929501057,270.5498303344813
2796,0.003655334278339936,148.5172982282605
2797,0.003031712074910492,190.99045378537846
2798,0.0032363709722018213,360.7551010517398
2799,0.0025706448806008197,32.60505830696432
2800,0.0031794204862794877,282.2142762179085
2801,0.003002147055003907,78.36611957461773
2802,0.0023325807965703916,363.0045876496198
2803,0.002351828487871128,65.06943747941266
2804,0.0021436296473035963,192.11810734498403
2805,0.0025029988183619856,276.05903933486815
2806,0.0028158287618222535,147.33994205381165
2807,0.0020507194029845085,275.7446397992239
2808,0.003120713147178196,30.331961884439213
2809,0.0035320327920475144,59.70694945406824
2810,0.002814385332483751,78.21613145527556
2811,0.0030732856299633764,79.52945964800931
2812,0.0030109427457471415,148.11205702765594
2813,0.002862697846219155,49.482003413650126
2814,0.0036531794023052866,64.36318905143378
2815,0.003574579904985463,78.97158547531664
2816,0.004449260267971444,46.39069249027176
2817,0.0037061168965341162,49.612485393240796
2818,0.0050151142873451115,354.50748142239667
2819,0.003742800613250963,359.5043524064131
2820,0.0034281664890239,272.25649956442027
2821,0.004447469318959412,63.96766719415836
2822,0.002334620531917731,62.96763307803741
2823,0.0035380697335490032,147.00922381522884
2824,0.0030066488080339377,194.83904381671226
2825,0.001765607659763191,49.26406579621816
2826,0.003144055241825078,77.07374267090253
2827,0.00238456588754318,30.791504115182764
2828,0.0023221056473044822,63.42636952107515
2829,0.0033589112772460794,46.03241974859124
2830,0.0037741227665180105,59.12105073471929
2831,0.003701235262639584,59.90017622545008
2832,0.0053847040401486645,31.068840849373743
2833,0.005142442322092113,106.07919190677232
2834,0.006735151481076047,32.155872443742226
2835,0.004965442140150417,186.68788521922076
2836,0.004965399634768847,62.903389788154094
2837,0.004104937814446831,274.20135969242
2838,0.003706660510296078,195.84840960176328
2839,0.0037633840737416714,191.03479095402108
2840,0.003782752514189738,194.60456767922716
2841,0.002681684359479484,357.8973251650646
2842,0.0030606053119176854,74.26922351999283
2843,0.0021764353219063757,102.98828153055919
2844,0.0018908598085107511,360.66992041466864
2845,0.0027010227485611553,355.46607989427713
2846,0.003284105926360422,66.21638594437506
2847,0.003372816323610243,77.90642964127763
2848,0.0022847926694086643,355.17607635920064
2849,0.0025871259996374596,357.0880630945568
2850,0.0018337924788095828,32.583413920455975
2851,0.0024432502947232793,108.56366610929177
2852,0.003826663316816009,103.56318253543287
2853,0.002188093169402685,278.49884949527177
2854,0.0023790682636362723,152.59503706098684
2855,0.002843136427565276,106.29919177193538
2856,0.002038377553199195,359.2284932726613
2857,0.0013630460645368133,58.87470370443086
2858,0.003126412462001673,151.28759109705376
2859,0.002165929201405211,108.7077641891978
2860,0.002703709617318176,187.3943466093447
2861,0.0016642496950155944,109.83145901855607
2862,0.004030212944666187,153.9549228613767
2863,0.003385575907960744,277.1663299423866
2864,0.0038078983059015377,50.28735433564315
2865,0.0038703451135231647,193.60408727525865
2866,0.002495170703132025,356.821860493443
2867,0.003011932002255285,145.8640729598056
2868,0.0025822512054650567,187.48761921651777
2869,0.0031445447010320583,105.87463875471983
2870,0.003913029223020623,103.74736127683434
2871,0.0023916659574385736,151.76015758752752
2872,0.0029147048942270476,151.77015380991793
2873,0.002424551733289765,30.214937755277568
2874,0.00523864297263737,45.99623801204235
2875,0.003686721895359664,80.27317678180948
2876,0.003494325131958414,44.47062514754933
2877,0.003391285688849166,62.87996272882384
2878,0.002785948370398149,45.9266760446863
2879,0.0024913209712694785,196.20431798466026
2880,0.003665002134832471,188.91369413205325
2881,0.00449619456174752,105.60746304153159
2882,0.0034319750152049396,48.157935510766706
2883,0.003536656238219606,364.1320501320965
2884,0.003102671433533058,273.2041209598451
2885,0.002248132121828596,49.0359721177922
2886,0.003393334756880686,269.9953740069197
2887,0.0018082381953914788,74.69524207637791
2888,0.002137415655188552,71.67292671760849
2889,0.003674927139711368,357.78591014514785
2890,0.002231423797568893,101.55296409859314
2891,0.0036024825418155223,30.87218442370942
2892,0.0025284375505058034,192.38687994052282
2893,0.004231247929405631,109.91022053328317
2894,0.0032818887451891757,151.2973718598395
2895,0.002303195284784846,188.49025363976003
2896,0.0019487085510726024,62.55832529758589
2897,0.003155094716879523,272.30682363146076
2898,0.002962095774753684,192.33885116107223
2899,0.0015516499700205368,28.72430707566032
2900,0.0030344114292557398,105.57553075417184
2901,0.0032119337063204207,151.10321691928942
2902,0.0021162903376534814,79.63902984593915
2903,0.0022648325903760515,271.91992039853426
2904,0.003074196911186916,108.8402520090378
2905,0.0028412459675812647,49.08308231365491
2906,0.0033640501680668126,275.1801681631408
2907,0.004715996565641559,61.97248202044432
2908,0.002745077839175741,272.8949346036437
2909,0.0027484163473965994,63.9957122520423
2910,0.002804262514152523,356.6952317227726
2911,0.003426318371498504,362.8011244710612
2912,0.002730075662944168,108.15123868583768
2913,0.0018347952060077844,62.584491639888356
2914,0.005422918615734269,31.786971580640174
2915,0.004375631780241183,32.887972224327314
2916,0.0028823777028191143,75.86728872641608
2917,0.004576077124703504,279.04899953152056
2918,0.0032308286800401564,278.08650599246863
2919,0.0026184656227746144,29.19345095903627
2920,0.0035682292075475347,149.53047540253957
2921,0.003126947006504369,46.566340076708386
2922,0.003050743658555753,75.23483088624583
2923,0.003053057205901356,108.79192473657051
2924,0.004312502387289318,49.17653723061169
2925,0.004495068335420868,147.18902542585474
2926,0.004794511767294793,192.77554203973398
2927,0.007381174033502772,63.68328610597262
2928,0.0034872064237409075,351.8219436245327
2929,0.00433166821312625,75.3081698077038
2930,0.003018250684836973,274.8438092753033
2931,0.0037013151603477847,193.57786373131248
2932,0.0029917192744481303,76.69067733778974
2933,0.006016589240783199,33.66549752964671
2934,0.002926220662728254,78.34412063889032
2935,0.0033921246989797203,267.53185752815915
2936,0.0029050538266935343,363.63778115496365
2937,0.0035622083282917097,29.10567607959211
2938,0.0029696342525003085,193.7920314635457
2939,0.003899677922863003,104.55721321521813
2940,0.0033903945256759595,65.22974319891142
2941,0.0042712134871346116,49.322908042349496
2942,0.0030705262360402464,190.66910365234364
2943,0.003770230780271679,107.0776159691203
2944,0.0028022960178599376,152.9443618747567
2945,0.003128917482753582,187.14104464798132
2946,0.0034305457675817027,152.28793954004962
2947,0.0032247763178230135,109.78381912786882
2948,0.005284285453822592,29.309046802758033
2949,0.004233796246422818,58.3311092653691
2950,0.0030700688492632596,76.08853837674855
2951,0.004954211413367036,63.319804512092915
2952,0.004444559376900764,79.16114883241366
2953,0.0044234198602693215,275.9370296266911
2954,0.004703566097794884,104.28607529937784
2955,0.004720470112132771,148.09690646039635
2956,0.0030967153762848565,32.08511854530943
2957,0.004434355831427197,194.79950032969793
2958,0.0038511182959924694,105.62680944060592
2959,0.005396330594356352,46.98181294887066
2960,0.004567333634465047,356.65595845687
2961,0.0035929329346386526,47.940956829337324
2962,0.005151085929355759,102.0825845519248
2963,0.003968292050490285,362.0873741695953
2964,0.0023570680398142026,150.10983631949105
2965,0.0024237788273356584,363.6122300175954
2966,0.002563819158508797,148.8992814795374
2967,0.002839494284471276,57.761614929919624
2968,0.001833064914204773,47.84584673716216
2969,0.003050956388919572,46.290947908456566
2970,0.002602226582406654,189.4202125497022
2971,0.0024587315931747637,29.0612253835795
2972,0.0027723445415099826,276.3475935935649
2973,0.0027451846078922525,109.42752008121144
2974,0.002482256463998179,66.27560820057165
2975,0.0033971496921721394,148.01495305695204
2976,0.0031436383942116328,193.36491498318978
2977,0.003759205342738334,109.95621185988975
2978,0.003001531839352969,60.21789131361508
2979,0.002997755242176936,43.87015145237246
2980,0.0037034915575801072,270.5626043211636
2981,0.0035293908989512024,47.14634313483457
2982,0.0044000394025659395,192.1701865315109
2983,0.0033367603280986748,109.17894356661738
2984,0.005025995718053802,61.27538832981309
2985,0.004803375798183344,188.14448906088322
2986,0.0033084660410180205,152.77488293527028
2987,0.003946458378099339,62.6527811600154
2988,0.004753628322200361,108.37482735650748
2989,0.004736282554172942,63.03020250263286
2990,0.0042967181609109145,355.2897194176197
2991,0.003225443562079253,30.211147405864292
2992,0.004040331296558909,277.3289807306439
2993,0.004499543638443216,106.97692055271891
2994,0.0031852438703786038,192.41842240374473
2995,0.0027224480028296607,279.5369832388052
2996,0.0034544300089560847,197.55150937311902
2997,0.0026900862576439977,77.23155294415237
2998,0.0031332293786433115,103.71447745760342
2999,0.0030663074524544384,269.9093347669787
3000,0.0026489426396535585,154.97861997071692
3001,0.0019189467867394782,32.71822805647545
3002,0.0039715026339133775,106.37609243410445
3003,0.002715227884850306,45.69168135115598
3004,0.003923807617166648,110.9950112827167
3005,0.0027092666449649327,100.99092720471202
3006,0.003995997391423254,78.57633509617213
3007,0.005004638211946674,60.43972678779698
3008,0.00571027935177655,153.18560331794293
3009,0.005040782791872295,77.72134372419424
3010,0.005943590257654275,74.5379877780622
3011,0.005658884127737623,152.0087303696249
3012,0.004404286388797538,108.52270609730225
3013,0.002499424047762415,189.95548299440284
3014,0.0036834271696938093,355.67248929377956
3015,0.002920595874269397,192.0385674790418
3016,0.002806814663140481,78.41321813054498
3017,0.0032553305795538353,192.58310060201907
3018,0.003937146657501051,46.96272044827098
3019,0.002801337684283847,277.99926480693574
3020,0.002735566185632566,110.1558233408698
3021,0.00250069233778469,103.83029664176992
3022,0.0010693250780981355,30.805930736021875
3023,0.0033894160805444493,278.0430729887286
3024,0.003417014044790564,278.4369201929624
3025,0.0037864021581037253,64.4603586542324
3026,0.003005000622222949,190.00860847364586
3027,0.0032378347087934664,77.4559925057921
3028,0.0031087920302866985,149.57677127769472
3029,0.0036980272704962005,360.89457720365795
3030,0.0027594013599992963,146.30172384609477
3031,0.0030139503015589914,192.05886134409604
3032,0.0028443697294229706,148.24719924353565
3033,0.0028887278408424085,76.30158777521773
3034,0.003576577287558707,30.08916499375449
3035,0.003387918467694513,360.0251605972031
3036,0.0024547572925951236,63.96622431160351
3037,0.0038930968760253763,151.24619919021558
3038,0.0015658903101776276,33.39274076532467
3039,0.0034265213520494123,353.8440102912733
3040,0.0036792122328138093,31.229180031974785
3041,0.004173365377867482,107.36895577356967
3042,0.004683857109269191,31.441822731475416
3043,0.0036705253201456726,193.31699082039285
3044,0.004210539107403542,272.97743545076827
3045,0.003015205551623085,194.93163077053904
3046,0.003035488892711443,278.3186003743984
3047,0.0019623481691274126,356.5050208242244
3048,0.0015027970017730365,46.704819642394064
3049,0.0032132551295317485,31.537018612813153
3050,0.002984180522054379,191.8169022773054
3051,0.002803267485236378,80.50624464630272
3052,0.002314590188182864,193.70452528533735
3053,0.0031407813896128737,46.98225315309408
3054,0.0029891752288381825,78.34507339300019
3055,0.0021562624084497297,275.1968965950843
3056,0.0029038850027294323,275.803133686742
3057,0.00290345328431403,108.45113036947986
3058,0.003273130560545993,271.8344933823758
3059,0.0020730414651304522,47.35128357564602
3060,0.002410926071477022,72.61084082906555
3061,0.004024406143824461,273.0073052554573
3062,0.0037290353142747632,78.62191397859328
3063,0.002497353199904649,195.66186612512465
3064,0.0031598128484893705,150.5686101590279
3065,0.0027327886691515023,150.38504269098613
3066,0.0024909711681773586,152.28498736203116
3067,0.0025811312539311703,362.4055495093554
3068,0.0017447067618041744,360.3029103183541
3069,0.0016164131002019881,106.01183653006653
3070,0.0013694590079467162,50.2235229027229
3071,0.0021916650498147085,108.77413485107643
3072,0.0034878117793678857,50.200877773986704
3073,0.003901840461449782,45.26825842687349
3074,0.0028200934632924006,63.423177356993726
3075,0.00216116203906279,59.797412668312205
3076,0.0035727501205904196,48.80450663332048
3077,0.003828666726484379,81.23559623631313
3078,0.005730057467911232,32.80860542250875
3079,0.0036984635085359884,78.40350884009754
3080,0.003610733967764114,147.8172659596089
3081,0.004743083695177498,149.07468260621005
3082,0.002600896724832581,191.82928466787365
3083,0.003934863606285516,352.46938149868635
3084,0.002950874786357727,193.71387442912638
3085,0.0025744113822761625,62.94237726554962
3086,0.0028862759201028843,364.5202950306393
3087,0.0024512754280911365,61.07844257792884
3088,0.002502187730234424,60.780951544124335
3089,0.0027082214414960995,30.952615012264936
3090,0.0024965297882093658,282.11776344702054
3091,0.001836001492847572,47.73477183690164
3092,0.0015534439303478064,195.95192620063375
3093,0.0021581311192331388,30.73058071004863
3094,0.0029217674720785486,148.00584715313198
3095,0.0030268332196546847,154.70099510240306
3096,0.0022227756838116507,197.5348983210358
3097,0.004724081232945371,44.24524376958889
3098,0.001544523845867926,48.401712152683736
3099,0.0035899496004866385,76.69836899253359
3100,0.00431455847370371,194.41179215368626
3101,0.003460569219960619,278.01802416163304
3102,0.0048117554635672575,31.7117593119621
3103,0.004616535531034782,32.49228170605968
3104,0.005607874198176432,30.995139670399976
3105,0.006094040838602784,190.80615994017882
3106,0.0045206325674961275,79.27663082329312
3107,0.00462542914057556,149.3065698765952
3108,0.004538359391948895,191.55313488668034
3109,0.005165086684983334,64.39167798564512
3110,0.0033805275328349887,356.95014195147235
3111,0.006628250559201817,30.594700290678386
3112,0.004948642014410739,48.293114169479495
3113,0.006231447409312562,31.718059317909272
3114,0.004160067174055612,61.44316990980376
3115,0.0037760197930165494,189.19462305404696
3116,0.003444719096042833,273.51690501511524
3117,0.0033954638794752743,367.5587195807664
3118,0.005191146911090335,62.250788576928294
3119,0.0032014639858146243,191.8196267165861
3120,0.003578844646058158,29.03891609997247
3121,0.0035466017262269114,105.31363164731846
3122,0.004106045312955058,109.43931875362021
3123,0.003493992011333996,48.092553898122326
3124,0.0046141551943507915,29.530756725272813
3125,0.003617461577857579,280.027504907948
3126,0.004243653416788853,363.8068070486842
3127,0.003438989205325512,189.117065104043
3128,0.004578603930825081,110.309674404452
3129,0.0025937898962322416,58.38053768334335
3130,0.005321477886106798,47.89408136838349
3131,0.0025138115766325923,45.72390410944396
3132,0.00405813331914468,274.68363754088006
3133,0.00281934851994552,363.35895238496175
3134,0.002115684241404561,278.92888802972465
3135,0.0016051925527294356,44.69911870210651
3136,0.0026365094827619593,110.75773828613285
3137,0.0030446291103656217,363.25526356586874
3138,0.001663008492203554,187.34244269211385
3139,0.0023345682554660467,194.93157803214103
3140,0.002817755964733314,80.44676894043224
3141,0.003098034879591248,277.9188120598135
3142,0.002505183132472729,32.09990401337467
3143,0.0029842506374387593,197.01969676524604
3144,0.0026815098551849696,151.49603812634362
3145,0.004577096429292814,75.96932502836204
3146,0.002837759205723275,274.24493772820693
3147,0.00381788592957574,49.16342004823303
3148,0.0022566871765914167,65.09103756581202
3149,0.003715803404842378,106.40882077187035
3150,0.0033165395305594547,362.7315953894002
3151,0.002680280724896213,50.1290202295561
3152,0.002907642004251563,278.2536189012627
3153,0.002552212558792647,192.28791486132417
3154,0.003440375737640848,46.455160475983625
3155,0.0029867359891746956,148.86687321454068
3156,0.00276757256183953,144.9259404937499
3157,0.0027892105505078965,360.4787043463963
3158,0.0020322077741138085,65.15975794556233
3159,0.002075262554147205,79.35895206778463
3160,0.0022745330592112045,45.36236322793961
3161,0.003391949628663853,192.0337803583684
3162,0.002693835233003483,191.40219728934005
3163,0.003022667535127035,194.07809142558003
3164,0.00482372901520599,72.91083453895651
3165,0.003369732087739879,365.26667961606154
3166,0.0029410244992854693,107.05738587171693
3167,0.0032338473557232852,274.8853279173154
3168,0.002350232748380897,193.54693436317896
3169,0.001995935035211005,110.20256537705487
3170,0.002599927958325972,62.39129065350755
3171,0.004951991476414621,32.67799482782165
3172,0.003320397924231731,193.74358349438032
3173,0.003143305972932059,31.706558621285282
3174,0.004338863003401973,75.19298225328657
3175,0.004198000366489974,47.82054076494206
3176,0.003518829730514758,78.85825632674774
3177,0.004235639436393688,188.76059456050987
3178,0.0035468266692398275,274.25067516260253
3179,0.005011456432212385,29.68421034488556
3180,0.003698258433469896,157.90360758521348
3181,0.004387565964232356,111.5390201184766
3182,0.0029451359971074836,153.35240674067808
3183,0.003452636641760996,62.077584928445035
3184,0.0018538291905284055,31.128909111774526
3185,0.0047866420700302115,48.29022223065936
3186,0.0036358124681796387,354.4476062101817
3187,0.0026740882511492943,80.26901801005431
3188,0.0028122911340294206,195.138033838368
3189,0.0027852456345995465,49.527752703545715
3190,0.004650187694420249,60.90694840657317
3191,0.004490153298151593,188.06091076986027
3192,0.0036049444550032713,62.592966111586456
3193,0.003400049848389275,64.16577105504388
3194,0.0045659155790818366,65.29011138332085
3195,0.005817515809626043,49.22341728401689
3196,0.003804662903033974,104.87292170868096
3197,0.005036700979914694,143.58205913933807
3198,0.0052690770932358804,63.6655635199328
3199,0.004088923319334124,110.9774836719995
3200,0.0035371170558037347,64.09479272223203
3201,0.005848389729696981,80.25660024887354
3202,0.005450426549786132,356.5667486812427
3203,0.005424800680304921,150.8483140336166
3204,0.004538514188011918,49.33126288040632
3205,0.004092395393120126,362.5476868223901
3206,0.003572216321068432,79.0067885488345
3207,0.002528886120849962,191.61591711518128
3208,0.003144098313056859,110.59727087194034
3209,0.002991276653864399,154.91685329737538
3210,0.0028864221608789205,196.1770263489501
3211,0.0036573946500570386,32.889614160003596
3212,0.004740894645831342,62.768974499069316
3213,0.0036871769992937995,196.79666032338181
3214,0.0023911573404530855,192.34698480747633
3215,0.0023476081778580457,59.278947962319315
3216,0.004410370080992065,108.32502202974776
3217,0.00485906316090881,33.330235687716694
3218,0.0038501626689613775,278.19720117853194
3219,0.002803326145253449,192.0846666941386
3220,0.004661408744202887,64.80042287486671
3221,0.0034391725309348854,191.81086772587452
3222,0.0012306050020611267,31.029169934005516
3223,0.004809268555182941,277.5086145296242
3224,0.004763029554081955,108.00007131436955
3225,0.003543085194040148,351.83168855181077
3226,0.002978264661529416,76.03492244227775
3227,0.0026680614014320285,189.637343667432
3228,0.003904869845672198,155.44973403431106
3229,0.00402818162278616,148.99446334401495
3230,0.0028165272587168297,191.62879509958688
3231,0.0027591376491403995,61.05651586881058
3232,0.0030979629140680297,275.19717088989404
3233,0.0036929844923056284,75.92481256166829
3234,0.003907915648105208,76.73962438870046
3235,0.003947314888907802,58.428243569244536
3236,0.0021044037800085538,30.208629205500333
3237,0.003579918269794471,283.37242078687007
3238,0.0030386759220013323,364.92875318121264
3239,0.0026715686710662673,278.28779105110095
3240,0.0024596311366847133,195.14252058149836
3241,0.002644482338269735,153.6531761577964
3242,0.003110239168032519,155.57561816336863
3243,0.00211818591108891,150.16086132353675
3244,0.0018522973775463743,358.7081997296762
3245,0.002287300742042368,360.6046483521016
3246,0.0022505783502062763,50.61949300500326
3247,0.0022435915988366184,274.81753163697874
3248,0.005117323442265905,30.69907128041635
3249,0.00229736143198868,81.33851923473213
3250,0.0025774573789342815,358.5885894815416
3251,0.0023840030149725722,109.94449607199623
3252,0.0020978609341693946,63.067829455922094
3253,0.00329775893649263,32.8966685493663
3254,0.004472679059367461,62.01120318136832
3255,0.003943343630516179,31.684719756579454
3256,0.0042677074060692745,74.57156326249404
3257,0.003625545385335668,194.55439773842122
3258,0.0038744879254324783,193.3745361621578
3259,0.004683092212036246,80.69721524702312
3260,0.003696556930907224,153.7699103995959
3261,0.0025588902839256754,31.578687953017003
3262,0.004533758635606601,31.61495859687022
3263,0.006761578489204112,110.41826853954261
3264,0.003913564789886331,365.20759754982794
3265,0.00455411894669039,149.6892064301735
3266,0.00259414817397991,282.6884466506981
3267,0.003987794377450373,65.53996461552875
3268,0.003980089578682375,72.75294700659359
3269,0.0038297692191786763,194.82695742203882
3270,0.004270128022240401,45.15953152320104
3271,0.003071037688491789,193.5843262596526
3272,0.0039434547153209204,33.285831690110605
3273,0.0033179922017186926,193.74106004066067
3274,0.002609291252484422,184.31981942786817
3275,0.0029664829240032674,82.08154840880283
3276,0.002990609535999349,194.48245862127658
3277,0.003662389702111722,81.25673259159358
3278,0.0024359254155394854,361.08123699385806
3279,0.002878663376081518,44.281945446422604
3280,0.002746348281247125,109.63149942560081
3281,0.0031119130665545644,363.2856330075148
3282,0.003508228710136161,106.84110328069042
3283,0.0024646073115119098,49.508483950381965
3284,0.003810316398596762,61.26587110889238
3285,0.005030016626243685,102.84917402240406
3286,0.0025867559240780502,188.96315906753958
3287,0.002227403671300775,104.39273843226935
3288,0.0034326804558273776,77.66261340610457
3289,0.004017932207960295,192.31965700391595
3290,0.002681279506853655,191.4397546867074
3291,0.002482562065469932,194.0076266946121
3292,0.003240122401201426,104.77668796023094
3293,0.00332062758286382,155.76904549729835
3294,0.001997380932654527,32.552448018544965
3295,0.0026551527125714424,151.53164598932963
3296,0.0024042761626709573,32.769471330411974
3297,0.002871517275054148,279.3624566000513
3298,0.002733950159774788,78.70546210965755
3299,0.002387055440099367,278.97889349945734
3300,0.0032404652762075734,76.42234189083021
3301,0.0025133528976677014,275.22539737911626
3302,0.0017597263938333872,30.79615936175923
3303,0.002222985333419809,357.73918721253153
3304,0.0027766843318813793,194.8084380831496
3305,0.002057849322300366,359.22828122805277
3306,0.001561733228159356,191.61574181951403
3307,0.002789950087426649,148.10106377531795
3308,0.0038212732049879407,30.490969515711292
3309,0.0034854122861042456,195.49020463907434
3310,0.003243273108930256,61.3199233182148
3311,0.0031932373206687127,363.6071350377215
3312,0.002677110411902752,49.68959222314634
3313,0.004306761725064672,99.3367070955928
3314,0.0029127799822493794,47.08255107172873
3315,0.004858128805503488,105.9516167406179
3316,0.0037684352679770855,269.31828311615646
3317,0.003427503325911931,72.09554168371588
3318,0.0031572382162126955,103.98386212759722
3319,0.0033270910886862223,191.46287775779817
3320,0.004037659641933435,107.0860574208681
3321,0.0020682413646838918,31.291330482712674
3322,0.002917789529991629,191.96262455986167
3323,0.001588253000528343,32.45290593310462
3324,0.0032793205241585187,150.58622479603065
3325,0.003401474559810828,364.4143422139196
3326,0.002658018395033485,362.6037841637142
3327,0.0027594240345689782,152.06467628514915
3328,0.002434833202350223,362.9559866692028
3329,0.0031285536580882662,80.40564050210219
3330,0.001014568603171607,46.73426093283073
3331,0.0021931071816990093,200.8293395965769
3332,0.002170511120131904,361.98899242715277
3333,0.0015514649356604066,195.2351694959434
3334,0.0015340132731111714,191.9664320248787
3335,0.0018062644438910425,31.861475144096158
3336,0.001276648523467514,63.83481895896918
3337,0.0020541057503753574,359.4178835808783
3338,0.001983013993974157,365.80407128543203
3339,0.0010793588509590462,32.35555798280792
3340,0.0017707611030028608,152.11797195019145
3341,0.0029861344965139637,153.91309841945477
3342,0.0028342540946281448,110.25515253999662
3343,0.0028130129706439152,105.7413106688666
3344,0.0030549429546966674,60.99856222984703
3345,0.0028044614584846576,284.3181544494211
3346,0.002537025390166222,272.7382859649789
3347,0.003137554970214217,153.00168404367994
3348,0.004310597654181257,151.12323918547912
3349,0.0027779174098325706,359.4434082333835
3350,0.004132524583714627,63.79859162285461
3351,0.0021370314317775067,75.52528512674199
3352,0.00233733302073404,150.82203486460406
3353,0.0023598337975028285,155.62331699177048
3354,0.0022224826623960794,193.8463082269242
3355,0.0019815674851678964,191.98198282908496
3356,0.0030076297040705895,193.56298770072996
3357,0.0022498000174751864,106.28220573116057
3358,0.0025861709422264232,285.27347933495776
3359,0.0035029189087832824,47.96764555070784
3360,0.002660879804663893,146.7904578830396
3361,0.0025330202452795883,104.23797038367928
3362,0.0025598607634910384,78.79580021366553
3363,0.0038971349274354657,49.1459210145623
3364,0.003791787164503811,65.4188658032372
3365,0.0015372356642343466,59.68947984544177
3366,0.0036154938396666505,192.02084531526572
3367,0.0036564036954937016,110.4885233335778
3368,0.003071641088963682,196.10960278959504
3369,0.004132579675239289,49.75528443761852
3370,0.0029541340150164895,106.69057465305559
3371,0.004211076286427104,77.17776138285772
3372,0.0018166539582405395,107.56337993571289
3373,0.004069843593874964,360.9582944529117
3374,0.00356679372559703,31.32199954664343
3375,0.0032544825812270647,194.0622922312401
3376,0.003080299131320765,278.56597022401
3377,0.0030831296268702896,148.60928144691857
3378,0.0025016959492019783,111.68652213653039
3379,0.0017859347826743033,45.41755121966306
3380,0.002688754539224352,280.2075165139151
3381,0.0047754218000839255,46.21959567415021
3382,0.0038314238487238703,64.93011719036477
3383,0.004659437580969474,29.59320825266443
3384,0.00255653684620609,31.601839978828874
3385,0.004168307321130917,46.28772314307101
3386,0.004988799728511667,188.51630230910536
3387,0.007396828003203898,49.44811975731278
3388,0.0031436796682902564,60.556839825723486
3389,0.004816569937697609,195.47636065419167
3390,0.004490561674174387,150.39538601165117
3391,0.0032446859879231757,62.50189777282237
3392,0.0042891980564119464,280.4469517883153
3393,0.003213143545655987,76.86857349750603
3394,0.003194306993883891,104.6262839852479
3395,0.003995540506483251,358.77999424348945
3396,0.002561762587819513,49.54436177340017
3397,0.00287283193669142,105.62872112040378
3398,0.002778707075840814,277.330547209858
3399,0.0033554478640408806,45.66441785496306
3400,0.002828482112331393,275.7220605534154
3401,0.002358640232300458,193.21769018678674
3402,0.0029966538001077276,148.80761929197413
3403,0.002122717014902843,48.24650616126727
3404,0.0017980458797655257,110.98318449093223
3405,0.002667151015977292,359.8186766742913
3406,0.0024968732215392706,196.31791144827827
3407,0.0030467854231227246,194.82724281728775
3408,0.005404291488832377,33.35965517809618
3409,0.0035804194234233216,361.2721194945994
3410,0.002456084514134008,50.01240808975023
3411,0.004787900577621012,77.78768956060809
3412,0.003429345122239576,64.5706844660187
3413,0.0036651283075555294,30.684763907237812
3414,0.004221517194805942,51.28800113259117
3415,0.004999169954902816,62.69494258275423
3416,0.005306866960588017,196.8937515629084
3417,0.0037215748845585653,280.68869999367683
3418,0.004416864917057582,30.820635567850193
3419,0.0021379041405783605,46.93169066501083
3420,0.003121031398247421,78.89863471543732
3421,0.0036700471284995605,61.943918201928646
3422,0.0027955664332198053,45.126811726115164
3423,0.0040730673203444485,360.2451928428232
3424,0.002892473430620157,48.48461735676157
3425,0.005034241879356915,60.73924267297171
3426,0.0032308211357303662,47.78126190716998
3427,0.00389317877939163,357.8071125556107
3428,0.0027607443928652424,49.032312570366415
3429,0.0035588159345836074,75.57948142002466
3430,0.003634232096861599,197.87382621788586
3431,0.004479108800174592,147.31656820290576
3432,0.004720337950402609,111.52896678306128
3433,0.0030532566412703245,58.43500055151605
3434,0.0043845461623277515,62.99495153769329
3435,0.003710673960239559,280.39320735138017
3436,0.0023934919385094964,30.65359169546967
3437,0.003676368896813318,147.21406497199837
3438,0.006142732299661569,31.913421787984714
3439,0.005080920187892172,150.6833952927561
3440,0.004815145831203733,155.1659252352688
3441,0.004330971877541593,193.95019867373372
3442,0.007246529335981026,30.34771718055877
3443,0.00332209608690203,31.732792949299572
3444,0.004233891253534239,195.88895282709584
3445,0.0043085484882082,77.78839531469272
3446,0.004657964115830185,58.41049029638394
3447,0.0037289804333270763,105.41043562043771
3448,0.004505883908716217,283.35758894360146
3449,0.004036018541984036,271.87517786730996
3450,0.0037251326616338488,64.17678494004568
3451,0.002933529490774346,149.83775525387685
3452,0.0036917959360388045,61.362711357412564
3453,0.003384958525702401,270.55874006563823
3454,0.003290074312504076,192.77751899503383
3455,0.0021502301494144157,81.69905244888568
3456,0.004136055579496118,77.48871209914431
3457,0.0034828034626661003,359.1646973388799
3458,0.0033861697845847154,284.9942983951932
3459,0.0020123264505629485,150.69080826992544
3460,0.0033314642716084984,108.79887271049748
3461,0.0028073308257421793,192.94170310123687
3462,0.00405348400031594,77.04839905531824
3463,0.0032070250292070505,49.93088917665032
3464,0.0015516289925566024,31.329316393985742
3465,0.004165366873208272,46.22029612413191
3466,0.0035930064298014637,355.6022984094808
3467,0.004129125188246811,153.8413922773918
3468,0.002949923024318086,150.8986776951863
3469,0.0032078711023342085,107.16156584903675
3470,0.005881999843379964,62.76524714009187
3471,0.0035198891418305117,362.3519521737321
3472,0.003018548937523685,45.49825655527786
3473,0.002527851429146143,49.22994637768511
3474,0.0031334444175938445,153.80160301066857
3475,0.0021900977310658413,49.90186848926139
3476,0.002761424856684573,149.10153435946705
3477,0.004825079327281979,63.191681229672525
3478,0.005413603773220153,32.415093841567376
3479,0.003870842918143447,32.26474334217083
3480,0.006857209985768845,47.60162304881976
3481,0.0035958131653180147,155.0356505065422
3482,0.00402954884238766,30.388859508854683
3483,0.0032588690114194337,356.4268312709668
3484,0.0038642637805332315,148.0991342558063
3485,0.003738566746436006,105.75096459736287
3486,0.003918425895090667,105.10051513371614
3487,0.0035702229453881016,31.36789465791206
3488,0.003518377749011002,80.31492738274041
3489,0.004276456002956435,112.76529101466043
3490,0.0034869271510725233,151.11607117664778
3491,0.0037224149275751754,29.65689105284045
3492,0.0036442503677931136,282.9355733975118
3493,0.0035854178644807986,75.55056259674761
3494,0.00394960654257759,282.3351981293116
3495,0.0030095961316794957,149.42758572183894
3496,0.0043628140480326365,48.52898334553148
3497,0.004160983119380267,149.3839418745952
3498,0.002522731778474293,365.5397085356767
3499,0.0036640841751469796,29.789570643122715
3500,0.0025091107558899905,278.7727520701202
3501,0.0025726422098229637,103.36036012809863
3502,0.0022607156706234907,81.75832800458285
3503,0.003060066871974433,360.3683049621199
3504,0.002591163379637974,30.263512107406225
3505,0.004519040353119697,61.44234066503465
3506,0.0023295319789053558,197.4092388351107
3507,0.002116579229009772,78.91405159511233
3508,0.0032472425746713296,152.06700905947403
3509,0.0017532212729967232,31.38820536802913
3510,0.0035968980297235555,276.7696092507376
3511,0.004872712708920763,77.9576119410976
3512,0.002983894443983895,190.33709706798976
3513,0.003904994896980828,50.18600656749651
3514,0.003709699973920493,149.54583807839472
3515,0.003260043056588284,111.17797260903404
3516,0.005454152196202463,111.51081134726505
3517,0.0031347490703349545,148.00903766767178
3518,0.003531228348816212,194.6417144669316
3519,0.0026390386634462864,368.51667350325897
3520,0.001786396299146211,46.39086223417698
3521,0.003014538790842154,149.14297111985292
3522,0.0024903683917129713,152.77500642429874
3523,0.0032742247097373297,106.7973862630217
3524,0.003003382290377135,154.3515715382801
3525,0.002839264798879142,76.01954715042189
3526,0.0028801240879287294,105.06765035889029
3527,0.0028390559229426963,48.38273618101531
3528,0.0019736126507043606,195.0568564036856
3529,0.003524925455305986,62.83127137080922
3530,0.004363988079988966,61.15142780203768
3531,0.003993908131913206,108.74712774156689
3532,0.003589387200905472,272.40562723505474
3533,0.003338793666793768,104.1370332289335
3534,0.0032674187707872238,368.6591169513882
3535,0.0019472464986888967,50.87349674974514
3536,0.0030968076435155378,194.74780478369144
3537,0.002853406442548422,359.51886067819623
3538,0.0029844543769985857,106.1405875248552
3539,0.0024215122298424045,73.57057398178092
3540,0.0037109571291286305,32.389790475453594
3541,0.0021502105338941863,282.4625920579014
3542,0.0028312294156860626,33.05513553333619
3543,0.0033718602965929732,192.72082052289463
3544,0.0022903508536562095,278.46723121641406
3545,0.0012380459550607565,32.84749874948731
3546,0.004836338621647552,46.10424224524824
3547,0.00353162126860273,80.1268396585459
3548,0.003591487147274385,156.19801961171012
3549,0.0030124376141677863,45.03388569441916
3550,0.002433529752532446,32.85180213700559
3551,0.003755517117277687,33.520539917282385
3552,0.004589737123259928,78.58257984431268
3553,0.004142975947077913,277.80433648165473
3554,0.0030601893998279525,107.98928008167194
3555,0.003567277514265245,358.5294345823414
3556,0.00344907397468396,367.2852236675701
3557,0.002256079468692482,280.6837839326681
3558,0.0032778405624538146,31.197321269163687
3559,0.0021539431505966464,195.0260515574074
3560,0.0034245133889055715,64.00491834536231
3561,0.003065649971589308,193.39189864405495
3562,0.0013096788750110798,46.74640135013311
3563,0.0017731194446407078,48.023119639199926
3564,0.004132096885167796,62.29309648968102
3565,0.004242310372669285,107.2344917588544
3566,0.00636803575335679,51.05396676478876
3567,0.0021985006625816986,46.29619690258791
3568,0.0026872940500404434,47.17594431130531
3569,0.00398634938164192,281.3963452317204
3570,0.004411042014322386,64.6007091575913
3571,0.004878809622167274,195.35868734166507
3572,0.0037254733707272926,276.43695494960866
3573,0.0024380339763395613,64.66945082885105
3574,0.0034343363325181576,76.6601406589314
3575,0.003114533799966874,191.8471449264402
3576,0.0033809955057222396,62.02021378216421
3577,0.0031066267157735116,66.40309052173255
3578,0.003367330659702103,47.585891472985345
3579,0.003376014537297096,194.05521850644737
3580,0.002604389583943088,193.95645699125396
3581,0.002042833064594343,282.40670894962483
3582,0.002898301879683257,150.6283627766946
3583,0.004584728525934714,112.21166892417753
3584,0.0031176111598385983,282.8629268158213
3585,0.0023802167321766068,30.883932566748133
3586,0.002507268998858214,29.334612920586792
3587,0.002835711757604297,272.8067555431754
3588,0.002463450601680961,48.114037233547535
3589,0.00419800934454346,77.3148062658091
3590,0.003775360227644367,275.8074887361232
3591,0.0037305074357881006,106.90599885451812
3592,0.0033058910833166063,279.79391613856853
3593,0.0030687659409836514,31.15754014789577
3594,0.0032029550551083688,155.17627399755096
3595,0.004408318307068223,65.68555696590846
3596,0.004005783347246186,78.6056096287964
3597,0.0033906220848399934,76.427697901345
3598,0.003832990924474614,283.6402490349109
3599,0.003530845424149032,151.08945936976684
3600,0.003530399473211158,150.69316264780065
3601,0.002363627749562855,78.41696990533742
3602,0.002308725109946079,30.480931329406545
3603,0.004144374605191278,361.7779076620648
3604,0.0027964852834801686,46.87054203902491
3605,0.003287867436954222,31.95048707207707
3606,0.002704821797537575,364.4937910494099
3607,0.0016554449957253946,278.13869917314463
3608,0.0016539205810702814,362.79557892269355
3609,0.0013236578838972245,66.49145778140104
3610,0.0023079020275138017,106.8894282106408
3611,0.0016756830955027661,77.69741457757388
3612,0.0010941064637304877,32.443487468635986
3613,0.0022040979657324115,366.0870126354386
3614,0.002477111492033812,286.8527757859123
3615,0.002872852864007834,276.6426572920824
3616,0.0026873124966379025,278.60732354479387
3617,0.0024730159073103205,63.56931967057035
3618,0.0021097359307392393,109.46954122003719
3619,0.0022802115158737967,367.34384190631977
3620,0.001593593798488501,67.91388693879402
3621,0.0012179016280942261,105.79215829897744
3622,0.002730028826494496,283.62394048384806
3623,0.0019467916658166531,153.33110464228898
3624,0.0024290667154476526,195.5033420939387
3625,0.0022000278953111805,361.6612598444232
3626,0.00268407144025771,28.906723152328077
3627,0.0029206842614951448,66.51175856325999
3628,0.0007651182958366478,30.560622783572605
3629,0.002846043456194256,33.739883191275766
3630,0.003110648046196029,359.5653692415643
3631,0.0024445018992661394,45.52492894208088
3632,0.002377734183174132,371.9522730741782
3633,0.0015846130583078185,76.45307983637112
3634,0.0029299999989381978,79.06373879878069
3635,0.003799767940453703,32.33741102241175
3636,0.00429121498316156,47.68315077233185
3637,0.0037656559211014114,49.96153381182782
3638,0.0016088678796599008,32.06017535913849
3639,0.003309499946928383,157.0673708414236
3640,0.0031812419194203567,365.8899738563765
3641,0.00342193397846812,363.6078079243861
3642,0.0024833699376772115,47.63871499638221
3643,0.002983711108559961,362.2194653786009
3644,0.002014198227196426,31.605760593485048
3645,0.003141462434327969,156.71809627156753
3646,0.0026935567880558417,65.92928768006354
3647,0.0021578959680751087,156.05960988431596
3648,0.0029545470044302583,46.597638461500566
3649,0.001697555875772439,281.84675720901896
3650,0.0017054919222713439,109.64092750200838
3651,0.002198624521704253,49.2449131842826
3652,0.0037627554900891355,273.0477606454916
3653,0.002642828739460794,194.0033759691839
3654,0.003049630828831898,150.79769276186673
3655,0.0036804892671032084,62.61186451095609
3656,0.0031072743019940016,192.51008501098096
3657,0.00143166599254245,79.51965263985065
3658,0.0036775029878256663,150.96858497738813
3659,0.0034838193475192833,369.5097904800811
3660,0.0038088420449246376,74.51016255201051
3661,0.004273508412902279,110.83541744164243
3662,0.0032350670956545332,111.21706750333554
3663,0.0035501968666082845,81.02768980017706
3664,0.003920762830812936,106.61879851249408
3665,0.004811977356242809,75.21667066256991
3666,0.005238529048958128,149.73590807493503
3667,0.003095180974282009,358.6674080913618
3668,0.0028411805704474154,51.0594297876613
3669,0.0032885285296667564,371.2370333980798
3670,0.0019817472565268023,65.70689465082239
3671,0.005058582168391601,33.34339034439883
3672,0.003052390533378063,372.12196047428796
3673,0.001786491868125299,32.59357247526282
3674,0.0020918360275188697,364.1404891866785
3675,0.0025893587283786204,152.51754262109782
3676,0.001888010672749889,147.6963584002716
3677,0.0025211938855379578,364.30296155679747
3678,0.0012648527877997715,149.6282013900879
3679,0.0020771717862948782,149.07843088954485
3680,0.002721033325705452,367.6281859006712
3681,0.002609096895332524,195.69737889422132
3682,0.002056067486343884,45.183351012813915
3683,0.0028757001991553555,197.57305993000017
3684,0.0033825213217308363,197.62540559887566
3685,0.0016526778798089997,48.956987025109505
3686,0.0036991462228478347,75.75424741789357
3687,0.002079576112993055,80.62234641960566
3688,0.002414066039153528,155.4041631980119
3689,0.0026620724054212297,193.8241749769308
3690,0.0027974028506267475,81.1875042027077
3691,0.0023429136611501774,281.4580326131763
3692,0.0034291433315881957,192.6392022935799
3693,0.007572795564242526,30.61833778780262
3694,0.0030421634192984146,190.9789034306687
3695,0.003526848695338262,33.70687996776883
3696,0.003343184681957959,111.7975206859265
3697,0.0032882477971871073,370.1548973952562
3698,0.00307100935908316,368.7330250983298
3699,0.002168403763728023,63.461489643950834
3700,0.0025783511533127666,150.27591333748072
3701,0.0034179240924916807,152.3869200204328
3702,0.002033638634587741,62.379380040110775
3703,0.0035393675327398694,63.94914523196355
3704,0.0030457517944317237,77.33722261968826
3705,0.005186434710271049,65.45924546925232
3706,0.0032149877882369075,76.50813649330806
3707,0.002550248106644242,196.26872067359483
3708,0.004189456408913445,62.783854449887436
3709,0.004551314608073192,79.6200545580757
3710,0.003342433047660522,32.87768531369129
3711,0.004873700662094713,46.659423369943596
3712,0.004635839043139213,149.42599531816813
3713,0.005734556899286955,46.80364628089661
3714,0.005061550395319671,154.96789842179984
3715,0.0042078028767777295,353.3139585653879
3716,0.006124047181180464,78.31727023487485
3717,0.0049455878047929645,155.1704291872221
3718,0.0043032643728617625,155.4389782663165
3719,0.0042288657459721435,61.43024538965632
3720,0.003235179030665537,112.39705290591637
3721,0.0026687405352276983,194.85796729779742
3722,0.0022415773355183213,110.9031112401982
3723,0.0032613514576324038,28.992185698072976
3724,0.003260903923139016,33.17427862584999
3725,0.002264722928145753,358.21851206930575
3726,0.0023027237638626294,112.74869400240395
3727,0.002617692338560955,153.80268505722205
3728,0.0027833176711478487,148.51557111346713
3729,0.002153467684656414,198.21275482194795
3730,0.002588930877687538,193.82727219151025
3731,0.002431177307523915,113.73058126399239
3732,0.0025527247400254885,62.85822443091753
3733,0.0030936144307276464,61.623986834370726
3734,0.0020969781432451243,274.87006143917466
3735,0.004233075562131655,46.8727734178867
3736,0.0036336609100666674,148.7786814621005
3737,0.0035529988764988656,196.84819713316804
3738,0.00232262095173391,359.25306695602006
3739,0.002390674825643817,355.0792663528403
3740,0.0017519447596483092,49.99367207891795
3741,0.0022179153214905534,282.56469395544246
3742,0.002097452054668621,80.20944195114497
3743,0.0036277415703556597,30.702689595885857
3744,0.002864645179915197,111.55433030497568
3745,0.004076970757962734,31.378081886969667
3746,0.004067719034365665,79.58498363776435
3747,0.004492135513084411,46.632468759586004
3748,0.00261878039616124,364.0973180582074
3749,0.0028949042751334605,110.80440287583379
3750,0.003527430115663249,62.902531874935505
3751,0.0027426324471582094,280.3244807491286
3752,0.0022416813509897274,50.126307152653354
3753,0.00272553023462455,197.25196751125807
3754,0.0031869239130567105,78.76989909442622
3755,0.002740686555625871,110.05768991464089
3756,0.0033639293323597563,149.86885823565893
3757,0.002803694052280258,372.8296903511013
3758,0.002206067124377311,193.83374913386774
3759,0.0031635692287857856,81.91710266841369
3760,0.0019985982699664245,77.82217948512432
3761,0.001695738209033738,150.67557298051128
3762,0.002474035061260514,199.05410960466347
3763,0.002202783239121905,106.79564408200798
3764,0.0021346759644182063,367.3975260182702
3765,0.0018842683617647147,149.45904125782022
3766,0.0027987662232574666,60.97969487228851
3767,0.008131468468904628,44.106466948513656
3768,0.0038233977744875774,283.33531143967014
3769,0.0024253215984239252,281.89413135867136
3770,0.0015307165921167952,32.00344408603944
3771,0.002174645378090645,110.87072431257725
3772,0.002424723111071729,279.54195193620217
3773,0.003913923921133793,31.356039718420167
3774,0.0032825683111426976,285.713492003025
3775,0.0032561899704268934,199.19817719921258
3776,0.001954293684845817,156.38113854461176
3777,0.003713578704684131,112.02923694651442
3778,0.003942453858557697,46.194359969556
3779,0.003070122760372878,81.67881593681368
3780,0.005097049407347434,47.81445902464963
3781,0.00390902825419466,152.74239373941487
3782,0.0030177146007728467,288.1985580462058
3783,0.00397518102968556,107.02931113290231
3784,0.003152361541486409,46.48292183989348
3785,0.003556600593095106,158.14291530088622
3786,0.004521828546166569,201.84524445291228
3787,0.00247021087090196,108.48535284554994
3788,0.0028495938614386514,374.2160619896627
3789,0.003944389795300407,32.37893119729447
3790,0.002336221489961397,47.191703804395694
3791,0.001786623149274493,79.09134348513929
3792,0.0028167654413664422,109.24627115133852
3793,0.003319828399043283,193.36798848335565
3794,0.0035935717209508154,80.44349051051348
3795,0.003554500945028849,32.68104814015149
3796,0.0024554424314398625,78.58882811857916
3797,0.00493540412150072,51.347402713264614
3798,0.004638449574870789,113.69685316603169
3799,0.0023340774975155443,77.32110690586796
3800,0.0034818438197396456,372.9655878748048
3801,0.0031530722434331285,154.04685004059115
3802,0.003112599865528761,193.11898719525385
3803,0.0024366710705320516,111.15667647751886
3804,0.0032834118752999557,199.68967254518807
3805,0.0032822263207032245,283.69213431814296
3806,0.002427278341036237,46.83666546030256
3807,0.0037365658903266963,107.3217056510911
3808,0.002458054354775185,367.2564166121922
3809,0.001959161662318703,195.73468743071484
3810,0.0021663255226003993,363.52141561545653
3811,0.003324748728258643,112.18321502437665
3812,0.0023307035042521686,364.04317130518575
3813,0.001983473328432094,365.3303326562719
3814,0.0021820456778864324,153.21389183534427
3815,0.002316564574589423,149.52802777166278
3816,0.002288258438387526,46.82366541081069
3817,0.0016687927107278515,32.851018364047185
3818,0.003003121102295354,62.29326634338769
3819,0.003455985198072724,77.61473463458225
3820,0.0036265579469791577,282.0954232690305
3821,0.0031664628633919518,65.72381989017822
3822,0.002816420823024299,363.595775373043
3823,0.0024528825300448634,368.6741106362532
3824,0.0025295653778468134,79.90400290866162
3825,0.0027374273638318776,280.0830119646218
3826,0.0025879094478288888,110.23289093100881
3827,0.002892307500964119,34.75907119566361
3828,0.0029856152190216654,35.071976825612545
3829,0.0033520117802377713,62.43521988489634
3830,0.003584763708204264,195.6813936311895
3831,0.0018493739439922354,60.425981761274706
3832,0.002412396871443495,363.00851417149136
3833,0.002208371111674541,112.48063691065558
3834,0.0016533421266707983,157.26263434127353
3835,0.0017658036098961605,153.24487905495707
3836,0.0020888213286992478,366.63254604712256
3837,0.0019279443873616634,363.8117759102291
3838,0.0009661032891633991,63.45961854535296
3839,0.0029574857033952927,59.85020977638443
3840,0.0027580436366468164,67.94906235631534
3841,0.0026461523682138437,155.5315022704851
3842,0.0028331392230907582,30.527364191948916
3843,0.0045800360255518835,46.76683044992575
3844,0.0034597981149400046,191.2659071201827
3845,0.0026232953910461146,194.40459036854122
3846,0.002285599161941437,197.6755573568845
3847,0.002991536810539499,79.65856113938536
3848,0.00251284208000688,275.10274278540936
3849,0.002658673321665325,196.34884353327982
3850,0.00315245648947647,67.5217724909475
3851,0.0033386583623390654,285.1295935910446
3852,0.0025681999820907427,201.75054148598971
3853,0.0019276088871450511,62.18238103216577
3854,0.0019924426125572598,282.37897060879425
3855,0.0026593790851435744,64.0009146293242
3856,0.0020746115855892885,196.92098183652558
3857,0.0018902074398633535,108.83736520506581
3858,0.002391151307242132,285.7534866767275
3859,0.002068937191830935,287.6350269097751
3860,0.0024896401099163165,62.192110856742005
3861,0.0028612013954023917,107.78692222520799
3862,0.002459414476254244,76.29170588862861
3863,0.0019558405989989077,73.92348088344187
3864,0.003402791297095561,198.7922082742586
3865,0.0021429055360157384,369.8871626742525
3866,0.002175589519734982,77.79269525377542
3867,0.002336224905512981,157.1981898258422
3868,0.0015952532869113352,32.91632710346824
3869,0.0027264482852488742,154.3727931772911
3870,0.00333034281295298,66.1336517821917
3871,0.003582992411322956,33.11952811752758
3872,0.003140999312640367,286.38721343609654
3873,0.0031472289748797687,111.7372062503446
3874,0.002566391299146039,367.2889782203976
3875,0.002158549514718634,280.7402444306432
3876,0.00162392320979396,78.40791998543301
3877,0.002134687385215639,198.35940671553686
3878,0.001404053106069051,32.818962592315415
3879,0.002303822922980404,113.10290171528389
3880,0.0017212214444721182,154.808309616766
3881,0.002605840203684168,107.86562323681831
3882,0.0028193315081146216,48.08944298447271
3883,0.004814267013087473,83.59953739548419
3884,0.002633956961849785,109.2032218998491
3885,0.0035430121798387935,65.02901404862868
3886,0.0026800424410038442,273.50621292911353
3887,0.003117752643048786,368.87968562817053
3888,0.00321055503851452,107.94400935365091
3889,0.0037581292414180655,157.34831325792055
3890,0.002394998452098876,369.2371724328275
3891,0.0019345842256684434,31.023370337969286
3892,0.0019401357392903804,66.1866654178168
3893,0.0019147930154656317,284.2063212461257
3894,0.002316331451103166,62.50713384675452
3895,0.0017021210936604039,151.6960907037981
3896,0.0013971926284119202,46.846104026869114
3897,0.0019228499267753673,280.0558344265289
3898,0.001781639748072406,82.11791624328265
3899,0.0033651523141369328,150.69675475183942
3900,0.00258670631597311,78.1235130067824
3901,0.003128888402296964,62.606808983253345
3902,0.004004529890141,151.68550256188743
3903,0.005147478582623111,64.86524915489767
3904,0.0027235433663946357,203.00664514582067
3905,0.0025286049181516518,65.55529604056953
3906,0.0035275625851307483,367.37400635494424
3907,0.0027549315976078083,79.16809294629583
3908,0.0035638565247806124,193.6369469355361
3909,0.0034090525374510985,280.2945739442386
3910,0.0031423443303372715,369.6295975969424
3911,0.004597197150507929,84.05225956420391
3912,0.0017836645395085536,31.42210714805775
3913,0.002945111052379706,285.0974591708584
3914,0.0026756398781964726,48.9716111757626
3915,0.0024518427676780818,79.1140294558471
3916,0.004145035160011478,81.31078766597017
3917,0.0038528098631244435,111.49551698636861
3918,0.004966174677065283,47.19277419513409
3919,0.004423153250819641,156.06200551260292
3920,0.005978533418062304,33.7171895011139
3921,0.004387261341666305,65.80659289069027
3922,0.004383840406014563,51.13189169801973
3923,0.004815021671983216,62.83371016868324
3924,0.005698205092001543,82.31334783640534
3925,0.005840592239110265,49.443747354979806
3926,0.005255504988396682,110.54192190741765
3927,0.005050752926173438,79.811759373876
3928,0.004549839591654842,376.49885470589925
3929,0.005740599286334394,47.735982345825505
3930,0.0045245242816109536,365.24177900465077
3931,0.0032424978239851653,156.10985816839448
3932,0.0033484115142106093,195.53797670413883
3933,0.0032722397093015595,198.07141244839943
3934,0.002314082788374931,51.91602723983784
3935,0.0026532908774573693,50.89711841962367
3936,0.0027711056090993225,47.54084778857645
3937,0.003283153324102042,82.82853126835634
3938,0.0033951971437251333,371.57412759036197
3939,0.002801572559566933,155.17008101723448
3940,0.006934469761949129,31.317205230994713
3941,0.0034073063054620434,113.72009827870208
3942,0.004328263852829006,192.70942431575855
3943,0.003078912813164653,61.65925162027072
3944,0.0037103496090192213,109.49534304550028
3945,0.003105828464542093,371.05339879816097
3946,0.0027607940100173897,286.49291427822857
3947,0.0022005846930302298,159.78844584565002
3948,0.00283190705323994,47.73068845221758
3949,0.002455097143939457,83.42497020361112
3950,0.004201723421860591,32.549573751853075
3951,0.002825590720803261,281.9349674038973
3952,0.003310117761394884,107.47775242549078
3953,0.004388386196462141,49.276408121564856
3954,0.0028026391149059866,196.70438716554852
3955,0.0029041458188639245,193.13962415697716
3956,0.003021584982684909,366.04406703119224
3957,0.002607091118969832,287.1217866310447
3958,0.0022999014491435128,198.58362411059795
3959,0.0026650701498841622,48.3639767998113
3960,0.0025210560389024323,374.19272760574154
3961,0.0017158838421360537,281.2489115597179
3962,0.0024225107622028604,47.15793338131359
3963,0.0015604099465948624,77.26631022120944
3964,0.0025064767451862956,196.64446977087803
3965,0.0020640926542189893,155.6832293429333
3966,0.00256628604393441,201.43987236780123
3967,0.0025765650223116402,199.46364711393875
3968,0.0024810971276722207,29.608246921952464
3969,0.002624881064792172,194.8410452923955
3970,0.0035306625388609693,112.71811184133122
3971,0.0032152984429455796,276.5355441892204
3972,0.004342600140675627,49.22832715045409
3973,0.002708305700541042,282.44349107210826
3974,0.0039634292790931515,113.8181373309423
3975,0.003889159270968505,78.8550097686913
3976,0.003427374860767553,158.4973771844198
3977,0.004283858381975072,48.21978849496306
3978,0.0033753566200665284,110.58630423743045
3979,0.0029361614175593812,285.17672484230366
3980,0.002763711816162238,114.34850041463027
3981,0.0022253079049232107,364.6352370613044
3982,0.0025687624902275275,113.14728814338835
3983,0.0033206927318305307,75.62085566682173
3984,0.0029073608147114037,288.4951886898674
3985,0.002889380568864829,153.25273975786132
3986,0.00185128902516086,109.214047409621
3987,0.0024974534608062783,279.4061909602244
3988,0.002785647884691669,81.94797264197707
3989,0.002723923447774723,155.18343890822874
3990,0.0023720716234575693,48.71373762142376
3991,0.004023249745308743,30.806894623611083
3992,0.0032388673959392635,193.63680564074264
3993,0.0030416475905645124,279.90784576591125
3994,0.003942870769183366,282.0734216294348
3995,0.004776879863568646,33.428048718625185
