episode,train_loss,train_reward
0,0.023474167423988997,202.5832826313424
1,0.021433446297041057,53.164950787455524
2,0.020334437848716216,272.0559923753102
3,0.0196139033631248,68.95906053387834
4,0.022884244796111654,217.05956875215927
5,0.019486510889383697,57.6374698629138
6,0.01972839304924769,60.19665114970502
7,0.01972146487084323,151.14065284245885
8,0.021584226588646952,95.84856622968063
9,0.0197037240723148,103.779638644325
10,0.01964874483719968,127.2004233325969
11,0.02684372475974866,75.10803431368903
12,0.02605513032848159,109.35119979500703
13,0.020794325692449663,267.671393425193
14,0.015634395012801342,50.66112413817515
15,0.01647593455002184,197.87350306375356
16,0.014142157550066196,31.27188557881947
17,0.017750624620186336,42.564644756920075
18,0.01807909458875656,73.07756877620935
19,0.020813055815569196,85.3304198867144
20,0.022348167749721773,101.96741711981456
21,0.01708416333145825,65.03527452984116
22,0.01876341396848024,67.6899329799012
23,0.01401574598720013,52.29364733774973
24,0.015045142863134577,73.5000631779249
25,0.019714727527760767,268.0145022610152
26,0.016881086039020714,275.5566485856028
27,0.02925515828908167,52.21996957962203
28,0.015845828018766845,56.11938263184209
29,0.016320048255619366,64.34149105194378
30,0.017618543709082026,89.49086504239979
31,0.014145268657483865,85.41250582224038
32,0.016647330986462153,64.8191720601787
33,0.014292100405994115,260.41331560959657
34,0.012688253746918317,45.27933765115968
35,0.015404412380038675,50.70329794979196
36,0.021664088174443822,32.90807407147223
37,0.020591059773737055,40.50754116247385
38,0.014623713064720016,137.15615043114633
39,0.017967840141770382,148.44829586751928
40,0.017123368492474596,217.86329168494856
41,0.013979818557394061,267.9326931252986
42,0.012584571533932769,33.444198373380864
43,0.015068156792459866,95.03289439613647
44,0.016299653386410613,90.6068792931662
45,0.015449554785217265,117.27358259412793
46,0.013594807850889224,269.36455222027575
47,0.013620745491194115,47.81843779184894
48,0.013736417800903358,151.34191253375985
49,0.0162378478682889,30.255277795295388
50,0.015254174881438548,78.3242575247219
51,0.013632928494701792,209.85657219800495
52,0.013282498598925139,211.93038726473273
53,0.01264312042539913,216.64474712138775
54,0.012559827631929706,204.67338843730838
55,0.012514164510480676,153.20194639250244
56,0.013756871880505676,73.08490718289274
57,0.014002232890476116,143.34936646418376
58,0.015139827627088811,67.2567603316691
59,0.013253822922706604,94.60474124450158
60,0.01273137377653171,117.3989685391162
61,0.012275378828424485,109.69648861495564
62,0.012315040608173457,63.77640733992124
63,0.012747743287305003,115.4230033801451
64,0.013474708722772346,258.69009127461345
65,0.012428099652941062,68.89461213125506
66,0.011794292612664275,61.87766928403896
67,0.012231046717855722,91.15242019621682
68,0.013492116445294496,54.46852781213439
69,0.014375714722695767,122.58137481016121
70,0.01300016033139585,56.896512103995285
71,0.013123239854163766,212.71439008933837
72,0.012173255484622832,113.75034727646522
73,0.013542683327194447,99.1870008206617
74,0.01222581186858137,208.1970284939445
75,0.011816987526736267,278.0087997825261
76,0.011400976324497155,149.18020514774173
77,0.01057669724104926,56.75932329858849
78,0.011602101183432917,41.42247062981258
79,0.012730102524342602,121.12904701018921
80,0.0130110357305185,141.10611608040222
81,0.012377486538394473,206.0920944836261
82,0.012830738922771574,55.140175145402374
83,0.01326229206593284,49.88768507111643
84,0.015979387387315826,50.97417667685317
85,0.013454239552638964,142.54683948922116
86,0.013526165773529534,143.80913187489176
87,0.012604148717823399,204.51139511932178
88,0.011842479875629348,216.99073034189098
89,0.012330773931525246,88.20701265316782
90,0.011832494920088072,68.82958976003776
91,0.012204077789549999,266.8738858198361
92,0.011158764290077419,30.992218028181654
93,0.012540557433582716,65.24517215774311
94,0.01198265737297071,147.715479109119
95,0.013215470096418777,91.61571503922252
96,0.010305354642253873,78.89408097044277
97,0.01617051678476855,51.7523736871326
98,0.011609374302482597,158.24170617123468
99,0.011532275148336059,108.54072174346817
100,0.010565089754879025,126.28593008461925
101,0.010436557818369909,55.946336899597874
102,0.013831160796051695,263.9489347715341
103,0.011064298238430248,121.10420969994863
104,0.011402871063670394,149.48233793381763
105,0.010146293305484675,153.89634272059067
106,0.009457863237850873,65.17673307195628
107,0.01185812105205304,111.97712637579855
108,0.011131668095351916,141.85225428242552
109,0.010768418055261799,257.2076003696856
110,0.009624906245554829,34.05273987375125
111,0.010874125361073643,207.17068772458333
112,0.009969916446028616,58.49832671187965
113,0.010856270008229625,84.27552504843575
114,0.012804333104527202,31.315373936749253
115,0.011113010524247067,119.07607946467526
116,0.010451992769138625,212.00853210867547
117,0.010439119150068506,213.12185728805537
118,0.01180638422226628,61.143489444814314
119,0.010402941867172465,74.25103463538935
120,0.010650949484411755,31.185787653319476
121,0.013025675319433605,226.18950762524616
122,0.015145608916547213,53.594324297664535
123,0.010380574482319466,67.22415344376802
124,0.013335867814807775,67.48516159838346
125,0.015293731839909893,32.105493429907646
126,0.01162244740295976,96.51790237149832
127,0.013387205113402386,171.2811759067412
128,0.010882304363145396,33.53547261725504
129,0.011543968801458799,209.89438083197885
130,0.015155157820019569,89.73495480856303
131,0.012933695216931954,127.19289063643032
132,0.011176758498404136,275.76864056346983
133,0.012231960223289207,86.27923668608409
134,0.01235629322208925,159.32693620480583
135,0.013465260868149533,75.71512189180812
136,0.011197061061901761,201.42953357241421
137,0.011727431406251203,52.866167371277484
138,0.011949212593057586,259.74217763574467
139,0.01203600549004631,209.5754234264704
140,0.013277585887157455,28.23943478455397
141,0.012982440128465757,97.10055945934845
142,0.012583263371423003,170.81703850067893
143,0.013422195320758461,56.62556616040555
144,0.013031853625877157,213.06007116882736
145,0.010389175789896399,68.97280974543695
146,0.011826284698563049,86.84772582171155
147,0.011273687329286566,105.30718191241704
148,0.0127939902642123,138.2687301479153
149,0.011711999930241364,134.29242443610943
150,0.012016841185523227,272.9361214702067
151,0.01301641831637029,140.86480206541916
152,0.01140903401338564,140.94563817491505
153,0.010716394293756986,48.4719874252138
154,0.011690083229164514,63.43073571826612
155,0.012112817727029324,32.302956461743506
156,0.012636446516038492,109.5925034416794
157,0.0118969904579966,140.48935270444215
158,0.010599820870532274,210.80931466759466
159,0.012107572563671334,62.17481505346946
160,0.0146874034517995,46.51955322295635
161,0.014131483664228157,50.703349362878924
162,0.012346180758952672,156.23310072546337
163,0.01224664294417819,37.16094664436333
164,0.012829470896114779,281.52239053624425
165,0.012147063751895488,48.66454551141815
166,0.012757009020711387,205.95853087710856
167,0.01197749613737375,122.04512647576989
168,0.012269524888217668,265.0794643801946
169,0.011980181106759998,135.4793948974124
170,0.012375539852805512,149.89184298673698
171,0.01161564548070041,111.30952833589271
172,0.011765900558648294,133.5030641783988
173,0.011920625214274465,49.489139648456266
174,0.014474507535697293,66.56776029462985
175,0.011294574374175173,50.39554665674772
176,0.012573649843530306,46.4234952500774
177,0.014151087076390616,77.38739454221329
178,0.012497803562861943,80.20662482567583
179,0.01001902564894408,29.688941458213815
180,0.01855162571410875,84.06479870465769
181,0.01497906965848345,114.00586176394701
182,0.013256508268087226,268.80697218968186
183,0.012904382178335097,31.4280473443616
184,0.012972374353085871,75.28559275569943
185,0.014478599370869977,55.82075266499033
186,0.01698634196704083,206.33711149330978
187,0.012961310396069447,102.44247962243082
188,0.012160922990622535,51.091665959978855
189,0.014855905311763017,157.26708800165585
190,0.013189063188808694,78.55071744651353
191,0.011678336884821441,267.14751272540855
192,0.011878825024059797,86.88409029752279
193,0.010746928044373832,59.212876287421096
194,0.011746364076812328,43.103168349273304
195,0.012850966398931435,79.10590856641248
196,0.013815592939265372,139.56760638812338
197,0.012528427871812537,72.21936208311006
198,0.017418446921510622,54.495037276344355
199,0.011120127576570162,268.9600090369285
200,0.01135257160058245,222.6479425579328
201,0.011359317652423376,74.95399985793205
202,0.011926092165721491,262.5906710319391
203,0.010378622944289687,207.75604195168185
204,0.010128591411138097,110.89560530140771
205,0.010812537191668525,113.19194774161014
206,0.011530884469930943,87.16457037385263
207,0.009652884780238806,46.51802602328844
208,0.01149109349912928,116.75408887519286
209,0.011358144360621316,112.77431305129227
210,0.01095242877592389,128.3262601594611
211,0.012133768707481694,35.438966109855
212,0.011918926427425956,275.51526116687944
213,0.010080883504997473,112.33760367425865
214,0.010120458328717594,67.50472334348524
215,0.009577272532870836,67.07140463142738
216,0.009445566451177001,55.06673814169184
217,0.017849149020641285,66.83353077010729
218,0.01172514061724708,211.57958027160407
219,0.014171469899548147,101.04214980524286
220,0.012518734297843585,34.280066846026266
221,0.012130626540009374,150.10324863154545
222,0.011551040442394828,220.9464366705445
223,0.01129005282723848,261.6158714032851
224,0.011994507473943468,138.0577813782547
225,0.009636737647113102,33.01201129644812
226,0.011365532124362233,145.82058310510394
227,0.013049360782164952,30.967836218944697
228,0.011691886210415683,216.1139225121791
229,0.012326775634711658,66.23427826369537
230,0.011938990861661015,102.80206800530327
231,0.011407464400885059,277.1799490921739
232,0.010558872633122813,79.02024932618352
233,0.010774547847458306,149.64274521855006
234,0.010444931234421863,74.44891618731148
235,0.01144271803000388,79.84823552481605
236,0.014331939162575972,72.52752250390155
237,0.011400431474863455,30.264665093910843
238,0.008527031844344245,55.624381786617676
239,0.013217977366891483,122.99383502077559
240,0.011787889250442087,256.6146213935011
241,0.011134919076194537,33.410483423435444
242,0.011360747489537037,62.751828045521194
243,0.010287834961641708,34.54522590613756
244,0.012042646784938767,212.7675570915094
245,0.011280147319312319,54.06517805666009
246,0.01232354119370862,205.05579500767627
247,0.011126831956342077,105.11815046036018
248,0.015014539934405735,30.48539225999317
249,0.01403096125373063,88.86524367976887
250,0.013052359753875874,141.0652213291418
251,0.011645212707942566,107.72038047755646
252,0.013036721537947276,64.28550073614903
253,0.01217924728198973,268.6834851063814
254,0.01083693907256364,83.72635459277241
255,0.01099087466308716,208.00881547050437
256,0.010552129859346539,108.35269686598372
257,0.010978495982135671,265.2568164949798
258,0.011560738892589604,213.44448015383392
259,0.011401780960361728,49.10514168816653
260,0.010595211879048935,264.81778987707366
261,0.01114917770438992,274.14743814607755
262,0.010727759309979604,268.92370779021286
263,0.01059885475975038,44.38959412839337
264,0.01050297895003146,101.50636172689232
265,0.010901981796085182,157.49649848869086
266,0.009330993389979132,68.03455361918529
267,0.011392249335107614,168.6361769895415
268,0.011765559395347942,142.2910705278816
269,0.009812220634723251,53.62141083895354
270,0.011714651622272775,70.24095916487799
271,0.011088254086924,102.08085229453997
272,0.010584663035279192,217.78971230599674
273,0.00967115856138452,112.02932092625375
274,0.009854445522800487,262.92135556025806
275,0.009107934608762925,260.2252215150679
276,0.010204027045485788,265.14028248633304
277,0.012272816204655347,66.02611503316412
278,0.013263660068230205,203.25540697674444
279,0.012106314729347095,155.3870878996898
280,0.011579125172505944,72.60067948321658
281,0.012064379453971583,129.66874138553703
282,0.013324015953388633,60.35750234977422
283,0.012260728349940757,56.90870167564048
284,0.012444145215864656,61.52690644885734
285,0.01067501363537178,34.06667316497143
286,0.02221596907374674,32.29354722600112
287,0.013649425545911538,274.80199615933003
288,0.012974039840126603,29.851223016631693
289,0.013542950661033691,265.5217387037178
290,0.01148355771961101,65.41826569249626
291,0.011202661146255418,279.5141906473202
292,0.010921100104248828,55.62036926939939
293,0.014651553906050736,34.514779576027586
294,0.009985727358384636,35.841238781280154
295,0.014475506787598765,57.62408435404666
296,0.01140288880088593,73.99151830194104
297,0.011316323006509449,270.13197251594585
298,0.010571581359148364,48.7686949960699
299,0.011180925970281459,60.69043791518932
300,0.009852644251422736,67.4749561965287
301,0.010654627258395841,206.04432910046648
302,0.010297711131813428,168.6213899129845
303,0.010214774822380474,272.19876754840493
304,0.010066822948816403,218.89895115004649
305,0.010702419851440936,264.35807286488483
306,0.00951923082325736,34.27224509279384
307,0.011466470170310291,211.56025196266947
308,0.010731724636821911,33.61168038369931
309,0.011300575070519289,207.0436392096532
310,0.01029856874752236,86.33062813981925
311,0.010763714706676232,70.23166858392334
312,0.012766712051184879,53.22730232502898
313,0.011048823350214773,150.14518477086114
314,0.010363839321291528,78.77368848283236
315,0.010371795313232797,129.56709941498684
316,0.011464452821098986,267.6733230518598
317,0.010970678159289739,56.32761753085498
318,0.010539531650542581,58.55653099366187
319,0.01066550049095501,160.98280764062122
320,0.01107107812609776,69.39762184471658
321,0.010712312047623775,281.7552146430821
322,0.010372021542550524,216.98031666747244
323,0.009732477599959885,210.58623813871378
324,0.009817608742025944,267.6663633451954
325,0.009312309637858436,35.39780119484751
326,0.013762529177421873,41.91128074916109
327,0.011814261072272942,47.57177617309854
328,0.010717165251172936,105.25607746871385
329,0.00956145733402207,31.693418693377843
330,0.011657610759013207,71.05493977961679
331,0.012117078516869837,130.53309306261252
332,0.012720814464485338,33.16236903456585
333,0.013377309975277802,51.63317626427375
334,0.012391309362258119,31.401090010693583
335,0.011825873908221823,83.33308597762817
336,0.010234280690645515,64.16038183850694
337,0.011182040369021706,113.13731920685969
338,0.011668940100487536,102.7859836336659
339,0.013903684036277637,68.7291034147218
340,0.010508689219455787,258.8707289834667
341,0.010000795324287406,154.64079425624655
342,0.009802606759812604,222.77861327951442
343,0.010187873748170938,274.16911279456633
344,0.009490337570497904,131.37138426289712
345,0.010399220878321487,58.387528231356974
346,0.010702233265780297,32.86957091093249
347,0.010199271965418654,35.98811659219949
348,0.011267461570907831,199.19876389797372
349,0.010299784576695337,130.7577953541575
350,0.01133097683363673,62.60677551265307
351,0.011002797599204998,164.2793690618519
352,0.010757335989745622,166.64453240872152
353,0.00983364973217249,42.243702727206504
354,0.011243887659401406,80.25442819155502
355,0.011189971801782534,51.26044485017567
356,0.011397554668788374,55.236368885595624
357,0.010557532007134376,100.6941698046628
358,0.00950467928938953,35.17463055037198
359,0.009343003036101928,65.47517234124174
360,0.01078528568681437,92.45877881356593
361,0.008833719818613719,64.33857472041238
362,0.011381173411668357,58.63215726008208
363,0.010466337252321448,66.06093289914924
364,0.011196037457127675,116.01031501168981
365,0.010063020512051749,214.90352973072615
366,0.010692790560439954,146.75336751728446
367,0.010578973555171754,106.5818798342501
368,0.010771005390458466,274.75814929893505
369,0.00993729588394397,140.06119602568052
370,0.011621131228235692,59.61942221414181
371,0.011059811510445581,70.29787906708671
372,0.011762030303146966,139.685161171692
373,0.010433485045492925,206.28305447722326
374,0.010014095345602665,141.3358341355489
375,0.010205627404580411,266.7469399032625
376,0.009991128158209652,34.753829339955224
377,0.009524227994269123,142.14880334066177
378,0.009606092764405515,163.9219750496079
379,0.009335031087913021,82.49230682699732
380,0.010943986332648885,168.86366753365516
381,0.011431578980309182,31.17852797928684
382,0.009544910052148947,27.398863150042455
383,0.013011181717612655,83.02158591126421
384,0.009477158635051856,34.2761664658986
385,0.010366770831504994,56.59273172426692
386,0.010692477165949387,156.37747569854974
387,0.009094135629394177,50.092533691970786
388,0.012308047257583509,223.73221449865076
389,0.009041235431840714,105.34272424527292
390,0.011065391224841986,278.21126980447144
391,0.011814904415001303,61.46573089760899
392,0.010009595068158187,88.54857192968042
393,0.011141197055202121,89.34441209192667
394,0.00937206796725612,62.57274997431526
395,0.010862694378405556,52.66545359568291
396,0.01225711312440966,73.34126203805988
397,0.011390283415912071,76.02797869795936
398,0.01314903536645727,63.485352142302276
399,0.01225660065784513,100.91566596690815
400,0.013027359555753019,111.10805464599412
401,0.011167107888355794,154.87968970857233
402,0.010718370256347018,217.00926117155916
403,0.010464159253931883,154.5404328572521
404,0.009934715115224195,208.38418999584516
405,0.00866637447373879,132.75579462345644
406,0.010192478741078663,79.00364607834932
407,0.010031223267115192,150.7574515225147
408,0.010525629433836864,152.22169640137272
409,0.010200428720242504,34.9365795940991
410,0.01047390977996779,87.4954903028753
411,0.009558558445172134,68.38187540624814
412,0.011794260182458735,166.8534244846149
413,0.01144155883032955,70.91065008031327
414,0.010439350615464926,119.42546774382306
415,0.012296714031518522,43.53176296270151
416,0.00883635550626885,70.44646514066037
417,0.010882098477072149,154.27403207368585
418,0.010293625269378942,134.53105783121046
419,0.010464763873716112,74.07370324867705
420,0.009523916343579875,146.83025924828382
421,0.008839547421608196,128.12234324927365
422,0.009944566507427324,70.0383974939477
423,0.008975397827553338,29.813442491228326
424,0.011224057794355884,35.443399915096464
425,0.009828838549675683,225.04536243319566
426,0.00999461534093159,269.36349069822734
427,0.01112364043315904,62.02125235929419
428,0.012491806846317219,58.66800859131445
429,0.01146285877152646,58.20131837228616
430,0.011998972273431718,64.69831819614558
431,0.011168009220823847,74.38418900203102
432,0.009993292899152276,124.71724955183244
433,0.009652341671942457,69.11111896614175
434,0.009743890024329746,220.20754473875354
435,0.00999119588350122,83.39037545901726
436,0.009036886389367282,50.64153528365277
437,0.00987825842986984,52.75984701527019
438,0.010604703130478652,135.16278120594336
439,0.013544312680923295,49.50935008027938
440,0.010443327429406794,282.4984550604175
441,0.010942291087021345,33.23868135735639
442,0.009346460226085365,223.68166014918674
443,0.009351507270296749,85.37395632888415
444,0.009335209696839285,157.66273744779423
445,0.010529757274175959,91.4010164502199
446,0.009705864378282478,87.36129688876899
447,0.008912263556864837,128.89836696727843
448,0.01034270683885552,46.75908211647668
449,0.00969989929238663,266.4531625917081
450,0.010118472359272815,153.65304152895226
451,0.009378084015154924,96.73949070852328
452,0.01042483107510449,67.16712531602023
453,0.009804593290130175,202.3869599125689
454,0.009504332138861243,84.55163268974074
455,0.010156019041422736,162.45961938879006
456,0.009702767049845731,151.75308087433208
457,0.009720056010691461,134.2114689421678
458,0.009288193362941644,36.66016375514991
459,0.009789365143380845,87.91093179402212
460,0.009157120726279534,215.52035519444283
461,0.010023501486824729,149.39453421800076
462,0.009942583931685501,67.62671448058231
463,0.009544246531585419,140.49649836309726
464,0.00893734043083069,53.171094663266615
465,0.008599989743043598,84.22537854614622
466,0.009164624646390703,278.1332447244408
467,0.008882455967792894,69.09566757744233
468,0.010131084463315322,129.88332842683906
469,0.009175722833647405,206.56565047205504
470,0.009467789979555226,28.637826157297926
471,0.00974447243454129,282.6599928582056
472,0.009281895239837468,32.894737012867864
473,0.01121119083612799,100.37091554055516
474,0.010385615102461894,168.54154417507849
475,0.010406706187987348,76.19748229490109
476,0.011377951182228133,126.28306734401188
477,0.012739842138464817,43.98136635290538
478,0.009958850920697473,67.76600411607701
479,0.01074516472122553,56.127034487480515
480,0.012247016113674776,47.221280939396
481,0.011524191717642115,261.95020913758503
482,0.011108366949162606,29.182958772509103
483,0.01011745325463303,66.13250225199705
484,0.012375679348820242,33.42232462181173
485,0.011864166333468566,29.13875029448733
486,0.011674893292365596,88.27559389081266
487,0.010600340417536463,271.50778119880914
488,0.010610450860555612,224.94090531900892
489,0.009789804321333346,212.44133384400376
490,0.009490681138677185,122.93172283101745
491,0.010178680021970256,80.73953040526499
492,0.008464815637296778,131.95155465828955
493,0.009315147746327477,97.31471115690279
494,0.008588159016838645,58.66591916011908
495,0.009049672249320921,216.20071252966227
496,0.009455078645649161,271.4830918204045
497,0.011303116719977096,29.335094984306195
498,0.010933770376891281,153.241936622944
499,0.010088560741458988,30.470974345566663
500,0.010360932108052175,280.7885430258291
501,0.01096687669197177,280.75302955109805
502,0.010370901055549357,40.3105984823733
503,0.009997019048692105,86.48636728950707
504,0.009969366931314156,51.65881408923407
505,0.010873141618307075,82.25651497207808
506,0.011875923586115745,74.3971715456065
507,0.011000636372687844,266.8204268009122
508,0.01183461767203849,31.597380665178182
509,0.010126684475498101,153.73247523524307
510,0.009708629622174477,86.93537205224494
511,0.010194727182701731,103.68448227803815
512,0.010821578057356557,64.96008392136301
513,0.010458803214804874,146.74168689569834
514,0.009270080726529503,35.93972834082416
515,0.01038904854917938,224.6912037964281
516,0.009238646445147743,72.66347838652902
517,0.009697926908054134,272.8028223408034
518,0.009145236106051766,161.08449770685505
519,0.008667632783526334,69.31401883185688
520,0.009278648955944208,278.9151784917464
521,0.009255233540120011,287.56280335516607
522,0.009531247902589418,211.00519274841804
523,0.008565018382236863,108.16090825156336
524,0.009686705159716915,260.94174751823886
525,0.009922405651472958,269.91379675985456
526,0.009333608937315429,93.84156066863282
527,0.010377620948652216,59.7873520583237
528,0.009531290929417237,61.08717527261685
529,0.010086995291018511,68.54394796968505
530,0.009429971559037423,33.858585352749465
531,0.011852424114279576,61.24736779087466
532,0.010500486911828252,78.4804286546477
533,0.0106004852833311,46.41566715718636
534,0.010470304534961046,282.58719754220454
535,0.009052950523841053,60.33856829574966
536,0.01047892756519261,28.00796615216691
537,0.011493212361426525,209.99167537818164
538,0.010121949946797276,82.45873677760125
539,0.009581507982786846,72.37769768563071
540,0.010294846231276593,46.87025553699167
541,0.010324876109170246,33.9090362610529
542,0.01181422426879149,29.570368856743542
543,0.01211032608725046,52.97982718249118
544,0.010407561379259815,127.7774381820373
545,0.009210416708349801,222.2940297527463
546,0.007685160764644074,63.01371818521148
547,0.010218401994795245,287.37874975994504
548,0.009992344013266069,221.8185843577857
549,0.008266602457017424,97.11536170478631
550,0.007268934829467485,53.44729453259522
551,0.008319709395283086,209.2249060717607
552,0.008890639622292768,108.72592993322588
553,0.010786755994418994,90.53370664581348
554,0.010004189175339667,77.52355574544718
555,0.009043184458483075,220.67900334058064
556,0.010216057561601983,161.3860911362717
557,0.010042437399509394,118.01587968922227
558,0.009432594740736442,112.1465837697514
559,0.010241171431103297,55.06408213446934
560,0.0123316274398963,77.26288587614255
561,0.012204356245843432,142.43699766888685
562,0.010739403880654357,73.41347643184054
563,0.010653516901938257,119.32016973421466
564,0.010452327539991188,133.97110649687613
565,0.00999300601703096,123.07487155294773
566,0.009614200694580256,144.50621208281436
567,0.009065596853463193,276.52760206322904
568,0.009090611735770766,101.55013444771582
569,0.009436493025991836,161.2642065750726
570,0.010914480564247627,72.79613205145564
571,0.01088671157630348,132.9219506763348
572,0.009749854202967456,282.948496493161
573,0.009789217831218307,267.80756908173606
574,0.009477538037769132,168.03176472350043
575,0.010397946777737747,62.13376707079242
576,0.009353144384976345,213.2878130205686
577,0.008850061995449516,215.83999010489472
578,0.009144315287068655,57.33744095644215
579,0.009489068919694392,210.28951343128384
580,0.009119747349442068,48.27811594809031
581,0.009357934958307735,136.0265588213594
582,0.009357226676498116,54.430586546537974
583,0.009946560089463905,116.04163021583115
584,0.009633413526786434,153.60625963825458
585,0.010401640480769605,34.41088282856902
586,0.008956810194914315,42.88658486540585
587,0.01243312968526388,78.32541449806787
588,0.012695089003033433,83.11075446265926
589,0.01278914839998391,72.29838389681326
590,0.009928934137421292,132.36058240989217
591,0.010256647260753995,144.89191056947084
592,0.009490801638143288,82.60221918105204
593,0.010975164665409768,274.32346500216585
594,0.012347992963358674,48.59505610394265
595,0.010763981121234577,164.3551858701783
596,0.010592402397659751,157.81318569087856
597,0.009922278098061144,159.77087923071167
598,0.009774937586362003,156.54519689424973
599,0.008669065472633792,285.78791142245257
600,0.009368938545148793,206.85164675391303
601,0.009105792746249534,215.9940162912985
602,0.009545894442711344,278.16015134604606
603,0.009885581210855702,151.41613208929675
604,0.009414097962999409,149.17793371828662
605,0.01049795828234001,147.86310338442433
606,0.009238738212099468,56.134657962076034
607,0.009004133323946133,34.90222477489001
608,0.009544597011433363,223.8218475680336
609,0.009008019929751754,54.072282444929854
610,0.008609357969259325,158.52777400121084
611,0.006826670446979074,31.39170358215182
612,0.00883956262023767,88.04543632337872
613,0.013402153141716302,27.975485826580847
614,0.009804769360366313,103.53108313552877
615,0.009587832171416798,130.17481889410524
616,0.008560446792447909,79.61596522235021
617,0.008890352133953533,62.687724275390764
618,0.00995049854107998,272.44334258713207
619,0.009195896062873682,69.09311580162021
620,0.009247530651568898,277.24848329712427
621,0.009298920363968087,71.88754531267679
622,0.011220852827066734,114.55926423834927
623,0.009319148262595544,97.32325904936316
624,0.009303464892912994,47.722434763778494
625,0.009581701122098477,65.16843977985397
626,0.009277053845544662,160.5258196596932
627,0.009162664466368204,41.17258332807726
628,0.009495675707231132,171.44164324577778
629,0.00904550476787755,106.34828508848967
630,0.011441508142082524,89.04346762773463
631,0.008987537627687359,288.4116994093417
632,0.010391003906708928,98.71943909335855
633,0.008160033194857082,167.03554672200968
634,0.008036831947930086,104.78416119600456
635,0.009167376640034001,136.15217480159978
636,0.007489732671844758,56.62037649316763
637,0.007650980608682525,64.4824777700372
638,0.00791945403679418,155.27112793016468
639,0.0075417906558930365,64.88556759008735
640,0.008822980228055737,269.5062471887619
641,0.009756395757056268,58.36736610615898
642,0.009788615741477958,33.362289574368184
643,0.009165557120271391,164.52744172459117
644,0.010516710716977039,44.25708496985967
645,0.010218411669191348,126.86532297281266
646,0.008742503643280558,68.31667737290881
647,0.009305496208827195,221.49185261148702
648,0.009931951470207423,46.900880869935555
649,0.010853890065305136,81.77191052221406
650,0.010863369271436777,84.71274614630704
651,0.009081542265025938,208.60395279690485
652,0.008611296380920048,140.8774867838161
653,0.008838809894243727,215.25179570702252
654,0.008346125188177364,126.20153695922828
655,0.009746231506472792,270.3923941393247
656,0.01073285517684946,40.329918554559185
657,0.011732931519163993,66.30969805508275
658,0.008862468985072966,75.07392530316204
659,0.009753977160387164,150.57761932524528
660,0.009915317672042288,123.672841156379
661,0.009840703689968502,156.38172906992756
662,0.01007350356387458,99.47933299210173
663,0.010097000835230574,98.35464387747614
664,0.010230790135789324,40.622627260194555
665,0.009537799970243727,114.8780980796665
666,0.009797161544248112,122.01676278658202
667,0.009988632418440077,37.11293568764224
668,0.009924533832500774,53.9001114526265
669,0.01002243652606958,132.24999489263382
670,0.00918226749767405,217.9685653169979
671,0.008303853110279539,279.1737283760884
672,0.008052853683022245,123.0591188968465
673,0.008251933004091478,62.73426652901791
674,0.00952173861376125,154.9750348066444
675,0.008989451590048917,277.62501781314865
676,0.00870812395111319,53.86938809502258
677,0.011935239954819453,36.520406464177555
678,0.011439184784083753,85.44399090128786
679,0.00863330679923771,132.5800398475909
680,0.00986283203324846,282.2898144417064
681,0.008876140563414375,131.43173321998208
682,0.009112613227475306,31.688103663810605
683,0.00819501738973289,71.77035947617803
684,0.00833617783659561,53.782721008882945
685,0.009549453383570694,218.1208685654568
686,0.00955301950196341,56.22663420814444
687,0.009747816300856554,72.54739388160651
688,0.009670049900196934,54.51243167002547
689,0.011781233307792226,78.05040353431205
690,0.010171003631293713,277.62797676184346
691,0.009973927795230835,57.45161160449492
692,0.011646068994334693,55.19992027239883
693,0.009595947594594778,278.09546039305974
694,0.009409404772503132,46.46691019160833
695,0.011693141486665065,47.5335487911147
696,0.010181592889880174,123.52175158192664
697,0.010271210914457785,273.28022139810355
698,0.011564884898276789,158.0312474460508
699,0.009621142906146648,218.1112777283405
700,0.010371624839381647,65.94557523276265
701,0.01018278467393938,58.14697749694673
702,0.00972503843121768,87.5908803410894
703,0.009481974719596315,161.67110307659473
704,0.00826023527230232,164.84401419930916
705,0.00751826275584542,48.23773779516447
706,0.008810486179964546,94.26598798007778
707,0.009484748226399957,50.04994840445897
708,0.008771733572248811,62.31519856466394
709,0.00907945187079514,124.06385361272419
710,0.008539129548642615,44.53159550898008
711,0.009127071833724833,52.15200731798007
712,0.01381818504586559,30.2954969764756
713,0.010303710435422506,284.82908304507737
714,0.009028938699359546,218.91485744276739
715,0.008775664927459778,131.67597931540286
716,0.009556366728843543,31.545663413521805
717,0.009958959380220771,276.6385772631758
718,0.009918750668965423,89.53332081881402
719,0.009941319149220362,86.97664255796371
720,0.00961960899614963,275.0715353490718
721,0.010244233548291959,95.98762792870045
722,0.009765925160499803,115.87557269978723
723,0.013321054336647022,31.958557124184132
724,0.011591023352759128,40.875563020152356
725,0.009460313475410402,223.54016318774316
726,0.009558814437257061,35.674875840866186
727,0.00927795847271157,86.63671005920033
728,0.010284048454857177,46.32369200583362
729,0.009418998499033758,99.04156130227472
730,0.010161122751676223,51.28685499577763
731,0.008735131971553851,70.01715127197176
732,0.009122202870467217,162.71605866227753
733,0.009206483744150465,137.25466291251206
734,0.01019343007868945,62.16015747691603
735,0.010092201289528301,88.66248702378525
736,0.010351549673440128,34.44155461342466
737,0.008491813301987807,288.7144841000555
738,0.011399364475933411,47.09686102677112
739,0.009003269156559147,223.6608326142631
740,0.008797408747290012,226.11428276864035
741,0.008706748632796328,283.97690282582647
742,0.00887845836210151,160.53654789725215
743,0.008733671541379478,99.07616588335299
744,0.00930637807308715,120.96881060606215
745,0.010838611077185934,92.28893752732989
746,0.009740431805640548,265.7290157167876
747,0.009349979259523338,27.985025110141766
748,0.010291364840948237,110.67622477933254
749,0.009746143522112937,124.45142105036359
750,0.009569890303873294,159.38264876574252
751,0.009631169790212633,57.11808046866501
752,0.009989410440588521,71.54432617537026
753,0.010544650800167457,67.05726652957406
754,0.009972236784106282,145.85434217371264
755,0.009507304599868472,50.26237586450353
756,0.009559385830816865,223.36538668558464
757,0.0105955473657043,70.4892913131562
758,0.012025412493701077,56.184521326965324
759,0.010668056083059955,43.157307971998435
760,0.008867678878066892,42.351770092515345
761,0.009134066222362559,44.120117006113695
762,0.008793916802146825,34.4936609960804
763,0.009690372243636107,117.84077706078021
764,0.008746366805380917,35.25051949830428
765,0.011462072373516012,42.66653018818487
766,0.009727754424167076,223.81806925634444
767,0.010405929811330962,35.515692103949554
768,0.010326209903598345,29.147524753205335
769,0.010483673496363574,268.62161030549385
770,0.009129145174268057,170.06746817042216
771,0.010251852696951986,293.13687585238233
772,0.010749811812400305,32.52899720502327
773,0.0099325565648721,219.90491267420722
774,0.009482707281011282,172.27216136266628
775,0.008893680750881717,65.92190814410984
776,0.010230715807835114,67.18576883021525
777,0.010094812226686942,54.925169074048554
778,0.009679405708980918,214.61614764457366
779,0.01122083170500038,35.14777087095971
780,0.008956783088198042,295.40329984414575
781,0.008680354207911986,62.15942308007521
782,0.008442594071451683,100.10407796486732
783,0.008529782692779373,169.17684774666628
784,0.009986075980909722,85.68146989358267
785,0.008673834572439606,230.59072445652873
786,0.00817933644906714,36.10095462153784
787,0.00814991804437456,231.79809083075844
788,0.008450923750378652,165.19438348945366
789,0.009283164538170114,27.268264542391403
790,0.008323460779847356,70.5496187746205
791,0.008888167909185904,279.56121756341713
792,0.008185608143724451,124.84395794991732
793,0.008619416945345017,216.80924355892333
794,0.008807977628675382,138.8017426013335
795,0.008697079368219536,284.71287320291725
796,0.008485819848657056,78.1555548582231
797,0.008425606201377842,133.10403587104307
798,0.007761998840858444,91.0144210998354
799,0.008591146773117519,77.03182256561665
800,0.00928178713142048,90.15751757110094
801,0.008810801060087787,162.36220786193485
802,0.009491270450456857,67.50647604595399
803,0.008260189494077289,166.41820043883666
804,0.008743993693777177,270.5144324859869
805,0.008724580933630932,113.04952310701066
806,0.008804333514720857,229.71581758330407
807,0.008419632087514567,49.582140392167396
808,0.00981536453179343,157.67022674926488
809,0.008918993159244626,67.059297612435
810,0.009334134239845483,58.22047986971458
811,0.009478874130318279,137.14696726512153
812,0.009396919103483744,291.9734054636856
813,0.008699480212924864,142.2555368059446
814,0.008741097006017119,233.90061818931488
815,0.007826879063101772,89.74334384371085
816,0.008869679644703865,28.02575666159458
817,0.007008126883936877,52.14329972913444
818,0.01022024118922382,155.86836713680964
819,0.009355851096558052,287.8075569164779
820,0.00927599712580057,36.919345787131114
821,0.008893309703680798,57.21414798310102
822,0.009333446340079576,230.94357483322545
823,0.009781520365800518,72.43302881861172
824,0.008968841746160439,35.100335829974995
825,0.00946824333419807,233.98345422818022
826,0.009299730294465867,65.42401303419066
827,0.008371753914451057,55.15508903309869
828,0.00998230254123682,61.69093192740033
829,0.008994794838699477,289.76553028217165
830,0.008742137629517609,45.710844311281605
831,0.009614827621168763,143.9227475166705
832,0.0084933745059131,101.58852286091503
833,0.008640987924325036,277.81977827887147
834,0.008921788752496499,33.71497266676753
835,0.008448070150651884,42.22756080906303
836,0.009217414537595366,290.2216516121386
837,0.008461970610252736,289.38941478786455
838,0.008949721571076912,68.44530605299542
839,0.008467216842773451,140.71400332788946
840,0.008325123477359893,213.48445467409584
841,0.008760885581042958,225.8968206360251
842,0.0090071241936608,167.79834231949
843,0.008504639034448513,27.583974872787635
844,0.008477484721860839,163.92256602182812
845,0.008668925988368338,73.30050305195292
846,0.011016372216360296,67.09132638368993
847,0.008249852090079527,52.270815840170386
848,0.008636136007940965,282.28138088049354
849,0.008202035351207518,163.86160898103495
850,0.00796797905455936,40.03249150157861
851,0.010609467324437731,60.94450448197981
852,0.008947111076703483,133.12846580236942
853,0.0077187093073439045,59.05724475896115
854,0.00825489720790012,51.989212870778935
855,0.008926217428455918,71.13778169744555
856,0.009706280097956412,104.8020316245541
857,0.008733721152374285,225.9170847241083
858,0.008774133850238286,95.7656578230407
859,0.008110924124258302,122.19522172825755
860,0.009457103856468828,46.5884598317296
861,0.007979885727219936,162.6920084537542
862,0.008532861392174301,34.93853781981935
863,0.008384200775794484,70.27480165101248
864,0.008533540397341288,82.34162261143469
865,0.007092167224700589,228.31881890579868
866,0.0076517040849875834,122.93139216652098
867,0.007506746056104271,33.921758683046086
868,0.00846002169616394,61.2070486346532
869,0.008110333953730085,46.91849956801004
870,0.008154726784550032,67.61982181461835
871,0.008083275027999307,69.01546426272655
872,0.008309571283211097,32.981416620347204
873,0.006182991925643051,31.869686574981312
874,0.008358782143251777,31.477362541256824
875,0.008290237488909532,141.92775086971417
876,0.0064598998672455174,57.283469685771685
877,0.007793832791257571,225.13130984699237
878,0.008127944080303583,30.68002657339548
879,0.007849163706520234,51.795731627879896
880,0.006727940323999372,59.99679006309458
881,0.008836473524122713,94.49481831463083
882,0.009181684807361722,124.6476378062769
883,0.01046336413657462,40.8748538623221
884,0.008394957609633704,223.05681378143709
885,0.007977845582130473,110.38824590345729
886,0.0077101838298250175,230.91485915708944
887,0.008309046614670825,208.72631503571597
888,0.008084767335563297,128.65872914557255
889,0.007129984927877527,33.969604154783
890,0.008866969677535625,167.25087260982724
891,0.00794647992636586,168.43364576971905
892,0.008273104084954462,290.6388105797301
893,0.009688561030619797,148.83347681120944
894,0.008919185598973523,47.61522040009396
895,0.009108778712557773,229.60682536592407
896,0.008533958936746324,221.85831106474546
897,0.007429814077469702,167.5222783744334
898,0.008052463662723722,222.002356115336
899,0.00780861899522352,129.53158763638962
900,0.008254271902055858,71.56260947420206
901,0.00891458533411603,230.89127275821392
902,0.008832715723877522,74.47517792332889
903,0.00880182948629153,142.817248493906
904,0.00902029906552685,139.94019838780807
905,0.008382273211798354,85.12799972221325
906,0.008449139188471722,216.382276244314
907,0.009790070216498664,68.07932732070053
908,0.008568065107599608,287.31397560060213
909,0.008214372255210524,166.7958562498566
910,0.009055166679433234,279.0468313142175
911,0.008845514691853107,54.226454457662506
912,0.009302160899656324,101.57314599613863
913,0.010040839798007668,54.78923955171841
914,0.009323798566228675,280.5451382056342
915,0.00929909536277811,26.539271909102958
916,0.011024313602739802,100.22551139908646
917,0.00990992053789021,220.10964075277278
918,0.00845272033157843,45.82135177194852
919,0.008678911835730902,292.604182053838
920,0.008236469718334792,170.74644121911058
921,0.009886871423509162,53.11446330561713
922,0.008115677078339186,47.27149135659068
923,0.008863984315135217,54.75735149946906
924,0.008420466152340945,31.411046082875718
925,0.00941009635216225,53.14277644661994
926,0.009098948269761545,88.98069521523739
927,0.008837917224340831,158.42374153988948
928,0.008797739654304398,137.16656306296537
929,0.009105727323411226,35.10989512643407
930,0.008811933185745831,132.30341099855391
931,0.010497784259792227,55.26358929164368
932,0.009534292143892826,288.41385932789143
933,0.009933905353325875,121.36930010266035
934,0.008159039211509261,279.66582461031913
935,0.00852950374482552,65.69643913787444
936,0.009079754357047092,100.77445861301835
937,0.008611188791374761,273.97676402227455
938,0.008969565944067321,228.93422458316897
939,0.010089398056654066,29.969575085203616
940,0.009354025580363405,166.70623529929387
941,0.009617688889005062,29.423203807808544
942,0.008627525887423939,135.70091084876177
943,0.00890964305006219,292.40743055419574
944,0.008164303850797886,79.00075665757306
945,0.00765332259671313,28.85182025716786
946,0.008862329277596389,163.35761171671166
947,0.008388309644281187,51.7250619540293
948,0.008568805000741024,288.4786964337913
949,0.008431500001697222,67.19418827353915
950,0.008979027023025114,31.205518957520074
951,0.008911054682033926,60.49107787485093
952,0.011008214761834377,95.05520227940566
953,0.010218520243331019,35.351743659994234
954,0.009894567479092915,103.15858686208068
955,0.008570637246394619,290.8345007026506
956,0.00966065087564418,36.155893374636
957,0.008180799359313639,72.2224281998454
958,0.009118589722628216,166.30176488403328
959,0.010509478836096466,112.8661144297862
960,0.007970801113044908,33.52787939981879
961,0.008353926636964003,230.30603592571723
962,0.009273699382162196,61.485612259141114
963,0.008672630795727259,28.360419065963523
964,0.009050857690492903,281.21920471685155
965,0.0083630107851191,39.87651492726587
966,0.007887968363978997,28.81865677592416
967,0.008506240297976265,231.04366168839482
968,0.008230372054199929,165.29440559836056
969,0.007041356113928733,54.75708406701945
970,0.008423562352122231,49.39994728874406
971,0.009221103130462201,71.06098931070832
972,0.009449942589849984,142.54626316542164
973,0.009321858755202365,52.524246890194824
974,0.009500021283546912,34.24053948799307
975,0.009078968952100282,150.68354153905221
976,0.009467851158837795,138.08041240929296
977,0.009895445465540083,101.73372948590058
978,0.008315058898758786,29.35164657337799
979,0.012229459452844987,53.29142192545613
980,0.008869645423890854,50.82730776248892
981,0.00965836129874403,111.72097224169876
982,0.009000551338597777,231.05972848274476
983,0.00903017310669053,45.20703438950431
984,0.010249636729825467,102.28230558832647
985,0.008203540712328539,287.56525462176967
986,0.007999334903631233,68.52496789450214
987,0.008556115904446835,101.52384941062331
988,0.009534481074996829,92.09124595652479
989,0.008263738091605214,98.20417720773042
990,0.008038721430169132,96.84354903126653
991,0.007628061490526851,300.34552547459526
992,0.00891100393280133,50.17804704735214
993,0.007444412250399843,49.37321392641148
994,0.01062748717431654,138.53517900227624
995,0.009057333016619278,155.71165903596528
996,0.0082228986839895,217.05273657028323
997,0.008252846576650291,171.12958880364957
998,0.008308536075399376,123.51095739616402
999,0.009391231162441989,64.67682431185155
1000,0.009397673846582289,49.591835301839126
1001,0.009423419991614704,223.37265091745974
1002,0.00973931099668754,89.71624189709648
1003,0.008591990673047459,32.84380451049599
1004,0.008756337011604007,286.3507477508587
1005,0.00841788112282778,131.049700951812
1006,0.009481149053217137,34.376931157255044
1007,0.009688471102733808,28.72837656240503
1008,0.00835445469859425,132.93700433223609
1009,0.010765369770401236,57.58294789384985
1010,0.01058256751804782,57.40205025539976
1011,0.010254785220289754,72.74125412591253
1012,0.00999682509919276,66.18937477826157
1013,0.009110770222176462,155.69316744808427
1014,0.008718174427673317,155.62352061114967
1015,0.008843781682037618,135.35702742689426
1016,0.010289782348660414,52.45147662369008
1017,0.01169517610607476,33.29610474622918
1018,0.009665736057474438,32.29509790643179
1019,0.008738405187614262,82.01801881490819
1020,0.011293776092472774,32.18869836654486
1021,0.00903425439110107,140.92150517461243
1022,0.008468402593768508,136.99188907360596
1023,0.007729995595582295,111.95529787251613
1024,0.007682873732516204,301.634503204612
1025,0.007691056415244887,144.4249022857272
1026,0.009528776470186382,30.030779206728656
1027,0.008044836168402443,137.84326846480954
1028,0.00758824929799697,124.30254494219703
1029,0.008403067344850468,234.85934812275187
1030,0.008676009739814763,129.14282603899622
1031,0.008645705820526928,33.680766878089315
1032,0.007843886933110746,220.8621879654864
1033,0.008647987911653882,71.03990722999474
1034,0.008832901226350375,128.48812726180745
1035,0.00888326532874768,228.2359689876415
1036,0.009073258884078296,169.46737942645015
1037,0.008741549863401105,62.189283522539455
1038,0.00870102685599951,71.00112063149767
1039,0.007913573027462146,54.92439225076424
1040,0.008404276496388348,283.20023918375614
1041,0.009736114523623177,157.64447961510305
1042,0.008554011677020792,296.48728529268965
1043,0.008452542591840029,51.37319136068422
1044,0.008383787894194234,167.14579293992304
1045,0.008779016602908904,281.0672812922526
1046,0.008333775707515744,151.32081372518059
1047,0.008049781595631926,51.717671916128076
1048,0.010499411704555407,63.69135010480906
1049,0.008506979110835108,134.04854070836825
1050,0.00901535125027392,135.8500241744926
1051,0.010428483847563074,141.89245488501464
1052,0.008809519127314447,150.62300894293116
1053,0.008920098133516354,227.82475377763123
1054,0.007826301910132366,241.90706570170124
1055,0.007495427427882631,68.03966733839313
1056,0.008666457814559152,289.12646421657894
1057,0.009123957609738904,84.58672898481437
1058,0.008309826817118669,158.34552684680403
1059,0.00826389217399992,101.60194925737912
1060,0.008461742392757945,171.4137088863586
1061,0.008698787686616643,153.4122270208985
1062,0.007481862344675732,294.54719359492486
1063,0.010420341658311249,53.193936896906685
1064,0.008334520116808231,55.395407212066004
1065,0.008505154775311833,139.25157449531653
1066,0.008948180137698932,282.73530960831323
1067,0.009283714543786258,94.35136064510587
1068,0.008694833742407293,64.23028027028657
1069,0.00919858861976236,175.3814966979849
1070,0.00925704952589093,91.07071085014883
1071,0.008357016947472953,236.30192282338544
1072,0.00858864231112177,230.20622697039843
1073,0.00832147576315597,98.65946700551746
1074,0.009026429319016685,130.1039639396379
1075,0.008771985909284873,80.68216410461856
1076,0.008904009475932421,112.56035162012782
1077,0.008115772062347315,281.2461660180308
1078,0.009166090016334548,140.51832661661726
1079,0.008120291655919014,90.85359096780388
1080,0.007754563266799889,300.14283056599794
1081,0.007317467219324718,36.61253966620779
1082,0.009465709805506496,101.07106456673026
1083,0.00812355072486167,71.49020750976024
1084,0.008153014145952103,29.20547587720892
1085,0.010007656119587654,74.33178680557052
1086,0.009255457086860238,104.82728311925938
1087,0.0073876379687197,67.95823790437669
1088,0.008677071283209058,229.37047273742414
1089,0.007059511572482403,48.00694032153721
1090,0.010372355380056078,65.39275126194786
1091,0.00907469904484322,67.73673930399588
1092,0.00799475146369152,297.4905990423381
1093,0.007094989543971183,51.3301305867683
1094,0.00802060097418222,84.79152956236106
1095,0.00847331503054948,62.5863255820317
1096,0.00837299869952086,129.8640796402025
1097,0.00854434833083109,26.451549040452004
1098,0.008914730094550849,174.89897321109606
1099,0.009471956955117954,77.55297255552426
1100,0.007993469424224619,35.71139541626584
1101,0.008366983847300733,220.21786446164433
1102,0.010706546361124593,28.03507151928251
1103,0.00865560423310119,297.5355324955782
1104,0.009513385853725341,162.08777338946481
1105,0.008883203686834772,224.06619218362712
1106,0.00887182951924509,230.26898004541195
1107,0.009312513010137571,109.33978932049058
1108,0.008426213347635124,92.5226277022802
1109,0.008960528993758104,69.20284267195416
1110,0.008259859164701486,153.86077858858874
1111,0.00800235496452925,52.9717410583006
1112,0.008906432974145975,80.89410901195023
1113,0.0077210134909979095,70.99785085826015
1114,0.008076927792965002,163.46358097158026
1115,0.007599439627838211,68.88380321520145
1116,0.007041027228379707,49.70169728320947
1117,0.009246706703117401,56.622577967266366
1118,0.007851241738535464,71.1564000510062
1119,0.0073937132043726235,88.85435767154013
1120,0.00822208944352015,285.81518545259036
1121,0.007511028497794862,299.5936466307418
1122,0.00868776219587573,130.65985969730517
1123,0.0083205421410319,237.85643278323528
1124,0.008505775325780583,77.98700253403962
1125,0.008235436744092715,225.77139658674744
1126,0.009262579007719813,57.56789866694266
1127,0.0074536744625596655,31.59261491961552
1128,0.00899913904190032,58.54197069800699
1129,0.008955237365815313,143.74853833152164
1130,0.008465665514284576,52.33146984497314
1131,0.008472971673025033,107.04113897777317
1132,0.008202681533965426,110.04319701529569
1133,0.008342908712111855,62.999580229730334
1134,0.008730433053668248,232.50768224662502
1135,0.008860216605023959,79.45891043684506
1136,0.008596097672125325,80.4930203943831
1137,0.008264330613439366,134.44404511252944
1138,0.009013003729893986,34.0401291136532
1139,0.009153198646126254,282.86541882036613
1140,0.01047642529813637,33.28083203781513
1141,0.009983707855677825,52.62953995250164
1142,0.01020886440824528,54.13740844426911
1143,0.010291403434662656,46.30048752300996
1144,0.009095782602374636,136.62036402050202
1145,0.00855669111541328,276.4944788577086
1146,0.008940650151299242,90.19435176296366
1147,0.009965070068243553,55.12428854532927
1148,0.009288584461990887,101.49050406564733
1149,0.01125312687961284,76.26978432758125
1150,0.008730235061744347,236.14388878576162
1151,0.008913803503477341,80.27462466465721
1152,0.007891478324819476,307.202483532509
1153,0.007525766302767972,45.89357683279106
1154,0.008676312448994689,234.03591113796196
1155,0.008344689940396171,127.53140578449263
1156,0.007962684172230798,74.14608529429574
1157,0.008171562813747098,208.7316241535119
1158,0.010039204294022558,30.421303191370132
1159,0.008738026337761601,49.27310872024074
1160,0.009133353134407819,138.72146692533164
1161,0.00925453169216102,68.31165672438445
1162,0.007670522572218694,53.36542747586248
1163,0.008699622952331931,62.204041597210036
1164,0.007920936853307385,49.7557792229581
1165,0.0088575167119724,62.98935600616551
1166,0.008549435142247768,48.008848700794886
1167,0.008897263967297696,125.1439729516617
1168,0.008383814627170348,107.10471843679548
1169,0.008646256605906798,235.9775969399674
1170,0.007815568091196788,76.26853070955204
1171,0.00850613387872447,98.58028488813775
1172,0.008375704820244178,60.15557511257656
1173,0.007861056717676828,108.20721161440082
1174,0.010106554127068611,84.94507482152991
1175,0.0077379133995471175,165.7542623066305
1176,0.010383886275260504,67.29689642470008
1177,0.006334992680962928,71.23434078933678
1178,0.008443576142151589,107.19161154326868
1179,0.008910274199853815,279.0402382487913
1180,0.008710676147914032,235.44498986771367
1181,0.009361626835212716,84.81436897164028
1182,0.007874622899011622,173.1179773424506
1183,0.009002858363847071,71.21352135277121
1184,0.008424205282052991,145.88745234118153
1185,0.009537077143994604,135.373281603113
1186,0.007590854091614604,287.46895174453755
1187,0.007859190496423378,29.38686236091571
1188,0.008166509455556727,295.4388451007826
1189,0.008904540122715004,98.39025835961675
1190,0.010206887370039677,31.47235038355228
1191,0.009405964264247738,223.31765443968632
1192,0.010729731571848027,68.79999521671205
1193,0.009504491631020556,66.97313963987168
1194,0.0096910090299627,298.42516522830266
1195,0.008479268100927584,90.02912737764656
1196,0.008672659310986104,235.24173911088684
1197,0.008119092700449197,81.13595513456113
1198,0.009384532357216813,102.34196777922637
1199,0.008402760803449231,296.18227706266657
1200,0.009737241405968529,76.65840186346001
1201,0.008100908628122055,297.16439342199953
1202,0.00773066666982972,165.80978871881035
1203,0.007982687992525512,38.153912684030495
1204,0.009012437591475636,166.93589027306066
1205,0.008589715725975111,93.35329569421572
1206,0.007999078372680306,231.40735088799508
1207,0.007805485768249921,128.0742457558526
1208,0.007943818368053494,98.44568453619742
1209,0.00806498900895419,98.9541827771097
1210,0.00829373252239772,145.9935359606562
1211,0.008239147950839883,58.76094132750092
1212,0.008223942899707586,239.74991310234327
1213,0.008278021890543063,292.7746559558156
1214,0.007742440014008538,228.50498313348407
1215,0.007372262026447887,41.14978813092788
1216,0.008284716280819527,33.761315670255655
1217,0.010590031243844937,67.03698899784011
1218,0.008199628051590628,87.72527540490432
1219,0.008506589709652653,33.13986886414347
1220,0.008691209395955203,288.89719283321455
1221,0.007728526994971366,30.619750309847365
1222,0.008426027779933065,48.36054678352468
1223,0.009030904844761468,99.5966035249244
1224,0.008342847476938161,33.65632953504875
1225,0.008471834374298869,167.3228926165105
1226,0.010403583428404969,33.098853006275675
1227,0.009696342677154855,73.04525916166644
1228,0.008316417157058479,82.8807718122941
1229,0.008791793612405084,96.10407346636046
1230,0.009455956011552805,70.51881776506929
1231,0.008320419363401093,306.51977480952036
1232,0.008227500301123096,97.4102634745224
1233,0.0077095789945980705,44.83245032480168
1234,0.008256485880094824,284.1628502015389
1235,0.008702923234503586,294.0429621303701
1236,0.008336459386939655,242.02026222923973
1237,0.008072632183399747,57.1944900379458
1238,0.00818137955502607,47.971200986446
1239,0.009072083579706286,305.52391978559996
1240,0.008469508391639326,107.37631571413878
1241,0.008203293656496781,34.50131526903425
1242,0.009276358037872391,67.51293098841887
1243,0.007241019202317063,174.0160798016623
1244,0.006801804740547559,133.86631255372873
1245,0.007946413118570368,128.88830389142467
1246,0.007780043542931106,241.83156461449875
1247,0.008212221380933348,30.759911776228268
1248,0.007868041528314449,159.22326188496655
1249,0.007767338478327568,29.281160372969975
1250,0.0083072526371044,130.77684914973167
1251,0.008193569436775608,133.40688445398055
1252,0.006736855604685843,79.57546788128614
1253,0.006864553354397365,81.61564523396562
1254,0.007516913108946443,141.65592341673232
1255,0.007035495432820246,306.3391299129664
1256,0.007082384148450106,132.24854794026078
1257,0.008116557004261548,98.61060908953293
1258,0.007849616809540454,86.27820223139395
1259,0.00874649108895524,42.58357043128373
1260,0.006908831441912546,47.612151291635065
1261,0.009150759202138698,78.16769225165505
1262,0.00742724341663151,43.387920719928445
1263,0.007582326475060724,103.6286700441005
1264,0.009206741590630906,30.06265593835417
1265,0.009429330494561102,145.93802361954877
1266,0.008261246120960544,224.36793059310483
1267,0.008202291993339631,281.9691047697187
1268,0.007847929640531784,292.2362206421201
1269,0.00824467486788724,63.86881704868152
1270,0.008583035570784258,94.51133051249738
1271,0.008616068932204112,68.62162271018501
1272,0.00968055460146967,49.69474870111608
1273,0.009127164233094927,45.26200858464802
1274,0.009448120248172496,62.74069837763285
1275,0.008757592549955007,110.52646314726519
1276,0.009206989972932513,235.9883264814471
1277,0.007993082046219757,26.68567273931685
1278,0.008764845141168856,168.85557881391637
1279,0.008211586443460114,169.48143933193992
1280,0.009379163641248122,218.77429216054836
1281,0.009887780677967679,72.42229346285443
1282,0.009090730905979746,130.89824803564787
1283,0.008528274801654457,71.05464179901796
1284,0.007735230912682569,126.82494136586006
1285,0.007758339848993442,159.15698005848301
1286,0.007278320295254475,33.17526578336079
1287,0.00922433621599339,48.96727826522161
1288,0.009477301359711053,127.03397159716486
1289,0.00868165842771037,297.27410717458406
1290,0.009630368466369455,73.34707772549608
1291,0.008750124609448285,172.61236451782298
1292,0.008276584855146643,64.7324579375263
1293,0.009131097697300484,82.2223743501271
1294,0.00843411006360962,66.2802715269646
1295,0.007941789850092574,135.55790737182178
1296,0.00901690737968734,51.054885722842975
1297,0.008011675484550115,99.13446677759384
1298,0.008622444029261368,167.06657376461763
1299,0.006990920055748257,133.7754801970565
1300,0.007617771104009621,75.17059689193994
1301,0.007812889950878728,65.39577570295522
1302,0.00730976757900366,46.89008193604413
1303,0.008559330496196211,45.462966064363016
1304,0.006846105480582406,57.00695269927002
1305,0.008139709516524755,32.95281202840481
1306,0.009971125937319534,59.17312290949283
1307,0.0076553784502842994,162.98633780819333
1308,0.008586957209863121,66.806917174186
1309,0.007532039458177396,291.4883802504115
1310,0.008420182119432585,116.5172779293853
1311,0.009802855437473309,50.93824681957201
1312,0.008617685038530762,141.31814144907204
1313,0.008540660435910005,60.189448948821635
1314,0.00808091343931434,230.97467413058735
1315,0.007320960995744314,131.06537900882967
1316,0.007480412243929659,31.89747599191566
1317,0.008347432321139218,290.1901746595436
1318,0.007230908165431835,43.75042379427707
1319,0.009169271191170152,108.37571858933029
1320,0.00906745711929046,137.79339448291316
1321,0.009294897442239082,55.38206338309553
1322,0.009238113153637765,67.7821092260697
1323,0.009216163476759737,52.118795378740614
1324,0.008947023604033065,27.861218242334136
1325,0.008734947820462717,106.9246343297816
1326,0.008928762464099996,175.32848621068342
1327,0.008279434459460578,31.684364712263104
1328,0.010055936636114171,30.455008626990317
1329,0.008099700958820866,177.62341023021312
1330,0.009155638091977232,83.27985325075448
1331,0.01002536195063874,304.4778984149123
1332,0.008201524795980547,288.73754360497185
1333,0.00798282818065892,32.78934972961332
1334,0.008691699725306807,293.49840498260414
1335,0.008495076928532576,175.63713888295015
1336,0.00904452068356772,81.40184744519604
1337,0.008791889864984165,234.31543616724187
1338,0.007984071032743964,59.607300249312765
1339,0.007821413439656184,52.75012810061726
1340,0.008620459788008449,174.0782092818804
1341,0.007081566203851253,43.881576799448865
1342,0.008844099445862308,134.49891588735696
1343,0.008298630751195853,62.3168312679783
1344,0.008025726867703602,240.52389655118458
1345,0.007576818318370529,66.45793848134943
1346,0.0075512105483252975,308.02367651828
1347,0.007061173067964866,54.568851298589465
1348,0.007359140469937929,297.41149756187184
1349,0.00825397904672836,67.48512241093454
1350,0.007948823532756619,84.17939713525014
1351,0.007909187595942058,100.53309824386263
1352,0.008504204849725052,124.98522690074796
1353,0.008256362860226745,301.5716487641421
1354,0.00793495455385513,68.35140776994794
1355,0.008490650732049042,47.229287149937484
1356,0.008492532069794834,49.5210788264657
1357,0.008924122659664135,111.87127831316903
1358,0.009779005250262127,71.88562023604341
1359,0.008167097403802285,167.03278290116074
1360,0.008912518130743811,28.710278602741987
1361,0.008182353268069672,69.65877325511036
1362,0.008861260273220005,243.5399560599954
1363,0.00727553343776951,134.64397953825332
1364,0.013274730464186648,30.47030734710694
1365,0.009583510931406636,91.59153697530223
1366,0.00863655021888777,97.66051731641888
1367,0.00813458091540312,132.306340165017
1368,0.009504940008892763,51.12223060655695
1369,0.007749116734257914,303.61566679311557
1370,0.00787590048275888,170.83550268281525
1371,0.008181354563790731,98.95973945051638
1372,0.008515295480249515,30.22932999494237
1373,0.008792794581762898,291.8906514520117
1374,0.008246185323397784,303.8946024567037
1375,0.00795502003033603,52.4427683904268
1376,0.008110594334609162,107.09166359162762
1377,0.007888813878078228,105.62622109721202
1378,0.00861002710653484,295.7448031661661
1379,0.007918967900017428,83.42580904937479
1380,0.008316002940938977,47.88100677333708
1381,0.00754295548130627,230.91959001479643
1382,0.0075213344279616914,301.4061978965125
1383,0.007706803457536312,57.45703086762254
1384,0.009882758441782588,30.89152586891022
1385,0.007113570113024498,83.39831970147077
1386,0.007963448720417815,85.20936347199874
1387,0.00804912240374296,104.78672556933782
1388,0.007516215049127169,245.03078366231375
1389,0.008569019938966868,92.11402158358163
1390,0.007905720376071821,238.89639377479114
1391,0.00726447396005529,83.34044116096764
1392,0.007477253244177207,139.8102886620013
1393,0.007703565882021111,36.081938476475
1394,0.006827275880917521,34.10074750229321
1395,0.008105442726010667,230.24238989749998
1396,0.007294096181564309,236.66617225263943
1397,0.008437100401539452,161.2297975450939
1398,0.008347987232856074,57.12273140380963
1399,0.008771355657292337,28.484330514689148
1400,0.007973695749555152,313.11060292600166
1401,0.007209675070338858,79.6905480038689
1402,0.008599174200543739,102.91420835990469
1403,0.008089649448679253,298.57997977724654
1404,0.008266513449164894,146.61808826377217
1405,0.008573969459454002,167.8719907002377
1406,0.007844881559350076,173.54846733306366
1407,0.0067489445847548684,111.21921207048379
1408,0.00779150710601745,33.19212558783558
1409,0.007169655668709813,35.4615854579605
1410,0.008566051542230353,83.68353757946821
1411,0.0064918376093201745,72.78966781858138
1412,0.008006219961365836,73.35294787989258
1413,0.007497525213890382,78.88455504341155
1414,0.00635386101756422,243.04409312789656
1415,0.0075280364690115675,44.13720202575843
1416,0.007865565919436867,69.2427993321513
1417,0.008077471997239627,100.23607526313353
1418,0.007002107439755904,164.66230163548008
1419,0.008135028035071691,231.905862810176
1420,0.007143815598000997,28.3675799793061
1421,0.0072583948254007205,33.68633650274457
1422,0.007283803176296015,94.83271715686378
1423,0.006789311636159004,33.167732889747235
1424,0.008236688350073317,50.627625877930534
1425,0.01194101861693849,65.03822279041503
1426,0.00953681463369437,132.87779084745316
1427,0.008272950138444476,100.46484831401594
1428,0.008248456903787043,96.42159219078177
1429,0.00861293991539176,164.54134678048638
1430,0.009469983824105426,43.166441995617575
1431,0.007882674811851982,166.0949143281882
1432,0.00862651606349601,169.45522466075496
1433,0.009484391029461772,230.59230380849587
1434,0.007738351639463323,131.31674001191135
1435,0.007921065731314923,174.44579831521668
1436,0.0079963323319967,231.21162934237995
1437,0.009072440007003024,54.55921569193413
1438,0.008146381271512222,80.26467903994563
1439,0.007319151029646905,52.45673651131119
1440,0.006663441158237,28.74611757181125
1441,0.008647480244940981,25.82309105063034
1442,0.007972281936831265,296.4072808801597
1443,0.00783469272181929,94.91343138488439
1444,0.008366931124277164,237.06530809462308
1445,0.008639539310965559,33.43164654657915
1446,0.008565067274306334,166.97836567058
1447,0.007268989481169477,55.15414824742346
1448,0.008301359001966692,307.1500542916007
1449,0.008218629645951395,88.10223472440464
1450,0.008014025791338317,238.76079037647477
1451,0.007426459619229467,28.72257358122041
1452,0.008409716638783782,67.26336235999398
1453,0.008050358997418839,297.344721280457
1454,0.008602269174011332,239.5971091853955
1455,0.00931790335082703,53.691682281891005
1456,0.008449321910312635,243.02119097715268
1457,0.007815152276905152,83.78013541923757
1458,0.007816246645430708,79.92599392419785
1459,0.008948916056335477,60.742057788052904
1460,0.007877561638354607,297.80261439819714
1461,0.006919515479979563,59.1456284588702
1462,0.008247444837826036,124.88967275725732
1463,0.0076247382688526275,242.1725082748307
1464,0.00783186245796069,176.42967372070535
1465,0.008864562243929711,34.89040963856874
1466,0.0077295916679259525,231.3433024268081
1467,0.0076764582090304585,34.56638445598292
1468,0.0077010990797257905,66.82954060020879
1469,0.007399661385316507,249.55303910608976
1470,0.007224300234263544,308.2065030575053
1471,0.007067560487835205,300.8020664737252
1472,0.006326139363102903,316.36526534323076
1473,0.00781819062560039,71.01421971503049
1474,0.00630939141312312,82.59469880462134
1475,0.00702175898469622,143.81110099912752
1476,0.007002368172036763,301.77706296050883
1477,0.006807405616446222,81.23575008936668
1478,0.006923132869430611,139.32979112292116
1479,0.005615356497318399,50.83943074636125
1480,0.006410067937144175,35.80194092687851
1481,0.0075883029880410525,304.30831195607675
1482,0.007145106707377216,102.20593783751839
1483,0.008932060943069782,44.33461161661434
1484,0.009344795373557457,33.83765863243542
1485,0.008188917513881974,303.9864944039921
1486,0.00871614405048727,62.63217499876513
1487,0.008597605638758485,58.87336442705172
1488,0.008364874395110617,235.26276230649395
1489,0.007932048907654511,71.33959412450606
1490,0.007764202047344613,70.39955859646815
1491,0.007965977278032924,70.75190371784122
1492,0.007884865897235421,239.61462549140188
1493,0.007206722267036294,33.56199160920628
1494,0.00935633818097323,110.13297620823627
1495,0.0074534807019595575,310.770093881959
1496,0.007190651032418581,69.35926417911749
1497,0.007889489430288615,50.61177158662908
1498,0.009012213398330539,153.00510152672587
1499,0.008122467790676189,226.97121404840053
1500,0.00894434105374295,106.11199819880194
1501,0.008170403913058087,69.98498793393337
1502,0.007257423290619784,70.52929370680035
1503,0.007389982666429332,308.47546671259886
1504,0.008710396908714462,71.47386333465236
1505,0.007689128705829193,61.79919640846984
1506,0.006670995729192245,48.55389851821797
1507,0.00832862716524443,140.91374586734415
1508,0.006730431264912394,246.03357860678474
1509,0.006729792789793835,244.40981217436627
1510,0.007778731732776998,106.23850018340816
1511,0.006421174159562537,32.02982468316244
1512,0.007545962466071521,34.49638339934184
1513,0.007211920415126794,69.36016779000512
1514,0.008193278147971156,75.19508089288584
1515,0.007289339507255575,36.34943809544512
1516,0.0069029486897036535,67.20410324102019
1517,0.010272502957377583,73.7837250479511
1518,0.00909715517494552,242.81113766091542
1519,0.00792585285301557,66.10395151442786
1520,0.009877766022006707,297.9509457405696
1521,0.007675572715246309,248.16580479867088
1522,0.008919401642253013,109.8016641555536
1523,0.006853819077821986,129.332163593348
1524,0.007932931666101258,99.25500236151477
1525,0.007224072187239209,65.7982073629904
1526,0.0074446651570486445,141.55664441994014
1527,0.010178637668763384,29.581151519271913
1528,0.008618972228713712,66.93214922035621
1529,0.008331685992448616,66.77785014774942
1530,0.00874522400576657,110.92605183561318
1531,0.007717571551635496,184.28534187276546
1532,0.007614454750173255,174.38034955667328
1533,0.007718745148105716,53.84334215385259
1534,0.007489819715233932,129.11472162202998
1535,0.007114560437951496,309.87047848925124
1536,0.0073539761933810125,162.3753332476143
1537,0.007822343297912145,143.50461705099656
1538,0.0071508834035299024,179.99391598130055
1539,0.006803269620166285,176.75228432685694
1540,0.00651660701049943,175.24395380812803
1541,0.007223052113902309,237.4606911208398
1542,0.007267686237202919,135.72306250071904
1543,0.006783836006778418,85.60311222915368
1544,0.007754591165174698,30.149970313997354
1545,0.007408560848668624,243.13517023571904
1546,0.0074214527834106005,170.07966862663284
1547,0.007485747164041227,57.518999276010966
1548,0.008220563410636591,76.39008859275465
1549,0.008238792754516732,303.5739108897289
1550,0.007902865323278373,114.68748895553897
1551,0.009863515649075534,55.65825695822101
1552,0.008148615136054683,50.9608422742849
1553,0.007079419992088576,241.58902842476365
1554,0.007669221270627762,247.27696619017985
1555,0.01016775026098536,26.36362040594391
1556,0.00801486895508469,162.48353013371698
1557,0.008209381034248509,54.87038928149617
1558,0.00855435869367472,36.74277763240449
1559,0.009425261306618764,41.41885816761037
1560,0.0071544518076076076,32.947805083088426
1561,0.007611414199345745,115.03463106213056
1562,0.009177972794241589,168.8666422162942
1563,0.007734867813628049,240.94728489810632
1564,0.008378908392099309,234.61690899583783
1565,0.007462166953750106,72.20514040615265
1566,0.009356265293228297,102.99355999622453
1567,0.00957484734027599,63.77975806767702
1568,0.009909220102020878,55.09845957405961
1569,0.008067790688996032,232.7570555730901
1570,0.007610498534631915,48.32534633975012
1571,0.007952354632051573,306.8170520516115
1572,0.008434233377391303,46.94127002135886
1573,0.007724142078045957,85.74713031553405
1574,0.008273020594923268,170.64356669157027
1575,0.007050566386772608,302.06802382383387
1576,0.008146128341752318,308.7903255256417
1577,0.007316823137237585,170.0912387788297
1578,0.0073045367166271495,29.030106880349187
1579,0.007771794275843842,305.98302539626116
1580,0.007598404708079289,71.70861217107421
1581,0.009263429772825195,102.03614104408085
1582,0.007738950972414156,235.6653464344215
1583,0.008501717617036775,48.0648290168479
1584,0.008029851955066527,240.08017999167197
1585,0.007408457808196545,29.50085203354935
1586,0.007555074333169692,310.5668473715115
1587,0.007112788710346283,137.9295055117297
1588,0.00783725281743641,247.65672906575568
1589,0.008241079271941159,105.5301283693288
1590,0.007288713149207,108.48650673047537
1591,0.0075240594592901906,77.26771583575024
1592,0.008781431685295205,320.88624764226716
1593,0.006252019976051776,87.98360252734314
1594,0.00821676741296271,319.82511892429574
1595,0.007820003470655956,146.08131345898835
1596,0.007191295916453708,82.42545441302435
1597,0.007624257084961724,32.96315266806285
1598,0.007905744804619726,51.602775709938605
1599,0.007944570645250537,241.1443545290352
1600,0.008344399232285199,76.06172234128289
1601,0.007067514449702755,114.64670880063021
1602,0.007223140572945417,238.55163060061642
1603,0.008052035403894618,110.38237997932087
1604,0.007491963375155747,166.26548962034036
1605,0.0062785356161024035,32.885178473348574
1606,0.010383805587603632,63.59622873914057
1607,0.008780955869811945,101.90725341903749
1608,0.008811036685913747,108.26324298747194
1609,0.007305199816751125,146.31579731449418
1610,0.009288320675139027,27.311405783146895
1611,0.009377996745640233,111.16576209156848
1612,0.006796162671827036,31.55225520128401
1613,0.00919876376230439,47.61093672627458
1614,0.009306421012592476,78.18098321602781
1615,0.008359105876562271,300.2808285912279
1616,0.009678249845233888,62.8286761007784
1617,0.008333846242260813,140.9029259116424
1618,0.008825427975627475,144.80304962630993
1619,0.009115552133992493,98.43709795502588
1620,0.007363844474959581,231.51165138922204
1621,0.007345972819474794,69.0269023572845
1622,0.007975313513667624,249.06395358406522
1623,0.007941100432306229,145.52701926408795
1624,0.006242019211147296,65.22007324162358
1625,0.008067852507916872,304.62229344948145
1626,0.008028148007087083,176.9315278517153
1627,0.00793803123800449,165.82763449218402
1628,0.008740630420584943,171.71562384176616
1629,0.008137710551223294,44.70898040548042
1630,0.007611284466661714,82.23079704018977
1631,0.009053295115749775,50.8671760474202
1632,0.008388017072733915,52.801283724686726
1633,0.0078340378447862,61.36202580778093
1634,0.008059942657062391,239.00867500721122
1635,0.007707608686688058,178.766295182939
1636,0.006986630303405955,178.0814478011867
1637,0.00715834758774238,312.0567958246223
1638,0.009200050196660732,83.5395685683824
1639,0.007117233371106304,232.9473320779484
1640,0.008105791099792854,54.595460915918
1641,0.008232648890690515,137.8628676865064
1642,0.007513750306187971,248.6684691818394
1643,0.007707576242419297,151.29983907222487
1644,0.008606814143989804,73.01258255048774
1645,0.008113429119013313,58.11120754709067
1646,0.00866102247804018,29.648722617402218
1647,0.008412590772668654,77.82181890272254
1648,0.007019038298087002,32.79664284683112
1649,0.008388277046357426,148.09320378615882
1650,0.006843759716440249,32.79058932172348
1651,0.007964262156747282,29.053587146763903
1652,0.007854006295982638,309.272592925667
1653,0.0073413926420215206,250.05391255579542
1654,0.0063235075305618175,54.163566482511804
1655,0.0076025121063703705,314.2651016559773
1656,0.00735712410162457,52.185798068212115
1657,0.00765340239392482,244.05594093396903
1658,0.007881251505994856,140.0618127032995
1659,0.007306850311890454,302.0775370017908
1660,0.010142686170654306,36.98403436024455
1661,0.006807668656431909,37.549968095967934
1662,0.008776370157806464,143.88046136442514
1663,0.008150468850452303,316.8640263525131
1664,0.007729259556448409,35.54592030336869
1665,0.009072609502693703,32.320462726786076
1666,0.006663813802099201,179.05232659186353
1667,0.007218943748817366,304.358214568608
1668,0.0070327015022154556,52.42680545270291
1669,0.007759808835764134,130.76765480126429
1670,0.007952729261226275,50.64145280037376
1671,0.007135004969313741,305.65483638715364
1672,0.0067518959271679205,55.153501344395934
1673,0.0078913307633439,99.8666821753538
1674,0.007797574037654738,134.08079061385828
1675,0.0072776073798665715,33.26083640447103
1676,0.0066168458483150325,58.30239273566614
1677,0.007167943319204119,232.81355918452562
1678,0.006942886908431179,107.99564297134097
1679,0.007796362508395785,253.82173131342304
1680,0.0067179552223443845,103.6737995019028
1681,0.006758800750729572,133.4272140081906
1682,0.007039264955559522,249.89696862301318
1683,0.006489093311849224,62.68501677042496
1684,0.007076834638031538,41.785436521912494
1685,0.007756058398193536,147.87844806069046
1686,0.0077307047841541875,73.47402954730475
1687,0.00663381705162953,136.1826888971645
1688,0.007240690550812796,247.8113916577396
1689,0.007354133385314512,312.91372803231064
1690,0.00829557853152933,52.515238324607786
1691,0.007554149625880175,306.7990500231089
1692,0.0068276090659911476,60.429526129939184
1693,0.007417375887525362,140.79361172517378
1694,0.007392014621488623,60.0729168000789
1695,0.006592922476710568,247.7320546020717
1696,0.006800065937961728,68.75106215223275
1697,0.006806551660189707,232.43018364549917
1698,0.00905723761080496,61.47134806202256
1699,0.006414138447043711,35.13733178875838
1700,0.007769627352448293,132.21365875751232
1701,0.0077564062960452105,321.16320706557747
1702,0.0075100304345308445,249.83990825480694
1703,0.007865569846207737,170.42839958907192
1704,0.007671352662187083,239.8812860817765
1705,0.007052218318510223,240.70212193322251
1706,0.007155761744923376,29.585126356396554
1707,0.007257936995057702,138.70202239287266
1708,0.009452791201161185,110.64419716302716
1709,0.007488081049931082,312.80105801983456
1710,0.012094941845260047,27.686832817095713
1711,0.008091656133885784,34.93524889834036
1712,0.007200899950382251,184.0117349890297
1713,0.008171458448845774,232.82913767385617
1714,0.00750341223496255,245.30847094499012
1715,0.008402891478247264,55.119152319765384
1716,0.00873676713336653,96.50372495553897
1717,0.006998198662868476,33.4470157233838
1718,0.007954062886785754,178.86498591476067
1719,0.008352331022960844,65.5560493936675
1720,0.007249740888745202,100.34492173704515
1721,0.00770527558523935,81.15662477413828
1722,0.007299564489322829,307.12875451660614
1723,0.007058581180841274,324.4811418775628
1724,0.006998025033632356,142.65173998948822
1725,0.005798453545390532,30.183305939361183
1726,0.005813873882042402,61.091993330868796
1727,0.007096473907463213,246.17592207228392
1728,0.0070053735929757315,168.09602491753537
1729,0.00667658934489245,80.29020801618259
1730,0.006186672998190825,29.121002200320998
1731,0.006322606259530758,67.68251326754458
1732,0.006747763369250453,246.93140308186796
1733,0.006153419818932303,140.15447911036196
1734,0.007880807901859622,45.08726357699358
1735,0.008086317992942004,165.8872278110487
1736,0.007249931164551526,71.20197820005566
1737,0.008312689898711806,73.13023316167046
1738,0.00923150205575251,33.9201302895867
1739,0.009343565902396468,62.93703425098377
1740,0.008103193643622419,313.1377968863873
1741,0.007392307731290572,309.8744965658564
1742,0.007793040044102568,133.58968062404432
1743,0.0069707592088981704,64.74273495244339
1744,0.006890287544758228,54.91013420405426
1745,0.007636518626277018,169.60458038780277
1746,0.007435428925192971,138.26075251699902
1747,0.00815051044259568,238.37515431548002
1748,0.007772038807942463,140.32401154746927
1749,0.008855832960266112,318.80238407070004
1750,0.007794947154106532,305.6929648758274
1751,0.008133066136144555,79.0586080704527
1752,0.0074074759818235966,81.3843646564121
1753,0.008793080521344736,77.34488123089767
1754,0.007446836616674607,45.300222250998
1755,0.008468517583633702,103.97333910875304
1756,0.0069025135638539565,64.32754090750667
1757,0.00909733822817753,109.46088842437815
1758,0.009837083907438104,45.46786514378944
1759,0.009750829295030442,30.140323264759328
1760,0.008532467959589332,147.3674127110026
1761,0.007674685647159586,311.76429737545425
1762,0.007015389515965415,48.14597752106543
1763,0.006596700305161788,245.4440244339918
1764,0.006624286278087835,69.34050444169205
1765,0.007122085883550473,62.63250480273195
1766,0.00749767561333451,109.051918463147
1767,0.0078081514862976195,34.98303747430248
1768,0.0071389748920091265,172.76783656840166
1769,0.0062663695028856055,46.84210450821524
1770,0.006741783255935074,95.49392651566254
1771,0.00707524122769906,181.53961899084
1772,0.00687235193106824,76.47330527182636
1773,0.0071269909032987645,98.16030991955483
1774,0.006786799894848307,227.91306525386182
1775,0.005936218881218407,110.2039936270905
1776,0.006562232897681731,163.38966856012863
1777,0.007965075680828196,59.976472685669066
1778,0.007568021147073103,113.28835027376769
1779,0.007161976700086265,248.19723635076505
1780,0.007291862287952396,140.50386941928417
1781,0.007359341472552982,107.20067388393417
1782,0.007456629200300964,138.986978262995
1783,0.007508032492366441,113.9201062844777
1784,0.007955630848693938,84.21196240916655
1785,0.00852449628081624,173.69249021157506
1786,0.0075841336290830294,76.1728700616563
1787,0.007859654315465238,113.37404677160032
1788,0.007418237723825787,138.6811309513012
1789,0.007335779525816742,250.64392835454092
1790,0.0072521945707690475,47.85040465701151
1791,0.007775434874929488,45.05069753582018
1792,0.008130674545408495,67.66491264712147
1793,0.008487026495040973,79.907727627993
1794,0.007817890477303606,64.67473518351693
1795,0.007759459014009671,240.00303192364075
1796,0.008228117790908466,166.99425048030315
1797,0.0072205863254304154,322.07897472309304
1798,0.006557902529665797,76.20859897450264
1799,0.007339714210244508,307.76605146563566
1800,0.007189379035395214,144.05584036001005
1801,0.007788948078366677,111.51293099476084
1802,0.007723049109650625,85.04336964789815
1803,0.0075749892154384785,324.0745992588682
1804,0.006751490886513652,49.21347728353658
1805,0.007422004771438545,255.28472891624025
1806,0.0071924188081548615,325.21881474537105
1807,0.007438997567373303,79.4655089719709
1808,0.006541951737107383,176.1161198839536
1809,0.007983718701670396,36.604962365037366
1810,0.007375382763033701,61.006098950255
1811,0.009108977059841598,57.88764818756381
1812,0.007896028858130403,99.99113228129748
1813,0.008779285582512295,103.52893889097845
1814,0.007514270029112351,186.2696998687616
1815,0.006254115917148407,42.902323077905486
1816,0.007596342077138959,85.42698660401004
1817,0.008097409026805495,257.2841088161589
1818,0.007760279747689593,31.728494718587594
1819,0.00860036711394339,108.7475106788519
1820,0.00751373804035813,247.36620593266272
1821,0.006757110189587341,316.59659613100115
1822,0.006249784143010308,179.93406334670647
1823,0.006843391477944061,185.1028019817772
1824,0.007408293576604178,56.66711966751273
1825,0.0063918390351506045,172.90380760435676
1826,0.006567964164505739,243.84406708918263
1827,0.008736668668391828,105.84493464333626
1828,0.007686052032603094,104.54595582053291
1829,0.006608903501976535,48.757160069338866
1830,0.008264574049216872,83.08610043406824
1831,0.006782374702040748,34.6625270902328
1832,0.007756543246522896,149.03321527076866
1833,0.005803805548146976,104.34974184163309
1834,0.007481272593894842,239.96885226807026
1835,0.007616082913673509,246.309940246508
1836,0.007634881375865502,307.1758342268684
1837,0.008332207943890994,145.7219264366174
1838,0.008607928621068853,36.838470034010584
1839,0.007821475623320017,31.355836330442102
1840,0.009037098843971482,103.9993137405934
1841,0.007119091018905927,32.85288347765382
1842,0.009378196305054164,83.48849930235576
1843,0.009159744834377362,142.48089225106344
1844,0.008627824218647957,79.27127971194588
1845,0.007836641629042927,110.69996165529858
1846,0.008081921276974866,171.6964197366219
1847,0.008002216979758277,106.04017827063528
1848,0.007464194331345532,330.0768795152905
1849,0.0071790631276074076,147.71572482530294
1850,0.00776830160235665,33.37648056158629
1851,0.0065816833593999036,111.70438028161018
1852,0.006277771276779184,310.49989396920836
1853,0.006922756179399604,322.9770775161045
1854,0.0072417030667381015,67.04878760673016
1855,0.0077928480181567875,49.98009204798519
1856,0.008149452606152933,70.98464995600158
1857,0.009711022868445567,52.71925411281165
1858,0.007971655304141153,66.1248894670586
1859,0.007519126312325756,67.10750427101128
1860,0.008739557932521649,139.18907560470592
1861,0.007258392031432997,33.25790931840135
1862,0.0076557647358728225,311.7703239402173
1863,0.009303215184602243,34.97719441149162
1864,0.007449810380281773,111.65694130300207
1865,0.006870342261992909,33.46110842489569
1866,0.007343558308038698,147.92995607407988
1867,0.00791706535902277,74.47163094986625
1868,0.007192355070822566,142.72733079449907
1869,0.007554887441910784,318.3729666421078
1870,0.008451285223545345,140.53687027631898
1871,0.007372659548799185,112.87359932908329
1872,0.008178779526357165,322.808259880697
1873,0.0075092117308836,113.40376077424584
1874,0.007180740391912381,180.0351906749122
1875,0.0066784077062038705,101.14584247127434
1876,0.006037752939102409,47.10900643730501
1877,0.0071733269888138865,146.64640031522634
1878,0.006488563187003913,173.51327022874486
1879,0.007441182647592682,313.8243639419791
1880,0.008321452715962723,76.5134456456736
1881,0.007603101420806432,307.9762090152616
1882,0.007688332870132469,103.70564937447884
1883,0.007885940446153513,184.57616701665685
1884,0.007990640188679742,30.915647628957828
1885,0.008570389906426185,37.03190607557378
1886,0.008224584671785747,326.25165716163207
1887,0.006330740909043956,29.91778713229589
1888,0.008306123457006515,176.55861805024284
1889,0.0064661368196344575,308.6765484729265
1890,0.006571205435240449,36.750146831168415
1891,0.0067230060808918055,248.86635435465962
1892,0.006930712255182045,144.21398914368768
1893,0.006541609269893693,106.70324399624918
1894,0.007297277324885892,56.573995927144175
1895,0.007281583989891727,85.44371887476774
1896,0.006501741348213311,58.85233472199871
1897,0.007234068379571218,315.19526919114253
1898,0.007015095625664233,86.58364681828886
1899,0.006513370797620155,50.21119348614901
1900,0.007440607918066566,47.08945106108672
1901,0.0075442056438008035,99.13639995176128
1902,0.007563526207428675,244.9019221956248
1903,0.00791187865717202,180.31030472581497
1904,0.009297904992677472,76.99316065331533
1905,0.008153443449975359,259.9665648154309
1906,0.007285804875146854,33.47496751616487
1907,0.007849053840044702,245.55628928355827
1908,0.007865208454012614,36.92831396968143
1909,0.00851174732298139,185.08131884458456
1910,0.008884766960898223,171.9353677926844
1911,0.008500166972225998,117.9787268596162
1912,0.008791429448430822,71.93027588309371
1913,0.006086959577856007,31.551383238164824
1914,0.01082574161460045,34.61999690160774
1915,0.007306491867799698,34.70164886619074
1916,0.010514144384168025,67.51493996001892
1917,0.00854683244092898,310.795392231805
1918,0.008711359321824182,147.3619833985998
1919,0.00997459131561346,64.61823894349213
1920,0.008811874814108302,184.06336221772855
1921,0.008503335544092569,149.84290719327723
1922,0.011070806687269863,72.92969134352431
1923,0.008691681705106301,102.39733015655219
1924,0.00918690618709661,52.426723235826195
1925,0.008207222089764963,248.1963442061254
1926,0.007336146698378929,175.49751722358505
1927,0.008450889934428017,176.34319623178052
1928,0.008624165619383692,74.72971608658273
1929,0.009708838329639879,47.63496856417301
1930,0.008688450728233462,185.7686353977032
1931,0.007637402075150809,176.27763730984353
1932,0.007283112652883048,175.20878712215824
1933,0.006398310542201877,55.20299230939631
1934,0.008013497090856121,48.09148062166006
1935,0.008015460974215908,87.56605961469653
1936,0.006901735895522067,33.690618659437625
1937,0.007394117651319203,106.98214695376942
1938,0.006852095909764722,176.20662372603542
1939,0.008212341736961046,315.8663072781881
1940,0.007333815809973709,151.85744558490788
1941,0.006728222017609996,34.435895219277725
1942,0.007885535396289433,85.26143393907975
1943,0.008222408781725837,180.09328785695686
1944,0.007990538989990735,103.80172962325116
1945,0.007339429427006775,319.471321772112
1946,0.008172577381141233,180.56415474217252
1947,0.010059452335223217,48.18710234726369
1948,0.006935005092286858,33.095020572853024
1949,0.009882832425726771,30.173295183332893
1950,0.008660194998759528,252.51585311536044
1951,0.00788508695089582,324.3446275009959
1952,0.007602631166338216,70.30197895498573
1953,0.00766668194027608,168.30522515506127
1954,0.008112573114970276,182.8872557109063
1955,0.006914733593965558,97.79705669747503
1956,0.007183641786801852,245.8842112378003
1957,0.007977821146817627,80.00148146983405
1958,0.00890633846928894,77.81873514341694
1959,0.0077895381305860545,137.21915769682326
1960,0.006919101394456008,32.89876217994896
1961,0.007387902135453386,320.77195027267226
1962,0.007305378744635603,34.91285315825692
1963,0.007148155804316048,104.87305674965364
1964,0.007101023865660364,250.00037913229784
1965,0.005268989743038626,29.65118435183653
1966,0.0068197168693074324,243.48841188843383
1967,0.006824883694616072,310.4474120772448
1968,0.00699920811719027,319.1617600958214
1969,0.00699911253476381,316.3065354073503
1970,0.008426750983661887,44.772732898839195
1971,0.00798548648615267,70.35441602287379
1972,0.008598280199482266,35.61940940268048
1973,0.0074835837674563765,323.95113900705996
1974,0.008249683611604662,76.69885510139746
1975,0.007894308809427765,59.4264024332375
1976,0.007333476978385726,58.532397359133284
1977,0.01293855876032136,51.55284725422002
1978,0.008824239084228443,99.89676112854734
1979,0.010150436884001026,35.020907349634015
1980,0.0110293550983029,51.50891400122439
1981,0.009656411041666207,33.41072184546077
1982,0.010213713189188529,143.0181200326243
1983,0.008529512878813992,252.56014000254532
1984,0.009876710229798698,77.12666230095302
1985,0.008542938307353044,96.99760231192444
1986,0.008072691872889587,62.61598593604669
1987,0.0071232991018806095,68.82065249555436
1988,0.01041094342964875,71.53200938115972
1989,0.008270713940034442,101.98002933666511
1990,0.009811969485864129,47.08676427665469
1991,0.008241107908278618,52.91606005207777
1992,0.008568801154444158,321.6465072144743
1993,0.007886204921293554,143.8066083274224
1994,0.008694373176415237,113.06617942090712
1995,0.009852120917375114,45.33194808185024
1996,0.007903400832384994,50.25854379693517
1997,0.011033519838100015,61.11645810959678
1998,0.008352467780344706,183.74402418834197
1999,0.00783664080159391,244.24088577117126
2000,0.007742655790662443,331.46677666697525
2001,0.006231315182627772,48.60268277850659
2002,0.005865108693452102,36.163898811669334
2003,0.006343778001807503,71.32938040966683
2004,0.007767703468826684,52.008583649659755
2005,0.006648673812913544,333.1289848188474
2006,0.006288037772967734,50.1044964870441
2007,0.007084978104103357,170.59831153031598
2008,0.006829508815798429,166.24198885607572
2009,0.008201146538771879,66.52074270857116
2010,0.006399057588378827,116.01244591349197
2011,0.007545364334251132,146.73897823956517
2012,0.007886025644020756,86.451206851911
2013,0.006033056837121217,36.17984338488125
2014,0.007371324465182138,251.47975208354254
2015,0.006999937488089158,253.89078690936554
2016,0.0084013626047667,30.20856801736871
2017,0.006588450657892684,186.33799319174946
2018,0.006353768130668022,33.56522448293794
2019,0.006706599263772762,256.22842283601426
2020,0.0061491441109054095,77.74705710216702
2021,0.006547944287217891,152.98056087248844
2022,0.007174893871146755,98.17062041536137
2023,0.007246674869895434,75.00657666949023
2024,0.006804959998925485,152.1337515450615
2025,0.007220091230910206,326.39755776797864
2026,0.006697855227636236,150.2495964000073
2027,0.007513042249893014,78.03737795491995
2028,0.006452390833282818,325.24380086040844
2029,0.00655013174701739,34.226667680539876
2030,0.006400379725584151,108.80075352302873
2031,0.0071240606723056935,56.11936101261769
2032,0.006622127522232717,36.114765621878476
2033,0.007701773181660258,72.00822353489319
2034,0.006943780164259755,249.81871847230425
2035,0.006278389566586169,264.2550044104205
2036,0.006514123876244617,256.6062915491882
2037,0.005916709064463662,54.95972315834154
2038,0.005972189801328708,115.5150222486225
2039,0.00770670357176002,84.06038937045162
2040,0.00933026394262482,78.88166892045464
2041,0.007360559029132753,142.79114815023536
2042,0.007283727037204717,136.19776452709502
2043,0.006673519714520528,111.07696122386872
2044,0.00692948072261294,315.94479349166204
2045,0.008009755117474936,143.63093406855884
2046,0.006663663492539674,246.01154174219977
2047,0.006745327923257269,173.9677964610798
2048,0.007199216881417669,110.88318838423072
2049,0.0071038546141337705,86.27249021957708
2050,0.007738129931149652,84.93255985721747
2051,0.007171904022636061,52.8797653085941
2052,0.00831917679638933,138.80230303080353
2053,0.007016818062626184,114.44042884222908
2054,0.007173799363993367,308.83738036197093
2055,0.006519439862054473,68.60961308351939
2056,0.008673620920082361,37.008814463153314
2057,0.008095975022745104,117.60236171270193
2058,0.007446717704701537,58.03663144898585
2059,0.008829282443322291,72.08714071859131
2060,0.007476923452947669,262.23754142869785
2061,0.008041234657671552,143.0938335054606
2062,0.007771215503064188,315.4704574749767
2063,0.00783518495844658,184.89355577628433
2064,0.007005708665846297,49.0053144252544
2065,0.00733363656307397,71.49270253381083
2066,0.008274546653705623,83.11338943219
2067,0.007130828368927127,34.03271702858042
2068,0.010039328424436217,81.49073342867497
2069,0.007657834258351773,177.3380196425175
2070,0.006706864481343409,248.99748661724325
2071,0.006537393134530574,316.9565897393844
2072,0.006499044654237178,101.66739926661916
2073,0.007070915864180558,101.29621212892285
2074,0.00657995612001852,74.73927234609715
2075,0.006649914732075889,57.95960961597707
2076,0.007670952701697719,54.34139651583631
2077,0.0073188923389269885,53.40115578331462
2078,0.007683323248352666,66.92138367929529
2079,0.0067441445771435895,260.3422889869921
2080,0.006555683582696138,137.27410431502128
2081,0.006884988776713224,34.1659051070535
2082,0.006992790385480695,147.64570228915636
2083,0.0070673991656701515,246.53965144070733
2084,0.007554047451930721,64.39945293598782
2085,0.0060557138339359445,34.11108650756965
2086,0.006893141492662151,144.63607717086194
2087,0.0075254318747996676,72.93714872745892
2088,0.0067029252693853935,261.89055344085244
2089,0.008233674388410973,33.58192224345972
2090,0.005727740602792594,34.58011123171566
2091,0.006718937811346399,142.44919774771148
2092,0.0076066616147915,182.24299904815453
2093,0.007571135336105284,88.22696238842221
2094,0.0077467272942438005,96.28014450496003
2095,0.007736621286435905,63.65934771974159
2096,0.007400162572924852,48.87537537134155
2097,0.007656753071400167,245.6994543428397
2098,0.009709558481800145,31.587010182028095
2099,0.008062360540272595,257.2876824887975
2100,0.008438789792283363,84.91462070257967
2101,0.010425973761468069,76.87221278148994
2102,0.008235197203991358,245.10829022194514
2103,0.007615692289122803,49.12240582059954
2104,0.007215000268674369,173.22891015259233
2105,0.00688850410796445,31.79534214215993
2106,0.007186012769614955,109.50453192501776
2107,0.007657996597606064,139.0547553077816
2108,0.009145501325366314,85.45271939688637
2109,0.00850246980474834,82.03006866276901
2110,0.009284374265639522,71.46288735338493
2111,0.0077248762334081325,62.96429152641552
2112,0.005998887503960145,82.72901697564808
2113,0.005706722183747153,32.7144033883545
2114,0.007996740591144032,70.10387550040207
2115,0.007669662395746342,252.8488250045251
2116,0.007816157720205327,177.05898649420666
2117,0.007193906163849252,256.9318580933268
2118,0.006584467126192266,319.12061374064075
2119,0.006847669571400799,110.97706315261746
2120,0.008013960016200897,37.37377723645062
2121,0.007209958924465457,179.63437267740497
2122,0.007331161758231137,145.0370047558535
2123,0.006732483948979389,141.5434498942125
2124,0.006677238920825946,182.5400318644569
2125,0.006626166811369778,317.9677905238858
2126,0.0071170598736660365,331.43148944126256
2127,0.006576375391556543,56.96325452557734
2128,0.007894726234938225,146.15526053981478
2129,0.006907835400045133,330.7912405667634
2130,0.007077262148479499,173.78970509759728
2131,0.00719803062831768,101.34440360406823
2132,0.006845816732840324,178.31081382340608
2133,0.006274017678126103,263.4004240946045
2134,0.00624418048808142,330.1504288505983
2135,0.0061001389765658895,87.59453664805862
2136,0.006343378852171874,82.96170396476725
2137,0.006035690060766902,338.0986990271995
2138,0.005805081753876329,176.3492669770818
2139,0.007818548399734788,74.24561868039524
2140,0.00679110930650495,77.7891585816088
2141,0.006650245960839596,73.68366554299733
2142,0.00758280882622454,49.483471242652925
2143,0.007298681967432342,148.42103957067536
2144,0.006650693332948316,148.1308528849818
2145,0.006563723847943333,83.82873032048145
2146,0.006940291977841108,338.8168961623077
2147,0.0072259543783115025,249.64994027405208
2148,0.006337755881777974,180.06853314990224
2149,0.006475830220969746,82.85664562683449
2150,0.008915967651939189,54.415280382602184
2151,0.007465799262816389,81.05897772383544
2152,0.008445173166534406,70.2533596936455
2153,0.006489725710240811,331.8412205620143
2154,0.006641236113470777,184.7582107542875
2155,0.006471295934293459,258.6983487050932
2156,0.006543448798048546,252.30164896123864
2157,0.007319572852628136,47.76027899446612
2158,0.006922002677034972,33.68333104928321
2159,0.006425420254400163,144.13003957728603
2160,0.008050332200058373,63.28295782664622
2161,0.006722660239459619,247.51935112203427
2162,0.008461399872258708,80.19226367244963
2163,0.007490344588625924,78.77446401523885
2164,0.007046013074012106,266.8079299812139
2165,0.006542846589582041,46.62492923581087
2166,0.007915752825437713,58.83097291861737
2167,0.007460490283322252,179.78901201146857
2168,0.007446980631652263,77.51284117039633
2169,0.007210161212889343,182.75801003185907
2170,0.007040957809166825,261.04362025667
2171,0.008039866359342403,34.07616626543708
2172,0.00824837192515682,37.55667478421672
2173,0.006885458072177313,118.52325439517277
2174,0.006779542200987596,331.86497727381675
2175,0.006984571105231925,95.3766394629256
2176,0.006944139970891528,146.34796967453147
2177,0.005456653020100005,58.020469493210875
2178,0.007246814106504635,178.28133401718927
2179,0.006270459497615557,254.06862314610584
2180,0.008210949467096586,112.64637210719731
2181,0.006458845563677393,331.0188332653181
2182,0.007472236570230542,100.8165881552806
2183,0.0075580485703038245,31.193379507760582
2184,0.007496972580171995,69.38844549282203
2185,0.007096728685070427,321.9535374236089
2186,0.007974242125745844,189.469851349837
2187,0.008166591826571116,106.80153002853591
2188,0.00732225485262461,260.3094349959076
2189,0.0068888076308543204,52.71717435243705
2190,0.006906086639818651,47.52116476698143
2191,0.00952847511909003,37.723246535561906
2192,0.008154776535945681,331.50309418245394
2193,0.006078909929122098,319.9469107212425
2194,0.007122394417260343,107.26478534400857
2195,0.006403307868122983,104.72733678279961
2196,0.006227941734761119,330.071799192608
2197,0.006074544769158033,72.71099328584494
2198,0.006362612504232511,254.40281539388624
2199,0.007200643035413494,258.8162357574557
2200,0.00638747636958855,250.6896945432082
2201,0.00685518857295092,192.18139299626407
2202,0.005969558561989575,150.03137229394306
2203,0.006829355939062533,67.08611583900786
2204,0.006905119680571401,148.54285450415617
2205,0.007445326808999423,152.4760747630231
2206,0.0060239604553918085,66.39802090250804
2207,0.0067805210249044035,314.83526061273733
2208,0.00872896213894075,46.7563359465057
2209,0.007956063233558377,183.2583554230101
2210,0.007177991814436328,152.3064768693221
2211,0.007297190037284565,320.59393843870174
2212,0.00708236638141947,76.13743568357486
2213,0.008520922523390394,107.15307864938522
2214,0.00687944712525368,191.08294874233286
2215,0.007736117673379466,30.647928247681175
2216,0.007925665631871545,147.57300707101132
2217,0.008205518742686073,32.74083898209831
2218,0.009147046172418757,81.59678910380009
2219,0.009145730566135017,251.68607837261334
2220,0.008639220659179174,251.84929245151284
2221,0.007961908278269442,72.03779575432232
2222,0.006424933159881196,74.34443209574415
2223,0.009145817103568878,188.7259338552206
2224,0.006890026247922585,54.83127880961166
2225,0.007985640994378065,254.9649474012978
2226,0.006458664518165387,63.60263749550643
2227,0.00748546601504705,329.7945581423681
2228,0.008016158794534618,36.42290102282092
2229,0.006684141843064795,112.12582604176835
2230,0.0062239422133706255,33.20726877764432
2231,0.007978448445354253,178.07166423765585
2232,0.006681655137911618,114.22278784852776
2233,0.007680230855140298,111.42781469996201
2234,0.010047512452102041,30.634992565719653
2235,0.007588458060152487,247.35654195602675
2236,0.007599695295654565,245.51544574866702
2237,0.008577883457870816,52.02705733619244
2238,0.007822109721412228,75.56498404710602
2239,0.006888205169502118,335.8791029684339
2240,0.006331263737003713,247.77348153478158
2241,0.006231026376708079,61.99210486361295
2242,0.007152459455175778,80.5571932705561
2243,0.005876724496760043,72.02563918113036
2244,0.007532262243330479,258.40268421315756
2245,0.0065817511985788784,64.86391840912476
2246,0.010056528768571396,86.03850258808617
2247,0.0073075684310162075,151.87345851939185
2248,0.007856558127379095,83.81140090342363
2249,0.006490481450266481,85.60759377463893
2250,0.006982822364079766,339.7331042530643
2251,0.005564417118596164,104.43454806352486
2252,0.007211498827264468,75.91557115572333
2253,0.007329701414492615,190.84710469367982
2254,0.0073892435254740785,55.038655481196656
2255,0.007399296633934074,324.7513685704127
2256,0.0072774691176494925,45.56854369758668
2257,0.007318130565871452,36.195379944761356
2258,0.008240763172440123,110.12671405655317
2259,0.007553663591755913,317.630852176417
2260,0.008075227036936467,342.15052377636215
2261,0.0072105963971063666,49.406516346871804
2262,0.007718166186097414,184.2612140587164
2263,0.006958373111278919,154.45146757010616
2264,0.008281527023593133,46.86086085210846
2265,0.007195775904200183,113.88940185528848
2266,0.007217864790526069,323.8206605267932
2267,0.0077482141145101754,186.0750536098131
2268,0.007977439479185017,73.97059249645737
2269,0.00726991114061093,265.0916649466598
2270,0.007859004799022594,50.934958218496185
2271,0.007997282754903487,189.328038838322
2272,0.006886612338397803,74.07740515326772
2273,0.00682423105340254,117.54794787518253
2274,0.007099192007249471,150.26220027481793
2275,0.007231477944583154,334.0641087775886
2276,0.009131088302920348,30.521751965864308
2277,0.007670824008528143,183.81709692418855
2278,0.009024996890541937,35.952538502229366
2279,0.007276967148010788,56.29451028833289
2280,0.009204067454416433,31.238218717864726
2281,0.008775681676455021,106.4405044964802
2282,0.009096711173277492,107.83200813669964
2283,0.008933425683856265,56.9610441053992
2284,0.007805034059139205,256.994267885746
2285,0.008391565105949458,104.14380469200843
2286,0.0071348038842567905,327.4927768114069
2287,0.007957718507761773,136.77730698955094
2288,0.009687232259050783,29.640567244283822
2289,0.007984917867544338,150.11143385469427
2290,0.007728024280037393,51.728952761206564
2291,0.007239415204064958,146.02296630857813
2292,0.00778835102596989,145.3801020123417
2293,0.007779364867759395,62.77773088041447
2294,0.007781973035684721,258.42600337938563
2295,0.007556859318896927,86.31973496346392
2296,0.007359114131021842,73.77779578200989
2297,0.008474346271781688,151.26335146076096
2298,0.006616428135768385,88.41054410352032
2299,0.007213751849813492,266.1606952205681
2300,0.006964648409428684,113.46745009515296
2301,0.008078053679267984,105.96565154500952
2302,0.0067076056335373955,64.5607373256513
2303,0.009937282376681808,31.510349233281495
2304,0.007614373693152037,138.07815044412234
2305,0.00830144171827826,33.78878690544596
2306,0.008181152462329554,150.81103704391592
2307,0.008622929605661665,87.23017821158632
2308,0.008085295035607018,188.93740942822063
2309,0.009068957375410688,33.54370326017413
2310,0.007706230448810613,250.92376271259354
2311,0.00811682827849369,83.17313770325377
2312,0.007000282818890727,51.20997170660462
2313,0.008201894678429446,49.93353809764492
2314,0.00879938769355511,69.54182404574787
2315,0.008513050107957007,111.26706804107333
2316,0.006120051365698977,29.18399752588974
2317,0.00874858075355602,187.88975922492315
2318,0.007278089589139415,72.0013177262925
2319,0.00879185356965396,117.70925672844295
2320,0.008712757346587531,143.8785817996107
2321,0.008580875904254544,99.94056350463187
2322,0.007907772948617005,260.7363630467034
2323,0.007329067142170577,82.22489618378503
2324,0.008379345892395716,115.35814269361471
2325,0.006740291679862066,72.02454961474106
2326,0.007094035031946929,331.1850898520947
2327,0.008131242927228069,32.85634099593013
2328,0.007714620368345313,261.82800042619516
2329,0.008055443776328568,192.8489575747676
2330,0.006833662687726742,52.154167711191334
2331,0.007196858621960096,71.28932273654401
2332,0.006695909489250063,71.23504547643218
2333,0.0065424748756929005,340.02516242744656
2334,0.006975421411413196,83.19054310737657
2335,0.0076595513729215475,323.34561185059
2336,0.006919571996928125,184.2984838324337
2337,0.007118827433799727,334.952556853529
2338,0.008480809622941989,30.64943506606149
2339,0.007396765286102891,32.205524788965185
2340,0.009557938057696447,53.47995353183431
2341,0.008199612134155137,84.27303402746408
2342,0.00809715232777006,330.33050352031785
2343,0.007773653985450751,32.04151892841872
2344,0.008117712022543981,34.109795361189406
2345,0.009407523146364838,64.18642382929329
2346,0.007846507858910346,107.21433917606787
2347,0.007643491583498749,83.10034213554837
2348,0.011299291228201112,36.83033124472429
2349,0.008286854397037993,332.4935604086084
2350,0.008047147334674636,264.8660220891593
2351,0.005864545013818064,154.43257779135976
2352,0.006688577768776717,84.22250429428946
2353,0.005718429200585631,158.66766216518496
2354,0.006104879760753642,320.6254725629736
2355,0.005775531979696513,150.001894788641
2356,0.006622130649318447,251.4043540642102
2357,0.007662075610079972,56.57210344456838
2358,0.007338697908011995,83.91131567555195
2359,0.006721955474032174,55.80228746637338
2360,0.006615116753298565,335.3632516813853
2361,0.00681934892480936,34.889023039245956
2362,0.0073951797035054605,334.7670503819051
2363,0.006934385274150172,69.22531164866484
2364,0.007023743081648268,194.44053191772355
2365,0.004622192913137207,56.5739102138873
2366,0.006860529124633803,116.59767686937363
2367,0.0064460507686866595,87.12860429798354
2368,0.007059005476968685,106.56986293351535
2369,0.007302387422819714,264.3549189133249
2370,0.007603634242560335,68.00670028143954
2371,0.006645439254754538,252.88310612350494
2372,0.007207918743595553,264.0263829012261
2373,0.008151925933466723,111.1481221533357
2374,0.008026074335715306,88.81223136848357
2375,0.007340401871120916,100.66236631823453
2376,0.007140935696708351,148.20186799512203
2377,0.006490845280670795,342.9221737500586
2378,0.006583306761296656,349.9380273511664
2379,0.0054547071604295954,337.60810312429703
2380,0.007037681220522659,51.88369806365456
2381,0.006869196664813856,149.5151091179988
2382,0.006195288581767346,77.1747373494362
2383,0.006576568624887872,40.25251081494992
2384,0.006932074440818415,188.51424855335674
2385,0.0068772457748645256,156.27143362214997
2386,0.0065575606723653436,317.83448745471344
2387,0.006625693019589928,187.70392940226373
2388,0.005864407279825007,47.77298708801283
2389,0.006971783139477265,149.24905689519693
2390,0.007133915430815776,186.62455557928953
2391,0.0069691130599232026,153.04388167990805
2392,0.00683598862723185,261.299292476136
2393,0.00648446483912584,147.77016265365168
2394,0.006699705809958025,55.19469672553084
2395,0.0060259237169580935,186.60616762292622
2396,0.00653485554898591,340.53823291397015
2397,0.006761309084884653,47.654070055255346
2398,0.007146957336325135,61.332605006726354
2399,0.006920830273396029,150.72998967780117
2400,0.008172195308424276,35.29973117059375
2401,0.007621298356368666,269.0440487216059
2402,0.009059923486678268,51.15987557203018
2403,0.0074169990296689544,83.70450106184065
2404,0.0067869686655591885,334.78676990782355
2405,0.007221636339570828,187.71244796581985
2406,0.006873794317738537,339.32570020278456
2407,0.005675886626457953,61.2479994065124
2408,0.0059773613028415796,146.6683339165076
2409,0.0052913160860475345,63.95118461841492
2410,0.006714904422846598,77.56741200741948
2411,0.00580666534009764,194.42823085327288
2412,0.005839215166898529,45.2462226863421
2413,0.0064722949052683975,341.11649225690553
2414,0.006612096831707234,142.60044306016766
2415,0.00606238011614088,63.430907559409825
2416,0.007277063040972505,176.3037111243553
2417,0.006748772845314044,347.03343808923273
2418,0.005854117211499014,61.6135394402644
2419,0.00581377203187174,155.26101558084446
2420,0.006960979152248935,149.7528385285682
2421,0.005847557867905989,191.79843874906962
2422,0.0060187628226877985,189.5364854484437
2423,0.005454234301176821,32.28264828414116
2424,0.005647693702641047,341.422112716091
2425,0.005394832684180221,75.34569647921941
2426,0.005343452150196421,269.46290673362006
2427,0.005649383584218763,105.27663787793686
2428,0.005820618491270579,51.604558599469854
2429,0.006218349607464053,61.53060574396096
2430,0.006103697815834654,328.2280189156159
2431,0.006646089196028943,88.52804497911073
2432,0.007814272785749794,54.5058419458052
2433,0.008592841294805774,55.87818937539485
2434,0.006647219184496616,79.04596230530623
2435,0.006917057099833739,190.48187224146255
2436,0.006706727300487324,324.70166485541
2437,0.007165507874804103,249.10707851781285
2438,0.0064205376582920255,149.1436428803094
2439,0.0073084980044891504,77.0031293046412
2440,0.007238983838863238,273.82328076504916
2441,0.008699962452953776,62.17604394254824
2442,0.007431938629665905,334.9312409693286
2443,0.007053172799330664,253.60468217125722
2444,0.009366217857777056,50.413316317908354
2445,0.0072452813474228606,251.92891982195223
2446,0.00831755363189866,106.590984320611
2447,0.009355421055708144,59.87366869872735
2448,0.007278195124606348,54.558863327005504
2449,0.008342765990227204,31.471498525540074
2450,0.0077458723432014785,192.84053948664715
2451,0.007453466249917377,150.17331117043474
2452,0.007366111139913758,145.9037535613973
2453,0.007782467705292733,259.45034808084455
2454,0.006953299049163218,184.08308483073174
2455,0.008896690764231607,84.34750465916501
2456,0.007538011760446422,117.14037980534385
2457,0.008265363864748824,52.227908110198186
2458,0.006771254659108442,143.90481097236048
2459,0.007407514522828233,107.78267245596373
2460,0.008094208502463238,66.1749789804759
2461,0.007164642197966456,328.60564316273985
2462,0.006649296373573386,331.2078344760591
2463,0.006140635061271141,71.97599180076432
2464,0.007276985249270431,51.077424421959684
2465,0.00761221501419177,146.18810633929127
2466,0.007035830559947625,33.00062121691102
2467,0.008046346966611136,48.467629794459725
2468,0.008921969862893928,76.58715735780675
2469,0.009618728752353822,51.293230349275895
2470,0.006151116727807753,337.74620236803116
2471,0.006634684164702076,338.280874677611
2472,0.008604437595774495,87.65351811923463
2473,0.006707912843853713,339.1348517477697
2474,0.006271487384747039,147.87956675540138
2475,0.007375900523239297,33.81162228466222
2476,0.0069412020820891485,111.82553909346252
2477,0.006194437750178322,179.90953696160312
2478,0.007085380559671939,187.9616782413269
2479,0.006269327684704061,184.22699395497605
2480,0.006986310693636452,55.21519008062904
2481,0.0066504510321784,189.23686037100765
2482,0.0062781040165928205,342.07849895331606
2483,0.005646424478026486,60.91176963280709
2484,0.005744964625676206,194.65951301387608
2485,0.007055552207658394,178.78715924139084
2486,0.006019101248686918,109.83087187499818
2487,0.006336524552078105,153.124858499368
2488,0.006314282083659452,197.46789294367204
2489,0.00568411901571073,271.3218290913174
2490,0.007294716010400062,35.26914538892894
2491,0.005916774123430845,56.18913974948374
2492,0.007805701417571588,74.91169078519292
2493,0.007145347059862215,75.18780813044285
2494,0.008258616383033301,87.28220123120502
2495,0.007751843130987704,189.01996642525185
2496,0.007438621931340031,36.76264528700659
2497,0.007788124470033951,146.77450458633993
2498,0.00793273167937819,142.75335316165368
2499,0.007232965610455722,33.10903353016111
2500,0.007169633298243502,142.38526670199494
2501,0.007189082813203788,81.98519534237417
2502,0.008246496248445933,255.41305066539138
2503,0.00944922642576365,118.17400787152742
2504,0.008046061497091021,146.61447203075915
2505,0.009418167971504725,71.09110119211304
2506,0.008040809428092797,84.04159986240306
2507,0.006685105286148452,84.61189747954025
2508,0.006495259776470605,35.46142904813708
2509,0.010795193506842101,77.30397768923908
2510,0.008910907884425289,155.14238183422285
2511,0.007874457298513193,257.48933978189154
2512,0.007111639636434878,337.4520835099017
2513,0.006974651155834296,273.1061903413438
2514,0.006071562120765025,54.10995603164356
2515,0.008392418438758133,66.8496156190628
2516,0.0076970479399818235,62.102613401330444
2517,0.006876004800024266,83.28384692203383
2518,0.0062005294788501815,51.66734899974599
2519,0.0069619197733662925,345.4443506076928
2520,0.00697214889648446,87.3166727429361
2521,0.0070666395284638,71.83416455456786
2522,0.006251238639709878,53.76133360760531
2523,0.009357791861663732,30.727934965025263
2524,0.006371876088728718,70.23856843965652
2525,0.00880462952427787,69.69560643000383
2526,0.00788199553175167,263.59406459915635
2527,0.00764876539467647,273.2252463540864
2528,0.006675610188427578,259.56404042481677
2529,0.006578198677231394,275.69353858720547
2530,0.005668322381097823,33.42070432516754
2531,0.005505733309168923,81.33595045316154
2532,0.006132603721613465,151.86538797408497
2533,0.006121120518502994,338.7156869206395
2534,0.006422102727309062,36.364313839340994
2535,0.0054242938219023675,35.2097562618976
2536,0.006721803540131077,34.58445277637567
2537,0.006030910243597728,58.150416374829774
2538,0.007797584436343027,75.47627983435943
2539,0.006631427679321397,68.30349184715537
2540,0.007545509731778683,184.7561609074218
2541,0.007976784151681893,154.44917033098727
2542,0.006269785903576711,77.78396041704426
2543,0.006714848643389052,82.4227247707757
2544,0.0071107452165813665,87.43164368587408
2545,0.008927387848370156,65.59615768083904
2546,0.007444388988457507,150.23374491548034
2547,0.008565067039363874,118.82750403930223
2548,0.00648210043772661,111.29387843391822
2549,0.00568632601262552,37.093019415716306
2550,0.006551751638052322,69.55901548037271
2551,0.007035950352693036,345.95783776827693
2552,0.006025953553034924,353.2919957890827
2553,0.0052855707476096815,147.96853923505662
2554,0.005362427995219759,183.6648170257332
2555,0.005318648121674876,66.07981097139049
2556,0.006599790931711771,110.3047008008319
2557,0.006881874110477679,192.52962900506958
2558,0.005566390457925781,115.43128246868869
2559,0.004860466993454009,32.029959862857275
2560,0.0059882196848950586,345.8498888690314
2561,0.006153802004660001,256.5464626341324
2562,0.005529572028100235,268.72323112067164
2563,0.00784214802227395,117.28643605087508
2564,0.0070129261851326515,62.22232001627178
2565,0.006597728281853164,196.30072327712995
2566,0.006290269539900252,36.39024001173548
2567,0.005439798805477599,114.333692439046
2568,0.006202148661088227,188.36273384481635
2569,0.0059812612201382695,112.2391454093653
2570,0.0060823952341612815,32.64127174835622
2571,0.0068062564743490055,40.251923944464956
2572,0.008735094349673492,70.7512354705829
2573,0.007446868772127809,156.00557339585163
2574,0.00829786662954855,106.30260706463638
2575,0.006468758367051263,111.22626982755125
2576,0.005517590154717067,36.25503676705205
2577,0.006972311551943609,147.83788308519752
2578,0.005436385715835389,56.36299738091137
2579,0.008757534555097101,184.78194264122845
2580,0.01085439348866328,37.527877835364905
2581,0.007518894169344337,271.9186421315517
2582,0.007089117884249189,66.12396445330782
2583,0.0074627328827326,342.6623414773667
2584,0.005414027064779286,147.64823763238516
2585,0.005703313546705017,355.80187238327034
2586,0.004987391567431679,353.7277664810271
2587,0.005381962173166411,327.38383717628295
2588,0.006705276590132676,68.69262039938914
2589,0.007414622675843904,263.77595327322916
2590,0.00580549628623777,61.70213568609984
2591,0.006541399061692137,278.2103166245646
2592,0.005488243648457129,181.08839215370702
2593,0.006664469858214003,37.57560286873843
2594,0.007546638155110633,89.21062493241787
2595,0.005872427837691158,260.98671601271224
2596,0.00627533847525519,195.03290325818676
2597,0.006893839373991921,34.7644132336064
2598,0.005829757183854436,35.61224613433656
2599,0.006585229767411029,259.022518255637
2600,0.005776750772937019,187.09316069994478
2601,0.007034937821245821,155.3965431180883
2602,0.006456898219066667,347.1841719393701
2603,0.005745545435613968,62.807679805332704
2604,0.0054930467208928,109.85054814221988
2605,0.0057642663855331,345.6854044404841
2606,0.006846000947496997,102.21747085490134
2607,0.005458885461731968,342.34363234360546
2608,0.005456034008013478,268.7729182107405
2609,0.005318953009906706,149.37632312702848
2610,0.0055760360001631155,110.61361656049388
2611,0.005644746350669065,62.05878754879838
2612,0.005634640779764875,108.02269972547724
2613,0.004824528888124844,37.88080099102485
2614,0.006120071489188466,255.68358974938542
2615,0.005986567211310984,191.2372759276597
2616,0.006635272122697312,46.61375523111452
2617,0.006469943369230465,273.43603806673275
2618,0.004897861011880289,37.701095502326446
2619,0.006850343314986044,65.85686458877089
2620,0.004955921978448871,33.98976906177387
2621,0.007361891479223219,266.1630646680465
2622,0.010136967136614576,58.36136186475924
2623,0.007101612785782922,32.060229636029774
2624,0.007145143916112197,74.38230852005928
2625,0.007102557345359868,277.82452262978853
2626,0.005718303571358837,35.504662590530685
2627,0.007097623804628921,107.98014501832249
2628,0.007064546503198261,115.55311951494724
2629,0.007715009023906367,54.31360267334547
2630,0.0073889001263167525,186.58664523563894
2631,0.006511214664928487,37.24118731431515
2632,0.007164121952056038,50.33674537457735
2633,0.007605734069726732,260.08222530295507
2634,0.006818504644000961,199.0937277979439
2635,0.005625564546167432,351.66049511040524
2636,0.006825430384271816,188.92874154462663
2637,0.0056464815256901755,339.73989490600366
2638,0.005293888252734331,271.585361596613
2639,0.006644861290782953,143.000633553555
2640,0.0060499262462113184,30.35860092149914
2641,0.006796831299296398,188.68243634079317
2642,0.0063910150634048065,194.8233459076247
2643,0.006435826948137206,263.66618502346455
2644,0.005083131044017845,75.03760779823409
2645,0.0061880384891992435,49.957327651350134
2646,0.006548907382900573,50.14946890560425
2647,0.006150556509965099,47.92599369371134
2648,0.009067925075545314,47.986188863166376
2649,0.006901715702519199,344.41946405459174
2650,0.006360367395296942,273.55525427590896
2651,0.006031929651249753,358.0939938206814
2652,0.005568878624332465,273.6159286244507
2653,0.006912336342131973,51.696404608678165
2654,0.006052377517335117,52.23387499924099
2655,0.006575244160239422,195.37818746670763
2656,0.007001482984974402,31.759690123620068
2657,0.007452725493364761,155.21788416059647
2658,0.008602267318417796,78.87543155418591
2659,0.0060488356027165605,103.92184599325984
2660,0.00652343916375465,163.56633057194267
2661,0.007982505717752816,71.31308309515403
2662,0.0059909012436993045,63.90584277417254
2663,0.006400904003715947,47.891151979046214
2664,0.0076260125971830475,261.04624290538266
2665,0.006530806653079873,50.35112724757638
2666,0.007525790850097011,86.47082193822709
2667,0.007014425263189199,272.72764987260604
2668,0.005993584451341751,109.3091153174092
2669,0.007591354664704153,34.21815240715724
2670,0.00746021137831459,194.92868202081172
2671,0.008213374326050352,115.50848306796453
2672,0.006515279320449057,264.5842906578649
2673,0.005739516448434065,78.67858164242635
2674,0.0069697054336834065,66.57438993387026
2675,0.005974211881501537,63.03529377127933
2676,0.008148191337258862,194.3278216136398
2677,0.00816395590994613,52.37085375676054
2678,0.006055647912810263,156.83602088752087
2679,0.0058996528480827004,148.21680915252819
2680,0.006458472035052351,200.83758686400446
2681,0.006012606436975318,339.0258814444125
2682,0.005837522740154688,33.98312838313508
2683,0.006169089601619995,195.1855921424866
2684,0.006588971768136476,111.7700114000436
2685,0.005461566639280783,69.605931058085
2686,0.008411653203375894,33.43995126850254
2687,0.006391245150801048,50.65514823473009
2688,0.006724489793411137,351.3720438856354
2689,0.006446229247533641,82.22262043985175
2690,0.006932461414015217,50.77406397732892
2691,0.006815042789566104,85.81167587015979
2692,0.0055349213578434935,263.3069273543023
2693,0.00588937697046696,117.59836141334796
2694,0.006640959746141176,68.85242638076261
2695,0.005995116666953608,80.82822069474771
2696,0.006195299608983807,277.76777508996344
2697,0.006190357652840094,68.41059334320643
2698,0.006967709891514146,40.192819830015594
2699,0.008087470549447784,32.218139153551746
2700,0.008281196464432051,90.35564109126926
2701,0.00655814560125761,106.39716016156082
2702,0.00821412646341328,56.410815722800365
2703,0.007484125294345054,77.43591751978475
2704,0.007145655307305368,110.38353749606667
2705,0.007283782364172399,154.907431960678
2706,0.006572032023261552,107.66428458685738
2707,0.007251764111803733,272.74990056708174
2708,0.007411930035671283,33.244256040850395
2709,0.004803708650107528,36.38471290513609
2710,0.00843665854591637,81.14377512291345
2711,0.00809389609010827,62.31856320345507
2712,0.00853735717492572,110.73013056562353
2713,0.008539506213520117,113.60897570072832
2714,0.009274300099853215,53.03737865534579
2715,0.0075113956681402885,330.4941176013291
2716,0.005415573823699823,72.06719435069448
2717,0.006638442270063964,152.2702473970746
2718,0.008032036506699876,89.72758911624781
2719,0.007650324476196909,88.0371049003282
2720,0.006870577046862445,344.7353518103168
2721,0.00631533208656306,160.1236231926037
2722,0.005694377954403701,52.63638346758288
2723,0.00799668346669271,51.51140417743525
2724,0.005427049205701967,55.577161291607446
2725,0.008145565681565964,71.13118619292686
2726,0.006798075242316082,185.12928135149417
2727,0.0056367296867577705,68.2750116224703
2728,0.006714624148170354,342.2574958955365
2729,0.006092053914523002,263.52987179684465
2730,0.006227207016530195,89.94807775626684
2731,0.007858726625933989,49.691404925926264
2732,0.006643630151737737,275.4976382985643
2733,0.006378812118782662,111.50388876699455
2734,0.006075093033194373,53.13801134220648
2735,0.005300622723217217,350.99291884947877
2736,0.005333414882902757,192.8896223951382
2737,0.006522748943428847,53.91425663658748
2738,0.005364018780159646,283.37941589201984
2739,0.0062274904669942085,89.5807564537544
2740,0.007381675247070861,34.26238173505489
2741,0.006499078513694589,48.82641337546688
2742,0.005696263185448267,52.47734611442473
2743,0.005667789200896997,66.62227484295381
2744,0.0051853096048379765,36.162896121417546
2745,0.007901536301564979,84.58690902255286
2746,0.005542268584589769,280.5331110431818
2747,0.0057165014962986885,36.503834978835656
2748,0.0060516218668484325,146.90046349191923
2749,0.006556342407500118,56.33408792160211
2750,0.006703266088752383,191.57350590359468
2751,0.0065806872126731005,57.3382667545585
2752,0.009266025710861537,48.78284548479654
2753,0.006993696796401769,194.9113168753063
2754,0.009056214813207245,37.274736896613895
2755,0.007596457545398302,195.2038953272115
2756,0.006317827350793662,262.9757771138494
2757,0.00605379668433733,31.303262403876747
2758,0.005103214193447705,50.908251060407835
2759,0.006524599100077739,354.2716875268487
2760,0.0064639348518971546,62.15357536880697
2761,0.007509421276732941,48.5393295439426
2762,0.007060375827911896,202.3675236724936
2763,0.005072251393388704,66.58664511392102
2764,0.012187427128584862,33.104158453460734
2765,0.007554137542187659,50.14480737359539
2766,0.006096369376865442,82.01481304383137
2767,0.007944100796387236,153.0205204262698
2768,0.0073849871374147905,143.36842272370933
2769,0.006703796382405914,144.98166917177997
2770,0.006648837472312152,257.64978705131097
2771,0.007660513715773749,111.3682376976815
2772,0.006626467262490739,202.29620203691405
2773,0.006605608719557774,116.24658853407747
2774,0.006325121456914506,85.05228518348424
2775,0.0072611634788135515,36.991387776758366
2776,0.009174895329063371,155.70202374650432
2777,0.006531826323066291,198.60219640003183
2778,0.007398834466284919,191.7256568839149
2779,0.007750158272170604,64.60357189758251
2780,0.006405152576917317,112.99469656610702
2781,0.00624011367647748,38.16520933068757
2782,0.007389393040974592,32.942509783113636
2783,0.005248179181543146,35.33397491598111
2784,0.008256674214460006,160.2896896372548
2785,0.008415539851137535,267.2394185850597
2786,0.007530373122930401,114.22609129068445
2787,0.008324047330553816,69.04349676577316
2788,0.0055103890782479065,36.037763906816934
2789,0.009556883438249472,37.270081144190875
2790,0.008217961111402418,190.7428778662802
2791,0.008866608999560169,154.23273077795574
2792,0.0070028915531740775,113.3010634244677
2793,0.006554273868607344,84.54001275931086
2794,0.011659996384277277,73.8667387657191
2795,0.009242692302533714,282.3020420514602
2796,0.0076358511640796526,155.63267022184726
2797,0.007696039938534725,194.05004366049428
2798,0.0070935043954243136,356.9180522700333
2799,0.006677192888736468,37.42808882130618
2800,0.005526785794411898,277.46848410245116
2801,0.005841841326941535,82.48561899835245
2802,0.005651703813218481,356.7290014393128
2803,0.00654881383377222,69.0185796774761
2804,0.00545074460762745,199.51419078512376
2805,0.0056612200145101385,276.9240484014313
2806,0.005340272033526156,159.46627455261034
2807,0.005549656366499003,278.179845999638
2808,0.0057957346695635854,39.152105061433744
2809,0.006667175575877714,64.82195005202442
2810,0.006104503344505321,86.48963175742286
2811,0.007098900634446181,86.615468336055
2812,0.006056041984729806,158.17250752773958
2813,0.005525962909979915,57.32791825812131
2814,0.005982407774200063,71.90234135845316
2815,0.005105681039355192,86.43838800093572
2816,0.0062483033662746575,50.46517388033389
2817,0.0058635672387688164,57.660954744539005
2818,0.006559032144913335,339.649750616642
2819,0.00690059564409424,348.2044474005252
2820,0.0063389166025444865,260.2925024648563
2821,0.006382351132973997,73.01965139899492
2822,0.006587682075806404,72.82439618612298
2823,0.006452662821846621,152.20142524205056
2824,0.005547006708268585,201.63511937177105
2825,0.00406937801810934,58.02777363966336
2826,0.006574350613723132,79.88814046763076
2827,0.007279396291966711,33.94464567418246
2828,0.0057325293132403895,78.6090920053608
2829,0.006528823414224793,49.93010253815018
2830,0.004855929638586654,65.15633859508924
2831,0.005165426188318248,61.727310009133035
2832,0.005167514472148092,32.64589102971441
2833,0.00791177536750463,113.99253635285613
2834,0.011003475278969211,36.11517102116975
2835,0.007856327895142292,183.59922268681575
2836,0.008271566146720295,69.66379207519954
2837,0.007195384918919495,271.36626348641613
2838,0.008734503479796875,197.7192884173631
2839,0.008137102845513751,201.63728313635355
2840,0.00823675961138863,202.36127722019765
2841,0.006500602419594587,347.5219125040944
2842,0.0063489386296636,77.6232317472517
2843,0.005072946781673146,111.12130573422999
2844,0.005862148528897457,357.6884792394093
2845,0.005698332948006943,351.02540738768886
2846,0.005272443594718825,72.53921156573523
2847,0.006127249532476747,79.120292045271
2848,0.005555630778195959,353.1561602588176
2849,0.00594724263129152,346.32074274405153
2850,0.0052959757359248814,35.137145593069455
2851,0.005883202458510193,116.75485927207775
2852,0.005704081107698864,112.43276094151247
2853,0.006200740910315571,279.6377510167465
2854,0.00632236950664356,153.97395437815865
2855,0.005860734576484761,120.73219574869567
2856,0.005118736055340956,348.41094160514416
2857,0.005458398429594018,63.049876630800526
2858,0.005774826598752152,160.87942495397672
2859,0.006334617913055878,116.28372963544938
2860,0.005858323126209218,188.03596322987573
2861,0.005761000033369503,118.18909995981647
2862,0.0062103900259935715,159.62655174347447
2863,0.006133600502233119,288.81509994132057
2864,0.005006717683996117,58.36102526279929
2865,0.006383989043635815,197.33190305462082
2866,0.005780213773714373,359.26152523070857
2867,0.005870071773209465,146.48216026163686
2868,0.00466889966163453,191.72939509248567
2869,0.005306123920700674,118.49179693156162
2870,0.005050562993486752,109.81769858147445
2871,0.0040677721175012,166.10026848722265
2872,0.006818348837386654,159.551644036203
2873,0.00473917004299061,31.001411255921134
2874,0.00538588695251912,52.20873038709811
2875,0.006820635932239679,88.72887178918583
2876,0.00675693528980694,46.117261783689706
2877,0.00645280274329707,71.42003509549595
2878,0.007163646531725218,51.842358028756394
2879,0.006911069515686885,197.58675544087814
2880,0.006681711561785838,202.90629822534154
2881,0.007707476794726413,122.0516094641896
2882,0.0061182591327286154,54.862270896845764
2883,0.0076597419395117725,355.2637544208311
2884,0.006643480770384178,276.44770540748726
2885,0.007725572147385471,57.0699369084929
2886,0.0063584017482074635,273.41408434413495
2887,0.006444617944637414,78.81735325379132
2888,0.006083737591964293,76.35743072652585
2889,0.005731573010412578,363.75191390893104
2890,0.005389457001281419,110.43029552497336
2891,0.006103059133426447,35.47527721243199
2892,0.006481351646517893,200.8921516312953
2893,0.00634166817298347,114.37869583267951
2894,0.006874752124879297,156.799973351537
2895,0.006433536035888444,190.94388762657687
2896,0.005975500576423039,67.79762100911383
2897,0.006244869535345368,273.00654419583833
2898,0.0054680363495039665,195.55718337132916
2899,0.00690535016373956,33.333409283456454
2900,0.007123712549051002,109.37507279950208
2901,0.006033500550227278,166.91483240630762
2902,0.0052348682593956995,91.61805249584923
2903,0.0053979780948819256,276.4026780943344
2904,0.006786639486493256,118.07488341140595
2905,0.0053412802424811,56.91803218763826
2906,0.005110998200494501,281.2162547768728
2907,0.0047768754129874184,69.19256826642622
2908,0.005846811859465932,277.8418544643414
2909,0.005573025766475979,71.58396960401463
2910,0.005469391997520722,355.08514234564205
2911,0.004423056152741982,363.0241524957959
2912,0.0043323680457923236,119.35731559767106
2913,0.005763854310054616,68.29675138312565
2914,0.005172547924428664,38.15454918374888
2915,0.004763721733289803,37.21739738656617
2916,0.006049582437766288,78.75704089328453
2917,0.005972290626385997,278.81642045044754
2918,0.0058164555722073664,284.7639250131419
2919,0.005862081840891263,36.50331037837444
2920,0.0063146473191391,157.39507818143474
2921,0.010950209058302624,51.58929310897521
2922,0.0068960085191065446,79.73828590341655
2923,0.007904195154249184,123.14330139258897
2924,0.006336470536718314,55.64185866301391
2925,0.006277160753024079,152.41336785196418
2926,0.008515513589822917,207.16330525597914
2927,0.008413339742573798,68.26097094482743
2928,0.007088185166694189,359.2634485941975
2929,0.006548186850252662,82.25433262924895
2930,0.006324378906484385,279.1906431367601
2931,0.005828289169135273,199.29310833376098
2932,0.007393537260311958,88.42959685072857
2933,0.006448893175572799,37.22798535726215
2934,0.006641518310848246,86.29722629347518
2935,0.006441873810409804,281.4763538174814
2936,0.005362357974521203,362.9711286581187
2937,0.005177234357688576,33.49787361419176
2938,0.006974167543338593,197.93718075410484
2939,0.006149432874875716,106.99146339728178
2940,0.007459257674596856,72.7655669208876
2941,0.005627404394379648,55.70469112331641
2942,0.006585657301799336,195.46440891415986
2943,0.007869460187346423,116.63748562026288
2944,0.0056491192829117,160.4006952732486
2945,0.0061059499059842185,196.37551622796335
2946,0.006959007974325729,161.14833613104705
2947,0.006870666722534224,118.6951375860878
2948,0.005696539702857363,31.874390781191252
2949,0.008786810865385016,64.57579567488133
2950,0.008685511790178213,79.29150753594999
2951,0.0077606962236054875,70.45178855453312
2952,0.008614679069314906,84.69073334183852
2953,0.007708719815332508,286.9035774186896
2954,0.007356309058265582,105.76903684783413
2955,0.007841160528724326,164.09612612295075
2956,0.005111043051423119,36.69900810895663
2957,0.007460790045800038,199.99598917628245
2958,0.00796801509764359,114.49782005368345
2959,0.008727098131203093,51.56123896576376
2960,0.00677416499680466,363.85612588431917
2961,0.00563067597646626,54.82504312545201
2962,0.00698466344832783,111.59465491215657
2963,0.006693628549591058,357.10411697852356
2964,0.005913248023130749,161.71678190863102
2965,0.0057410206307998216,359.5237129759968
2966,0.005780808085668675,153.83282544805814
2967,0.0054046260340975885,64.1727110627987
2968,0.007826154573360162,58.33487486408272
2969,0.0058653945214411415,53.19372907906334
2970,0.006722469940438348,190.66165135104504
2971,0.006006822395459588,33.087164082292524
2972,0.006035884812045482,284.9233996876594
2973,0.006357137268003918,120.10757725925735
2974,0.0084241476142779,73.05287123287856
2975,0.0074635039870049056,153.3626691906979
2976,0.005704884324042779,202.26918297273394
2977,0.007313757823654809,116.21333325962227
2978,0.007637777317648801,69.8939388517532
2979,0.006182615941559727,50.169352236028224
2980,0.006588987503868928,267.6670932711738
2981,0.006346899649625729,53.520792373873775
2982,0.0065923931065721185,204.9911089208567
2983,0.006413309088832018,115.51233713312878
2984,0.006348168144941772,70.90667905718908
2985,0.006183118115661704,200.0811151112961
2986,0.007491827019702818,160.894179566451
2987,0.006234321519545027,75.86991873463417
2988,0.008104324000809217,120.3864364041919
2989,0.005443543613537104,69.7712580889493
2990,0.007526360737688386,363.23719479619575
2991,0.005064659758976757,33.95312882047489
2992,0.006557347628855291,283.9540177255908
2993,0.0060753809053634405,115.60674581828515
2994,0.005975238317200679,205.44011490098217
2995,0.006426559175503224,281.10735496169787
2996,0.005655534333368216,203.39509046750177
2997,0.006190087263176621,86.53866778338026
2998,0.005166655224736762,107.98913798117263
2999,0.00568973880161164,274.9014877422205
3000,0.007083314509817006,162.17750561985446
3001,0.006525784316432566,37.13028680882039
3002,0.00767243573304418,117.09002238047547
3003,0.005441798315917946,49.77460586651688
3004,0.006681300977036769,122.04949278270806
3005,0.006430304379206903,106.37817788047923
3006,0.006955518316464951,86.16895067845171
3007,0.0071600899588656055,65.5711407168943
3008,0.007326317631917687,164.95047971792812
3009,0.006155709017892494,91.5478387660217
3010,0.008554231367589956,80.71559288493137
3011,0.007410950985879344,166.36955222609112
3012,0.006451205706280934,119.74559432917194
3013,0.007264099290718075,200.24383163002875
3014,0.0071096656451273815,352.041969184983
3015,0.00652254768354715,202.3515998514267
3016,0.005607624212201257,88.97727448567112
3017,0.007523788407084306,194.8128107595347
3018,0.003939982274790633,51.57949829387284
3019,0.0062468521182509765,289.53571235705374
3020,0.007039173687819409,116.23931506321618
3021,0.006117009567578162,107.67418885728284
3022,0.0049990704453726905,34.80032844469795
3023,0.006629118347838915,286.2643092281745
3024,0.005909209944611959,290.3459195073269
3025,0.00805115750823091,69.77701935375357
3026,0.006311632471984809,192.5499684198626
3027,0.007002164667151314,86.73536823262707
3028,0.006658150171064116,163.46330560084093
3029,0.0062277765422754415,355.53218709814695
3030,0.005883918279756936,150.65130745243928
3031,0.005664796425634515,199.03827391926774
3032,0.005402287526521832,161.83141524847642
3033,0.005409382558797448,86.46072199062506
3034,0.007157529598395019,32.836707101390594
3035,0.00536130913935588,366.1225309438577
3036,0.007414766215379902,73.52422640109016
3037,0.005736745576547683,163.02152522914892
3038,0.008474222540951752,39.39060832849886
3039,0.006314057154804443,359.1936731271572
3040,0.005719228633599163,35.96199999290928
3041,0.0073495657634339295,117.13732969085699
3042,0.008529077243894852,37.72522926988388
3043,0.005820374445900917,205.34064811750798
3044,0.006755608212470051,275.08308709992633
3045,0.005715413838018875,207.66792151420162
3046,0.005164019631400818,273.7569938989325
3047,0.005044492387027918,363.1404325466287
3048,0.005014833086037966,51.3022719769048
3049,0.006155136141701248,35.49021569910636
3050,0.006254486573113551,199.73732057761313
3051,0.005094134617900489,91.72084923353947
3052,0.005380537006259924,212.04537065670974
3053,0.005582614771397361,51.82573270228119
3054,0.006483935731749453,89.2074378037202
3055,0.0052773967029385,290.932747422086
3056,0.005981171497975519,286.07846542830856
3057,0.007124073936910673,114.86511387859484
3058,0.006407692997142899,277.83986410596657
3059,0.005586557696832725,52.947320540613234
3060,0.004467963037707188,78.49833348344539
3061,0.006276755951263804,280.83447812657994
3062,0.0074595359773091926,84.3288542199521
3063,0.006457289882615141,197.28376650675776
3064,0.0058824919371618795,167.46236316523942
3065,0.005694140225020706,154.61734450255435
3066,0.0072892048734477756,169.06677543376892
3067,0.0061080471966895,359.7666951434042
3068,0.004973321003567946,366.2876709781869
3069,0.005581898132312255,116.50289409388324
3070,0.004707976303920573,59.24285659857948
3071,0.0052880453623891715,115.30602562018355
3072,0.004726819930180103,55.42359296448122
3073,0.003979026712344917,54.66488527718312
3074,0.007073884306503144,67.23816570742154
3075,0.006093721914744415,67.2411783646907
3076,0.007460070828198117,58.53700576891189
3077,0.007024725599802804,92.26678638091943
3078,0.010325025070603166,38.9741453833738
3079,0.007005380745623198,86.9416166093593
3080,0.007541059878898547,158.20897540644052
3081,0.0066856840571104205,156.5522321087065
3082,0.006631108884190775,196.96466227678414
3083,0.0069613269149552395,348.59835870419596
3084,0.00600454830591562,194.0297263757904
3085,0.00585845690634954,65.36958766315638
3086,0.005840301470560853,366.2579819497438
3087,0.006123993224148654,62.734510698287856
3088,0.0053587912461499415,71.92700868946223
3089,0.007496165573307923,37.12266042201003
3090,0.0055925708608337,284.22435537807695
3091,0.006142610396967608,57.100673338864034
3092,0.00682832560542198,199.567447237915
3093,0.006247736770531227,32.82204473903215
3094,0.006542235936722624,159.3155016565607
3095,0.005725735425792834,165.63441101979208
3096,0.006575093186069184,205.80626667295843
3097,0.006812842191720847,48.780556597524594
3098,0.008486166083788372,58.10204143624481
3099,0.0064625563805944895,86.15356214335576
3100,0.006688965460796812,197.19779771903393
3101,0.007103175386822533,284.7183216382787
3102,0.009252091402043429,39.89880529681994
3103,0.007615153518192278,38.41939389886632
3104,0.0058665498107639625,32.44988898714911
3105,0.0067145091301633155,208.93134353258316
3106,0.007031462136797632,89.86032059225202
3107,0.005778767192937846,168.68185074727873
3108,0.005856034650239907,192.88962564752063
3109,0.007078381090511773,72.24332982808758
3110,0.006700691985160008,355.7952477420903
3111,0.004149453869041312,32.60442038530959
3112,0.007760326975998892,52.32121799716305
3113,0.006600632438644895,36.35932853568083
3114,0.009172535434333702,68.39740564666172
3115,0.007097526002476069,191.76320840818124
3116,0.007195693102659507,276.2338211151629
3117,0.0063602638712282325,369.98934657023926
3118,0.008311900705339829,66.74064855092428
3119,0.007948251025866448,205.88999733162743
3120,0.010711891036721525,34.991419228294696
3121,0.008810638005133323,119.01161800071347
3122,0.009051060851981254,118.9478833203929
3123,0.010728020602651999,50.63092856531559
3124,0.010036446502359969,33.10713402878837
3125,0.007233287509580792,288.93248568114853
3126,0.007386860956385281,365.39247577652884
3127,0.007165852921370407,197.08323123493665
3128,0.00613572363727144,119.04950928637639
3129,0.005639169682350041,67.7986869836207
3130,0.005034279032605065,50.94720474771815
3131,0.005921422953675078,52.59698576110098
3132,0.007507097837269228,291.40311580623097
3133,0.005858851963545839,352.63424046840345
3134,0.006199038889821501,289.45046519678056
3135,0.007970096781553531,47.07757625435762
3136,0.007267598536250612,125.32716414834258
3137,0.006318482948310877,364.9757982924598
3138,0.004742686490401669,191.431750122742
3139,0.0054281944427465225,209.78102486900877
3140,0.0041823900144270345,90.2498524842286
3141,0.006051618719193101,283.59685181172705
3142,0.00600379337616875,41.9572377896481
3143,0.005724139519986341,210.9425615307033
3144,0.005039264566746334,164.01498226179058
3145,0.005697724417955583,79.1635502838795
3146,0.006291468870316954,276.1493046195207
3147,0.005613997779701921,56.91880315540116
3148,0.006019592526866028,78.24774780963664
3149,0.005414744349624156,120.66823381372963
3150,0.005642100605232153,371.1634401055006
3151,0.006695940363649491,56.422753100158076
3152,0.006245817323924456,285.3365760770758
3153,0.006690280429614449,203.35544125738278
3154,0.007046218993888364,51.24575113622556
3155,0.006039686250225359,167.60958743487848
3156,0.006871303730572405,154.06663260318953
3157,0.005781323529538987,368.8727162067555
3158,0.004570611427987973,71.80431890399042
3159,0.005883841234183795,84.95410817743307
3160,0.006354413137490734,51.38896930430563
3161,0.005919418102532346,200.62899326891872
3162,0.006534530061114694,205.89139315466838
3163,0.0060769544575920275,208.1037419229574
3164,0.006035627768535444,82.59698451012196
3165,0.005338285756913726,373.05417503010744
3166,0.007500638150864129,114.05461660135897
3167,0.006053033615694083,282.2603282713213
3168,0.005153507343943461,198.07439384593567
3169,0.004352103865900203,119.19200831264311
3170,0.005659057370039745,70.8736746275016
3171,0.005687757682231865,39.53688494070635
3172,0.006132931210662925,206.67682739431214
3173,0.0038125573814011596,37.14106608039198
3174,0.006455176791909302,86.85752757374024
3175,0.005047288703115721,54.97506361549635
3176,0.005556448912594115,83.84287207584059
3177,0.006797926699815884,208.5982263177993
3178,0.0050804849519741945,279.0282728510224
3179,0.004004287593676869,37.625052477479095
3180,0.006805960102348226,169.59535123904024
3181,0.005107006762185707,123.95153283313178
3182,0.006065356144142468,165.83463762735994
3183,0.005563102427759539,65.78118479960517
3184,0.007102509633364991,34.00190548758042
3185,0.007026436392731161,57.37149135588592
3186,0.006256055652313644,367.76631581959646
3187,0.006385147781583254,87.16725602824523
3188,0.005338382642726971,204.4060636353822
3189,0.006167740069610194,59.87602053854554
3190,0.00813643470795241,76.30184235774838
3191,0.006116732223782707,201.4418991295871
3192,0.004517995895446925,68.33063829234716
3193,0.004530097264944481,70.820083567635
3194,0.005942290452490482,75.10914428248374
3195,0.008167770025135145,59.00070559965886
3196,0.006355714108884478,111.67920898300846
3197,0.0077742611244789655,157.77810237967373
3198,0.0075865054702370475,72.50585035112803
3199,0.009110900181929957,123.6000614966363
3200,0.007900057094155859,71.9328220041898
3201,0.005691890103932835,93.03566858310268
3202,0.00785413984883045,372.3085738751719
3203,0.007485782806413879,161.3616400439567
3204,0.007182055950331481,57.35626330335511
3205,0.006902235733419234,368.46542627416153
3206,0.006139412492622206,88.76200176539732
3207,0.004896903456459974,200.50717579637202
3208,0.005785982783541281,122.20546483260568
3209,0.004690726211875827,167.68418558980323
3210,0.004291061225323817,200.88003360639888
3211,0.008072909889020154,38.977490001950095
3212,0.005548244959307771,75.4790932272438
3213,0.0056173487261271336,205.37899293819635
3214,0.006466561104783059,202.98490196670033
3215,0.005032892385053733,66.64591617625092
3216,0.006332314756946289,123.30053717731616
3217,0.006185491901525329,38.930646588193895
3218,0.0064757548628568,288.4251656472857
3219,0.0073321257167635,206.54359503913076
3220,0.0076328349019542845,72.67562126550862
3221,0.006344306353058368,192.45130543202643
3222,0.009485248527449459,32.68365193607693
3223,0.006199568918738908,288.1929727502086
3224,0.005983169458396822,120.6767438626422
3225,0.005915423052845819,367.66054005899974
3226,0.0041942950351890555,81.20940868580998
3227,0.0054943459172980364,199.11697438292555
3228,0.007140166157639379,168.38621232319187
3229,0.005694323454387001,165.25641662827258
3230,0.006041933700337901,208.13285821190567
3231,0.0040942745029697416,65.48472123226071
3232,0.006720140494072554,273.41019233185403
3233,0.008285030115370613,82.67510586425868
3234,0.004920170441855097,79.1062505262118
3235,0.008844423783603677,64.2439372568418
3236,0.006362692669740525,34.95909448096464
3237,0.006529050652088571,291.52303467106924
3238,0.006370267370302681,361.3306225872236
3239,0.005639473079266371,285.88019765639166
3240,0.006187162505007906,202.36721604882825
3241,0.0050528659231354476,161.57379499397817
3242,0.005454901992495722,169.06246336428475
3243,0.00475042849951408,163.98023158107839
3244,0.004577638230437194,354.7831715471915
3245,0.00487537213266867,366.34516955440995
3246,0.006443306637017734,58.09781695492314
3247,0.005446614402361275,284.218979210608
3248,0.0046012317540991155,35.19605759763192
3249,0.0040564079296215114,92.94214604907364
3250,0.005214800051328499,357.7462672570939
3251,0.004579476748264055,122.80452303492095
3252,0.0049504819005467314,70.03411723018793
3253,0.00674518161244562,39.27639904498794
3254,0.007174940040863861,70.24134372858892
3255,0.004649204512102658,37.612261419075836
3256,0.006760659123412208,85.03448742756336
3257,0.009268815390952891,211.86930639103423
3258,0.007161272547931468,198.96510943557917
3259,0.0069964379139049486,92.53201483625408
3260,0.006366279890335746,168.39422642745689
3261,0.005117400766125527,34.47550030299966
3262,0.008883233014534324,35.87993601002995
3263,0.0069034795003692405,124.84646373801714
3264,0.006150719777279083,377.14871697942993
3265,0.007449866240768343,162.5964509449682
3266,0.005753159655668382,288.93058045669443
3267,0.005839657010826267,73.83411920347247
3268,0.005065811779491628,80.54866854425812
3269,0.006919367203324524,202.3964684798061
3270,0.004477729189767904,53.17349976276354
3271,0.005537578716592686,204.12373117003693
3272,0.004727469038635749,39.29053782061873
3273,0.005608552947133952,210.22839033251324
3274,0.0063095079241656535,192.41100058897106
3275,0.006552569096203189,88.72965244011448
3276,0.00613115965697756,204.05258740124452
3277,0.006590702999666384,89.45461716209874
3278,0.006271942410407025,367.65685081914296
3279,0.004770950867995535,49.32080224566107
3280,0.005789152351308775,118.42885114635325
3281,0.005150059262044071,374.96765519448394
3282,0.00634209662754214,120.2325367183491
3283,0.0062222975175245665,54.475679986163115
3284,0.006639885946997773,68.0388910172891
3285,0.005013157832134032,111.03793982719186
3286,0.0060891910757210595,196.43501571906822
3287,0.005295323876523001,112.18234092370605
3288,0.00567265746861734,85.74540761478711
3289,0.005162214565831332,213.9320963716658
3290,0.006149214240629346,199.02381945543405
3291,0.0067683974447925385,209.75361389305323
3292,0.006044888059617593,115.6324163541202
3293,0.005553613948141968,164.98783270694136
3294,0.006037297158337455,36.4145511928176
3295,0.005027677326392064,168.77131988633238
3296,0.0037895292053721718,39.460320786089525
3297,0.006295385617243444,293.6618750163816
3298,0.005384467646394655,87.45654294703567
3299,0.00545726245015853,295.4297808901014
3300,0.005117488555009225,81.76185262525868
3301,0.005139777511610357,279.4330640318279
3302,0.005613921228234239,32.9166613235891
3303,0.005103679921774985,364.4525655500996
3304,0.005966272447471262,210.48813596824223
3305,0.005781320090734656,355.5190024223172
3306,0.005804916697277654,201.03284915934773
3307,0.006759691119136214,161.00807088752828
3308,0.0051529440599300995,33.58002316294354
3309,0.006907959862089519,209.63364984539925
3310,0.006958528494825429,64.07542005347585
3311,0.005845416693073226,363.42004867648603
3312,0.005404724941234401,57.44319079558735
3313,0.006314475131987889,111.82818977014006
3314,0.005686395275750494,51.79756135444367
3315,0.005620599644036981,109.5043979019614
3316,0.005434621260679756,280.7519944476383
3317,0.005223023605287528,82.80184209035846
3318,0.00501162378798024,111.1936741163992
3319,0.0056510526082627285,196.23668050292525
3320,0.004904336322887013,118.56048821921361
3321,0.007447146039841504,35.369958831387585
3322,0.0064830359802989426,205.9600789194249
3323,0.0067696142339565115,37.92903387433198
3324,0.007561818083620086,155.37979678643705
3325,0.006331781993013431,363.3070334241184
3326,0.005528445510607073,370.54654315377445
3327,0.004376040722185671,169.3111746224297
3328,0.005188891364004398,374.9741704269111
3329,0.005881365361887761,89.92534627053764
3330,0.004858562048783907,49.245151228651686
3331,0.004873242710486592,210.24532679086028
3332,0.0040114042772682705,365.24074719419156
3333,0.004719559131604235,214.0079503976672
3334,0.0044673289326571655,199.11395796643532
3335,0.004274845403791727,33.52257928369263
3336,0.004037136524980809,73.368761382964
3337,0.005053309342661439,371.3246529267027
3338,0.00470219267602888,369.784515653942
3339,0.0052960140937698425,35.695619499438166
3340,0.005302790575035717,161.23104794626067
3341,0.004271954685158953,167.53187469122233
3342,0.004468539804153037,120.80378772678712
3343,0.0056979793368485,113.74489385126479
3344,0.006052759129719777,68.82792154152617
3345,0.005867846298917331,286.5370684077372
3346,0.005907235535424904,276.98168127077156
3347,0.006310607107913265,169.22669525996386
3348,0.00534868222816016,170.40346160670956
3349,0.005803083881494878,373.46723101892087
3350,0.00453771872572222,69.92387552720328
3351,0.00544329735960157,83.9859082912294
3352,0.004746125936008139,156.65141187032745
3353,0.005055615090151339,167.2059847889958
3354,0.006030920405539722,205.27980172225517
3355,0.006396284795722675,210.19671191431087
3356,0.005494546577707653,199.02376252829325
3357,0.0059260589699148955,113.66575657704901
3358,0.005618629654044282,289.70490060329047
3359,0.004031088877871463,54.459203957495006
3360,0.005676221662285369,155.28565299441996
3361,0.004602038504134935,112.04072733302642
3362,0.006288453005057621,89.49730634949583
3363,0.0057378959318157285,52.587430841839065
3364,0.006597884835959491,76.81021280054223
3365,0.0061231927232919415,71.62285141338641
3366,0.006043249507390861,204.90873603962964
3367,0.006408742496345299,124.89849851938891
3368,0.006987343166028294,205.72723725855744
3369,0.008401389526129193,54.14180737143705
3370,0.005298691280936159,117.43257705348708
3371,0.005912601964696109,80.58974277313646
3372,0.006760188395184321,115.89533020168223
3373,0.007019610304969368,362.57701698166863
3374,0.008689283659272217,35.462666178293325
3375,0.006658354300655156,205.80494709186948
3376,0.0048979894003115965,290.2095081196595
3377,0.005761530775058821,157.07203608831884
3378,0.00587410835130588,121.05350131443161
3379,0.007511293843642555,48.081251032470625
3380,0.005653964524882072,291.37144029144713
3381,0.00718461038129383,53.59707045243503
3382,0.006739336175457337,74.62430814928577
3383,0.008467870114114264,35.52682553846346
3384,0.009722340353242731,38.05414353996319
3385,0.0061893420702703724,51.735721692146384
3386,0.00712907621630986,201.11965132846564
3387,0.007750163467955479,56.229652089650294
3388,0.008692335986070556,66.65481203995822
3389,0.008136235830552885,204.01001797892147
3390,0.007745559252786837,153.9292204992095
3391,0.009224847013375453,69.14228042914807
3392,0.006799737508117687,292.61163201675924
3393,0.005948709337374296,88.32643609234161
3394,0.0068421158718522815,114.62617690886236
3395,0.00622395985552177,355.3934652543492
3396,0.0052856514528023335,58.20050700068118
3397,0.005468941666129887,116.3537534243779
3398,0.007331667586109227,280.2469173782294
3399,0.005904616192062597,49.59975215806684
3400,0.005603560906282338,273.82761323383204
3401,0.0058066643040612835,200.33502264299673
3402,0.005856880426309978,156.85081582247173
3403,0.004599825420882553,53.4465495086427
3404,0.00687049417543816,122.33638194120083
3405,0.0066358257777429245,364.0044556182105
3406,0.005557431159366988,205.9656477973207
3407,0.005999591595345638,209.60534121307023
3408,0.005349916974002303,36.60199494567029
3409,0.0054733776913073046,367.99744727169076
3410,0.004870983318224634,57.25854395276693
3411,0.004351631619863691,82.28163516056921
3412,0.006358880823442586,69.5169533722778
3413,0.007307933896362525,32.73623552756992
3414,0.007583920603792649,57.57760708045119
3415,0.0061608572378044285,68.67557271525102
3416,0.006779778526571445,208.45418360471047
3417,0.006646291806582283,290.45328066439004
3418,0.008230118258607349,34.60452780954005
3419,0.005415247165894305,53.487518191770036
3420,0.008573999928902029,82.98239405903344
3421,0.0064182944903623754,69.58016267163153
3422,0.008144478842785413,49.59777980746171
3423,0.00748633617047472,364.5512209276838
3424,0.009071581594815309,56.092978812133836
3425,0.007224890702873689,65.41355173944193
3426,0.00843812453174244,57.2416948248769
3427,0.006948177148156891,355.70334683089465
3428,0.004608435545047872,56.60529007819832
3429,0.0078088355622713684,77.4272767120935
3430,0.007103897627417872,208.9214729359659
3431,0.006441811798921717,154.7500139290068
3432,0.007201539658406266,122.35986128999807
3433,0.008569606568494622,65.54722648410942
3434,0.005555610277027018,74.19495208320004
3435,0.006173987778977238,287.49073258176713
3436,0.005601694291569935,32.398071698573254
3437,0.00617158909788474,153.76406223689423
3438,0.007385850910113418,39.70882078223419
3439,0.006586883124510989,156.30876655752027
3440,0.006968446211864384,167.5806848063488
3441,0.005310103683684443,196.08886842872656
3442,0.004990060542758298,34.866651672091
3443,0.00476245027525222,37.559321857103576
3444,0.006766675753919792,200.589757285958
3445,0.0059934198684090546,84.56010808647969
3446,0.00830221826544079,66.30511083539348
3447,0.0079571288761844,113.68085735498671
3448,0.007569135413062431,290.51936538542566
3449,0.006658669925970353,275.59690823434585
3450,0.00745522751970122,73.03629980296853
3451,0.005589787529323612,164.38388172422648
3452,0.006929507667013302,70.81360639939047
3453,0.006678315946489202,283.7440132644567
3454,0.005889074601168197,196.99641580688555
3455,0.005319096722224778,94.4610845754469
3456,0.0064432845306205185,92.33504132438897
3457,0.005531663637050181,370.6755396283634
3458,0.005321413227494291,289.8368350907452
3459,0.004563536844020959,163.13368222464499
3460,0.005316892787120126,112.08806466869717
3461,0.005654758144711317,200.10023024643246
3462,0.006394407153050919,85.28247708481145
3463,0.004122260847824774,57.23478708302216
3464,0.0076046399330591844,36.496639193014914
3465,0.007211270797018766,48.08708926057849
3466,0.0061360609063297825,359.27533439321337
3467,0.006349848146001877,167.69864040258693
3468,0.006216786737552213,154.87951432270592
3469,0.00526651945102248,123.07805428076684
3470,0.008176689996616915,71.40906554792299
3471,0.006628571627379886,378.5406968544012
3472,0.005536037696980533,48.191447117131
3473,0.00769813818491953,58.95758224485478
3474,0.006051949540332066,165.7137384270866
3475,0.005118758268839552,58.664984867837106
3476,0.004969028128043829,156.34160829402828
3477,0.006868834302452851,74.15226553057859
3478,0.004981117635154454,37.33874901765396
3479,0.004277727309742878,39.27909936372461
3480,0.004718403902767353,54.4208868168788
3481,0.005582557596389716,167.42013630021825
3482,0.00815488139954235,32.62556360040306
3483,0.0066361221943030705,355.9567459995478
3484,0.006875010006693848,151.3418067230954
3485,0.004985800571795642,123.31858125666089
3486,0.006541451745971034,109.03998060678715
3487,0.004033138270987648,34.18770076169214
3488,0.006837707211702395,91.39489442159591
3489,0.007671814345555434,119.62227610877423
3490,0.005232143972339358,157.02747136440223
3491,0.007746402415093677,34.02525498116128
3492,0.0068550550495274365,290.49057210556447
3493,0.007819261948571767,83.05015336166213
3494,0.00592954857081206,284.9083887178833
3495,0.006151404214793216,156.00748456504
3496,0.00601858689134877,57.535540330855696
3497,0.006907565140473225,156.84910826906258
3498,0.005570983900554742,365.9929153161364
3499,0.006366820660708794,33.20037027979158
3500,0.006269182957803936,280.92451176021314
3501,0.006419430482660223,110.80000588393443
3502,0.005303374593495391,90.50892190913726
3503,0.005414792624604764,364.79680184376934
3504,0.006662971987429172,35.176297196301434
3505,0.006612120097072922,66.27783153289485
3506,0.005498507320394826,206.59796636609465
3507,0.00496134686526037,85.08772868555113
3508,0.005731355933505329,164.23601201786235
3509,0.005495489909161075,35.832951647906214
3510,0.005667698030406363,284.35704940285945
3511,0.005614773518204488,84.79582900063234
3512,0.006985799479808361,196.51370882857947
3513,0.006143846058297309,57.83384368209938
3514,0.006585676662917655,157.520778873593
3515,0.008157708375270327,122.05697173828791
3516,0.007562423113155931,121.88702281387793
3517,0.007285193421689625,155.36994697401283
3518,0.005466687339856098,206.8464967966362
3519,0.006419435798890582,371.7535711321937
3520,0.005617742967760106,50.819099733112225
3521,0.007563216174404206,160.66075759612744
3522,0.004976482191138694,159.84338433973576
3523,0.004745864767476003,117.69189687948574
3524,0.005141893270188761,170.69417166366628
3525,0.005852730352057119,82.55667081257458
3526,0.004196595434712855,115.44908178545356
3527,0.007637282292059602,56.51325997299046
3528,0.005313795021889352,202.11782105570072
3529,0.0053246650678081976,72.01489948847775
3530,0.007084574522766269,66.38084854763552
3531,0.004226311975659113,115.43597801043848
3532,0.005767129082991053,275.0765050098526
3533,0.004928771826738599,111.62983589346624
3534,0.0049899373499845915,369.7464445567708
3535,0.00536308414038186,57.36231095276244
3536,0.006096643757794566,198.52353993171175
3537,0.00588317991269847,361.7304003952315
3538,0.005567743888465115,116.09526979711616
3539,0.006483068018349366,85.35821703612241
3540,0.006375857196338796,38.13523871679924
3541,0.006241503382113133,299.0486451114507
3542,0.004055226498668821,37.95473867700607
3543,0.004465260845068938,201.14944060219122
3544,0.0057276864436702655,285.04025084991474
3545,0.007598782965817071,40.058766305790655
3546,0.005572654677962419,52.765294591861974
3547,0.004719679668424588,85.21311647636304
3548,0.006473667939363873,172.66817475203248
3549,0.005630821321657012,48.74848211728313
3550,0.004983628205834599,38.719576008800836
3551,0.008212577375976754,37.81048405612392
3552,0.005871360868646612,86.5352854909844
3553,0.007010362318755475,283.24509578160234
3554,0.0061770468083313275,115.66386818065777
3555,0.005798492484741887,360.1811782449239
3556,0.006037096901644858,375.79330524363945
3557,0.005182240355641394,281.49410300498323
3558,0.006533091870770822,37.26086273864117
3559,0.005193250431119916,207.78885700544566
3560,0.004995505798556763,68.84186578191566
3561,0.005118877810579676,200.23216491927673
3562,0.005766303039722102,53.31059553422074
3563,0.005944736389210448,57.541212157884104
3564,0.005817190079034259,70.68704929100885
3565,0.0049525555248412555,107.52211731652693
3566,0.009107984368628504,59.109955013119055
3567,0.00490015595278237,58.08524276556793
3568,0.007774470848909748,50.933065049940694
3569,0.00655812199232021,290.10146609505307
3570,0.006684508243717758,72.38227187704625
3571,0.007527131216793163,202.8375425968556
3572,0.007036388250923319,281.85647944836256
3573,0.0072001268874096165,72.25975675921038
3574,0.007180487163635474,87.16575135762493
3575,0.00792829454417422,198.52288156907713
3576,0.006446194962274788,69.06016971874772
3577,0.007750471089019487,75.38749895030479
3578,0.007897369839404499,58.524291917864005
3579,0.006735833093809616,207.43620159869204
3580,0.0065989054027781584,198.9249711697755
3581,0.0055599450139889595,281.42408416918505
3582,0.00633335030686904,154.85893593528615
3583,0.005879719720654136,123.04537633159775
3584,0.006209694154574503,288.46978086155804
3585,0.004197392175134657,35.56561436607081
3586,0.0038359851871440508,31.609928385180762
3587,0.005482091067086669,277.80911277840585
3588,0.005177816259674728,55.38332115462975
3589,0.006394188608848364,80.09727551219044
3590,0.004803877262173968,281.7890343947777
3591,0.005431773936624478,110.1197783388087
3592,0.006015793064621058,278.4897563989697
3593,0.004573990309366089,35.25010423082035
3594,0.005702905452985242,171.30649393103158
3595,0.006216224966673338,77.58198663244413
3596,0.006245374666979989,83.56522737911963
3597,0.006358990947577498,85.95854605947815
3598,0.00749646807495262,294.94253734970096
3599,0.006982672809945082,165.6492847695587
3600,0.005443285895400562,154.38227654554592
3601,0.0062184622871132595,90.0190003422375
3602,0.006800102592839314,35.263452322607954
3603,0.0061556031617518376,356.51645026710486
3604,0.004530632819461805,53.94114389831249
3605,0.004945618277094488,35.62362947544622
3606,0.006008760215475518,361.7191357144125
3607,0.006337277814836084,270.36283645042835
3608,0.0054267519556750405,367.5628256618931
3609,0.004991787191287031,76.53486492167171
3610,0.005187900755537647,112.79387133703392
3611,0.006023793722773474,86.59777225605445
3612,0.005529175656004648,36.131243321744215
3613,0.0051190604923531426,367.6684631430396
3614,0.005189667713533658,297.0406230057082
3615,0.004863863979114964,285.2716542101874
3616,0.005474531412557912,293.8321423411676
3617,0.004518394833983128,69.01344376761962
3618,0.005514274881324337,117.92750002453998
3619,0.004722389940586113,364.95245386173866
3620,0.005075775006474233,75.16999312727397
3621,0.004425945549323492,113.21005527230072
3622,0.004862082465965806,291.79719216291994
3623,0.005935917449638485,165.24219419867455
3624,0.005322950505962074,204.62063594571705
3625,0.005128556261720624,367.4513598545622
3626,0.003174202520689317,30.063040357884976
3627,0.004621229197270576,72.8417922092047
3628,0.00610295894599905,34.24500498841287
3629,0.007467065646778792,39.30719684546114
3630,0.006287519485029183,361.88250284008063
3631,0.004893391321026932,55.40535576171532
3632,0.005642886647496548,371.21837135774996
3633,0.005723313467004462,80.44885842035437
3634,0.005984519698776657,82.04040563219739
3635,0.005945232142854868,33.60489873678584
3636,0.005645120005779477,49.48807033551312
3637,0.007399689599300142,55.295610795832815
3638,0.0076177711608610916,36.705917493773306
3639,0.008368433929351627,168.66282594454904
3640,0.007067018030099272,374.63737209029625
3641,0.006777056002924667,367.596328643728
3642,0.008111130586423149,53.643586013468095
3643,0.006005263794236879,359.6584105125265
3644,0.0034059215595961772,33.359265000304816
3645,0.007297867688353505,164.89435819280098
3646,0.005607024576096653,74.08522190591174
3647,0.005588117844621251,168.0953034527654
3648,0.004976890699419362,53.70133802457199
3649,0.006103149988863971,282.4859920423431
3650,0.005804759565272924,120.81619352311984
3651,0.00759276023150464,57.2110063507342
3652,0.006173013114957811,285.70137256209466
3653,0.007061632191666316,200.92016219910252
3654,0.007026877043098399,164.67927000788782
3655,0.00611075988607639,64.92456736180529
3656,0.005132707131254852,195.0242612089764
3657,0.006895263738319832,92.34446935130572
3658,0.00529945620689963,160.31514442898242
3659,0.005492692960819658,360.2261153885455
3660,0.006050142516992432,79.79124327005513
3661,0.005456913868888828,118.62571362858672
3662,0.006058766136098152,120.16617530798229
3663,0.005586483229480281,91.57321895359266
3664,0.005232030121148385,108.02989001120926
3665,0.005483620742263549,86.32436111135979
3666,0.006064100104466943,155.08638543263993
3667,0.005992386333770766,364.91389171813273
3668,0.005599939149264669,53.20934424975696
3669,0.005800687626835624,376.0825270553118
3670,0.005874763271510917,73.7867798567543
3671,0.0053147038440862346,38.44811091900009
3672,0.006049120197642873,368.3462542985224
3673,0.005171638546142213,38.204105498103225
3674,0.005232323734561307,360.78184355794497
3675,0.006479167486673796,158.40180481197166
3676,0.005430052083668506,157.43369882671863
3677,0.004971325039724448,378.09606402049457
3678,0.004117329053708896,159.30490735105903
3679,0.006044730271803428,163.4880941211127
3680,0.005259398946715681,364.8959269338483
3681,0.005383636188704146,197.0412424143426
3682,0.00468655618368013,51.34955347496674
3683,0.004874506421758044,207.09452174658267
3684,0.004651046905133419,208.93053711568777
3685,0.005944443597400095,52.96765617107967
3686,0.006591094735651152,80.15593540353909
3687,0.005210273995101955,83.16665585090276
3688,0.005561720177194497,166.28759403305463
3689,0.005552874432940315,201.85859370123137
3690,0.004890135877586373,91.40501061023076
3691,0.005794842533490942,283.8592625023296
3692,0.005500816466909661,200.0067552312971
3693,0.009738777025506413,32.838186756869796
3694,0.005568367729642184,201.01861062634055
3695,0.004144353420746609,37.53758524937425
3696,0.005928993023609599,125.44464577647769
3697,0.006180642849864079,372.8325484796179
3698,0.00543057103827121,379.29158919566976
3699,0.005933332002437595,67.40091968019273
3700,0.005385376522819521,158.18794895574914
3701,0.005012315004896419,166.10271564667755
3702,0.006874778098328102,68.96255292923523
3703,0.005810465156327602,70.31723967870437
3704,0.005332444106209771,84.70217912299742
3705,0.0063913595819277535,67.9201097522772
3706,0.006393286142328351,80.01497269998899
3707,0.0051220366666777555,211.1221593525668
3708,0.005661067686544858,72.68764272764179
3709,0.006018162978344245,84.96371713150803
3710,0.006294606573646888,39.20897447469574
3711,0.007548945849438579,50.87130652760429
3712,0.005891087780540165,156.17531981138453
3713,0.006652189572791526,53.223482416478696
3714,0.007171018152058612,168.01145278903994
3715,0.005869674938785368,364.67907583896067
3716,0.0066479335293626865,89.83234468406911
3717,0.00591428102433194,158.30746018029825
3718,0.007036015494092174,167.70528491886452
3719,0.0069903187923354365,63.30013127382057
3720,0.006019750187008937,120.54596059394005
3721,0.006224939208831782,200.89264728210946
3722,0.005519298162723247,116.44939340525848
3723,0.0038116251746722466,32.5337089079038
3724,0.00553867732804943,39.31609937596813
3725,0.006034300926145798,358.7584714808603
3726,0.005603967444935383,124.90760232772908
3727,0.0060035331975965564,166.00408051250136
3728,0.00580424762316495,150.03289073856018
3729,0.005232872920049014,207.09009216501477
3730,0.005316402091639904,197.3866819154283
3731,0.006781479574363822,126.63367871949441
3732,0.005337607457353812,68.6428149731704
3733,0.005977784476827009,64.60694860959026
3734,0.004984659363991584,278.35887488024065
3735,0.0051851576539444395,55.119010241065716
3736,0.00621546495242135,152.15817552612629
3737,0.005649041027936619,209.15988139060977
3738,0.0054373977042673615,362.36572263100595
3739,0.00557018477858927,362.00969468686304
3740,0.006239940219860397,59.62981832218904
3741,0.004766280405919402,287.64732678559596
3742,0.004002003812520589,90.68320451128633
3743,0.004600887863238439,32.69606258066028
3744,0.0049280034174724,124.94204434454882
3745,0.0045949193861753,37.45524645835565
3746,0.005989975468617411,91.87420659024328
3747,0.006774578841445459,49.56082754804885
3748,0.005751322539657713,365.4661114337123
3749,0.00633019846337937,123.28751345533996
3750,0.006055845032047512,71.34352970201958
3751,0.006357062361235927,289.58395096701975
3752,0.0049842744516685016,57.24645726014816
3753,0.005827835091922586,203.3606168157249
3754,0.00567632402581276,85.793469795714
3755,0.0051398255018284544,120.23896973928748
3756,0.005348036314935843,158.35992488163927
3757,0.004983488416699518,370.41401036468426
3758,0.0047810997297272045,192.43944663860654
3759,0.004302350524970255,90.94257159509444
3760,0.004510041777000486,85.39532682156744
3761,0.005973464051584226,161.59828982600732
3762,0.005570566103752875,200.251711601757
3763,0.00430238770115046,106.87005566987723
3764,0.004389623597679525,370.62888276457227
3765,0.004548538412258885,153.44473111406512
3766,0.005290622439657701,66.30670290205448
3767,0.006024988024199212,53.88736034870253
3768,0.004473260270944439,290.100807922792
3769,0.00470734064860358,286.0903685040746
3770,0.004631516301366179,35.17505578934152
3771,0.0050578076106131235,118.28158192673958
3772,0.004675689332351551,284.78059659399753
3773,0.005690585112335674,36.174147744208376
3774,0.005588722938215065,289.1345332723354
3775,0.0049035149346947065,211.68399009456385
3776,0.005050518258159118,161.35316382034765
3777,0.0052249368940325575,122.43645599536893
3778,0.006420722145941743,49.64455265611827
3779,0.00494675110039188,92.15743552077988
3780,0.004355375109960071,54.384165936882695
3781,0.005784106552764936,156.0378251907389
3782,0.00616884487609356,291.1164612417681
3783,0.007241220748255728,114.04441033185678
3784,0.006895699454286263,51.476669658637476
3785,0.005490045132734282,170.94113736793005
3786,0.006746736664166578,208.68605734438898
3787,0.00569950518463604,117.30702595968802
3788,0.007102462708556908,369.45346085765516
3789,0.00528094338871346,34.60912437917955
3790,0.007290126354994506,51.86562938142563
3791,0.006964970060712281,93.81451290506409
3792,0.006464480351076838,115.63591345357996
3793,0.005960644385417367,205.97100601647432
3794,0.006538337950808676,94.46167008556084
3795,0.00692316495957945,35.79625057026468
3796,0.009346912893060772,85.41045637008392
3797,0.008302021349002396,59.15643857901016
3798,0.006622801242813763,124.79424596925355
3799,0.008361347635965669,80.19669289341427
3800,0.006144909050919796,373.5089136151113
3801,0.006285962152752663,161.7723733046961
3802,0.006690572349660065,201.6780639440457
3803,0.005867379803720933,122.88635762358007
3804,0.005794962012306811,211.30062815782122
3805,0.00567660367376217,293.15097863510715
3806,0.004369965555352709,51.118169264911195
3807,0.0063813032137169596,115.70874072595294
3808,0.004397894108994337,364.19080456091865
3809,0.005074391823148562,193.13560198169952
3810,0.004398648272253533,360.8842645419579
3811,0.0039575590060569365,123.70770248041242
3812,0.004113657945358657,366.23692141897413
3813,0.004083769500378848,364.72606128337134
3814,0.004580694946324478,162.0971469597522
3815,0.004868221084427889,151.47852951435877
3816,0.0063074267137298275,52.53151818532243
3817,0.0052158190379047705,35.401537510772364
3818,0.006145382585138146,68.53515308522346
3819,0.005409623290541129,88.93088079095494
3820,0.006446248204105051,282.49368974962346
3821,0.00755414690711867,77.01912771538913
3822,0.006806090627468557,346.4640439831751
3823,0.007016041698332697,375.60787269283816
3824,0.0066036437960605866,85.61288091305732
3825,0.004895688993329573,288.3916721872993
3826,0.0049386486853808705,115.25895621530553
3827,0.005340534347663473,40.6123067174316
3828,0.0036884745189534694,39.33370540445936
3829,0.005821236384582659,72.36618037167923
3830,0.005084797998091576,206.75832066175565
3831,0.005230329226864249,61.18873598908392
3832,0.004965612658515528,374.03541395937515
3833,0.00513706054110886,117.80031270747594
3834,0.005603204067208923,170.17080969760585
3835,0.005254151145482261,161.0141640418316
3836,0.005714565801420523,367.0866368646968
3837,0.004973345159863951,378.01673590937804
3838,0.004813439092377864,68.66517486047405
3839,0.006547825218087567,63.93335109537107
3840,0.004234031874487192,71.41623253849694
3841,0.007506001208230678,167.90442579175186
3842,0.006086246937449123,30.350638131363393
3843,0.009384562070904807,52.66204421145201
3844,0.00539963633963987,197.7664523937388
3845,0.005686130346091267,209.34245815589037
3846,0.005144448043417291,201.81905769509353
3847,0.006841423762789172,90.91614625841659
3848,0.006657927494018968,278.45887865474396
3849,0.006008125800812214,211.33742381046736
3850,0.005278847229635438,74.78642044355651
3851,0.00653708704872693,284.06316614715166
3852,0.0050119762087616464,205.2069539015702
3853,0.006243312190251298,70.56823855031631
3854,0.004525563335513473,288.6092290856572
3855,0.005360978444884294,68.00802620661007
3856,0.005345831119446996,201.22483915938068
3857,0.005140428913224381,117.76460234676819
3858,0.005350723666914503,282.8182713121866
3859,0.0051293232564078185,282.3154176702536
3860,0.007376354682492092,69.38395019517628
3861,0.00660505570368304,121.96118917155039
3862,0.005525299717241118,82.17225240207483
3863,0.006476552054959324,83.09274475750391
3864,0.007109275617283894,207.89415572416735
3865,0.005211090418929732,374.2688763729103
3866,0.004635413305525592,84.69782137256429
3867,0.006874791508612392,163.58010329108387
3868,0.004752227318962908,37.32583916117427
3869,0.0064820600793682875,169.81454865822954
3870,0.005165733459160931,73.72276420034528
3871,0.00553510345193429,39.75293336504082
3872,0.006449332616835485,292.11330495599327
3873,0.004776982643446759,121.09024901074264
3874,0.005131388366454123,372.57620737109374
3875,0.0056394834997186526,280.78936768523806
3876,0.005345638486048572,88.54299653525011
3877,0.005157062120825057,205.88221061660926
3878,0.0047800866174431324,40.69024992385637
3879,0.005764462790606418,118.05844646548388
3880,0.005152158788796014,165.07137002928346
3881,0.005228957981531634,116.53042027497624
3882,0.005068367153316186,53.43555984549688
3883,0.00568669085427049,93.02647935838934
3884,0.004687714049466125,119.63452602398412
3885,0.005150711329375646,71.9326984857666
3886,0.004784896140489776,273.7686800918787
3887,0.005340492169232354,371.1584011445064
3888,0.005203265072710705,114.92253111880218
3889,0.00569245581622173,164.63222633540428
3890,0.005110649344656694,371.7085220558269
3891,0.00615442527361728,36.7394503403048
3892,0.00582802689647089,76.80406099710058
3893,0.00513262519152576,289.1278464821878
3894,0.006295956987927084,65.39357081544395
3895,0.00577924982781347,154.43088948118313
3896,0.0060970203002480875,48.611405320529
3897,0.006523197713198589,290.0547799397437
3898,0.006409673295550149,90.04234984792292
3899,0.005139571293444691,156.684271620353
3900,0.0057239346170791655,81.7945763870662
3901,0.006826793837856296,69.79598204332754
3902,0.006627776146020221,157.17701788288298
3903,0.005849379153282903,67.77397653280481
3904,0.006300812892057122,210.63242067852372
3905,0.007254014625332429,78.16276698184288
3906,0.005536640472502359,367.67268025081336
3907,0.005348182342336136,82.13963729804829
3908,0.00557230981894932,203.034840518121
3909,0.0049751884673728645,284.68470957964183
3910,0.004815523324828915,373.9454548613155
3911,0.005309579999939652,92.95449391972934
3912,0.004222401077578101,38.42554436635502
3913,0.005102832658939034,293.578556798598
3914,0.005557001768465852,57.11326015472671
3915,0.004923444487094703,84.07630150173395
3916,0.0050869692022388335,86.53772362488999
3917,0.005132783471568613,119.26973160305965
3918,0.006512166222488635,49.995826010709116
3919,0.005644689600124811,166.36282998590934
3920,0.0034777712877759517,39.47502206438988
3921,0.005521157044390516,73.57458888176711
3922,0.006200868136974433,57.74122372060086
3923,0.005393977846232069,64.96853917654693
3924,0.008265701427385589,90.95818060779399
3925,0.005189134390093386,60.747350613698
3926,0.007849813354718767,114.79874096924215
3927,0.006855382244228511,84.21411828933685
3928,0.0060631594354741865,371.49163729400584
3929,0.004617349175201856,53.85764537752747
3930,0.005558629679413609,372.44344439097443
3931,0.005766216849700404,163.97249273147395
3932,0.005158702325323098,199.00047679309674
3933,0.005356956609211545,199.7515674866777
3934,0.004428389478562167,58.603359808388284
3935,0.007133269208927893,57.63941508770815
3936,0.006356815714256795,50.56982376987664
3937,0.005619227710397083,95.32865944093307
3938,0.006472573103414311,352.70554585710016
3939,0.006439348810896178,158.01445031587218
3940,0.0072161653440381435,36.10619751086046
3941,0.006127846241165221,124.53927933368918
3942,0.006015388054722805,202.11129709845403
3943,0.005917464647347392,65.00630446168962
3944,0.007241622158639634,119.50355921409172
3945,0.0061159940440139865,369.903078350542
3946,0.005792480235932473,283.726655096755
3947,0.005630339818323756,168.6330820416599
3948,0.0044550207805348855,48.400535282280536
3949,0.005337402628454682,92.73582439088504
3950,0.0067098821093858185,37.50662079359976
3951,0.005254242809417224,281.9292022927934
3952,0.006268128085559091,109.84370317521552
3953,0.006675465189222119,57.253015167700106
3954,0.005292054180826358,192.18749767078714
3955,0.006427831249986655,197.0626862868941
3956,0.005766296054997337,365.31722116709176
3957,0.00531513609986549,279.27400306282595
3958,0.00504852416056518,204.94176867259014
3959,0.004107355747361329,54.43674863040358
3960,0.006415183300913167,375.3427898324158
3961,0.005680023269338613,273.2679860160451
3962,0.005835647876665462,51.27791415014186
3963,0.006192141805808501,86.14626689871382
3964,0.005964303782993457,199.34188191750627
3965,0.005987334138191861,163.36151386320432
3966,0.006858754976662764,208.07368331871336
3967,0.005461067129310566,209.13689941596976
3968,0.0030654844033114357,34.09073797110606
3969,0.00682641067164086,192.73950278008127
3970,0.005947392259818466,121.19421900828685
3971,0.006599689509834796,273.84219042363117
3972,0.008461939862834035,51.313164211404754
3973,0.006267169892581337,283.7860240736733
3974,0.004932624824085416,125.50316155547164
3975,0.006622642529593478,83.86203548150067
3976,0.005951327920247544,169.3963038687568
3977,0.005418209280337164,50.37176826045548
3978,0.0053409811777013465,115.99736049507712
3979,0.005709344150500969,268.35359120847346
3980,0.004867383672227823,119.69111805446524
3981,0.005722573182805825,364.09843152355404
3982,0.005047462027925156,119.11143764909968
3983,0.005971838439723502,83.4862854194969
3984,0.005062885046998059,292.9709644471643
3985,0.005042977884432126,160.14190396571823
3986,0.004925098800763058,112.40776825352536
3987,0.005424895000647717,288.7603074788957
3988,0.005739066215716554,92.27509189488953
3989,0.004880742095106113,161.07107493007388
3990,0.003832248853789431,55.047594417317804
3991,0.0068654536559639885,35.68108886341131
3992,0.006746154463491114,194.31293180782566
3993,0.006448295889269092,277.83708571418344
3994,0.006847179658148556,277.46560507197205
3995,0.006984196677563134,37.16308747628784
