episode,train_loss,train_reward
0,nan,27.72173664485354
1,0.06426163580506405,41.41113487021532
2,0.019025343176591294,48.38023380138466
3,0.017849554073354985,62.21252256985402
4,0.012291191204395277,185.562931900424
5,0.012251725970317835,25.233726171995727
6,0.01232127645662392,99.55180512868748
7,0.013206304985450933,67.66950376624418
8,0.011708955076755956,37.683612045852314
9,0.011806375602453711,191.59530542396604
10,0.008783188926974765,63.74177840277319
11,0.007629257711132282,30.274602207000736
12,0.011892109777841527,46.29446922287705
13,0.007025929860337156,24.253499735325416
14,0.009660486226844138,237.50198813583842
15,0.00944790221770885,77.87398662763138
16,0.007426651791713477,65.74806795134236
17,0.009353691221734222,92.60202893844132
18,0.009824252454563975,45.78008862739268
19,0.0064960619014435275,61.017946784315654
20,0.007696422916276127,48.494104852982574
21,0.008471765744616278,83.2059433690762
22,0.008692373877164681,58.36516552216398
23,0.007830471683740365,64.95645672130294
24,0.00724732439930632,112.0983149377533
25,0.007754068610106165,76.44496959466146
26,0.007692993108837589,68.13230107765061
27,0.009524264657766953,92.66345866021936
28,0.00683977216545303,44.038925758683135
29,0.009158646453867348,220.2535393746606
30,0.00718362740163796,231.70229928076122
31,0.006718416454494912,138.11170204207045
32,0.00727351413138742,179.61735897422585
33,0.007199502752425036,114.58289059871197
34,0.0054167931543581535,140.79853342778404
35,0.004826284651454234,91.72924765322253
36,0.008447345564992905,28.15811967845095
37,0.006611686578253284,79.53436292996929
38,0.008574553070833314,43.25103475046075
39,0.005092891154080545,46.72593084195927
40,0.005872225512379176,71.4136887893081
41,0.010930996830046008,40.685261074594294
42,0.013702193572153819,25.755987568523402
43,0.006272613580222242,41.69148227514256
44,0.006846229789185931,47.09450110271159
45,0.00860242560896549,47.816678133751566
46,0.010514726609409112,20.880844394247084
47,0.013783724483801052,63.88573422345294
48,0.008554061642409919,46.80441412411103
49,0.008360328613186361,127.57752652008628
50,0.00808203124192501,233.60444604985713
51,0.008063055169074497,242.3842012386949
52,0.004656942462118469,53.53136688891393
53,0.010868115340568254,29.48354901477211
54,0.007111497501108701,228.2210029902351
55,0.0059268560144118965,27.095687305041558
56,0.005613977401830757,79.50781137123224
57,0.007100166327782554,62.68078761091443
58,0.005554519579463792,126.07226136842452
59,0.006109171524347941,193.71569827850877
60,0.006037064852061006,190.1352408204035
61,0.006187491667947757,64.44592164177823
62,0.006149892011930653,243.36031440098193
63,0.005644175958652866,120.42373960607303
64,0.004020883661598481,23.871210103462552
65,0.004958392508585693,234.3948462126923
66,0.004874164830765034,235.90742048188213
67,0.004729602497334363,233.1519660152296
68,0.004212832456087386,134.47828561401516
69,0.006882511128564007,91.6968282816113
70,0.004706281631045455,92.3062185193284
71,0.0038424063916943168,114.37378529572439
72,0.00532628259027441,25.36572605287476
73,0.00551173961195253,79.80998779937796
74,0.006128335826262529,68.9661081743718
75,0.005293334180674658,47.69424461589002
76,0.006215880248607297,27.965142977812373
77,0.006618859280164873,101.53671274377902
78,0.006175345527411152,91.44856464539046
79,0.006930016429100375,50.61157564839813
80,0.006828439099859379,131.3131064296687
81,0.008320128814965437,54.88041523508745
82,0.008618378402913714,116.08034524638197
83,0.007317804817953524,54.92843735273594
84,0.00635855224865668,217.63865454218688
85,0.0056276439440394324,39.13891267505382
86,0.0058234415224695715,134.97509672430343
87,0.006100177251571327,108.929332730071
88,0.007231229901663028,44.08931835036905
89,0.004845896190500484,188.67357609327485
90,0.005406544491887797,70.08974722481312
91,0.005714676134827182,130.4571550445297
92,0.0057626165190144294,181.72614643258336
93,0.00441483829288081,129.89435962814557
94,0.005601171614300969,131.9960501257512
95,0.0045681141333662415,45.60380747360151
96,0.005687150500430647,45.310369355501294
97,0.006663990277416274,68.67798243723892
98,0.0060881230764906705,108.47119991934926
99,0.005147911711172001,228.80748756191676
100,0.004163160964638406,77.30841231568358
101,0.006000941749684548,73.6343039503472
102,0.006595922123365613,41.9964987545509
103,0.006924988549974616,109.07512992040104
104,0.006801150805018405,114.75413526453039
105,0.0055563921602603435,28.198815685986865
106,0.00699108671093635,172.01478710159827
107,0.005516487207918447,104.7362990913455
108,0.004093742068190212,41.40335636562901
109,0.006029473553419041,187.54084365887846
110,0.003982496812981976,43.99293952386768
111,0.006691640877163338,114.01460800636164
112,0.005926635343225633,192.89078882459577
113,0.005782987344964951,195.3018121828899
114,0.004772855501173489,113.714365290431
115,0.005686813726553994,107.74016347170145
116,0.0061469270266780555,87.26958480005378
117,0.005204064901425947,105.03250852050815
118,0.005763368751781824,124.48549063282103
119,0.005538503912373863,26.630567577547783
120,0.006872230187778965,65.30545193216227
121,0.006091844196880192,251.7587928101387
122,0.007821459947394785,23.582638528123756
123,0.0054851377715602065,63.8889845776487
124,0.005866053927550342,233.8498391182287
125,0.005544375672390492,26.174638329243923
126,0.006332291357631964,34.892268839740865
127,0.005391604462188711,36.085573771453525
128,0.005641778095214371,116.6300095137561
129,0.0063684291087634645,138.0866378063681
130,0.006777823775892256,61.08832126454391
131,0.005934351337347515,131.9335084114205
132,0.005827108770578898,133.32793261044145
133,0.0058943477860864246,194.7828992678426
134,0.005995618007442861,140.21741389398392
135,0.006602028558841725,112.57690324945665
136,0.004716233833111711,183.3211247204569
137,0.006216194077172655,33.58477704432181
138,0.007446280431487771,47.70754223529322
139,0.005394002783979322,21.933109062821508
140,0.006196508491649927,238.8879550465556
141,0.003873129629740819,59.15626670025457
142,0.0047085428367577625,26.16311184470468
143,0.005624041798225719,136.0411336161458
144,0.0056304087833828256,88.30480664514415
145,0.003535132937062279,54.864497690192266
146,0.00572683865436039,236.1557355915127
147,0.004946972078047344,224.94186675749563
148,0.005199344928638011,139.4298183888918
149,0.0052846662939163465,80.0216948462849
150,0.004973309553778646,41.04311706600987
151,0.006545622792957048,58.57299346409291
152,0.004481773684416952,84.48409721261376
153,0.006004684046225471,65.75027944652994
154,0.0064961034874267826,173.28716326823837
155,0.004848677882612471,34.51469022648827
156,0.006689683411836581,44.31911460501708
157,0.005383685881298105,239.04559556689816
158,0.005812112947341389,179.17886968032187
159,0.005074828044752407,188.0334597550313
160,0.004515927882596134,237.36085231108177
161,0.0038132569892555834,91.0311020248412
162,0.0038384966273125347,43.58893068826638
163,0.004566374252052893,247.34595163568545
164,0.00355443236349203,181.8100258866959
165,0.00392851679172399,29.379448861529873
166,0.004397803398458883,120.97904326376208
167,0.0037076972132383053,108.96193664432815
168,0.004156496089518231,79.76377334911211
169,0.00411596784883622,232.2828733590245
170,0.0041323226158400195,65.38440262676261
171,0.00481380734748421,61.75403434784963
172,0.004133378347260815,70.27570911422839
173,0.0036876825975861905,51.35339479825847
174,0.006860533505350026,101.45942518981201
175,0.004534233926498364,27.26860310633887
176,0.005149622906913313,224.16985323949282
177,0.005139541751103501,99.88802089476522
178,0.0053700430560982915,65.04574617394202
179,0.004548875329983902,28.890037449938262
180,0.004984394282870762,183.71036268445204
181,0.004406691256339069,39.37518660105054
182,0.004320482142314928,115.36889648474829
183,0.004598146377636847,229.41913634857087
184,0.00519905169976098,176.07882981229494
185,0.005055941766005236,69.09787746800613
186,0.005302682495255926,126.78401017179063
187,0.004721018325225861,248.84194214400128
188,0.0038820162800879314,26.247979842939145
189,0.0036830346837466005,182.4496818440553
190,0.00443373659790506,110.64545685283167
191,0.005437216947691261,43.95550506357681
192,0.005843301090582168,113.54528446313377
193,0.005385197042267317,71.15447883836687
194,0.004116395260028254,75.79988505324447
195,0.0029285714248042747,26.22913024839507
196,0.0046232830795201445,62.46328821477289
197,0.005645360099545025,55.870272516683414
198,0.006565278420001394,62.828058729554
199,0.005201835341309917,129.87354155861317
200,0.005900719267821175,196.17119053713054
201,0.006369939962187158,139.41961139862534
202,0.005313588589408689,46.99556020945926
203,0.004579410022364447,171.14680555498583
204,0.0046000845762207,85.71623851406282
205,0.0046111863522927884,120.614919057684
206,0.004131521280798289,238.70819075312122
207,0.004200849021964876,35.212093035555874
208,0.004063193117242638,74.41574685149433
209,0.004153370201172845,170.01076966722462
210,0.00465665288092251,49.15768148883926
211,0.007035946084090091,28.805267929679918
212,0.005035988498341546,44.35047462901955
213,0.0044116158698393445,46.88359637789189
214,0.005291895438268831,55.554052583695466
215,0.004833183664634774,108.84310514137105
216,0.004332155590197323,57.348880664716916
217,0.006510825303187382,41.0326370803823
218,0.005989896602001794,81.97229690625849
219,0.004070926387597002,49.06799780638079
220,0.004899323604469238,61.85234090514509
221,0.005662656688166196,129.82790927365133
222,0.00855350787430231,28.354163967231
223,0.005609101155202772,26.607869570915064
224,0.004772029941410488,187.61959531836825
225,0.006876340315185106,40.195222126077695
226,0.006344952539690824,79.46004864863181
227,0.0051513696350317835,29.08732594791496
228,0.0067461315315162675,195.6182048030366
229,0.00570636246277749,238.7001691206415
230,0.004732966089570357,191.55575820162053
231,0.004103353922275833,179.4422420069756
232,0.003664700756251643,46.83222273403952
233,0.0041385964086166,57.83789009770808
234,0.003789926354959159,78.31645367079571
235,0.0041067262777711895,234.21093429434416
236,0.00432724690983525,61.251654498453696
237,0.004413209821433414,234.18517261444595
238,0.004391426488763426,66.1512405783968
239,0.006383424854620585,26.150493107477146
240,0.005917363022197575,57.52307894958789
241,0.005532474177166431,126.04524816045816
242,0.0046875410605711305,245.58422172327616
243,0.004388272031473387,248.2013766787009
244,0.0050820960905955375,53.15469161408195
245,0.003976643473155055,202.67006344985634
246,0.0051799559505987846,56.38045389139608
247,0.00416436319953493,233.9813641086961
248,0.0033349793000245253,88.03822970069794
249,0.0038365357756245905,112.75025538369536
250,0.004080571678649583,55.84169340389325
251,0.004640011812513881,235.63726224628525
252,0.004348506437758849,192.6508088056178
253,0.003512260951969962,55.388051295300315
254,0.003915622604836244,84.21293525731728
255,0.004943823256656866,44.90078145954256
256,0.0051521306056718065,69.68451380958147
257,0.003681627393234521,36.018679249947034
258,0.005187545451617646,134.47377619580627
259,0.004825126447030925,89.46176239937402
260,0.005059395422744949,134.421451423091
261,0.004028825122150499,116.31242534053455
262,0.00546793811520335,236.7288578859202
263,0.004194237374241195,111.90464141444826
264,0.0034851924092681903,69.15939339650701
265,0.005105162771878101,108.40785548836593
266,0.005226619588477623,172.92550270334277
267,0.004482986221786107,107.88263737854282
268,0.004288873414015353,79.0265000227692
269,0.004759956573645861,66.48024345557504
270,0.005681166179937911,53.92688715110102
271,0.0049317885103346915,180.4489378763338
272,0.004818483246568716,82.63416039389537
273,0.004898972771959812,139.66529173090046
274,0.003629034254857797,62.51844908058399
275,0.006062265471366511,54.058133490335045
276,0.005788268495777274,43.30968085478429
277,0.005440594102329784,185.03780466011443
278,0.004084531640843816,194.97016261270946
279,0.0035096105680747845,105.93001617228502
280,0.0040446283930013404,28.313765684728786
281,0.004379651426525399,185.97805061909696
282,0.007896416200032869,55.37353144160111
283,0.003862254528377383,143.851247472498
284,0.004341333033649294,45.18986695087695
285,0.00418015260169691,234.0703869294188
286,0.004486576308717288,50.52401024187176
287,0.005593285276452512,138.51919368398555
288,0.00397360803166019,25.04072248370584
289,0.004701962308167486,99.21685786110147
290,0.003737884557296716,240.45425003567252
291,0.004211746040773068,221.48131824256154
292,0.004799126684382507,60.73105091530932
293,0.004440057133497494,58.783568551745155
294,0.005385065971680333,44.87178937064024
295,0.005807309480918444,43.07457355113878
296,0.004577209722835267,239.6195874256563
297,0.004542445121365687,230.5423972322648
298,0.0037527664393859892,58.92933591238678
299,0.007123437607741176,26.238077842836955
300,0.004980880136083049,44.96203961071785
301,0.006600875097674207,53.7548519349903
302,0.004941693160248719,60.49405866805676
303,0.00508333121133792,61.835309897775176
304,0.004941535490524374,100.73113261634131
305,0.0039293748002460814,184.24098158213627
306,0.004228828884894848,177.57366638314656
307,0.004436857801676109,117.92222498493058
308,0.0031404316813045704,57.97969928717058
309,0.0034835958687726085,108.85948656458793
310,0.004127400563140302,173.41879906017888
311,0.004476974601857364,27.470679417607588
312,0.003925289601773749,83.72233759380269
313,0.0053006459752764756,64.19165013786495
314,0.004739346623555133,135.07721618626084
315,0.004532917940055414,138.69188293520875
316,0.0043850460508995616,61.48197306263458
317,0.0049535888921072545,117.4380465982926
318,0.003500486266471503,233.01821792447626
319,0.004895400781746362,84.31083226382897
320,0.00378984182837723,245.83399755678303
321,0.0029671112114184823,190.34829182012191
322,0.0037660704625190012,182.49651981652286
323,0.0037613543926148033,226.03754229317752
324,0.0040121429123358855,148.60565388706001
325,0.0032248270254058298,178.3757494131786
326,0.0034342713788458983,128.25359734216372
327,0.004581512055946658,136.4587189641171
328,0.0031494188257611467,59.605903735815424
329,0.004261058215119052,90.56591560128568
330,0.004603385912401339,110.17675690154375
331,0.002973074376943539,76.03142812818811
332,0.003794582861579611,239.8715109874069
333,0.0028794227336430387,96.95933487369014
334,0.003764003523272173,26.784824247099806
335,0.0035356515119326012,229.57910285357462
336,0.004410592858151246,77.72672361287678
337,0.003919080251746938,59.98956152400283
338,0.005332006724113283,45.89958138703704
339,0.005142871442578987,45.766342803906085
340,0.007446124633886562,28.27788153171785
341,0.00488038495409285,233.02867405251533
342,0.005888521006924967,25.70132041499265
343,0.004307816280253554,78.34089704659624
344,0.005810181220462814,85.24830445738175
345,0.005561261789813862,103.54332255433408
346,0.004521616458077915,46.27030038399524
347,0.003595216498822616,27.53323394600443
348,0.004376648518350871,73.50876751404381
349,0.004345934585154313,28.447939168195578
350,0.004947849241062547,141.57231738679758
351,0.004847163085600939,25.80444599943875
352,0.005506602822358466,38.79172154253602
353,0.005079348588640612,241.4773030936467
354,0.0054046990708357815,192.55165629985117
355,0.0039061050506269323,185.84018741938402
356,0.003740189471080577,94.4352476669315
357,0.003374378915051804,69.32957798229467
358,0.005026843826768031,43.38758827332277
359,0.004802514860597343,130.9149499576215
360,0.004044038466983349,56.27887996178882
361,0.0030991704342550994,82.74614511162936
362,0.005152021045267413,41.841374486540516
363,0.003591010859683872,86.3405772176758
364,0.004845569998988966,41.379079645898905
365,0.005101206895448843,141.28503603034488
366,0.004701736146376493,71.4384181585669
367,0.003928779907857435,185.72088354697763
368,0.0037514432894498054,90.90901318030475
369,0.0045382762440236875,40.56028400434393
370,0.004799120936649299,51.34174946166011
371,0.0041843886388835076,27.017932714388508
372,0.00423368991615577,190.27909656711586
373,0.0030686922118454193,148.7101408172571
374,0.0038160423230006917,230.927366641986
375,0.003419620149146231,183.55765696224523
376,0.003306028103775743,142.36738861292952
377,0.003411401516530989,241.13902284694967
378,0.0029777550815320497,56.59336536307102
379,0.003204766053716991,42.87129133523658
380,0.00404497595570227,240.07402338204935
381,0.0031638676758833557,54.650827814691475
382,0.004271027658515694,34.80333368964858
383,0.00395129464771438,24.87843320073692
384,0.004136721354550157,189.60135235322576
385,0.004573604763490292,140.8481329233709
386,0.006112141470456946,29.13164357125588
387,0.005200917743257543,38.237282240379464
388,0.004340404477878079,49.981643975170314
389,0.004172325482822949,247.34826046477713
390,0.004218204154127861,56.51172010886313
391,0.004852491783374736,244.5948348249089
392,0.004953390805564017,46.175311398736916
393,0.004906129057856341,25.888816949533965
394,0.005744409370058516,51.769112834862376
395,0.004971976743365682,112.56669591373219
396,0.0047490454915252766,89.55339206562667
397,0.006491701856827025,36.79401959947967
398,0.004635418662990167,74.76972821745352
399,0.004270357672239543,55.59510439847805
400,0.005552320946211108,120.02164586361069
401,0.004210955368565723,58.62091345342396
402,0.004801949620075544,195.6495442325903
403,0.004668545320433063,77.83012258235568
404,0.004395083576594983,59.09816306233962
405,0.0045183889563951505,133.142725167001
406,0.0038547460622077112,186.40755985145785
407,0.0041839568663617375,58.50470815738219
408,0.003544201543341443,247.0905535468333
409,0.004299821169975045,112.03290113127062
410,0.00479835265813845,27.11111718539225
411,0.003904386431731959,119.39978844995625
412,0.005347568197988424,104.1783601422467
413,0.003921267310663377,81.09668407862196
414,0.004219938213717681,198.21055721756454
415,0.003706416468048701,72.71425074695208
416,0.004284847632782619,177.38253098714293
417,0.0044296607882997035,119.5736567946523
418,0.0033699543889858484,242.46789782793178
419,0.003742900687061122,28.933974234216443
420,0.0035184072914637146,63.05254319866397
421,0.004535891089562,140.91734690302178
422,0.00373664786047171,197.16103693113595
423,0.00476606934226781,59.71165274268713
424,0.005620403203246151,27.74703261574879
425,0.0038564430822687528,66.52399486183987
426,0.0045252750184726345,61.06020225790852
427,0.004848058899801414,45.73321763246013
428,0.009079205788519427,24.57367492266337
429,0.008033030380060483,110.64035801645132
430,0.006434654324759273,122.15121408391067
431,0.005959594910442301,138.66353434439435
432,0.0074100243148458155,26.973454142833113
433,0.005243280128553058,126.12132235976937
434,0.004854881087327081,194.69926833994276
435,0.004611390206595057,45.71506123966457
436,0.005267454127189578,72.59647916592652
437,0.004299138267556004,65.4389967931036
438,0.0038383624081509715,196.61541788529618
439,0.003302062082017893,181.52598233501593
440,0.0035344214111703454,188.10028132327614
441,0.002994783378813441,60.306234370477334
442,0.0036466764952190435,81.5489220737929
443,0.0032944281465461245,78.85629464798092
444,0.0036584157900175674,37.60914912728443
445,0.006527704772828468,25.8023277026199
446,0.0050868347045087085,35.82772340862403
447,0.004676294534649585,135.9670191234134
448,0.005252429877560986,113.00659837320062
449,0.004898193751824482,77.41538969064813
450,0.0037473701616409787,53.80420581064945
451,0.004571756482187469,57.058579676959
452,0.00502041736515671,137.031091678103
453,0.004459002559787433,82.39834510288823
454,0.004230988972340617,103.04147418604249
455,0.0051248594998093,26.410255452080712
456,0.004587284906926696,114.29177923736641
457,0.004373480810582722,38.922444025370666
458,0.004441953941440983,135.8738494081138
459,0.0037984039934764787,41.50273669122342
460,0.0044601143296350235,51.941457058097704
461,0.005048966570067238,125.61202504577855
462,0.005307697365216711,109.16283457740754
463,0.004740085079719081,108.87432378673348
464,0.005287105230169031,82.29757924458514
465,0.006000804224532982,51.33357994613822
466,0.003982998470872127,28.054485706770464
467,0.004615969963722199,143.55180486204634
468,0.004701125843375421,115.2080707504222
469,0.003990308468328482,128.35387899459593
470,0.0037344022600503284,202.42040410197504
471,0.00436698371777311,36.81223953931243
472,0.0036702447241495208,194.72329420494748
473,0.0031392499772433225,49.395188613030705
474,0.003206885455776676,235.37196610274242
475,0.0034091221580105223,27.593209505944095
476,0.003572699242445172,245.98927234508525
477,0.0033698313516275637,23.770895049827196
478,0.004160504701408522,83.08162380964394
479,0.0032888050876723495,77.33190879121842
480,0.005627325196903918,43.22981182554829
481,0.004564247184484534,88.32086240954231
482,0.005320070618522707,26.34705224078715
483,0.004021225496309493,226.39117180070352
484,0.004269366914203102,194.52079972228944
485,0.004176962991196649,115.08894136445755
486,0.003950858616345735,144.05661400812895
487,0.0050457543592738845,91.6553851930419
488,0.003935963673620322,138.71394950872718
489,0.002970434167020192,36.813031749297096
490,0.0037965277856763105,128.2150320646191
491,0.0035283129072922748,94.65503352355525
492,0.0021006522120759737,42.63256979211807
493,0.004149820531995534,201.84227887263106
494,0.005789340022100328,29.304815993993785
495,0.003712697505172503,189.93877473465454
496,0.0034852804951574275,69.77617415942997
497,0.003919047777874664,247.98700875491187
498,0.0034036659462553624,60.393494649701445
499,0.0037667672040697653,73.65895490635931
500,0.003109065507069809,65.65726202657768
501,0.0030551615593419857,84.32433014493083
502,0.0031007759014386087,232.34965173582358
503,0.003935431085582505,36.40224118838784
504,0.004196851820371853,27.57426676564206
505,0.006768367283009205,35.359673046971096
506,0.0051052835455315335,70.6834007738122
507,0.00549007645954466,68.48144976426923
508,0.004028620957714421,42.26512123830202
509,0.005553753067064902,27.34979697742768
510,0.005615214635082833,113.79693831548029
511,0.004745816015481698,82.6682515470764
512,0.004554958678274615,230.64076349986013
513,0.005289989667101602,30.246242545197884
514,0.005645989338797965,85.15223046262844
515,0.004028269962207201,195.15878232869272
516,0.005632939986802789,58.480742459655275
517,0.003422258092106064,199.25924868010716
518,0.003499790792498184,62.57653282070583
519,0.0035931686902217364,64.32744605429913
520,0.004159585090319707,111.52051820604083
521,0.004965856856575261,61.339766193833
522,0.003754006560212051,253.39753268803102
523,0.003942327575848731,116.66819893755668
524,0.0035864690837171887,146.39369685984968
525,0.0057723682144900194,44.93368891665485
526,0.004529049358657526,85.7207986340891
527,0.0034756277488222683,109.31379950643262
528,0.003803415622596603,179.9255502399607
529,0.004224636184024009,54.27780721895164
530,0.006158232459219525,56.58884830304968
531,0.0031689927378340207,24.403341816064575
532,0.004939970879954321,85.51446179340566
533,0.0046177447169304265,203.5057093877276
534,0.004006099666438195,138.27805506549942
535,0.005617138953477313,37.09165917127868
536,0.0045639020872371965,142.909957486612
537,0.0035459038288634575,70.23587042841058
538,0.004734978699994365,181.60762431343616
539,0.004203718469613807,136.40887219726773
540,0.0045908819037316145,105.02612892984942
541,0.004026148045131077,93.41308002966038
542,0.002692070837921082,46.368157117596134
543,0.004974432126990044,118.34647456254626
544,0.004216473014329912,57.52210439219273
545,0.004289825156704934,79.25940580033028
546,0.0062058624873692495,26.72998225935384
547,0.004072766558529888,226.6653000842077
548,0.004175409448719821,57.85284709829166
549,0.005857942278114132,57.77857275746535
550,0.0043399594211161645,55.49101019760359
551,0.004458999636023089,190.5038144762924
552,0.0037774260256387797,183.81009364282096
553,0.003479802882573849,105.24298534196112
554,0.0046742860620041324,108.3036533732467
555,0.0032829807611819816,241.58417939523704
556,0.0037132449758289095,105.44073416790175
557,0.0033639087980998467,247.27887338195066
558,0.003267629612366232,142.37900133509228
559,0.0028684654128577174,25.654333708185778
560,0.0031021734773186297,188.12685100379588
561,0.003819877450107165,132.15574374727433
562,0.0033270273379263104,227.92292921322982
563,0.003209330441817516,81.02460831163627
564,0.003293858391936572,35.260432694613115
565,0.003629199449679325,48.43869410896506
566,0.0038294435812896216,239.9160392693306
567,0.006243295536039333,27.863147837476646
568,0.005019758731039884,197.93352772216755
569,0.003896918448216388,101.11885459393885
570,0.004100637249964274,46.40301493012662
571,0.003163434786653273,40.66876914819612
572,0.004453927101377093,81.30904262247385
573,0.004447294730296661,71.30779025103742
574,0.005427667718547511,133.85741029589914
575,0.004457281832471311,79.51558863517509
576,0.003804174409980044,234.71428304049425
577,0.0035917282767587567,56.01420397801776
578,0.0037415233753460894,189.41259443437912
579,0.002901524848280603,28.04323018186949
580,0.003796822572610077,246.41419358974525
581,0.0037854932359306947,139.66406187108817
582,0.0035302210275141386,146.55858876294838
583,0.0036380984573452864,181.98640875593665
584,0.0038139330470878256,113.34445010442687
585,0.00414301491190665,145.91871781248193
586,0.004348006293267562,42.71519954882102
587,0.005835995816721998,28.24376744403244
588,0.004056668817086152,193.98652392455855
589,0.0037581190617613737,244.62521320229058
590,0.004904499318686645,116.74360557212407
591,0.0035314658884423077,192.72192390610843
592,0.002535288043496809,27.687413189718264
593,0.0037928096705950915,192.21867997543623
594,0.004090242423857985,38.86601357042254
595,0.004302224145671779,194.3450808409185
596,0.003550439521167788,202.2241799440353
597,0.003347349920157536,26.264752159906166
598,0.0057304430776670325,47.046214082745514
599,0.004345105802467269,61.31531386938706
600,0.004035295354184419,115.67539203492349
601,0.003915087169164982,199.4801283870907
602,0.0035043219490181465,111.92705547375806
603,0.0033162265714774043,244.3024984615128
604,0.0029790825121637572,111.65510139673154
605,0.00413078894802986,134.1176918623867
606,0.003522651656938661,200.0053473549392
607,0.003076697882357047,122.402642421417
608,0.0035354215390095934,86.31804361774215
609,0.0032680068427491616,47.322968155513756
610,0.004773258216635047,59.47238590987913
611,0.005146206685326019,44.177427021002146
612,0.005137167975507592,43.03240053852633
613,0.004181876813707221,145.9652470003035
614,0.00541452579184536,59.45156893691092
615,0.004106147665469776,182.23395651585614
616,0.0032098850453310436,258.44576722783677
617,0.004420954834411252,88.23445007648871
618,0.003902768721766818,148.840389291326
619,0.0031383879679858433,42.24964737462136
620,0.003181156315604004,50.74179628622752
621,0.003141582634683444,133.28193299138658
622,0.0037822814424130643,44.89168884230986
623,0.0032001519553517227,51.38984185192207
624,0.0029771071409394954,129.04517263120476
625,0.0030199952154801595,105.71013174848962
626,0.0047094642312996175,38.67220977772312
627,0.0036759419014747753,241.91061249846453
628,0.0037410252050801614,179.2254148837739
629,0.0037145011991083143,234.65469521595762
630,0.0044129090714830396,27.672855007973542
631,0.0037703105360929507,202.5973577483219
632,0.003743129320355365,185.84154442985212
633,0.003311820996637156,55.57025216409611
634,0.0034870145125471307,89.09001731820456
635,0.0035393675981057722,41.77643806210767
636,0.0038369193275952164,244.57426206046355
637,0.0036390676676111423,247.32092831691105
638,0.0033671754367818317,117.2601921804292
639,0.005391063607186714,36.07574380165853
640,0.004537296235621152,59.761660302478006
641,0.0037486780300673285,48.500644020450274
642,0.004073865640687369,113.97697091248577
643,0.0034023508696286457,256.4133949060029
644,0.0033739695883417244,143.73115973044503
645,0.0039252713854537056,22.72418743652238
646,0.003516482655154291,105.32287833491698
647,0.0032890445521151774,195.23205468931232
648,0.003367986241387002,66.39504145732006
649,0.00328878525289556,181.6327765966962
650,0.0027156902316762856,247.23230921087597
651,0.004832880995999058,31.647736168961092
652,0.0034851490525019376,121.25633056465894
653,0.003300638932476062,240.16945146095327
654,0.004281944798724278,85.81830402268324
655,0.004638816061788791,56.09881109934474
656,0.003230788664522526,247.91541461025994
657,0.002816237581270289,49.4139768654541
658,0.0034986281903705454,139.55539532518105
659,0.003655680429679498,122.53383480139576
660,0.0027837388515507253,193.48042964642403
661,0.005342780327323867,44.264276688302324
662,0.00413204236114821,36.737292256238426
663,0.004705858897068538,45.411585157409895
664,0.004389698730615931,45.11651451013444
665,0.004222859490480389,143.03013541173524
666,0.00489599728991214,42.8567986721337
667,0.0049226777145000575,138.5609081059369
668,0.004981030159510341,112.0827995096022
669,0.005431443006241822,28.652087459659196
670,0.0042063587320690585,206.16403981095087
671,0.0035921082339513844,68.92710073598968
672,0.004465018076738741,237.6067937108189
673,0.0035948806122764196,106.27232940366011
674,0.004002727334657472,41.79360585402896
675,0.002982168697949069,82.0223109754091
676,0.0031801271681492294,43.50609142050181
677,0.002945949270714941,239.22285505988185
678,0.002752634242474764,87.86558129913095
679,0.0037293536061534308,55.06049427591618
680,0.003648674059088886,115.58028052571008
681,0.0033901438319180917,59.359434994733796
682,0.003675093964926085,182.88940028961485
683,0.002990704869412889,251.5434925615454
684,0.004177743672846338,60.45853870639719
685,0.003497325465758249,186.5413948172334
686,0.003381954462233854,138.17100941677322
687,0.0028778903625524517,39.647203214681134
688,0.004221840828195435,48.41261249005653
689,0.004244559378342025,43.92185396355919
690,0.004798614003991987,136.87689888078307
691,0.0034688555668068704,58.17633661676352
692,0.003663361077966421,53.500173041586116
693,0.004625600438554433,43.93232153385232
694,0.004920138232694992,148.50312151900303
695,0.006728103941317055,43.12070820998926
696,0.004193125514855358,98.58324005895895
697,0.0047693416025062505,246.77133639009924
698,0.0045902554450506635,113.22427682134193
699,0.004244372855704494,140.75683978707445
700,0.004834301245864481,24.24278133984212
701,0.00568507268247698,64.58169806354151
702,0.003943645205464026,81.47712069235823
703,0.0041110291255720835,87.28199990523349
704,0.0031584472694546626,28.349732228551083
705,0.00431361109666476,58.02508878657956
706,0.003746024107134997,24.245757952076918
707,0.0038261908540495344,251.20003255559502
708,0.0036729192065264463,51.68629080709669
709,0.004043962883549063,56.757205040461486
710,0.0037615889564550182,141.00868660213348
711,0.0048412471250986085,48.31684872867614
712,0.0037401168261119912,253.91613117506762
713,0.0042986616118958825,78.98906105369473
714,0.003902976950297502,141.55641973888592
715,0.0049439072026871145,31.13332940421715
716,0.004676564407911767,54.143778453961104
717,0.003249841671184463,49.07645300572768
718,0.0032350474111424287,191.10233911150982
719,0.0024623751920318745,26.74147184101121
720,0.003264743003055011,45.79426118512058
721,0.002992738686523146,40.07427319512666
722,0.00321789072201019,46.64261923809789
723,0.003470972601621959,155.29245972548873
724,0.0036811433190170927,80.86580204105115
725,0.004654669752529695,37.90612498714746
726,0.003474729709152188,208.43259692372308
727,0.0028465437289461556,49.205440844304626
728,0.00404459243170628,25.139867691578143
729,0.004127727594633642,199.84462885570727
730,0.004394983832655172,65.51491046714536
731,0.003541481105598841,198.78423019424622
732,0.0033373487989285396,188.53108607008173
733,0.0029515027545386776,198.46970284416167
734,0.0031545436522719683,80.55221688872317
735,0.002728749753060355,245.11605944281987
736,0.0026097327546184797,41.917526680111074
737,0.003148440085441479,135.91668696073225
738,0.0033328571698608444,242.31370133077587
739,0.0051876846044533395,205.21426468364467
740,0.0034772663527395165,144.4202621249935
741,0.004580115115202826,119.30095423398663
742,0.003387781469923952,41.467648882140665
743,0.0029974402859807014,45.146781352449786
744,0.003632490049102881,87.02386190839397
745,0.00501330622513305,54.427208051917816
746,0.005041530437844979,187.50619834688425
747,0.004481642371526529,68.04552922445096
748,0.005368781021763762,148.07516350756163
749,0.00613230298943657,28.01544919004377
750,0.004416432111047178,251.565112575322
751,0.003405004614950695,79.24733502234099
752,0.004342203340316119,153.7614970291663
753,0.003938988335711413,176.00824468328878
754,0.005496319080301528,28.486042200723034
755,0.0041826995662425535,137.6509354317401
756,0.002744155328695637,65.99925006971161
757,0.004362778947159479,43.80158528739862
758,0.003063535913420541,55.35727072357569
759,0.0052237080388884945,69.2411629193354
760,0.003532463736407413,259.73487240417415
761,0.004164805639117152,43.872106123916545
762,0.004532884685501743,87.11804315792591
763,0.003391377987896966,139.77039524493028
764,0.0038321988293168988,143.79153287743156
765,0.004868360179402357,36.56520591658812
766,0.004312436886470853,113.08906942664318
767,0.0042620405134621495,109.10375326858018
768,0.004814273294015816,153.57757953956397
769,0.003953085245508863,256.73306604354235
770,0.004938642134033048,137.2867432124467
771,0.0034664561911807233,30.782883725214784
772,0.003984260884702534,245.14542866289082
773,0.0035589249801100077,115.37762710020012
774,0.0039108604442762126,40.93460858074707
775,0.004506892098461167,57.63416549349593
776,0.0037972641844503784,63.565394844895756
777,0.00581111678995792,94.93730376225174
778,0.004640384258084214,232.4552177749893
779,0.0041409337120697,64.63980326457998
780,0.0035068270745014928,197.28440196854322
781,0.0029640401822129767,92.54209529117868
782,0.004844197374965869,52.73732865611258
783,0.005622790808235456,25.48312684447269
784,0.004255912340763451,196.6932229339519
785,0.003961037204213027,242.8606632571996
786,0.004897500796852189,108.9565161530785
787,0.004201501179843138,203.33561159741163
788,0.004860521176757677,29.36352759977992
789,0.00411132307650855,143.08533898528978
790,0.0035996384405715264,261.5729561418241
791,0.004518590373034106,81.98788500138453
792,0.003449814955851073,192.95405456640688
793,0.004748913570603525,47.21024641989846
794,0.004047802076512976,141.76222441645962
795,0.003970106734957825,147.04661192128933
796,0.004057909376570024,24.692758718452424
797,0.00468149108435343,47.72447497714749
798,0.0037327974336521853,130.86499094028204
799,0.00387485240620712,67.5918775786173
800,0.003806029914057482,47.61138560095988
801,0.004644503597178143,29.257669829833766
802,0.0033621864689079633,114.20966777846643
803,0.004168162880054975,46.17290575541152
804,0.003447797125333856,27.804044085666686
805,0.0035940242633915732,72.2751165847159
806,0.004317638522179644,130.09214706285982
807,0.004820379061460368,43.9476562784928
808,0.005394336909474176,61.14128356853553
809,0.006546756224282544,48.51772928435806
810,0.004889026720775291,42.083900395811355
811,0.005846349806895226,43.64603015746187
812,0.004411759755836687,119.9328655970674
813,0.004708866029777083,29.26985543710964
814,0.004333059229469716,47.597153239053966
815,0.003678643321240388,145.8366991199642
816,0.003941044106294792,263.1992101441937
817,0.004538229241438399,53.65780802314664
818,0.003889417014630103,252.10392061511502
819,0.00375763977963534,68.4082869358256
820,0.00331193765816499,70.27380713688689
821,0.00405801172548143,40.28231844064854
822,0.004793292981418544,51.58834580515914
823,0.003202133207854911,33.50303438805415
824,0.002965118940759065,26.724134084557807
825,0.006083552974501047,25.28074328068106
826,0.005234823622212736,145.32459445870788
827,0.0037737606846707755,192.47712990235078
828,0.003493146903659265,152.79417740086905
829,0.005128976601885039,42.24525347777869
830,0.005359375930724623,46.71478317823429
831,0.00503267710371654,67.83461840879826
832,0.004689277713903441,88.41769479209975
833,0.003876754605604721,23.96753609120902
834,0.00451752814604753,88.7295316192885
835,0.005979500298492675,27.720044835290494
836,0.004302022718363142,255.6825521361932
837,0.003547240600958255,36.86815053988385
838,0.003466109535193854,37.98363380319063
839,0.003923106934249967,146.08548207363663
840,0.003946078325915968,63.85920639148919
841,0.004451784782341329,66.1282687420842
842,0.004252345641017766,59.68068591229003
843,0.004010280365367758,36.55106165342788
844,0.005076624420953208,28.722807812340456
845,0.004481490631997992,115.42087360057894
846,0.004395287593264496,241.154336945898
847,0.0037282186067140836,69.16497041111963
848,0.003809639735688531,64.44925988216137
849,0.004441839273644752,186.9264080020867
850,0.004409912121818157,116.97063751585713
851,0.004415847375137924,26.751503754234008
852,0.00477548235553863,77.43714948001816
853,0.003182595066556876,40.714576314777155
854,0.004267384763923785,244.93677892518159
855,0.003376496858081891,50.73716939747607
856,0.003328605102521255,120.79650531405541
857,0.005195580648629599,59.34144717077403
858,0.002978926167245312,25.65365438963254
859,0.004141237415566693,50.080674201770336
860,0.004719806004273282,43.09702419089597
861,0.003477383259590939,84.17228553276567
862,0.004475050354403079,201.01546049596692
863,0.004022287964328146,199.52084489926193
864,0.004089553199783468,126.54885893214666
865,0.003128653969514954,89.59968458214772
866,0.0036949287368770456,80.90073875815997
867,0.003550858503716635,60.42256103781845
868,0.004535026352961133,71.17056296446478
869,0.0033992901193152045,137.58285997618472
870,0.0032298714440015907,191.88401676740648
871,0.00342132903665973,126.25883066183104
872,0.0030923967062483062,64.8805560822499
873,0.005374668091958897,39.51816878559841
874,0.004570849798471762,55.79804344904137
875,0.004426369460072072,41.415507958440756
876,0.004483984842059167,89.58510986520217
877,0.004154449034103891,85.88315769683139
878,0.003973638176732394,59.256206354355555
879,0.004725730406509963,84.37798895844124
880,0.0030527713996972043,37.99317249854195
881,0.0046045782961750634,153.80675396915902
882,0.004783870525193699,200.20035453900158
883,0.0035681215584850027,114.90428237952005
884,0.003399310493312607,40.77333258705309
885,0.0034509585494872483,121.82726901570518
886,0.003944054728680595,82.29963856388639
887,0.0036938675273292683,48.06677431902277
888,0.005095996666403318,38.575575548760504
889,0.004588990600715424,24.66016776079355
890,0.0038831700390752253,65.38711123805396
891,0.004604838204448408,46.64534898115353
892,0.005778167513985741,60.62813884974932
893,0.008533814064917508,27.105430656093272
894,0.006569514484626466,27.826602287405002
895,0.004957643667846956,124.2001231129723
896,0.004526090000141975,120.86539114462146
897,0.004749656758858035,142.51048545938855
898,0.0033830185214594197,246.83772159204094
899,0.003756679186223594,92.7620147012713
900,0.00377566820026328,59.14539958534978
901,0.0037413423395608676,66.47640458601849
902,0.0037138822505258465,58.12812271905898
903,0.0034306334243826885,58.53800255331669
904,0.0050649286590319555,89.67955710897829
905,0.004878787677798017,62.58321212056132
906,0.003767104507300921,147.87616684585885
907,0.003318595901593933,92.76381262490752
908,0.0031753600490718754,147.40053282681455
909,0.0042717563941354255,68.98276739234969
910,0.004250637362843954,121.4808391427769
911,0.004271451387345016,115.24501767879985
912,0.003404015358055717,24.4460546490709
913,0.004460177489487582,36.00378353093159
914,0.003832454126617468,147.91686295879538
915,0.005487774575032808,26.392256657583463
916,0.0030287198073032464,66.86292896628716
917,0.0037382727863535968,190.40432554067598
918,0.003479081808449638,256.70685665497973
919,0.0030627911939621003,181.03833324769857
920,0.004004009261798658,198.1061879101781
921,0.0033187047505401383,244.4638427721208
922,0.003578688264402946,28.62188197771399
923,0.0031592007825443926,136.56116824355377
924,0.003984585949340193,28.160088812616024
925,0.003296546990565151,42.22484734107284
926,0.004290798512379633,122.70352216125833
927,0.005591337797955635,68.48435025958194
928,0.004269302836127092,118.93827710379897
929,0.004744685119266461,93.23207424525584
930,0.003749162470809936,88.36114240946243
931,0.004020481513155549,61.42138254880791
932,0.0037050376127798976,251.26591415639317
933,0.003744247216819598,112.59262536399352
934,0.0034623283690262516,90.54410795023183
935,0.004580799147963542,78.66761693785126
936,0.0053331707555473035,151.42028588463802
937,0.004006301183835603,149.249764476975
938,0.002942102127786378,203.45543364341162
939,0.003313820878500405,262.1559311175854
940,0.003056171183884216,139.62598923493414
941,0.002539812196659654,73.1417581230872
942,0.0041116087442738996,115.93010252831155
943,0.004087207141580891,69.73585518802825
944,0.003332954180631712,257.3435590910407
945,0.0030961470091334866,86.91169408362856
946,0.0031147804340772504,147.41513707583186
947,0.0031721710612804726,27.63893047134382
948,0.0029850664896702464,83.40874474170893
949,0.0038821861982859416,28.33168949893732
950,0.0046706009642908585,118.2358745922189
951,0.004698173672130162,41.630731919746445
952,0.0038036068027894813,198.24746052302697
953,0.003222086219621927,240.2342377325737
954,0.0027531539668556293,83.89462628810888
955,0.0031678197613182794,148.27882334011338
956,0.0025006816461521746,26.90915511796481
957,0.0034775826733722476,236.19905257146834
958,0.0037177063420350694,28.736541023382344
959,0.0032321078473284037,43.383129293108105
960,0.005327005418847259,109.57595736621252
961,0.003906707704658023,262.70773576326104
962,0.0028427796316044317,91.20224434796356
963,0.0036148738161920426,86.61025382456953
964,0.0031308273279467935,35.611463003741086
965,0.0042265125863392514,63.523099487799236
966,0.0029035767031411917,58.06907416478451
967,0.0037299760069616837,110.04405341465741
968,0.0031085520950627737,24.527701652841657
969,0.003073915321252083,137.90536046645045
970,0.0036810900283187386,269.3978056604981
971,0.002690709211084799,26.94919441279768
972,0.004468125552099584,29.540612221604725
973,0.004550916325523897,51.76116526663896
974,0.00450566689946523,54.5266345660182
975,0.0035713923282176914,196.03923419672935
976,0.004539496403874812,82.21176626171516
977,0.004601026145709594,38.87849145157769
978,0.00497493524744641,82.3681454863624
979,0.003407460269818573,244.41588960437076
980,0.0031923524216541112,62.892009661902826
981,0.0034091743198752574,239.9660693300926
982,0.0039020264081376477,44.97401316360035
983,0.0033191709284593456,256.93788188480335
984,0.0036602312698173715,67.08300431212811
985,0.003685242009603164,42.12745106580063
986,0.0033980619513979404,257.0430099444749
987,0.004038331019802246,59.42353662527516
988,0.003786185973424565,68.91674924156149
989,0.002703797465575666,28.884264813898564
990,0.005622487231197864,29.302197747794168
991,0.003613410711631448,126.47986896552035
992,0.004033681939080662,83.91462044335252
993,0.0038174817501302723,39.52386279265316
994,0.0033026558026344553,87.18227696303317
995,0.003241665804208341,40.09488037373236
996,0.005227584081719239,61.24127519896779
997,0.005967849841469835,26.181919381084594
998,0.004000615678189599,65.22184442064872
999,0.006129534014878024,27.97966132401389
1000,0.0041083696596240435,141.67281152691052
1001,0.004609725905294871,144.63252507910047
1002,0.0031043274297238945,73.04177206226295
1003,0.003737922433264058,196.89926590978604
1004,0.003288968827544841,148.28742059115777
1005,0.003477771299322299,148.6623864022444
1006,0.002860624366035227,249.813300910111
1007,0.0023669972228752057,201.75658452284225
1008,0.002255487088630091,151.34240319209536
1009,0.003070008657625688,71.75597346126123
1010,0.0025938651780167458,205.26975606627195
1011,0.002317458874710031,41.55092535699847
1012,0.0024791235425825216,54.69749206518826
1013,0.0030669047501107063,200.120189661031
1014,0.002805000205344842,147.84475004809556
1015,0.0027083303358823047,124.71213592340486
1016,0.002223205137476004,24.740768519996493
1017,0.0035805099787418406,241.24315199618889
1018,0.0026766604363204186,126.08615990359787
1019,0.002663432064886083,236.65833260707709
1020,0.003259035790788716,26.22133936233354
1021,0.0038999786820696357,192.5306326125871
1022,0.004708978450523589,71.43121979114916
1023,0.0034535861782858082,29.07622342277756
1024,0.004277159328433379,99.26476365902691
1025,0.0033213567717532088,198.14059081198272
1026,0.0034437074189491825,27.40470510497246
1027,0.004009412047218155,83.34269450214825
1028,0.003584142554884877,61.99638231304684
1029,0.004226582473288667,69.01422590788128
1030,0.004964455703786272,56.52235439678341
1031,0.003694570721310743,258.0803401883931
1032,0.0034335937534612556,150.3686470953862
1033,0.0036104485623434665,61.90388434050251
1034,0.003281107789776216,149.37778491452795
1035,0.003486909939343157,243.52040771103017
1036,0.0035099279269231306,87.3215747525018
1037,0.0026005427308688415,48.64547876664075
1038,0.0033874629278153436,27.391009764023426
1039,0.0035196085286066004,207.42752007940334
1040,0.003991275913303055,56.50487021261725
1041,0.0034491541944309855,80.84752022029275
1042,0.003191056396747992,136.9299450235249
1043,0.0028265443929583476,29.955814416329762
1044,0.003870008077555267,122.43577884903623
1045,0.0037550955021288246,94.37764482889624
1046,0.003508183571063234,68.91373690010676
1047,0.003999828749259065,97.76946389174822
1048,0.0035693358435319802,243.00404860742188
1049,0.0034812078362871967,60.50483613730981
1050,0.003637859365975099,29.451988623613666
1051,0.0034551259022384114,249.929625681797
1052,0.002883244567627914,245.28805987681594
1053,0.0037461135225291316,139.07748430236555
1054,0.0041690133477490145,56.791142829030576
1055,0.003636385794626391,45.48041172234413
1056,0.003833417923070138,68.20661810433292
1057,0.004411731915063904,71.66591271440019
1058,0.003794510112298273,153.16947092385834
1059,0.004002739771730723,152.20757823213407
1060,0.0041341592631993235,28.677562917838305
1061,0.0036267266982844483,261.60648517920254
1062,0.0033892695808810038,94.74089812892225
1063,0.003187377478077662,145.18944461906986
1064,0.0038923576959515797,65.88412161384215
1065,0.0029399892726022577,145.10695369245562
1066,0.002862474500200823,197.80690850820676
1067,0.0029466329119948323,148.70862861098948
1068,0.0032445432397735386,124.1203108868135
1069,0.003959830067570096,29.1465483165967
1070,0.0035720712017232124,79.87807657760513
1071,0.0023943691440167485,25.32941760977378
1072,0.005160385978259993,42.87680907388935
1073,0.003067182836844648,252.55537910209307
1074,0.0031566312833636347,145.21692637082413
1075,0.002841235469849374,125.46211885012417
1076,0.0035997418242252684,44.57783635566324
1077,0.0032699249363881914,70.2781641973774
1078,0.003761772209317486,56.61991221566031
1079,0.003742951425291975,142.87277130275493
1080,0.003757584516139244,77.56035570182607
1081,0.002905973771395995,211.70351790317793
1082,0.0028973664658543704,73.0437785248686
1083,0.0030119528056620137,24.70806163380152
1084,0.0029855245382940346,63.84961625536755
1085,0.0034449886270461216,114.67455677081786
1086,0.0037958396463403225,67.64019419756775
1087,0.00412997229755028,196.45466846590924
1088,0.0032987049298113355,204.94455909713392
1089,0.0030085114781606636,193.6005262055655
1090,0.00334010297413797,53.94861441962428
1091,0.0033259737685193145,146.8218436305743
1092,0.00329634853349071,263.55376786904986
1093,0.0028390022654725647,55.247189455108256
1094,0.0025149234266828233,114.79902225852113
1095,0.00288697663199855,42.862532249843156
1096,0.0038267031034322557,71.92834589714926
1097,0.002686070119721237,26.970505400593552
1098,0.003567524317215923,54.28274578077558
1099,0.004729627027420345,88.80645327675948
1100,0.005050632436243838,43.01432077575372
1101,0.004292431687028542,51.413748358104314
1102,0.006094527650434015,44.388766402496465
1103,0.005378509634884738,59.33909856329183
1104,0.004120171247572235,143.76488213455212
1105,0.004216099897771336,199.72885300267956
1106,0.005074877063424747,87.72264154175762
1107,0.004925233212300545,147.53925852402972
1108,0.0038332874235512816,259.6606206311035
1109,0.0026562277462443937,56.4165687393637
1110,0.004903848556171975,44.98632290680204
1111,0.0031538123206115145,115.33033046501477
1112,0.002410453701199451,267.32794674338606
1113,0.002244073425782307,87.13781130758407
1114,0.002346855783528283,67.85639879069831
1115,0.003051711845976322,37.50611152013457
1116,0.003444561862455554,45.54522097133368
1117,0.0024568752331277136,116.96345945243989
1118,0.002504922495345326,195.72414300031272
1119,0.0030919465169173058,112.19004504988574
1120,0.004097034876890989,41.310625351419525
1121,0.00407745548915214,139.86414505936312
1122,0.0032156816131048115,260.02014886170787
1123,0.003953552005651335,81.29664445611729
1124,0.0035197289367386096,116.64559750979406
1125,0.003967515773029398,58.712696200559876
1126,0.004523057497532467,39.89999071659882
1127,0.00513736897600736,208.3152319455868
1128,0.005234761033126892,25.24758376315251
1129,0.00384024984439378,263.37603658057185
1130,0.004286412087358197,119.0245279843329
1131,0.004651334990107976,51.487632795688455
1132,0.0040647394733656595,122.31415610109269
1133,0.005123714309173904,53.94567344091978
1134,0.0034254960001221506,30.928016314643923
1135,0.004607269157449165,38.74373273503397
1136,0.004073145644237946,196.76095320371806
1137,0.00408164316865044,38.77363477037512
1138,0.0034544203671955497,203.27611361813862
1139,0.0036458122102514196,205.15244074689596
1140,0.0027817208018362733,150.67921621974804
1141,0.003558279170762726,197.11217158591145
1142,0.0025224312647134702,35.79757329388764
1143,0.0036241398192942142,54.9443633918611
1144,0.00340431242127547,205.061288775826
1145,0.004282005766491728,85.6856229069711
1146,0.0035631477395117353,86.89208353720275
1147,0.0036674613166377238,148.2086583079183
1148,0.003707714908128857,54.5789704020414
1149,0.004149187031765217,65.55933372310372
1150,0.0052153864899782305,83.01086378306807
1151,0.0032042241681543584,145.52061633966824
1152,0.002786918266373015,93.14314136601047
1153,0.002468809538625245,24.658911841801725
1154,0.0036007830397509796,252.8201227601645
1155,0.0030357293335014374,23.101687428788228
1156,0.004887828691537904,92.13462624066126
1157,0.004639680921862801,29.98310647106097
1158,0.004207533035604134,259.2279047544492
1159,0.003850223232614647,24.972087510154296
1160,0.0031142212066728367,52.24031729663239
1161,0.003678169667881985,95.22530892167664
1162,0.0036751768735624724,89.55125625062777
1163,0.003378487870820554,252.9644088633329
1164,0.003239289670972605,143.42649092065466
1165,0.003317187258633911,68.85134502681065
1166,0.003184029915591672,273.3097970641252
1167,0.002682190428287941,113.68630909411324
1168,0.00237473635131429,29.775142502524286
1169,0.0029121262072219476,143.24730397509754
1170,0.0026708568048920355,25.33095041516606
1171,0.0026850711326858933,150.7259968121408
1172,0.0031957614943306767,84.91051824829009
1173,0.0027380328614821634,57.329376811838166
1174,0.0036725706347799413,90.90271734367415
1175,0.0031529087187860765,58.40532613669123
1176,0.0034410372290821357,200.45300522570983
1177,0.0038749241754815625,87.4446174718366
1178,0.003879934723698452,209.6514394039153
1179,0.0035334996197993037,119.06863242178285
1180,0.004407142247972925,41.4377288381901
1181,0.0048914588243440865,80.16669597437723
1182,0.00404639121132509,120.83460034985181
1183,0.006044330699345714,58.761165543971074
1184,0.004115297421082949,51.767554770682224
1185,0.004017390447162899,192.91882711744955
1186,0.00341385353303721,214.19570279257246
1187,0.003242484269213815,46.53359182545118
1188,0.004182956485005858,112.92838583295277
1189,0.004057599204735687,84.01256498946266
1190,0.004156263984349907,113.42219919683092
1191,0.0052065690939218316,24.55558677333392
1192,0.003448510035554677,69.4117928868
1193,0.003730322894869497,152.99473397617027
1194,0.0028981145702013057,199.99281375377097
1195,0.0023717268734085124,121.56253459756708
1196,0.0026229803982927035,59.94626408613991
1197,0.0027451532017809,90.98500441234147
1198,0.002830192139795558,39.03354108131966
1199,0.004067710008464267,39.67210979663469
1200,0.003954380775169757,119.20867571719404
1201,0.005773982123374914,109.60127289096351
1202,0.0038560980948122133,44.44345569210067
1203,0.003513731685576632,257.23465326189876
1204,0.004447001754670055,83.10408269058237
1205,0.003512458440191424,208.61836838454607
1206,0.0034541598390355785,141.5194759792098
1207,0.0032651538707087037,48.384917368139924
1208,0.00271150407712548,275.96526078981
1209,0.0033537178923407655,45.79260275691965
1210,0.004007286288863716,136.71268685883612
1211,0.0034459303318395873,40.57358641733194
1212,0.00411342185563282,62.514469464646886
1213,0.0029627385635555177,28.897183448164846
1214,0.006871996602497128,27.974080722034692
1215,0.0038642116043877354,208.99266045371445
1216,0.0034535824302378494,265.271384230915
1217,0.0025583171659939543,201.55115565752516
1218,0.0025546712284967776,251.1813907826674
1219,0.0029744467706066266,27.467821135397934
1220,0.003119114793859095,64.55211011319437
1221,0.003801150662981859,253.10280876303892
1222,0.0032288035132697294,50.96457746309639
1223,0.0037039473697507035,256.96110739086066
1224,0.0031850038393085797,200.85669341511843
1225,0.002795716628305611,198.40052293224923
1226,0.003243335055666533,204.4717645829716
1227,0.0032684414292218464,119.15404195233225
1228,0.0028368189488303217,107.77133738206426
1229,0.0030866342079286595,123.04523930406332
1230,0.0032890564282504124,42.17994819297423
1231,0.0028439470019153445,97.3427272561631
1232,0.0038230322055731727,50.655181153007135
1233,0.0031985754956787623,40.668118724862836
1234,0.003572520657168777,66.36227437904834
1235,0.003884263083275129,143.02511409875936
1236,0.002806044210676471,85.29762103623312
1237,0.005077818351062227,41.2332313996731
1238,0.0029894809651179115,68.09733595948076
1239,0.003563306035931406,218.46254068308264
1240,0.0032616372726111233,256.4486871081452
1241,0.0044923933415577325,26.021810732205594
1242,0.005218643819423929,56.65973154033458
1243,0.0038521613545545387,154.75749235247017
1244,0.003818362310747774,54.70604570544545
1245,0.0035104522870493715,42.295339086469525
1246,0.003119948254607152,152.66942256631177
1247,0.003488566571894776,30.55556683259238
1248,0.003029692692097611,197.81723566327227
1249,0.0035754415242915936,141.8471065603844
1250,0.0036092154237289484,90.22090189315115
1251,0.0035363032820404858,68.9420535697605
1252,0.003482826876940883,37.38849136825487
1253,0.004816017459861228,26.651939051250928
1254,0.004146937100044524,152.40444400371103
1255,0.004076009136704009,41.64557003278065
1256,0.0036989552503713793,264.60906052874617
1257,0.0028325111188046152,259.3768533135857
1258,0.0035885270187857856,253.72219006848195
1259,0.0036397586237189197,97.77114593142576
1260,0.0038132737312038,66.31328357094053
1261,0.003321816393508925,96.74141218484183
1262,0.0031557266426986913,65.48261848039132
1263,0.003773901935206735,87.41536188003539
1264,0.003128308417497185,83.6449313147689
1265,0.004269187938586005,45.875368438581546
1266,0.0038368088371007122,64.93749315633873
1267,0.002981683472171426,54.409301369808716
1268,0.004540453885456989,57.05737385242617
1269,0.004735804786142926,26.52832464913998
1270,0.005894705748757518,86.391086177807
1271,0.006254111087123342,53.59951537645298
1272,0.00635544340052134,38.53993280173117
1273,0.005210090064299609,48.14301513653004
1274,0.006356179240649029,56.7032396070659
1275,0.004789905603533482,28.780022570679957
1276,0.005197510019240857,125.90751413425122
1277,0.004220306553432306,272.4560163599364
1278,0.004254648912545486,28.81274894395442
1279,0.004351916477537235,68.6831927507779
1280,0.004666201261379256,112.50435645862244
1281,0.004211935542536174,100.89089326642323
1282,0.006384278260206024,70.88785509085767
1283,0.0036577990598899417,270.57457308297813
1284,0.003597759070264426,93.28814440532157
1285,0.00383118257937335,92.66996458761325
1286,0.004313678133411933,55.27026174326793
1287,0.0038114714288157475,66.85758649728565
1288,0.0034300928913785678,209.57911724966317
1289,0.003482422199550246,94.14429642305893
1290,0.0035524875253871028,90.65149074573189
1291,0.0032748609163703764,270.60841844804645
1292,0.003684195378809818,85.18044660119507
1293,0.0030266835984576507,152.15115150874124
1294,0.0036463677175701237,86.8421835959191
1295,0.003618372062870333,51.662307112731526
1296,0.0030513062796221815,153.2997625640057
1297,0.003167263776293149,137.59326772152616
1298,0.0031234786759435744,30.129877548519246
1299,0.0031163076987345325,62.64037919985532
1300,0.0030530475400546066,121.77448167488996
1301,0.002869959072824786,112.27749047994486
1302,0.003283537906430535,45.375887824402476
1303,0.004102620221847492,61.487211364820254
1304,0.004649453034961203,122.07150869170616
1305,0.0023230579987786517,26.753174302652116
1306,0.004804458381840959,27.443116717756787
1307,0.004951029385412448,158.15212089143796
1308,0.004355505065457412,92.24605092050004
1309,0.004448536093880482,202.96474366076487
1310,0.003498847659572895,26.625190696456258
1311,0.00342422182137821,25.8020003604913
1312,0.0038626695785677766,61.61627672391828
1313,0.003290173979952339,42.07674673186218
1314,0.006915327974450614,28.67329085050785
1315,0.0036981372737697,74.27213184547168
1316,0.004028197883307389,262.3520479205615
1317,0.004866886849444107,54.82430050517005
1318,0.004155700008079686,58.847188528709744
1319,0.003636298204864815,219.26126065628443
1320,0.003339162296732556,148.2194355042202
1321,0.0025262312706688353,26.865798458669794
1322,0.0029542446306506345,258.13790048237655
1323,0.003375630087556586,57.12099638592608
1324,0.003233581074007987,112.95642132861381
1325,0.0030609347538872607,55.464166199334116
1326,0.0032987962358520698,54.99763317110973
1327,0.004338175163763776,210.4644555016743
1328,0.006014582544468857,29.10692020213019
1329,0.0046255444595473035,116.99288342020124
1330,0.004534902820689074,42.94582172851041
1331,0.003457299655411576,200.05959713779072
1332,0.004332110060643773,120.89312280269078
1333,0.0028471682522587982,55.82883683165217
1334,0.004623875287506962,93.58886138924845
1335,0.004034823050153111,206.96759992425967
1336,0.002571649178019564,29.45119149399571
1337,0.003556025176756952,46.59462733154431
1338,0.0024508317239286207,45.03351751791434
1339,0.005164815216796176,37.08184262787355
1340,0.0038527047449447723,40.044286063945066
1341,0.005152321581420947,54.15599719392153
1342,0.0034352991044244922,260.7381892296948
1343,0.003532519032741153,124.12043112468241
1344,0.004342558850358064,66.9369692745854
1345,0.0035042524749852337,43.20918447041433
1346,0.004069783135641909,151.38921687605668
1347,0.004044445670589675,156.28330712717786
1348,0.004613988692089434,26.40146260585999
1349,0.004223178431195926,43.172620905204184
1350,0.0039125304266800975,64.88953525306253
1351,0.0038658319118093057,158.36105512916802
1352,0.003506530151945542,199.459887724283
1353,0.003756292313482845,84.2143265651924
1354,0.003646758599277123,124.08200024045858
1355,0.003529652810639477,25.53203225678466
1356,0.0033885916023210323,148.6881744840186
1357,0.004668734716873032,54.23958097131197
1358,0.005300732140033058,100.38185640830602
1359,0.007115370509162513,27.02310355859025
1360,0.004977672529159613,151.88281821874668
1361,0.004887068717515511,70.7839301223668
1362,0.003970291766480924,39.406915511211295
1363,0.0036598387411852945,211.71997593915293
1364,0.0034622166184073485,40.12468993798101
1365,0.003728481336880717,81.85498055041215
1366,0.003788454911446641,57.51971861610826
1367,0.0037024776469592063,154.8519603933218
1368,0.004765755360445788,58.879190832332036
1369,0.004453820107081255,125.35373918672414
1370,0.003689186523843091,201.88136917741204
1371,0.0043279724972804115,44.85391774835686
1372,0.003303093084937667,143.09349618148056
1373,0.0033921679793830033,144.75952149383747
1374,0.003715859097113578,150.48411821931415
1375,0.0038763034747468987,35.6459889712775
1376,0.0042597797323282605,67.44037507613535
1377,0.0038607215275065676,207.3705227594734
1378,0.0035507514733477906,154.53949242708939
1379,0.0027847302763686897,120.8884582844945
1380,0.004119609097211525,28.68600543220328
1381,0.003254680145481551,59.129204499989875
1382,0.003580701168149818,189.03717031095508
1383,0.0029626701864940586,263.44395124547236
1384,0.0027781387696701005,26.864602077649128
1385,0.002853681510784484,84.23752966574497
1386,0.0031188512892156646,274.1257784459349
1387,0.003166802131153386,24.934136040997828
1388,0.003094121630891931,66.06423619100808
1389,0.0025506433714703046,32.238548000723895
1390,0.004212831037624836,28.858547073505328
1391,0.005005814174010821,67.88323039813953
1392,0.005468221323999106,148.51911945890086
1393,0.00342151179484673,117.22172527130017
1394,0.003980306935618963,59.01159780368003
1395,0.003887778801016015,157.96545589577372
1396,0.004998891771598191,156.3051012190879
1397,0.004402033636401707,50.23710738070306
1398,0.004246226932025952,149.76164046115485
1399,0.003990602318303103,155.94256369903565
1400,0.0030048584382959894,270.80540924428163
1401,0.003218163865129698,123.9892453600715
1402,0.002882571055324969,56.88273203341079
1403,0.0030528394934048212,207.6251772999944
1404,0.0029129089337154505,39.107095735772745
1405,0.004249753754642182,27.369859512291907
1406,0.00430217704243577,38.95635725849098
1407,0.0032458026745349772,259.4065701242908
1408,0.002736354012921692,70.03531305306235
1409,0.002971400626517028,39.55199395983407
1410,0.003432532635613338,196.63401906708995
1411,0.0056575177225348505,24.20245642525728
1412,0.0050599118837181805,143.88611806891222
1413,0.004635416084683725,25.420307568737687
1414,0.004320874591278632,43.3046214647007
1415,0.0037700313296810885,271.1483048644449
1416,0.0032133698580858842,27.720492419651706
1417,0.0025846259236929872,26.310534270437476
1418,0.0037803812220009083,269.61181781750633
1419,0.003914724226398483,79.32696365212635
1420,0.0038988277463562855,152.52863014484535
1421,0.0034194561735650083,152.10480017055434
1422,0.003058511926119439,267.08683631262664
1423,0.0034643206143237905,26.44506050170589
1424,0.004007259868628283,88.89546666868837
1425,0.003506696014263635,28.15303054947244
1426,0.004666920515564226,93.06918751016585
1427,0.003840329367399996,66.20519391322361
1428,0.002665968465422377,266.4912468298105
1429,0.0029024157158236627,121.82124121049002
1430,0.00396767992148529,114.22831449080556
1431,0.0035313567757346053,58.05447934540855
1432,0.0036973435420167306,157.98209187741816
1433,0.0023672937581117417,68.37233172967777
1434,0.002833356722388765,282.78562811073624
1435,0.0029554104269092145,147.29342814953995
1436,0.0036085001588966967,97.02644725213162
1437,0.0025720463058076285,29.445359363987745
1438,0.0030560265296374766,273.23380480675337
1439,0.0026994043043151593,267.23178761306355
1440,0.0032832995774935395,115.05526115170098
1441,0.00472409567085159,26.449852420615507
1442,0.0027855090166528916,51.787592810424165
1443,0.003084692534144238,69.09683102785765
1444,0.0037865844103189654,141.4140583239623
1445,0.00458017514666636,151.02996373833668
1446,0.0035477261259783083,115.98643965656343
1447,0.005023614149179374,31.645091307250077
1448,0.005074546646310723,26.177543153623375
1449,0.0034803228333456465,111.43396809803195
1450,0.003877397666936024,93.09895186054753
1451,0.004620851954283445,55.09628036418727
1452,0.004239261248219296,123.41590298099415
1453,0.004588921419805816,123.86783322955627
1454,0.0046516719883153,149.49411996875406
1455,0.004163792991566146,121.11638125279501
1456,0.0036714073371488906,259.9028770936025
1457,0.0028239702256029195,123.26837322460374
1458,0.0030491482750883074,36.65140996823378
1459,0.0035574729870957627,62.99191811661886
1460,0.0031255585021095944,39.2006032019068
1461,0.0048275850981903765,87.79395098882996
1462,0.006245883001776581,40.19540421008727
1463,0.0039051704476413453,163.439833524496
1464,0.0028852075228099137,157.22092216552585
1465,0.0033251267260101694,85.22402788457815
1466,0.003218899061401214,213.15650155628936
1467,0.002910748992933446,216.90887240350835
1468,0.0027566838939123584,69.03936789313335
1469,0.0025045513749253436,153.68058530195
1470,0.0024507932575568367,145.8162768430375
1471,0.0026264964159250863,67.83918609368632
1472,0.002649638585557658,274.96354920342503
1473,0.0022331863253030105,50.84655418065973
1474,0.002043778712859267,54.81283174433248
1475,0.002557679565605644,57.137122999766085
1476,0.003940308549932229,61.60542782987827
1477,0.003719014842971146,215.6585157796866
1478,0.0028567044162665515,144.66676424702428
1479,0.002440011228426849,57.37410634360259
1480,0.003070856319726982,89.45381180633825
1481,0.003452220131624596,38.679106500667494
1482,0.0032558446663655638,207.71402992348322
1483,0.003121263357005208,63.44757795187234
1484,0.003225206867432309,115.69790191863751
1485,0.0032092011821917435,94.42784906278251
1486,0.002910256873685678,60.88669955559923
1487,0.0031856512812902856,278.3576648269063
1488,0.0025580100152862066,213.86751120856007
1489,0.003094929821093773,145.59759416229934
1490,0.0032259578438242897,40.672861447941024
1491,0.0028281088302249155,25.897451792184167
1492,0.004021856973975383,28.918073628146058
1493,0.0033246055495860325,86.9178515241662
1494,0.0039586009138888175,39.36284492020148
1495,0.003261135789626409,211.00067846136477
1496,0.003366027659851789,155.13804665219084
1497,0.0033319214552786926,51.41930374750212
1498,0.003984435916106417,211.12164945955158
1499,0.005193027666697664,29.550788688933764
1500,0.003953058123722888,93.2621538470505
1501,0.002960614909005182,37.45310410661049
1502,0.004447371394248043,191.51142432834138
1503,0.0036450057883423326,51.0694589469133
1504,0.0035074820318825644,71.62241576889083
1505,0.003153143484672272,155.91784724603642
1506,0.0033552872065973297,39.40575713867872
1507,0.0035502212839951257,261.5694917841467
1508,0.0036906302733628903,84.97906172071141
1509,0.003498738028226689,137.71118426755595
1510,0.003703155807426773,145.26439324284476
1511,0.0024902382609635143,26.86769557127149
1512,0.004407120437959252,44.802788943459824
1513,0.005882586229115707,95.68576218780102
1514,0.0049983300359599525,83.24070970013939
1515,0.0034367365864147333,199.05672042508593
1516,0.003202790493210509,94.53352783004387
1517,0.0046873380493183256,56.6920105146782
1518,0.004112489651237472,60.491492693145155
1519,0.00390258611473591,198.61953294893206
1520,0.0034092450444185144,26.68466591343985
1521,0.002989475283157616,273.61992276071396
1522,0.0027702293360750353,28.856169591847877
1523,0.0035433764591149297,91.2167196478494
1524,0.0031704910276035897,274.7000631078028
1525,0.003002732909369794,207.49189859676966
1526,0.0031533905125412523,56.71759539420249
1527,0.0032386380404256067,197.36004748336146
1528,0.004071373435696851,154.3794902347231
1529,0.0035641359164388553,209.09334901242866
1530,0.0034758781246452247,54.26600238673013
1531,0.004505659565546597,52.759346856960725
1532,0.0029155396012667777,275.5699749286241
1533,0.0027966075532893093,113.41398701273133
1534,0.0036396661263267053,55.18386392258109
1535,0.005160556981693311,31.44999372349996
1536,0.00362540812379268,122.43230666560342
1537,0.0033377465474258476,165.0284104442429
1538,0.0031610433068917573,203.73202110634696
1539,0.004196486197449219,153.59287557477418
1540,0.004270599556990861,63.89158292631647
1541,0.005262650687905863,26.465033814611925
1542,0.0035206251092042016,53.932842663664694
1543,0.008221582343986514,29.999961250214977
1544,0.003999527809257317,62.88207528730111
1545,0.006211323632504156,48.115794464429584
1546,0.00552729562282209,29.86131185070452
1547,0.005329686723818104,30.623375909993168
1548,0.0042326235078772615,46.4648387353173
1549,0.0053038092972227035,199.18310552140719
1550,0.004403862014111259,38.95176344602532
1551,0.005079636590234192,124.28283735369068
1552,0.004358715898101061,127.08342762159381
1553,0.00424217998261156,91.0744458992598
1554,0.005269743284363107,27.602277250510664
1555,0.004625615790860752,73.1640102198618
1556,0.0051168021537533435,67.10446143210758
1557,0.004661714854125086,270.92327479452695
1558,0.0037305879606904808,58.59329413500097
1559,0.0037437829582621573,204.01113009901235
1560,0.0036794557920736474,37.44418193906625
1561,0.002910672726758935,263.77144309039244
1562,0.0028558593877393615,221.80927014401863
1563,0.0032768607853864463,54.763589885835884
1564,0.003825429294973968,268.4733226130067
1565,0.0028094011067366065,197.67179089597846
1566,0.0033412856697025944,56.12961184190057
1567,0.0035638346979050602,44.787694388517004
1568,0.003622786830388138,29.34846458669254
1569,0.004115967364527997,209.1197940393573
1570,0.0029392548631606164,219.06534339335155
1571,0.0033752337817688762,25.134652907969365
1572,0.004229730180248645,86.779668928624
1573,0.0026722431436409953,54.001312157439685
1574,0.004039476414765044,123.75238850199189
1575,0.0030356251417884023,27.779911371796047
1576,0.005083363454384828,94.00206959935684
1577,0.003616286128817592,199.28982362632797
1578,0.0029826089900882196,274.8977374033592
1579,0.0023975129940506145,62.424287412085015
1580,0.0028142755787664265,208.31988729185966
1581,0.0030708069765079957,268.18905668008836
1582,0.0027633938279538884,120.89744625191142
1583,0.0028065164924709726,57.49122462041003
1584,0.002783453857304754,160.68354796283003
1585,0.003201982286913668,219.13851520605579
1586,0.0024263276588921863,204.48355424534674
1587,0.0025818343360620253,53.560647665263026
1588,0.002695463559960022,226.64710004623464
1589,0.00310134654996959,40.81054340946115
1590,0.0033917594585507454,218.79300349030893
1591,0.0027009074145067737,52.54820141410959
1592,0.002859373584778694,219.1304791125385
1593,0.0020288237140186414,49.09218782282549
1594,0.003324876019554534,29.27480387917398
1595,0.0035456648894558805,96.27771415319194
1596,0.003599274574021288,51.770548777933584
1597,0.004221728151015988,72.7512990800023
1598,0.004032922062500622,213.20324072514072
1599,0.003324525538828003,52.072824055200236
1600,0.004627120320309559,155.93007266418275
1601,0.004203200860038062,123.56743968480559
1602,0.0058920653757703455,31.045159668777373
1603,0.004320844618107421,283.0430987438735
1604,0.003367447966231465,280.6296609243981
1605,0.003419946693611564,40.21537905426674
1606,0.003789834286011282,52.00916451456463
1607,0.002392563070977551,44.27581395137961
1608,0.002781606725906825,28.841428451632392
1609,0.004996050571797831,70.57974869498753
1610,0.005861890921621055,84.53570112398414
1611,0.0038439996897684948,55.32500934449121
1612,0.005303582043108458,125.45807002348474
1613,0.006610557000385597,24.80668283601776
1614,0.004011904205293143,62.219971949191205
1615,0.005771737972420435,54.319304894549646
1616,0.005086001833480749,285.45980110310427
1617,0.0064502304839234885,45.618903634503475
1618,0.004107986075923999,52.28454153008168
1619,0.004002160643887526,42.162472495359204
1620,0.0035032947008572994,55.13877810431477
1621,0.004669995915744064,69.81320741666391
1622,0.004711551842494653,96.20735987898823
1623,0.005639065726119927,208.6757220232535
1624,0.00402280194149088,43.865313445675525
1625,0.004414854639632262,158.42193027694864
1626,0.005733228522425132,28.406666097564518
1627,0.00411567531664707,148.54048058413323
1628,0.004688805837968875,86.91923529054446
1629,0.0034358465600040377,267.2569822716255
1630,0.003131786368715144,210.63456003611026
1631,0.0029639665233319357,156.49742146137572
1632,0.003044791950285186,264.5238686752075
1633,0.002543950874044343,263.2829023740219
1634,0.0025381708227721774,273.6162259569538
1635,0.002447888391767255,268.85833299855955
1636,0.002396763595058284,272.8521028940017
1637,0.002648544216827044,267.6142706671866
1638,0.0030060194826423744,70.91936062780215
1639,0.002304183332342748,281.26612858837035
1640,0.002416115025855991,65.52208217193551
1641,0.002237096342546234,56.50271097551901
1642,0.0024987545601272195,278.8673702808205
1643,0.0022250043289601526,131.62760449233735
1644,0.002496335305154717,143.55595548352002
1645,0.0040311554465884475,28.34672752656735
1646,0.002974321530492604,224.93664753007855
1647,0.002768030164337813,27.898237500908632
1648,0.004295482916693965,42.16549923126337
1649,0.003468927623287809,216.13117896885063
1650,0.002703064364845566,215.2821346737731
1651,0.0023664585764921462,127.56044403590352
1652,0.003669750414603088,62.532994683408084
1653,0.003834883989582632,128.07551520642966
1654,0.003516373047966988,67.45593288258212
1655,0.004099432778523557,42.696145501881574
1656,0.004593172621439564,29.975822712714862
1657,0.003725138514593398,279.8197108531997
1658,0.004098919122921431,25.976782929926458
1659,0.0029134529841768025,64.40949981788486
1660,0.0033811372451312692,283.1870083526932
1661,0.0039012929331331235,154.83020014835006
1662,0.0033847319799202398,23.513919035716235
1663,0.004650741075072967,47.64038344095003
1664,0.0044735374971948,51.637967700825385
1665,0.004130584338044345,72.07597623386671
1666,0.004187970344662942,270.0701773021103
1667,0.004608168743720467,59.57133866282041
1668,0.004166465602277123,66.65262682136898
1669,0.003905333558081607,44.239415894850836
1670,0.004581774224808569,279.2771975909198
1671,0.002851325172972357,209.28945639097026
1672,0.003013605393789476,219.93486264260986
1673,0.0033522237277731804,55.69065761231954
1674,0.0029426279499479647,60.16472138428308
1675,0.003906048912960194,85.77903512002312
1676,0.003239045771736598,96.5448167944367
1677,0.002913786511988958,210.59209458149846
1678,0.003018508808683971,93.47581143328405
1679,0.00535756939631429,55.46955261575996
1680,0.003958634885871229,67.02480957198016
1681,0.0043557501924825805,127.63336690451567
1682,0.003237022822100573,28.657578787970177
1683,0.004426187523740299,274.2145106487622
1684,0.004450808088387765,34.62186054772012
1685,0.004969058624278519,157.45830573719957
1686,0.0037493034826135327,122.28265389744239
1687,0.0045401272276949295,153.7863594014262
1688,0.0036767569773264066,90.30564725665978
1689,0.003979262545171207,118.20516782277072
1690,0.003776919603681398,125.21464680565366
1691,0.003455589018109826,152.86445025789362
1692,0.003051734491945955,52.622077587995655
1693,0.002989682552000361,275.0865337001807
1694,0.00241952210906451,273.91578355151955
1695,0.002267299728660426,285.3692138848969
1696,0.0024780475754437705,123.8966793866427
1697,0.002792525459461523,87.01327149088206
1698,0.0038270654217371514,65.45085408634756
1699,0.002644374713635964,270.68049966335934
1700,0.003626988840882074,41.89116522686811
1701,0.004770189005119557,45.829764290299735
1702,0.0034187905247646004,41.32072771412919
1703,0.003387222363479372,53.59710116797529
1704,0.0037754592135250177,216.81931945343052
1705,0.004102120760134565,146.01620818479208
1706,0.0036565116130917045,93.24468884662916
1707,0.004089350525690068,273.0857338719483
1708,0.004776527011761738,46.775659494522635
1709,0.005022826435943616,28.313738610863172
1710,0.004321226512251611,50.614575539464774
1711,0.003990487975058316,93.82468719463868
1712,0.004696469173759641,120.82893940062202
1713,0.0036309618873423322,266.98507436296387
1714,0.00411691882691718,131.2935698950595
1715,0.0056058686359078975,26.515337794464987
1716,0.004747157770516851,126.95237950118857
1717,0.003593912224084878,146.7626060614918
1718,0.0040863974069706875,60.63102449390468
1719,0.003925201445827813,53.21318766570949
1720,0.004253526192513445,212.99662196648237
1721,0.0028289080857914887,59.10646914082396
1722,0.004107504188472045,43.99715786529663
1723,0.004679918768838083,96.9508226698132
1724,0.003661033293918975,53.97983013362855
1725,0.004312527604515954,62.60498638816602
1726,0.0028041004989063367,38.77883951684646
1727,0.0054166662414797066,147.40477303092698
1728,0.004392633655348059,95.41674189194063
1729,0.003939777565579957,144.77610603549994
1730,0.003372768261282386,118.82055277621781
1731,0.0033540779093947583,89.5479113171042
1732,0.004917071995309511,44.73275808316166
1733,0.0055261165082278055,26.988841736598268
1734,0.003983652946997083,157.99903295682356
1735,0.0037967063171762817,211.93777048281538
1736,0.0034150946562403793,270.3671765675924
1737,0.003973392961709573,273.1517903681367
1738,0.0026814687860615806,28.53948651030943
1739,0.003189897694835691,274.70096135704705
1740,0.0035558725686804303,92.89566101858074
1741,0.003018614816193638,45.350845682633306
1742,0.003005858832074944,158.29197309160097
1743,0.004644989461107448,97.14843970461334
1744,0.0037792748653219413,52.1910382933626
1745,0.003950372917109956,27.25792634025846
1746,0.003298860877870359,222.28613580871394
1747,0.0028623561950771033,209.87292595188424
1748,0.002940255748014774,224.51332202770786
1749,0.0022146483864741062,44.207377881910986
1750,0.002819085163004086,28.983788008459072
1751,0.0028685156356424647,90.82947822206823
1752,0.003055852737816167,91.35089295036084
1753,0.003069569634609367,221.68946880182898
1754,0.003505334732339675,39.37597514088457
1755,0.0029015178405153654,84.42409289242926
1756,0.0030155775733776515,126.47862811713466
1757,0.002511513684458152,224.1660744800246
1758,0.0035683834129658126,64.828563867495
1759,0.002775651523285926,215.867915753794
1760,0.002784762803204694,152.22306929262055
1761,0.002491903335141333,224.04575745923725
1762,0.003500674844954946,48.071139479090846
1763,0.0031578891496162843,86.49725044140254
1764,0.0028364435416480707,280.5291855198151
1765,0.002365166981250915,25.108194434719472
1766,0.0028359462505118853,160.47113116445158
1767,0.0021701356332020634,154.0101071997517
1768,0.0033575168674640455,88.52796411209331
1769,0.0028329112551132725,40.66106870703434
1770,0.0025690379607740082,30.997908632131477
1771,0.004706759755355118,122.22818466489525
1772,0.0032869700617035526,283.1832375233914
1773,0.0027166670614829414,26.66042894480423
1774,0.0036341241132256323,42.059499064198796
1775,0.002892273025057885,275.8021677657622
1776,0.0030834489719451927,87.95103930593268
1777,0.003963938439902939,93.71400960603914
1778,0.004487666712335895,57.31795922105164
1779,0.004088738979614415,65.42230766755905
1780,0.0033664472692961737,124.36352948883685
1781,0.0031803857078480627,219.39093524586266
1782,0.002851357420628278,129.60160450710302
1783,0.0035220890974831153,55.89804430587714
1784,0.00359067815390352,41.946459830042464
1785,0.00314606552826,128.74015942829266
1786,0.0053657189273508266,42.75119630893436
1787,0.006056886705256806,28.021994527822613
1788,0.0040101978919449615,161.8078186645834
1789,0.003273415257830551,286.941065378681
1790,0.0036293211366129757,156.09068940532916
1791,0.003283557650188973,286.1489682009831
1792,0.003047831653585208,28.453006309111473
1793,0.004324275996068382,58.76723381697635
1794,0.0025381283853408497,274.867011137444
1795,0.002631091347911234,86.33102837590165
1796,0.0025812066341341752,89.7492107204992
1797,0.0025458916298101925,54.37269900800682
1798,0.00458595783857163,43.08981443941994
1799,0.0025378536772265744,129.60318873614494
1800,0.004785977960323337,26.287655966472876
1801,0.004194086273690284,45.313280138478795
1802,0.0035196538344186186,27.573103928840762
1803,0.004087848487410925,152.56070259694062
1804,0.00485328847571509,44.149993220247325
1805,0.0037703476555179805,39.681363273548754
1806,0.003802554150421532,42.270708773863
1807,0.004803691268010633,51.20482705491381
1808,0.004966757712877709,24.660713775523174
1809,0.004723160954109888,219.39908671586088
1810,0.003917745238802375,39.23747079223639
1811,0.003812018558241568,217.53113157972956
1812,0.003819028718418726,50.01018191451082
1813,0.004195710440769089,56.988790444944335
1814,0.003791392427116919,99.15670930842127
1815,0.0035208249512099893,278.8685086988487
1816,0.0041781817684610496,94.80542848314852
1817,0.0026699403297735028,62.50612245962139
1818,0.003906443560333935,65.70000493289173
1819,0.0032071339805830857,287.0143468139622
1820,0.0028179431208909464,221.60317787588286
1821,0.003515309006371848,125.35606661339534
1822,0.0036691820208612958,43.858934606208415
1823,0.003389955947288679,92.23900655194156
1824,0.003401942262247427,43.963356640429495
1825,0.00334123180825232,124.29617442279772
1826,0.004015554162413957,87.77347467155472
1827,0.002741752865929393,274.4151086388471
1828,0.003358485430331891,226.0277973118934
1829,0.0025090564898548853,129.99219594267555
1830,0.0025592887126352965,63.2385872994661
1831,0.004545922599142862,40.12429482244251
1832,0.0030825176864644013,151.7092686559978
1833,0.0035539068970907605,88.91360191899903
1834,0.0027507369191320883,90.4367097124952
1835,0.003465016573005756,121.07830844305445
1836,0.0033987224360943996,30.170824481915645
1837,0.002242011058240615,31.199088570337832
1838,0.0021214409312835477,28.896386547849687
1839,0.004084318345121574,46.4492192960756
1840,0.004151705896857521,156.92656938353124
1841,0.0033009150771591373,122.87519111107348
1842,0.004803906472092021,54.522210468169796
1843,0.0040229430947378705,45.36268403907606
1844,0.004952312039430411,51.70135795100791
1845,0.0033229427036059207,278.35233265977655
1846,0.003785989209954883,123.91112249035105
1847,0.003204377149438759,163.46503882725827
1848,0.003394627814523363,115.8139118516481
1849,0.0034095708795685645,116.900484892814
1850,0.0028026262401334846,283.9656205442383
1851,0.002521900908724437,22.350906120626902
1852,0.003274478093599838,73.53629312159654
1853,0.002830394367605851,276.0954647610233
1854,0.002210258028245042,55.37536226417125
1855,0.0036062757457870787,64.56526021799405
1856,0.0059735285748640805,55.290850874695764
1857,0.003323277238946916,40.97413172478034
1858,0.00294735846707649,220.41268265456563
1859,0.004174173973627727,44.426288768603825
1860,0.0032416285526671667,287.0490974139363
1861,0.0030062443777713038,216.86049091301763
1862,0.003718529766377866,49.6816589940916
1863,0.0033109520197511593,128.17575737003472
1864,0.004259952110667905,25.368968731734956
1865,0.003990367221749144,121.075919945043
1866,0.004050582186971804,61.82504588556339
1867,0.002650529752827424,94.15687592473405
1868,0.0037474120696503166,66.10398032294037
1869,0.003625052298371822,52.14226792357208
1870,0.0024619368684328105,89.22946926977875
1871,0.0030088130690798898,156.37178415102878
1872,0.003192634251209418,56.31418800176817
1873,0.0033952159339580095,227.31809801471385
1874,0.0035758961832058405,156.37006690202003
1875,0.0037346671656327875,74.9665098047885
1876,0.00263700279943945,92.15737115559658
1877,0.002469328788425333,64.05955826553748
1878,0.003588028158198788,45.060499688562544
1879,0.0031618782631378083,57.43633321715791
1880,0.004290529215507114,59.096710726895644
1881,0.0031902900925199224,227.7585890674944
1882,0.0028900613012364513,49.700804539927944
1883,0.004079525573737763,125.03373877019818
1884,0.004177012525134776,127.96811810582709
1885,0.0026167802810096734,53.64591586837119
1886,0.004203584238922238,161.94270080882038
1887,0.003310798539550396,69.6404841909498
1888,0.00505046315434999,29.043670614579074
1889,0.003754475215201041,25.96195797210791
1890,0.0041159097558100535,54.70557891785277
1891,0.004082363873749273,158.65345559999193
1892,0.00365709013633684,48.574067216309295
1893,0.003252109570519341,159.87233965366568
1894,0.0031245633646981843,285.12348248491605
1895,0.00291701086511288,67.41846907575527
1896,0.003433636123298715,59.18434227698466
1897,0.005049806631152908,71.29143059311947
1898,0.00380822916318161,92.15861808497746
1899,0.002896511960550424,132.00661489723515
1900,0.00251803178616683,94.61234775167976
1901,0.004240474820947453,87.50194164663115
1902,0.003406804845954613,157.39300778371648
1903,0.002187269497149715,157.72642967250337
1904,0.002508199527627267,219.53489617921238
1905,0.00248949236934218,70.25895019400782
1906,0.0034678085677434275,68.08911555304395
1907,0.0031200110858441584,69.01646989740561
1908,0.0027228893603945914,230.7298058985179
1909,0.004240688390954225,165.07636994255185
1910,0.0033070174161096205,71.1720013753056
1911,0.0028658308100685563,45.0843488804566
1912,0.0020929255250817292,26.83334673935527
1913,0.0044931175566566475,54.12224674087141
1914,0.003415241069175404,157.0985570188885
1915,0.002471137010698757,46.536062677278
1916,0.003001246186203658,225.49643380005955
1917,0.0029840483310601064,84.73985445579966
1918,0.004485323881619313,40.108887249326955
1919,0.003672558055603242,43.99195355362982
1920,0.003456327878291294,156.54403101404358
1921,0.004255695757357467,52.05593599430758
1922,0.004535873656980724,134.947229164898
1923,0.0034219321775859294,287.7427677897302
1924,0.0027271927297235756,28.768135068663103
1925,0.003264301488615246,154.39295956705496
1926,0.002894264477664226,57.35360541593828
1927,0.0029875514455547482,134.1177355046179
1928,0.003087703275723162,57.46464662044171
1929,0.004286161604657043,52.85444298285261
1930,0.0034755110066622906,162.2376305162191
1931,0.0033513673300727864,37.44282475667529
1932,0.002817757269717808,60.16973747333107
1933,0.004356377864465246,28.432420297222034
1934,0.005392500845683289,27.695678764686996
1935,0.0038880937423747684,129.52694884370857
1936,0.005166023008240626,68.67574767024402
1937,0.003261088393333626,69.69170096351317
1938,0.0034714280654515022,288.8501097156697
1939,0.0031794387524804245,94.93112400844923
1940,0.003432458584807746,158.0488790371417
1941,0.0026761347992026014,293.9036294432144
1942,0.003204627787068849,60.640703074183364
1943,0.0035759685716445764,48.59580809659723
1944,0.002570491765006657,44.0593129610861
1945,0.0038465026530887206,122.84222238156975
1946,0.002751402185719893,230.2271639034082
1947,0.0030207578331719934,156.8895007689932
1948,0.003117881556097697,216.90169502359998
1949,0.002445799915367777,279.5668591012759
1950,0.002597531780965851,30.246462586163123
1951,0.005219073056034207,54.67341494809155
1952,0.005679768389617911,69.4180417441121
1953,0.0032710130464569743,59.01444276703337
1954,0.00310638548201542,53.04699933747967
1955,0.004166420215836764,68.38116420202039
1956,0.0032729555855861617,152.63378763438746
1957,0.006992481832590734,66.98627115986777
1958,0.005488905695037337,71.95929636279001
1959,0.004060653379593322,95.12712394810063
1960,0.005091586378733376,69.99194553548793
1961,0.004902074253697867,64.73762340591495
1962,0.004279625212677337,27.57396093083065
1963,0.004708802664427528,51.4918583550819
1964,0.004553804529101578,220.16053652296543
1965,0.0053336885883191855,30.680707856056266
1966,0.004748955854945682,94.2982428605396
1967,0.004842230079055898,167.2145674041151
1968,0.0050533591345295606,294.24033822699766
1969,0.004200153833785578,284.9828183936248
1970,0.004580914089298883,65.79364453715928
1971,0.0033984483890470494,85.78033381279673
1972,0.0035509311019268353,87.82958739592871
1973,0.0031298089737036325,277.825112595669
1974,0.0038400991356497428,66.65743669407712
1975,0.0039086355211341945,222.09823136241965
1976,0.003188376820250883,130.22334062925987
1977,0.0035111837865693355,218.66260453730297
1978,0.0026930649794943244,28.726855271918193
1979,0.003478657115792116,214.3195841042273
1980,0.0034315222055430255,56.374640095089575
1981,0.005535513374598924,65.69235101998292
1982,0.0034879289521765238,226.9484083107682
1983,0.0019217959067238301,25.856824197593717
1984,0.0032186364799546186,285.1060811630346
1985,0.0032458955979214246,98.09966074439228
1986,0.002329354208471822,54.747350927655525
1987,0.003321231494621755,123.08526260883788
1988,0.0026986740724003703,37.59242461647806
1989,0.00316975087320069,59.27514027384069
1990,0.0029115802078102564,292.37609696305776
1991,0.0028894753511569714,91.5606086738267
1992,0.002588602768639321,133.17499932746173
1993,0.0033529575689342514,27.978387608521672
1994,0.005108530395029282,42.39480265690347
1995,0.0033954456355951897,39.86811639785632
1996,0.003997323480619413,91.04746182507542
1997,0.003566827902024419,25.281681362857174
1998,0.0034824484649685805,44.89678897393204
1999,0.004476319225597597,45.42074422164874
2000,0.004748135258603041,123.16574815328418
2001,0.00398526646157622,281.24480253402646
2002,0.003137981501472845,94.28493160348935
2003,0.003997894465634278,29.21506207845678
2004,0.004817300354541378,96.80416513439592
2005,0.005170573162085367,150.75725987650318
2006,0.0041744744661459145,161.5588965973259
2007,0.0036935786301293804,57.26169263655806
2008,0.0036166607129291214,30.25030007064391
2009,0.004667280587967761,127.83346346041748
2010,0.006146972969872877,25.03215666102284
2011,0.004884182433356884,30.216306908438206
2012,0.0049333980768698,55.777520792230284
2013,0.004864470447014574,284.2164948850575
2014,0.005987964710928625,75.53938559640399
2015,0.004216007666656597,226.56964231306515
2016,0.003113672969365408,45.85405356490103
2017,0.004186341968557701,28.977166016880442
2018,0.0034335023509780072,29.928397652199337
2019,0.0044593425465626006,41.92473263584644
2020,0.004197216765846704,30.588494972065195
2021,0.004880824367946971,222.61668991966968
2022,0.0038048841840660767,161.93720530434882
2023,0.002756902261862089,57.77736777537511
2024,0.00246662744732397,28.455451734313264
2025,0.004139824893482188,153.76561452063137
2026,0.00425206501718158,215.93906473620996
2027,0.004018746108691818,30.88114494928955
2028,0.004113742910765538,59.5826858033725
2029,0.003592101262488571,126.71456379073936
2030,0.003132646957517883,274.12798716157323
2031,0.0028640022255913976,225.69757073310262
2032,0.0028475284138058323,160.4575935262307
2033,0.0033656615641330765,95.11609708455534
2034,0.0032170609022506465,60.0572829421775
2035,0.0030579098231762396,291.49607731935015
2036,0.00411033223262767,58.074873814524906
2037,0.004356667869364931,122.69506876245028
2038,0.0033055802207304047,231.9881102515554
2039,0.0034121769732692315,274.910904616586
2040,0.003457627680907401,128.9169271535234
2041,0.00416705411323794,92.13467443454611
2042,0.0029247091094386094,240.42628414987163
2043,0.0029029576821463145,94.85156191268817
2044,0.002835876301858285,28.815237850745522
2045,0.004660939051642676,40.34505056920542
2046,0.0042667797067740655,71.52016560468599
2047,0.0037237185099149575,73.95421163184628
2048,0.004790927745001607,151.95960296243769
2049,0.0038793284235828424,129.20117669774697
2050,0.003570464578685993,26.948534160865197
2051,0.0050468922060626815,137.14025394575592
2052,0.0037793662802967547,65.24034855653262
2053,0.003953363095498257,277.1650754122152
2054,0.00391327498903298,225.7857600379631
2055,0.0033012792049765083,54.82129459287502
2056,0.004117723334588689,27.445127680993487
2057,0.003521208050572077,276.05094190770143
2058,0.0030805934912751655,69.309564988834
2059,0.00520024334726823,27.59674154195311
2060,0.0032746759055794885,125.63867111449281
2061,0.003353666275306123,33.225436743489055
2062,0.0035401809258961366,164.81133017657484
2063,0.00313198096644299,132.9908635657524
2064,0.003901808049753246,125.45125880412515
2065,0.003845401860569641,120.76731565018461
2066,0.0033296074944774846,66.78971634962403
2067,0.004475010685737134,50.340018859744205
2068,0.003980403169160866,58.30016831621417
2069,0.003702284021720759,228.8813340063707
2070,0.0055254572428318416,44.397957926914096
2071,0.0038624722921514138,224.4556264184169
2072,0.0031774368271234796,62.2888262295526
2073,0.0035490997222872864,278.93393830307554
2074,0.002966742137418101,220.49299146293788
2075,0.002592229549762921,283.89639589413673
2076,0.0023723192095634117,155.7248220778227
2077,0.0026285034484597137,93.70693685054225
2078,0.0027181372051100798,40.022411195543796
2079,0.0030714740747829305,44.66262649941464
2080,0.003575519576986415,49.597326579489525
2081,0.00488794897427323,66.06005723609665
2082,0.0042444380674639655,26.57413954045428
2083,0.0047106937942448255,131.79737229311434
2084,0.003869689978773109,226.42524572861691
2085,0.0026043178144830345,28.94642413203024
2086,0.00401743365261835,123.43102177445249
2087,0.0035126113754916036,218.8978623495656
2088,0.003149072250254966,28.824423597186293
2089,0.0028376147213640575,51.51557417126596
2090,0.0031121805608330137,295.6141625101685
2091,0.0034707157843308456,224.69668588329546
2092,0.0030984855117315376,119.54339097903963
2093,0.0032830497047807265,66.38100358023229
2094,0.0030233251397152614,121.77791997252575
2095,0.003303061183180182,75.12704149807995
2096,0.0032906410250744013,131.98495430808026
2097,0.005183766869052661,58.835315853809725
2098,0.0043956135599588515,92.34423614957603
2099,0.0038747405759184746,70.59385954007026
2100,0.0036202416097932686,292.84298782052434
2101,0.003937686250532945,292.92884280033917
2102,0.004177032659426164,161.6101639620781
2103,0.002807390319503611,218.9335378686596
2104,0.0032792330349855968,102.38368038723179
2105,0.0020870495804543184,43.54609181027123
2106,0.0030912442410996077,91.36464164794833
2107,0.003111940474490119,70.40010192560122
2108,0.004615542900864966,67.94207657218638
2109,0.005307077549563689,52.732141954197935
2110,0.0037100654937859763,131.7813627236469
2111,0.0035038728475194664,288.69610296885617
2112,0.0020466222766995557,28.567398630005364
2113,0.0022338797194794914,29.47966676797009
2114,0.0033549535666526015,230.91744163686707
2115,0.0028545950230643067,228.31633410270283
2116,0.0032332199450147807,157.48602050696653
2117,0.002876750531769987,72.16457008558733
2118,0.002630287935942683,288.6833398955322
2119,0.0030715185397846823,128.68352557039324
2120,0.0028393014197655277,26.88502726936921
2121,0.0033034604580889303,165.61213596051797
2122,0.002734039728798402,95.95615272156657
2123,0.0025345357480546227,96.01284121212738
2124,0.004580197945361467,54.70297345995993
2125,0.0030125361206893133,31.75364240421602
2126,0.003987609956262482,71.91357638048494
2127,0.00322943952192036,293.78229763776903
2128,0.003397561170087601,223.39343595226714
2129,0.003710600952179217,228.62824364785408
2130,0.0027469733699531803,40.92309924091043
2131,0.0029151804678390777,285.4027683932102
2132,0.003454452949385582,38.119131216412505
2133,0.0032568073361904384,69.88395760009914
2134,0.002992897061707942,232.71832927896423
2135,0.003211798899453102,133.3007156518563
2136,0.0029863220127990028,55.69162749180672
2137,0.00254286967154812,288.68490774448577
2138,0.003393994607941965,168.13393735476473
2139,0.004337245368144019,124.25685308129617
2140,0.004357741917349788,73.58739632880739
2141,0.004711075069777012,45.76948661006361
2142,0.003534253738852667,29.927303003436123
2143,0.0029958771486619717,290.75189746447296
2144,0.0030269994767780236,294.8135739084534
2145,0.0025047361737835735,31.03836449198388
2146,0.00336718356438442,159.71769945922256
2147,0.0032295063522058665,151.1450174327522
2148,0.002968024490436945,299.85712003445786
2149,0.0029774502940059532,93.79034694494112
2150,0.0031829741857664646,118.46900236778447
2151,0.0029933115653273516,224.45472522017207
2152,0.002664867762036984,226.75016765138008
2153,0.0018616929661551364,42.168168311649055
2154,0.002820027327257337,32.90973305238038
2155,0.0033285639417341556,268.86407905917736
2156,0.0028730564567708916,123.47214219556038
2157,0.0032369390281438916,94.42521946356375
2158,0.0033632468380886365,58.984707832163
2159,0.0026850887212199717,236.73355472307145
2160,0.0042450975777652365,57.107310693442265
2161,0.0034413729447043953,73.3919629649294
2162,0.0034124375022384387,301.30898808997586
2163,0.0024349907576116736,230.11168316383802
2164,0.003839052546076395,65.72590143616043
2165,0.0033021094276751007,160.95117000815205
2166,0.0031628014538992747,41.010559895688246
2167,0.003292767704634399,64.4373241892273
2168,0.002905190176508614,238.3463029146806
2169,0.0025504115362037765,152.12521370257335
2170,0.0037017280353781753,55.847454701751765
2171,0.0036081361390992803,89.9126018119874
2172,0.003646767783098254,135.64967417487065
2173,0.0030377060672460198,67.20002196215967
2174,0.003747235898154275,129.46453728094593
2175,0.0042497578266439805,53.891450244631784
2176,0.0035225605338898287,159.9253143445881
2177,0.003078057674367486,57.030734632947144
2178,0.0033862272654652235,131.271720756812
2179,0.0036523411394087956,90.22403457300044
2180,0.003473749285626967,58.912277373108104
2181,0.004301020019986688,46.52576202858687
2182,0.006270022989563836,27.953229069733585
2183,0.0028153115976287204,63.59295683358693
2184,0.0032009441017769,293.89851208530206
2185,0.004003427091114465,229.24604891219738
2186,0.0026571317918681484,97.43596483896432
2187,0.002917109470441564,294.31922081994963
2188,0.0030969959796591966,64.60991222086221
2189,0.003598630088862802,95.02508129483769
2190,0.0025506251218632378,31.19770231932167
2191,0.004437033238555786,27.996930584831972
2192,0.00408285645537169,122.88768754756366
2193,0.002912218580529521,157.56180451028294
2194,0.0033400867527136704,129.30576283147406
2195,0.003208782231572863,97.03625574574917
2196,0.00385027624458455,220.46515215149162
2197,0.002324065404285773,26.980496639547603
2198,0.0034638172072004514,283.30514664210654
2199,0.004290583032189268,56.987248871833906
2200,0.003949420817785352,55.7439469703771
2201,0.003356833556871297,162.94596438677763
2202,0.002607614778941658,31.03589776524375
2203,0.0037430604481054866,297.6714297593842
2204,0.0036210953134090036,73.7235826122093
2205,0.0028577062396450237,166.37130062224426
2206,0.0022171746434694914,300.0972118331331
2207,0.0029884264920558333,96.19691903734652
2208,0.003465923628015459,127.60119478948855
2209,0.0029390461114788607,221.41121779299507
2210,0.0029160624829740766,68.43731549018433
2211,0.0024325738123803543,58.7910915805208
2212,0.0029169846712507087,218.6908877585536
2213,0.0033399378594838017,28.344868572766035
2214,0.0033898768012407413,86.63991999265453
2215,0.00385519549904116,39.05369973366285
2216,0.003910619259561197,92.87560536428704
2217,0.00419914953440289,93.11435614353547
2218,0.0062498472986838105,40.95699700963076
2219,0.0040033262746678915,132.1300653543363
2220,0.0036011124369819065,295.01906558169344
2221,0.0033008904058740222,293.3229941056683
2222,0.003089512886702126,167.70918103834828
2223,0.003282860622660383,55.22048518364262
2224,0.0032416136127721984,93.92513229198458
2225,0.0028990614571904934,48.19706829742567
2226,0.0041111404968362944,88.83333132845947
2227,0.004462842315692326,27.07841968867618
2228,0.004437063358009568,30.241543706767786
2229,0.004539567524354147,52.7850559760382
2230,0.004643452334044091,60.961179770234175
2231,0.004524314167528329,47.354291424734825
2232,0.005556043031361155,70.56476052517365
2233,0.005709969018591271,39.44061897025209
2234,0.005280079264578536,58.04648297870724
2235,0.005240222522379493,115.24710818403653
2236,0.0053069692492219754,95.5786508522204
2237,0.005252195917736654,295.78971967980846
2238,0.004879687896109973,158.19746599356426
2239,0.0042747368298967975,92.01148232186596
2240,0.0034596929356150606,77.29960822481156
2241,0.004406895397649449,69.69758049659785
2242,0.004226844410349605,158.18584875095848
2243,0.003656725911966178,60.456247635288854
2244,0.003302932703216769,164.0566110635405
2245,0.00319233073722729,58.552588181625644
2246,0.0037986872398918918,40.61544237655906
2247,0.0033814973073906284,90.0263482145861
2248,0.004139177044541527,157.43704680768693
2249,0.003664346556356808,60.45052475066502
2250,0.0029369374662145185,90.69680969980563
2251,0.004414246025341775,43.35528112050886
2252,0.003629355839710653,235.53382775797226
2253,0.002718397279915569,48.22661573629773
2254,0.004832306844876327,96.36908500587414
2255,0.003551991180725524,28.500867439279276
2256,0.004280643577094708,228.40184051842155
2257,0.005635226279661187,45.06003513078847
2258,0.00398302299937972,29.28090771094093
2259,0.0037041082895656646,68.47113233095111
2260,0.004851925543481296,132.1545916870707
2261,0.00475998805651781,73.82216353616921
2262,0.00527471787113584,26.134776138499866
2263,0.004267492249700176,281.7111892084736
2264,0.004597121803461099,124.26392140963017
2265,0.004479964532696739,26.036317249172033
2266,0.0037442185606903814,29.38646084270264
2267,0.005036775857661269,41.85744156070741
2268,0.004810880399257739,291.8990848070989
2269,0.004779267435108106,52.192976277326295
2270,0.006503122261334684,61.01876048286804
2271,0.004402019611068496,57.84858383336584
2272,0.0031594013020492576,30.211007442781586
2273,0.004090772714053074,222.66229363949586
2274,0.004732812675897457,134.29165618156213
2275,0.003676401979146889,231.92700420887147
2276,0.0030912486256183037,284.2400603611652
2277,0.003741365713673027,69.8562452273399
2278,0.0029379520227931525,46.76253184667942
2279,0.003455231649197114,304.1657970276179
2280,0.0033257716526257633,60.542883876863584
2281,0.0027775351097215346,56.055562749810825
2282,0.0028918389530403965,125.4622545120506
2283,0.0037738994047051178,132.5004864144024
2284,0.0027690830638921644,74.65064918244205
2285,0.0028287796039827774,302.0710189936722
2286,0.0026412822083908727,41.93017093238236
2287,0.0030780044492107854,233.03027649010446
2288,0.0026842118404968173,123.17497141102814
2289,0.00266828340518003,229.2848891287067
2290,0.003923021499345355,42.47133518975963
2291,0.003941661014292642,58.6162120765939
2292,0.004073443418808708,60.441411071541644
2293,0.003406939802185992,43.15268451061648
2294,0.003766306316073187,160.03952366846323
2295,0.003043285749676027,28.451153662473267
2296,0.004574454639404048,30.757563806736385
2297,0.004457815776129817,234.62508538402628
2298,0.0027198719432238827,289.89095292680423
2299,0.0034365424411922684,235.7226954956709
2300,0.004366226904912273,65.28782510463961
2301,0.005528978153322257,69.62638257094565
2302,0.004679252870681518,157.45315008458235
2303,0.0030546815497782707,166.09637152409286
2304,0.00363691461671596,96.72131763243185
2305,0.002741858734731204,304.0349336046815
2306,0.003209135140257951,45.75172729041159
2307,0.0033702664784806104,24.766813965020308
2308,0.0037661808991166237,151.90391993471476
2309,0.0032373540101334436,299.9849388531793
2310,0.0034785770839267727,127.44763692486575
2311,0.0034585145069481555,125.32142243732481
2312,0.0036620452083298005,39.37688581679733
2313,0.0034641168624122503,237.62128048036777
2314,0.002788554222801255,94.27528064574985
2315,0.006643653718317088,27.223163545122627
2316,0.0036935969429217974,133.36040497616295
2317,0.002827198328009832,74.05729933700809
2318,0.002254238261857295,29.59202358175119
2319,0.004278306508117444,67.2840426086218
2320,0.005461072493769304,69.41944119519444
2321,0.006230140271575444,42.94304839772696
2322,0.0033793100143592594,231.2416615159201
2323,0.0037265005476315154,29.417651613503033
2324,0.0025997117710093417,46.32456863923536
2325,0.005070237944612297,89.06750618447062
2326,0.00471275732051385,288.02206809353
2327,0.0028872878995655615,163.49957182117532
2328,0.003083977192054493,297.82959377864563
2329,0.002734616522872584,57.247928054552716
2330,0.0031934200748564455,60.388114735776284
2331,0.004706436745091823,27.109889505130038
2332,0.004499483020359341,129.36367111905537
2333,0.0043783124223213035,65.06422630196857
2334,0.003325211950141238,96.710892589622
2335,0.00372853334239159,125.70389094481799
2336,0.003680064905507853,61.26858975516831
2337,0.004164538932321915,30.756356190143052
2338,0.0045752924743283074,92.53527056239643
2339,0.003516441358123743,163.06082142030982
2340,0.0033656194306645954,139.8163071603334
2341,0.0032449565293903174,87.27580513396215
2342,0.003929008166861339,43.63508095636622
2343,0.003792799380507545,28.69127470601376
2344,0.004529443414360957,155.87651792073376
2345,0.004264872624348341,47.96154273531647
2346,0.004363900066578183,29.902399350544492
2347,0.006446276830419348,42.376036642960045
2348,0.005167582010766932,68.49907622217518
2349,0.003672047872964746,294.4172442257805
2350,0.0048569422201721535,173.68587688277006
2351,0.0036924215705438817,165.7890652922413
2352,0.0056263128634750975,25.94648324376633
2353,0.0033692012111714575,223.74844040837039
2354,0.002662508108673828,288.13198748954636
2355,0.002454495567305748,162.40060574135683
2356,0.002450739747556244,47.88622936395895
2357,0.0026342068080672286,232.01732028205177
2358,0.0023725582889301527,137.59985023105247
2359,0.003374757396128281,52.213830085977115
2360,0.0027950902910727654,237.5146987451766
2361,0.002183674950733778,310.66922046433683
2362,0.0019515564868534483,132.55784271082166
2363,0.0022417005525734494,174.56952861311723
2364,0.002347632379764143,295.2811172917911
2365,0.0021744571177024084,235.22229783015797
2366,0.0027931654970739786,131.42039020725062
2367,0.0023328614454306983,28.055699942394323
2368,0.003331342915846539,168.67214307198637
2369,0.002578873671529774,161.2078227813455
2370,0.0023053684779729996,301.7349613946615
2371,0.003629345118427479,94.9229847617563
2372,0.004273728226857761,92.47384584709658
2373,0.0025013971430707703,303.73228374977487
2374,0.003554351510419193,42.74024951870358
2375,0.004322703390657393,40.84239026820632
2376,0.0027861514450116475,237.73086317531744
2377,0.0031713997711355253,31.066904155465096
2378,0.0034057057314153794,53.2515606093345
2379,0.0028699197916396838,99.46043538027682
2380,0.004587451220979377,56.497394618599486
2381,0.004411275713209761,66.50136190167903
2382,0.004393043539632838,52.92793142884722
2383,0.0030943012011906243,136.3315684387438
2384,0.0034387557545694737,93.92271758653001
2385,0.0037416092055881844,32.121002684443376
2386,0.005364517468313517,46.42560370393604
2387,0.0038916308256913496,224.51272704300388
2388,0.0031609117441593506,98.82492744714745
2389,0.0048917930055768786,54.22283487031465
2390,0.0038374446622711673,136.57470684152273
2391,0.004916302067958268,27.745353258751624
2392,0.00401634284632668,128.68886150351975
2393,0.0033826278802754485,290.1144636887709
2394,0.004406660958795391,29.710056983497847
2395,0.00425556387651611,66.40469810217338
2396,0.0033472436981675266,71.84693690542298
2397,0.003929723112968212,71.55411236744567
2398,0.004156710961434391,292.8499414863277
2399,0.003546466593186117,42.491429064105134
2400,0.003503800182104095,54.24883748107931
2401,0.004514998158733992,59.44058908960741
2402,0.005176562534457348,43.13320011297648
2403,0.004233637330687093,287.717687935586
2404,0.004940682535644472,46.62230800027031
2405,0.005039582697879839,60.408066749858634
2406,0.004690619012203219,93.98042503173095
2407,0.0050211066991323605,30.605047368244687
2408,0.004130807375330142,155.8194970344042
2409,0.004498756408762439,55.31640720657159
2410,0.006501080837614578,24.91547869009113
2411,0.004456943347339125,138.84355132655315
2412,0.004935954182686963,59.77443677220512
2413,0.005001814438077479,59.70854664129797
2414,0.003545611986168598,297.97669712884385
2415,0.004733194675344717,29.626451948317467
2416,0.002291216153191106,42.26032906606824
2417,0.0032985050435784683,94.0003659546563
2418,0.004038316611023709,98.40517171050787
2419,0.003637197697278649,55.354665228703155
2420,0.0030273686755787244,44.38785096074132
2421,0.0038329445203384186,239.15635889781456
2422,0.003645457774222399,236.09446024135684
2423,0.0031461943726753816,128.97182510217377
2424,0.004485056021869902,43.45364715898824
2425,0.002535610212609014,56.77160132287709
2426,0.0032721832875553043,61.051431987754455
2427,0.0034724225009440334,57.6461734573581
2428,0.004090541478719913,171.09067012481148
2429,0.003550800623179995,130.55278795537345
2430,0.0032195994743058226,297.3888536690849
2431,0.0028373253937156702,129.36387023537316
2432,0.002702709772818989,233.05319171921337
2433,0.002297548782863346,242.40782167466617
2434,0.0022439498412635517,99.52730587564349
2435,0.0033613951820505145,137.16615365235828
2436,0.0034350962618943945,27.986206151236743
2437,0.0035438486983449284,41.132664067854996
2438,0.0015812061419951376,25.190947320197388
2439,0.0039054693327422933,40.08425644812028
2440,0.0045632390187998004,55.68126931542061
2441,0.0035073973101064507,100.1726406972046
2442,0.0034765725584799067,300.1294533016083
2443,0.003077423740883375,291.9466863153267
2444,0.002646630933668348,104.23797450171213
2445,0.0024835725890970306,29.52935838009205
2446,0.0025826309124645144,56.6992686976604
2447,0.004663332788245375,76.4582018522499
2448,0.0031431508215279892,158.41648571688435
2449,0.005607539675441909,42.955357285336916
2450,0.003735304062033298,169.86390750913853
2451,0.0034752761708990543,44.38117628932787
2452,0.0036047945007142974,168.1139658965152
2453,0.003079150592281916,243.72887604675356
2454,0.0038806866534780394,54.71024455634103
2455,0.005395879696447377,68.94334887640666
2456,0.004262718221509893,25.883807609903435
2457,0.004139150982981929,42.40700333390736
2458,0.004130615553587862,236.5213995516451
2459,0.00310750343921357,98.48480738852165
2460,0.0031852669288547565,98.31322406416265
2461,0.003952041091772434,133.72056347291812
2462,0.0035312308808332434,69.40082834592218
2463,0.0038585400278384053,56.74671949878155
2464,0.0032271316227926593,123.61572650207768
2465,0.004594218277910339,27.812261118674144
2466,0.0046232393812307895,29.449987044323603
2467,0.003920762400327672,172.97760910789574
2468,0.0036574735693404325,176.23596998015503
2469,0.0029787878963991087,98.43629110600199
2470,0.006082565314334881,43.16205088787182
2471,0.0037274988465426776,133.3034992144306
2472,0.0033612728019271833,92.0696621594386
2473,0.004014163747637508,71.80218824376249
2474,0.003949471608762365,70.74004487570959
2475,0.004962254890666247,27.649728948791306
2476,0.004609479071173849,59.161660175672544
2477,0.003687894589866546,131.83043669924982
2478,0.0035416148745663492,236.51467564650756
2479,0.005399606047364147,74.13105258356997
2480,0.002884355048062736,176.1833634115225
2481,0.0034742591489245866,286.78247379485464
2482,0.0024250623791691483,307.72305657422527
2483,0.0024479241716877037,125.62558555439615
2484,0.0029612062146380717,173.87764389080337
2485,0.0038576805281350765,225.74478702915914
2486,0.0025874188612016787,45.38214232035451
2487,0.003135267401684344,58.42005481593751
2488,0.0026757800747133995,307.774922104822
2489,0.0026186565978746,169.88252005840363
2490,0.0023385821381502006,70.24327112913896
2491,0.0022677000619442944,126.0791513546891
2492,0.004215931898215786,45.692556602009844
2493,0.0030143044686015996,95.03931559272225
2494,0.002660922725757603,133.19199600837405
2495,0.0023426372939146455,306.8426422683603
2496,0.00234809606536146,98.03419623868972
2497,0.002697361525797148,241.61427140087582
2498,0.0023406669053607685,128.58757532153106
2499,0.002361926951469824,233.70838963676312
2500,0.002682002248302278,65.68976188075678
2501,0.0027681674134868066,305.7125899692963
2502,0.0028679512351201,45.064638949612394
2503,0.0036915693590658365,27.463729060536124
2504,0.0018026075022905803,54.947998883534915
2505,0.0029022596617919744,30.53417569489806
2506,0.0025296628233994964,172.53830169051722
2507,0.003928432036351798,28.80821066474929
2508,0.0032962534558879614,137.20845468886313
2509,0.002337958415817662,28.541177177366333
2510,0.004015535394482305,162.2061304571411
2511,0.0026298854650592366,31.108205462096166
2512,0.004640511328498239,138.1670684548628
2513,0.0033081883005004124,45.6721264028089
2514,0.004317997987807478,102.74995569655741
2515,0.004685892290085162,42.90027805594811
2516,0.0039004895730664737,244.6328448239252
2517,0.0028871962970498087,299.51528423607454
2518,0.0030847278067085426,242.0398022248205
2519,0.0028081783236564785,65.53148889785969
2520,0.002890231181268155,137.2290612921073
2521,0.003292106984107787,43.16550039245417
2522,0.001800471865616431,61.88183397749622
2523,0.002613379388069891,66.21541551004444
2524,0.003088813322703796,303.04092048543015
2525,0.0026643959640797717,169.70347959569872
2526,0.003591493417404528,32.94798075016403
2527,0.002962312648874517,43.114142781632076
2528,0.0033990489293463507,155.8371342531502
2529,0.0032808882160242064,306.81966973826906
2530,0.0031549627481301567,88.65504570807511
2531,0.004294043809381578,73.65907976020219
2532,0.002855178478304139,59.64874771537118
2533,0.004206282142369109,27.741270494032573
2534,0.0035450133894010297,170.0007386257463
2535,0.003792608424585514,170.68623288145605
2536,0.0034194921760829925,97.21476464928465
2537,0.003570622923275964,41.99627720947364
2538,0.004398198338063686,55.580574244972254
2539,0.004313592610733113,171.16597449809228
2540,0.0044879240447051535,59.784483221026676
2541,0.003316082055045461,41.82850660512223
2542,0.0032597958030434,72.74554476702038
2543,0.004558759148369126,32.08208027339844
2544,0.006555293743892027,31.175999680188784
2545,0.004342812361461307,232.14305392392637
2546,0.0037894492333961495,241.2744691262339
2547,0.004012180688536122,64.77043922333952
2548,0.004068257500131784,45.2191181723163
2549,0.0035080587579197865,62.3201282997467
2550,0.0032259585599424844,244.5793235628072
2551,0.0023771699659944816,70.53238419310212
2552,0.00455466166352959,44.04493603383514
2553,0.004233249716749343,171.61982612014654
2554,0.0034419074999999626,167.70874321569516
2555,0.002523090447603338,236.400005402229
2556,0.002707615060981797,42.37263599644473
2557,0.0029946364426825995,138.23076007499768
2558,0.002144468411477812,44.263155333914085
2559,0.00384852904093789,28.269138108224844
2560,0.003258846296474174,75.14251550824471
2561,0.0025154572518905466,54.557853748678625
2562,0.0034575405080921394,97.2286247041521
2563,0.003982690432833255,229.67782067494122
2564,0.005252312574784496,27.379830210290333
2565,0.0032774123474854813,91.12231899515102
2566,0.005120939488485667,43.76512449500324
2567,0.003816145979538399,30.625638013068826
2568,0.003558694752058348,305.8252972355856
2569,0.003164450850708085,140.8170339916134
2570,0.00439777253698346,41.53297894047704
2571,0.0027604886113372,59.63028593909
2572,0.004339477602516743,56.54506918117588
2573,0.003039109958859326,170.54433975650124
2574,0.0038670423504348996,70.72257663171716
2575,0.002348733568741691,28.77338034602987
2576,0.003745429669217763,133.506626569354
2577,0.0034077318510257596,45.02270752120261
2578,0.0028868784269103676,45.645953830988326
2579,0.006383637584142641,48.296465653367704
2580,0.004060386629796333,47.57879261102346
2581,0.004272296745581956,97.5248999359301
2582,0.004050357241770284,140.1200175626398
2583,0.004835751625977225,128.0826379704233
2584,0.003970292082670658,234.35137809877887
2585,0.0027773522838131235,28.12419804796373
2586,0.004065267279987562,41.56853076993614
2587,0.003699350537807242,99.67538671599957
2588,0.0035878677453787923,131.58609443819967
2589,0.0032551009879515165,68.70532312777678
2590,0.003237804616706928,174.11206852911812
2591,0.0036027561900328245,52.98621210320584
2592,0.0028356265038077645,137.06751880039636
2593,0.002541207484964762,305.6107474987701
2594,0.0026171511038941193,72.50378569048753
2595,0.00257805225319808,72.43036060973226
2596,0.0034643111495235054,70.60544665132497
2597,0.003451230176122884,129.62701361002635
2598,0.002380600356663705,249.01820087225005
2599,0.002597004823871533,172.70153126482214
2600,0.0021588083586258997,304.09754323099264
2601,0.0020924353121915475,158.39078413812422
2602,0.002952328170807559,58.94719713497099
2603,0.0030104561576826012,139.37732199442755
2604,0.002496730505873544,308.90524980073485
2605,0.002573404939195481,72.53106727249984
2606,0.003122945501306563,126.76285843177033
2607,0.0028143518668982256,103.10906687600757
2608,0.0031377785810698037,46.9356191937794
2609,0.0025433414602422785,297.88287158261437
2610,0.004169991726017985,74.25911293171491
2611,0.006045111838879215,73.11233125490949
2612,0.005556619357031939,43.43534806465812
2613,0.003078823710319724,314.2467123529001
2614,0.002939850426705113,249.7872934977243
2615,0.0027665009496362276,74.40240122160274
2616,0.003501924330988471,67.29863591674827
2617,0.0031912525327453087,96.93634166188363
2618,0.002685898728492895,134.83725251509262
2619,0.0024436224196696054,316.3268147333503
2620,0.0021127333893161105,242.9750854252015
2621,0.0023799476536918466,248.3501684528574
2622,0.0027166258773600716,65.45304853462842
2623,0.0026345631205504836,304.3412378021724
2624,0.002196151527374134,312.28016173534974
2625,0.0023363485258947737,29.862740911355473
2626,0.00300683555766367,90.9207649495448
2627,0.0030602649462310874,138.9617703918217
2628,0.0037779735647877157,313.2659173940404
2629,0.0031567585642405154,167.5648505623124
2630,0.0021993961247342387,93.7452240155587
2631,0.003204689568224854,68.00222644746636
2632,0.004769483899520695,136.8426108620188
2633,0.0029153448155744034,300.8688343368045
2634,0.003328728622791276,133.83830303939112
2635,0.003082520300827477,93.14785155052249
2636,0.0027693329551578337,31.037188459031842
2637,0.0055852149044171556,30.629672277845017
2638,0.0029968316234157398,70.74280236412835
2639,0.004054971152367511,64.1762607537949
2640,0.0036237511847765536,302.2598514194335
2641,0.004346948853089623,176.54650789725144
2642,0.0029553229341500215,31.49896124836574
2643,0.0021077873021898663,46.645165744911395
2644,0.0034597965448410345,128.69166484494497
2645,0.00437998476937396,233.14703335111923
2646,0.00544142097086561,43.02162132174005
2647,0.003916113155514264,137.25796167882794
2648,0.0035678727528303737,68.75575381581693
2649,0.0027033405884353936,314.47136884583716
2650,0.003740839948246287,52.636171437488166
2651,0.0026338991294985385,49.0436909509378
2652,0.0035539687146287965,71.10730962068989
2653,0.0034199418304281057,241.56076898617968
2654,0.0036470383018660448,99.02986720073838
2655,0.003743092943713654,68.93161450635114
2656,0.003050782897921187,255.16016973146822
2657,0.0034418392064931836,55.16100950566548
2658,0.00405713872129815,67.4067814718816
2659,0.003949891610153083,46.57872227712266
2660,0.003534801714452512,98.47151741260969
2661,0.0026692980952158366,233.29918753192797
2662,0.003337159061999755,62.163988832372425
2663,0.004367309347460031,54.31465838881609
2664,0.002809302952939745,72.98378007320728
2665,0.004050757071692371,68.52412796908723
2666,0.004138636278231249,59.7687252143924
2667,0.002996112326424498,303.0711775012415
2668,0.003500252234127577,307.6385695167207
2669,0.003319321991638424,303.2637062227639
2670,0.0034669767041696897,136.14034886879415
2671,0.0028908902087754667,27.700328419416007
2672,0.0031259866574635873,94.9645922602836
2673,0.003701359279644252,48.142011436807074
2674,0.003495056337995528,309.35255892650537
2675,0.0024485847268468993,164.6710745196581
2676,0.0023872658792467904,168.34931259416015
2677,0.0019818080117230156,44.233893450050665
2678,0.0031441469622979835,139.08700200778887
2679,0.0037207631840860344,29.543380520168427
2680,0.003320826476732044,128.60845901387975
2681,0.0031158206822228876,252.0525117295262
2682,0.005643168257063672,29.148881101120963
2683,0.0039727930987381215,70.35840501457638
2684,0.003728582466788732,61.01084857869151
2685,0.003403000221971018,179.49378754099476
2686,0.006881906836622812,31.11546485407192
2687,0.0035232313956101205,135.13147950410584
2688,0.0015630918863060851,28.298288751547922
2689,0.0062909317989992405,45.63094290606945
2690,0.003522569480992388,39.91284602437627
2691,0.004531391239092604,106.21275607107917
2692,0.004613722195152509,315.3359350095361
2693,0.004643405266788563,28.07240044578125
2694,0.0038904400930363948,66.99620974486866
2695,0.0063211024794418945,136.68300022035442
2696,0.004535343696444527,136.1018793165024
2697,0.0038976430727622577,164.99209166185935
2698,0.0036616670763928248,94.3358834051213
2699,0.0033289579304502845,165.6550501196989
2700,0.004150868292620951,30.85521142788563
2701,0.0035404690427378103,57.524332385365824
2702,0.0037705628148270646,68.07104879372744
2703,0.004962470418132188,98.13205137152379
2704,0.004073206446447641,136.64567628610695
2705,0.004764887786285695,27.198828781579007
2706,0.006342461744380799,144.89024308565956
2707,0.0052354718520792026,141.9800294970892
2708,0.004565954587646124,247.6844862760456
2709,0.003911137231820945,134.6005584032972
2710,0.0035778254135812194,306.72346576895154
2711,0.006132145487492257,51.88737792156357
2712,0.005365613184459597,101.72523618749511
2713,0.005332659774549856,41.72427350988016
2714,0.004578242497418301,30.12457592647091
2715,0.003952126194038561,163.9146000665621
2716,0.0031961782277271675,58.32354656092105
2717,0.0039620316189386134,166.07839841729464
2718,0.0032477107918318575,43.31539619789007
2719,0.003782380427341886,323.13139751724106
2720,0.0036854329071185025,147.46468486509374
2721,0.0032567368535753086,252.90777310203086
2722,0.0030240986924237124,28.224670488009586
2723,0.0036946598888005547,30.001449434973058
2724,0.0034665409281073012,100.03561864926424
2725,0.003766792239761783,31.534155639758747
2726,0.0027110170863247855,68.36876548449797
2727,0.004030654955799532,47.61836628614961
2728,0.004594822463794548,60.60001625305927
2729,0.0041453812761725,309.7486455535747
2730,0.005265967284654395,30.164353423267652
2731,0.002611111370325406,41.66129658568811
2732,0.005050895882645975,28.614650599247323
2733,0.00379838641646739,91.62525577329622
2734,0.004369327811628595,236.457268073405
2735,0.0031596037308508126,136.7470724892487
2736,0.003892039435661652,42.98347565654377
2737,0.004829419072785671,30.81562321673514
2738,0.0036809766839164346,94.80991545313678
2739,0.003532291699509817,98.68997012247645
2740,0.004296134613799619,45.40557490377104
2741,0.004353160982811294,46.530478429436535
2742,0.004979499667983459,43.89789816288846
2743,0.00459452322964073,102.87142040278826
2744,0.0049217104311588935,249.0717581556202
2745,0.004386044847426372,95.22921921149947
2746,0.0055143103978982,30.70453334750687
2747,0.0038310221731530734,174.19738569913628
2748,0.00394129581062015,234.70050321440283
2749,0.0042535987916643165,139.0742174098718
2750,0.0031320695736315133,241.44355304296744
2751,0.0022242346611831085,245.92189869250208
2752,0.0024642549743965412,101.51675228220779
2753,0.0025632290104943196,139.52381374676196
2754,0.002501639999254475,304.52400335633337
2755,0.002083527476385755,94.04921711949312
2756,0.002129502792670862,105.2054467801782
2757,0.0022959696392794745,245.0083574811767
2758,0.0028429746633374456,134.75911279749593
2759,0.0031971654951398784,54.68123477154753
2760,0.0024252488916861638,182.97163889998268
2761,0.0041739010991697235,28.862881617497532
2762,0.0038219994069202084,139.40146217698717
2763,0.0025666614299972514,94.84377199510142
2764,0.003259333446377158,44.50893646935399
2765,0.004158102543057724,102.33504602085205
2766,0.0029929503838797542,70.83048609369901
2767,0.0038718202946207334,77.54344791735505
2768,0.00334406157651988,134.37446795512
2769,0.0027288858309183657,311.87892171792356
2770,0.005000612500934641,59.67839068655196
2771,0.0028935667406707597,181.54986919516875
2772,0.0034549179574735146,57.161684284906556
2773,0.0033563376381533926,75.37652731155964
2774,0.0029989306245764825,99.77924154843394
2775,0.0027300784891171347,58.466363355910275
2776,0.0020313786637792684,30.537498063954516
2777,0.0021860463309429303,57.040926385167275
2778,0.004505237671240801,59.23005313312887
2779,0.0038983957107945767,179.01920282629715
2780,0.0031384412119786903,248.29914243799934
2781,0.002766488141787704,168.1065312474804
2782,0.0029975205126914644,136.83765941451136
2783,0.002428984484767766,30.54988111326928
2784,0.0031124704455270163,58.95031201467468
2785,0.003316920633279579,179.9358667816647
2786,0.002600019966509643,56.57319805561421
2787,0.003827558240241283,71.1078053671036
2788,0.0034074717047387513,58.292494153947885
2789,0.004022916465269313,67.55615402993244
2790,0.0037541481168856,44.27099236003712
2791,0.003493983827071825,240.345197966541
2792,0.0032286925290526567,28.915025094551318
2793,0.0038804728787540255,69.52869304804555
2794,0.004221035347886785,140.48721718401353
2795,0.004017281890486691,54.5048576795831
2796,0.0042827953730499675,141.77827871297112
2797,0.004037484859002961,173.67070320085557
2798,0.0036471679344980954,78.02850762390653
2799,0.00373271201668516,178.61259050955624
2800,0.0030838904379131486,43.321333914706564
2801,0.004272821088446877,98.64663059352014
2802,0.003394257498154364,172.48004430267304
2803,0.0049785437830411295,132.73510348247612
2804,0.0031400391617165783,162.54020184749692
2805,0.003092855270138402,44.823519789528376
2806,0.0026884496043997137,319.74319318018325
2807,0.0036844878152255084,250.44229372722617
2808,0.0045163183531258255,47.06852731494725
2809,0.0037134725093800926,133.21974416544185
2810,0.00388696119249814,140.39668132246769
2811,0.0032373603387380314,313.74540057960144
2812,0.0025472687060804724,69.12449475830068
2813,0.0037921819922220575,44.684386189397166
2814,0.0017068145808197782,28.782218097564613
2815,0.0031984865730102325,317.1672728246244
2816,0.0025236378010462927,47.53187686666491
2817,0.004577961586123406,43.00851782900211
2818,0.0032386934689904766,313.8797243724163
2819,0.0031394591377819953,67.36942061352767
2820,0.002785953067236193,53.55396704000534
2821,0.002945850852041543,74.63141389079883
2822,0.00361100578849236,29.065361976877536
2823,0.004954214629442931,131.7796911018663
2824,0.0034860828234420348,317.0718613766783
2825,0.002841749723498848,73.70086412377404
2826,0.004082763284300613,49.570235591603875
2827,0.003058220500302038,311.8033553284895
2828,0.0041926365649255755,140.72288374114146
2829,0.00389074742522028,101.35282814378105
2830,0.003720931518098671,98.67107573285591
2831,0.00463745051092701,57.53368135700476
2832,0.003615464865373831,328.94120034581886
2833,0.0033160351570338457,45.77666710001827
2834,0.002269477353898953,29.039828029596627
2835,0.004087765908810648,49.756891958945246
2836,0.003841325138514009,54.318157319030625
2837,0.005459139444362584,43.056141245450824
2838,0.005218899878937836,48.09332457276544
2839,0.004416006920192475,318.2963686796195
2840,0.003587545371622334,41.452294823338256
2841,0.00386524717835308,29.116075977944057
2842,0.004992222090769592,30.353854305650355
2843,0.004676683841399469,60.52506102570195
2844,0.00526293663909162,251.47810186105582
2845,0.00407823662350996,174.9213481083008
2846,0.003843667257691796,176.1012192310086
2847,0.004093520270740752,77.33745454429256
2848,0.002847233951491127,318.899278033233
2849,0.0026646374732901138,246.70808325996245
2850,0.002161803841606253,247.61376611796126
2851,0.002058026470605028,176.2263728671596
2852,0.0016764157983921793,174.68575584250667
2853,0.002340528157359446,98.45621540905839
2854,0.001992353755686176,134.73281448697168
2855,0.002163066342816332,256.31534377972
2856,0.0024131510621042585,46.30700278264162
2857,0.0019377668742953543,28.75810966131805
2858,0.002950134500459736,31.099588050296113
2859,0.0030811373869542363,141.413713972422
2860,0.0025910632021041626,309.5930902380563
2861,0.0015740121122335194,62.42872796137481
2862,0.003217914499953007,242.5498303559878
2863,0.0029113918176399624,248.0193748037907
2864,0.002773901826742835,318.3413442694069
2865,0.002547616652568999,100.45736191705392
2866,0.002882867173726152,144.6255735654297
2867,0.0022819351590271327,140.22553796311334
2868,0.002601154215438795,80.13494957736528
2869,0.00269471073051252,138.26520829628313
2870,0.002390634473482289,55.789800168825494
2871,0.0019472597964291492,60.44742081474446
2872,0.002766835512521018,322.2142207708586
2873,0.004525785554660153,59.82666478076546
2874,0.003169446624470164,61.004849386260815
2875,0.00286031698238889,131.82961686691073
2876,0.0035742861346201816,144.80982358180796
2877,0.002417834569003133,136.40515663081743
2878,0.003448004633586822,59.780400197357075
2879,0.0027942321407415003,244.80176272445627
2880,0.002523756698773113,324.8760011924434
2881,0.002099698517527359,184.69591175822035
2882,0.001957251624564658,100.81240013524194
2883,0.0025214935695827482,60.646860874996584
2884,0.0024968298989709423,324.8164111196085
2885,0.002385963495147404,42.61110742562067
2886,0.001638338201007435,62.31939727913052
2887,0.0027294448974944444,241.30745880026848
2888,0.0025714219250246593,30.339165124660056
2889,0.0032926393235108912,42.33191033392194
2890,0.0038661192759803075,167.24425292885329
2891,0.00421026613968963,335.55591697180034
2892,0.003245529383818204,319.7839966461896
2893,0.003564392131096574,146.09494223663077
2894,0.003547166673697421,51.71283754983097
2895,0.0024499511377931694,323.50015672321354
2896,0.001735120942343836,134.03851596208335
2897,0.0020183540243148878,68.71861289822513
2898,0.002461695964651061,245.26788956850578
2899,0.002223516235185466,69.05343835083762
2900,0.00341684573868406,173.0832002193647
2901,0.0024920079836995095,323.1773641128912
2902,0.0026822299945527283,241.25477212349372
2903,0.003475191319382047,63.29610200516598
2904,0.0023909458268462913,104.31792563674897
2905,0.003506485888622059,30.2253569424471
2906,0.0033044669584202124,97.82113879194668
2907,0.0037472026725884735,176.01688786360393
2908,0.0031632751016589665,312.37291185391075
2909,0.0030817438850716987,175.08063119712548
2910,0.0027014098321131237,315.2017829940579
2911,0.0033453268180302395,79.44355745001224
2912,0.002365646612095637,141.38985231902586
2913,0.0035848008126497287,102.19003500915467
2914,0.0031765048297529574,47.29480388606443
2915,0.002340594236581662,75.38123429960092
2916,0.0037040477974507077,75.09005002237726
2917,0.0038099374100597373,73.77029605376431
2918,0.0025557853353926807,336.29844308708783
2919,0.002711267872505279,176.00945265035017
2920,0.0025839346105315667,100.80877615343856
2921,0.0022820144297639442,317.5110304067246
2922,0.0029651157321680683,59.17833732865073
2923,0.0026295295016286126,28.93839372397627
2924,0.0028022481805587657,324.9846600224955
2925,0.002741326241224679,327.42389769011163
2926,0.0019970868462255097,28.514576056797534
2927,0.0021765256279907973,320.09990220889614
2928,0.003585862774442019,69.72792541296297
2929,0.0024585261180618545,96.47802161700722
2930,0.0032255606213836404,101.6654465887897
2931,0.002328217844478786,55.14862710067476
2932,0.003378807883797603,320.17942057897005
2933,0.004165768348242194,73.85292787861381
2934,0.003278169936026176,68.95853540531397
2935,0.0032926064952949726,245.4707362111377
2936,0.0043238338524109144,72.6660608402421
2937,0.0035240304987382842,96.89603402783493
2938,0.004722919809864834,104.9940879029033
2939,0.002770850193436194,62.33504544937996
2940,0.00342398609950943,323.25897300550224
2941,0.003383737847997737,316.3444199619362
2942,0.002371958171916676,30.60979777989628
2943,0.0025468013398665715,146.62332719306102
2944,0.002172232629291871,253.81516938790804
2945,0.002436466400852201,254.06198194215736
2946,0.002250438340215436,179.2867624020358
2947,0.002414808133066471,174.61257074615244
2948,0.00210327786318347,250.03812893508436
2949,0.0033682873378123846,94.47354077180134
2950,0.002385509963810014,100.53502967307791
2951,0.0027295394585552728,256.32506602376463
2952,0.0030275590017820723,59.7419027708928
2953,0.0029741318291179107,99.09776543528376
2954,0.003235372961836714,142.7052252237279
2955,0.00281989599956588,328.6317765208684
2956,0.003153959335494702,45.359242968541345
2957,0.0026369295246014496,325.3710623369618
2958,0.0022015009841633284,254.67696010362417
2959,0.0028070139399506704,62.01643431058995
2960,0.0028133213733051144,256.95910212683344
2961,0.002203941373816884,30.435153480296975
2962,0.002746489436421226,334.7653170871523
2963,0.0020833277381265922,97.76048058507465
2964,0.0020177785571642696,139.67861768191693
2965,0.0012927231994048082,27.94452082045201
2966,0.0032624016004220153,322.59441269245275
2967,0.0030403619546293266,59.048486477217274
2968,0.0028591813573716676,181.76420272544283
2969,0.001685003173902673,48.71347902747599
2970,0.0032197579171638195,43.06759677436396
2971,0.0036372969506627078,171.60693280170622
2972,0.003935860008333783,95.69409643345824
2973,0.0024914868326132737,46.75756673353616
2974,0.004270613775168805,93.28530843710037
2975,0.00364825956140268,178.1331430562837
2976,0.003522879145131841,58.10340095333413
2977,0.0034922724197543682,61.293971650939
2978,0.003982321542725213,101.34334585489376
2979,0.0034377160603249537,163.5529524799778
2980,0.00348897770231112,171.87392433173653
2981,0.003690498033701245,60.661757046258124
2982,0.003493095337229446,315.1015802884514
2983,0.003734056233805792,145.50028788915358
2984,0.002739846030057048,48.75569123832669
2985,0.003342029684093994,60.14311621573113
2986,0.003539582959135241,135.86004282752012
2987,0.0027488567224485997,327.48058623783214
2988,0.002260465715547061,180.90118691364853
2989,0.002149948461811942,58.232132137586404
2990,0.002438812081071402,252.2811117072525
2991,0.0030314186152605484,57.638242834241076
2992,0.004608241630194243,45.56961942391276
2993,0.0031543675611797974,56.146346509119674
2994,0.0018397689504176065,77.70409095339835
2995,0.003921262244917811,96.39091351980234
2996,0.0029306672578431423,138.96032393416817
2997,0.003824411125606275,46.27436500038011
2998,0.001517018928505673,31.790045918716203
2999,0.004975443551302305,94.40944020243568
3000,0.003986427523172174,254.39565284313866
3001,0.003761092602732018,102.22511096866036
3002,0.003647338408291503,175.95019273719006
3003,0.003092774035248633,325.7636053457872
3004,0.003203071387464746,138.77874737943935
3005,0.0021082381079560782,42.92151996300389
3006,0.0030811481352626484,77.92142795641624
3007,0.003095996375822534,98.56260112611425
3008,0.002653470699276023,255.8644989566536
3009,0.003808068522505045,31.36473933096035
3010,0.002356575252750501,326.14993128216986
3011,0.002198155960665747,324.98636764308975
3012,0.0022362623901667385,255.31015481733849
3013,0.0019238790973383974,173.685190438808
3014,0.0021127221705345496,171.1393303439048
3015,0.0023496844166356052,61.033810594080364
3016,0.002188486985677905,328.5362271833062
3017,0.0018377966023124187,76.44931911684714
3018,0.0019751475138528388,74.20513157903034
3019,0.004238129323728233,61.412117976838545
3020,0.0024159278454788644,259.6831203805852
3021,0.0020092409461292186,45.85438530813441
3022,0.0030129767881882934,144.9392715708716
3023,0.0023446124606589314,320.51399143458
3024,0.0027119314300098514,72.24804026197991
3025,0.0020345395485154645,181.42236149562424
3026,0.0026840139965536984,78.9911883647838
3027,0.003060215798706684,44.74655140569224
3028,0.004371896396729757,46.96797292605839
3029,0.0028867297610518016,149.8978150789538
3030,0.0020677666862783635,44.96676861958633
3031,0.003203007933651944,42.70918589961767
3032,0.0031023678783285162,321.5892600991944
3033,0.004382469479100171,59.19390599414507
3034,0.004401255911418667,176.5736796120726
3035,0.004791513573356246,28.31193896070327
3036,0.0034237583140950423,253.69685221242804
3037,0.002353452699396057,60.789759887169396
3038,0.0036095750334026433,322.28297301741776
3039,0.003433835771259402,57.99702149765952
3040,0.004007507903581202,172.3628487908373
3041,0.005015775926122759,44.35890550697955
3042,0.003500926502605833,324.91843848881865
3043,0.003673732216570484,45.52116156021741
3044,0.003334997873935208,100.09582590233632
3045,0.0033358333980273032,45.387719605625165
3046,0.0025710472684575226,101.17472397253034
3047,0.003076658312116687,178.35268933606815
3048,0.003246640347662413,104.06579580728848
3049,0.004388945752981346,75.22738638124491
3050,0.0029429234867383853,254.8628501001481
3051,0.003200682446084802,320.94793044442315
3052,0.002262893304772737,246.9720578711144
3053,0.002137401238255337,134.24917878872887
3054,0.001625757327404907,58.835546524783666
3055,0.002059170632836302,73.84845967385361
3056,0.00383783584266755,64.22287268428836
3057,0.003922939379884377,71.21897778446021
3058,0.0048191348687396385,44.6431488648503
3059,0.0033198285610314296,105.41099733667193
3060,0.002619868146400128,29.71762776393634
3061,0.0032566639018960343,329.83076147437686
3062,0.002893799393693281,256.89201067532474
3063,0.0030483501340660443,182.37783141178923
3064,0.0029653888618318327,99.24825015426272
3065,0.002609465670021189,331.992762702781
3066,0.002639679941362497,73.01995026280876
3067,0.004335513124494134,73.6323196819227
3068,0.0032840113445231933,179.55633735203392
3069,0.002624081374499799,262.8321339789124
3070,0.0022698006319282846,100.63377338537126
3071,0.0022696482893601586,180.2814208477153
3072,0.0035819553742674707,41.84006228866612
3073,0.0025603294959090266,332.39139397366097
3074,0.002018920799782596,331.7532434815966
3075,0.002456110651110066,75.74613251906462
3076,0.003008592335637501,61.10753238035449
3077,0.002462179206649743,331.7254051656303
3078,0.003999569672330459,27.244157214189936
3079,0.0030557032906075054,255.69025830792813
3080,0.0034721734814824727,48.369536611926044
3081,0.003369306649172079,93.42326161468812
3082,0.0032740935684369807,97.29941033829436
3083,0.0036717639384071595,43.51185712318552
3084,0.0027888571495796113,255.3684766267737
3085,0.003423919324222239,258.19957972243463
3086,0.002921508923965779,29.04278849541663
3087,0.002319232443546417,145.53145337333453
3088,0.00359213997299693,48.024887709177506
3089,0.0035738830867426867,184.43292664086377
3090,0.0033010643629429828,178.8671086009699
3091,0.0028228563126337486,251.8947186163972
3092,0.00270417023337079,105.362659259105
3093,0.003004612750561305,170.26329772700572
3094,0.0022777901628781455,249.1856059916727
3095,0.0037390888131552413,70.33863446007724
3096,0.002840405226191345,30.618917658563525
3097,0.00247058233384143,264.0469921414197
3098,0.002236213148685943,332.0398745949408
3099,0.002671454529429956,257.1953678821747
3100,0.002773035242253999,42.48729170451683
3101,0.002244214855514637,175.3248427781953
3102,0.0035331914623384364,77.90941489713617
3103,0.003083031148569614,246.97409178770155
3104,0.0033933398851579773,44.25213561398543
3105,0.002946232315750692,73.74383690245024
3106,0.0035761872575799858,58.98145936584436
3107,0.003736327067809515,104.98270145122785
3108,0.0036402904274993866,30.331997897596633
3109,0.005649678910091238,104.30092777201348
3110,0.004041080092571702,172.42903278151724
3111,0.003670512767541441,146.02389424118354
3112,0.003879033196084639,131.45066652157513
3113,0.0036346882941969043,75.49314381978155
3114,0.004018017003620547,186.79150821669032
3115,0.0030976915102754092,77.32104150777461
3116,0.003242467418693615,104.31859848029409
3117,0.003098155810697326,139.91754439359286
3118,0.0031340261695834374,257.554039632039
3119,0.0026375642914486393,47.98198619714535
3120,0.0020058636893799274,30.89917662735784
3121,0.004001166746043915,71.73961572358384
3122,0.0034124231381039076,180.83790152887843
3123,0.0032193212792726187,322.3201547447475
3124,0.0028132081913390347,185.4281582775667
3125,0.0026581369210233845,141.48749908790205
3126,0.0031735237571899155,143.58174907254187
3127,0.0022643680332409314,251.0916652116897
3128,0.0019555355718207275,244.27066948753085
3129,0.0019865920982466406,184.49717527928019
3130,0.0017035860862155544,143.07279441391074
3131,0.003891627434561749,44.232704029130076
3132,0.0023336599386067935,182.8269071955371
3133,0.002932748697213387,31.713850812516604
3134,0.0029802269506268826,317.70218005789786
3135,0.005239047158252576,31.91181184430367
3136,0.005983662422734377,28.27291550549884
3137,0.004080484299598718,265.06251742806603
3138,0.00406231772172634,30.508327606659545
3139,0.0026329687925527204,60.30022749844729
3140,0.004005617976396488,141.83310507001568
3141,0.0031084522580951328,79.38486135998862
3142,0.003997810781136669,329.2230050517672
3143,0.002687281965028862,253.23490586265706
3144,0.0028443642063363263,136.9925805891117
3145,0.002387263224744869,264.70817901080886
3146,0.0024721545003285913,332.415202456049
3147,0.0026509702313723023,138.74313830630965
3148,0.002077585892874521,79.21843898490397
3149,0.003997885331539121,62.37217742018489
3150,0.004240782066269524,47.783373511474174
3151,0.003878367419203043,141.19540933939308
3152,0.004122282416721793,73.8744234200314
3153,0.003993630370412295,102.43518749406064
3154,0.001987735445833426,49.0333639299882
3155,0.004815051907015103,77.16340032817016
3156,0.0036023941473354954,32.544290529531565
3157,0.0028263175222141747,102.836537377959
3158,0.004833041942116239,137.38051595909894
3159,0.004770251725166814,256.32487977280294
3160,0.0029746286986125398,60.02082687919747
3161,0.003162928844164141,135.06849405210005
3162,0.004845866226910525,78.52239343294892
3163,0.004509523851210394,336.0538162536593
3164,0.0030434409277404484,94.57275292721623
3165,0.002950606434092304,144.49997739245575
3166,0.004132583054049943,57.703063254404825
3167,0.003434162204644668,70.23279445429652
3168,0.0028768901159527955,256.68254484401564
3169,0.0027150478180346066,186.22548119714529
3170,0.002129179083444257,58.90305916713568
3171,0.0030587050297505368,139.7753057382203
3172,0.0028600147248283264,60.64057956000155
3173,0.0028036345926536507,133.66836121148165
3174,0.0025215575631396163,143.32397772704724
3175,0.002119159001202056,181.9739009334971
3176,0.002097783699298947,183.99995042471508
3177,0.0030425597158964465,251.17160494978012
3178,0.0020181354514869766,327.1947480731289
3179,0.0028220969138188098,47.631880917787555
3180,0.002170181559481064,28.544838356928096
3181,0.0024656740896226927,101.42672654315302
3182,0.0024217830468109816,140.82227571044703
3183,0.0024489226847277225,142.41442143260068
3184,0.003617064929524015,69.98730809168933
3185,0.001739605142132417,76.35986484835259
3186,0.0019125235204972507,45.0431379090379
3187,0.0057019077666572646,73.44282018587475
3188,0.0034989796043770516,46.763919821994236
3189,0.004138434186142329,327.53023374496314
3190,0.0032525167964370222,324.99174767821444
3191,0.0030812936666070774,78.17431012313628
3192,0.0026248047654987136,103.22654066515581
3193,0.003828914556050159,29.162535928104393
3194,0.003147326949441725,262.15735314489837
3195,0.0035022576470008313,32.23317060190085
3196,0.003938026805950689,42.622000690661764
3197,0.0043277782368366735,73.51027221187115
3198,0.003547817832441069,44.671056809428315
3199,0.004330320871353301,69.51071371298306
3200,0.003949667921934286,187.9371538830653
3201,0.003444414765012047,252.45141983283074
3202,0.0036965470139683687,263.39819570077805
3203,0.003751028606011032,140.8630028585334
3204,0.003947806836301673,42.54989408790515
3205,0.002833631712327098,97.1595550548298
3206,0.002713054648281777,337.39085124200403
3207,0.002924865901211703,55.94328191649566
3208,0.0029951774066086564,47.164822717700304
3209,0.0027174231487991233,105.10544330800971
3210,0.0036797931650260187,72.76144075506684
3211,0.002627714263656923,49.150210655681576
3212,0.002835284554651524,329.375496003575
3213,0.002875166146866869,179.60860617801086
3214,0.0029185477381939895,48.069028626895175
3215,0.00306766996987249,69.96164927623407
3216,0.0025136471988596236,44.468151266081364
3217,0.002671699845401186,74.21860605160737
3218,0.002844296590724141,30.594141733731902
3219,0.003974385937908664,31.185217128253285
3220,0.004242750173755761,32.491245690972605
3221,0.004774682716554801,30.453614610945742
3222,0.004017165243713929,147.1642739668395
3223,0.005375089560305285,332.5687832192245
3224,0.004501358704477421,47.65208700342091
3225,0.007314966642297804,28.856792399170356
3226,0.007097774900545561,76.84583468227511
3227,0.005720291345161228,62.133134139168085
3228,0.005058068167457705,54.44315650459716
3229,0.006694488524928978,30.117143181688185
3230,0.0053343308251679045,259.7083052026752
3231,0.005353616508388876,61.618814659557316
3232,0.0038253452281612134,29.164700458094917
3233,0.004769785461168544,33.55547504864382
3234,0.005412716298576862,32.591275988210356
3235,0.0045570298299186535,323.2998696352125
3236,0.00330498558544989,335.5592995282166
3237,0.004371188372746913,29.815772860421696
3238,0.004010379396626936,112.39515153717463
3239,0.0031616856992804595,175.83008932025862
3240,0.0029510940240842004,262.8351530011637
3241,0.0025911453021891105,256.6045297947183
3242,0.002468035776257886,59.23155185004671
3243,0.0022422615587594317,187.06559762236228
3244,0.0017234905264621344,30.509102494469563
3245,0.0029749524094497886,76.78484461533124
3246,0.0030631548245834824,99.38708619071998
3247,0.0034517060357757146,47.88139095574116
3248,0.003443603224515881,340.18909311850007
3249,0.004181066899429818,72.70332958790404
3250,0.003859414759062929,107.96100925761635
3251,0.002855913926230807,44.37663979084896
3252,0.0021005173510440563,44.72063106511956
3253,0.0034607432785993,76.40744385357992
3254,0.00500470196201489,249.9092361723633
3255,0.005285001030692051,75.30744296699197
3256,0.004365612364848415,73.69125369171718
3257,0.0032227295072376505,107.4356243162065
3258,0.0027862434693941333,29.182817878244304
3259,0.0053873672991126805,56.0695575088954
3260,0.005624940344352728,74.87869904613443
3261,0.0034229053438598524,174.90930259112682
3262,0.0032034720281376517,335.9402108713653
3263,0.002768293404482341,257.35393605959536
3264,0.0030001846245241155,340.0088705656045
3265,0.0023499507851926123,184.13842639616678
3266,0.0025461623575984294,332.2695900625273
3267,0.0022796372013666978,133.27535926418648
3268,0.002566773332161504,106.36073834261757
3269,0.0022160659317360743,29.33952785700218
3270,0.0030125569007498965,180.71761866823508
3271,0.0031671123139168787,142.3839567985022
3272,0.0027140615469969077,149.47752628567665
3273,0.0029787498920055846,143.6473139811013
3274,0.003031748064534712,176.98672629906838
3275,0.002791894618335041,109.75498410468715
3276,0.003608507697896818,73.57998306777608
3277,0.003662864833503091,259.2466372307224
3278,0.002974336517423129,136.9546816944953
3279,0.0026013176073826027,340.90663322311934
3280,0.002483761531490604,140.25298233425323
3281,0.002814159890879594,145.11249555454953
3282,0.0036513344485853342,60.919864397976575
3283,0.0019512129390556045,30.578891272469694
3284,0.0033261191344314974,66.36939872239311
3285,0.0035298586156588025,145.33369214972717
3286,0.003286606719447048,182.60329961763918
3287,0.003048982405219319,103.78225563484982
3288,0.0034201958404668463,60.230707298308836
3289,0.002934980213448043,338.0788471672772
3290,0.003455563132543614,64.02143589362254
3291,0.003479970868214038,104.8437227852604
3292,0.0025564783127393497,264.42217412456205
3293,0.0021311455489669176,330.87178215969885
3294,0.0016918893894841392,76.70795710318777
3295,0.0013788397720481012,30.39862303704071
3296,0.0024320611853166246,260.43527950426125
3297,0.0030403278526416845,107.80544489354759
3298,0.0019957722147045326,337.06247638417386
3299,0.003075603921576564,28.510160449158963
3300,0.003759112533631336,105.1551778335987
3301,0.0030332397782022796,64.0565667701997
3302,0.0027993177191773305,332.6813914513885
3303,0.0034678703189718898,144.0828183291995
3304,0.0036649981852220027,143.31778280383082
3305,0.002429526270961188,337.94263163043047
3306,0.0015371255450934934,46.83160947117447
3307,0.0028024516672978525,181.00240419817447
3308,0.002083955329375197,34.12627205037914
3309,0.0018059472189132317,29.588376315290706
3310,0.004568671468019848,59.401921046704395
3311,0.0032702786616396595,75.82049950179487
3312,0.0036848667728649797,147.94971021113832
3313,0.003739934979139121,31.35342627342056
3314,0.002780155891889228,74.94082251567346
3315,0.0036166114703125975,77.01280851307268
3316,0.002946314479597333,186.32734505661728
3317,0.004932889758988908,48.13668789267222
3318,0.004244528808579996,182.04815633816617
3319,0.004065956646909712,31.45933829957776
3320,0.0034628578371642084,82.19610637054087
3321,0.004690020409892076,262.06739115262786
3322,0.0034990786128651905,333.57033798374675
3323,0.004175555434519962,59.529147424767324
3324,0.0025123525845599866,338.4583449190974
3325,0.002334934892568411,265.2672058919199
3326,0.0014947973586109024,106.62919252056332
3327,0.0019886597677106106,62.62657271694885
3328,0.0016803272574665933,332.93718070782444
3329,0.002558402026317288,104.99368940091139
3330,0.0030539540692354258,47.02430940081176
3331,0.003641536956188324,58.77336370153762
3332,0.0023862993376618778,193.817361746504
3333,0.001671781176670405,109.52649438965017
3334,0.0028234375405330726,108.5896119312422
3335,0.0021898273995939748,256.29296192094574
3336,0.002809319339995944,93.12733493915091
3337,0.004794551225717503,63.615253817757576
3338,0.003108719289570519,330.26026132818737
3339,0.002723448828198056,335.80012863083056
3340,0.0032683281933097563,59.3375993557475
3341,0.0023749453702104754,148.73114131836604
3342,0.003666302257029615,44.853004146105825
3343,0.002318917607610893,182.82698607441054
3344,0.002221465731334979,135.4486722593186
3345,0.003219015725265378,105.970222142467
3346,0.0033542515766630705,72.52292309793754
3347,0.005562196944083553,45.85871500660687
3348,0.003251140231535003,190.06115208450007
3349,0.005128947885003237,46.51073932193121
3350,0.004706230522658841,144.67166242511468
3351,0.003301244309813438,103.01507349136327
3352,0.005378823937546971,183.15668934711874
3353,0.002951861426166803,106.64723562098546
3354,0.0020527118709155316,50.09433682340947
3355,0.0035245958017846783,46.45644704394194
3356,0.004153888463611431,266.20996376083536
3357,0.003088585413194269,63.40019657047834
3358,0.002922991964204322,105.37751325160093
3359,0.003670793623900222,145.11313915841956
3360,0.0025621277071932493,151.97715489148172
3361,0.003055898425694014,341.38629017428264
3362,0.0025453502797024834,261.8659299027544
3363,0.001691740329763504,187.59572810947898
3364,0.001591825875961226,266.42779188545654
3365,0.0017666975046185225,49.34965353177888
3366,0.003451445296657487,107.82989337021009
3367,0.0025590440491214395,81.69406351860525
3368,0.002425424275405559,270.33304638808846
3369,0.0010758995495993517,31.487163813201935
3370,0.0025123999229859,345.3987423944046
3371,0.003928938291375578,44.96266835856902
3372,0.002568663238842831,186.20197704715488
3373,0.00279958494521105,185.45746683845542
3374,0.0027518544435412786,29.331470183197588
3375,0.005376062245193033,63.43323944376454
3376,0.0029298908399122757,183.35212520737392
3377,0.0029599168442381897,149.35329347525862
3378,0.0036416997877281665,136.3170629860274
3379,0.0030056373664568104,77.11251288337088
3380,0.003916428303735022,100.80017460699472
3381,0.005273621042102479,31.465117883238953
3382,0.004562235391921573,32.63443821904422
3383,0.004362569031723917,62.26862117311453
3384,0.0038602212320845764,251.01206091125394
3385,0.003834863468549908,148.6060214338878
3386,0.004586907183888584,144.52799385008186
3387,0.003216148022077575,109.18359499218906
3388,0.0050522165706338865,45.8161189616872
3389,0.004888594062352747,149.0295260388261
3390,0.004695914191940504,103.44403585493207
3391,0.0032964260467281594,337.83613762148667
3392,0.003788848352802321,337.27319369460656
3393,0.0020760914373213536,66.29722855557628
3394,0.0027805230236378816,270.3046431669536
3395,0.0026614634194798386,184.8030225384817
3396,0.0027592223321754807,103.15469719444822
3397,0.0022117517451001965,61.01809323698546
3398,0.0024732960818588433,264.43991633954363
3399,0.0037692116751775573,60.21072788442697
3400,0.002374084193189941,145.85131990684806
3401,0.002130765127243574,177.43799238992278
3402,0.0022181534025933125,337.254226556331
3403,0.0021185996738006985,143.10342610910192
3404,0.0019652348642482356,30.067343342727803
3405,0.0022842736614242217,151.9216832054239
3406,0.00314630114924232,108.24772703406352
3407,0.0017473381794535286,59.51261645885571
3408,0.0029405199903383126,60.58225887622452
3409,0.002460715762440073,46.457260272651034
3410,0.0029119192641100184,61.394435825734554
3411,0.003291517268842333,330.02399323872004
3412,0.002955177693417079,270.5724899169583
3413,0.003530724465667142,191.9920135656467
3414,0.0024029411264770537,179.54198186238415
3415,0.001872463260388287,265.24176182068186
3416,0.002083877640714114,32.12865620081872
3417,0.00262790403307261,340.58983240650144
3418,0.002703084496612608,189.00176490684018
3419,0.001966248804568875,32.56240578753018
3420,0.002789799371355834,333.1342876372458
3421,0.002776428375281034,152.11680548221895
3422,0.0033311765673088617,31.355595075656687
3423,0.0027655033198554745,348.98446582498144
3424,0.002656230491001307,50.89738704890926
3425,0.00271332882417679,77.30308635609815
3426,0.0029690747831129837,108.1638193410978
3427,0.0010833060022660307,31.993177900164763
3428,0.002739224674568071,139.21051859974284
3429,0.005379458334819238,76.35885823803837
3430,0.004255097670372294,182.80063573428637
3431,0.0033907497846305105,351.68638483236504
3432,0.003633013943097187,104.02144372292248
3433,0.003137746392090216,107.48938765925799
3434,0.002802544566153441,100.42853223599457
3435,0.003205503483987856,271.26538684650603
3436,0.005505359191220585,58.79981512466337
3437,0.0035819994062244484,63.35857252756331
3438,0.00267804005999586,103.75631027752648
3439,0.0028760167424971353,78.57119639405144
3440,0.002926330221224955,60.06414186669333
3441,0.002484409644424331,62.62924076360644
3442,0.004012538384035297,191.11592552371195
3443,0.003970288587587806,337.9044606243701
3444,0.0034486820517781167,77.0471804111264
3445,0.002528805825088207,179.66584977361083
3446,0.0023709362897254603,104.61509594907827
3447,0.0023354762574244793,182.91075147393536
3448,0.002120319646021073,180.58007128665093
3449,0.0024194968592882375,266.0436368453621
3450,0.0022360060352632862,267.02618946427117
3451,0.0014300861958904064,33.53294620395798
3452,0.00313244563499288,60.06979236083986
3453,0.002454889156707423,190.46668271226014
3454,0.002481070904965376,106.70664407703464
3455,0.003032416591632285,262.1377145433594
3456,0.004295274644686583,77.05426707746894
3457,0.002257847448604058,182.8754989183873
3458,0.002368540468572497,342.85327009609847
3459,0.001985577053923228,273.73523624140364
3460,0.0014831424805282084,343.99510106846463
3461,0.0016101934197158207,76.78744747855183
3462,0.0012794670456687213,30.515749692871598
3463,0.0026690267450074035,107.33683253809278
3464,0.0028735145564545797,73.87484861085446
3465,0.003270720502699148,106.45632256830615
3466,0.0023151036821346537,266.8491259773662
3467,0.0016528825193302976,75.82817192286818
3468,0.0033794166685600594,50.469005953993005
3469,0.0018648174813340845,59.55477752906884
3470,0.0033623623641718856,63.83590265991147
3471,0.0026772524722438336,32.00370078868258
3472,0.006012534306599695,62.510369216669865
3473,0.0038906656288951315,33.798040570817626
3474,0.0036289679958295988,150.71951226133262
3475,0.0033746597293577143,73.84626121424556
3476,0.003597225565290549,348.7495624959841
3477,0.0031811537036415317,31.386649011975212
3478,0.0035963218673467794,63.38249571278933
3479,0.003542653385485325,268.1804537212724
3480,0.003067674806928706,180.2199188363725
3481,0.00413446610358593,103.15885779372299
3482,0.0033258005149380894,78.7836040498889
3483,0.002754898276142524,187.11368653022583
3484,0.0021106810731485967,190.37011505968468
3485,0.005127388243305508,49.00289880774089
3486,0.0033064714796357574,103.33434547249986
3487,0.0027569048250236255,145.02685662608815
3488,0.003192509363590531,181.83992738296342
3489,0.0027005207811618167,181.36832577007482
3490,0.0016006790481862315,49.06242209436132
3491,0.0017375089639621176,31.24181610233497
3492,0.003017568930862209,273.21652026389705
3493,0.0034552920193873125,64.12935322169594
3494,0.002252697914064158,273.5871868151263
3495,0.0032001707094407765,58.58075373290058
3496,0.002754771052423166,47.49593011576833
3497,0.003922485262217041,183.57153688873834
3498,0.004565582518340749,82.1637990007717
3499,0.003111069885735688,271.79304053282044
3500,0.003298274922205574,183.68347380461853
3501,0.0022984433072854972,189.9355453708695
3502,0.002517505971940759,348.36333262656206
3503,0.0028652697648990184,152.91772714262913
3504,0.002617833384745707,80.07451424360717
3505,0.0016593663059556376,32.421506221053704
3506,0.002091010295181469,73.4610250581742
3507,0.0020604965001708273,269.0290339958742
3508,0.0036027770197156663,107.41794700516951
3509,0.0024684744779682353,265.53883539030676
3510,0.006868930840373023,31.755050692590252
3511,0.0029567558917285206,259.15917247430485
3512,0.0032706714481219664,274.39329112186624
3513,0.002767234703795336,190.8229245192961
3514,0.001565406521161916,335.5642269107487
3515,0.002427527924391796,269.9642637463534
3516,0.0017421435132605502,269.59989020848974
3517,0.0017967729868516849,31.69273544849065
3518,0.002160055049036188,187.91825666355936
3519,0.0015654516820963551,66.44507861326818
3520,0.0018497769424111292,78.0016840472273
3521,0.0027480577714221665,266.36316931643773
3522,0.0030217790417993175,275.8700093449089
3523,0.002986573099854429,273.99939643500056
3524,0.002697129111486272,107.94757792010778
3525,0.003122896754505816,104.68806451435799
3526,0.002655699772853248,147.28377180829648
3527,0.0011357504548776256,66.31655984372345
3528,0.0025017969987857214,103.00798001383116
3529,0.003271787652180538,62.93419996676672
3530,0.003016209765239462,103.47978115038812
3531,0.003838663895416383,150.56080920233478
3532,0.0031440044271802596,180.78283082983828
3533,0.003601045852271702,47.0892788364448
3534,0.004893771339001515,44.63734588178945
3535,0.004942426487104967,31.166892635854488
3536,0.004398456929498055,151.13680421472066
3537,0.0034079897118253553,266.10421025657763
3538,0.0038549241239188205,142.5703561127861
3539,0.002708784837075674,357.89541128785817
3540,0.002574070534253006,273.9528212225434
3541,0.0025129288759421645,147.8860365697794
3542,0.003480420380552552,63.87335633609763
3543,0.0019920451812294243,265.49244669335906
3544,0.0028102036472563876,106.18970118267673
3545,0.002126001103264776,272.65203803135347
3546,0.002243924410031843,186.24745513896596
3547,0.004024281652728577,31.223616901900243
3548,0.0029988356076626524,29.139164969017465
3549,0.004939299041168475,31.280785362573113
3550,0.0025480752543239438,271.2684296670654
3551,0.003518676774897008,101.66288228948726
3552,0.005478029970806253,31.23746141130099
3553,0.004680355141907647,79.02151398307299
3554,0.003981709156505531,46.20850581820657
3555,0.0034991498053471137,185.59280415067963
3556,0.0028953992655260663,104.99404283685448
3557,0.004315765423033836,28.188451822186728
3558,0.006263067260575058,44.99422045645388
3559,0.00440342597360254,152.32026119601696
3560,0.003202704966319401,180.35378327176494
3561,0.004018242020312504,29.895377906303136
3562,0.003543498247931008,151.3112954436468
3563,0.0069306802856615455,31.880426225883415
3564,0.003910307475135513,349.48015202004774
3565,0.002789850693256678,349.4119340904198
3566,0.002027289864740787,268.02070073969077
3567,0.002235743298280075,145.9652797413526
3568,0.00213900097516601,106.58331422419732
3569,0.002771780162769598,149.38262220627692
3570,0.0019678785095077157,64.61312770225965
3571,0.0031532281554665148,65.31561121726156
3572,0.002096240266035824,65.55133946102515
3573,0.0027750769958518064,148.1211927856798
3574,0.002634707138550484,30.08979888579277
3575,0.003207610129067579,149.20804340507976
3576,0.0037596265371094514,342.7974460602508
3577,0.002538679676205393,62.8428295614138
3578,0.004300929331720726,146.74823416756226
3579,0.0031198635331600453,78.91120805995871
3580,0.004501538923759037,62.36724707838848
3581,0.002806756260011949,75.14259688429587
3582,0.0034383827991074545,46.48683538431776
3583,0.004457348135639966,48.30044934206593
3584,0.0038113788353218974,267.8383323157572
3585,0.003141550826242294,75.81904927790005
3586,0.003749844508327198,189.5919888383645
3587,0.0032997815104508503,344.9757133001311
3588,0.003111607967946691,76.17732845523358
3589,0.004321575108160441,75.30029794594608
3590,0.0029042933382342766,354.20464882189225
3591,0.0015347828213973919,63.95671647147812
3592,0.0019822446375573318,45.74305431233277
3593,0.003545910618315149,75.00460625038934
3594,0.003977083607593559,62.21111392079482
3595,0.003441284869040828,45.73349206383799
3596,0.0042732563461630214,154.21865662483302
3597,0.002102846715896996,62.95425151704809
3598,0.002938081657773112,109.75838035032395
3599,0.0026378943285747477,352.4961074206506
3600,0.004199938090805209,61.413631524277314
3601,0.003244112591468573,150.3641019104742
3602,0.0032444948794703014,59.49068205772705
3603,0.00344676926628877,44.93612364463514
3604,0.002737837041874304,147.87866133179344
3605,0.0035502462750693817,187.60531216487638
3606,0.003885286146036491,184.24203246421877
3607,0.0034259955785291944,145.2355480185299
3608,0.0037485991887561713,44.6806587732884
3609,0.0029286787272568976,186.1671820310316
3610,0.003693429891052464,193.6252831276551
3611,0.003674844848162671,29.410924492359005
3612,0.004164670971399805,61.351432288774724
3613,0.0046372182397794075,31.003363938101312
3614,0.002059351349089411,79.5993599917578
3615,0.006174627690720749,77.94999137805821
3616,0.004000243975181008,363.18289019205713
3617,0.002908887901365484,30.94051450110169
3618,0.005257855998272796,47.64829096565548
3619,0.0032682148945381274,111.31643034108805
3620,0.003982320456801775,78.1307084613299
3621,0.004150243381115037,44.8877826723473
3622,0.00389634216047013,104.32075389804835
3623,0.004391521811004155,275.78859485298227
3624,0.0034154578209338996,146.22772106535913
3625,0.0038041715928682543,32.62710922547221
3626,0.003726989883713467,282.19717328702154
3627,0.003572615807736928,276.05629923756925
3628,0.0050300827777461496,107.24595061592751
3629,0.0044235437172605524,29.291434283177896
3630,0.003753411429582999,104.87640077676296
3631,0.001953070890923007,63.96067736688976
3632,0.005075632519508182,32.84655900361031
3633,0.0040300399884251195,80.58236071249956
3634,0.004105651738211883,64.62324586800707
3635,0.0058754005334445865,46.805535755519635
3636,0.004199983518981416,193.09866951938415
3637,0.0034006934169302505,144.18442898907023
3638,0.0042465511074083594,75.26590307500294
3639,0.0035296322326796854,354.88853768896047
3640,0.00434516959215286,102.85118151982331
3641,0.003323396487322613,269.5411369967639
3642,0.00327871108071952,149.11133190928186
3643,0.0034434366820363686,146.40552410250402
3644,0.002161402147412154,349.734749221567
3645,0.0021093139971939804,345.5735759975974
3646,0.00295494295739642,195.3881587785492
3647,0.0015078995430402838,49.20859149015187
3648,0.002759058144837366,192.82848304860394
3649,0.0028099600620127884,107.997235990555
3650,0.002821636360539952,106.70941444464609
3651,0.002640562554314768,63.750518331321025
3652,0.0030035998841889057,150.52370725334907
3653,0.0038117378697023123,144.93164568991656
3654,0.004347635861606626,31.727211322408223
3655,0.003716857734560239,198.79469287999518
3656,0.0037951834134306644,356.52368074987976
3657,0.004518920900763833,62.730991021645444
3658,0.0034061300558711548,147.1896510741332
3659,0.005194715531475735,107.86222646009016
3660,0.003398907603508464,192.13482192946532
3661,0.003615607676053785,75.16989888644805
3662,0.0031057122133601157,103.65853451633451
3663,0.0028591955354551665,48.1030137820952
3664,0.0035399830332887806,108.30073006906755
3665,0.002222506044341708,359.16111837771064
3666,0.001869912185942336,44.45851873412826
3667,0.002916621900125469,276.55834878412804
3668,0.0035917238675954814,47.7245349250421
3669,0.003186621945657199,65.63328631403068
3670,0.003317442125793408,77.04976041304475
3671,0.002350324401876688,50.54922995142529
3672,0.004164265034469773,76.23810875301302
3673,0.003198336990002694,81.41615569773334
3674,0.0034815506346667848,277.0853026932446
3675,0.003857433000711794,185.1424241848726
3676,0.0031671670547304847,152.19310207822437
3677,0.0030561011953783323,351.5742937543544
3678,0.0022897620910697068,272.4467808961872
3679,0.0021593948285224414,356.9673508042242
3680,0.001175514159308842,356.5658209743679
3681,0.0013742206331450936,46.33414396164006
3682,0.0012366874943003955,270.75735517045376
3683,0.0012975604716054725,48.044950068692614
3684,0.0030804165743547013,190.3717815943066
3685,0.002797525850837701,51.860548294345534
3686,0.0027622122743293357,356.7786560609035
3687,0.0018003777098453031,46.12105714807508
3688,0.0037532062263132752,46.93820342993008
3689,0.002904089347380663,50.09115122938285
3690,0.004964406823374106,32.85892277031814
3691,0.004232209991711828,100.39994705774053
3692,0.0035206564429513766,146.9668868198475
3693,0.003592933466467171,196.6863652091389
3694,0.002859694597530724,277.1240510358088
3695,0.003865758121471365,46.79498797486032
3696,0.0024571048084698513,103.25080920910389
3697,0.0031208603042076405,275.4665363499084
3698,0.0029418974052757606,199.18196228944544
3699,0.0019497100488636001,31.783334620544256
3700,0.002795967494989019,152.44572787551232
3701,0.0029106549594163406,150.40649007585736
3702,0.003409611436537617,147.8136393586433
3703,0.0025851159062485435,32.29006049354183
3704,0.002155959436727167,64.3361321410591
3705,0.0038465179730813805,145.04114513388492
3706,0.004199160119523438,191.2179105180068
3707,0.003862226220157889,195.07265549982233
3708,0.0056058431527147195,65.30878290210845
3709,0.0035645556657785877,75.31477462291151
3710,0.005130344529076152,76.55319317757306
3711,0.0023209588308136203,32.78454851974355
3712,0.0038802265500647464,140.75423338617856
3713,0.004188160230484224,358.2980685684533
3714,0.0030279664708291543,353.66147077779186
3715,0.0030180086099080962,60.485283477458346
3716,0.003656301737381992,50.39901911835454
3717,0.0028667847504579725,81.75874274949776
3718,0.00361714383448628,63.71941948612095
3719,0.004279254940219917,189.89977605325618
3720,0.004023507068484185,63.1540108613263
3721,0.002247130796604324,32.4673349123863
3722,0.003075774564371079,277.2877676907942
3723,0.003376183331717832,47.05677174049481
3724,0.0037009631697710764,186.64627885436354
3725,0.003622959214925896,111.81120587255319
3726,0.003136467507688722,188.02852610381296
3727,0.004674701042342742,80.10495467987387
3728,0.002190780857023944,31.725615572942072
3729,0.005694908817531541,32.19549884765892
3730,0.004801833807085551,107.6970201997306
3731,0.005241180297259582,147.67036739375462
3732,0.0038336920053398888,268.05577175479516
3733,0.002400466264150274,32.72571273355357
3734,0.003452106802551252,81.47900994312671
3735,0.0042412642491959,107.30831909211153
3736,0.004949340046658693,64.02955574085925
3737,0.003794249380999562,47.11050071322942
3738,0.0041695623207291446,80.79903733989165
3739,0.00373156923956845,80.8101589399662
3740,0.0034902717943810953,193.32075051055335
3741,0.003353129447610228,348.98401678819965
3742,0.0028883586430669644,276.39554883774565
3743,0.0037294411814223502,150.94567472505972
3744,0.0032763808434398156,105.33152986821476
3745,0.0042686617788686735,47.280559056148135
3746,0.002413215644697335,79.17745136348569
3747,0.002011728525968255,109.60354270450141
3748,0.0032122473732351395,186.99921529089696
3749,0.0022813051355435265,274.81077123914537
3750,0.0025580755132852636,33.2856616074952
3751,0.0024737332381667165,275.1510746916401
3752,0.0027310620143846686,153.7673339831842
3753,0.0036150760452623243,148.83406628243654
3754,0.002933418344083024,274.8178384953897
3755,0.002970461290307616,33.59139654900953
3756,0.0023899406771945636,82.61952597140387
3757,0.003318178088606642,45.94144230383657
3758,0.0029198578466037494,190.0707351674604
3759,0.0031844300186183857,272.53582866315986
3760,0.0038808644021628425,46.78458407885288
3761,0.003598088340123962,148.9474701944996
3762,0.004540142488622223,48.037976768409614
3763,0.004131352324359036,196.98153209363315
3764,0.0024757102597751496,62.21515204761309
3765,0.0035440438290203972,151.04402022822646
3766,0.0038102453035092584,271.46516843071316
3767,0.0022076400113592077,194.9738094244932
3768,0.003682217518172155,109.086358553775
3769,0.0038559112769595734,30.539205771483044
3770,0.003299968903898057,80.09970740198115
3771,0.004125592198422163,60.8003044935096
3772,0.0035751402423763287,191.0738235333191
3773,0.003056804914762471,149.97466944201486
3774,0.005048428537677331,30.539696317496702
3775,0.003622429392481089,64.46656235993368
3776,0.005878319782575339,48.31656049057792
3777,0.0033844306240609057,362.6502679698534
3778,0.0032857089683658936,195.64884068513732
3779,0.0028709622498533627,274.85221882370985
3780,0.003113736020273231,106.6637609200469
3781,0.0029528460968735585,44.415717009689565
3782,0.002248706163932354,363.32367225400145
3783,0.0028974331174234473,31.343885906022063
3784,0.002091072922727876,358.7666378680865
3785,0.0014773174196600074,151.92858373516432
3786,0.00209450453038538,361.218386696058
3787,0.0020264646222216435,147.9426765973308
3788,0.0025863897706060635,195.52134747348032
3789,0.0019944289037837357,30.258746348035174
3790,0.00366256847101377,76.85828430433686
3791,0.003109875798733864,367.18547249797183
3792,0.0031668192583557526,61.518091401966174
3793,0.0025803433166472064,110.38461231044913
3794,0.003820542677038413,51.56407124531828
3795,0.0033551881669148576,150.65118178841468
3796,0.002338553909919875,31.184470365284188
3797,0.0029211304874654626,359.7137276829536
3798,0.0017091428797036368,365.6939338031215
3799,0.002033341181975795,47.453443921392186
3800,0.0030299635940086913,198.6269706695941
3801,0.002907814102589376,151.46463160395362
3802,0.003135649650037028,65.59508437130481
3803,0.005032999857764386,33.311041493141936
3804,0.0031054929790384723,153.55038732038844
3805,0.0036849078867866127,151.23908409136192
3806,0.0035146062724111015,154.28266146254907
3807,0.0036725838918761577,144.46001479476755
3808,0.003271628575397511,33.74686617998731
3809,0.00414524787438623,276.2120462733584
3810,0.004299101345413174,106.69327351044413
3811,0.0028821797858309484,32.99693856326178
3812,0.004441090242504619,48.76952843981158
3813,0.003392144406739212,62.89569666814646
3814,0.004876079997955739,277.2718941998777
3815,0.004402190239427185,62.95253249609259
3816,0.005423165329006765,81.29175225589235
3817,0.004621403472775945,105.59902683874162
3818,0.004267569836827665,191.63193149259868
3819,0.003509908687577151,107.98456351962025
3820,0.003321735000863166,360.0876116194853
3821,0.00269587182868315,153.39341233979616
3822,0.0036164091860965445,47.563392141326545
3823,0.0033116498644490157,287.3639296859223
3824,0.0037737268813977163,150.0749597225366
3825,0.004468478000613316,64.61499843201706
3826,0.0028532155746674066,361.2969089850045
3827,0.002751287684077397,29.858062543485264
3828,0.0029120723014846406,65.14787877482809
3829,0.003060280229023348,359.1849069853614
3830,0.0027783833540659226,151.68232545601523
3831,0.0027637815963792935,150.2145141051691
3832,0.003084825364555015,152.10700274876282
3833,0.0028865735419402105,188.89381941687432
3834,0.004465413746762327,146.12213868000597
3835,0.003125571097950873,150.8668655223156
3836,0.00293816177601634,60.030783185920036
3837,0.002835544417637362,280.7347145500649
3838,0.0045855321468793436,30.8745147168022
3839,0.0034878580942089544,110.78701423389658
3840,0.0038180952022045505,61.040763306623894
3841,0.0043646330390001205,64.58633893534193
3842,0.0041914248015657634,76.62565853428573
3843,0.0034089777203737703,279.2525165820971
3844,0.003852207362727383,106.84053508842969
3845,0.0026159956266631275,45.86007310813528
3846,0.003639978160082103,367.57534087165817
3847,0.0016547443173712472,82.05469286649522
3848,0.0033178580298085826,283.68799698207806
3849,0.0022106625351468743,32.80320398590139
3850,0.0023623438335715957,276.3156189897999
3851,0.001962688072077548,364.09498340491575
3852,0.0015534512175773589,48.1480984592658
3853,0.002829921715353769,48.4056262531472
3854,0.002395415675674088,271.1211690367978
3855,0.0023026709523283236,79.67485528644346
3856,0.0022102744417769457,283.7216999606266
3857,0.002069027694356549,63.9578004428901
3858,0.0024453087760160945,280.9145652312877
3859,0.0023009677101908698,363.4035690762897
3860,0.0021199350645083968,148.76625636318727
3861,0.002123998841259521,363.08323400584607
3862,0.0017254986594560102,81.5655637954976
3863,0.0020571547690031787,113.63635359342409
3864,0.00213162283444035,279.27918114698076
3865,0.001834286694947178,110.47074750245801
3866,0.0014330049359089641,105.1488946526492
3867,0.0022447502237578887,64.8872296801788
3868,0.002922614865383366,198.3512005502402
3869,0.0038457624678253175,111.41579066432332
3870,0.003223318406032947,63.488919721515124
3871,0.003890653719855451,360.5113006401675
3872,0.00299757780944155,152.65315446874013
3873,0.0021168849868037545,32.528969634388794
3874,0.0029550118828626445,64.79254491399118
3875,0.004370420200224356,32.5133373018222
3876,0.0038948144570833576,65.37331896654909
3877,0.004147905229466605,154.0879535851579
3878,0.003217222113105278,363.65584317573854
3879,0.0029136837012039315,79.0846905286399
3880,0.004274377242311567,195.4779612931688
3881,0.0029711220615188886,46.45223561598504
3882,0.00255757849663496,63.157414316311936
3883,0.00409983911624688,80.095727321243
3884,0.003571798941461352,150.8772436418749
3885,0.0034644355624637918,365.2566967028709
3886,0.004430838747548232,81.67495166334507
3887,0.005669724298367312,64.22240238539528
3888,0.003359341350256602,33.38291422119498
3889,0.004666236454697916,155.52029667881715
3890,0.0037363586093306367,107.44418623635718
3891,0.0037660782781457135,362.9785451396016
3892,0.002800854942865377,279.21032872746486
3893,0.0028623153652681385,198.47566756983872
3894,0.0030713120830995716,199.6671680432319
3895,0.0030252310215333777,108.53032892916596
3896,0.003468762557200865,45.902880721929606
3897,0.0032149130915519928,278.8719144744722
3898,0.0023652858001780974,196.41217654190118
3899,0.0030871110967369453,279.8755839926587
3900,0.0024772032746960106,368.60171347308005
3901,0.002789963910753752,66.95179913138257
3902,0.0024321896770809113,196.07887816493238
3903,0.0018388482492051276,366.51281280047226
3904,0.0012376898394345166,110.67377787025319
3905,0.0019528987400711409,200.58199648713745
3906,0.0005779514697430634,47.750340632323976
3907,0.003196873442140688,285.72228507796063
3908,0.002118114501751155,50.6515830336264
3909,0.001260262539496828,48.13437975640061
3910,0.004712684479931466,33.09119441631259
3911,0.002965659275699951,112.87970271000593
3912,0.002211555268049465,30.658511732994832
3913,0.004181639070539258,62.6897030166071
3914,0.003707651458381196,109.35140981329864
3915,0.006258204422115691,108.22684024553767
3916,0.0050788776125702175,196.73560236372987
3917,0.0053032523067266645,33.32607195189265
3918,0.0040877184670325035,102.74192179468221
3919,0.005155833645665972,110.12727895688984
3920,0.004316677600195042,275.85855032184486
3921,0.0031098696864109323,105.3423218759866
3922,0.005086823509855277,159.65082228840083
3923,0.0035328227504151256,157.0055927314296
3924,0.002500152810404583,364.85780765606637
3925,0.0017511968322382223,275.08744279535443
3926,0.002053548775142714,61.916553171899956
3927,0.0032877654116005447,48.45514926480995
3928,0.0023383427288891086,370.25545345576717
3929,0.0028458268121043643,52.56769559861675
3930,0.0029819157531802403,195.0363362876382
3931,0.002186182168573855,199.71656399289182
3932,0.0032423461453941795,66.44508415685624
3933,0.002889280934804277,63.567767656453206
3934,0.0033737567908316965,116.7842836820566
3935,0.0030198996506429388,281.10549526827845
3936,0.0022839873172172355,366.1682704943907
3937,0.0018504909892348125,156.30695665061987
3938,0.00177059075500419,197.10865866476735
3939,0.001995231789140272,196.73087096454756
3940,0.0021309666070175644,45.82666273329119
3941,0.002049058600749701,366.8757864146774
3942,0.0017492772196567024,80.13899583149795
3943,0.002417212621501359,157.818159098941
3944,0.001424568159132308,62.34329339826437
3945,0.00197745225694654,109.46455110364718
3946,0.0024321160528061898,149.52847167250835
3947,0.0024234175782918642,193.9573611448193
3948,0.001859444813129124,77.30881653868433
3949,0.002950373677542546,197.10345415213908
3950,0.002800026475722853,30.65813148662356
3951,0.0028295176891389795,195.6185250353193
3952,0.0023252841327890705,113.32419970709168
3953,0.0029491936341736603,369.74366823639264
3954,0.00365863630016778,78.89383135598949
3955,0.002462769758366589,285.57377191789385
3956,0.0015416910113560595,66.28168106993216
3957,0.0024532570934996368,201.26830101752026
3958,0.002560873491988082,283.81260637945076
3959,0.0019221517192171322,200.42054819737638
3960,0.002048704872713258,280.759241222657
3961,0.0012562755231368195,31.244080397296962
3962,0.00384024022443401,278.55080036258084
3963,0.0022213111764265983,63.895952656084795
3964,0.0020628741625511216,369.62813899546984
3965,0.0021538170250051465,281.70320972165155
3966,0.0031723902410148424,156.57300257334703
3967,0.003866883695852682,63.58279508716173
3968,0.0027476872915006664,365.0512683985754
3969,0.001933598769530112,30.319732316940748
3970,0.00266573099055187,109.412692493398
3971,0.0046771297655976846,81.64972462004985
3972,0.0025792897111156414,281.52924783734596
3973,0.002784392586004987,111.53718903475216
3974,0.0025388062193965667,32.36069396034998
3975,0.003989940903958301,193.80584339902137
3976,0.00446578527341914,152.41020601769077
3977,0.0033863380349899185,200.03899076277918
3978,0.003639627948267294,371.4722799693966
3979,0.0036089682063779405,64.4417065965242
3980,0.003758663204011735,156.5170255956114
3981,0.002544341348751875,367.062662992042
3982,0.0023524225526980634,202.17984042041016
3983,0.0018479302583762967,113.14803264878424
3984,0.0019752071213738373,190.63944907460632
3985,0.0021678224370939112,109.48518335620874
3986,0.0018777580679533138,76.63497686448585
3987,0.00406262401547365,149.31873138912474
3988,0.0026233110571361926,81.92172008960407
3989,0.0028575344888427216,280.7735045794459
3990,0.0037329878848094407,67.01220210632322
3991,0.0036070257670298023,157.33115928630218
3992,0.003254280847536841,284.08225444565505
3993,0.003953357815204912,109.78154886321636
3994,0.0031807371508113793,77.8952469943936
3995,0.002967286598652356,80.52535614622295
