episode,regular_loss_mean_5seed_raw,ga_guided_loss_mean_5seed_raw,regular_loss_mean_5seed_smoothed_roll100,ga_guided_loss_mean_5seed_smoothed_roll100
0,0.064927,nan,0.015930,nan
1,0.030184,0.019827,0.015398,0.005486
2,0.030995,0.007824,0.015214,0.005337
3,0.027814,0.006749,0.015030,0.005307
4,0.023540,0.006058,0.014873,0.005288
5,0.021348,0.005282,0.014756,0.005263
6,0.020279,0.005686,0.014676,0.005254
7,0.020433,0.006113,0.014594,0.005239
8,0.020815,0.006807,0.014520,0.005220
9,0.020243,0.006039,0.014431,0.005195
10,0.017614,0.005586,0.014362,0.005171
11,0.020711,0.005435,0.014312,0.005168
12,0.019455,0.005652,0.014229,0.005156
13,0.018181,0.005322,0.014157,0.005139
14,0.016654,0.005944,0.014098,0.005127
15,0.016629,0.006459,0.014050,0.005097
16,0.014270,0.005851,0.014000,0.005068
17,0.018249,0.006391,0.013979,0.005048
18,0.016798,0.007004,0.013904,0.005023
19,0.016884,0.006716,0.013850,0.004991
20,0.017915,0.005822,0.013789,0.004959
21,0.016749,0.005944,0.013725,0.004952
22,0.018177,0.007482,0.013677,0.004940
23,0.016035,0.006549,0.013630,0.004919
24,0.016835,0.006604,0.013598,0.004900
25,0.016310,0.006096,0.013559,0.004876
26,0.014848,0.006411,0.013537,0.004856
27,0.018336,0.006610,0.013523,0.004838
28,0.015656,0.006062,0.013477,0.004819
29,0.016020,0.006654,0.013443,0.004800
30,0.016332,0.005581,0.013409,0.004798
31,0.015656,0.006904,0.013390,0.004803
32,0.015144,0.005693,0.013359,0.004789
33,0.014259,0.005514,0.013341,0.004783
34,0.013854,0.004841,0.013320,0.004781
35,0.013725,0.005736,0.013304,0.004783
36,0.016946,0.007404,0.013282,0.004775
37,0.016194,0.005887,0.013223,0.004737
38,0.014222,0.005712,0.013175,0.004727
39,0.016356,0.006263,0.013147,0.004720
40,0.015632,0.005438,0.013099,0.004704
41,0.013635,0.005825,0.013055,0.004700
42,0.015040,0.006188,0.013035,0.004681
43,0.014359,0.005160,0.013005,0.004657
44,0.014830,0.004983,0.012983,0.004644
45,0.013983,0.005758,0.012957,0.004631
46,0.015702,0.005563,0.012964,0.004608
47,0.013829,0.006413,0.012931,0.004598
48,0.015618,0.005742,0.012917,0.004576
49,0.014511,0.004702,0.012888,0.004565
50,0.013844,0.004616,0.012876,0.004566
51,0.014110,0.004368,0.012856,0.004560
52,0.014295,0.004663,0.012842,0.004558
53,0.012616,0.005592,0.012830,0.004556
54,0.013964,0.004823,0.012827,0.004541
55,0.013346,0.004136,0.012814,0.004532
56,0.013535,0.005302,0.012804,0.004529
57,0.013539,0.004337,0.012799,0.004526
58,0.015790,0.005012,0.012796,0.004524
59,0.014211,0.005009,0.012772,0.004515
60,0.013090,0.004426,0.012756,0.004499
61,0.012638,0.004635,0.012756,0.004500
62,0.013463,0.004666,0.012758,0.004491
63,0.013478,0.004698,0.012742,0.004489
64,0.013457,0.003982,0.012741,0.004482
65,0.014821,0.004355,0.012737,0.004479
66,0.012343,0.004426,0.012710,0.004484
67,0.013109,0.003779,0.012721,0.004480
68,0.013424,0.004054,0.012712,0.004481
69,0.014159,0.005061,0.012702,0.004479
70,0.013693,0.005156,0.012683,0.004463
71,0.013633,0.003853,0.012664,0.004448
72,0.012891,0.004597,0.012645,0.004448
73,0.013646,0.004933,0.012641,0.004439
74,0.013142,0.004205,0.012621,0.004422
75,0.012928,0.004145,0.012614,0.004423
76,0.012921,0.004312,0.012600,0.004416
77,0.013788,0.004117,0.012589,0.004409
78,0.012476,0.004796,0.012577,0.004402
79,0.014246,0.005083,0.012572,0.004402
80,0.012639,0.004839,0.012561,0.004387
81,0.012227,0.004924,0.012566,0.004379
82,0.014072,0.005762,0.012565,0.004368
83,0.013615,0.005104,0.012540,0.004346
84,0.013917,0.005422,0.012525,0.004334
85,0.013897,0.005210,0.012501,0.004316
86,0.012333,0.004700,0.012480,0.004295
87,0.012880,0.004520,0.012475,0.004286
88,0.014077,0.005377,0.012472,0.004276
89,0.012897,0.004568,0.012451,0.004261
90,0.012732,0.004964,0.012441,0.004255
91,0.014825,0.005194,0.012431,0.004245
92,0.012358,0.004775,0.012402,0.004230
93,0.013131,0.004530,0.012403,0.004224
94,0.012340,0.004723,0.012388,0.004213
95,0.013990,0.004334,0.012381,0.004203
96,0.012864,0.004421,0.012361,0.004197
97,0.013610,0.004114,0.012354,0.004197
98,0.012842,0.004792,0.012343,0.004197
99,0.012419,0.005227,0.012340,0.004195
100,0.011720,0.003678,0.012334,0.004185
101,0.011771,0.004889,0.012330,0.004191
102,0.012627,0.004833,0.012345,0.004192
103,0.012114,0.004848,0.012342,0.004187
104,0.011868,0.003619,0.012337,0.004184
105,0.013305,0.004395,0.012337,0.004190
106,0.012091,0.004176,0.012319,0.004198
107,0.013072,0.004153,0.012315,0.004203
108,0.011907,0.004310,0.012305,0.004196
109,0.013277,0.003705,0.012299,0.004192
110,0.012616,0.005242,0.012278,0.004195
111,0.012460,0.004222,0.012263,0.004179
112,0.012276,0.003967,0.012256,0.004179
113,0.012249,0.004158,0.012256,0.004174
114,0.011855,0.002867,0.012248,0.004173
115,0.011577,0.003559,0.012266,0.004184
116,0.012174,0.003922,0.012264,0.004184
117,0.010762,0.003895,0.012261,0.004173
118,0.011377,0.003727,0.012288,0.004170
119,0.010802,0.003517,0.012295,0.004173
120,0.011570,0.005208,0.012325,0.004178
121,0.011902,0.004688,0.012332,0.004161
122,0.013511,0.005367,0.012335,0.004154
123,0.012868,0.004722,0.012336,0.004144
124,0.012937,0.004150,0.012344,0.004138
125,0.014048,0.004141,0.012333,0.004127
126,0.013424,0.004566,0.012304,0.004120
127,0.013803,0.004668,0.012290,0.004108
128,0.012214,0.004221,0.012270,0.004100
129,0.012667,0.006485,0.012267,0.004092
130,0.014371,0.006070,0.012253,0.004055
131,0.012606,0.005514,0.012223,0.004033
132,0.013283,0.005047,0.012208,0.004016
133,0.012205,0.005315,0.012186,0.003999
134,0.012278,0.005009,0.012177,0.003986
135,0.011526,0.005020,0.012168,0.003978
136,0.011021,0.003580,0.012176,0.003966
137,0.011384,0.004817,0.012190,0.003968
138,0.011460,0.005026,0.012213,0.003951
139,0.011536,0.004691,0.012209,0.003938
140,0.011268,0.005004,0.012213,0.003927
141,0.011594,0.003953,0.012215,0.003915
142,0.012000,0.003821,0.012216,0.003916
143,0.012190,0.003874,0.012214,0.003911
144,0.012196,0.003686,0.012205,0.003907
145,0.014686,0.003378,0.012199,0.003912
146,0.012463,0.004591,0.012165,0.003907
147,0.012389,0.004249,0.012152,0.003898
148,0.012762,0.004617,0.012139,0.003893
149,0.013309,0.004800,0.012130,0.003889
150,0.011845,0.004022,0.012113,0.003880
151,0.012728,0.004152,0.012109,0.003877
152,0.013077,0.004472,0.012089,0.003867
153,0.012320,0.004049,0.012076,0.003854
154,0.012655,0.004005,0.012071,0.003845
155,0.012295,0.003751,0.012055,0.003840
156,0.013046,0.005069,0.012043,0.003832
157,0.013251,0.004099,0.012024,0.003817
158,0.013378,0.004092,0.012005,0.003812
159,0.012666,0.003432,0.011984,0.003808
160,0.013030,0.004497,0.011978,0.003814
161,0.012869,0.003767,0.011961,0.003801
162,0.011826,0.004452,0.011938,0.003792
163,0.013387,0.004001,0.011930,0.003777
164,0.013115,0.003706,0.011901,0.003771
165,0.012096,0.004869,0.011876,0.003764
166,0.013398,0.004028,0.011874,0.003751
167,0.012233,0.003876,0.011843,0.003746
168,0.012452,0.003805,0.011829,0.003741
169,0.012228,0.003505,0.011825,0.003739
170,0.011814,0.003601,0.011815,0.003733
171,0.011755,0.003913,0.011809,0.003738
172,0.012426,0.003644,0.011797,0.003734
173,0.011653,0.003314,0.011780,0.003745
174,0.012495,0.004291,0.011775,0.003752
175,0.011514,0.003460,0.011763,0.003751
176,0.011853,0.003613,0.011751,0.003758
177,0.012540,0.003345,0.011744,0.003758
178,0.011940,0.004817,0.011745,0.003767
179,0.013227,0.003597,0.011750,0.003750
180,0.013109,0.004017,0.011725,0.003751
181,0.012082,0.003803,0.011714,0.003749
182,0.011599,0.003576,0.011705,0.003755
183,0.012124,0.003888,0.011703,0.003763
184,0.011512,0.003619,0.011704,0.003761
185,0.011821,0.003114,0.011703,0.003772
186,0.011836,0.003788,0.011696,0.003778
187,0.012550,0.003612,0.011714,0.003783
188,0.011953,0.003850,0.011701,0.003787
189,0.011920,0.003947,0.011698,0.003791
190,0.011719,0.003956,0.011696,0.003788
191,0.011952,0.003679,0.011678,0.003785
192,0.012432,0.004189,0.011670,0.003785
193,0.011626,0.003456,0.011652,0.003777
194,0.011664,0.003694,0.011655,0.003782
195,0.011939,0.003714,0.011644,0.003785
196,0.012226,0.004414,0.011641,0.003790
197,0.012458,0.004117,0.011630,0.003785
198,0.012568,0.004593,0.011611,0.003779
199,0.011855,0.004313,0.011587,0.003773
200,0.011298,0.004186,0.011569,0.003775
201,0.013246,0.005005,0.011564,0.003774
202,0.012318,0.004329,0.011540,0.003766
203,0.011656,0.004545,0.011522,0.003765
204,0.011901,0.004305,0.011511,0.003753
205,0.011425,0.005195,0.011495,0.003740
206,0.011759,0.004676,0.011493,0.003721
207,0.012044,0.003414,0.011480,0.003707
208,0.011335,0.003861,0.011465,0.003706
209,0.011180,0.004068,0.011457,0.003703
210,0.011055,0.003632,0.011451,0.003695
211,0.011809,0.004187,0.011445,0.003692
212,0.012214,0.003489,0.011431,0.003690
213,0.011502,0.004092,0.011424,0.003692
214,0.013617,0.003897,0.011421,0.003685
215,0.011442,0.003574,0.011393,0.003684
216,0.011880,0.002852,0.011385,0.003684
217,0.013456,0.003623,0.011370,0.003690
218,0.012001,0.003968,0.011348,0.003691
219,0.013852,0.004073,0.011334,0.003687
220,0.012251,0.003431,0.011300,0.003687
221,0.012216,0.003992,0.011286,0.003692
222,0.013594,0.004425,0.011272,0.003692
223,0.013665,0.004057,0.011241,0.003685
224,0.011811,0.003129,0.011206,0.003676
225,0.011148,0.003383,0.011185,0.003675
226,0.012091,0.003382,0.011172,0.003669
227,0.011758,0.003911,0.011160,0.003664
228,0.011944,0.003363,0.011148,0.003658
229,0.011299,0.002782,0.011131,0.003652
230,0.011317,0.003932,0.011127,0.003649
231,0.011068,0.003747,0.011130,0.003642
232,0.011085,0.003361,0.011132,0.003636
233,0.011333,0.004027,0.011127,0.003631
234,0.011415,0.004238,0.011123,0.003623
235,0.012302,0.003768,0.011125,0.003615
236,0.012404,0.003791,0.011113,0.003614
237,0.013691,0.003149,0.011092,0.003615
238,0.011025,0.003686,0.011052,0.003622
239,0.011951,0.003569,0.011048,0.003629
240,0.011455,0.003885,0.011041,0.003639
241,0.011709,0.003977,0.011032,0.003651
242,0.011861,0.003337,0.011021,0.003659
243,0.011242,0.003484,0.011005,0.003670
244,0.011654,0.004162,0.011007,0.003674
245,0.011256,0.002913,0.010998,0.003673
246,0.011143,0.003688,0.010986,0.003679
247,0.011117,0.003740,0.010982,0.003679
248,0.011807,0.004213,0.010982,0.003676
249,0.011609,0.003895,0.010974,0.003670
250,0.011526,0.003784,0.010964,0.003666
251,0.010706,0.003146,0.010955,0.003665
252,0.011754,0.003117,0.010954,0.003669
253,0.011802,0.003155,0.010945,0.003669
254,0.011031,0.003564,0.010931,0.003671
255,0.011123,0.002935,0.010929,0.003668
256,0.011140,0.003505,0.010927,0.003677
257,0.011333,0.003636,0.010927,0.003675
258,0.011280,0.003743,0.010921,0.003676
259,0.012146,0.004019,0.010925,0.003681
260,0.011290,0.003162,0.010913,0.003676
261,0.010611,0.002910,0.010915,0.003684
262,0.010939,0.002952,0.010915,0.003693
263,0.010570,0.003398,0.010922,0.003693
264,0.010597,0.002971,0.010931,0.003697
265,0.011841,0.003532,0.010936,0.003710
266,0.010294,0.003556,0.010928,0.003718
267,0.010906,0.003349,0.010927,0.003722
268,0.012003,0.003618,0.010924,0.003731
269,0.011272,0.002951,0.010908,0.003735
270,0.011190,0.004101,0.010902,0.003746
271,0.010493,0.003504,0.010892,0.003743
272,0.010771,0.004756,0.010892,0.003745
273,0.011194,0.003940,0.010898,0.003734
274,0.011273,0.004264,0.010891,0.003725
275,0.010346,0.004159,0.010877,0.003722
276,0.011121,0.003627,0.010880,0.003709
277,0.012590,0.004159,0.010877,0.003705
278,0.012437,0.003138,0.010849,0.003696
279,0.010738,0.003740,0.010830,0.003698
280,0.012043,0.003788,0.010831,0.003693
281,0.011141,0.004422,0.010819,0.003681
282,0.011464,0.004329,0.010815,0.003674
283,0.012182,0.003711,0.010808,0.003671
284,0.011394,0.004717,0.010790,0.003677
285,0.011183,0.003749,0.010778,0.003661
286,0.013607,0.004255,0.010766,0.003657
287,0.011204,0.004058,0.010731,0.003653
288,0.011728,0.004204,0.010717,0.003654
289,0.011644,0.003632,0.010705,0.003658
290,0.009917,0.003691,0.010691,0.003660
291,0.011183,0.003632,0.010693,0.003661
292,0.010619,0.003415,0.010684,0.003658
293,0.011951,0.003970,0.010679,0.003656
294,0.010520,0.003966,0.010670,0.003647
295,0.011669,0.004250,0.010669,0.003643
296,0.011122,0.003902,0.010664,0.003637
297,0.010580,0.003560,0.010663,0.003634
298,0.010164,0.003978,0.010663,0.003632
299,0.010100,0.004540,0.010671,0.003622
300,0.010768,0.004029,0.010679,0.003608
301,0.010846,0.004259,0.010686,0.003603
302,0.010529,0.004162,0.010683,0.003603
303,0.010508,0.003412,0.010683,0.003595
304,0.010363,0.002980,0.010680,0.003592
305,0.011174,0.003284,0.010677,0.003597
306,0.010460,0.003257,0.010665,0.003598
307,0.010587,0.003370,0.010660,0.003600
308,0.010514,0.003502,0.010656,0.003600
309,0.010617,0.003295,0.010651,0.003593
310,0.010391,0.003362,0.010649,0.003590
311,0.010422,0.003951,0.010650,0.003589
312,0.011557,0.003658,0.010654,0.003582
313,0.011122,0.003421,0.010652,0.003578
314,0.010816,0.003788,0.010655,0.003569
315,0.010714,0.003587,0.010655,0.003563
316,0.010361,0.003426,0.010657,0.003561
317,0.011242,0.003753,0.010655,0.003558
318,0.010606,0.003552,0.010656,0.003556
319,0.010447,0.004095,0.010654,0.003553
320,0.010876,0.003907,0.010658,0.003545
321,0.010833,0.004005,0.010655,0.003542
322,0.010485,0.003682,0.010661,0.003536
323,0.010092,0.003168,0.010661,0.003525
324,0.009707,0.003013,0.010659,0.003538
325,0.009859,0.002791,0.010669,0.003544
326,0.010948,0.002939,0.010673,0.003545
327,0.010524,0.003238,0.010664,0.003547
328,0.010233,0.002821,0.010658,0.003547
329,0.010936,0.002429,0.010670,0.003553
330,0.011550,0.003296,0.010665,0.003562
331,0.011272,0.003107,0.010662,0.003566
332,0.010629,0.002862,0.010651,0.003577
333,0.010915,0.003273,0.010651,0.003593
334,0.011625,0.003362,0.010643,0.003592
335,0.011105,0.003683,0.010626,0.003592
336,0.010342,0.003900,0.010613,0.003595
337,0.009663,0.003895,0.010611,0.003604
338,0.010636,0.004357,0.010612,0.003599
339,0.011208,0.004611,0.010608,0.003589
340,0.010553,0.005094,0.010600,0.003577
341,0.010678,0.004715,0.010596,0.003557
342,0.010242,0.004476,0.010592,0.003542
343,0.011397,0.003849,0.010588,0.003529
344,0.010742,0.004109,0.010579,0.003519
345,0.010136,0.003488,0.010572,0.003508
346,0.010662,0.003671,0.010584,0.003506
347,0.011128,0.003441,0.010586,0.003511
348,0.011042,0.003635,0.010584,0.003513
349,0.010584,0.003503,0.010580,0.003514
350,0.010679,0.003707,0.010585,0.003518
351,0.010547,0.003467,0.010592,0.003521
352,0.010872,0.003156,0.010591,0.003523
353,0.010454,0.003301,0.010592,0.003529
354,0.010784,0.003304,0.010593,0.003536
355,0.010947,0.003841,0.010591,0.003545
356,0.011169,0.003339,0.010583,0.003548
357,0.010722,0.003714,0.010574,0.003560
358,0.011626,0.004251,0.010569,0.003556
359,0.011005,0.003456,0.010552,0.003551
360,0.011440,0.003979,0.010544,0.003554
361,0.010600,0.003852,0.010527,0.003543
362,0.011629,0.002938,0.010518,0.003533
363,0.011497,0.003831,0.010500,0.003540
364,0.011107,0.004260,0.010495,0.003531
365,0.011082,0.004270,0.010477,0.003520
366,0.010183,0.004045,0.010467,0.003512
367,0.010519,0.004238,0.010462,0.003503
368,0.010458,0.003957,0.010457,0.003494
369,0.010714,0.004095,0.010456,0.003494
370,0.010145,0.003755,0.010445,0.003491
371,0.010498,0.003707,0.010447,0.003489
372,0.011365,0.003639,0.010445,0.003490
373,0.010520,0.003084,0.010429,0.003486
374,0.009891,0.003959,0.010422,0.003489
375,0.010619,0.002848,0.010419,0.003479
376,0.010777,0.003220,0.010410,0.003486
377,0.009858,0.003306,0.010406,0.003489
378,0.010455,0.003268,0.010413,0.003495
379,0.010917,0.003289,0.010413,0.003498
380,0.010837,0.002567,0.010398,0.003503
381,0.010690,0.003737,0.010392,0.003517
382,0.010770,0.004067,0.010391,0.003519
383,0.010415,0.004247,0.010379,0.003518
384,0.010217,0.003104,0.010377,0.003511
385,0.009975,0.003415,0.010378,0.003519
386,0.010077,0.003805,0.010377,0.003520
387,0.009771,0.004137,0.010377,0.003523
388,0.010582,0.004683,0.010377,0.003525
389,0.010224,0.003832,0.010370,0.003515
390,0.010110,0.003733,0.010364,0.003511
391,0.010310,0.003359,0.010362,0.003506
392,0.010122,0.003162,0.010356,0.003508
393,0.011043,0.003073,0.010353,0.003505
394,0.010429,0.003650,0.010341,0.003509
395,0.011098,0.003606,0.010334,0.003504
396,0.011050,0.003634,0.010327,0.003500
397,0.010573,0.003322,0.010314,0.003494
398,0.010983,0.002988,0.010308,0.003489
399,0.010874,0.003105,0.010297,0.003487
400,0.011525,0.003556,0.010286,0.003488
401,0.010482,0.004309,0.010269,0.003480
402,0.010514,0.003318,0.010264,0.003462
403,0.010304,0.003080,0.010259,0.003457
404,0.009997,0.003536,0.010254,0.003455
405,0.009956,0.003345,0.010257,0.003450
406,0.009986,0.003442,0.010257,0.003449
407,0.010147,0.003353,0.010256,0.003444
408,0.010075,0.002891,0.010261,0.003445
409,0.010408,0.002926,0.010270,0.003454
410,0.010526,0.003315,0.010266,0.003465
411,0.010751,0.003199,0.010263,0.003471
412,0.011379,0.003299,0.010259,0.003474
413,0.011431,0.002539,0.010246,0.003475
414,0.010847,0.003167,0.010239,0.003488
415,0.010879,0.003407,0.010232,0.003500
416,0.010182,0.003138,0.010222,0.003500
417,0.011352,0.003507,0.010214,0.003509
418,0.010382,0.003208,0.010202,0.003507
419,0.010802,0.003342,0.010197,0.003507
420,0.010588,0.003653,0.010195,0.003506
421,0.011474,0.003364,0.010183,0.003496
422,0.010497,0.002551,0.010165,0.003497
423,0.009870,0.004527,0.010158,0.003499
424,0.010728,0.003575,0.010155,0.003486
425,0.010248,0.002911,0.010145,0.003484
426,0.009992,0.003098,0.010144,0.003486
427,0.010001,0.003254,0.010142,0.003483
428,0.011424,0.003453,0.010140,0.003486
429,0.010437,0.003330,0.010127,0.003479
430,0.011246,0.003633,0.010124,0.003482
431,0.010184,0.004268,0.010113,0.003486
432,0.010620,0.004417,0.010120,0.003478
433,0.010068,0.003169,0.010113,0.003468
434,0.009993,0.003376,0.010113,0.003472
435,0.009774,0.004037,0.010115,0.003478
436,0.010104,0.004758,0.010116,0.003475
437,0.009778,0.003356,0.010121,0.003464
438,0.010261,0.003375,0.010126,0.003464
439,0.010411,0.003412,0.010126,0.003472
440,0.010085,0.003125,0.010122,0.003469
441,0.010325,0.003245,0.010119,0.003474
442,0.009887,0.003093,0.010115,0.003471
443,0.010426,0.002936,0.010124,0.003477
444,0.010091,0.002954,0.010123,0.003481
445,0.011322,0.003297,0.010129,0.003491
446,0.010817,0.004171,0.010119,0.003507
447,0.010965,0.003619,0.010105,0.003503
448,0.010644,0.003804,0.010100,0.003499
449,0.011118,0.003868,0.010093,0.003495
450,0.011351,0.003960,0.010081,0.003491
451,0.010393,0.003740,0.010079,0.003489
452,0.011048,0.003687,0.010074,0.003488
453,0.010560,0.004027,0.010060,0.003487
454,0.010594,0.004163,0.010059,0.003479
455,0.010110,0.004156,0.010054,0.003478
456,0.010229,0.004562,0.010048,0.003470
457,0.010251,0.003345,0.010039,0.003471
458,0.009921,0.003716,0.010037,0.003473
459,0.010207,0.003820,0.010032,0.003475
460,0.009708,0.002823,0.010028,0.003470
461,0.009746,0.002860,0.010035,0.003472
462,0.009829,0.003595,0.010041,0.003486
463,0.010949,0.003024,0.010045,0.003488
464,0.009322,0.003155,0.010037,0.003492
465,0.010147,0.003421,0.010041,0.003496
466,0.009667,0.003171,0.010041,0.003491
467,0.009997,0.003311,0.010042,0.003497
468,0.010358,0.003981,0.010040,0.003497
469,0.009585,0.003755,0.010035,0.003496
470,0.010364,0.003578,0.010040,0.003494
471,0.010265,0.003824,0.010037,0.003496
472,0.009774,0.003229,0.010034,0.003494
473,0.009884,0.003391,0.010034,0.003500
474,0.009582,0.002953,0.010035,0.003494
475,0.009684,0.003539,0.010037,0.003498
476,0.010372,0.003475,0.010043,0.003490
477,0.010619,0.003917,0.010041,0.003483
478,0.010458,0.003594,0.010031,0.003474
479,0.009375,0.003819,0.010020,0.003465
480,0.010209,0.003957,0.010028,0.003457
481,0.010628,0.003923,0.010024,0.003443
482,0.009543,0.003953,0.010012,0.003433
483,0.010206,0.003551,0.010015,0.003419
484,0.010389,0.003920,0.010007,0.003412
485,0.009795,0.003551,0.009997,0.003405
486,0.010095,0.004039,0.009994,0.003400
487,0.009790,0.004410,0.009984,0.003398
488,0.009895,0.003635,0.009998,0.003384
489,0.009605,0.003385,0.009999,0.003382
490,0.009960,0.003239,0.010004,0.003376
491,0.009705,0.003602,0.009998,0.003372
492,0.009750,0.002895,0.009998,0.003364
493,0.009893,0.003420,0.009994,0.003364
494,0.009755,0.003214,0.009993,0.003361
495,0.010354,0.003131,0.009999,0.003360
496,0.009729,0.003055,0.009995,0.003356
497,0.009958,0.002857,0.009999,0.003357
498,0.009887,0.002741,0.009994,0.003364
499,0.009842,0.003260,0.009990,0.003372
500,0.009808,0.002730,0.009987,0.003374
501,0.009979,0.002474,0.009986,0.003384
502,0.009974,0.002838,0.009981,0.003394
503,0.009809,0.002869,0.009976,0.003393
504,0.010289,0.003095,0.009974,0.003395
505,0.009963,0.003194,0.009968,0.003402
506,0.009931,0.002908,0.009967,0.003408
507,0.010631,0.003447,0.009969,0.003418
508,0.010936,0.003836,0.009956,0.003415
509,0.010080,0.004047,0.009942,0.003409
510,0.010229,0.003892,0.009941,0.003400
511,0.010296,0.003476,0.009932,0.003397
512,0.010044,0.003411,0.009924,0.003401
513,0.010795,0.003894,0.009923,0.003414
514,0.010099,0.004361,0.009926,0.003417
515,0.009866,0.003360,0.009925,0.003408
516,0.009467,0.004012,0.009927,0.003418
517,0.010081,0.003316,0.009930,0.003411
518,0.009893,0.003275,0.009924,0.003419
519,0.010579,0.003172,0.009925,0.003422
520,0.009462,0.002710,0.009918,0.003426
521,0.009618,0.003431,0.009921,0.003434
522,0.009770,0.002748,0.009925,0.003433
523,0.009597,0.003210,0.009931,0.003445
524,0.009775,0.003404,0.009935,0.003449
525,0.010096,0.003108,0.009935,0.003449
526,0.009838,0.002800,0.009932,0.003456
527,0.009791,0.003566,0.009933,0.003468
528,0.010114,0.002785,0.009929,0.003465
529,0.010114,0.003551,0.009926,0.003468
530,0.010133,0.004102,0.009923,0.003462
531,0.010963,0.003477,0.009932,0.003455
532,0.009868,0.003403,0.009925,0.003457
533,0.010094,0.003562,0.009922,0.003460
534,0.010147,0.003945,0.009912,0.003452
535,0.009894,0.003763,0.009901,0.003442
536,0.010605,0.003598,0.009906,0.003438
537,0.010322,0.003441,0.009891,0.003445
538,0.010240,0.004114,0.009877,0.003444
539,0.009985,0.003132,0.009866,0.003442
540,0.009812,0.003623,0.009855,0.003440
541,0.009928,0.002987,0.009846,0.003432
542,0.010753,0.003644,0.009838,0.003430
543,0.010342,0.003344,0.009824,0.003426
544,0.010667,0.003949,0.009814,0.003425
545,0.010374,0.004953,0.009805,0.003413
546,0.009351,0.003745,0.009799,0.003397
547,0.010463,0.003179,0.009797,0.003394
548,0.009977,0.003395,0.009786,0.003392
549,0.009933,0.003535,0.009781,0.003392
550,0.011171,0.003738,0.009779,0.003392
551,0.009825,0.003582,0.009775,0.003386
552,0.009712,0.003655,0.009770,0.003385
553,0.010481,0.003219,0.009765,0.003386
554,0.010023,0.004084,0.009750,0.003386
555,0.009497,0.003339,0.009741,0.003375
556,0.009318,0.004679,0.009739,0.003367
557,0.010078,0.003551,0.009745,0.003351
558,0.009428,0.003863,0.009742,0.003346
559,0.009831,0.003304,0.009743,0.003338
560,0.010417,0.003068,0.009737,0.003334
561,0.010335,0.004227,0.009733,0.003335
562,0.010264,0.003815,0.009722,0.003322
563,0.010091,0.003397,0.009714,0.003320
564,0.009771,0.003581,0.009710,0.003317
565,0.010078,0.002943,0.009705,0.003313
566,0.009801,0.003733,0.009699,0.003312
567,0.009839,0.003367,0.009692,0.003308
568,0.009782,0.003823,0.009686,0.003310
569,0.010138,0.003555,0.009680,0.003304
570,0.010015,0.003813,0.009671,0.003306
571,0.009996,0.003550,0.009663,0.003301
572,0.009782,0.003841,0.009654,0.003297
573,0.009945,0.002787,0.009648,0.003291
574,0.009794,0.003430,0.009641,0.003303
575,0.010336,0.002742,0.009646,0.003306
576,0.010153,0.002722,0.009641,0.003307
577,0.009559,0.003024,0.009632,0.003309
578,0.009394,0.002733,0.009634,0.003311
579,0.010166,0.002981,0.009638,0.003313
580,0.009828,0.002551,0.009627,0.003313
581,0.009462,0.002899,0.009623,0.003326
582,0.009797,0.002633,0.009621,0.003326
583,0.009369,0.002814,0.009619,0.003327
584,0.009394,0.003168,0.009612,0.003327
585,0.009518,0.003117,0.009610,0.003331
586,0.009166,0.003800,0.009610,0.003332
587,0.011160,0.003052,0.009606,0.003338
588,0.009970,0.003408,0.009591,0.003342
589,0.010074,0.002785,0.009583,0.003342
590,0.009419,0.002841,0.009581,0.003354
591,0.009677,0.002772,0.009578,0.003359
592,0.009331,0.002898,0.009573,0.003358
593,0.009788,0.003134,0.009578,0.003363
594,0.010357,0.003113,0.009582,0.003362
595,0.009970,0.002721,0.009578,0.003367
596,0.010133,0.003192,0.009570,0.003392
597,0.009447,0.003498,0.009570,0.003395
598,0.009515,0.003543,0.009572,0.003397
599,0.009533,0.003495,0.009573,0.003390
600,0.009661,0.003736,0.009576,0.003382
601,0.009552,0.003476,0.009576,0.003378
602,0.009414,0.002719,0.009575,0.003371
603,0.009670,0.003119,0.009575,0.003372
604,0.009657,0.003795,0.009574,0.003368
605,0.009882,0.003765,0.009569,0.003360
606,0.010152,0.003947,0.009563,0.003355
607,0.009253,0.003095,0.009551,0.003348
608,0.009588,0.003267,0.009554,0.003349
609,0.009941,0.003144,0.009553,0.003351
610,0.009335,0.003546,0.009549,0.003354
611,0.009559,0.003940,0.009542,0.003360
612,0.009890,0.004692,0.009537,0.003359
613,0.011113,0.004194,0.009541,0.003342
614,0.009998,0.003448,0.009525,0.003336
615,0.010014,0.004338,0.009519,0.003334
616,0.009846,0.003361,0.009508,0.003324
617,0.009460,0.004042,0.009501,0.003330
618,0.009955,0.003625,0.009499,0.003320
619,0.009943,0.003606,0.009498,0.003311
620,0.009721,0.003511,0.009493,0.003300
621,0.009991,0.003343,0.009489,0.003298
622,0.010412,0.003857,0.009484,0.003300
623,0.010025,0.003650,0.009478,0.003293
624,0.009742,0.003424,0.009481,0.003292
625,0.009809,0.003793,0.009482,0.003293
626,0.009930,0.003961,0.009481,0.003291
627,0.009430,0.003291,0.009476,0.003281
628,0.009783,0.003117,0.009471,0.003282
629,0.009778,0.002886,0.009467,0.003285
630,0.011037,0.003407,0.009462,0.003286
631,0.010290,0.003681,0.009444,0.003288
632,0.009605,0.003731,0.009439,0.003294
633,0.008999,0.002775,0.009436,0.003296
634,0.009062,0.002921,0.009438,0.003298
635,0.010469,0.003389,0.009440,0.003304
636,0.009107,0.004301,0.009432,0.003306
637,0.008871,0.003370,0.009433,0.003298
638,0.009139,0.003892,0.009435,0.003295
639,0.008869,0.002899,0.009442,0.003286
640,0.008941,0.002877,0.009445,0.003293
641,0.009099,0.002719,0.009447,0.003298
642,0.009406,0.003299,0.009441,0.003298
643,0.009346,0.003238,0.009438,0.003291
644,0.009723,0.002698,0.009441,0.003283
645,0.009829,0.003383,0.009435,0.003286
646,0.009093,0.003401,0.009439,0.003284
647,0.009360,0.003050,0.009438,0.003282
648,0.009517,0.003379,0.009435,0.003289
649,0.009735,0.003516,0.009434,0.003296
650,0.010748,0.003151,0.009426,0.003294
651,0.009294,0.003434,0.009411,0.003298
652,0.009223,0.003811,0.009411,0.003298
653,0.009038,0.003181,0.009413,0.003302
654,0.009081,0.002990,0.009416,0.003311
655,0.009345,0.002568,0.009415,0.003316
656,0.009868,0.003029,0.009410,0.003329
657,0.009816,0.003071,0.009403,0.003333
658,0.009537,0.003084,0.009403,0.003338
659,0.009193,0.002853,0.009413,0.003337
660,0.009993,0.003232,0.009422,0.003346
661,0.009248,0.002917,0.009415,0.003344
662,0.009455,0.003637,0.009416,0.003349
663,0.009720,0.003093,0.009411,0.003344
664,0.009246,0.003179,0.009403,0.003347
665,0.009452,0.002857,0.009402,0.003354
666,0.009170,0.003308,0.009405,0.003359
667,0.009203,0.003545,0.009407,0.003364
668,0.009151,0.003263,0.009412,0.003359
669,0.009319,0.003699,0.009416,0.003371
670,0.009193,0.003363,0.009420,0.003370
671,0.009077,0.003090,0.009424,0.003368
672,0.009147,0.003233,0.009429,0.003367
673,0.009300,0.004076,0.009435,0.003364
674,0.010290,0.003640,0.009437,0.003348
675,0.009766,0.002935,0.009430,0.003346
676,0.009306,0.002848,0.009433,0.003350
677,0.009793,0.003243,0.009439,0.003357
678,0.009743,0.002951,0.009443,0.003355
679,0.009055,0.002963,0.009440,0.003362
680,0.009418,0.003840,0.009447,0.003364
681,0.009265,0.002966,0.009441,0.003357
682,0.009634,0.002664,0.009437,0.003362
683,0.008702,0.002822,0.009429,0.003371
684,0.009204,0.003627,0.009430,0.003384
685,0.009448,0.003128,0.009436,0.003381
686,0.008769,0.004449,0.009434,0.003378
687,0.009714,0.003456,0.009439,0.003363
688,0.009134,0.003389,0.009432,0.003358
689,0.009922,0.003996,0.009430,0.003355
690,0.009068,0.003367,0.009423,0.003363
691,0.009169,0.002639,0.009427,0.003364
692,0.009828,0.003431,0.009428,0.003372
693,0.010236,0.003047,0.009418,0.003375
694,0.009899,0.003562,0.009411,0.003378
695,0.009203,0.005263,0.009406,0.003371
696,0.010134,0.003501,0.009401,0.003353
697,0.009606,0.003684,0.009392,0.003352
698,0.009688,0.002791,0.009380,0.003353
699,0.009814,0.002741,0.009377,0.003361
700,0.009669,0.003280,0.009369,0.003372
701,0.009465,0.002832,0.009365,0.003375
702,0.009369,0.002805,0.009360,0.003387
703,0.009586,0.002700,0.009359,0.003393
704,0.009176,0.003012,0.009359,0.003395
705,0.009237,0.003225,0.009370,0.003392
706,0.008935,0.003316,0.009366,0.003389
707,0.009603,0.003155,0.009368,0.003390
708,0.009489,0.003462,0.009364,0.003398
709,0.009486,0.003485,0.009363,0.003405
710,0.008632,0.004162,0.009359,0.003413
711,0.009085,0.003797,0.009363,0.003408
712,0.010345,0.003034,0.009369,0.003417
713,0.009491,0.003529,0.009367,0.003427
714,0.009357,0.003274,0.009362,0.003432
715,0.008932,0.003331,0.009355,0.003437
716,0.009139,0.003932,0.009348,0.003444
717,0.009299,0.003046,0.009347,0.003443
718,0.009855,0.002719,0.009341,0.003456
719,0.009415,0.002582,0.009335,0.003474
720,0.009355,0.003218,0.009334,0.003482
721,0.009430,0.003617,0.009333,0.003492
722,0.009789,0.003118,0.009333,0.003491
723,0.010371,0.003566,0.009337,0.003498
724,0.009882,0.003503,0.009326,0.003492
725,0.009649,0.003573,0.009325,0.003484
726,0.009441,0.003005,0.009322,0.003481
727,0.008927,0.003397,0.009323,0.003484
728,0.009407,0.003357,0.009328,0.003484
729,0.009274,0.003075,0.009329,0.003490
730,0.009268,0.003541,0.009328,0.003497
731,0.009723,0.004328,0.009332,0.003514
732,0.009362,0.003914,0.009328,0.003517
733,0.009142,0.002973,0.009322,0.003515
734,0.009331,0.003481,0.009318,0.003522
735,0.009583,0.003595,0.009307,0.003523
736,0.009255,0.003537,0.009299,0.003532
737,0.009104,0.003069,0.009298,0.003533
738,0.009820,0.002935,0.009301,0.003531
739,0.009107,0.003694,0.009298,0.003541
740,0.009218,0.003328,0.009299,0.003542
741,0.008475,0.002722,0.009301,0.003545
742,0.009085,0.002604,0.009308,0.003552
743,0.009639,0.002478,0.009312,0.003561
744,0.009167,0.002921,0.009322,0.003573
745,0.010183,0.003218,0.009332,0.003575
746,0.009051,0.003163,0.009318,0.003578
747,0.009054,0.003818,0.009323,0.003574
748,0.009343,0.004009,0.009322,0.003574
749,0.008977,0.003383,0.009319,0.003567
750,0.009218,0.003511,0.009317,0.003564
751,0.009300,0.003470,0.009311,0.003557
752,0.009424,0.004199,0.009309,0.003555
753,0.009327,0.004067,0.009303,0.003547
754,0.008969,0.003446,0.009295,0.003537
755,0.008898,0.003919,0.009296,0.003537
756,0.009196,0.003406,0.009298,0.003527
757,0.009735,0.003630,0.009301,0.003521
758,0.010567,0.002981,0.009297,0.003522
759,0.010142,0.003709,0.009290,0.003521
760,0.009277,0.003059,0.009278,0.003520
761,0.009301,0.003375,0.009273,0.003524
762,0.009001,0.003114,0.009272,0.003526
763,0.008874,0.003398,0.009271,0.003532
764,0.009147,0.003892,0.009268,0.003531
765,0.009749,0.003364,0.009264,0.003531
766,0.009364,0.003837,0.009252,0.003534
767,0.009763,0.003073,0.009243,0.003526
768,0.009542,0.004447,0.009231,0.003530
769,0.009661,0.003529,0.009223,0.003517
770,0.009592,0.003175,0.009220,0.003521
771,0.009620,0.003000,0.009212,0.003527
772,0.009743,0.002916,0.009209,0.003539
773,0.009488,0.002511,0.009205,0.003550
774,0.009638,0.003494,0.009193,0.003564
775,0.010026,0.003303,0.009188,0.003571
776,0.009911,0.003499,0.009176,0.003581
777,0.010181,0.003053,0.009161,0.003593
778,0.009461,0.003632,0.009146,0.003609
779,0.009777,0.003174,0.009142,0.003628
780,0.008809,0.003204,0.009135,0.003646
781,0.008809,0.003409,0.009131,0.003654
782,0.008847,0.003619,0.009135,0.003668
783,0.008829,0.004127,0.009135,0.003676
784,0.009851,0.003323,0.009136,0.003680
785,0.009205,0.002817,0.009123,0.003682
786,0.009271,0.002925,0.009114,0.003692
787,0.008976,0.003005,0.009105,0.003702
788,0.008953,0.003034,0.009105,0.003708
789,0.009244,0.004804,0.009103,0.003723
790,0.009463,0.003445,0.009091,0.003715
791,0.009233,0.003419,0.009088,0.003718
792,0.008887,0.003753,0.009084,0.003714
793,0.009484,0.003388,0.009085,0.003706
794,0.009391,0.002830,0.009080,0.003709
795,0.008766,0.003474,0.009072,0.003717
796,0.009245,0.003389,0.009081,0.003729
797,0.008407,0.003773,0.009079,0.003730
798,0.009314,0.003586,0.009082,0.003727
799,0.009074,0.003906,0.009076,0.003727
800,0.009247,0.003565,0.009072,0.003726
801,0.008971,0.004059,0.009070,0.003723
802,0.009250,0.003335,0.009070,0.003723
803,0.009576,0.002918,0.009074,0.003718
804,0.010252,0.002695,0.009067,0.003724
805,0.008847,0.003000,0.009059,0.003734
806,0.009140,0.003343,0.009067,0.003739
807,0.009276,0.004007,0.009065,0.003742
808,0.009344,0.004090,0.009063,0.003735
809,0.009078,0.004364,0.009052,0.003733
810,0.009011,0.003606,0.009044,0.003717
811,0.009714,0.004675,0.009050,0.003717
812,0.010149,0.004125,0.009034,0.003703
813,0.009030,0.003965,0.009018,0.003700
814,0.008653,0.003776,0.009021,0.003693
815,0.008176,0.004058,0.009024,0.003689
816,0.009041,0.003866,0.009030,0.003689
817,0.008723,0.004339,0.009032,0.003682
818,0.009257,0.004469,0.009032,0.003672
819,0.009353,0.003425,0.009029,0.003657
820,0.009187,0.004170,0.009023,0.003661
821,0.009478,0.003546,0.009015,0.003655
822,0.010121,0.003851,0.009009,0.003651
823,0.009305,0.002898,0.008995,0.003643
824,0.009777,0.002698,0.008993,0.003644
825,0.009322,0.003351,0.008981,0.003648
826,0.009539,0.003237,0.008989,0.003658
827,0.009509,0.003445,0.008984,0.003662
828,0.009426,0.003952,0.008979,0.003665
829,0.009165,0.003769,0.008973,0.003662
830,0.009698,0.005215,0.008968,0.003653
831,0.009340,0.004591,0.008963,0.003634
832,0.008764,0.003742,0.008964,0.003626
833,0.008728,0.003669,0.008966,0.003626
834,0.008264,0.003643,0.008969,0.003629
835,0.008781,0.004450,0.008970,0.003636
836,0.009100,0.003634,0.008968,0.003629
837,0.009426,0.002859,0.008969,0.003633
838,0.009571,0.003958,0.008963,0.003642
839,0.009196,0.003810,0.008957,0.003640
840,0.009410,0.003568,0.008954,0.003636
841,0.009141,0.003478,0.008951,0.003639
842,0.009492,0.003512,0.008954,0.003651
843,0.010667,0.003623,0.008947,0.003655
844,0.010122,0.003178,0.008927,0.003659
845,0.008842,0.003446,0.008913,0.003664
846,0.009504,0.002810,0.008911,0.003662
847,0.008970,0.003788,0.008901,0.003671
848,0.009034,0.003362,0.008900,0.003677
849,0.008825,0.003097,0.008894,0.003678
850,0.008581,0.002770,0.008894,0.003682
851,0.009118,0.003269,0.008897,0.003697
852,0.008821,0.003364,0.008900,0.003702
853,0.008493,0.003057,0.008918,0.003705
854,0.009083,0.003488,0.008925,0.003709
855,0.009056,0.002924,0.008922,0.003708
856,0.009529,0.002764,0.008918,0.003713
857,0.009310,0.003751,0.008912,0.003712
858,0.009894,0.002863,0.008903,0.003715
859,0.008946,0.003595,0.008890,0.003720
860,0.008736,0.003476,0.008894,0.003719
861,0.009281,0.003592,0.008893,0.003718
862,0.008814,0.003683,0.008884,0.003714
863,0.008641,0.003394,0.008885,0.003710
864,0.008726,0.003865,0.008887,0.003715
865,0.008544,0.003657,0.008888,0.003705
866,0.008426,0.002990,0.008891,0.003697
867,0.008602,0.003477,0.008894,0.003698
868,0.008772,0.003177,0.008895,0.003698
869,0.009348,0.003921,0.008894,0.003700
870,0.008759,0.003756,0.008889,0.003699
871,0.009339,0.004199,0.008887,0.003700
872,0.009377,0.004025,0.008880,0.003691
873,0.008270,0.003932,0.008874,0.003695
874,0.009118,0.004194,0.008885,0.003694
875,0.008828,0.004344,0.008884,0.003689
876,0.008452,0.004627,0.008888,0.003684
877,0.008651,0.004726,0.008895,0.003676
878,0.009089,0.005505,0.008906,0.003665
879,0.009020,0.004971,0.008903,0.003649
880,0.008411,0.003977,0.008909,0.003633
881,0.009245,0.004820,0.008916,0.003622
882,0.008788,0.004382,0.008916,0.003606
883,0.008922,0.004544,0.008923,0.003594
884,0.008602,0.003568,0.008926,0.003579
885,0.008327,0.003773,0.008936,0.003572
886,0.008394,0.003990,0.008940,0.003571
887,0.008935,0.003606,0.008945,0.003561
888,0.008703,0.004436,0.008943,0.003559
889,0.008042,0.004019,0.008941,0.003548
890,0.009244,0.003778,0.008950,0.003538
891,0.008800,0.002991,0.008948,0.003539
892,0.008944,0.002953,0.008948,0.003543
893,0.009071,0.003683,0.008950,0.003545
894,0.008584,0.003699,0.008950,0.003539
895,0.009622,0.004657,0.008957,0.003536
896,0.009049,0.003516,0.008954,0.003517
897,0.008750,0.003398,0.008953,0.003523
898,0.008627,0.003664,0.008960,0.003535
899,0.008708,0.003774,0.008969,0.003533
900,0.009096,0.003249,0.008974,0.003531
901,0.008946,0.004046,0.008974,0.003538
902,0.009627,0.002816,0.008978,0.003535
903,0.008896,0.003545,0.008972,0.003539
904,0.009427,0.003715,0.008969,0.003538
905,0.009627,0.003443,0.008960,0.003539
906,0.008942,0.003674,0.008949,0.003535
907,0.009083,0.003307,0.008951,0.003523
908,0.008320,0.003938,0.008949,0.003526
909,0.008254,0.002752,0.008948,0.003512
910,0.009543,0.003628,0.008959,0.003517
911,0.008119,0.003275,0.008956,0.003515
912,0.008606,0.003797,0.008963,0.003524
913,0.009356,0.003256,0.008970,0.003522
914,0.008950,0.003372,0.008966,0.003523
915,0.008767,0.004018,0.008970,0.003533
916,0.009219,0.003182,0.008972,0.003528
917,0.008698,0.003359,0.008972,0.003528
918,0.009018,0.002956,0.008983,0.003529
919,0.008689,0.003799,0.008991,0.003534
920,0.008432,0.003654,0.008996,0.003533
921,0.008850,0.003082,0.009004,0.003533
922,0.008751,0.003059,0.009008,0.003542
923,0.009120,0.003016,0.009009,0.003549
924,0.008562,0.003117,0.009010,0.003558
925,0.010111,0.004351,0.009023,0.003558
926,0.009041,0.003581,0.009008,0.003549
927,0.008973,0.003754,0.009006,0.003549
928,0.008891,0.003666,0.009007,0.003550
929,0.008661,0.002920,0.009001,0.003547
930,0.009132,0.003264,0.009004,0.003554
931,0.009512,0.003800,0.009000,0.003555
932,0.008951,0.003720,0.008992,0.003552
933,0.009029,0.003943,0.008988,0.003542
934,0.008333,0.004411,0.008996,0.003536
935,0.008603,0.003729,0.009003,0.003521
936,0.009163,0.004013,0.009004,0.003515
937,0.008840,0.003763,0.009000,0.003499
938,0.009006,0.003794,0.009002,0.003487
939,0.008877,0.003345,0.009000,0.003481
940,0.009078,0.003949,0.009001,0.003478
941,0.009409,0.004685,0.008996,0.003470
942,0.008837,0.003864,0.008990,0.003451
943,0.008691,0.004020,0.008994,0.003447
944,0.008732,0.003708,0.009000,0.003435
945,0.008574,0.003229,0.008999,0.003428
946,0.008529,0.003660,0.009005,0.003427
947,0.008856,0.004426,0.009008,0.003428
948,0.008484,0.003464,0.009005,0.003424
949,0.008755,0.003548,0.009009,0.003422
950,0.008917,0.004263,0.009014,0.003425
951,0.009390,0.003752,0.009015,0.003416
952,0.010614,0.003677,0.009017,0.003415
953,0.009189,0.003420,0.008996,0.003415
954,0.008851,0.003395,0.008996,0.003410
955,0.008611,0.003375,0.008993,0.003406
956,0.008904,0.002658,0.008997,0.003402
957,0.008508,0.004084,0.008996,0.003398
958,0.008519,0.003374,0.009008,0.003393
959,0.009324,0.003523,0.009015,0.003391
960,0.008663,0.003378,0.009011,0.003383
961,0.008444,0.003183,0.009015,0.003381
962,0.008891,0.003310,0.009022,0.003382
963,0.008841,0.003885,0.009022,0.003379
964,0.008847,0.002841,0.009027,0.003374
965,0.008825,0.002818,0.009028,0.003374
966,0.008688,0.003157,0.009028,0.003379
967,0.008679,0.003407,0.009024,0.003380
968,0.008662,0.003408,0.009024,0.003373
969,0.008933,0.003792,0.009028,0.003364
970,0.008560,0.003915,0.009028,0.003356
971,0.008587,0.003261,0.009032,0.003349
972,0.008818,0.004462,0.009034,0.003348
973,0.009302,0.003769,0.009033,0.003341
974,0.009077,0.003698,0.009032,0.003341
975,0.009186,0.003846,0.009031,0.003337
976,0.009147,0.003904,0.009024,0.003331
977,0.009826,0.003557,0.009020,0.003326
978,0.008704,0.003889,0.009011,0.003320
979,0.009672,0.003450,0.009015,0.003317
980,0.009061,0.002864,0.009010,0.003320
981,0.009325,0.003185,0.009011,0.003324
982,0.009428,0.003204,0.009000,0.003326
983,0.009224,0.003065,0.008994,0.003327
984,0.009581,0.002825,0.008988,0.003333
985,0.008805,0.003645,0.008983,0.003336
986,0.008813,0.002984,0.008989,0.003332
987,0.008758,0.003422,0.008991,0.003340
988,0.008548,0.003331,0.008988,0.003347
989,0.008905,0.003082,0.008991,0.003344
990,0.009082,0.003845,0.008990,0.003346
991,0.008753,0.003349,0.008995,0.003340
992,0.009118,0.003155,0.008997,0.003338
993,0.009111,0.003087,0.008997,0.003334
994,0.009300,0.003449,0.008990,0.003341
995,0.009262,0.002690,0.008982,0.003348
996,0.009029,0.004190,0.008981,0.003357
997,0.009414,0.004533,0.008979,0.003353
998,0.009532,0.003493,0.008977,0.003347
999,0.009155,0.003537,0.008972,0.003354
1000,0.009144,0.004016,0.008973,0.003363
1001,0.009326,0.003709,0.008970,0.003370
1002,0.009001,0.003274,0.008967,0.003379
1003,0.008600,0.003378,0.008976,0.003386
1004,0.008535,0.003837,0.008974,0.003392
1005,0.008527,0.003027,0.008981,0.003392
1006,0.009131,0.002507,0.008984,0.003396
1007,0.008880,0.003559,0.008983,0.003408
1008,0.008279,0.002527,0.008979,0.003409
1009,0.009381,0.003283,0.008983,0.003416
1010,0.009245,0.003475,0.008978,0.003414
1011,0.008736,0.004145,0.008967,0.003417
1012,0.009399,0.003637,0.008966,0.003404
1013,0.008901,0.003354,0.008960,0.003399
1014,0.009344,0.004336,0.008955,0.003397
1015,0.008971,0.003512,0.008943,0.003384
1016,0.009219,0.003143,0.008941,0.003385
1017,0.009825,0.003483,0.008931,0.003389
1018,0.009785,0.003520,0.008921,0.003383
1019,0.009177,0.003659,0.008909,0.003388
1020,0.009292,0.003636,0.008903,0.003387
1021,0.009245,0.004026,0.008890,0.003387
1022,0.008797,0.003693,0.008882,0.003378
1023,0.009211,0.003972,0.008884,0.003373
1024,0.009913,0.003075,0.008878,0.003363
1025,0.008616,0.003451,0.008865,0.003366
1026,0.008856,0.003601,0.008866,0.003360
1027,0.009015,0.003813,0.008858,0.003358
1028,0.008339,0.003431,0.008850,0.003349
1029,0.008917,0.003591,0.008853,0.003350
1030,0.008694,0.003349,0.008854,0.003350
1031,0.008769,0.003517,0.008850,0.003349
1032,0.008530,0.002732,0.008844,0.003348
1033,0.009875,0.003358,0.008843,0.003350
1034,0.008960,0.002885,0.008827,0.003349
1035,0.008736,0.003134,0.008820,0.003348
1036,0.008787,0.002444,0.008821,0.003347
1037,0.009050,0.002533,0.008819,0.003354
1038,0.008802,0.003187,0.008820,0.003357
1039,0.008912,0.003092,0.008820,0.003361
1040,0.008616,0.003113,0.008816,0.003370
1041,0.008800,0.002827,0.008819,0.003363
1042,0.009262,0.003380,0.008820,0.003372
1043,0.009285,0.002887,0.008815,0.003369
1044,0.008601,0.002988,0.008816,0.003373
1045,0.009197,0.003147,0.008819,0.003372
1046,0.008838,0.003739,0.008815,0.003372
1047,0.008541,0.004015,0.008818,0.003371
1048,0.008939,0.003222,0.008827,0.003364
1049,0.009170,0.003915,0.008828,0.003363
1050,0.009098,0.003375,0.008828,0.003359
1051,0.009522,0.003572,0.008822,0.003362
1052,0.008566,0.003752,0.008817,0.003368
1053,0.009181,0.002864,0.008817,0.003365
1054,0.008546,0.003018,0.008811,0.003369
1055,0.009000,0.003010,0.008810,0.003374
1056,0.008772,0.002253,0.008801,0.003381
1057,0.009772,0.003537,0.008791,0.003396
1058,0.009161,0.003202,0.008777,0.003393
1059,0.008969,0.002758,0.008767,0.003398
1060,0.009062,0.003106,0.008758,0.003406
1061,0.009127,0.003267,0.008755,0.003411
1062,0.008896,0.003055,0.008748,0.003411
1063,0.009286,0.003345,0.008742,0.003414
1064,0.008964,0.002905,0.008737,0.003416
1065,0.008891,0.003310,0.008732,0.003423
1066,0.008280,0.003285,0.008726,0.003432
1067,0.008604,0.002637,0.008725,0.003442
1068,0.009092,0.002583,0.008726,0.003452
1069,0.008965,0.002983,0.008719,0.003460
1070,0.008908,0.003167,0.008714,0.003478
1071,0.008876,0.003178,0.008714,0.003483
1072,0.008644,0.003750,0.008708,0.003486
1073,0.009245,0.003795,0.008715,0.003488
1074,0.008990,0.003315,0.008712,0.003485
1075,0.008501,0.003219,0.008716,0.003490
1076,0.008742,0.003420,0.008716,0.003508
1077,0.008837,0.002973,0.008718,0.003518
1078,0.009171,0.003592,0.008713,0.003526
1079,0.009140,0.003686,0.008711,0.003522
1080,0.009195,0.003326,0.008709,0.003513
1081,0.008169,0.003389,0.008703,0.003509
1082,0.008832,0.003212,0.008711,0.003508
1083,0.008669,0.003684,0.008705,0.003507
1084,0.009038,0.003111,0.008709,0.003510
1085,0.009476,0.003264,0.008702,0.003508
1086,0.008939,0.003835,0.008697,0.003506
1087,0.008440,0.004050,0.008694,0.003494
1088,0.008849,0.003056,0.008691,0.003475
1089,0.008843,0.003301,0.008688,0.003477
1090,0.009545,0.003234,0.008685,0.003473
1091,0.008973,0.003128,0.008681,0.003478
1092,0.009135,0.002825,0.008682,0.003480
1093,0.008381,0.003727,0.008684,0.003484
1094,0.008550,0.004155,0.008687,0.003480
1095,0.009164,0.003627,0.008688,0.003466
1096,0.008796,0.003800,0.008683,0.003458
1097,0.009235,0.003928,0.008681,0.003450
1098,0.009084,0.004200,0.008674,0.003445
1099,0.009164,0.004386,0.008667,0.003435
1100,0.008852,0.004735,0.008670,0.003426
1101,0.009059,0.004615,0.008673,0.003413
1102,0.009885,0.003950,0.008672,0.003402
1103,0.008467,0.003943,0.008657,0.003390
1104,0.009144,0.003847,0.008656,0.003379
1105,0.008848,0.003498,0.008651,0.003371
1106,0.009019,0.003688,0.008646,0.003373
1107,0.008551,0.003694,0.008632,0.003374
1108,0.008623,0.003194,0.008632,0.003369
1109,0.008852,0.003089,0.008628,0.003363
1110,0.008223,0.003782,0.008622,0.003361
1111,0.008602,0.002827,0.008625,0.003362
1112,0.008765,0.003083,0.008619,0.003367
1113,0.008475,0.003194,0.008612,0.003370
1114,0.008102,0.003008,0.008609,0.003365
1115,0.008727,0.003661,0.008605,0.003371
1116,0.008310,0.003514,0.008606,0.003367
1117,0.008775,0.002945,0.008611,0.003369
1118,0.008569,0.003937,0.008616,0.003372
1119,0.008629,0.003633,0.008615,0.003364
1120,0.007951,0.003586,0.008617,0.003357
1121,0.008437,0.003151,0.008624,0.003352
1122,0.008993,0.003151,0.008627,0.003352
1123,0.008596,0.003039,0.008625,0.003355
1124,0.008693,0.003363,0.008622,0.003360
1125,0.008698,0.002835,0.008621,0.003366
1126,0.008020,0.003395,0.008620,0.003372
1127,0.008245,0.002886,0.008631,0.003378
1128,0.008664,0.003513,0.008644,0.003388
1129,0.008979,0.003634,0.008644,0.003390
1130,0.008308,0.003238,0.008639,0.003388
1131,0.008160,0.003446,0.008644,0.003389
1132,0.008387,0.002903,0.008648,0.003390
1133,0.008261,0.003258,0.008652,0.003408
1134,0.008300,0.002774,0.008661,0.003414
1135,0.008891,0.003016,0.008663,0.003420
1136,0.008533,0.003184,0.008665,0.003426
1137,0.009160,0.002825,0.008675,0.003426
1138,0.008778,0.003566,0.008675,0.003445
1139,0.008535,0.004039,0.008676,0.003449
1140,0.008919,0.002433,0.008690,0.003443
1141,0.008909,0.003639,0.008690,0.003457
1142,0.008783,0.003129,0.008693,0.003455
1143,0.009379,0.003308,0.008698,0.003467
1144,0.008843,0.002877,0.008692,0.003474
1145,0.008848,0.003177,0.008694,0.003482
1146,0.009075,0.003579,0.008693,0.003483
1147,0.009479,0.003341,0.008695,0.003485
1148,0.009077,0.003089,0.008692,0.003490
1149,0.009100,0.003576,0.008685,0.003499
1150,0.008546,0.003666,0.008678,0.003497
1151,0.008961,0.004131,0.008681,0.003495
1152,0.008635,0.003468,0.008673,0.003486
1153,0.008546,0.003286,0.008672,0.003479
1154,0.008430,0.003533,0.008665,0.003484
1155,0.008159,0.003658,0.008668,0.003483
1156,0.007774,0.003811,0.008672,0.003483
1157,0.008336,0.003164,0.008679,0.003479
1158,0.008187,0.003714,0.008683,0.003488
1159,0.008040,0.003592,0.008687,0.003485
1160,0.008819,0.003552,0.008695,0.003486
1161,0.008415,0.003278,0.008690,0.003489
1162,0.008241,0.003399,0.008699,0.003493
1163,0.008835,0.003517,0.008706,0.003494
1164,0.008393,0.003565,0.008702,0.003495
1165,0.008316,0.004281,0.008705,0.003504
1166,0.008229,0.004236,0.008713,0.003501
1167,0.008718,0.003701,0.008716,0.003497
1168,0.008368,0.003343,0.008723,0.003492
1169,0.008398,0.004776,0.008724,0.003491
1170,0.008987,0.003687,0.008728,0.003477
1171,0.008219,0.003451,0.008725,0.003480
1172,0.009342,0.003989,0.008727,0.003479
1173,0.008961,0.003476,0.008721,0.003478
1174,0.009378,0.003850,0.008718,0.003487
1175,0.008482,0.004995,0.008717,0.003489
1176,0.008937,0.004392,0.008724,0.003475
1177,0.008344,0.003822,0.008718,0.003467
1178,0.008980,0.003202,0.008718,0.003457
1179,0.009002,0.002757,0.008708,0.003458
1180,0.008585,0.002887,0.008702,0.003464
1181,0.008899,0.003311,0.008704,0.003469
1182,0.008312,0.003160,0.008701,0.003466
1183,0.009068,0.003975,0.008702,0.003472
1184,0.008261,0.002919,0.008695,0.003462
1185,0.009027,0.003051,0.008698,0.003461
1186,0.008591,0.002571,0.008697,0.003464
1187,0.008180,0.002149,0.008695,0.003478
1188,0.008593,0.003250,0.008699,0.003496
1189,0.008484,0.002938,0.008701,0.003498
1190,0.009165,0.003763,0.008701,0.003500
1191,0.009077,0.003278,0.008691,0.003494
1192,0.009317,0.003293,0.008687,0.003487
1193,0.008663,0.003235,0.008679,0.003487
1194,0.008690,0.002848,0.008684,0.003488
1195,0.008647,0.002788,0.008682,0.003489
1196,0.008600,0.002986,0.008690,0.003489
1197,0.008571,0.003463,0.008692,0.003498
1198,0.008397,0.003163,0.008695,0.003499
1199,0.009438,0.003531,0.008694,0.003501
1200,0.009142,0.003388,0.008682,0.003503
1201,0.008914,0.003492,0.008673,0.003505
1202,0.008437,0.002744,0.008669,0.003504
1203,0.008353,0.002870,0.008669,0.003517
1204,0.008673,0.003093,0.008673,0.003531
1205,0.008270,0.003617,0.008673,0.003541
1206,0.007715,0.003821,0.008675,0.003538
1207,0.008529,0.003173,0.008689,0.003539
1208,0.008206,0.002588,0.008691,0.003551
1209,0.008231,0.002952,0.008698,0.003563
1210,0.008512,0.003896,0.008698,0.003568
1211,0.008027,0.003329,0.008698,0.003564
1212,0.008060,0.003384,0.008712,0.003561
1213,0.008134,0.002657,0.008716,0.003562
1214,0.007734,0.003581,0.008719,0.003574
1215,0.008832,0.003234,0.008728,0.003582
1216,0.008831,0.003755,0.008725,0.003589
1217,0.009213,0.003263,0.008721,0.003591
1218,0.008547,0.003142,0.008711,0.003596
1219,0.008750,0.002869,0.008712,0.003597
1220,0.008696,0.003105,0.008717,0.003604
1221,0.008734,0.003226,0.008714,0.003607
1222,0.008793,0.003412,0.008716,0.003605
1223,0.008318,0.003575,0.008714,0.003605
1224,0.008609,0.003878,0.008719,0.003600
1225,0.008606,0.003485,0.008719,0.003595
1226,0.009110,0.004032,0.008723,0.003591
1227,0.009469,0.003813,0.008716,0.003590
1228,0.008708,0.003753,0.008701,0.003582
1229,0.008432,0.003464,0.008699,0.003596
1230,0.008842,0.003266,0.008699,0.003601
1231,0.008593,0.003530,0.008694,0.003609
1232,0.008777,0.004745,0.008693,0.003605
1233,0.009130,0.003855,0.008682,0.003593
1234,0.008506,0.003367,0.008673,0.003584
1235,0.009104,0.003677,0.008669,0.003584
1236,0.009506,0.003139,0.008662,0.003580
1237,0.009141,0.004689,0.008649,0.003579
1238,0.008940,0.004040,0.008640,0.003567
1239,0.009969,0.003405,0.008631,0.003564
1240,0.008868,0.003813,0.008618,0.003567
1241,0.009171,0.003438,0.008616,0.003566
1242,0.009288,0.004368,0.008611,0.003575
1243,0.008810,0.003989,0.008610,0.003570
1244,0.009058,0.003687,0.008610,0.003570
1245,0.008773,0.003248,0.008609,0.003570
1246,0.009243,0.003774,0.008610,0.003578
1247,0.009197,0.003840,0.008601,0.003578
1248,0.008328,0.003992,0.008594,0.003577
1249,0.008478,0.003423,0.008592,0.003573
1250,0.008787,0.003478,0.008591,0.003572
1251,0.008150,0.003150,0.008592,0.003577
1252,0.008527,0.002826,0.008593,0.003582
1253,0.007885,0.003756,0.008590,0.003584
1254,0.008725,0.003457,0.008595,0.003572
1255,0.008590,0.003684,0.008590,0.003565
1256,0.008425,0.003360,0.008585,0.003563
1257,0.008767,0.004075,0.008584,0.003565
1258,0.008553,0.003379,0.008579,0.003558
1259,0.008879,0.003701,0.008576,0.003553
1260,0.008309,0.003862,0.008565,0.003547
1261,0.009276,0.003650,0.008567,0.003550
1262,0.008981,0.003541,0.008557,0.003548
1263,0.008394,0.003664,0.008548,0.003546
1264,0.008712,0.004454,0.008540,0.003538
1265,0.009107,0.003953,0.008547,0.003534
1266,0.008566,0.003789,0.008542,0.003522
1267,0.009435,0.003235,0.008538,0.003518
1268,0.008439,0.003254,0.008521,0.003516
1269,0.008794,0.003340,0.008526,0.003521
1270,0.008695,0.004026,0.008519,0.003519
1271,0.008432,0.003337,0.008514,0.003514
1272,0.008670,0.003920,0.008510,0.003510
1273,0.008752,0.004355,0.008505,0.003511
1274,0.009265,0.003998,0.008499,0.003499
1275,0.009179,0.003676,0.008484,0.003489
1276,0.008356,0.003604,0.008470,0.003478
1277,0.008290,0.002783,0.008470,0.003465
1278,0.007988,0.003339,0.008475,0.003466
1279,0.008376,0.003274,0.008481,0.003465
1280,0.008764,0.003439,0.008484,0.003462
1281,0.008618,0.002991,0.008482,0.003468
1282,0.008488,0.003751,0.008478,0.003468
1283,0.008279,0.002984,0.008474,0.003470
1284,0.008647,0.002876,0.008476,0.003475
1285,0.008907,0.003309,0.008480,0.003478
1286,0.008385,0.003983,0.008475,0.003474
1287,0.008593,0.003960,0.008472,0.003466
1288,0.008731,0.003411,0.008466,0.003459
1289,0.008474,0.003191,0.008458,0.003452
1290,0.008223,0.003125,0.008458,0.003448
1291,0.008683,0.002604,0.008460,0.003443
1292,0.008443,0.003231,0.008460,0.003451
1293,0.009215,0.003382,0.008460,0.003452
1294,0.008527,0.002948,0.008452,0.003452
1295,0.009443,0.002740,0.008449,0.003457
1296,0.008777,0.003924,0.008441,0.003465
1297,0.008905,0.003584,0.008439,0.003463
1298,0.008292,0.003291,0.008441,0.003458
1299,0.008190,0.003816,0.008448,0.003459
1300,0.008246,0.003504,0.008459,0.003463
1301,0.008497,0.003415,0.008461,0.003465
1302,0.008407,0.004094,0.008456,0.003474
1303,0.008757,0.004191,0.008455,0.003464
1304,0.008727,0.004106,0.008455,0.003455
1305,0.008501,0.003305,0.008455,0.003445
1306,0.009111,0.003982,0.008460,0.003454
1307,0.008700,0.004354,0.008452,0.003443
1308,0.008875,0.003786,0.008448,0.003424
1309,0.008277,0.003504,0.008448,0.003417
1310,0.008523,0.003499,0.008456,0.003423
1311,0.009375,0.003013,0.008455,0.003420
1312,0.008499,0.003499,0.008445,0.003433
1313,0.008376,0.003776,0.008442,0.003434
1314,0.008720,0.004430,0.008444,0.003430
1315,0.008486,0.003931,0.008437,0.003415
1316,0.008378,0.003973,0.008436,0.003411
1317,0.008267,0.003710,0.008433,0.003399
1318,0.008646,0.003286,0.008435,0.003398
1319,0.009212,0.003562,0.008432,0.003399
1320,0.008384,0.003433,0.008424,0.003393
1321,0.008936,0.003034,0.008423,0.003391
1322,0.008631,0.003352,0.008418,0.003390
1323,0.008794,0.003066,0.008411,0.003391
1324,0.008635,0.003400,0.008399,0.003395
1325,0.009042,0.003108,0.008395,0.003397
1326,0.008414,0.003898,0.008397,0.003406
1327,0.007982,0.003019,0.008400,0.003409
1328,0.008479,0.005146,0.008401,0.003414
1329,0.008406,0.003982,0.008402,0.003399
1330,0.008371,0.004028,0.008401,0.003391
1331,0.008485,0.003146,0.008401,0.003381
1332,0.007627,0.003550,0.008396,0.003389
1333,0.008263,0.002998,0.008402,0.003389
1334,0.008129,0.003316,0.008408,0.003390
1335,0.008339,0.003267,0.008407,0.003387
1336,0.008217,0.003041,0.008404,0.003381
1337,0.008232,0.003483,0.008404,0.003386
1338,0.008037,0.003785,0.008405,0.003381
1339,0.008665,0.003682,0.008410,0.003375
1340,0.008715,0.003687,0.008403,0.003366
1341,0.008717,0.004369,0.008397,0.003356
1342,0.009149,0.003911,0.008393,0.003344
1343,0.008794,0.003977,0.008390,0.003336
1344,0.008985,0.003622,0.008397,0.003328
1345,0.008833,0.004131,0.008396,0.003324
1346,0.008371,0.003736,0.008399,0.003313
1347,0.008443,0.003731,0.008403,0.003309
1348,0.008201,0.003583,0.008408,0.003314
1349,0.008371,0.003314,0.008412,0.003322
1350,0.008859,0.004005,0.008415,0.003327
1351,0.008296,0.003676,0.008412,0.003326
1352,0.008172,0.003019,0.008415,0.003325
1353,0.008379,0.002579,0.008421,0.003335
1354,0.008256,0.002699,0.008422,0.003342
1355,0.008113,0.003491,0.008428,0.003349
1356,0.008309,0.003535,0.008435,0.003352
1357,0.008263,0.003439,0.008438,0.003349
1358,0.008242,0.002861,0.008437,0.003346
1359,0.007756,0.003123,0.008437,0.003353
1360,0.008508,0.004162,0.008442,0.003351
1361,0.008267,0.003402,0.008440,0.003340
1362,0.008098,0.003343,0.008440,0.003343
1363,0.007603,0.002901,0.008442,0.003348
1364,0.009402,0.003984,0.008447,0.003360
1365,0.008651,0.002765,0.008433,0.003352
1366,0.008117,0.003401,0.008425,0.003354
1367,0.007734,0.003094,0.008424,0.003350
1368,0.008930,0.003685,0.008423,0.003348
1369,0.008148,0.003180,0.008416,0.003340
1370,0.008182,0.003559,0.008415,0.003335
1371,0.008008,0.002910,0.008410,0.003322
1372,0.008182,0.003957,0.008407,0.003327
1373,0.008143,0.003198,0.008401,0.003313
1374,0.007732,0.003020,0.008404,0.003303
1375,0.007779,0.002587,0.008406,0.003303
1376,0.008444,0.002254,0.008410,0.003306
1377,0.008797,0.002869,0.008408,0.003312
1378,0.008528,0.003293,0.008405,0.003313
1379,0.008648,0.002935,0.008403,0.003308
1380,0.008628,0.004083,0.008398,0.003314
1381,0.008145,0.002927,0.008395,0.003306
1382,0.008163,0.003947,0.008396,0.003309
1383,0.008432,0.003534,0.008395,0.003300
1384,0.009035,0.003167,0.008396,0.003292
1385,0.008471,0.002873,0.008387,0.003294
1386,0.008099,0.003191,0.008382,0.003298
1387,0.007932,0.003250,0.008382,0.003300
1388,0.007954,0.002733,0.008385,0.003301
1389,0.008465,0.002827,0.008386,0.003306
1390,0.008423,0.002616,0.008382,0.003314
1391,0.008708,0.003363,0.008377,0.003322
1392,0.008404,0.003373,0.008373,0.003328
1393,0.008416,0.003357,0.008373,0.003325
1394,0.008253,0.003485,0.008375,0.003323
1395,0.008633,0.003533,0.008380,0.003325
1396,0.008622,0.003749,0.008372,0.003319
1397,0.009026,0.003084,0.008364,0.003316
1398,0.009004,0.003397,0.008354,0.003318
1399,0.009262,0.004211,0.008351,0.003322
1400,0.008485,0.003645,0.008347,0.003323
1401,0.008013,0.004365,0.008350,0.003322
1402,0.008293,0.003055,0.008360,0.003317
1403,0.008729,0.003316,0.008359,0.003322
1404,0.008715,0.003083,0.008354,0.003325
1405,0.009049,0.004175,0.008351,0.003324
1406,0.008321,0.002936,0.008342,0.003313
1407,0.008276,0.002452,0.008338,0.003316
1408,0.008846,0.003042,0.008337,0.003327
1409,0.009066,0.004127,0.008327,0.003325
1410,0.008479,0.003182,0.008318,0.003312
1411,0.008342,0.004317,0.008312,0.003307
1412,0.008255,0.003642,0.008306,0.003300
1413,0.008546,0.003317,0.008299,0.003300
1414,0.008070,0.003009,0.008301,0.003303
1415,0.008354,0.003448,0.008299,0.003308
1416,0.008090,0.002821,0.008295,0.003304
1417,0.008430,0.003597,0.008294,0.003313
1418,0.008404,0.003365,0.008297,0.003320
1419,0.008381,0.003014,0.008298,0.003323
1420,0.008316,0.003153,0.008293,0.003331
1421,0.008428,0.002980,0.008291,0.003341
1422,0.007885,0.003493,0.008287,0.003344
1423,0.007628,0.003444,0.008290,0.003351
1424,0.008225,0.003571,0.008287,0.003355
1425,0.009266,0.004024,0.008285,0.003359
1426,0.008629,0.004189,0.008270,0.003359
1427,0.008129,0.003538,0.008259,0.003352
1428,0.008605,0.003651,0.008261,0.003359
1429,0.008307,0.003138,0.008255,0.003368
1430,0.008339,0.003041,0.008247,0.003374
1431,0.008019,0.003964,0.008247,0.003376
1432,0.008147,0.003588,0.008244,0.003379
1433,0.008869,0.003035,0.008237,0.003381
1434,0.008118,0.003032,0.008225,0.003384
1435,0.007991,0.002668,0.008223,0.003385
1436,0.008184,0.003527,0.008221,0.003391
1437,0.008337,0.003022,0.008216,0.003387
1438,0.008551,0.003167,0.008208,0.003386
1439,0.008019,0.002752,0.008194,0.003389
1440,0.008112,0.002686,0.008186,0.003389
1441,0.008263,0.003166,0.008173,0.003396
1442,0.008900,0.003094,0.008167,0.003402
1443,0.009453,0.003266,0.008154,0.003402
1444,0.008933,0.003144,0.008135,0.003411
1445,0.009044,0.003055,0.008123,0.003415
1446,0.008848,0.003380,0.008113,0.003423
1447,0.008924,0.004182,0.008111,0.003431
1448,0.008581,0.004416,0.008105,0.003419
1449,0.008695,0.003824,0.008101,0.003410
1450,0.008559,0.003847,0.008101,0.003408
1451,0.008549,0.003621,0.008098,0.003412
1452,0.008759,0.003983,0.008098,0.003417
1453,0.008503,0.003350,0.008093,0.003410
1454,0.008844,0.003401,0.008097,0.003418
1455,0.008875,0.003717,0.008106,0.003423
1456,0.008624,0.003304,0.008103,0.003423
1457,0.008145,0.003123,0.008105,0.003432
1458,0.008231,0.003491,0.008109,0.003439
1459,0.008204,0.002969,0.008113,0.003436
1460,0.008340,0.003026,0.008117,0.003439
1461,0.008316,0.003701,0.008122,0.003441
1462,0.008285,0.003896,0.008121,0.003434
1463,0.008067,0.004083,0.008125,0.003428
1464,0.007980,0.003159,0.008126,0.003417
1465,0.007837,0.002987,0.008130,0.003414
1466,0.008046,0.002977,0.008133,0.003414
1467,0.007626,0.002889,0.008140,0.003415
1468,0.008230,0.002961,0.008150,0.003419
1469,0.008068,0.002645,0.008153,0.003417
1470,0.007722,0.002264,0.008152,0.003423
1471,0.007665,0.003438,0.008155,0.003437
1472,0.007600,0.002489,0.008157,0.003436
1473,0.008427,0.002268,0.008167,0.003442
1474,0.007888,0.002948,0.008166,0.003452
1475,0.008269,0.002909,0.008171,0.003451
1476,0.008250,0.002863,0.008167,0.003452
1477,0.008466,0.003002,0.008171,0.003457
1478,0.008272,0.002797,0.008174,0.003461
1479,0.008211,0.003496,0.008176,0.003472
1480,0.008301,0.003276,0.008175,0.003470
1481,0.008247,0.003196,0.008173,0.003475
1482,0.008068,0.003049,0.008176,0.003479
1483,0.008486,0.002760,0.008182,0.003481
1484,0.008133,0.003346,0.008181,0.003485
1485,0.008019,0.003258,0.008188,0.003478
1486,0.008097,0.003433,0.008185,0.003476
1487,0.008249,0.003374,0.008189,0.003476
1488,0.008057,0.003232,0.008186,0.003477
1489,0.008049,0.003620,0.008185,0.003478
1490,0.007911,0.003437,0.008180,0.003472
1491,0.008280,0.003884,0.008179,0.003470
1492,0.008428,0.003149,0.008174,0.003463
1493,0.008612,0.003083,0.008171,0.003467
1494,0.008770,0.003740,0.008160,0.003471
1495,0.007883,0.002955,0.008152,0.003467
1496,0.007725,0.003402,0.008149,0.003473
1497,0.008032,0.003324,0.008152,0.003474
1498,0.008765,0.003739,0.008151,0.003477
1499,0.008800,0.004292,0.008143,0.003471
1500,0.008854,0.003576,0.008137,0.003464
1501,0.008942,0.003901,0.008133,0.003459
1502,0.008221,0.003580,0.008124,0.003457
1503,0.008197,0.003581,0.008121,0.003460
1504,0.008494,0.002956,0.008117,0.003455
1505,0.008166,0.003100,0.008105,0.003459
1506,0.007826,0.003245,0.008100,0.003461
1507,0.008220,0.003509,0.008106,0.003468
1508,0.007859,0.002895,0.008105,0.003461
1509,0.008207,0.002753,0.008110,0.003463
1510,0.007846,0.002760,0.008102,0.003469
1511,0.007694,0.003553,0.008109,0.003477
1512,0.007550,0.003689,0.008118,0.003474
1513,0.008754,0.003575,0.008123,0.003472
1514,0.007902,0.003551,0.008121,0.003486
1515,0.007960,0.003069,0.008132,0.003490
1516,0.008000,0.003682,0.008140,0.003499
1517,0.008742,0.004315,0.008143,0.003499
1518,0.008460,0.003637,0.008133,0.003494
1519,0.007851,0.003832,0.008135,0.003491
1520,0.008120,0.004133,0.008143,0.003488
1521,0.008093,0.003336,0.008145,0.003477
1522,0.008197,0.004165,0.008149,0.003478
1523,0.007329,0.003823,0.008151,0.003471
1524,0.007959,0.003952,0.008159,0.003470
1525,0.007808,0.004014,0.008158,0.003464
1526,0.007548,0.003517,0.008156,0.003458
1527,0.008281,0.004257,0.008172,0.003452
1528,0.008002,0.004547,0.008175,0.003448
1529,0.007495,0.003773,0.008180,0.003437
1530,0.008357,0.003199,0.008187,0.003436
1531,0.007768,0.004245,0.008183,0.003437
1532,0.007400,0.003824,0.008187,0.003422
1533,0.007700,0.003364,0.008196,0.003413
1534,0.007939,0.003117,0.008195,0.003415
1535,0.007730,0.003206,0.008200,0.003417
1536,0.007715,0.003168,0.008199,0.003415
1537,0.007486,0.002926,0.008203,0.003421
1538,0.007160,0.003424,0.008213,0.003424
1539,0.007239,0.002770,0.008227,0.003426
1540,0.006864,0.003438,0.008236,0.003438
1541,0.007619,0.003750,0.008250,0.003441
1542,0.007643,0.003059,0.008254,0.003439
1543,0.007541,0.004212,0.008259,0.003442
1544,0.007716,0.003519,0.008264,0.003427
1545,0.008046,0.003827,0.008265,0.003424
1546,0.008659,0.004185,0.008273,0.003419
1547,0.008271,0.002993,0.008268,0.003410
1548,0.008184,0.003570,0.008268,0.003407
1549,0.008759,0.003591,0.008263,0.003412
1550,0.008193,0.004238,0.008264,0.003406
1551,0.008598,0.004103,0.008261,0.003400
1552,0.008272,0.003247,0.008258,0.003391
1553,0.008909,0.004184,0.008256,0.003389
1554,0.009665,0.003868,0.008250,0.003383
1555,0.008597,0.003794,0.008232,0.003373
1556,0.008836,0.004137,0.008224,0.003375
1557,0.008512,0.003896,0.008216,0.003377
1558,0.008617,0.003107,0.008212,0.003376
1559,0.008648,0.003359,0.008213,0.003377
1560,0.008849,0.003227,0.008203,0.003374
1561,0.008173,0.002933,0.008201,0.003371
1562,0.008695,0.003287,0.008198,0.003374
1563,0.008163,0.003025,0.008185,0.003372
1564,0.008362,0.002839,0.008183,0.003381
1565,0.008153,0.003013,0.008179,0.003389
1566,0.008765,0.003097,0.008176,0.003388
1567,0.008607,0.003295,0.008162,0.003391
1568,0.008587,0.002689,0.008149,0.003400
1569,0.007925,0.003292,0.008138,0.003405
1570,0.008068,0.003646,0.008138,0.003400
1571,0.007881,0.003315,0.008136,0.003391
1572,0.008513,0.003078,0.008140,0.003388
1573,0.008406,0.003271,0.008131,0.003386
1574,0.008337,0.002875,0.008129,0.003384
1575,0.007908,0.003005,0.008129,0.003391
1576,0.008659,0.003404,0.008132,0.003390
1577,0.008705,0.003372,0.008122,0.003392
1578,0.008459,0.003892,0.008115,0.003392
1579,0.008111,0.003289,0.008111,0.003386
1580,0.008127,0.003815,0.008107,0.003387
1581,0.008536,0.003546,0.008106,0.003377
1582,0.008707,0.003263,0.008093,0.003371
1583,0.008419,0.003156,0.008080,0.003369
1584,0.008777,0.002665,0.008070,0.003367
1585,0.007684,0.003050,0.008058,0.003372
1586,0.008521,0.003402,0.008057,0.003375
1587,0.007996,0.003469,0.008050,0.003371
1588,0.007931,0.003334,0.008045,0.003369
1589,0.007545,0.003103,0.008038,0.003368
1590,0.007863,0.003161,0.008037,0.003366
1591,0.007728,0.003215,0.008037,0.003362
1592,0.008104,0.003541,0.008038,0.003358
1593,0.007507,0.003483,0.008034,0.003354
1594,0.008009,0.003393,0.008037,0.003354
1595,0.007589,0.003541,0.008031,0.003348
1596,0.008045,0.003436,0.008029,0.003339
1597,0.007944,0.003683,0.008024,0.003335
1598,0.007917,0.003116,0.008012,0.003325
1599,0.008171,0.003549,0.008014,0.003319
1600,0.008507,0.003125,0.008006,0.003311
1601,0.007989,0.003643,0.007996,0.003311
1602,0.007986,0.003894,0.007997,0.003301
1603,0.007801,0.003154,0.007997,0.003294
1604,0.007297,0.003357,0.008002,0.003292
1605,0.007602,0.003222,0.008011,0.003292
1606,0.008416,0.003978,0.008013,0.003291
1607,0.008188,0.002826,0.008006,0.003283
1608,0.008313,0.003054,0.008000,0.003285
1609,0.007430,0.003338,0.008001,0.003282
1610,0.008555,0.003630,0.008003,0.003284
1611,0.008603,0.003201,0.008014,0.003283
1612,0.008004,0.003548,0.008012,0.003288
1613,0.008614,0.004954,0.008009,0.003290
1614,0.008911,0.003964,0.008007,0.003275
1615,0.008780,0.003936,0.007999,0.003274
1616,0.008342,0.003687,0.007989,0.003268
1617,0.007756,0.003860,0.007987,0.003266
1618,0.008590,0.003302,0.007986,0.003265
1619,0.008645,0.003490,0.007985,0.003266
1620,0.008362,0.003062,0.007980,0.003259
1621,0.008498,0.003423,0.007973,0.003263
1622,0.008388,0.003443,0.007968,0.003262
1623,0.008100,0.003803,0.007959,0.003258
1624,0.007868,0.003282,0.007959,0.003247
1625,0.007607,0.003470,0.007961,0.003248
1626,0.009202,0.002864,0.007957,0.003251
1627,0.008591,0.003846,0.007939,0.003257
1628,0.008445,0.003530,0.007930,0.003261
1629,0.008238,0.003659,0.007920,0.003264
1630,0.007975,0.003286,0.007913,0.003262
1631,0.008135,0.002741,0.007903,0.003264
1632,0.008299,0.002915,0.007896,0.003272
1633,0.007590,0.003549,0.007890,0.003282
1634,0.008411,0.003364,0.007889,0.003283
1635,0.007696,0.002995,0.007884,0.003289
1636,0.008053,0.003754,0.007882,0.003297
1637,0.008490,0.003198,0.007880,0.003290
1638,0.008577,0.003642,0.007875,0.003286
1639,0.008172,0.003958,0.007869,0.003275
1640,0.008210,0.003762,0.007876,0.003263
1641,0.008006,0.003570,0.007873,0.003257
1642,0.008212,0.003306,0.007871,0.003252
1643,0.008056,0.002703,0.007862,0.003248
1644,0.007825,0.003212,0.007857,0.003254
1645,0.008812,0.003387,0.007859,0.003263
1646,0.008097,0.003284,0.007848,0.003265
1647,0.008329,0.002684,0.007843,0.003264
1648,0.007629,0.004052,0.007838,0.003267
1649,0.008915,0.003020,0.007833,0.003258
1650,0.007844,0.003563,0.007826,0.003259
1651,0.008316,0.003208,0.007826,0.003260
1652,0.008103,0.003131,0.007829,0.003260
1653,0.008304,0.003559,0.007833,0.003260
1654,0.007873,0.002888,0.007832,0.003256
1655,0.007830,0.003989,0.007832,0.003261
1656,0.008029,0.004281,0.007830,0.003251
1657,0.008062,0.003840,0.007832,0.003237
1658,0.008748,0.003230,0.007832,0.003231
1659,0.007592,0.003035,0.007824,0.003230
1660,0.008665,0.002871,0.007832,0.003231
1661,0.007907,0.003289,0.007824,0.003237
1662,0.007416,0.003113,0.007823,0.003237
1663,0.007969,0.003871,0.007824,0.003238
1664,0.007896,0.003604,0.007821,0.003235
1665,0.007896,0.002942,0.007820,0.003231
1666,0.007390,0.003412,0.007813,0.003238
1667,0.007255,0.004190,0.007824,0.003251
1668,0.007496,0.003217,0.007831,0.003239
1669,0.007955,0.002773,0.007832,0.003243
1670,0.007881,0.002711,0.007828,0.003248
1671,0.008202,0.003088,0.007834,0.003256
1672,0.007686,0.002797,0.007831,0.003263
1673,0.008204,0.003116,0.007828,0.003266
1674,0.008336,0.003540,0.007822,0.003266
1675,0.008155,0.002936,0.007823,0.003261
1676,0.007682,0.003638,0.007816,0.003266
1677,0.008029,0.003338,0.007811,0.003265
1678,0.008023,0.003276,0.007813,0.003264
1679,0.007749,0.003446,0.007816,0.003271
1680,0.007968,0.002732,0.007815,0.003269
1681,0.007272,0.003034,0.007811,0.003272
1682,0.007368,0.003041,0.007818,0.003276
1683,0.007452,0.002959,0.007820,0.003275
1684,0.007599,0.003150,0.007827,0.003276
1685,0.007591,0.003355,0.007837,0.003281
1686,0.007779,0.003017,0.007843,0.003279
1687,0.007461,0.003231,0.007843,0.003281
1688,0.007285,0.003243,0.007841,0.003279
1689,0.007443,0.002921,0.007845,0.003278
1690,0.007839,0.002773,0.007842,0.003282
1691,0.007844,0.002769,0.007838,0.003288
1692,0.007731,0.003131,0.007836,0.003293
1693,0.007785,0.003515,0.007838,0.003297
1694,0.007369,0.002773,0.007837,0.003297
1695,0.007404,0.002629,0.007841,0.003300
1696,0.007582,0.003022,0.007843,0.003304
1697,0.006757,0.002681,0.007848,0.003310
1698,0.008101,0.002591,0.007858,0.003322
1699,0.007320,0.002764,0.007856,0.003329
1700,0.007525,0.003077,0.007860,0.003333
1701,0.008075,0.002669,0.007868,0.003340
1702,0.008029,0.003174,0.007873,0.003348
1703,0.008274,0.002960,0.007873,0.003349
1704,0.008219,0.003378,0.007873,0.003355
1705,0.007800,0.003056,0.007876,0.003360
1706,0.007749,0.003183,0.007884,0.003364
1707,0.007576,0.003075,0.007887,0.003371
1708,0.008362,0.002727,0.007891,0.003376
1709,0.007680,0.003513,0.007892,0.003387
1710,0.009596,0.003554,0.007895,0.003384
1711,0.008439,0.003729,0.007880,0.003387
1712,0.007685,0.003766,0.007873,0.003386
1713,0.008386,0.003434,0.007874,0.003385
1714,0.008143,0.003802,0.007870,0.003391
1715,0.007843,0.003386,0.007867,0.003391
1716,0.008057,0.003487,0.007859,0.003389
1717,0.007736,0.003756,0.007862,0.003383
1718,0.008403,0.003377,0.007861,0.003381
1719,0.008228,0.002803,0.007859,0.003376
1720,0.007637,0.003455,0.007857,0.003376
1721,0.008011,0.003319,0.007859,0.003371
1722,0.007416,0.003016,0.007854,0.003365
1723,0.008171,0.002790,0.007853,0.003360
1724,0.008030,0.003330,0.007849,0.003356
1725,0.007212,0.003792,0.007852,0.003354
1726,0.007401,0.003467,0.007854,0.003345
1727,0.007659,0.004228,0.007863,0.003339
1728,0.007502,0.003797,0.007866,0.003322
1729,0.007485,0.003478,0.007869,0.003310
1730,0.006978,0.003521,0.007868,0.003304
1731,0.007419,0.003472,0.007879,0.003299
1732,0.007774,0.003932,0.007878,0.003294
1733,0.007432,0.003706,0.007874,0.003291
1734,0.007979,0.003982,0.007879,0.003286
1735,0.007484,0.003753,0.007881,0.003276
1736,0.007874,0.003015,0.007882,0.003276
1737,0.007927,0.002866,0.007880,0.003275
1738,0.007948,0.002483,0.007887,0.003278
1739,0.008943,0.002797,0.007893,0.003285
1740,0.007910,0.003148,0.007884,0.003302
1741,0.007763,0.003073,0.007893,0.003314
1742,0.007378,0.002868,0.007898,0.003318
1743,0.007547,0.003385,0.007908,0.003330
1744,0.007938,0.004106,0.007920,0.003340
1745,0.007754,0.003584,0.007927,0.003344
1746,0.007584,0.003154,0.007936,0.003351
1747,0.007868,0.002962,0.007941,0.003355
1748,0.007126,0.003208,0.007942,0.003367
1749,0.008168,0.003107,0.007946,0.003375
1750,0.007862,0.003659,0.007945,0.003384
1751,0.008657,0.003196,0.007946,0.003385
1752,0.008427,0.003082,0.007936,0.003392
1753,0.008232,0.003198,0.007925,0.003401
1754,0.007913,0.003420,0.007924,0.003399
1755,0.007650,0.002923,0.007924,0.003394
1756,0.008212,0.002879,0.007929,0.003390
1757,0.008006,0.003323,0.007936,0.003398
1758,0.008020,0.003132,0.007939,0.003390
1759,0.008362,0.003076,0.007943,0.003391
1760,0.007867,0.003524,0.007937,0.003409
1761,0.007815,0.003266,0.007941,0.003406
1762,0.007543,0.003161,0.007946,0.003407
1763,0.007585,0.003626,0.007954,0.003405
1764,0.007873,0.003230,0.007965,0.003406
1765,0.007131,0.003550,0.007972,0.003412
1766,0.008499,0.004752,0.007982,0.003428
1767,0.007947,0.002992,0.007977,0.003420
1768,0.007607,0.003624,0.007978,0.003429
1769,0.007595,0.003267,0.007989,0.003424
1770,0.008442,0.003530,0.007995,0.003430
1771,0.007959,0.003727,0.007993,0.003432
1772,0.007328,0.003181,0.007994,0.003437
1773,0.007624,0.003082,0.007999,0.003444
1774,0.008408,0.003069,0.007999,0.003450
1775,0.007434,0.003446,0.007988,0.003459
1776,0.007227,0.003536,0.007989,0.003463
1777,0.008248,0.003225,0.007995,0.003464
1778,0.008266,0.003948,0.007991,0.003466
1779,0.007684,0.003262,0.007984,0.003467
1780,0.007584,0.003041,0.007982,0.003468
1781,0.007986,0.003410,0.007982,0.003470
1782,0.007508,0.002937,0.007980,0.003468
1783,0.008189,0.003071,0.007990,0.003470
1784,0.008640,0.003621,0.007985,0.003471
1785,0.008163,0.003199,0.007979,0.003465
1786,0.007788,0.003185,0.007976,0.003461
1787,0.007224,0.003083,0.007975,0.003459
1788,0.007720,0.003144,0.007976,0.003462
1789,0.007136,0.003323,0.007980,0.003466
1790,0.007406,0.003311,0.007980,0.003465
1791,0.007687,0.003272,0.007982,0.003472
1792,0.007949,0.003504,0.007989,0.003471
1793,0.007635,0.003578,0.007989,0.003481
1794,0.007812,0.003009,0.007987,0.003485
1795,0.007518,0.003068,0.007987,0.003491
1796,0.008101,0.003617,0.007989,0.003497
1797,0.007814,0.003866,0.007990,0.003497
1798,0.007840,0.003339,0.007990,0.003501
1799,0.007732,0.003126,0.007988,0.003508
1800,0.008310,0.003740,0.007985,0.003513
1801,0.008595,0.003563,0.007977,0.003517
1802,0.008097,0.003200,0.007970,0.003524
1803,0.008230,0.003630,0.007965,0.003527
1804,0.008477,0.003838,0.007956,0.003522
1805,0.008609,0.003474,0.007948,0.003519
1806,0.008111,0.003861,0.007941,0.003517
1807,0.007943,0.003549,0.007936,0.003518
1808,0.008419,0.003898,0.007933,0.003515
1809,0.007975,0.003194,0.007919,0.003512
1810,0.008131,0.003829,0.007916,0.003508
1811,0.007728,0.003605,0.007914,0.003496
1812,0.007800,0.003742,0.007911,0.003494
1813,0.007979,0.003936,0.007908,0.003487
1814,0.007813,0.003811,0.007902,0.003485
1815,0.007120,0.003215,0.007912,0.003479
1816,0.008309,0.002866,0.007924,0.003492
1817,0.007670,0.003619,0.007928,0.003501
1818,0.008226,0.002831,0.007931,0.003501
1819,0.008033,0.002825,0.007931,0.003513
1820,0.007785,0.002915,0.007934,0.003518
1821,0.007559,0.002709,0.007930,0.003529
1822,0.007248,0.002516,0.007933,0.003534
1823,0.007809,0.002442,0.007946,0.003540
1824,0.008297,0.003138,0.007940,0.003548
1825,0.007450,0.002855,0.007934,0.003554
1826,0.008305,0.002860,0.007938,0.003553
1827,0.007912,0.002531,0.007928,0.003552
1828,0.007813,0.002628,0.007929,0.003555
1829,0.007448,0.002830,0.007931,0.003559
1830,0.008006,0.003100,0.007939,0.003559
1831,0.007334,0.002979,0.007940,0.003563
1832,0.007363,0.003638,0.007945,0.003563
1833,0.007959,0.003202,0.007948,0.003556
1834,0.008167,0.002942,0.007941,0.003565
1835,0.007593,0.003789,0.007952,0.003581
1836,0.007689,0.002906,0.007953,0.003578
1837,0.008640,0.003134,0.007952,0.003596
1838,0.008506,0.003164,0.007940,0.003604
1839,0.008058,0.004493,0.007931,0.003611
1840,0.008820,0.004339,0.007930,0.003604
1841,0.008253,0.003507,0.007925,0.003597
1842,0.008358,0.004105,0.007918,0.003592
1843,0.008756,0.004310,0.007908,0.003581
1844,0.008623,0.004569,0.007890,0.003569
1845,0.008639,0.004261,0.007888,0.003561
1846,0.008142,0.003536,0.007880,0.003550
1847,0.007919,0.004129,0.007872,0.003544
1848,0.007587,0.004009,0.007871,0.003532
1849,0.007997,0.004053,0.007872,0.003527
1850,0.007984,0.003801,0.007871,0.003517
1851,0.007650,0.003848,0.007867,0.003510
1852,0.007362,0.004037,0.007871,0.003507
1853,0.008068,0.002920,0.007868,0.003505
1854,0.007945,0.002983,0.007860,0.003506
1855,0.008211,0.002520,0.007855,0.003504
1856,0.008872,0.003641,0.007851,0.003515
1857,0.008334,0.002581,0.007836,0.003506
1858,0.008388,0.003136,0.007830,0.003506
1859,0.007790,0.004943,0.007827,0.003503
1860,0.008197,0.003250,0.007826,0.003486
1861,0.008364,0.003274,0.007814,0.003482
1862,0.008322,0.003041,0.007805,0.003482
1863,0.008733,0.003684,0.007799,0.003482
1864,0.008537,0.003821,0.007793,0.003478
1865,0.008145,0.005128,0.007786,0.003471
1866,0.007956,0.004002,0.007778,0.003457
1867,0.008029,0.003878,0.007779,0.003455
1868,0.008771,0.003106,0.007779,0.003453
1869,0.008224,0.003855,0.007768,0.003457
1870,0.008176,0.003782,0.007765,0.003452
1871,0.008045,0.004253,0.007769,0.003445
1872,0.007893,0.003837,0.007766,0.003433
1873,0.007620,0.003700,0.007768,0.003429
1874,0.007321,0.003919,0.007770,0.003423
1875,0.007505,0.003832,0.007776,0.003415
1876,0.007830,0.003672,0.007783,0.003410
1877,0.007802,0.003471,0.007782,0.003408
1878,0.007610,0.004043,0.007790,0.003407
1879,0.007499,0.003369,0.007795,0.003396
1880,0.007599,0.003206,0.007802,0.003393
1881,0.007792,0.003216,0.007809,0.003394
1882,0.008459,0.003094,0.007812,0.003402
1883,0.007720,0.003194,0.007813,0.003411
1884,0.008029,0.003067,0.007814,0.003415
1885,0.007859,0.002734,0.007817,0.003417
1886,0.007628,0.003034,0.007821,0.003424
1887,0.007333,0.003359,0.007823,0.003428
1888,0.008169,0.003532,0.007827,0.003439
1889,0.007098,0.003226,0.007830,0.003441
1890,0.007646,0.004020,0.007839,0.003447
1891,0.008358,0.003182,0.007842,0.003448
1892,0.007962,0.004523,0.007833,0.003451
1893,0.007400,0.003907,0.007836,0.003445
1894,0.007886,0.003615,0.007840,0.003447
1895,0.007646,0.003693,0.007839,0.003447
1896,0.008229,0.003637,0.007842,0.003448
1897,0.007838,0.004266,0.007835,0.003447
1898,0.007582,0.004042,0.007837,0.003440
1899,0.007447,0.003570,0.007836,0.003439
1900,0.007581,0.004214,0.007837,0.003442
1901,0.007821,0.004276,0.007840,0.003437
1902,0.007630,0.003490,0.007837,0.003430
1903,0.007290,0.003098,0.007835,0.003426
1904,0.007730,0.003494,0.007837,0.003429
1905,0.007937,0.003359,0.007836,0.003432
1906,0.007597,0.003929,0.007829,0.003434
1907,0.007645,0.003209,0.007829,0.003426
1908,0.006990,0.003611,0.007839,0.003427
1909,0.007668,0.002802,0.007850,0.003425
1910,0.007894,0.002620,0.007859,0.003435
1911,0.007441,0.003461,0.007853,0.003446
1912,0.007517,0.003005,0.007861,0.003443
1913,0.007402,0.003690,0.007868,0.003442
1914,0.008808,0.003288,0.007870,0.003444
1915,0.008328,0.004441,0.007860,0.003443
1916,0.008724,0.003787,0.007856,0.003440
1917,0.007933,0.003593,0.007847,0.003434
1918,0.008194,0.004049,0.007840,0.003439
1919,0.008370,0.003383,0.007828,0.003439
1920,0.007396,0.003978,0.007821,0.003442
1921,0.007888,0.003207,0.007832,0.003435
1922,0.008468,0.003152,0.007833,0.003438
1923,0.007287,0.003253,0.007828,0.003446
1924,0.007697,0.003661,0.007829,0.003443
1925,0.007835,0.002751,0.007833,0.003436
1926,0.007275,0.002784,0.007835,0.003443
1927,0.007995,0.002831,0.007833,0.003447
1928,0.008075,0.003051,0.007824,0.003444
1929,0.008187,0.002868,0.007817,0.003444
1930,0.008109,0.003431,0.007812,0.003446
1931,0.007829,0.003051,0.007805,0.003443
1932,0.007704,0.002891,0.007802,0.003447
1933,0.007207,0.004086,0.007799,0.003451
1934,0.009261,0.004533,0.007802,0.003439
1935,0.007751,0.003534,0.007782,0.003425
1936,0.007577,0.004710,0.007774,0.003424
1937,0.007436,0.003939,0.007767,0.003405
1938,0.007587,0.003787,0.007764,0.003398
1939,0.007976,0.003874,0.007755,0.003395
1940,0.008346,0.003585,0.007753,0.003383
1941,0.007561,0.003076,0.007747,0.003377
1942,0.007328,0.002951,0.007744,0.003378
1943,0.006967,0.003098,0.007742,0.003375
1944,0.008421,0.003826,0.007748,0.003374
1945,0.007868,0.003147,0.007734,0.003367
1946,0.007347,0.002899,0.007730,0.003370
1947,0.007745,0.002962,0.007730,0.003375
1948,0.007693,0.003530,0.007730,0.003379
1949,0.007918,0.003002,0.007732,0.003380
1950,0.007639,0.003081,0.007730,0.003386
1951,0.007970,0.003585,0.007738,0.003384
1952,0.007126,0.003809,0.007739,0.003388
1953,0.007212,0.003064,0.007747,0.003385
1954,0.007513,0.002798,0.007752,0.003393
1955,0.007756,0.003571,0.007753,0.003401
1956,0.007405,0.002711,0.007754,0.003405
1957,0.007675,0.002620,0.007760,0.003416
1958,0.008169,0.002882,0.007764,0.003429
1959,0.007663,0.003215,0.007761,0.003443
1960,0.006951,0.002859,0.007767,0.003454
1961,0.007523,0.003272,0.007772,0.003460
1962,0.007680,0.003054,0.007772,0.003458
1963,0.008097,0.003237,0.007776,0.003460
1964,0.007860,0.003100,0.007772,0.003458
1965,0.007369,0.003738,0.007769,0.003456
1966,0.008044,0.003807,0.007766,0.003450
1967,0.008054,0.003691,0.007762,0.003446
1968,0.007708,0.003540,0.007761,0.003442
1969,0.007843,0.003294,0.007764,0.003439
1970,0.008654,0.003141,0.007760,0.003434
1971,0.007662,0.002998,0.007747,0.003441
1972,0.008150,0.003469,0.007743,0.003437
1973,0.007756,0.003047,0.007734,0.003434
1974,0.007961,0.003185,0.007730,0.003431
1975,0.008162,0.003304,0.007722,0.003432
1976,0.007790,0.003521,0.007716,0.003434
1977,0.008633,0.003361,0.007713,0.003428
1978,0.008064,0.002920,0.007705,0.003433
1979,0.008230,0.003060,0.007696,0.003439
1980,0.008256,0.003329,0.007680,0.003441
1981,0.008139,0.003980,0.007665,0.003449
1982,0.008516,0.004001,0.007658,0.003444
1983,0.007871,0.003639,0.007646,0.003446
1984,0.008304,0.003187,0.007640,0.003444
1985,0.008275,0.003499,0.007630,0.003446
1986,0.007780,0.003381,0.007621,0.003445
1987,0.007723,0.004501,0.007613,0.003447
1988,0.008471,0.003747,0.007614,0.003436
1989,0.008054,0.003820,0.007612,0.003439
1990,0.007919,0.004051,0.007607,0.003438
1991,0.007479,0.003542,0.007599,0.003429
1992,0.008219,0.003911,0.007594,0.003431
1993,0.007784,0.004153,0.007587,0.003428
1994,0.007857,0.003614,0.007581,0.003431
1995,0.007938,0.003764,0.007573,0.003433
1996,0.007520,0.003562,0.007567,0.003426
1997,0.008043,0.003496,0.007565,0.003422
1998,0.007473,0.003930,0.007559,0.003431
1999,0.007570,0.003884,0.007561,0.003427
2000,0.007855,0.003777,0.007568,0.003420
2001,0.007493,0.003529,0.007564,0.003412
2002,0.007404,0.003114,0.007566,0.003410
2003,0.007512,0.003360,0.007570,0.003417
2004,0.007615,0.003833,0.007572,0.003418
2005,0.007319,0.003548,0.007570,0.003418
2006,0.007556,0.003104,0.007569,0.003418
2007,0.008605,0.003350,0.007558,0.003415
2008,0.008144,0.003418,0.007546,0.003412
2009,0.008530,0.003793,0.007535,0.003410
2010,0.007294,0.003671,0.007523,0.003407
2011,0.008230,0.003200,0.007525,0.003406
2012,0.008240,0.002922,0.007515,0.003411
2013,0.007557,0.003879,0.007502,0.003414
2014,0.007904,0.003215,0.007495,0.003406
2015,0.007853,0.004081,0.007490,0.003405
2016,0.007827,0.003157,0.007483,0.003396
2017,0.007218,0.004110,0.007484,0.003397
2018,0.006991,0.004122,0.007486,0.003388
2019,0.007712,0.003621,0.007487,0.003376
2020,0.008511,0.003329,0.007482,0.003372
2021,0.007942,0.003507,0.007466,0.003367
2022,0.007952,0.003897,0.007454,0.003363
2023,0.007467,0.003006,0.007444,0.003356
2024,0.008081,0.002893,0.007436,0.003359
2025,0.008063,0.003454,0.007424,0.003366
2026,0.007008,0.003245,0.007412,0.003366
2027,0.007086,0.002486,0.007415,0.003367
2028,0.007405,0.003060,0.007416,0.003372
2029,0.007650,0.003066,0.007420,0.003374
2030,0.007414,0.003193,0.007419,0.003374
2031,0.007587,0.003427,0.007416,0.003371
2032,0.007364,0.003239,0.007410,0.003364
2033,0.007525,0.002871,0.007402,0.003361
2034,0.007300,0.003142,0.007396,0.003359
2035,0.006887,0.003470,0.007390,0.003358
2036,0.006886,0.002818,0.007390,0.003354
2037,0.007192,0.003232,0.007395,0.003354
2038,0.006664,0.003449,0.007394,0.003351
2039,0.007734,0.002705,0.007396,0.003343
2040,0.007729,0.002967,0.007389,0.003343
2041,0.007332,0.003194,0.007380,0.003341
2042,0.007115,0.002640,0.007379,0.003343
2043,0.007586,0.002991,0.007387,0.003352
2044,0.006986,0.003109,0.007380,0.003356
2045,0.007423,0.003520,0.007383,0.003354
2046,0.007436,0.003359,0.007377,0.003353
2047,0.007713,0.003330,0.007374,0.003354
2048,0.007846,0.003671,0.007366,0.003355
2049,0.007717,0.003566,0.007363,0.003347
2050,0.008429,0.002964,0.007359,0.003341
2051,0.008070,0.003892,0.007352,0.003343
2052,0.007950,0.003531,0.007347,0.003338
2053,0.007707,0.003925,0.007344,0.003331
2054,0.007601,0.003579,0.007334,0.003316
2055,0.007843,0.003910,0.007328,0.003311
2056,0.008089,0.003892,0.007318,0.003298
2057,0.008005,0.003854,0.007307,0.003289
2058,0.007901,0.004267,0.007296,0.003272
2059,0.008246,0.004355,0.007290,0.003252
2060,0.007425,0.003509,0.007276,0.003241
2061,0.007555,0.003006,0.007275,0.003236
2062,0.008125,0.003254,0.007265,0.003238
2063,0.007699,0.003084,0.007258,0.003238
2064,0.007558,0.002903,0.007247,0.003238
2065,0.007076,0.003105,0.007242,0.003244
2066,0.007566,0.003388,0.007243,0.003251
2067,0.008010,0.003265,0.007240,0.003245
2068,0.008016,0.003296,0.007234,0.003249
2069,0.007400,0.002813,0.007227,0.003252
2070,0.007392,0.003803,0.007227,0.003255
2071,0.007211,0.002634,0.007227,0.003250
2072,0.007268,0.003119,0.007225,0.003256
2073,0.007379,0.002805,0.007231,0.003255
2074,0.007193,0.003245,0.007231,0.003261
2075,0.007497,0.003493,0.007229,0.003260
2076,0.007518,0.002983,0.007230,0.003261
2077,0.007792,0.003809,0.007225,0.003260
2078,0.007221,0.003572,0.007213,0.003252
2079,0.006607,0.003227,0.007209,0.003250
2080,0.006798,0.004151,0.007210,0.003249
2081,0.007438,0.003481,0.007211,0.003240
2082,0.007320,0.004144,0.007205,0.003238
2083,0.007191,0.003509,0.007202,0.003230
2084,0.007367,0.003344,0.007203,0.003225
2085,0.007338,0.003418,0.007200,0.003219
2086,0.006980,0.003571,0.007198,0.003214
2087,0.007868,0.003366,0.007201,0.003211
2088,0.008221,0.004102,0.007196,0.003200
2089,0.007545,0.003724,0.007183,0.003187
2090,0.007094,0.003141,0.007176,0.003176
2091,0.007071,0.003709,0.007175,0.003177
2092,0.007491,0.003639,0.007179,0.003172
2093,0.007151,0.004436,0.007179,0.003167
2094,0.007026,0.003846,0.007180,0.003149
2095,0.007394,0.003072,0.007183,0.003145
2096,0.007299,0.003153,0.007180,0.003150
2097,0.007425,0.004395,0.007176,0.003149
2098,0.007655,0.003473,0.007171,0.003130
2099,0.008297,0.003219,0.007166,0.003126
2100,0.007486,0.002974,0.007158,0.003126
2101,0.007721,0.003351,0.007155,0.003125
2102,0.007762,0.003742,0.007157,0.003118
2103,0.007732,0.003503,0.007158,0.003108
2104,0.007442,0.003800,0.007150,0.003100
2105,0.007151,0.003615,0.007147,0.003098
2106,0.006524,0.002764,0.007148,0.003093
2107,0.007347,0.003101,0.007156,0.003103
2108,0.007094,0.003179,0.007153,0.003109
2109,0.007268,0.003506,0.007152,0.003108
2110,0.007512,0.003503,0.007146,0.003100
2111,0.007236,0.003710,0.007134,0.003093
2112,0.006963,0.003236,0.007131,0.003083
2113,0.006794,0.003084,0.007134,0.003080
2114,0.007467,0.003127,0.007139,0.003081
2115,0.007170,0.003195,0.007137,0.003080
2116,0.007855,0.003220,0.007135,0.003081
2117,0.007503,0.003211,0.007128,0.003078
2118,0.007012,0.002910,0.007128,0.003079
2119,0.007290,0.003255,0.007141,0.003085
2120,0.006830,0.002827,0.007148,0.003089
2121,0.006822,0.003077,0.007159,0.003091
2122,0.006892,0.003244,0.007163,0.003101
2123,0.006665,0.003312,0.007167,0.003102
2124,0.006945,0.003550,0.007172,0.003101
2125,0.006785,0.003437,0.007172,0.003095
2126,0.007362,0.003403,0.007179,0.003090
2127,0.007182,0.003000,0.007179,0.003086
2128,0.007783,0.003257,0.007186,0.003083
2129,0.007517,0.003072,0.007183,0.003082
2130,0.007125,0.002868,0.007183,0.003094
2131,0.007060,0.002771,0.007185,0.003104
2132,0.006486,0.002846,0.007184,0.003115
2133,0.006951,0.002732,0.007197,0.003126
2134,0.006705,0.003019,0.007204,0.003137
2135,0.006888,0.003091,0.007212,0.003146
2136,0.007374,0.002853,0.007216,0.003158
2137,0.007150,0.002865,0.007216,0.003167
2138,0.006810,0.002704,0.007223,0.003183
2139,0.006999,0.002671,0.007225,0.003204
2140,0.006850,0.002719,0.007232,0.003214
2141,0.007270,0.003453,0.007237,0.003223
2142,0.007895,0.003547,0.007239,0.003223
2143,0.006843,0.003336,0.007235,0.003227
2144,0.007319,0.002957,0.007235,0.003236
2145,0.006822,0.003364,0.007233,0.003245
2146,0.007114,0.003474,0.007235,0.003245
2147,0.006945,0.003434,0.007238,0.003242
2148,0.007546,0.002888,0.007239,0.003238
2149,0.007284,0.002944,0.007239,0.003246
2150,0.007764,0.003205,0.007239,0.003258
2151,0.007618,0.003347,0.007241,0.003263
2152,0.007572,0.002866,0.007237,0.003273
2153,0.006759,0.002399,0.007238,0.003278
2154,0.007013,0.003151,0.007245,0.003283
2155,0.006768,0.002605,0.007249,0.003285
2156,0.006992,0.002922,0.007251,0.003293
2157,0.006933,0.002230,0.007256,0.003299
2158,0.007312,0.002172,0.007260,0.003311
2159,0.006859,0.003256,0.007263,0.003320
2160,0.007307,0.003047,0.007272,0.003321
2161,0.006585,0.003246,0.007275,0.003323
2162,0.007386,0.003243,0.007286,0.003324
2163,0.006652,0.003079,0.007282,0.003324
2164,0.006999,0.003517,0.007287,0.003327
2165,0.007189,0.003770,0.007287,0.003324
2166,0.007254,0.002825,0.007291,0.003316
2167,0.007475,0.003602,0.007282,0.003316
2168,0.007289,0.003613,0.007284,0.003317
2169,0.007405,0.003136,0.007281,0.003309
2170,0.007339,0.003253,0.007278,0.003312
2171,0.007060,0.003303,0.007281,0.003321
2172,0.007809,0.003018,0.007287,0.003323
2173,0.007398,0.003337,0.007284,0.003338
2174,0.006974,0.003179,0.007282,0.003343
2175,0.007669,0.003557,0.007281,0.003344
2176,0.007030,0.002908,0.007279,0.003345
2177,0.006515,0.003010,0.007286,0.003355
2178,0.006889,0.003396,0.007289,0.003354
2179,0.006647,0.003136,0.007298,0.003361
2180,0.006935,0.003265,0.007311,0.003363
2181,0.006870,0.003201,0.007319,0.003366
2182,0.006993,0.003354,0.007336,0.003365
2183,0.007274,0.003093,0.007345,0.003368
2184,0.007057,0.002737,0.007352,0.003371
2185,0.007149,0.002844,0.007357,0.003374
2186,0.007287,0.003282,0.007366,0.003380
2187,0.007312,0.002341,0.007364,0.003375
2188,0.006930,0.002790,0.007366,0.003381
2189,0.006843,0.002635,0.007378,0.003386
2190,0.007037,0.003188,0.007383,0.003391
2191,0.007481,0.003225,0.007381,0.003387
2192,0.007510,0.003155,0.007377,0.003383
2193,0.007172,0.002605,0.007378,0.003378
2194,0.007325,0.003448,0.007382,0.003379
2195,0.007115,0.003610,0.007381,0.003379
2196,0.006970,0.003025,0.007383,0.003379
2197,0.006912,0.002512,0.007388,0.003387
2198,0.007145,0.003038,0.007397,0.003396
2199,0.007460,0.003176,0.007398,0.003396
2200,0.007234,0.002938,0.007393,0.003404
2201,0.007904,0.002639,0.007391,0.003411
2202,0.007855,0.002695,0.007397,0.003421
2203,0.006893,0.002776,0.007396,0.003426
2204,0.007201,0.003564,0.007412,0.003430
2205,0.007237,0.003094,0.007421,0.003431
2206,0.007287,0.003794,0.007426,0.003434
2207,0.007058,0.003657,0.007441,0.003433
2208,0.007028,0.003077,0.007452,0.003430
2209,0.006615,0.002759,0.007458,0.003439
2210,0.006357,0.002811,0.007467,0.003454
2211,0.006878,0.002710,0.007482,0.003468
2212,0.007350,0.002966,0.007493,0.003481
2213,0.007221,0.003144,0.007493,0.003493
2214,0.007270,0.002996,0.007500,0.003500
2215,0.006969,0.003329,0.007507,0.003504
2216,0.007166,0.002923,0.007522,0.003510
2217,0.007520,0.003292,0.007526,0.003526
2218,0.008311,0.003506,0.007530,0.003529
2219,0.008022,0.003633,0.007526,0.003535
2220,0.007943,0.003043,0.007524,0.003536
2221,0.007194,0.004054,0.007531,0.003548
2222,0.007241,0.003396,0.007531,0.003556
2223,0.007178,0.003247,0.007528,0.003558
2224,0.007015,0.002936,0.007525,0.003563
2225,0.007434,0.002901,0.007530,0.003564
2226,0.007356,0.002966,0.007532,0.003574
2227,0.007874,0.002744,0.007531,0.003577
2228,0.007493,0.003135,0.007527,0.003585
2229,0.007571,0.004272,0.007523,0.003585
2230,0.007313,0.003921,0.007525,0.003571
2231,0.006951,0.003881,0.007524,0.003561
2232,0.007775,0.003906,0.007530,0.003549
2233,0.007647,0.003858,0.007522,0.003541
2234,0.007526,0.003850,0.007514,0.003535
2235,0.007269,0.004301,0.007509,0.003521
2236,0.007317,0.003771,0.007514,0.003507
2237,0.007894,0.004481,0.007515,0.003499
2238,0.007043,0.004818,0.007510,0.003486
2239,0.007615,0.003691,0.007519,0.003471
2240,0.007405,0.003560,0.007516,0.003467
2241,0.007445,0.003440,0.007521,0.003461
2242,0.007523,0.003996,0.007526,0.003461
2243,0.006878,0.004252,0.007534,0.003455
2244,0.007062,0.003866,0.007545,0.003451
2245,0.007054,0.003347,0.007553,0.003449
2246,0.007423,0.003111,0.007565,0.003451
2247,0.007032,0.003094,0.007571,0.003453
2248,0.007495,0.003683,0.007575,0.003459
2249,0.007363,0.004119,0.007588,0.003457
2250,0.007916,0.003688,0.007592,0.003448
2251,0.007179,0.004347,0.007594,0.003449
2252,0.007696,0.003353,0.007596,0.003441
2253,0.007497,0.002977,0.007590,0.003450
2254,0.007398,0.003331,0.007589,0.003458
2255,0.006936,0.003383,0.007587,0.003456
2256,0.007551,0.003536,0.007583,0.003448
2257,0.007307,0.003459,0.007578,0.003437
2258,0.007631,0.003042,0.007578,0.003429
2259,0.007753,0.003371,0.007573,0.003431
2260,0.007616,0.003246,0.007565,0.003429
2261,0.007700,0.003349,0.007562,0.003429
2262,0.006958,0.003190,0.007558,0.003424
2263,0.007093,0.003385,0.007560,0.003421
2264,0.007065,0.003237,0.007558,0.003416
2265,0.007578,0.002946,0.007552,0.003411
2266,0.006339,0.002833,0.007541,0.003410
2267,0.007659,0.003703,0.007545,0.003411
2268,0.006963,0.002863,0.007536,0.003404
2269,0.007139,0.003406,0.007537,0.003403
2270,0.007670,0.004103,0.007536,0.003395
2271,0.007659,0.003595,0.007529,0.003380
2272,0.007469,0.004515,0.007523,0.003376
2273,0.007263,0.003817,0.007525,0.003364
2274,0.006808,0.003203,0.007526,0.003356
2275,0.007469,0.003687,0.007529,0.003354
2276,0.007729,0.003894,0.007518,0.003348
2277,0.006861,0.002986,0.007507,0.003342
2278,0.007732,0.004013,0.007509,0.003346
2279,0.008017,0.003400,0.007500,0.003335
2280,0.007712,0.003587,0.007489,0.003330
2281,0.008542,0.003057,0.007479,0.003329
2282,0.007936,0.003691,0.007464,0.003332
2283,0.007957,0.003348,0.007468,0.003331
2284,0.007567,0.003005,0.007458,0.003338
2285,0.007992,0.003531,0.007447,0.003337
2286,0.007085,0.002783,0.007434,0.003330
2287,0.007520,0.002911,0.007434,0.003337
2288,0.008163,0.003232,0.007428,0.003342
2289,0.007319,0.003138,0.007407,0.003340
2290,0.006883,0.002791,0.007406,0.003345
2291,0.007044,0.002810,0.007405,0.003349
2292,0.007598,0.002674,0.007412,0.003358
2293,0.007631,0.002747,0.007406,0.003362
2294,0.007214,0.003402,0.007399,0.003364
2295,0.007299,0.003602,0.007392,0.003367
2296,0.007457,0.003819,0.007389,0.003367
2297,0.007867,0.003482,0.007392,0.003358
2298,0.007210,0.003011,0.007386,0.003360
2299,0.006975,0.003951,0.007384,0.003378
2300,0.007030,0.003658,0.007382,0.003371
2301,0.008474,0.003638,0.007387,0.003374
2302,0.007797,0.003253,0.007378,0.003374
2303,0.008464,0.003170,0.007377,0.003377
2304,0.008063,0.003590,0.007365,0.003385
2305,0.007799,0.003446,0.007349,0.003382
2306,0.008712,0.003673,0.007342,0.003381
2307,0.008241,0.003334,0.007328,0.003377
2308,0.007613,0.004028,0.007311,0.003378
2309,0.007524,0.004237,0.007304,0.003367
2310,0.007796,0.004177,0.007298,0.003355
2311,0.007975,0.004079,0.007302,0.003348
2312,0.007340,0.004141,0.007290,0.003334
2313,0.007947,0.003818,0.007279,0.003325
2314,0.007934,0.003416,0.007267,0.003314
2315,0.008527,0.003901,0.007256,0.003310
2316,0.007587,0.004527,0.007241,0.003303
2317,0.007880,0.003587,0.007244,0.003286
2318,0.007920,0.004144,0.007241,0.003280
2319,0.007864,0.003754,0.007236,0.003273
2320,0.008612,0.004171,0.007229,0.003265
2321,0.007232,0.004886,0.007222,0.003257
2322,0.006916,0.003628,0.007224,0.003241
2323,0.006872,0.003698,0.007220,0.003233
2324,0.007458,0.003042,0.007223,0.003228
2325,0.007692,0.003953,0.007215,0.003233
2326,0.007288,0.003250,0.007208,0.003228
2327,0.007398,0.003549,0.007203,0.003231
2328,0.007130,0.003122,0.007201,0.003233
2329,0.007744,0.002837,0.007201,0.003243
2330,0.007208,0.002980,0.007199,0.003248
2331,0.007608,0.002620,0.007192,0.003247
2332,0.006967,0.003131,0.007186,0.003253
2333,0.006789,0.003249,0.007200,0.003255
2334,0.007091,0.002425,0.007206,0.003254
2335,0.007751,0.002942,0.007202,0.003253
2336,0.007439,0.002966,0.007192,0.003255
2337,0.007366,0.003194,0.007187,0.003256
2338,0.007935,0.003272,0.007187,0.003256
2339,0.007309,0.003352,0.007189,0.003248
2340,0.007924,0.002928,0.007188,0.003250
2341,0.007964,0.003451,0.007183,0.003253
2342,0.008298,0.003400,0.007173,0.003248
2343,0.007951,0.003813,0.007161,0.003240
2344,0.007832,0.003672,0.007148,0.003229
2345,0.008353,0.003589,0.007145,0.003225
2346,0.007959,0.003326,0.007135,0.003217
2347,0.007400,0.003683,0.007126,0.003208
2348,0.008799,0.003473,0.007131,0.003198
2349,0.007817,0.003177,0.007120,0.003190
2350,0.008095,0.003855,0.007120,0.003195
2351,0.007417,0.003522,0.007118,0.003190
2352,0.007022,0.004275,0.007120,0.003191
2353,0.007483,0.003697,0.007131,0.003182
2354,0.007119,0.003128,0.007133,0.003178
2355,0.006590,0.002612,0.007137,0.003181
2356,0.006993,0.002449,0.007147,0.003191
2357,0.007350,0.002672,0.007155,0.003201
2358,0.007181,0.003230,0.007162,0.003215
2359,0.006907,0.003158,0.007163,0.003221
2360,0.007337,0.003272,0.007166,0.003228
2361,0.007317,0.002813,0.007170,0.003228
2362,0.007126,0.002871,0.007173,0.003240
2363,0.006843,0.002939,0.007174,0.003250
2364,0.006495,0.002757,0.007175,0.003251
2365,0.006534,0.002863,0.007174,0.003257
2366,0.006658,0.002869,0.007176,0.003261
2367,0.006760,0.002998,0.007180,0.003274
2368,0.007129,0.002750,0.007185,0.003280
2369,0.006965,0.002663,0.007202,0.003288
2370,0.007015,0.002540,0.007215,0.003298
2371,0.007094,0.003255,0.007215,0.003309
2372,0.007614,0.003314,0.007228,0.003306
2373,0.007387,0.002957,0.007241,0.003304
2374,0.007076,0.003046,0.007246,0.003308
2375,0.006438,0.003120,0.007258,0.003318
2376,0.006592,0.003262,0.007271,0.003322
2377,0.007095,0.003429,0.007285,0.003327
2378,0.006810,0.002861,0.007297,0.003333
2379,0.006912,0.002953,0.007308,0.003338
2380,0.006739,0.003455,0.007308,0.003351
2381,0.007009,0.003294,0.007311,0.003345
2382,0.008323,0.003669,0.007315,0.003349
2383,0.006933,0.004043,0.007300,0.003342
2384,0.006543,0.002877,0.007305,0.003329
2385,0.006690,0.002801,0.007305,0.003330
2386,0.006998,0.003556,0.007307,0.003329
2387,0.006952,0.003405,0.007304,0.003323
2388,0.006067,0.003009,0.007304,0.003316
2389,0.007211,0.003659,0.007310,0.003316
2390,0.006751,0.003193,0.007303,0.003310
2391,0.007743,0.003701,0.007303,0.003309
2392,0.007018,0.003066,0.007292,0.003300
2393,0.006915,0.002975,0.007290,0.003313
2394,0.006556,0.003669,0.007294,0.003321
2395,0.007007,0.003635,0.007301,0.003316
2396,0.007796,0.002897,0.007296,0.003318
2397,0.007250,0.003636,0.007287,0.003328
2398,0.006960,0.004843,0.007281,0.003324
2399,0.006838,0.003270,0.007282,0.003311
2400,0.007463,0.003927,0.007285,0.003312
2401,0.007626,0.003620,0.007274,0.003307
2402,0.007686,0.003620,0.007261,0.003302
2403,0.007277,0.003936,0.007253,0.003299
2404,0.006472,0.003266,0.007248,0.003295
2405,0.007069,0.003371,0.007250,0.003290
2406,0.007308,0.003261,0.007251,0.003290
2407,0.006541,0.003423,0.007251,0.003286
2408,0.006941,0.002914,0.007255,0.003285
2409,0.006854,0.003092,0.007252,0.003283
2410,0.008210,0.003490,0.007265,0.003280
2411,0.006768,0.002628,0.007259,0.003281
2412,0.006282,0.003257,0.007268,0.003286
2413,0.006749,0.002718,0.007279,0.003290
2414,0.006793,0.002979,0.007280,0.003290
2415,0.007038,0.003230,0.007282,0.003297
2416,0.007940,0.002846,0.007286,0.003300
2417,0.007519,0.002962,0.007276,0.003305
2418,0.007494,0.003435,0.007266,0.003304
2419,0.007102,0.002976,0.007253,0.003298
2420,0.007909,0.003316,0.007247,0.003302
2421,0.007429,0.003293,0.007233,0.003299
2422,0.006574,0.002902,0.007225,0.003296
2423,0.007098,0.003188,0.007227,0.003296
2424,0.006711,0.003526,0.007227,0.003296
2425,0.006987,0.003418,0.007219,0.003291
2426,0.006772,0.003582,0.007219,0.003286
2427,0.007228,0.003779,0.007220,0.003287
2428,0.007116,0.004102,0.007214,0.003289
2429,0.007541,0.003364,0.007209,0.003279
2430,0.006534,0.002847,0.007201,0.003275
2431,0.006971,0.003181,0.007197,0.003275
2432,0.008386,0.003390,0.007188,0.003274
2433,0.007408,0.003113,0.007171,0.003273
2434,0.006641,0.002369,0.007163,0.003270
2435,0.006759,0.003072,0.007163,0.003276
2436,0.006986,0.003101,0.007166,0.003275
2437,0.007368,0.003223,0.007166,0.003276
2438,0.008055,0.002437,0.007165,0.003277
2439,0.007270,0.003562,0.007159,0.003285
2440,0.007441,0.003219,0.007154,0.003282
2441,0.006971,0.002979,0.007151,0.003281
2442,0.007058,0.002592,0.007151,0.003281
2443,0.006649,0.002659,0.007151,0.003283
2444,0.007527,0.003326,0.007157,0.003290
2445,0.007344,0.002761,0.007147,0.003295
2446,0.007041,0.002475,0.007142,0.003298
2447,0.007903,0.002597,0.007140,0.003304
2448,0.007733,0.002691,0.007134,0.003311
2449,0.007843,0.003756,0.007126,0.003321
2450,0.007813,0.003332,0.007118,0.003315
2451,0.007684,0.003581,0.007114,0.003312
2452,0.008102,0.003408,0.007110,0.003309
2453,0.007675,0.003271,0.007095,0.003308
2454,0.007552,0.003457,0.007093,0.003314
2455,0.007591,0.003615,0.007086,0.003315
2456,0.007722,0.003410,0.007078,0.003305
2457,0.008068,0.004045,0.007078,0.003306
2458,0.007268,0.003842,0.007069,0.003293
2459,0.007217,0.003928,0.007065,0.003281
2460,0.007773,0.003216,0.007069,0.003275
2461,0.007647,0.004044,0.007059,0.003273
2462,0.007165,0.003900,0.007051,0.003268
2463,0.006936,0.002958,0.007046,0.003270
2464,0.006425,0.003398,0.007046,0.003274
2465,0.006760,0.003281,0.007048,0.003277
2466,0.007018,0.004131,0.007044,0.003278
2467,0.007262,0.003618,0.007044,0.003271
2468,0.008810,0.003559,0.007035,0.003266
2469,0.008304,0.003635,0.007012,0.003264
2470,0.007045,0.003633,0.006991,0.003264
2471,0.008396,0.002936,0.006994,0.003261
2472,0.008835,0.003119,0.006983,0.003267
2473,0.007962,0.003425,0.006965,0.003272
2474,0.008272,0.004021,0.006952,0.003269
2475,0.007701,0.003479,0.006945,0.003265
2476,0.007977,0.003809,0.006930,0.003267
2477,0.008334,0.003992,0.006918,0.003264
2478,0.007891,0.003335,0.006908,0.003261
2479,0.006912,0.004297,0.006898,0.003267
2480,0.007052,0.002906,0.006911,0.003262
2481,0.007353,0.003682,0.006923,0.003270
2482,0.006871,0.002956,0.006920,0.003263
2483,0.007410,0.002751,0.006923,0.003275
2484,0.006543,0.002908,0.006922,0.003281
2485,0.006908,0.002764,0.006924,0.003287
2486,0.006715,0.002979,0.006928,0.003288
2487,0.006919,0.002658,0.006927,0.003291
2488,0.006662,0.002988,0.006928,0.003293
2489,0.006499,0.003065,0.006940,0.003291
2490,0.006761,0.003137,0.006948,0.003291
2491,0.006679,0.002761,0.006948,0.003292
2492,0.006825,0.004348,0.006956,0.003297
2493,0.007268,0.003811,0.006961,0.003284
2494,0.007239,0.003122,0.006960,0.003272
2495,0.006572,0.003870,0.006962,0.003268
2496,0.006859,0.003909,0.006965,0.003255
2497,0.006627,0.003190,0.006967,0.003243
2498,0.007130,0.003612,0.006970,0.003250
2499,0.007099,0.003314,0.006969,0.003243
2500,0.006381,0.003492,0.006970,0.003241
2501,0.006291,0.003107,0.006977,0.003237
2502,0.006915,0.003290,0.006987,0.003239
2503,0.006799,0.003507,0.006991,0.003237
2504,0.006610,0.002771,0.006991,0.003229
2505,0.007180,0.003437,0.006990,0.003230
2506,0.007316,0.002789,0.006982,0.003228
2507,0.006923,0.003370,0.006981,0.003229
2508,0.006681,0.002665,0.006982,0.003228
2509,0.008123,0.002834,0.006979,0.003236
2510,0.007622,0.003593,0.006967,0.003237
2511,0.007701,0.003131,0.006962,0.003227
2512,0.007315,0.003653,0.006954,0.003227
2513,0.006918,0.002734,0.006955,0.003218
2514,0.007010,0.003688,0.006947,0.003219
2515,0.007358,0.003472,0.006946,0.003211
2516,0.007012,0.003354,0.006931,0.003200
2517,0.006474,0.002853,0.006930,0.003198
2518,0.006255,0.002907,0.006932,0.003197
2519,0.006500,0.003350,0.006934,0.003201
2520,0.006512,0.002986,0.006941,0.003198
2521,0.006547,0.002989,0.006939,0.003200
2522,0.006765,0.002881,0.006944,0.003204
2523,0.007108,0.003194,0.006956,0.003205
2524,0.005970,0.003105,0.006952,0.003207
2525,0.006961,0.002881,0.006959,0.003200
2526,0.006865,0.003621,0.006956,0.003203
2527,0.006640,0.003986,0.006950,0.003204
2528,0.006592,0.003099,0.006960,0.003193
2529,0.006729,0.002964,0.006967,0.003194
2530,0.006142,0.002941,0.006974,0.003201
2531,0.006109,0.003078,0.006979,0.003203
2532,0.006690,0.003249,0.006989,0.003205
2533,0.006602,0.002829,0.006994,0.003205
2534,0.006645,0.002901,0.006998,0.003210
2535,0.007027,0.003058,0.006997,0.003209
2536,0.006974,0.003130,0.006993,0.003205
2537,0.007275,0.003380,0.006995,0.003201
2538,0.007521,0.003196,0.006992,0.003197
2539,0.006767,0.003255,0.006991,0.003189
2540,0.007074,0.003184,0.006995,0.003186
2541,0.006991,0.002896,0.006994,0.003188
2542,0.007047,0.002830,0.006997,0.003191
2543,0.007227,0.003345,0.007000,0.003193
2544,0.006564,0.003873,0.007001,0.003187
2545,0.006840,0.003034,0.007001,0.003177
2546,0.006886,0.003027,0.007004,0.003179
2547,0.007273,0.003335,0.007006,0.003182
2548,0.006939,0.003686,0.007006,0.003185
2549,0.007020,0.003123,0.007008,0.003181
2550,0.007440,0.003117,0.006995,0.003186
2551,0.007230,0.003193,0.006990,0.003195
2552,0.006646,0.003396,0.006993,0.003195
2553,0.007424,0.003826,0.007001,0.003194
2554,0.006857,0.003544,0.007001,0.003191
2555,0.006861,0.002674,0.006997,0.003186
2556,0.007729,0.003430,0.006994,0.003188
2557,0.007143,0.002749,0.006986,0.003188
2558,0.006804,0.002712,0.006988,0.003199
2559,0.007656,0.003324,0.007007,0.003207
2560,0.006824,0.002952,0.007000,0.003211
2561,0.006762,0.003552,0.006996,0.003220
2562,0.006733,0.004092,0.007005,0.003221
2563,0.006881,0.003359,0.007010,0.003215
2564,0.006635,0.003752,0.007010,0.003215
2565,0.006377,0.003307,0.007019,0.003211
2566,0.007033,0.003487,0.007024,0.003220
2567,0.006349,0.003120,0.007024,0.003216
2568,0.006533,0.003374,0.007026,0.003221
2569,0.006165,0.003636,0.007027,0.003218
2570,0.007310,0.003310,0.007035,0.003217
2571,0.007369,0.003554,0.007034,0.003216
2572,0.006996,0.003584,0.007029,0.003215
2573,0.006705,0.003177,0.007024,0.003208
2574,0.007515,0.003622,0.007021,0.003204
2575,0.006259,0.003622,0.007013,0.003202
2576,0.006709,0.003498,0.007016,0.003194
2577,0.007345,0.003728,0.007020,0.003189
2578,0.006962,0.003978,0.007017,0.003180
2579,0.008201,0.003706,0.007013,0.003172
2580,0.008232,0.003750,0.006991,0.003166
2581,0.007073,0.002948,0.006980,0.003159
2582,0.007109,0.004166,0.006979,0.003156
2583,0.007374,0.003384,0.006977,0.003156
2584,0.006735,0.003472,0.006970,0.003156
2585,0.007293,0.002934,0.006967,0.003150
2586,0.006568,0.003209,0.006965,0.003157
2587,0.007050,0.002912,0.006979,0.003161
2588,0.007819,0.002755,0.006980,0.003168
2589,0.007346,0.003032,0.006970,0.003180
2590,0.006760,0.003234,0.006964,0.003199
2591,0.007491,0.003267,0.006966,0.003201
2592,0.007335,0.003053,0.006971,0.003207
2593,0.007110,0.002641,0.006964,0.003213
2594,0.007497,0.002679,0.006962,0.003215
2595,0.006814,0.002577,0.006959,0.003227
2596,0.007095,0.002772,0.006959,0.003240
2597,0.006958,0.003882,0.006959,0.003242
2598,0.006984,0.002929,0.006957,0.003234
2599,0.007238,0.003043,0.006960,0.003234
2600,0.007076,0.003116,0.006959,0.003238
2601,0.007305,0.003316,0.006952,0.003240
2602,0.007330,0.003095,0.006953,0.003234
2603,0.006702,0.002651,0.006954,0.003231
2604,0.006580,0.002963,0.006960,0.003236
2605,0.006383,0.003149,0.006965,0.003242
2606,0.007158,0.002943,0.006973,0.003238
2607,0.007009,0.003212,0.006974,0.003243
2608,0.006394,0.003533,0.006985,0.003247
2609,0.006911,0.002961,0.006990,0.003256
2610,0.007214,0.002574,0.006990,0.003263
2611,0.006849,0.003057,0.006992,0.003274
2612,0.007462,0.002785,0.006999,0.003282
2613,0.006039,0.002826,0.006996,0.003295
2614,0.006910,0.002905,0.007007,0.003308
2615,0.005896,0.002414,0.007008,0.003319
2616,0.006921,0.003088,0.007021,0.003334
2617,0.006684,0.002752,0.007013,0.003344
2618,0.006415,0.003361,0.007023,0.003353
2619,0.007242,0.003051,0.007028,0.003356
2620,0.006324,0.003196,0.007031,0.003366
2621,0.007031,0.003326,0.007037,0.003370
2622,0.007911,0.002978,0.007040,0.003364
2623,0.006753,0.003380,0.007037,0.003365
2624,0.006701,0.002459,0.007030,0.003366
2625,0.006624,0.003162,0.007029,0.003374
2626,0.006304,0.003700,0.007039,0.003373
2627,0.007652,0.002913,0.007048,0.003367
2628,0.007250,0.003213,0.007043,0.003372
2629,0.007375,0.003704,0.007046,0.003374
2630,0.006682,0.003140,0.007040,0.003367
2631,0.007093,0.003212,0.007032,0.003369
2632,0.007231,0.003294,0.007029,0.003366
2633,0.007024,0.003295,0.007027,0.003370
2634,0.006527,0.002799,0.007033,0.003376
2635,0.006615,0.002649,0.007037,0.003387
2636,0.007149,0.002778,0.007034,0.003393
2637,0.006974,0.002988,0.007026,0.003398
2638,0.007390,0.002394,0.007022,0.003415
2639,0.007230,0.002903,0.007017,0.003431
2640,0.006987,0.003427,0.007016,0.003442
2641,0.007283,0.003137,0.007014,0.003448
2642,0.007373,0.003055,0.007019,0.003457
2643,0.007249,0.002774,0.007017,0.003472
2644,0.006579,0.002886,0.007014,0.003482
2645,0.007125,0.003239,0.007013,0.003489
2646,0.007073,0.003328,0.007018,0.003489
2647,0.007312,0.003557,0.007028,0.003497
2648,0.007109,0.003305,0.007025,0.003499
2649,0.005773,0.003673,0.007024,0.003502
2650,0.006881,0.003967,0.007032,0.003497
2651,0.007554,0.003182,0.007033,0.003494
2652,0.007433,0.003341,0.007025,0.003488
2653,0.007403,0.003536,0.007022,0.003493
2654,0.006482,0.002990,0.007015,0.003498
2655,0.006556,0.002934,0.007023,0.003505
2656,0.006974,0.003367,0.007027,0.003511
2657,0.007355,0.003836,0.007023,0.003515
2658,0.008656,0.003597,0.007012,0.003516
2659,0.006975,0.003669,0.006985,0.003513
2660,0.006385,0.003824,0.006984,0.003511
2661,0.007719,0.003712,0.006990,0.003510
2662,0.007240,0.003450,0.006980,0.003515
2663,0.006854,0.003364,0.006979,0.003512
2664,0.007564,0.003404,0.006973,0.003511
2665,0.006820,0.004129,0.006971,0.003515
2666,0.007079,0.003140,0.006972,0.003512
2667,0.006485,0.003623,0.006969,0.003513
2668,0.006635,0.003075,0.006978,0.003515
2669,0.006991,0.003494,0.006982,0.003523
2670,0.007256,0.003278,0.006975,0.003527
2671,0.006860,0.003412,0.006970,0.003536
2672,0.006460,0.002876,0.006968,0.003538
2673,0.006432,0.002814,0.006967,0.003550
2674,0.006731,0.003410,0.006968,0.003557
2675,0.006568,0.002850,0.006970,0.003558
2676,0.007046,0.002939,0.006969,0.003559
2677,0.007054,0.002834,0.006969,0.003554
2678,0.006594,0.003150,0.006965,0.003555
2679,0.005989,0.003143,0.006972,0.003558
2680,0.007177,0.003076,0.006983,0.003554
2681,0.006928,0.002657,0.006974,0.003558
2682,0.006903,0.004171,0.006973,0.003562
2683,0.006634,0.003322,0.006975,0.003558
2684,0.006485,0.002864,0.006981,0.003558
2685,0.007062,0.003710,0.006995,0.003567
2686,0.007990,0.003563,0.006998,0.003562
2687,0.007108,0.003619,0.006986,0.003554
2688,0.006891,0.003917,0.006988,0.003553
2689,0.006696,0.004924,0.006987,0.003552
2690,0.007025,0.003462,0.006994,0.003541
2691,0.007975,0.003911,0.006988,0.003538
2692,0.006659,0.003663,0.006987,0.003530
2693,0.006912,0.002773,0.006990,0.003524
2694,0.007120,0.003897,0.006987,0.003527
2695,0.006880,0.003892,0.006991,0.003524
2696,0.007066,0.002944,0.007002,0.003514
2697,0.006736,0.003071,0.007012,0.003517
2698,0.007332,0.002997,0.007016,0.003517
2699,0.007150,0.003378,0.007014,0.003520
2700,0.006349,0.003335,0.007014,0.003521
2701,0.007426,0.002765,0.007021,0.003530
2702,0.007380,0.002781,0.007018,0.003546
2703,0.007334,0.003126,0.007010,0.003548
2704,0.007052,0.003529,0.007005,0.003552
2705,0.007177,0.002831,0.007002,0.003555
2706,0.007294,0.003406,0.006999,0.003562
2707,0.008069,0.003637,0.006991,0.003562
2708,0.006903,0.004385,0.006973,0.003557
2709,0.006961,0.003668,0.006965,0.003552
2710,0.007342,0.003692,0.006961,0.003551
2711,0.007574,0.003842,0.006954,0.003545
2712,0.007135,0.004047,0.006939,0.003535
2713,0.007157,0.004210,0.006928,0.003519
2714,0.006998,0.003964,0.006917,0.003506
2715,0.007211,0.003957,0.006910,0.003489
2716,0.006110,0.004048,0.006893,0.003477
2717,0.007676,0.003674,0.006894,0.003471
2718,0.006901,0.003690,0.006880,0.003467
2719,0.007581,0.004040,0.006872,0.003465
2720,0.006963,0.003561,0.006856,0.003457
2721,0.007255,0.002717,0.006855,0.003453
2722,0.007653,0.003128,0.006846,0.003458
2723,0.006022,0.003466,0.006833,0.003459
2724,0.006605,0.003230,0.006841,0.003462
2725,0.007693,0.003046,0.006843,0.003463
2726,0.007147,0.003136,0.006827,0.003463
2727,0.007165,0.003384,0.006822,0.003470
2728,0.007502,0.003379,0.006818,0.003465
2729,0.006777,0.003006,0.006809,0.003461
2730,0.005938,0.003372,0.006813,0.003464
2731,0.006824,0.002883,0.006817,0.003463
2732,0.006992,0.003723,0.006815,0.003469
2733,0.007622,0.003879,0.006806,0.003461
2734,0.006902,0.003968,0.006791,0.003451
2735,0.006365,0.003161,0.006796,0.003443
2736,0.006278,0.003298,0.006803,0.003447
2737,0.006597,0.004692,0.006808,0.003450
2738,0.006886,0.004059,0.006820,0.003440
2739,0.007126,0.003988,0.006822,0.003429
2740,0.006831,0.004001,0.006822,0.003423
2741,0.007753,0.004075,0.006830,0.003413
2742,0.007234,0.004515,0.006826,0.003411
2743,0.006951,0.003734,0.006827,0.003403
2744,0.006389,0.003605,0.006822,0.003399
2745,0.007668,0.003251,0.006831,0.003390
2746,0.008055,0.004158,0.006826,0.003393
2747,0.007018,0.003703,0.006815,0.003391
2748,0.007047,0.003660,0.006817,0.003386
2749,0.006568,0.003154,0.006811,0.003380
2750,0.006980,0.003650,0.006813,0.003382
2751,0.006737,0.002572,0.006806,0.003377
2752,0.007161,0.003897,0.006798,0.003389
2753,0.006664,0.004010,0.006790,0.003384
2754,0.007326,0.003700,0.006798,0.003376
2755,0.006873,0.003500,0.006790,0.003367
2756,0.006658,0.003746,0.006785,0.003361
2757,0.006217,0.003999,0.006778,0.003357
2758,0.005977,0.003317,0.006782,0.003342
2759,0.006816,0.003463,0.006781,0.003345
2760,0.007070,0.003686,0.006783,0.003346
2761,0.006687,0.004241,0.006773,0.003342
2762,0.007150,0.003153,0.006770,0.003324
2763,0.006185,0.003270,0.006762,0.003328
2764,0.007395,0.003763,0.006765,0.003328
2765,0.006908,0.003838,0.006755,0.003324
2766,0.006822,0.003277,0.006751,0.003316
2767,0.007377,0.003800,0.006749,0.003309
2768,0.006997,0.003835,0.006739,0.003302
2769,0.006288,0.003867,0.006733,0.003295
2770,0.006831,0.004266,0.006730,0.003286
2771,0.006581,0.003534,0.006724,0.003277
2772,0.006424,0.004119,0.006719,0.003269
2773,0.006461,0.003483,0.006726,0.003255
2774,0.006961,0.003541,0.006720,0.003254
2775,0.006500,0.002908,0.006715,0.003257
2776,0.007059,0.002492,0.006721,0.003255
2777,0.006580,0.002902,0.006727,0.003268
2778,0.007296,0.003503,0.006733,0.003262
2779,0.007094,0.002690,0.006729,0.003269
2780,0.006307,0.003520,0.006728,0.003271
2781,0.006882,0.003067,0.006728,0.003266
2782,0.007102,0.003695,0.006731,0.003271
2783,0.007142,0.003329,0.006723,0.003261
2784,0.007949,0.003807,0.006717,0.003258
2785,0.007331,0.003227,0.006701,0.003252
2786,0.006850,0.002760,0.006697,0.003248
2787,0.007277,0.003481,0.006695,0.003250
2788,0.006737,0.003868,0.006684,0.003239
2789,0.007438,0.003742,0.006680,0.003223
2790,0.006454,0.003192,0.006671,0.003216
2791,0.007881,0.003084,0.006668,0.003212
2792,0.006929,0.003082,0.006654,0.003212
2793,0.006561,0.003100,0.006655,0.003211
2794,0.007599,0.003556,0.006662,0.003211
2795,0.007978,0.002897,0.006647,0.003206
2796,0.008016,0.003242,0.006624,0.003203
2797,0.007112,0.003097,0.006614,0.003198
2798,0.007192,0.003278,0.006604,0.003202
2799,0.007145,0.003520,0.006599,0.003202
2800,0.007003,0.004235,0.006603,0.003200
2801,0.007101,0.004328,0.006599,0.003188
2802,0.006638,0.003044,0.006610,0.003177
2803,0.006872,0.003517,0.006609,0.003173
2804,0.006746,0.003838,0.006603,0.003175
2805,0.006859,0.003466,0.006606,0.003168
2806,0.006435,0.003460,0.006606,0.003169
2807,0.006352,0.003148,0.006605,0.003174
2808,0.006089,0.003809,0.006608,0.003179
2809,0.006498,0.003579,0.006617,0.003172
2810,0.006647,0.003121,0.006618,0.003171
2811,0.006107,0.002814,0.006620,0.003173
2812,0.006075,0.002504,0.006618,0.003175
2813,0.006001,0.002825,0.006620,0.003174
2814,0.006322,0.002346,0.006627,0.003182
2815,0.005451,0.002682,0.006626,0.003192
2816,0.006241,0.003472,0.006639,0.003200
2817,0.006250,0.003274,0.006646,0.003196
2818,0.006154,0.003537,0.006653,0.003201
2819,0.005925,0.003214,0.006657,0.003198
2820,0.006888,0.003105,0.006664,0.003198
2821,0.006406,0.003220,0.006659,0.003199
2822,0.006273,0.003278,0.006667,0.003196
2823,0.006835,0.003766,0.006669,0.003185
2824,0.006840,0.003347,0.006669,0.003181
2825,0.006068,0.003040,0.006662,0.003180
2826,0.006624,0.003800,0.006658,0.003179
2827,0.006800,0.002932,0.006663,0.003174
2828,0.006637,0.003001,0.006662,0.003179
2829,0.007135,0.003228,0.006656,0.003181
2830,0.006331,0.003302,0.006653,0.003178
2831,0.006645,0.003498,0.006654,0.003179
2832,0.006119,0.002905,0.006661,0.003180
2833,0.006087,0.002924,0.006668,0.003183
2834,0.007367,0.003141,0.006667,0.003190
2835,0.007151,0.003530,0.006655,0.003191
2836,0.006785,0.003635,0.006650,0.003189
2837,0.007736,0.003664,0.006643,0.003182
2838,0.007150,0.002920,0.006625,0.003176
2839,0.007099,0.003452,0.006618,0.003182
2840,0.007633,0.002979,0.006616,0.003180
2841,0.007349,0.003832,0.006605,0.003185
2842,0.007319,0.003768,0.006593,0.003182
2843,0.006476,0.003306,0.006580,0.003175
2844,0.007224,0.002714,0.006581,0.003175
2845,0.007198,0.003537,0.006572,0.003174
2846,0.006923,0.003968,0.006572,0.003169
2847,0.007248,0.003241,0.006563,0.003156
2848,0.006471,0.003076,0.006555,0.003152
2849,0.006734,0.003356,0.006553,0.003149
2850,0.006269,0.003140,0.006562,0.003145
2851,0.005969,0.003784,0.006570,0.003140
2852,0.006402,0.003352,0.006575,0.003132
2853,0.007452,0.003262,0.006581,0.003137
2854,0.006460,0.002761,0.006575,0.003138
2855,0.006389,0.002934,0.006575,0.003147
2856,0.005984,0.003331,0.006584,0.003152
2857,0.006582,0.002490,0.006597,0.003151
2858,0.005885,0.003550,0.006603,0.003158
2859,0.007073,0.003588,0.006618,0.003157
2860,0.006062,0.003282,0.006618,0.003155
2861,0.006354,0.002491,0.006624,0.003153
2862,0.006330,0.003535,0.006622,0.003159
2863,0.006489,0.003253,0.006627,0.003158
2864,0.006440,0.003359,0.006632,0.003157
2865,0.006451,0.003067,0.006633,0.003154
2866,0.006661,0.002594,0.006638,0.003147
2867,0.006330,0.003116,0.006633,0.003148
2868,0.006443,0.003062,0.006632,0.003146
2869,0.005980,0.002963,0.006630,0.003142
2870,0.006195,0.003358,0.006635,0.003137
2871,0.006155,0.002762,0.006633,0.003138
2872,0.007133,0.002747,0.006632,0.003139
2873,0.005826,0.003365,0.006619,0.003137
2874,0.006506,0.003794,0.006632,0.003136
2875,0.007091,0.002780,0.006628,0.003125
2876,0.007658,0.003751,0.006618,0.003127
2877,0.007187,0.002347,0.006603,0.003126
2878,0.006867,0.004179,0.006596,0.003139
2879,0.006958,0.002898,0.006592,0.003132
2880,0.006343,0.003022,0.006587,0.003133
2881,0.007207,0.003536,0.006586,0.003136
2882,0.006303,0.002752,0.006579,0.003133
2883,0.006510,0.002992,0.006591,0.003138
2884,0.006336,0.003175,0.006587,0.003143
2885,0.006916,0.002837,0.006587,0.003144
2886,0.006668,0.003007,0.006581,0.003154
2887,0.006192,0.002323,0.006583,0.003157
2888,0.006329,0.002299,0.006585,0.003167
2889,0.006580,0.003036,0.006589,0.003175
2890,0.006066,0.002803,0.006587,0.003180
2891,0.006497,0.003052,0.006588,0.003183
2892,0.007071,0.002958,0.006583,0.003180
2893,0.007205,0.003127,0.006575,0.003180
2894,0.006160,0.003040,0.006571,0.003188
2895,0.005705,0.002636,0.006570,0.003186
2896,0.006968,0.002724,0.006583,0.003189
2897,0.006142,0.003495,0.006575,0.003191
2898,0.006635,0.003328,0.006579,0.003191
2899,0.007534,0.003307,0.006570,0.003182
2900,0.006635,0.002983,0.006557,0.003181
2901,0.008174,0.003242,0.006559,0.003186
2902,0.006573,0.002704,0.006542,0.003187
2903,0.006280,0.003707,0.006543,0.003192
2904,0.007010,0.003105,0.006543,0.003181
2905,0.006930,0.003520,0.006538,0.003178
2906,0.006335,0.004030,0.006534,0.003168
2907,0.006591,0.003610,0.006535,0.003159
2908,0.007016,0.003074,0.006533,0.003155
2909,0.006623,0.003544,0.006526,0.003156
2910,0.006766,0.003269,0.006517,0.003153
2911,0.005941,0.003021,0.006513,0.003150
2912,0.006270,0.002448,0.006515,0.003150
2913,0.006716,0.003615,0.006510,0.003159
2914,0.006240,0.003354,0.006509,0.003150
2915,0.006747,0.003504,0.006511,0.003149
2916,0.006880,0.003056,0.006504,0.003143
2917,0.006994,0.003788,0.006503,0.003138
2918,0.006562,0.003201,0.006491,0.003129
2919,0.006627,0.003193,0.006480,0.003124
2920,0.006392,0.003258,0.006478,0.003123
2921,0.007226,0.002852,0.006476,0.003121
2922,0.006418,0.002251,0.006469,0.003125
2923,0.006837,0.003282,0.006463,0.003129
2924,0.006201,0.003249,0.006454,0.003129
2925,0.005638,0.003012,0.006454,0.003127
2926,0.007075,0.003227,0.006465,0.003131
2927,0.006736,0.003518,0.006455,0.003132
2928,0.006022,0.003126,0.006454,0.003133
2929,0.006887,0.002942,0.006459,0.003137
2930,0.006395,0.003376,0.006455,0.003142
2931,0.007386,0.003650,0.006458,0.003139
2932,0.006732,0.003220,0.006441,0.003134
2933,0.006027,0.003641,0.006439,0.003133
2934,0.006219,0.003211,0.006439,0.003126
2935,0.006598,0.003305,0.006442,0.003124
2936,0.006139,0.002950,0.006438,0.003120
2937,0.005889,0.003026,0.006437,0.003119
2938,0.006435,0.003605,0.006444,0.003117
2939,0.006921,0.003212,0.006446,0.003112
2940,0.006546,0.003524,0.006438,0.003118
2941,0.006107,0.003468,0.006428,0.003119
2942,0.006027,0.003035,0.006425,0.003121
2943,0.006542,0.003394,0.006432,0.003128
2944,0.006418,0.002589,0.006431,0.003133
2945,0.007160,0.002973,0.006436,0.003142
2946,0.006018,0.002690,0.006426,0.003149
2947,0.006436,0.002882,0.006433,0.003152
2948,0.006305,0.002782,0.006434,0.003158
2949,0.007621,0.002980,0.006434,0.003161
2950,0.007043,0.002620,0.006421,0.003166
2951,0.006485,0.002931,0.006411,0.003168
2952,0.006958,0.003877,0.006406,0.003167
2953,0.006939,0.003413,0.006397,0.003158
2954,0.006437,0.003633,0.006389,0.003150
2955,0.007239,0.003413,0.006389,0.003140
2956,0.007288,0.003226,0.006377,0.003134
2957,0.007158,0.003180,0.006368,0.003131
2958,0.007396,0.003509,0.006367,0.003136
2959,0.007123,0.003374,0.006362,0.003135
2960,0.006651,0.003080,0.006356,0.003129
2961,0.006161,0.003091,0.006353,0.003136
2962,0.006837,0.003367,0.006364,0.003145
2963,0.007007,0.003161,0.006369,0.003147
2964,0.006529,0.003060,0.006368,0.003150
2965,0.006903,0.002354,0.006375,0.003154
2966,0.006156,0.002719,0.006374,0.003175
2967,0.006245,0.002976,0.006380,0.003182
2968,0.006223,0.002625,0.006384,0.003183
2969,0.006532,0.002450,0.006386,0.003184
2970,0.006022,0.003487,0.006385,0.003185
2971,0.005970,0.002795,0.006387,0.003175
2972,0.005886,0.002601,0.006400,0.003181
2973,0.007081,0.003216,0.006406,0.003183
2974,0.006123,0.002695,0.006396,0.003185
2975,0.006089,0.003049,0.006410,0.003187
2976,0.006166,0.003673,0.006415,0.003185
2977,0.006481,0.003591,0.006424,0.003184
2978,0.006500,0.003462,0.006423,0.003185
2979,0.006487,0.003008,0.006439,0.003191
2980,0.006156,0.003352,0.006447,0.003195
2981,0.006508,0.003173,0.006449,0.003198
2982,0.007570,0.003318,0.006448,0.003204
2983,0.006117,0.003454,0.006440,0.003198
2984,0.006264,0.003287,0.006447,0.003196
2985,0.006325,0.003799,0.006448,0.003189
2986,0.006897,0.003322,0.006446,0.003183
2987,0.006374,0.003399,0.006439,0.003182
2988,0.006701,0.003074,0.006435,0.003179
2989,0.006448,0.003489,0.006430,0.003176
2990,0.006122,0.003138,0.006433,0.003174
2991,0.006046,0.002784,0.006429,0.003177
2992,0.006220,0.002898,0.006432,0.003175
2993,0.006858,0.003923,0.006430,0.003172
2994,0.006079,0.002840,0.006426,0.003164
2995,0.006980,0.002923,0.006430,0.003164
2996,0.006189,0.003007,0.006417,0.003165
2997,0.006472,0.003446,0.006422,0.003163
2998,0.005726,0.002460,0.006424,0.003164
2999,0.006280,0.003185,0.006431,0.003172
3000,0.006868,0.003452,0.006425,0.003177
3001,0.006398,0.003323,0.006423,0.003177
3002,0.006678,0.003271,0.006421,0.003176
3003,0.006321,0.002611,0.006425,0.003182
3004,0.006460,0.002769,0.006428,0.003193
3005,0.006538,0.002529,0.006426,0.003204
3006,0.006487,0.003117,0.006428,0.003218
3007,0.006378,0.003234,0.006434,0.003221
3008,0.006298,0.003151,0.006435,0.003228
3009,0.005757,0.003258,0.006443,0.003237
3010,0.006348,0.002956,0.006455,0.003246
3011,0.006175,0.003041,0.006456,0.003259
3012,0.005771,0.003319,0.006463,0.003271
3013,0.006531,0.002698,0.006471,0.003275
3014,0.006491,0.003307,0.006470,0.003286
3015,0.006057,0.002858,0.006479,0.003289
3016,0.006794,0.002596,0.006485,0.003293
3017,0.005723,0.002913,0.006482,0.003303
3018,0.005545,0.002685,0.006492,0.003308
3019,0.006418,0.003114,0.006497,0.003318
3020,0.006187,0.003037,0.006499,0.003319
3021,0.006503,0.003218,0.006510,0.003319
3022,0.005846,0.002674,0.006522,0.003319
3023,0.005910,0.003267,0.006534,0.003324
3024,0.006191,0.003079,0.006544,0.003322
3025,0.006792,0.003367,0.006544,0.003321
3026,0.006007,0.003307,0.006533,0.003317
3027,0.006674,0.003635,0.006540,0.003317
3028,0.006518,0.003576,0.006539,0.003305
3029,0.006480,0.003433,0.006527,0.003297
3030,0.006707,0.003024,0.006523,0.003291
3031,0.005669,0.003230,0.006513,0.003296
3032,0.006531,0.003088,0.006512,0.003292
3033,0.005982,0.002960,0.006505,0.003291
3034,0.006535,0.002989,0.006496,0.003290
3035,0.006234,0.002859,0.006488,0.003282
3036,0.006009,0.002893,0.006485,0.003279
3037,0.006628,0.002845,0.006490,0.003282
3038,0.006584,0.003103,0.006481,0.003285
3039,0.006161,0.003796,0.006476,0.003287
3040,0.005533,0.003630,0.006474,0.003276
3041,0.005855,0.003636,0.006476,0.003274
3042,0.006681,0.003794,0.006476,0.003269
3043,0.006417,0.003856,0.006477,0.003260
3044,0.006954,0.003513,0.006471,0.003250
3045,0.006170,0.003599,0.006458,0.003246
3046,0.006706,0.003071,0.006458,0.003238
3047,0.006568,0.003436,0.006450,0.003243
3048,0.006253,0.003041,0.006445,0.003241
3049,0.006312,0.003571,0.006442,0.003236
3050,0.006073,0.002751,0.006439,0.003233
3051,0.005947,0.002839,0.006435,0.003239
3052,0.006104,0.002950,0.006438,0.003238
3053,0.006152,0.002614,0.006435,0.003238
3054,0.006393,0.002635,0.006435,0.003239
3055,0.006054,0.002809,0.006428,0.003237
3056,0.006391,0.002929,0.006426,0.003239
3057,0.007059,0.003724,0.006421,0.003241
3058,0.006904,0.003399,0.006415,0.003236
3059,0.006524,0.002826,0.006406,0.003232
3060,0.006362,0.003717,0.006404,0.003235
3061,0.007191,0.004025,0.006403,0.003225
3062,0.007373,0.003569,0.006396,0.003216
3063,0.006942,0.003443,0.006381,0.003210
3064,0.007169,0.003462,0.006374,0.003206
3065,0.006862,0.004432,0.006377,0.003213
3066,0.006721,0.003433,0.006366,0.003200
3067,0.006697,0.003133,0.006364,0.003193
3068,0.006358,0.002683,0.006357,0.003199
3069,0.006470,0.002582,0.006352,0.003207
3070,0.006214,0.002485,0.006353,0.003214
3071,0.007259,0.003388,0.006351,0.003218
3072,0.006495,0.002768,0.006336,0.003225
3073,0.006114,0.003468,0.006337,0.003235
3074,0.007469,0.002813,0.006332,0.003231
3075,0.006637,0.002907,0.006316,0.003237
3076,0.006997,0.003538,0.006316,0.003243
3077,0.006438,0.003678,0.006312,0.003242
3078,0.008092,0.004073,0.006318,0.003245
3079,0.007231,0.003448,0.006306,0.003238
3080,0.006416,0.003657,0.006296,0.003245
3081,0.006420,0.003757,0.006296,0.003244
3082,0.006730,0.002753,0.006289,0.003243
3083,0.006878,0.003224,0.006291,0.003242
3084,0.006354,0.002583,0.006295,0.003239
3085,0.006117,0.003152,0.006306,0.003244
3086,0.006137,0.003282,0.006315,0.003251
3087,0.005963,0.003032,0.006325,0.003254
3088,0.006279,0.002777,0.006335,0.003261
3089,0.006716,0.003286,0.006335,0.003274
3090,0.005697,0.003465,0.006334,0.003279
3091,0.006367,0.002611,0.006348,0.003283
3092,0.005990,0.002613,0.006355,0.003296
3093,0.006532,0.003110,0.006352,0.003305
3094,0.006449,0.002832,0.006353,0.003310
3095,0.005676,0.002992,0.006354,0.003321
3096,0.006691,0.002876,0.006362,0.003338
3097,0.006625,0.003503,0.006360,0.003354
3098,0.006438,0.003283,0.006358,0.003358
3099,0.005697,0.003659,0.006359,0.003360
3100,0.006675,0.003401,0.006372,0.003362
3101,0.006192,0.003228,0.006367,0.003363
3102,0.007068,0.003928,0.006371,0.003365
3103,0.006623,0.003715,0.006361,0.003360
3104,0.006279,0.003851,0.006358,0.003357
3105,0.006779,0.003897,0.006358,0.003360
3106,0.007010,0.003442,0.006353,0.003353
3107,0.006542,0.003976,0.006345,0.003350
3108,0.007060,0.004058,0.006326,0.003337
3109,0.006921,0.004162,0.006314,0.003328
3110,0.006442,0.004183,0.006301,0.003313
3111,0.006873,0.004315,0.006293,0.003297
3112,0.006634,0.003691,0.006286,0.003281
3113,0.006449,0.003739,0.006277,0.003274
3114,0.007384,0.003615,0.006270,0.003261
3115,0.006670,0.003315,0.006260,0.003250
3116,0.006500,0.003541,0.006254,0.003244
3117,0.006625,0.003479,0.006246,0.003243
3118,0.006105,0.003697,0.006236,0.003240
3119,0.006630,0.003217,0.006242,0.003232
3120,0.007271,0.002971,0.006252,0.003236
3121,0.007680,0.003270,0.006247,0.003242
3122,0.007019,0.003141,0.006225,0.003245
3123,0.006956,0.003050,0.006229,0.003240
3124,0.006231,0.002965,0.006224,0.003246
3125,0.005639,0.002969,0.006229,0.003257
3126,0.006744,0.003303,0.006234,0.003266
3127,0.006527,0.002489,0.006227,0.003269
3128,0.005364,0.002724,0.006228,0.003278
3129,0.006090,0.002869,0.006240,0.003288
3130,0.005623,0.003487,0.006244,0.003305
3131,0.005626,0.002870,0.006257,0.003305
3132,0.005776,0.002936,0.006267,0.003309
3133,0.005097,0.002863,0.006273,0.003308
3134,0.005740,0.002247,0.006296,0.003320
3135,0.005947,0.002557,0.006309,0.003333
3136,0.006515,0.003226,0.006322,0.003342
3137,0.005737,0.003096,0.006318,0.003333
3138,0.006087,0.003346,0.006323,0.003331
3139,0.005932,0.002642,0.006326,0.003322
3140,0.005797,0.003483,0.006325,0.003321
3141,0.005861,0.003086,0.006330,0.003309
3142,0.006779,0.002866,0.006330,0.003304
3143,0.005825,0.002884,0.006320,0.003298
3144,0.005617,0.003126,0.006317,0.003294
3145,0.006173,0.002819,0.006320,0.003296
3146,0.005908,0.003561,0.006322,0.003298
3147,0.006044,0.003242,0.006324,0.003289
3148,0.005981,0.002551,0.006328,0.003292
3149,0.006022,0.003283,0.006330,0.003298
3150,0.005653,0.003342,0.006324,0.003291
3151,0.006245,0.002664,0.006335,0.003283
3152,0.005795,0.002947,0.006336,0.003277
3153,0.006129,0.002776,0.006351,0.003273
3154,0.005746,0.002421,0.006356,0.003284
3155,0.005828,0.002997,0.006371,0.003301
3156,0.005900,0.003182,0.006377,0.003310
3157,0.006425,0.003230,0.006386,0.003314
3158,0.006049,0.002912,0.006401,0.003317
3159,0.006290,0.003126,0.006408,0.003326
3160,0.006313,0.002756,0.006411,0.003338
3161,0.006409,0.003159,0.006418,0.003353
3162,0.005939,0.002925,0.006420,0.003352
3163,0.006183,0.003073,0.006439,0.003361
3164,0.007497,0.004094,0.006445,0.003367
3165,0.005793,0.003167,0.006443,0.003365
3166,0.006513,0.002726,0.006454,0.003364
3167,0.005987,0.003711,0.006449,0.003366
3168,0.005898,0.003573,0.006456,0.003359
3169,0.006479,0.003189,0.006460,0.003357
3170,0.006075,0.002912,0.006454,0.003361
3171,0.005762,0.004119,0.006453,0.003367
3172,0.006598,0.003800,0.006464,0.003359
3173,0.005590,0.003055,0.006462,0.003359
3174,0.005885,0.003393,0.006471,0.003361
3175,0.006597,0.003457,0.006476,0.003358
3176,0.006637,0.003492,0.006469,0.003351
3177,0.007025,0.003951,0.006461,0.003346
3178,0.006931,0.003392,0.006450,0.003337
3179,0.006199,0.004160,0.006438,0.003329
3180,0.006370,0.003549,0.006430,0.003313
3181,0.005806,0.003595,0.006424,0.003308
3182,0.006903,0.002715,0.006421,0.003300
3183,0.007298,0.002928,0.006414,0.003307
3184,0.007397,0.003053,0.006408,0.003308
3185,0.007066,0.003857,0.006400,0.003308
3186,0.007077,0.003589,0.006391,0.003300
3187,0.007012,0.003782,0.006373,0.003293
3188,0.006212,0.004040,0.006360,0.003283
3189,0.006687,0.003750,0.006360,0.003273
3190,0.007057,0.003934,0.006350,0.003266
3191,0.007040,0.003849,0.006336,0.003257
3192,0.005770,0.003572,0.006331,0.003250
3193,0.006573,0.003542,0.006333,0.003239
3194,0.006526,0.004002,0.006319,0.003235
3195,0.006557,0.004658,0.006313,0.003216
3196,0.006435,0.004417,0.006298,0.003194
3197,0.006451,0.003915,0.006289,0.003177
3198,0.006526,0.003500,0.006283,0.003170
3199,0.006964,0.003837,0.006273,0.003164
3200,0.006192,0.003493,0.006263,0.003160
3201,0.006630,0.003463,0.006260,0.003154
3202,0.006013,0.003399,0.006251,0.003144
3203,0.006321,0.003446,0.006248,0.003136
3204,0.006298,0.004169,0.006248,0.003128
3205,0.006306,0.003217,0.006244,0.003113
3206,0.006175,0.003131,0.006240,0.003109
3207,0.004639,0.002668,0.006236,0.003098
3208,0.005913,0.003105,0.006249,0.003098
3209,0.005578,0.002694,0.006248,0.003101
3210,0.005704,0.002562,0.006254,0.003101
3211,0.006151,0.002714,0.006266,0.003106
3212,0.005729,0.002991,0.006266,0.003112
3213,0.005778,0.002523,0.006270,0.003111
3214,0.006317,0.002481,0.006271,0.003125
3215,0.006061,0.002708,0.006275,0.003135
3216,0.005710,0.003426,0.006274,0.003143
3217,0.005674,0.003187,0.006286,0.003141
3218,0.006682,0.002927,0.006292,0.003146
3219,0.007630,0.003559,0.006291,0.003151
3220,0.006726,0.003563,0.006279,0.003149
3221,0.005514,0.003634,0.006275,0.003148
3222,0.007400,0.002645,0.006287,0.003148
3223,0.006519,0.003650,0.006282,0.003157
3224,0.006651,0.004050,0.006280,0.003155
3225,0.006193,0.003831,0.006285,0.003148
3226,0.006034,0.003622,0.006288,0.003145
3227,0.006577,0.003395,0.006290,0.003136
3228,0.006605,0.003699,0.006281,0.003133
3229,0.006462,0.004627,0.006274,0.003126
3230,0.006998,0.003422,0.006271,0.003109
3231,0.006558,0.003281,0.006263,0.003098
3232,0.006411,0.002827,0.006253,0.003096
3233,0.007419,0.004100,0.006246,0.003094
3234,0.006968,0.003570,0.006226,0.003076
3235,0.007302,0.003406,0.006214,0.003065
3236,0.006055,0.002314,0.006197,0.003066
3237,0.006335,0.002940,0.006191,0.003069
3238,0.006322,0.002434,0.006191,0.003069
3239,0.005801,0.002509,0.006185,0.003073
3240,0.006347,0.002335,0.006193,0.003069
3241,0.005823,0.002592,0.006189,0.003080
3242,0.005827,0.002288,0.006186,0.003086
3243,0.005466,0.002472,0.006194,0.003098
3244,0.005914,0.003315,0.006204,0.003105
3245,0.006457,0.002948,0.006208,0.003109
3246,0.006094,0.002722,0.006221,0.003121
3247,0.006393,0.003510,0.006228,0.003127
3248,0.006221,0.003136,0.006226,0.003129
3249,0.005442,0.002627,0.006224,0.003134
3250,0.006681,0.002506,0.006231,0.003141
3251,0.006416,0.002080,0.006218,0.003151
3252,0.007269,0.002506,0.006213,0.003163
3253,0.006591,0.003916,0.006198,0.003171
3254,0.007267,0.004133,0.006194,0.003161
3255,0.006430,0.003926,0.006180,0.003147
3256,0.006827,0.003533,0.006187,0.003133
3257,0.007858,0.003562,0.006181,0.003128
3258,0.006845,0.003793,0.006166,0.003119
3259,0.006539,0.004348,0.006167,0.003111
3260,0.006997,0.004268,0.006161,0.003100
3261,0.006652,0.003067,0.006152,0.003085
3262,0.007828,0.003819,0.006143,0.003080
3263,0.006786,0.003645,0.006131,0.003072
3264,0.007327,0.003925,0.006127,0.003069
3265,0.006880,0.003044,0.006118,0.003059
3266,0.006001,0.002957,0.006113,0.003053
3267,0.006635,0.003013,0.006113,0.003056
3268,0.006374,0.003300,0.006101,0.003056
3269,0.005870,0.003640,0.006101,0.003053
3270,0.005961,0.003444,0.006112,0.003045
3271,0.006882,0.003402,0.006113,0.003043
3272,0.006392,0.003759,0.006101,0.003051
3273,0.006444,0.003277,0.006102,0.003047
3274,0.006345,0.003081,0.006101,0.003046
3275,0.005952,0.002789,0.006107,0.003052
3276,0.005842,0.002976,0.006114,0.003059
3277,0.005865,0.002978,0.006121,0.003066
3278,0.005815,0.002656,0.006131,0.003073
3279,0.005345,0.002565,0.006137,0.003080
3280,0.005771,0.003055,0.006152,0.003085
3281,0.005499,0.002789,0.006165,0.003092
3282,0.006225,0.003401,0.006172,0.003109
3283,0.006662,0.002999,0.006176,0.003111
3284,0.006642,0.003094,0.006180,0.003118
3285,0.006118,0.003070,0.006191,0.003122
3286,0.005303,0.002853,0.006188,0.003129
3287,0.005715,0.002777,0.006204,0.003145
3288,0.006214,0.003060,0.006217,0.003159
3289,0.005688,0.003037,0.006228,0.003161
3290,0.005677,0.003054,0.006239,0.003166
3291,0.006504,0.003101,0.006250,0.003175
3292,0.006006,0.002518,0.006262,0.003172
3293,0.005202,0.003164,0.006266,0.003180
3294,0.005879,0.002085,0.006276,0.003174
3295,0.005064,0.002418,0.006286,0.003184
3296,0.005540,0.002718,0.006304,0.003193
3297,0.005798,0.003259,0.006310,0.003192
3298,0.005573,0.002917,0.006318,0.003186
3299,0.006002,0.003370,0.006327,0.003187
3300,0.005892,0.002948,0.006331,0.003184
3301,0.005709,0.002390,0.006332,0.003182
3302,0.005727,0.002597,0.006334,0.003188
3303,0.006283,0.002677,0.006340,0.003197
3304,0.005908,0.002695,0.006343,0.003201
3305,0.005855,0.002791,0.006354,0.003202
3306,0.005852,0.002032,0.006359,0.003204
3307,0.005893,0.002718,0.006359,0.003215
3308,0.005855,0.003358,0.006361,0.003217
3309,0.006129,0.002674,0.006364,0.003220
3310,0.006939,0.003084,0.006367,0.003236
3311,0.006129,0.003312,0.006358,0.003237
3312,0.006186,0.002879,0.006362,0.003245
3313,0.005858,0.003933,0.006367,0.003254
3314,0.006659,0.003511,0.006377,0.003248
3315,0.005951,0.003472,0.006375,0.003245
3316,0.007002,0.003207,0.006379,0.003246
3317,0.006231,0.003764,0.006370,0.003248
3318,0.006559,0.003393,0.006367,0.003241
3319,0.006420,0.003393,0.006364,0.003234
3320,0.006401,0.003459,0.006358,0.003223
3321,0.006644,0.003628,0.006359,0.003222
3322,0.006931,0.003497,0.006350,0.003217
3323,0.006318,0.003467,0.006352,0.003213
3324,0.007172,0.003382,0.006356,0.003214
3325,0.006477,0.003458,0.006347,0.003213
3326,0.006251,0.002718,0.006347,0.003213
3327,0.005678,0.003169,0.006349,0.003224
3328,0.005920,0.002945,0.006354,0.003223
3329,0.006080,0.002918,0.006353,0.003228
3330,0.006274,0.002331,0.006356,0.003237
3331,0.005539,0.003093,0.006352,0.003245
3332,0.005705,0.002636,0.006359,0.003250
3333,0.005433,0.002342,0.006365,0.003254
3334,0.005770,0.002471,0.006372,0.003260
3335,0.005593,0.003452,0.006373,0.003265
3336,0.005432,0.002597,0.006377,0.003263
3337,0.006354,0.002954,0.006378,0.003272
3338,0.005753,0.002805,0.006374,0.003275
3339,0.006575,0.002192,0.006376,0.003284
3340,0.005924,0.003398,0.006367,0.003297
3341,0.005517,0.003223,0.006372,0.003294
3342,0.006639,0.003494,0.006378,0.003294
3343,0.006486,0.003156,0.006368,0.003299
3344,0.006334,0.003725,0.006363,0.003298
3345,0.007714,0.004158,0.006354,0.003296
3346,0.006843,0.003245,0.006343,0.003287
3347,0.006104,0.003719,0.006337,0.003289
3348,0.006081,0.003681,0.006343,0.003286
3349,0.006120,0.003311,0.006344,0.003281
3350,0.005390,0.003525,0.006345,0.003278
3351,0.005958,0.003244,0.006355,0.003274
3352,0.005695,0.003284,0.006354,0.003270
3353,0.006184,0.002993,0.006355,0.003271
3354,0.005916,0.002745,0.006351,0.003271
3355,0.007089,0.002495,0.006349,0.003272
3356,0.006282,0.003062,0.006335,0.003272
3357,0.006289,0.002569,0.006338,0.003276
3358,0.006997,0.003050,0.006335,0.003280
3359,0.005918,0.003224,0.006328,0.003276
3360,0.006099,0.002829,0.006330,0.003267
3361,0.005730,0.002521,0.006324,0.003263
3362,0.006634,0.003061,0.006335,0.003267
3363,0.006387,0.003327,0.006335,0.003266
3364,0.006470,0.002923,0.006340,0.003266
3365,0.006324,0.002421,0.006345,0.003265
3366,0.005995,0.003263,0.006347,0.003278
3367,0.005450,0.003053,0.006349,0.003276
3368,0.006426,0.002944,0.006354,0.003272
3369,0.006895,0.002886,0.006352,0.003271
3370,0.006098,0.003253,0.006346,0.003273
3371,0.005657,0.004132,0.006353,0.003275
3372,0.006504,0.003341,0.006351,0.003256
3373,0.006363,0.003201,0.006344,0.003258
3374,0.006950,0.003733,0.006350,0.003254
3375,0.006684,0.003460,0.006349,0.003249
3376,0.006471,0.003652,0.006344,0.003246
3377,0.006880,0.003703,0.006342,0.003239
3378,0.006468,0.003395,0.006338,0.003239
3379,0.006774,0.003005,0.006338,0.003244
3380,0.007150,0.003718,0.006334,0.003250
3381,0.006131,0.004535,0.006332,0.003265
3382,0.006697,0.003592,0.006339,0.003256
3383,0.007001,0.003762,0.006340,0.003254
3384,0.007749,0.003469,0.006335,0.003251
3385,0.005869,0.003790,0.006319,0.003248
3386,0.006882,0.004377,0.006321,0.003251
3387,0.007034,0.004159,0.006315,0.003237
3388,0.007241,0.003263,0.006304,0.003225
3389,0.006857,0.003610,0.006291,0.003221
3390,0.006792,0.003972,0.006281,0.003215
3391,0.007647,0.002733,0.006268,0.003201
3392,0.006400,0.003345,0.006253,0.003207
3393,0.006253,0.002516,0.006256,0.003206
3394,0.006838,0.003165,0.006256,0.003216
3395,0.006849,0.003257,0.006242,0.003215
3396,0.006144,0.002624,0.006235,0.003215
3397,0.006651,0.002695,0.006231,0.003222
3398,0.006404,0.003038,0.006230,0.003229
3399,0.006416,0.003076,0.006228,0.003235
3400,0.006022,0.002694,0.006230,0.003236
3401,0.005937,0.003031,0.006232,0.003241
3402,0.006279,0.003493,0.006235,0.003245
3403,0.006584,0.003070,0.006234,0.003236
3404,0.007029,0.002769,0.006239,0.003244
3405,0.006383,0.003022,0.006229,0.003254
3406,0.005806,0.003091,0.006231,0.003260
3407,0.006099,0.002898,0.006232,0.003262
3408,0.006187,0.003744,0.006231,0.003258
3409,0.006366,0.004267,0.006230,0.003252
3410,0.006100,0.003149,0.006226,0.003234
3411,0.006515,0.004099,0.006226,0.003234
3412,0.006684,0.003767,0.006220,0.003223
3413,0.006798,0.003340,0.006214,0.003211
3414,0.006474,0.003267,0.006201,0.003204
3415,0.006392,0.003567,0.006191,0.003196
3416,0.006111,0.003356,0.006190,0.003182
3417,0.005897,0.003039,0.006188,0.003177
3418,0.006259,0.002750,0.006182,0.003169
3419,0.005793,0.002289,0.006173,0.003166
3420,0.006579,0.003319,0.006176,0.003170
3421,0.005680,0.003153,0.006167,0.003159
3422,0.007119,0.003112,0.006177,0.003156
3423,0.006716,0.003591,0.006161,0.003152
3424,0.006265,0.003224,0.006146,0.003145
3425,0.006554,0.003522,0.006144,0.003144
3426,0.006445,0.003744,0.006144,0.003141
3427,0.006165,0.003121,0.006141,0.003133
3428,0.005858,0.003402,0.006145,0.003126
3429,0.006307,0.003799,0.006149,0.003120
3430,0.005933,0.003146,0.006142,0.003119
3431,0.006237,0.003566,0.006145,0.003119
3432,0.006268,0.003133,0.006139,0.003118
3433,0.006150,0.002847,0.006138,0.003115
3434,0.005904,0.002990,0.006134,0.003116
3435,0.005960,0.003280,0.006130,0.003118
3436,0.005556,0.003546,0.006134,0.003123
3437,0.005902,0.003184,0.006143,0.003124
3438,0.005965,0.003694,0.006140,0.003120
3439,0.005709,0.003573,0.006140,0.003119
3440,0.006344,0.003012,0.006142,0.003116
3441,0.006158,0.003236,0.006138,0.003121
3442,0.005608,0.003978,0.006135,0.003118
3443,0.006069,0.003067,0.006128,0.003111
3444,0.005385,0.003593,0.006118,0.003116
3445,0.006618,0.003185,0.006126,0.003113
3446,0.006288,0.003491,0.006125,0.003113
3447,0.006639,0.003452,0.006123,0.003115
3448,0.006237,0.003183,0.006109,0.003110
3449,0.006214,0.002967,0.006104,0.003111
3450,0.006370,0.003145,0.006101,0.003118
3451,0.005797,0.002804,0.006100,0.003119
3452,0.005834,0.003370,0.006110,0.003129
3453,0.005765,0.003064,0.006114,0.003132
3454,0.005707,0.002820,0.006125,0.003138
3455,0.005708,0.002443,0.006132,0.003145
3456,0.006579,0.003536,0.006136,0.003153
3457,0.006010,0.002962,0.006142,0.003149
3458,0.006335,0.002611,0.006141,0.003151
3459,0.006061,0.002295,0.006141,0.003157
3460,0.005553,0.002484,0.006141,0.003165
3461,0.006756,0.002910,0.006142,0.003171
3462,0.006658,0.002988,0.006133,0.003176
3463,0.006872,0.003282,0.006126,0.003174
3464,0.006970,0.002867,0.006129,0.003171
3465,0.006546,0.003690,0.006122,0.003176
3466,0.006170,0.003028,0.006116,0.003169
3467,0.005970,0.002700,0.006127,0.003172
3468,0.006245,0.002805,0.006123,0.003164
3469,0.006320,0.003162,0.006126,0.003168
3470,0.006761,0.003404,0.006121,0.003173
3471,0.005442,0.002215,0.006118,0.003167
3472,0.005862,0.003522,0.006127,0.003177
3473,0.006918,0.002846,0.006136,0.003174
3474,0.006887,0.003195,0.006131,0.003175
3475,0.006181,0.003162,0.006126,0.003173
3476,0.006251,0.002960,0.006139,0.003175
3477,0.006464,0.003758,0.006140,0.003180
3478,0.006451,0.003824,0.006143,0.003173
3479,0.006425,0.003634,0.006144,0.003171
3480,0.006893,0.005226,0.006146,0.003166
3481,0.006823,0.003627,0.006147,0.003154
3482,0.006847,0.003370,0.006143,0.003148
3483,0.006535,0.003479,0.006146,0.003148
3484,0.006124,0.003194,0.006150,0.003151
3485,0.006045,0.004047,0.006165,0.003150
3486,0.006339,0.002998,0.006178,0.003134
3487,0.005919,0.002970,0.006177,0.003140
3488,0.005956,0.002826,0.006184,0.003144
3489,0.005818,0.003021,0.006186,0.003143
3490,0.005503,0.002613,0.006186,0.003150
3491,0.006105,0.003297,0.006206,0.003158
3492,0.006677,0.003308,0.006208,0.003158
3493,0.006261,0.003457,0.006213,0.003148
3494,0.005428,0.003125,0.006210,0.003141
3495,0.006203,0.003228,0.006216,0.003139
3496,0.005727,0.003290,0.006226,0.003141
3497,0.006571,0.003386,0.006226,0.003138
3498,0.006211,0.003625,0.006223,0.003136
3499,0.006628,0.003170,0.006235,0.003130
3500,0.006161,0.003276,0.006233,0.003132
3501,0.006225,0.003388,0.006239,0.003130
3502,0.006204,0.002647,0.006240,0.003127
3503,0.007062,0.003833,0.006239,0.003128
3504,0.006053,0.003733,0.006229,0.003127
3505,0.006646,0.003608,0.006224,0.003116
3506,0.005889,0.003353,0.006215,0.003109
3507,0.005969,0.002487,0.006215,0.003106
3508,0.006076,0.003161,0.006216,0.003108
3509,0.006027,0.002453,0.006212,0.003104
3510,0.006083,0.003167,0.006209,0.003107
3511,0.005850,0.002996,0.006207,0.003108
3512,0.006128,0.002543,0.006212,0.003108
3513,0.005455,0.002640,0.006210,0.003110
3514,0.005556,0.002460,0.006214,0.003118
3515,0.006273,0.002191,0.006221,0.003119
3516,0.005904,0.002798,0.006225,0.003127
3517,0.005231,0.002291,0.006227,0.003128
3518,0.005404,0.002483,0.006229,0.003129
3519,0.006081,0.002644,0.006236,0.003131
3520,0.005656,0.002221,0.006230,0.003128
3521,0.006668,0.002854,0.006230,0.003127
3522,0.005567,0.002709,0.006220,0.003120
3523,0.005190,0.002871,0.006221,0.003117
3524,0.006058,0.003149,0.006226,0.003111
3525,0.006574,0.003187,0.006219,0.003103
3526,0.006163,0.003007,0.006207,0.003100
3527,0.006531,0.002413,0.006196,0.003094
3528,0.006289,0.002754,0.006177,0.003096
3529,0.005567,0.003688,0.006171,0.003092
3530,0.006278,0.003216,0.006176,0.003083
3531,0.005660,0.003378,0.006174,0.003079
3532,0.006182,0.002928,0.006177,0.003076
3533,0.005731,0.002915,0.006175,0.003080
3534,0.005478,0.003221,0.006173,0.003080
3535,0.006346,0.003780,0.006181,0.003083
3536,0.006444,0.003619,0.006179,0.003086
3537,0.005651,0.002814,0.006176,0.003083
3538,0.005900,0.003514,0.006187,0.003086
3539,0.005938,0.003292,0.006193,0.003082
3540,0.005919,0.003534,0.006200,0.003079
3541,0.005874,0.002876,0.006198,0.003076
3542,0.004908,0.003330,0.006197,0.003076
3543,0.005079,0.003526,0.006212,0.003075
3544,0.006247,0.003327,0.006220,0.003070
3545,0.006475,0.003189,0.006212,0.003062
3546,0.006087,0.003718,0.006208,0.003055
3547,0.005193,0.002939,0.006199,0.003043
3548,0.005811,0.003292,0.006201,0.003035
3549,0.005908,0.003667,0.006195,0.003033
3550,0.006204,0.003212,0.006192,0.003022
3551,0.006876,0.003815,0.006191,0.003010
3552,0.006199,0.003647,0.006181,0.002998
3553,0.006824,0.003706,0.006175,0.002994
3554,0.006429,0.003451,0.006165,0.002987
3555,0.006143,0.003326,0.006160,0.002981
3556,0.007128,0.003116,0.006160,0.002981
3557,0.005948,0.003116,0.006144,0.002979
3558,0.006377,0.003199,0.006141,0.002977
3559,0.006045,0.003101,0.006142,0.002975
3560,0.005607,0.003163,0.006140,0.002972
3561,0.005899,0.003376,0.006149,0.002970
3562,0.005954,0.002778,0.006150,0.002969
3563,0.007182,0.003032,0.006155,0.002978
3564,0.006195,0.003330,0.006138,0.002982
3565,0.006018,0.002992,0.006142,0.002984
3566,0.007247,0.003305,0.006138,0.002984
3567,0.005582,0.001954,0.006130,0.002984
3568,0.006569,0.003187,0.006132,0.002994
3569,0.005731,0.003682,0.006123,0.002993
3570,0.006500,0.002731,0.006124,0.002997
3571,0.006367,0.003198,0.006122,0.003004
3572,0.006717,0.003315,0.006130,0.003008
3573,0.006472,0.002901,0.006129,0.003011
3574,0.006327,0.003017,0.006137,0.003013
3575,0.007488,0.003369,0.006144,0.003018
3576,0.006335,0.003416,0.006145,0.003023
3577,0.006776,0.003108,0.006146,0.003022
3578,0.006575,0.003631,0.006154,0.003030
3579,0.006609,0.003139,0.006149,0.003028
3580,0.007013,0.003984,0.006146,0.003027
3581,0.006455,0.003016,0.006142,0.003018
3582,0.007081,0.003343,0.006145,0.003019
3583,0.007017,0.003822,0.006137,0.003014
3584,0.007555,0.003101,0.006122,0.003001
3585,0.007382,0.002385,0.006109,0.003004
3586,0.006252,0.003595,0.006098,0.003010
3587,0.006607,0.003377,0.006097,0.003005
3588,0.006162,0.002814,0.006088,0.002997
3589,0.005747,0.003684,0.006085,0.002995
3590,0.007575,0.003426,0.006087,0.002991
3591,0.006298,0.003238,0.006070,0.002992
3592,0.007158,0.002332,0.006075,0.002992
3593,0.005917,0.002770,0.006068,0.003000
3594,0.006074,0.002883,0.006085,0.003017
3595,0.007204,0.003484,0.006092,0.003024
3596,0.005767,0.003012,0.006081,0.003030
3597,0.006253,0.003104,0.006096,0.003043
3598,0.007381,0.003080,0.006099,0.003050
3599,0.006467,0.003381,0.006090,0.003052
3600,0.006711,0.003073,0.006094,0.003050
3601,0.006304,0.003089,0.006093,0.003055
3602,0.006174,0.002702,0.006100,0.003059
3603,0.006071,0.003717,0.006107,0.003066
3604,0.005544,0.002722,0.006125,0.003059
3605,0.005703,0.002882,0.006128,0.003063
3606,0.005872,0.003051,0.006137,0.003068
3607,0.006067,0.002641,0.006137,0.003073
3608,0.005688,0.002813,0.006128,0.003085
3609,0.005791,0.002705,0.006134,0.003095
3610,0.005852,0.003287,0.006143,0.003101
3611,0.006340,0.002978,0.006156,0.003105
3612,0.005948,0.002776,0.006160,0.003114
3613,0.005839,0.003380,0.006167,0.003125
3614,0.006226,0.002647,0.006181,0.003134
3615,0.006642,0.002937,0.006192,0.003146
3616,0.006111,0.002898,0.006194,0.003156
3617,0.005472,0.002360,0.006202,0.003167
3618,0.006063,0.002722,0.006213,0.003183
3619,0.005513,0.002304,0.006223,0.003196
3620,0.005627,0.002167,0.006242,0.003215
3621,0.005745,0.002112,0.006245,0.003227
3622,0.005612,0.002409,0.006240,0.003228
3623,0.005702,0.002330,0.006240,0.003229
3624,0.005390,0.002321,0.006236,0.003237
3625,0.005350,0.002863,0.006244,0.003243
3626,0.005068,0.002467,0.006256,0.003245
3627,0.004658,0.002551,0.006269,0.003253
3628,0.005609,0.002430,0.006283,0.003262
3629,0.006143,0.002725,0.006290,0.003266
3630,0.006050,0.002809,0.006296,0.003272
3631,0.005962,0.003098,0.006299,0.003275
3632,0.005939,0.003376,0.006297,0.003279
3633,0.005606,0.002893,0.006299,0.003288
3634,0.006256,0.003519,0.006302,0.003293
3635,0.006149,0.004077,0.006298,0.003284
3636,0.006115,0.003300,0.006290,0.003286
3637,0.006748,0.003091,0.006292,0.003287
3638,0.006561,0.003105,0.006281,0.003290
3639,0.006571,0.003064,0.006277,0.003289
3640,0.005711,0.003238,0.006268,0.003294
3641,0.005833,0.002815,0.006272,0.003291
3642,0.006357,0.003305,0.006271,0.003296
3643,0.005851,0.002933,0.006268,0.003292
3644,0.005539,0.002526,0.006271,0.003301
3645,0.006063,0.002540,0.006276,0.003314
3646,0.005189,0.002548,0.006279,0.003327
3647,0.005350,0.002150,0.006293,0.003341
3648,0.005220,0.003055,0.006309,0.003357
3649,0.005594,0.002554,0.006322,0.003362
3650,0.006143,0.002037,0.006330,0.003370
3651,0.005811,0.002575,0.006328,0.003384
3652,0.005625,0.003302,0.006330,0.003387
3653,0.005814,0.002967,0.006333,0.003384
3654,0.005936,0.002902,0.006340,0.003391
3655,0.006169,0.003258,0.006346,0.003398
3656,0.005554,0.002923,0.006343,0.003397
3657,0.005655,0.002898,0.006345,0.003399
3658,0.006437,0.003013,0.006350,0.003403
3659,0.005881,0.002785,0.006345,0.003404
3660,0.006457,0.002992,0.006348,0.003410
3661,0.005998,0.003313,0.006346,0.003412
3662,0.006442,0.003645,0.006348,0.003405
3663,0.005469,0.003430,0.006347,0.003398
3664,0.006678,0.003537,0.006357,0.003389
3665,0.005610,0.002967,0.006352,0.003385
3666,0.006374,0.003363,0.006353,0.003381
3667,0.005843,0.002891,0.006361,0.003379
3668,0.005647,0.003085,0.006370,0.003387
3669,0.005827,0.004138,0.006376,0.003390
3670,0.006339,0.003365,0.006382,0.003385
3671,0.007135,0.003597,0.006377,0.003376
3672,0.006645,0.003656,0.006366,0.003369
3673,0.007233,0.003058,0.006362,0.003364
3674,0.007032,0.003578,0.006354,0.003372
3675,0.007581,0.003818,0.006348,0.003380
3676,0.006414,0.003336,0.006338,0.003377
3677,0.007583,0.003894,0.006336,0.003380
3678,0.006096,0.003483,0.006326,0.003372
3679,0.006335,0.003020,0.006327,0.003375
3680,0.006562,0.003109,0.006326,0.003374
3681,0.006792,0.003109,0.006316,0.003378
3682,0.006261,0.002850,0.006306,0.003376
3683,0.005484,0.002441,0.006305,0.003373
3684,0.006253,0.003428,0.006314,0.003379
3685,0.006297,0.003033,0.006314,0.003376
3686,0.006141,0.003048,0.006310,0.003374
3687,0.005737,0.002573,0.006313,0.003371
3688,0.005869,0.002676,0.006317,0.003373
3689,0.005956,0.003265,0.006322,0.003378
3690,0.005829,0.003496,0.006319,0.003375
3691,0.006883,0.003200,0.006326,0.003373
3692,0.006371,0.003164,0.006317,0.003369
3693,0.007619,0.004495,0.006325,0.003369
3694,0.006860,0.003567,0.006313,0.003354
3695,0.006011,0.004075,0.006311,0.003351
3696,0.007310,0.004306,0.006313,0.003347
3697,0.006553,0.003854,0.006305,0.003330
3698,0.006514,0.003226,0.006302,0.003323
3699,0.006844,0.003162,0.006299,0.003322
3700,0.006574,0.003632,0.006295,0.003314
3701,0.007002,0.003448,0.006295,0.003308
3702,0.006908,0.003395,0.006287,0.003305
3703,0.007912,0.003016,0.006289,0.003299
3704,0.005852,0.003185,0.006270,0.003297
3705,0.006594,0.003363,0.006277,0.003295
3706,0.005800,0.003567,0.006275,0.003291
3707,0.005194,0.003779,0.006275,0.003285
3708,0.006294,0.003841,0.006289,0.003284
3709,0.006739,0.003280,0.006294,0.003277
3710,0.007128,0.003757,0.006289,0.003274
3711,0.006684,0.003792,0.006279,0.003268
3712,0.006709,0.003967,0.006270,0.003266
3713,0.007167,0.004202,0.006266,0.003264
3714,0.007335,0.003843,0.006257,0.003250
3715,0.006887,0.003942,0.006249,0.003247
3716,0.006928,0.003999,0.006252,0.003241
3717,0.006495,0.004015,0.006254,0.003239
3718,0.007149,0.003983,0.006255,0.003235
3719,0.007391,0.004268,0.006253,0.003229
3720,0.005900,0.003270,0.006251,0.003222
3721,0.005226,0.002230,0.006262,0.003228
3722,0.005681,0.002514,0.006279,0.003235
3723,0.005281,0.003202,0.006289,0.003242
3724,0.006183,0.002907,0.006298,0.003238
3725,0.006488,0.002988,0.006300,0.003240
3726,0.006440,0.003341,0.006301,0.003240
3727,0.006040,0.003399,0.006296,0.003234
3728,0.006353,0.002848,0.006300,0.003232
3729,0.006676,0.003309,0.006297,0.003231
3730,0.006327,0.003140,0.006298,0.003231
3731,0.005789,0.003478,0.006307,0.003232
3732,0.006171,0.004276,0.006314,0.003230
3733,0.005919,0.003356,0.006312,0.003217
3734,0.005852,0.002684,0.006319,0.003213
3735,0.005346,0.004217,0.006326,0.003217
3736,0.006320,0.003433,0.006335,0.003202
3737,0.005643,0.003381,0.006336,0.003199
3738,0.006121,0.003011,0.006342,0.003195
3739,0.005698,0.003532,0.006337,0.003193
3740,0.006134,0.002936,0.006337,0.003187
3741,0.005742,0.003342,0.006339,0.003188
3742,0.006060,0.002943,0.006345,0.003184
3743,0.006080,0.003780,0.006344,0.003182
3744,0.006022,0.003897,0.006351,0.003180
3745,0.006410,0.003830,0.006353,0.003174
3746,0.006540,0.003962,0.006355,0.003167
3747,0.007028,0.003714,0.006349,0.003164
3748,0.006517,0.003561,0.006346,0.003159
3749,0.006395,0.003357,0.006348,0.003156
3750,0.005950,0.003389,0.006352,0.003154
3751,0.005952,0.002895,0.006354,0.003151
3752,0.005958,0.003055,0.006355,0.003152
3753,0.006507,0.003666,0.006352,0.003142
3754,0.006491,0.003559,0.006344,0.003131
3755,0.005884,0.003176,0.006333,0.003127
3756,0.005821,0.003127,0.006326,0.003125
3757,0.006110,0.003233,0.006327,0.003122
3758,0.005907,0.003136,0.006331,0.003122
3759,0.006211,0.003374,0.006332,0.003120
3760,0.006210,0.003269,0.006332,0.003113
3761,0.006285,0.002553,0.006331,0.003105
3762,0.006300,0.002934,0.006330,0.003112
3763,0.006490,0.002605,0.006326,0.003112
3764,0.006151,0.003095,0.006327,0.003116
3765,0.005675,0.002586,0.006334,0.003112
3766,0.007166,0.003165,0.006339,0.003116
3767,0.006787,0.003703,0.006323,0.003116
3768,0.006246,0.003378,0.006316,0.003109
3769,0.006391,0.003645,0.006319,0.003107
3770,0.005886,0.002400,0.006322,0.003100
3771,0.006010,0.002962,0.006328,0.003113
3772,0.006285,0.003091,0.006333,0.003118
3773,0.006420,0.003935,0.006338,0.003122
3774,0.006435,0.004327,0.006339,0.003118
3775,0.006619,0.003559,0.006333,0.003106
3776,0.006181,0.003572,0.006335,0.003100
3777,0.006520,0.003097,0.006351,0.003092
3778,0.006259,0.003773,0.006349,0.003093
3779,0.006182,0.002922,0.006348,0.003084
3780,0.005646,0.003535,0.006356,0.003083
3781,0.005701,0.002951,0.006359,0.003075
3782,0.006168,0.002469,0.006358,0.003074
3783,0.006443,0.003081,0.006357,0.003076
3784,0.006223,0.003105,0.006351,0.003079
3785,0.005883,0.002871,0.006347,0.003076
3786,0.006495,0.002766,0.006351,0.003077
3787,0.006144,0.002763,0.006347,0.003084
3788,0.006325,0.003124,0.006348,0.003091
3789,0.005667,0.003001,0.006343,0.003088
3790,0.006488,0.003251,0.006351,0.003089
3791,0.006055,0.002889,0.006348,0.003086
3792,0.007091,0.003128,0.006355,0.003092
3793,0.006499,0.002956,0.006345,0.003090
3794,0.006579,0.003344,0.006340,0.003087
3795,0.006230,0.003629,0.006337,0.003089
3796,0.006545,0.002638,0.006338,0.003080
3797,0.006276,0.003141,0.006341,0.003083
3798,0.006208,0.003146,0.006341,0.003079
3799,0.006427,0.002334,0.006335,0.003077
3800,0.006547,0.003045,0.006331,0.003085
3801,0.006257,0.003077,0.006322,0.003086
3802,0.007096,0.002830,0.006323,0.003089
3803,0.006028,0.002820,0.006315,0.003090
3804,0.006523,0.003019,0.006316,0.003094
3805,0.006428,0.002966,0.006319,0.003086
3806,0.005708,0.002905,0.006323,0.003083
3807,0.006632,0.003708,0.006330,0.003078
3808,0.006774,0.003151,0.006324,0.003063
3809,0.006275,0.002924,0.006321,0.003061
3810,0.006134,0.003226,0.006330,0.003065
3811,0.005773,0.003549,0.006335,0.003068
3812,0.006319,0.003813,0.006350,0.003062
3813,0.006218,0.002789,0.006353,0.003054
3814,0.006595,0.003573,0.006361,0.003061
3815,0.007141,0.003329,0.006368,0.003058
3816,0.007128,0.003817,0.006367,0.003065
3817,0.006659,0.003526,0.006366,0.003064
3818,0.006956,0.003470,0.006372,0.003062
3819,0.007120,0.003571,0.006372,0.003063
3820,0.006975,0.003816,0.006371,0.003067
3821,0.007013,0.002977,0.006365,0.003064
3822,0.006610,0.003147,0.006357,0.003066
3823,0.006178,0.002832,0.006354,0.003071
3824,0.006437,0.003125,0.006351,0.003077
3825,0.006535,0.002923,0.006356,0.003081
3826,0.006004,0.002750,0.006350,0.003083
3827,0.006437,0.003215,0.006354,0.003088
3828,0.006071,0.002801,0.006349,0.003083
3829,0.006781,0.003238,0.006347,0.003087
3830,0.007206,0.003226,0.006330,0.003089
3831,0.006476,0.003338,0.006318,0.003082
3832,0.005942,0.002990,0.006312,0.003077
3833,0.006628,0.002975,0.006307,0.003081
3834,0.006542,0.003019,0.006299,0.003084
3835,0.006301,0.002724,0.006289,0.003083
3836,0.006372,0.003194,0.006291,0.003087
3837,0.006261,0.002940,0.006288,0.003085
3838,0.005595,0.002836,0.006285,0.003083
3839,0.005666,0.002935,0.006291,0.003083
3840,0.006374,0.002989,0.006297,0.003082
3841,0.006332,0.002923,0.006299,0.003085
3842,0.005969,0.002768,0.006305,0.003083
3843,0.006836,0.003622,0.006310,0.003088
3844,0.006186,0.003246,0.006309,0.003086
3845,0.006624,0.003142,0.006315,0.003084
3846,0.005956,0.003618,0.006319,0.003080
3847,0.006674,0.003279,0.006317,0.003077
3848,0.006778,0.003276,0.006319,0.003071
3849,0.006735,0.003132,0.006313,0.003068
3850,0.006151,0.003079,0.006307,0.003069
3851,0.006066,0.002949,0.006315,0.003071
3852,0.005611,0.002154,0.006314,0.003066
3853,0.005729,0.002520,0.006324,0.003075
3854,0.005405,0.003167,0.006325,0.003082
3855,0.005188,0.002980,0.006333,0.003081
3856,0.005939,0.002842,0.006342,0.003083
3857,0.006472,0.003173,0.006347,0.003085
3858,0.006003,0.002991,0.006343,0.003089
3859,0.006266,0.002658,0.006340,0.003084
3860,0.006075,0.002486,0.006330,0.003082
3861,0.006217,0.003204,0.006328,0.003081
3862,0.005904,0.002942,0.006330,0.003077
3863,0.006558,0.002978,0.006340,0.003075
3864,0.006846,0.002715,0.006341,0.003066
3865,0.006145,0.002979,0.006335,0.003063
3866,0.005608,0.003182,0.006328,0.003056
3867,0.006114,0.002975,0.006329,0.003047
3868,0.006479,0.003266,0.006327,0.003048
3869,0.006740,0.002901,0.006309,0.003041
3870,0.006470,0.003707,0.006300,0.003036
3871,0.006509,0.003499,0.006294,0.003028
3872,0.006803,0.003451,0.006293,0.003021
3873,0.006491,0.003483,0.006290,0.003015
3874,0.005852,0.003218,0.006288,0.003007
3875,0.006864,0.002944,0.006295,0.003002
3876,0.007742,0.002693,0.006293,0.003001
3877,0.006364,0.003256,0.006273,0.003007
3878,0.006101,0.002908,0.006280,0.003006
3879,0.006976,0.002777,0.006278,0.003011
3880,0.005946,0.002742,0.006274,0.003022
3881,0.005607,0.002814,0.006275,0.003033
3882,0.006122,0.002684,0.006279,0.003035
3883,0.005767,0.003346,0.006273,0.003042
3884,0.005846,0.002821,0.006276,0.003041
3885,0.006264,0.002971,0.006273,0.003047
3886,0.006102,0.003463,0.006268,0.003046
3887,0.006263,0.003514,0.006267,0.003036
3888,0.005829,0.002839,0.006259,0.003028
3889,0.006451,0.003057,0.006262,0.003029
3890,0.006218,0.002982,0.006254,0.003024
3891,0.006721,0.003440,0.006244,0.003020
3892,0.006090,0.002940,0.006240,0.003013
3893,0.006006,0.002668,0.006240,0.003009
3894,0.006318,0.003518,0.006243,0.003006
3895,0.006349,0.002768,0.006241,0.003000
3896,0.006802,0.002904,0.006241,0.003002
3897,0.006296,0.002763,,
3898,0.005566,0.003000,,
3899,0.006044,0.003061,,
3900,0.005661,0.003163,,
3901,0.006310,0.003372,,
3902,0.006355,0.002944,,
3903,0.006059,0.003263,,
3904,0.006912,0.002186,,
3905,0.006741,0.002647,,
3906,0.006460,0.002367,,
3907,0.006009,0.002302,,
3908,0.006459,0.002893,,
3909,0.007248,0.003358,,
3910,0.006633,0.003472,,
3911,0.007204,0.003019,,
3912,0.006601,0.002971,,
3913,0.007045,0.003462,,
3914,0.007297,0.003327,,
3915,0.007057,0.004037,,
3916,0.007035,0.003698,,
3917,0.007204,0.003268,,
3918,0.006998,0.003659,,
3919,0.006976,0.003887,,
3920,0.006418,0.003568,,
3921,0.006222,0.003147,,
3922,0.006287,0.003694,,
3923,0.005895,0.003391,,
3924,0.006957,0.003554,,
3925,0.005874,0.003072,,
3926,0.006421,0.003278,,
3927,0.005937,0.002768,,
3928,0.005865,0.003193,,
3929,0.005160,0.003403,,
3930,0.005933,0.002566,,
3931,0.005869,0.002841,,
3932,0.005458,0.003333,,
3933,0.005858,0.003304,,
3934,0.005575,0.002924,,
3935,0.006462,0.003117,,
3936,0.006074,0.003022,,
3937,0.005965,0.002692,,
3938,0.006222,0.002856,,
3939,0.006221,0.002804,,
3940,0.006562,0.003337,,
3941,0.006928,0.002661,,
3942,0.006477,0.003291,,
3943,0.006738,0.003476,,
3944,0.006816,0.002976,,
3945,0.007054,0.002727,,
3946,0.005753,0.003329,,
3947,0.006868,0.002726,,
3948,0.006139,0.002984,,
3949,0.006117,0.003217,,
3950,0.006981,0.003287,,
3951,0.005939,0.002452,,
3952,0.006578,0.002979,,
3953,0.005876,0.003277,,
3954,0.006177,0.003079,,
3955,0.006165,0.003176,,
3956,0.006369,0.003032,,
3957,0.006094,0.003615,,
3958,0.005727,0.002467,,
3959,0.005225,0.002399,,
3960,0.005853,0.002445,,
3961,0.006472,0.002814,,
3962,0.006845,0.002746,,
3963,0.006715,0.001999,,
3964,0.006247,0.002424,,
3965,0.005422,0.002341,,
3966,0.005766,0.002226,,
3967,0.005911,0.003052,,
3968,0.004641,0.002661,,
3969,0.005807,0.002388,,
3970,0.005857,0.002896,,
3971,0.006465,0.002813,,
3972,0.006491,0.002829,,
3973,0.006281,0.002711,,
3974,0.006532,0.002712,,
3975,0.006656,0.002799,,
3976,0.005728,0.003305,,
3977,0.007060,0.003129,,
3978,0.005983,0.003387,,
3979,0.006524,0.003889,,
3980,0.006073,0.003858,,
3981,0.005984,0.003024,,
3982,0.005585,0.003359,,
3983,0.006029,0.003312,,
3984,0.005519,0.003345,,
3985,0.005819,0.002903,,
3986,0.005977,0.002445,,
3987,0.005424,0.002761,,
3988,0.006109,0.002924,,
3989,0.005736,0.002599,,
3990,0.005199,0.002576,,
3991,0.006260,0.002709,,
3992,0.006155,0.002506,,
3993,0.006291,0.002353,,
3994,0.006109,0.002929,,
3995,0.006345,0.003028,,
