episode,train_loss,train_reward
0,0.02622980954734846,80.05737028413206
1,0.007944012882269574,108.95135123907451
2,0.007183061273571718,123.27159493797662
3,0.00813976859529342,26.58363212936332
4,0.008143762265525522,149.36859033294846
5,0.006218279291947541,97.9694775361578
6,0.006918350865010691,112.64832076374029
7,0.008015394961358443,81.1977212737485
8,0.007887977119566672,57.27183299004387
9,0.008028712203108275,85.38534847533687
10,0.006839333595027557,158.20833601453842
11,0.00938069751146802,45.48095785806149
12,0.006783010771598767,59.37565990769534
13,0.008483820150890466,44.720216681528136
14,0.008755019112376848,45.885509653647674
15,0.011981293185742507,27.4324384036572
16,0.007660758177259149,92.39056307915834
17,0.009817038998165625,57.296399560919625
18,0.007663728652088056,32.51730239225115
19,0.007793031855483054,144.45919978548514
20,0.0074073540139223265,104.8089555568444
21,0.0076163134275116775,93.50621098775548
22,0.007496299553387517,98.34077549921882
23,0.008496416334438294,143.56516895664484
24,0.006794489678905451,148.9897450129553
25,0.007128213317196627,57.34679705643546
26,0.007146905124053296,57.68490643226698
27,0.006513843975834928,38.97632842311764
28,0.005828637712175689,90.00356912116477
29,0.007004648135289944,68.83288350647902
30,0.007062676165581003,37.90391067346188
31,0.007778233354525232,192.23899941049905
32,0.007350979016707042,52.76006116585029
33,0.007272063149475099,85.28555161908623
34,0.007096480519976467,191.39816487690914
35,0.006034238552643187,79.21198340146485
36,0.008976255067832896,27.086056276148653
37,0.007503819692911665,37.240423225748174
38,0.006423838577683131,46.7961642975881
39,0.007782408718581398,124.81253110317809
40,0.006896115490795078,78.72434447367985
41,0.00590479124241091,26.69410848647537
42,0.006333837883589281,41.94329278935635
43,0.006845455654322098,153.80484795555154
44,0.006134526289659678,78.71806832264414
45,0.007722223175528962,197.3805732535297
46,0.006528429576858328,115.50488741794643
47,0.007632757273652606,60.615932782116865
48,0.006101471254633279,116.92116414420954
49,0.005102153517303361,197.40840501931555
50,0.004844456011202824,203.0772713806498
51,0.004304189623547466,65.29326017836765
52,0.008614978573115712,40.410743019409615
53,0.006387108674971387,41.817883078533896
54,0.006573868298966607,41.77703787846176
55,0.005029785772256384,36.6851772767972
56,0.008230360886293718,47.33043357872794
57,0.006604910151167279,99.94208997190931
58,0.01076745242012707,38.812957031539575
59,0.008441198634417642,41.20280332897029
60,0.00730960539597067,174.05181662340317
61,0.00634970837944631,110.11015680120227
62,0.008139995082903905,91.62640746620346
63,0.007570376909812617,162.51216121099472
64,0.006734269883658662,109.95705648459924
65,0.009683055918608493,49.2630039567256
66,0.005460967424138725,162.0485016998736
67,0.005291742711691973,149.11091304182412
68,0.005029570927525548,68.71172636241386
69,0.006516787678595971,42.10925955544743
70,0.007022979799846842,60.72674741433875
71,0.006975092935765413,87.50468668330316
72,0.0061873453434574755,153.589139798095
73,0.007072109484969466,109.79170555120497
74,0.006319599315001805,63.4814388196224
75,0.005438915478235514,68.17673016064926
76,0.007943759440299677,52.55233387383132
77,0.00915208329237869,30.065796083325043
78,0.00664258286244525,30.16781147181126
79,0.009862717535233477,74.1812980549308
80,0.007050397539888583,185.1855865818096
81,0.007027215800941891,99.98109398272025
82,0.00419027738024528,51.612316808761314
83,0.007431997895662175,157.94613948927324
84,0.007362510566994295,60.21297189509511
85,0.007358840115538789,122.26350979051372
86,0.006933320664738295,132.52665599838994
87,0.005325548352764282,104.73098900093896
88,0.00616386952174638,55.982514474166855
89,0.005253021530333465,54.46485587626226
90,0.006031315947259044,190.0797440272668
91,0.007546638703471134,40.33164067320732
92,0.005636174086808192,65.51012220754154
93,0.006827739885357261,161.22899533973467
94,0.005844742956261882,92.73584752094781
95,0.005523953511029632,91.79371259645293
96,0.005555148837828939,193.42287105897077
97,0.004953637218529408,109.75538384252448
98,0.0051252360221538265,40.85231704310954
99,0.005667540530160129,148.6116992176582
100,0.004738986149942815,99.02939417694488
101,0.004796752164236687,24.95356769664261
102,0.005648454674047645,62.861885379710216
103,0.006471941762750239,110.76926343962057
104,0.005916344605234021,71.1272512283782
105,0.006234085031595446,126.42546448063642
106,0.005765223450990478,44.3770910199376
107,0.007013979899718172,35.56853391774237
108,0.005605802045718588,195.2110995247149
109,0.0061825610504582015,25.842559570763278
110,0.007032563446872783,46.6947030927042
111,0.0060100118652384555,165.48912127547726
112,0.005242253987776628,189.87764674040582
113,0.006114445742031631,82.68014326498468
114,0.005453958023942753,43.54398405129538
115,0.005811003740326179,67.76907162290229
116,0.006284432561971761,26.22150011224018
117,0.005192012896049374,82.08982763069159
118,0.005051025642928466,62.26899149873859
119,0.005855925346653656,46.45243507665302
120,0.006419398674891346,45.087774467329595
121,0.005554402174018699,87.56695807567729
122,0.004958352380940182,44.496954278939185
123,0.007759719039313495,28.109383849653728
124,0.006424321173973432,54.971008277044135
125,0.0064526443398003844,67.51131830093432
126,0.00901105840566126,57.395224013735394
127,0.006501176061028298,133.4888195411938
128,0.006277719619131442,45.61903526364455
129,0.0059239928122758675,116.18997183227947
130,0.005799691907172514,40.36755231295147
131,0.004595974507412456,27.668493526235064
132,0.008341782254071652,33.703133828258466
133,0.0058485545784831925,115.16594200050726
134,0.00710432687321241,128.0123798834503
135,0.005628988144531625,109.69246977043623
136,0.006117966062822571,121.5023989734915
137,0.00485561574562264,73.74442823081918
138,0.00583625834245803,44.34056010452336
139,0.005947484763836796,161.998849859932
140,0.0049579172950291114,98.83757417371226
141,0.005125370167661458,43.6730069446816
142,0.006989805588752709,39.20849794768228
143,0.006433547923697671,90.79286628963581
144,0.005096440278467233,62.50570601583943
145,0.004955663945589025,60.65469751504568
146,0.005348149097660297,198.37180660278833
147,0.006505154485983605,43.16842549776896
148,0.006330872523735191,109.91862574269473
149,0.008021335816010833,24.793622895440656
150,0.007226247984693724,47.76416260726465
151,0.005916437215505125,49.19281317007304
152,0.0056526435338823565,189.6983514376062
153,0.005770290409352377,40.36412646066766
154,0.007233033280794484,61.24943031643586
155,0.006679675548432649,42.35954563652982
156,0.007253396689351175,55.37044487440425
157,0.0071081166585781055,56.34658337201467
158,0.00936581907841504,37.80227819004499
159,0.007789172778407542,74.16199991062017
160,0.005861657815669679,56.995865909454665
161,0.006087836617514537,148.24835414353103
162,0.004905731141312012,82.30629790643066
163,0.006445257257575453,61.70683366799011
164,0.009574927529221464,43.76679265316449
165,0.007195322998302152,56.050181465668416
166,0.0062294220200347925,151.40129792818118
167,0.006589414047127302,95.32213858928517
168,0.0066271206428844135,109.28970430163474
169,0.005383919885350903,144.7998029805598
170,0.005824114138188117,49.369530461573085
171,0.006243559998368325,98.7155557043114
172,0.004946917908116228,53.76845359656854
173,0.004746225298731588,42.46758395579944
174,0.006473682688169444,117.15617985257627
175,0.005128207273098371,203.71833328105572
176,0.004957842538468697,51.56713296574742
177,0.005355241036369014,133.32509808687516
178,0.004932606477198603,82.14201753897305
179,0.005147331303493216,130.95648363946714
180,0.004945783085461768,74.40908682586728
181,0.00501622574786434,202.12284087058458
182,0.002607794103196597,30.233266960923505
183,0.005610265868174768,71.79674217942235
184,0.004631237185934039,97.40718669617299
185,0.005192855279836714,68.51387116418027
186,0.004636206318805582,108.40722559156877
187,0.00704735773483249,34.69983469300293
188,0.0057637731966986416,166.77714364686307
189,0.004824743810627062,119.24456417576015
190,0.003834146550647786,27.809386811382524
191,0.0052899041231846645,113.15626203591036
192,0.00753973146442902,24.24437384421262
193,0.006462838021084631,91.11498182470902
194,0.005403090033003585,99.59737007738512
195,0.007463100441038312,40.493529768243896
196,0.006955298781454966,104.05436936374296
197,0.007298034920421668,64.4070627929944
198,0.005856076988054375,21.778342518978036
199,0.006937311925307417,102.29281436393008
200,0.004985418584165645,26.05291135846721
201,0.006669166271348257,72.41638641157874
202,0.006942461745683641,81.0445368363364
203,0.006600952972311879,75.88794308556952
204,0.007333251122778667,30.651314968118797
205,0.006367661889101837,53.86813071264496
206,0.008564353332421261,29.099415025105735
207,0.008208524966631135,194.8285873873267
208,0.0067395590497305825,101.33024959179185
209,0.007106587199250206,187.5362315058844
210,0.0050775798033633876,26.236138746643515
211,0.007515471721644182,48.5174984619068
212,0.007741291240773325,88.51390921533647
213,0.006455153996464271,152.62607149593086
214,0.0055012605087015505,121.63975969605445
215,0.0047844211639783965,162.4517582286203
216,0.005343824858832473,48.91289743350229
217,0.005770768524692442,109.18606252892768
218,0.004933759443123232,45.72008516087878
219,0.006885021787461819,97.33334651586871
220,0.005845682891399169,78.88540311977523
221,0.005093534396591541,205.74488612950404
222,0.006358496092546444,75.47269096553224
223,0.006257694686196787,46.66780126390001
224,0.005491296224275944,89.11125443782258
225,0.0053619673423012364,84.50842082874937
226,0.006585134628535757,43.269323053006644
227,0.004993814994332542,91.61760382932941
228,0.005921354559673505,36.6210481027724
229,0.006258450473905635,102.82103939204723
230,0.00695809967375998,101.63480970860088
231,0.006398478216372734,188.10697711811977
232,0.00616764995936399,50.62746046643314
233,0.0056348596151277065,154.4417273638618
234,0.005518587480764836,61.665650608921815
235,0.005375430684899143,126.69307035236135
236,0.005238692889850397,199.54266445630168
237,0.005091348571221391,48.07743469234368
238,0.004280344012378899,196.53547491660373
239,0.004815204721190114,165.2641023630031
240,0.004661435875506265,196.82201857939734
241,0.00528970388007689,38.402798836666975
242,0.0049302699038749915,82.51907335342652
243,0.004867987164035775,115.91194845064581
244,0.004671685596227869,166.39104930602153
245,0.004499046586886761,96.55968314059827
246,0.004686664999148028,65.52721139722708
247,0.005442294641709164,201.958960453067
248,0.006003898460630502,101.89259767210055
249,0.00578481416918875,120.70610845256265
250,0.005538643021745945,87.89077596342393
251,0.003111562485256317,41.67736422555267
252,0.0061818946979816675,209.24343932490495
253,0.005421906209205152,107.47500024069741
254,0.004864691808803585,199.13962200259542
255,0.0046075654853749174,43.3125504752696
256,0.00559862935323647,54.045593430661
257,0.004829598897982126,94.92917483538642
258,0.006330661087082951,62.7819346271384
259,0.00969543113023974,47.75677593141461
260,0.006083423153406647,115.93127936453499
261,0.004927187127249613,107.18635164438406
262,0.006123531181051826,83.81799206272616
263,0.004685105447975188,65.35389487411634
264,0.005150160982421684,208.8919088047175
265,0.004897954942811031,169.70486285487533
266,0.0047805532813072205,74.61994882579103
267,0.005594542207704349,40.64742933787329
268,0.005280388040454895,130.91387082471988
269,0.004010286649810785,42.03717684763518
270,0.006152310870954982,85.40591978236957
271,0.004403107024914147,198.80107597554817
272,0.004611240548861993,68.33706435034536
273,0.0046343835876197425,69.94636219866211
274,0.00519826892828225,110.67489345696006
275,0.0037144117886782624,73.59945906156663
276,0.003726856110998514,46.75394793902281
277,0.0045174700358651355,159.70190215074695
278,0.00419006668155432,122.82620642301926
279,0.004676121876092995,146.56294088198266
280,0.0043336400863013625,127.61836873131548
281,0.004754723196782034,93.52879808894369
282,0.0034864245867116624,130.80122658321952
283,0.003847523533589941,155.526263440771
284,0.004478257159493735,26.946362415935727
285,0.004067366744054417,29.726555112773724
286,0.0049866965542947434,110.74529441079893
287,0.004475268630128469,115.25223351129686
288,0.004104325236932544,31.477253380101946
289,0.006925149939167474,22.638042972405
290,0.0035118054799830258,44.66221288728656
291,0.006039386173130494,97.96173522236793
292,0.005500017204422665,88.53125862140313
293,0.007097347556158307,49.93166991513447
294,0.006212224814373905,48.09969900709478
295,0.006028558552810522,100.56832778389222
296,0.005517501406974985,159.0516831527896
297,0.005274806529509795,153.31102985944915
298,0.005159775100263028,28.015083439917355
299,0.005832203274884396,115.6056391610856
300,0.004966968374157494,36.26476665435065
301,0.00626380372052585,115.33060480446271
302,0.005001132925864328,108.21149591084453
303,0.0027890475314713763,45.668952140846855
304,0.007274929746265777,47.743829408327926
305,0.006996317316616814,87.17324276419312
306,0.0063255220890054125,73.61280453545331
307,0.0058727573879566765,196.13056442735888
308,0.005815173503219125,72.40255196649203
309,0.005379625291838734,200.33211748842035
310,0.005010315746968162,27.750221477022034
311,0.0061807657876744165,51.79116533035567
312,0.005238900410953672,99.33979437002937
313,0.005699824159917724,62.04718206774505
314,0.005649898909876161,87.0653373252624
315,0.005372007189770997,115.61855420002266
316,0.004385348962837129,121.00109739555772
317,0.0047605166831557215,54.99629766896959
318,0.004529709099957612,80.207330533002
319,0.004881830688894049,43.52453508655228
320,0.005783984730302249,82.41780649392346
321,0.0046034938817504385,170.0057519790354
322,0.005292239188516544,58.557115063471734
323,0.003954520494648323,123.08721699652097
324,0.003808511982716597,175.77159297102244
325,0.003370482650165127,114.25454967228742
326,0.004602959123470091,130.6108369367102
327,0.004378745074358744,59.081456919533544
328,0.0036279386813091574,166.3822647162539
329,0.005025119144717956,105.82840097946585
330,0.006245986160909031,51.92308586439644
331,0.00597781987547736,65.53259567659163
332,0.004685765881115034,44.066609420907696
333,0.005389970358175395,39.55648651083801
334,0.0049257230588779545,56.67738351235255
335,0.005632468388464242,158.15567930894207
336,0.00537260280769511,26.280208952289787
337,0.004665164710514574,106.92886698934905
338,0.00463793936737725,70.48881027480795
339,0.004523552106217143,41.176906191273396
340,0.00449069615176602,57.09572833809567
341,0.005520032156819803,94.45648263500527
342,0.0050286208466879265,43.29393527304918
343,0.006187796577672168,95.3192447825574
344,0.006152730917498227,183.34649894822724
345,0.005443973414899952,173.40987822411054
346,0.005063303593692901,155.19152635050463
347,0.004866873872922208,157.0558165803129
348,0.004800033971233378,41.78863967666372
349,0.005216474879693668,207.57798432782042
350,0.0032109464277866586,26.9106332630782
351,0.00482630441516628,163.08530429900762
352,0.00446064195685639,37.90578875258065
353,0.004320306800187789,164.6217326479112
354,0.004171883978415281,24.384570941467132
355,0.005598789424363574,105.73647355761885
356,0.0055173163513048875,65.73439461620244
357,0.004924974242881449,47.360834546007624
358,0.005882510417783105,125.40802075581998
359,0.007282689308089301,25.179958223941004
360,0.0050347849159711935,85.22376756157264
361,0.00503510101671881,41.20941420740081
362,0.006010829846600051,206.72316190313998
363,0.005769437151872714,26.205199128935067
364,0.005417495688421114,124.31075137993058
365,0.005325618194572752,161.71740509602245
366,0.005291331793430161,64.11085164260157
367,0.005858112504938617,81.89002980846534
368,0.0031972320062716064,50.34504543197217
369,0.0044812815417012665,187.72380767167797
370,0.004779387123377646,52.06564140927372
371,0.004557504160822226,86.01527811689319
372,0.005941168098046848,209.47857970295357
373,0.004958238059673583,116.02435615773061
374,0.00409743646251593,205.81083075725599
375,0.004321187823673323,95.13700756974166
376,0.004812830483927629,52.38351206006599
377,0.004003950976766646,109.82918069847524
378,0.0045485150820406325,39.069068077219654
379,0.004192902746679564,64.16393637763287
380,0.0043855527261949245,159.61509710880276
381,0.004107289995911326,57.76754729534288
382,0.0038169142555069323,81.68253636517144
383,0.0038697627824538184,198.6104539705578
384,0.003967338161552388,86.6921619473886
385,0.003952517435559107,81.38091217903707
386,0.003242896278459591,56.21298319942721
387,0.004677183302619414,115.08540064628147
388,0.004760485029200444,64.44876942337207
389,0.005558255044004024,60.56656449216339
390,0.0037626194465763363,55.339829469668835
391,0.004369749536139848,38.814175410853345
392,0.004490766139516736,187.52253601859633
393,0.005030684848234031,167.52385009526188
394,0.00504370075522259,60.7973007790241
395,0.00561324086517748,193.08589625063757
396,0.005930393470161771,61.94865612656563
397,0.004917182455423065,154.70315986089406
398,0.0038471035895290204,60.596517402996525
399,0.005095693648819668,65.82638306418502
400,0.005306902408404779,58.322441077324896
401,0.005658152767203071,43.40244639784906
402,0.004812337605292503,165.24753218905525
403,0.004119765325427618,206.75851875636872
404,0.0039694121886908835,169.2659280488825
405,0.004008913638169839,112.50494327184924
406,0.0034943785803145297,129.50853907014303
407,0.004162885874786691,69.70238463735913
408,0.0036518259595384375,150.48360210366067
409,0.005236752471758117,27.795430964068288
410,0.004867883895860506,66.48206193150891
411,0.005343462312797197,116.0126666761088
412,0.005058858474843542,45.32602561306409
413,0.004921892761539658,110.62825719570733
414,0.004292554851748388,44.577259757494495
415,0.004365687338577118,42.11546904633467
416,0.005230075618165624,193.96276705662163
417,0.004897264375206045,107.63564334012021
418,0.003910460821116122,43.74344944611702
419,0.005858703076855504,27.04831723583943
420,0.006143936493158849,49.050450756222496
421,0.006086029327259614,94.69350188250047
422,0.0052056183520672395,29.522115734276476
423,0.004912394890337824,68.1705610662948
424,0.005151534840255418,201.40788808797308
425,0.0039512973769016985,165.7207817235949
426,0.0039043132101968777,37.339135347641644
427,0.004256867741518997,94.57309838557786
428,0.004864847876888234,90.61997721182018
429,0.004492666441924835,80.47005915644576
430,0.005063092049777669,75.2867178710854
431,0.004875832280119469,74.62833827850154
432,0.0051538852248934645,109.29123776723127
433,0.005123157271904906,88.66991323245591
434,0.004323353383216259,168.78226136956704
435,0.004266006585212535,43.450455482280596
436,0.004138938411275516,86.68713382845206
437,0.004339898336132739,152.56231353037018
438,0.004119474183635947,83.64310308194285
439,0.003554698605659871,53.90680807837242
440,0.0037498015621761083,201.48274699609723
441,0.004055037507943367,116.42520528424234
442,0.004876372709484963,27.28420032709239
443,0.005236195870032856,26.547797891117476
444,0.005074260292035019,35.916815377822644
445,0.00572396573763148,29.56620069852764
446,0.005842712604519452,153.33841076489836
447,0.005329940992781373,86.3630330539075
448,0.004263281015692673,92.10538112887419
449,0.007249742968958123,71.27147289251086
450,0.006956317823316003,27.548322359814456
451,0.005489019237839701,38.8022401927573
452,0.005778751688037143,66.713896531947
453,0.005322435805399748,211.2095535970651
454,0.00489582304282398,55.21592423713124
455,0.005371376242397378,65.55795255378786
456,0.005503301233094295,206.6356618555013
457,0.004475736266686487,86.31633097821647
458,0.0033108017945276767,25.658693582002904
459,0.004336283988303761,153.13073695767943
460,0.003817817837661493,167.45770884544115
461,0.003824236594703728,58.66740388682869
462,0.003994884708155596,109.22820364938701
463,0.005683352301583893,44.925322285540894
464,0.0050581521043733865,37.2864952421997
465,0.0042082166996003844,211.49041702288733
466,0.0050248569805754,67.9962092735512
467,0.004218711741321551,206.56472260558553
468,0.00433440267638966,80.76549384450624
469,0.004862589383824693,85.27656088098429
470,0.0044136880819167805,196.182591516293
471,0.004900872936251305,56.87146183429469
472,0.004959588713785538,126.754360022011
473,0.004497209869688219,61.6164706183707
474,0.0039431019674889866,171.012828069715
475,0.003949490969692281,74.44920124763372
476,0.0049367388414408445,42.38108898422849
477,0.00507847762516684,45.91090586272596
478,0.0056362692879562155,85.81118603918061
479,0.004863859724445619,112.60020546269017
480,0.003906492402287975,115.3512263632905
481,0.004595919946519437,123.61655502554584
482,0.003907268699298709,24.98666915955972
483,0.00657457477364946,27.43454160374561
484,0.0037014737413520052,203.99103936803877
485,0.003817368188954544,134.74831650342207
486,0.004131323236590464,147.8698688946682
487,0.003485526297450194,31.045766960815666
488,0.00434458282941773,198.99923086436473
489,0.003896485492497539,68.412316225837
490,0.004728770631497457,203.3598224597815
491,0.004274944785440591,68.17300247321198
492,0.004443991493669035,213.84257560179907
493,0.0036701065409243503,90.69533722635757
494,0.003981635607863037,135.14071144780448
495,0.004170386751234048,200.17223924249853
496,0.0038352138765801033,77.47238798609571
497,0.004559055400227728,157.14164683672635
498,0.0035341761208339817,209.2628049435203
499,0.0041751582246002525,124.23336998080477
500,0.004076121950440454,129.50023402603966
501,0.003876557162706584,94.78243615064598
502,0.005135789806986027,63.93949003918522
503,0.004490458239511124,209.5780752372038
504,0.00545913940492858,109.28893493312854
505,0.00405731719712283,113.62991092198638
506,0.004453941042111882,65.72872466393346
507,0.0037791298327020145,27.725615170649988
508,0.0038072868432012714,70.0938207105331
509,0.004147553056458825,176.70785905472846
510,0.0036918481942288615,70.49893473673205
511,0.0046388656181957704,25.36787076866009
512,0.004154007150269723,26.556880210430403
513,0.0053604919265961976,61.48671329175144
514,0.004120642876396293,110.52250916737341
515,0.004532211224823886,73.95629932350198
516,0.004346617208931879,42.42425565486228
517,0.004932996782512278,82.11711420108594
518,0.004652380948098972,127.83511895870117
519,0.00448431586366646,124.20038541552238
520,0.004498728129565092,140.87373553233894
521,0.004033424030331544,122.48979737443976
522,0.005062937687563879,44.39825073402319
523,0.004382908322070962,51.99646467037336
524,0.004830036008074371,36.51743633926957
525,0.004262936428298976,70.53887044516418
526,0.004997103385878137,160.449816059511
527,0.004232062253688183,134.12443266551196
528,0.004248822046014231,167.01165006726248
529,0.0038108091053584495,45.70766440575645
530,0.003759799886293794,43.76816789713574
531,0.0034430950733916636,182.27048879384225
532,0.0038166698287147405,101.02434932377018
533,0.0036020338149093142,60.4988314175465
534,0.006236137057542159,23.57695490027142
535,0.004033354139819588,126.33995981849031
536,0.004464666235686183,27.175273344927554
537,0.005724052198770964,44.256103467974256
538,0.0052846018316758635,113.23384372954932
539,0.004483843274865259,202.27832964374423
540,0.004141781195767821,170.45154614596728
541,0.0030882955371931008,42.2729696326956
542,0.00488036409209097,25.30651627961196
543,0.004055402181432422,30.777597811321144
544,0.004653643654088115,132.61678564349393
545,0.00390692592358951,80.48464237265955
546,0.004060173473608424,105.88063108701212
547,0.004165508881431611,90.2629518354402
548,0.00448869048845014,75.83800615222842
549,0.003961442587939187,138.70759792237675
550,0.005177438802023131,77.48354821249353
551,0.00415636511146866,92.65193376943174
552,0.0041240991888923054,123.17830265936735
553,0.003540916786366611,95.70019351358654
554,0.0037342841797153134,56.643967295376044
555,0.0037220293313360094,41.994102082186465
556,0.004023924448781393,43.72156837914983
557,0.004259727992204306,167.31896787417472
558,0.0034903425277724607,25.351597731408138
559,0.00470452889627249,130.31039735791575
560,0.003973505554702395,211.63535742089755
561,0.004503496652752212,58.298182885636564
562,0.004153516564848603,156.15692838665592
563,0.0037168929842997566,157.85041318439102
564,0.0033096262526794754,21.742928966825815
565,0.00439640532115575,54.414471810469514
566,0.0050473851817852055,117.47388586245654
567,0.004839783498076659,101.6053340882431
568,0.004451879169489705,87.19440394956133
569,0.006804813107009977,28.764438210435273
570,0.004836150629106103,56.5563570998002
571,0.005387441918239496,121.33976322781511
572,0.004907632892598523,121.17773023977375
573,0.005185120221195293,25.69102860840462
574,0.0046115608833210454,173.97646246819758
575,0.005521952777525183,70.01866785704257
576,0.004919236561145739,161.32234105710864
577,0.004821436826573886,67.00115667109228
578,0.0042080673011811775,176.20787510314975
579,0.004876360577658157,47.41901053718079
580,0.0038666897267806374,113.33625773146737
581,0.003314006880953394,24.4345490372597
582,0.00431026251612206,60.551553124891996
583,0.003952695305905131,52.2581572717899
584,0.0041477835892127024,63.38985088897786
585,0.003991148577698209,129.4302430175762
586,0.00408571070676606,44.7300977060535
587,0.0057000725325357555,22.739990702943587
588,0.004505518184402914,120.91500065163672
589,0.0037500118717044765,119.66687888545812
590,0.00391223755654322,133.16386016301044
591,0.00424150683702277,118.20583161265844
592,0.00422489373857193,107.54536974880426
593,0.004443004072025611,31.08147821233293
594,0.004735497409366333,160.47435905831713
595,0.004692813960551016,82.10612879211148
596,0.00536605443432398,47.1236015647264
597,0.004901624604676773,121.41423185600186
598,0.0040379874320483535,124.15390514323441
599,0.0043680795741670025,56.83841383556534
600,0.0037062255062882683,177.90040606226307
601,0.0038327460396791113,97.19304450846695
602,0.003104184300723687,62.25838498221784
603,0.004256299020873728,132.27328845926246
604,0.005254089306478049,74.8414194024314
605,0.004784957414011518,52.583255174364595
606,0.004012308084992082,214.4869403587326
607,0.0034416176657452104,84.31432962605777
608,0.0047853666301061575,59.54369942021226
609,0.004458488615283214,49.945025291840125
610,0.0029738404856320343,23.429950836056676
611,0.005459103137122698,134.07903794855085
612,0.004946148921775048,54.03697099653555
613,0.009354904843976015,26.453350590564398
614,0.004770921602109659,44.33746198032589
615,0.006806274889045042,23.257510672174
616,0.004670539464408146,26.6547268554435
617,0.005710717309160496,38.755347773939626
618,0.005834527114884963,208.25045594895602
619,0.005426032645272691,55.08870282977584
620,0.004754953079510146,164.7866463355158
621,0.006652504691208544,39.427626625535304
622,0.005180938081045089,27.53421505462921
623,0.005006750588174477,132.09803230155507
624,0.0036914646946664513,23.549585066916297
625,0.004355777589807985,73.56577517590563
626,0.005533419638256527,51.34918591890992
627,0.005219983722631743,120.95743728607957
628,0.004926663476024413,169.05044954142465
629,0.005188024464710537,54.56069071827783
630,0.005715431414004838,45.5004162645965
631,0.004771224410787238,109.45568927402107
632,0.0043451777461226675,84.22303202095239
633,0.004051147125350186,72.64652814608039
634,0.0038230507700725207,36.3967862988039
635,0.004791951649413268,67.49094448637494
636,0.003900858432535966,54.87122439519215
637,0.003535919104417024,38.07897381147197
638,0.005580994675535924,80.06619679101716
639,0.005104083889200035,132.65006692870472
640,0.004284468198337973,32.88025835211984
641,0.004556431559723097,64.62635213725753
642,0.004722492620325491,104.68229801888866
643,0.004691130940045696,43.23646886707522
644,0.004674721550237037,107.42043283080304
645,0.0048748539559448426,53.310914231009576
646,0.00490400640359132,166.21575968341048
647,0.0066551267736940645,41.757765385751306
648,0.004689916548977025,103.56967128829237
649,0.005009149198067954,65.14428909218037
650,0.0038077559406765817,168.020267594393
651,0.003000301942313282,127.41138702620373
652,0.0036473346039061793,90.94304219124552
653,0.003863197900208565,200.51589684578238
654,0.0036820475499047324,209.69777819082108
655,0.003961908862730128,162.38734195040874
656,0.003893130283551061,160.87918368713187
657,0.0036787860274715175,212.22083898413467
658,0.003490816235988227,51.84322091794881
659,0.0027384557073343208,36.543889732746564
660,0.00341362638517659,93.1032137632241
661,0.003938944579700051,39.42676029411989
662,0.0034613992159800797,28.05895576998978
663,0.005655689298609187,47.80504773618605
664,0.00385089626070112,29.885238709422445
665,0.004247244787299731,218.14230804222618
666,0.004240960581228137,55.16026001989988
667,0.0035527706571320122,156.88089352953017
668,0.003562038235451417,72.22977397322158
669,0.0029762633141497364,89.61592240946615
670,0.0034316881984440524,48.09457722139821
671,0.0036289482685627743,210.62194849852102
672,0.0034280855521698155,54.607698063199976
673,0.004711147366668394,34.65947237391448
674,0.004267014196258188,111.3646342469466
675,0.005093039875708015,49.57404614232514
676,0.004182674985859583,207.4730472002103
677,0.0035986028781568986,173.13454899885443
678,0.0037814701322458665,208.72048175755407
679,0.003079365459155605,209.0189237863908
680,0.003228994212851418,131.14336191903604
681,0.0028900803222970286,230.1156726270431
682,0.0033708494679908305,74.11948796784176
683,0.003257738619396778,174.74439745486518
684,0.0050518988091739474,27.509036009857866
685,0.005091192079047547,81.06232288271246
686,0.0040127731185277985,25.7822905887413
687,0.003922149670254064,98.29551975892961
688,0.004064595908578037,89.85084216789845
689,0.004617083381162956,125.18911221473441
690,0.0036287052492439287,208.53961300615478
691,0.0034649615441857042,123.61324501287565
692,0.0037329827054319057,45.611525269521536
693,0.0051597403354527475,58.52638172066981
694,0.00454864766074887,121.27130966513941
695,0.0037674892794441533,51.844461422406965
696,0.0035422311802077193,200.085356961109
697,0.0034234571275445296,135.6674078962734
698,0.0044638610715292786,78.23730774467423
699,0.00412492164515549,220.1438853973407
700,0.0038021393903135197,207.94457633134317
701,0.0036581461310055464,213.98504768910723
702,0.0037408304157837005,87.12071680506122
703,0.0033066848893114993,68.38258814413021
704,0.003317239383415488,31.85750155579119
705,0.004042517508686405,222.37639940628918
706,0.004518424952874665,67.69531305434835
707,0.003384812058707236,225.7124130036431
708,0.003346497077344848,108.13530476484914
709,0.0031449170342104068,121.1561000757569
710,0.0033664907718173646,29.851448236508897
711,0.00307435139861617,162.6680762150473
712,0.004045508777851175,22.851090915057746
713,0.004197988305209617,103.49544582608759
714,0.0033289409928355025,183.75222558018132
715,0.0033378951923618526,199.972954485102
716,0.003735663408323572,40.6867367994423
717,0.004386511407087517,173.7186733973578
718,0.0034458151213616005,26.505000967615715
719,0.003823075771070829,115.72151105888969
720,0.0040347433640190375,161.5590905226999
721,0.003763571228183856,69.45280042998668
722,0.004999981223425659,36.61427054560079
723,0.003445785061392764,213.9949247432085
724,0.004373655140453421,65.36080803628384
725,0.004633376828169892,54.177921280529795
726,0.0035298822075046574,174.84057145748363
727,0.002770180059518886,143.16161070213127
728,0.003781291926805772,68.50370249453718
729,0.003793184189607228,76.29358822794333
730,0.0033658640193821423,215.99004121772137
731,0.004234237940132467,76.76097200706153
732,0.003922211212967647,222.18472716924123
733,0.0036296362360867503,109.00327759770754
734,0.003502830423134252,45.82442595955558
735,0.004289063750454176,132.23686883411904
736,0.0031771442376634083,59.49253918184899
737,0.004392439783456408,67.51688833211924
738,0.004044134842655526,130.96866421862296
739,0.003943828477484616,128.1575817378081
740,0.00451387786401588,71.7695237253129
741,0.0036219703187875376,114.84473468216898
742,0.003440746702477221,183.07531200586564
743,0.004187976850779396,138.59865600762657
744,0.003113147747568511,99.83791502709084
745,0.005156065914144909,43.24072714604334
746,0.004166864460347567,218.6915672193609
747,0.005176169501313687,53.488703620897894
748,0.0032227371852354123,66.83270808302858
749,0.004984314889728931,221.34080991699804
750,0.003905677550737264,27.090046463350834
751,0.004623611657172153,122.89806056721845
752,0.004136895354451826,208.9370772267056
753,0.0037932529867151107,221.3728785921012
754,0.003926815497709021,24.38716475060405
755,0.003634924983255677,187.40721387923637
756,0.003286905764077084,93.46450635185987
757,0.00442604060464708,46.56541574476678
758,0.005527994814039764,116.68142943011242
759,0.00417425677173574,75.6590723028771
760,0.003581956578704718,45.98926079918402
761,0.004393008594224985,74.16780948888993
762,0.0034321237840807773,165.25622519679368
763,0.0036372780109367097,167.3879341441886
764,0.003663044186019949,29.055622952138684
765,0.004721366004698704,47.26785568087656
766,0.00435831395650535,161.6648528017977
767,0.0034452736164418195,100.47931039747225
768,0.004586900668912746,84.29060219171507
769,0.0035719333886495754,86.55061039039242
770,0.005337313824802058,58.93417867974837
771,0.005206152259504322,66.7389294024871
772,0.0044244164357070065,162.0071460777094
773,0.004436516894202214,87.31141710695603
774,0.004398165755225597,61.73007100521956
775,0.004424314526781037,129.37108502724334
776,0.004713145185037163,28.211448448570554
777,0.00495589149047614,162.8433060390054
778,0.004194783207010353,115.90798117533689
779,0.0039033673323997805,228.13408572669076
780,0.0036589091032510623,80.65780982093071
781,0.0032896789800195784,43.861231292528174
782,0.0034662360769950533,35.00647658293465
783,0.003613222569666422,37.193407907766485
784,0.005032850107710946,109.63481319484947
785,0.005958262176416331,87.13675806648665
786,0.005787991912210739,55.19620526717943
787,0.0049468564485813165,74.8654019478487
788,0.004589402808421054,55.48099791507529
789,0.004541181899681264,36.93151143726756
790,0.004879297653478089,29.849798597699916
791,0.004949368074728857,97.01037743143463
792,0.004508242669129344,117.15342627527302
793,0.004246105205079372,105.74792731002127
794,0.005248267856900227,24.340643124022037
795,0.0044614843875361776,134.2919301139294
796,0.005027802727384439,72.56225913950945
797,0.004463744943607777,74.43950182648813
798,0.0061738870833739955,52.05199408969605
799,0.003624960401793942,45.65137156073576
800,0.004590185649172103,54.02596591666945
801,0.004284255450049666,76.88699755352211
802,0.004883269119435115,64.54738576468658
803,0.004266801345114469,37.00360468508865
804,0.004348703406811602,93.01878283535179
805,0.003926059746730279,178.65704126520387
806,0.004907623323847871,109.59035670865755
807,0.004236146598083948,112.23165233476396
808,0.004518017595480408,40.997200783336126
809,0.00487671050202177,66.17503597412119
810,0.004748607850508552,119.1776943926079
811,0.003350641398795013,30.253648721505723
812,0.004142973877005903,115.61306310329127
813,0.0042359364652556596,23.52089203006941
814,0.003960265208521518,86.73392361301492
815,0.0026339172638535245,29.00996629697587
816,0.003921077124949679,133.36856090532078
817,0.004612326847563963,35.42978523269445
818,0.004546177301023287,222.59430610935354
819,0.005255018747663701,127.85443302681456
820,0.004198294936016329,48.86364171639772
821,0.00519438908623229,139.87658338207163
822,0.004719069475205458,60.44112894575289
823,0.004314979683789408,178.37098050715096
824,0.004489611957734763,111.16271584669053
825,0.00406038626586207,140.0670745235331
826,0.0031298644704077297,53.55644402246848
827,0.00352679282551142,50.80392021303234
828,0.0032341130438804525,110.52169943006307
829,0.003988903609834696,50.3360528261365
830,0.003693040236752355,92.67259668639332
831,0.003390560635859844,221.38487093154987
832,0.0038426665864649623,132.69874534693668
833,0.00281457221273617,50.07398836599471
834,0.0032821912484496656,106.7746457682282
835,0.0032645316500811918,152.54813530947294
836,0.0043470746765298576,27.94024921059627
837,0.004458846007103354,47.50819960258873
838,0.005067066978944209,24.444601662681364
839,0.004056278645293787,46.384889305278996
840,0.004602764414316466,39.80505542722973
841,0.0049680410903853505,107.01342591169899
842,0.005272388470285268,75.99893645808343
843,0.005286475167932539,44.62386039879212
844,0.004017563739289846,137.61931058331325
845,0.0033551873039728043,179.18443480474036
846,0.0038335310583116136,68.7340330479834
847,0.0037794887395795887,65.82604706283657
848,0.0032192876268978374,174.28011436508098
849,0.0033694592912326417,178.32454976833233
850,0.003668634831134615,25.552794190536154
851,0.0035342450465180608,175.26223997408343
852,0.003958568901305651,167.03071548763413
853,0.004186334514350765,138.57323141429708
854,0.0037265304126776755,131.7703272841816
855,0.003835903530964091,52.89030512094145
856,0.00343243193294091,46.19867146266045
857,0.004387869440236229,70.58972243962427
858,0.0045149770093750275,46.73995901363269
859,0.0037197375257584588,87.0602394925492
860,0.0033194227590927407,159.54238514125282
861,0.003778375883081978,109.97441406240505
862,0.002959711381463113,47.498498886382436
863,0.003901678635396745,130.83333375226002
864,0.0030817485757337715,180.3539656208599
865,0.0034367572765235705,128.75003891190065
866,0.003006073907688576,55.233846514084505
867,0.004403611353077626,57.114531695649305
868,0.003265014195450638,116.24633418818226
869,0.00445617778578625,41.06626365712643
870,0.003771160337677917,135.89218496867952
871,0.0036808670378046704,48.4415465317212
872,0.0041361392983302585,78.55233772133742
873,0.004249902893600331,61.62987090017507
874,0.003915836625479248,134.91336280892708
875,0.003006938505921067,181.57978887594626
876,0.004297266846747491,27.532250548591254
877,0.0027582482824504563,43.903265328388
878,0.003488421024018395,67.96776102981164
879,0.004277365333409668,128.3767483801439
880,0.003919386396552688,60.607390632121955
881,0.004147823539800042,110.14513594545285
882,0.004931175681874798,30.595577588566528
883,0.004862169937835678,172.2705428975476
884,0.003793549913688047,52.06332317912931
885,0.003875734504032091,55.289996572693056
886,0.0038499442714769643,113.86435662170102
887,0.0030906881947396947,123.48263219594565
888,0.0033991399691284145,122.6582929365481
889,0.003059272064660182,110.72832859132065
890,0.0030706189607829105,211.44623964559582
891,0.003484899089512923,48.79881924385753
892,0.0036235038985915737,29.05405107586739
893,0.0037574332568048683,211.7005842518784
894,0.003111893222177803,36.36766070541019
895,0.0029816975194558314,59.36091390474483
896,0.004950244634921939,63.41236915266077
897,0.004041719700650832,73.71157085222696
898,0.0038936169992386848,80.7829917087455
899,0.003875338116098559,218.79050111641843
900,0.004398663952488894,55.33972758868945
901,0.004070847057143332,123.93705988899437
902,0.00376001587900301,26.552230489102502
903,0.0039008050886677357,42.636031258715356
904,0.00435607823736476,139.4964830467303
905,0.003647950991541399,57.100858970351894
906,0.004271876033522101,111.90044219894115
907,0.0044432230424718,85.42704325182396
908,0.003619861410204637,46.29286815010805
909,0.00411072925719334,76.95238942894527
910,0.00400106429223227,183.4533032757118
911,0.0026700157415523954,44.23250198543064
912,0.0037904382601531375,59.03155186710018
913,0.004429271531756345,220.5254265922616
914,0.004351876892701054,109.3088484837166
915,0.004543636686788444,60.03014675161136
916,0.003837028866588457,114.71916353365405
917,0.0037470387400851033,167.4388021680936
918,0.0033306049180365253,218.0585373903284
919,0.003476316638395,172.94762475333604
920,0.00333588533221749,213.42345728237564
921,0.0033646473536446016,109.60457462407982
922,0.0037402150709633284,130.4029286776157
923,0.003751451119249293,167.57068487252778
924,0.0033150971487314455,41.264958407069976
925,0.0041843813837384,112.93367897583285
926,0.0035792178981429177,156.38808928235213
927,0.003547512238521634,55.38562001815041
928,0.004446057582508483,66.74688766501272
929,0.005670751095749438,27.914275573347215
930,0.004430890094658549,56.17623197900975
931,0.004578594024197254,219.44810030504874
932,0.00479678363910229,55.386615545486094
933,0.0037963230048243877,126.73001116624273
934,0.005831450651041107,69.34994927899018
935,0.0038188612831210524,28.631537344617968
936,0.004437520414984857,79.36833010821901
937,0.004718222591856664,39.7572103009954
938,0.004061774424512477,139.29029356081026
939,0.0038361814433962786,38.70603312958927
940,0.004382709772802296,41.52466359447317
941,0.00484615198876929,59.97717565245755
942,0.0047026930573897865,91.3635601146171
943,0.004986498715683214,71.68596602889694
944,0.005190050876990426,77.73005932338923
945,0.0037013947863174094,225.8108393171705
946,0.003966264095905058,210.6958242007749
947,0.0035600591220052275,96.10473185142808
948,0.003677656516708565,104.40606688397342
949,0.005586922399989153,67.36591897504454
950,0.0056292413230102254,30.617852788938656
951,0.004812746159256098,43.447026045783495
952,0.009610774638813695,29.409180837118146
953,0.006545275156248077,52.58429743072003
954,0.004317534065753885,102.71124194737463
955,0.004200134276993274,183.0122770811761
956,0.004373248389159523,107.10861021681764
957,0.0048395739444954825,39.96851361945387
958,0.004260818726896983,29.51322507201946
959,0.0037941054796583997,230.62373829041613
960,0.004213932263343756,25.742943552798394
961,0.003243444404420991,224.50679670166812
962,0.0034505976540318583,88.61170324355248
963,0.0030891289171794878,24.916044684290362
964,0.004005604154447132,132.37046066914684
965,0.003449289501787233,230.18508352236827
966,0.003298392725571801,215.0936875101147
967,0.0031179598193596795,58.57213663098067
968,0.004094429017672063,56.6483866815557
969,0.004230088299289154,123.5295878998225
970,0.005070607220063564,28.832418980669754
971,0.003873514066503573,49.08704841133502
972,0.003527331678798936,27.917758509514503
973,0.004589281081403527,48.42970768084065
974,0.004089592233780189,219.58567010919808
975,0.003823004260127145,114.85550234186253
976,0.003779314109380439,183.8694315032992
977,0.006061453838904934,26.75578730978581
978,0.003551669001843458,68.56752802604987
979,0.004236053975436511,106.79809443038845
980,0.0035184155569494614,215.77247237388238
981,0.003595994232650596,101.29638598718788
982,0.0034163955917731873,55.16976698527488
983,0.004112045131198381,96.28295645473061
984,0.0037720606050374397,230.81365868230094
985,0.0035991623096289374,174.33198982528572
986,0.0034689581980519753,63.135126735055174
987,0.00356914493114717,183.65044812025175
988,0.003951284826061138,46.40395244357859
989,0.003213447100340815,47.55936970924628
990,0.003931914093660428,111.31871343311722
991,0.004952321175920047,58.15427545208586
992,0.004089550167219176,74.45233760239859
993,0.004382745379888757,94.92258417862057
994,0.004200530166817258,173.79160953488307
995,0.004431122931815811,36.19765318927212
996,0.003761816521892144,184.52291278105673
997,0.00413332366919018,38.91352825130232
998,0.006094465042803098,44.50305617282896
999,0.003958375117391498,104.36409340504778
1000,0.005870583437588382,53.056469016024465
1001,0.0038543457492676066,179.3762724650107
1002,0.003841204127828456,225.49616661930256
1003,0.004311991183500832,179.02928342087668
1004,0.0043041939307245074,21.570108469383193
1005,0.003990868900069608,220.89128483789375
1006,0.0038954763567378282,104.18115421578639
1007,0.0033151577407179375,188.512026547636
1008,0.0032273967397110216,27.682539307621543
1009,0.003461564215271171,217.1444281992539
1010,0.0028735668949622854,219.98107251265867
1011,0.004830978449498271,24.83127305163652
1012,0.003993822568400691,76.70121491670635
1013,0.0044947743935755185,60.37794366483577
1014,0.0059076220285742935,91.72470247461004
1015,0.00383545148415481,227.40752913368246
1016,0.00471536479347957,44.363734235192
1017,0.0049499436691720885,49.924502883644585
1018,0.006373781821112369,52.559534105884055
1019,0.004267985712011488,75.73806935478785
1020,0.0036873912380747565,193.2887209132909
1021,0.0037066927963934977,113.81582228988155
1022,0.002871938443356405,39.97471376831119
1023,0.004400043390194049,58.82218181359595
1024,0.006056959959598066,26.785295073885266
1025,0.004190701260416641,39.15275348741337
1026,0.00383309649406169,121.68680212968684
1027,0.0046973896059348255,113.92211019915962
1028,0.0030713952164916638,163.62278952489126
1029,0.003727966879694504,105.02790674691809
1030,0.003905061771468128,95.38097717269486
1031,0.0036473175828754213,171.3597864040585
1032,0.003575080268060917,25.40095098835639
1033,0.005523472266488809,54.96234318600548
1034,0.0033711726283990615,130.72242548578183
1035,0.004323239653761423,60.92174694652745
1036,0.003422941613304591,220.91643497838672
1037,0.0036251527600488142,26.86691691300106
1038,0.0037195546158457276,60.4804021401562
1039,0.003975563715430814,114.39485561511741
1040,0.0034556434376017105,41.844077930347176
1041,0.0036550619314395178,174.85655595759417
1042,0.004012093574432183,52.2713368140801
1043,0.0032583846271574688,230.01327922939467
1044,0.0038547984335258354,183.55290087527757
1045,0.00416312155301951,56.42469674323164
1046,0.003607477773744229,126.28907712116471
1047,0.003616786110135515,35.20010682743058
1048,0.002766511361728221,63.77699191761942
1049,0.004091493836509668,56.79543571193809
1050,0.004671102014650718,43.4039041796422
1051,0.004279201882197343,84.44810975428018
1052,0.00353070385300286,49.41904387920758
1053,0.00408974663582618,221.17953421223106
1054,0.0032757335344721352,181.06732414581623
1055,0.003793335700510607,90.96887548024397
1056,0.0031728151479293986,51.51008176185973
1057,0.006729826071211298,29.584979528104913
1058,0.0038564240103497326,169.285773426066
1059,0.0034469843349271144,179.6296956083999
1060,0.004319065545545171,126.81308873504112
1061,0.004409274260079027,127.12865577200502
1062,0.005367754099760362,47.36293244574082
1063,0.004208298987568291,225.79173127788565
1064,0.00325081493885053,189.22723359529687
1065,0.003496206542121846,52.10808398624028
1066,0.0029264740501596053,181.09290309370718
1067,0.002704678133754483,39.30178418668595
1068,0.004325734230625476,30.658987320990246
1069,0.003356110032309808,226.41761460544723
1070,0.003222889795496657,61.68982139907675
1071,0.0029887932528331242,46.666526292395815
1072,0.003672532519478158,29.930191765615472
1073,0.004977167036047141,28.89786726363721
1074,0.004096710456465611,137.4063943985202
1075,0.0033147852888394426,140.24034978742628
1076,0.0037833797766183962,222.20208887624727
1077,0.004085724353368375,96.09750305666661
1078,0.004994062533778315,54.50864180792331
1079,0.006085403070881449,23.19928078979977
1080,0.004006566877204435,125.08301255633486
1081,0.0033015019947986546,48.09928595088411
1082,0.004576070275588973,114.4475654169516
1083,0.003634624247338665,41.85829708846821
1084,0.0054782204262158575,134.3352109191957
1085,0.006221668317046915,26.85567850095737
1086,0.0062756070531984984,25.93085522303551
1087,0.0041749553896343,98.7810818082675
1088,0.003896101194249209,22.480895460081907
1089,0.005073499560979653,55.09798333632097
1090,0.006214379348630945,75.95113432501161
1091,0.004217771983456845,53.515957365529346
1092,0.007245028801579875,38.1398650582574
1093,0.006352002885867447,56.632782236554746
1094,0.005655850378265683,51.269010717455096
1095,0.004407116741245865,59.52903281505509
1096,0.004925325773141454,74.15107325295203
1097,0.006990954602008207,65.07441812898816
1098,0.004891140846617369,59.16747011352476
1099,0.004997858813191895,113.73996461448701
1100,0.004661899526450374,224.43136380222128
1101,0.004425088660685684,42.104986820932346
1102,0.004794009983259872,111.23802943718611
1103,0.0043782096968701225,109.4420149885666
1104,0.003641171763133845,115.48674186814625
1105,0.0033197912950724,145.99831396597784
1106,0.0038591102237586637,67.12974016302228
1107,0.004579232904172779,57.18405824421197
1108,0.003973485707112388,110.65325665550112
1109,0.0030997355861472897,34.99515920041423
1110,0.002985250413985341,83.08643625091186
1111,0.0033572302984503414,128.33027250204074
1112,0.003686140509010081,45.82939184848433
1113,0.003743723278432372,114.21778760180794
1114,0.0031420561369163167,103.29302277849685
1115,0.0044754104957723155,23.176864622290203
1116,0.0038271688060306655,79.6574349633455
1117,0.004107481905619451,68.36490521492927
1118,0.0038826929185933503,85.85067322190301
1119,0.0035207554790826967,229.23238415726547
1120,0.0028439486163502592,55.51333018450098
1121,0.004377311244291339,176.10221049627262
1122,0.0033521077179179434,192.95963117092563
1123,0.006268733579480764,26.432425175914666
1124,0.004066934141493977,177.6915079567316
1125,0.003955187761666188,224.24087633384593
1126,0.003369358743349529,92.93656222787165
1127,0.0035543911211386374,118.66985306235301
1128,0.004047012954306532,102.38018919324477
1129,0.003623155324682805,38.027986070217445
1130,0.003610162372202214,226.54274581498342
1131,0.0031279688577977127,106.47528338784922
1132,0.003292802269742693,182.51804337354778
1133,0.0033026323025924943,134.74821853985094
1134,0.0037043374717448665,43.267888610769894
1135,0.0044438787640282825,217.7274439975173
1136,0.003662266778716453,129.2260342840417
1137,0.005146635207777293,120.13763708450536
1138,0.004921114541879245,29.6246579221072
1139,0.0043032810724319215,47.47781415279076
1140,0.0050357748502589395,141.7502370175132
1141,0.005013937381553445,138.75249034804907
1142,0.004036957482499084,181.70682374169783
1143,0.0048328337554643256,28.316059763462558
1144,0.0037991905490392754,104.90442222640382
1145,0.004688218692370521,36.84259101914221
1146,0.004898984647577611,74.9740112773693
1147,0.004754675276009208,57.236222691652465
1148,0.004239646154574229,56.088625792269866
1149,0.0044598000413188085,190.59168617697213
1150,0.0036289673587682363,108.77387491814602
1151,0.003487528805586358,70.27831900958412
1152,0.003960016227262111,183.89812784341908
1153,0.003797135149613599,125.89624150387812
1154,0.004132682539451615,52.90737894955962
1155,0.0033949914159934515,184.7680070143625
1156,0.003583966477890499,93.83497910911558
1157,0.003312158623223447,44.93949949083062
1158,0.002735408797763802,26.772773382569476
1159,0.0032453551391138807,186.86563277465964
1160,0.005042875118802344,39.03207593263188
1161,0.0041259869828756,23.637425526120047
1162,0.0032968018521081013,236.41664349541003
1163,0.003375041101747429,57.625111951683614
1164,0.0034100393738323896,71.6054764434359
1165,0.0032934418453931294,28.348866461236796
1166,0.00446503120824323,91.30930232319291
1167,0.0037064718099949477,135.7210758972395
1168,0.003758624779609016,46.97707557251858
1169,0.0043351763852115255,80.16634915390685
1170,0.004281498817083327,87.82580999957813
1171,0.003987082389554613,58.07602279988022
1172,0.004691050118118575,70.37638731614491
1173,0.004339230338872939,57.78605414555172
1174,0.004046370980619605,237.0891638608207
1175,0.0037635532399421415,173.74704658037794
1176,0.0033934192599829388,69.78580466161833
1177,0.0031432614825424718,128.06556572910924
1178,0.0034366224852139847,87.51473376856636
1179,0.003132297050296254,231.50976258183263
1180,0.002641732117084202,57.91998192221351
1181,0.0027420504708952527,118.41468655357113
1182,0.002864824008830855,26.296386165143137
1183,0.003362969826081429,226.1799902725841
1184,0.004145105794845053,138.3502116118647
1185,0.0039361098887777685,61.2531931128158
1186,0.004426394497050635,115.37583467555174
1187,0.003580562534877502,97.38653757645086
1188,0.0052540256814421,29.735432046897948
1189,0.002935959148654265,25.716216839650976
1190,0.004179702341106945,28.659963894473634
1191,0.004930550507510659,21.48658755707016
1192,0.006083577937925628,86.40328384969482
1193,0.004805040840068235,219.66519801898568
1194,0.003413716666996856,183.08828334894153
1195,0.0037049742209671953,116.56056896568441
1196,0.0040699111744245805,119.91147014773034
1197,0.004154185997088749,242.25506746815043
1198,0.0031135954817853354,25.097743074898496
1199,0.0035496979861007376,71.88588992821296
1200,0.0031454227198654612,139.58745868772877
1201,0.0036980581105642675,63.51092596593502
1202,0.0031961731394553636,133.37191627096237
1203,0.003645320993922555,133.5580522796647
1204,0.0034261884954793994,127.70180307132522
1205,0.00325225204937148,135.7228769674086
1206,0.0035113166347065104,237.8789559307082
1207,0.0038419746864346346,58.63580090516751
1208,0.0027288990055114545,31.514745660178257
1209,0.004533219531198877,136.97417110218095
1210,0.00345342732935723,91.17990042968724
1211,0.00332763324734736,67.09402205292453
1212,0.00347015467248415,240.44415423602658
1213,0.004024285438880235,91.46643154572
1214,0.003438370971107548,131.42393901693424
1215,0.004043730873598764,48.14745123082336
1216,0.003619806433842034,75.89113329273684
1217,0.004198860071483068,43.45096333927752
1218,0.004295089402428578,71.29408582944312
1219,0.003283897106704334,25.737674031367476
1220,0.003917580102711941,63.75987060970478
1221,0.004722327252865994,25.49127590081045
1222,0.003833922150796509,192.29464788447305
1223,0.00429550015492862,47.8492275922287
1224,0.004921015242871363,45.418589640681446
1225,0.00487870467642662,54.49031708288276
1226,0.005775399142795981,23.94355097244315
1227,0.0035169891166702116,60.4703448110663
1228,0.0037803599412794798,85.85571294126308
1229,0.0036659436800435883,114.70772235594045
1230,0.003102858273698737,43.441822730095005
1231,0.003907649375667626,38.347753175811874
1232,0.0033747634754098697,28.811113270499305
1233,0.004644321585172446,195.73876006471033
1234,0.0052139995213320404,77.81074834188095
1235,0.003784552444730335,41.562374695044184
1236,0.004408483310770069,227.13601267460496
1237,0.0058352926139848245,28.623419470977016
1238,0.005924468184349354,74.89778191528606
1239,0.006448867990746459,39.73267071238189
1240,0.0058963413987210235,85.0281826394999
1241,0.005720303799791399,116.95579204665147
1242,0.005752624722936772,114.75814849269253
1243,0.004955508091370575,75.04175762066394
1244,0.004806339617061894,34.4196205151499
1245,0.0039273463496372,58.8040420529679
1246,0.005936062265489553,69.20657767281581
1247,0.006671765760984272,26.79125764300537
1248,0.003999003529315814,42.37643713993793
1249,0.00522903616057682,77.26250139426959
1250,0.004757476784978974,135.3785804334971
1251,0.0058286040572492195,199.70212114796303
1252,0.0042245976128761735,235.85043244410636
1253,0.004409489718874773,89.99673528004507
1254,0.004170713976900269,67.50508950430289
1255,0.006135665844009385,45.32974457372807
1256,0.004416349380996756,38.65992653927437
1257,0.004428553469717206,36.9069029351345
1258,0.004732485804385666,26.952566842440778
1259,0.005215221162100117,45.36018369534361
1260,0.004922172067877414,41.071292294477765
1261,0.004867835535438131,102.36370477060265
1262,0.0046381742595514594,187.8755374255698
1263,0.0035352195030170083,90.91699708172102
1264,0.0038751148654009157,231.72045988310472
1265,0.004141971541023601,36.936159085844494
1266,0.00427328028032002,174.71439812341703
1267,0.004655386163142031,62.28652922310643
1268,0.003788525257384617,116.15488292332063
1269,0.0044059992741005355,77.7146674422363
1270,0.004103172037552262,56.01282830015519
1271,0.006146431969351728,46.53831648671497
1272,0.003553668084019922,45.36790855147127
1273,0.003930754822463222,111.44662084119457
1274,0.003914298246633513,55.312334222333924
1275,0.004407129152883392,238.11732528032928
1276,0.003930158541555875,245.94906434766585
1277,0.003182626780081109,111.78323824614857
1278,0.004123880020323036,53.20896798066427
1279,0.003110968499525588,189.09196358151155
1280,0.0029974427609782564,108.18785126556644
1281,0.0026328489384960033,56.06628558622788
1282,0.0025026528729701087,237.78916844614807
1283,0.00329974613090268,41.05153356369602
1284,0.0032243935604995403,112.58341631961385
1285,0.004270526470533626,76.85368466470824
1286,0.0031328475981188767,37.14039957512275
1287,0.004274566593090066,108.32181382156416
1288,0.0038311441398488247,106.77326103767666
1289,0.004406166321388528,174.15333510566478
1290,0.003434289692387242,28.323583683382562
1291,0.004280242179437941,245.9641516537478
1292,0.003916720680057758,139.09194720770546
1293,0.0029504455074361017,41.35445851994803
1294,0.004076318476967264,175.27871950978525
1295,0.004164029154645536,26.227120820854992
1296,0.004583308935713869,183.97442099768529
1297,0.004197183192860735,121.92519140892674
1298,0.0031330726833694693,235.14757273482422
1299,0.003519816492487295,112.49630702843393
1300,0.0030168869148444184,149.3760898609433
1301,0.00434525953526397,40.82882740016442
1302,0.005367869226229859,23.370334032159242
1303,0.0034209593934590265,135.39528972251
1304,0.005125873576123583,48.054464472713924
1305,0.0043704969221663136,69.39076303986431
1306,0.003706479966961618,27.93543674859442
1307,0.005490124251760574,55.86340488678103
1308,0.003343855641768472,54.33659306802894
1309,0.0043627675201003534,183.72389480741222
1310,0.004506947342510889,66.58766892109179
1311,0.004587674150984226,40.68101455493542
1312,0.0036158333543795758,235.76554564186318
1313,0.002468351491502133,22.766487147709192
1314,0.004005930368293775,38.68061642754692
1315,0.005350029750341742,31.109444741895043
1316,0.0051520957003331515,27.86086543573002
1317,0.004573364189076221,194.74388833052464
1318,0.0044195342621109876,35.52047647072845
1319,0.003869259032150942,34.62429679578807
1320,0.004275307716362966,83.88886943544705
1321,0.004659367664701512,108.9509299220608
1322,0.003852900952075752,118.43101593120454
1323,0.004208628501353985,119.78772722507259
1324,0.004128870430935755,194.2157030343311
1325,0.003837698253699125,61.057887445716425
1326,0.005639354254777447,23.537767124754954
1327,0.004520113813878897,90.0396399495051
1328,0.004572564489287536,39.46551781181937
1329,0.005600094442902796,77.31748352290367
1330,0.004681357781925463,108.07349248612597
1331,0.004000932794500255,121.81226995689117
1332,0.002847972280819547,28.82691935979301
1333,0.005664769148908719,72.27113822467324
1334,0.0037199032798075817,144.39395566894194
1335,0.004262887784324658,77.9135951687089
1336,0.0038633365638135126,226.0806209218889
1337,0.0038856282160456947,64.96633010187249
1338,0.0037106772642101324,82.08589312830837
1339,0.004554787190334702,38.121044872134895
1340,0.0047258874572058815,23.488970621991577
1341,0.006245366454526971,58.651327845854624
1342,0.003997434204713602,187.86558213064703
1343,0.0034484806308060284,116.27166149968401
1344,0.003337693792648917,252.32544286697893
1345,0.00341831379046198,72.8842246505654
1346,0.003606131803210771,89.91545671702708
1347,0.005553171352850337,48.23187061716447
1348,0.00520719610182729,27.412604405747192
1349,0.004146125361820361,83.32889710658742
1350,0.004770065944437907,111.1376625402064
1351,0.004512369639021777,143.12456354311746
1352,0.0035006851309606615,238.31172940851806
1353,0.0030271837563753214,179.92593522198655
1354,0.0028437217630641032,68.4163745798894
1355,0.003562886680478007,184.97704227607431
1356,0.0037955159638569085,142.7165976451356
1357,0.0038126810087983328,114.31783425547262
1358,0.0037894584160645716,170.9251659674687
1359,0.0027708095995793965,43.45386525854561
1360,0.0034755842596911296,111.23765391040212
1361,0.003907606993895429,244.35843085266018
1362,0.0038570620300575724,234.73245212798992
1363,0.003170426509527983,232.0726214239121
1364,0.003545777291451073,34.6265558933539
1365,0.0035146514551150842,181.30045261412997
1366,0.0030099588920981576,145.9080440294417
1367,0.0031335280387744155,56.61475555644386
1368,0.003925541726848046,246.76255974831616
1369,0.004280603226784448,104.64652293197827
1370,0.0047367563940873695,27.10683789961761
1371,0.003145778888398942,28.122633382192642
1372,0.00450674390174986,104.99479496580224
1373,0.0035018067687879397,176.95630623434434
1374,0.004156492951523498,130.16757381527182
1375,0.0035403257072534294,189.1809877799606
1376,0.0030505167418070833,236.1444086250154
1377,0.003082287015197028,190.89375916307827
1378,0.0035143192181352222,196.6295602621619
1379,0.002567583271543142,26.50612149452041
1380,0.0036098767636850125,103.7831359202256
1381,0.0031801002348566913,121.22220778907858
1382,0.003750289219096397,122.16566769660857
1383,0.003635042884555839,102.45327782344935
1384,0.003602925874641277,187.19064138771284
1385,0.0038402268275438637,37.34973088812127
1386,0.0038538083274183873,134.33261076249227
1387,0.00350048728265431,233.87761099830539
1388,0.0028241587290092586,84.82961107439255
1389,0.00295627576750861,54.68576981400648
1390,0.0035281157268565785,37.053037507983746
1391,0.0039216006448394595,140.55059787407635
1392,0.0038487025153746387,145.18973249944713
1393,0.004258489572979234,192.0834582700418
1394,0.00346296833123307,70.07475751800943
1395,0.0037873594568301203,187.79522646921205
1396,0.003280034344637129,226.99451054245552
1397,0.004171822231611387,109.52227012969064
1398,0.004485051555754829,41.35866150433183
1399,0.004896526702046126,84.07304279028538
1400,0.0038206067942749,253.12437385438352
1401,0.0050636026121951136,37.000192922387896
1402,0.0037947206192305637,227.96835270540737
1403,0.0036136664741356936,142.7368555332558
1404,0.003938102973977589,197.21532604573636
1405,0.003105880438604138,45.80817328926671
1406,0.0038023792999192082,232.3362686088366
1407,0.003515884986128297,231.75900410533836
1408,0.0031237000769047977,114.26258409229824
1409,0.004408027681235511,82.47629708572778
1410,0.0037115795473551955,241.46984840378752
1411,0.0037102437132629207,92.44649812366764
1412,0.003889273928802435,63.53653837963711
1413,0.003976922598472115,112.58334682107207
1414,0.003329918915228445,238.43935984787927
1415,0.003018606368829657,23.393792650185688
1416,0.003414436584185191,77.88356584170911
1417,0.003270564376253861,69.93396090514345
1418,0.00349007825495611,24.606123887649446
1419,0.004258431481484314,149.20129948426708
1420,0.004991969513176973,26.54074180641794
1421,0.004437627024096649,43.469240584660454
1422,0.0035656536053396007,88.79576851058223
1423,0.003633653152359624,62.70602420099847
1424,0.004136837026985281,89.50627019211957
1425,0.005565682335183043,133.70150862102923
1426,0.004433795772392457,191.46399764895315
1427,0.004423754821037686,108.12044220117117
1428,0.005646059770289616,30.76021033733501
1429,0.005213263359298159,25.93906423757954
1430,0.004569617800069363,253.619445421753
1431,0.003934330953252983,25.359008002490334
1432,0.0036608375379020325,116.58197353729938
1433,0.005306759594281301,27.45425451822972
1434,0.0041906555402833464,40.881964796094636
1435,0.0042299346290823915,179.96295450454159
1436,0.0037440733488147463,126.8028866170066
1437,0.0037946169290527885,230.49633495662084
1438,0.004259583267474042,58.70004012675422
1439,0.0034253478318579116,47.16618787731122
1440,0.004427325639534099,148.22630043198583
1441,0.004185786348752637,231.5491385224286
1442,0.004636509758991172,83.77474490205405
1443,0.0037492683555823392,83.31398642493568
1444,0.003580552640226509,24.02403024975812
1445,0.004220998744281086,136.38862888546305
1446,0.00414451849462342,140.76559924756486
1447,0.004753465114018499,38.73288129464847
1448,0.00377600450215018,59.795189438389066
1449,0.004612891645746906,54.99157242927264
1450,0.004195139497124518,79.4975787902515
1451,0.0031286900460578125,247.73267859193638
1452,0.00291153065799418,36.602266145573694
1453,0.00426047936084846,46.734458105678335
1454,0.003283608394157002,240.7749580270312
1455,0.0030611306642064117,200.77982916956003
1456,0.0033808979381310285,142.20123048546682
1457,0.002907077762323288,115.59944530369131
1458,0.0031817484876155017,114.44171777797824
1459,0.0033128491279242906,58.28813909201519
1460,0.0033077908547370343,25.97306307927678
1461,0.00498261949818196,26.924120181458946
1462,0.004227327450562242,195.08872444802157
1463,0.003542816800169303,250.26132365455874
1464,0.0032814330812394013,185.89991070307875
1465,0.0030985364593990954,193.32118953819548
1466,0.00297254572320577,183.69218755577415
1467,0.003175252930444773,89.92867582938234
1468,0.0031042944551286796,36.26137160793207
1469,0.0033768215497229173,249.23724930511742
1470,0.0036333232948725872,37.57913031887087
1471,0.005168876423480329,91.64814706867777
1472,0.0036567011990536885,197.66486828911698
1473,0.003514106994489995,147.83935450050103
1474,0.003232328667135084,103.40657785292757
1475,0.0030180293780579905,126.53446693701954
1476,0.0032612766936537026,127.49438236916892
1477,0.002773842686016498,25.417015687022637
1478,0.0036050978072533577,26.897680308240595
1479,0.004340154380975357,198.84003955100587
1480,0.0048001959181294355,28.557300750445584
1481,0.0035443527323712424,35.91363839139289
1482,0.0037749247761417735,253.0918793923864
1483,0.004211033260899371,29.313961400946464
1484,0.0033098411118864255,54.17989336076254
1485,0.005549973244216807,26.508715153125227
1486,0.004869710006460082,36.86804343013415
1487,0.004724035083789793,73.11057421207336
1488,0.0037610494406560167,235.9626381216623
1489,0.0033991324127184528,118.63678027841154
1490,0.002990935186521851,144.90211048233286
1491,0.003303557989221934,47.79856903830687
1492,0.0032942920071440175,250.62138989660363
1493,0.00407443522271933,35.595707520609935
1494,0.004036715402085415,80.66812070639389
1495,0.0031866854574631857,41.63511376386005
1496,0.002620109436724431,29.946784594933526
1497,0.004229673022810194,55.599722800101745
1498,0.004434636940389352,86.72306556893749
1499,0.005901128655813378,24.547269994853533
1500,0.003852403653376903,193.81059046720657
1501,0.0038840584456920624,38.88357042785646
1502,0.004370973606746327,133.06341867858723
1503,0.004276347027435279,189.75036782320421
1504,0.0037649272832220985,195.3377971948157
1505,0.004306245202412704,103.90939052300597
1506,0.003866965477576854,136.2845277301891
1507,0.0032962230985643915,76.46632166610785
1508,0.0034245608248838068,191.82695906376784
1509,0.004848534695940606,29.556953314599617
1510,0.00287037795814368,46.231607803840205
1511,0.003578820549181997,202.5688451317423
1512,0.0031116110232862876,248.2948115790897
1513,0.004176027106530875,96.22166850731583
1514,0.0028910976351531627,145.79736775790113
1515,0.0026385756229564293,23.40501166868468
1516,0.0034040116418942432,245.62731870519545
1517,0.0034215118752259654,80.47284358905259
1518,0.003025219989424859,114.2167498265278
1519,0.0035830997666905628,198.90475990733543
1520,0.003564205896927396,67.57531956810821
1521,0.00323009837586414,252.07795905907784
1522,0.002518985464121215,24.352346043005113
1523,0.0030147061770549044,35.45544377537289
1524,0.004724637390939857,45.54742155789711
1525,0.004515673756410349,123.25977217200922
1526,0.0036001721070444007,190.3279384886111
1527,0.003712251926932869,24.42138764403895
1528,0.00332790740405373,68.93473579353808
1529,0.0023164898307656803,28.22672273555763
1530,0.003206357994022839,245.99491557795784
1531,0.0035439077641263206,203.40301772661363
1532,0.0034854387347597647,93.22648719959315
1533,0.0028183821704419877,151.92846259393045
1534,0.0051472493981458,68.94358502717
1535,0.004438451022484589,144.72104385671804
1536,0.004094891495715836,141.8232332307921
1537,0.0032478723917369486,135.04340901837125
1538,0.0026813637759423234,69.96562319672442
1539,0.003668246810569322,149.569321440932
1540,0.003422326776637935,258.6588610708021
1541,0.0034156756978732028,117.03560425886461
1542,0.0036157407301607705,144.95321735253654
1543,0.0028528598038615777,202.1006704631558
1544,0.0031585719327929178,41.27674855518505
1545,0.00405142468426257,65.32412374346914
1546,0.0038990797033172206,132.49352664079734
1547,0.0047856381233114835,38.91628246866901
1548,0.004049965764499722,61.27025553890024
1549,0.005486399674956719,28.353492932416973
1550,0.003523541519574917,26.803713832734093
1551,0.0038310212325096196,250.8407914713986
1552,0.004520791363982676,26.841401421496656
1553,0.0043119759026964835,118.3428932850414
1554,0.005848870623264123,40.55416920646158
1555,0.004556599786155857,48.02903041367163
1556,0.005692897511496193,47.02716105168972
1557,0.004295648478687262,202.29699758656622
1558,0.0038311139201165803,242.64350905403944
1559,0.004586845606144589,81.27979612734588
1560,0.004325852451693583,153.00265265288613
1561,0.004393677089102379,122.46776547095908
1562,0.005404777307915738,46.16663150778717
1563,0.004689942684887104,44.242604825112416
1564,0.004199617172431112,197.0341331918221
1565,0.0036571609235646818,105.14064408631097
1566,0.003553862333628973,135.53842242771978
1567,0.0035378708878050606,48.16631844002808
1568,0.00295558975322835,49.71218342387659
1569,0.0037120002555009425,82.94932551692511
1570,0.005161142182407422,63.59651130848703
1571,0.003791822567456114,141.97565599649252
1572,0.004015759285142518,34.633146943805805
1573,0.004583951299187343,78.93054634271527
1574,0.004246458275563289,58.736463628225
1575,0.002864526613848284,23.703689071174423
1576,0.004382635329561781,254.104455917649
1577,0.0044644196123744435,83.22538994336571
1578,0.004091865289857674,48.95037685799323
1579,0.004120374076788918,67.18051429456536
1580,0.0036674347790450184,147.6790369762727
1581,0.0046675276153601356,68.2052241628919
1582,0.0044443270296245915,115.77423980820308
1583,0.0036213187128321,255.07952442034727
1584,0.004145935006487311,37.97591161469719
1585,0.0036214293575959834,86.93053884497662
1586,0.0044656309935440916,25.626398799720548
1587,0.003971698176437994,147.82408328724014
1588,0.004008176079970958,47.94152036965373
1589,0.0042395380386969425,56.44808118699375
1590,0.0038740237094353905,149.6799239723056
1591,0.0033615563542780547,115.20642409005953
1592,0.003769859653065274,146.25670852923162
1593,0.0025172808979069656,54.48761472683794
1594,0.0032902694824065615,196.87204924967992
1595,0.0028221563557389463,118.61817362818655
1596,0.003707012904421638,41.71185803171384
1597,0.0032404489148818907,198.97471825265202
1598,0.0022347950247962756,65.58307951684809
1599,0.002981663610791491,37.84758384259597
1600,0.004016717517515644,26.624312262355975
1601,0.0028967511435356837,42.406413022139006
1602,0.003506988090270295,25.68345732089377
1603,0.004562858483066674,198.83923216367836
1604,0.0027996517501064928,28.804199302042694
1605,0.003937952707734527,264.3759577112127
1606,0.0032572111682179316,196.14966419664185
1607,0.0036127270333532057,48.316792714654476
1608,0.0041027838889279725,240.06521754218068
1609,0.003306976741749193,193.5140946023827
1610,0.002972880442729757,95.56768250335296
1611,0.002947226949075584,53.61130995050508
1612,0.003633092119258472,118.75833196916322
1613,0.002959957912575216,124.64964617174408
1614,0.004040219067347011,26.10489877599594
1615,0.006605295275723369,24.652745534496926
1616,0.0048199882393501784,43.9562437129961
1617,0.003326975760335865,39.15207288970229
1618,0.005684435775037855,66.32014204410304
1619,0.004155340971640096,96.84124363389184
1620,0.004153696238491274,264.4939901581335
1621,0.004434078461654647,119.99656665796245
1622,0.005016199603481006,42.918223079557926
1623,0.004729751448954071,84.62145412086873
1624,0.0037105545306610685,145.38990358058274
1625,0.0036576803580954157,27.43511640625603
1626,0.004622550633061549,26.19851069755865
1627,0.004319997549434456,147.96583908822637
1628,0.004533944916625318,51.889267712563424
1629,0.0050136655108172605,94.34049614521801
1630,0.004868172023494621,78.91167924387695
1631,0.0048865695046585575,77.25010035347559
1632,0.004936605953182813,34.96619583817925
1633,0.004221955857176978,84.9031310824531
1634,0.004310551476825414,26.428929409938238
1635,0.003698151747310727,25.85381909218625
1636,0.00361981937774168,26.851384070029635
1637,0.004873445946101968,83.86698717786476
1638,0.004833451108424924,41.95573460648513
1639,0.005790603699446924,85.49942714438
1640,0.005531305744945122,70.94059197566654
1641,0.005487667967701845,23.791714931120286
1642,0.005298496116525852,83.00759768786216
1643,0.005199014858675546,119.5864326809943
1644,0.004551305926910018,50.7159531417143
1645,0.004347788607101137,187.99622798591
1646,0.004579520742061924,83.43671962241879
1647,0.003610226032006639,42.78816149704686
1648,0.004639494758025235,41.64494631417473
1649,0.005626654264977498,42.27950179313051
1650,0.00444702432519689,139.32527096045516
1651,0.004201211216287308,50.29298527915857
1652,0.0049784524089773186,41.486535042998455
1653,0.004684989597818286,64.76433550209242
1654,0.0037282933575550057,156.66205646472167
1655,0.004157004014185736,122.69253077164348
1656,0.003577797139629323,90.50576232596674
1657,0.002377208092466703,31.009333805760168
1658,0.0036741642605346908,200.48671927943371
1659,0.003553569911272754,50.3592159629655
1660,0.0035119133760665795,44.45232358404517
1661,0.003612721945115728,54.71578679716372
1662,0.0033498170610682886,148.1362198974611
1663,0.0031241926077531057,276.409648271385
1664,0.003113325422728127,147.4466948445546
1665,0.003189098897642508,266.0269288571451
1666,0.0031909640198011465,25.482353688420083
1667,0.003339475525395426,111.54028964094304
1668,0.002705228859429524,247.82653045500788
1669,0.002985585124776462,47.920820037386655
1670,0.003538643894677768,68.47988982764072
1671,0.00289351619546061,119.77256733612452
1672,0.002838777762597499,182.5717599095106
1673,0.002951668995685118,49.56675222602149
1674,0.002728001229115762,56.73743736761479
1675,0.0030482703659049783,151.69491119763472
1676,0.002936298141803674,114.19874476258296
1677,0.0033425635581242823,267.62071962725963
1678,0.0032125338850444397,90.96909273970448
1679,0.0033034816825791907,199.28921751477296
1680,0.003490327934880536,51.30073082551032
1681,0.0031202865847685863,251.76647133528536
1682,0.0031125927157426604,115.55854723834003
1683,0.003532162377018569,120.9465306281024
1684,0.0032738457857390286,28.289391316938538
1685,0.002405534204148877,47.332727524776985
1686,0.0037840188676254603,50.290253663398616
1687,0.004753993811735543,68.69806554664687
1688,0.005383458993905647,43.66959208974754
1689,0.004176837023485757,191.66149530735834
1690,0.0034363218906110172,248.56737207354897
1691,0.004016656378571619,123.96577765423747
1692,0.0045080607142645515,62.95204223415263
1693,0.0037965054798405617,202.20435850717675
1694,0.004055242749578051,91.43220060979829
1695,0.004202412084711026,82.91151882802738
1696,0.0038624046914124987,92.2243199425935
1697,0.002342019093868492,46.0139196490548
1698,0.004366812271738044,42.70248889774812
1699,0.0038780232792300605,259.7945280847462
1700,0.0038243564616771723,244.5857504533412
1701,0.00410017288694772,38.03689899050293
1702,0.003627343294471663,28.459305482456525
1703,0.0047441052070175595,48.60249985970052
1704,0.003979733201469151,91.4171468467025
1705,0.0031602644991188446,138.95216196095726
1706,0.0030965124989936004,200.6445989192369
1707,0.00263965341621991,64.00462430767669
1708,0.003346692263911446,27.218864266034213
1709,0.003098264386583889,267.487914459581
1710,0.003267715142132586,24.145222219821935
1711,0.006507858338326597,39.693086508719134
1712,0.0039571103890489595,53.3769897807083
1713,0.0038322407457336647,146.4005200065683
1714,0.003255679000920447,43.20381885399439
1715,0.0045186604779287745,43.511134255680105
1716,0.00353880370909505,258.62065495582533
1717,0.0031297071044060305,28.44011035189353
1718,0.003420755245976827,40.88479324506845
1719,0.0035937100070966644,262.21836956651964
1720,0.0035715541462101926,144.81293753356587
1721,0.005548699845596936,46.38707588828349
1722,0.0038285401759807387,264.86745969983315
1723,0.003790646927538202,70.05224559516978
1724,0.004435398644507247,55.403022819381086
1725,0.0041666711150700675,28.078589237645637
1726,0.0032679992417426135,212.59068926815712
1727,0.0034681635085671465,122.00808305314051
1728,0.002830268548244989,265.6538127592932
1729,0.0030758784693820504,114.70838548504831
1730,0.002697094570182814,123.7560348551362
1731,0.004145690685117792,113.92354068233684
1732,0.004535874442710239,61.97615629412012
1733,0.0033308929890732875,41.3479635868849
1734,0.003968485012517273,143.17817746665287
1735,0.003625085058612623,72.646591143724
1736,0.0035988678353101725,150.48347470583985
1737,0.004368101496004021,61.97631218182946
1738,0.003382466202515709,205.9499073084318
1739,0.003374927271719431,86.64384263156647
1740,0.0030226549361664352,241.2812248704118
1741,0.0033637198789234638,58.671816367559416
1742,0.002872876698504491,26.607490382598257
1743,0.003548029838243893,147.72685141870426
1744,0.003609212280984188,62.063976132445035
1745,0.004562680324507427,24.503097336592965
1746,0.0033541706030849705,265.45857855468637
1747,0.0034653471428265966,36.04790080824522
1748,0.002630365806081417,40.53785355017644
1749,0.003424940568456313,61.85853996132551
1750,0.003099747691924634,131.30216606080756
1751,0.0030280385034158414,208.0935048038976
1752,0.0042537434216020475,57.703140314061265
1753,0.0030919773395815713,253.56927238628145
1754,0.0041067439798287576,110.92806955482459
1755,0.003581209482188374,111.17070413218224
1756,0.005431713222192643,44.22052341964378
1757,0.0042462365262591365,47.457706589332375
1758,0.004747358966180739,50.065720544371466
1759,0.004837873394569609,274.32095650430244
1760,0.004307565167329227,54.31675844598168
1761,0.004275180690062887,63.29970224457524
1762,0.003785620964541503,150.82849600571515
1763,0.0031473273337234366,87.93021684254347
1764,0.005237197669438023,59.73989143761559
1765,0.004592338249494787,40.63097985904958
1766,0.003964471220223056,136.9519644698326
1767,0.004531889571146828,42.82727616725167
1768,0.0038812081840341748,149.47445513471501
1769,0.0033623109793844246,249.32963972612217
1770,0.0027498297268452212,204.95327124363078
1771,0.004114646162535693,72.32069662551655
1772,0.003224444481459815,108.20736843971343
1773,0.0028447034380051418,57.33685028854223
1774,0.0037313178492417967,52.017079302000305
1775,0.004285669831762984,110.77621301024213
1776,0.004249617273506539,39.818634299575656
1777,0.004504513697280676,43.223981508836914
1778,0.005598894520140863,27.500996394389833
1779,0.00422789992474454,148.51082767321748
1780,0.004212259216169164,90.70045236566293
1781,0.004480928592790143,112.01569601613294
1782,0.004286106893860179,198.92825457306122
1783,0.0035877362319409905,143.54762253167286
1784,0.0037238741672902913,27.133899828617903
1785,0.003964141648254023,265.5560041644844
1786,0.0038448831709012245,88.57605495707956
1787,0.004792552536607466,41.369756426968806
1788,0.004181027497627208,92.02964097330094
1789,0.003524889229252555,152.18319540197
1790,0.003130290009362974,197.55484582128273
1791,0.003022827996856308,25.04759419940417
1792,0.0036130337533213093,208.53136439210792
1793,0.004594328760160008,62.78245272787697
1794,0.004114854420304009,62.953609634346364
1795,0.0040123451505099765,39.826491296224724
1796,0.004612350082449691,72.64885565699915
1797,0.003661232183870967,87.14129463458018
1798,0.0034410330151261473,93.63535649846938
1799,0.003993903213995509,116.85703274400699
1800,0.004962608862803569,62.993035984804
1801,0.006393572739084604,27.75609416056092
1802,0.004839688301497238,94.80919661668915
1803,0.005164556880944557,40.73127101864853
1804,0.0041349336605400406,94.6246221573932
1805,0.003946366691770453,270.78910401672323
1806,0.003477237848426467,266.6671117558931
1807,0.0031425551861361846,201.83259314340273
1808,0.0034290151093431384,49.81273990343281
1809,0.003143906427337539,252.5446754926238
1810,0.002877301443713242,151.46150622134851
1811,0.0027053033300229712,259.58290086173565
1812,0.0030712862248062126,121.2113878560418
1813,0.00260684194202848,27.69250054328931
1814,0.0032646849540275157,253.77971578061496
1815,0.002441269650608121,202.36694073467052
1816,0.003875265150844794,27.02641595843508
1817,0.0028507013630587608,25.793236570654553
1818,0.0032436370766227678,266.2099536623654
1819,0.003845656783058485,202.3433279364581
1820,0.00437484790005729,57.84381376085095
1821,0.0029763413530014713,150.90066533541022
1822,0.0031278302909394716,152.3785525610479
1823,0.004695732248364948,66.61011639960991
1824,0.0043156211416387055,90.78801387466898
1825,0.0029023230698028884,69.51298435410769
1826,0.003786023071866525,41.44650372035033
1827,0.003296980777135181,206.14760982988926
1828,0.003084557893653882,28.319812592992324
1829,0.0030272243331360108,45.571864994614984
1830,0.003465834476820662,201.4412903730588
1831,0.0028871107298817315,38.57303916907327
1832,0.003039872630170963,208.02530801098553
1833,0.0030832632776739933,55.789367535847255
1834,0.003455357119069241,190.37400493500292
1835,0.0035689803174948445,123.71861476860619
1836,0.002923996862050813,65.00609440099463
1837,0.005149323665898772,63.24061111068097
1838,0.004133733103872608,57.86613319823985
1839,0.004061515073428038,70.00682626777808
1840,0.004206160071507012,45.0675614445589
1841,0.004818092458943942,119.17466051892151
1842,0.0036697142269761186,141.8194077682473
1843,0.003918903950889985,200.72276932553928
1844,0.0033617568197559402,92.42209156963801
1845,0.003881735868406036,215.04902475809382
1846,0.0032599358478578233,111.70336882552594
1847,0.002251942399668443,25.622692964424004
1848,0.0026227609115925714,26.474606313018036
1849,0.004084200624702978,150.43762849933532
1850,0.004041703319034213,151.11326035469412
1851,0.004376399321915677,52.038383747048535
1852,0.0028386335510043174,70.49338362708282
1853,0.0042313655643296,63.16359204962279
1854,0.004811223992874147,42.08651381794099
1855,0.00391944909132849,141.91381416956602
1856,0.007040833686584268,43.26318143898006
1857,0.0038597651956396558,39.97470712907038
1858,0.004673311942427132,86.13250242910718
1859,0.0041812860426244484,97.76674647783845
1860,0.0045122892796704015,142.27594943789015
1861,0.006177310775363644,55.27461570015484
1862,0.0041730745306754,254.22848486168255
1863,0.003994767091633568,248.6077558601016
1864,0.003115412323716776,68.23635554939689
1865,0.0035393485106231474,45.15830191176191
1866,0.0037392036795963423,50.367152161748585
1867,0.004317508960627595,146.1297899016087
1868,0.005477234072870864,27.469972001449893
1869,0.004070768334153959,97.51161838129302
1870,0.004194272968762995,117.44986687682727
1871,0.004551365695865448,69.79390925996215
1872,0.004276986377442734,60.8121383960816
1873,0.0038058397976655357,212.54704840674037
1874,0.004148757846800995,89.00839243203798
1875,0.003494376985754664,149.95810031995975
1876,0.00523296780797741,65.89830736056409
1877,0.003432943786553461,206.37960389554618
1878,0.003872584581276709,144.66721563760072
1879,0.0027539512160091335,142.47638961792987
1880,0.0030119210868619606,149.6231818199969
1881,0.003025465134016376,121.75249841321798
1882,0.0033472788240145484,140.8689492023698
1883,0.003001369545728038,246.5724415175107
1884,0.004477832235753047,54.74657204636585
1885,0.00362104055628939,149.1724210368698
1886,0.0037785725553415327,115.83935770567827
1887,0.002251750919044596,27.944257192779656
1888,0.0028702279995396285,25.44644078837707
1889,0.0043184372850486345,210.5799214488495
1890,0.003500401874584579,251.42411420734564
1891,0.003920812249445179,214.97227876072984
1892,0.003378877180173556,258.12324587418993
1893,0.003592502915125806,87.91544268489245
1894,0.005116023263765563,27.028722212597653
1895,0.003666056425080987,68.9427368564456
1896,0.0037803490948567354,50.50529571616107
1897,0.002865769524657115,147.01040898714487
1898,0.003632209846363303,279.1769689830364
1899,0.003401616400063584,27.31715506079455
1900,0.0031388779025292024,279.4566565533657
1901,0.003890969234238252,42.301605129743386
1902,0.00392278147179676,215.40373865893457
1903,0.0029804517194912785,199.73723955410944
1904,0.0018053027852147352,40.98940459234446
1905,0.0031845563200428215,125.08396304910562
1906,0.0031734694607390124,54.07737907697158
1907,0.003271098610332021,211.1734630068861
1908,0.002479566844252484,25.156601791594017
1909,0.002873738459176408,146.89660613263806
1910,0.0035811040284602926,66.7041771233927
1911,0.004385527700848751,58.908260090145234
1912,0.00431634571529056,125.03995906982593
1913,0.004682911000673886,69.10549492507603
1914,0.00317298827576451,26.91742415362348
1915,0.004368762912204617,28.227120404182738
1916,0.00486194964552192,114.54510713518363
1917,0.004038627247518279,114.62323379755377
1918,0.0047524035177611695,208.61547359071412
1919,0.0036712659335039048,274.48898272532955
1920,0.0027942856200892353,85.71735407013706
1921,0.004069005847450684,200.5769479432741
1922,0.005452013636762598,29.464814748134813
1923,0.002996998025243075,269.94922530879484
1924,0.003587335987426972,48.661654082186665
1925,0.003416024200969086,56.591930575741735
1926,0.003048764035404681,45.86539043476193
1927,0.004836345044600035,55.40339659831082
1928,0.004354907973873001,112.89543667904968
1929,0.004598242617091806,26.548400254209994
1930,0.006840864517884752,42.36869557929994
1931,0.004986880514479708,84.03081798077106
1932,0.004604816135302901,143.7829896749407
1933,0.0035755269012378433,280.5555081966053
1934,0.004205019090229392,38.67361063342092
1935,0.0030764914223809837,58.64067255777899
1936,0.0047180798196327835,89.89253863943026
1937,0.0032248842065930893,220.24156591791484
1938,0.00375007550145401,150.69727391199174
1939,0.003350952650991432,59.73704730398928
1940,0.005093635887582472,66.45755504997572
1941,0.003534927840275071,126.78423228359287
1942,0.003681675208484029,124.80367972636638
1943,0.0047777314863071355,29.916340683158854
1944,0.004486513682704097,157.70618473454982
1945,0.004591570088303195,64.55814294956357
1946,0.00388893699845678,47.21848374486394
1947,0.003241567997279071,128.84356916425202
1948,0.004994634050140471,86.66850819031067
1949,0.004546407604415826,118.08897258659606
1950,0.005066861853139989,24.30678490094652
1951,0.004539384192188228,221.15420007132906
1952,0.003640708394478154,212.85983742989555
1953,0.0034904063692150745,90.91320251795442
1954,0.0031259185671916457,72.47253301966319
1955,0.0034242317099737523,119.24591678325851
1956,0.003760058338789699,94.03591498545916
1957,0.002093437312975187,44.83212286263503
1958,0.0036968416401177203,47.16482922768071
1959,0.0039358419233980445,51.55839945239613
1960,0.0038805660052582333,275.1498097866859
1961,0.003423712272362192,63.02171157147299
1962,0.004363589032827376,118.80982348939459
1963,0.0031537596183499835,25.059715978084814
1964,0.0044155799480685,30.35209661915142
1965,0.003700252341910858,43.76855605498175
1966,0.0036090864791888102,24.890751581497128
1967,0.004067888850510248,45.98784891333089
1968,0.004917379896526231,202.87913219376054
1969,0.004019459771679051,54.41604671949209
1970,0.0036596445702220867,64.43579417717737
1971,0.0037505586867193647,200.41981425164562
1972,0.0027944643830729496,63.83160271819177
1973,0.00446100551464913,208.9632709133607
1974,0.0038120334370019423,42.625141689188915
1975,0.004423820863781815,124.3100122733582
1976,0.004663799181274707,53.85074156306237
1977,0.003219529161202338,269.16153487697864
1978,0.003094115437661798,264.14351156662275
1979,0.0025573823955271327,29.684721246640194
1980,0.004736105221057257,93.48942345325185
1981,0.0025608665227165065,38.773356438807646
1982,0.004075470221989197,159.13277498934931
1983,0.0035314496608161543,63.13446623543884
1984,0.005046218756753071,69.82251285305577
1985,0.0029612143977007016,281.2317280388107
1986,0.004284620358287041,53.11276909519604
1987,0.002808896065508979,30.123678827126493
1988,0.0037322573213822256,57.00733861201286
1989,0.0033578855044665112,206.6001414509657
1990,0.0033279542610241174,67.04754538151293
1991,0.002684527928318732,26.83279351317541
1992,0.002956323432148021,152.6563845804814
1993,0.003926413119519235,37.663814812540465
1994,0.003921346064070696,153.8124107774798
1995,0.0062687085411543475,29.374555384949918
1996,0.004242727223642113,152.33028132322178
1997,0.004777682068048638,44.96013929069098
1998,0.004744709822638282,27.403529098172104
1999,0.004635639509090229,218.1890893109466
2000,0.0035850183014511407,263.8446580415257
2001,0.0037215993963623977,285.7694993734222
2002,0.00282213541599788,273.1715909247392
2003,0.0033834758279911127,145.32875700208936
2004,0.0027594414314080495,40.731329478351775
2005,0.0022898321677248218,29.152252682113286
2006,0.0032535193481285554,91.69626448276311
2007,0.003900273006764567,271.41790142251665
2008,0.0036704449562190134,55.45834456921355
2009,0.0038649900826246684,51.21405536468218
2010,0.0037864599582893995,150.7667518246479
2011,0.004217477592292352,52.88954589396576
2012,0.0036098306230777223,121.38784147282867
2013,0.003777266583465216,61.84543325440367
2014,0.004271422475324368,156.37766597046894
2015,0.003509415751481852,41.6870540504821
2016,0.003340507046052896,212.83827554078087
2017,0.003566344175431788,94.9358749202055
2018,0.004833835126388491,61.610607842947026
2019,0.004020819472810785,123.36332090792521
2020,0.004224610358618258,154.65970628069064
2021,0.003943152295798458,48.76370553223464
2022,0.00319842127894085,159.41484847638225
2023,0.004470877215656376,63.72066876482145
2024,0.003064181082829071,43.159735666258825
2025,0.005068405784326247,98.74735471299424
2026,0.0031768369225084405,91.05700312983043
2027,0.0034382499807916983,63.503326311424416
2028,0.0038865182178062577,155.44007868762426
2029,0.003287389074929789,47.21621373452673
2030,0.0052066040817439424,29.848721135562016
2031,0.0038252847514051043,29.414221474938977
2032,0.006166329043900567,89.4954117115547
2033,0.004683270406262361,113.6134051078572
2034,0.003211710473781988,263.76710682291656
2035,0.003550392113118925,88.54357769699072
2036,0.0024609050280936383,26.998704455784384
2037,0.005933495206012263,43.15816798824526
2038,0.0034101682170348917,120.75778331324516
2039,0.004654177424342024,52.06546218731954
2040,0.0038399288447360214,219.5719312482258
2041,0.0045354470716679664,86.4291056634125
2042,0.005029205117923192,50.89986258556475
2043,0.00404358908170992,55.09628574968134
2044,0.0039859744867633395,127.02910245431144
2045,0.0033834447071647345,208.06690863837795
2046,0.003245231418000234,54.76158215663499
2047,0.0032579725673051803,44.136892730700204
2048,0.00322043797004389,64.91639739810776
2049,0.0038962815572523464,53.09370574653608
2050,0.003480208647268792,25.32634398557874
2051,0.004601920133975056,153.03905198008766
2052,0.004832999648127812,90.71707835049708
2053,0.004090164274234196,30.41853468243055
2054,0.003992893565177487,79.98829227776346
2055,0.005602970389822908,53.55661524850017
2056,0.005119674721184202,57.78186673009342
2057,0.004571090080664374,122.22303396700673
2058,0.004657246641727397,84.54030312780985
2059,0.003798747749897302,87.86378101307685
2060,0.003196119165426653,155.09104133056366
2061,0.00346889878179393,266.6655056969181
2062,0.0035057291317289255,215.5602590440473
2063,0.0026989896086261384,26.46434609615665
2064,0.003589553345591412,93.19567222106892
2065,0.003639609183602292,29.448739304961922
2066,0.0031585844213903986,119.30474883954714
2067,0.005028364970663411,64.77950169688505
2068,0.0038307870966837326,209.9174572780939
2069,0.0037391596770948335,88.63201984342129
2070,0.005014661532939123,27.406215269486303
2071,0.004110140291268425,117.50908105352875
2072,0.0029035096704936193,55.667550174617894
2073,0.0024168886257275764,63.70242788203843
2074,0.0037400299369092583,24.411157244844755
2075,0.005289463581110197,278.11926253315863
2076,0.0035222450589911095,48.21349558252661
2077,0.005060363605160681,72.41351579404355
2078,0.004805546117432672,27.166410267874216
2079,0.0036835368277520915,43.6857793441799
2080,0.0038432884561906333,218.50539302301863
2081,0.004012341946760829,80.12066771325507
2082,0.0050498940658822685,57.1978415171432
2083,0.0051796680419657366,130.8727221955618
2084,0.0040366390360803165,266.38402140086583
2085,0.003941081137572138,97.2595761653029
2086,0.00382943749396543,122.4434409146599
2087,0.005661228788478577,68.36081109477534
2088,0.004654131396634157,53.6173104064283
2089,0.003859371993721933,160.91586233310707
2090,0.004609864676804763,27.86495075394026
2091,0.003928280628161689,227.7817744525924
2092,0.0027881498686978235,81.80365252104161
2093,0.0038849848388053942,43.092420619024914
2094,0.003880269484241204,26.704848493073193
2095,0.003662711660993962,153.41429904598195
2096,0.006133042489554183,42.11737549361388
2097,0.004399563416016579,274.6999794209957
2098,0.003072011893903821,136.02795802083065
2099,0.0033640294267539062,23.382342975824177
2100,0.003922185576195292,54.7339017353755
2101,0.0033003762790909164,28.705855965257214
2102,0.004150576772260068,92.45551509735849
2103,0.004845772066323276,52.76396752315648
2104,0.00449591168051649,42.15381708259759
2105,0.0053303496504053275,209.59949467215978
2106,0.0038072798630041415,113.94524319967844
2107,0.004137499592616223,126.00456689181355
2108,0.0036016088342098,275.2121449443884
2109,0.0027745598175946775,66.9166493258478
2110,0.00438038180238271,43.231089196219415
2111,0.0036407291743569044,209.32426104820485
2112,0.0027349591842282498,27.250996120031996
2113,0.003087326966563304,28.25457960881239
2114,0.0036236618630377613,95.82062748296642
2115,0.003343499714440402,226.38276587844533
2116,0.004066681382552152,59.59243297282412
2117,0.0036475869631449435,121.08153574311005
2118,0.003525222736496608,151.0106786364982
2119,0.004311776034063025,43.01266484929668
2120,0.003624773160725491,149.55111557285838
2121,0.004705992221962503,61.5446939068163
2122,0.004113801350507168,68.25519704172447
2123,0.0043967555343285844,29.951329844238874
2124,0.0045953635693375215,28.157750840846116
2125,0.003320586601996368,54.029223154333046
2126,0.0054943743433230685,66.6684173624959
2127,0.005053274185598098,70.787282254183
2128,0.005231669929269198,151.84820908287497
2129,0.005538473394503503,85.30880634192278
2130,0.0049617398703544905,45.01442525542279
2131,0.0037043453424736015,277.4238732887612
2132,0.0025504060697315607,60.74740385634744
2133,0.005408919543205647,66.3264931117291
2134,0.004279073414087681,29.659155002151145
2135,0.0037072819417722125,214.61971763365682
2136,0.005233077101709912,67.076608179866
2137,0.003997152924655636,119.57868895303893
2138,0.003696892133242746,152.00423051838297
2139,0.002947555401629537,216.80369351656233
2140,0.002554639316476311,221.85584155519467
2141,0.003000631323416292,117.93820687593355
2142,0.0029134893951684995,57.63109922237997
2143,0.002821276259191775,280.5857603762504
2144,0.0030774510440194818,60.170216274800254
2145,0.00391293361495958,46.32983024255953
2146,0.0034481662905664514,58.852439468458755
2147,0.0026902370554418697,51.74793539102984
2148,0.005359482043570744,46.51033463083412
2149,0.004198831900928463,125.26028078260217
2150,0.0031121900390413864,223.05963841017916
2151,0.0031706765449515924,41.02426399700687
2152,0.0031947619627608996,278.40370876062343
2153,0.002807559384685819,287.78898599303375
2154,0.0025957804900437796,285.14130468812795
2155,0.0026512884202954433,67.65029717242994
2156,0.0032826873932085077,59.602020490546224
2157,0.0032114032971331257,211.08246353570289
2158,0.0037353511258932147,52.655729840124614
2159,0.003971695678326516,89.1086694967331
2160,0.00325369777971638,127.92520466102403
2161,0.002617137635197991,280.62648989916096
2162,0.0028950369588901046,120.23801813487668
2163,0.0024179545596945736,40.78012907177149
2164,0.0034680828083020806,46.63625715105329
2165,0.0027924093969566356,228.3806247323884
2166,0.002489423478390066,157.5317241156344
2167,0.004379054690346222,75.63619496302132
2168,0.0022295034011492404,69.17835372156301
2169,0.0024013979138647005,214.19630379041567
2170,0.0028601293146065846,272.3680063550683
2171,0.0021751562522400194,73.59224460277167
2172,0.004285518325412193,65.12960746084394
2173,0.002915602000247815,215.51732897232253
2174,0.003369809519146936,86.80328413903855
2175,0.0033909720233085945,43.48191334351011
2176,0.003613767830819566,27.87445147856012
2177,0.0037471732311215337,40.442803440991646
2178,0.003288202822875326,52.22021788395883
2179,0.003392995521646529,212.8361819794157
2180,0.0030310156314616384,163.0134161713497
2181,0.003033352274532891,150.7205539524927
2182,0.003013946906111624,101.59785941894467
2183,0.0021231915718466364,27.51711358089998
2184,0.003223830113936331,147.73975852507772
2185,0.0028863686909353045,153.61638313301066
2186,0.0029059618283357323,283.940969227809
2187,0.0024787680216598633,280.35952678656145
2188,0.002796616872785176,150.9919142310093
2189,0.0034762457005192778,43.741560289321875
2190,0.0030399528669394467,43.067558825253506
2191,0.0029327989045644484,280.3111854474121
2192,0.004034037632958939,65.48237096909351
2193,0.0033555996339328913,162.02176111023675
2194,0.002974184847764925,43.73140033216186
2195,0.003251938767050129,284.34009334678547
2196,0.0034479727559797043,288.1279437272001
2197,0.0028786422688109273,121.56741283327821
2198,0.002882885867469872,281.9796634573159
2199,0.002899993325520293,280.3026778460229
2200,0.003699022432556376,41.35165306367486
2201,0.0034403258484687555,70.34449664712074
2202,0.0032264437590824946,124.26011260179516
2203,0.0020975193171828073,46.07048621930047
2204,0.002560540001060621,27.423315286006034
2205,0.00415218267183254,157.03359048773007
2206,0.003767780402700442,69.59665986890737
2207,0.003833715028153604,28.94803006834576
2208,0.0033499812771353877,224.56665796664583
2209,0.005426641742313473,30.952312718292408
2210,0.0028991627643170596,44.78862907888524
2211,0.004183233722673125,63.45559738544149
2212,0.0028531630967459564,57.52364003589602
2213,0.004266492022685958,64.697564424658
2214,0.004420763548925886,87.82820155376996
2215,0.004449316350400221,65.32638103403083
2216,0.003778436455997342,38.60883018399253
2217,0.004110644714751991,160.15474293895574
2218,0.004256209757213455,203.35323027515182
2219,0.004389855333641409,53.90184053922521
2220,0.004193924426265137,84.99859418274964
2221,0.004241836183079715,276.06288355484736
2222,0.0029187915072153496,160.7785254359266
2223,0.0028395968888773873,29.13632956734931
2224,0.0032236812022000375,162.54695865746808
2225,0.0030599251532665633,224.51873522874868
2226,0.0033574287325484967,277.3035101435473
2227,0.005221404424611881,46.40315209483317
2228,0.003260212998859722,284.51871769905205
2229,0.0056437213912061655,59.1260609585246
2230,0.0035794933764857783,124.78070873826077
2231,0.003662902092589226,27.19042837023174
2232,0.0036542754063907845,216.9631681679059
2233,0.003665955337721602,218.87960753862652
2234,0.0026532163200582463,47.832611602788965
2235,0.003532020676879845,229.44648760825785
2236,0.0033584029311017325,125.59891264519129
2237,0.0037897958762235875,126.6246242642818
2238,0.0029646627983591035,87.42399335751162
2239,0.003450919408402422,231.72850367559244
2240,0.0034220547519399295,56.08261538107672
2241,0.002907834510305123,55.659854900222555
2242,0.002815348391713612,221.18870490618272
2243,0.0036073117957689995,97.90875841553989
2244,0.002520071923671904,40.94668034574687
2245,0.0030157050523613037,216.6205112389913
2246,0.0027940477202962376,284.80146959728995
2247,0.00391603419650938,51.82763001354802
2248,0.0032888536443607965,226.8689276905912
2249,0.0027595934343334714,278.7081234233594
2250,0.002410859687559833,223.20431197630805
2251,0.0027869030909454355,154.7494868681583
2252,0.002583468735924166,288.907333565214
2253,0.0024381649880939565,127.94408107665541
2254,0.002933837114732782,162.04199744609673
2255,0.0018727301873944023,47.11709752364601
2256,0.002935665823486415,123.79846827882473
2257,0.002887643475914206,163.8378266013757
2258,0.002804842767994121,217.90151361226054
2259,0.0022752756999533134,159.5855679743524
2260,0.0027364432621683186,129.81442564854365
2261,0.0027143937722202455,73.77562571686619
2262,0.0019224790124677713,38.62349548936224
2263,0.004163930030493426,155.20574494037803
2264,0.0038783855314840046,72.29332811853715
2265,0.0033906120677145097,66.90385091136413
2266,0.003203793555875695,280.2600507187227
2267,0.0029450027007680577,287.87572451920926
2268,0.002871380560629239,40.06483441716754
2269,0.0033963031335229638,215.42346540319303
2270,0.0034899132413063515,51.793966552865875
2271,0.0024870640287171573,165.9545564363001
2272,0.002827794011053,68.01376740716871
2273,0.003556080939296376,28.32357575409064
2274,0.002849262548737058,92.67013856502383
2275,0.004231691241010274,67.04438917642749
2276,0.0035485040961004775,231.24483511685148
2277,0.0029796691612741406,220.02453572919526
2278,0.004251267637670734,56.73200785687616
2279,0.002551745818197822,59.58120515953547
2280,0.003226630282204662,43.02018981958976
2281,0.004644539681513857,54.99106832669081
2282,0.003310584935960721,289.47007798466456
2283,0.002961840786279566,48.88890475857663
2284,0.003166367107167326,26.755008173955765
2285,0.005111980136929118,67.8316329306418
2286,0.003494788961099505,219.37905581521142
2287,0.0033094951214595095,223.53734730026852
2288,0.00438599757240357,123.66492371572757
2289,0.003322080411187055,206.06368864866718
2290,0.0038830471941333077,52.90587102231333
2291,0.004622955468882786,43.717482312802744
2292,0.003377871292340227,279.22132471214314
2293,0.002998584957822459,89.36571075623895
2294,0.0031570007498697215,26.69111169754678
2295,0.00305256031148521,26.266378873407643
2296,0.004055664455814098,59.80761361734867
2297,0.004341738281604753,97.60741148383853
2298,0.0032653611831784503,29.171520092418717
2299,0.004815350481129082,43.228079330836515
2300,0.0039853583168286575,30.517688614982458
2301,0.005980594645734527,90.26824739464794
2302,0.004970760115562321,75.99196187742704
2303,0.0047741217543153976,53.19243828423879
2304,0.004913249674595695,90.90234966581326
2305,0.003985945925696515,156.86785920199048
2306,0.005638577933684152,30.71152968430658
2307,0.004272502408658164,163.64488755000352
2308,0.0032557208685682635,70.37615467869173
2309,0.003416160191113319,48.59389337540401
2310,0.004284344659306673,90.99500874670585
2311,0.0047033423731328555,123.97120236059429
2312,0.003186912150155687,299.03238351512
2313,0.0031650125231225926,277.68764863094793
2314,0.003599500043998114,285.7949155760214
2315,0.003623005938005902,54.94210822563468
2316,0.0034373064534797856,62.22719558472107
2317,0.002871999707831246,74.12612168966982
2318,0.0023848700300983057,30.06726025663252
2319,0.005024550988589629,88.86261682971147
2320,0.0025010331466609357,26.884069804346563
2321,0.002825029398081824,215.68451764170578
2322,0.003648940325443533,124.25264857254197
2323,0.0031863668511085473,93.7457371803063
2324,0.00424372887887173,27.48072703099364
2325,0.00422892119317573,223.70297522095143
2326,0.0035762899733137775,288.5633696055442
2327,0.003112358300523528,94.13210380891903
2328,0.0034303168188646828,69.5112294908429
2329,0.0035669532199308195,127.5218930863308
2330,0.003234139702500832,130.58891143744404
2331,0.0029573429659854223,242.10232805141544
2332,0.0031247427685095635,125.83059915107705
2333,0.002206071312586475,63.873766580838776
2334,0.0025770733165486224,272.7041875526704
2335,0.0027757202759826683,30.187874039022827
2336,0.0032987184561118167,56.427003706256656
2337,0.002505313553651639,229.36025174528496
2338,0.002225120702872503,122.86373471962959
2339,0.002685118137378595,48.91733848827717
2340,0.0024759890490643624,96.50831043297265
2341,0.002949710084930441,60.77971476569366
2342,0.003270377963913647,41.021774535841594
2343,0.003140044857478717,162.25606272537183
2344,0.003147326006377437,25.26134764646248
2345,0.0037135939020333454,163.393627934537
2346,0.0031417802248954003,69.6274581721115
2347,0.003926304013745992,68.76649915671842
2348,0.004125971209150427,161.9868249362433
2349,0.0034566382116814755,28.043516599375884
2350,0.003338217808613734,223.7776080425254
2351,0.0036487586793727306,59.665642348675995
2352,0.003454217934301017,41.59644585128221
2353,0.004010326319643501,118.73936043523085
2354,0.0056561574185315265,30.414146170236485
2355,0.0031240889148128016,296.56836520557437
2356,0.004733620649544875,29.434920722694596
2357,0.00334725013600781,88.0479578334944
2358,0.0024871313643384852,27.73116854069369
2359,0.0029141667665976844,52.13599579407634
2360,0.003377883933713494,305.98834853777157
2361,0.0033309686731137424,91.33871425138713
2362,0.003904522201406446,53.963106567053806
2363,0.0035542563826031536,92.67193781800749
2364,0.0045245761912982825,38.16466721884035
2365,0.004124360175349362,127.00599578805372
2366,0.0031968715695031803,158.74251042424643
2367,0.0033873004906836966,280.9559560104134
2368,0.0037782535075313864,71.44612607001694
2369,0.003387505165916921,98.07341219315722
2370,0.003288561609370912,114.5062809443853
2371,0.003915228182347459,208.90793085427424
2372,0.0049147895373277024,42.27801169957651
2373,0.004217060442395701,31.229407743286167
2374,0.003655528557395419,129.32783203805926
2375,0.003786673881801438,39.96497105284525
2376,0.0033113730568695276,56.0414001001853
2377,0.005500881359859539,47.638935192997536
2378,0.003901386689379086,120.0303622588364
2379,0.005015724551197046,58.05707632104291
2380,0.003767777453644739,154.32145646790522
2381,0.0036747970544264022,298.63037727649834
2382,0.005976924564837928,27.62786483172764
2383,0.0033215640535378095,229.34470797750595
2384,0.0024332350837739116,284.6392162854325
2385,0.0030720918702836324,70.15287600961159
2386,0.00371105593942709,46.44985752857713
2387,0.0037471299443938267,72.50820512487749
2388,0.0034483427254992814,71.03538392644188
2389,0.00461698171943223,127.18245470056978
2390,0.00374409523786968,85.90242962507043
2391,0.004241349951756755,54.42286256735069
2392,0.004210321522875277,99.46317975095694
2393,0.005049691463434349,42.16930514066716
2394,0.0029528491026033243,229.33759208626645
2395,0.002949999632305819,30.23958320839258
2396,0.005406458414162861,67.47215096691235
2397,0.004291213697150065,55.97890579767223
2398,0.002900026130975738,30.2766753096684
2399,0.0031224683270458195,57.598768606083844
2400,0.0040654855803352145,130.68260872514364
2401,0.004426825806382735,287.3067648101724
2402,0.003710457481157763,226.94716225806005
2403,0.0036982570516371754,58.74174759985193
2404,0.0035833031320602385,162.4791385354959
2405,0.0034848896343296822,92.76612054931633
2406,0.003341282577500405,287.4581173594832
2407,0.0026557284898543103,75.42249418708137
2408,0.004010087069049004,56.090088030580446
2409,0.0029474716957900962,167.71300348506253
2410,0.003649602516739372,231.45072977867778
2411,0.0023626357867381647,229.22291092638122
2412,0.002034484258972594,230.8656426898271
2413,0.0021732860572903764,169.56846815415162
2414,0.002475602104753377,95.76485474774125
2415,0.0038640378747053596,69.22811286376704
2416,0.004869903047400494,27.29774941618521
2417,0.004117712870256269,31.6079923125027
2418,0.004408035820023752,92.44110541252944
2419,0.00478492328909704,67.60603827564753
2420,0.004435928539211231,89.29781805179061
2421,0.004492388370685198,66.58873323305332
2422,0.004964423355636275,124.44999566848672
2423,0.004451574047674461,225.74435345662604
2424,0.004700917225328829,96.41020561130259
2425,0.0034736627651661615,40.89891514497031
2426,0.0030295247501083487,30.030333161331814
2427,0.005266839321221,27.82094541699761
2428,0.004174095156174875,277.5680729102824
2429,0.0034532581334921187,291.69562893472994
2430,0.002999793596091864,228.05161989155596
2431,0.0021177924409757592,32.199904355503044
2432,0.005072562014871529,51.74849987460403
2433,0.002862031008828155,298.5767304949005
2434,0.002473265049327613,91.26245366342792
2435,0.00214882342167538,57.27957762208419
2436,0.0033034283765733265,63.913669341854174
2437,0.0037577350855057235,97.63370198032004
2438,0.0038701864925149657,41.84942074109045
2439,0.0034138979058344872,162.4145729344489
2440,0.0028596296913644733,230.09924126311435
2441,0.0032295732069707647,46.009092548760684
2442,0.0036570662073053184,229.29188427147164
2443,0.0025256257701125693,158.971367681024
2444,0.004006802636175022,56.999500379119944
2445,0.0032085588034656753,57.92852259692204
2446,0.0033589641859110156,91.01975290800038
2447,0.005034673396510008,30.54434678013619
2448,0.0044933577172951815,98.21663301109103
2449,0.0031245341014386565,299.83336700045135
2450,0.0026544270870563318,134.9405847296899
2451,0.0029137802966629506,30.38915069541995
2452,0.003052572669553564,122.81395553159888
2453,0.0032059435993610583,60.0742383088976
2454,0.003871200297348528,103.00127545774914
2455,0.0034525829963540137,289.7592482506123
2456,0.002975312920170836,54.0607736584023
2457,0.0032228737633223487,62.16590041480452
2458,0.004425802751507421,57.05227244378742
2459,0.003501529310597107,56.430511659140855
2460,0.004077630115962411,72.4879401309855
2461,0.005022222905443579,44.19194801492204
2462,0.0038459495054195287,305.50714941618
2463,0.0034239766058638287,212.69038784890898
2464,0.0027074921175693,26.557820620976326
2465,0.002995783927023798,133.20023703905264
2466,0.002351411451931877,61.00244015681855
2467,0.003326504914056441,129.11197271966694
2468,0.004508507144958551,25.890466461809115
2469,0.00430479475881845,126.10862111966692
2470,0.0035250459172734613,67.12171138096413
2471,0.004972415771495937,30.249490305106274
2472,0.00469588099151914,26.659963251065
2473,0.0043848045280701,30.821128372568527
2474,0.005030586296678678,61.8648556156708
2475,0.0044819792410729035,172.11942473652377
2476,0.004613038718254479,58.81310862528836
2477,0.005197201954835127,29.811126223001725
2478,0.00495787011954535,162.50006609288425
2479,0.0037387028983450377,136.31178765162505
2480,0.003870993789891584,27.807876907644552
2481,0.0037610247952240593,74.07277770654744
2482,0.0041227134664110895,97.62177959618798
2483,0.003561671221383953,168.97145229357594
2484,0.003331705737020291,38.78629380599778
2485,0.004406435032784617,30.035975531922585
2486,0.0036529326182043052,288.14924546095847
2487,0.0032017346557040582,97.73611561007658
2488,0.003510086111870482,135.27572098540696
2489,0.0025658161446864888,42.54127748366836
2490,0.0032811904178603212,92.22685933750674
2491,0.004225763446762308,71.32113835726742
2492,0.0043440295501229334,60.81772842003619
2493,0.004789058768857593,88.1972441693022
2494,0.0038014253866724456,99.02975837170142
2495,0.0026953895740315587,56.29878926211531
2496,0.0038001700529900814,229.62232589406534
2497,0.004039479416073143,139.2892876053135
2498,0.003085851667988622,42.30740559414085
2499,0.003779769218269204,297.6875962933173
2500,0.002584338943236806,300.8073926984852
2501,0.001891164949422276,55.10540914432733
2502,0.0028475282955556535,92.10881859558037
2503,0.0026031537912990965,219.39918662234126
2504,0.002474645827964402,161.48601608750567
2505,0.003183698856569748,54.660083262202754
2506,0.002567329584437662,229.8656860788265
2507,0.0026628051306364464,40.49320485829687
2508,0.002662104803362283,30.38776472023347
2509,0.004933396515894103,23.3446375392112
2510,0.00392601141720661,45.86295717671717
2511,0.004394261657642161,57.139899570350806
2512,0.003719892440806023,161.8578534000529
2513,0.003988493373001872,93.1787292473754
2514,0.003577696029792974,69.90151363310885
2515,0.0027629054867165078,42.31150334020794
2516,0.0026518120427591755,238.73259502438438
2517,0.002513792054322459,95.1000627792254
2518,0.0030979353675345033,74.93948229090516
2519,0.003492605812974968,130.9230440153551
2520,0.003949117401134572,91.82917807657873
2521,0.004378887693085496,44.48572431058489
2522,0.0032351483588800092,240.81200436774813
2523,0.0037226852751004935,123.77897173842337
2524,0.002803973118716385,61.34026234395767
2525,0.004071411204105183,165.7952150242863
2526,0.0031349350276169987,280.06479275995787
2527,0.003061526753124314,299.2700904562384
2528,0.0024893442633987296,298.6265813355743
2529,0.0025368531501364588,218.32280841180955
2530,0.0027216510653349777,54.72910325286386
2531,0.0024931898744573583,299.7914143408448
2532,0.002449478805725363,134.84998883190738
2533,0.0026534020409879023,90.66535762248432
2534,0.002679374972321454,236.69891021864413
2535,0.002759040106096878,100.92184567559043
2536,0.003072461374627687,239.3942310490479
2537,0.0025223359691768617,227.5200582487192
2538,0.002503358226518189,45.76676955190796
2539,0.0028579385558709734,172.25866122940576
2540,0.0030232380174881764,53.46561467511976
2541,0.002670979168861986,283.49528132256285
2542,0.0038061946888466097,56.89575640681666
2543,0.0032725964782253742,28.907443554708763
2544,0.0037303527727160076,95.21505648984213
2545,0.0033753649442023114,30.30327817851802
2546,0.0032458217112619776,56.05026308845977
2547,0.004379772114318896,71.85463267270498
2548,0.004154249488890965,130.6770971839877
2549,0.004654341254949527,42.81920566184876
2550,0.00411812102957826,58.64767998911051
2551,0.005054861759826717,66.72972689863413
2552,0.004726198816074016,38.80865824881324
2553,0.004248744336713962,125.08701043849602
2554,0.0031841422834967136,294.19912372365957
2555,0.00433170293045633,64.67680005119173
2556,0.004337605525311332,132.61164862472734
2557,0.0031848679564857305,124.27459298833095
2558,0.002500539583832443,28.999250852453283
2559,0.004399209740301091,76.05045784728516
2560,0.0038067525373412384,130.85107270421108
2561,0.00291629448278203,69.90986509615578
2562,0.0023995444368257925,29.572364682462666
2563,0.003429214892836991,233.0346433855836
2564,0.003234612796474651,99.13490008149164
2565,0.0031435433083970565,165.27517662055544
2566,0.003925393963809994,71.03211065155494
2567,0.0036549466383968884,41.79436944472115
2568,0.003931969931049241,61.69797109656614
2569,0.002646584896680552,62.58305259694006
2570,0.003744227991004524,91.22321868232464
2571,0.0057342634857129515,43.181510428561246
2572,0.004866364894731869,31.008590924004864
2573,0.0030186839544115865,130.75970091254428
2574,0.0029990549364567977,307.14190845756167
2575,0.0034397367327639243,62.06564727151155
2576,0.003362471225045738,91.18348167131042
2577,0.005035557566844619,66.00081627413108
2578,0.002982583126832254,231.67721998750886
2579,0.003231805378163699,66.65501735288623
2580,0.0035682082023133542,97.1863637560112
2581,0.004088828493720563,28.5107409231151
2582,0.003131334887380158,65.12450896210613
2583,0.0036501958645109474,29.927131314161084
2584,0.003112310594929876,131.68693840016735
2585,0.0025207044799508806,289.70336530262625
2586,0.0036930472244797595,33.27594114796046
2587,0.0024264394244159454,232.34812399185083
2588,0.003374357904500232,26.329122102935177
2589,0.0032333856311610857,38.25736321911228
2590,0.0027954717495319798,69.53620788752126
2591,0.0037993095347947266,72.30576959133585
2592,0.004996551796372434,26.287399198798276
2593,0.002925580283986432,303.58370312454826
2594,0.0038006468265931207,39.29930384686934
2595,0.0033888637988491463,70.41758927161064
2596,0.004329583731698615,71.88919442623269
2597,0.002065597653513421,24.382152532976466
2598,0.0037907823339943156,69.78026204215409
2599,0.003065657506646765,296.1736066547072
2600,0.002702651103818242,131.85129423930897
2601,0.005204133845836623,43.22612080344956
2602,0.0024025369589096577,30.405869134331947
2603,0.004173902754550956,168.61010148697608
2604,0.0031534227039915555,305.2105414485554
2605,0.003477858753506774,72.91037099165904
2606,0.003854412791878457,68.47497361261767
2607,0.004706428444828466,91.17846475113859
2608,0.0037700122961301604,160.84168057035583
2609,0.004155871306173109,56.498173325067405
2610,0.004358792371538191,68.94359229102541
2611,0.005409488506647277,30.617612832656345
2612,0.0031280074504488418,104.04241052457567
2613,0.004334640156816083,56.92162927832049
2614,0.0051478747341677485,30.526113910301163
2615,0.004533387881317388,44.91453273694038
2616,0.004002603312009867,234.70601101606516
2617,0.002971842106567748,305.5338569527733
2618,0.003258439503976685,70.40604973064721
2619,0.003050661189156338,287.03339621834704
2620,0.002971732711714516,29.247731663265736
2621,0.0036980817146216463,89.7887591077376
2622,0.003952355843982848,71.06743056472759
2623,0.0032948435189507404,236.93400290980554
2624,0.0033281424089886646,236.3604390552629
2625,0.002975029521509249,172.32928964426839
2626,0.0030080846247817045,229.91468023862555
2627,0.0024457969309217083,46.186537061475654
2628,0.0029934239548384117,129.37879671006573
2629,0.0037526929161583508,225.94652168959115
2630,0.0022223990846533845,67.02672186766063
2631,0.002838084179016952,127.32427529636243
2632,0.0038543425542173415,167.8755455735882
2633,0.00285792194119642,76.70733970844871
2634,0.003250822894315975,232.63278866486448
2635,0.0023889683882476727,232.34019065312611
2636,0.0031208198784428284,57.49249642170192
2637,0.0023164068411111096,92.47025022624456
2638,0.001636847288450967,40.809182067895634
2639,0.003354439935277254,71.57207208044103
2640,0.0027183925159142306,307.0114612685197
2641,0.002898634732038521,28.907769702625185
2642,0.004708589333639448,27.04697161543542
2643,0.0033379040287775177,167.89616273476014
2644,0.0029476938737754664,168.8228208508442
2645,0.0028105954943141677,292.95962093643607
2646,0.003504396141083403,48.290146650018244
2647,0.0024069746440628396,45.541067975106046
2648,0.0027823227208854644,138.02139937737758
2649,0.002398254100939837,29.661300326952055
2650,0.002932657664510868,139.75747187856794
2651,0.0038046810629472523,28.296794743153157
2652,0.004126763182698182,39.885627073378416
2653,0.0030635901414966683,307.79657368345073
2654,0.001925433039261783,30.55572960086599
2655,0.004181381763593326,30.72610022659049
2656,0.0030418133353053304,101.97994794914831
2657,0.0028057478534306442,40.20039951002335
2658,0.004193007586732635,28.05761537300558
2659,0.003939088121776215,46.15953747387145
2660,0.0037377265939771164,59.92717153975852
2661,0.003642552841834028,295.4897355295581
2662,0.002994562654957869,301.058895835805
2663,0.002964754219442191,231.7527191808245
2664,0.002812070043818466,168.20042768594033
2665,0.0022071325271430064,45.866503141111096
2666,0.002498688286668139,29.941359872449194
2667,0.0039505683239287655,127.88205959798935
2668,0.0025660367763148863,137.1763159258963
2669,0.0026591990142982866,309.6738532464822
2670,0.002858960157642338,251.0239019705218
2671,0.002157853518367809,31.063239581167217
2672,0.0026958580806265295,29.387922424748965
2673,0.0033642290541369435,61.060787138516055
2674,0.004161399052332554,166.71813031734155
2675,0.0038425925005267534,171.99260856149647
2676,0.0027977790915918797,101.68075960230634
2677,0.0026000015703457266,241.44239275027374
2678,0.0026816810501662032,133.40630383239773
2679,0.0025006888986703977,98.60849312193903
2680,0.0035467171388918976,58.590214087452544
2681,0.0033461866438632237,41.56350166377573
2682,0.002730122965752428,176.05800494065753
2683,0.0028174138955224548,100.66557620301121
2684,0.0025226193948500704,47.287374788914015
2685,0.005817916181761327,45.432099904723074
2686,0.0037088971187807366,75.63051747461772
2687,0.0034216113858090533,311.76162167466106
2688,0.004787295055676027,29.06721414288017
2689,0.0029816246202769925,301.7992247936824
2690,0.0027037088169751,98.74377561163038
2691,0.0033868864155575185,31.886531618320152
2692,0.003265551836809984,128.37623951663204
2693,0.002878491963381005,230.14759481381964
2694,0.0029105342362296576,238.0184806661223
2695,0.0025565423854389405,99.35598525523264
2696,0.002598439651713934,303.01932050243937
2697,0.002547255434924759,95.13916669471826
2698,0.002515950954471857,65.19335747886329
2699,0.0023367667148860276,315.23893446336876
2700,0.001927391194102883,64.97644090073261
2701,0.0027730453046977935,68.97937078714735
2702,0.002635752600978392,298.75102266192005
2703,0.0023884632291749663,141.70002902359928
2704,0.002156770603474358,29.535637785356833
2705,0.00308363948247039,163.74350497456587
2706,0.0045619868585792854,96.86360278739585
2707,0.00378045944297982,73.29591511689024
2708,0.0028662805639542805,170.01017309518232
2709,0.0029727152391037983,103.01496600482022
2710,0.004488783568878466,31.91288031760387
2711,0.0036907526897463155,65.94431414434617
2712,0.002833989061595188,312.25335695456675
2713,0.0034188473625269174,30.382245323759594
2714,0.003089981785798595,313.61268322708685
2715,0.0033830818509282467,55.91557626854792
2716,0.002267241578354859,64.75490405885964
2717,0.007651596527309799,28.71987186550406
2718,0.0036030410863697234,40.88854701546329
2719,0.005143527587843609,30.67453640068567
2720,0.003846103325719636,314.4035430777832
2721,0.00443034635470012,56.350230717753696
2722,0.002785342953625891,306.59190599197615
2723,0.0027772054574560353,167.90390275457014
2724,0.003405134139442096,170.84851299731892
2725,0.004209170585485388,62.71966320676893
2726,0.002138218156275245,161.74610601967922
2727,0.002991803800325905,27.5358922783054
2728,0.002433978732462215,56.8896692493861
2729,0.002555609621556638,242.33112808746966
2730,0.0028636062674490246,74.89311162928126
2731,0.002344566380260575,77.24284341859729
2732,0.0036528213606978736,26.613845029584798
2733,0.002888568544353193,165.21709691484662
2734,0.002799829263354114,173.582383089143
2735,0.002953110268454357,73.16511185627608
2736,0.0021416913575919,63.454867827860845
2737,0.0024919785679206282,134.92495917470333
2738,0.003524057314560855,139.42108763934073
2739,0.002602815619005973,66.38379548819728
2740,0.0022552034368851946,182.21411266092102
2741,0.002826310313349285,92.05372358563852
2742,0.0034591863573454743,43.157478813924094
2743,0.0025283314915934122,141.57392354400005
2744,0.002224638613434238,230.31516586975982
2745,0.003850419903094669,39.53405308893907
2746,0.003983160200512784,132.28329750097691
2747,0.002522152414922647,97.7556845402859
2748,0.0023263246056186787,243.64977673119344
2749,0.002218817879550223,29.08757922888297
2750,0.00395724080816104,30.894262619268645
2751,0.0031880874328733726,72.29677001372757
2752,0.003538050174468261,30.000335308911367
2753,0.0027211537963012233,47.77247648187093
2754,0.0027833392209317565,71.6111130364145
2755,0.0031120136075072306,311.1678098658241
2756,0.00380522950640502,67.10661944858887
2757,0.004007029127723609,90.27294760163694
2758,0.0032028849293798795,231.43776286963902
2759,0.002663063705389407,137.0104751095792
2760,0.0032496301343623623,67.22310984683331
2761,0.0030581147734243205,165.93550351494108
2762,0.0040540946958227886,74.12295820146484
2763,0.002993649158378179,62.38410706282706
2764,0.0029815085109821038,31.605661477101407
2765,0.0037608172604419545,61.52251350136186
2766,0.004440908430803617,133.9685247657546
2767,0.005230453631894135,70.19520738806597
2768,0.003915974832074118,257.24990478812555
2769,0.002957293875765508,249.18630295319798
2770,0.002956195908694299,61.55808504131678
2771,0.0029564414639812516,71.98551492242132
2772,0.0028188759289068084,41.48332249358008
2773,0.0035017688723266624,171.80846267936127
2774,0.0028136585821122583,140.70095050511947
2775,0.0026467187567155073,97.57959082076594
2776,0.002556922181231937,306.2680640329819
2777,0.002318785830399205,94.53801950545528
2778,0.0033384249791258403,135.91253076203583
2779,0.002917386677095753,176.9840428605459
2780,0.0021336414744258614,46.339752898161116
2781,0.0022734337485340126,60.83957103677051
2782,0.0034461167583655374,133.6945452232121
2783,0.0024331072222244423,98.76796871456438
2784,0.004246144484322694,67.53483748040742
2785,0.002854134270284489,303.28853990329316
2786,0.002483135156337047,169.71714886501763
2787,0.004108200422922244,61.678034152518144
2788,0.003807821831902453,242.01677436387214
2789,0.003326461622330906,29.12609991056608
2790,0.002772648678308962,99.07072367810913
2791,0.005234205698421835,30.36281949002874
2792,0.002628585907689445,245.92713600703874
2793,0.0031256016052300427,58.92616531927917
2794,0.0030747317657435565,43.30711309649603
2795,0.0028536835680614994,100.2403847204035
2796,0.003625692426864519,99.1334056948012
2797,0.0024621608595366195,163.75801492139098
2798,0.0035557203394659303,145.4201410230198
2799,0.0025259824339538143,237.29439154020514
2800,0.003472903443817531,27.857144048433348
2801,0.0034273849603116764,43.677720796737546
2802,0.0029756062905851813,42.1348042795503
2803,0.002408971362621576,48.99790324939658
2804,0.003757076453365625,67.32770721899978
2805,0.004384946342311609,45.885003596676746
2806,0.0036634974579062823,235.13881425612323
2807,0.002732540343086479,136.10087703551324
2808,0.002315749258756977,62.636865930967666
2809,0.0022605448830485242,306.3586691736272
2810,0.0022297909629112557,100.1870458126081
2811,0.002553472163410773,139.89582227801722
2812,0.0028322048930987742,178.59169685153455
2813,0.0030866201161818306,100.82400677866107
2814,0.0021424583446146947,240.55509347375096
2815,0.002115283251919594,54.08607325190986
2816,0.001880845887649615,59.853429713279965
2817,0.002831567924109525,136.188217090704
2818,0.0023592624327813446,42.727377451816395
2819,0.002883040387049815,41.20457917919096
2820,0.003152008950844622,94.3412855341191
2821,0.0024322905105832104,173.60279950022533
2822,0.002136073228158098,236.65023718391527
2823,0.002038692173154752,318.11990583755187
2824,0.002564875027846111,47.77416182764743
2825,0.0031915776233710437,95.77576207791196
2826,0.0036534961201706777,76.48585913618696
2827,0.0024507872483416184,73.40498767472988
2828,0.0032802967691911273,245.4292985420165
2829,0.00370161215268111,57.38273001461947
2830,0.002258535280225729,176.94428451100512
2831,0.002463724766052509,306.8436471991248
2832,0.0025722231672508484,58.54975548970744
2833,0.00294050735606954,57.28328854522386
2834,0.002822252159788339,310.5131746305204
2835,0.002268737211688602,248.81936467813247
2836,0.002878166446642918,31.466461168163764
2837,0.0035339138636661972,167.11974835331446
2838,0.0029966469005087456,29.400456835398177
2839,0.0041945032726043545,70.97606751563153
2840,0.0030896753771723863,56.49523376342882
2841,0.003437797323417256,28.831591607544166
2842,0.00360516380041608,74.02110773235873
2843,0.003914664602111648,76.79677912552695
2844,0.005901386918186949,27.66917765701105
2845,0.004838609541213568,137.7325542761742
2846,0.006507031240219546,103.31558738937701
2847,0.0062416360261692205,57.98850659416649
2848,0.00449586925242329,69.22523174978026
2849,0.004851694522929736,76.06324507473508
2850,0.007200626965456295,56.459303982775936
2851,0.005397463546633497,177.20426538404703
2852,0.004957688418397919,72.8715186836754
2853,0.004677040708499754,142.34353079491757
2854,0.003984144950104214,97.27187757179937
2855,0.0031216191851585516,138.78155491379107
2856,0.0026715150669264463,57.799063801235896
2857,0.0034479375875158327,170.55576492255327
2858,0.0024062620427316318,69.84494071373159
2859,0.0038228568836612712,41.724513292218646
2860,0.0030908183425554406,60.45834583503678
2861,0.0034824950002445604,55.46632535509482
2862,0.0028942553417728827,319.5107148316767
2863,0.004139951493401649,54.16495110509704
2864,0.004116474219321292,137.17635325293367
2865,0.004204401944322962,52.86366255286985
2866,0.004920234007529614,132.58708362330415
2867,0.004763622578546597,30.14711541062975
2868,0.0037337796065572246,308.31968923402235
2869,0.002334234111358301,60.88581349159873
2870,0.0027868924951855497,46.91830442644227
2871,0.002365993191218838,318.63819904948684
2872,0.0032691898549756116,129.47072166473896
2873,0.0025976919123516466,171.72918103447387
2874,0.003576873596441948,58.559944356385614
2875,0.0035478726702237156,60.83761742203837
2876,0.002717759166661778,236.74762614829422
2877,0.002798001611547979,177.02105984214413
2878,0.002652873293078989,75.501452165018
2879,0.0024069129209860415,324.37124872390393
2880,0.0017767424855634798,61.05719815363412
2881,0.0025105653216583464,46.13450819201489
2882,0.002816668648959416,305.70517170856965
2883,0.00196692406930428,59.06384461148683
2884,0.003142281088737666,91.7398005486958
2885,0.002801185318007106,239.72606020957653
2886,0.002850922345486345,326.08692351925356
2887,0.0024658415880070422,321.85970300806406
2888,0.0016452104360816242,58.02534499130427
2889,0.003772754980149083,59.31084120027088
2890,0.0032432376273873343,139.40568699801818
2891,0.0029999507249409236,31.58855690697514
2892,0.0027816705405712128,47.209845246791495
2893,0.004347662900309425,78.72792674381539
2894,0.0019506626766186044,76.5576227707242
2895,0.0026963250101161122,139.41962295857087
2896,0.0037174786559909865,55.9090191277925
2897,0.003448279110916947,69.30256452243965
2898,0.0037333482049830245,238.35148293028013
2899,0.002901262762756792,94.97022321686016
2900,0.0034736840961224666,179.19141202385492
2901,0.004052921401195748,96.99655899450238
2902,0.0047582580098266694,55.71918263948066
2903,0.0038926282331640076,69.89688323787342
2904,0.004697028606234857,30.43876473880368
2905,0.004353052237509134,62.091971234995235
2906,0.0038647016415254876,164.88614300509624
2907,0.0034996287886571455,247.36045920736012
2908,0.003000413558950995,60.36754087762108
2909,0.0032773999754116064,75.42023445356918
2910,0.0031641877304908533,246.7928624895717
2911,0.0036175053108432253,56.001377518939364
2912,0.0035638034091376044,48.588459702978916
2913,0.003956364606822787,100.71717935320233
2914,0.0028155418290622255,130.3763537801548
2915,0.0040763258859698795,132.62862622529633
2916,0.0032681128754680124,93.4564706103593
2917,0.003754491393423946,46.03044005647202
2918,0.003380342804991614,323.0647853692448
2919,0.0031950265640505716,178.8241168351131
2920,0.0025093607919821066,323.2648738050965
2921,0.0025772812104389,135.56242776552736
2922,0.002627169187984986,75.61638183122412
2923,0.0033132239372502524,69.1468262419416
2924,0.0028826621934898026,96.52741972295408
2925,0.0019383156859789621,26.25782498861455
2926,0.00299913719649899,98.14042618269966
2927,0.0031379263815655245,48.458914704268665
2928,0.003089768474653237,57.77024449851814
2929,0.003910193914313876,321.89094883578076
2930,0.0030632712416639872,28.89216851127786
2931,0.005273423813867759,94.42546652226065
2932,0.004705319637161245,101.12042936187046
2933,0.003863740360878144,247.9530330712195
2934,0.0033398478689390765,250.43076122138993
2935,0.003398894463414861,71.72079883147588
2936,0.0030362229093087198,316.7812217003241
2937,0.0023498648731030193,330.1227218327188
2938,0.00268347275574589,53.56207974103696
2939,0.002294780921837283,28.185605499054816
2940,0.002430757115062225,318.7243860087907
2941,0.002539981896378277,250.55155086089772
2942,0.002249039723584942,322.56718500618916
2943,0.002082453736179468,138.6419069164994
2944,0.003633738627203539,41.18375754247883
2945,0.002850051224457391,324.22929875006383
2946,0.0024095479111821707,246.5888182830495
2947,0.0030595703500903956,96.59591840889152
2948,0.0019434277272037588,249.13021017901923
2949,0.0016942495090237787,56.580348747568934
2950,0.0016838672041509148,77.8930655994592
2951,0.0018892871407457524,57.74106225085958
2952,0.0023047514251949316,75.74176837335867
2953,0.0027590281957148685,139.1510124919164
2954,0.001725125571155386,135.56305970425282
2955,0.004130901944126191,101.8888668246824
2956,0.004169097148488535,47.545065940565706
2957,0.004138500899296585,243.28779322514282
2958,0.0032429441224727253,170.26637737355802
2959,0.002870849932694853,176.7234114862835
2960,0.0030818595849391927,57.76877485417573
2961,0.0026940432891589465,69.3664908816108
2962,0.003296170114974641,59.037806155330976
2963,0.0027018493394656428,29.641026164765297
2964,0.003617812049994357,99.82080785440009
2965,0.003860321781251786,174.8066082685117
2966,0.0036410858725903997,58.96250986856711
2967,0.0032130650194901406,76.72015618522846
2968,0.0036287438535886206,29.44956173335814
2969,0.004363245094013744,135.82253197552825
2970,0.0032213041780638518,103.06545055351512
2971,0.0030155473553567787,252.87244579392248
2972,0.003378981732579709,246.61062129820485
2973,0.00292885919053095,140.37459056028095
2974,0.0020750589287275726,130.57902630873406
2975,0.002348834208404837,246.52498893722907
2976,0.0029909480789766267,44.88590822417859
2977,0.002677751133009663,29.815483619487026
2978,0.0029529721051968975,70.58923279315268
2979,0.0025155303796542358,168.65325207033246
2980,0.002346580043549539,59.948562862628606
2981,0.0026893079384066854,174.0022298221704
2982,0.002752469674182436,57.17434045687964
2983,0.002423687433883501,173.14334501922534
2984,0.0028974167253694194,235.32705615071467
2985,0.002615948568925761,316.74855597487317
2986,0.0024899358894043882,249.03148075847338
2987,0.002088372288538159,62.0666880755622
2988,0.004089893606603788,30.30539746447475
2989,0.0026114704513430028,249.49071575311723
2990,0.002421686324612863,321.3739589639248
2991,0.003627626732572858,62.53162642106068
2992,0.002532175729548969,256.151110856677
2993,0.0026035110246520046,251.79843102271624
2994,0.0023871408168707926,57.381567467000956
2995,0.002338034971382347,43.42808429101347
2996,0.00244835620715478,245.4238614468782
2997,0.0028519006326382236,59.626247814832745
2998,0.001659648594293936,31.399170283904475
2999,0.0028357016621457566,178.3937730803599
3000,0.0027071120799849846,46.42686992976541
3001,0.002983630469466287,175.907782494446
3002,0.002812060791714133,328.6373782989898
3003,0.002592168140206643,100.1730318809272
3004,0.0026580710165278656,246.3546053940088
3005,0.0023110196408454996,338.507470499068
3006,0.002169643653080409,103.92857181535038
3007,0.001728744072195319,30.966360749704386
3008,0.0026105633941119625,143.8663237084906
3009,0.0020028161839364495,171.30540318351535
3010,0.0025462611180214994,174.23791944773637
3011,0.0032243533463550546,129.75502916312288
3012,0.004514642213601699,30.650209175215394
3013,0.002704486184266501,253.38434292352704
3014,0.002104918532738684,325.83499446709357
3015,0.002675412061787053,70.75136019149977
3016,0.002212785952193568,76.40038982976962
3017,0.0016635791665836363,104.76009614422159
3018,0.0022343255011771806,325.785384901911
3019,0.00278545125178966,71.30165230302867
3020,0.002645479327673622,40.96492679859728
3021,0.0030915571115235174,124.69817758414155
3022,0.0024092076022034174,145.19131365231982
3023,0.002311402738716704,101.30682562113775
3024,0.0023439108076864857,262.90993437107295
3025,0.0019272138383097921,76.93993449358219
3026,0.0023443286025933,147.42828375132137
3027,0.002088759584474811,31.924946952518994
3028,0.0031122196663081643,186.4293628232854
3029,0.003138599017277134,251.8399961796222
3030,0.0016148935670972312,58.614242532692316
3031,0.0021886733122826007,181.28565243038852
3032,0.002543093451735536,256.37434221721173
3033,0.0026659607189117958,139.16697551938026
3034,0.002992096349307697,144.33758660934794
3035,0.003147725979733178,106.23655171254515
3036,0.0017436166945117293,46.01137921191303
3037,0.004494921150235941,30.107221098602345
3038,0.003586023246498371,255.77617478433316
3039,0.002517478677523636,100.5938832865957
3040,0.002076341036379083,43.32110010351631
3041,0.0030725094442280187,254.7760392700983
3042,0.0033252800655238137,29.1816382395554
3043,0.0040033069325827765,30.487342652154865
3044,0.005010255282756808,28.673125883487792
3045,0.002751398928413144,58.202172815777125
3046,0.004923139495189127,166.2987432849511
3047,0.0034831368662032883,176.65339440888437
3048,0.0036968937248103256,77.81842471897693
3049,0.0030762457396261967,103.31077631832989
3050,0.002984213343226394,331.716736797679
3051,0.003131309291767628,99.78315893026145
3052,0.0020414801906168826,57.683273516939245
3053,0.0031859374060425986,30.340542421347056
3054,0.0030548752045684397,29.627222856431
3055,0.00298532785858992,69.4367510975069
3056,0.002992177282925388,251.95644934779233
3057,0.0037016697169747204,47.96328976205282
3058,0.005001589787460003,62.10957444904985
3059,0.0027078675025269646,180.287257865164
3060,0.0024392697966752826,43.86794022781332
3061,0.003302272699109945,27.80107393190028
3062,0.0035944273486349034,136.8546897484439
3063,0.0032784451893278924,100.45996395517652
3064,0.003763293870619724,184.6163840368376
3065,0.00537297469319606,58.97284853450393
3066,0.004103856405374638,71.85749426846137
3067,0.004689129654113874,61.25294941110558
3068,0.0028504418668937,61.89079721129294
3069,0.005313888427473889,59.42249174929303
3070,0.004438466827526678,46.25906418858277
3071,0.004144468441091734,27.897927173347718
3072,0.004054538422106938,170.89758126207497
3073,0.0037862265635956616,58.853072233875814
3074,0.004487776086010607,56.733151461871515
3075,0.002683336288037967,32.12716257548095
3076,0.003379563563914008,329.29970071205014
3077,0.0027057900768685046,74.76790445095375
3078,0.0025345706293329693,183.60865049877702
3079,0.003704756175536134,104.38724642858934
3080,0.0029042297538904617,56.61112317754134
3081,0.0036784661476874244,57.66480154752193
3082,0.003107098238274983,319.2634138891913
3083,0.0028285489882710207,248.7508021767434
3084,0.002453797728185705,181.74711671582037
3085,0.0025785671957341124,142.2467586809812
3086,0.0021938949572297317,65.38800633306484
3087,0.002329005286079224,175.6153365364934
3088,0.0032069930574917553,44.035400968106934
3089,0.002843536179272905,330.05258581931525
3090,0.0024317082964789988,247.73890418106845
3091,0.0030057929851848757,59.95460237957193
3092,0.0023973346445787824,103.31574349521868
3093,0.0023293722207603285,337.0511325568026
3094,0.001907038066087487,260.5297533408147
3095,0.0017110212085522077,142.80165774375482
3096,0.002112708440296215,174.9756603014216
3097,0.0026513878388658876,108.06588814546379
3098,0.0017212654039956926,331.6161844437512
3099,0.0015455533025552015,253.32423940166188
3100,0.002185928142633861,144.15134894852872
3101,0.0017043343102921278,77.555128636044
3102,0.0027512948212957285,47.92471341066847
3103,0.0018262312042742924,338.13120443180355
3104,0.0022465562707789074,148.28160592456757
3105,0.0015499224300583592,49.37623695788365
3106,0.0027631046903332243,71.1605230283702
3107,0.002205140330448726,173.27303971235943
3108,0.004436991236001927,73.31468108864084
3109,0.00491545447283866,29.904550023892686
3110,0.0028862329825492497,182.97007200620635
3111,0.002741473305202537,104.68909646046168
3112,0.002410619057878523,32.44159974711853
3113,0.003036500727620688,103.30123192494675
3114,0.0043344813789603495,44.493247450379
3115,0.0027283180248120734,31.289368793957216
3116,0.003444903027614178,255.21418288406286
3117,0.002014129523728516,56.921644129880484
3118,0.002574346853476712,335.26323750779886
3119,0.003279820919842006,144.9356677235856
3120,0.0026788989489432424,179.30666831000877
3121,0.002284174744981448,169.24632194440014
3122,0.00263670080445221,101.49195972309643
3123,0.0021999919295362467,102.99805120797632
3124,0.0016205684036862836,71.55052593240323
3125,0.0020177209557867585,172.19153594611097
3126,0.0021570612208541627,104.17892272221498
3127,0.0022492700345075286,63.20677630361901
3128,0.0017837105657030996,257.0667661638535
3129,0.0024956876959304035,75.01280342809233
3130,0.0032336889510318273,72.72777444978125
3131,0.0030950043874327093,73.9138127049337
3132,0.002859294359753934,73.6324997617614
3133,0.0023388411125149734,100.56284535867185
3134,0.0025708923753650892,64.41044270758934
3135,0.0032799049698263153,70.67853045833029
3136,0.002946722490728486,337.0718869517475
3137,0.0026390159545931404,97.73077844144893
3138,0.003218061375016325,47.12960222641721
3139,0.0030149084452352473,73.90022531728472
3140,0.0028047510247481773,332.3719625688119
3141,0.002527425001431225,70.7430021722743
3142,0.005620571044032815,33.249125634043914
3143,0.0028361245101852827,102.57706272696726
3144,0.002066254940721344,48.06941892609762
3145,0.00323215664099934,332.7901531599104
3146,0.004028886563901324,28.62186361762177
3147,0.002892155317260378,251.89550150244654
3148,0.0026665725161496385,179.49574164486674
3149,0.002431173449519814,255.38793400263836
3150,0.001592708516878794,63.628878999210784
3151,0.0024757094126445583,259.9664063719703
3152,0.0028296955354783896,75.6502954549219
3153,0.0026295742176648995,255.5228718532458
3154,0.0025137876543138665,147.08509213625865
3155,0.001608260531768259,28.663962521793987
3156,0.002858662051155549,142.83029956665345
3157,0.0026970385802646863,326.6179447754889
3158,0.002483044639658646,248.64864146913257
3159,0.0022827969846496007,181.47928120906406
3160,0.00201746240365781,178.83537648648647
3161,0.0029912881440664297,136.01734910274274
3162,0.002289106215887739,326.21373089165724
3163,0.0018528310547235131,72.43426203711199
3164,0.005984528961185976,27.00359029724563
3165,0.0025674287413284427,104.69349013288456
3166,0.00265528933868126,181.5914572551103
3167,0.003223002044593012,135.99362045585661
3168,0.002934690391624384,78.53633998777792
3169,0.003587198728816029,135.73499233468164
3170,0.0026060803538012598,106.91835830052776
3171,0.002489807620365574,33.1416215327793
3172,0.0026256879062521435,183.00382107592947
3173,0.0028257252482297725,142.5556015790194
3174,0.002032540043728659,47.96090344008584
3175,0.003840756763766275,61.87576887051265
3176,0.004085025846017323,104.30491324355799
3177,0.0034864059252376553,81.07060198575428
3178,0.0028567002701945354,344.0047447111251
3179,0.002441078424488716,105.80838666558567
3180,0.001978183826441498,64.98953129165581
3181,0.0024570261746309887,76.05077717838111
3182,0.0030252622710159396,71.22493109039335
3183,0.002332781619033257,76.24039995107762
3184,0.002950469844590954,143.0617271318044
3185,0.0021883867859948873,44.56973965269372
3186,0.002942760752760187,181.6181938805818
3187,0.0032085912397716047,43.853050744574084
3188,0.002283496510113414,338.58138326185554
3189,0.0016303302053811736,31.990641519069808
3190,0.002695853498031076,146.49527433759934
3191,0.0026421264723270528,78.02943780012437
3192,0.0029687081526365523,79.17097818471008
3193,0.003637648346476826,145.5391681388627
3194,0.002987014077252998,73.67084383958077
3195,0.002690884409625701,100.56775362124871
3196,0.002825075441032239,329.42275633658596
3197,0.0029208660394156264,74.56027571887911
3198,0.0033523153108182815,80.8974102525169
3199,0.0038531211637844636,75.47003324327018
3200,0.0028491400167957783,176.15441921046005
3201,0.005017433524533937,46.51577895705865
3202,0.0034165743116355987,180.948569176299
3203,0.002313118357294461,327.87586794285465
3204,0.002498934086122943,332.81896116139626
3205,0.002646078542594213,44.08445617185584
3206,0.003249045670137571,64.26643389909626
3207,0.002189201473952316,256.6957659068399
3208,0.0035385054677243392,63.665485242775866
3209,0.002733469728590861,327.9189850205911
3210,0.0032396260400411312,149.71777980323938
3211,0.006488752241019593,32.57766134808354
3212,0.0036751622219137236,337.25766096782513
3213,0.003363589007108966,147.25983515915425
3214,0.0033289878163610042,58.11809210950894
3215,0.0024819253265542848,47.98485506693216
3216,0.0032124404986693693,146.69891066131916
3217,0.0027813144786987196,255.48110217579466
3218,0.0019972969466485104,99.85952247901011
3219,0.004218356412666715,59.11505784620236
3220,0.003227121714442865,176.17408229794518
3221,0.0024724548304500505,103.51774135092124
3222,0.004544132384703639,77.58831129379915
3223,0.0022929767339621935,253.89295462025922
3224,0.0062043065188155545,30.734287192843112
3225,0.0032556019364550345,63.73476199436507
3226,0.0037277493132093628,105.47699524419029
3227,0.0031591944600560177,186.38180222158354
3228,0.0029534991009624975,146.27433365118824
3229,0.0028482084722412054,62.0004525404771
3230,0.0028789265620382384,180.63671530784833
3231,0.004156780129760283,63.00820855685884
3232,0.0034770590939623273,30.970600099998826
3233,0.0024516175609265623,262.8092111943029
3234,0.0029846779078858145,182.07537090710568
3235,0.0024806832591232654,336.2889155450294
3236,0.0023015184107210572,342.89409128850974
3237,0.003146927801350041,57.72141303945307
3238,0.0035327060369822636,335.2191584363123
3239,0.0024576523714712655,187.18528717006257
3240,0.0026154472746656183,186.17575177825145
3241,0.0022053957046344144,183.33077430841072
3242,0.0024653999437480078,101.22921678660126
3243,0.0015846080644004014,30.935732656108602
3244,0.0019254157650721027,48.56669371607206
3245,0.0031609822972032565,176.1017412748626
3246,0.0028613965256363127,339.70290999375425
3247,0.0026317301812475344,257.66319766741907
3248,0.0026133729457044333,30.030955734094395
3249,0.0025968935232690287,328.5355815164762
3250,0.0022577268791111544,338.25960832649605
3251,0.0022126273887591095,173.95088809821692
3252,0.0021144062719196718,48.59863503734303
3253,0.003234516294594806,31.153480120922715
3254,0.0025835206338882216,62.83490255305178
3255,0.0030787578123954986,179.47654029855784
3256,0.002804638075268975,99.91156864302347
3257,0.00329648601272593,29.68265436866609
3258,0.0027821332311300326,178.26948739570773
3259,0.0028343957131325556,103.2348766372559
3260,0.002748696809581995,262.65404958404633
3261,0.0027363228922714024,187.8798394490097
3262,0.0033593384628497567,108.82850367006998
3263,0.00298986196167579,101.4798248874654
3264,0.0044443651880814086,74.6437384748018
3265,0.004070470184987326,49.73988544096147
3266,0.003884539722093905,44.97716743625319
3267,0.006103617668549274,30.45300091607664
3268,0.004287856626630396,174.16802808630453
3269,0.002378314667252058,105.30962717263834
3270,0.0027324118305686058,335.28682026343523
3271,0.0028226231670137516,104.02463004093909
3272,0.0034281787166165344,257.1554638970532
3273,0.002399194143743469,256.19113385530227
3274,0.0017009667862729787,337.4898048153528
3275,0.002222716145250573,166.80191812663085
3276,0.002033721512807179,178.6064252728022
3277,0.0019863497802136932,182.8522685155027
3278,0.0019774430403246652,55.791661258863165
3279,0.0025423276928782977,269.45746315700063
3280,0.0019045638325763852,333.2357109201888
3281,0.002026716527684008,250.26996230839737
3282,0.001606729591168749,43.981638389237176
3283,0.0015848564264919537,331.768309465161
3284,0.002767227492698182,98.69427181929098
3285,0.0026562621977281593,253.91628141435768
3286,0.0025532300641176475,100.40012594216043
3287,0.0024255783658912243,29.129972007305007
3288,0.0030456347512600335,177.6098196702181
3289,0.002709498759182475,335.3453976322564
3290,0.0016997958930190535,58.55889669790129
3291,0.002486426885356351,331.390334182188
3292,0.0021658113061586307,262.74680540640003
3293,0.0020101543782787964,64.71995246690311
3294,0.0026104174655788674,262.6290496929543
3295,0.002615597842291724,182.2880338588271
3296,0.0016515239725884063,330.28181847681725
3297,0.002069234393223871,255.7969506143246
3298,0.001648653344430278,56.561854402424345
3299,0.002592356171439907,182.3293893344791
3300,0.0016933284105107305,260.8454126114559
3301,0.0014771656627444673,64.92097729544308
3302,0.0016902901565200327,337.67029998762683
3303,0.005537982200809799,29.07116258452093
3304,0.0024303302533150327,177.1001232761687
3305,0.002135681335595318,336.8978916618322
3306,0.0030909489555720152,77.66657771774122
3307,0.0027409755735876623,338.8263037655737
3308,0.0046200466764777706,28.937778219999437
3309,0.004231701628226359,77.64404991911321
3310,0.0026730732502544233,29.141692076024224
3311,0.003885488890503168,77.30452258495373
3312,0.0032216764405122084,142.80808044446877
3313,0.002529323618906322,145.09071134751773
3314,0.003476417365065474,72.20042923258586
3315,0.0032164296406617596,260.0042190894139
3316,0.003275043735811778,104.05093137918483
3317,0.005024986363674417,31.669019792426383
3318,0.003677485004719544,61.51903534459347
3319,0.003609201550277047,141.89166645582569
3320,0.003064601748684443,146.10054111458433
3321,0.001501454762877653,50.143412646221734
3322,0.0041275885148861075,143.48063429226374
3323,0.0028763929491245877,102.03821331381947
3324,0.0032963499156372002,97.62126582710427
3325,0.003745502636857881,45.45945710683978
3326,0.002329236880885563,74.74383532375198
3327,0.00314438739865758,264.7241915455174
3328,0.0038660065043726577,104.77482364873542
3329,0.0029986375883219387,105.12471906225667
3330,0.004835249069571037,57.19335131927457
3331,0.0029190392482839164,182.32090446270112
3332,0.0028222155517414163,328.63017490077345
3333,0.0025079024252937818,181.42129257096352
3334,0.002070640824909632,332.23329173654287
3335,0.002625040092400898,76.95337576864577
3336,0.002908810610139111,99.68420461791872
3337,0.00286918765807254,148.76954118595057
3338,0.0025367549375844714,104.68985094631093
3339,0.003771566063071739,46.087056065292224
3340,0.0019073854930579332,137.7992310466541
3341,0.0015347768609805417,27.592283710192568
3342,0.0025106461103372494,178.90868561823567
3343,0.002989789626375681,181.43266239671482
3344,0.0025082110726744157,58.575750675804876
3345,0.0033450510437448384,57.030425777934134
3346,0.003920949217340071,101.3252822555466
3347,0.002969746243085775,257.7628961745313
3348,0.0021288003254597587,261.537027491915
3349,0.0026707616717250985,332.9565800920191
3350,0.0023180902846865344,184.95405908333476
3351,0.00234171478528488,141.5901051304953
3352,0.0019789416293025243,70.53184590702554
3353,0.004150776227272052,44.42854839013672
3354,0.0025772931842504353,61.690373628587324
3355,0.0042090555063372575,31.19860344762289
3356,0.003591957566547127,30.908917819147785
3357,0.004447937065798704,100.39029560201895
3358,0.004511260739537508,65.54843540822642
3359,0.0029418192603470838,180.60211560098838
3360,0.003385300968885359,72.10476696760946
3361,0.0039917290316786825,138.99083932443983
3362,0.004004956513321022,332.67932961049223
3363,0.003241443387993321,180.46820529429252
3364,0.003891992215183284,103.73422106448594
3365,0.0038411804342422797,176.7299023238643
3366,0.0022509868242426385,255.86964055625566
3367,0.004030468357576375,100.04193373104927
3368,0.002815732848305452,180.33899476639192
3369,0.002020859864173963,134.88267103211047
3370,0.002464217403277131,59.14911570198324
3371,0.002139676958739239,45.76754840631534
3372,0.0025541527522466526,259.97314398507086
3373,0.003115016146463385,259.8131234366996
3374,0.004195204926102217,63.544841755067694
3375,0.0033757130445751086,45.106291820143646
3376,0.002727466194629255,183.75493097895364
3377,0.002509509061961911,43.55083673893614
3378,0.0035911352325246506,102.41107024914162
3379,0.002838736092754628,335.9667886803886
3380,0.002924870819557467,100.5893275109416
3381,0.002675414405969806,146.2899048497681
3382,0.002881789628657783,78.88949754290621
3383,0.003113130773489899,269.7055210862113
3384,0.002456647002031665,335.69476739649843
3385,0.0032507122001735004,61.563349718064096
3386,0.002383135446487913,337.56331237716097
3387,0.002380713435079749,42.22201549230648
3388,0.002297562714913101,255.1028299724012
3389,0.002426728970583508,145.87660397909073
3390,0.00188597137573445,41.150131288850055
3391,0.0036384446299554587,30.48373903318569
3392,0.002736922962755024,185.33006315829516
3393,0.0026513855680361264,187.93552853157695
3394,0.0031732486732780306,143.49114534383747
3395,0.0031122058530030665,146.26705670435808
3396,0.002380471434072525,73.16015155961436
3397,0.0023270612772151806,178.96365741908872
3398,0.0028651821400601943,103.96628701225177
3399,0.0034082528038032415,43.036049227910105
3400,0.0023192456112817376,42.89023107239187
3401,0.002410188322567686,28.823487897479286
3402,0.0036385617265225914,102.71888496071023
3403,0.0030235490962464396,60.588620926197436
3404,0.0060284090590169495,30.672638813138917
3405,0.003203903889839312,331.67263790021804
3406,0.0025578770915131287,68.34954198790977
3407,0.0030415066609786896,258.2119315306861
3408,0.0037727871998052658,30.019863792880734
3409,0.0038277746265019483,31.792591420019434
3410,0.002962510253592672,101.70323899780051
3411,0.0030031234606397636,334.01669026440203
3412,0.003948751328028844,42.543586622321335
3413,0.002616492357493868,172.39930584640774
3414,0.004173273696840231,70.12113151359426
3415,0.0034837444072519743,136.3266039786199
3416,0.0026655751295345934,263.00098955136133
3417,0.002962656667093565,260.01231532598547
3418,0.003901256148464646,59.44507977961004
3419,0.0028713243814449596,184.0442008125526
3420,0.0037192759541953405,46.43708413735927
3421,0.0032521328063152256,106.56336247497298
3422,0.005046415531602367,27.961196155838472
3423,0.0043242861936270294,30.893140444015877
3424,0.004402387210945362,63.23088184426234
3425,0.004827685724111771,47.66063233206969
3426,0.003781891113383291,143.88579726135472
3427,0.0036669752354590367,101.46528398867734
3428,0.004571093783281759,60.64541739073554
3429,0.004371462238837844,261.60249128483684
3430,0.0033993283783064934,104.23116040318219
3431,0.002912788330885472,343.04784872359096
3432,0.002813440755992567,330.4235783819434
3433,0.0019311484775884516,247.94491548353648
3434,0.002159461453629774,46.050245002209124
3435,0.001966286168718613,185.1957210293563
3436,0.0027419744669301012,48.52611688924966
3437,0.0020478142315497223,137.617596775602
3438,0.0021232566259395506,76.70312308240872
3439,0.0019563689099693594,96.08280607619432
3440,0.0023665453147752825,65.06144279749594
3441,0.0034371092583233686,145.197729374798
3442,0.0029027241287474534,73.47521031856259
3443,0.004064346772793215,62.25122417448685
3444,0.002712039876052049,146.52020224754745
3445,0.0038023892415104763,182.95382241078374
3446,0.0028602931878285555,183.4687935903209
3447,0.0022969874017026333,74.39616024860062
3448,0.003065516315915817,73.47145059332236
3449,0.0024305772707539854,182.1355739740364
3450,0.0028392719557534573,108.12783588416178
3451,0.0024735242304020646,141.70379609067103
3452,0.003307513684545884,54.53349673902687
3453,0.002088233060853271,342.9613366427277
3454,0.0024251278695215208,144.4150256695469
3455,0.0020251121259394662,183.0654448277687
3456,0.001495442783801916,183.23001175234387
3457,0.001665636478140765,43.49077875608267
3458,0.0026388152576915813,104.132867005978
3459,0.0047261774141526105,28.921938500329812
3460,0.0023837296328285728,102.36379551241626
3461,0.0032699906909918254,258.3153982788613
3462,0.0035677749667605706,30.590692211562494
3463,0.0035531668382228,69.56708352270229
3464,0.00248084094707504,258.5504025463238
3465,0.0026211140070577007,75.19329910302712
3466,0.002059796684643259,264.0637881467464
3467,0.0027756835120657094,60.250559098449074
3468,0.0032513878014187553,31.37932905740573
3469,0.002766601777308936,102.50208685432287
3470,0.002869477823212588,257.7897982344007
3471,0.0016580511434546457,78.15104378382253
3472,0.0024395263633401744,30.55301569611133
3473,0.0030494088268167934,184.89062360417512
3474,0.0024822165075936544,70.28533264554767
3475,0.0033249914858507986,53.89933314996518
3476,0.0035606028500467044,340.0838704168028
3477,0.003649491915476156,71.696131321768
3478,0.0023546851255043686,71.4553912268038
3479,0.004834142887954262,46.78102242723223
3480,0.003376201690172689,188.75577626656232
3481,0.00301686185140802,58.134068205513714
3482,0.0021188408106770683,58.54017077538406
3483,0.003015537792266145,72.83939755720222
3484,0.002889925128867207,257.52927717734923
3485,0.0023475360325742284,336.3571207359472
3486,0.0013780220666229912,144.02240958689265
3487,0.0018133501853396367,336.090063594725
3488,0.0019170307398742577,260.33498825730624
3489,0.002563952983319513,99.4552045872297
3490,0.001902858061173543,265.2068555338655
3491,0.0014534665193656733,321.9656915222861
3492,0.0026739764750878937,31.356323961376994
3493,0.0020265984077579217,74.71324315896592
3494,0.0013698355151890692,46.800469739260734
3495,0.0016858039983570303,31.525695733792205
3496,0.002172475387015839,77.69721046111935
3497,0.0039222119782855525,45.13451417260145
3498,0.004312030544779504,31.405213224206143
3499,0.004033471866347038,59.01791799601539
3500,0.003696903317908549,176.51589542269602
3501,0.0026909373444306602,43.91495998604806
3502,0.0039628631421399375,64.1593038739071
3503,0.008254179979133877,58.258449311393214
3504,0.0037479493524231774,334.78352630690455
3505,0.004490990487210109,77.13827611138694
3506,0.002587804453703695,179.63143602480497
3507,0.004202986557097806,62.76526724692935
3508,0.0033422116938548723,327.164089024452
3509,0.002558430686541524,180.50510134636679
3510,0.002412374208762304,74.82543449790217
3511,0.0022428715862398752,336.685485921857
3512,0.001895221509444054,333.6593214337151
3513,0.001803649717350683,248.06310245477366
3514,0.0015332257303114225,30.113685596477296
3515,0.0022188605438534814,266.0019401439401
3516,0.0021055564235980383,339.6816356888301
3517,0.0021127485749380306,102.67311201137365
3518,0.0023557683572602056,138.4267553654979
3519,0.0019860064022511107,256.90033465208404
3520,0.0020750551321097443,175.27581965192172
3521,0.0017318376030252202,75.2845839047527
3522,0.0019705079740419996,255.24503800566006
3523,0.0016329193383808646,338.1821677950962
3524,0.0018131282365691339,72.98088641225578
3525,0.001825244347392011,144.463454283049
3526,0.0015327864016030249,70.92263719659802
3527,0.0013959021744085476,29.829507027459993
3528,0.003570199897297933,145.41579919374638
3529,0.0027758373624361043,59.60687572650912
3530,0.002120195322102238,104.83026913134034
3531,0.0033660320787583767,184.44437846743585
3532,0.002829083515829805,339.84204849398486
3533,0.0026802267274293767,97.30567979561735
3534,0.002913046569824153,256.3660256086051
3535,0.0035615562325293174,62.660341761007984
3536,0.0034013366143020953,73.50554655654476
3537,0.0026620053637039696,78.70013342447876
3538,0.002911676163255999,48.504444738010605
3539,0.0033172372569769603,31.131581001123017
3540,0.0041193165625618595,82.72188564158537
3541,0.0051452957382353655,173.24032778263086
3542,0.0036812054538379675,46.859449086012994
3543,0.0027354041473807815,60.4748783448788
3544,0.005032696571036537,107.58229935585507
3545,0.004130088528497787,29.277490781005866
3546,0.005495504044609753,102.09458466959842
3547,0.0037124454937386576,330.9766644416466
3548,0.002768159301426336,43.75066940317676
3549,0.004255955197995657,145.9707975909914
3550,0.004124206487982434,144.1427823400569
3551,0.0036735163222636823,103.36638578982364
3552,0.0018684088175585454,31.829572104615394
3553,0.003387534520198373,251.62255986247223
3554,0.0023776218167140856,30.87626795924625
3555,0.003171754808941756,146.04299523752704
3556,0.0028239076767624257,257.4638066844114
3557,0.0029197103746960943,331.27680613778233
3558,0.0029737045107511633,259.66898440589614
3559,0.0036728465586969143,76.22093940760543
3560,0.0020736350030234724,184.27990481574818
3561,0.0021426855698759746,258.2526658394506
3562,0.002277990678804003,31.8911603556037
3563,0.002960262794833677,106.10233952584565
3564,0.002851671395826718,102.8937386840415
3565,0.002301408005761504,256.31048082888407
3566,0.004631648109603577,29.02083021945889
3567,0.0025932432388184627,253.37816686753857
3568,0.0030850725933062127,244.82832837520291
3569,0.002602133701882324,180.88515560856698
3570,0.005373811693557814,46.87469186956685
3571,0.0029863437851507654,256.50767962090936
3572,0.002803021060533155,336.3750845326532
3573,0.0010528046909242,30.315887672881384
3574,0.0021959346062927084,43.6388499606889
3575,0.0026300081276339126,263.6788188259488
3576,0.0032976217218022995,339.161398235477
3577,0.003863945289760357,44.51642835821304
3578,0.0023122657778032667,332.70928255344916
3579,0.0022909352907627694,254.04701315270833
3580,0.0030771992746379292,28.760908262402
3581,0.002842624261254866,255.06299694640842
3582,0.003004804486427582,175.38886444132473
3583,0.002118239151329633,72.6459791512019
3584,0.003464753326902687,58.18458210792865
3585,0.004311589084946635,46.157685292212214
3586,0.003026754334761359,63.82879515584758
3587,0.004198764337243946,44.05661158015689
3588,0.003828188552548594,97.99631631677688
3589,0.003241934106326209,142.28027824835146
3590,0.005832803164406053,29.949927230020023
3591,0.0035231181435162783,183.38896953117307
3592,0.0032325030993364387,63.45736599787745
3593,0.0036025287650941723,183.9581249069839
3594,0.00338185170898514,182.00363790979878
3595,0.003196910257289486,105.2104349236011
3596,0.003041065360914711,62.45022882149665
3597,0.0030149907564004617,335.51891407951666
3598,0.0021929620180715986,252.45545793124924
3599,0.00321521776776674,59.500541309037175
3600,0.0034066704565984107,185.0050742408473
3601,0.0018365692458976025,339.3134306710876
3602,0.002081939657984267,253.31086404055853
3603,0.002273987149777516,346.41393730223837
3604,0.0020211963975188237,45.26050482640008
3605,0.0020853899306121824,338.46468177862033
3606,0.0017377831307975292,70.26548855028041
3607,0.0020459970007548982,142.1017801276488
3608,0.0026970687365312847,47.07848380080954
3609,0.0021750421206684586,334.50172935723856
3610,0.002310598834489664,327.51344231325754
3611,0.0028190369357250634,137.774236252843
3612,0.0019779870602012035,265.9998374200182
3613,0.0023600275818426854,70.81243889359101
3614,0.0025529024472701633,77.28122277235941
3615,0.004384386919302694,97.6139972473987
3616,0.0017004763747160002,29.92652190939938
3617,0.002803510954089285,182.01314934232292
3618,0.002057404103883092,263.73686932619336
3619,0.0023416143492893853,74.28730520597523
3620,0.002387933476020991,339.7987595214707
3621,0.0022867060977825367,47.82948795752479
3622,0.0020957812376204508,102.87956991434615
3623,0.0023857249674170047,176.59310805973075
3624,0.002607166456807578,331.3814330945115
3625,0.002036155663248997,263.99648952503577
3626,0.001826526842780799,183.7921347651727
3627,0.0015667456947743756,29.833260434738918
3628,0.0016931037442545185,144.81384757223452
3629,0.004629933660657242,29.15161022129862
3630,0.0028437678567532895,190.0599502686737
3631,0.003647605581455856,69.0954919255207
3632,0.0033896801885291367,73.9375907736624
3633,0.003599099931232127,176.550237379331
3634,0.0034675655297422467,142.95556354445813
3635,0.003102364145081355,339.0105910117741
3636,0.0029316165821057305,178.26875994528297
3637,0.0028298509250511807,141.4326564574718
3638,0.0028642701917136544,59.179461244884365
3639,0.0027105111606601133,141.87635015831836
3640,0.0025474742238449665,144.6181557023611
3641,0.002182810176119945,327.9743386119814
3642,0.0015599641450204547,45.50425223323142
3643,0.002233061520182551,148.11030302041846
3644,0.0029729374549913637,29.918639679411218
3645,0.002792582975703688,340.1190100781445
3646,0.002817969231887453,178.8323086565303
3647,0.0021691072920062156,46.029737654664025
3648,0.0031972813755531274,103.45577829853728
3649,0.003910159824122043,59.12732813206775
3650,0.005028471764569302,149.77146852329386
3651,0.0025865241577647936,269.7136939533686
3652,0.0028767761423142027,58.26805243485542
3653,0.002773601498501206,254.3772618817869
3654,0.0019669163689614673,176.47417775499176
3655,0.002182398751511545,105.56621133051105
3656,0.002783749324736004,175.82846270702115
3657,0.0020354806940819656,344.88865497903396
3658,0.0018845843860125988,75.23803891489725
3659,0.0016161198555923405,28.361124996020628
3660,0.0023204228836661545,186.7895951241178
3661,0.0020001933576871303,178.4207351941859
3662,0.0018411714995806656,338.20239637751115
3663,0.001798978276844575,266.17414053756613
3664,0.001742033978768053,43.600836564174685
3665,0.0022623909177530506,144.2170130162152
3666,0.0029005981549827,45.56633939976736
3667,0.0028854926501455185,256.54238860709677
3668,0.0024906863906548546,338.02935154248604
3669,0.0018860453004388798,31.621853983079628
3670,0.002841703205004345,147.9368374602261
3671,0.004600371172322461,69.1479909639906
3672,0.003529702287041063,76.75181392692669
3673,0.004892259969923983,32.21795893531895
3674,0.004685753864368263,107.63836037576888
3675,0.0036689153966667967,102.45059107620733
3676,0.004318805277309979,325.3607490825059
3677,0.00532101278668822,59.07448460608625
3678,0.004023575482868772,74.63206904242936
3679,0.002550615010611774,138.84715778174433
3680,0.003941618317785282,181.10570260461827
3681,0.002872833550934525,185.62584408715506
3682,0.004305842413079267,29.196441587984715
3683,0.0021452093710179507,29.91578764105344
3684,0.005448138669717909,45.58943050111666
3685,0.0037454686612812074,254.98670188994043
3686,0.0034048426790957756,27.84161821922013
3687,0.0031205626676632757,343.7176621932568
3688,0.0024932949076960417,71.4768969074076
3689,0.0033453875754060128,61.82506539563551
3690,0.002201127485092841,103.479209095678
3691,0.0025776766441872327,328.8343924774962
3692,0.0022485609835588916,60.55847142331926
3693,0.00295239107306431,58.767120826233395
3694,0.003107212919282822,44.186605101096035
3695,0.002519616098957677,140.1262509962394
3696,0.0029451785311804006,44.649422052628196
3697,0.0033534305141567867,56.607517955024626
3698,0.003090614027089557,177.0935067801506
3699,0.0033562079527795835,135.79881306100225
3700,0.003023583329389934,336.24335089202754
3701,0.003113165773676293,79.3814809683943
3702,0.0034839444492013494,265.8234636582314
3703,0.003027700953942858,177.2786505559581
3704,0.002192378940754013,333.03578623658495
3705,0.0021008347014731814,59.217891319364476
3706,0.002228017348478226,100.54293684906882
3707,0.002078285769767294,324.8264942043041
3708,0.0017779633908503456,42.52428063956267
3709,0.0028818727859570886,33.554354106873184
3710,0.0026123079156744867,104.07502356182562
3711,0.0019960170101269246,264.6201751118985
3712,0.0022435508852128422,144.97126937487084
3713,0.003365459120310522,30.992825582668083
3714,0.0027704715058044296,76.55654537611765
3715,0.0028445414477923456,103.54586389379662
3716,0.003573212057570065,103.87677263716026
3717,0.0033938546833072454,172.40337060005828
3718,0.0035465192683761687,328.6504813692989
3719,0.004393356828255823,48.594914381300775
3720,0.002095121110290744,46.08586970591647
3721,0.0031944024911130338,339.00276797357907
3722,0.00332600312351526,71.98373644605358
3723,0.004225510704325631,141.44068833213345
3724,0.0033383607576662148,140.6184130142647
3725,0.0031346460255835236,43.11139619074157
3726,0.0036449922431743198,137.17393077036965
3727,0.003187260644936907,318.78183024572246
3728,0.0028599143627888197,182.51151107858277
3729,0.0030968482844503046,251.75529082855743
3730,0.0022426173470232475,263.0259481208141
3731,0.002538241549770576,108.6308229496948
3732,0.0020148335546501892,179.984552965708
3733,0.00242902759553442,264.95490033967127
3734,0.002184769922565728,184.46404390898994
3735,0.0018611063352981722,141.61796961117005
3736,0.0026865078195606844,148.24797989265153
3737,0.0030299727318222345,31.92215122339657
3738,0.004108313808749451,44.39395014832286
3739,0.0037168456614877373,45.17026252572716
3740,0.002241660062243451,249.62136841663127
3741,0.002086947791901145,75.57187017636431
3742,0.0025055946610074774,62.061538094777255
3743,0.0016570839717791512,30.976876953451274
3744,0.0023972576038460906,328.27344828201046
3745,0.00325064444272217,103.38244101798381
3746,0.003111044409078457,190.90020463383658
3747,0.0030397390001363003,75.94918063710637
3748,0.003183560742119221,149.32119467787103
3749,0.002586809887099062,182.88908144248998
3750,0.00241822824564759,333.4528933480556
3751,0.001933640400165553,138.50686027035312
3752,0.0020217072593306695,59.02593068850908
3753,0.003059886008486501,42.48385420577655
3754,0.003574285944322149,139.6730646860692
3755,0.0022896940432951,333.7557191066587
3756,0.0015409249185845634,77.19699472152733
3757,0.0023860730734318516,98.44966336210932
3758,0.0026471047782391766,101.72771653512027
3759,0.0025299689147108106,338.6359660827484
3760,0.0023610873825488784,99.92243132820838
3761,0.002505735438516841,57.292793819986635
3762,0.003797818599887763,257.3339865480352
3763,0.003510511695386528,257.3149880894591
3764,0.003760510508908664,76.80272953753932
3765,0.002402935200170132,30.48932851885557
3766,0.003539816592654626,42.90936898072998
3767,0.004208263348981249,171.65644321759058
3768,0.00399517714898645,140.8025830089893
3769,0.003905074441400763,136.50160732932721
3770,0.0030971523728000653,338.0347278562452
3771,0.0036735531657295477,77.97601889386478
3772,0.003234375454559409,65.25870881929127
3773,0.002437582606188711,252.42390870862198
3774,0.002336702245821502,32.112282664453495
3775,0.0016639155665788248,47.154146147629945
3776,0.0034163677120301085,59.055064763327586
3777,0.0030672829939035274,147.3448920928641
3778,0.0025581403482197087,180.27784087124027
3779,0.001996683184937437,320.3909158493671
3780,0.002586071288353939,250.3857787193321
3781,0.0026439585551285287,179.1730458093733
3782,0.002198295118481361,339.8984634868477
3783,0.0020359303226851087,178.20654303953967
3784,0.0023300871762817004,333.87668468380787
3785,0.004018731770288312,25.96692381640872
3786,0.0026283843163892205,181.81941384404087
3787,0.0020634021074747086,73.11225756422414
3788,0.0020597025258042375,57.41162522897853
3789,0.002626827407143999,333.6725002485378
3790,0.002883924811319823,145.74535849920363
3791,0.002691860219783848,96.97173233638607
3792,0.003366882225330385,182.86080694838031
3793,0.003994162182855441,45.0654715136796
3794,0.0030390993702833114,62.55226508890458
3795,0.0034985930078747372,247.10552641242373
3796,0.0024423561782585014,325.2236554737787
3797,0.0024884352511322766,183.04616607473287
3798,0.0034090981539934132,47.164487466450275
3799,0.00353706294452029,79.51111596064204
3800,0.0033647044436402943,145.38432299277358
3801,0.003051031336723319,140.83612074511203
3802,0.003080224099242266,44.541635321636846
3803,0.0031275902926808387,336.3363995028855
3804,0.003447841652474079,332.92161445975194
3805,0.0033850088137992785,30.58890181704544
3806,0.0024584273264350734,59.41245666366954
3807,0.002950520532525257,139.06618389907538
3808,0.003679745748244882,45.92688290851807
3809,0.003054317322135497,259.73296869488235
3810,0.0033480365732307168,74.67387613311026
3811,0.002472282462140602,72.44870464494353
3812,0.002668861065604083,151.99722337371128
3813,0.0019769904046652615,30.514960332708423
3814,0.0034960875534839246,138.12395993092133
3815,0.002975022862113386,31.43694379095868
3816,0.0034259110415389886,64.07016751176076
3817,0.003382241843319582,178.19268384786284
3818,0.003339919265087347,57.670219039957196
3819,0.0036070702119252165,74.74845957948781
3820,0.0033539770710067198,183.17076545857554
3821,0.003276755315636291,73.28803933013037
3822,0.004114656525755782,60.44566678903744
3823,0.003970398770014491,99.48364829651358
3824,0.004304237047262624,60.87031227938656
3825,0.004321593009080971,177.66141998202883
3826,0.0029460601387762513,62.52569084812006
3827,0.0022268881218002897,69.29942795737504
3828,0.003124353647378775,174.3003914205405
3829,0.004544782571167038,61.7622001555909
3830,0.003502114962210381,29.384981285358755
3831,0.0036443716776772125,140.0902611586508
3832,0.0018241248434260969,32.570814051652754
3833,0.004393787988122382,97.05669965547582
3834,0.002953074083638326,147.65076790198646
3835,0.0030892658236455297,142.1115902078718
3836,0.004245952906925455,100.64435452615065
3837,0.0026921428867781824,344.8243715781589
3838,0.00222647438502313,181.6365968548798
3839,0.0026442651925986565,184.49311999462788
3840,0.002879116875570714,145.59840179328722
3841,0.0019590293837768056,142.98464573031515
3842,0.003204335818240493,48.83487679106873
3843,0.0015208150570426863,58.73880733063647
3844,0.002674848508997291,49.596976705952265
3845,0.002540628971556461,45.834046394701176
3846,0.003198638557384176,29.940834300827696
3847,0.0034639201737245336,144.4384852863486
3848,0.0033301130925196803,29.54325212539629
3849,0.0035625037055974328,333.8615752496299
3850,0.003644165549969894,329.74853603093027
3851,0.0031320231906598515,75.51132333641416
3852,0.003045436857346577,341.8866532123742
3853,0.0023974142438372976,59.322835283722924
3854,0.0031486152122604176,46.246584208829134
3855,0.002124472769873253,139.39291183274588
3856,0.002117053205209834,333.3029846715858
3857,0.002758758638233773,31.793670774035675
3858,0.0018117891962926337,139.2256915246985
3859,0.0032358085586152315,49.99486286124105
3860,0.003182410354549409,43.19823285590696
3861,0.002680765944685999,255.70378249430115
3862,0.002434674109403223,184.73444907679536
3863,0.003030438814752876,264.031173121036
3864,0.002380634114987598,326.9889297390609
3865,0.003245505017573656,29.064424164239608
3866,0.0025840407031486297,139.52891351530195
3867,0.0020271914984254387,180.86730987151262
3868,0.002923914597964141,334.8694261870029
3869,0.0018332289700747177,66.42459736652629
3870,0.002735914760070967,143.59962143060193
3871,0.0028975435719797225,30.791511209342012
3872,0.0037305157451994783,31.768629530439426
3873,0.0032860434666079088,141.99942429904692
3874,0.0028733084398647243,338.0329061281674
3875,0.0029724813579587836,99.10622505775214
3876,0.003956494184987261,79.26185827188058
3877,0.004197785204802318,29.50452375717413
3878,0.0028331261601221695,329.4906905093018
3879,0.005196449671778034,47.87499142803408
3880,0.0031579938964178354,149.2851324560388
3881,0.0023229257476486964,45.05156215433065
3882,0.002655207252856727,147.4752251873849
3883,0.0030797587540828866,142.88499554281645
3884,0.0029577607601054233,251.53524747395983
3885,0.003368302709563507,32.46592258886564
3886,0.0024588106189884665,108.94430799295476
3887,0.00286863721986474,336.3731448961629
3888,0.0031483997790620393,63.03415029405749
3889,0.003022345273579545,48.51602593043108
3890,0.0025057382175950357,260.81699730299727
3891,0.0026803457031187115,105.87867184080075
3892,0.0026319850432900663,333.8961965857451
3893,0.0018212604537015758,338.8744884743253
3894,0.0025244730667719315,103.83910893534083
3895,0.001674169637765972,57.655529429601
3896,0.0031781770504076615,73.4556799994778
3897,0.0034095292132155135,26.56787022991512
3898,0.002183316776539029,98.70020967762687
3899,0.003919984268921669,71.18560269362239
3900,0.0027110384349166104,99.44998100851147
3901,0.0036545628269885715,58.68532506701711
3902,0.003096466145507293,46.024195957438046
3903,0.002465941893045537,333.3671400944265
3904,0.0020152256170849095,105.28327822136518
3905,0.004284945389372297,72.5429966446784
3906,0.0025006823740444484,44.603157837510835
3907,0.002518268394900637,78.54033019820172
3908,0.0031964723700717702,30.572915623341693
3909,0.0036292122662170017,61.072664829168254
3910,0.0032771386419328113,177.681307811597
3911,0.0033303583118140523,98.16238065163174
3912,0.0030101113436764785,48.10281548557966
3913,0.0035805247465051687,141.57535246045802
3914,0.00303764786798971,260.08599597875667
3915,0.00229263963887501,72.19742456459866
3916,0.0038573517006377438,45.77696981901158
3917,0.0033065189015139148,79.49152546160573
3918,0.004287864283694418,184.3006505166924
3919,0.00323953219140094,43.87165212070471
3920,0.003931432155485919,104.27661264501148
3921,0.003359299340581613,336.0518958119337
3922,0.0027199725579625097,142.4671580207652
3923,0.0026614920665121067,335.54464239122586
3924,0.0023227465088684817,338.09955864413774
3925,0.0015359879304977606,336.0881334408747
3926,0.0022010413213748633,142.47213901638656
3927,0.002267475627936969,100.43895566353436
3928,0.002328678765308796,145.3925650537846
3929,0.0020856639049966095,321.688244331235
3930,0.0025083899579353593,259.53707388694767
3931,0.0036225446953000663,31.80499683974497
3932,0.0030877191345763965,184.4120001821876
3933,0.0028948158484323554,70.77322004502686
3934,0.004202225473238665,148.99880428868533
3935,0.0034295224426247072,104.44648855263637
3936,0.0034244423623397205,180.76524822331137
3937,0.0030006012334909005,257.2338278979815
3938,0.004267540919289996,108.29159916760497
3939,0.00293429516851884,192.00072225107928
3940,0.0024239543407440158,95.38787905695433
3941,0.005180253927266739,29.71995839809342
3942,0.005892499262699857,33.340928369883216
3943,0.005421392095991779,29.42365103721955
3944,0.004788110805162371,60.784751998188824
3945,0.0062849013148649135,59.25617483532919
3946,0.0030361569393969313,251.5704305188813
3947,0.0031222292757750415,79.67368408256858
3948,0.002550488602396727,183.38925528694543
3949,0.003324956811018244,74.73571999379298
3950,0.0035343854583516077,101.76226095617683
3951,0.0032714102602692517,184.01726194050804
3952,0.0026430154136705144,336.5294728155639
3953,0.0022577309460632086,30.91638469986151
3954,0.0037550595265496965,77.1017790647142
3955,0.0035996149178488136,181.8058907907369
3956,0.002894309387836704,106.36160882351852
3957,0.003594123667095449,42.18811883249542
3958,0.0036856501248035724,63.138265427666184
3959,0.0027605947248802182,333.6687140213482
3960,0.00237258043495585,61.434050556102214
3961,0.002752752528451729,324.7712625143366
3962,0.002946206631694904,30.015663368115945
3963,0.0028969785780645907,32.63952920731548
3964,0.004455033700651256,76.9226005685531
3965,0.003238258511208907,137.23967028459768
3966,0.003415440935035853,81.54063164096873
3967,0.0048215590251437295,104.86465469608987
3968,0.0030042592172156383,47.940275186136574
3969,0.004468650461521148,49.65752081863303
3970,0.0040053820141173644,31.520615908362746
3971,0.005787168178859906,28.64729093389621
3972,0.0037093463304981797,259.0781175088057
3973,0.0029643088668215847,64.91413269951676
3974,0.0035346201632863203,334.6354926807008
3975,0.0031919121275024455,266.4515514089544
3976,0.002867331542487451,108.24867222531212
3977,0.0037139474937083646,145.00764563099935
3978,0.0029663754565067606,138.4575620728842
3979,0.00262512551243826,72.8424362312286
3980,0.0027357938488421496,102.21115357163497
3981,0.002385448356979165,257.8963382174532
3982,0.0017259954527831082,328.94987430583166
3983,0.001989942330125151,62.37315401595822
3984,0.0018398861290471731,137.4328753913388
3985,0.0023990190675249323,47.89178998473726
3986,0.002150288027054157,63.411141371443875
3987,0.0023638708102284153,336.56296639115305
3988,0.004118798698048497,75.72213928099366
3989,0.0020297569094679755,331.5151635833592
3990,0.0025116919305632605,45.51117686015778
3991,0.0027832575583824227,145.58696658999847
3992,0.0025017966984052582,139.79157296449338
3993,0.002585845032486899,102.28415987007209
3994,0.0018356811013260177,58.97167954702602
3995,0.002694406771049464,42.4131320518685
