episode,train_loss,train_reward
0,0.0188602848744977,244.6181400063819
1,0.006356934129144065,44.73147229389632
2,0.006426921259533405,356.56854927401804
3,0.003543163971853111,63.394061967538086
4,0.005890798463490644,271.90554202145705
5,0.0046942640970050655,59.45645119715798
6,0.006377270090308877,62.25506081873817
7,0.005175364682351577,188.27416894170292
8,0.005980964977565096,103.8347319262592
9,0.005301214137384354,108.49044466458747
10,0.004850651277190124,146.84894695808464
11,0.006742405163783366,74.56852272090062
12,0.006066586915599496,108.96742457599629
13,0.006554407587224795,353.7737461041862
14,0.0042046320397110485,46.44760812376468
15,0.0066220280753531,270.61902997760825
16,0.0071141172392627,28.38328808594096
17,0.006990221925331174,41.002633562523236
18,0.004815194247065527,78.28938404896535
19,0.006416440092834819,103.35587371689437
20,0.0064470251374866795,108.40105574090977
21,0.005497408010927818,60.99176771486641
22,0.007751180001231644,61.301439042541034
23,0.008442134987582625,58.90991167558075
24,0.006996716597240191,74.66071016874002
25,0.0070181886923411,355.5980209809584
26,0.005820368741068399,360.59697161044403
27,0.008303308708822111,48.39235078110262
28,0.006544055011699576,60.76642133601987
29,0.007292337358710545,73.90538115819251
30,0.004826603303976858,104.34611418115882
31,0.010248016020734605,75.40578372469051
32,0.008411399096692517,61.917939185250845
33,0.005390404423227675,349.9515770639859
34,0.00465725068583693,46.643754962362244
35,0.007858866071646016,45.48415512067857
36,0.010664542908137986,29.1850316148783
37,0.007917538872623647,43.93477611448362
38,0.006667469708776749,151.78390732472025
39,0.006653122822190761,192.20530543485484
40,0.005341312727337731,272.3052080762422
41,0.005425852869609996,353.0750423292086
42,0.00416156263913606,31.282339597944993
43,0.004843016635836998,103.0874556358119
44,0.00636053418926307,104.68856741542302
45,0.006000284211895266,143.76877922297206
46,0.00459797181124705,359.22823154789256
47,0.0023859449837469915,46.57482672939263
48,0.0037789583282236768,188.0271038745411
49,0.004084710021837462,30.07796599172067
50,0.004913446630657623,75.80680343452012
51,0.0047856440256817245,271.3080589448325
52,0.00506389031023657,269.8155875897088
53,0.004342634830593429,272.553109613554
54,0.0037170280107525736,274.63222104625004
55,0.0032265690694198244,185.05813116359545
56,0.006252666309345671,62.64665154582815
57,0.0031222599923941574,148.11061665782125
58,0.003949454218747047,62.14369266193869
59,0.0031124823126097347,101.47452612428872
60,0.00452768786899408,148.9829985253739
61,0.004214471605880422,145.0280359219266
62,0.005174493378420929,58.76589089708649
63,0.004520048409274189,141.89931409719756
64,0.004850189684528981,351.91885370576523
65,0.0045821186955632785,75.42112177844479
66,0.0035051125931944223,62.26948520294829
67,0.004247860841832545,103.02933491896177
68,0.007883292028716161,47.32055805775207
69,0.007253166594020647,143.8266358105814
70,0.004176468014474406,61.46277689439532
71,0.005271828043757049,272.1070483896142
72,0.004942486300373835,106.95320798724714
73,0.005571830067030812,103.67959007912349
74,0.004629463089194885,267.6547163213607
75,0.004414045599216167,359.04440422357766
76,0.0031485517444623124,186.6094738652186
77,0.004272118510463338,58.693583977724316
78,0.006220589610496641,42.74469412368963
79,0.0031341921910751007,148.39868433652683
80,0.004627790432028791,150.49730136670163
81,0.004834026707945848,272.8641592211773
82,0.006192994037105977,48.121142061306315
83,0.0037849814828157173,46.07549989185317
84,0.00503138235084903,46.3083021013174
85,0.005065936444469154,187.46975915979795
86,0.005584842867929732,146.8343295803803
87,0.005234574446136244,273.4847062446448
88,0.004348630488096551,276.9906128209194
89,0.0037929275338781836,77.98218708010097
90,0.005281735813665456,61.7798651827656
91,0.004194260806326641,347.9858793258645
92,0.002975272269521093,30.270049688769912
93,0.0038341201415879383,63.021004459660695
94,0.004395607422432561,186.516070107373
95,0.0033338598736218747,102.3437038596611
96,0.0035723959714429126,80.25203995749327
97,0.002012346395779539,47.71011813308237
98,0.0030375510939041673,184.6272684417366
99,0.0049112406521509494,106.84632123775403
100,0.005090337127457676,144.2269075289533
101,0.006065999057158232,60.47932104602187
102,0.005401463206903511,355.5608477198164
103,0.0046107537226322505,146.60958145599275
104,0.00314144673513473,187.9560637921535
105,0.004825391563761364,185.71657559317634
106,0.003016097883381131,61.818448768890995
107,0.00308327758427997,104.74163891706692
108,0.003246818031517409,150.7248885887232
109,0.0033214364461150218,353.65756137937
110,0.0055992871235377665,32.885944006139965
111,0.0037488865677210337,269.59582033893116
112,0.0034631350507135557,47.1474895978286
113,0.004885893964996826,80.35467611904477
114,0.002599270967164494,29.607161754338158
115,0.0035866698379676803,142.7147140724023
116,0.0057844454388006694,267.28854146737376
117,0.004550064135260137,272.24838902660866
118,0.0056894954069028215,63.23435152155823
119,0.0055677347808634325,63.33875889893896
120,0.009310581068034637,31.056566515764178
121,0.005384417362505009,279.86101504416024
122,0.006335471668519905,61.28477006857659
123,0.0051291832469514236,59.86016828818897
124,0.005185859659930528,73.25660341857827
125,0.0028694598217482744,30.483622338894996
126,0.0047599126550127175,101.66644625637265
127,0.005069062825005511,188.46025445020163
128,0.0025567568814510414,31.52656815506982
129,0.004372517395239183,272.09917826105266
130,0.004723381062413446,79.83062509559707
131,0.004409317862521388,146.9923901211286
132,0.0037257379382332964,360.7017493418553
133,0.004231261104205959,101.85689892874196
134,0.003243803726870761,191.36421567531133
135,0.002936283005338565,73.77893746439905
136,0.004069438351481796,268.7222361462382
137,0.003595156758943261,60.24977464027016
138,0.0034209608593884435,341.3648485041275
139,0.0040256886675604005,272.8087852327603
140,0.005526466282578346,29.619167796498477
141,0.002483338166712201,102.7441499013506
142,0.004136232953962612,190.59906939575342
143,0.0034616482964999955,49.19982469693618
144,0.003712174827060281,272.50961783177644
145,0.003909425898175844,74.50961236538315
146,0.003924130042070976,76.60169343472086
147,0.0042041760916268125,106.11140665699924
148,0.004433631553293531,150.29632759571402
149,0.006240358954430683,150.42861278811637
150,0.0037153219524665923,361.02373459496533
151,0.003280594767230108,147.92501501595308
152,0.003609835827804597,145.630904479562
153,0.004676652585079533,47.9040260035026
154,0.005677303708117984,58.669263149628065
155,0.0035468241493900082,31.67462446389111
156,0.005654754590488245,108.39756452166282
157,0.004482207116468742,147.08196093900312
158,0.00500534446906437,270.49527017828814
159,0.0029492634441062285,63.666311922319174
160,0.004160171579232238,48.91496266834357
161,0.004763281789895369,47.011721194565425
162,0.004160663067410759,188.34279869915207
163,0.0021516342917336792,32.99810602440873
164,0.004821656253022319,355.2175486426221
165,0.005638618697875328,47.562934009129016
166,0.004371387684764607,272.4958516987223
167,0.0033749694604018,147.79373081901574
168,0.0037444297274650744,345.9874690729856
169,0.0029699341534887326,145.2293817777407
170,0.0021166936828766543,192.87780307268218
171,0.0045195908717057766,107.32513811439023
172,0.002694752713569265,146.87269174373483
173,0.0033399025510747874,47.8559960231601
174,0.004140841035331181,61.317964650091795
175,0.0024314819924781,57.024151195846436
176,0.0026296656635829345,46.383898997032226
177,0.0037561131890421116,77.36769078543662
178,0.004572334309724849,78.71482190972063
179,0.003437425577430986,29.671039110754997
180,0.004918093313667546,76.44684288797703
181,0.005541204090150131,103.56428815173658
182,0.0056389247363641485,360.80512430327104
183,0.004453697178617184,33.314615309980226
184,0.0039144122256894245,75.38741635298138
185,0.0030720378685642077,49.16860047931049
186,0.005442510788065781,266.24913052470913
187,0.00539119735087577,106.02146449914538
188,0.005769498634420462,58.93057269665622
189,0.005776725921453728,193.22659620736522
190,0.004225162217276315,76.62789932215357
191,0.003265482657511979,354.14386381267116
192,0.004275317640152738,79.3890953396527
193,0.0035640841951274107,60.2755518753817
194,0.004927905243675923,46.008127268349256
195,0.005381437981496502,79.91773053665193
196,0.004438250119378517,145.05355119879627
197,0.004120584371481232,73.87558739317289
198,0.005158239327184591,49.88382497997134
199,0.003983529197547586,357.3099705704145
200,0.004120423791647855,277.70570979072437
201,0.003659900864862474,62.96123334270465
202,0.0029193792950750587,346.42981450643475
203,0.0031234165459902447,271.65056966313136
204,0.002809328300512649,105.12910016207083
205,0.003460664500809029,106.79522751835697
206,0.0030278927079752274,101.31799532945523
207,0.0030293474512952594,46.57536683280686
208,0.0032157526386002314,109.51311446822578
209,0.005472451812448316,108.61577720763184
210,0.0037032015753606018,147.71087952842
211,0.00198570462791771,34.357122404763004
212,0.004045635419834314,351.63132580298293
213,0.004020462384477679,107.60499881576979
214,0.0036541538549068196,63.5655598746704
215,0.0021916586661295,61.823613807461
216,0.002615164268552855,49.51716964735398
217,0.004007289212387474,62.15006058276051
218,0.004446269775964,267.77731189524593
219,0.004177645303430976,102.52742810023521
220,0.004406847340227426,33.25182993183709
221,0.00427668420271993,187.48483728146323
222,0.003295998769919581,277.8711767215751
223,0.0033292505255683056,343.8450124494689
224,0.0032159508802774113,149.41912229344305
225,0.0024573509669200324,33.24287951057224
226,0.0027723123948442327,181.77465204364267
227,0.004120240891944408,32.56490453473154
228,0.0031893719579131076,270.0128450140188
229,0.002304505548660952,74.7108907580073
230,0.003639574981696989,108.37104694816637
231,0.003288723250556417,350.10948099654166
232,0.0049757564683622565,78.33865544549428
233,0.0039673175281855835,191.77189598185623
234,0.004274916307720658,73.59966537649697
235,0.0037600414590899063,80.49677308357289
236,0.004176095494447016,62.3616563082731
237,0.003273186398818607,30.442181422527383
238,0.004145259488392516,48.71735993043159
239,0.003879540416176881,147.8854729255091
240,0.003577356628476291,343.9456380428978
241,0.0023798162349929295,32.552828188595626
242,0.004973457262806462,71.37723854968773
243,0.004096151787460508,31.902283903438825
244,0.004767213094734397,267.6866272655385
245,0.004138219424930867,60.360343935741724
246,0.004574810361767779,265.1423168050154
247,0.005994111526888446,104.87014541282872
248,0.006971486809498887,30.055197886562702
249,0.004768407724760756,76.87385128159917
250,0.006056055843182793,146.17084038726318
251,0.004711404526040916,105.61432983597405
252,0.004658647427400495,62.48145317970443
253,0.0044467337682820175,354.4530171123779
254,0.005436574637585452,77.19183483767976
255,0.0032166562131236095,268.01805957294533
256,0.0035760726121994734,107.52073714733149
257,0.0041283268552423855,360.3727857747743
258,0.0034240053866955683,270.23459337320475
259,0.0032318652640903815,47.836924045045016
260,0.0028463796647567874,349.49678216781285
261,0.002394824600941548,362.1056913401472
262,0.0015812375095994992,351.8002506070766
263,0.0027177718020539032,44.87293337536568
264,0.002360507940536011,106.00350415257742
265,0.0035362216799184514,183.65806166084474
266,0.004016165858848905,63.40943665381485
267,0.002629917253216263,188.34913256571664
268,0.004074283292173221,183.6009620395821
269,0.003034119984725046,47.574605964636824
270,0.004221834713801291,62.840861868457864
271,0.003421386573896038,100.96343101640242
272,0.00403071700594397,280.7242141149578
273,0.003944431975399381,106.83359464009838
274,0.0034941192468996986,350.3539146000438
275,0.003373751413602152,354.79065022947833
276,0.002560499048035671,355.02245742293763
277,0.002739566509077677,63.21198452681607
278,0.0021820874777679655,271.59267650939853
279,0.002698262099395074,195.81388416095305
280,0.002760449327702113,64.99772080134433
281,0.0024629853729407876,143.34615340275872
282,0.004237078857532667,60.61108643331044
283,0.004232087292929448,59.72917079179942
284,0.0039430415028187255,62.59305808400579
285,0.0035261016651177137,31.641506193847366
286,0.00496530738621067,31.31685952943193
287,0.0047936900052122765,351.76769766259815
288,0.005170362463104539,31.7058358866628
289,0.004398628239538415,353.6724840433482
290,0.006437117569553034,63.14291070071452
291,0.004081319192562387,353.99684966618014
292,0.00373035495662903,49.508672692228174
293,0.0029826995538816594,31.344220893987597
294,0.005724593626178704,30.82807298847065
295,0.003216788970487453,60.01107489002949
296,0.0031032309459103112,76.02052946070579
297,0.0028489818299065636,358.0752184047309
298,0.0032346398852082943,46.90503137078657
299,0.0053762737512381325,61.206224384399235
300,0.003780206115260302,62.538820231265916
301,0.004165410099208395,268.1169045761389
302,0.004327357414685767,193.35217923552167
303,0.003253144750196174,359.93418499946114
304,0.002750274905889122,276.6217196204537
305,0.0025006601742515,341.0976038707064
306,0.002123301279864571,31.394084430013976
307,0.0029211132371490516,272.62767580840136
308,0.0011964370807680976,30.411585786997005
309,0.003600628086760608,267.2088382994446
310,0.0026103465100007,78.4190936650191
311,0.003858951524995752,72.02306423153578
312,0.005069009530786188,57.308876849993986
313,0.0037880959419819248,185.62139170635845
314,0.004744954733748297,77.44592523199954
315,0.004110225970406029,148.95395166374558
316,0.003923076769756651,350.43789063493597
317,0.003959327022378354,48.58648233655376
318,0.004781301274290901,59.38502110855802
319,0.004642506840308173,191.96257969793092
320,0.0035743637609056797,62.332553167280956
321,0.003549516184230112,355.8772287511517
322,0.002280048561977976,274.0659652346547
323,0.0017201450568919286,269.90965601935414
324,0.0019368043509812342,353.03217430341124
325,0.0027902132135530903,30.308205581654935
326,0.003229749785863202,44.1529843804508
327,0.002592388811039696,48.669261840281514
328,0.002986886582640671,107.0691616404415
329,0.0009658797551247548,31.254785464380106
330,0.00383217898205338,72.20787928622039
331,0.0038211042136746935,147.4564034608647
332,0.0024241561111231365,33.222642711548815
333,0.006114646791419628,48.75334620473533
334,0.003064128794809723,30.861039294097832
335,0.00523716424406204,75.77040774246083
336,0.006180324133434254,61.77903112971096
337,0.004709238380166006,107.47443465043798
338,0.006379843568678412,103.82528977587879
339,0.006583278895099333,74.16194483813649
340,0.004432308460766466,345.44322352250686
341,0.004043474850104102,188.08864614381932
342,0.004415077761530509,268.8709262075073
343,0.002835481127428033,358.6225502705487
344,0.0021871564235056177,149.8869690117941
345,0.0023892486583077946,60.808410930940006
346,0.004257059088182547,28.735709051542944
347,0.005478708198317126,33.75127905655043
348,0.0032964547953410993,267.2159104774832
349,0.002661587697254172,148.23484909135797
350,0.003186443672425181,60.490264056951176
351,0.0029387395054785432,188.58699241126354
352,0.002797205226745495,192.5363525005819
353,0.002864561371097807,44.936586199589215
354,0.004646533144025582,76.30400900823865
355,0.0035407094295475294,49.205900282990996
356,0.002751527047704175,49.092473999433956
357,0.004650019526602241,104.29280871782734
358,0.009487106182797137,30.15991587625897
359,0.0050783252143544915,71.40253332918651
360,0.00527377833056492,103.04196228689064
361,0.006883337466452095,74.28045560844416
362,0.002799324154416277,59.52645296671066
363,0.005664919465543481,61.016820210038276
364,0.00621044039808295,143.54369612284282
365,0.004339705123155153,267.1660489589639
366,0.004778754903568461,148.83891599578172
367,0.008208808322706318,104.15751458186973
368,0.003946050308611076,348.38316259271267
369,0.004347188343354907,150.50352764385332
370,0.006333428004389565,59.70959766158016
371,0.0034596387288775847,63.44523646475329
372,0.003523121121831335,151.0007007460265
373,0.0031441603779173203,269.79447938041517
374,0.00326139479013681,146.5491839640246
375,0.002797825539069151,351.78147288962583
376,0.0016166222048923373,31.18200068966465
377,0.002927338369626274,146.6511416937764
378,0.0025360945896817115,193.82533545862415
379,0.0018797399492098987,77.6488655686323
380,0.003073289829828973,190.89042147501684
381,0.0037007536683914028,32.07258149764435
382,0.007554765624106573,29.188957143548272
383,0.004942505449140004,79.6080170438653
384,0.0023589608066811644,32.7071696945126
385,0.004382735066105004,58.970712767293875
386,0.00435932124042834,192.29221569839038
387,0.004349644609233524,47.5509759723752
388,0.004300002588421757,271.4824157031206
389,0.004103917045610545,106.7464129756737
390,0.004922635778011632,358.1535806045299
391,0.002737839431605515,61.74931454513626
392,0.0029330571288273158,100.29124798520031
393,0.005132977165605832,103.5248619676507
394,0.0034025832788695154,58.285030176813414
395,0.0048307812660715495,59.76165870801298
396,0.00532452526953174,63.694374074371865
397,0.004859892751433968,78.42289203110693
398,0.004946744358090593,64.47362024994048
399,0.00547017862978604,107.64321305157625
400,0.003808874667321596,105.92074427733266
401,0.004602060126249928,182.45723870494254
402,0.0028798684132864214,274.8278681599497
403,0.003673004267164794,189.24690042004468
404,0.0036689564668821234,263.2719984996831
405,0.003643264623586207,148.2629041030345
406,0.006130767190739248,77.13225277658913
407,0.0033229003090230803,186.9686864793442
408,0.003132486708111792,186.6146847554116
409,0.003091928982155815,32.50603825708727
410,0.00383714083177069,78.19817554019546
411,0.0035837922419100447,72.82277766935232
412,0.0036257312230444177,187.3628629840163
413,0.0024004478268502914,62.86445062543561
414,0.004017947252504621,146.08274833387807
415,0.003377751317616044,46.54831121487526
416,0.0027436912921799932,61.693625512914046
417,0.003880223754207428,189.7105693306675
418,0.00361228001355928,146.8577957938225
419,0.004618550227884977,74.88242372105373
420,0.0047675349963627895,183.25728750568422
421,0.003038936848833262,147.27672492922164
422,0.0037638776020439517,73.96289334337243
423,0.009053976702301137,30.431157260156144
424,0.0038584163768722772,33.25141500172488
425,0.0037328446379548733,271.5339604086481
426,0.00414108937662789,358.1219959694325
427,0.003752115296034174,61.53744421472469
428,0.002345818205590072,60.85818280839823
429,0.003045611914693204,60.17647907674184
430,0.004643172500220964,59.23089663673562
431,0.003250614492080294,74.50022558814746
432,0.0037612932436414306,143.52650455739973
433,0.003584209003305217,76.27053728764764
434,0.003340820580017183,274.68062033405545
435,0.00244255243730574,75.58778125591637
436,0.0049721664735526165,49.95785960910301
437,0.004123007226305411,49.7529913620641
438,0.0034879136551445,146.684661046599
439,0.004119737458743409,47.816369428398524
440,0.0036209789813873745,355.1993285889976
441,0.005869129121680905,31.40278203504055
442,0.004987945927316848,274.40799457568505
443,0.00273869912801344,103.46165919945558
444,0.0027857623440890092,186.57918418788645
445,0.004813901658893043,99.39215298882216
446,0.00496764732514958,101.14101087276016
447,0.00403693128928414,151.10762535079607
448,0.004343400827069258,43.585824585756825
449,0.003209163835272971,351.99467379671864
450,0.003936574511527331,184.99429553685525
451,0.003842801833658226,101.5716842107788
452,0.002071252928529294,62.68768219940914
453,0.0033757774638065135,271.60690038059937
454,0.0026859053220085537,103.31941105553052
455,0.003983622411790739,190.12289189103612
456,0.0026246015185813695,190.61847433638553
457,0.0028953957470786687,147.19808536441343
458,0.0022286708656887137,33.79281995610906
459,0.0032227571056444924,103.89235815348025
460,0.0037004630124575786,272.312836848075
461,0.002870766589206976,181.65233395426594
462,0.0034429344187948438,74.20707765338712
463,0.0028657978858997782,146.15002147743468
464,0.0024148380262803667,48.07538477292387
465,0.003071025783496085,102.42040304445668
466,0.003957411464315638,358.30195785570584
467,0.0026805444425208715,65.36594019041763
468,0.0048098267395332165,151.6606436946968
469,0.0035251337357115353,268.23677279263916
470,0.0034834670489011653,30.123927456050872
471,0.0033470075366805983,357.074689106579
472,0.0030146390663817173,31.0100465702758
473,0.003454489570056187,106.42139657731806
474,0.002829799602323808,192.56263351404962
475,0.002038727196417607,76.76379366984908
476,0.002422950690999532,143.22438018603162
477,0.0044031596130067055,43.248257810339474
478,0.002304002641746617,75.12381352855074
479,0.003570836969829851,61.78348954064537
480,0.004687003055302987,47.45217461312713
481,0.003055910992055855,346.8988651911415
482,0.0015621633376275864,29.750239500184982
483,0.002506592603514052,62.747572446003275
484,0.002583903977838104,31.816417361188044
485,0.0028342141324236734,30.00133379204963
486,0.0047757409857485285,102.71679350239789
487,0.004006517449468029,345.6876206304767
488,0.00372412200059943,271.0646057642553
489,0.0031302182395220243,274.79263012065485
490,0.0027385677413199637,141.1786987771147
491,0.003357813251322777,76.60405005227587
492,0.0029879007262397315,151.45398313711053
493,0.0036793239409794645,102.86723778075573
494,0.0035041637857537323,59.38295346617477
495,0.001907155415793427,265.9766222134324
496,0.0017417893479364588,353.2787958172573
497,0.0029778251146440043,29.952565723542786
498,0.0025320712156451583,187.2846183339667
499,0.0028281501905314207,31.351884456116892
500,0.002508654891141942,352.5964271437585
501,0.002946418457782482,356.710523424531
502,0.0016004109054186054,45.407766423803075
503,0.0031665597735145885,76.87965818897257
504,0.0013228947806386384,48.200683939352686
505,0.003372335851521269,79.49897586632225
506,0.0033586181251283394,74.39712334075658
507,0.0036726437160358666,351.5089216233156
508,0.0029262889012019954,31.66855527513708
509,0.003994652474070743,184.06967828623263
510,0.004983866589739321,75.26861891251544
511,0.004817052257329544,102.39497395311507
512,0.004908924964029673,62.61202421645162
513,0.004478275115972567,183.06971908111427
514,0.003827101662895514,31.592103522358617
515,0.004875580566028513,274.9343332955494
516,0.004034898641072465,75.10282021200628
517,0.004173199351693168,358.3279212522543
518,0.0033944059280272376,191.32765494961964
519,0.003225473523775305,65.50460255878008
520,0.0025006536802939664,351.9265143814776
521,0.001769146846055522,352.95757459588395
522,0.0015992885219020536,273.79872056978024
523,0.001577721883432577,106.39585503546121
524,0.0018518328497569632,347.9981386835039
525,0.0020257808157335593,350.1520801910015
526,0.0025468178987116865,103.09039445180397
527,0.0029238173382956597,61.38282250469633
528,0.0029398748177346394,61.25749627767212
529,0.005752856264549891,62.04265360268599
530,0.003229279072096186,30.821520222266738
531,0.00464819616665748,59.37543277658059
532,0.00468025513151047,76.0934858974777
533,0.0038737047179893125,46.21360616221624
534,0.004285348447619932,356.31399240406324
535,0.004089909255696003,62.02044229012317
536,0.005022103938119534,29.3901780542173
537,0.004718131140782109,264.6226678700295
538,0.004570664722720992,79.49375923972475
539,0.00502185299233502,74.34292998381429
540,0.005522219452276741,46.303482733512
541,0.005588815370895739,33.0244169459879
542,0.0036485397075262755,29.369507809188654
543,0.005944556232200491,50.27086750641762
544,0.005222378341026367,149.91159116280537
545,0.004710441573402471,275.22296164755926
546,0.003251527670628904,71.51712639005481
547,0.00317106481421229,360.76178161614394
548,0.0032681727791857833,269.4955786090127
549,0.0036610606554789296,103.78093376934093
550,0.0031027584007626337,46.140315559707574
551,0.002892165120716578,264.6461476168686
552,0.0025263465801379846,107.56239900855005
553,0.0035816146066911013,102.75349909195529
554,0.004120830472734147,74.38183429164411
555,0.0028289424387277365,270.51023214821583
556,0.003345901902743133,192.07348547997827
557,0.002660409318171473,144.34748622899218
558,0.0032872243048656788,108.43726962018496
559,0.003139961667991222,50.5195686609938
560,0.0024998249831991713,77.08480134489399
561,0.0034370925795578324,148.36477312228303
562,0.0023944543009329702,76.42163811511217
563,0.0032496622363347625,140.70691248439783
564,0.0033397492827146763,149.78286138294044
565,0.002679805728394363,147.31602190470426
566,0.0031041991184469495,151.0966854547302
567,0.0032382254639596406,352.2942049223328
568,0.0034926530407364434,104.37470032956224
569,0.003289664246621374,185.10836980439032
570,0.004884935142492118,60.648425499548814
571,0.0027795470051210367,150.9491520225037
572,0.00247086906686729,352.4953752442879
573,0.002475143114849894,353.88919068442885
574,0.0020998501683429024,192.39018850076437
575,0.002343751203764025,60.883576850527284
576,0.002420964112696336,269.64413945267364
577,0.002365683151381258,271.7831349697607
578,0.003089840484128879,49.29696122987392
579,0.00244892347656249,270.3515798904564
580,0.0012920032812954478,47.28175537492318
581,0.0019991033751655825,145.95366017429643
582,0.0010286446935093738,47.611202751770776
583,0.0034299830208480166,142.81307665295688
584,0.0028553318087378822,183.84699417199326
585,0.0032540797087833575,31.534675503428787
586,0.005011067588963091,44.135172960447775
587,0.0038120385217700605,73.72056483684781
588,0.004052418642901545,75.34316962046822
589,0.004505294187126581,75.50835372499849
590,0.0038698904175563692,145.41547641775023
591,0.004634886640112021,190.88648364907235
592,0.003987103336348318,80.46306677515213
593,0.003292472111591932,351.06449047327663
594,0.005401647041832224,48.78268260853322
595,0.003632748013336185,185.49298521671736
596,0.003727327931479409,188.2228437952295
597,0.0023912487980963953,188.89983590711682
598,0.0022215214356169173,195.05956643713074
599,0.0023628386050229427,355.4339114938849
600,0.0032254890974028555,272.7362274431835
601,0.0020550208762767693,267.2286114732657
602,0.00305002322351901,361.67263585187754
603,0.0012140760553351,185.63791865895098
604,0.0019358977197512525,185.07206954434216
605,0.0030516292792957963,187.36545088694533
606,0.002340487966565971,47.38085316880576
607,0.0026091136435219407,31.353163661397847
608,0.0032293203938819023,270.7223766977154
609,0.0018601538433193293,47.925219117852905
610,0.0030503847928295877,185.32049498788191
611,0.001750827820646448,29.926916238577036
612,0.0032745265357949096,77.10804993394385
613,0.007687959679530869,28.826012498346813
614,0.005018905287495447,106.60293579593919
615,0.005766153323167979,145.5373878274504
616,0.004605141519894429,65.56454459796312
617,0.004773130901088796,64.37884857156936
618,0.004371262092732689,354.501065026433
619,0.003848607223471074,65.14855591993572
620,0.0029380031625713303,348.7767936118283
621,0.003855146198671915,75.29422095572001
622,0.0027500524877093714,107.7312512562125
623,0.0031896402021559947,102.0628185989704
624,0.002444714293729207,47.0992228494096
625,0.003029665826230681,72.58049272072708
626,0.003693588596415231,184.32353113062774
627,0.003255169515300209,45.440791316733275
628,0.0036237407553720183,195.30449615917513
629,0.0030531196576843145,105.99487438797455
630,0.005454379005370995,77.63167204658257
631,0.0037322970085544977,353.8079331961079
632,0.004613322781341804,104.9911465182616
633,0.004531626503297414,189.66737997949392
634,0.0035164932678176577,104.60604770726961
635,0.0034598090984804273,145.5477926932686
636,0.004944690553988409,59.805811484218935
637,0.0030765143348764614,74.63431397141275
638,0.0034030944327391763,192.99929247834936
639,0.0020455777202634203,62.14495813427171
640,0.002350575216284942,353.8645608184199
641,0.0029708597603376355,62.21578434316958
642,0.0031600055025874413,32.370718192352555
643,0.0021073457661897037,189.77948514515
644,0.0022420814339883773,43.561696938542624
645,0.004812054897247557,147.49086979047908
646,0.002820738590267187,64.64857995092284
647,0.0035135587226455167,270.03481270230753
648,0.005021875387187306,46.23735192328372
649,0.004594116536404849,73.34298346472205
650,0.0037703683922770256,101.90783752599978
651,0.002980463947461802,266.288316836658
652,0.004217241860501509,150.39522716121186
653,0.003644624344917862,266.45136726442377
654,0.0025557469097165324,143.83726263922094
655,0.002492417865122306,351.5941679192325
656,0.0027305008287922565,43.21076809549873
657,0.0031880531386053977,61.22460707822466
658,0.003984134788510887,74.28909746634473
659,0.0028329254954647678,184.18660727792565
660,0.0034214526782648897,145.0945190321282
661,0.0025271739440606475,185.44254810276212
662,0.002529741753016004,106.12458679835663
663,0.002888367454278733,101.28177187890549
664,0.0031008894617447036,43.74908413235258
665,0.0033657854472637807,141.31406972226884
666,0.003680383840957875,141.52909338516548
667,0.004695669152765888,32.447224776044024
668,0.005491704798094526,50.45880602765951
669,0.0037147302436212628,150.54037277821413
670,0.003615278943650249,267.3796660456408
671,0.003040395137735015,350.86201951869884
672,0.004016546883857449,147.09837194720484
673,0.005050349860231124,65.05633859446246
674,0.004473336232942679,185.72264178771363
675,0.00308678526343427,347.67400044896004
676,0.001706340343926885,48.12706841275203
677,0.0028886742551674552,31.195051512163236
678,0.004174832553257442,77.50723541883362
679,0.004088825842907852,144.64609626151505
680,0.003080137411751806,360.29034653683294
681,0.002910021863914495,147.89462943030023
682,0.0032489048141448214,29.950641725792373
683,0.002442518710980752,72.06983247057507
684,0.005398140977128854,46.985614577543906
685,0.003785629225270716,268.23774920074175
686,0.003863524806871221,59.24994256998082
687,0.004203508408839273,75.14651347690591
688,0.007061757183075346,60.31050961827701
689,0.006323776096758446,77.8051873320175
690,0.0032493347024425546,335.3832416328594
691,0.0023535844758787953,49.47962219326525
692,0.004345705111903707,57.658779910081925
693,0.0040224347816703015,352.2699880374964
694,0.006491588531472106,46.363716503081086
695,0.004881124427232531,45.94250558533093
696,0.004007731913784269,140.9152129347298
697,0.003617667724875429,350.47736637258623
698,0.002206926270502532,187.60294100345578
699,0.003275843092741922,266.11522409795504
700,0.002087761088922103,60.49616486208298
701,0.004939649445971601,59.913076353273944
702,0.005650700503792905,103.92173802111816
703,0.00355898605643627,189.68778459146495
704,0.0029831215620434543,191.96436396199607
705,0.002632079281531994,44.98797918228948
706,0.003122682907500208,104.41495667455494
707,0.003097634018724255,46.33222077106862
708,0.002509301400697056,58.270389542660325
709,0.003273278542391131,146.02544225451712
710,0.0023028605731021594,43.85542009075762
711,0.0036991822616982972,49.77766519342744
712,0.0039560239362391916,30.91513686637871
713,0.004270002053498681,354.7658039781364
714,0.00431577680785882,275.3372855458144
715,0.0037751351472423192,142.60691455719035
716,0.003258397053537794,32.80111611853885
717,0.0030112004135645063,348.31222063849157
718,0.002472046025594374,101.27386967610643
719,0.004027211082407471,102.59922509293403
720,0.0030196939295367587,353.7716756284655
721,0.00260624589964209,105.84098252176304
722,0.003370742800271673,142.4464682520553
723,0.004689603952509311,30.99441449398462
724,0.004288195569229588,42.702628975021895
725,0.003022761495897061,273.07596548994724
726,0.0019298058447522384,30.72568705749345
727,0.003850604282468759,96.99486697725904
728,0.007581609136898557,46.88626299739755
729,0.004652559619479199,108.16619232697661
730,0.0027259912919610292,45.348350835162485
731,0.006751715060583931,62.04286725941724
732,0.005295756970750967,186.11605885337335
733,0.004578171835693878,147.78483187176238
734,0.004574227728141014,60.6242141620328
735,0.004973545128590418,98.96591991450899
736,0.006932177598706591,32.086479521660046
737,0.004374857190391765,353.93409126484215
738,0.00314834453489642,43.51910763391663
739,0.004986808192024654,273.6980703487214
740,0.00342211819346451,273.48714525699
741,0.0022137481184744926,356.61529334739913
742,0.002149657358169167,185.21823586990777
743,0.0027637605703952992,103.12630662502036
744,0.0026446773352278414,147.2022936394345
745,0.001833810318063255,103.49325084808389
746,0.0022417129487908374,343.97298072855517
747,0.003369529421716238,30.113612209508087
748,0.0029472934217595207,104.7757913239879
749,0.002440969911945012,145.75983088800905
750,0.0041574473701253625,189.44667901378963
751,0.004195612771150467,60.60579530102237
752,0.0037548844490162526,73.75071977292718
753,0.006124319128945432,71.6443728087179
754,0.00464012688647951,150.7552703719549
755,0.006135943050057077,47.352568916237736
756,0.004093407176901885,266.6656788844878
757,0.006956359922745882,74.16418879769274
758,0.00301579082181472,62.01643010645777
759,0.0026527271721451225,44.07888558129112
760,0.0036315174091379795,43.26842209573448
761,0.0017746092919630676,47.60090869583207
762,0.005333390231028496,32.81520730768818
763,0.004783756887349191,144.83794928734838
764,0.004495046595773852,31.556782511911795
765,0.003962501306887134,45.19289684347071
766,0.004793270216857347,272.1928788292191
767,0.004661591518329103,31.435436145058734
768,0.005092248904663299,29.227387309286353
769,0.004311341331459823,351.22518913601004
770,0.004912320223439499,189.6429345065723
771,0.003991112590906815,357.8865052267239
772,0.0020575647539427056,33.306459766389246
773,0.0025741099410187813,266.7672708014164
774,0.003005024304208568,192.853337929177
775,0.004642600935520762,62.879217954338195
776,0.005302053758202681,63.42873703483242
777,0.002935044746525325,58.92640290754719
778,0.003719684207873131,265.8446403679428
779,0.003941963574169646,32.54855724306787
780,0.0028392763690650866,356.8955653650285
781,0.005567743055230417,62.83315597842581
782,0.005236672921945193,104.51863451283594
783,0.003088756116750991,190.62415182428808
784,0.0029316034862760616,77.27058907244454
785,0.0028630404746738196,271.01680398036234
786,0.0031401491410335816,31.975232986439664
787,0.00278414313791306,270.3763606500768
788,0.0022366998168904173,191.83218018662944
789,0.003234006266776023,28.932339588558367
790,0.003959230444876485,61.191617161013696
791,0.003188671147148716,348.8374994648196
792,0.0035919044877552107,145.6182428667683
793,0.0032841251567154194,270.0964002268526
794,0.002377538720128047,147.4136508891696
795,0.002755838509380645,357.82157370861495
796,0.0033435908365857824,79.00343746853835
797,0.0025752211389430306,147.72624312624376
798,0.0023870014478793913,102.99779882251897
799,0.0033355280861173554,76.10181675750982
800,0.004247272086663893,98.27214982577068
801,0.003349400043973838,183.80899279230894
802,0.002002395938349872,61.293785515261085
803,0.0030312993800630326,192.20782989038224
804,0.003661105758277077,347.58171232533977
805,0.0033631954600493305,108.40007198352802
806,0.002617609476095515,268.4416969233793
807,0.003880173174614108,45.416792788719285
808,0.002609226200725858,184.55970561167132
809,0.004412149448799644,63.490193401292025
810,0.003485234689077962,58.69868940989392
811,0.002289162475643867,147.475741507554
812,0.0029081340390526007,353.89210045689043
813,0.0036866628612163507,149.56745070220896
814,0.0029184241768209023,273.21809081532473
815,0.0031648944623069697,102.23632576004832
816,0.0024606487392608463,29.11846268258349
817,0.005467572581851114,48.07901949280163
818,0.003982207832750552,183.4833511803984
819,0.0030140101803785885,355.28996604244026
820,0.003187037478145894,33.23093474606487
821,0.002478091415684765,59.76747714435364
822,0.0030118849810067743,272.7529239778623
823,0.0030246590604755034,63.88106165478855
824,0.0033031866759270557,31.92896206506931
825,0.002256203305068353,274.3318991676205
826,0.004038074741303618,73.60996902748639
827,0.0038305863232711668,47.8991794536341
828,0.003957177815594813,62.59922935504488
829,0.00399611224568806,351.55011989512144
830,0.006775589987145478,45.325204414676286
831,0.004961434402576321,146.65835344533295
832,0.0028781868955215593,102.37330179849154
833,0.0029321678451970246,347.26326068447156
834,0.0027399967060271844,29.96461672058356
835,0.0030981682149021335,42.54217054432995
836,0.0028159900958564838,357.9995392699616
837,0.0022198282646438304,356.56319201894115
838,0.0018290259506249789,73.37347355695749
839,0.0028016442916338055,150.7855567517404
840,0.002389085717611675,265.49416032808915
841,0.0019923270409006517,271.71390832306446
842,0.0030641727257950816,192.06490410241764
843,0.0032676408370426887,30.559127792577478
844,0.0034533469532800963,190.57514360510004
845,0.0032439910891470564,72.44326835270216
846,0.002019352123108732,63.85790292262084
847,0.005163286401820171,58.17803084186587
848,0.0032453673997963808,354.5756543052969
849,0.0038638662208728587,187.5704632546149
850,0.0037104041541831316,45.62002732871994
851,0.004636033569976601,61.011726877709805
852,0.0042872082790412205,145.31581652899536
853,0.004425882185603121,59.67963070369244
854,0.0038824243301033593,48.51911615126954
855,0.003773390445453746,63.531205274956775
856,0.002969328450350216,103.72982153531456
857,0.0037812603855137484,274.59583491637716
858,0.004128648811694382,105.27512377010915
859,0.004459888908126073,141.50942995019233
860,0.0035780021161454815,44.88012270981134
861,0.0036259866170702173,191.34309433742138
862,0.005371499788327191,32.643549415516866
863,0.00323349423116589,71.63172915766508
864,0.005424661893984366,77.97521386368882
865,0.004236587909347268,273.80929236946395
866,0.004748258640629868,146.72455945836157
867,0.005035977031341112,34.21792347153049
868,0.004971427355855466,60.87700697744598
869,0.004253304759252139,44.409164917368386
870,0.0018356156405219335,62.600035782416086
871,0.0052451443605882634,62.95498657619474
872,0.003562109312042594,31.421494255853876
873,0.003692563182869043,29.24425741205672
874,0.00716177853133433,30.243656030617583
875,0.004073749605668615,148.32194168821457
876,0.0057075763429797225,60.04265662927289
877,0.005054379953537751,267.6296939242106
878,0.005567187320938784,30.76199322247042
879,0.005895658458691535,50.43554661978437
880,0.004480184961413231,59.93572830383975
881,0.004622485054334482,102.07251928914778
882,0.003981903257055892,143.85581155930518
883,0.005891652120970486,45.47870318140712
884,0.003630144829720605,269.88262621550047
885,0.004185337868735727,105.71264520490833
886,0.0034766430175884933,271.31537460908436
887,0.0033239287970990147,266.94472281113866
888,0.004133075639816867,146.67324873225948
889,0.0041963514796125,32.13359847577912
890,0.0027617547343699285,190.71736683779102
891,0.0021258874712657416,184.17138025017115
892,0.0025813152784044152,350.64638278079497
893,0.002622974862098645,148.61684767431427
894,0.0024991973338976754,47.785612954857896
895,0.0033160162239114534,280.6066089224536
896,0.0029077389869124884,269.8597628472926
897,0.0017457807156386047,189.79270833131832
898,0.002334086092034827,270.69936819121364
899,0.0036437683172806028,147.0287790578627
900,0.0027102458028870438,75.5327168465479
901,0.002963315434524856,270.95324742954864
902,0.001456185223375812,74.71899524934643
903,0.0033035839800590076,147.02154720369452
904,0.004113897520481553,150.09258987976884
905,0.0016120117853043248,78.83382699322496
906,0.003394376817788059,271.5041207104285
907,0.004134353486045478,74.89358956566785
908,0.003908645645433985,351.02439001221927
909,0.002704695977936541,191.11044781110255
910,0.0023167586587175674,350.98413354459046
911,0.0018248377627198846,58.697887160522654
912,0.0023660178240578924,105.04301832360777
913,0.00162318824269195,47.68735338781418
914,0.0025196481218150188,346.38893166726484
915,0.0015984819218484235,29.46368023557569
916,0.0027260949302497185,107.5925445598909
917,0.002749475365747035,275.97659405868825
918,0.002325409028675164,45.89385153567604
919,0.0026313691688072743,352.03468229944775
920,0.003208878061225723,186.7734771155538
921,0.00266737616673986,58.99125983150085
922,0.0033332173205218914,43.16299773075591
923,0.004743915340287011,59.95236091896291
924,0.004616529796952944,33.02536438588907
925,0.00735915090232176,58.570924437984694
926,0.005224719576142741,79.4150739742931
927,0.0036403522679711855,185.22797056610665
928,0.0027444253999102334,149.35127163042637
929,0.0009083720964052441,33.0059917996339
930,0.004138793857731456,145.71888751786096
931,0.004875056915206171,59.79074402720284
932,0.003557682285514252,358.3832667078937
933,0.003524868719880594,148.03488711595546
934,0.0028200710602927976,343.83225626216233
935,0.002675020542507834,74.21390423441818
936,0.003128756072923212,105.5168987063265
937,0.0019471105813883142,351.6931805983084
938,0.002990146481121409,278.68847421022735
939,0.0012093174258991674,33.22303408887619
940,0.002900049020194949,188.3578758131183
941,0.005494660680314751,29.76112710019937
942,0.0018818053770841617,149.1174852292317
943,0.003435438536897779,340.6270759463472
944,0.003184359678778344,78.42186639427702
945,0.002131531345718219,29.866234111334066
946,0.00321310779373121,191.17852033654896
947,0.003911875880228102,47.32505095469819
948,0.0035549774065900585,357.19465331068835
949,0.004959406207490247,73.83862653495622
950,0.004618984434336167,31.29181371586609
951,0.003640758915966124,62.12292464594744
952,0.004575424793354334,103.25842051974641
953,0.0024779086918991604,33.38852030816156
954,0.0035760694107431425,103.89342755962433
955,0.0040332020835680635,353.93429492296787
956,0.004582117321692279,31.80467163632327
957,0.005814366590777231,64.44729452929792
958,0.003980157002871172,185.27167222969825
959,0.004738383172829904,107.227498761178
960,0.003985178319673086,29.894670590035968
961,0.003785483198825345,272.35911430475073
962,0.003852878876402382,60.16387447238203
963,0.00638916991261669,31.040450611224333
964,0.002783374598812104,344.5303118319474
965,0.003007254047009734,42.851925345561064
966,0.002648273634459374,29.052213242653295
967,0.0031413588788471855,271.83876715010115
968,0.0020703613476350077,189.65698662223332
969,0.0017037246548555895,56.36040527126256
970,0.003026720115402978,46.53407233301127
971,0.0037879774015006683,76.1704445344597
972,0.0037239772947282443,143.4832014004808
973,0.002457746636367628,60.181569805385585
974,0.003068660466569468,31.814268024537125
975,0.0030833033339787135,185.2102101374379
976,0.0026436254917136114,149.96712883066635
977,0.003723408385667426,105.08453855239439
978,0.0027840322742624015,30.23320131259609
979,0.001969511644016496,47.15074402150817
980,0.0027956319905074038,47.683980175533534
981,0.004584811287329033,105.73952498078799
982,0.0032599693263940755,280.03031416229464
983,0.0027703036466846243,45.252795667458116
984,0.0034617391686249622,102.58847127581791
985,0.0035265647524682663,340.15099000993905
986,0.0038523923892279203,62.24010345410675
987,0.004210666444823101,105.91211809102836
988,0.00393884752541523,103.74853358387082
989,0.004362456799334233,103.8995217480896
990,0.004245279708951644,105.01178797742564
991,0.0028064358946352135,356.0732508293956
992,0.004458603343333711,47.140820828087286
993,0.004222449846234998,49.249651929768405
994,0.005527435350716239,150.1337833139672
995,0.0027820823086529478,181.6140869608578
996,0.004724618516915988,264.9325015235667
997,0.0031060910285717553,190.3064570749822
998,0.003944994470144812,143.91518030918252
999,0.002346254700831319,63.489134199829216
1000,0.003202812219817795,46.946828318099264
1001,0.004598860884586211,268.8654331801808
1002,0.0033444536228181766,99.84411108833025
1003,0.0038678131873141333,32.33242315874588
1004,0.003030534861654863,348.87718931774435
1005,0.0020347278060099724,141.69290129964708
1006,0.0025651384218282804,32.743581774783536
1007,0.007395358162065004,31.080724918318335
1008,0.00359785381862589,146.28055808308252
1009,0.004543447157445016,61.65392594623635
1010,0.004434427684993187,49.281254200015034
1011,0.003933875345594699,74.53231712412042
1012,0.006092207481816405,72.31987886827405
1013,0.0035754399474715627,187.54949891600955
1014,0.0037503469712580986,185.72890179531979
1015,0.003954828745185869,147.21940104980789
1016,0.002379606764489753,46.06213460513281
1017,0.0024005830110299625,32.37916794228511
1018,0.00263190559304223,29.422975627003165
1019,0.004983408771344379,79.83456034570564
1020,0.004399506254136715,30.529791649066237
1021,0.006097729748736867,148.01196570982685
1022,0.003922006133189831,147.7338259027491
1023,0.004504355034931415,105.26109401206563
1024,0.004543538051343774,343.37083767271815
1025,0.003584606182232543,144.57369119861784
1026,0.0045255005953267445,29.412070343769546
1027,0.0033918866666382327,149.69191708623575
1028,0.0034260647344553762,144.89923048175567
1029,0.0030309584556523755,273.2886452115017
1030,0.003287993622360706,143.69129145642682
1031,0.0030404614530009986,30.904024696556036
1032,0.0027564341907889965,265.6896159859673
1033,0.0030591740895131907,76.38212384440848
1034,0.003917067187964048,143.60123371558154
1035,0.0026055715102110055,270.4006869175883
1036,0.002231374611987234,189.93658013483716
1037,0.003296435619354193,64.11410862572241
1038,0.0020369963448640684,66.67802984436527
1039,0.0033987417241328564,60.65196021728218
1040,0.0037479098741471564,348.22523784198296
1041,0.002911617479410254,183.80962849383343
1042,0.002743983106843845,350.6491463456682
1043,0.0011810799469458289,47.76208729877109
1044,0.002700595881214747,192.38407765446877
1045,0.002341548648313191,346.632450774347
1046,0.0025028800231216477,185.86816050263138
1047,0.002303569834938654,47.62586107540808
1048,0.0028123815635947304,62.93087740588502
1049,0.0025979211031331917,145.08213641446622
1050,0.0030764881233355007,152.51278799850053
1051,0.0034763636841495748,143.6143663601152
1052,0.003299546699090814,150.1280696413676
1053,0.0019845447319491705,266.176433185885
1054,0.00246700833487383,280.05074622673715
1055,0.0029321673783989674,75.48512829914945
1056,0.002219407822761917,357.7755649461493
1057,0.0017814468375109828,77.96497142239231
1058,0.0026679387792682974,188.14802717473358
1059,0.001957370103879769,104.08205361572959
1060,0.0018384365582662832,189.57091217623892
1061,0.0027910279913692312,187.80154479723893
1062,0.0019756095709823436,347.6872569315216
1063,0.002445867084426967,58.14196610162888
1064,0.0025056557210105398,48.18696626980071
1065,0.0033311882639739773,147.38064289717272
1066,0.0026858592822181743,346.0497353078352
1067,0.0028805138898370876,103.67698408232086
1068,0.0027145011354458787,60.97375373576298
1069,0.0033460634458700126,190.7155040155898
1070,0.002357776788445475,100.67555411117523
1071,0.002928170681231459,270.7033832415813
1072,0.00218229843172389,268.2783971036455
1073,0.001941455638188927,105.88600289850572
1074,0.003858662374174959,147.99772956013703
1075,0.0025075057239666567,76.08270922271102
1076,0.003493470555755406,106.32691111412684
1077,0.0031149375140193053,347.9928373439417
1078,0.003751131763659111,146.8269451678026
1079,0.004664769793425176,102.12006314016384
1080,0.0028151956967851347,357.759012284158
1081,0.002441247996918311,31.092243021879078
1082,0.003877694475284863,103.8321668971409
1083,0.005385012169365112,62.25476029152138
1084,0.003998146030614313,29.510438417485247
1085,0.0024719582276727147,75.99536235300904
1086,0.0032330096552449015,103.1503702662879
1087,0.003732044402444814,61.38819943232829
1088,0.0027093597266902576,267.3229720874058
1089,0.003972618382910944,45.35860699566424
1090,0.0032710510157334806,63.385979804416486
1091,0.0026521686406833734,61.5546588181183
1092,0.0030185960064813954,360.8270664824083
1093,0.002529330941218756,46.11502374947387
1094,0.0036773738602523982,77.21756596703705
1095,0.0055384418279202895,61.03904929881372
1096,0.004709983688615881,145.316790094445
1097,0.006537226045801272,29.591490495551916
1098,0.004489092509700021,189.0610488311678
1099,0.00358412441788902,75.49466686966994
1100,0.003933670585583655,31.052857625599028
1101,0.004272887013606853,271.49869522950627
1102,0.0030084049659339584,29.978934160064952
1103,0.0031744997368296415,348.4793166060564
1104,0.003862899246312211,187.88692764803665
1105,0.0036253619635087013,267.76015652766677
1106,0.0026337026971612458,265.38076157462
1107,0.0019469077214335601,106.84697853238049
1108,0.0019835894048670665,99.86678236553578
1109,0.003048534082323786,64.09529301968735
1110,0.0025200400849235407,181.97306901454957
1111,0.0012162253753393254,48.587741448214494
1112,0.0028250471395703906,82.19900733976978
1113,0.0034416887436335046,75.47362267827407
1114,0.003040023827949328,187.23834984893378
1115,0.00199860667067943,60.448015252846865
1116,0.0032168718832756645,48.20642200472912
1117,0.0023030990005127486,58.03010712423029
1118,0.0042205439497814265,73.53749415919835
1119,0.004595392092990034,75.43044021796953
1120,0.004184082570830659,349.21274647474655
1121,0.0033544543445475907,355.7234711076025
1122,0.003978806096955356,145.9541348575061
1123,0.0031603703681367464,267.16104629607116
1124,0.00355420753608947,75.72514006038732
1125,0.002600632937545425,276.8129924626852
1126,0.0035589099638441853,49.893378415198825
1127,0.00354053079504881,31.816811367158817
1128,0.003629447196529373,59.45469741317925
1129,0.004910295587092608,148.43892481669488
1130,0.0032707644794837424,48.41660723755019
1131,0.002911956650048244,103.05582860486386
1132,0.0035004464903067856,104.22163522814543
1133,0.0038488898547149215,61.12834338685912
1134,0.00385498995639326,270.70952533847014
1135,0.0024134159686729764,77.27284260679866
1136,0.0030345320760101755,78.45294314712493
1137,0.0026342576286042946,144.28881332711256
1138,0.006216465575813219,31.102931633188543
1139,0.002788157232798232,345.2277416762599
1140,0.001833825572373763,31.19226294404193
1141,0.004569266016253757,46.742402332094855
1142,0.004332249303534825,60.59537379259279
1143,0.005634321581799833,45.785081899774916
1144,0.003070689581046287,147.57610972784832
1145,0.0038237173965774765,350.2255861397391
1146,0.003798152288604447,97.46139354975053
1147,0.0034976450818000808,49.5272543623497
1148,0.003790639866285626,104.32724172859768
1149,0.0038038448880330623,77.38492930601579
1150,0.003386776371320286,278.5302372309567
1151,0.0044011063607310484,74.15193642581238
1152,0.002568341917363786,360.52933895424667
1153,0.002158072952046165,44.1717044070303
1154,0.0034918635490509883,270.9648055537024
1155,0.003660117845832692,140.7856420551803
1156,0.0040220848466167415,74.27321562255273
1157,0.003144446181657156,270.6847388054464
1158,0.0035334083679180337,30.680418444570606
1159,0.003614981248119875,48.46775215909745
1160,0.005697820393736599,152.16556273719667
1161,0.0037120598368593333,64.2181512901496
1162,0.00424710051216111,50.68970334324672
1163,0.003031982582627788,61.82664030661295
1164,0.0026290877457623455,45.748117166441475
1165,0.0023957018678074592,63.18836405919167
1166,0.005151610710692528,46.97911532530677
1167,0.004043769142152929,144.92605742284377
1168,0.0037169931631349474,106.47746286341433
1169,0.0030700225387603574,271.3010430755802
1170,0.004605308245683429,76.85592139477349
1171,0.0035997061550006038,105.37110334030486
1172,0.005018499646566698,61.80327959881113
1173,0.005280845117270543,107.16223806686675
1174,0.00568108431714889,78.33362585651355
1175,0.005337405625563331,188.45504296953195
1176,0.003948217953882827,64.29714923030944
1177,0.004214080909543947,74.58883666048084
1178,0.0031747666982063004,104.43971050924377
1179,0.0030811558169266708,355.1695167084499
1180,0.0034721895585213313,270.0161633190691
1181,0.004620024863519624,78.0026152974525
1182,0.0027277491873374136,191.04986766298052
1183,0.0036388945818789827,76.55791297061839
1184,0.0032856821725355937,147.85767460285106
1185,0.0032130931528730885,151.40713963885545
1186,0.0022766529581954493,357.0395525060815
1187,0.0012938017401932578,28.83877056331105
1188,0.0026460384191922003,345.0439663851659
1189,0.0016519276249220218,105.90846758928187
1190,0.001443854413458933,28.8738758547051
1191,0.0028475152233715536,269.91550106366327
1192,0.0026206387192360125,72.62803981795068
1193,0.0039730071432008485,64.27667504283633
1194,0.002142228283665319,355.3108492474797
1195,0.003109270743502398,101.49218321266956
1196,0.00272568648719064,271.8191829890965
1197,0.004379819357603304,78.48766045191782
1198,0.004680157733463812,105.96952058279216
1199,0.003014388622320444,353.2162721187273
1200,0.002802200941250949,73.82386863796354
1201,0.00278523333878563,356.37461953171794
1202,0.0027605384072473694,181.92519245806423
1203,0.0017472858871142622,31.98855236347721
1204,0.0033367039565755756,187.91079363721593
1205,0.001892139885722617,102.44689312399534
1206,0.002470135314838508,270.3019722721297
1207,0.0025107415126421374,144.9331862359503
1208,0.002493315247228076,101.69827717344552
1209,0.002686701390512798,102.23959657023977
1210,0.0031805327087922036,147.2282103177694
1211,0.0021369839635908493,58.884366296087705
1212,0.0024349933119851876,273.12534287896636
1213,0.0022790394517782026,344.5400329318483
1214,0.0023793899799015826,274.58430421994046
1215,0.003790793945055074,44.34482227205486
1216,0.003330981639888266,32.05813277529714
1217,0.00191928454617066,59.67722271070085
1218,0.0031877625231179598,80.00047664381567
1219,0.0030643963149612256,31.68151075714097
1220,0.0035171852432735163,350.9266232040946
1221,0.00402170774032129,29.662983367585618
1222,0.005685499404287178,45.37078971874067
1223,0.0032305195588308447,102.1133260676209
1224,0.004436568321674211,31.584577286874527
1225,0.0042862225980701925,189.61554930123341
1226,0.003237570048378106,32.325537676115545
1227,0.004129453745967161,75.8402418473326
1228,0.0046320197194487465,77.49292733706137
1229,0.005242014639686834,102.96336743942616
1230,0.003392763200296894,64.84604552303203
1231,0.0048599140837445876,357.5376033843478
1232,0.0027530074347361312,105.27658968778871
1233,0.0027242584877636877,43.539637686653485
1234,0.0040331622094429845,344.51687076671266
1235,0.002712968083577966,355.636182121979
1236,0.0018053188905212947,272.0771273923986
1237,0.0030996225318245954,55.1795317875824
1238,0.0028751385452778777,46.004842633903706
1239,0.0027619410071410017,353.2446786663762
1240,0.002644526785423715,107.36845143495435
1241,0.0022135296119437232,31.709038217576055
1242,0.004594892464681195,75.49505534662721
1243,0.0035044917145269304,192.85933424010352
1244,0.002522832564033932,142.28392671611624
1245,0.0027059016919393254,142.10787011357795
1246,0.0034985639459066565,276.0555328115698
1247,0.003202461147809337,31.155104432389354
1248,0.003127608874135533,186.2145898369675
1249,0.002041615403241253,30.234820832671257
1250,0.003494463697670226,146.61152429701988
1251,0.003551606648930133,145.0188781425226
1252,0.0023718430951506692,75.87039221094267
1253,0.003790242138288827,76.61644785256568
1254,0.00373776965359915,147.86083360241338
1255,0.0035571061290833564,355.0940682323335
1256,0.003970034044826225,145.36565359966386
1257,0.004268163353257338,103.97693541317676
1258,0.003355094924355964,80.08606779493232
1259,0.005597340371506024,44.41585310372631
1260,0.005068899196472062,46.600832590038934
1261,0.0050221933707763206,76.34386359430498
1262,0.003580125152604358,44.436572286231694
1263,0.004242449053890596,104.58290782121996
1264,0.005312939651173957,30.5903810275808
1265,0.004579427374207302,149.78382661035357
1266,0.004217942138368503,268.9502750791068
1267,0.004268014516381368,349.6531074650409
1268,0.003977217689398312,353.9340897671989
1269,0.003999135750484006,61.82142945371972
1270,0.0032354497344176006,103.42690652935218
1271,0.002509898144156885,64.53785409400238
1272,0.0018765779348706762,49.639174385288186
1273,0.006111037453096783,43.99760149591445
1274,0.0034092633443109106,59.460846791982306
1275,0.004177721148712758,107.89923494351918
1276,0.002891760369006796,269.5055223500663
1277,0.0020619638887402632,30.28758038291722
1278,0.0033415283877608073,177.67511002326643
1279,0.0022867165601748694,193.55395225333206
1280,0.0029435709390820426,269.1274127439306
1281,0.0024893325426583526,75.06190400178511
1282,0.0035369232693312443,143.47064661266865
1283,0.0026439521805791707,62.46800590854645
1284,0.0035230813655594438,143.21890112043732
1285,0.002689368563523269,185.24377350053973
1286,0.003493559164906338,33.008989926776806
1287,0.005153200077488277,46.04026006003125
1288,0.004541408067358964,144.04731391055114
1289,0.003299870012125469,350.1481796261099
1290,0.003348400661264817,75.12509211403834
1291,0.0035940805745170662,190.7611594368659
1292,0.0034895787572722992,62.727352044483325
1293,0.003197443109407637,76.95983547728056
1294,0.003337233974766065,62.39347238203397
1295,0.0026247529257055692,146.9613607453211
1296,0.005420477003843354,48.340598433776215
1297,0.004787408883413054,104.10036861695593
1298,0.003851627726390623,191.01717083306687
1299,0.004506743681420191,146.1954189230508
1300,0.0031135015068611137,74.68843181210559
1301,0.0032364071811247473,64.58932965593505
1302,0.006072674135132481,46.56846683191367
1303,0.0042934987081521695,44.3633361773163
1304,0.00459781305231075,59.600283043010045
1305,0.004813720977710608,31.626402974679046
1306,0.006305538536438135,59.1202714664313
1307,0.005940707828597521,185.76659968432648
1308,0.005434266594789192,74.37929999853588
1309,0.004177109240779167,350.3673635329198
1310,0.0032074094648613448,109.94528051772578
1311,0.004188290979403642,47.7415224744393
1312,0.003954474254964067,151.2246599635118
1313,0.004731616067208776,61.41612388472102
1314,0.003348078731326329,265.24100736020364
1315,0.002493387323940148,149.58027080368993
1316,0.0022243934288091057,30.665276553326127
1317,0.002551572031744122,348.52751290605244
1318,0.004518872953171508,45.6386692289667
1319,0.003527632898322526,110.1974182702084
1320,0.003248788107084204,146.99472456881242
1321,0.0025637776687455534,48.36681380244172
1322,0.002599279744302023,71.38431715302407
1323,0.0034581457134250245,48.738129888390716
1324,0.004571348584281152,30.810962478724104
1325,0.003681128986954718,106.87137376160953
1326,0.003080762644552208,189.89300996464945
1327,0.0021322355685948298,31.72323965869758
1328,0.008113277247095287,30.84624285763547
1329,0.004230801607432629,189.44356477435267
1330,0.005820896341508676,80.36835025275155
1331,0.004123123003619136,356.3006488622864
1332,0.00410775053388597,340.92182529062717
1333,0.0042143191924973004,31.581524720798967
1334,0.0037968796239676358,353.2275292719363
1335,0.0036456594972741627,189.43539747728892
1336,0.0024979670934781833,80.76891862398038
1337,0.001962795266593621,271.74186338842117
1338,0.0025328440791226813,61.69554292795865
1339,0.0020418316421868935,48.9146504816402
1340,0.0036885292399169087,190.94394874299113
1341,0.004175235741224076,43.965211173068624
1342,0.004224995941067452,146.07533086228082
1343,0.003951497733843576,60.781024180575976
1344,0.0031960638539011354,267.6928580130467
1345,0.004054242427554453,74.17961382296565
1346,0.0036666113277834984,352.9048438218333
1347,0.003994480295474759,60.70663758919066
1348,0.0028896187396800516,355.56001714760873
1349,0.0032479289274724085,72.36548464195302
1350,0.0039883000499685295,79.22103382777375
1351,0.0025669460676978747,105.03842982781195
1352,0.0029943081411226784,142.17347918204672
1353,0.0022836991013908624,352.93090070494173
1354,0.0032099935920701385,75.13017921722698
1355,0.003803690214474707,45.58275370645448
1356,0.0022796642416241493,45.64089678026232
1357,0.002983069799903695,106.15848226649302
1358,0.002443969968688611,63.0444301103013
1359,0.003190709124423519,187.07500354905847
1360,0.005706818489325714,29.847604490562844
1361,0.0036253583622687905,64.42883356655486
1362,0.00410831999838144,274.0668362213329
1363,0.0031840880078165138,144.80544210021546
1364,0.007615913972680071,31.369345922541235
1365,0.002989812314388893,100.54321326285286
1366,0.004802761129002857,102.8976536086676
1367,0.0044339449093040335,145.4076655228373
1368,0.004517000489365521,49.11827433607386
1369,0.0035508112242219054,361.2604541127163
1370,0.0025791545972846434,188.32445862353933
1371,0.0029406351269384546,104.17402048866325
1372,0.006216664724292812,30.426292574381815
1373,0.00315262143732085,350.0779946891268
1374,0.0023382137606241353,345.07495619339574
1375,0.002153559749289839,50.10143467204189
1376,0.002464134715480143,107.01986271404543
1377,0.0026393030286551667,104.60101727140069
1378,0.0025566110549324825,345.065567362138
1379,0.0036988570523995754,76.62345837635718
1380,0.003514008421255064,46.59549819249652
1381,0.0028842617364742335,270.6231220112991
1382,0.002999394633311543,350.9059748295423
1383,0.004041239681762157,48.23023495365036
1384,0.002141957902620498,30.180424334123543
1385,0.0028482620726061067,76.21909219241027
1386,0.0026291155512366015,80.17342539779868
1387,0.003918111471088755,103.61748835332378
1388,0.0021795642910354884,272.90740768868994
1389,0.002474713236411984,103.32834732528165
1390,0.003703012044419486,265.23641024185713
1391,0.002244036532509789,77.7697093196026
1392,0.0034832432742063395,149.53227256144638
1393,0.004500313625612762,34.073740644693025
1394,0.005703969629770466,33.44438921143664
1395,0.003978936409919083,276.07775912008924
1396,0.0029279279918317655,269.04638081358104
1397,0.0028410236379395708,188.75493331623179
1398,0.0027073355505323844,60.3333072162281
1399,0.003975837362492618,28.942595016885534
1400,0.00341256328180526,354.0505343768509
1401,0.0037297224334906787,77.03774846988438
1402,0.0028856068942891746,100.0048744512015
1403,0.0024036786342811656,351.0441380699743
1404,0.002720776298964293,149.00399940743296
1405,0.0032034055414807937,190.96055255211513
1406,0.0021720815212321804,193.78094452523447
1407,0.0015388519853751438,107.26600954777437
1408,0.0034378625814810975,32.24941816559038
1409,0.004841622114703381,31.569325421930035
1410,0.002266036137567622,74.94811365141273
1411,0.0029438117920575235,74.11524855451036
1412,0.0026774915079570477,75.13898947779147
1413,0.003700040396840966,77.52292336670165
1414,0.0027445196341637124,274.77300658473695
1415,0.005182806377971164,45.218267265024004
1416,0.0047432967928486775,74.85228917958614
1417,0.004099305691082778,107.44037151985735
1418,0.004663394226469987,187.53366939450873
1419,0.0035913865740440087,269.4424753011675
1420,0.0025075840661382496,27.40699479914766
1421,0.002446512347448553,31.82940684756764
1422,0.006680027862995093,105.41816337294547
1423,0.005631841529473855,31.858451706543413
1424,0.005179605757637712,45.310495942108616
1425,0.005743730826090264,65.11339517160263
1426,0.004740073772587957,144.35648831868227
1427,0.003992011446056354,105.45184485038574
1428,0.005321742320680082,104.40184906791922
1429,0.005144710863739241,187.53504734421062
1430,0.005367889669948702,45.3964613011941
1431,0.003874986786051766,192.43101306818292
1432,0.004394774727957484,182.60097259318988
1433,0.0038196118999416872,267.1126638127364
1434,0.0024798825438757076,149.71483267823731
1435,0.0031002008462067904,184.9925618150481
1436,0.003076920144727589,276.7846218544804
1437,0.0031649074411358347,46.51913735292849
1438,0.0029315844349676393,77.89568621121843
1439,0.003528097050465559,49.008448766656485
1440,0.004562385732524803,30.899638620174056
1441,0.003436958805180219,29.216038995438304
1442,0.003127443812790879,346.90584365548995
1443,0.003057300686088218,101.80236597175228
1444,0.002541718390052089,271.1017188424594
1445,0.002598042869067285,32.79407393298918
1446,0.003195094815964694,188.98676373433716
1447,0.002931134181877,48.08188779145654
1448,0.0025707302242455217,349.37232711064945
1449,0.0036572850813909835,76.78377244014644
1450,0.0033322784828298197,271.3702000532044
1451,0.0021630453762742853,30.854296142202994
1452,0.005006583051615931,64.98021842383035
1453,0.0032065693998019388,353.0434736971025
1454,0.0032510976270842405,275.4875562785093
1455,0.004324221440997048,48.37203535873161
1456,0.003067559762251183,266.85930013094116
1457,0.0024976834324046946,79.31544499710037
1458,0.004233893586560215,80.77663405896394
1459,0.003481947267820202,61.044096622752754
1460,0.002561972876841255,348.1506799427886
1461,0.0036900919536276625,59.14741090133959
1462,0.0035951769848345566,145.09768859088902
1463,0.0029028681602911504,268.71290323459414
1464,0.002770685299465279,191.72435834082023
1465,0.0021366188509624596,31.45225758682596
1466,0.0026107203052368943,270.9650135732428
1467,0.0015066847359964319,32.297588410585156
1468,0.002242794866260275,63.60831213880725
1469,0.0021368494885215293,272.9726758581089
1470,0.0028043430148222965,358.00086327365466
1471,0.0020640172743808757,353.42669307364804
1472,0.0016086647680438127,355.88144153697255
1473,0.001225599174808772,63.57943003253977
1474,0.0019656291077243056,78.4110522105453
1475,0.0017412376383562876,150.50065553668938
1476,0.0024386401441502544,355.7788050498012
1477,0.0030155274739258487,77.10570133827547
1478,0.0022523712170808012,146.6655793631131
1479,0.0026762192021785518,46.95459561093115
1480,0.0032223579052289755,31.572266031717493
1481,0.0026604937675609322,349.699181249394
1482,0.0037116193407550433,102.59627360866368
1483,0.004478077626117738,45.48408550784188
1484,0.004881460543276325,32.09985087723336
1485,0.003452236556962729,355.6231165996546
1486,0.0039057220265484353,62.41929509749641
1487,0.00450667002661572,60.872551716207134
1488,0.0026664809804803464,271.30043215957784
1489,0.0027138004956017343,73.61886968153806
1490,0.004118306650355916,64.28391193306857
1491,0.005264079089718476,63.834560617425815
1492,0.002460460635562336,271.1402772831742
1493,0.0023624852353883587,32.07976792022077
1494,0.0019223817515432108,108.84260003310472
1495,0.002843819038194939,361.60554930527195
1496,0.002265069004290311,64.0070983957788
1497,0.004042755806618847,46.49881600385674
1498,0.0036606288082087443,149.33382447495336
1499,0.002425692706105699,267.68895946221016
1500,0.002906895281634766,106.69554277130538
1501,0.0025594300220244943,60.25101983151447
1502,0.003216881553718418,62.182163023586234
1503,0.0027597492882929136,352.7158568506977
1504,0.0025652963158299333,73.7893161423158
1505,0.001974044314149562,60.444608220130355
1506,0.0022941962060113756,46.669443074730694
1507,0.0039393484402286206,147.05106007762774
1508,0.0031392766518685777,268.09085511393545
1509,0.003589309878676226,269.8748184095093
1510,0.0030583605067966767,106.03005299936626
1511,0.005161165945725676,30.62639427159645
1512,0.0046318139023336195,31.695770857110155
1513,0.0037357457757123584,69.02711654782159
1514,0.00461605884457468,76.14440659936675
1515,0.0044864600314558,32.3077921109705
1516,0.004432795222217808,75.00098390532006
1517,0.005434472886869067,75.78491409564204
1518,0.004649926874662924,272.5327439486196
1519,0.003823430631339345,62.73255252843926
1520,0.0038871821660501293,352.5200914188863
1521,0.0030596456566034788,268.93747000161517
1522,0.004969415357244053,104.2505373751182
1523,0.003911713258544571,142.8961083450429
1524,0.0031325434408175238,101.7145118204171
1525,0.004558333978343013,64.19410381130737
1526,0.004026688513879847,142.2757749923054
1527,0.004459563732058902,29.022063914208033
1528,0.005161776745068383,61.6767452822249
1529,0.00558173121434929,72.40170137859018
1530,0.003025901316015314,105.30503731992425
1531,0.003610390328775765,192.5264369323682
1532,0.004880855041640822,191.23880133008194
1533,0.00388345568783486,49.82956543383145
1534,0.0034807857623399586,142.82759994449356
1535,0.0023867008404196634,360.8761430404511
1536,0.003218222396510063,184.9263901245549
1537,0.003821869004326763,146.60139323033286
1538,0.0030032251318882174,194.3848772929273
1539,0.0023690471060354426,193.5450361914159
1540,0.0023787061873008497,188.30423737454709
1541,0.002812296690574161,261.9181388485715
1542,0.0034260052570666112,145.68955100257716
1543,0.003867120498840892,78.94088391956011
1544,0.004008961334906856,30.35955840602949
1545,0.003075801812294333,268.65442789236994
1546,0.0038394471332289823,183.39384257945122
1547,0.0028398274091821145,49.11887311354673
1548,0.00442289108960304,74.03379589831903
1549,0.0032704091122881932,346.1561905895516
1550,0.0032747612388517996,109.81408982522608
1551,0.003926895685832609,48.985965315697555
1552,0.0024327805012117924,48.12986193548671
1553,0.0028391824151019047,269.5907303451541
1554,0.003818031527105273,274.8705886563809
1555,0.004478710183697143,28.84974139752253
1556,0.002747672349550598,182.3695349993957
1557,0.0032129158120038815,48.602559103016844
1558,0.001703823861918926,33.908565392077406
1559,0.0030654119177184343,45.25497330944748
1560,0.003378360742474264,31.232746368635503
1561,0.0032994258451183736,108.27403027765264
1562,0.003666880237659891,187.81960456686613
1563,0.003275689163735517,271.73196453787136
1564,0.0022796834088348733,272.27453941837683
1565,0.003601504399321621,71.65910448242896
1566,0.0029239768051551296,101.78972572244525
1567,0.004780324345643995,63.8791542583481
1568,0.003159784534463225,50.14352927236204
1569,0.0033737075360784755,270.12061907653634
1570,0.003818267562812914,45.42950221574552
1571,0.00266742039950969,346.4338847933643
1572,0.0026261770432359876,46.718904216573655
1573,0.0033359703187228217,78.19547220344889
1574,0.002718923277759891,187.16089098081693
1575,0.00234897369527436,354.88513094005856
1576,0.001591699752052737,349.02106854755544
1577,0.002214717066963953,185.24630518626208
1578,0.0055935227077309815,28.074160382803623
1579,0.002317245493951027,353.88783374536166
1580,0.002336596945915025,74.70603202012106
1581,0.002867408976691457,104.57065505478957
1582,0.0024015079896369724,269.7749464049269
1583,0.004174633096144217,47.236618651748174
1584,0.0034055544762888763,275.0630702904163
1585,0.0034206115173031413,30.450611330275095
1586,0.003039083916246941,357.1958564959161
1587,0.0023358335867742913,143.42810279519256
1588,0.0026288124236217157,275.31800125964105
1589,0.002248662447387827,104.26532338003047
1590,0.004037958630970724,106.16299616228704
1591,0.003916860025374508,75.20905858508756
1592,0.003337707349078422,354.88420466880524
1593,0.0027744686955663163,78.36894247344969
1594,0.0027688462307420185,357.2306839041256
1595,0.003407417544432925,144.74568973439716
1596,0.003968560611561721,75.37365450926283
1597,0.002857729941124803,32.57547258845658
1598,0.0030297328239612398,49.00165363800474
1599,0.0037163115986503996,271.21539279292296
1600,0.004102543904868858,75.01640354395388
1601,0.002245302135354275,108.32242700762487
1602,0.003915363425644308,273.84833444796783
1603,0.0029512460911554138,109.38197398094941
1604,0.0038977917763086505,183.40516940766628
1605,0.003171442734912552,31.033581555737406
1606,0.004266025649331376,59.85558488944234
1607,0.0038446288181148702,106.21977532600583
1608,0.0045699759379763585,104.2328918626538
1609,0.00407317011143845,149.36863717030917
1610,0.0032131348255869194,28.985146865692
1611,0.0038486503046022756,106.89280486582564
1612,0.002212085895107834,31.321830889446705
1613,0.005903901253490899,46.51723920326212
1614,0.004803557146629287,75.16825675846673
1615,0.0032103831655018087,348.09212316528266
1616,0.0040527015484936564,61.81376915473987
1617,0.0046346389261076705,148.3101500439371
1618,0.004389019336736208,148.89492055427817
1619,0.0036392768312138147,103.23601950841707
1620,0.003322399437128694,271.56327487450073
1621,0.002555049164245355,65.91085452665759
1622,0.003385758156147064,267.33669524020075
1623,0.00291298355818523,146.04246947548162
1624,0.0024555690039760212,61.54149247047558
1625,0.003012703011530815,359.30177758433524
1626,0.0021576624492377753,186.43061279633375
1627,0.0016458487331602583,186.8564687447325
1628,0.0025187027350727577,188.08336903455674
1629,0.0034186634880329207,45.361760398834505
1630,0.004158369660659888,78.9302067919934
1631,0.00212479830257838,45.10296771044404
1632,0.0028705247277684975,49.969785893387936
1633,0.004851711152187525,59.35695179254032
1634,0.004233919933847599,270.7232718427034
1635,0.003826982938335277,191.5108654202293
1636,0.003681223950573524,192.16781255097496
1637,0.0029825992061235794,345.03357059748515
1638,0.004231810268204237,78.16337775017799
1639,0.004181449798253057,265.6683309651516
1640,0.0028225462233835556,46.99916600894054
1641,0.0030764669439018602,148.50975695117933
1642,0.00231116271179673,272.29724429333254
1643,0.0018528331886240963,149.5782994963165
1644,0.0028168052588826266,62.35060814307509
1645,0.0038441742301259536,58.54087800475913
1646,0.003133200333806975,31.965466619146493
1647,0.005059108866565087,76.83645135518711
1648,0.005531121725778513,33.57949044715778
1649,0.0030610702315426665,148.48011680083462
1650,0.005990286481141209,31.359614568916946
1651,0.003048411151745501,29.84049535891406
1652,0.0042534910529681644,358.5374694030694
1653,0.002846932697881949,271.63949287435906
1654,0.0027188494401674357,51.08049115195966
1655,0.0042383310431622296,358.31901525125113
1656,0.005057855147738751,46.16678753304496
1657,0.0025733738381001183,273.38077423917605
1658,0.002251873626474302,147.77765688823683
1659,0.0025263625230438004,353.4122640747625
1660,0.002358019737083192,32.62519874241053
1661,0.0023499232737431786,33.11635725819446
1662,0.0034328476262297214,151.2475716428573
1663,0.002974235232273412,355.91705656485806
1664,0.0021950556273905336,32.63140656156182
1665,0.0033908197382798194,31.42357387431973
1666,0.0028838409094139035,191.63550380138517
1667,0.0021146605510066513,358.2376748768044
1668,0.003235883766881836,48.92126396756753
1669,0.0019495587504641527,143.8098078969816
1670,0.002591880515121209,47.51655895486178
1671,0.002246924921263098,353.91398909011764
1672,0.0030458735300271655,47.59119041094442
1673,0.0031899621045130724,102.4178982355383
1674,0.0040297678877555,147.50613134058347
1675,0.0032425650918820135,31.487164500542672
1676,0.002775653916183204,56.77209355414835
1677,0.0032052710037686677,260.4586082856741
1678,0.0035346120918033053,105.82843232138714
1679,0.0025815341106197234,273.59894453837796
1680,0.0025525250153945168,102.95278994750937
1681,0.002019692588397911,146.1044929200622
1682,0.0023280539858526127,273.9919344524042
1683,0.0033697207707179696,60.74139792252565
1684,0.00204799450776508,46.25361730535535
1685,0.0025848867390722806,151.34028044923156
1686,0.0025985406359108607,74.8197370190061
1687,0.0026075796048333102,146.18783112472823
1688,0.0025880815614918516,273.96377517149443
1689,0.0020122793797645745,357.38817728511435
1690,0.0027144936619317214,49.23380177252835
1691,0.00295818482600663,358.9080229944053
1692,0.0027393380997806564,62.579073552899594
1693,0.0028302923943287804,145.92113155448698
1694,0.0038873421185984377,61.60633879767023
1695,0.002377331041649265,270.8493905012864
1696,0.0033670171256203873,72.57015643168775
1697,0.003469631740379452,270.5169379876701
1698,0.0026222028685940857,60.15435476241026
1699,0.004886208939343964,32.77090760668601
1700,0.0033467729245730514,144.08066289184882
1701,0.0035610765474735615,353.6149588379036
1702,0.0032866876031541425,271.75443154843276
1703,0.0033499790907748337,187.7957186096693
1704,0.0034158248976715365,269.32967457461444
1705,0.0027478521074621133,275.9902772599862
1706,0.0050023838181193145,29.79836769790041
1707,0.0030913115858476163,143.29574148064577
1708,0.003645749548083516,104.61405509100322
1709,0.0026947571613051883,360.96433574752143
1710,0.0037262512637896397,29.11379592265759
1711,0.0029135988021654815,31.37337489512799
1712,0.0035772362660788258,191.63067571375151
1713,0.003067454941321532,269.5573332653091
1714,0.003266325438782818,275.0276818942875
1715,0.003995685511240895,48.20144428350387
1716,0.0027875194946668323,103.24071779536074
1717,0.0037581152932473524,31.347631410701545
1718,0.004029105822333691,190.66626055186507
1719,0.0019551273600604793,61.03895869398025
1720,0.002281215949201746,100.74322962291092
1721,0.002337278440324086,76.35905334396935
1722,0.003591494792386769,347.83536537449635
1723,0.0022474077072948276,353.03015073694866
1724,0.003502375153854377,145.57518915307108
1725,0.004727521262950553,28.396906321718223
1726,0.004034934477620143,58.63332137167539
1727,0.0030016967121156714,275.50329009763357
1728,0.0029860956617751033,186.69021648244126
1729,0.001833541299896063,75.1943860096278
1730,0.0038372638165159955,30.00479560632616
1731,0.0033594569301339246,61.61968286606292
1732,0.0024351574038262978,277.6006668663124
1733,0.0022036777621991825,148.59460927897317
1734,0.002986979461142751,43.88438974593854
1735,0.0025497993288977855,183.64183584791775
1736,0.0029067358462548406,62.49575394622186
1737,0.002915880624051489,74.03052159869446
1738,0.003162134450545197,30.349538770756798
1739,0.003331757870293617,60.01099806849852
1740,0.002916273226316618,351.73554551603144
1741,0.002475228816769095,349.58683600588483
1742,0.0022024698062267016,141.3135632968671
1743,0.0027074951416333364,61.15414940005699
1744,0.0043549726237456935,49.02959509415074
1745,0.0030196322472547015,181.81412312668726
1746,0.0026064205414159675,150.25292011788477
1747,0.0023373064131076934,263.4425109663954
1748,0.0028175014629706133,143.6418501137834
1749,0.0024567621015627026,355.1553879766583
1750,0.0026637397435586214,347.02485978323614
1751,0.0026072034700986035,77.62909252439448
1752,0.00212512465932869,77.03474809956097
1753,0.002611929314839103,76.15766829957937
1754,0.0018473924274902938,45.819618900617826
1755,0.0024434098539901383,103.49075356870257
1756,0.0015555243409866215,63.119197577821204
1757,0.0025810390852362055,107.92118551792495
1758,0.002333491175952738,46.38639871202251
1759,0.0024729301863960153,29.270283744285333
1760,0.004114756462073982,149.1770222196677
1761,0.003060427531203517,348.83658792560965
1762,0.002958582608863997,45.759890288700376
1763,0.003100048330785464,271.4600680252162
1764,0.0029735132321563424,63.40639154015144
1765,0.0031034401878152216,62.21452589461093
1766,0.005241768008790342,106.16762774817606
1767,0.0029279373938434533,31.413484257772485
1768,0.004224400914365068,192.18125888293952
1769,0.003266203229610586,46.15898210968072
1770,0.004256237601076953,103.66823120061146
1771,0.004010795459592926,194.92241745611176
1772,0.002993390066852019,76.00656712786828
1773,0.0032847037908560685,101.29259375206605
1774,0.00317387358241626,267.96133830749363
1775,0.0028261378102587722,104.8650860857393
1776,0.0027805657159613887,182.4261120337516
1777,0.0029439694715281003,57.733179694683635
1778,0.002710180168903137,105.90582884923082
1779,0.002946213099061373,267.3488111037745
1780,0.0023890637458441155,146.7242807531336
1781,0.0028001516748890234,104.91715420777892
1782,0.003982433699709739,142.4444181698252
1783,0.002902178832860395,110.4898071448898
1784,0.0038677599079312277,78.6631754980771
1785,0.003323147681118085,180.27465987215336
1786,0.0038834926220973815,75.05282374870471
1787,0.003511175063207562,108.81925892733354
1788,0.0025104877341502727,148.1926052157925
1789,0.0027555444147906137,277.6829636185802
1790,0.004479025779470579,45.135516873754526
1791,0.003950709527502609,43.34081117779861
1792,0.004792061485636237,62.60436184862459
1793,0.005078352994747252,79.81829195869717
1794,0.0031454053606790634,64.66141758159742
1795,0.003050486724712012,267.70410219249777
1796,0.0028919231648540087,184.06149000686136
1797,0.003433894036545662,358.74593893556363
1798,0.004018396708931038,75.9256432096394
1799,0.002896815802101472,358.3129763006593
1800,0.002070196806114275,146.8274872183745
1801,0.001320872753432503,102.20992766650679
1802,0.0016572004402110611,79.79259837086757
1803,0.002193027231699873,353.4428898036474
1804,0.002182281946178674,45.59810090752136
1805,0.0027662445819503414,276.7189726991153
1806,0.0021494481112935768,353.32753518082944
1807,0.0017972853603242657,80.63712187623584
1808,0.002511246576310422,189.81832446046602
1809,0.002994088861230231,31.638826828400802
1810,0.0037273978448218383,59.02020420518294
1811,0.0032773019009840997,55.98312173662649
1812,0.0025080259091947274,101.8842738223213
1813,0.0043659269037491935,104.04122425081773
1814,0.003141020534778513,190.62047912552924
1815,0.003058793586949998,44.29021681014976
1816,0.0022143500929716438,77.22357835147803
1817,0.003198426919098752,270.9589753868317
1818,0.0027832961463116527,29.627182428841497
1819,0.0035135505085446103,103.77865580061169
1820,0.0037805852644582252,267.40517214726106
1821,0.002997965485670443,350.3518155941293
1822,0.0026989413181394244,189.24833001193545
1823,0.003064311626376272,189.6350245599724
1824,0.002777667491417643,49.54994085438062
1825,0.002610246473701296,188.40747093741612
1826,0.0024600820667895367,270.39105284248575
1827,0.0019249181237822855,107.57722390312533
1828,0.0027346912546328474,107.82277782398023
1829,0.0022814685987462076,47.13761130038031
1830,0.004980402042329425,79.33595883244601
1831,0.0024731954080975966,33.41617380442195
1832,0.003268568873161883,149.5492901168656
1833,0.003156673278996235,102.8198154449478
1834,0.0037676903431647715,261.78510695201317
1835,0.0029102093600850425,268.9636224474835
1836,0.0028482338956549898,352.5041428536958
1837,0.0031405303111050244,149.46396480652479
1838,0.005365635412905751,32.34554230031944
1839,0.003274526313581536,30.377295714191874
1840,0.0037963505488523177,101.9351999087451
1841,0.0018598259183786937,31.666894333911774
1842,0.0038202424089045176,78.53936642911606
1843,0.0035693476946339646,149.37091186435043
1844,0.0030511608362045277,76.59566225903394
1845,0.0037364727050561877,105.55194673684656
1846,0.002729349558817891,190.06943225785912
1847,0.0032655788026414276,106.39501899519637
1848,0.002581701352164357,353.7907080820974
1849,0.002681970538325559,149.64481658101116
1850,0.0030312511755318126,31.837524407447173
1851,0.0036896447401117117,106.75884092283508
1852,0.0025815310478807313,357.6230042692718
1853,0.0022875326162088666,359.1703116010794
1854,0.0012266781437358725,64.66607864519501
1855,0.0024479009066867134,49.13529089483349
1856,0.0023768608324166575,63.500715283507205
1857,0.0014740266165476482,48.04788221102416
1858,0.0030562110444761702,61.98861536893484
1859,0.004938576441757396,63.243529858569126
1860,0.004176120121364447,149.93613051020418
1861,0.004508746409555897,33.16734284810425
1862,0.003232753053555188,353.67574668106244
1863,0.004807872396135093,29.489560278836308
1864,0.004259109061142506,109.0411664867302
1865,0.004457111119649951,32.17367414603211
1866,0.003594146068854454,149.1490071501423
1867,0.0045075916580547505,78.26569279076915
1868,0.0059622075410064425,150.23193816368934
1869,0.004198746038016002,358.4013936707764
1870,0.003379753860198184,147.67147727492053
1871,0.0038705184432239127,108.48454866367678
1872,0.0024517523924585736,357.39040056861234
1873,0.00197076929281628,107.43565526838854
1874,0.0032309966341345737,186.92516901093634
1875,0.0029047768380573522,102.14400457836896
1876,0.003180191602123986,46.4689041523195
1877,0.002307304352460954,147.20431990153816
1878,0.0027505559359382197,191.95418500995052
1879,0.0022839425784530413,353.2400270577678
1880,0.0025930633360690693,74.94523442328749
1881,0.0021613282400147894,354.1888077164556
1882,0.0020070516790068583,106.68568762511637
1883,0.0017585318231063754,191.67566096878994
1884,0.003340051241233094,29.864338798737016
1885,0.0014395574029988673,34.28502704251825
1886,0.0023692563227184064,355.07596743317515
1887,0.002616114878288374,29.879083474209356
1888,0.0038310770721097665,187.33268830483442
1889,0.0028772310046416075,362.61718841244806
1890,0.006503716868886338,31.539202096694314
1891,0.0027690373005280493,267.17396897334885
1892,0.003124174802472671,148.2576743251234
1893,0.0021790703449369175,104.15558678408351
1894,0.0034720910106526308,50.76960135733026
1895,0.002555886936779889,78.32998208682032
1896,0.004093087726332823,61.17123351482071
1897,0.0026852518129401003,352.88719412622197
1898,0.0038848512958301815,80.46317803408172
1899,0.0025850585618834225,45.23068546419343
1900,0.004896283637208398,49.043510415369376
1901,0.0035600013580173815,100.61570486861086
1902,0.0036615765312861598,268.7425132507588
1903,0.0032598945477898783,195.01727587902494
1904,0.004059786404320983,75.61354759620613
1905,0.0027224804048914144,277.1600618722982
1906,0.0017856568432260498,31.35555949687766
1907,0.0035427539590234796,266.9646929612617
1908,0.0037062567468543924,32.421176007296204
1909,0.003313678027758946,188.9236078781117
1910,0.0025922408398044577,186.05680285354256
1911,0.004597874762671731,108.5275507273194
1912,0.003999157363099492,62.67950139534568
1913,0.00392777555379294,29.041600919646267
1914,0.002405472022505349,32.40177927110563
1915,0.005701271173793116,31.401754956956324
1916,0.004268581281224724,61.14502811982389
1917,0.004565269789487444,345.3912427529693
1918,0.004301073580363846,151.3580785331098
1919,0.004756247022206958,63.19761272814507
1920,0.005458380362095753,189.20439614130186
1921,0.0034177468029193067,144.0654933350474
1922,0.005171521691482741,75.0046528001067
1923,0.006028104199685913,105.25472388274588
1924,0.00654637157805899,47.73053500558442
1925,0.003710537139571462,274.6298821257141
1926,0.003151075324455736,189.2588807115455
1927,0.002469270270874816,189.61424312644883
1928,0.003893421033796118,74.39537862272739
1929,0.004785139184109125,45.378488672504716
1930,0.004716842294394305,189.75215332566236
1931,0.0038176592524624287,183.1750196189139
1932,0.0028924632977334074,188.12414439165332
1933,0.004195093093585456,48.60146615127606
1934,0.0037207215746920238,46.50015671665976
1935,0.002530078013306421,77.75809387148882
1936,0.0038954084882099212,31.618903048094417
1937,0.0035638090569661404,107.97976542538306
1938,0.003410900773083882,186.21990837570834
1939,0.00383977463328565,347.65354533824484
1940,0.004298439454734591,149.5357940953257
1941,0.004197973211532748,29.4679855348808
1942,0.004489557248824575,80.1164066381143
1943,0.004024861645917816,184.74646945173038
1944,0.00467755841894429,105.04941382341762
1945,0.0030127870635196278,346.1106402954061
1946,0.0027177582454446705,188.46325520853895
1947,0.0018486488739158217,44.95961522065828
1948,0.002655765664681455,30.522706952125404
1949,0.0022474300597517365,28.36779978491736
1950,0.0037959971256934528,264.9860646044976
1951,0.003419583686427067,358.06820962401173
1952,0.0028269012068080513,73.42035214314198
1953,0.0029363429401332115,186.01854686277187
1954,0.0032951392274027085,190.97884203056276
1955,0.00339724525663489,104.25886639332656
1956,0.0029561209115803342,274.7040802714996
1957,0.0014364116852595692,78.84281772556211
1958,0.0023439898870639955,76.64872345595813
1959,0.002174544941226486,145.54874294276735
1960,0.001397998846845565,31.431902547347367
1961,0.002254499787063821,359.8124435663038
1962,0.0023997307173980013,32.19659394214071
1963,0.0025613719867928573,103.29937077556069
1964,0.0027515730602138155,267.00417620712506
1965,0.002527772486842125,29.13826851172124
1966,0.0029583807549449412,269.338054948766
1967,0.002765272723762485,351.55092758361224
1968,0.002664781089959161,352.78634259090063
1969,0.0021849543892777756,357.79523098911164
1970,0.0023640551451700794,45.252420103330834
1971,0.0021802723042767596,72.7156221422741
1972,0.003613693751284355,31.30475949873018
1973,0.002405823054273655,356.6800856640106
1974,0.0024866307799006667,72.5373850261061
1975,0.002642972074496911,61.20512065073057
1976,0.0024943750935470512,59.862997639184194
1977,0.004658798385538499,45.86350617541499
1978,0.004387902454114878,103.76414337071088
1979,0.0038828454191138133,30.36222479482698
1980,0.004606444950199643,47.34484123020315
1981,0.004395694731321218,31.533420937708453
1982,0.0038837829351111865,145.93832509905369
1983,0.003964458255389948,278.1720428175964
1984,0.0036529876742861234,77.76002723052748
1985,0.004288841102467044,103.85531787302178
1986,0.0035500744410979926,59.35675419343723
1987,0.006956665805527167,64.9195886179964
1988,0.0050092816155036845,62.15384413372121
1989,0.003919435726367318,100.8485068689871
1990,0.00596574257096191,47.47145177557782
1991,0.005666281177003508,49.30525937937237
1992,0.004613087084652504,347.5675484569597
1993,0.004909997043491266,148.14790252005818
1994,0.003066731258303872,106.97241075681846
1995,0.004275442499916112,44.52317213500128
1996,0.003151522833584088,46.88106326583423
1997,0.004529277028731007,59.161090004810816
1998,0.003376760692038626,192.33940164696332
1999,0.0038240185736278464,270.77723070467454
2000,0.002652767939977631,355.12364202760074
2001,0.0026262156241666,44.328769681213416
2002,0.003605266403485138,31.64516430795323
2003,0.004169404941514308,64.61778556506985
2004,0.0047182994630103085,46.46891982318086
2005,0.0033418076966098887,354.7981991323005
2006,0.0017285846570302965,45.60187710648473
2007,0.00404128546975211,185.49223179521945
2008,0.003271632564496237,176.41235770888915
2009,0.003393100065172263,60.934057752019044
2010,0.005010304901029135,107.0592631954329
2011,0.0030501738720037897,148.09332860806785
2012,0.003086209199446367,76.39840574029836
2013,0.0038598335106206803,33.877200781132025
2014,0.00348548995603317,266.31821002091385
2015,0.0029800508310844137,267.215285113369
2016,0.0023336185956301554,30.04467261591527
2017,0.003308661171535484,190.73004021282532
2018,0.0033139762105339945,31.570595863129775
2019,0.0029128725857294163,278.72808829125665
2020,0.0038492913022432854,73.64869711909878
2021,0.003424142651324748,148.2656851447413
2022,0.0038066039415543154,100.765071470904
2023,0.004211597068501146,73.81200131083622
2024,0.003338871296986839,153.49627432195885
2025,0.003032850577017569,363.9636191674712
2026,0.0025598041114509467,150.58306029818175
2027,0.0022709344083449577,76.2891983691016
2028,0.0022115763303662533,356.5818772605906
2029,0.0031504392692144833,29.666351193786475
2030,0.002850775462600443,107.48232562607063
2031,0.002627801779784601,49.12935312878192
2032,0.004073422208201573,32.066024544818056
2033,0.00319230340860717,63.06200964613774
2034,0.0029222348939968047,263.58333193076083
2035,0.002866285625342743,271.8898609555651
2036,0.002581361844637337,277.24417438235304
2037,0.00338388834858382,48.40230387187757
2038,0.0019525629119331056,103.40898371764767
2039,0.003022444254334865,77.09966594940029
2040,0.003487631386510534,77.03381055826853
2041,0.0037714126126273478,144.96867078855414
2042,0.002599868229523945,147.8002707060042
2043,0.003463415984102679,107.03695252558157
2044,0.002727692860034609,354.25386113129997
2045,0.003906403807249317,143.45847029758272
2046,0.0032789166842915837,269.71933523370035
2047,0.002542871385680742,184.9282018788772
2048,0.0024712886877820825,107.76745170578832
2049,0.0020521678734685585,73.9352414060483
2050,0.0019940264263749595,77.77571475699006
2051,0.003075224618111282,50.11190764363214
2052,0.003307411417355503,146.96200725618777
2053,0.0034297846624003095,106.03715646125185
2054,0.0034535876640929054,353.72900848836184
2055,0.0020060149835120743,61.32677765525953
2056,0.0022638726170106536,31.641237438723167
2057,0.002225015470685321,108.92732807455806
2058,0.0034662085938981686,58.906488418006376
2059,0.002807114031826574,75.3389972546113
2060,0.003345756628489102,272.3017504689208
2061,0.0037119143728722333,142.43661033241128
2062,0.0024156446069000252,352.9143811855305
2063,0.0031596527434097897,188.7466158578176
2064,0.0017388819718359048,47.973563349313515
2065,0.002014189421261416,64.11955731730009
2066,0.0044710328423919945,77.20739954750499
2067,0.004059173879293917,29.901994836942166
2068,0.004321310168715836,74.39855275791575
2069,0.0033268173455954387,187.02899141470485
2070,0.0037090395148815856,276.8785811249905
2071,0.0024771778390716846,355.3337224286946
2072,0.004167752496589226,103.13900060382407
2073,0.0020353662669619485,104.22918895605756
2074,0.0036442266285342377,74.98355718521633
2075,0.003801026238513507,47.94083422600885
2076,0.0032668720400165926,45.50638109831733
2077,0.005826517187911536,47.63977204361199
2078,0.002897841476855535,63.37652234583123
2079,0.002927453487130369,267.1433309211587
2080,0.0033415097032231046,143.25598215709374
2081,0.003438831771149878,31.399846114462875
2082,0.00319157824580067,146.2339151917933
2083,0.0037678194018207906,270.6312601529776
2084,0.002338456970854599,61.613052512596255
2085,0.00550262651362071,31.479027547352835
2086,0.0044343374142069335,147.65167119421585
2087,0.003231391354150932,73.41177022495512
2088,0.0037761601690337403,276.28789274749016
2089,0.004686372916882553,31.794246846893703
2090,0.0034662277208428413,30.647580136384974
2091,0.003392758419556151,148.3997144355153
2092,0.00372250297034943,187.40027572408323
2093,0.004578942534273075,77.00603269442061
2094,0.004212273006732385,100.36236968520267
2095,0.0024543850786512386,61.35933789482399
2096,0.0027627672489788065,45.089727906445354
2097,0.0035724099768653823,275.18086216926883
2098,0.0023740833125414393,29.912906229805206
2099,0.0031495858829529567,263.8113135263963
2100,0.0037164669119118953,79.03804695269106
2101,0.005029948288456826,72.78122703482649
2102,0.003995589055834194,258.9341634239697
2103,0.004626950924582409,48.35386700597878
2104,0.004027400480781486,181.84428516035985
2105,0.007919918869196534,30.424724284528466
2106,0.0036093487675106397,107.10341946609304
2107,0.003647887108946335,145.18351735295002
2108,0.00454661646290333,79.47362721288788
2109,0.0031297192044557713,77.29420515894493
2110,0.0027401756042154837,61.49369549595478
2111,0.0038635863583279433,61.84643158591262
2112,0.003726807004076781,76.9813081832949
2113,0.005399606413918483,30.65931951490953
2114,0.0025876219621395803,63.14465056802771
2115,0.0037636682303803957,269.59825931181354
2116,0.003867505786176255,182.54386060624066
2117,0.0034617569765775353,274.9090385391145
2118,0.002712348999541871,352.02947118840075
2119,0.002653516547315331,108.00198569853028
2120,0.002080525317759221,32.65582948488932
2121,0.0022807299974374473,184.95868240181005
2122,0.002248950024258858,149.6023254675538
2123,0.003460355408801447,147.99913029106074
2124,0.002829314772207374,187.09223667552357
2125,0.00219192529373608,350.8262942465254
2126,0.0018349782482611266,358.7699464394331
2127,0.0020777249204580917,47.533737670326
2128,0.0033014000008361657,145.03182333495099
2129,0.002349855921467076,355.30589642776476
2130,0.00240256236979944,185.27416925854308
2131,0.003151869242628891,101.02509887885209
2132,0.0024906481447351794,186.56566057303624
2133,0.0025096979387226256,275.79051921678393
2134,0.002243935928965905,353.01611269877986
2135,0.0022730714096011267,81.07453035667845
2136,0.00233974578396875,79.91115855949562
2137,0.0020314745025317928,358.39384334355816
2138,0.002206041270274562,187.91362730026395
2139,0.0021994945824632384,71.25406061407294
2140,0.0025773070654493595,77.9636543925291
2141,0.0031960719772197647,73.18647001384493
2142,0.0038316855049164255,46.42954657710772
2143,0.002897384779762372,148.57673523188632
2144,0.002193448320036049,146.32745982394312
2145,0.002093209359569497,77.13992927000344
2146,0.0023226763181528292,357.97345676884026
2147,0.0024916617684295848,271.9379867585272
2148,0.0020673700668170964,190.01892566813467
2149,0.0017704596826366174,79.18376449702893
2150,0.0023117123610063572,48.56190679689726
2151,0.0030105892338552448,78.53822794966793
2152,0.003316450709555006,64.88631574282023
2153,0.002621135755201548,356.3428145131583
2154,0.0025809132365765502,183.79685809975146
2155,0.0018835109720538653,272.1678986503782
2156,0.0028330538630079514,265.653096703607
2157,0.0015552519808724437,44.53916518949344
2158,0.0012096702694493458,30.910732762776398
2159,0.0033581591786597167,144.832933677421
2160,0.003797012629624756,61.02283379313797
2161,0.002943974859680194,270.7483649353355
2162,0.0028351908293041414,75.63484091549233
2163,0.004103557719350352,76.66285308530763
2164,0.0029588443980314814,276.27343960194446
2165,0.004341102858316762,47.14420858650454
2166,0.0028551705917826916,60.778034559848145
2167,0.0035604224076732204,185.84177363996474
2168,0.003420186042530003,74.83432131241314
2169,0.0037087401523956606,187.1198899544973
2170,0.0025885462638258797,272.22951338634573
2171,0.0031040245928030848,30.08563116349468
2172,0.003212394510197116,32.938527092940696
2173,0.003325213899503209,107.86891894388876
2174,0.002846278678642942,353.3853912106808
2175,0.003895930197079276,99.40674724880382
2176,0.0026975801892753616,146.46365621642747
2177,0.0025585828736469827,58.91607568772014
2178,0.0031865159911943657,190.2630444455713
2179,0.0028598621815624837,264.96061698614625
2180,0.002893951411631581,106.73511692794798
2181,0.0024456042680872404,360.9052466675453
2182,0.00212605423939749,101.17665414863673
2183,0.0025188223072949894,29.66665421630325
2184,0.002021592195733782,64.28927349639397
2185,0.002924000938450759,349.74508280639185
2186,0.0021671297382669865,190.5470801365169
2187,0.0021113609937646496,102.6877283270629
2188,0.0027457761986022914,274.49920348020794
2189,0.0029115559052363756,48.640376439851174
2190,0.0037050181521904465,45.63497607950372
2191,0.0024341369443673416,32.63755456332999
2192,0.0029869377357728205,348.10633042167115
2193,0.002782334850797435,354.01190279284293
2194,0.0034551486879326357,104.47943019600942
2195,0.0029289971101976475,102.14647546503791
2196,0.0019793919113349173,354.9437589816822
2197,0.002166044044881002,73.21865392145442
2198,0.0025032185274629767,269.1078113553989
2199,0.0020703247277402037,270.4919861046515
2200,0.0023542804875388086,281.252622072145
2201,0.0020601247270138796,192.1064294831612
2202,0.0013636426934412792,152.0127236913628
2203,0.002386172505424129,60.74482220506852
2204,0.00278378011707229,152.54484667206222
2205,0.0021490360789986223,148.5836052999959
2206,0.002432430352015772,61.60759758292101
2207,0.0025049765233968618,349.4013999235706
2208,0.0028431294071693133,46.719513747686555
2209,0.002921418628586215,190.1434378731963
2210,0.002308201719899334,151.4495906204574
2211,0.002063026497709608,348.7568525076017
2212,0.0033158023349175426,74.18945903213441
2213,0.003485942920598553,106.1107190603961
2214,0.0025264497861329444,187.9209692394754
2215,0.003342048111743021,29.39308453922251
2216,0.002254919000410423,148.4332536288082
2217,0.0038852008663776234,30.307769734190153
2218,0.002473362494866534,77.7757649367954
2219,0.0031936065823968637,276.98717101460306
2220,0.002837274240167536,268.8808708535358
2221,0.003749184162262355,72.88208201980325
2222,0.0042275059201799465,71.92610711354949
2223,0.003403281515536796,190.28271440169965
2224,0.002987026201067651,50.94516205590039
2225,0.003378895921306254,273.0614195293164
2226,0.0028414964236632796,59.63278098523549
2227,0.002752543004193441,354.1967395109908
2228,0.003965168506667773,32.68853376044782
2229,0.0044128066611637436,106.99556165929569
2230,0.002227688051914748,30.453352669244538
2231,0.004183811037270886,184.49469388076426
2232,0.003223940737475809,107.28390300601266
2233,0.0024961678709237625,106.58099388227255
2234,0.001634514883084319,30.720290653853233
2235,0.0036964123296008475,265.9709962912341
2236,0.003982620316966065,273.9659893891848
2237,0.0033535607207423627,48.13196887018506
2238,0.004017192479541582,78.0641005815333
2239,0.0032158701588561726,363.4295858467493
2240,0.0023687792998598398,265.7328161582509
2241,0.001542765717959363,56.75742661465094
2242,0.0018816687023826416,75.36583579708345
2243,0.0037521218623701082,64.20842811328842
2244,0.002799997282662088,270.74926073851304
2245,0.003159147117203555,61.1772157828081
2246,0.0028204177074626757,81.21752820748814
2247,0.002286322724835708,148.7525346527949
2248,0.0031312957173606657,78.8167566877516
2249,0.002866474877550531,75.63472767435945
2250,0.00273981089022639,355.8615107058256
2251,0.0025115812841949472,101.19969301092958
2252,0.004685047542856459,74.14022653655778
2253,0.0030216610562514615,192.60651553362442
2254,0.0021877793419248933,50.20624466294931
2255,0.002925640026139997,358.42466950485937
2256,0.003861174326712816,43.702268822893814
2257,0.0019172554727039572,33.5943497334164
2258,0.0027491346204792187,109.88302832859237
2259,0.002746592899750595,352.708383786624
2260,0.002561619186787981,357.4493509172324
2261,0.0023946291786904276,47.41766385095012
2262,0.002842967898536746,190.1850469300615
2263,0.002509389926189941,152.79221346500665
2264,0.0025469762395831904,44.57416408772079
2265,0.0031991898322303314,108.91589888012811
2266,0.0027355463884947205,355.1599500097782
2267,0.0026364982491078577,187.03588750933136
2268,0.0023453141751618918,73.75190002303539
2269,0.0028584421400243538,275.06339898808733
2270,0.0026718762689018727,48.367583405349585
2271,0.002540070875539575,193.40874115733283
2272,0.0028316377260174754,74.14221679138858
2273,0.0034185424919297267,109.3396743638791
2274,0.0032665395600931803,154.09062242749704
2275,0.0029163392034843613,355.3025490580854
2276,0.003766170529255258,27.72401076360692
2277,0.004093406180340794,186.0943098004873
2278,0.0037725694032972037,31.583652259199717
2279,0.0039876080568733005,49.62476928138287
2280,0.004520288749862912,30.92021739532026
2281,0.004294355127268108,105.49020915612098
2282,0.0056928537892068,106.17534219518313
2283,0.005531082942153179,47.88516347321643
2284,0.003190364657097183,267.2786135704114
2285,0.003344492733748876,103.9277148501033
2286,0.002455690726842501,353.4440348876754
2287,0.00228193317695129,147.8836540554983
2288,0.005145757646271798,30.31196446264718
2289,0.004033972515162837,151.2922558697351
2290,0.003221258062033237,47.8143799748519
2291,0.0031477163272865677,149.05115137132057
2292,0.002789423138990408,145.73501301446444
2293,0.0022540193155182967,62.299342858253176
2294,0.003199387807001931,270.8691525135439
2295,0.0038512310196450483,77.67740329286305
2296,0.003914672790808647,73.69144419635366
2297,0.0033676319213286387,149.9002491085632
2298,0.0018591470104945835,77.94987492156385
2299,0.0027531905432906442,275.02983727451306
2300,0.0036036973412522525,107.0772510614896
2301,0.002156052373860663,104.27440073852605
2302,0.002706384423294428,60.439559973951475
2303,0.004265155501719886,30.403298095655106
2304,0.00392784767756051,142.33485307183162
2305,0.0026792462741813605,31.167915377149775
2306,0.003946147267546524,148.2889288243269
2307,0.0038251251181291817,78.86838689219715
2308,0.003656660049095193,192.3350065154034
2309,0.002696463708255986,30.711875104279397
2310,0.003706342985923853,269.7362054066539
2311,0.004076071042348033,77.1275733429197
2312,0.0037276922729771204,44.910292300628036
2313,0.003890341441464526,47.0372289028626
2314,0.003896198043255905,63.0742657642175
2315,0.004679008842965861,107.12079400887264
2316,0.007270946995865008,28.28857974602629
2317,0.003537872949160261,194.79276862843358
2318,0.004333229293756708,63.61374431700598
2319,0.002914677797189842,109.89937472101504
2320,0.004390990233973478,146.11102291904797
2321,0.0029420210222759545,103.55057168187052
2322,0.003060642766811238,275.12540096713576
2323,0.0029062335212271333,78.78570196182253
2324,0.003686428638432587,105.30101109492745
2325,0.0042042495669023594,65.52790463882096
2326,0.00242199454497461,355.4864801493984
2327,0.005104569151218788,32.22067022828152
2328,0.0027345122334096026,274.53220456100274
2329,0.0026915144303482933,193.56547017663942
2330,0.0024397050924976197,50.11389302476747
2331,0.0027339669432583803,65.58799571829792
2332,0.0030477086836334035,64.30701564184339
2333,0.003940194582973295,359.5798387310632
2334,0.002228176117814901,79.79238101120954
2335,0.0026450186619537577,350.3053915955533
2336,0.0024008366535125196,191.3279479364955
2337,0.0027319398817644714,361.7673639621319
2338,0.003113366894530341,30.259378689091264
2339,0.0025851644045203634,31.537501113533885
2340,0.0024768744032454297,48.40330250764169
2341,0.003346357390762785,80.66778073212913
2342,0.0027808326187835856,356.28339400043006
2343,0.0022736506589040046,31.66509681120222
2344,0.0039156121172960285,33.97428639927408
2345,0.004021760800550494,61.87016419972609
2346,0.0037901018370645875,103.0230847334204
2347,0.002729208613911052,76.38226448057664
2348,0.0027697679119040096,33.00954495770281
2349,0.0035906950283764003,361.68414232121023
2350,0.002417795820190189,278.15225746449136
2351,0.002836256224144252,148.615073931827
2352,0.002018714213910563,76.63558459023463
2353,0.0025373201466367843,154.17307885179625
2354,0.00234212829788951,359.07902993991365
2355,0.0017440996760086018,150.65025436266114
2356,0.0018556525604727656,272.1550536527016
2357,0.004409272915257712,48.514228360490605
2358,0.002059965228270173,75.96160205202953
2359,0.002577492450820335,49.08802459604005
2360,0.0030279621223890767,347.30783129097597
2361,0.003142851497175108,32.04544825899504
2362,0.002976592339634899,357.0144951495337
2363,0.0018944756488732094,64.6689421733476
2364,0.004318370971567365,188.92327728786964
2365,0.0042149497636604465,49.62192273868096
2366,0.003165032569086179,106.42466940928126
2367,0.004792298869516172,77.91351128180088
2368,0.003991929336175067,104.93104411127798
2369,0.003500840248268784,274.436412559547
2370,0.0029251779579696586,63.39595887441478
2371,0.003540679695349905,273.5703721015222
2372,0.0031913204323463502,272.5813595385667
2373,0.0029306294220357533,109.59723409182541
2374,0.002606772759070343,80.56825167794447
2375,0.0022482923544045593,102.36127767710096
2376,0.002027907088167861,146.3912685992636
2377,0.002714445416452637,357.7307595954925
2378,0.0021373432189618975,358.9512738765203
2379,0.002267712465935495,352.380590764954
2380,0.0035596211506675568,45.84075822258795
2381,0.002013651657566911,147.73515073513968
2382,0.0031815581617568546,75.6706645736563
2383,0.004492074155082107,32.68644038011505
2384,0.0023436529605232958,185.62731784822626
2385,0.002664866692349651,146.42679420454618
2386,0.0028455103059200227,344.85759928380133
2387,0.002007147204672834,189.4693454317756
2388,0.0033954489780709,43.89104773656747
2389,0.0036841890460287295,149.11523928124467
2390,0.0025862658157044262,193.1113583691451
2391,0.002972236087679747,145.95051562272715
2392,0.002492349462352675,268.48023236961325
2393,0.002494249474718204,150.63661009092849
2394,0.0025866600274391453,46.514540562095036
2395,0.0023484638225726457,189.9574907566617
2396,0.002725990549920352,357.17683692928955
2397,0.0028099540812201503,45.745890160541855
2398,0.003305971684620984,61.826994787992035
2399,0.0029009199575165557,144.66419788141764
2400,0.004155722088461485,31.121769275846948
2401,0.003150396342443599,269.4501320909901
2402,0.002923258973334503,47.978754118787855
2403,0.004361809855696707,78.28509990672464
2404,0.003401045479762236,354.12170722130725
2405,0.0030563504617733546,188.75985889847328
2406,0.002328956861786532,352.8156289516374
2407,0.0025759965430583085,61.53956991120781
2408,0.0025872933035603124,144.95062968649424
2409,0.0028293128518764544,59.82537877400866
2410,0.004207195123092026,74.43237325395452
2411,0.0025061983077339202,191.71771589277998
2412,0.0031059500652190764,44.56297622729762
2413,0.0028431616934676395,351.9951763605264
2414,0.003015243989106263,143.96662938800125
2415,0.002913558906707834,61.677063919060274
2416,0.003045759276761769,193.03012166896423
2417,0.0024097119505148094,357.59432317910694
2418,0.0016638772145073498,60.02717227929485
2419,0.0023981338169731608,153.23909173626234
2420,0.0024006168133694048,151.57894560695104
2421,0.002147280946710734,189.55025474407458
2422,0.002456472134148611,189.659139751047
2423,0.0024957649945682877,30.545888631739242
2424,0.0018671009613103829,361.95128460789687
2425,0.002292390603690512,70.15788984244601
2426,0.002485672575922238,278.19647156300834
2427,0.00232254341454581,106.64109691477368
2428,0.0043889142383374165,47.30651023599827
2429,0.0036881546985892723,58.88873462128767
2430,0.0027210877739408342,350.4107295605847
2431,0.004985778855739595,77.64615558342571
2432,0.004498077595020401,47.24485579081237
2433,0.005481827751282253,49.128824863694106
2434,0.0034177295820464262,76.22391261571589
2435,0.003490224468552378,195.5883869036569
2436,0.003322653974863445,344.7962422201124
2437,0.003151400488162912,274.24095709404327
2438,0.0021478399188916398,150.2827160282531
2439,0.002144854168462287,74.06552654124653
2440,0.002768635109314858,270.5300252637423
2441,0.0024207322372388,61.11206668669555
2442,0.0021961073825780704,347.7752763027644
2443,0.0022624513356046443,267.97372788198066
2444,0.002283552813837146,46.511704252377186
2445,0.0029066885542601032,273.1090292700852
2446,0.0017751660614416882,106.01477497707204
2447,0.001951674124384072,57.91457297331334
2448,0.001410028457526509,50.08292004955185
2449,0.004327411814050846,29.890170343032178
2450,0.0039026870848660506,192.45128492058194
2451,0.0038672257765120475,151.4550194882042
2452,0.004204776479524518,148.57930494024276
2453,0.0037696657157244825,270.65818600497107
2454,0.0035790714582148698,192.58822691756964
2455,0.002757060910094092,74.13191433003281
2456,0.003521582526620757,109.24239017085964
2457,0.0040490450005150206,47.58463965173008
2458,0.003383518997290728,144.73812021968965
2459,0.004162825679066793,103.90623897865161
2460,0.0018934578421699294,60.23933908508882
2461,0.0038611749412977812,352.32252150113754
2462,0.0027219344878866977,353.7982393893218
2463,0.0024341079781953663,63.69439343944734
2464,0.0020678346615816486,46.33589830135579
2465,0.0031009354520606302,146.25211469970765
2466,0.002019058290521759,31.614910010040283
2467,0.00337216168025572,43.853055254967366
2468,0.004041006608285652,73.56259717206324
2469,0.005244920236939585,46.78261001244795
2470,0.002837806626842924,358.3163397564612
2471,0.002502429970253893,356.3693321831593
2472,0.0019175601732599348,77.7116097008043
2473,0.0021062129728092903,351.0935561957256
2474,0.0024280796776947194,144.57806215247777
2475,0.004519901597914527,30.476323162560632
2476,0.0026428491261797785,103.12618096023549
2477,0.0035350982631741513,186.32743006708267
2478,0.002660013758322373,189.84647203206544
2479,0.0028985843963494416,186.30197095305482
2480,0.0026147392079358474,49.193518681713456
2481,0.0029461952614191125,186.86399618758097
2482,0.002458064720529481,363.9590548759018
2483,0.002369515121214228,59.837439567446204
2484,0.0030137128052825273,190.4364070017718
2485,0.0018136627745896233,189.1083379131735
2486,0.002278266482055467,105.70084930411686
2487,0.0035248883089559284,142.12595117415907
2488,0.0032045411823589543,190.38095819522422
2489,0.002786402831460832,280.98366796510345
2490,0.0021437929771591685,33.06409752098109
2491,0.0036376439046018113,49.81631498205571
2492,0.004123479539467135,70.33014234889892
2493,0.00468126135043133,66.90284975324927
2494,0.005404335657068579,78.21207380962801
2495,0.004403773241383252,187.2439481017678
2496,0.006002727004795753,33.10907791381082
2497,0.004186651395617604,149.02471219173285
2498,0.004229603158001438,148.77916506282176
2499,0.003371693950612098,30.31728502396247
2500,0.004376421282993748,147.72729493787656
2501,0.003131853923617667,75.85306306374088
2502,0.0038963361127993985,271.9863612135667
2503,0.004093794951026771,110.28784549170413
2504,0.003552820181533469,144.66432050599684
2505,0.0043903768462892545,61.66141883105198
2506,0.0031417593134490844,77.47461096815556
2507,0.0036997010065042066,78.48379437800665
2508,0.0030550089507195136,29.89658349254048
2509,0.0032140107472809474,74.71442454870294
2510,0.0051828273236064005,149.68950992142916
2511,0.003342055038764313,265.6803853583165
2512,0.004230018752034259,349.14174573941955
2513,0.003134808060423611,275.16242599495683
2514,0.003911500141343408,48.1144334713431
2515,0.0033937001929389534,61.01327505743351
2516,0.0035606062866479033,57.549751707060736
2517,0.0028063591696106437,75.41986783589911
2518,0.0042258875737388735,47.45462327374717
2519,0.003187900236852898,360.0020803707785
2520,0.002058101412527518,80.6341843209716
2521,0.00272858630030557,62.87234360976414
2522,0.0024020749685653505,50.02359263344642
2523,0.002785001793607331,28.681654503591293
2524,0.0035217788920864084,64.59753638141677
2525,0.003220833182779843,62.3385447073293
2526,0.0038700331091424977,275.9180203662565
2527,0.00390775853133753,276.0431219240277
2528,0.0030138960165702524,275.52008090989824
2529,0.0034240144708439376,277.64105489356086
2530,0.0039864429874859495,31.605886203216556
2531,0.002814541535691525,77.75702041125207
2532,0.002584714378863526,151.19952828175715
2533,0.002642764874717565,356.05006816644413
2534,0.003000115208249491,31.287198920861783
2535,0.0034041271882697716,31.941337760829377
2536,0.0034624727107664763,31.234074687913004
2537,0.003852964075618233,48.09790607450031
2538,0.002439399075523692,73.60776588870391
2539,0.0029417071006210497,62.529258736604234
2540,0.0035678245047015525,186.20304147904156
2541,0.003781405786476598,147.2373798093299
2542,0.002617729032715795,73.36404623992858
2543,0.005404208202840842,76.80049708932277
2544,0.004724983001742166,79.20567376502957
2545,0.004862442598466059,58.138158136678456
2546,0.004325636469705527,148.64326238347263
2547,0.00462278567769877,105.62846455441097
2548,0.004039580603952904,105.21259771200464
2549,0.004122420392753878,32.837381019853325
2550,0.003395948000770196,62.78317377780537
2551,0.004203258815381715,362.3779357987717
2552,0.0032337939108907587,357.39370769760643
2553,0.003011019580262411,146.24716027843925
2554,0.003575895980229126,187.36238149753967
2555,0.003266173317030534,62.523946775070165
2556,0.0031695121387411537,104.95928959288332
2557,0.004045904240950963,185.04370580312008
2558,0.002339442372151377,107.38179367170524
2559,0.005659799372896769,30.57399843172069
2560,0.003134626312850041,360.8774233313976
2561,0.00262026266870673,268.47023873511273
2562,0.0027030159109132693,275.11284059306996
2563,0.0026166091685389313,107.41078481811242
2564,0.0033135007557822233,59.769022691389694
2565,0.0024607458361942075,188.94510770254638
2566,0.0034781862830578604,31.85664019653042
2567,0.001995588122764065,106.83095551372257
2568,0.0025872059801239976,190.04064631100522
2569,0.00246313011208398,104.86267029871026
2570,0.002535843657949891,30.81082485296413
2571,0.003613058631689737,32.88839865595126
2572,0.0033928136505537777,63.03035816881417
2573,0.003862016775573826,148.24612454989665
2574,0.0028955463835700357,104.94049943842269
2575,0.005325101646541533,110.1249631256155
2576,0.00503637266730697,31.366437181760805
2577,0.003442285478069375,146.7519588845729
2578,0.004146457094148817,49.53257815523887
2579,0.0037707774278255644,189.98156998484785
2580,0.005863655815683787,33.59317983641172
2581,0.003904317295487538,277.22001422574687
2582,0.006343090839899082,60.83037639442394
2583,0.002890324291459068,357.07940468613003
2584,0.003461154093720752,144.45667873220816
2585,0.002798884806790427,358.64363304907096
2586,0.0019822645271413294,356.45062338453994
2587,0.0022418138784576483,349.43672517381145
2588,0.0022604611527270407,62.921287715749514
2589,0.002295485015975559,276.4946621116837
2590,0.0032011229438883336,58.98173551504525
2591,0.0027566247578415387,275.6664785473385
2592,0.002210546208966521,186.03531415369594
2593,0.0016809175726064433,31.9806077817212
2594,0.0018174925124283716,79.66779138719353
2595,0.0026059387763536866,271.811289551912
2596,0.002349680133436815,191.517923768127
2597,0.005526127407737759,30.87773138409691
2598,0.001984984311375542,32.199650117045394
2599,0.0028859978046326226,270.57062372282525
2600,0.002806545650640043,185.6415725743961
2601,0.004363381251584463,149.56174124422375
2602,0.002657114711798585,361.707166286352
2603,0.0015337587055139505,60.87812988820442
2604,0.0036369088948049466,103.8878187815759
2605,0.003210587007125337,359.5959504769016
2606,0.0027018291666186436,100.58810523735633
2607,0.0027786196133092744,351.973677866963
2608,0.0019702289452691053,276.5056072287641
2609,0.002058220867623478,150.3173445446556
2610,0.0016903437569733516,102.94680829043492
2611,0.0030518515548280094,62.438775196409146
2612,0.002520657992485772,104.29871688176496
2613,0.002420656313539627,32.55118322232928
2614,0.0028424278770742117,270.0418754709699
2615,0.002567118991605311,195.953826645466
2616,0.0025201971452175217,46.03999339951931
2617,0.0023980881611914556,279.0920323275535
2618,0.0030323301297953704,33.28648060143179
2619,0.004170354617753666,60.89920549227807
2620,0.002412791746509952,28.55246659240793
2621,0.0033490036376335897,271.8435757509516
2622,0.0026737570925351147,49.51942040910479
2623,0.006274135151811763,31.172652883053342
2624,0.002058764806429666,63.464588008870216
2625,0.003207604696501836,274.5245159799736
2626,0.006907540025261776,31.740529617504183
2627,0.004401307185966848,103.91931185800804
2628,0.004832094230970632,109.13322970444534
2629,0.0038030584706906334,49.65459947694885
2630,0.0046063586941619585,186.46729766478927
2631,0.0034749041991870336,32.77364451217236
2632,0.004770612232856696,44.673498366912995
2633,0.003683768122691233,268.30102415056
2634,0.0035813422441184303,192.05382975430655
2635,0.0028364363785650716,359.02841537643394
2636,0.0024926581565110966,184.24928191971833
2637,0.0020163228733499003,352.2166234425433
2638,0.0018712362774057907,273.5961633370043
2639,0.0011812569076412563,146.55029899172112
2640,0.0022983958765037424,29.235435771195732
2641,0.0020257298941961034,190.2832188591258
2642,0.0025564514223342764,192.32861150671474
2643,0.0018865727987771683,269.4995891803617
2644,0.002169607098163027,64.14433889508027
2645,0.002744492684955317,45.56037669570295
2646,0.002010766657721516,47.08761657525939
2647,0.002508858606977976,44.62749259181167
2648,0.0020630527064482026,43.0154648651109
2649,0.002872127979095181,353.2260695087532
2650,0.002955416579463648,279.4535193154277
2651,0.0023413362229905304,361.17890283507006
2652,0.0021667854392124894,277.7422256804467
2653,0.0020751183263366165,46.46200297396396
2654,0.003770745041038026,45.51927926993875
2655,0.002091893529254354,194.24203657322352
2656,0.0026626390896000948,31.084245601878337
2657,0.003498815212134294,148.47919719177833
2658,0.0036678547303627303,75.33933030045343
2659,0.002625856673708208,104.98585002199903
2660,0.003227125832790684,153.01170132633624
2661,0.004177168005375957,61.86555981234414
2662,0.004545978846504961,59.30957655937093
2663,0.005888468681157313,46.04493610037397
2664,0.004416076432162171,275.5263988641285
2665,0.0062911679673230865,45.818552154636016
2666,0.004037737529280413,79.36703807336663
2667,0.003338490098645758,277.35559372710236
2668,0.0027651573540284657,106.80075286537475
2669,0.0040931238282014264,30.4783002271928
2670,0.003650346038073659,194.25213792747863
2671,0.004193108240332759,105.03774455841106
2672,0.002295852020824255,274.63406677582424
2673,0.0022342158318261265,75.88613348378657
2674,0.0025412955472316847,60.51717522213454
2675,0.0033363086133588586,61.292160876695405
2676,0.0030680404203858695,191.4833223496023
2677,0.0029585089672433573,47.40433856925555
2678,0.0026223803715826866,148.49773629353106
2679,0.0038548548693033077,144.21067166465576
2680,0.0029175053057901397,193.14680926432192
2681,0.002521584053590139,353.5296306235162
2682,0.0044893633298513655,31.584619756911664
2683,0.0029048309151943445,191.8364124154366
2684,0.0028012468665110646,103.82397663813934
2685,0.004575926016529546,61.89540544186205
2686,0.0034818779076258894,30.617168607872173
2687,0.0035191742413603192,45.92904938328315
2688,0.0031039726429814294,351.05249668112333
2689,0.004994118051203062,74.25657358471658
2690,0.0018328250677189897,45.327242800098595
2691,0.004272867871682015,77.04443345217794
2692,0.0026174152670290834,277.03376027599825
2693,0.002489703347901713,106.81458694472714
2694,0.0036132475106569473,61.71604688389358
2695,0.0028940022421994472,76.56534331196886
2696,0.0030085572898571346,278.5675949126328
2697,0.004401949383278961,64.53463251287958
2698,0.003320171865950748,33.08674069756751
2699,0.0056114326620570806,31.20451486545113
2700,0.0028868773389223025,78.98148639661575
2701,0.0030403950007054778,102.66427559262125
2702,0.0032396520116228862,48.94041431983727
2703,0.002791155093192985,74.12705028573245
2704,0.003981147925969708,107.03033979346411
2705,0.0042735955132180885,148.63252782220056
2706,0.0038742709654728128,101.3568831038823
2707,0.004794103664748881,272.1681685149409
2708,0.006348860399408169,32.03337393754343
2709,0.004053973878336396,32.589608364941455
2710,0.005172540902020881,79.86277997950435
2711,0.004315852010977786,59.77361536811972
2712,0.005793140008581059,106.64358343148496
2713,0.00513701693580515,107.90346163030812
2714,0.004892769378949941,46.868510662541276
2715,0.005425749640609262,351.7242039738428
2716,0.006089533227584641,63.441579196121864
2717,0.0046386160568319314,152.14101814495803
2718,0.0055390639747595226,78.39218682129658
2719,0.005260296649302708,76.54291500975673
2720,0.003470994841803412,361.2316426528456
2721,0.0033029916397106034,152.24562853581833
2722,0.003272740628744941,45.394900007557226
2723,0.0023570857025664404,44.49835220500478
2724,0.004334418164448421,48.88927685430166
2725,0.0018286343987772668,64.50723644502766
2726,0.0027644104087550057,189.26565737424016
2727,0.0042682461869968024,62.541000802323964
2728,0.0035260016362264972,357.1228597733169
2729,0.0033743241418717294,264.83453687161654
2730,0.003535206383104024,77.04459036298124
2731,0.003304812177950887,47.008286856097165
2732,0.0027771118474332287,275.84938044226203
2733,0.003474876639302238,105.78502288465569
2734,0.00326646050168413,45.9897961070849
2735,0.0027181587963975734,359.7837980936308
2736,0.0029361068962166473,183.53697946099763
2737,0.0034625513561133466,50.6477189984152
2738,0.0034124509797243585,279.60257815715494
2739,0.003739330523810192,78.94288349658626
2740,0.003921482175365813,31.612466409758607
2741,0.0024673667433241712,45.43404843189197
2742,0.003268335541261794,46.373012097193964
2743,0.0038131792064987013,63.069723201448554
2744,0.0030155418797472395,29.760514452147167
2745,0.002639159971540967,77.97172750640658
2746,0.004576813366159987,280.3660779866975
2747,0.002590364288309878,33.618643520402166
2748,0.00289468051236351,145.1578232882912
2749,0.0018774016747639425,50.46911623427415
2750,0.004583979504158632,194.10262047437203
2751,0.0032444221059532456,50.84487915316742
2752,0.004336178397683067,46.7461392057662
2753,0.005522600139284833,191.87776693682838
2754,0.00590377628753325,33.97804200915237
2755,0.005235444242344718,192.04593188158788
2756,0.004357456603647221,277.3028620555868
2757,0.003743727683944724,30.239009535042005
2758,0.0040076604420226595,46.33661721163629
2759,0.004160765430033329,365.6859591815191
2760,0.0033109805997317042,59.99672913330525
2761,0.0033278543165083233,44.122744359263756
2762,0.0040228444850072265,193.07022096493165
2763,0.003111961482981145,62.369909534152896
2764,0.00268957066472122,29.362403817208264
2765,0.0030176098383559624,45.66000303879057
2766,0.003979124244250596,75.4652060322007
2767,0.003772783899027776,146.20592383730232
2768,0.0038189214803497212,143.9328442303596
2769,0.0037155982411439976,146.63509665224163
2770,0.004142342643397467,268.7613012589421
2771,0.003226218961362275,106.20156839810473
2772,0.003882951728826942,192.79003805491007
2773,0.00363576695858333,106.15906694712115
2774,0.003442357031737039,76.20572480710362
2775,0.003929275012241901,29.405745122229376
2776,0.0028284360168432587,149.82294180282744
2777,0.003670559796858273,196.79292893184285
2778,0.0029560823735964637,189.9014208985252
2779,0.00235371670868964,61.286747249779395
2780,0.0039567202193211415,106.39779505115396
2781,0.003089078726620285,33.31780119087995
2782,0.005073763776855576,32.00616639874098
2783,0.003862025794785887,31.052744723041634
2784,0.0049638413995931755,154.54081675772306
2785,0.003146236950695465,273.3998352501925
2786,0.0025254920705475134,104.01880676545849
2787,0.004374911677772061,64.00811685966268
2788,0.0037364271406188673,29.45295394580082
2789,0.005312853237259772,34.558354565324784
2790,0.005355448024742727,190.98459489625853
2791,0.004494292563688472,146.65998688695913
2792,0.004013955597901468,105.61783306665883
2793,0.004133277927640184,74.64376658686386
2794,0.005718671408939665,63.108620075630604
2795,0.004480056014228825,272.21676678495254
2796,0.004411448569209104,145.48230804378912
2797,0.0036880902161917136,189.89463923774238
2798,0.003392956892717449,362.0127572417004
2799,0.0036055117450124615,31.92800272409407
2800,0.0028234930070577553,283.2804764945422
2801,0.0024113553403416568,76.56543710777127
2802,0.002529813936288359,357.3747060725648
2803,0.0023900553054372106,64.28139781901223
2804,0.0022175024398503533,191.90358810822877
2805,0.002342193744137238,276.3925924840015
2806,0.0024736738729225424,151.08294229626898
2807,0.0031045731111973996,277.9693626328195
2808,0.0035691426247498824,31.328856323910696
2809,0.004142675656328073,59.217967127995415
2810,0.0031437441630505665,74.13081256880643
2811,0.0031771297712898435,77.58792288479657
2812,0.003380840107870457,150.3399032388635
2813,0.0027065594317305527,49.599689996539055
2814,0.003755180557456728,63.61518769231956
2815,0.0032082402032903847,78.55342667924656
2816,0.004900056369065583,47.136719838310434
2817,0.0035362639451208947,48.9818541770401
2818,0.004705422589474686,357.84085847555787
2819,0.003242063180789075,354.29065295411806
2820,0.002788974259857869,276.39670519805145
2821,0.0033101947233031537,64.12075028112456
2822,0.0015499620175879977,61.41735295817871
2823,0.002517680772265729,151.82617548022367
2824,0.00195345088976649,194.60032232570973
2825,0.0016587312181648238,49.168239299880334
2826,0.002331767177197066,77.21541171247787
2827,0.002891175564306242,30.402705303332976
2828,0.0030385128386916545,63.58713798483118
2829,0.00413032743422677,45.55599516345705
2830,0.0034915852768065987,58.519263155573256
2831,0.004042251172457758,59.9549011580735
2832,0.006090089411310177,28.897923945771087
2833,0.005881358223142832,107.73385447140161
2834,0.005842787710897592,31.309238529489864
2835,0.004775741783924252,184.8299647181366
2836,0.006903130616854592,61.98816155944601
2837,0.004298072570415736,278.77589199664584
2838,0.004227544873296229,194.10931553946818
2839,0.005309365991181658,191.66342926966834
2840,0.0038103600177096597,193.35889494167466
2841,0.003005598430124877,355.227471142408
2842,0.002492508412861089,74.10564460632877
2843,0.002423895989662784,103.7792446213452
2844,0.0018705641720095341,362.83224417563747
2845,0.0024659001519369713,360.4906575638172
2846,0.003461629054812474,65.55007061060532
2847,0.0026414463623164134,78.70184070573838
2848,0.001912364191767096,356.18521738504614
2849,0.0024336252929722173,358.42856833760874
2850,0.0016578805355901092,32.621780228843484
2851,0.0024323695847670024,108.12038502625045
2852,0.003780443864343397,104.88831445628722
2853,0.0025118116447731768,280.7560845869201
2854,0.0026379056843441064,152.28915577870418
2855,0.002795474026627814,103.84443190560627
2856,0.0025729218651737457,360.78073892428563
2857,0.0024227774490516484,59.197658109267465
2858,0.003815503021139236,147.87345427383713
2859,0.0023273401491398825,111.47168517447618
2860,0.003706827921248368,189.45099888011399
2861,0.001917792273581234,109.00157423819876
2862,0.0037113214276427086,150.97308660521193
2863,0.002910803768340692,277.1585679388993
2864,0.0023981938436256974,50.45548348367177
2865,0.0028855308045394007,193.03512455230398
2866,0.002144690443423373,354.88496500556886
2867,0.0024692793122573597,150.6667801072003
2868,0.0019253148329318214,190.15387481440422
2869,0.0021482349510943796,110.28484104137303
2870,0.003006434828071528,106.22906813750947
2871,0.0022685759435042553,152.06551188926855
2872,0.0024802309449999623,153.97176307595885
2873,0.00209655193687248,29.59539423296788
2874,0.004531439729858407,46.215754528611555
2875,0.004058148915941569,78.5901549124993
2876,0.003633626924221806,43.84994802390811
2877,0.003601453671408462,63.74717522348406
2878,0.0029883966321490748,46.36297318906037
2879,0.0025505344529500287,194.28938886568912
2880,0.0034588942858651546,189.0193056888344
2881,0.0033413873222973333,105.56785719070973
2882,0.003375956586999316,49.26337979214632
2883,0.0031384292278890304,364.4622549519013
2884,0.00318776908244845,273.8287857248402
2885,0.00262402178354519,47.250145686032
2886,0.0026833991389882523,269.27518203830203
2887,0.001646470156039278,75.22595517881206
2888,0.0025320728359106027,73.50442029742463
2889,0.0028716316841586923,360.704924659761
2890,0.0020078435108748984,105.3034969363714
2891,0.003034544368535441,29.456227985191564
2892,0.003127177818615311,191.17423171952805
2893,0.004164052383482788,110.1880407785242
2894,0.0029272798135983693,151.6677777075212
2895,0.0023739397444664176,192.71797389617535
2896,0.0020959762328179054,61.73787703394731
2897,0.0030248750122859424,276.127490906672
2898,0.0035028801280391564,189.06437198760815
2899,0.002289381861467926,29.193743297837365
2900,0.003135999412804197,104.16362868280508
2901,0.003777840099435756,152.28771457221183
2902,0.0026164805210617094,80.0348005110765
2903,0.0025287041028566586,265.3075470123108
2904,0.0034523988260843907,109.96022615753269
2905,0.0031251542538732542,48.6536415139566
2906,0.0032867582469317683,277.62796245855577
2907,0.003689351422693462,63.24107491056718
2908,0.0025638574293929783,276.6615253042388
2909,0.002434729888637637,65.80118502697178
2910,0.002473563192393036,357.17944222863304
2911,0.0029229118227329523,357.2064273321164
2912,0.0019406266907516022,106.80648662021285
2913,0.001655080067563577,60.70133243690083
2914,0.005461704562235511,32.41379027290177
2915,0.002990779029491462,32.656123722095444
2916,0.0032341055239895294,73.75641753514599
2917,0.004110800247718531,283.23939649696064
2918,0.003272408374138816,280.2186420817736
2919,0.0026414075734370775,29.99865393486025
2920,0.0031629804649836407,146.6684836880884
2921,0.0029125424338086636,47.130481709157316
2922,0.002792994920939138,77.60306291479705
2923,0.0033790823745221132,108.62167816005157
2924,0.003941108142167981,48.78582786247083
2925,0.003561868686211411,145.68757150538872
2926,0.0033976110706359962,190.3161521250673
2927,0.0044625879997156675,61.593453351753084
2928,0.0028772298679288657,352.44748995011565
2929,0.0026555394667682137,74.73860293830771
2930,0.0027995124199945384,273.1982305687963
2931,0.0038660095919131545,195.1686227081608
2932,0.0034349912172262054,77.33655808569863
2933,0.0030668474556195774,33.26649061683449
2934,0.0032929022747486816,76.32915568113691
2935,0.00384742384803886,278.1400587292523
2936,0.0030033723842328506,365.8930749100378
2937,0.003863711392302227,29.350519997117903
2938,0.0024400580174169027,195.60865402729286
2939,0.0029009518562956005,102.46007182013487
2940,0.00276214218585233,64.93810154019639
2941,0.0033292749397911725,49.59806220519669
2942,0.002934782563710373,191.38235966403937
2943,0.00343670953596022,107.20571657413566
2944,0.002773106423102713,153.45899270749638
2945,0.0032454742462711514,195.1099954981079
2946,0.004293276733867652,153.50165285258672
2947,0.0036404556023031686,107.94695924942546
2948,0.004330244336070509,30.269108742777224
2949,0.004373612813898205,59.43136172010615
2950,0.0035183583940788347,76.41185189306808
2951,0.005081542856683974,64.20964676570338
2952,0.00380391236142935,78.3051752067114
2953,0.00424319715276256,278.3688894032687
2954,0.003445621914509572,103.15698224923658
2955,0.0034611663617910163,149.67771207463178
2956,0.0024637916671806656,32.275835216038445
2957,0.0036815815419873783,194.94931226146508
2958,0.003418590070221119,106.40489097428336
2959,0.005795174918933877,45.02041584201129
2960,0.003995307185334999,353.53835463975474
2961,0.0036696534225484356,47.68576541808474
2962,0.004860575824960296,103.70974482540797
2963,0.003585577374993824,356.47651472362736
2964,0.0022828763026063216,153.12163876657488
2965,0.002698270661531425,366.6944992763399
2966,0.0025989920310935883,148.9996652796009
2967,0.0025632527468911516,58.48376637383857
2968,0.001930874706142111,47.96549796788425
2969,0.0033733852254623675,46.929595600894814
2970,0.0030556882509362245,188.4803493427589
2971,0.0026153633330852307,28.95360357486062
2972,0.0027999837518275944,279.50536280787856
2973,0.002347961399944045,108.73748423941716
2974,0.0017964149202748944,64.24748572555916
2975,0.004393232559930571,146.80133548760892
2976,0.003027522809996711,191.09698287387246
2977,0.0028502908645840273,109.43634525683964
2978,0.002413094053227431,61.844556685694045
2979,0.003221454172903164,45.02923659031554
2980,0.0030181234954743813,275.64410905529155
2981,0.002465845802072925,46.90399892798046
2982,0.003828673418387759,187.41641327826676
2983,0.0029790815872449737,107.15073427098136
2984,0.004684823145275991,62.75509879836265
2985,0.004342707611941318,188.14170609114936
2986,0.002937524421079023,153.3127004017424
2987,0.002719121949929227,62.69462194066328
2988,0.003772357797760588,108.96544943827084
2989,0.0036976351793628517,62.851092103619486
2990,0.003578944270033545,359.3022026642194
2991,0.002842690982325966,31.418307798426365
2992,0.003688393035856638,279.26716992515304
2993,0.004129077176352998,106.93331127641484
2994,0.003279770826395048,191.84818918634159
2995,0.003054042909714323,279.79067351459594
2996,0.0028693081044319528,197.34793984397757
2997,0.002540277956123228,77.19734935642134
2998,0.0034148969133149455,103.37844582736189
2999,0.0029612184949194633,272.94654452762586
3000,0.003191425149324514,152.59703969627805
3001,0.002269540108531585,31.96091531317879
3002,0.0031285608630031883,105.67655452008835
3003,0.0027791592352018183,45.237784841332854
3004,0.00449633592898653,108.82075381418936
3005,0.0027055616208319687,106.33287690645908
3006,0.004089605755890827,78.14786048104877
3007,0.0028271774947717272,59.78036177129524
3008,0.003742307425302183,151.58026882631188
3009,0.003807160664035945,78.08472957208775
3010,0.005217561439683384,75.10913470818338
3011,0.0033135195548396916,150.82871850229301
3012,0.0028842787966753417,106.69617847491934
3013,0.0029632095826208262,188.0429459336479
3014,0.0031222818232049454,354.14186464764674
3015,0.0024735897779614743,191.21216521706296
3016,0.003343132450174528,75.79980659502806
3017,0.00242438413425992,193.4268619794757
3018,0.0025858347660025834,46.40577113161079
3019,0.00229476425773126,274.9245009702771
3020,0.0028862196478747558,109.17543433604965
3021,0.0018917421876861996,103.38140131967435
3022,0.0012962299400081474,31.11820005766496
3023,0.0032839856733350554,278.41045391227897
3024,0.0031874142080173633,275.1924904434992
3025,0.0021549562130160865,62.949243657013625
3026,0.0030404173405408938,190.08626424296835
3027,0.003752611761769544,76.06301737866248
3028,0.003126644925111803,145.65519525170058
3029,0.00320644186184627,355.8859483368772
3030,0.002675518605398286,145.960902646153
3031,0.0026920719943124834,189.8116004361581
3032,0.0033637109622179574,149.81616483119643
3033,0.003778798866954497,74.4738116700403
3034,0.003802666557523229,29.96988619689998
3035,0.0035262203079830874,357.1761010301096
3036,0.0026665760725351857,65.11214226173757
3037,0.004033528668466087,149.46844259456597
3038,0.0022507599148004123,33.51259262669217
3039,0.0034386146954130965,354.653841619108
3040,0.004377937696548982,32.47362787017366
3041,0.004384812385576599,106.03084844517491
3042,0.003568411432407347,30.882619595877443
3043,0.003168309025024484,195.43132113730218
3044,0.0028523273458631593,270.32935571028344
3045,0.002631691907022146,188.46831175649325
3046,0.0029176336316454644,276.87496767592717
3047,0.001573975135672912,359.61853326372744
3048,0.0019374645243343284,46.60519842471043
3049,0.0024322131059056245,30.22256323995056
3050,0.0033060033850599267,189.89738785446102
3051,0.002578182654631107,79.98836881586608
3052,0.0023355396513898554,192.1408516091273
3053,0.0035099539680397192,46.92206617796376
3054,0.002771655032710122,77.17037126676442
3055,0.002574704034768601,276.55158128787747
3056,0.0023573686027997557,270.64130874683224
3057,0.002757732071971147,104.21076389203098
3058,0.0030794234635322937,270.5358255525236
3059,0.0019127140509557319,48.64419169758823
3060,0.003127219055632186,73.13213391499747
3061,0.0044279439461859795,272.69065272471073
3062,0.0036290977649686457,75.6194422964796
3063,0.0028854492572004207,189.75413969483574
3064,0.003975917347284946,155.09512925835753
3065,0.0029836680559244557,148.05445872177341
3066,0.002985182422590825,152.54948610469722
3067,0.003118842855388614,359.48900776618825
3068,0.001812670535668183,358.4315903179229
3069,0.002258251890802617,105.79090582195781
3070,0.0022556840395654117,49.63696556348888
3071,0.0022554563475890833,107.38955061322604
3072,0.0014367551342398986,49.32142140876488
3073,0.002672011498361826,47.75244834580701
3074,0.0032346747571802737,62.994654162944734
3075,0.0032551386359076693,61.65873104599037
3076,0.003287585066903954,49.69208867506719
3077,0.0037213579434555374,79.41677870453758
3078,0.005586556523259537,31.557242639440528
3079,0.00439661630003389,77.89642008696403
3080,0.004039615537520442,150.27557849023432
3081,0.005064021258788018,149.57748698036866
3082,0.0034180907454374955,191.31217573351628
3083,0.0036629230361380476,357.25405781606264
3084,0.004230172430924512,192.18554738735622
3085,0.0023707846798430893,61.70467178859945
3086,0.0027319788831150884,363.81372020900346
3087,0.0036159444901741,59.77399762955141
3088,0.002757091393042652,62.684232346169175
3089,0.0030364455080165624,32.35373184734018
3090,0.003027863767732617,278.55319730885003
3091,0.0036251670657789377,49.04370165292347
3092,0.0019055623680597096,197.3264124706248
3093,0.0025154566831368922,30.6925703537334
3094,0.002813500497185847,148.72105997155376
3095,0.0038118661396588658,154.5407434175415
3096,0.0031358705385632814,192.5340214232488
3097,0.004898098140157262,43.22600853783373
3098,0.0018965502099903956,47.706161587734336
3099,0.0036780229079217738,77.6595294039252
3100,0.004578669634076842,190.41753507321434
3101,0.003569218871490821,274.7810894694724
3102,0.005588548888195434,31.200875447374443
3103,0.00347963448238543,32.43484484913846
3104,0.0038531667170022487,29.861331475432127
3105,0.005394381647814034,188.52535475993272
3106,0.004700477352417767,78.936685484173
3107,0.004821530497268049,148.86813849750845
3108,0.003981150910120275,185.9915438913141
3109,0.00521163065435357,64.23705941050704
3110,0.003635429333274304,361.1449628800424
3111,0.005167764835340646,30.917814159570224
3112,0.003934311716875527,46.672192794072934
3113,0.0053802477471843555,30.998502609080564
3114,0.004988569399772085,60.234044687339484
3115,0.00395153252161576,191.54606405098818
3116,0.003453018017263647,273.37641720830294
3117,0.0028495582476955952,366.0536495357439
3118,0.004420397062889513,61.2560048990616
3119,0.0027283408248923975,192.99498557385985
3120,0.002441345109877273,29.819752309406407
3121,0.0034240707582284813,105.89879557261526
3122,0.0036648009713994376,109.641079720692
3123,0.0028024364630916602,46.103797412490096
3124,0.004535194007420897,28.40373301413234
3125,0.0036121260302383567,278.35223168589636
3126,0.0029201807852285537,359.7283017797027
3127,0.0034793048151786745,189.29761553000273
3128,0.004099243132679056,109.26000676309653
3129,0.0018651559415556514,59.69257319544302
3130,0.004810647938112114,48.004124653225716
3131,0.0025283086688432377,46.319105562330655
3132,0.00391726704017369,274.04389466962857
3133,0.0031356968196156174,363.1713775101551
3134,0.002427457914269377,282.04268274752405
3135,0.001580131971753541,45.410412471345985
3136,0.003228455657125988,109.65885103598377
3137,0.0030021902219349015,360.2539818132935
3138,0.0017806222051861829,187.1160595423137
3139,0.0016627567008081596,196.74897541222185
3140,0.0020012266562155893,79.95905727381928
3141,0.0026883994970747565,280.1955346785584
3142,0.002359404967262827,32.73454021048926
3143,0.0026677537585858293,197.49673932876937
3144,0.0024202168612383877,151.4078156368429
3145,0.00515905314908171,76.493699263459
3146,0.003239522726686682,274.90078341644045
3147,0.005400611014920287,51.6225267885498
3148,0.0034892024265545996,65.36354352632439
3149,0.004133316903405033,107.9196530456957
3150,0.003308369678742891,365.1775037071865
3151,0.004330383837275969,49.67825588957925
3152,0.0031080587448254655,279.8513769267997
3153,0.0026879640818620342,193.39717011467405
3154,0.004560326790273062,45.99839414686243
3155,0.0030666691966096233,149.75245106952244
3156,0.0031556396521690406,143.57527168419102
3157,0.0027588109263654874,360.9448822971463
3158,0.001992638951085579,65.9134780072388
3159,0.0022022044786599755,80.35889796032124
3160,0.003199524540336411,45.16666726576774
3161,0.004049227264218156,194.98644362427612
3162,0.0029142801583109702,195.75048283208153
3163,0.003116832723826894,193.5324845024648
3164,0.005838128265168052,72.1349037646005
3165,0.00358174631383689,358.81373003775815
3166,0.0031146189926403167,104.2836518902928
3167,0.002785099177139862,278.2030715262857
3168,0.0020824108233804526,193.35341834712972
3169,0.0019640378603141403,108.70325037158868
3170,0.00331368579633309,61.71821146266174
3171,0.005576840308063326,31.898606655924866
3172,0.0035892470649057416,194.2045253624988
3173,0.0038924211249054524,31.62362785564966
3174,0.004539803945049612,78.34540536920494
3175,0.004766226755567583,47.80830472543678
3176,0.003823829091473001,78.50854809754448
3177,0.004988986043770769,189.1845143739235
3178,0.00342439856004462,279.91667069072946
3179,0.004380738854298874,31.139751011896823
3180,0.003956673125752628,155.907151988798
3181,0.004612343623403621,109.81956359190168
3182,0.003027046295475225,154.01075712611987
3183,0.0033618957633611357,61.81735639122828
3184,0.0032532973368531734,30.70947157215757
3185,0.004667233280997607,49.57320477415199
3186,0.0037266977305795168,348.8395189854374
3187,0.0025218376575483832,77.25216956277987
3188,0.0030603709711453796,194.7041573052368
3189,0.0030850121517935554,48.38373747709617
3190,0.003996734680895007,63.08257778730993
3191,0.003792212528986562,188.36586833548057
3192,0.003421742258809499,60.72468928897827
3193,0.0025599274056237508,64.08875584570416
3194,0.0032318835134393046,62.16715406306852
3195,0.005598764644673793,46.62176072345611
3196,0.00320970534627262,106.2378899882883
3197,0.0046019882229668555,145.20957349331488
3198,0.005876742831309981,64.08505848964695
3199,0.0035756328664389844,108.33468432862377
3200,0.003913475267743984,64.77752236858393
3201,0.004945579658335584,81.86224285369234
3202,0.005412030197281726,354.1501776951673
3203,0.0052676555957846755,151.7581645951693
3204,0.0033663896852389867,48.378976386747254
3205,0.0035464401213166005,362.37790215064257
3206,0.002867229033359468,78.76492915229699
3207,0.002685255360532763,191.74828760519657
3208,0.003645106413666956,111.31460957051289
3209,0.0028654136045991392,148.77344981425296
3210,0.0027637510678706003,195.42694469965102
3211,0.0022789287985029534,30.48085438394825
3212,0.004571234717224212,63.19573032727462
3213,0.0034411107220707377,195.39150317726876
3214,0.002441062249999959,193.92970327527385
3215,0.002295308704283266,60.855438267292094
3216,0.0031602101975155305,106.45265958236145
3217,0.0026919166356774754,32.48381047888032
3218,0.0035759227992995463,276.68934876569244
3219,0.0025850991001301663,196.363527211091
3220,0.0036767700812098633,64.39262822268603
3221,0.0035631843816050024,191.96855741555876
3222,0.0012414832057527684,30.587582131083572
3223,0.00418712969127535,280.3071692768101
3224,0.005010893929430984,109.31090540426197
3225,0.003414111166032119,357.71935986587096
3226,0.0020152736491876864,77.15196429822147
3227,0.0024321177551025084,189.7287638786031
3228,0.003648015946415374,155.29645110595558
3229,0.0036567938964772537,151.8511441579676
3230,0.0033873937322964265,191.91990392903367
3231,0.0026274741327543486,60.372531588231446
3232,0.002941180262291389,274.56227869061195
3233,0.003815261348299336,76.87772472648697
3234,0.0038943980542024146,75.08173790203621
3235,0.0032381963320727604,58.05047273468891
3236,0.0020957360413439317,30.15599914511744
3237,0.0038393935443104643,278.59710911653383
3238,0.0027703795918851176,359.82425259589724
3239,0.0025073221269311446,281.06771908376066
3240,0.0027206844243974236,196.26335126384419
3241,0.002502629709498013,154.108371182246
3242,0.0025119974344862146,152.2266591509537
3243,0.0020994410286513947,151.44148616025882
3244,0.0015564890228661704,356.9337463943015
3245,0.0021696657769793735,361.0425925379718
3246,0.00204239250673378,50.1389405877809
3247,0.0022661467921326977,276.8570322638051
3248,0.0034795355930892303,30.378319957315615
3249,0.0029920449957677882,81.69582467201272
3250,0.002318600705183341,358.51247046239973
3251,0.002710517872926105,109.8135540448295
3252,0.0028608311099020995,63.57832391946892
3253,0.002693369033859826,32.9530010859629
3254,0.0034974322627052876,63.504957023754606
3255,0.00435777067443645,32.074363311566856
3256,0.004736603031208663,75.49388137756746
3257,0.004030603697192981,195.53819728799832
3258,0.004244623637860809,189.2725909402642
3259,0.006716276006832109,80.607453338567
3260,0.004444129089102143,154.0133474366364
3261,0.0036357344837722786,30.412408016291433
3262,0.005734236105565977,31.201886104827402
3263,0.007024568831743986,111.05865017211329
3264,0.004289194180881577,362.5561702287713
3265,0.004170261065546156,150.01788203208793
3266,0.0025399335428362615,286.1623691649122
3267,0.003964691288582783,64.59056281929006
3268,0.0036415264407264046,75.23828383951255
3269,0.003544355435486668,193.69606944942322
3270,0.0033435820522837193,47.078696157327876
3271,0.002665127635577612,194.32489342945456
3272,0.0026579561592119843,32.36259011111388
3273,0.002681137892762205,196.2362221600031
3274,0.00285787909689537,187.52506243688282
3275,0.003807629751905994,82.10378405506775
3276,0.00325974043715684,201.09487959057054
3277,0.003555921285058847,81.73595804419796
3278,0.00230807273007539,359.97354667242155
3279,0.0033154836146422895,44.78067915682973
3280,0.0029449124479539865,109.02799607378665
3281,0.002465978463039591,360.535007048022
3282,0.002814175147740081,107.1320210491707
3283,0.0027484638151442846,48.362459523046624
3284,0.003917684395226819,61.20643093071669
3285,0.004433187132865266,103.12670626858456
3286,0.002088699450526751,190.47137011197566
3287,0.0014145952956753788,104.42871292488016
3288,0.002655441522349704,76.09756131361985
3289,0.0029724514556384992,193.043165710742
3290,0.002189001119629595,191.8827062928009
3291,0.0023281806238863037,196.9548156154514
3292,0.003423986820857513,107.48040883693088
3293,0.003088248433133481,155.537387177375
3294,0.0024091165115382395,32.58126675177826
3295,0.0024786655290918377,150.02316277293886
3296,0.0022261889345576618,33.499711605502505
3297,0.0029296928365690456,286.17958393581506
3298,0.003189903441543228,77.43735712157286
3299,0.002878692041038858,277.7442437516049
3300,0.0028579999042621413,77.6611326808906
3301,0.0021451327487815894,279.90289880708275
3302,0.0027419434198487453,30.814295940224753
3303,0.0022113076896381188,361.232999770644
3304,0.00263257962166987,191.7389898110105
3305,0.001958523869540748,354.52052717156073
3306,0.001326376234481865,189.73582983447173
3307,0.002565240294350453,147.28977554496544
3308,0.002768452888192079,30.172691827770024
3309,0.0035022214375653535,196.35567091694315
3310,0.0022605893039218568,61.972218032994355
3311,0.002703635081389927,361.56361912177033
3312,0.0027771680542255954,50.074708210872714
3313,0.0032282833648633433,102.91323749742672
3314,0.002122063325838429,47.56591754250199
3315,0.003951285163146587,105.60174137974133
3316,0.003479138511119998,274.25411643096845
3317,0.00473789749230491,75.76153407236514
3318,0.0034520426328211984,101.61560801826228
3319,0.0034330906865508632,192.90629739368532
3320,0.003907715674148886,106.68586416471759
3321,0.0020852198492854047,31.305951625224
3322,0.002545601966630784,197.92231911873913
3323,0.0021596074107821613,32.10233278208567
3324,0.002362679164984026,152.95171045075034
3325,0.0029189203930940115,361.24398029706725
3326,0.0027654507402936836,363.85581708420614
3327,0.002172010309287916,154.4051409408306
3328,0.002236608460387842,366.2480477456146
3329,0.002841773654123441,82.07882538226522
3330,0.000984135206305258,45.58675326480505
3331,0.0034583136305055755,197.55190292521522
3332,0.004204444425924258,358.04069965365693
3333,0.003224758400711394,194.02971410479327
3334,0.0025943205017160227,192.4783799846772
3335,0.0023627433684882348,32.29234551239121
3336,0.0015861506351754187,61.4410352249247
3337,0.002330347189047006,368.71252125719406
3338,0.002582634043834906,363.28445158019974
3339,0.0014083805623974104,31.669170842054953
3340,0.0025690405767476625,148.03110837423776
3341,0.0037199498064421047,151.89730632884792
3342,0.003254723886094815,110.05539393950238
3343,0.002514260578594146,105.67100207745902
3344,0.003596110469022849,60.069035266673694
3345,0.003257633611264935,284.10135062687715
3346,0.0024872517126528744,271.90525557159526
3347,0.0032379743378924287,151.45128340528197
3348,0.003192089059532326,154.06064984541266
3349,0.00260359523809726,365.70519107323645
3350,0.0037682078372030044,64.51066825446233
3351,0.0026519101916287705,77.29867784735116
3352,0.0021709890336708685,151.4061935949009
3353,0.0028303448093141706,153.37652263912176
3354,0.00248875294693283,196.97676306869263
3355,0.0027760538691977343,191.7257655336296
3356,0.00260647597797194,194.46725714861873
3357,0.0021584568331980756,105.82978069058667
3358,0.00236308495290436,283.0902816051525
3359,0.0034433517435404196,48.33687969377436
3360,0.0019146423176870113,148.44192262142053
3361,0.0023400962568652737,105.30341326239923
3362,0.0033419501415738596,77.71388852703616
3363,0.004638429051490014,47.83254210605428
3364,0.003993538075242136,65.64986606797835
3365,0.0020567132014240102,62.466669657797745
3366,0.004353224130832085,193.5621721297721
3367,0.0035102315841518596,109.62606730533892
3368,0.0031065299675920523,196.11621488043824
3369,0.004348206908616703,49.496763493333795
3370,0.003666328525538959,107.68953410871313
3371,0.0041023150672019155,76.41398138051362
3372,0.0027383622684563026,106.43358630238073
3373,0.003989898254620976,360.4253791795358
3374,0.00433414818363762,31.82890009803898
3375,0.0035292154830459206,193.52733661028586
3376,0.003112531261572706,281.50467958571033
3377,0.0029895491073288543,151.65575130428587
3378,0.002923859855050418,112.85506068031815
3379,0.0015278623521391471,45.455395324361064
3380,0.0025655337221009255,278.5301536136464
3381,0.003482576185971001,45.63306205743143
3382,0.0038620341075653354,63.92520986458885
3383,0.003943595008203029,32.37717447671137
3384,0.002387396331398812,31.998995981569728
3385,0.0036848375287015438,46.04995491321092
3386,0.0042523516497464334,191.4908881465514
3387,0.005205875551506655,47.584147290247266
3388,0.0025082218270330546,60.034552118862756
3389,0.003932187550444067,194.0672897292928
3390,0.0041266585809695095,152.8911718682484
3391,0.0032992958331922607,62.632140544656544
3392,0.004584394648331844,279.49563198865144
3393,0.0031929198840107594,78.01631800785732
3394,0.0034426084748702124,107.50234415984397
3395,0.0035555215592836626,357.4639052870324
3396,0.002656363740408613,47.65934333885654
3397,0.0032592220526776847,105.51607644188343
3398,0.002757135903868377,271.5098420296851
3399,0.0012655203390750103,46.685830710068004
3400,0.0029727591354650274,273.8380155533661
3401,0.0028656321297678435,193.4107812827683
3402,0.0034329063715301876,148.56871002163155
3403,0.002226148623032548,48.35094114278361
3404,0.002787951177476946,110.04796690349512
3405,0.0035447699345454832,362.0015709190047
3406,0.002237333760107147,197.3774252468459
3407,0.0019710888950096876,193.03964092977054
3408,0.003819126065630779,33.82629080261865
3409,0.00248739855411784,358.1007104545172
3410,0.0019181202707675932,49.78532990573431
3411,0.00330789478205072,76.41680732173553
3412,0.0028604248283214877,63.44580679312253
3413,0.0033906191218130545,31.33414224404117
3414,0.002815461787990485,50.149014283050874
3415,0.004722902428342022,62.81742652167191
3416,0.004987773994536237,198.13512286513992
3417,0.0036219485307772397,277.9105114354128
3418,0.004843116861342549,30.881579946092447
3419,0.0023433050349591544,46.19321504255279
3420,0.003378187282824247,78.31620888963005
3421,0.004049387314838803,61.64845583269157
3422,0.0024441864872476963,44.909014047146165
3423,0.003603305163282626,361.7993320641832
3424,0.0029675572556946213,49.145897923270084
3425,0.004960944069676709,58.8750175175519
3426,0.004860978304019558,48.21854705090846
3427,0.004110757573602664,360.99022956624333
3428,0.002796545917590265,48.997063972877804
3429,0.0029083786824697666,75.47330364968933
3430,0.0028477402718767126,195.72402910988754
3431,0.0031986518507687986,146.5434184076013
3432,0.003466908751131716,111.09337031186311
3433,0.0035529804664616617,57.98183660474867
3434,0.0042691275070942305,62.75216246156589
3435,0.004479123772577789,283.20832672073755
3436,0.0024864341178507513,30.234181471932533
3437,0.003337612610413156,150.3576825749698
3438,0.006747500612179685,32.829839032567094
3439,0.0035784928225396488,148.63935696107882
3440,0.003056813693888979,154.19335111330338
3441,0.003348465069871757,190.3428744931126
3442,0.004919133051238344,30.872516378037492
3443,0.0027086511108791456,31.700073022103343
3444,0.003593590905495017,196.19886571774182
3445,0.00461502008801216,76.9009255792502
3446,0.0050963840410493165,61.467144926316536
3447,0.0036994018684988706,102.51229550100837
3448,0.004335163273654089,286.98241253548474
3449,0.0031732534869558845,273.2485932415406
3450,0.003477807247382786,64.04040184933766
3451,0.0030087298186141967,152.71644148243124
3452,0.0027337695731657115,60.57691175786852
3453,0.002157284982472383,274.99175468659377
3454,0.0031065553837871665,189.70731871137636
3455,0.0017937320220438335,83.98417416975713
3456,0.0038922204214425103,79.48979335182237
3457,0.0031232682705987515,357.94972722498164
3458,0.0036133223463789173,280.2077880087469
3459,0.0026046127984698723,151.93458414824607
3460,0.0035373374260486276,107.04540373617047
3461,0.0024441374624018996,195.10766278914141
3462,0.003611413803171033,76.77106148116552
3463,0.002758097821986832,50.99863564263964
3464,0.0024617406075964844,31.06012276969904
3465,0.003921380856726583,45.36400897371061
3466,0.0038051832426988542,359.9415588056171
3467,0.0030158767443228024,155.34887482525016
3468,0.0030660378554559138,150.78372126736733
3469,0.003188307032779938,107.08786710765465
3470,0.004200992288025515,62.93958577416402
3471,0.0035963045314014973,359.9828583797074
3472,0.0028768659932128767,46.53264537895078
3473,0.003521016698538336,49.56505027622583
3474,0.0031534366376982023,153.72406003580375
3475,0.0023027631159493467,50.26326761836662
3476,0.0035634904781679916,145.90396967451872
3477,0.0058769981218482195,60.997672170067936
3478,0.003952466862066449,32.45383401130187
3479,0.0058422159345354885,32.60266407017657
3480,0.008354871425663905,49.16787167614926
3481,0.004084091670426381,155.40580599000646
3482,0.004881569996761191,31.140803577198287
3483,0.004390331797683387,353.68628472730916
3484,0.0042664054703067415,147.31191577357535
3485,0.0057704950347844996,104.51965122916607
3486,0.004254353893674516,105.33298104381407
3487,0.00587295617753688,31.73940947701186
3488,0.0033627897760566527,81.53198387143962
3489,0.004228186168942417,111.63427742689208
3490,0.00350901535719019,150.81050981107006
3491,0.003373459148861002,28.832683223818137
3492,0.003319153924295138,282.33125491742527
3493,0.0025629525008863878,75.64681184825673
3494,0.0043333715401414835,282.18110351793655
3495,0.0030305198107460503,148.42641839873858
3496,0.005735658446279889,48.27985970531481
3497,0.004033517147206948,146.04103297846967
3498,0.0028882725007880606,370.53157721357917
3499,0.0029200047795492194,30.54806073573262
3500,0.0022772600048637298,280.5260511901431
3501,0.0027853638063369056,106.00470613279265
3502,0.003352103076149187,81.97382679372053
3503,0.0031881922402334797,362.88210421054623
3504,0.002249447750288929,31.39090118457722
3505,0.005130767490161323,61.36044115121808
3506,0.0022829541534445095,195.67281597223837
3507,0.0029164314684159173,78.86332032653762
3508,0.003635865871344487,153.1351875635519
3509,0.002341893263731216,28.939418653479475
3510,0.0038503941187679027,282.04958944457934
3511,0.004203815048910926,76.87779405368637
3512,0.0030298945016370782,193.98445166081203
3513,0.0037391283488184194,48.882361823576396
3514,0.004384891930214581,151.8258661551391
3515,0.0029892522029163395,110.26394085379634
3516,0.0051434081600256415,110.62168924135581
3517,0.0032719771088706097,147.54610480335847
3518,0.003448459076353924,195.44561669937687
3519,0.002349577732912198,370.5455138309782
3520,0.0020461268936328865,46.96385460106477
3521,0.002893210908413854,149.81005467802032
3522,0.0025942094761064907,150.51241949065826
3523,0.004106581417545385,109.73324380629386
3524,0.002878229631186813,154.32887442372797
3525,0.002849477494384848,76.08042990288926
3526,0.0027944183976405137,104.75665513220449
3527,0.002936314236483833,49.93287550704381
3528,0.0021185771564671894,192.438894063943
3529,0.004859864408021075,63.616877883065825
3530,0.002898527904940469,61.1965180767971
3531,0.003325549261402417,109.7056888242341
3532,0.0030700286156965196,275.6506068667868
3533,0.002493796744881995,104.89966867098019
3534,0.002464315056459067,370.87563873732233
3535,0.002299695149138808,50.91424757728863
3536,0.0033606956792974632,192.10382402815875
3537,0.0023730024726742378,362.20862806258367
3538,0.002967469297905504,106.906990595482
3539,0.002260050511796254,75.44907515215834
3540,0.004243614436337998,33.22515398809641
3541,0.001967964845283552,282.4681198649375
3542,0.0031927000675531073,33.202464399314486
3543,0.0025238063153852804,197.1322720738319
3544,0.0019713217654408624,281.01206155339656
3545,0.001121167318317397,34.035756415841284
3546,0.0035235050224648808,48.422885227926486
3547,0.002160000060669247,79.24379204586467
3548,0.0030654077151526177,157.85989426599042
3549,0.0031373302319314626,44.42496659005067
3550,0.0023322213904787624,32.74266521003075
3551,0.0033255120549162305,32.96393282085843
3552,0.004670977844472037,79.23517899763267
3553,0.00547297051930464,276.23847151205723
3554,0.005187686873866299,106.53318204341464
3555,0.003880503294071373,362.2531601785326
3556,0.0033994350395559762,367.1719782329788
3557,0.0023330513317631183,280.49781992432577
3558,0.0034540059859864414,31.46000839249464
3559,0.002163209943731643,193.9844166635223
3560,0.002971033266830846,64.18650444282973
3561,0.0031590980004731354,197.84271739775042
3562,0.001063448069130986,46.54363589250706
3563,0.0028839338895274773,47.99014981401203
3564,0.0031872403292331677,61.38183062178142
3565,0.0034542391904324177,103.99154590297202
3566,0.0054329278276451405,52.1516601324142
3567,0.0024371278251154845,45.88551807090419
3568,0.0024713638560404597,46.70861543148885
3569,0.0034422917307611114,284.6500840446721
3570,0.0037413984399004762,61.46949858129991
3571,0.0036478155753806294,196.42938604026267
3572,0.0029078855151171193,279.76826196312936
3573,0.0026732305444873697,64.9906262546229
3574,0.0029048634832842916,77.56672464733997
3575,0.0033971659431887187,190.94161739884873
3576,0.0036957088936321533,62.78632583288425
3577,0.003707307016835114,66.20883639058725
3578,0.003033857384418132,49.36307164704033
3579,0.0038199987343948134,196.47347214917798
3580,0.0029633727936953552,191.0999789489835
3581,0.002107891206653964,282.50510115924203
3582,0.0025291735377774463,152.17844501042725
3583,0.0037410493748491437,111.85879514327223
3584,0.0034315125954237093,282.4472005748376
3585,0.002119819572318851,30.61217771650489
3586,0.003877914129306787,30.824401035190927
3587,0.0030951440538328698,270.36706293654515
3588,0.0014297098584641142,47.85577653392824
3589,0.004064951355807402,76.1807081535371
3590,0.0032768057878495033,278.0873074023242
3591,0.002771385819414718,102.68355973380847
3592,0.0028992495244572537,280.13219958814807
3593,0.004521069298538476,30.74789109473082
3594,0.0031154419771796437,153.04472725518528
3595,0.004926015533752526,66.16206885385077
3596,0.0034363024495030767,78.17671206494235
3597,0.0033267290676343,75.14120347964584
3598,0.0036916039195000875,283.175321639077
3599,0.002787954510751551,154.2138867797483
3600,0.0026424507547238092,149.0122233902406
3601,0.002498439426916947,78.63568178795349
3602,0.0023487460742311166,30.25288842199151
3603,0.0037052652173016325,357.86371479149716
3604,0.002435034496474228,47.70013255773399
3605,0.0042325923498318496,31.94491842222448
3606,0.003997266238906971,369.02210629074403
3607,0.0026738170218508664,276.04521553939884
3608,0.002291623560219272,366.75183781215065
3609,0.0032289266796936516,65.61297780522818
3610,0.002259031542822553,108.96229089576704
3611,0.0020964063332939986,79.00396128196708
3612,0.0010164845192901276,31.99094601500494
3613,0.0026737343986822713,365.57713461528317
3614,0.0024925831535832733,288.34079724688434
3615,0.002499522274435331,276.3511446295075
3616,0.0022365839784495773,282.49708479526726
3617,0.009044782485604736,63.23525780022893
3618,0.004734827362251683,109.47439980489216
3619,0.0021123181876680458,363.9625034625382
3620,0.0015120646892035562,66.3656399076376
3621,0.001335588034617803,107.06256647808104
3622,0.0023169078544027877,284.0760233944978
3623,0.001943106068357405,152.8632283372354
3624,0.002148747604092632,193.49168875775834
3625,0.0020770594946369135,358.82462978217404
3626,0.002701231594606913,28.773003294050287
3627,0.0034653085205749354,64.67312758646177
3628,0.0017596594807400834,30.434603679631024
3629,0.002740489581152235,33.1339164016254
3630,0.0035463257939368376,364.3454155671818
3631,0.003650907944409648,47.80771897775116
3632,0.0023315070380499855,372.08182734953857
3633,0.0022913197900453343,76.81245759093008
3634,0.0020510402058101355,77.03962822950471
3635,0.0038006115618968734,31.93643051078045
3636,0.0044318603820350045,47.16366870787035
3637,0.0048546701923442015,48.22631151821147
3638,0.0015364846639668345,31.010793075230417
3639,0.0024898037866191375,156.36312285996436
3640,0.002277486845843941,367.5255839509737
3641,0.003236317733669779,362.8137745842413
3642,0.002399103655327715,47.845924034138235
3643,0.002129158682939967,366.4248758601757
3644,0.003817788561593324,29.656634699426874
3645,0.00294291991241647,155.46735212997942
3646,0.002632374131311643,65.10844115581298
3647,0.0021428214239487668,156.56499382660988
3648,0.003359421939173692,47.645848849580645
3649,0.002594289964805976,281.6371529735301
3650,0.002234328183126658,108.32614279622152
3651,0.0021634226911621886,50.1326882687978
3652,0.002948142680433078,278.4205315830955
3653,0.002519359924599016,190.3387869542195
3654,0.003975037859071862,151.55310708397474
3655,0.0035297183146783136,63.14918614711979
3656,0.002788806505413584,191.6333900781248
3657,0.002190973647245571,79.10378896295482
3658,0.003184400227727742,148.509145502765
3659,0.0031719370965930236,365.062730991195
3660,0.003172314809096467,74.35065302161505
3661,0.0028953495916539396,109.57088264609717
3662,0.002430768336615494,108.93365618031356
3663,0.0028591154460210003,82.4178319664396
3664,0.0026880550902625634,106.60901869361984
3665,0.0031846147152021797,78.09254199696421
3666,0.0040050725775966954,149.2977722941681
3667,0.002701889079510104,362.0316319756
3668,0.0029119484464569145,48.11891842013617
3669,0.0024377005730666446,367.93355111418657
3670,0.001894958301556348,66.19047165516781
3671,0.004822436045225035,33.76706618311063
3672,0.003519037187954946,367.1231699159791
3673,0.002332782922794336,33.057332419728674
3674,0.002033211983657298,364.3331639096791
3675,0.002026486681704331,153.4007817631726
3676,0.0025889269479053506,148.38439829155226
3677,0.0027155417252375863,362.9187862601925
3678,0.0018417208355446361,145.95371385320712
3679,0.0018697432513839422,152.4211301292623
3680,0.00266558617100201,370.8679923287077
3681,0.0029410512826552335,194.5553481992879
3682,0.00281866491332039,45.81044603566189
3683,0.0025382334882958755,197.72051454102777
3684,0.002509105433363374,199.7404939049134
3685,0.0019317175514185112,48.66315568893852
3686,0.0036248785159546672,76.38826436130024
3687,0.0024775883812253596,77.95347262231637
3688,0.0028995422115307237,150.37830296578338
3689,0.002605973822637773,194.3474930717513
3690,0.0022533231671135385,83.15960110834916
3691,0.001964883277356472,278.19808684092214
3692,0.0025408180408609867,192.29710154793807
3693,0.0052485333458050796,30.00260765967911
3694,0.0026094612454171605,189.5545027126323
3695,0.0027171485236412362,34.01313471564566
3696,0.003554528379306878,109.65681192802526
3697,0.0029721334131002984,367.72314192062584
3698,0.002887800137650726,368.69944622643663
3699,0.002317806037461782,62.11188473255838
3700,0.0040523031514890775,150.745730326019
3701,0.00338017270810849,153.41510123908458
3702,0.002379722342608394,63.61796878724487
3703,0.00286266635145185,65.77323607938577
3704,0.002615483881232354,77.85227966754773
3705,0.004693147312244006,63.22163893471859
3706,0.003698604274373989,76.74204763635151
3707,0.0024250894161032756,197.42928353485507
3708,0.00362499066256332,62.52169066648511
3709,0.004045923550497596,78.77210032925429
3710,0.0029115703384440137,33.54294210665081
3711,0.00416700005685429,47.28747235178015
3712,0.004129961410124439,149.85217157676257
3713,0.004498834005558324,47.14966195709195
3714,0.004345237064687457,154.96196218981981
3715,0.0039495809054603545,362.59313552521087
3716,0.00434746724538461,79.70493825486945
3717,0.004263037043474103,154.94797033070847
3718,0.0038231270929412514,153.57538056684047
3719,0.003867365355244285,58.87375945431858
3720,0.003554645455971275,111.53614121763592
3721,0.0029751046627613516,195.57369140234488
3722,0.003355423798823792,108.24875876176961
3723,0.003920209386329776,28.701516531948563
3724,0.0036642944093006826,33.57180889976007
3725,0.004026961601896845,364.8206282343305
3726,0.004276321355623973,114.84465427580315
3727,0.00331643760940603,154.5627619636384
3728,0.0033666360358615413,147.90432220590105
3729,0.003006377528117341,198.56916213482404
3730,0.0027390993661178184,195.10607074723762
3731,0.0027430158107353444,114.23448043367314
3732,0.0023098031995656223,62.34203983027246
3733,0.00334051163384683,60.54960644386912
3734,0.0016613798984700468,276.1417413150436
3735,0.003118560459618245,46.735959446110925
3736,0.0033973375431754376,147.56378758892467
3737,0.003395960453717541,198.3194550396522
3738,0.002189423357280744,362.8941727444701
3739,0.0030439849258321124,355.67627408004887
3740,0.002154859790442226,50.77778224188555
3741,0.002401657355580361,279.1623523827029
3742,0.0019432384093749067,81.90707470820912
3743,0.0041872870505954025,30.269144967744516
3744,0.002787673890872191,111.73713263404301
3745,0.002598898448923137,32.293261109002
3746,0.003906773736948585,82.27488397275751
3747,0.005546270939620709,46.51150331253702
3748,0.003029389020504463,368.94372174436995
3749,0.0038649728422359866,111.06731714434959
3750,0.004440871984115802,65.38862777553814
3751,0.0044500553387453535,282.17806910514895
3752,0.003509528628621245,49.9605165685693
3753,0.0034231615934482555,198.30277841092072
3754,0.004084469887390229,78.74709993479159
3755,0.0038593083710601116,110.2433904737044
3756,0.0034966800998420347,153.0109211448794
3757,0.0037083809745909967,370.3317987662147
3758,0.002593976791938554,191.54013486987634
3759,0.0034296340865104277,82.9354188009229
3760,0.002645789449112222,77.02480759190158
3761,0.0027725162682029334,153.58523293813957
3762,0.004049521360965881,195.93100891067252
3763,0.002805615376919727,105.20837251674808
3764,0.0025694079615987673,372.49238717323095
3765,0.0019285873145999108,147.2931406356587
3766,0.0023022575429823226,62.574854461007156
3767,0.004604748558201457,44.91304303107683
3768,0.0031541313793484373,284.5539159292458
3769,0.002526315129901851,281.59597771232995
3770,0.0016040139581209273,31.403227552492332
3771,0.0017406217264998793,108.6709395912778
3772,0.001829264312932601,280.47871795511793
3773,0.0034892573864359795,31.785227623793748
3774,0.002542039551717864,288.4056318127397
3775,0.00247469228694153,199.057194647495
3776,0.0016592170436005773,153.9027167616639
3777,0.002691873414155802,110.36590288885337
3778,0.0021022415178528968,46.131213091540594
3779,0.002009136149894943,78.12890094815974
3780,0.0033656960645616477,48.35000441442072
3781,0.0027430599431144762,152.15221183643007
3782,0.002160971396874565,284.29944521028733
3783,0.002525868562735503,107.02694473594386
3784,0.0030585059487500325,45.69508852196392
3785,0.002916430027439765,155.6515591995479
3786,0.002558862657660376,201.17012140457987
3787,0.0022503454180108607,110.06455765037605
3788,0.003191453317087245,372.4061596975934
3789,0.005600240487998737,32.32072595192627
3790,0.004152866075855854,47.15324455529653
3791,0.003285910404883907,80.96176810026752
3792,0.0033709104300914286,110.48055002122759
3793,0.0037522180186381764,191.39749832776988
3794,0.005445403134684524,78.19020506566964
3795,0.004038131983618549,31.46570604976006
3796,0.0031512205971651113,76.86989611936181
3797,0.0056223694389865905,49.25229558117547
3798,0.0048706693241911125,113.18984873642881
3799,0.003185420961017371,76.71109927171098
3800,0.00327334746567129,371.3093115025245
3801,0.0029448249615903086,153.12335717032897
3802,0.0028598953242518414,193.0037331533056
3803,0.002476155396624773,110.8172218318371
3804,0.0032918210720511982,200.35640103523858
3805,0.00272733371652143,284.2509813223301
3806,0.002535272897065707,46.65255762109182
3807,0.0034169192470891664,107.33468452802377
3808,0.0023369390476589732,369.3432010584181
3809,0.0016712328945583611,193.32949139992786
3810,0.001754465326411979,360.4775676572777
3811,0.002445551278959521,113.49563882324207
3812,0.0021332845705684914,360.39037372104286
3813,0.0018772456971156526,365.20342635051895
3814,0.0027380538169210996,155.80733933864943
3815,0.0018799891039018028,148.04371541676034
3816,0.0031175243571355663,47.79823485122255
3817,0.001885959491934547,32.918209417548304
3818,0.002148139011682114,63.292040686397215
3819,0.00394859234910581,77.62594044566748
3820,0.0038174199086479094,281.88954434695154
3821,0.003492282997763526,65.3492896877474
3822,0.0032615784244713958,364.761369083124
3823,0.003160559322533181,371.1837567916246
3824,0.0027109826776821238,78.89826739912787
3825,0.0032407973209930634,282.07885531510357
3826,0.002900025549689207,109.70269902939357
3827,0.0032961022129868447,34.8761168912973
3828,0.0030318531007024235,32.292356325929546
3829,0.003750325236824673,62.1430570320821
3830,0.0032395108279048407,197.27840206105947
3831,0.002148515125909244,61.59608645351499
3832,0.002476880942726334,366.4732012640329
3833,0.002901066838358719,112.70385013807557
3834,0.0020891132443643648,156.3600721366828
3835,0.0022987340161972993,155.80016203599746
3836,0.0022547401662508645,369.7510956464002
3837,0.001914142181893618,365.99925992220733
3838,0.0015524264591646388,65.56400586652549
3839,0.0031128503269120316,62.18865028365381
3840,0.0034623310515968825,66.77426502304603
3841,0.004456450555983567,157.97157679916643
3842,0.003011265066467378,30.66752924024096
3843,0.0028543985483999927,45.92756061393663
3844,0.0036640606949919115,192.75086666384388
3845,0.0028595354317038765,195.449396154103
3846,0.003082860652190818,197.48434670273383
3847,0.0030977874986412054,79.51879542700914
3848,0.003108534153109848,275.32081354785055
3849,0.00294081058435734,198.92904962892533
3850,0.0030548774999969884,67.33169228764942
3851,0.00316558765962327,284.30186679755593
3852,0.0024846931767091725,202.43320990548446
3853,0.0014414825547060838,63.05950388677402
3854,0.001973912548109324,286.09739484079137
3855,0.0023224810985562204,63.319769020261624
3856,0.0027262036224342833,196.33458295620682
3857,0.0021945690944518833,110.18681515458992
3858,0.0029030622511168652,280.05924107896965
3859,0.002205408442356381,288.76111254808353
3860,0.0028666660030667425,62.86930727861642
3861,0.003109367398757548,110.67993003310485
3862,0.002421141062645679,76.52430396244763
3863,0.0021371993318737353,72.82652890105719
3864,0.002862568604007148,197.73828423976946
3865,0.00240015079300629,369.83705366488283
3866,0.002669628783543295,79.07213580835496
3867,0.002483412461283448,155.95650427731846
3868,0.0018728957561663642,32.741166053505296
3869,0.0030605278561962536,155.59165949288928
3870,0.003989403311252472,66.05751246550567
3871,0.0032644244257143923,32.60314544386183
3872,0.0033184335334354585,289.59694029014236
3873,0.00267849420627569,111.97447151326438
3874,0.0031151401952297297,373.2446100905254
3875,0.002668659070262896,279.420611377169
3876,0.002125517914759552,78.72815106772218
3877,0.002715649794265925,197.44721900931418
3878,0.0015126258927168615,31.882089307222675
3879,0.002375263966629203,112.04982639125043
3880,0.002165163788751499,154.43515514230805
3881,0.003488806764205667,104.94110292452956
3882,0.0034449640617656933,46.49780867379733
3883,0.004216938489687006,82.71202696112928
3884,0.0030547763791009155,108.23409052109002
3885,0.0036516654288141705,64.00264466901984
3886,0.0030621855697025007,278.46883766740933
3887,0.0031135114854489443,367.6003809553723
3888,0.0024214814739025314,107.37556989023251
3889,0.003731619392886161,155.90525683149096
3890,0.0025391704925507297,370.9221442671905
3891,0.0018608361640182357,31.422038527118
3892,0.0019690708398584166,66.4819989557209
3893,0.001958133613669188,280.9726694564256
3894,0.0042658124728990575,61.89444058416071
3895,0.0025820352936516307,150.57162541042453
3896,0.0022369907582370533,47.90117817095682
3897,0.0023227920670430813,281.668142696925
3898,0.002153158877263195,83.04325052037514
3899,0.0028598985980278907,151.09648823114205
3900,0.002225207714365899,76.1022118348083
3901,0.0036100906985111424,63.4924488663947
3902,0.0034485053069477013,150.50991986316296
3903,0.004146437141185989,64.61343059671373
3904,0.0028061870780876825,201.8959232306579
3905,0.0018309254277082184,66.07019209534322
3906,0.0028676851914322004,368.1377423279023
3907,0.0021903296435600685,78.93295315793287
3908,0.0023953101324165342,195.06039552601683
3909,0.0029432975089407655,286.9200344314561
3910,0.0021160904360680004,369.3300753114371
3911,0.0019988273434628848,77.17996212428586
3912,0.0014257205238491538,32.28905146866071
3913,0.0017109775914486561,285.5729424301233
3914,0.0017872809393421367,48.602774304082715
3915,0.0019479157690511784,80.90514312052845
3916,0.0030099932634609127,79.05137298012146
3917,0.0030589826337745762,109.99539440975602
3918,0.006761069628902822,47.45978101391074
3919,0.003796824621384918,154.43839452998898
3920,0.005983541119976194,33.33548408349244
3921,0.004754947679229791,66.42769392904233
3922,0.004833676622762472,50.429843875478106
3923,0.004712909162246772,61.71243613250694
3924,0.0057864373174615555,80.99210578985844
3925,0.006073813040116379,50.713494418449685
3926,0.005601596251346144,110.37587473451653
3927,0.004631100086388304,79.1291117921284
3928,0.004527396107343695,370.2698470854666
3929,0.003836063734111535,47.7335648802144
3930,0.0036606277701168514,368.88248578047114
3931,0.002798550061937406,156.3748714859915
3932,0.0028653940704485253,196.0970686229816
3933,0.0027666627802787357,196.86392079240892
3934,0.0015742571562110572,51.214851279963554
3935,0.003281908087625528,50.119291918613186
3936,0.0027082007119051095,47.4616539317554
3937,0.0034873381737270392,83.18473790474421
3938,0.0028265286985121605,366.6208661141309
3939,0.0028124826806579344,151.5538997394546
3940,0.004466775862463942,35.468382541538034
3941,0.004288536672622565,111.93803224673324
3942,0.0038459295263368705,195.59662661895828
3943,0.002545423255453944,61.35577034419946
3944,0.003494274627987929,110.20701392966252
3945,0.0025540142699399557,367.67522473202945
3946,0.002563966904258258,286.0927737046059
3947,0.002311832183179361,156.08889035955332
3948,0.00230892228625056,48.417469928902314
3949,0.0025112673597382004,82.50800882190879
3950,0.004582411565056175,31.764746146601333
3951,0.0032937880495551262,284.489674394975
3952,0.0028965735895536246,103.94539193774206
3953,0.004798594241781922,53.19198735457986
3954,0.0028654721212398124,197.12865285351162
3955,0.0028347565192271976,195.8204397867396
3956,0.0027612254269913142,364.8841484092157
3957,0.002057393021690151,284.9189613311852
3958,0.002217928345989722,197.42959978515364
3959,0.0026186397739035206,49.39030155141642
3960,0.002226833794316859,369.10532382869326
3961,0.001812085322501549,279.19473436037254
3962,0.002871274917217968,45.52359516503538
3963,0.0015558535365385437,77.66299304088611
3964,0.003060014349159115,199.37252474567242
3965,0.002141520430623681,155.17673876872612
3966,0.0027629502342700943,200.93877896618318
3967,0.003159420308668242,202.49060428967456
3968,0.002749374505897165,31.59678952512852
3969,0.0034909002230407854,194.76379720360563
3970,0.00386408711319046,112.15242448400161
3971,0.003042652501495519,278.04813841514795
3972,0.0037234251854401505,48.81258860604515
3973,0.0024951825202869015,281.8251814406914
3974,0.003128851650846907,115.71712298930748
3975,0.002696285733740346,81.5186825950112
3976,0.002227140014844473,157.72832892508575
3977,0.004204995165640536,47.51559083432526
3978,0.0033007617122655995,108.35305457520563
3979,0.0029304991221835454,280.65401531015044
3980,0.003179512348826672,111.79490484140827
3981,0.002606468691937381,367.82699355097384
3982,0.002827018053809437,111.55614784673637
3983,0.0035741927434149124,76.99982385650821
3984,0.0033730883206310827,285.5387979862584
3985,0.0028379595451103446,156.23773319699006
3986,0.0020339338365234793,108.10366044932226
3987,0.0021464651771515185,283.39358750953085
3988,0.0032484108293853774,82.14437390341382
3989,0.002184132293864148,152.94790564367213
3990,0.0019520123071494957,49.44942290368803
3991,0.0037847767766677485,29.61394436020346
3992,0.0031927322500253925,194.70141176255203
3993,0.0027981116437318554,281.21851601925755
3994,0.003163855316306837,284.45428014573076
3995,0.002258103341867762,33.390499035891466
