episode,train_loss,train_reward
0,0.04751577298370523,93.27754938077886
1,0.009321604877561522,189.21008419495254
2,0.00646162370107912,190.46927947084316
3,0.005979291507612978,31.524623724027744
4,0.0063180044494466,270.7889244456233
5,0.004544827482356821,145.13137737491655
6,0.005386098138204915,188.43768593523427
7,0.0065996987574670546,106.6190471608293
8,0.006778917132898052,74.67026536982648
9,0.005064835645428572,107.0721126120888
10,0.005617127590917783,273.12776424369406
11,0.0031419084584971856,59.92502185271508
12,0.006027422652255769,75.63871404905532
13,0.004468883299199722,60.6864754635067
14,0.009002237135113368,73.84277055053187
15,0.0058435785397485795,31.66869888416574
16,0.007040360352104911,144.85949352145985
17,0.008321190567122836,63.98517733905283
18,0.007732904084894637,44.09867781485754
19,0.007694860269419249,269.1935666024097
20,0.006210953790587061,184.1211594125648
21,0.005992825401604298,145.73497922534528
22,0.007027975551259779,147.9406049108016
23,0.006474600835081475,267.82954986838456
24,0.006112183912220234,272.35017733182616
25,0.003366118952187007,62.96492421709198
26,0.007293538132833388,62.937827282076974
27,0.004924500774334666,61.213199301704535
28,0.005037773084944355,146.08579424399198
29,0.0031952103917529504,103.02339308769001
30,0.004682393193434109,43.530534654200885
31,0.005872469460386624,350.5871764315568
32,0.004677537388180115,61.94285117439557
33,0.00557586918148445,102.6045030518361
34,0.006151390778794007,352.90501768723163
35,0.007462099166012784,77.43652180491274
36,0.007708016766941753,30.416747789314154
37,0.006403485392597345,44.36337567447802
38,0.006744403638472481,60.27138430643795
39,0.005997544301319123,186.75017478944332
40,0.005919506779789047,105.01619785194161
41,0.005554524811329962,31.6759595391354
42,0.0037753811362067195,45.791852916983814
43,0.0056623788024270155,270.3657036849298
44,0.00617740369105721,79.02550507553016
45,0.0047564165653703845,351.8233812702919
46,0.0049327695717833525,147.56943659696404
47,0.006018825432890434,64.70738964377615
48,0.006117051960264342,192.59497632148074
49,0.0039276051972986495,354.9551836168727
50,0.0035430229804295716,357.96482693837584
51,0.0029134168973443493,80.44331487770081
52,0.005996934086976002,46.284037252423424
53,0.0034884047169147048,46.29813152015248
54,0.00583640891363757,44.69464446365862
55,0.00501624799785945,44.97188156070062
56,0.008096855346097569,47.78879499700437
57,0.005433009534102674,146.60169542717904
58,0.008577459971175731,45.396116576449096
59,0.00686943066631846,43.569364211509395
60,0.005429517040040441,279.68015150702837
61,0.005403379971515418,147.5573749664211
62,0.006146068462700127,104.83250716370081
63,0.006021948488510966,273.1399945913214
64,0.007056663730405404,147.63793723102037
65,0.00681489698196193,58.29383004684218
66,0.004483218209059768,271.3545559296243
67,0.004414809529676654,265.9253023031714
68,0.002459706791901576,103.01073447801225
69,0.004590036413488137,47.618311940038744
70,0.004868055761648607,74.6798815610795
71,0.0041898655897686975,107.95659594459187
72,0.005263566570596287,275.24654943362975
73,0.005178609117212976,184.76765078765015
74,0.003688482081358686,75.58408765508477
75,0.004788186879277173,77.19023667441323
76,0.005343275339770559,73.6269720992784
77,0.00373854625549625,32.22150922177298
78,0.004204149763922785,32.233522036385395
79,0.006298968625668675,76.42163131725636
80,0.005024760929092327,348.5820107968186
81,0.004128798571705893,148.59943136335514
82,0.005780983010234934,59.87422111242396
83,0.005375022877941915,269.6642660588659
84,0.005322594685436589,61.576562282951
85,0.006288011842228763,187.48856287516185
86,0.007114490498182575,193.70197649257196
87,0.004049884404533155,149.28882189075145
88,0.0048746096958816685,63.64556230771604
89,0.002271623414683637,64.93659866543757
90,0.005070302063821165,353.89608605380687
91,0.007042151014750495,48.406206405398784
92,0.005323221687551547,102.51489381165467
93,0.00423465656183933,271.51141574309077
94,0.004146800320562297,147.53316428338826
95,0.00407552844316397,144.54441519982782
96,0.004457996522398904,361.4134072463175
97,0.003271270047448616,145.03674876488546
98,0.0038268234668728178,47.01064853184592
99,0.004356880935158418,269.32193275995047
100,0.003008851599930348,144.88050121643028
101,0.006079218966800093,28.977478262998307
102,0.0055782826070876704,80.66612013800757
103,0.004837918916048684,189.56125237212362
104,0.0029628442899208426,103.29791744958803
105,0.00444704580513644,193.59988335291186
106,0.003150128403417925,47.85860273126917
107,0.0052264931440401015,42.783882513486546
108,0.005039146535646701,352.62728150240133
109,0.0023824652431859907,31.979524205552224
110,0.00775540238993761,46.91344145740127
111,0.004229850424091868,269.81598650364265
112,0.0043601422383649805,356.5456271713417
113,0.0052033998902585995,107.74404282205134
114,0.0029774826431424694,46.95199237281841
115,0.004959441936499878,98.13702567303126
116,0.0023916035161478093,31.11629944798498
117,0.005263169897191871,100.9345199824051
118,0.003740320832474862,75.0824598362795
119,0.003074945675615385,57.4435482930231
120,0.0072239819801633515,60.090409355318904
121,0.005053891914464211,142.23360732243512
122,0.006125051534829915,50.70514459709498
123,0.0059798706823695,31.987219047007578
124,0.004605031844294973,74.48404882493914
125,0.006147263676433107,76.62567658540621
126,0.006928881238263014,61.53646681385625
127,0.00715783428583479,185.7440983046864
128,0.005469633642459778,60.848279576825114
129,0.005325323154259601,190.42093865152117
130,0.005872665885941718,46.50012581339118
131,0.00833566968905306,31.638159345562745
132,0.007998838080642268,45.79410714924312
133,0.00655205278721249,147.03862378460076
134,0.006350695538523873,190.81776617817553
135,0.005898566277463352,185.49894685730135
136,0.005423998219654451,190.10790080909368
137,0.00602480249103423,75.79450219985112
138,0.00525299304828908,59.18346607939207
139,0.004779956268758327,271.68469538517166
140,0.004944972834018944,145.01142179850885
141,0.0037957357734822754,49.05353185118301
142,0.004791127847221849,48.119195024923286
143,0.005232235713423958,141.42113518906842
144,0.003660658416604639,64.65686726819654
145,0.004870836302007635,65.32405856884843
146,0.004318358035342825,358.10491001432695
147,0.0036352110376107953,44.238513845098055
148,0.004616159505662226,186.52378704458374
149,0.003325320713037368,30.4876598241225
150,0.0056441075590886285,48.45713901134243
151,0.002716790039233853,48.89507685488452
152,0.004389672284321903,353.5894084854341
153,0.004861174728913201,48.80646960374038
154,0.004043842950203405,75.82884702745196
155,0.005352217327196162,46.49945708861664
156,0.006117415570832051,63.03450074926611
157,0.004687778934490102,64.14368934871538
158,0.006921994140942512,46.34615968892163
159,0.006243137568232599,102.78274434983568
160,0.00707971087535567,60.17114598888629
161,0.005042568640855164,273.5650213827261
162,0.007037030236810656,104.90492598157451
163,0.005160932977483075,63.133228178247286
164,0.005012869420170318,59.300313640022054
165,0.005464858031793206,62.64419937852114
166,0.0047672619934736515,270.95094416639387
167,0.005969606181081219,147.18609035287443
168,0.006288613020589445,188.1263974823818
169,0.0033062440256222724,269.47702974937556
170,0.004849813520244474,75.22443672118212
171,0.004106092276707876,108.27459524645943
172,0.004054893836883682,60.347201966213674
173,0.0036476321309402756,47.13144967236585
174,0.005479857814630092,148.61196657067896
175,0.004313016593328102,357.92178631151813
176,0.00399799591141962,61.054477436280095
177,0.0036474366427392316,194.69482585087792
178,0.005722110564490252,107.18176036759142
179,0.004082128582556778,186.99572747715575
180,0.00424972834595722,103.38143807316706
181,0.004139995504588382,354.67871627959505
182,0.002439659937502664,31.45755959538568
183,0.004119377227136676,76.75475501589236
184,0.004510700141439044,106.87202114584505
185,0.002461980488498319,102.02894947275367
186,0.0040423765873715,146.82252566817567
187,0.0018516021689058769,45.256259684692616
188,0.004133406592431334,270.25672996371395
189,0.004148553750280005,193.25087877489588
190,0.00509492980250045,31.111683389921733
191,0.0037654929640257555,147.4907362177353
192,0.0056525340129657455,31.0709258471222
193,0.004471322746212536,105.5963568586734
194,0.004145590322560571,145.4315764824606
195,0.005133045014107748,48.07851322117683
196,0.004778815527651645,184.36952175525784
197,0.004571916852197515,75.2196882885742
198,0.002380488577884911,30.3759819366492
199,0.005387008205896284,106.49806758843039
200,0.005364640108570617,29.095666603819573
201,0.006101118518878089,75.17424320827615
202,0.005790333654623772,104.28332738899384
203,0.006190589164435625,78.48000425046382
204,0.0033264941363274282,32.14155576207611
205,0.008229459358440413,59.983138337545604
206,0.00552579243958462,33.40856793151467
207,0.005965450112542161,351.59266475880275
208,0.006077125058883462,147.16700692381986
209,0.004677585983383694,352.1832493508507
210,0.004104209740913136,28.881914023310937
211,0.005866955494546623,62.830512981415694
212,0.0038717247552295495,107.17699240180728
213,0.0035802751126154785,274.4947613703727
214,0.003831482151261148,192.6883013880488
215,0.003947659936208036,275.68462672122104
216,0.002161153100857164,59.41083165885353
217,0.002500947439536325,185.9774963293323
218,0.0018763519044362263,49.18991740788145
219,0.005218516588360486,142.42477106599813
220,0.0038597021964680888,105.76372579733075
221,0.00337753673265201,353.1855964599145
222,0.003461814331191048,104.04965689041619
223,0.0019005645056247224,47.78188782217757
224,0.0033893347770642254,105.59914317016306
225,0.0041591007934235116,105.73015422859713
226,0.0026171342448254686,50.52212688581875
227,0.00650836361756564,107.2790213837701
228,0.004828124642451506,44.47086617300732
229,0.004197595176527639,147.15078619752217
230,0.005890515361324221,145.71409562101266
231,0.004102424311355587,357.282978007739
232,0.0057274659012071395,58.60981712445743
233,0.004085576962225646,272.8338701713953
234,0.005427991424152719,76.1452915435386
235,0.002889892023509655,191.12739928480917
236,0.0031786773786948554,358.00675814339235
237,0.0019988369070742303,60.73989135756657
238,0.0028455171873563445,362.8309383857216
239,0.0027989066349977626,269.9714786167452
240,0.0018317958300925927,360.10050706257954
241,0.0026768637577664445,45.552473460613356
242,0.0023613345652987706,107.1756794457832
243,0.0021629253604766472,189.36969968174512
244,0.002699960937232544,278.3666263062234
245,0.0020419759561471607,144.43152012324273
246,0.004701682909718649,78.1725083674178
247,0.0031543970867679164,355.39843526521645
248,0.0029647437182306656,146.3372463102036
249,0.003938815086773511,191.62082418712893
250,0.0029129837762442144,143.10435227213821
251,0.0014146303614821095,47.96287193108957
252,0.002619914161400897,356.78804164850015
253,0.00245222590775043,187.50934994269943
254,0.0024760737872379333,356.455788802896
255,0.0021254348810709252,47.11836933479129
256,0.003297606214754662,59.76389825305772
257,0.003464075578095379,144.3049548274849
258,0.003432721276014392,75.80353880531408
259,0.005023940061040445,50.88581160791463
260,0.0042446144352469364,146.97731087884645
261,0.0036057486072938456,189.4792396998545
262,0.0032870352451237314,104.59937960809262
263,0.004013697461109464,77.16236776515761
264,0.0038688611209818677,356.47443232510733
265,0.004785539457886226,269.4341072197379
266,0.0038715263819196137,79.04192216562711
267,0.004518684259892325,47.15224475512256
268,0.003107204504032648,193.87077254633823
269,0.003979129911551188,48.38330961341536
270,0.0038926729206510712,105.08450760030972
271,0.002499754825046032,350.0301851821327
272,0.0033395102761239067,74.1635277479088
273,0.00331374544652676,79.60898789471668
274,0.0034411149365603205,150.74064226148036
275,0.0039457812177156135,103.93856569320805
276,0.002987562131238519,48.24224853305654
277,0.004111628398520775,272.24546621693713
278,0.0028373655162063985,192.91627267505532
279,0.0029983294731004795,267.9349254545115
280,0.0035399550000612488,189.5829447716012
281,0.0037287006205636943,145.748505661816
282,0.002987715722596964,185.3519183507265
283,0.0035282989418474117,271.82499461535167
284,0.004907348395951478,30.445311363463656
285,0.002731798615372852,30.417002997828764
286,0.004278127181882058,150.50949979817094
287,0.004459620138975917,188.75970579896173
288,0.0025179210151691223,43.980406093249954
289,0.002990654391459398,29.078367289223575
290,0.0028319832319724254,59.692036268425596
291,0.003898427777747067,144.36595434540695
292,0.004867217419079959,107.56558439466471
293,0.0066239279947860105,48.92515346752745
294,0.003464988771279962,59.61327705209363
295,0.004975396805533111,146.89264001054997
296,0.006233433559917641,273.49481827698906
297,0.005434943204459736,278.67857446638857
298,0.0071244671718008684,33.02121220291246
299,0.004194510932571462,184.0791737142306
300,0.004146662351558916,44.46538322803168
301,0.003833047149417269,184.10015824239113
302,0.004134762421261295,184.09126967422978
303,0.002923816458199078,47.914837054947306
304,0.004699958910681413,47.996254561992814
305,0.004714080141009338,105.04103676647924
306,0.003768517081880418,103.23197568670194
307,0.004034834192334821,359.80474609079715
308,0.004980095540746776,77.69211189106422
309,0.004008845351437197,350.9022653963698
310,0.003384836202493371,31.66700680800607
311,0.003867650617099276,71.13868547217227
312,0.004038516263186075,146.38099854431144
313,0.0032862218361736487,76.95360846910566
314,0.004525931554372015,143.54744938903806
315,0.003761833861925382,187.9429243708483
316,0.0037824736750032392,185.5550358169764
317,0.003668836130649701,74.9447770790049
318,0.004687771364353046,107.22740200747087
319,0.0022047356290965004,47.32671395552716
320,0.00501259550730118,104.56565841546104
321,0.004155624325340142,275.33532875054715
322,0.003637497511128027,64.49935340837699
323,0.003519042170625756,189.04316746576933
324,0.0032303698054407426,271.26439237396426
325,0.0040683657895940065,151.9966341917156
326,0.0027727825074798976,191.68462410155226
327,0.003283636833460863,73.84289002707129
328,0.0028590578063223903,274.8902054678909
329,0.004305484158878805,148.38884923666646
330,0.0034686934376299237,60.40957178843461
331,0.003246959109674208,75.81166294952163
332,0.004104680131742991,60.75260307781079
333,0.005125838106488862,46.9878556069687
334,0.004343978544796809,63.89251834459342
335,0.004339467083694435,265.8490447890553
336,0.0030340574669715918,29.626160450567838
337,0.005281080746874405,181.3270817279999
338,0.0037867647132205436,78.27654886745825
339,0.006275218300949994,48.18667097842177
340,0.004475073948678737,73.69829310138513
341,0.006202657843227795,146.13104976097821
342,0.006336922626853605,58.16590178588674
343,0.004397108679170089,145.01371907338742
344,0.004477216698561138,273.42471654998576
345,0.0038361602730193982,276.6176858522724
346,0.004668550287507816,272.00530456174255
347,0.0035614877011078496,268.23950301575326
348,0.0038692548588931622,45.769738986736456
349,0.0025161035334062484,354.546778550845
350,0.003567949937483906,30.505082546412027
351,0.001961446089359963,266.925326135619
352,0.0028128745624681787,44.81671851775052
353,0.0032073746683444126,274.12918750051796
354,0.002110866502083934,30.666623746482664
355,0.00303168689785994,147.14937905859523
356,0.0036400527893125103,77.08819945832019
357,0.004985177282750638,47.18401387696225
358,0.004016583858736846,191.39803133713542
359,0.0033964061159198976,29.80998635164098
360,0.004560655669383078,110.38469842559844
361,0.003339857140665779,43.982549078321846
362,0.003823903174575961,358.65298415703023
363,0.0040588380153198595,31.21194210698273
364,0.003866113655415565,188.4692183569286
365,0.004101364054240804,267.51354088715664
366,0.005021747043478221,79.40743042152508
367,0.004256279686649997,106.04478531861842
368,0.004154166781888106,59.27272281107518
369,0.00418813106396186,349.3008002802389
370,0.0038044434379918453,62.94873443247915
371,0.004600066798117881,106.23144466243606
372,0.0032112840512866416,353.749449521857
373,0.0035863219594915756,146.89931962800242
374,0.003427725675849124,359.4263065428719
375,0.0019654461567254187,150.34133488892098
376,0.0029892550085343704,59.11830695118338
377,0.0038895586110380257,180.8172131114014
378,0.0040065130921324126,45.93603009436594
379,0.004239041836479226,77.44697958225831
380,0.0035600418032886473,273.25061193722337
381,0.005547867906358787,63.49951758438225
382,0.004896561342530521,105.83897032207832
383,0.0032470758279015428,355.041093648039
384,0.0038355116285801703,141.52218281132386
385,0.0032699946442824933,105.92255097611016
386,0.0034316726234612507,75.11098336487842
387,0.003472013451792253,150.0909358492824
388,0.003483065136950589,77.53876557917282
389,0.003520801811621798,74.1582399696119
390,0.004047081155615653,62.1590729547277
391,0.004346506124420557,47.32721992493389
392,0.002766528550063398,355.1393244131972
393,0.0024676737706562256,274.1153227284785
394,0.004390579960318834,62.802893057761395
395,0.0035771661438184065,356.0054443901206
396,0.0038849542046640686,73.69816499441019
397,0.0031778170450322673,272.1266917365571
398,0.004011247140600038,74.50037366970706
399,0.0035251432802502116,102.52373317558082
400,0.004189917197092311,74.84260243190016
401,0.005541809806428236,48.953738890006804
402,0.0044604369621621615,276.67279420675703
403,0.0030751735011336984,357.9025193248746
404,0.003964783990584334,271.8500087279737
405,0.0028995170197921435,186.71908495005806
406,0.0023714874372221997,190.63912348283182
407,0.002319198706056734,78.054442260327
408,0.003134031542506652,268.7388986106629
409,0.002925569329818245,31.34318990331225
410,0.0035478096854825018,79.82743744005518
411,0.0045742667043791,150.20629097369766
412,0.00534516477157674,47.413225339239936
413,0.003959368085731709,185.91117766208612
414,0.003227119215807761,48.1536148943228
415,0.002386302416777074,44.79130701277066
416,0.004584113390786937,346.89323297329406
417,0.004016217538222027,150.65123109414134
418,0.003862999022373006,57.67366645202425
419,0.005307675933902922,31.81375882661835
420,0.005623265438523297,47.55253383694608
421,0.004776796299595914,106.0826016078009
422,0.003072575340348553,32.83983371333413
423,0.004633446121330893,104.98134989258386
424,0.004967742475485996,358.66965233531994
425,0.002790681117787731,272.9487183701333
426,0.0032212654148018123,45.96523039284534
427,0.0024900173277347254,142.4832805633345
428,0.004524316879724211,105.64874724946924
429,0.0034272657318909364,107.16805829322679
430,0.004111827897549329,104.74707216370722
431,0.003710203732330578,98.7895347191518
432,0.0023214417709115404,149.92797790049232
433,0.0028056543290124235,103.79178543508456
434,0.0025206881939442943,275.8540321800952
435,0.0029226953967304713,59.00128324285676
436,0.003566094637580346,106.28373211791161
437,0.002162446238017624,267.1660068038117
438,0.002346582615176046,106.0673940354679
439,0.003118734247510548,75.18918862961426
440,0.002639915637370326,355.8944412141507
441,0.002659215971060306,188.7658940277964
442,0.002141792485104063,29.856571809073078
443,0.0026916285137774357,31.299798095814285
444,0.0035874111715450204,45.35164794514967
445,0.0021080220824936484,33.62767707605229
446,0.003730359641209156,271.0015199157195
447,0.0032098162152858723,103.53207178328255
448,0.004156615524782235,109.67912837842475
449,0.0050178395233799805,78.94433499682083
450,0.003224255028757837,31.91496577232288
451,0.0031873418788977274,44.88835204167014
452,0.004619940467819106,76.1147361990286
453,0.004822724927447887,358.66187497021724
454,0.004713959231409362,64.90580806220146
455,0.0059743408163666495,77.14002442408064
456,0.003997636266923659,350.8434114918598
457,0.0037335698542047616,145.2289235227014
458,0.0032079171224754176,30.92907654955934
459,0.002855583531898856,269.3928801295386
460,0.002014095392554173,277.7257847337083
461,0.003712739254764086,76.62224195939633
462,0.003664246661826947,150.23273872405207
463,0.0018154650261148148,60.47386053341926
464,0.0029114696522314757,46.28814105275203
465,0.0034075371052246987,354.31138063323885
466,0.002472609123926943,76.71393614696362
467,0.0032729950506274526,349.576096937533
468,0.002420080935700333,101.98864552458566
469,0.003414887611213019,108.63926430969643
470,0.0032831645520269514,353.0764846517461
471,0.0021605230790170274,61.61312900360865
472,0.002508017293311963,188.80432698929437
473,0.001882785028887526,62.62944363942224
474,0.0026039281661391035,273.5279377396021
475,0.0029982655080832933,74.79096731644455
476,0.002805270239073483,59.747145915161376
477,0.0029819755879343266,61.555367600656815
478,0.0031543757687848904,107.47810576264982
479,0.0025419607384127626,149.85249054142656
480,0.0024485002688025576,149.60165287961848
481,0.003125043702836883,186.93091514992923
482,0.0022963615292924105,29.475324399718787
483,0.0012948488081998095,33.19210346829329
484,0.004112504451505838,357.77616996776817
485,0.003015903940696759,192.77975747813718
486,0.002893079178045835,268.8175622971197
487,0.003460589348456967,34.01479094749536
488,0.002597633091842427,350.6983660180062
489,0.0034089110524921406,102.43901889686347
490,0.0022968910492694858,355.2293784245245
491,0.00382625189873719,101.10391220045432
492,0.0030089934562396894,348.5558179299059
493,0.0028733683613889017,105.95788972270054
494,0.002381981649180198,188.55435099790324
495,0.0021525438688625395,356.90499091468223
496,0.0026691231731512323,103.78379486343304
497,0.0024302096891889806,270.5142469382572
498,0.002414454703727307,358.9648320266735
499,0.0027395789941589642,187.63063305873953
500,0.0031414574598306196,191.37999937359533
501,0.0020930835907220537,142.04315345079917
502,0.0034565050088064242,78.50515072374118
503,0.00245343206288599,359.0215910215956
504,0.0030850387801603344,148.9438311061186
505,0.0027210294289192914,148.7352930816346
506,0.0025617950365743195,103.09389588651841
507,0.0014843078017042115,33.060702193376606
508,0.0038559343256811436,77.08932216453603
509,0.0035187630926654017,276.1826657518852
510,0.004018204455125949,102.85377946017638
511,0.002981523482644818,31.198119078110274
512,0.0022415369671291738,31.998534797935513
513,0.002415217022939327,75.033630932059
514,0.0036253757358195833,148.80802731609847
515,0.002668815301988686,101.8394352173975
516,0.006066470466390394,59.00617996804967
517,0.0044783970971156335,107.1090573546176
518,0.0029743153974458878,190.15093217323724
519,0.002686075082125434,188.5767731912008
520,0.0035238487730519822,192.12128700231983
521,0.0044023479639989874,146.65507109235526
522,0.004449664143314955,47.14760423253743
523,0.0026648173415027084,62.264886213783505
524,0.004365513359351264,46.61034104477746
525,0.003893245822872324,100.38279486713627
526,0.0031859723658271832,271.54174158436206
527,0.002441714800971971,185.26338823298155
528,0.0017173333751383274,270.7463712190905
529,0.0019535692210133596,56.14046830594633
530,0.0027538197697471,48.69298810171775
531,0.0026689137354789097,276.06926239748816
532,0.002295634459718615,146.83552351323377
533,0.0036220822712002207,71.76605086194158
534,0.003489724750799159,30.643704174555662
535,0.002813836142598392,187.89701078685763
536,0.004362037905656476,29.94177651267537
537,0.0027420491629031444,47.85064504317499
538,0.003710204030509379,150.11367572059663
539,0.004038930819271802,351.45852665224544
540,0.0037928528143849278,270.3118862652315
541,0.002329812201516411,57.86569493859909
542,0.006204318371601403,30.63334566416448
543,0.0014307877399601396,32.80659517375432
544,0.004190663537096062,188.27997655890348
545,0.005638209680910222,104.55879161294888
546,0.004887299074720273,145.17541199454723
547,0.004037546676301535,146.0888640641699
548,0.0030164854514133856,101.46928004406465
549,0.005175867071997833,187.30265590385824
550,0.005541753577395307,105.5240488895588
551,0.003573195688610493,147.30594719753606
552,0.004428430035274977,189.88875136617557
553,0.00417105775687749,144.29909285137418
554,0.005273167460133772,60.602251438489546
555,0.0035552444676961222,46.873147622514615
556,0.00389617774056784,48.61776741947624
557,0.004490756444386239,269.3002139101743
558,0.004725261205498226,31.683592997265155
559,0.004013592397895241,187.85336668327852
560,0.0033081997696857808,354.19035706358073
561,0.004630355175814239,73.56419839751696
562,0.0032166549813219193,267.33302017456896
563,0.002717343233252648,264.6865589343567
564,0.0036699689155974395,29.938535177491204
565,0.0021578230890382482,71.88540425777227
566,0.002600007644920795,187.06509904809573
567,0.0020423482796800363,145.95318350638607
568,0.0023086188264712223,106.37607931973939
569,0.0025907594540983373,32.083636999870656
570,0.002857840096505636,75.48304283723725
571,0.0023215463062518484,187.76649779399733
572,0.0037801480016382482,187.5497908929094
573,0.001955360443891299,29.92660861546505
574,0.004082535542116782,275.5500518970985
575,0.002965088269725989,78.07850582781299
576,0.0031634695228796106,270.64868083905577
577,0.002761693104607607,76.7237092396449
578,0.0031857267428843533,268.00099956834407
579,0.0027675100014179902,48.28352115583321
580,0.0031259153544650436,146.78775953789673
581,0.0010584857164789795,30.3659867909329
582,0.0034670952741057467,74.15179055421405
583,0.004349663383791113,60.18874033951897
584,0.005120070454132794,75.96220833596544
585,0.0033434771661275814,194.34142544824044
586,0.0028321312929620035,49.99732534493649
587,0.002968614643734703,30.445923020921096
588,0.0033813826744663695,186.212905774244
589,0.0031763831167651363,186.0321111835218
590,0.002808259812678143,189.99641378867443
591,0.00297160291770946,186.1067754950117
592,0.0036712725907654016,149.98781975116907
593,0.0038040531819268806,32.57796408810092
594,0.0040469924226246646,267.6097718729366
595,0.004441361663479116,101.536068543036
596,0.004632149387940775,49.25275658357814
597,0.004590550345194961,182.88141074653362
598,0.003825378425165947,184.08458664425004
599,0.0033387968238241875,61.32971780169692
600,0.0036298559110767036,272.59974922737
601,0.003339346448076153,144.38170364316457
602,0.0029083429670552848,75.64990020647653
603,0.0041545232818759,189.150147093414
604,0.0029221678683265615,102.42377201414942
605,0.002782666642537984,62.19140812731955
606,0.0027087186677175958,351.1093618568052
607,0.0024543567080679797,107.33604954261827
608,0.0020386521569103148,73.37196462116164
609,0.0032035070132248643,72.1016117436445
610,0.0017931273662192136,30.92004704326619
611,0.004255426589299963,188.95396910548328
612,0.0025249767896346354,63.328157193023195
613,0.0037881579944574885,31.55550866946611
614,0.0029207072400988018,48.188259205846165
615,0.006864085538334871,31.105871095167302
616,0.004445106389727604,31.93808171854884
617,0.006954506791688883,47.38511183835128
618,0.004487106227432689,348.63171508149617
619,0.00463050845157063,61.86947625893252
620,0.004306428095474011,272.20501224473696
621,0.002290544112673326,44.40418764688564
622,0.0034068099449886457,31.38992902270442
623,0.005776861140475376,191.91533147693428
624,0.005315652496988307,30.49243762544332
625,0.006240747618204086,102.49060018629619
626,0.006070358215257036,59.368442402622826
627,0.0041923788472540205,185.65991284169885
628,0.0031307027122084935,268.79753992263915
629,0.0036896538392392035,62.698689421187986
630,0.0051739056672721,49.67074151030383
631,0.005607907822085685,146.16629277788445
632,0.003515449300581307,102.28941828106119
633,0.002555461006522819,104.38287293542984
634,0.0037850687805819853,46.39980949697631
635,0.004324444557651815,78.03605964235145
636,0.005285872186443342,64.08855605197935
637,0.004645295960058734,45.52559017317042
638,0.0037232413136245248,103.21446986215398
639,0.0037151287470646587,185.9913524769256
640,0.003003646019434117,46.484728535505404
641,0.003361697397407182,76.99065949880612
642,0.004209378984103983,147.37224857323636
643,0.0031533568177441007,47.244958482343144
644,0.004034362519236091,146.05795687237202
645,0.0032691207898867523,63.78516266209505
646,0.005023662335460499,264.8195047448517
647,0.005095676687811978,49.36378498719807
648,0.004034983066518888,148.18073103485125
649,0.004386648725296647,78.57522249818184
650,0.003587598211773914,264.077390905278
651,0.003835287602453615,187.85400113198938
652,0.005219723236363139,106.1146258517468
653,0.003071807006174088,348.8383444718047
654,0.0026365717423716055,353.46117416512095
655,0.0020183776081415692,265.8526959244767
656,0.002080614077955725,266.73664690559883
657,0.0018320365970028209,353.726933314134
658,0.0013255708062527031,59.70643078708197
659,0.001986483514304961,48.5924289684066
660,0.004567054456996489,107.39512141545315
661,0.0018958243675693996,46.92676558652445
662,0.004655080041316225,33.04541094664941
663,0.002237185003237259,49.66984730768094
664,0.003934702328165415,31.887038375553942
665,0.003333758237739162,364.68517606536193
666,0.004112639764972007,61.353822745790914
667,0.003695549483112905,269.9729404559629
668,0.004150487697118548,104.5418818669773
669,0.004021660943635652,104.29019956813235
670,0.0046702688435867785,49.69372309883332
671,0.0034129407480927537,354.7135540012519
672,0.0028800383358454406,72.1887828716495
673,0.004038847912935043,43.56901052099964
674,0.003927521560765567,150.33532705095817
675,0.0024106380465512963,59.82016097934314
676,0.003825627151237182,347.9048009488019
677,0.003989779823570362,270.85774665300585
678,0.002182309119915465,351.21646600947116
679,0.0020802884111598007,348.3098735343514
680,0.002467445076701514,185.25668202074485
681,0.0022559929450636216,351.81745725833673
682,0.0012955850256380823,105.17885039572924
683,0.002499134917721215,271.28412633349103
684,0.0012021104451158517,31.443831892192886
685,0.0026010235228918297,100.73777658132423
686,0.0075733221747213975,30.006242766689862
687,0.002298625472069901,147.32238549418676
688,0.002691980549395969,109.22474080514854
689,0.003390344034452243,188.68490067747425
690,0.0028601565240908952,347.04432037317764
691,0.0029017559103822256,182.1791993634717
692,0.003372826303596164,48.06462972723786
693,0.004875465048039709,73.57004495716006
694,0.003327004259939638,191.16453995385612
695,0.003408972747943276,75.22124945843898
696,0.002617356597331435,353.19949773208464
697,0.002097656496638611,194.21270281945564
698,0.0018094283917399969,103.37840475685616
699,0.0015035979322808822,355.2049124856013
700,0.0020740116229367206,357.69978747906805
701,0.0015029703098209824,351.6646614535606
702,0.0020810281229947016,105.26686811462113
703,0.0018325589651893195,79.30239793447227
704,0.003196865086382869,42.69639760357512
705,0.002301529589305846,354.60227832361113
706,0.0019898351140393454,76.31412358550703
707,0.0023805800962112367,355.1479188223898
708,0.0029964801368189136,149.5558842889495
709,0.003195596419160567,186.257469486185
710,0.0036366335996968575,34.62743259171544
711,0.0036456641132837165,267.2901605172312
712,0.003982961389832279,27.420626422399586
713,0.0035052593126885232,147.44182671012894
714,0.002670366071547057,268.3438897691947
715,0.0028301353043530143,341.51231201466254
716,0.0025480864278506488,46.6348733703811
717,0.002316133625587919,267.03168768262304
718,0.0042223816748572,30.355341551333318
719,0.0029245948927510597,148.991587238335
720,0.0025008003183142084,267.32924512468094
721,0.0025953611424287177,78.14147200479393
722,0.0026852277118946818,45.60626896301812
723,0.00246382184033237,346.58816547869714
724,0.0028299615265446796,78.7816065184388
725,0.0029974244822307994,61.807823165147106
726,0.0028512590137657933,272.51293528497376
727,0.0036395899558781296,187.48897075492565
728,0.002394732791694528,105.17989784851933
729,0.0030633709549455,105.55930478604185
730,0.002322842164249063,345.3083029991897
731,0.003351246879410118,78.32149430405455
732,0.002780887112155682,351.11255734398065
733,0.0022273742159318348,150.4306155992286
734,0.0020600358787057553,49.690857794492544
735,0.002547490888094582,188.69076110294512
736,0.003165074991950344,74.69817167664303
737,0.002206750631680857,76.80330868993708
738,0.0024916283567943107,192.7585567056252
739,0.0023473807272164347,191.16778628181908
740,0.0021126105254482422,100.86919481736788
741,0.0030315081310240107,145.4714085711404
742,0.0032787158557177564,269.17341562605753
743,0.003344026836240334,190.1733618534449
744,0.003736807528233559,145.73705810851473
745,0.0038782044570821613,49.40075762629158
746,0.0032004672331608806,355.7468185138212
747,0.0021403765939008368,61.350654532435925
748,0.004545029320119333,76.1191817363361
749,0.0023267081431156762,346.8912985984924
750,0.0015555335776298307,30.531801093775044
751,0.002216361901690144,187.36350849332356
752,0.0030347950141634147,341.67740362614813
753,0.0017506245519294476,355.97592594076553
754,0.003942578466476648,31.12784614977237
755,0.002583937969690633,269.36851967377845
756,0.0021812430511011145,140.2977228935559
757,0.003560448288309007,48.22320195547779
758,0.0037453882030470003,151.08887540678532
759,0.003788254831201462,104.51601211539756
760,0.0028081719542338546,58.64057369450079
761,0.0029520251167972724,77.36385039470699
762,0.0029418627212654544,271.7230817522806
763,0.003757016289237584,273.74733990269885
764,0.0041645348384667285,33.424612385402405
765,0.003947569327665714,60.6148460738071
766,0.0034082382464962584,264.82801060838176
767,0.003669952022575073,145.6225094476283
768,0.004663624382653954,104.17509050292375
769,0.0041875212730071954,107.08547891690017
770,0.0033201379716243733,76.25483492403134
771,0.004046296970340631,76.40098903788942
772,0.003970075988215451,266.20827497416315
773,0.0031403293654735675,107.15780408370013
774,0.003982103502592607,74.97498607588155
775,0.0036012673496686343,192.5023135147335
776,0.004242582195980378,30.13366147402037
777,0.003308204075899123,267.24051641747434
778,0.0032062252771324984,150.2145942486278
779,0.0032267249701066064,353.57019895341426
780,0.002000290935659275,106.45793811458257
781,0.0022333575404693625,49.474429100318794
782,0.001973942429189761,46.213522781930564
783,0.0034156466496245807,46.80744537773727
784,0.003209811853325571,145.2099884759806
785,0.0040249398797851214,107.20532778678015
786,0.0020190387651259157,62.233811233293636
787,0.0034487924434730443,104.1968877309864
788,0.0030044651171241854,62.32774702689171
789,0.004194510920735245,46.71085812627135
790,0.004187170461277831,32.90029121757406
791,0.003937435854892941,106.72281036582238
792,0.003929063672269773,151.7897297729291
793,0.0025645414535885977,147.81278279699188
794,0.0015913620736682788,29.98009793215978
795,0.0037229957712774306,190.76265281169074
796,0.003501668508131563,101.50096572109531
797,0.0035207570461772354,104.66679366174533
798,0.0057984902067169134,62.431171634402226
799,0.004995845131568124,47.574005943755786
800,0.0024670191887091308,64.76582228325107
801,0.005501202264335566,103.06589427817048
802,0.0020253749865062403,75.6603193021041
803,0.003668857293880799,47.23653027614946
804,0.0028135913099294366,106.93522375463992
805,0.003392461000568263,275.8210349617151
806,0.0033261681836658633,148.94998266977382
807,0.0030695071211035894,146.98275216157253
808,0.0035204063831108874,44.6321930779051
809,0.0033019778821727487,78.32565568410283
810,0.0023749115546847282,150.73959569074142
811,0.004351263587084069,33.417934098138794
812,0.0024087447115196427,183.23194890961375
813,0.004124040037226976,30.55953414115497
814,0.0036772274646024858,107.1573388559115
815,0.004208775111253309,31.176661212599527
816,0.004042541490148839,190.09654166671012
817,0.00311183719581591,43.370287045299804
818,0.0035394532501340824,350.94114741360113
819,0.00400118603107499,189.37585352028873
820,0.0038056104690979936,61.920777254257025
821,0.0035073657003822424,191.64645429084106
822,0.0033776143010088118,62.79685490920262
823,0.003062328146703473,272.23828751321884
824,0.0027794153099463966,148.59687830139947
825,0.0026328645048705928,189.22329905227934
826,0.0028279409609425227,59.879847112533035
827,0.003142062751961067,59.73285781920057
828,0.0032314204703860184,143.48785330048358
829,0.0028979573970983356,49.32884394526135
830,0.003813917157598413,110.30130949496504
831,0.002617132005017244,354.4233763121314
832,0.003201126554091557,184.76786923215238
833,0.0026912461069483564,61.67625536819641
834,0.0038113163840010037,149.9199035797275
835,0.0030583950284368178,262.6769260463384
836,0.002487536478117269,31.251598819265663
837,0.003083078513141531,45.90545873381053
838,0.0029799083994444587,28.14599048561276
839,0.004161055077713819,61.15105829028944
840,0.003478143259185758,47.705218398991434
841,0.002976934235625441,143.73656251445476
842,0.0036348669600556605,104.12422339665703
843,0.003329779485945685,48.74778052169105
844,0.0024544624836014863,190.10254516690154
845,0.003459815383573353,270.00737501157306
846,0.001956956208576574,78.20904909891152
847,0.0030058945339987986,74.96574685848852
848,0.0032804743262550146,274.3600600050054
849,0.0022499556871096015,267.4300155211232
850,0.0010883589340414017,32.29183386717396
851,0.0021507759336882246,270.90665127938615
852,0.0013946739384882163,269.8404128360927
853,0.0017160307174562308,190.33461204065839
854,0.0033012096158477246,182.11482327598682
855,0.002574766558763705,62.07115639202683
856,0.0031743798142336095,49.25635190562104
857,0.0027655939046707244,79.11007624312758
858,0.003258455088914577,59.034385499968955
859,0.0031915167562426806,103.05255949333383
860,0.003582257380733442,267.62613501292435
861,0.002603090588540939,149.20346934571546
862,0.004210833613874225,59.67379013673505
863,0.004341501721167324,183.62686273201427
864,0.003676667732204959,272.1962574598815
865,0.004165031093770708,184.86177479675638
866,0.0025136347049136915,61.52599593312969
867,0.004047511518519506,60.704004238356546
868,0.0032738212816575043,149.25336924557425
869,0.004192151079471593,48.06355093618171
870,0.003736556361715331,190.91724633628988
871,0.003270242698900719,49.69857697874602
872,0.006306951830013601,104.17075401062368
873,0.003690607253284307,75.85985075526033
874,0.0028084647554388756,189.25810911209385
875,0.0036445709043926426,267.57142253973876
876,0.0032628097334085836,31.14662766111811
877,0.0032290510873466145,59.45392422928818
878,0.005518039841164765,77.05901654699922
879,0.0035403581675485297,192.67082771709025
880,0.0032698961304787016,71.6126884231361
881,0.0052075372151749195,143.84385514897653
882,0.0032774010800620027,33.2169263730833
883,0.003498007441829057,270.2553107550574
884,0.0037324746140134143,72.70013496145478
885,0.0031392533619201473,60.2159391075919
886,0.003823085822440034,146.50439978207777
887,0.003965909698186599,149.7970958097026
888,0.004450847467542752,187.79111449708566
889,0.004442009894664074,144.9452400939337
890,0.0027891621914684288,346.44374228580546
891,0.0023910167231158334,49.30795458256932
892,0.0017256443046288292,33.52075695646396
893,0.0020493350295052847,351.18318112750677
894,0.0033033320571782747,45.31854903795262
895,0.0015694055977816125,61.838114835480944
896,0.0024727612294923717,77.10471548761038
897,0.0025176933303065687,101.4446898560715
898,0.0030807967914720045,105.83994836538753
899,0.002985424233295763,353.3075766627263
900,0.0021062189386565617,64.7944431051821
901,0.003718512321713731,189.88158845835278
902,0.0018494077716052838,31.108142152689677
903,0.00392187533281562,58.55727711416383
904,0.003035458793635474,189.92587092751367
905,0.0033672757198400104,73.71805973781503
906,0.005006160331730209,146.27596395893642
907,0.003996132318906558,106.55099173369808
908,0.006704410307466494,60.35818423415789
909,0.0032366894355828455,102.99247167998476
910,0.004028050828963669,275.70151351244095
911,0.004092854623608714,47.123082609240285
912,0.004874105216200602,71.54243434807718
913,0.0041126301317188745,351.12622408815304
914,0.0028327898061427993,146.1113075666051
915,0.004360929658326534,74.78476517775223
916,0.004033120758261144,151.55075835849334
917,0.0038170431218890704,260.59291674222135
918,0.0028680570261041824,352.0721677870948
919,0.0027024878622156187,268.7787916742294
920,0.0024184911458494385,346.20321453698443
921,0.002031016009243482,150.63730276582515
922,0.0023295506846047784,187.7089128808758
923,0.00228446690441711,257.3941558833911
924,0.0022765856281971616,59.28054870932301
925,0.002358909985804036,149.5813732810824
926,0.0020985280523899757,268.8447467443651
927,0.0024924737097196266,62.957406851404556
928,0.001805467382763635,77.43918996434631
929,0.0029401762610710837,32.38533628054762
930,0.002620079380919332,61.66482553611993
931,0.0029664962270359676,355.2230713586415
932,0.002908139096442768,64.89585410309289
933,0.0032055346633457055,185.63994233438876
934,0.004287350950156955,76.08056912223522
935,0.003940608982420286,33.79156422909564
936,0.0032266248521969267,101.74257095165305
937,0.002781983573103472,47.70026178303711
938,0.004154749213186508,191.12732853560803
939,0.00509951759621882,42.57514833744021
940,0.0059242081834699175,47.45629509416217
941,0.005450489709776751,75.58869430187737
942,0.004979457806467298,105.81709445138816
943,0.005107452408304419,77.96699517292016
944,0.003929655182638761,101.00730003249441
945,0.0034994712694505115,349.90831852671744
946,0.0029617222977312216,349.5593553777754
947,0.004345983199149389,139.22313797133825
948,0.0035031925423307914,147.2148104188842
949,0.0032159128640086164,78.06460551591351
950,0.002891323546495626,32.5766047961159
951,0.004973468587856835,47.326135711589785
952,0.004264256996724851,31.859669873405718
953,0.005391343731543649,61.462979478382
954,0.0034448606185413576,108.51118305059829
955,0.0038153660624642804,274.2717492696948
956,0.0024647405696290566,146.70302788416674
957,0.001703467931127472,44.72437374134231
958,0.0030545128400513806,31.696190525304928
959,0.003187101988945879,355.46927504843194
960,0.0022823994741915598,31.141951990591238
961,0.0029585200717067595,345.90070653276524
962,0.002271226496514618,107.80903907851243
963,0.002619546253017375,31.638612121395322
964,0.003250425128780333,189.25116540860483
965,0.00300259574115361,350.92810382217397
966,0.0022998908251122005,352.9652939181596
967,0.0021923466684293583,75.8480253573005
968,0.0050743221051515455,63.07914220136827
969,0.003550639547816881,184.48092663911316
970,0.004177544558780059,33.49338374289122
971,0.004491625457037225,58.44992800679698
972,0.005562363603405237,31.460761560500135
973,0.0037300424657464104,59.09893305600286
974,0.0027839457212335975,352.7424333086146
975,0.0036812725812835454,152.62989241489024
976,0.0036086860450332482,275.5904424847115
977,0.004571200334888497,30.702784237255955
978,0.003830243552189271,97.8120286122681
979,0.00549110353068994,145.34892887395083
980,0.0030223216786995416,350.9908424237612
981,0.002386334254091915,146.68097487853552
982,0.0025847246821069994,63.1515405592516
983,0.0032096481216705376,107.89718920616134
984,0.002979358877621082,352.84077107704354
985,0.0027051319375587667,262.8513563938685
986,0.0027717407138953677,77.36428089700948
987,0.002861314672263945,270.1900036951757
988,0.004040153760466968,49.952763022657074
989,0.0028884685836940553,58.73476434058092
990,0.0034705548960668265,149.20425397593573
991,0.0051331338258318576,74.71379360251483
992,0.0040747448253499055,100.86486493606432
993,0.003190166501483943,107.8016637951309
994,0.002658130962181915,268.0181006896944
995,0.002127741403621092,47.109597387180116
996,0.002210117200711081,273.3164985407691
997,0.005635416904624435,44.0552979264585
998,0.0046830690675547385,49.57526612880158
999,0.0037384103971823345,147.50142684605203
1000,0.005360289055422951,60.23774405760658
1001,0.0032539296956931884,275.5837632853851
1002,0.0027056015983726927,348.64301139501623
1003,0.0028134723710485253,266.31698894492155
1004,0.0049870180295768255,29.955310400469315
1005,0.0024839598998291365,352.43288804726836
1006,0.0022791946976212785,147.25473687285378
1007,0.002090209294750257,274.1000646256004
1008,0.0014010406350656733,31.332532341038675
1009,0.0030616052835367473,351.74761833095823
1010,0.002335761723211387,349.87089667551066
1011,0.005578525894038492,32.27065201408626
1012,0.002742169486912014,101.90299409091674
1013,0.0035775483180660265,63.74390566862232
1014,0.0028318742412501217,105.08454045265279
1015,0.002924218753755157,354.62116952424583
1016,0.0017765077090271834,48.93493534051788
1017,0.002277379336440142,47.4421608867487
1018,0.0036518049438215667,58.837279942586015
1019,0.003310549792506488,103.57342465921957
1020,0.003397330068854527,274.27837937628976
1021,0.0032892693923090915,147.30407786585658
1022,0.0028747515489984917,47.84416661281345
1023,0.0028393412675063313,63.996234892794476
1024,0.0012469578435010244,31.429212485399415
1025,0.003176085227840469,44.04530377664219
1026,0.004520801460400725,184.7388678630492
1027,0.0038198878053345656,149.6181290176071
1028,0.0031108268216818212,266.21204925775083
1029,0.003593467903702798,147.34040092965571
1030,0.0035369244523091718,144.55621525338492
1031,0.0028418610431223167,269.7953212124486
1032,0.002709707379459548,30.615149433195345
1033,0.003818853877443896,71.95006942956691
1034,0.003855428123192864,184.81987356844758
1035,0.0041843464426878,73.87327948861824
1036,0.002780654296910211,352.0439254762824
1037,0.001789408464211537,29.156165300503513
1038,0.004124841035730709,77.75551937149011
1039,0.0035591904235001337,149.61694682991453
1040,0.004587861654892384,48.065948454988636
1041,0.002935193520014008,276.40324786378227
1042,0.0039055001206934783,59.59463379054408
1043,0.003094625600982043,357.91873002015814
1044,0.0025413709568888857,272.79789769897184
1045,0.002913472045400926,64.6704766821446
1046,0.002005293647504079,189.03231021851198
1047,0.0033246662753134096,45.93750122843249
1048,0.0014637421037470041,75.38190612106806
1049,0.0021656324320615938,74.6018083714537
1050,0.002634991392948326,48.276931368175596
1051,0.002480404649619371,103.63163386780894
1052,0.0033790428758454826,58.156090271311676
1053,0.003456471209107468,350.69490180175075
1054,0.0032055372590599597,264.885238949329
1055,0.0030588029963977393,106.33767686046562
1056,0.004958207510738295,62.85094451631096
1057,0.004195438367756212,31.429473232058683
1058,0.003791307791596435,267.42280155729617
1059,0.002372199068426019,269.94143368266094
1060,0.0024056688037386808,189.17755224373056
1061,0.0026301252266196186,185.98710937367153
1062,0.002930433746075585,57.673140007054066
1063,0.002538225858601932,352.75511202904494
1064,0.002100947287672939,274.1221574704399
1065,0.0031301503903844187,62.39514986384668
1066,0.0024109018940961647,273.471066002538
1067,0.0031816571807377677,44.06447714926879
1068,0.001783899320108848,31.671676444245712
1069,0.002875309419430457,346.269864365608
1070,0.003261858159021358,74.59365049135806
1071,0.00382645011428641,59.03163178842023
1072,0.0012674975712735463,33.32937343421821
1073,0.003993895306284058,31.124819471153405
1074,0.003258247627451693,190.16499628936597
1075,0.0037891239071072536,188.2242937892168
1076,0.002951709888293408,350.3014075795199
1077,0.0036823689983395903,143.12548990203425
1078,0.0033006517598452674,72.24117081979932
1079,0.0024542278132967427,29.675658176162152
1080,0.0039719498324405685,186.90086893389838
1081,0.004378122490040477,61.68082115647629
1082,0.004074736351360983,145.35959596023258
1083,0.0029829991396003275,50.17290938407656
1084,0.0024031305034891235,186.78059465118352
1085,0.0028877314819918207,31.08232999823884
1086,0.0038300956498303626,31.83479792767459
1087,0.004786173983566126,145.30507581937258
1088,0.0028654832484758586,29.78019455122301
1089,0.0033893371212998626,62.91670439401625
1090,0.004027391436221268,97.48614300760042
1091,0.004318745510595441,60.98203038299175
1092,0.0035196832721505252,44.833938545052746
1093,0.007779208973338196,65.55788973585854
1094,0.007673863124721921,57.80289409442938
1095,0.0044513449497803085,64.76113224195414
1096,0.005373257838842759,101.53416475965436
1097,0.006279563428924538,76.7987661678502
1098,0.005184205704977471,72.01203610642767
1099,0.004493009347529948,147.08996278756774
1100,0.003934382687324819,348.4944126704344
1101,0.004891480928067308,44.84830515441955
1102,0.003776228029037523,146.35735103322597
1103,0.003089558461977125,151.99630106987462
1104,0.002640525657820731,149.2833092311573
1105,0.004109093422268471,188.79263067123614
1106,0.0034300562356538895,78.50610387492547
1107,0.0027037598223172165,72.80538788242986
1108,0.002822388734003598,147.8511302881392
1109,0.002544222798447167,43.3258688909482
1110,0.004303705888000527,104.79546205461985
1111,0.003273438961354934,189.74007615698142
1112,0.0030516069324552186,47.46838324881579
1113,0.0032848021241714364,146.00042946828546
1114,0.002742552192072656,146.7759663624389
1115,0.0018109953631084926,28.869646540609537
1116,0.0028782689311041255,104.71738561431914
1117,0.0031495136728964907,76.27836902055039
1118,0.0038668278543459913,103.91921600789426
1119,0.0033855032809838193,345.3178495740317
1120,0.0035023169670455254,65.75713753400179
1121,0.0036336606135079475,269.39647638576105
1122,0.0034243025139134467,273.8053472996921
1123,0.004046929160189205,32.19701328196085
1124,0.003913790524601494,262.9801116690638
1125,0.0023012502526962926,347.7282441168193
1126,0.0030823411817576785,104.15324534015666
1127,0.002172739174484194,146.76588191835236
1128,0.0026564126174407465,142.99903302595044
1129,0.003648840600362746,45.63803871957887
1130,0.002447924191472796,350.3266510009675
1131,0.003017550701843481,149.28796767865433
1132,0.0031932823818402846,261.37983628842306
1133,0.003100850628151861,190.51171876009641
1134,0.003597696118034083,60.79795172496533
1135,0.0025656887457327373,346.3090272487468
1136,0.0025662043241852384,191.7518214795102
1137,0.004085873981874089,146.31382247507742
1138,0.002240932179998269,32.63361762970193
1139,0.006899553187395213,49.03190712842175
1140,0.003647848714479682,187.2325983651072
1141,0.0026403004794326654,191.19304361965035
1142,0.0029084612341149026,269.09117316505353
1143,0.002769809098591113,31.784979530387115
1144,0.002617272205577363,147.30177191438864
1145,0.0018013261497716567,44.41367362802261
1146,0.0036650819446059847,106.86647247432693
1147,0.003954005736455132,62.02051143946376
1148,0.003527415036549397,65.57256200664999
1149,0.002990986867682526,271.26042407291004
1150,0.003128666159303878,144.5164384693017
1151,0.002982121645677457,78.24088197226841
1152,0.0027284645609949917,277.10795724443517
1153,0.003458065442678209,186.211985256506
1154,0.0020861273761680825,61.49246091067257
1155,0.002456834881087789,266.7961597787053
1156,0.003471645969162077,107.00999835864093
1157,0.0028547711021515584,48.79578537988052
1158,0.0042187397361729,30.657849306193818
1159,0.002418295918623314,276.39590956320825
1160,0.0025850374278723557,44.94081801296326
1161,0.0018929783091780022,30.442185618726263
1162,0.0023869825057247418,352.54798364001556
1163,0.0029142224022692415,63.0096135403764
1164,0.003312209813688045,76.06482324137201
1165,0.00336913094762512,32.22193712466274
1166,0.0032734155453838934,107.95550519514845
1167,0.0033849959027534592,193.36404931102564
1168,0.0038947962622564694,61.6892395622708
1169,0.002960971175175823,101.1779969496784
1170,0.004214837926645907,107.66570949359527
1171,0.0027557028997516435,70.74655778597392
1172,0.003962006433662404,77.42472870229268
1173,0.0036348028030211885,72.2300853280233
1174,0.0022508770821259337,356.068457377086
1175,0.002612074775089228,265.8246430980495
1176,0.0023512661869431583,76.28924926232088
1177,0.0020042738393085623,184.07454499574573
1178,0.002717208167128914,102.64744351197984
1179,0.0022354603398783567,349.98307181949764
1180,0.0017124853894544638,63.76879070119722
1181,0.0020556102602331643,147.17689694319674
1182,0.0010103093673337596,31.218148649663938
1183,0.0020650793549406746,342.5391585549855
1184,0.002940971730494471,190.55912968772856
1185,0.002099940073587616,63.663075173686074
1186,0.003491925524073831,150.6003922997479
1187,0.0032699514974690548,106.83077549469103
1188,0.0031777157627371267,31.13451123089193
1189,0.0021439821161791392,30.843129260036
1190,0.0047487347805270416,32.08907435492039
1191,0.0027958115676702962,28.38320076274819
1192,0.00374838598984822,104.44072811904066
1193,0.0028506894728016633,346.6391530359492
1194,0.0027122112208250566,271.0337284162563
1195,0.002681474661280326,149.99470246021772
1196,0.002544055857903468,147.18990024873037
1197,0.0027090097869428733,360.7379342323621
1198,0.003293114293824303,28.16367227177358
1199,0.00287490996325269,76.6265249912724
1200,0.0034445181808664105,191.031444472333
1201,0.00252992053931332,76.80373366227441
1202,0.00324325081470006,185.71650252936948
1203,0.00282391615252619,185.94453948056807
1204,0.003057249028605623,189.20029112852748
1205,0.0037699245036942417,188.11506376726425
1206,0.002399561279210935,354.9551130359992
1207,0.002157210150225013,62.49563878154868
1208,0.002497807528486411,31.31424520135594
1209,0.002847429223357281,185.53514235199145
1210,0.0019643189989088008,106.56867559300248
1211,0.0031601530722951254,75.96867893271013
1212,0.0022235006660647583,347.21079174424455
1213,0.002024980001211728,107.25422346045475
1214,0.0022900247058339693,182.0232757054128
1215,0.0020244801606907965,58.566061943311105
1216,0.003647189721680031,103.78861319819734
1217,0.004031184545469428,44.824276539673356
1218,0.0036495716503150808,103.44179702477821
1219,0.0028463661247173904,30.815776125570537
1220,0.0037923719592563923,74.79417040740655
1221,0.0027833272540411943,30.512004016339432
1222,0.004027092765156826,277.6750841552636
1223,0.004028815272465443,59.006233707204046
1224,0.004979137179444396,47.69978251420007
1225,0.003605695462406525,71.28796206952464
1226,0.00595942136062839,30.403378510872244
1227,0.006731577782350517,74.86412920325336
1228,0.005420023834980943,102.627074425252
1229,0.004959795805281841,147.00846528569704
1230,0.0058612132868967656,48.5022636419911
1231,0.004403017576888405,47.82494319232775
1232,0.007059038673419152,32.39434411712266
1233,0.004816680941485815,270.15227737663685
1234,0.006031217816388772,97.49395808455849
1235,0.005447543351362005,48.64119697932391
1236,0.0037077009446145766,344.72628360795215
1237,0.002913253386866237,31.742611031642273
1238,0.006192054404350897,77.43057820935921
1239,0.0028221520234100435,47.02114097710788
1240,0.0048914851682079295,105.51466542074145
1241,0.0035109160455871974,151.26082139875678
1242,0.0034913194731843577,148.30906567239887
1243,0.003909186781409237,101.53607505790751
1244,0.0029270194450377444,43.22690889181552
1245,0.003546052429678762,72.42840588057327
1246,0.003958299870498957,76.41044554325704
1247,0.0041366022291938484,29.946215191698826
1248,0.003480346195415636,49.26867491723342
1249,0.0038839016124256887,100.80288900401828
1250,0.0030577326232156974,190.26233940251132
1251,0.002758710208556141,277.79393996614647
1252,0.0026105511110253573,356.3927631632291
1253,0.004188407730557979,103.25945444224544
1254,0.0026192851573058934,79.26583018800228
1255,0.002168640918997963,48.39901929169802
1256,0.0031629729151477063,46.14061818657893
1257,0.003231113069887215,43.51865915940848
1258,0.002684682243601981,30.54605136143792
1259,0.00372348559694266,59.75645386828672
1260,0.0041525569775496315,47.86866503450762
1261,0.0035443506776878684,145.1075449620497
1262,0.0032977602089194476,270.9335701225219
1263,0.0029840093983204076,106.02131652364972
1264,0.002851579197666332,356.65558091833793
1265,0.00633355271830541,42.92783122334821
1266,0.003609897968051652,266.0607932823039
1267,0.00372877544263296,73.38322802779226
1268,0.004066912009362787,147.55501166769045
1269,0.0033128588773671743,105.41536597654914
1270,0.0045457116426110295,69.53394318951659
1271,0.0035097304002688775,50.16195555557733
1272,0.004896820076365574,48.73410636811296
1273,0.0053372790534678225,147.01875335941136
1274,0.004524295741371256,71.03116953118995
1275,0.0035970781265110847,350.88777899818353
1276,0.0030343838974230867,352.055037314151
1277,0.001901758843802397,147.6521654044613
1278,0.0027104753072785957,59.577911241059276
1279,0.002522278695733534,269.92327759880783
1280,0.0015513789643494071,142.5824243189072
1281,0.0018404401428572757,73.53963521874213
1282,0.0016796746736376504,354.17966619709597
1283,0.002923558125241305,47.460024368761935
1284,0.001999448280753771,148.42856015608544
1285,0.003357289278798047,102.25197409276107
1286,0.0023065639742609082,45.11122021417491
1287,0.002949088779962723,147.918158637085
1288,0.0035099352240625333,143.27247988894413
1289,0.0033520557276652896,267.7891486264103
1290,0.0023205959872123864,32.59996081022815
1291,0.002605867066955534,354.74150342292864
1292,0.0019439516269165924,190.12211320718706
1293,0.0052496682785038665,48.92287724958031
1294,0.0024306275772559417,269.67500726877154
1295,0.0017432882493173157,30.415082753267487
1296,0.003561493709447616,261.7173107835736
1297,0.0023661715653568705,145.3144980353873
1298,0.002498496257143863,345.44546321090775
1299,0.002766398399247516,144.6579390501597
1300,0.002538541921802386,184.69691471090096
1301,0.002074849858465975,46.597984818176585
1302,0.004526110513262242,26.94734625820263
1303,0.0029788977008138318,188.8867313081164
1304,0.00362257058509,59.908747938240104
1305,0.003770051753530719,77.92323123820132
1306,0.0016534358146600425,29.808221542193298
1307,0.0028600590273943115,65.04396427744476
1308,0.0029928102113614334,60.96778058723514
1309,0.0027281346892137457,274.6749475382379
1310,0.002784745432920219,78.1770103723397
1311,0.0024676867383690974,46.36653821486728
1312,0.00348135596180128,353.9021043848628
1313,0.002157222558111996,28.47497331344251
1314,0.0038973246985485525,44.72724158703517
1315,0.0025201565089258203,31.088153192155765
1316,0.003722246810302122,33.09500299120384
1317,0.0038698621771966917,274.2128852048846
1318,0.0032870878438354175,43.77168731087515
1319,0.003992214672590225,43.68376206730903
1320,0.004122608952317163,105.49435892283573
1321,0.0034503743921007316,144.03136224049115
1322,0.003333069042665196,146.33036310053993
1323,0.0024558102058712785,150.9506749737548
1324,0.003446320963121252,278.0803246636305
1325,0.002923057265532505,72.38418424766739
1326,0.00606098974671552,30.627578976151767
1327,0.004082633429299256,106.72520960801795
1328,0.004553317636898349,47.11555609970285
1329,0.003446179283645716,100.04881881719655
1330,0.0033328365467644246,146.5761937458456
1331,0.004333984201390964,146.93854579440892
1332,0.005173882246238244,31.92434139998391
1333,0.005707984633871191,79.84984707609775
1334,0.004019549754826285,190.84315082228494
1335,0.004014125768243013,99.06554835219639
1336,0.0034597986797699587,345.9850630842872
1337,0.003213023761270813,76.3778447184201
1338,0.005201528861946896,101.31891641558383
1339,0.004535429862946991,45.062244839986434
1340,0.004616995147381234,30.875076834729025
1341,0.0031231261464970393,63.27230120654607
1342,0.004113856740447555,276.1809046250729
1343,0.0036869585433886576,147.92924388613181
1344,0.002554073414915409,353.1758469550681
1345,0.002751030575871902,95.66166346477976
1346,0.0036432529739333685,105.46860974363176
1347,0.003575099410782213,60.02031566070777
1348,0.003433644228638953,30.261544459496335
1349,0.004736368825783406,102.52890255350594
1350,0.0047817245309769284,150.75052650858456
1351,0.003976087955623408,187.42463494393178
1352,0.003023403702163073,348.58944900150243
1353,0.002728679940612982,266.8844753908064
1354,0.0028092340980947483,74.16132424460224
1355,0.0027424181624949814,271.26912347058334
1356,0.0020943327711477455,185.97000597642412
1357,0.002416225545277863,147.49314183649653
1358,0.0022857881215034943,269.64951864306823
1359,0.002562158972233936,47.11578377692373
1360,0.0027433764138696526,144.660710586534
1361,0.0026944757919117497,350.13557569358875
1362,0.0019543964280259347,351.24596676600646
1363,0.002075080027295862,347.27809291803567
1364,0.0026044847499261696,44.85116384168562
1365,0.001973354111502796,272.53707467135905
1366,0.0022933286786376147,193.17267055988992
1367,0.002352577838472506,74.76117606553711
1368,0.002655277589911033,351.32801186272326
1369,0.0031236360589034103,146.12769024080526
1370,0.002589315738516924,30.729973066802042
1371,0.0012071548620136536,31.422173778887977
1372,0.00447045050817991,144.7047475282171
1373,0.003948737333200665,267.0503139196117
1374,0.005179015715032985,185.04688693625974
1375,0.0032990064723697953,271.88101885397555
1376,0.0029349017316327814,355.8429922945389
1377,0.002308336235292815,275.0338896090007
1378,0.002029358543809458,271.29192398797767
1379,0.002495142095822616,31.268333274610633
1380,0.002661427565293243,147.4337251519251
1381,0.001970458824395346,149.36849635866906
1382,0.002707979819163502,152.1514323329065
1383,0.002531041507413861,145.77740464198718
1384,0.0027693771120744126,264.540053637895
1385,0.0028580356899758704,46.00265222282565
1386,0.003212952423316742,187.52536178285456
1387,0.0024231407550004973,351.51483148392634
1388,0.003142283778253421,102.71754589341023
1389,0.0017376458663266483,62.7001190554987
1390,0.002546308933894827,45.58612718662445
1391,0.002345821563328182,185.7772794273405
1392,0.0023162420480524084,189.41806474687985
1393,0.0032535648139125606,271.3260710821775
1394,0.0022003898198277427,79.09088690082649
1395,0.0018881585535164562,276.6337008538349
1396,0.001966160963253488,351.37216646744423
1397,0.0018458947032551757,145.40660777705426
1398,0.002522121984342944,46.83247002967382
1399,0.0026583219215144008,102.5343338433644
1400,0.0019501644169273558,348.4234776028274
1401,0.0020194896443916314,45.86353536668138
1402,0.001962290381672506,354.3221189175064
1403,0.002852622541374246,188.01148788760014
1404,0.0022937709487502013,275.77212229249494
1405,0.0034605664602416005,48.85820278407343
1406,0.002518856324949056,348.09003991797255
1407,0.0026742065800203696,355.92513183996334
1408,0.0028432035338092163,148.50809930525378
1409,0.002624353811020578,104.35769236380744
1410,0.0030467228279739307,354.321886459873
1411,0.002740280300608552,107.53155559369377
1412,0.0023428392499202323,75.19066871594329
1413,0.002060598443231417,147.6467428013076
1414,0.0019187951791264399,350.5927013176145
1415,0.0033268659425285197,29.471170711447144
1416,0.00236330092478126,99.79330978580353
1417,0.002532065191779701,77.33010648317514
1418,0.001786525758657733,30.409093562822914
1419,0.0029731102894374156,189.1442733328357
1420,0.001766498278623752,32.28235931346274
1421,0.0023206927830456566,45.60708964837512
1422,0.004374641576410236,107.43469386033424
1423,0.004960824926407391,76.53566276852848
1424,0.004379292875945304,106.48641447144621
1425,0.0035324563453371215,181.72203577952655
1426,0.0037544873039095507,274.4523744086245
1427,0.0032124301231538114,142.76998002824436
1428,0.004518056263272041,33.54896365272075
1429,0.0037349044126538753,28.83737919512709
1430,0.003172425733545215,355.0548051554093
1431,0.0031736140623126693,29.278967799515144
1432,0.002162309050911197,153.28781728300476
1433,0.002964453830670742,30.528270444737515
1434,0.005657061875436656,47.38416267807954
1435,0.0029478563525040494,268.7523618580904
1436,0.004537266976616049,181.53332680917137
1437,0.003900403135768505,349.55856120380025
1438,0.004034043440049696,64.53203518151686
1439,0.0021685823897206642,58.29287383456452
1440,0.002271408788090543,193.88504167596133
1441,0.0030435093302946764,346.9083186592946
1442,0.002644735520229565,106.10293107374848
1443,0.003731921889399158,101.79505711739921
1444,0.0033090908651376657,30.222249966292985
1445,0.0031350718267295287,184.06407765657943
1446,0.003152278610493162,187.48608158155602
1447,0.0021920073631918058,47.595352007512005
1448,0.00490390773051626,75.53220799014825
1449,0.004634383853260523,62.25051070200873
1450,0.004904209232056298,105.96476864035635
1451,0.0024882697147268363,356.11317931837584
1452,0.0036467319167224396,44.915477854254924
1453,0.0026317994110039594,59.671573437455514
1454,0.002180094432060773,353.3960443186798
1455,0.0020803258925887248,273.96167193514765
1456,0.0026242140425217922,186.4894672316501
1457,0.0025967254326639748,147.4679714894578
1458,0.002521547753341971,149.7936281339455
1459,0.00282230077376017,63.88247062469432
1460,0.0039453122770847305,29.889955046968215
1461,0.0033829663656872763,29.16643823094495
1462,0.003642837196693249,277.10406682260344
1463,0.0031270701574758666,349.87525091945275
1464,0.0028145324718089272,271.00500709153755
1465,0.002349391531174981,278.60213262978147
1466,0.002272727023217824,271.91577980299394
1467,0.0030654039955711945,100.6252138390369
1468,0.0018078633469981883,45.0936320255023
1469,0.0019216207400796048,354.9686259444357
1470,0.0023569104584815,45.98171545209907
1471,0.003235626612667357,106.27892561671563
1472,0.0019466236472062903,274.31621961122283
1473,0.002161896881486812,186.69704263973756
1474,0.002341495809675977,147.04554242044497
1475,0.0018915242695753084,188.84642259729472
1476,0.0017255023378445595,147.74663329288148
1477,0.002266215343140708,30.423266672333444
1478,0.0017709615364357636,30.316623506862356
1479,0.003283679613684693,272.76925178418304
1480,0.0018298587052288048,32.752169021533874
1481,0.0040086183625217845,44.700986451312374
1482,0.0032412876798309084,351.82594096742264
1483,0.002715332761501235,30.070392146158383
1484,0.0033869363818420256,61.65560078903902
1485,0.0020980454167423383,31.79138640531687
1486,0.0038941861715681048,44.0239223658087
1487,0.0025246882529196177,77.09755696191704
1488,0.003442271825221534,353.0345853208556
1489,0.0038693184358745206,149.03588442113679
1490,0.003347121952174348,190.3148847758328
1491,0.004519574078916445,48.66586460594724
1492,0.0030098659437187737,354.9063985714978
1493,0.0029016547584681325,46.337451667720465
1494,0.00358423025898866,102.54881408351733
1495,0.002473356887011588,48.082699637389794
1496,0.0036607108709647254,31.831252435275477
1497,0.004345823625142756,74.01947187167671
1498,0.004154622709183269,106.33362629672202
1499,0.005224817627157759,29.173206383497075
1500,0.002876486603295042,265.7801379859402
1501,0.005510583647595591,43.661694844776484
1502,0.003342863465618815,192.0870976777647
1503,0.003156216346224668,266.7570376046386
1504,0.0023723108660318837,271.90800408327385
1505,0.0029307458889705827,144.61035690796052
1506,0.0019902439100462155,193.00020200304218
1507,0.0018997118358688918,100.55181594118513
1508,0.002650084621961123,264.5324883756401
1509,0.0015454964051404487,32.52557071761345
1510,0.0015922400423071601,45.32439236930992
1511,0.003285350374080479,269.94291105547705
1512,0.00249732203118909,348.93841483585214
1513,0.0032338402166855163,107.16398279781158
1514,0.0020089466165653406,193.89472668864028
1515,0.001888574931995365,28.460938486817273
1516,0.0027254053016648756,349.89244707449467
1517,0.0032316148424167924,105.07888703886788
1518,0.003955624032110888,142.8024213391816
1519,0.002855095809818394,268.42748185698764
1520,0.002843427839744018,77.07898147156381
1521,0.003087145602744945,349.8542710564301
1522,0.0033981642948768646,28.96730079901745
1523,0.002172378749905461,46.945167088912164
1524,0.005000464532713522,50.452726731255446
1525,0.0038547406412857183,149.14246828577743
1526,0.0027704067435453754,267.3974966604027
1527,0.003530811418574464,30.413628583271816
1528,0.005029524222147695,73.96108467264835
1529,0.0016362853124958527,29.659298895253198
1530,0.0030968127114885677,358.20625835612657
1531,0.003024237460765658,270.5302276283656
1532,0.003577173018339426,109.45406124007594
1533,0.0025738805042490958,192.1409825389499
1534,0.002539414179753638,80.25822282616869
1535,0.0029404079070501988,190.97735119252363
1536,0.003529958453824649,193.14552858911526
1537,0.002295441421853125,185.88159175006587
1538,0.002615407092348874,80.26847866771098
1539,0.0024461000649568733,191.97083751576835
1540,0.002927842960935111,347.6557865416205
1541,0.002348396129546384,147.27467960196262
1542,0.002354467859797446,193.85040048131634
1543,0.0022100424100923626,270.61766057471834
1544,0.002243360645397016,48.806608581677544
1545,0.002119530044011127,75.02191353633948
1546,0.003673374603468548,179.2709388557588
1547,0.0031528697267772673,47.07233136318897
1548,0.003893347068869106,74.35040968415811
1549,0.0036799415809519844,31.564034274099484
1550,0.004247262316218032,31.534489878299187
1551,0.003571285091856162,347.61941198002563
1552,0.003075645067367767,31.170309347346787
1553,0.003302270683162844,142.5740288654997
1554,0.004832643696731379,47.77508393207798
1555,0.004181733215029288,47.2274613927541
1556,0.005878895755227797,57.3615077255857
1557,0.004478762027131997,277.2233345561532
1558,0.00429017914381953,351.05630177778494
1559,0.0025631163553043734,104.56567694121782
1560,0.0037600410637939614,191.77692559295042
1561,0.0031391438124107585,148.67097870058868
1562,0.00225433978100181,56.55347705927949
1563,0.002803046610510633,49.722351573490855
1564,0.0032565242295084984,272.20119999059705
1565,0.004403675740575746,146.0846034136207
1566,0.003582560342674134,183.58322314387738
1567,0.0025031785822278124,59.536766898115516
1568,0.003371673385796169,59.58930997060217
1569,0.0029953639677842148,103.18134477535443
1570,0.004167486101151381,76.3576417100917
1571,0.0027199487103456536,187.87618905998002
1572,0.004855697751653762,44.79761747741561
1573,0.0032901884384885375,105.98127379142844
1574,0.0030355121674863583,63.79677726056967
1575,0.002098628717468618,30.252612656501903
1576,0.003589696087672146,349.0090737223719
1577,0.0025257447897064802,102.4671423495799
1578,0.003228782518062409,59.41187471382773
1579,0.0038615981900236235,74.14060860063951
1580,0.003964918466567958,187.27214065022466
1581,0.0030882253185326764,76.91922033325638
1582,0.0026525801725274627,149.3763070710595
1583,0.0029833941981660195,354.76755614403885
1584,0.0025966623153098308,45.6153101079843
1585,0.0034839900599763496,104.54223792620549
1586,0.005179783876820724,30.579950718744122
1587,0.002785331821157633,194.4950757899621
1588,0.004354095778041282,57.59874658689228
1589,0.004424254265580424,74.79600021810593
1590,0.0038902768716333105,183.95029437338496
1591,0.003949994010668742,144.07152062513882
1592,0.0030475184890353386,189.39938487641072
1593,0.002320016749963851,63.44054197360736
1594,0.002967834347927378,275.11993756484446
1595,0.004065272065698741,150.56672633143816
1596,0.003715132073507861,47.25445040362817
1597,0.004463916192601663,272.9486380893828
1598,0.003530997762199321,77.70620781494507
1599,0.0023751192706682064,45.73509258205156
1600,0.0022261992404498322,30.35215454039556
1601,0.004527097536248964,46.55746207595148
1602,0.003290481690908501,28.822375619123083
1603,0.004082444117646984,265.18273794458077
1604,0.005084228525761162,32.46214702949076
1605,0.003421201256634064,352.11555581868004
1606,0.0037439154509524035,274.3965977169269
1607,0.0030094387545694314,59.955259453239144
1608,0.003987247109859665,351.1348678051434
1609,0.0023472788301352895,269.92150512737817
1610,0.002495121516648606,104.67649276046643
1611,0.0022494880477868227,57.946907481356774
1612,0.001908955721719028,147.88588447927967
1613,0.002312883974272514,147.83267115439483
1614,0.0029339692053577766,28.718496500061303
1615,0.0026427004827539726,29.101771888485406
1616,0.002219009956454763,45.803712090139015
1617,0.003969217159134463,43.05610258019954
1618,0.003455702089972014,76.74295997570104
1619,0.0037906407132700572,104.73424980810725
1620,0.003381191714506324,362.8015208726678
1621,0.004121904448241202,145.79086488839053
1622,0.004254174619828435,44.65508140355759
1623,0.004632595174650935,102.99175038089454
1624,0.003663240840266094,192.15454729864032
1625,0.0029450949418944597,33.64490066144253
1626,0.004061134745856619,29.968068718960488
1627,0.005973622658970759,192.55781694578283
1628,0.005262771665002219,60.8213300242569
1629,0.005115392055113961,106.27017264090372
1630,0.003966498056238029,101.43308345341525
1631,0.004547331376320822,101.59641911025871
1632,0.002555932530330293,44.71379958977584
1633,0.004543338440026463,105.20702704414936
1634,0.006797548983615406,31.326128876065958
1635,0.004310757165889112,31.123991996027232
1636,0.009625662034899318,32.877190734767986
1637,0.004486493790934149,105.17414413045874
1638,0.0035808384874888525,46.439777171298225
1639,0.00481048345423355,98.87388822080096
1640,0.004833878746983435,79.12692952608487
1641,0.005668145719592475,29.61741745705412
1642,0.004912727483595238,101.63248660712227
1643,0.004909523069886288,144.54727615430977
1644,0.0055313849546926855,58.020577481526054
1645,0.005101481604738887,264.36574326843385
1646,0.00630013857936809,104.62392897261772
1647,0.004222487079955913,47.896373179639795
1648,0.006263525460367832,46.97392157779682
1649,0.004314969282693875,46.552713354944764
1650,0.003795376393437558,181.00764975973624
1651,0.005197294881681801,62.18880284610294
1652,0.00306951833706328,45.36715428026573
1653,0.004304895020165556,74.79932123042208
1654,0.004006642661066114,187.12201742359497
1655,0.0038527311818149167,156.1058476306411
1656,0.00345194187551757,104.45838895043454
1657,0.003080238836038665,33.45729393849306
1658,0.0034857532412478206,270.23851908775293
1659,0.0023050336508816343,58.42859763725396
1660,0.0038266654195136984,48.34339345973201
1661,0.006359500085991231,60.90507727843275
1662,0.003918601772009837,189.85750036558315
1663,0.002918200140116182,358.87661505175777
1664,0.003071402798295165,188.06824513221827
1665,0.0026836594497483975,358.5117426598096
1666,0.0015928516019404673,30.471264225564294
1667,0.0033856737190334444,146.97940113138566
1668,0.002964537209863239,353.53665808066603
1669,0.004111533070607624,59.763076919037985
1670,0.002355501619210888,77.16831023492797
1671,0.0022731600905252516,147.2861906913707
1672,0.0025869690070464114,266.5956208510998
1673,0.0035827486128131936,61.11943252407062
1674,0.005037165017032964,61.68112501734328
1675,0.0034500913657633573,196.15995445705664
1676,0.0018658060191789855,145.19056463005387
1677,0.0027987781529439167,355.411224305823
1678,0.002356553779149041,104.55284222701528
1679,0.002990623403234103,272.0206427397511
1680,0.0012618205022344058,60.71686497173958
1681,0.0025354190577813896,348.84063831750575
1682,0.002327932424409879,149.46032452481825
1683,0.0023698665246296357,148.20686484612273
1684,0.004536879703539006,31.757705970447944
1685,0.0031766731752491148,60.943734483726864
1686,0.003999058036350692,58.2637003106904
1687,0.0053432768687048954,77.96887265008198
1688,0.004664521777654459,49.122096679631696
1689,0.003306375704878391,278.79988197954236
1690,0.00271785538911097,356.1456016654012
1691,0.0025560199315048326,146.19085952309302
1692,0.002937828578708561,73.40489696572129
1693,0.004816909297428345,271.37114575971844
1694,0.003193482845745166,107.68994488074122
1695,0.0023316324108796273,100.52063231163876
1696,0.003339725210375596,105.31740705507612
1697,0.0022132026062370806,46.57691710508681
1698,0.0030021943417854013,45.93794562683215
1699,0.002530726564408515,357.14952491641094
1700,0.0029498887247889818,349.2243446597038
1701,0.0015621168409283696,45.60854107091798
1702,0.0015119567906367593,33.22140137132421
1703,0.002740416247141153,59.49145738174581
1704,0.0034409915938690225,104.5036882817496
1705,0.003702771922052279,180.86674685538998
1706,0.0027445970682736156,267.81695435053945
1707,0.002772540491433402,76.80531096016776
1708,0.0017570419479005946,32.40633663628337
1709,0.0027790545585870624,354.63973165359516
1710,0.0017685361933123705,29.661131480913483
1711,0.0046834831153484465,45.674216348666576
1712,0.0033215925560413735,61.50080882177066
1713,0.004133838891106017,190.18042373155006
1714,0.0037992081984570673,48.831418086666574
1715,0.004179103535451842,48.053734177966575
1716,0.0028911691834098184,356.78653934200224
1717,0.004673373998355538,32.49417904383995
1718,0.0033539862417290515,46.12130787859474
1719,0.0031862722584663516,357.66183031234243
1720,0.0037670511545602305,186.85804769377236
1721,0.003291206624040073,46.941129160985646
1722,0.0028239178851134465,356.57827538432144
1723,0.0021512096931031476,76.20026713552888
1724,0.0024065660081914295,61.94291689129734
1725,0.00595479070837208,30.83097583733692
1726,0.003328903187254364,268.999493697564
1727,0.002295761155089576,144.92518705434972
1728,0.0023198440619665766,355.0669045028159
1729,0.002981517306000038,144.84262855160426
1730,0.004131790378381774,148.65689595272235
1731,0.0024957546556589973,146.58701733693343
1732,0.003644209695119423,75.77800633437599
1733,0.002981592859710376,47.593684523046804
1734,0.0026165181619025764,187.30067552510084
1735,0.0035988163175273724,78.21084941105423
1736,0.003605428400444054,192.20730575279882
1737,0.002555933529062738,75.75046760827588
1738,0.0023812969849375445,273.6019791799606
1739,0.002110474930130015,105.90911186901121
1740,0.0025869507729253272,340.31162753749487
1741,0.002987177634584102,64.93893635362566
1742,0.002673769467068708,31.492742721747504
1743,0.0023594234433816025,185.1850383739723
1744,0.0034145984840555734,72.49374634584309
1745,0.003075293026180087,29.75647554381484
1746,0.002184191567517156,349.72096513059773
1747,0.0011730914829968242,45.38802731521852
1748,0.004636345839902457,46.68163997316819
1749,0.004225389871469422,77.66022587111055
1750,0.004786342018071582,149.16501942894902
1751,0.003539370492099281,271.9526307852189
1752,0.0033425027478665857,63.17068959863434
1753,0.0029810700043964317,340.5183313907781
1754,0.00415468377600488,146.08949459684166
1755,0.002441691534096397,141.64875485588598
1756,0.0018643093570228136,51.636517013796244
1757,0.0028189179116783303,48.34934546691573
1758,0.002364253554363948,59.8226157465122
1759,0.0028682409642386574,357.5836974874616
1760,0.0027500736098356694,60.56571920457406
1761,0.003907199233720815,73.35228998446601
1762,0.002724823720237725,187.37669034968562
1763,0.0027960632232162217,105.84426117598986
1764,0.0026747456696762516,63.041219970794266
1765,0.003508953564960393,46.13924209813071
1766,0.0040604415723661524,191.62896331926754
1767,0.002844607756659653,47.94409177997959
1768,0.0035612221870849814,191.60609225905657
1769,0.0030012645459265284,351.6935977744061
1770,0.002752154004630144,277.1680070822969
1771,0.0023641557798672126,80.13458367937201
1772,0.003761518364919673,142.43340418116372
1773,0.003369643609310792,61.96816892980496
1774,0.0038198881117396167,58.059942046906215
1775,0.0037693492327926167,142.9315867026868
1776,0.004288960736713224,46.68670207423192
1777,0.0038063570771720897,47.31962721494564
1778,0.00791577691641829,33.550622524867116
1779,0.004494357222638521,184.51959035031754
1780,0.004832617341750078,103.32108767850694
1781,0.004163884711921592,146.759828385035
1782,0.003921660825013327,269.692831519413
1783,0.004265652344872354,190.45931466959158
1784,0.0020967123456447833,32.374626616955794
1785,0.003607828261516397,353.399127171403
1786,0.0036458690848611207,107.90048715410347
1787,0.0026064030926962996,45.725346525656285
1788,0.0036222672444217517,106.19721331340779
1789,0.0031294284893839484,194.14823053675258
1790,0.0039026311080536764,272.01800325115005
1791,0.0023687460940483764,29.48411936332186
1792,0.002779450533324334,271.3831167670235
1793,0.004009486646798512,75.25618696854411
1794,0.002269075126163001,78.06588901982614
1795,0.006285700795243346,45.41884084010297
1796,0.004012702153861913,79.0651398653098
1797,0.004423603555936167,103.86074532133836
1798,0.004404861322095362,106.80915434457599
1799,0.0038304195967666967,147.33781209428108
1800,0.002495050030808449,76.73881813250007
1801,0.004219599204651755,31.775799407015555
1802,0.003395521148167273,108.24083325795063
1803,0.002298439286030109,47.687825117517555
1804,0.0030371123381813117,106.15763990680824
1805,0.0031025003244039566,361.449739862113
1806,0.003032193615172948,359.2001347198886
1807,0.002973733131768031,269.5903099515368
1808,0.002754164294039306,61.90915076697692
1809,0.001706144534065659,355.88660262054657
1810,0.0019725026656122226,194.13940266796524
1811,0.0017011918163897107,359.95898030307694
1812,0.002150722939502323,143.1721407281916
1813,0.002763675157721395,30.70610067657824
1814,0.0022220823880769285,348.96305025092335
1815,0.0018159267980132733,268.5770105115932
1816,0.002207270007759156,32.60082086681453
1817,0.0017469162695964895,32.19242256388833
1818,0.0018683610836459968,356.81161922415765
1819,0.0018633410971899498,270.87255886391824
1820,0.001812524383779619,61.769427363208955
1821,0.0017377866878416977,190.7414411268171
1822,0.001973164696463164,188.89818510587625
1823,0.0017920076397540223,76.86393800423366
1824,0.003923440873642483,107.3846133751348
1825,0.003063668797875761,79.11433712724153
1826,0.0020089118583696704,45.8204345464023
1827,0.003094968100285,280.08539909276925
1828,0.0035255412903066386,31.598029861294894
1829,0.0036032058805315083,58.160822817243755
1830,0.0036977365474433073,274.24168853029477
1831,0.00389862628881846,43.565125744436976
1832,0.002807360421991714,270.3793380139197
1833,0.004430214057376017,74.17065501663211
1834,0.0036761890210393277,264.8608439904512
1835,0.0027029776908402588,149.1386357029719
1836,0.0031159648950395765,76.90558326777132
1837,0.002572895669210403,72.80696253501365
1838,0.0022754428662326172,63.3807381990673
1839,0.004155035041204994,75.02479079979953
1840,0.0031749789263399593,48.226608387936366
1841,0.00477957717496933,147.04605342431236
1842,0.004079166991959,186.57179434780605
1843,0.003403554150794098,270.0091282257857
1844,0.003098322448610046,106.82178466138953
1845,0.002599471175491205,272.7998342691386
1846,0.0031910025118244657,147.48443385063186
1847,0.007563010053829579,29.74905057872256
1848,0.005491733705576766,32.3265075209529
1849,0.0034673538444321915,188.49069684298237
1850,0.0021553993791309676,192.1028155394658
1851,0.0023406764390775775,58.997404720028776
1852,0.0027273364665578244,80.78845114915347
1853,0.002651906127219853,75.21941891208081
1854,0.007683398632335328,46.47136875733841
1855,0.003298426777488653,186.5919864207569
1856,0.0036245150394362017,49.29267594256258
1857,0.0030283071575302693,45.65639998016834
1858,0.005472556293240744,106.23487147388435
1859,0.006109280184808505,109.4115278510153
1860,0.0044506627381611236,188.14466772997616
1861,0.004427442675401157,59.90519666661498
1862,0.00370251609616817,349.9595028141117
1863,0.004347763678153453,350.02960344493306
1864,0.0025926023194482993,76.44099637043091
1865,0.004148425909906192,49.59764998772724
1866,0.004196588049018243,57.70001984346501
1867,0.0032917182272529356,187.61196123098438
1868,0.0031228355246953315,31.64256795232696
1869,0.0023937269349447047,105.54808810935737
1870,0.003098363095893284,148.20957972045272
1871,0.003508229710860178,77.8817487216483
1872,0.002389392282861376,75.78738684383525
1873,0.003272178209698095,278.33552433089835
1874,0.0038047909498135804,104.09153644271485
1875,0.0037455814368869828,194.30808742360907
1876,0.003088408972060377,72.75250984013694
1877,0.0029270894069988672,273.2107145896394
1878,0.0025344577029640858,187.59800262388026
1879,0.002623856105687476,183.19082765826658
1880,0.0023882680783309605,190.77600307937115
1881,0.002611256020986272,147.49705676038118
1882,0.002740644419880238,187.2916217278366
1883,0.002089907067725861,347.81508737802085
1884,0.003738981615396816,62.38055319418786
1885,0.003549602523674263,186.08862807959264
1886,0.0028801104344404927,144.73803463320584
1887,0.002770260800075605,30.60072275709176
1888,0.002200521103704573,31.64308312931108
1889,0.0033291127839591766,272.3414551101975
1890,0.0022780901640471517,351.27408693485734
1891,0.0030558541360874124,275.1024354818753
1892,0.002687870925867057,348.3704218370557
1893,0.0047475707038896735,103.06452183574442
1894,0.004471594774352932,33.669321101792136
1895,0.0037629539472471005,78.257224268024
1896,0.0038020871329304796,62.641754788998725
1897,0.004068339370204149,187.5233132944728
1898,0.0026828029911358463,361.4801397804111
1899,0.0037428875853195145,31.966903411590366
1900,0.0033116580971619698,359.74764236052755
1901,0.005252105217302663,47.46944772102215
1902,0.0036115809706912636,276.66932664372507
1903,0.0028834376162386677,277.0343988740519
1904,0.003154423173823902,47.5731362064927
1905,0.002105935751644101,150.24944704730484
1906,0.0036653766351341568,63.297066555204786
1907,0.0036543774230280257,270.9003219119806
1908,0.003582796016166083,30.737589936959818
1909,0.0031003217085076498,190.74795838720752
1910,0.002366319812584127,76.90110185788276
1911,0.006176047952267562,64.12017212657955
1912,0.004169043970091937,149.02344793638275
1913,0.004382364768241894,81.54794827972525
1914,0.00405254209532547,30.773313950445182
1915,0.00502603052455956,32.774033787571675
1916,0.0036225617274715433,144.2784239212515
1917,0.0035592841987276214,145.32334209779174
1918,0.0032499721425575815,272.23291083008957
1919,0.0034202228733309623,355.28993670063034
1920,0.0035763578904292304,100.26602568762682
1921,0.003101748497524376,269.9481315784702
1922,0.0036313210369151986,32.40345860344891
1923,0.0021856337053932635,360.8942316504602
1924,0.0020485986778867762,58.18114758317927
1925,0.001208389908857203,74.77997831966212
1926,0.003031591769286024,47.66606450061783
1927,0.0035947762904254624,61.60214446639524
1928,0.00469035139111466,144.5820565298471
1929,0.0018338856361565534,32.343067836336324
1930,0.004760289519088639,49.85344516615153
1931,0.003702442159150311,103.51581282631972
1932,0.003481066670800144,186.3463968239455
1933,0.003741937608455456,350.01802008373824
1934,0.002577058237214012,48.58074548883279
1935,0.003396330441997418,64.8615231302738
1936,0.00412373060309899,107.12513049387634
1937,0.0039356291730091725,273.51237983484526
1938,0.0028959297861669273,186.8831725363959
1939,0.0034836492952701912,73.30674213662847
1940,0.0023007651207818352,76.24923172503776
1941,0.00287966203170023,149.476073517304
1942,0.0026903806141270604,145.95598687065464
1943,0.004078057242842424,29.471085066368584
1944,0.004116541443566058,189.64579852835723
1945,0.004175160075868228,78.18067188951396
1946,0.003825797892143058,61.32139484402854
1947,0.0036737157532225687,150.63184141060458
1948,0.0020411358312650498,104.78091432271094
1949,0.0031491675798061627,146.99759217293231
1950,0.006683869376690288,29.933735845124136
1951,0.0036301987297840343,279.4959319883295
1952,0.0028019176322654667,270.011122342339
1953,0.0023773266540536918,101.86092178621209
1954,0.004227649813696484,80.914671681908
1955,0.003161064872935011,145.7491482596453
1956,0.002344551365870127,105.11443920476141
1957,0.0032119785547282927,47.11549396217588
1958,0.0037685287852428253,59.608990769963114
1959,0.0036421933234077326,61.01748861491802
1960,0.0028778671111988107,350.82775955803527
1961,0.0033735628481686895,75.37766194188515
1962,0.003292917612148605,146.31484012989958
1963,0.0042320335156420755,28.26459234653846
1964,0.0033957607033542067,32.521590987857834
1965,0.0041942437728721416,47.6384427788835
1966,0.0032930936669862574,30.28590594625691
1967,0.004998030403757267,50.0496333091264
1968,0.004242843015060611,269.76850083437495
1969,0.006478847551526565,60.06128101774682
1970,0.004477306754730258,74.41790190718157
1971,0.003980779646720383,269.64418741311863
1972,0.004690244142988672,76.10760386171519
1973,0.0034123169398427165,263.69624913068463
1974,0.003287079502280738,46.234213926723655
1975,0.002771057766143798,146.87827077546422
1976,0.0036147450430119425,59.73047053481052
1977,0.0026219120730270017,359.05368449948736
1978,0.002447317773162054,352.4521575008146
1979,0.002280051579120858,32.29220749074899
1980,0.0019705238706732276,106.96036940891105
1981,0.0024807897833935303,46.02616340910134
1982,0.0029560716288823145,192.61889896188796
1983,0.003415134413001864,75.00840860011614
1984,0.003961140866866461,76.89559567743802
1985,0.002975593917070263,356.38435575923796
1986,0.004011757292126708,61.91916659385847
1987,0.0032850622642556495,31.49953444730331
1988,0.0031715586074377348,62.07699216504132
1989,0.003883241035727621,271.93568169319684
1990,0.0026472487588762306,78.1449492416728
1991,0.003295751876129512,29.59281631939126
1992,0.003958372608038415,190.8785592258675
1993,0.002524234517378235,43.84146407737746
1994,0.0032001733690645478,187.63059039906423
1995,0.002516284499945649,34.28251660131805
1996,0.0038267560491110943,187.25377976292086
1997,0.003513106994350065,46.61907477429368
1998,0.004233279045930148,28.879448443554967
1999,0.003957692640744401,272.42946034516456
2000,0.002743534843363369,347.94889093422677
2001,0.002201711652925105,356.2319566556075
2002,0.002149065745577579,353.0214542727787
2003,0.0018733239784589537,181.85341831278737
2004,0.0026914784079549877,46.068459812881606
2005,0.002524901108950746,30.102745436293024
2006,0.0026212196020284095,104.73579663786559
2007,0.002801358865384983,355.034089277102
2008,0.0036035727494212765,64.29467904396228
2009,0.0030723571781290033,63.12798642072081
2010,0.0030234433159740106,186.71816649257644
2011,0.00443138480687147,59.859363561563754
2012,0.003991263992607831,147.27832277475693
2013,0.0052358187792895085,74.70245407298852
2014,0.0035289221618158896,192.7054460476272
2015,0.004688556702934544,44.96195745538281
2016,0.0030845476583277226,270.7345755640257
2017,0.0030302986322287605,104.70859209649912
2018,0.0038500178256858694,72.3530373365908
2019,0.003485990021722165,148.90235299465672
2020,0.0035122072185163468,192.21579612395462
2021,0.0024147626446408095,60.620722127245386
2022,0.0032822919439268777,190.16805221905682
2023,0.003541769854859307,75.70074344012248
2024,0.00742555885385214,47.674245700367194
2025,0.004819698017784573,107.8379689454964
2026,0.004518514907851148,108.20916003889458
2027,0.0037525843636595294,75.24515465748085
2028,0.00339549859786858,196.37991234541434
2029,0.003412673115566246,48.8590191798098
2030,0.0030875952356366507,30.259390118339212
2031,0.004511994439687034,31.801540779891038
2032,0.004128538068960972,101.38011496073906
2033,0.00426085992361147,140.01162019078117
2034,0.003745195128061444,350.75548353898597
2035,0.004025682680688847,105.10959729771443
2036,0.004214127202807316,30.56416889416349
2037,0.004383487306933437,48.23296696559348
2038,0.004576780106635973,137.93672168913938
2039,0.0038161643278110235,60.65625298975933
2040,0.004594766732596737,275.31255573698894
2041,0.003312717746666749,102.63255902292833
2042,0.0030759220214765836,62.17649901474593
2043,0.0030060475914131346,62.85260224807479
2044,0.004856123219663356,151.99475584477366
2045,0.002982573664551855,262.58499809162845
2046,0.0030758500798907275,61.56161835227666
2047,0.0029120429713988083,48.704977700075105
2048,0.005914380086323945,74.78185451253104
2049,0.0035611083119381536,57.47936605884587
2050,0.003956710850992562,30.806311151390016
2051,0.004017909523999779,193.33536261064918
2052,0.003402357891900465,104.60261631289228
2053,0.0028639957833139964,32.926101835722505
2054,0.003096465744525071,102.99691931991693
2055,0.005295286551083367,62.94581893397434
2056,0.005697681312794576,63.057988151380926
2057,0.004017060397604196,149.03746531588587
2058,0.004435894236674078,102.58675803883642
2059,0.005388232490636606,104.14890631554408
2060,0.0040103735164970225,187.77830496373758
2061,0.00281891431560437,344.7768649258849
2062,0.00276627967058899,276.8554430411719
2063,0.003581602631160861,30.342861500348384
2064,0.003297021651493336,106.98488947088856
2065,0.004877254049743301,31.01057266841434
2066,0.0026239211842552105,144.51833526883428
2067,0.0029579449116706224,76.10511297406909
2068,0.003199603193652493,273.88795143563806
2069,0.003977577002772775,100.27533815077608
2070,0.003761527833532831,31.15543386036319
2071,0.00401184010320779,146.78494915988887
2072,0.0027473463524691367,64.33800278477439
2073,0.0036136014967121663,77.2383814201957
2074,0.004948511191067719,29.650317855012545
2075,0.0038412441730844467,358.8853420265568
2076,0.0034753348313566,57.983140807697936
2077,0.0051361331714704994,79.43910187360144
2078,0.005638055185986089,31.45738982962333
2079,0.0053208627391127675,47.03598230423788
2080,0.003750959842158998,275.5889427802905
2081,0.005297159810092685,102.78674298841277
2082,0.0031582433020033067,63.8496937615145
2083,0.0035820353693006898,151.1450439974427
2084,0.0031561508577995258,351.13279410549734
2085,0.0025401133484942526,106.74415241760083
2086,0.004316380644916798,147.38609530258498
2087,0.0035333315680799314,76.1798699975095
2088,0.0028855926154962726,60.52751036574959
2089,0.003479948990023275,193.31968544949794
2090,0.0024266547542506956,30.346137986929385
2091,0.0035542627664026313,272.3116061621707
2092,0.0026267877077631196,103.66349468071097
2093,0.003939120805212456,49.276768106499595
2094,0.003647388554687997,32.11076675084048
2095,0.003732444664679279,193.9847332938589
2096,0.002648742821045082,44.14661774237139
2097,0.004406615363665543,356.3227182397776
2098,0.0033382625323849194,154.72716366478508
2099,0.0034096315844337746,30.815085857090384
2100,0.0025355667652763522,62.08051624817551
2101,0.0023282407885838845,29.979399377047752
2102,0.006091958335953398,107.7243871502649
2103,0.005234709133836046,60.78346744463743
2104,0.004812300289565676,48.56980815400608
2105,0.004248936693329597,273.73425388890155
2106,0.0034651770108498963,143.8625498144337
2107,0.002921813894372829,145.30510766145346
2108,0.002479416033969619,349.7548009405266
2109,0.003296522150776582,75.88135802626005
2110,0.002693936207089626,48.995833866378696
2111,0.0027916397768780704,267.4617922710675
2112,0.002007101842850559,31.130385168663192
2113,0.0028320486493737854,30.074835051288936
2114,0.003220320641048602,108.20235557585416
2115,0.0025191154884684603,273.69643864729863
2116,0.0020897426007126093,62.78461360189364
2117,0.0032771458727621707,145.86077013280254
2118,0.003236652310510387,186.47422198337713
2119,0.002716474730649762,45.77248361473365
2120,0.0032948626804428977,190.02658893702824
2121,0.004627398780662511,66.29868340373987
2122,0.002430137060326996,79.53166166876004
2123,0.004184906725703482,29.86719526840179
2124,0.005227111725052337,31.30684223855766
2125,0.0039969891328483,61.73907897773406
2126,0.0038376907986939594,76.05543023921142
2127,0.004007894417382714,80.67837956515328
2128,0.004852103180026686,182.1358381037593
2129,0.004213267557063843,103.98788269881436
2130,0.004193484832450684,46.75493932722857
2131,0.0033011925515601566,354.28785640793865
2132,0.005622862841661672,65.7577878944747
2133,0.006041842980807446,74.26740946028264
2134,0.00472291901904351,32.824597528314285
2135,0.0054737113098870934,271.5473651637797
2136,0.0033009299745695112,75.41272597747218
2137,0.0035066434054091674,144.82496611260814
2138,0.004006796143866521,191.0780697202813
2139,0.0028147589633385583,270.1875557723415
2140,0.0024033395385730997,273.04935186555343
2141,0.0024801754329836813,141.79920675940815
2142,0.0026842947559474603,61.74852932906455
2143,0.0020551664136505944,352.9773811766971
2144,0.002066203415066608,73.7596670024637
2145,0.00466168517265363,49.47312859471937
2146,0.0035676412134908802,66.41350088235669
2147,0.003124279864265591,58.129753845853465
2148,0.002572593449797951,60.878586781077836
2149,0.0028149645896952745,144.2222509991951
2150,0.00431593626193025,273.84514046457303
2151,0.0029705758233004335,47.10270855423471
2152,0.0032734142757999993,351.4719095417524
2153,0.0023613788088305667,353.7360880521942
2154,0.002766024675772562,356.18439332400936
2155,0.0023539144825721254,75.723608643952
2156,0.003202184931901915,64.22854690034377
2157,0.0034230459076765407,270.63834044225166
2158,0.0019445951127297228,60.39663632606811
2159,0.003342114838477965,109.6276596320591
2160,0.003691555836258281,152.43712380333977
2161,0.0030791075656005,352.2102869722199
2162,0.0020505913616577632,144.3700674125032
2163,0.0025786543056628116,46.601014412505805
2164,0.005332035317968059,49.0216998228856
2165,0.0037680316435795814,272.5354982131333
2166,0.0028862574272540027,189.94413171166502
2167,0.0026977438080664157,76.38517882981301
2168,0.002409348504934806,77.63901864072061
2169,0.003174520628484791,268.97062022390026
2170,0.003362371329114496,354.7393814074251
2171,0.002810234006402253,73.66223413369624
2172,0.002694891589173396,75.48825315820774
2173,0.0029344300137125454,269.45589977651395
2174,0.0022910382449481403,103.86875201930125
2175,0.0023668173552406106,48.89634292628648
2176,0.0024843318899692005,29.515667208419142
2177,0.0027377991169818083,45.186093925274555
2178,0.0032278751666850996,61.15647303215285
2179,0.002884548335253346,264.0684437213221
2180,0.0035284753676492497,191.86243495212966
2181,0.0031026228706528837,184.71554120835125
2182,0.004404434741305662,107.7485880830337
2183,0.003325645300029809,31.23298752246798
2184,0.00359159248820134,188.20607627457196
2185,0.0036787021410568696,186.29876237806653
2186,0.003038444625650922,355.0911484642188
2187,0.0025220196683824816,350.16391939233176
2188,0.0021470840974214616,186.36066275466908
2189,0.0019436800610657717,46.91758136911309
2190,0.001186139720258242,48.66047618727761
2191,0.0024969803354108985,352.6115674146384
2192,0.0020080471627757965,75.7581381558
2193,0.0026876098193300553,190.08902639230755
2194,0.00585026943049756,44.63567616690366
2195,0.0024490612938771034,356.40703728060623
2196,0.0020139784962392537,357.0303872446416
2197,0.0014074481344707982,146.35162799090637
2198,0.0014978593213031259,353.48569546816935
2199,0.0016471573020058266,358.88075602843264
2200,0.000994670222346692,44.38138942801811
2201,0.0013625340397993568,73.62774878478784
2202,0.002620763954532258,146.71155152322606
2203,0.001317541067609537,49.54139686903016
2204,0.00176045945710061,28.455493730431826
2205,0.0030432456816887462,189.30082812907102
2206,0.0034825042962069886,78.07430041532251
2207,0.0026969665283606194,31.355466364166944
2208,0.0034858907232082344,270.76316903946025
2209,0.0027250878973000938,32.58657912303588
2210,0.002891051045480708,48.726817598067576
2211,0.003097234539922824,76.1541408006045
2212,0.0020967794005597265,59.5198542953659
2213,0.004016727525595343,75.71534080605227
2214,0.003619754249064919,105.1147313918066
2215,0.00442977876249446,74.42558032944848
2216,0.0019144662011802377,47.14813426835631
2217,0.004383977039998575,186.2904344725
2218,0.003402271374590116,271.74682542612504
2219,0.004969363208979534,57.94218077331652
2220,0.0031615118537397045,104.66723587935132
2221,0.004174710872259681,350.3666444037627
2222,0.0038777318239732904,192.9535755228492
2223,0.002071284811445994,32.837855429864895
2224,0.003469285010387185,187.37862260488865
2225,0.0024662747846890287,268.48457061792243
2226,0.00243679566389125,350.29944710994033
2227,0.002915971290349262,48.61409012421188
2228,0.0025660831698602164,352.0356884579686
2229,0.0035887553385691717,65.72656774480329
2230,0.003469173597240658,143.7171394137588
2231,0.001698454771218982,29.91259358789224
2232,0.0028096330349821792,267.62410117897633
2233,0.0030436723336222226,277.784227234055
2234,0.0014401345161703912,48.81922452791038
2235,0.0029524388296842618,276.1954903964618
2236,0.0018143429196603369,147.89990128889056
2237,0.0033241961106045435,152.3844184673061
2238,0.0027516970720241193,102.02076568415875
2239,0.002180469662229191,274.20184362340893
2240,0.002669603637467983,63.02624780919718
2241,0.0033644400704731,61.88322706686491
2242,0.0026066618807356425,271.5290062127977
2243,0.003316018607060519,107.95144788887492
2244,0.003728148879004452,47.33412271395036
2245,0.003149869323287546,273.282516680286
2246,0.0020648167351209655,360.65446715557226
2247,0.002313255899318423,61.41802721556175
2248,0.002584344233717172,275.531404604807
2249,0.0029584938070463997,358.7684762853648
2250,0.002213108704356119,275.6632645849707
2251,0.0024942493709551347,188.98670598726522
2252,0.0023106871323645153,356.13879327537165
2253,0.002590476718331584,145.38479480689645
2254,0.002325390134792167,189.86464238714515
2255,0.00476443901144111,47.1407315582563
2256,0.0026377061070974343,146.64133804212062
2257,0.0019075353830538511,190.2777213750151
2258,0.0023614103866479333,277.0975980416375
2259,0.0023579854994412804,191.91265592232625
2260,0.002545460221686185,153.06374114090005
2261,0.0019956438491381297,78.96059336722642
2262,0.001931986498675542,42.70620793639969
2263,0.0031714503147480914,187.55559577468668
2264,0.002268363605056751,78.06699343718225
2265,0.0031599789283457023,75.49267331378178
2266,0.0022632278786450166,353.19714482096873
2267,0.002846006880606382,363.68333801814117
2268,0.0023166102930851844,48.83173424189829
2269,0.0021963706026775034,264.9653696585372
2270,0.0037457428781820807,62.46300146899637
2271,0.003337147611672822,190.19243124494827
2272,0.0023057441486909395,77.06519350054832
2273,0.0042581997926202445,32.81490797616672
2274,0.002279461930391755,108.38454148220234
2275,0.004582594856450718,76.02794604604716
2276,0.0032749918745280347,279.95601701655687
2277,0.0029386418896842448,275.07862205448004
2278,0.001893286560269929,64.94284229548812
2279,0.004302690269931622,63.34017388395607
2280,0.0058684451398882875,48.5243969175018
2281,0.003739023261868308,61.389724531159594
2282,0.003917148831056635,356.3729964741429
2283,0.002002635341033071,58.15264676111714
2284,0.005150725846259116,30.822740009530598
2285,0.00488172286281337,75.95711119689518
2286,0.003759575721963135,276.9888450570744
2287,0.003289504045017271,275.01755126654587
2288,0.004351728287859095,146.55616289672687
2289,0.0033040149821932626,269.8054368469656
2290,0.0031584118929088817,64.50518544730535
2291,0.0022774487055853983,50.36387265336094
2292,0.003162230930314384,352.87817581043925
2293,0.0018293179524824575,104.44895825810147
2294,0.003962004526140939,30.406493149500488
2295,0.0043735363779605595,29.21044234087892
2296,0.0034703548900956696,63.029311922047285
2297,0.004524204392789845,108.21426980706167
2298,0.0032136636650177716,31.591901587090103
2299,0.004808479355150749,46.24525373446154
2300,0.003753018365763449,30.8326708476621
2301,0.004274484393345819,102.19257491927901
2302,0.004976226019238852,76.36200704282349
2303,0.004248879127617791,62.779629757089566
2304,0.004014751615124204,106.6061548348339
2305,0.004769371659742469,186.84003610355322
2306,0.0035903017716040707,33.340654438049185
2307,0.004093228956503246,186.60056185908815
2308,0.004590319980068032,78.54127827489796
2309,0.005738996831064855,60.04876867759173
2310,0.006803363875126076,106.52048064332624
2311,0.004465009080804338,149.78731197471188
2312,0.004443163969049748,359.0928684200358
2313,0.002619187859145216,352.65726544168007
2314,0.0026811842783457333,343.32770621687644
2315,0.002022373656642631,65.57352473717543
2316,0.0029348774444508184,65.6234053969521
2317,0.002596604104002,77.94925580155329
2318,0.0026546341393660785,31.65273446629318
2319,0.002384696562645471,106.27349650595163
2320,0.003574773942969402,28.8759526814456
2321,0.0034469279949584054,259.5721094841863
2322,0.003742690024428279,146.39756322749002
2323,0.003896524773433787,104.12966856009214
2324,0.003228390146777483,32.38869782149786
2325,0.0035234781524349284,267.02253471647236
2326,0.003939435594470208,355.9156526623356
2327,0.003022814260825376,105.76774937435513
2328,0.002530003701198242,77.55689737073678
2329,0.0024051399182800936,147.05023547887066
2330,0.0029710802906058064,143.5166651266558
2331,0.0028270808932344587,274.56604825932527
2332,0.0023965932974875466,147.3702114931378
2333,0.003356420222730407,76.31065205770635
2334,0.0023980987514606532,349.9069035964587
2335,0.0029361971111060924,31.244845964017948
2336,0.0030760882439346336,61.99275557475385
2337,0.002034170260551139,272.3161368195477
2338,0.0033092662368216647,145.44968694648136
2339,0.003739050431415142,48.57493644355773
2340,0.0026228360337741973,105.4574731556785
2341,0.003858562692199731,65.54840352233764
2342,0.0025955726961745477,45.62029466518116
2343,0.003058203168095752,193.85035036591503
2344,0.0025018828181883096,30.221738788330867
2345,0.003178308909969253,191.73473636290333
2346,0.0038560768201981823,74.30806897016143
2347,0.0046454547934715535,80.24307062096601
2348,0.0035599390290728256,188.9556681883905
2349,0.002878601111598104,31.16584987387904
2350,0.004509770832952763,269.8286458181346
2351,0.005043322521364521,75.1385905983812
2352,0.0039724188620973355,44.34615311778988
2353,0.00514857255523218,146.77725937950825
2354,0.004655052966976153,32.691979625928596
2355,0.0031942917792324816,353.70614331887083
2356,0.0021178858554901973,29.738335948587775
2357,0.0037684088939176244,103.61238407670734
2358,0.008106623590092881,30.340971318835873
2359,0.004421027096075211,58.63326011519452
2360,0.003567000252033153,364.83737379483654
2361,0.003605279233362615,104.50632423247677
2362,0.004437788053695902,60.806397360267155
2363,0.00436430851487575,103.93366838101949
2364,0.004511299226909283,45.61650569861124
2365,0.0039640782353012735,146.96432610382828
2366,0.0035105029839035797,189.56039896385374
2367,0.003420856767899779,355.3759229278016
2368,0.0029200367073310583,79.33924915665143
2369,0.0024601177839870684,109.38131331724365
2370,0.0032228756167477814,142.3993183176513
2371,0.0029352708796734437,273.4585849555177
2372,0.002498516479880147,47.18906805168316
2373,0.00314498555586585,32.89376655005379
2374,0.0032562419995358885,151.99271492614417
2375,0.002374997772593898,47.4186800226587
2376,0.0033720554092107734,61.13029879516911
2377,0.003857363829328361,47.78092308520817
2378,0.00355942826820639,146.0702487120994
2379,0.0022498231489207375,62.261074304348696
2380,0.0029220346920372266,187.35724737173072
2381,0.0031972396932238834,365.4665360854891
2382,0.004589013780912802,30.9648164525584
2383,0.0030270238052073927,276.3083088689625
2384,0.0029053035777225284,353.30751614846895
2385,0.005176349070048623,74.93958352232164
2386,0.0036141805389475353,50.900571213744065
2387,0.0041693375728878105,77.42747886870396
2388,0.0027902012579697592,81.7999748992097
2389,0.0030718719672771866,147.169901106335
2390,0.003987341472671128,105.41448600376503
2391,0.003120893108798092,59.0570963604156
2392,0.0037082531791663943,109.34186836475618
2393,0.0017873274098912423,46.75981475412762
2394,0.0035472927019596476,275.3614659213172
2395,0.004642471017271826,30.792363077414713
2396,0.004304246159212985,76.69693613236208
2397,0.003242058008100238,62.34401291413874
2398,0.007492326184452897,32.117945791690055
2399,0.0037348926332739767,63.29053475903598
2400,0.00441276744202806,150.65410911396435
2401,0.004220590579736994,352.7637022779338
2402,0.003901515981851844,266.62190251893156
2403,0.004617719282840094,65.04008649003006
2404,0.0030797423019863607,188.7547795672479
2405,0.0033924858996844985,103.32969327931899
2406,0.002755967706935555,356.02660066469497
2407,0.0018796288535471634,78.79658909629069
2408,0.0030788526097948908,61.3380499036669
2409,0.002756455137959043,194.5084466545135
2410,0.0032119578518433347,281.92181993988055
2411,0.0024707876337602165,274.93475554587275
2412,0.002365144884786044,275.0301423231288
2413,0.002478251242060538,189.68568518236165
2414,0.0030111802096563713,103.45347294198915
2415,0.002714613608396895,76.86629440781951
2416,0.00495972672270627,31.081314630462945
2417,0.004286900348860995,31.444352410021065
2418,0.004963118981602468,100.95811538947653
2419,0.004086533724173048,78.48774767919085
2420,0.006338408126374326,104.97480306623355
2421,0.0058583237902918904,76.46011329079677
2422,0.0042060809068818535,144.5654898197644
2423,0.004977810168909368,274.4042446988636
2424,0.005496423376756026,106.29117638158142
2425,0.0052400567143525804,44.842422775812814
2426,0.005448907611496217,32.13779993055002
2427,0.0067237757652163,29.3909074515104
2428,0.005257054609885435,345.4388829282072
2429,0.003496978558150707,352.176826030068
2430,0.003250983120535597,274.95983044288954
2431,0.002397073945381823,33.093091718362615
2432,0.004613988034395596,61.58584802725551
2433,0.003059030369061178,360.1341570632512
2434,0.001966989110594743,104.64599199317426
2435,0.0028149960809229417,61.33122724861074
2436,0.003085058007461673,75.10613424322939
2437,0.002699950468433179,104.37239322801479
2438,0.003487497351670754,48.40389706708908
2439,0.0032455476952630295,189.81925211709108
2440,0.002386671113744739,274.783348322177
2441,0.0030815997268456904,47.05773900125959
2442,0.0022639935169779715,276.49562215528823
2443,0.0027676540489618177,192.11210749255005
2444,0.003905159898765259,64.72577611828322
2445,0.002379146624631268,63.49316179449553
2446,0.003877061061337792,101.63444975644063
2447,0.002747368742410768,31.631231896685676
2448,0.0037957910874236124,108.02235907958817
2449,0.0030319966325401903,357.9383758990676
2450,0.002164688377803068,150.09874355411148
2451,0.004913510639292734,30.6289498527396
2452,0.0032040700231217418,143.3255633852669
2453,0.0032021269298176344,64.2348827776768
2454,0.003211496600740177,108.70672447501184
2455,0.0033138072166643555,358.5288082071952
2456,0.002559044661966717,61.84516286801566
2457,0.0026406158085900628,63.02633996073058
2458,0.002472549201614792,59.789655716585855
2459,0.002611414208624441,62.54014054406145
2460,0.003271061222787122,78.13127217583454
2461,0.003958130171502655,48.098203210087824
2462,0.0037897224355351125,357.1884535821509
2463,0.00256032218288017,267.8913920087817
2464,0.0022442411972061283,31.677836499534695
2465,0.002853509161450225,147.77108134230323
2466,0.0029826345024788277,64.83170599159513
2467,0.0038307767074075433,146.80341412168363
2468,0.0028013875991495423,30.204724802192807
2469,0.004041839082961302,148.66735580676732
2470,0.0038053592945436468,75.00247135258051
2471,0.003240475059007214,31.611326062042234
2472,0.0035834529642607806,30.840903667195143
2473,0.006186181236538185,31.799657141908874
2474,0.004158749891434188,62.64407470066093
2475,0.003278801395036052,194.60086327879426
2476,0.004125177671948361,63.146170426042346
2477,0.005110244119413406,31.4908792564588
2478,0.0032511955494780908,183.0741832632617
2479,0.004816724381484982,150.17286067933443
2480,0.006292253300138139,30.743510960379236
2481,0.0044470279624235715,81.18935218563757
2482,0.005318013042527197,107.91685132000359
2483,0.004443698238001443,188.67615309930176
2484,0.0038436035805385804,46.444961964804236
2485,0.003183452147289966,31.727106665874214
2486,0.0042268298478407365,351.90132693690197
2487,0.0028633407859720485,110.13288316289633
2488,0.004169078509551051,149.9912005161085
2489,0.004835072843723703,47.594451616871105
2490,0.0036582772776315464,103.26402189026457
2491,0.0038128036597029407,75.7180749503346
2492,0.00428853602512637,61.88501745042124
2493,0.0041988917826249516,104.09319350534005
2494,0.003200392479322125,108.47911814206837
2495,0.0037100762312578714,61.1257516312646
2496,0.0040838146156653545,270.21161066164603
2497,0.003150068285712705,147.42416102925915
2498,0.003484957072942052,45.47640011088901
2499,0.0032097450826174823,360.17514896248787
2500,0.0027712614032898856,361.3701525249812
2501,0.0031548864935140985,61.322276886690965
2502,0.003230346900601524,103.19967612179518
2503,0.00242839747511105,275.6675131240313
2504,0.0022245508876461754,195.21206736107598
2505,0.002354377143600979,59.62096996109192
2506,0.0020889898093794817,281.7961799101338
2507,0.003927113575297302,46.89863953621292
2508,0.002451610776037781,31.930351298614145
2509,0.0012698704391870454,30.16259408837225
2510,0.00292656622952398,47.44474890319017
2511,0.0033309636588239946,62.640676077445264
2512,0.0031388041385708703,190.1061237794834
2513,0.00314519459838126,104.76334006772353
2514,0.0031391527046818394,75.83380840823679
2515,0.0038303614530212308,48.80480913986783
2516,0.003466384896237799,270.50626180546294
2517,0.00333114728423075,106.47251328057325
2518,0.003821975105057464,79.98033947340879
2519,0.004540491256632978,151.07598274269154
2520,0.004243916951194338,103.95450324263793
2521,0.005084200922283344,45.9657891127569
2522,0.003598813293189176,277.358616454841
2523,0.0034006563670704324,142.48189574012818
2524,0.0029187588025105455,65.1264724873591
2525,0.003925625735589455,197.4418067996122
2526,0.002751630347270998,356.63260558868393
2527,0.002562865226531951,351.4389884807743
2528,0.002058608235998729,350.1183273834293
2529,0.0016601150663659546,273.2765694512286
2530,0.00325637232098246,62.76155418421683
2531,0.0021725167251201915,352.0710052095247
2532,0.0017204296250170137,150.84259137733642
2533,0.0030297690584750224,107.3500097824577
2534,0.002358248435363018,269.20703113232344
2535,0.0028382689057042834,109.67431619957021
2536,0.0028293891687291095,274.8634677632584
2537,0.0015566325240233966,274.93880491896823
2538,0.0022268630759340754,48.59316028830264
2539,0.0027378436891912945,191.62745072243104
2540,0.0031028365625327026,61.892410356646394
2541,0.0026597984027840263,357.19234444080706
2542,0.004590611604572139,60.7668062198654
2543,0.003339796927446451,31.319150992604413
2544,0.0028864570091137955,107.32716505512468
2545,0.004149257817359818,32.50663387121887
2546,0.0034450695896077253,61.05726038796266
2547,0.002830503419023149,80.70624133749418
2548,0.005587123755534373,143.87599799581557
2549,0.004498339304766639,45.27557384935162
2550,0.00471837234301532,64.8269426291771
2551,0.0033437937656983835,76.64099000829704
2552,0.002784163834142171,45.25806322820418
2553,0.004715583936082576,151.36597054828488
2554,0.00319112320152573,355.4880373165289
2555,0.0034831594719041794,74.6295365534521
2556,0.0041663146248843595,149.17199247864858
2557,0.003386863524568089,146.15251183898687
2558,0.003149388962905003,32.42192810994672
2559,0.003049934907353049,80.00427587859805
2560,0.0040574168056662155,148.56363142854235
2561,0.004411284465006886,80.5632286035982
2562,0.004916194705433084,31.127466767344675
2563,0.0032645685043564913,270.90710378853714
2564,0.002730610996073105,109.49083622698784
2565,0.0035768927418851574,186.46798869334387
2566,0.0026806644055869656,78.30707707649236
2567,0.004893545715441922,49.19963432377013
2568,0.0029030195314050417,62.068456027380584
2569,0.003048627655208308,65.22344010434804
2570,0.003217123791728227,99.5993084663678
2571,0.002873951948045446,47.64253620365355
2572,0.003832226732027203,33.30370904161494
2573,0.003590591492445049,151.51472309630464
2574,0.003504070175662939,358.92557226729775
2575,0.002415073546462982,73.82274415201991
2576,0.003271609515300392,102.4464411484791
2577,0.003523259827685448,73.75396980672342
2578,0.0038472223111095678,272.33430021007695
2579,0.0027022447796519592,75.86285520460765
2580,0.003837991269112815,106.64182541568292
2581,0.0015677153787692077,32.699434929543024
2582,0.003029929817244379,74.57710457748317
2583,0.0019246099656247053,31.503698751421087
2584,0.0033619831496948882,150.48675507557914
2585,0.0032034876081126185,358.6898970296131
2586,0.0026472282720376447,31.360741361056853
2587,0.0028756943841817956,276.2433707082631
2588,0.003304184475915651,30.93321904934449
2589,0.0029384384288277943,42.26358650116928
2590,0.0037759436015000355,75.19847788172855
2591,0.0032412634380405607,77.79575164858994
2592,0.005545413372977958,29.265607141911563
2593,0.0033298268139294322,362.92066408312195
2594,0.002422987874855277,43.33297188716912
2595,0.003522183925736966,76.48210110963483
2596,0.005951222058954315,77.21431608876895
2597,0.0046672072113041994,30.15725913903635
2598,0.0034891847122658823,76.25946607146493
2599,0.0033134571108421563,357.01986752047884
2600,0.0030171386238088717,151.00836131866686
2601,0.003465887457878125,48.47359832419338
2602,0.00480942108070253,29.53880156868717
2603,0.0032419779783838787,193.00692633463692
2604,0.0028079945387777545,354.6422765365528
2605,0.002837289366210383,79.96125609723521
2606,0.0020784397244357467,77.45529876852247
2607,0.002749937546678456,103.22668692110733
2608,0.002899573110046253,192.09107749373013
2609,0.002263322596756891,63.007379462226616
2610,0.0024963700649292347,74.51626115154168
2611,0.002830630508783386,31.55028931493271
2612,0.0036326578391568686,108.34201982790243
2613,0.004524732697695904,63.77941800980756
2614,0.005060732405801336,32.303821473948226
2615,0.0022286287515850167,47.07283061553265
2616,0.0035471884781068633,272.3218400395014
2617,0.0025794986514595616,357.5583518642414
2618,0.002087107558976198,79.06310916181812
2619,0.0028260756526361803,346.9888775539734
2620,0.0064306909517999255,30.565730367727614
2621,0.0030537773929888946,103.23530177314689
2622,0.0036586347169587324,78.46424407517355
2623,0.0033425111483717353,274.60290834862434
2624,0.0027339805967041145,273.7459425993822
2625,0.003566573025364988,190.7260726346312
2626,0.0023949840121569883,270.0735639066135
2627,0.0026637438201181462,46.481246241626266
2628,0.003029820025940902,152.07771157355893
2629,0.002637607999915904,268.00069618309266
2630,0.0017149231112312377,74.39789650835628
2631,0.0038835129991590576,146.90215650465979
2632,0.0029191368782458364,192.23790929277337
2633,0.0027793708885272624,78.75088068453596
2634,0.003121874968316443,273.4229440021358
2635,0.0033224737033468585,272.5360109557414
2636,0.0033905560248043047,61.977672974225435
2637,0.003963050687196721,103.12656886748375
2638,0.0021002678954987045,48.57534948837608
2639,0.002006192620536092,78.46549852069094
2640,0.002564262725260284,350.3212304861279
2641,0.003477648755631827,31.481705661951867
2642,0.0022904640889088303,31.291455324388252
2643,0.003227487340089133,189.4385705668474
2644,0.0037803169457360708,184.05875515646392
2645,0.0031538684693089482,345.98939950396755
2646,0.0020130774421638557,49.02749599874968
2647,0.0032915504786863244,49.11981052508512
2648,0.003146779759942895,151.94698101888466
2649,0.004272711578684313,33.66814918350127
2650,0.0030065978167327775,153.19701471686935
2651,0.002989065506975247,31.01791601328595
2652,0.0024345354398643726,45.88034325768363
2653,0.0035189409498898043,356.6731141155627
2654,0.0015292927810464632,32.70299693102521
2655,0.002051508566214109,30.903568273345307
2656,0.0033502683101967424,106.71764138810397
2657,0.0037721666592253973,45.59149402597865
2658,0.002707315093018757,31.12219299788415
2659,0.003871635268379495,50.75576068552932
2660,0.00381429830193125,62.74189997182378
2661,0.004675136835401567,348.1513731471925
2662,0.003322795231578832,353.23427073549004
2663,0.0028728883810697266,276.10571363521717
2664,0.00307065547122434,189.73806338211145
2665,0.003790112711695573,47.11686250058683
2666,0.0024929508693056616,31.740981443527396
2667,0.003751906280850385,147.89813500602537
2668,0.0019705022380811523,148.5835650088263
2669,0.0027623657874147785,360.1172579767478
2670,0.0025766867313994765,278.3383820849094
2671,0.00355378930895501,31.92154775157004
2672,0.00149724491473472,30.12652075353577
2673,0.0028477940512071287,62.8802461242437
2674,0.0030155261760153305,191.94015195154807
2675,0.002673285514602051,190.81036230882293
2676,0.0028072888021247657,105.85381205442744
2677,0.0024207191764732453,273.36234721699566
2678,0.00447192747710779,151.72815692542068
2679,0.0033948053226665184,108.66754812993089
2680,0.003198516291716152,63.250260869163334
2681,0.002627723838073011,45.573991517847034
2682,0.003911363032719087,190.55986748007243
2683,0.0042967709992248835,108.69995889000658
2684,0.004255118623983766,50.461394531623334
2685,0.006022016443735497,47.38275249953575
2686,0.0030791776995052664,81.814640808291
2687,0.003897215337160633,362.3673543611629
2688,0.006769438342448196,29.784184154753678
2689,0.0037447251674127273,358.1626856362527
2690,0.0033766067886062956,108.30045822026528
2691,0.0025549923904753967,31.830438774003387
2692,0.0032035218895629406,147.5056978768275
2693,0.0025839693255388547,274.1973028547275
2694,0.002934933953607905,270.00495464608093
2695,0.003259691325638414,104.8105535204012
2696,0.0030657881655797073,362.86433018578055
2697,0.0023956832821148476,104.21533684129359
2698,0.0022638044397122726,64.96404029505432
2699,0.0020434228894091427,363.64215185154376
2700,0.002656405150766069,75.6247297441123
2701,0.002407772742240136,77.98765265810849
2702,0.0022259390139772544,356.53050987811116
2703,0.002850390196403437,150.92429703734877
2704,0.0028534579910699212,29.729694258435707
2705,0.003087506224735839,187.345328916634
2706,0.002605614383215792,106.54771768123044
2707,0.002565761449954447,75.75058021596163
2708,0.003294222784508335,193.4203063090147
2709,0.0030203300937221055,106.03848648553017
2710,0.0028257477881260427,32.97592010809963
2711,0.004816256226665762,74.06445729285753
2712,0.0032609390656389565,357.9903818125828
2713,0.004214422619732996,33.15061775067531
2714,0.0037149775036333476,358.71021953474644
2715,0.003975258755124711,61.190534907221114
2716,0.006026164992756487,73.29311460483282
2717,0.001904365607860482,29.684303025962436
2718,0.003167040814084678,44.81195851159178
2719,0.0025307994053883733,31.397967343539165
2720,0.0033506836359902567,357.2180077184015
2721,0.003188089617667128,60.750331238474956
2722,0.0028945286763204917,358.0812515265096
2723,0.00236882198190607,189.7051636554248
2724,0.002568020265065683,188.0428694502871
2725,0.0026353834556036835,65.71238059320845
2726,0.0027419699125079506,192.56315242965871
2727,0.0019677810527480625,28.815935338246263
2728,0.003207677638629783,64.17105892935972
2729,0.0032983895961107507,283.8222851507235
2730,0.002431799521169474,81.59398684426446
2731,0.0027252006620000356,81.2205345608531
2732,0.0028562850972681693,30.92743685228832
2733,0.0034482050817029263,191.45425312028522
2734,0.003092503993290857,194.32327053733974
2735,0.003965876665067815,80.38953587956213
2736,0.004527954286644117,63.85321699624758
2737,0.004266146932142215,149.6104360777872
2738,0.0032887858997738603,151.00363360095312
2739,0.003645979968545411,73.51613109821395
2740,0.00277015859906315,194.7777975098568
2741,0.0029968407544891727,101.83915493905896
2742,0.0032459852918691467,45.161974071320536
2743,0.0025777920784472467,149.6306879198719
2744,0.0032420321661793677,274.9697085668966
2745,0.002390996501906722,42.9766835013677
2746,0.004157145062335314,145.11041080512206
2747,0.004029678481786574,109.23461254543324
2748,0.0030867706706155496,272.0095384266002
2749,0.005036039925220519,32.594244471788215
2750,0.005743673440582794,30.79162760586751
2751,0.0033099575697191097,78.66273896069143
2752,0.005810158178190187,32.29092777151715
2753,0.005698507881871509,50.52188028929451
2754,0.004176420496790072,78.88122391597436
2755,0.0032210972917831615,358.0447855039188
2756,0.003857850883513173,72.00256918337345
2757,0.00392024805415321,101.96600110367669
2758,0.003174190298920275,275.4191622816403
2759,0.003797451779973926,153.14810402535264
2760,0.0044677132451348325,75.43170273739833
2761,0.004120194876882171,191.30817700426203
2762,0.0025522519089635526,79.69674159185132
2763,0.0030804682426574894,64.48021842820523
2764,0.003994240998822377,33.35573181277071
2765,0.0036913676501125476,63.11462517708071
2766,0.004159006514154248,151.39372621355477
2767,0.0030783353504375555,77.78047757190795
2768,0.004763459522455634,274.67560873772004
2769,0.003328378254197342,274.87784617836314
2770,0.004127289787732988,63.965411091451394
2771,0.0029446379104794344,76.65189405443493
2772,0.0052925142110986844,48.283126238816
2773,0.00299177030158426,190.42886544697603
2774,0.0035886701126407127,151.8847524876158
2775,0.00315587363726221,107.63576837465189
2776,0.002149246040889094,357.162549604174
2777,0.0036450714948072205,103.09357849694642
2778,0.0021667099722282924,150.72039439718824
2779,0.0027297067195438114,193.42800357933766
2780,0.0034913185089945646,46.656261084562736
2781,0.00315777507402946,64.41515571517542
2782,0.002500234441837568,147.07375455778967
2783,0.0031498070388457002,105.97252948173819
2784,0.0032455999140880965,74.33578670129717
2785,0.0028766459868725153,356.61771090756923
2786,0.002846028958094731,190.4898701392674
2787,0.002906124375763515,62.892830908632206
2788,0.0034020129595658762,268.06750920774095
2789,0.002148780989829965,29.828121000047027
2790,0.002617827325698622,108.93911650177165
2791,0.0012274165423275855,32.023844958305475
2792,0.002848837865905141,281.54504759033995
2793,0.003732219012602138,63.498935894702775
2794,0.004845424588976047,46.93127106077694
2795,0.0027896179806073352,107.00464236421061
2796,0.00389174313809585,105.73417048056861
2797,0.0033019559885866965,187.28528805749949
2798,0.00323478417479255,152.05515585192703
2799,0.0031491859990381552,276.2313363653861
2800,0.004475100103671389,30.250125484704256
2801,0.0031722838410298045,47.66335506314103
2802,0.0035211555897893213,43.36994557034032
2803,0.004352377928047314,49.24002161348981
2804,0.003502539126694083,75.58617046328006
2805,0.005804794645221343,47.43330098800155
2806,0.004422137052450792,273.3292610610265
2807,0.0044057728802678236,142.67421510034757
2808,0.005703283463736949,60.64513610265567
2809,0.0029755921520279996,359.58820962941286
2810,0.003516604834168482,110.04947083974675
2811,0.002853544803631989,154.0060251478107
2812,0.00287399343601605,191.91979869742113
2813,0.00265712492021591,109.13589731097234
2814,0.002725367167571881,280.26908692128603
2815,0.0035486498198193752,64.2258924681476
2816,0.003201448313583091,60.87599673644129
2817,0.0039966550276531905,148.72496049666853
2818,0.0029989648187025027,47.01044128040577
2819,0.003322327202609317,45.558314403478235
2820,0.0027220775345995207,104.31156753435863
2821,0.0030328444386448364,190.0426302767047
2822,0.003197785994454765,266.9183340650214
2823,0.0028180113507827393,356.03865426621553
2824,0.002468511282131658,47.29684546524433
2825,0.0031502955941435243,105.11094162732331
2826,0.003477903368892274,81.25701117362803
2827,0.0033334152953151766,74.87769830418173
2828,0.0027341232943668523,279.45117465864513
2829,0.003310011943725285,60.62563868472565
2830,0.003185130920962937,187.9401522674908
2831,0.0033590711512012854,353.5472530485535
2832,0.003807370615427548,62.9305605732559
2833,0.003909388365928415,63.35488692552366
2834,0.0029196073477442287,355.9677466045256
2835,0.001613423215300353,277.3626675840436
2836,0.0036346180334883935,31.672909812245177
2837,0.0032258104697903784,187.38223573876488
2838,0.001790571557523498,29.69194165941532
2839,0.003633097467910203,72.99226802545537
2840,0.0023257737622647623,61.25274531950493
2841,0.003256262116714236,33.09846025804467
2842,0.00413398650906291,76.07287574347409
2843,0.0034659617085216685,79.59865585383575
2844,0.002049311931778934,30.309906735324937
2845,0.0044337855939594745,150.3858262722927
2846,0.004393775382525816,111.61904863034638
2847,0.0032995247044817592,62.490109485786775
2848,0.004922085635936694,73.12851121626684
2849,0.004887494042073691,78.7280972378346
2850,0.006153520738796757,62.15353304201013
2851,0.004129148821279553,193.01378390759237
2852,0.005262690900741979,73.84062318634997
2853,0.005651092703441305,149.93030798617934
2854,0.004903879112344629,109.38154839652746
2855,0.0045072434352567865,150.66146667941624
2856,0.003579640909126699,62.1283816812145
2857,0.0036070625606090785,185.03207420758054
2858,0.004886427120033438,73.74657819272112
2859,0.005364759937947383,46.680865822187855
2860,0.005073163531236232,64.03159657566518
2861,0.0036641317697180733,61.39410342363007
2862,0.0038331997176310273,356.9735029469465
2863,0.0055737311880783005,62.81071256318381
2864,0.005330598078107136,146.6505946597731
2865,0.004277734568350459,59.42031731072604
2866,0.003996322605654991,148.29231679207228
2867,0.0024944431061157957,33.33255881033473
2868,0.003611200533985169,359.4640575989206
2869,0.0022405468701173835,61.88391342819403
2870,0.003501491931522403,44.30810161453063
2871,0.0027438604913701823,362.58702251659474
2872,0.003269475288155892,141.83993040811094
2873,0.003767278600788973,191.20549256100938
2874,0.0034392313639311735,62.44309396842565
2875,0.0027331787777395713,63.61898865768634
2876,0.0037296581180092125,270.38238430551735
2877,0.0017852474138635444,190.34673663717334
2878,0.003122034711457279,79.80027168574898
2879,0.0023363952223299615,361.1831989027381
2880,0.0030485661436460312,63.571257372535605
2881,0.004431380206204432,46.758512953064965
2882,0.0029721097495947857,353.86011422024706
2883,0.0025463063697531915,63.94873443494644
2884,0.004194909009898906,102.8638161920388
2885,0.002722958108753234,274.5979360333217
2886,0.0025950610884599903,357.4230535592692
2887,0.002026148671468357,364.69106418165853
2888,0.001231119086311329,61.01145668212216
2889,0.003250529090341149,64.83851492407592
2890,0.0027491328140076925,148.22023997207384
2891,0.001690670660725024,31.613318784509115
2892,0.0019752466272290226,50.23334823724434
2893,0.002825973781491976,80.30861313810955
2894,0.00447884996105426,77.69968393020804
2895,0.0030333048857114865,150.88286365871332
2896,0.0027696620925749906,58.73250702814329
2897,0.004481000659693932,78.08806671379213
2898,0.002744365833588207,274.1302998721732
2899,0.0038414790167805154,104.05673545249259
2900,0.0034894557629178455,193.7777788539748
2901,0.005505097676352586,104.9790606306188
2902,0.004568279872774699,57.93199739208538
2903,0.005256819950650302,74.24474007766281
2904,0.0065103716586800775,33.30547802082875
2905,0.004472268616062415,62.83188567499218
2906,0.004042432756438016,187.54493495593914
2907,0.0035290169790629,278.91220992583703
2908,0.0029493589969144707,65.08204440851024
2909,0.004815323528345215,79.22706381746991
2910,0.002890285052159579,273.700857741911
2911,0.0035408838586467395,61.954102533939285
2912,0.0018950864872418936,47.696844331936
2913,0.0026525352646226217,108.5356614210159
2914,0.0027017916252210757,149.19029153884185
2915,0.003232898952932825,146.79373966354947
2916,0.003708588976118895,102.71883468498838
2917,0.002956584173509989,46.74402233150962
2918,0.003053437689037397,365.2299463939544
2919,0.0026381100129377224,193.25188665983217
2920,0.0021172822403035083,349.45007884377065
2921,0.002755568481507303,141.61097719114863
2922,0.0032256122221951955,76.1177831765237
2923,0.003458868025592056,74.88509215090534
2924,0.0031363583594051867,103.9414359723479
2925,0.0021076579012452414,30.250504882613555
2926,0.003939532568578075,105.14774681945082
2927,0.0027491301258454437,48.02255757741465
2928,0.004673951775488203,60.33260138112483
2929,0.0034566375502411814,362.45538777550496
2930,0.005073409718973161,31.095457054753012
2931,0.003954481217621064,106.21149955437315
2932,0.0040035782733237,107.63920423301035
2933,0.0033265391615278648,273.467553213606
2934,0.0027204156374890016,277.7825402858409
2935,0.0028746068062507736,76.73265016848174
2936,0.0022917076562091465,354.3022016412077
2937,0.002460627034914088,351.6803327377822
2938,0.004475654564330244,61.18653054544605
2939,0.003295219669937445,30.748970725364696
2940,0.002499984259320335,360.43486849433316
2941,0.0017560959508571127,274.8785973161184
2942,0.0024107995224164278,360.54595627946793
2943,0.00265244587005736,149.52415345887155
2944,0.0016451382095758825,46.065959574789304
2945,0.0020792563494064463,362.1243238043266
2946,0.0018897962362464402,273.59180914985154
2947,0.0011200197348513869,105.46705682809323
2948,0.0012943621709446617,280.38361238401876
2949,0.0020133596812291032,59.59733239458434
2950,0.0032397724367616023,81.00158435035955
2951,0.001799558243966835,63.148051553309614
2952,0.003487440204333177,80.64828499011561
2953,0.002391015283589372,150.8778517906096
2954,0.002802021964570357,144.18276571623315
2955,0.0037061198654205676,107.53447258496303
2956,0.0024867969353760022,47.041999982548425
2957,0.002874589529236685,280.4626009667704
2958,0.0030463082783677873,188.19096931794908
2959,0.002522995506240608,192.7283580842873
2960,0.0024817978017504716,60.25304583414308
2961,0.003981113920737109,74.5239529777352
2962,0.0024507065364421086,63.502769669599466
2963,0.005114656673083965,31.672913103147426
2964,0.005126622369621496,106.72868687165641
2965,0.0035422841500025544,190.83999907798005
2966,0.0032961917191426174,60.71354107272648
2967,0.004321055832897892,75.78771630628421
2968,0.0035153586770696886,31.870195064251444
2969,0.004665635901893139,143.93175341095437
2970,0.0031465521268938365,104.47071691403632
2971,0.0036615625255929534,274.324713078123
2972,0.0035450453425370835,277.7854592935314
2973,0.0029489246360924807,153.63228052838764
2974,0.0024708645998067834,141.6839410422985
2975,0.0029432261473860783,276.89266096543173
2976,0.002663829388686943,43.616408357794434
2977,0.0032298805644727663,29.998515093044016
2978,0.0019796157016448764,76.74569682101803
2979,0.0025547576605811292,190.03738800442926
2980,0.0015322939374126984,65.16983881813769
2981,0.0021522073067486774,195.3704252591931
2982,0.0033769916853535983,62.09456125581053
2983,0.004001047873766625,187.92938513797435
2984,0.0028385545845235932,269.25024319096894
2985,0.0023458562831520906,354.939209333514
2986,0.0017309235527264578,275.96257574936874
2987,0.0024402940358351955,63.76948595159879
2988,0.001080015207819464,30.923126416450913
2989,0.0021815192979848805,277.45531616271774
2990,0.0025189699216252117,357.75552934473154
2991,0.0027559318521032427,63.79911068826031
2992,0.0023269605019546795,278.94880284443946
2993,0.002406318797498821,276.59830518741825
2994,0.00257746997879822,62.932871629442225
2995,0.0025239703586108094,45.241282044623034
2996,0.002145320793097583,274.4523393008217
2997,0.0047251421354426925,60.467789074083065
2998,0.003913898027004224,31.782614213282624
2999,0.0032425314108136777,193.09962718666412
3000,0.003628143619690408,47.41578252735721
3001,0.005132089435176465,193.46550215771782
3002,0.002712949727149128,362.3659068517985
3003,0.0020158234150095757,107.189416644785
3004,0.0028747426375586244,277.82033483096063
3005,0.002699963132041366,364.394515794132
3006,0.0021492921043248384,107.63473474432215
3007,0.0019281639543523538,33.816565084667666
3008,0.0015971266040663453,151.28398246340495
3009,0.002579103134042636,189.51865227511564
3010,0.002786396507572229,191.60128162270885
3011,0.0028532204729137278,145.3165527392335
3012,0.0025092341313901327,33.20213461832713
3013,0.0031315955443780795,275.67494856902675
3014,0.0025696887370873023,364.0088367018391
3015,0.0025283087995646653,77.59353322451395
3016,0.0034943599536278714,80.00602798206758
3017,0.0024920472762040356,107.95736104934741
3018,0.0020573939255459444,362.7915472517057
3019,0.0017964968248290116,75.97950814287604
3020,0.002374610668746093,44.89140939281046
3021,0.002552708245702705,145.83567906386605
3022,0.002425747063940105,153.01518334913087
3023,0.002692635788172573,106.14888196019712
3024,0.0027887188748344427,279.34405810359965
3025,0.002471214610645925,77.19133413982605
3026,0.0031766524116392247,153.40239576780874
3027,0.00264372449400353,31.53300311713452
3028,0.002769866904459705,195.37098530977696
3029,0.0036007626773092672,276.6168141358371
3030,0.0032850644727320396,62.15545090227643
3031,0.0028739576557818883,196.86585847620663
3032,0.0027610453245268244,272.0594525481712
3033,0.0037320251816611396,146.2103644815514
3034,0.0028404189814186824,149.3910536968073
3035,0.0029438470520255157,112.01435217814702
3036,0.004195066969425005,47.26338535904616
3037,0.0017742362101201032,31.145461846350084
3038,0.003056979197308337,276.20769740872055
3039,0.0034898437800690704,109.15817325427882
3040,0.0050373679843522205,46.66679680197584
3041,0.003331332953166566,281.50669504505794
3042,0.003963642566242046,32.2579281852907
3043,0.0047460860396626985,31.82971150558991
3044,0.003963080574537563,29.454497013937907
3045,0.004892275955402726,62.6162166219365
3046,0.004202246371409574,185.71998826549765
3047,0.004184518817552445,190.61790623252307
3048,0.0035821320403507293,77.1148449235976
3049,0.003915081364154433,107.14116514630689
3050,0.003231211094331268,357.4318229184172
3051,0.003906579823985969,103.54168099903897
3052,0.005642670738857073,60.04814578117867
3053,0.0033588560756219648,30.486127579234115
3054,0.006017820668760045,31.410123087332536
3055,0.00459051535467183,72.96250769858152
3056,0.00499441017566657,275.81323944477833
3057,0.005015296280775642,50.7587609849159
3058,0.0028073283381179525,60.9298042796763
3059,0.0036432996298150174,197.21422359914757
3060,0.004428667587820779,44.91914389284739
3061,0.00479992517272155,29.82421304357773
3062,0.004223502162089392,152.26736982035575
3063,0.004140840036877937,110.31886974303471
3064,0.0038240401990310836,193.90944165057303
3065,0.0036696589827365875,59.98714602679272
3066,0.004406697771382578,72.74170257295212
3067,0.003986530907164028,65.34941332790585
3068,0.0037308109460385728,64.20801623240527
3069,0.002318410602668537,59.88559255455665
3070,0.004202181289656437,48.927159768785856
3071,0.0069321188262808295,29.61499057881666
3072,0.0036307818800477686,191.317422719827
3073,0.003804534247738972,61.918677208835454
3074,0.005094815647896474,62.30913019468191
3075,0.006825139074172857,33.186742723547454
3076,0.0045390537620757405,362.0731801805094
3077,0.004008313701716189,81.54799031758134
3078,0.003220464403188389,192.74572603805
3079,0.003510924375474972,108.64581100697288
3080,0.003193795703320914,61.20492390599066
3081,0.00330548899019358,61.12632345189155
3082,0.0035678515527358874,361.20821162562214
3083,0.0033309719140651025,275.60870700369566
3084,0.002268716659132552,197.49425058420823
3085,0.002583706201129943,150.05140736913222
3086,0.003837780810962135,65.98916889301758
3087,0.003989725896335398,193.51312693743242
3088,0.0016718465683218462,47.75441968115512
3089,0.002218296343867977,361.65847556125703
3090,0.0022575890344265184,279.6913206480592
3091,0.003498587928950625,63.45950988571482
3092,0.003600743487438124,101.07952584563988
3093,0.002404755235930645,369.8237201552227
3094,0.001720302151199294,276.6814502467837
3095,0.0021710985245883556,150.63004089122708
3096,0.0029202767807208186,191.428438066271
3097,0.0021566273791834715,112.38545486572598
3098,0.0025482000812121564,364.4388657623374
3099,0.0021965268487881885,279.4646224549892
3100,0.00163365801178935,152.89013061869062
3101,0.001960069117607467,79.07120103588673
3102,0.003938163075707218,50.16805106176859
3103,0.0023481564369194044,366.22114429350785
3104,0.001626155447319733,156.7466636147374
3105,0.0021899385423735525,50.488731590390834
3106,0.002151346704104563,76.6488122723719
3107,0.0022589151947088504,189.82331397081512
3108,0.0024323584950891658,73.37762898589646
3109,0.0033759893187129035,31.81486774556923
3110,0.00295551480181511,191.95974221113195
3111,0.003718330732366527,106.7557714825769
3112,0.003443014068109513,33.85401072207444
3113,0.003454916295350603,109.29724659277831
3114,0.0034215397331122817,48.27711957102905
3115,0.002941654724618902,32.5063578546497
3116,0.004068252517933781,277.22175901129117
3117,0.004750172735299911,60.60115524897476
3118,0.0033202777229205745,361.451569953184
3119,0.003896862210533207,157.53591724949297
3120,0.0040065351658432925,194.84412121062533
3121,0.0030287622512989083,191.23393178341044
3122,0.0022452061458492468,105.33450038821138
3123,0.0019490687786856142,106.97722473499107
3124,0.001382167547293451,77.481503963204
3125,0.003818018597532088,190.9584032192658
3126,0.0040014878073074776,110.50964839462974
3127,0.0012984855251704436,65.02942042090476
3128,0.002804747703624049,274.67698875223385
3129,0.003759512411478853,79.88607172816576
3130,0.005251229740974236,78.85593315895672
3131,0.0038529365287890745,77.43320114891095
3132,0.0041738410370787795,76.92314778218397
3133,0.004169616424755636,108.38195379925115
3134,0.002825225249965778,65.24008289567156
3135,0.003738185159277605,79.02769016098974
3136,0.003144368399558701,368.72270231229555
3137,0.003911347251547481,105.60055563905586
3138,0.004576985044629758,48.86903454103672
3139,0.0033542175305892423,78.39001880149812
3140,0.0029371358733067824,361.3129805853459
3141,0.0030024102379684336,75.8271324779127
3142,0.003517663084745311,32.93327545422361
3143,0.0022242140281517864,106.7903203586736
3144,0.003301827288272431,49.50120825953892
3145,0.0022731871318478988,365.15868801274877
3146,0.00510736426227156,31.87070604310448
3147,0.0037494479922290185,275.84113512850865
3148,0.003942681982677931,192.86366095165283
3149,0.00202822786143091,276.52650636906253
3150,0.0025824313953477433,64.650603231793
3151,0.002285150320435797,275.7262762339428
3152,0.002827467860009386,74.95595841626377
3153,0.002433673259096856,276.7220800193644
3154,0.002084343405578156,155.28837468869895
3155,0.001472749513752582,29.825003259025557
3156,0.002903592705735609,152.95815100963716
3157,0.0025674664438141877,357.692122455609
3158,0.002626658121032602,270.86556263945886
3159,0.0022797190854877965,194.4703387920813
3160,0.0030028716436456457,186.83963266118764
3161,0.0027285428558076435,149.78996741466167
3162,0.0022775731970256325,363.8653711950198
3163,0.002196097056258696,77.6132983546382
3164,0.00353681042204322,31.34021737429875
3165,0.0019764608837249398,109.52771912930764
3166,0.0019418435631450848,196.71862315389572
3167,0.0033240044514187446,150.21005015430015
3168,0.00397883025564354,78.50274772727184
3169,0.003608150619626922,149.81366220497694
3170,0.0037151704401157284,108.71663801135469
3171,0.0029603741350001656,33.433055234348195
3172,0.004145185435376821,190.64457499069033
3173,0.003201268921907438,149.3279590665382
3174,0.004448445114658997,49.41390805875182
3175,0.003746648988885296,64.04925305950403
3176,0.0032943460030834945,108.26319942019596
3177,0.005166367020531136,79.25792253801951
3178,0.0034948522751167433,366.1851309203002
3179,0.003235671427651491,109.13612093995026
3180,0.002767987303032295,63.56978385404454
3181,0.0025428793242836772,78.85861425792113
3182,0.0026187654810790853,74.86719762793943
3183,0.0039956997621826505,81.18489843827012
3184,0.0035494893451667414,150.5638410826182
3185,0.0019414079233683879,48.177825992649964
3186,0.002658097100345575,192.06129010872195
3187,0.0032489570147928052,45.253382526579514
3188,0.002798119874977781,362.5655215808408
3189,0.0032047570436181307,31.590652320016712
3190,0.003679126318451955,155.20208719310415
3191,0.005398543949873734,80.8551822419041
3192,0.005142541751509369,79.31868888346482
3193,0.003736752305155809,153.41982120400132
3194,0.002782336711616891,76.79988254663422
3195,0.004305462425900959,104.27963440907764
3196,0.0032029641143820294,358.8589758654008
3197,0.002752646496299201,78.79752402369263
3198,0.002060714012750887,80.56716630561549
3199,0.0038291837643899614,80.1815501471791
3200,0.004159871987887771,192.62145471565975
3201,0.00271493878724207,49.20305516486033
3202,0.0031279269912290342,194.29661095347709
3203,0.002348577701991295,360.3414843146788
3204,0.0019466040115156814,365.4779368749136
3205,0.0020887083910565707,46.21948692126784
3206,0.002658470514365097,63.65958339787013
3207,0.002550538396014456,277.0274739946563
3208,0.0032633850413253253,62.214043429376034
3209,0.002324688958607905,355.9293038912773
3210,0.0027825237037470423,154.18807505025194
3211,0.004971875988021252,32.60964479286456
3212,0.0025313523313046787,364.14357812310703
3213,0.002069059573133451,153.61285945050474
3214,0.002845038646860226,62.58635029295903
3215,0.002791160433678835,47.88531970564655
3216,0.0034826204327017933,155.18357102646416
3217,0.002713863248207955,276.9270362852181
3218,0.004016139780525499,108.48510447222391
3219,0.005220026249644126,58.34976591976421
3220,0.002839823922297057,188.30509465582068
3221,0.002621229377277464,110.79977578212359
3222,0.0026557128877185104,79.55568662981489
3223,0.0036247133429639345,273.4464605753347
3224,0.0038575697487023466,32.18181473243835
3225,0.004227442078275598,64.62921452089118
3226,0.0041669652927549365,110.6791987695666
3227,0.003807513790326487,197.25399811226822
3228,0.0029238843810357835,152.98851649811323
3229,0.0053856614015215095,65.12358714940717
3230,0.004033472850706042,200.3456321584535
3231,0.0026876943967042697,63.11742969279345
3232,0.0024025559930656716,32.13517033349843
3233,0.003588711041335097,281.784376117688
3234,0.003406232106668146,193.11564079007633
3235,0.0025926502127104106,365.3225015472474
3236,0.0029168338650559108,364.29323287065046
3237,0.00215584677968409,62.80139488834965
3238,0.002674514240454378,357.11583705537157
3239,0.0040641600972429436,194.36638214584167
3240,0.0028659542154461644,191.89255479234478
3241,0.0025715994403053065,185.373577613174
3242,0.0024831035822829176,105.14581436066928
3243,0.0036750662121480203,33.16951435460422
3244,0.004691410314494119,48.5409408315711
3245,0.003543662029750118,193.8207857065134
3246,0.002824341200298258,366.5889580455377
3247,0.0028647433085507786,283.6473582487726
3248,0.003082181113533242,31.279333030800206
3249,0.00261268017972973,361.727628118322
3250,0.00212040692533391,354.09615458591173
3251,0.0022766401146786987,189.79010306414733
3252,0.0034633942541404394,46.35033595765331
3253,0.0028189549254954006,30.819434636262997
3254,0.0014665228358723451,61.908536462312426
3255,0.0038656408201840696,190.4674472266203
3256,0.0035370477404775068,102.71597104514852
3257,0.002448209825098306,30.51655793826495
3258,0.0042099545090732325,191.52325094084082
3259,0.0034303958902035868,110.51331848916884
3260,0.0031760571658414334,283.54061934973237
3261,0.003519006991070652,194.06951922940374
3262,0.004123015074373353,110.15813371648684
3263,0.0032623076596372323,111.11289016427598
3264,0.005496785515444228,77.4873424789401
3265,0.0034403407175473562,47.78267757706008
3266,0.0033982184614532425,46.33141137779311
3267,0.0024987400691566892,32.5908476453945
3268,0.0042388083648924315,190.6677016793788
3269,0.0030624104252078375,109.07411689392958
3270,0.0034345720283104103,371.9966532643196
3271,0.0029525633239455393,105.55311810465209
3272,0.002884789829461714,277.0237662995206
3273,0.003118447694055569,275.5475010866865
3274,0.002207759186423699,366.5514410000535
3275,0.0017411004533341933,190.74211224033616
3276,0.00201603332318404,192.9396442207132
3277,0.0025736219897375986,192.24987378243722
3278,0.0032781802721605713,61.42305740718342
3279,0.002332341625032326,281.74439048991803
3280,0.0014227275591315082,362.4871174860402
3281,0.001045199731874176,278.84255499841356
3282,0.0017170433580262893,47.28140853596902
3283,0.0019791270445526157,362.2696863022768
3284,0.0023272017669674263,106.84938925848328
3285,0.0027910264146567628,275.9374575952527
3286,0.0021728492627062224,105.50667592903581
3287,0.0016947584088735186,29.740106676349736
3288,0.0029460007174269983,193.67723930570025
3289,0.002354699871329283,365.4171185450845
3290,0.003920010318910561,57.93746360145365
3291,0.002325619456441052,365.78128042802376
3292,0.0019249220125549956,280.82810751193773
3293,0.0024049782900951635,65.16338253890919
3294,0.0021384568208688993,281.616969168442
3295,0.00216022271495641,197.33373245899233
3296,0.00227307423748647,360.4070280624493
3297,0.0023353262922170526,279.4176392144303
3298,0.0033989617457614338,59.82604924468952
3299,0.0027574012659213097,188.49672046902936
3300,0.0016378598261134114,273.06339416991574
3301,0.0023445687699476967,65.27649765352407
3302,0.0023339555794137366,366.83315667966133
3303,0.002086782185681935,32.247553324049385
3304,0.0020536627017866795,192.6319265427628
3305,0.003041861898370911,368.93738789010115
3306,0.002899519167053891,80.61842604518311
3307,0.0018498012648287938,359.986635776321
3308,0.002011542529387576,31.546315405321387
3309,0.0024224848683523895,78.04950794412639
3310,0.003451767281964341,31.046112127726033
3311,0.0038109754880408858,79.24939971425624
3312,0.0035891853214658396,149.23541092977547
3313,0.003509596461799752,151.92161035518183
3314,0.002852610592428293,76.52504989841961
3315,0.0025366018700981544,282.6897104971469
3316,0.0031405477201797813,111.02034153096606
3317,0.001976566616263128,32.06092966008856
3318,0.003223348133314314,63.01363817224892
3319,0.003494261194853778,146.36118443007464
3320,0.003688367328731751,153.81145344219286
3321,0.0037654740248068597,48.1102851507733
3322,0.003735034144239347,147.63103579074607
3323,0.0027866641196921524,102.42043066650751
3324,0.003192866014405109,103.99449294305968
3325,0.00526003555503187,48.45861959002734
3326,0.0030829471663211634,78.11639432740293
3327,0.003148536463797914,276.0900901523285
3328,0.0033211261746216155,105.05036146037438
3329,0.0024402965056581774,111.33078333992894
3330,0.0027502217983394876,61.59119837659742
3331,0.0030621272455822897,196.22205472249718
3332,0.0026571893698743945,364.6490869365323
3333,0.002804261856355654,194.07985128228452
3334,0.0020374803515731273,359.62767852724346
3335,0.0021768369321786872,79.56692057229426
3336,0.0018406778382138956,107.63353035920652
3337,0.0013895208860244352,151.76120262045046
3338,0.0016199427638569502,108.74255035595804
3339,0.0015472983470979009,46.52901190773063
3340,0.0031575084008456556,144.26792595408537
3341,0.002247277507257391,30.609597740665738
3342,0.002653260909562622,198.68803204477692
3343,0.003792075732301023,191.85319000292193
3344,0.0031066918330044106,61.5412037641618
3345,0.0042004889795769764,60.259774633397676
3346,0.004518485386492662,108.6296716738063
3347,0.0033845490651286344,272.9642521834346
3348,0.0029269873083149563,278.8522749522222
3349,0.0021796900510138886,367.37528213533574
3350,0.002588202001413837,188.9246760924897
3351,0.0030049350113018443,147.1472328411775
3352,0.0030364930801108523,76.98980419605991
3353,0.0026037898413216517,45.44388092294406
3354,0.004747982838850121,66.52070174432922
3355,0.0034805663645815442,29.265922142380088
3356,0.0033426844406519727,31.140218500968462
3357,0.0031137115942188897,107.20260422954206
3358,0.003316574216900705,63.969083454132246
3359,0.0029930069969250515,194.67904154485467
3360,0.0046286918083284475,76.68843336605816
3361,0.0034743184138803537,152.9219597073307
3362,0.003433166698857013,356.665156317659
3363,0.00445198530992316,192.1713292468791
3364,0.0036842791827299292,105.21758671695386
3365,0.00398560786000876,194.29920518224506
3366,0.0025022446961115684,270.6814956539272
3367,0.0026573241464470463,102.81369069034524
3368,0.002187050287661289,185.93177091870987
3369,0.0023946078733369965,145.2090260715824
3370,0.0025002343263314302,64.3881502712712
3371,0.003633385876872291,45.97288825583064
3372,0.004060568543549457,276.0332555612899
3373,0.002363944995029439,282.9588612457215
3374,0.003107431432862679,63.52427703790172
3375,0.00342077340908211,48.25466573432087
3376,0.002516482970340522,190.5682418521174
3377,0.0027143255509310456,46.29089498079461
3378,0.0031056621209805037,106.90557604494792
3379,0.003795738195729301,362.6523670324556
3380,0.0030272301413998112,107.16042599261012
3381,0.0020501547809569135,155.45490421423605
3382,0.0023352510267392753,77.47035888590484
3383,0.0028202714885902794,277.0535630163543
3384,0.002789724463052255,364.45844064782796
3385,0.003976567913738663,63.736821833553215
3386,0.0021079551625153205,366.80048872651463
3387,0.003150806422292424,45.671518192302024
3388,0.002486953823464178,279.4384916664801
3389,0.002605151632060797,153.9002851759181
3390,0.0022258923268054787,45.19395533463718
3391,0.0021033595290520742,30.98436396994861
3392,0.002546219160311799,192.16116718613134
3393,0.003163149493254245,195.52009484543143
3394,0.003008203303927576,144.4203365249173
3395,0.002988302071504381,151.03689117406452
3396,0.0028586845945864224,76.39295149983825
3397,0.0027886856876592125,196.26306710952719
3398,0.004706692192590149,105.88031964319654
3399,0.004377076993478113,43.549367940113484
3400,0.00428439770406509,44.073653856031065
3401,0.006459591736498184,29.89684110566085
3402,0.0051220663923371695,104.60877552052892
3403,0.003810720327083353,62.96506745039708
3404,0.004296344668044435,31.517058779610416
3405,0.0042991643922067595,360.17173222306195
3406,0.0034775732689209886,77.09568135577454
3407,0.0042764884010979025,273.8016114010194
3408,0.004602178227224644,32.07918395971437
3409,0.00804244623728225,32.546196542663374
3410,0.002874860934105947,105.81057606200132
3411,0.004168950254039218,358.2398330380693
3412,0.003590722340298023,45.425763414920574
3413,0.0029437050133376184,194.19411990705007
3414,0.0032553721868827925,74.89767975783623
3415,0.00463469388747069,147.45249163574567
3416,0.003721485322926064,278.8403241225883
3417,0.0029468418061812155,278.66980448947885
3418,0.00223410988430753,62.97288987974972
3419,0.0024659266376138196,195.14056147773732
3420,0.0038387498208811103,48.77100796573709
3421,0.002506544285167295,109.76766988677107
3422,0.0031991076008627464,30.68045221352703
3423,0.002516195818065296,31.848162523481548
3424,0.003753747601167869,66.36717486878615
3425,0.0022626510513377566,47.28127995120203
3426,0.0037054203207936252,153.50370048952615
3427,0.004166743421872245,110.88181737639502
3428,0.003443210074661785,65.30569280559263
3429,0.004132690824225789,287.10625750074024
3430,0.0031488126273171266,109.58109244616942
3431,0.0036180068738933652,366.6636943827681
3432,0.002898700595810405,364.46572125854016
3433,0.002026046907034675,279.42253730739105
3434,0.0015548582339099746,46.74632893251347
3435,0.0025541018264363825,192.7724409617802
3436,0.002706088993529027,47.60417457616047
3437,0.0028276125569952864,149.61273628165162
3438,0.00362894449161202,77.878672527802
3439,0.0028676328157206834,104.13939316585015
3440,0.0019419472376639379,63.43030855691556
3441,0.0024595429512917068,150.57500207141734
3442,0.003331805399186025,79.11189353112437
3443,0.0043872089462623125,63.81552727794393
3444,0.004299869836902249,155.1034513853494
3445,0.003511404351023153,192.24911534642578
3446,0.0034771395959941184,193.2553140041127
3447,0.0036623663684106243,78.1773935783374
3448,0.0024085180324422057,77.00868172608331
3449,0.0031185089033691107,198.8043906697358
3450,0.0037261712849473183,112.49637139497494
3451,0.0033497866398409545,154.24910662495984
3452,0.0038356010178577597,63.63885393237192
3453,0.0030361558443901767,362.60308960829633
3454,0.002413641857758755,150.62283691418506
3455,0.00445247023095156,197.5044191587539
3456,0.002630211909406368,195.34295547200512
3457,0.002196314330252459,46.59263322722401
3458,0.0025112541488502196,108.32351641170492
3459,0.0021494161239764974,29.67556497380668
3460,0.0034080331389969407,111.35796178847181
3461,0.0038579095036356463,280.385582390254
3462,0.0035525682248809406,32.408704596580286
3463,0.0028516439029477327,74.93925435780886
3464,0.0036665259774348617,274.5561092046726
3465,0.0036024572753474886,79.56430673897074
3466,0.003037993168182881,280.943645442538
3467,0.002240565046199432,62.83175053893764
3468,0.0022464076275104288,31.766224737890013
3469,0.004402597503310692,110.20585702620826
3470,0.0027097090609920125,278.00565491788035
3471,0.0040942618680501995,81.72793534104483
3472,0.002981333824773801,31.672847704771883
3473,0.00350665228504966,196.59765086237672
3474,0.004671227046167808,76.88721580555979
3475,0.003706762755720805,61.51755101696254
3476,0.003458599838754489,359.01851724611913
3477,0.00419164059230998,78.18402620471899
3478,0.00213786859810195,78.27991495739883
3479,0.004591106437477389,48.35770470060281
3480,0.004744571527741764,197.26381266152706
3481,0.002980746007763674,59.86776702599424
3482,0.003344682972287262,57.76883554790993
3483,0.005278698476448315,75.41827790630653
3484,0.004139011318227244,281.5141902477609
3485,0.003288517723858069,358.4300381619396
3486,0.003793745420618458,151.70695688643232
3487,0.0025865885348280316,361.70806877174806
3488,0.0024525969037005753,273.57138328734845
3489,0.0024426306157728016,106.96014961683126
3490,0.00198006953858144,274.6799679432091
3491,0.001823780858088828,357.89925378884897
3492,0.0023743443663737833,32.473778993231264
3493,0.002461622387420141,76.75419739820873
3494,0.0024813708188792753,48.94423399998052
3495,0.0027552350381076143,32.81072514469307
3496,0.0034289691784825,80.42152797912142
3497,0.002723980034716078,47.17273129922936
3498,0.0026411294263731368,31.539921375998276
3499,0.0040055524986493795,62.09283031275086
3500,0.0033884839437642138,195.7696086940343
3501,0.004102041169641201,46.67319940306885
3502,0.0037671303029035976,65.82347815398974
3503,0.007908045147028673,61.59755553696941
3504,0.004768528690402748,366.37860573302186
3505,0.005114765178282019,80.03086075606319
3506,0.0057113795242987615,196.72049781928533
3507,0.0021667216632661203,66.02365527958494
3508,0.0035071126484372194,363.3207222388513
3509,0.0017219882194376155,191.24162287914191
3510,0.0029056038288340583,77.37047183138488
3511,0.002297973029894358,361.98033781252303
3512,0.001877945097262187,367.6509322021995
3513,0.0030472975730729776,283.02303859001745
3514,0.0029025792603627858,31.392900162761695
3515,0.0027783372225443806,281.25028945326886
3516,0.0015222627930622128,369.5427174376701
3517,0.002062284075621462,110.10171260915568
3518,0.0024944606146212835,149.80122463120685
3519,0.002726218086389079,278.1513845303075
3520,0.0024231866979423956,197.99288300149192
3521,0.002422510372009522,78.1847757918797
3522,0.002313622580042878,274.71314614678835
3523,0.0013634411010118742,364.77903531967604
3524,0.002158783928698048,79.00792266372463
3525,0.0018488772249667892,155.19605722037733
3526,0.002844557006225128,76.77008137092668
3527,0.002506303071327395,33.097053540873915
3528,0.0033785091739830767,155.8436369276188
3529,0.003837609501068196,64.80626412183835
3530,0.00263953915901556,108.85487571091645
3531,0.003765654223036446,195.84515428038208
3532,0.002332187103345927,365.96258237620475
3533,0.004113036294326706,106.2897323680621
3534,0.0033321039733225557,283.54162454103596
3535,0.0032567017433856086,64.4378267330547
3536,0.0037725565405806365,76.33809984090747
3537,0.002398363932779584,80.70447178285491
3538,0.0032611052175856125,49.21662210983744
3539,0.0040361528048504566,31.922919077677673
3540,0.0045989439583806685,80.63056764410352
3541,0.003797552954442976,197.2373181056983
3542,0.003491627206378987,48.129697884740274
3543,0.004177398425457857,64.37209402187275
3544,0.003481325126883278,112.43815560548829
3545,0.0050686019302670976,30.248184079181147
3546,0.004990477136603799,113.02819778917294
3547,0.00391692334085231,364.9320179140811
3548,0.0064397789112924575,48.27449926062098
3549,0.004370691918653917,151.82286667163473
3550,0.005723619392660685,154.0502544399449
3551,0.005223264304172167,107.41001737911267
3552,0.004191401395505166,33.08004627100114
3553,0.0039160546888857605,277.0783131045959
3554,0.004272346014000379,32.743802230076575
3555,0.003978822290233841,151.6095588826471
3556,0.0030380831566502128,281.2744717290329
3557,0.0024210761659638194,366.94022608637965
3558,0.0020164501091604623,279.01054755374753
3559,0.002929612333655068,79.72521793944246
3560,0.0026158823521026785,199.66832310044637
3561,0.002271941937418836,288.7390919837042
3562,0.002014692638426666,33.2420230753774
3563,0.0017693914763605369,111.09059261653431
3564,0.0028673629082399763,110.27204523208027
3565,0.0030572209418647284,280.8798549417607
3566,0.0022457146626728556,31.874761913961088
3567,0.002838883773639397,279.3424738423214
3568,0.003790310209450594,275.35503217265233
3569,0.003622634440011304,190.81392702433095
3570,0.003786284222686928,48.793519015336194
3571,0.003172617321310176,278.63780207473536
3572,0.0027993966237714477,371.3748102934135
3573,0.004022720204751562,33.15593914677095
3574,0.003207080659856067,45.97029361572844
3575,0.003724315422799227,283.42239133318526
3576,0.0027103799915503893,371.5279752712308
3577,0.002880456940271291,47.79713861536081
3578,0.0023752676002612542,366.78370383907617
3579,0.002200240025244902,281.04414367049844
3580,0.0025140843725490287,32.222158513445805
3581,0.0030426258159922596,276.406817717753
3582,0.0024705200240560704,192.9717573927344
3583,0.002908156164906088,77.25736891577216
3584,0.0031228590271632005,62.881395102155714
3585,0.002491863092721112,46.27985232350875
3586,0.0031326073849567812,63.88029574860206
3587,0.005151474287148713,50.599176641535855
3588,0.002941676665614068,107.33472434992619
3589,0.004703873406872802,152.18288532016817
3590,0.005546932051997985,32.5268978002939
3591,0.004180142753894054,194.03530951888553
3592,0.0027885938938105306,65.9817229670242
3593,0.003472382800774755,200.50219708712314
3594,0.004070998358769167,199.39162633236913
3595,0.003542979237478833,108.71584706675623
3596,0.0035126297860465536,65.22521748876629
3597,0.00341330466897411,371.2632908528793
3598,0.0024251796623284976,278.4609675704165
3599,0.002288662398730255,61.11330366931206
3600,0.003800044741408258,196.12388434036416
3601,0.00202337112483185,359.7745529990046
3602,0.0015918168450311063,276.0608838338468
3603,0.0016084341675833033,366.9400934061831
3604,0.0022669956602344014,46.374287659776705
3605,0.0020689439467840953,360.60689599371136
3606,0.002359834336931345,78.19294975202594
3607,0.0015684510368654378,152.51991099196206
3608,0.001815361777516955,49.87654857774182
3609,0.0032456468762322335,369.7752258771761
3610,0.0025303420295914258,364.00205040647154
3611,0.0031260068890149937,151.7736066910788
3612,0.0024161462099816073,287.9186408188816
3613,0.003119266641398418,75.89027096687441
3614,0.0024102164045600788,80.84602335840327
3615,0.0023196723134858007,104.00225654584622
3616,0.0033660963962229918,31.49113707313862
3617,0.0029853078714912737,196.23035355277673
3618,0.0026673517562056997,279.9936872851873
3619,0.002526734948382049,78.15154707360327
3620,0.002760638364313362,356.5743660040348
3621,0.0028301256422558004,50.015294317206674
3622,0.0024999967412301116,108.43004302986591
3623,0.0023506044161005083,192.56624031069833
3624,0.0021714691528685113,363.3239222856066
3625,0.002540567588299305,279.49489300579216
3626,0.0018394103981523753,193.8003713046699
3627,0.001731934210542461,31.528694507285373
3628,0.0016041416610638383,152.48231445545508
3629,0.0015826556679304962,32.1537345949965
3630,0.002833007114728839,196.85491069173884
3631,0.004859963292580466,77.44616943760373
3632,0.0038046942476334202,80.04378386936155
3633,0.001839694399171366,192.75940552301392
3634,0.004497775570702373,150.23476478037347
3635,0.003997777873546462,372.203762735602
3636,0.0026905488879136324,194.5836709764828
3637,0.0034767793423826094,152.37526947106173
3638,0.0026249165450157675,63.1874298957927
3639,0.0028935927076729315,155.13876003120708
3640,0.002501131113250029,153.24806042188877
3641,0.0027306733032469673,365.08498810643925
3642,0.0028113788952892223,48.58870011138423
3643,0.0028795450674830906,154.17181539022462
3644,0.0046638189867672765,31.368274264265164
3645,0.0036800729233565266,363.56950947919967
3646,0.003019565392736995,192.05254657703352
3647,0.004337755082071288,49.468894111586266
3648,0.003722453608588694,109.02888875988387
3649,0.003125425017245461,62.97592708480814
3650,0.0032235106030707996,155.42511655560412
3651,0.0030728008430639716,288.7081681528375
3652,0.005790873147276924,62.30971767080885
3653,0.00282539352906817,279.40933709829784
3654,0.0030786451809091753,190.3732867915632
3655,0.0024729485158926623,112.51177213279398
3656,0.0033158964132284025,193.50798533466232
3657,0.002485953257255363,371.15693529360334
3658,0.0018245199644789445,80.83065787406996
3659,0.00147345075147941,29.57357643641745
3660,0.0029146515550949226,196.24866763096426
3661,0.0023761207172243565,193.6112822217558
3662,0.0025477412271036025,373.98427312828284
3663,0.0021562508929466122,282.29994217497017
3664,0.0024233955202196903,46.479596898051106
3665,0.0022684118727354127,153.4268580651761
3666,0.0026624050322590683,45.36679630125787
3667,0.00213197413863077,283.37890041152184
3668,0.003016426896567554,364.61470903049536
3669,0.003644216318897289,31.068336564970657
3670,0.004100824377397755,156.2342147748561
3671,0.004376623136694606,74.28717690021824
3672,0.002476344682076455,82.03368373082604
3673,0.003926576527411616,32.39582260460839
3674,0.004659109969137576,108.41235243402448
3675,0.004556574272031027,108.97067364596863
3676,0.003405947723940261,357.91235650002756
3677,0.002588060292926118,64.0314442085988
3678,0.005178496289158215,78.04116299104318
3679,0.004601924218223336,156.15217143049753
3680,0.003445017304404677,197.35115752616298
3681,0.003176729467162021,195.0408902343899
3682,0.003088722819139266,30.780251030032975
3683,0.0024597163142532044,32.28083935157685
3684,0.0032592083152022415,47.742256426059214
3685,0.0038833375411087847,278.84116403107515
3686,0.0032221857846738643,29.788285180505678
3687,0.0033028058247889123,369.2342389976822
3688,0.002616071730232294,77.41897470093953
3689,0.004058714459800177,62.15266034939037
3690,0.0033199222610934298,111.76903164741508
3691,0.0030597057185055006,368.786628314842
3692,0.0034074722534569446,64.1209845384403
3693,0.0043960863029312,64.5880880950938
3694,0.004085132740080801,48.166171769645906
3695,0.003812650038684748,151.48259989158743
3696,0.00380829664324913,49.45771143457042
3697,0.00454157954515984,61.09042131488905
3698,0.003925233817238963,191.14872808334482
3699,0.00418926448764978,154.35850242245823
3700,0.0031506079078760445,373.845911635413
3701,0.002690074650869261,80.45868973884386
3702,0.003320227016674963,283.5097564125577
3703,0.0036703906924831055,195.6153851597491
3704,0.0026360172027475553,366.4630396564794
3705,0.0026944028770415924,65.39495128387662
3706,0.003013030364295096,105.03972391369258
3707,0.0024334386970802243,363.7051431104193
3708,0.0024687864517380313,47.03389978208173
3709,0.0011664396233441196,32.621475027656885
3710,0.0035677657654629843,109.37621900172932
3711,0.003159259715060434,284.1352609656184
3712,0.0028930587028030185,156.26069337644387
3713,0.00405173879096702,29.902608593489546
3714,0.002146016854935993,78.96320505245706
3715,0.002743214897306573,108.27194672505921
3716,0.0036898700087966483,109.89868987772965
3717,0.003257153756345998,189.90709196846169
3718,0.004191752816829021,363.2846657184889
3719,0.003024453664197195,50.3879729595594
3720,0.003187648547034107,48.6732227672654
3721,0.0022693472995191973,369.29702804164026
3722,0.0028517186274748876,76.29512001453382
3723,0.002952612570574665,149.39782798429064
3724,0.002524500093123979,151.2813493968441
3725,0.00341199382687178,47.85266677537766
3726,0.002371307110131465,149.46191274050307
3727,0.002581939048770028,365.64662317892703
3728,0.002176645997838257,195.91073967463961
3729,0.00174018707700821,276.6930931997055
3730,0.0020298327885426826,276.8802313022786
3731,0.0021691050637680466,112.83846638910117
3732,0.0023648355546197074,195.09161479192733
3733,0.002112628595363865,282.64125113936524
3734,0.0022006508006785393,195.04169650758902
3735,0.0015182906029213277,152.6584621607794
3736,0.0020122649157384644,158.35491703010723
3737,0.0025417821223151084,32.07325168286171
3738,0.0018559647904691121,47.76998156580101
3739,0.0040146373465342385,44.60185235617975
3740,0.0024973506227095794,278.6607825919585
3741,0.0023751006741116036,79.13936996867955
3742,0.003035622702539559,64.97739668057751
3743,0.0015036695559533186,32.157754639818386
3744,0.003518874190614981,365.84143937736695
3745,0.0038397408124393015,108.81254770420782
3746,0.004203236107565954,199.58817863936918
3747,0.003623048703859142,80.88017443886432
3748,0.003526160832020437,153.8394468717994
3749,0.0031884361423246597,201.68325461446372
3750,0.003861739177395027,364.33082945696265
3751,0.002408722492708686,156.2038338135253
3752,0.0009619232465195375,64.29947419325826
3753,0.0041518363632349065,46.751177395988705
3754,0.002852698697524646,152.33835757870796
3755,0.002375194451791014,361.1605919064385
3756,0.0018732143022085388,80.37896480103177
3757,0.0037721647904618294,108.27502197038457
3758,0.0019056499907562213,109.41012605802759
3759,0.0030404738440738778,370.83512415355534
3760,0.0033636199843315876,107.33860814545736
3761,0.0022359559000089914,61.65001654740258
3762,0.0030673424945990508,285.9166453397329
3763,0.0027186895958628055,277.58403706232974
3764,0.003947399260928128,78.51276491493277
3765,0.0032914205793500074,32.34494747514397
3766,0.005629614762669503,45.21516787889834
3767,0.003794616849340058,193.55511296713365
3768,0.0034748321031290576,149.19174698415895
3769,0.0036856023780396053,146.96336074768573
3770,0.0027137989632113444,363.0551504831708
3771,0.0026556660123370004,80.90608367140989
3772,0.002844198297618462,64.81126310911107
3773,0.003347034595105764,278.31384436970365
3774,0.0014894670386701332,30.566925837321673
3775,0.004605229479238915,49.39868085282615
3776,0.003254390296206111,60.603415268913004
3777,0.003050899040061377,152.65380233701654
3778,0.004210437339370213,196.61839174049368
3779,0.002842320553313852,358.8596456434035
3780,0.003084214141772079,277.0303025487868
3781,0.002233145924253325,199.59201399430708
3782,0.0025095931905963226,369.4880152834852
3783,0.0011892031384424214,197.01909853931954
3784,0.0018066635008111196,370.21385638854264
3785,0.0013589062858453214,30.615045163447128
3786,0.002164619641448131,197.99734399804674
3787,0.0022397789038026334,76.38936732205838
3788,0.002946598871827611,63.076607469887215
3789,0.003342405939638119,365.5466368129607
3790,0.0023927817208752593,155.75559267814333
3791,0.002737914007306804,109.22640773669713
3792,0.0032545029718544964,193.79547124520724
3793,0.004210299881709612,48.80557962955919
3794,0.0036306057735277196,66.64191494336467
3795,0.0027740676788441856,267.5229837080769
3796,0.003191885254383965,362.46613931923
3797,0.002269703002611161,199.1088357863373
3798,0.0022631439509992065,48.804974760504784
3799,0.003090138761271609,80.00911502475218
3800,0.002824144340574881,154.93763165070854
3801,0.0022633395629177875,151.75669471733116
3802,0.0017373873827388954,49.06889556435134
3803,0.0027956544424006112,362.31772048413615
3804,0.002637069306106703,368.689026346322
3805,0.00358364957882541,33.41283621317163
3806,0.0029331519969781443,60.82322552258313
3807,0.002483649193207677,145.7830927321448
3808,0.0030288235760632565,49.53633775392023
3809,0.00277151137650973,276.8160425418785
3810,0.0032061895221271995,77.73605000976069
3811,0.003988529600015632,75.39248177081227
3812,0.002802435599684312,159.05239230147475
3813,0.003024536868279342,32.59669928741751
3814,0.004262529518975816,156.27091993850573
3815,0.0023998387641140967,32.76717947051425
3816,0.0038139147750448268,65.34777612935234
3817,0.0045893533507793466,195.5411138626723
3818,0.0042952738725234975,59.81015414896893
3819,0.004117031515134669,80.04834628603486
3820,0.004145973084960883,198.91113534179127
3821,0.003186150473059545,79.97012248708707
3822,0.004061092226161776,63.80831023248375
3823,0.003734531712675212,109.19381893240345
3824,0.0040515507106477855,62.19946092256643
3825,0.004575387744610912,192.08246817010541
3826,0.004910922197129783,63.26643017415689
3827,0.004503251615509775,76.35921696948695
3828,0.00297064092157279,193.00084897707725
3829,0.0032988196796041092,62.33645987411427
3830,0.004569711729659346,28.72545886326904
3831,0.004144018729938207,151.76691918117737
3832,0.00451902818380843,32.94867617286631
3833,0.0036760988202261683,105.29156213237844
3834,0.003432570469060572,150.44984583458236
3835,0.0034024162614636434,159.29657705077787
3836,0.003065193907682092,105.53202976046822
3837,0.002432034170598786,363.69368005691894
3838,0.0029943832742554658,200.45857609996193
3839,0.002043803745568157,198.40963374502596
3840,0.001559067009825626,156.34059266069218
3841,0.0029500975096436147,153.18934474848288
3842,0.003992790680058533,50.04873093336743
3843,0.002498732193906385,63.540313802950045
3844,0.0025722988852563008,50.585765663453714
3845,0.0035844138923990117,48.088505067941725
3846,0.004337140108465723,31.165506979282455
3847,0.003575992111408467,156.8367053506306
3848,0.0014312287286006252,31.5426029713854
3849,0.003669614956476791,367.01289174073025
3850,0.0031833680240863594,368.9914819000456
3851,0.004472349282583014,81.87686070921347
3852,0.003565397398316153,370.88796831932945
3853,0.0029725191506243436,62.2932849246669
3854,0.00213940294129729,49.73120869422563
3855,0.0021233361558371457,153.05616718060776
3856,0.0017913662901303524,368.6994877082341
3857,0.004481692899860028,30.504001564079783
3858,0.0022592157672244144,147.71942819057355
3859,0.0014623631799291945,51.03770750253726
3860,0.0021388008050383755,48.06905470561337
3861,0.0028246479477063626,279.5301422274994
3862,0.0027408471000619347,200.20248043683452
3863,0.00347664321010034,281.9005325555939
3864,0.0023911222743580847,367.20547282738954
3865,0.0025365263402285375,29.126886205273586
3866,0.0029997721734336008,148.5472133286384
3867,0.0029902710092352845,194.29965346712706
3868,0.0026397976380929536,365.09109329705245
3869,0.0016885470647163882,77.52461744022216
3870,0.0021626803814345616,155.93438948809543
3871,0.002828057250459598,30.417960546758568
3872,0.00374432313037687,32.353004012866705
3873,0.00496721869294927,152.8983260457463
3874,0.003398156230785992,371.4566045200812
3875,0.0024531746340261842,105.32556984819718
3876,0.002599555970010516,79.4716154379779
3877,0.0025167821129735814,33.131766873989434
3878,0.002944677130423337,362.91693050311966
3879,0.0025124160567264135,51.241913348510884
3880,0.002672923373473705,154.80220039479383
3881,0.0016948950884522094,48.39978727411906
3882,0.003536139490456327,155.63800331499928
3883,0.002170985919915041,154.99687976941718
3884,0.003661634717535518,280.33945255230526
3885,0.0045393004847624225,34.07798410052981
3886,0.0033299487355319657,114.9056284711124
3887,0.0034956362735228176,373.3357183861481
3888,0.00380828530352905,65.44816684884637
3889,0.0031139866038177966,48.25297007011761
3890,0.004947192786063861,281.7142902529347
3891,0.0033205425424617154,113.73361282999001
3892,0.0024003832131444035,368.33206097768704
3893,0.0026126614322595104,375.4542307722553
3894,0.001783856063726629,109.04628032805968
3895,0.0021426797549978244,61.970438060105046
3896,0.0024080203196029507,76.40501827198788
3897,0.002874466318989389,29.66630220818082
3898,0.0032725816774053294,108.4336987045277
3899,0.003402845148918238,76.3165924003386
3900,0.0035366960583255256,111.94184988723569
3901,0.005535641373865211,63.01951989281071
3902,0.005027015184334066,47.07635455705744
3903,0.003284226769575134,372.11852501070894
3904,0.005185840496184168,110.43869253072236
3905,0.005881850435331659,77.7272913332896
3906,0.0038191907093608857,48.615390388096834
3907,0.0047166615843928636,83.60420555133982
3908,0.0020072762506907595,31.79391764674885
3909,0.00509340244604835,66.02483552994842
3910,0.0054410388107948935,192.89609504318355
3911,0.003968076159393464,107.16932388803278
3912,0.005471759926711622,49.944156981408995
3913,0.0048348476957471576,153.4925303236978
3914,0.004281023865792442,289.48495286510325
3915,0.004300397190564655,77.06894274856558
3916,0.0019052667149398158,48.86899052145749
3917,0.0023653296800664582,82.08610603474011
3918,0.004251952222495168,200.23377851285983
3919,0.004787873504524628,47.36190861570665
3920,0.00435627783599557,108.99456358370259
3921,0.003281147165755568,375.4063374964976
3922,0.002370767932251016,158.30241910563947
3923,0.0030851906224933358,372.6877224485292
3924,0.0026412517569421754,373.2015672062137
3925,0.0019423953445124533,367.5477016402804
3926,0.0016693850755705201,154.8649826840572
3927,0.0015365642217637708,110.00672529499634
3928,0.0017268028252586394,158.12157458042046
3929,0.0017786745669980976,368.92256419883233
3930,0.0020635120463915703,280.4327937900104
3931,0.0011180300557968841,35.001619855875816
3932,0.0020904974825657753,198.12186261283506
3933,0.0028443674340008795,78.09564021724262
3934,0.002363485857595212,154.22451892718914
3935,0.002148565233150853,109.49167272602459
3936,0.002065515103194483,194.93607377668445
3937,0.0020959049333803604,287.6467881806585
3938,0.003388211288263567,109.88796684237738
3939,0.002551187366163466,199.68786056746004
3940,0.0028674357205405753,107.23190254078537
3941,0.002667825663655972,31.33210379002907
3942,0.0026265370635946026,33.51812490402619
3943,0.005621902459473671,31.886935105326277
3944,0.003738379873045803,63.37988359762488
3945,0.002892682588781562,64.0841037109617
3946,0.004196156184059899,283.87031779181774
3947,0.0033511527522637765,82.10058700033875
3948,0.0037113323710728603,193.8727932674012
3949,0.004620121920517114,77.31728102143332
3950,0.004157026344063734,109.41689459693366
3951,0.004700306276343739,195.67963004815053
3952,0.004056134085279052,373.5522088023255
3953,0.0036180592300109403,31.908990365853644
3954,0.003930816974487342,82.5106935169194
3955,0.003912911214088454,193.8886512613976
3956,0.0036605725841896996,111.67052159360388
3957,0.006803545662974516,46.913767568862376
3958,0.003701006375194993,67.8934792666602
3959,0.0034112327660534023,370.25614660949526
3960,0.004660592358080883,65.76036065816521
3961,0.0035633201683220464,367.09395182119573
3962,0.003200653568738148,31.696624291072805
3963,0.0037850431730601423,33.989833924845556
3964,0.002745733499191497,80.88066125762666
3965,0.004100955242820236,153.8957157760112
3966,0.0027236893481032793,81.19407464889356
3967,0.004036015918140597,110.9818180472589
3968,0.005371999327177367,49.59649175101307
3969,0.0037009513152952422,49.47651114851706
3970,0.007667379808293029,32.49509734429708
3971,0.00661070499336347,30.152815219639304
3972,0.004958391381542626,288.54324409763046
3973,0.004062371723717907,67.39602248234816
3974,0.004371469045051823,373.27392692514815
3975,0.00303215896909177,278.3398305407662
3976,0.003376137511063112,110.93556602965526
3977,0.003649708212332975,155.09420644747442
3978,0.003527793443692229,148.81290624621016
3979,0.0022707683972938058,78.06174835018807
3980,0.0032811320708893057,105.78364234258443
3981,0.0029368568089908798,277.2292953310006
3982,0.0027345810198711206,366.8371711723262
3983,0.002975313135859817,63.976559229426854
3984,0.0024256349260267963,149.0296120851422
3985,0.002616976794921687,49.41446044743156
3986,0.0032564528757297842,63.49065781888895
3987,0.0022356642643972203,367.7260958397917
3988,0.002238215104896242,77.42767533073565
3989,0.0023547128898169897,370.99368204119963
3990,0.0025851409691313165,50.020601228243535
3991,0.003039008688305965,157.71221891780397
3992,0.0033142698258300228,150.1183881102948
3993,0.003010098250727494,106.62056878122736
3994,0.004121648699318461,63.14425165537084
3995,0.006302457553498574,47.28229629042972
