episode,train_loss,train_reward
0,0.014215504958797382,197.61204570616846
1,0.009489335678025923,194.8785605042821
2,0.00898421692467708,241.97436024259096
3,0.008997480542323476,56.55880870489752
4,0.008931028657906594,246.9838901500154
5,0.00920625436433161,86.52829342195173
6,0.008924012622997366,62.229039408515725
7,0.009171564654857552,57.98471333716605
8,0.009384492539637093,67.04363330494944
9,0.00968228091448042,74.33187187147414
10,0.009393771099646321,41.882987376663344
11,0.009304999592987931,237.20437119030362
12,0.009221883772764929,89.79528388247356
13,0.008864295261837043,110.92216912959822
14,0.009110990760911425,43.50318059197741
15,0.008911031052076187,98.54781884880539
16,0.008386969518938976,144.2318396545897
17,0.008521734504029155,37.096228161025934
18,0.008042967450679638,103.51670279507125
19,0.007440782552663931,60.74521956890907
20,0.00800921464850166,136.73859172842108
21,0.0073084646334745365,54.14248815769542
22,0.007424363848538353,89.37649187391536
23,0.007367065729340538,42.23366512709012
24,0.007284577308541426,107.56569668119863
25,0.0068900219462427895,138.17656187485588
26,0.006807613070122898,107.22382560643075
27,0.0072230534184396875,71.86012536288395
28,0.007171812001205849,185.08067437948833
29,0.006885699737309055,47.417205723224505
30,0.006878008140955825,70.89215361794109
31,0.006711030259876597,42.44193896633542
32,0.006903550106201421,72.30316721662366
33,0.007022717410179142,88.42686013828644
34,0.006756088140517498,124.0108898544769
35,0.006432775147853032,129.0015154854677
36,0.006345012204044245,48.14817338233519
37,0.006423182605487323,134.76278159725297
38,0.00613057908122334,125.25779999192362
39,0.005967621659619714,249.6591547360479
40,0.006325772128013127,240.5296417415823
41,0.006727036138884081,26.814299404789846
42,0.006663423695422801,185.20206633991907
43,0.0072332541560786974,198.366621443512
44,0.0072261053174373395,199.28051619521247
45,0.0071456355997890405,47.466519820341496
46,0.00725978356338321,77.25775550699568
47,0.0068596134159619356,260.1583590538607
48,0.006761612375329777,76.2660779926344
49,0.006444133717609061,35.3919887115472
50,0.006715701962031929,50.195004026657024
51,0.006586755531875847,86.5675209320032
52,0.006225268711904601,101.81468097999702
53,0.006177703966386616,26.777385705871993
54,0.0058376988991557695,88.23896324734883
55,0.006253996913167696,127.33452320576305
56,0.006331224343895085,247.33714915562226
57,0.00624784514021138,156.1760572445505
58,0.0063658503740525885,112.457170248807
59,0.00634325407169191,59.73606610284591
60,0.00652461072316712,257.80694163342514
61,0.0065362871769261924,75.90530063315613
62,0.006686311114532084,55.827667011753555
63,0.006709543239810148,138.1319485231578
64,0.006256321781124411,45.5666665217036
65,0.005772615554100224,28.266294500334386
66,0.006065938034213629,110.79241447153025
67,0.0057629743097686046,134.32774991708925
68,0.006035749162864787,37.83431171818459
69,0.006292100975464955,115.33147533196876
70,0.005841952668364487,78.04319907548921
71,0.006189985261314342,108.38363959173431
72,0.005749772051324688,193.58395719974467
73,0.005645898733343257,142.3161150668255
74,0.005871970533199844,201.24533970404562
75,0.0059488050393271584,199.35915869468477
76,0.0057866444958844365,142.45386081408006
77,0.005947727415076142,199.70210487081619
78,0.005946279620420495,142.22367228415143
79,0.005773110499009141,249.76136803196576
80,0.005912748405681735,122.00136547174473
81,0.006210023547143881,56.97243696873487
82,0.005963082052220359,103.89490472830036
83,0.006322756281186794,25.010732033374808
84,0.005971968332871895,69.6571900434389
85,0.005870811406518009,249.58762402254678
86,0.005870404766066019,140.2079295814977
87,0.006148654261025889,29.36812413635695
88,0.005862505847919517,92.19560396515911
89,0.005904241408387061,129.95700494963276
90,0.005617511406508756,32.088639212738556
91,0.00578215200535802,75.96872586907307
92,0.005728512741020845,85.53839566846423
93,0.0054595459424980125,86.27920993217943
94,0.005334257266300623,92.8441318271548
95,0.004984177780281377,128.78933027643382
96,0.005403829838721488,205.12034296298648
97,0.005557500476872799,86.79124767248685
98,0.004975598300426589,90.30844077617303
99,0.005215681147553407,196.62240705488634
100,0.005382457574833194,260.9251060913206
101,0.005617434865808508,104.61062775417865
102,0.0060124502613626675,26.20573094668541
103,0.0056983267342479065,24.657842728673018
104,0.006031990646171557,48.915118147357326
105,0.005580707126332877,82.35515184502789
106,0.005552076706276798,258.95841518398026
107,0.005534512585507253,68.97957434616245
108,0.00551046028263493,187.76905214259648
109,0.005405289993527381,98.35258515576469
110,0.005355980358227221,251.66340209618667
111,0.005223575963739406,85.34443768957426
112,0.005459368772930107,78.80012646845309
113,0.00574181916118295,84.63483562542365
114,0.0056201158995744915,135.75144846332554
115,0.0055794577718237355,123.95692792586676
116,0.005525506097346514,262.65041070612705
117,0.004649814431041736,24.57409031567837
118,0.00537389085813909,94.3969626938173
119,0.005405523253279744,109.51739311019358
120,0.005873512681413056,30.43387665427699
121,0.0054906094671671535,40.959267343120885
122,0.0049653991528177035,140.0085568353054
123,0.00533661938815273,260.3886485589823
124,0.005374198570463107,113.64984254444572
125,0.005351236508369951,58.478455560544376
126,0.004775778639355096,30.41434470767134
127,0.005280064341674846,83.57797492090727
128,0.0047486599253786085,101.49721398317378
129,0.0048403122967680574,46.21940490481779
130,0.005188512649981241,26.470310115229346
131,0.005128403946029311,201.32990397637892
132,0.005332877348477128,87.39699494660003
133,0.005523315890321224,59.23690075206534
134,0.00521270645845492,50.597906755581235
135,0.004834983045629297,87.32020632752217
136,0.004940114038241706,29.376425320635274
137,0.004865967272077656,115.97006051326399
138,0.004856552165080556,56.15689924577858
139,0.004720342537219604,25.235520081527785
140,0.004720103469690702,87.353552554897
141,0.004650059704686036,187.70620992569084
142,0.005134008865030578,143.22490019923836
143,0.004962048581960103,48.72881710260638
144,0.0051078120564311946,66.3407708012046
145,0.004780233147200839,23.71080175099983
146,0.0050186588288687,45.756861170674036
147,0.004959217717908826,63.55877104186562
148,0.005080051440786584,190.11179739724977
149,0.005309085304011555,80.0992330228832
150,0.005340493934524532,96.74966282397891
151,0.0050557904358921124,31.529939421910363
152,0.005376277687341476,80.75021950258001
153,0.005373094857322989,253.1536716143715
154,0.005423823263993392,57.017745331312845
155,0.005632645365021182,137.1408688985809
156,0.005534436447935429,83.98310294293209
157,0.005451392035537697,135.50067222136178
158,0.0052812007929740916,158.10054176780085
159,0.005354489248219808,244.22852716591655
160,0.0055898229565144964,149.760675693263
161,0.005782811624797162,62.03830486463553
162,0.005674071509615871,23.67704150284635
163,0.00534128047654341,28.299799604288307
164,0.005016410585085396,82.81805043228088
165,0.004951504720586606,46.88773814068574
166,0.005103287861195647,46.887445965137765
167,0.005117767151401944,142.824486480074
168,0.004657682824221536,29.46516377311142
169,0.005592935654366839,28.599783751814222
170,0.0049211992796110385,198.5978670726277
171,0.004914935509046792,56.70927322612509
172,0.004926228537354967,242.02514365814622
173,0.00510751274963644,204.42829693589158
174,0.0050967447850353165,113.35416636838207
175,0.005122111335196751,107.71210254937624
176,0.005293815167796001,142.08416883684626
177,0.00542321732859971,115.57491166895458
178,0.005444080683702741,122.26679914024042
179,0.005177544160804557,246.45543800467397
180,0.00511200359059413,47.129744496551815
181,0.005016393349709102,115.3249759198815
182,0.004972951264033132,131.18851474957776
183,0.00504679704632459,67.1668395449902
184,0.0050048755110390294,142.1658199799743
185,0.005153946845237761,150.4284273930685
186,0.005120881370743139,246.71185179120846
187,0.005574030578161346,250.81417130376312
188,0.005854961547270618,67.45166194339964
189,0.005413995377935044,136.70298344753292
190,0.005809723736323141,191.00382919772608
191,0.005878379011884351,138.14731268729756
192,0.006150967385937375,48.503774669073536
193,0.005696957301832019,81.16751814989735
194,0.005597590683652184,147.95830490741446
195,0.005300412163540552,47.546804436123914
196,0.005192983109736815,43.24767101840134
197,0.004988820663790896,46.827989494688545
198,0.004896134996377307,123.22639350867941
199,0.00497620049764447,251.053431187128
200,0.004944001573362741,27.898703687368567
201,0.005132967786101455,37.93183021022407
202,0.004562846359527919,201.34457157866723
203,0.004565677441020783,100.00736365902483
204,0.004372659557371993,37.946233690821266
205,0.004357448371592909,99.95749773378715
206,0.004461888450958622,252.7526618604284
207,0.00489836718994551,85.81441766724326
208,0.0049137702208591275,60.856271420050625
209,0.004462232772151337,250.80948483768134
210,0.005167081404861037,199.3490980831261
211,0.004996139303495345,37.235502684225665
212,0.005078709370582917,50.15800889413544
213,0.004792078809590417,45.79860507085757
214,0.005535563670805302,26.93263271877656
215,0.005328423488532011,118.97151993219839
216,0.005039712550225542,62.45716057625308
217,0.005170593699194097,92.93771425191387
218,0.004772601844790901,143.49537863430496
219,0.004737836534993469,41.17265724055483
220,0.005058097762605367,138.05889034206655
221,0.005005527256258033,74.60993704682254
222,0.004727270705468702,95.6720817716668
223,0.00464789175347831,257.3881691403085
224,0.00490671971332836,198.0756352535743
225,0.005133694356179252,107.60114900969086
226,0.004817604721140994,88.98297424215826
227,0.005028094809257693,60.0441491854262
228,0.005357552086934447,39.968232463547636
229,0.004915445460037799,153.12039859673652
230,0.004763913283445495,59.75263828395187
231,0.005034998697917383,197.80749838623584
232,0.004595846132083275,57.55653574214091
233,0.004653138493194018,70.2065142072328
234,0.0048652922837711336,206.31880919437285
235,0.004597954520746854,139.62286607515176
236,0.004712266963711258,120.89364339016375
237,0.005277445564967242,255.55927224768897
238,0.005184847452874612,146.70441756475023
239,0.005467708425801563,63.12356729372305
240,0.004930990575457592,58.196542182904295
241,0.004915657255924859,53.91610526387137
242,0.0048115604081278626,117.18801077158207
243,0.004811063891765182,152.99581036023966
244,0.004582594109878472,59.535650784278836
245,0.004659469116772998,255.4410665619783
246,0.004448913979061235,134.29958660672273
247,0.004337139901351826,30.22167747519785
248,0.004407728283636815,258.0189470348575
249,0.00425410873669369,40.8780244409989
250,0.0043016933414525655,134.71883396182537
251,0.004787888320517057,190.41385819049452
252,0.005105537141609038,31.725318919337596
253,0.0051082691204780055,202.23096235266146
254,0.005247642379434127,137.92555722085072
255,0.005542341983774519,56.191556986774934
256,0.005190633380180705,149.61075307964452
257,0.005228876758629535,256.92961476296637
258,0.005343754809809186,124.76200394851796
259,0.0052052518625383855,41.85784444060062
260,0.005340235069846077,251.15872096201588
261,0.004724145115163746,61.25107076977966
262,0.005357783063887977,97.90199746877677
263,0.0048604136131502485,68.67378914204481
264,0.004855447365679135,153.25087354209984
265,0.004848662005561228,58.87980345818658
266,0.004472269265271589,143.93615739054152
267,0.004603014079178356,202.51352435118378
268,0.004539785242535069,137.29997068060985
269,0.004378881168140773,129.8509129923372
270,0.004332649660023764,28.981146179883773
271,0.004137557924528105,89.56954849367126
272,0.004377121460542234,64.77463208114226
273,0.004316185270870616,194.90850071424293
274,0.004593023375491612,41.896323698040135
275,0.004730510667603988,113.08979354854758
276,0.004775225732539018,41.174528398940666
277,0.00489826891985643,62.67409140308535
278,0.004621170704642561,81.94392414913465
279,0.004545614717463995,29.35718196149254
280,0.004078511812482388,106.54493088824886
281,0.0042519661348286225,97.00919017244041
282,0.004408966490841457,197.1924047696443
283,0.004476796719245613,27.051957061969
284,0.0045011946892018545,63.32895127481599
285,0.00452174442638722,57.099257242532566
286,0.004513330563405851,85.41405189407632
287,0.004195194337454096,74.86201386067522
288,0.004311576056249873,200.7252152456903
289,0.0042122589260492225,193.1105345688907
290,0.0043388040592278335,47.01075813626099
291,0.004358230212416787,107.22261096498231
292,0.00429006445268333,206.08696341260102
293,0.0042531187050785365,45.14280627258961
294,0.004146449775948047,58.6936411012696
295,0.004101775029686012,57.54341294994807
296,0.004049731697622602,44.69943812983629
297,0.004031213647751954,139.62488305093265
298,0.004292160805494071,259.4438400612478
299,0.004261380899361729,95.86362558299184
300,0.004225616357153983,191.00353191444952
301,0.004507637520924926,202.98196092050168
302,0.004518281776811285,25.573487896074013
303,0.0046843713397103914,133.34932786095695
304,0.004568906365775393,55.086290937195585
305,0.004632163845764642,42.70583804719693
306,0.004046851773104021,29.875313308204653
307,0.004623721375435093,190.53983959339905
308,0.0046983775442081075,95.88853285529301
309,0.004560974361643625,105.7742292904517
310,0.0044515993990685366,121.84854317861074
311,0.0045136603757628575,55.087448821591735
312,0.004488911662225342,204.37955121078625
313,0.0043781200785066605,257.1136708243566
314,0.00452700905281774,259.97459101220375
315,0.004781224011484361,143.55037149611763
316,0.004672405075465436,95.36298554116932
317,0.004963862276464176,114.18834668500644
318,0.004990048911736875,253.01049850315238
319,0.005255277126080132,30.24394752771706
320,0.004951960355604321,41.83926257482754
321,0.004974642884130967,66.226134507542
322,0.0047159628632428416,124.99112904044134
323,0.004584154744372942,264.88856426887696
324,0.004568567615311174,264.720605513651
325,0.005000014734540987,259.40659982769137
326,0.005113896145239394,195.4294064215292
327,0.00497449259471022,50.71386026966354
328,0.005395459613005109,56.371838696639124
329,0.004899224228273821,28.318136768813126
330,0.004873751463046635,126.98923774309547
331,0.00507694433270864,91.54558553378627
332,0.0043302557645471425,42.836161049000495
333,0.0048154061646941545,45.868654898733226
334,0.004561059313395212,62.601864152087664
335,0.004747193486904367,80.95698382120847
336,0.0045990626322973925,72.63101332184225
337,0.00421000935201501,27.389869453344147
338,0.00446614852546067,51.75890399364156
339,0.0044363741261145935,26.481992552214436
340,0.004336017445893958,93.9158953746721
341,0.0042736512831621,30.54615404471049
342,0.0039873269320959415,125.94459608216522
343,0.003922679243357727,115.64514824438467
344,0.003669078045137352,96.29024950101909
345,0.003760565091973879,204.16008750009757
346,0.0035999443220630797,49.37089376007094
347,0.003963756635829878,81.83622131431827
348,0.0037884688818639214,100.4884302958637
349,0.003360546482044497,28.1562323549149
350,0.0037518630471402924,95.53418873201407
351,0.003557521422764469,139.3332683191613
352,0.004059222899517418,261.3157041323113
353,0.00428735004443419,120.63508201235948
354,0.004180269380047265,154.5502124131344
355,0.0037287537265440515,31.21793201811232
356,0.004217843960644349,191.87412600432725
357,0.004304014242034799,80.23232898928833
358,0.00465971452128304,252.06276104333574
359,0.004475957567272314,199.75156294099457
360,0.004501344136877964,55.571762329366216
361,0.004635984569361781,52.73579434657666
362,0.0047011591839315045,28.753600575277613
363,0.004454276462330215,55.440946849518845
364,0.004482244983051173,70.58734921753519
365,0.0043528020662764455,161.24050520791278
366,0.004251104752383105,270.87931097940697
367,0.0041697851702338085,41.9921630189037
368,0.0043751212228512895,42.75925154065916
369,0.003917653426572247,196.89933906541526
370,0.004093556045868004,81.9824973928884
371,0.0041628332705427465,48.52133506090504
372,0.004054061431290811,265.51584254647884
373,0.004353065187527905,108.47621945049717
374,0.004178648920060368,94.1207168271894
375,0.004524501239090914,258.70850226314485
376,0.004747642356709674,29.42303151479545
377,0.004364202502818609,42.83401132489976
378,0.0043563755697477126,150.69050983229587
379,0.004413709868234956,268.882015216039
380,0.004399158425032217,133.48331637182412
381,0.004092647472288276,207.01998379274124
382,0.004267196189050145,31.230978597758526
383,0.004122056157990608,205.9598169121681
384,0.004297478901898429,253.98160465989585
385,0.004405502547670789,146.11633385797998
386,0.004376344956946954,52.245862614923574
387,0.0039851110116815415,47.87201168368386
388,0.004586455472423856,27.967014008200362
389,0.004239450496734699,65.57844898090573
390,0.004014362159273653,202.10864094789184
391,0.004160207112850195,214.92976324025827
392,0.004247160443982638,71.72927340422494
393,0.004233294898153258,60.52092871709854
394,0.003946247109512037,207.08702984547855
395,0.0038993761352816665,141.06588950518952
396,0.004084938792181453,75.96852018463403
397,0.003773368698603008,80.45548351032046
398,0.0038092460482193227,96.26394550283106
399,0.0038962134444498575,119.72944662712025
400,0.004025427021295369,56.85914815338398
401,0.0037586825552540994,31.580861492423413
402,0.003843836993605661,125.14754794565864
403,0.0037446354202121117,61.82440342668238
404,0.003471264150273503,97.9558612488734
405,0.0033496952539109844,124.77797366234593
406,0.003608796794318371,196.42572981213615
407,0.0038857008098679893,58.72310109920827
408,0.003977351909893052,243.38304807063474
409,0.004154373155354724,144.76449636539525
410,0.004120826187286654,31.084743254194965
411,0.004407034377115504,259.36323410465496
412,0.004850000814839564,145.45432720797578
413,0.00492849408944424,88.23361367636507
414,0.00469632151794645,70.49231969623521
415,0.004529712661490615,30.740938926710655
416,0.00476790825037328,34.62605684461494
417,0.004467452271382098,68.3597759248031
418,0.004449650529590819,152.7984532235275
419,0.004369307493132663,198.9736937954496
420,0.004337926379751718,265.6849444233178
421,0.004421853504477299,144.4920851275493
422,0.004171329629968222,207.1241478979713
423,0.003988234057896218,57.61131356536444
424,0.0044273838156026184,248.11154436494843
425,0.004456379876654877,198.60095384900112
426,0.004455625013160776,117.52434793457307
427,0.004135334447850115,94.4718366203998
428,0.004310957652837105,154.3464499554633
429,0.004222364301375788,29.784553472695627
430,0.004335272735507051,71.46072685087368
431,0.004171741070579095,30.114020274745638
432,0.004167857633406709,122.22290036485064
433,0.004429627748824464,29.160386799166805
434,0.004114116974704584,207.0946703583619
435,0.00401322552500198,58.79249028333972
436,0.0041174448610251865,53.3594952761656
437,0.004143684696012722,31.416247038321096
438,0.0039330775844720525,139.6781149619565
439,0.004052585557449913,248.65078326243614
440,0.004247242540680497,116.15735108075937
441,0.004228678794998604,103.15260963929657
442,0.0039161576203006355,27.22390899422235
443,0.004002192442319788,154.35929587609775
444,0.004390390842040517,262.47177546283683
445,0.004454159570348172,74.58190492998297
446,0.0046731055319049536,84.56594995516443
447,0.0045649766431333835,106.01964491405613
448,0.004464241641264209,124.94096721406697
449,0.0041529410913334055,54.71150629788379
450,0.004204911424577321,41.104679314157934
451,0.003950910975186865,155.51730548463252
452,0.0042199555295232595,209.74130486307448
453,0.0043809984848469765,259.6978863106479
454,0.004332501094954057,66.42619182546622
455,0.004344706361888724,206.74489633736636
456,0.0043870649546575305,38.4037512613878
457,0.004131597672338256,211.15065210476283
458,0.00422898081943948,92.27386209534104
459,0.0041913405369156794,92.33303354053179
460,0.004266337358657579,212.50138819112408
461,0.00411737988650484,203.98440032275312
462,0.003926240827344458,123.06179078830897
463,0.004058273739968266,29.50855159010476
464,0.00371018145497973,45.28468595005028
465,0.003841465572345301,158.65131457945571
466,0.003852760882903661,27.406005813798252
467,0.0036412152072318412,30.89765060756757
468,0.0036298423593335255,68.33005125247831
469,0.0036294621944811347,69.15499894218901
470,0.003494783924294282,265.29454171070677
471,0.0037786011927056352,74.52104996067605
472,0.003642030021151656,29.30225483981943
473,0.0035578378625823522,137.3981406769685
474,0.0035326470968675963,148.0276203971389
475,0.0033138734184923755,50.20216722036644
476,0.003084800548934324,100.14415556958456
477,0.0033390083577538,215.2536703109006
478,0.0030591492403014486,60.068666030873686
479,0.0034915430146141044,28.62576866864117
480,0.0032461601698867463,29.111170688430242
481,0.002929983851012926,99.51761524182925
482,0.003442730389310625,28.97135401863167
483,0.0030991263015862757,76.71769450517363
484,0.003251180085755268,206.07553408335517
485,0.0035642447825200087,27.218109180728433
486,0.003513592056105292,56.30986824239802
487,0.0033000695070676857,127.40019312361096
488,0.003565948675306321,32.24224459884153
489,0.003319161453732768,201.94026921076394
490,0.003635606839010064,70.47030689539991
491,0.003596496438287925,65.42143983186132
492,0.0030900073171114153,79.87544740682503
493,0.0034664510757062227,257.78197200218494
494,0.003421417278655947,61.64651211404406
495,0.003795374654812253,210.40898288057394
496,0.00412358753565571,207.86890118928565
497,0.004016194076729544,92.67228563167023
498,0.003727291035957792,210.04519023719425
499,0.0037568384247027675,38.7976718053505
500,0.0040787037587412586,153.87910424938622
501,0.00411271168862082,104.86619304980584
502,0.004030083363891349,157.52860732098233
503,0.003910647289852881,201.3543913915924
504,0.003992493661247532,39.849870485061736
505,0.004015164996067492,101.90787274278588
506,0.004046296519858592,194.9226908485836
507,0.0042483190980139906,97.52728940120429
508,0.004023716556089587,106.57538033774559
509,0.0038797379900691966,108.7508837999401
510,0.004069901509890923,207.70644282781146
511,0.00414574505759027,92.11485151490422
512,0.004381916415206013,100.44221530575834
513,0.004117000054695661,79.9120441935009
514,0.004193212059043297,79.83561980003284
515,0.0038256162794848047,76.95399718291303
516,0.004029709397818314,76.17340621158881
517,0.0035190431667000963,69.2511086327916
518,0.0035404181566823702,92.2198088185236
519,0.003475672422892189,26.984076330433446
520,0.0031515215735205197,43.618941989176555
521,0.003287586961697653,151.07998904027082
522,0.0033491069816277714,24.640235954341136
523,0.0034698405772736617,27.99273009564116
524,0.0033456914203825517,58.99238411332354
525,0.0031208784877470373,104.767056008714
526,0.0031107133749473993,151.38441931293616
527,0.002862484860419169,37.71034357721925
528,0.0027553395454977024,56.77376755309123
529,0.0030416603021001204,260.1405105730224
530,0.0034946607241810195,111.9233964744346
531,0.003607207790803935,32.51372224487325
532,0.0033370881928803243,209.78110837185253
533,0.003359190471573489,130.0231968396171
534,0.003577681908545471,214.8894444075691
535,0.003922799153064806,261.41369490964837
536,0.00384148548808708,216.36031714366484
537,0.00429465297202114,198.43734874595893
538,0.0042403420874679056,76.35442443129782
539,0.004029301085493302,31.401111318442734
540,0.004206288256382416,154.13286257494275
541,0.004260033325310921,123.2416775899529
542,0.004027102999736179,88.61213241714462
543,0.003912973872502334,67.48644325787036
544,0.0034974215768984167,27.9417649865458
545,0.0035845702328846196,42.22287169391757
546,0.0034097582408592004,63.444112316313145
547,0.00329890408241996,105.07604833812347
548,0.0035411640907188915,149.41021299238508
549,0.0034630579143963957,70.5728388261377
550,0.0033005628187518766,128.3758889070266
551,0.0033100547476293133,263.8837254277484
552,0.0035727269493910515,31.261086585044243
553,0.0034495144523994845,70.32865606124994
554,0.003559407406420497,69.13823696987384
555,0.003132834637152224,26.777440151101256
556,0.0032014306072319335,65.6732975215257
557,0.003492905213649247,205.79642179453472
558,0.003615628733009025,118.08512807561372
559,0.0033222392015047194,103.25378990714565
560,0.003315030419380983,68.24509121635244
561,0.003545232293899315,137.06258883610403
562,0.00370343500650382,40.97952246824952
563,0.0038101891570133033,72.49336529908707
564,0.003579448289914384,59.83002207885533
565,0.0033918879516105253,40.013836012887396
566,0.0036809247304546194,145.85801520999945
567,0.003742313097039162,65.62199862072362
568,0.003363118455401503,135.7274467298437
569,0.0033547284142145684,65.49973125390176
570,0.0033511508571047507,272.4411738218106
571,0.003655470856953085,72.59691406048418
572,0.003727517733981801,59.5422573613813
573,0.0038024454698710386,126.64206701404274
574,0.0037971174835917205,262.58279833059083
575,0.003607274761775115,147.86812530076392
576,0.0038068924391231797,58.39474935355196
577,0.0038506470965077506,146.55819248262247
578,0.004042012157376928,207.31801183455403
579,0.0043843187090447724,254.83543062559747
580,0.004084848317025053,74.21115378694294
581,0.00356325760896487,51.91269120737339
582,0.003964172170034962,72.2400368503513
583,0.003698682989862219,63.780726337767504
584,0.0039444181789210775,266.49966448029784
585,0.0038100666039929594,124.11948043822679
586,0.004026983062382463,256.8196684904894
587,0.004125231707093236,257.02981384100366
588,0.004560815988614983,152.17391780597603
589,0.004503050155185071,206.08904752119457
590,0.004501091027104286,159.71981724847737
591,0.004136941837335956,137.44095284208842
592,0.0041696813257171735,204.36305194326795
593,0.004307778403902351,64.28518625814866
594,0.004230025055684086,61.57102316026154
595,0.0038136193491571787,212.37045938834999
596,0.00413396561265805,205.02907903165806
597,0.0038029477473790364,60.94255775705488
598,0.003537528402095911,94.78944194394086
599,0.003534470603927591,61.61692071661426
600,0.0037638267205128894,27.506644470767
601,0.0035480631226705184,73.44330711424415
602,0.003491626662948607,274.5463412684297
603,0.003714000956753013,200.37211363791943
604,0.0041423717274930395,60.3241013374871
605,0.004041252037367626,210.66783075560897
606,0.004112810008870116,32.175180743919604
607,0.0037868252127762543,196.90468868011388
608,0.004298661840005085,265.43079330649135
609,0.004532465820572012,74.39647323887438
610,0.0045366550265483925,267.6063987515408
611,0.004201813432948918,41.397243002575976
612,0.004193518943842438,125.48869079648846
613,0.004147955091751318,220.30017178650115
614,0.003996116683240338,26.337107757933797
615,0.004410178700874729,43.81590962858158
616,0.0040367529405016655,74.46590526767785
617,0.003940715572907258,51.56144047711602
618,0.003930083731790649,158.64823427597474
619,0.003597820487158688,211.1055954813996
620,0.0032270568367125264,66.58877572130402
621,0.0034610900533939334,70.74298924198983
622,0.003316639744247061,200.89991265896796
623,0.0036878115010779613,271.89458279093435
624,0.0034985472470557746,92.74547815618435
625,0.003447671503553548,47.85198341435912
626,0.0037382009359867305,136.03961082414045
627,0.0039397772483435525,260.9613663863852
628,0.003982441733321387,46.09702408042441
629,0.003993697075076915,29.193063469320293
630,0.003958260686666672,32.27066544002978
631,0.0041345074752132055,163.3020760808914
632,0.003923998773278016,146.0635702634701
633,0.0037017314011441507,88.51281406313149
634,0.003285358154118575,30.635207889248154
635,0.003595325235596189,125.9295492533922
636,0.0034294495085213685,108.21803665619649
637,0.0038526914421597217,264.52050991088583
638,0.003668540472501953,33.413078267868556
639,0.0036823115825799007,218.96301653796286
640,0.0037125466825822765,268.95843389052914
641,0.004374685566583273,108.72549105957995
642,0.004309810122987568,126.50224940355203
643,0.003982863201103596,41.92783163007086
644,0.004039827070763271,58.295879236698845
645,0.0037948327859647205,204.82244084419085
646,0.0036927073485561236,151.21488711075716
647,0.003681257411349529,105.81380317726286
648,0.0036544247240935628,59.54396923306762
649,0.0034054509329864008,149.0170076025851
650,0.0035648531368773044,31.505793252011088
651,0.0033885668791421284,154.1460710565084
652,0.0033631479627088787,201.7817652752848
653,0.003446687932906927,148.33954269902046
654,0.003440594450115565,37.20221114943096
655,0.003504789179518215,63.223935371620996
656,0.0033705257716261454,81.26494319269916
657,0.003388228922912026,115.86794260267642
658,0.0035227646111491494,163.92450329345453
659,0.003716313679523038,215.9268176719296
660,0.0036184035168694254,146.01215498188282
661,0.003391461564776472,54.03762488315539
662,0.003495595609728597,127.20662066327674
663,0.003598125620040405,262.10617345855064
664,0.0037006033167720667,152.87382284333924
665,0.003923709761127955,80.78221816503685
666,0.0035607510726549663,108.41784213494687
667,0.0034557434731131882,150.9949034263329
668,0.0035415198196883275,205.51134346944826
669,0.0035908715001893984,95.62947496933997
670,0.0036544510386596176,150.22109928601768
671,0.0039203254822233555,146.43690244288268
672,0.0039426679915679315,65.74644216506874
673,0.0035494503608038265,147.76512479639018
674,0.003798477421916122,30.983292349893052
675,0.0036494309562430586,216.9925708787302
676,0.0037982163336507746,257.8110687728362
677,0.003776759870237852,136.08522737761186
678,0.003682584434563037,28.264481646297174
679,0.003521415380311151,57.78565220095366
680,0.0033464415454048874,156.10279500170336
681,0.0033231841036861108,74.37670402280888
682,0.0032488662440426134,28.786673011134027
683,0.0032101319811772555,56.97515849578828
684,0.0029386909255453455,101.0702429560534
685,0.0031614459261287598,39.61647220708298
686,0.0030878043854153073,156.44442510838138
687,0.0033866674238523307,267.0113646627967
688,0.0032011865273075687,275.5308349895414
689,0.003203683104602841,57.045967280402984
690,0.0033030647428193747,119.15715223375149
691,0.0035323665364811016,269.06509006427706
692,0.003624419478494358,65.04135283992835
693,0.003827672313491348,41.98473020457438
694,0.0036417254267062035,201.16780518730522
695,0.003510656574651645,216.15363910898628
696,0.0036669760673146198,204.2681619862096
697,0.0037721562680737507,216.95896094256338
698,0.0039002546347558947,135.51188399972403
699,0.003921170236108909,41.558010221299476
700,0.0038142502455877423,53.614475070298695
701,0.003752999833574302,219.65026337309163
702,0.0041169024708825235,273.1993079652598
703,0.003854878173791181,253.1740494321378
704,0.004217758213925016,263.1741809748342
705,0.004177418949092095,150.84830510117155
706,0.004152026534538274,56.3236445653284
707,0.004336894323600881,112.57444159228255
708,0.004297567990691347,94.67011995863194
709,0.0038430151259289834,60.13081874530206
710,0.0038968296139501035,31.99200139215835
711,0.003719568528170891,121.9326644279691
712,0.0038538397007653394,52.20389925288513
713,0.0034459754607109737,151.77835012843252
714,0.003638691900894478,156.22904974700435
715,0.003818765580665338,93.25786686803592
716,0.003433890637937181,93.59054825314288
717,0.0033348341063821328,138.7682913016064
718,0.003049927651194263,46.82090966304351
719,0.003201951725400406,31.92566221482906
720,0.0032120775830035073,230.19419167810545
721,0.003310306277066066,152.08639337222715
722,0.0035220591030018012,199.57303806298947
723,0.003528899356434528,129.76074160420282
724,0.0036315359525774097,50.94332881026831
725,0.0036570020361418407,100.23079053917458
726,0.0035304198020391846,40.196224209034305
727,0.003579347643121572,222.30583324038057
728,0.0035302832552973748,60.05415772479276
729,0.0035833574892839767,66.38295065591616
730,0.0036295511593597836,226.60043950262468
731,0.003742146187317397,29.417822453481236
732,0.0032535202575476236,73.74969385856002
733,0.0034638746445715377,63.934826438792044
734,0.003331151362549779,271.36347777674064
735,0.003603558888216023,145.29924198403958
736,0.003369104106804769,226.1361429403245
737,0.0034231184329368775,123.26165531541328
738,0.003679359531485137,42.73166474756886
739,0.00347549847212807,219.3397242938835
740,0.0037064454078771197,137.619776919331
741,0.00335377804204372,33.808154350238006
742,0.0033268470545478454,95.98524825259456
743,0.0031802339979493032,161.26305620922165
744,0.0030413912173638735,130.0579940369576
745,0.0025662885706300253,41.29019128341686
746,0.002841071496312417,85.18659660491194
747,0.0030086939875148414,96.68435014300985
748,0.00296569084662544,214.70880931291234
749,0.0031100707469861313,30.767060099463034
750,0.003083609051827807,43.86293781785242
751,0.003000357604413204,98.8447799712949
752,0.0029718819052388114,271.6256508331383
753,0.00317244828181436,61.429880793255094
754,0.003128101900634087,91.18007491672493
755,0.003423183893160471,43.08135601709273
756,0.0030396841461926257,139.57447142068406
757,0.003437872668295566,269.61083499155956
758,0.003299351993169134,105.5560536090564
759,0.0032469205089938375,147.94883600404057
760,0.0035913124172381955,66.68753680516205
761,0.003368755660961721,45.131455629709805
762,0.0034557435803794184,209.35402209278854
763,0.0036387399578116982,136.27078343635327
764,0.0037920480325079426,28.007265396438935
765,0.0038917824345782903,54.90461762434211
766,0.0035550647691784945,266.0748020035443
767,0.0036795018067621154,220.62638567504328
768,0.003633827688144445,277.3913901512091
769,0.0038739952432610505,277.1734876853171
770,0.0038627384516432134,166.24013361968883
771,0.0038353492361809112,61.15800691929676
772,0.004052927040169953,122.76215527053456
773,0.003737845514663794,279.3672922219544
774,0.0036663332219428286,28.618511226527804
775,0.0038393767056826116,34.581872057742
776,0.0037116091435038957,211.40705589575703
777,0.004201307196314607,30.572393914557562
778,0.0035990237515291265,29.066033740966073
779,0.0036651200960118907,218.15431834957107
780,0.0033993980528479865,48.84551605306747
781,0.0033460091453397997,82.8703476443829
782,0.0032560929342965923,75.46229496852567
783,0.0032198471885796194,145.82879446127615
784,0.0035393191658211155,88.52003597732882
785,0.0034669176087855427,273.09562223629246
786,0.0036996918114764778,112.7453120966717
787,0.00375096943580656,56.74878199816957
788,0.003539672709774931,67.43977841267639
789,0.0033414584216767585,49.56945728715255
790,0.003387072088530245,276.54947995128725
791,0.003690805264144532,62.18775178201492
792,0.0033817909611939655,78.42816159378232
793,0.003292284577830949,43.309725756983454
794,0.003384081943859828,29.39468134305238
795,0.00340791601643135,118.22878812446419
796,0.0035321489919844114,29.34465799396598
797,0.0032350474284612574,42.64314652950654
798,0.003471716513628892,98.06223222108717
799,0.003134494002342063,82.33447143495773
800,0.0034435150100270637,61.68155966801841
801,0.0030668034553095777,157.4286176154396
802,0.003156407459253638,27.513545118597246
803,0.0030339014471816904,67.44553490787563
804,0.0029998616750659,46.37403898483452
805,0.0029494385660375254,93.47338641899327
806,0.0028466482857691087,162.63258596158533
807,0.002833632901176595,101.0154362812651
808,0.002975858194400375,115.99314703727775
809,0.0029414993986552197,169.86649899264214
810,0.0026107873358153576,26.42861462286645
811,0.0025377752879814416,43.152179256080295
812,0.0029924075120183937,60.487126008214446
813,0.002943363807345915,273.4169992839284
814,0.003206558057752394,117.43641181728059
815,0.003322435255849071,57.06955083855501
816,0.0034120068162459293,267.8874643961894
817,0.0040249090364748805,28.77831479744294
818,0.0033356141196644127,27.4003098811603
819,0.0035034295741737014,63.30759782885155
820,0.0036935263276870797,211.3275003838174
821,0.0036600592217637005,60.50819511166101
822,0.0037889008692052976,49.15763025456577
823,0.00343976034812424,58.55163503507453
824,0.0033616214385490564,131.1960035559148
825,0.0030325837023238737,50.34579460874481
826,0.003157927492886024,54.45721650804383
827,0.0030313527657619068,83.07450816969653
828,0.003099087380996324,118.72401546771947
829,0.0029200272860814935,122.46658765411264
830,0.0030582706578472325,79.12709836586501
831,0.0029065224876074157,128.3679263863798
832,0.003079299038568101,62.311782500407375
833,0.0031060241217038325,53.92738134525162
834,0.002646442070809743,45.49203455261899
835,0.0029171830366823076,213.93836682613295
836,0.0032481616760421258,139.9071344447591
837,0.003323694863994065,209.07105074385015
838,0.003874284993675616,59.05240902384007
839,0.0037623800615590804,274.17833913363165
840,0.003743328260226036,156.94127870289176
841,0.0038818209293382806,118.05778281929358
842,0.0036543422275616857,100.01397288824258
843,0.003629550780761608,59.75161078220201
844,0.0038188167728408252,221.3870647671121
845,0.0034826589634086792,92.08184951015568
846,0.0036910081770722323,155.73653876489954
847,0.0034210838519283665,126.07489740797111
848,0.003293440292932054,216.7003859238125
849,0.0033722144144121557,272.15401175854726
850,0.0037394890525422556,212.82591773451506
851,0.003621434613320408,60.34430305065502
852,0.0034351189446956473,67.25751348098102
853,0.0036031478998217645,216.6274343705136
854,0.003856355370282052,91.10771925367231
855,0.003974646591814235,50.14175787048365
856,0.0037248894494206816,45.943023134425765
857,0.003522064588724862,76.57614167352108
858,0.0036476647817806148,280.8363003610186
859,0.0034010825265095965,107.03683165935836
860,0.0033396089465582163,30.712082075509407
861,0.0030736717283083447,30.637163757811976
862,0.002982262269032794,135.4116667050422
863,0.002818561480203012,52.205662108475764
864,0.00301725394635114,55.83514075379143
865,0.0030260125044710897,92.57991066092053
866,0.003196430533024343,271.43115424062137
867,0.0030643314514981097,129.41868245463556
868,0.00321898401642024,269.2126849852637
869,0.003696325604046174,67.74063222759308
870,0.00311754124212994,30.025625845321418
871,0.003367866259226102,62.63269865558367
872,0.003097194855117464,30.566606151042325
873,0.003366901328146612,274.55696359825754
874,0.003794924612313309,126.31442135865672
875,0.003585584905152446,62.68011674139297
876,0.0034021254144490586,55.26932574111883
877,0.0033067137892117144,27.861669162908733
878,0.003359654124933607,150.33991869011206
879,0.0035036752206823703,42.26771517372664
880,0.003227495674443969,222.21175075369953
881,0.003928931841450134,29.553854362383
882,0.00341841809305651,219.7214438570495
883,0.0034367995025162156,73.45953992021411
884,0.0032984505117374004,151.92875288459163
885,0.003308448469741396,70.80305584703056
886,0.003443291064837134,211.63755569987774
887,0.0036339465639850296,45.64621713063762
888,0.0038026729026812613,200.88475823479817
889,0.003467956409340018,29.734705035895267
890,0.003622840623277843,224.44505632771202
891,0.00341389627617507,73.0805573378014
892,0.003688298670915674,131.61273628302084
893,0.003364406979164562,67.15807952824171
894,0.0033005804238004006,79.08132978660251
895,0.0036247642269229582,29.532832570294534
896,0.0035436054437052718,279.3120529255476
897,0.0035326278400331372,165.3625219383609
898,0.0031184092847586333,62.77484860642714
899,0.0030371425481544893,47.415741504707626
900,0.00292363646538865,52.47537222436706
901,0.0026061924250700094,23.69032236121734
902,0.003204041653461131,202.55807722752905
903,0.0034215714832818186,69.81750475507127
904,0.003550038363200502,53.65698660189615
905,0.003189965954251503,44.94952699215941
906,0.003190788237653053,221.75649289389952
907,0.0035329761601770346,287.85558869497174
908,0.00332971265251635,77.5702432155366
909,0.0033814525165573946,46.02747671868719
910,0.0032441231947318142,44.908833810257825
911,0.0034402668584491416,29.065512761859782
912,0.0032407038102095207,121.22749124515195
913,0.0036410526292205885,31.49121823018425
914,0.003431005454126214,214.48364140514747
915,0.003256613346575004,78.21178262724737
916,0.00339923652971209,162.579899294448
917,0.0031253574099610465,133.52232315678464
918,0.0032969626477711857,67.27482652741645
919,0.003004830854283896,120.11161688338889
920,0.0028320997360144528,96.85680344642873
921,0.002996061062628836,225.9037991064428
922,0.0033365891817643736,108.7191219026773
923,0.002845661954448918,49.0040941704138
924,0.003106836071542633,134.40069606644846
925,0.003408339206066172,59.465518123666335
926,0.0032393777342086894,231.33975742607524
927,0.0027847309325947068,95.66061406107467
928,0.002829066752932728,120.81034020670259
929,0.0026967365798835747,135.5853927052592
930,0.0029589455707223506,28.30573131658657
931,0.0026995031586335184,60.78630552227149
932,0.0024876315205878876,63.297157834075485
933,0.0028177768424137543,56.11156047725571
934,0.0024751977621706137,25.194970442484035
935,0.0025293047736060824,82.350289228713
936,0.002693537188231578,95.01757216323304
937,0.0028144664006090766,49.45934397661229
938,0.0022503535444477825,53.30398985434043
939,0.0025702282323067805,72.68611314890828
940,0.0025349857605760917,98.0608712742132
941,0.0021799652283240496,28.102400272549538
942,0.002262874040240258,213.67686590273075
943,0.0028082078462373216,274.3185845384185
944,0.002898650184684133,65.3126466794281
945,0.002801130932941585,102.97191236112974
946,0.002665155652721296,96.05357500588597
947,0.0026598170590807204,66.81553017011603
948,0.0026484094349394456,31.900617767756966
949,0.002763382415681825,64.69969591253835
950,0.002503227458824718,82.04428352520054
951,0.002539879220028131,79.3459576450835
952,0.0027897975820830754,272.0840332476036
953,0.0036337695011052296,280.01701892266203
954,0.003519264716205412,24.660406857211218
955,0.0034093586977996283,126.39098876774429
956,0.0032488509253583123,120.91944825646627
957,0.0032696146093766695,63.44243397222184
958,0.0032852323473257536,56.453015487469
959,0.003298361878058551,95.26147395121869
960,0.0033397904374466566,97.25765015699855
961,0.0031813151270904836,158.70462982288967
962,0.003570282054685786,155.66946907485806
963,0.0032624676715449384,269.8988802801427
964,0.0035551714708918106,66.54751203388975
965,0.003245634857403974,107.2340611158357
966,0.003294410167618236,136.68648517463447
967,0.003115297129409293,52.946201755320324
968,0.002971468750258972,31.391443026296912
969,0.0029866642553069804,78.74249812251892
970,0.00297795360066547,43.53076566514537
971,0.003007354850632186,58.85550248171097
972,0.002684532292319504,50.89659995337348
973,0.002999223474598437,223.48215535681985
974,0.0032757392821520354,279.5076033309011
975,0.0032892937007410502,74.8054591557859
976,0.00323473144229875,285.96500998080916
977,0.003491087385222093,225.82988103566984
978,0.003684736319651859,59.247429879836915
979,0.0035834060024722597,220.30838188334147
980,0.0036856417533960447,75.91845159452464
981,0.0032025165372131697,74.03350196762597
982,0.003180393942303079,286.0714944342952
983,0.003519003976425911,64.4138252592629
984,0.0031313429038056124,64.95018736901838
985,0.003194757927627445,58.90938824865321
986,0.0029258905411603644,228.2856177870654
987,0.0030678414503237253,165.95443342428158
988,0.0030958649192153014,167.4937061362403
989,0.003124958911014847,60.21194197703919
990,0.0026542901088039846,139.6343081754745
991,0.0030955730932830075,265.09986050116817
992,0.00318035770452313,65.67279714026655
993,0.002909658268295641,149.59971585389442
994,0.002892536421791895,167.55708489450024
995,0.003094946460849431,283.8158000227121
996,0.003421914716124196,45.423080783944
997,0.0028923545787338956,175.26299480413638
998,0.0033455207101385095,63.30742009907774
999,0.0034850875179133363,53.69432286595715
1000,0.003285280249090991,66.58401199400363
1001,0.003488406450990376,44.73870620362649
1002,0.0032115330059940997,89.81464675752854
1003,0.00311434715096017,281.4280052812671
1004,0.0033145375562378685,74.21242893763092
1005,0.0034647116085948625,71.54073258484068
1006,0.0034454561914921775,106.84983353462734
1007,0.0030317319907816895,161.68740986568557
1008,0.002995052670513294,160.80416315641503
1009,0.002947292921117668,93.66789352198381
1010,0.003164254830177949,82.06017839503978
1011,0.002658856810051696,74.17055115393885
1012,0.0031235091624233027,208.4511362087211
1013,0.0031802734156372026,44.08258544082733
1014,0.0028442080435744518,29.228191649946083
1015,0.003403872809596234,66.01287044318694
1016,0.0030266339388868675,31.588348399816596
1017,0.0030262309646478585,59.33337770986473
1018,0.0030294014100109247,279.2312495190799
1019,0.0034090377340578117,159.3580237897899
1020,0.003360167680181224,43.14700617786939
1021,0.0035613087596705452,284.0008566670423
1022,0.003684830946977494,140.50094696240353
1023,0.003214797617241355,30.140825586053776
1024,0.0032656602385950743,159.30111682338116
1025,0.0034394426024815807,140.64794766518412
1026,0.0032281639367534682,33.94232526410357
1027,0.0030835151066220044,109.10808777638229
1028,0.0033336556463671677,39.63322932788412
1029,0.0034600563070230697,280.9090997161479
1030,0.003440842873408748,280.87301934738997
1031,0.003604958528798462,288.150744684054
1032,0.003330921104034959,52.59914429803578
1033,0.003260945110453357,28.776706613589738
1034,0.0036935991896932725,282.6995047825608
1035,0.0038453029046260955,283.2208134501955
1036,0.0037977025190643458,48.3717687860527
1037,0.0036352113416118514,51.522000465765416
1038,0.0036061579091237637,60.54616326702052
1039,0.0036336603265352033,31.45358992054737
1040,0.0035110491428793195,285.95949745380807
1041,0.003538395307259634,59.817462584239884
1042,0.0033608818726645687,58.118001836533814
1043,0.0033920545513235712,101.09020884915847
1044,0.0030700969826211316,137.48381224134596
1045,0.0031046669980223547,129.27051316802513
1046,0.0025951815013949935,73.4753875999282
1047,0.0024788600666480224,47.4470188674958
1048,0.0027658350235916737,62.83672084207306
1049,0.002498118415902494,91.78608421917971
1050,0.0025639106253910323,165.18968289476334
1051,0.002937022760306718,106.29763369462006
1052,0.0024707564337625846,76.72990082693913
1053,0.002425417587351289,167.24654036471364
1054,0.0023265743652230195,27.30024400264473
1055,0.0023784263561742913,217.82613939966618
1056,0.0030708414861723653,30.333340990730424
1057,0.0029929275055606427,42.98329467312825
1058,0.0028952410393101933,277.83684035912006
1059,0.0030957259406367765,30.406667124782437
1060,0.0034502871681775468,281.10365061679397
1061,0.003297580231446773,68.3802539728271
1062,0.0033963356956592666,121.9862121981637
1063,0.0031016504684238124,141.29127301276657
1064,0.0033955155748014772,220.94103187298555
1065,0.0036546330449355752,123.43890121374561
1066,0.0031087334162013857,109.00529803830251
1067,0.0032476965755519746,90.65567708379038
1068,0.003013449976876743,73.78851888993445
1069,0.0028014061336160906,62.99189324044045
1070,0.002731428892298412,60.83443888174336
1071,0.0028348520385227693,234.57707827828972
1072,0.0026573919839675314,31.54002763021651
1073,0.002957350430921812,29.214247863823672
1074,0.0028980714415478203,127.56572076284428
1075,0.002857986696825891,77.40728292292307
1076,0.0029359662610094965,280.31041040651127
1077,0.0031116719520386223,274.920632645918
1078,0.003362505458566235,95.47701873272922
1079,0.0032031785581316165,68.91437572521514
1080,0.0030541035882309256,91.70507858366469
1081,0.0031725400352717744,221.2846513657821
1082,0.0034538590060457443,96.73639961177243
1083,0.003413471907854906,165.27997859752108
1084,0.0032213153322503537,62.82303943674576
1085,0.0032484484692893285,139.62244183205215
1086,0.0033096060044757454,158.12665124569253
1087,0.0032377656617458782,30.45998306853076
1088,0.0030540777848867807,104.3695619114277
1089,0.0027401060907396714,68.1658338680475
1090,0.0028415317790628685,219.26855119967047
1091,0.002937444105420899,134.78685647576145
1092,0.0030996940348785823,155.2372100732178
1093,0.002465994246825897,30.264755204203958
1094,0.0029167400582267317,50.85914132385241
1095,0.003275605337092139,29.056690270717688
1096,0.0030306210968784122,292.7962576778316
1097,0.003245742577246987,226.90014584810473
1098,0.003490491310568077,32.6273435005007
1099,0.003334471019460014,83.45126098321562
1100,0.002915779927059555,78.35572357612092
1101,0.002800587411250242,50.386238142263686
1102,0.0030883454939514094,71.86207330884616
1103,0.0024315694343009643,30.273027239441383
1104,0.0027614559961593693,301.1222296834568
1105,0.0032833308350891845,292.8396546939963
1106,0.002974829629518074,96.68561893871257
1107,0.0029916478158086715,93.21528791951802
1108,0.002679382854317925,29.523304693032575
1109,0.003052746495137706,219.19664531822684
1110,0.0031969388309306917,171.38350936780841
1111,0.0033759847245232654,282.0077366615011
1112,0.0033888065584973003,76.50690400666753
1113,0.0030425571138449144,224.1009627368396
1114,0.0036442953880458815,30.469986670250282
1115,0.003669157692678021,73.80566075698545
1116,0.00389389977121961,283.6559306019095
1117,0.003938242945878301,95.73078765674236
1118,0.0035619992012125923,30.72916900782544
1119,0.0033781345296516737,140.58936397633636
1120,0.0032295600903285283,167.49362215657962
1121,0.002972513489525723,47.455409117453264
1122,0.0029817614427005133,126.09360281788523
1123,0.003003641846003761,133.5293142316328
1124,0.002975422635712233,71.88936629607547
1125,0.0027233990750734367,289.87537754088595
1126,0.002631988828887608,102.09715621372723
1127,0.0027524783810395823,285.21262057554156
1128,0.0031360148218068803,44.655595996287765
1129,0.00305753615260582,58.414371668933256
1130,0.0029384257645352473,117.53492700738794
1131,0.003349616177011983,212.94491254849044
1132,0.0035868376538788793,93.97448808107858
1133,0.0031827694388498044,39.29170761343424
1134,0.0037590588087665494,285.34496311069887
1135,0.003855558515615424,145.94680177812108
1136,0.003241742074103306,46.98368435693739
1137,0.0035403756955417177,213.96699495115135
1138,0.0036013841920966745,167.08616199685275
1139,0.003176768870740119,62.824166008495425
1140,0.0033612011984124842,56.16287854894626
1141,0.0031956397499677473,44.52714568529957
1142,0.0032642757066719944,180.92730272665804
1143,0.0031497231433273887,41.95591376896674
1144,0.0032427190368145924,279.0331395077976
1145,0.0031673729030557035,162.94213618100508
1146,0.0030977732945197765,104.90346778716997
1147,0.0028046957088698602,31.24608896064144
1148,0.00308877387372615,280.6069215353556
1149,0.0028705334241914734,44.96012272353931
1150,0.0026436427211032985,102.17224918620092
1151,0.002584414844022831,118.66613995412588
1152,0.0029370565446427193,79.20496481810845
1153,0.0025590176371986526,66.62589092655513
1154,0.0029742903333144226,293.0984024764007
1155,0.0023497771862121927,94.27487516842332
1156,0.002849192381220816,105.0552056271699
1157,0.002649051280687419,160.91185979635756
1158,0.002421965123011243,142.3838759440914
1159,0.00265398672537537,297.1290906010426
1160,0.0028969823250362663,140.72551929565103
1161,0.00301725812054758,140.27527847950958
1162,0.002955673290709686,223.68897629183772
1163,0.003339388360598542,33.69294320015578
1164,0.0029934910361099844,106.38631075388037
1165,0.0030255532560245642,51.82699058126371
1166,0.00308570163486391,227.8136265673383
1167,0.002912744422447157,64.21565200075568
1168,0.0027684179132428165,111.48969057527553
1169,0.002542677308344443,31.849563692002196
1170,0.002703885002399777,102.618870939147
1171,0.0028181457319849377,68.9004050896971
1172,0.002435874903425166,156.75972276520494
1173,0.002493037328021433,161.7977188174624
1174,0.0029751821048578254,224.8449151164232
1175,0.0030182145284047223,32.479317647110356
1176,0.002953890930853206,30.486331387947637
1177,0.0028392286834243406,161.96100057616022
1178,0.0031886388371145285,161.6224883543038
1179,0.0033429760951548815,286.08418133628413
1180,0.003865344896580545,233.46475346799718
1181,0.0037453293891265968,158.62662217332377
1182,0.0034820237186946102,26.31387409275122
1183,0.0034553879118224573,66.45942266256809
1184,0.0033473694718325242,161.83881200900342
1185,0.003530357712453721,184.367651227483
1186,0.0032554651056793896,71.64901580341957
1187,0.003340022651124422,285.40515648899014
1188,0.0029923226902610622,46.63757230575024
1189,0.0031079549021861084,136.74755470075155
1190,0.0032264647537697875,27.073638169011858
1191,0.0028803579771192744,43.7594931557948
1192,0.0029215784227496692,50.570146941777864
1193,0.0029535670855012847,277.8681803506463
1194,0.0032566931297000243,60.92922683729456
1195,0.003477380091573064,64.84126690981991
1196,0.002876823042224152,161.02662485921329
1197,0.003090209123325353,127.77726544718908
1198,0.0031259875125783003,129.50943668360247
1199,0.0033889952501340304,89.40796183066722
1200,0.002943645923016785,155.01466443501192
1201,0.0031992466583219115,160.93084486444326
1202,0.002922511489957507,27.46209401868356
1203,0.002960700147106486,63.11240970185194
1204,0.0030005270248655274,228.80727210526567
1205,0.0028825842038237635,119.96941254087494
1206,0.0029131417504686397,90.64146777174322
1207,0.003031393171472124,222.05645783916137
1208,0.0028401454197689766,126.02144252303158
1209,0.003077071205110327,75.35533980992942
1210,0.002732781209613614,29.907276342903526
1211,0.002937492381927759,167.0624937479975
1212,0.0029501419804336573,86.10623734344205
1213,0.0032325323202140803,153.71620827801203
1214,0.0031649256316913206,45.661922169497444
1215,0.0033325174419550204,173.1534423150407
1216,0.002987984927169467,233.55760994096738
1217,0.0029658564744750038,76.8150880531366
1218,0.0028423743410193793,131.5111566544169
1219,0.0029074307726446114,140.87852289423472
1220,0.002575196184228513,45.26960253638346
1221,0.0026299474802972574,64.88097741868621
1222,0.0025382358508068137,39.758168503946315
1223,0.0024998634570215085,52.082096549828236
1224,0.002527353738203345,140.25141965756475
1225,0.0026292749298713015,122.11341280106879
1226,0.0028512150158874028,151.18650572246017
1227,0.0027733735844014664,75.18833659194253
1228,0.0031920467649674596,75.72457564013321
1229,0.002482274657681542,51.93868240844416
1230,0.0028275467148291527,29.635814098209476
1231,0.002876399285641724,30.04922512484208
1232,0.0027038315924655014,172.8091609651598
1233,0.0024770006970026193,41.25334320828089
1234,0.002695828107948962,165.0822550943881
1235,0.002344050689825346,58.765644123914996
1236,0.002646105868691866,130.38512020423903
1237,0.002393851812901291,52.90504331022743
1238,0.00256395548110715,165.89185823846796
1239,0.002477119223091423,296.61777739739637
1240,0.0026504547331472213,297.48334907541914
1241,0.002649099533927852,30.937723306646113
1242,0.002602301647549701,106.01514835768683
1243,0.002536983354895545,46.77475801561933
1244,0.002704121275886801,297.1440351957463
1245,0.003308619882365496,31.13914564955187
1246,0.002785116729104299,50.144736767667894
1247,0.002990144098503995,152.16448673894385
1248,0.002908032460254617,40.47236235790451
1249,0.0032866383159724888,305.61562962201134
1250,0.003184538332302317,241.46114742127142
1251,0.00304751955925233,46.912567296448536
1252,0.003294172203327021,299.77105614087174
1253,0.0036454816239283364,273.9568446387616
1254,0.003738664941360744,91.44136308601128
1255,0.0035424908664508804,138.44632292556875
1256,0.003480545413780915,45.26359373806638
1257,0.00321744257962564,45.92398423638291
1258,0.003539401620483576,51.49650154570704
1259,0.0032372478895077096,242.74290888990248
1260,0.0027816233116688886,53.086579331686146
1261,0.0030621699966339047,172.00184081407588
1262,0.0026445784751558676,75.39824916159944
1263,0.0028397621354088187,45.739905498410565
1264,0.003080414725375774,91.9869013894984
1265,0.002892376534212169,51.85210033056857
1266,0.0029685536789586945,101.45590772498859
1267,0.002709536974450473,81.02956181994062
1268,0.0025099660264468818,297.33253128626444
1269,0.003158064519904118,231.96109053938832
1270,0.002888108921045362,74.33095181258778
1271,0.002999285456925546,47.31315264633465
1272,0.0029158707226779883,218.69840686384384
1273,0.003238254987594137,238.37715174764617
1274,0.0030742596186585083,33.41141638426286
1275,0.003331510485500966,155.94410793645062
1276,0.003130540007861845,29.10629632420239
1277,0.0038097408548947473,296.29780663135335
1278,0.003794105611053634,47.62776341768094
1279,0.0033741301109114566,60.0649322269486
1280,0.0032251906899997853,139.74106166364112
1281,0.0031720875368066604,222.8091421364296
1282,0.0034367542623289743,215.49969562828622
1283,0.003157924373226706,48.49842571828894
1284,0.0030988740721883145,106.63070258461039
1285,0.003271945841874726,68.19610404000434
1286,0.002863991705173528,99.83719961104775
1287,0.0026979068421435115,61.006355246808766
1288,0.0029010381266756746,229.5118007640497
1289,0.0032671443299146963,45.15306893648145
1290,0.0035360958959853132,274.18053504428923
1291,0.003677365872797302,45.4593656018913
1292,0.003624847351500033,226.81723935272913
1293,0.003385315689167513,61.741496440886415
1294,0.003370872688141059,48.12000049012435
1295,0.0037226601331173605,28.033674872478095
1296,0.0034192269196029047,70.68554528323594
1297,0.00332958125517717,101.2112796250963
1298,0.0030719411307504273,31.125870555826108
1299,0.003522420665831305,71.94670612730155
1300,0.0031965691462470117,143.617633545102
1301,0.002770297355741134,31.390285107080764
1302,0.0031019011447505043,80.2871850101557
1303,0.003388657851742623,49.98907687448983
1304,0.0029742919334414647,287.3069441341449
1305,0.002938581574387078,32.946116792924265
1306,0.002785366820909319,226.06561807014626
1307,0.0030075923734164626,48.09160033780192
1308,0.002736964068327356,25.066545894988096
1309,0.003005169324136608,221.9766698935277
1310,0.0033056402974413596,228.52419193189704
1311,0.003586640722377607,49.83709875258688
1312,0.0032064992612843416,66.5831543029167
1313,0.0028130203927320195,137.74011579495013
1314,0.0029844440629768912,228.65891254577713
1315,0.0028068882901287587,80.90983284560339
1316,0.0026151552055721523,31.7074792545093
1317,0.002918431241756908,310.99719328105436
1318,0.002774325721321028,58.95996372354205
1319,0.002924216718383832,46.664882168212884
1320,0.0025885801819563545,56.943230081273946
1321,0.002622054465808271,46.46233298634804
1322,0.00264697429212876,239.7252840633197
1323,0.0029276793040072155,300.64519410144715
1324,0.002922918443604234,82.31326434018497
1325,0.003129877816240493,61.59486608477033
1326,0.0023530919901657336,30.81731169580315
1327,0.0031712693406999197,47.92120574561469
1328,0.002821882998599084,238.97415613388623
1329,0.0032346527658146315,230.53804870270204
1330,0.003290729467708605,133.1422795397322
1331,0.003177008316117553,283.53681982476354
1332,0.0029929516975494936,31.450513192985685
1333,0.003115160812290155,165.41177778630026
1334,0.0031171572780418133,57.694034406569024
1335,0.003054924124594906,28.518603472463592
1336,0.0029579524456619702,30.83633443549936
1337,0.003038877180789329,67.13158950868385
1338,0.0027430644409393826,27.76097144713797
1339,0.0031200082198757327,139.011709218184
1340,0.0032326826136125156,63.67300662660027
1341,0.0028585500648182073,69.65635017911488
1342,0.0031792811918175006,63.430270579228235
1343,0.002619642343829739,26.033388198797276
1344,0.002664696253329591,67.13850470103472
1345,0.002399131926506663,61.83830101201383
1346,0.0025633656422683025,233.02539817435365
1347,0.0028884634201649583,301.5154358230395
1348,0.0031487726700641025,173.17738239671255
1349,0.0031603292522111403,63.73643246111316
1350,0.0027727218680824576,42.16239139973494
1351,0.0027334828463237088,241.78888760648988
1352,0.0029507397740020113,242.43865927059448
1353,0.002641974025873178,77.39458415766596
1354,0.0029283351742868456,101.57744344360998
1355,0.002669779743636185,52.033727691652814
1356,0.0029516576907985133,170.6355614390858
1357,0.002676590005343705,131.75147686267977
1358,0.002737179010135563,173.3241169894909
1359,0.002522975680492252,80.77937777455337
1360,0.0025918453576541023,31.139755073529194
1361,0.002380314246496513,79.39403180838154
1362,0.0023630616535508754,97.18085613042551
1363,0.0023351743313303978,45.75998518167764
1364,0.0026494858745027775,53.66657462325209
1365,0.0019440561636410829,79.28464581508561
1366,0.0020931821884285174,103.28321885079293
1367,0.002004371885740166,28.29431423844499
1368,0.002402281728020664,72.68796494339927
1369,0.0019443663158863027,69.07441308286384
1370,0.0020001426671334573,27.729976773155567
1371,0.001959786581706298,43.8587811786295
1372,0.002276972267994556,167.40131465316455
1373,0.002363914050631702,305.974624559353
1374,0.002420498661981043,66.43093431958295
1375,0.0023588648436998483,49.03394009163716
1376,0.0023222440785471477,30.411170756282505
1377,0.0026132141869606427,71.90318441123885
1378,0.002267757453813191,169.86691147172223
1379,0.0024040546864950905,126.82004298910289
1380,0.0027652721986781864,157.12858380196576
1381,0.003052938829421544,68.25808511655272
1382,0.0030015522295963656,45.28589615951093
1383,0.003374209257187964,33.069123812111535
1384,0.0029378279241896476,174.13951383654165
1385,0.002915427406727579,231.1895658278427
1386,0.002966917379881587,56.51464865402608
1387,0.0028491240624009214,32.57200425050325
1388,0.0029746478693192468,288.18164586309314
1389,0.00346122912350648,113.58660357869056
1390,0.0035062964097425505,293.5510995218258
1391,0.003735604554389578,85.60438652382705
1392,0.0034658008732768738,26.525526156255832
1393,0.003701284124955154,45.85937933684029
1394,0.0034991296529138494,62.944701054836685
1395,0.003682827935501171,48.97949245837904
1396,0.0035567393482277363,32.028061726115425
1397,0.0033223660434855817,74.57768758760493
1398,0.0032024880337271967,27.726029652723597
1399,0.0032799630862427875,103.42280532261184
1400,0.003051025674074604,58.88999892688194
1401,0.003254054734994001,47.53514518577468
1402,0.003129934635094095,223.42584823922238
1403,0.003545993915837686,71.26536812188235
1404,0.0031611755551511096,175.71769442902968
1405,0.0029227432804129257,50.09338131785579
1406,0.0025373110458870433,63.090145710973964
1407,0.0026554351613422393,166.8331543695701
1408,0.0023753348139360095,66.51642179173221
1409,0.002225698940586379,27.92780742871376
1410,0.002474514473338861,158.82132829079166
1411,0.0031980333633014352,30.588240338270523
1412,0.002850582674098503,78.91484700800777
1413,0.0025705750572881897,61.032100545099034
1414,0.0022443664901612257,95.3065971194707
1415,0.002456727028001589,60.29069941177256
1416,0.0023280494440512593,133.36093363806376
1417,0.0022895465515682953,73.14853583200814
1418,0.0025495063705869105,236.6547505792939
1419,0.0026641268735898395,137.50315733783646
1420,0.0025962995617961637,95.06743296192538
1421,0.002356519895083447,75.9389539530136
1422,0.002284561299488486,162.16358969680684
1423,0.0024145949050839357,68.56104487342292
1424,0.0022925179851322006,104.6686373893006
1425,0.002117011119760439,95.09594450936495
1426,0.0019735217741118365,57.59832697008402
1427,0.0021544208166478958,77.8960841920744
1428,0.0024921899979657375,316.37991766857243
1429,0.0026938854889991004,171.3575821165449
1430,0.002655274697066158,41.75502832492834
1431,0.0027571239535224296,291.253697374665
1432,0.0030602750716675706,63.98471313134731
1433,0.0033309202956643955,295.8019200641794
1434,0.003553560083343076,46.08183270371698
1435,0.0035001920550224064,131.51179219669183
1436,0.0035307602590584227,30.665877424652816
1437,0.003416496914519164,223.22438550008613
1438,0.0035183806985758003,307.58611203588123
1439,0.003582561211304099,287.38305685071424
1440,0.003491537226578877,127.54906631977774
1441,0.0033056712689295666,32.65531362099661
1442,0.0031168698674421116,32.31821338493521
1443,0.0032086107474407818,53.34645020982397
1444,0.0033800892324998624,67.03253492781154
1445,0.002937005166626135,140.57879513650454
1446,0.0031690137958052425,234.87121653042755
1447,0.0033101974759582368,59.174105183313365
1448,0.002903177128400322,58.948364882703295
1449,0.003071719743639796,300.61832883393754
1450,0.0029537381362222895,52.53716298141872
1451,0.0027508212630150924,166.3063371212716
1452,0.0026875953129813844,33.1449095011782
1453,0.0026631744364394917,54.9451312134851
1454,0.002567879378932111,31.69750928545474
1455,0.002699376798277213,48.58736183405593
1456,0.002585922191240664,30.60809852391928
1457,0.002295877915877589,110.60902372815283
1458,0.002502315661490226,144.14246928976186
1459,0.0022283765504486747,243.7768765817125
1460,0.0027517648082233718,167.18346798696444
1461,0.002622106240199752,45.34282920957257
1462,0.0023225224968219,75.45009425150265
1463,0.002283111545131254,173.49245736465187
1464,0.0024798520964668083,302.64707023607383
1465,0.0025297500542365015,45.58134464248589
1466,0.0027172469156633676,30.321152904297655
1467,0.002663695534859612,306.65012339967194
1468,0.002799000660161255,97.91724203208128
1469,0.002667673729196064,54.9010100840316
1470,0.0023615848276985147,59.7480347867433
1471,0.002218624857928732,31.613589067594468
1472,0.0021968237700560633,81.05322810562768
1473,0.0024059541162209028,169.3022908920467
1474,0.0022549237940190574,48.86030735599361
1475,0.002465416087793575,167.07671099234184
1476,0.002642731490941771,224.34005466740305
1477,0.0030386312272608408,33.845208985697425
1478,0.0027797931468050026,28.193063993953768
1479,0.002787434273513855,68.00371634484766
1480,0.0028674332272475536,317.46889624651544
1481,0.0029444327211911934,97.65177181071377
1482,0.0028707767824443908,125.70707989557906
1483,0.002927298145739818,140.57655864360186
1484,0.002790017466264244,169.97133451334147
1485,0.0033927679800524794,33.09781945475812
1486,0.003006419071946032,316.22575369868395
1487,0.0032850014107975154,65.2854280632005
1488,0.0026708273660635594,111.69327417076786
1489,0.0030821490249435717,159.0951656774293
1490,0.0031236458931883904,95.57150768370045
1491,0.0030321611844886897,44.194858002247734
1492,0.00314958859609094,237.5184406173458
1493,0.003150788931621642,245.28814718419568
1494,0.002876827902912206,150.24468765868826
1495,0.003062968337030603,310.82824116951133
1496,0.0030649423489597983,302.6019320577988
1497,0.003356853764953798,34.11267821716738
1498,0.003244281208476282,174.9443139319595
1499,0.003411998289196233,92.4796705513746
1500,0.003214560680468091,244.89998961928723
1501,0.0035015296189403917,73.91781269963813
1502,0.0032180221778862934,72.44225830951191
1503,0.003252094242160815,148.40544496141047
1504,0.0028671242853118943,166.00810613141718
1505,0.0028157706387870753,139.1340906886128
1506,0.0030240100687979796,308.9553167100975
1507,0.0028483370419549333,47.84337847326235
1508,0.0028915370730337106,80.11544604290098
1509,0.0026181862287138267,91.30549737430984
1510,0.0025932330515309105,128.76141613646274
1511,0.002703411016419766,238.226205504224
1512,0.00277232780865381,67.61328570786573
1513,0.0027542545621354994,104.81654377360661
1514,0.002540475539605076,168.14595301375482
1515,0.0024828725647519324,105.9424500941281
1516,0.0025700871822804732,140.88647312856517
1517,0.0025850423510520777,146.72781516028678
1518,0.0022814012243531196,139.58260387301902
1519,0.0024875016677889596,108.23328279825037
1520,0.0020640882847312077,46.344682860010735
1521,0.002384549349183028,75.89276616575286
1522,0.002138448436032287,233.90886147924937
1523,0.002242188677029713,178.64863982206072
1524,0.0022492820221836716,102.5482654836244
1525,0.0025598203381476297,77.181637185868
1526,0.0024127618334687396,133.0268268414847
1527,0.0025279233928953405,101.50817795755049
1528,0.0026686021987096234,64.46979668278792
1529,0.002591752850283734,299.53547212925383
1530,0.0029280648386002914,103.08279180224005
1531,0.0030712265570494394,160.99180763480396
1532,0.0033222384175179147,62.390985623946534
1533,0.0031484229359660613,323.2103561983037
1534,0.0030486589065602913,138.29119385830944
1535,0.002678345050298958,99.02952534236395
1536,0.0029701353320286243,242.91706326123622
1537,0.0028791572159706717,236.69622930480605
1538,0.002706704904116562,34.66375486098247
1539,0.002939952599554868,308.0280010394246
1540,0.0028062007559866114,76.63427284068105
1541,0.002783899193493941,247.92609824993892
1542,0.0030229523925465237,50.43254537848131
1543,0.002802896880392178,31.80661291311164
1544,0.0030252545523473014,61.11058048551194
1545,0.002710174688492783,144.21988767849774
1546,0.002938619571068557,232.05448621684923
1547,0.002822416590457909,42.14034765341236
1548,0.0026964828480017878,135.54979647356606
1549,0.002527851181674543,108.98247295289838
1550,0.002649401096585305,242.54000037876557
1551,0.002686533538006439,31.333265560309282
1552,0.0025106497401981777,32.22519896635696
1553,0.0024071597894165992,70.54071606288097
1554,0.0026620983515843067,301.6118641816649
1555,0.0031882019706170038,179.4925539339104
1556,0.002853469116630458,138.80053826946383
1557,0.003117420849994816,298.9313427761434
1558,0.0034620655905380645,317.54313953711835
1559,0.00358787363339533,49.56026802667643
1560,0.003651728405781217,45.650528791197274
1561,0.003056900899867866,46.07945724803385
1562,0.003227028854952722,82.58908369215814
1563,0.003306272642598865,82.5886776765936
1564,0.0030084096478940163,86.1122037033619
1565,0.0028879380212895062,236.23987745564747
1566,0.0027617709042592527,81.82315655834698
1567,0.002971398890928775,291.9525624199072
1568,0.0029506732883128653,169.7818316986543
1569,0.0029892919691022696,180.41968153508552
1570,0.0026561131035123253,101.36065681287175
1571,0.002566512005098441,85.1571128111239
1572,0.002718633317773969,29.603120958837728
1573,0.002857467095795467,162.4632194246976
1574,0.002963599295485024,47.756863147431474
1575,0.0028613294864402966,233.68963622220056
1576,0.0025868874905757944,41.14563928836779
1577,0.0027585333299544957,142.92675273487293
1578,0.002695771576974825,69.29318551680954
1579,0.0026130056344620344,228.09181357244617
1580,0.0025171719136809676,65.09836226790472
1581,0.0025313785701235668,107.17788319987564
1582,0.002218851041859658,27.958980720995157
1583,0.0022980384346121385,62.186325164120596
1584,0.002369384013896657,79.79190516417616
1585,0.002356101627614211,73.29121876078659
1586,0.0022460440701582807,44.55230433607034
1587,0.0024863351839625797,144.65066364443413
1588,0.0025928870713164865,231.36369550932238
1589,0.0025813948220999566,59.174776719070955
1590,0.0026327389750804286,96.75660702905519
1591,0.0027830657750127817,291.6412921422961
1592,0.0026336502203250967,183.26261489001243
1593,0.002886188437032432,142.6995020686699
1594,0.0025127186391556105,77.63839822081073
1595,0.0027532017324906396,82.98486865720447
1596,0.002527144236480056,110.95895186909351
1597,0.0025980533326116825,244.4377601990857
1598,0.0026694316409953773,29.611438844638773
1599,0.002484383740158739,73.07854511299308
1600,0.002689990950614478,312.54107539047953
1601,0.002718764633093749,46.52469017227254
1602,0.0025498599608965245,178.60116434613965
1603,0.002451971890139175,146.77158915288496
1604,0.002500756278547346,142.76483446231003
1605,0.0027396800975374083,176.42501066193464
1606,0.0027781610828959613,253.65201794479893
1607,0.002847572309880942,305.8860406653747
1608,0.0029815014486396733,175.45867544742677
1609,0.003257932025708263,301.8677922546695
1610,0.00311827686272335,81.26866684819456
1611,0.0030294113463951054,66.47765246753993
1612,0.0030342536486965732,49.941932251903374
1613,0.0031227429501776553,32.469084110988355
1614,0.002920662358109708,245.29166732784168
1615,0.0028338256792568746,300.5880277610682
1616,0.0030296105122782618,309.93742977569406
1617,0.0028036362144252354,180.83446349158078
1618,0.0028792615569155837,164.6622354049405
1619,0.002751219831929709,248.14672733272008
1620,0.0031700788215819325,242.32457724691156
1621,0.003080098799233725,137.62716156198812
1622,0.003540339769442345,68.38491180185349
1623,0.0031728038707483763,72.08028985695405
1624,0.0028462806525042486,147.31952958307198
1625,0.002777548098816355,141.28600499639592
1626,0.002938637348144489,63.64786918499959
1627,0.002903079396425958,39.68968955543581
1628,0.00267369877888243,30.195771035797065
1629,0.002789711459037892,254.44243253436923
1630,0.002689228697262717,139.0227542186781
1631,0.0026043017363777976,97.20195136543057
1632,0.002527678315975488,105.7650468515448
1633,0.0024676510446740864,144.95896221638102
1634,0.002935490482984829,226.57487582485163
1635,0.0031184011115163394,47.643333319516216
1636,0.0031083692143015055,48.977196955723436
1637,0.002884753160395707,69.9589252483016
1638,0.002792232599436112,248.89091826841454
1639,0.0028655117401791995,167.71833485016995
1640,0.002986118912458088,69.37952414123892
1641,0.0030954415810719484,137.088344315397
1642,0.002943383453664585,98.41544029580604
1643,0.0029664594631784976,44.60393204493616
1644,0.003104341883983657,308.438717625614
1645,0.002774114400531242,179.5380086635259
1646,0.0029402299207727982,313.30551017471277
1647,0.002918348891067911,43.162665223412866
1648,0.0032244956497049847,138.51822935194238
1649,0.0031503741467400386,178.3491314858288
1650,0.003541898787364882,168.2266949903623
1651,0.0033461950727157563,165.13031109618592
1652,0.0030217657362840867,79.4102345797388
1653,0.0030080169176394753,64.60110460096686
1654,0.002884076665534433,60.65061734739471
1655,0.003114740959053329,302.45058206964535
1656,0.003009534271329577,33.06568061771431
1657,0.0028419445739721774,174.0636456485584
1658,0.002849626159740787,151.88142351338107
1659,0.00294158795515028,62.32698028229677
1660,0.0027573923131992183,73.25985968355128
1661,0.002615650736375174,169.83854344796057
1662,0.00231988646125971,145.89202111615353
1663,0.002369725205112602,28.250772170424582
1664,0.0021862130138074554,142.26136082270304
1665,0.0022211480448564094,320.57768296368243
1666,0.0021432231257455677,70.36893763111965
1667,0.0024613717674087225,50.97046490405475
1668,0.0021876507573604332,108.4178287041082
1669,0.0023007001908497584,125.70342579220758
1670,0.002310495993614578,53.15791351744026
1671,0.0022013501746907375,142.72475139921218
1672,0.002224227302996531,107.53836892508431
1673,0.0021686610929244478,146.73773064138348
1674,0.002387663239169717,167.00742876913557
1675,0.0025359728194455106,236.93679420580477
1676,0.002826840392047486,104.91277333013012
1677,0.00349645527979913,30.19152595665569
1678,0.002629078392076313,245.57131839048876
1679,0.0026641669128212478,66.45726678208246
1680,0.002389540925203339,105.3684672563437
1681,0.002611742459171532,111.0664600544301
1682,0.0021770073002994037,82.36529643053278
1683,0.0023989399403964297,303.30461094860834
1684,0.0028250803781775663,140.16950371177674
1685,0.002532331830796096,320.6898308343809
1686,0.0025155254508424925,151.014903746297
1687,0.0024092721604784648,102.6970755514515
1688,0.0022219539359039945,50.705925873484254
1689,0.002415868784445724,322.35732328770706
1690,0.0022117630916982794,142.24239930242192
1691,0.0021039209211783207,82.33477729962436
1692,0.0024870154731888275,314.86352107121564
1693,0.0026972209325065986,248.65461220387726
1694,0.0029094632337026095,313.0442094501322
1695,0.0026324058673288585,100.55708746157032
1696,0.0030299064622043986,301.5241883152557
1697,0.003120236873224188,67.95673266248205
1698,0.0031095731965068494,134.43575542727586
1699,0.0031064412757517016,99.71126945742077
1700,0.0029566212122261386,132.32431926754663
1701,0.003039020590222208,109.01404206070865
1702,0.0026945295430972605,322.7040082794509
1703,0.0028322418071320254,324.28840342981067
1704,0.002625783874316619,72.67908025199998
1705,0.0026994661011579494,165.52393239414155
1706,0.002597256401066384,63.28656734645468
1707,0.0028833326427380778,230.9757462659793
1708,0.0027063114495091615,63.59725504560163
1709,0.0026273675757693127,87.06061774896067
1710,0.002660179425159082,135.5438478287649
1711,0.0026076920587380396,152.03309692950057
1712,0.0025251201630060284,73.98714434202607
1713,0.0028264998724586584,71.7770506814659
1714,0.002613317675225563,63.97759178751456
1715,0.0025948176608625753,102.978811708477
1716,0.00248090950631665,32.07562485033345
1717,0.0025343576502128715,241.82299361967188
1718,0.0022617107416578112,66.4151286364259
1719,0.0026637368480305363,152.88439896294108
1720,0.0025927950002762766,75.27141869423609
1721,0.002331849711481482,31.141239146468017
1722,0.00235487860928262,186.8194013551714
1723,0.002119409887200163,100.68752661787049
1724,0.002166375473197232,49.60951117601704
1725,0.0022513877300949915,312.30450838758594
1726,0.0024756547340792833,251.72734759086143
1727,0.0028537677801953555,64.1420503000237
1728,0.002737784833520094,175.82922144843775
1729,0.0024639478748353072,110.62161567777966
1730,0.002728903999237436,312.9958360106292
1731,0.002697070672322791,65.54006868105631
1732,0.0025856557847922603,134.60434588165074
1733,0.0027087388835156916,34.116580902298644
1734,0.0026025817301301357,170.07825748829322
1735,0.002805546128497967,48.028474045244444
1736,0.0023489147001813358,144.08549445510283
1737,0.0023622654526667896,138.01061606475497
1738,0.002580463243836729,306.32353063319687
1739,0.0025877943247404143,34.85362983026762
1740,0.0026467461878358313,85.17703655089687
1741,0.0026688596623209025,149.6249319634491
1742,0.0023016695128250365,78.74327671859426
1743,0.002644830418465006,185.1351943427258
1744,0.002730589283041459,99.30526945216674
1745,0.0023874022439925066,33.019830144888125
1746,0.002313178397801817,149.0785181153823
1747,0.002483484809499409,146.15620264985637
1748,0.002542382706019838,63.335129674662454
1749,0.0024244592977524493,174.80791980384336
1750,0.0020644143034362584,181.44008638540095
1751,0.002144951655778145,42.66356009255365
1752,0.0023128081965506473,93.73161625255304
1753,0.002448558695876682,251.24256743525385
1754,0.00237088206335626,65.72513589835107
1755,0.002168912004400716,106.5819876020872
1756,0.0024742561162666194,35.03555580496964
1757,0.002191327422574082,112.17289765230637
1758,0.0020003420193967668,168.50456985673068
1759,0.002096593004105009,48.10819972631947
1760,0.0018800291178883305,79.4480387016963
1761,0.0020718043756630476,310.61192372653574
1762,0.002467236544730809,88.90013334243736
1763,0.002261849165094916,87.5300165921638
1764,0.0018621073306688124,53.415602819510404
1765,0.0020711733720714803,314.152843947937
1766,0.002250911623785465,32.49053584708874
1767,0.002131952138790019,96.4157745668884
1768,0.0025017784419410936,139.15455663392916
1769,0.002523389096667587,84.02460187920316
1770,0.002365445129147371,45.41585408819631
1771,0.0029555538019917426,314.4687129406714
1772,0.0028705989131016063,48.493335907713586
1773,0.002523050033885848,142.69017985962972
1774,0.002662814171461234,305.88270875604945
1775,0.002769415080575317,110.53751824683992
1776,0.0027252759810553156,32.987185276571765
1777,0.0030018131283913343,99.13756439996288
1778,0.002582520705785971,309.33809819824677
1779,0.0025941164694505475,62.04827866119886
1780,0.0024580052679886062,65.59972661212852
1781,0.0022148585416584252,69.84601512336717
1782,0.0020733101561993613,47.34133609686853
1783,0.002226457284053486,239.6192328920789
1784,0.0024989274203049564,322.2042861751583
1785,0.0023920776411368687,76.1221018214789
1786,0.002198646673955059,110.03824981070082
1787,0.002079831977343102,49.28602284509944
1788,0.002281053931176531,140.34331110166582
1789,0.0023270605334929258,156.74638987933758
1790,0.0021735637280719607,51.3669287025435
1791,0.0022803234807981317,154.2250780681856
1792,0.002337939036179109,27.479685920486386
1793,0.002113263617052466,174.35739398376273
1794,0.002242376161543497,248.93906819686285
1795,0.002215403713467147,177.95392741843168
1796,0.002250014872547111,27.31662919500129
1797,0.0023062150435548944,81.26438345220393
1798,0.0019458678404495504,30.93487310116359
1799,0.0024934328655451853,61.40635691170741
1800,0.0018946180898637976,89.24301742207471
1801,0.0022719583908020168,158.20680529596856
1802,0.0022994757031560317,236.05195760613606
1803,0.0024018759438397615,47.21200594094545
1804,0.002606436109290679,62.03368110728332
1805,0.002349053680616733,87.64103976094697
1806,0.00207183780258748,74.12810361883463
1807,0.002073870591210345,102.39044555688626
1808,0.0021330206716965233,243.3740659987337
1809,0.0018393280850683242,32.38882911304373
1810,0.002260565805375915,45.71893049001028
1811,0.0021999396263647397,66.02818585455518
1812,0.002273307587208418,314.6562337030978
1813,0.0022893965563255464,83.55356174975843
1814,0.002348135831967409,141.98050670895566
1815,0.002559654219837095,324.93640775355476
1816,0.0029630785994963185,323.072174879694
1817,0.002692887552918612,53.475321772156704
1818,0.0031264132882246154,42.82415455111499
1819,0.0030232456773905494,325.7940552869514
1820,0.002984573792520873,149.90642398009763
1821,0.0028167785606728075,180.28987663977583
1822,0.0025472736531148917,42.12790431314163
1823,0.0025621156182124055,32.43848298922566
1824,0.0028943681027158163,316.1848694668653
1825,0.00256383082926689,148.41706000567558
1826,0.0027366153997056904,48.649077997840855
1827,0.0029593734566746703,52.95641128571826
1828,0.002555727465723344,331.3692096672582
1829,0.002744602016383411,326.9708910876874
1830,0.0034197450998255004,67.0397424983804
1831,0.0027889209864277046,182.92032753180283
1832,0.002561784837241048,58.94275136162932
1833,0.002502198472301615,178.64071601088833
1834,0.00251477204396842,243.33891086842
1835,0.0026384373560434525,322.836387548662
1836,0.0026900189160104756,45.85126411076844
1837,0.0028234542920266173,178.04547913009407
1838,0.0023782186085141307,52.84796791199713
1839,0.0023814606245516506,150.38396773298726
1840,0.002599288610823707,170.4919330130181
1841,0.0023867076022063634,50.136145378622146
1842,0.0027564958780623362,102.4528415492112
1843,0.0027354470743394467,178.71959501940836
1844,0.002666147114742324,171.21283976170238
1845,0.0026581181027535254,186.4696968592404
1846,0.002469069109608072,62.93135548711086
1847,0.0024643494630377186,72.2370885657195
1848,0.002568948664252416,175.07509849004404
1849,0.0026257018291345824,183.44947905727736
1850,0.0025475848328061212,147.05012151812403
1851,0.002314455399558741,87.4540311091462
1852,0.0022081010415064867,62.181049734794115
1853,0.0020673289813762843,108.54660681749354
1854,0.002066821237839087,104.58121254172914
1855,0.002162638657451184,50.914814100170624
1856,0.0021668891562951795,31.737827508326845
1857,0.0021453040361861064,248.1699022892131
1858,0.0020062129167574593,112.15047773532139
1859,0.002010240243117582,33.84082396349115
1860,0.0017917033590297464,146.67831907367557
1861,0.0020553158404763346,64.12150936015271
1862,0.002382253584404349,50.01490418422394
1863,0.001966886885037235,173.74079350849573
1864,0.001908275653477176,96.25434869153499
1865,0.001816999678528097,30.612761983776906
1866,0.0019292978193499782,53.6644249291473
1867,0.0016617749529781501,182.35339826885556
1868,0.0018763199424773286,47.02154992595881
1869,0.0018637414212772172,31.665098121236944
1870,0.0016415459136111387,151.63866759288868
1871,0.0019014417013212051,243.90033886515593
1872,0.002127096394591933,60.17042816742543
1873,0.002011348610816138,32.47713095994355
1874,0.0018494276492046337,193.3110005262786
1875,0.0019113505176602092,103.30616698766596
1876,0.002198066058029161,153.9763320299608
1877,0.0018541241825313576,63.36871161199049
1878,0.002029259143624192,173.0955803276809
1879,0.0020522908339711756,343.50754950729385
1880,0.002092135444937052,142.5663238407146
1881,0.0022618378801592463,34.53088543664497
1882,0.002375717843692242,314.51098412850627
1883,0.0023750970208661435,98.65863819254922
1884,0.0025655122395900182,156.92880027958392
1885,0.0022196744746721935,64.53993038106195
1886,0.0022682901565122243,142.74769268285453
1887,0.002416142673904982,75.57895814042949
1888,0.0020690997928771116,88.88311597035123
1889,0.0023928187123166142,244.21818595487576
1890,0.002573341761760546,79.1805036646596
1891,0.0023499559578009544,44.29409930822221
1892,0.002513077825069096,69.06050979572672
1893,0.0021910898112451078,31.39744229543078
1894,0.0022651159774704256,144.20874972619913
1895,0.0019392838966551013,31.62739758916447
1896,0.0020944117161983238,35.38715284777171
1897,0.0021147268836652325,338.5475698043919
1898,0.0020287778611803994,64.58109646035084
1899,0.0022513318386204032,52.64244829494668
1900,0.0021366305306035373,169.02945610950948
1901,0.0019227590552319954,183.3570965005974
1902,0.0017199828410304104,60.59263500570232
1903,0.0018096362741330681,50.763037491935215
1904,0.0017275404025812431,48.3279463095953
1905,0.0016709525651972868,28.285961267310153
1906,0.001616939490659052,63.12371448267356
1907,0.002148383227366549,255.74430158395356
1908,0.0022133062693634677,321.5505576863263
1909,0.002610205470549782,315.5711195429524
1910,0.002618111749300091,31.30720690811885
1911,0.002476895630190318,43.82449175559605
1912,0.002928745955366387,49.259228749313316
1913,0.002690679063454223,64.74461825978202
1914,0.0027579149391385727,178.6578474361048
1915,0.0029411382041032016,117.7286148256514
1916,0.0026046384876498847,252.53441889784241
1917,0.0028123968841100577,257.59657587876575
1918,0.003025929794743066,114.9947995915841
1919,0.0025528344575671807,336.0712119748838
1920,0.002741814460613249,80.7773113457571
1921,0.002611285088972078,185.14994736613008
1922,0.0024828303851861097,118.88966813586347
1923,0.0022107722051244354,68.21526983060998
1924,0.0020820900062972214,104.88283600725681
1925,0.0021341823539329763,236.67432891584684
1926,0.002195947621797901,112.46825943367259
1927,0.002407508995864041,168.4040618238842
1928,0.002328753703905116,194.53652849055993
1929,0.002147206582052049,69.56707587645879
1930,0.002500307508440032,52.40482829285095
1931,0.0020772426023854523,28.400250842954105
1932,0.00227852649087171,50.842856653358844
1933,0.0021955323285179807,48.3877355729842
1934,0.0020439865663836434,80.45037781767518
1935,0.002088442476550964,48.77067499075059
1936,0.002270804738194833,79.32574139579611
1937,0.001640099170517401,33.426031686907294
1938,0.0022747389813538087,98.26605476612235
1939,0.002602667641991169,251.3825314830234
1940,0.002514130857428388,259.0003711252156
1941,0.002802459692017218,237.353062308442
1942,0.0028536544065811,259.6415379192373
1943,0.0028949933062408077,49.17788339650245
1944,0.002756992806098424,50.87503579528721
1945,0.002858403076970717,54.952023627162916
1946,0.002825109378948626,325.4322194637428
1947,0.00271173487256509,249.55411894627912
1948,0.00261447754151463,51.7271966736927
1949,0.0026427185794219298,261.9345009062722
1950,0.0025013984311674274,114.34230048926189
1951,0.0022428985976880875,148.12448974968444
1952,0.0021850500116223407,70.97520920420745
1953,0.0023041195442127784,254.8435802503937
1954,0.0021141282567524204,51.14943048861062
1955,0.002223287180842341,146.97658103610468
1956,0.0020771152919985833,71.70214018596705
1957,0.0021678207428526865,334.0268974713804
1958,0.002240244405291347,66.11416829824427
1959,0.002363121295256298,193.36599531054944
1960,0.0022384776620546706,80.69553576472464
1961,0.0018174229385644698,117.18834180086306
1962,0.0018594413751094826,144.09894347311206
1963,0.002212455157160338,112.1235480857346
1964,0.0021414931730683287,241.08730846737157
1965,0.0025864992415087977,48.10921938235944
1966,0.002044626364460617,53.885991064976544
1967,0.0017615581473856346,78.7372825056703
1968,0.0020012517943850056,54.83281315058573
1969,0.0020681424502981827,33.34869816423612
1970,0.0018856162071394713,50.22296809007083
1971,0.0017850582567546754,73.74812379251337
1972,0.001935496888165158,179.92661122044183
1973,0.002033556384180274,171.9532364578556
1974,0.0016717503938046073,53.02709621954562
1975,0.0021356472711416027,33.33655067429727
1976,0.002141627391095644,249.28500332880998
1977,0.0023522698034427994,36.917820877754714
1978,0.002033270623192388,113.77288241514792
1979,0.001892721946913774,132.36392029742592
1980,0.0023069584734462436,172.89223455212448
1981,0.0022191264304019195,189.64317251217966
1982,0.0021998231732632614,79.87504067547388
1983,0.002294907509746157,47.93506070547315
1984,0.0021915234467777393,31.50173455081159
1985,0.002126558144971988,115.4250814198286
1986,0.002169369016374438,60.73550811229575
1987,0.0020706455163070295,45.620908437753926
1988,0.001936104241959301,34.226046535111145
1989,0.0021373683486604145,324.2763626776011
1990,0.002736112840811692,316.64790029478985
1991,0.002139323574675504,36.278659606574905
1992,0.0021831949541757985,51.12771874604105
1993,0.0023144326131292223,347.44150866674977
1994,0.002440761811795738,179.71796512335067
1995,0.0027378953108027075,331.16928719438454
1996,0.002645684739375503,65.14376840768632
1997,0.002389189322828725,254.67524012912293
1998,0.002387680521941175,153.58221273007152
1999,0.002391832680447036,105.84189462122946
2000,0.0019336647875696565,113.59026219385844
2001,0.0019500910333259856,46.59181362293237
2002,0.002639912130261484,321.307739857382
2003,0.002388525304096137,51.42200632884089
2004,0.002162020757664736,45.252533285645356
2005,0.0022919661772063523,116.92150919437512
2006,0.0022330718652459167,334.71906844574175
2007,0.0023445490955349966,84.45502557455686
2008,0.0025328955263677006,250.35085609587227
2009,0.0025164048390546616,265.9632325501501
2010,0.0022783771960256972,153.18562478252338
2011,0.002149081902294151,111.89371432509294
2012,0.002084210735809957,35.69589501735923
2013,0.0023811332271695402,190.68142157672645
2014,0.002326840843346184,82.47239368451953
2015,0.0024297373201005866,80.50994470649391
2016,0.001800073990755034,109.01302730986781
2017,0.0021486707144916734,180.87013881051607
2018,0.001884412797013423,117.25386773078925
2019,0.001680091104945621,150.2326855735417
2020,0.0017319528440190158,35.85699863738445
2021,0.001986522179181584,252.67238124017896
2022,0.0019470483994468693,33.50635381013483
2023,0.0017063046725280895,143.11430477560887
2024,0.001649118750213619,187.58996713692034
2025,0.0019092903094621682,143.9082607222771
2026,0.0019293697138161572,258.1194163598635
2027,0.00190858386977689,78.59626714832729
2028,0.0020750488769677123,141.4936042912846
2029,0.00229136127725237,255.52258684051114
2030,0.0024290885159079434,33.81768304619601
2031,0.002154325126307063,121.5143598679747
2032,0.002230319920235826,153.0943782167293
2033,0.0022775021236307066,192.09876943900457
2034,0.002257305976141848,79.15115248342981
2035,0.0019641280868254764,155.06220088123172
2036,0.0020552688962783847,126.62413506260489
2037,0.002270338752426526,337.10851413687493
2038,0.002145519493007503,49.318329546903456
2039,0.0022000713233184194,323.26583676256945
2040,0.0024172943534799293,268.42899038605196
2041,0.002615616796656222,70.93290537341367
2042,0.002615537809106172,113.07316190420634
2043,0.002477204869702009,34.50906066353932
2044,0.0024951389994199973,66.52477033990972
2045,0.002525510720839851,52.0960798968851
2046,0.0020813311053974426,47.89874602310858
2047,0.002211506030092142,72.47183320105019
2048,0.0022231009665489893,63.177074554914455
2049,0.0018877738031143373,68.44577406141913
2050,0.0019775792289609935,52.83718323187664
2051,0.0020538145829665207,275.88428683679945
2052,0.0019132456140637673,48.3068810924487
2053,0.002067438293894296,101.47978344570103
2054,0.0021269453050158284,55.909347948301004
2055,0.0017632308879104496,189.43306671999596
2056,0.0015534721248762005,48.08366703251287
2057,0.001865984625388573,190.98544024241426
2058,0.0020137995472458868,35.248159534121804
2059,0.0018673434987221365,191.39453074877756
2060,0.002020799119900157,78.99130365114642
2061,0.0021293400549579865,272.824085262127
2062,0.0019562220250852838,182.9428440880261
2063,0.0023319288901175114,241.6926856733405
2064,0.0023024698901001383,98.59526362304696
2065,0.0021674176599402483,83.41662242432544
2066,0.0020808952500705013,53.04475208742673
2067,0.002293867802853294,52.151457937628194
2068,0.0022479375134439165,44.63752524989963
2069,0.0021304906856553125,243.30559050363573
2070,0.0024921000665265387,49.61931635704233
2071,0.002379657563167335,35.233201897033645
2072,0.002225870735856006,330.50185988400295
2073,0.002084751253053198,185.94398588053372
2074,0.001988155767714882,79.19919923845937
2075,0.0019375558652521658,34.5052609537874
2076,0.0018685836007862986,196.66455489119653
2077,0.0018409536147823789,186.27442790951977
2078,0.001989118049890057,268.0303000468032
2079,0.0021508419876698753,329.22288783302264
2080,0.0024145167021899774,31.420301680204375
2081,0.002240323311112165,52.74756039635775
2082,0.0020704691628499446,185.22851584680723
2083,0.002223169813879718,61.753006137138556
2084,0.0023096424374671187,109.588113717827
2085,0.0021578323411686508,145.5866295140819
2086,0.002028663149338592,109.95254419297007
2087,0.0020416366698323115,157.3130268195427
2088,0.002206013596652814,30.402521968041995
2089,0.0020427705603651702,97.05836954051578
2090,0.0017691442276295906,70.80909067057598
2091,0.0018061351727603641,138.18983834352917
2092,0.0019975113208112395,115.60303607601065
2093,0.002161847980872706,178.72792266132285
2094,0.002011450599500183,64.8020439605808
2095,0.0019917492481908994,51.160571127463676
2096,0.0016311245453218392,65.70969162890579
2097,0.0020313415623245995,267.54834124340516
2098,0.0021695417738756386,58.002647471703305
2099,0.002166031331931851,34.9061063306882
2100,0.002199039843772992,332.8058220379728
2101,0.0022825367479676925,196.59365020745756
2102,0.0023596280110287924,261.30873898318566
2103,0.0025352690171467187,335.37497863197984
2104,0.0029290953712455083,269.9774966035344
2105,0.002681147832882078,159.95625755600977
2106,0.0028399085236616947,34.165829199451615
2107,0.002604375553346472,267.8938743796934
2108,0.002400061078814735,347.22814453044225
2109,0.002300431206319829,180.3877271688826
2110,0.0024159076379748575,31.964059966810492
2111,0.0023343768198080313,193.21461045228907
2112,0.0023610263448393775,46.28663466915533
2113,0.0021074930657330416,123.95712132759441
2114,0.002200403993531206,102.03982822671976
2115,0.002187085657553944,184.61388402107164
2116,0.002152591907754352,88.85230855679096
2117,0.0021438577863036544,70.4088322409779
2118,0.0022511477169681595,253.1968184213
2119,0.0022514257619504706,59.419320413294884
2120,0.0023649932154317954,341.102819772108
2121,0.0026197141755737517,263.31684408975724
2122,0.002446769821372899,48.886845862441014
2123,0.002424429014494168,107.01552408342792
2124,0.0025970897141761214,142.79167599426532
2125,0.0022196180758590946,189.15412359043086
2126,0.0022020724791218527,111.09304763623588
2127,0.0020966914416931104,112.74498566586558
2128,0.0020921031894631905,71.85357084976086
2129,0.0019439693317863048,63.8156282252831
2130,0.002176673597701169,336.6186576425365
2131,0.0022711682135736367,84.45073456840201
2132,0.001781000438147113,275.056300174461
2133,0.0018925784329789726,106.41240998112447
2134,0.0018465737337086368,135.43005674970166
2135,0.00205691354535766,253.209581259663
2136,0.0022667879830536755,257.823108926315
2137,0.002222071858193738,82.8710538430019
2138,0.002440928495429141,342.39901396455804
2139,0.002573967571358302,197.66899171751413
2140,0.002579943765092387,50.21925834063776
2141,0.002285336295740721,49.77427516130482
2142,0.0021679946611667137,56.17509705280257
2143,0.002681272830011801,81.42180892529596
2144,0.002676433246435827,330.3180867972943
2145,0.0027187401536012622,346.3187542735763
2146,0.0021788266251612435,49.584035223206044
2147,0.0024273772495899512,105.71163976840221
2148,0.0024568202666861738,152.76804315504998
2149,0.0022066715395009273,49.75867475748843
2150,0.002563340831219825,140.70231387252966
2151,0.0023889912128052136,187.3036975140262
2152,0.0021316934596073292,113.80421118621305
2153,0.0020650697177359615,156.64286729578538
2154,0.002177061070206421,266.4770462548832
2155,0.0022253445531532634,53.032179476628095
2156,0.0020387504931744026,29.848560834716263
2157,0.002057560282087568,346.4645000536457
2158,0.0018567722190396283,35.30882403556128
2159,0.0022905138321220875,33.52804595712203
2160,0.00202650364927021,184.3896671111458
2161,0.0020827827674079814,33.14652140126312
2162,0.0021232549918819973,102.9150023990233
2163,0.00218831024158391,263.5879964328988
2164,0.0023323255602288274,117.22911800484732
2165,0.0019400766505603285,66.46603013219725
2166,0.002065892071606448,111.65392926210247
2167,0.0022066731692356027,34.90789947754323
2168,0.0021474079064891034,189.1196561705587
2169,0.0022634338790756036,61.68674289522904
2170,0.002161330612750971,149.3230225626962
2171,0.002217404996100441,186.81835516275768
2172,0.002304646602833354,73.72240976399328
2173,0.002005692318065981,47.455201234802985
2174,0.0021611439911234463,112.23566576526774
2175,0.002017544928525764,70.62820710030637
2176,0.002066958349029481,191.39780215577267
2177,0.0018147344931797485,192.27990689596828
2178,0.0018534746117998462,113.93211260335696
2179,0.002044953836636577,362.54149879762645
2180,0.002304848763742484,68.3352936559594
2181,0.0022638424785871337,183.5670621415319
2182,0.0021942569456884268,267.30850410992963
2183,0.0020998973531343077,190.0728089699301
2184,0.0021435159181816166,50.708146306102215
2185,0.00198458059228552,149.20233908920522
2186,0.0020696548419155206,250.66014899437553
2187,0.0022883585951292587,151.46313300067007
2188,0.002381974661989383,350.9663113548886
2189,0.00265708239007486,105.76064562563525
2190,0.002235215008544925,67.90838868791757
2191,0.002294243854731366,115.03594170982115
2192,0.0024108178950229277,259.36797915364326
2193,0.0026303314077487246,32.75402581930388
2194,0.002395609488056665,73.07545582334953
2195,0.0023009794828724875,112.52609643344593
2196,0.0024412049820761827,260.75155029303005
2197,0.0021555104191890873,206.1212296517855
2198,0.0020886301545770774,79.10828010439569
2199,0.0019449495054934894,54.070138317174944
2200,0.0019296091739026732,109.45786174314945
2201,0.001975767695743559,69.62348280578024
2202,0.0016649547685399458,114.71117139056632
2203,0.0018026752383367897,34.16999635888782
2204,0.0015699267151846423,72.75454967749246
2205,0.0017507887470830457,265.75804514401534
2206,0.0022482806954239954,348.0356228811787
2207,0.002358667974807428,49.12076514511605
2208,0.002434841996346903,341.232906910488
2209,0.0023326763343489306,47.18014238492553
2210,0.0022830652637037866,32.962973505997475
2211,0.0023494286227927425,342.53372897957064
2212,0.0029685258110664016,34.27810888946068
2213,0.0024243179542150404,343.5586200336902
2214,0.002181293506675336,347.52718114923596
2215,0.0023469689195652873,51.33369983874766
2216,0.0020641077778403177,259.8689698875127
2217,0.0019803719836456422,199.07498757021582
2218,0.0019045832889857523,114.877456803534
2219,0.0020008431399789624,65.05441650214935
2220,0.0019515105447967867,158.01899007602864
2221,0.0021751385733156125,103.11509074969922
2222,0.002045444193844188,256.86967508023935
2223,0.0021244067311577573,150.12894556322738
2224,0.0021848219481778062,336.02962057434274
2225,0.0024437390300405797,72.65780394592491
2226,0.002180256211431697,66.17400170850499
2227,0.0019023043518049038,88.38809662634453
2228,0.0022014902622851714,48.870871322486984
2229,0.002009389817901357,31.776403250508995
2230,0.0018247082956249715,71.07403761905282
2231,0.0018504200133275634,120.58189758186879
2232,0.0018180904826294864,119.44030011238235
2233,0.002132270839341553,57.58806627463609
2234,0.0021407383214080192,36.45393421733297
2235,0.0018641287705659952,46.51995297344356
2236,0.0018280401819883365,30.482959896361326
2237,0.001771146903593035,112.15046380392445
2238,0.001725248873314694,65.10984023023858
2239,0.0018431648241931799,88.3499473520893
2240,0.0016780533995439202,32.822578138714675
2241,0.0016771286829514959,46.61052923435054
2242,0.0016923064163042786,87.1155722206755
2243,0.0017359949909489644,189.02575507414983
2244,0.0025969082573944684,43.425027542140555
2245,0.0019112008395098547,274.6041403845478
2246,0.0017108874640143767,108.70353710213466
2247,0.0012075743231027194,35.89036732443901
2248,0.0014715337465531775,108.73963068728251
2249,0.0020823033797073135,48.69797089858665
2250,0.0017169339103097396,70.1078450564171
2251,0.001305835039767606,47.73949070075397
2252,0.0019266491265330892,272.59615544007636
2253,0.0018636486155622415,141.54593677838582
2254,0.00202843106066419,158.94044975436432
2255,0.0018563226942699086,69.38112153612065
2256,0.0017402869896220698,82.20760854503527
2257,0.001969579460264196,144.73651658194154
2258,0.001781533827149182,189.60615607179423
2259,0.0021382030714588696,110.20994358538988
2260,0.00199869075361046,112.15336305753105
2261,0.0018276111694486361,31.876505935162534
2262,0.0016881525816338063,150.12531931252232
2263,0.0017504976508385202,68.38646002378142
2264,0.0018447560682879683,265.2223934362014
2265,0.0018229412082168353,72.12012665304566
2266,0.001892057679457062,267.29669232128174
2267,0.0017655847480800987,283.4563053470358
2268,0.0016008149822565347,50.6126402852627
2269,0.0016660054158923316,152.95945113020574
2270,0.0017142382273528504,198.00017195606702
2271,0.0017948847087093922,337.22659000385346
2272,0.0024007073029522494,34.90432271336553
2273,0.0018359306915800503,283.3691954091642
2274,0.001827018990799592,27.428723213428704
2275,0.0021279837905736217,55.917221611678166
2276,0.00188637024321381,273.5722323352222
2277,0.0019361242375453003,118.69115136085614
2278,0.002035894319549339,257.0043144857708
2279,0.002018014491752822,92.62223994726584
2280,0.0021075506716676214,343.4801601852809
2281,0.0021380350831158223,260.75158868379896
2282,0.0021414595153685895,71.7062651420193
2283,0.002253771271348006,158.1352823375485
2284,0.0022236519832334193,109.9625639746572
2285,0.002088693446729359,107.53998483142166
2286,0.002100806152743003,147.9979699325482
2287,0.0021155508563345166,145.54959918352424
2288,0.0021800402471192433,52.844858492237016
2289,0.0020320024386435275,276.0552981760739
2290,0.0020885987958279765,154.04105575091847
2291,0.00182797217292738,117.71176706124426
2292,0.0022815273806046856,332.5871656563872
2293,0.0024119777603809197,334.57167477155645
2294,0.002234964662896791,166.70023327423962
2295,0.0025147033668449885,268.05595115059754
2296,0.002488101271949945,61.22035440127543
2297,0.0028555821326304355,30.73420323904038
2298,0.0025966840675811015,65.93798029644351
2299,0.0022972906004456216,156.16253941408553
2300,0.0021257346037525647,204.48718624245882
2301,0.0019790303279656543,181.51870639208056
2302,0.0020874120188008167,157.96255231986493
2303,0.0022626777715451115,27.813889397200505
2304,0.0020637837995602375,166.264049734953
2305,0.0017495588108431548,113.2078647295029
2306,0.0017828268710917865,108.57626535323911
2307,0.0017922006563976076,66.50933348493163
2308,0.0015554372059176042,51.242589890927526
2309,0.0015287968939258557,35.33512864545258
2310,0.0018300331665879591,145.067033195131
2311,0.0018206679739321352,341.9953563469483
2312,0.0018734913203937548,35.46108489768126
2313,0.0019671171254370934,104.86241652028282
2314,0.0018588959285520618,170.584284099667
2315,0.0019141002278232364,70.94614041194872
2316,0.0017257204115218162,31.087036715361318
2317,0.0015921538639705139,62.800384037472014
2318,0.001413470584997538,32.726668441593
2319,0.0020162129363928793,50.72764852421303
2320,0.0019672077900599653,352.9458779436295
2321,0.0020944738347106052,361.7234875133574
2322,0.0018767271880774801,48.14367482987177
2323,0.0017609851944968993,202.72235535318208
2324,0.0018061340076023155,179.16711965153362
2325,0.001860068528073428,121.4109094858954
2326,0.001899731383289204,264.63570270697846
2327,0.001976797973209334,113.13727329338364
2328,0.0017158764311857276,267.63874704014427
2329,0.0019511275083484204,81.08422540875043
2330,0.0018672518506850184,188.0884254582074
2331,0.002147699434925425,355.26094386564057
2332,0.0023431752082475354,104.04417840550894
2333,0.002155246307665948,81.70973930197654
2334,0.0021767818315393843,57.48268764410235
2335,0.0020194533702532023,35.07033680099318
2336,0.0019943232982280357,150.11318580077244
2337,0.0018863582831570589,34.03802930717015
2338,0.001999197609262077,281.6358724800787
2339,0.0023856350855109964,347.92610620564164
2340,0.0019183807450066195,56.90554021742867
2341,0.00182282991673591,49.5434424509519
2342,0.0018189393558014461,119.30930902054024
2343,0.00200325576621584,49.86707031721598
2344,0.002005761073517751,271.51896932071037
2345,0.0021619853547328325,71.62309966627863
2346,0.0022070530982231363,109.98759118276966
2347,0.0019398313896510024,108.41710881331706
2348,0.0020594674257993642,110.06079624593455
2349,0.0020076331503250085,59.207795710587575
2350,0.00211050165940198,145.57183120548376
2351,0.0019795095154081866,202.99215369632347
2352,0.0018640996605916792,120.5206277391388
2353,0.0020152546088000353,356.8298593311031
2354,0.0018114185181281794,274.6783946780873
2355,0.002143187307182109,360.92307356127645
2356,0.0022265758771871182,182.31245779137205
2357,0.002495442746419877,32.249083905243836
2358,0.0022847588948809124,29.290528961998362
2359,0.002108508568247718,153.76442410844726
2360,0.002412926963157149,33.56618484215566
2361,0.0018896953521922615,33.35351149692889
2362,0.0019464328363933102,354.03798376872334
2363,0.002199437020391345,349.59532536818443
2364,0.0020831638129576195,364.7915753001832
2365,0.002281221681251211,275.20481101857695
2366,0.0024790923770024805,278.2900584156205
2367,0.0025864773455883624,182.6043515965634
2368,0.002543438207950315,333.72492549610615
2369,0.002767781732284769,34.25883995428277
2370,0.002475561004806927,86.42168325076511
2371,0.002556557410240533,55.13408527796479
2372,0.0024295496410160467,375.6244824398513
2373,0.002173732312581644,65.9656850766108
2374,0.0019033900648306155,61.42819579310286
2375,0.001956840480341123,89.18547263593067
2376,0.002234775828648858,200.98158405950426
2377,0.001986472513553136,56.37093224252429
2378,0.0020717451300594435,194.05561019854053
2379,0.002140025232111546,70.81153419180899
2380,0.0018639190137627018,89.0062859152895
2381,0.001818789045710918,120.41071245793077
2382,0.0019228839277771344,53.178220110018756
2383,0.001702376175252049,110.28387197026319
2384,0.001796097767130857,366.48018344935156
2385,0.0020300569956126654,37.60398734208291
2386,0.0017005350138617433,163.23187981348528
2387,0.0019998001984108155,200.66292375929334
2388,0.001768544576088502,194.95358636697625
2389,0.001788037910748073,148.28032008473065
2390,0.0018269560625052944,356.715619993883
2391,0.001905054289793419,29.770434030868742
2392,0.0015018387958215021,64.53506284837168
2393,0.0017460160104912409,52.48153387070979
2394,0.0017418018953883302,148.61663625333543
2395,0.0017679946966044431,202.48435300594116
2396,0.0017184274211349722,85.66516960859694
2397,0.001625758982042114,366.4172137847226
2398,0.0017787343921076696,66.19190195056667
2399,0.001722121412505226,66.20296572560252
2400,0.001593530184427155,197.28618510196256
2401,0.0017750947042888864,110.80436849244627
2402,0.0015360189248564313,54.45160447647551
2403,0.001703424038382672,156.61276268812733
2404,0.0016275291561989752,158.4208584088292
2405,0.0015363199014800711,64.41772735460184
2406,0.0020089546882394336,273.50653866639544
2407,0.0020457093081766567,60.47795972295578
2408,0.001691593023431117,47.06027110190723
2409,0.0021056145609409066,362.50727684719
2410,0.00219986448787159,151.639757859376
2411,0.0020588423367809156,355.4853670883408
2412,0.0018725524329235835,275.628502090463
2413,0.0020414605013937353,188.45350743402548
2414,0.002090370412335369,175.71778414888243
2415,0.0023804814091735434,49.930318629618135
2416,0.002215581286617561,79.0503528564567
2417,0.0020228670979060737,73.88752053212208
2418,0.0020996929961745003,163.45212068927265
2419,0.002173874925837272,351.50779598771567
2420,0.002091919903110605,115.36694829686492
2421,0.0020447603986925773,80.22434390588492
2422,0.0020448562007169876,53.45768471796695
2423,0.0020778482565318073,83.5340786124701
2424,0.002269432240093404,79.46227941267634
2425,0.0018527099732714074,72.2080595112618
2426,0.001678592007497365,287.02041675227827
2427,0.0015817109987610082,79.55584674073795
2428,0.0014171795498021732,120.53033636913176
2429,0.0016750171660215535,157.8768381932494
2430,0.001985803954405984,361.3097451515948
2431,0.001705750940010032,161.87602619562327
2432,0.0017634743833633397,34.74461944981078
2433,0.001865371617460484,273.73588338600854
2434,0.0022110833693099827,111.31073726338897
2435,0.0021063209308106135,70.22459553714278
2436,0.002351216334600708,32.186087022589156
2437,0.0022564829205165694,285.9977309606744
2438,0.0021686001409324234,350.1694385151089
2439,0.002339994160478756,338.2649863469038
2440,0.0027398188507040625,167.12411718080622
2441,0.0028478716501303633,204.65736317745922
2442,0.0023120832283402212,90.51156820797338
2443,0.0024919149944607182,161.70397359206183
2444,0.002496806902947078,65.9878846137706
2445,0.002377008422043481,356.50417412523126
2446,0.0022779285550100304,148.52964279614628
2447,0.002013951826312051,88.49220231279807
2448,0.0019642268830053085,46.45973853136264
2449,0.001820270952860375,67.3670709879108
2450,0.002236248536942655,31.69785751535599
2451,0.002225945401453198,105.8296045256013
2452,0.0021309920149006584,81.35096234856466
2453,0.0021096993638218945,276.07899319216233
2454,0.002312335763305712,97.07647756844952
2455,0.0022243306794525078,119.41636427339964
2456,0.0023321436781623415,80.86153504301589
2457,0.0019079975621953617,205.17020780394512
2458,0.0015942603673404121,75.90749507792033
2459,0.002019672202334629,195.55523744731317
2460,0.001959288827739498,68.36171436348606
2461,0.0018624668846930915,68.31965124163264
2462,0.002132624691036208,160.34189353077164
2463,0.0018432505027951927,52.61705693911639
2464,0.001968501365799685,196.09000430569162
2465,0.0020025384845993414,146.15255548940212
2466,0.0020593692888540914,154.01797034025145
2467,0.0018820856245697468,343.2316146553226
2468,0.0019211276943432326,60.9565423958734
2469,0.001893531549135379,185.40639152515143
2470,0.002145667227702855,283.0568496963091
2471,0.00206114897617153,159.3472966927151
2472,0.0020099622265190883,32.89440349278911
2473,0.002178052946956913,50.8453185612824
2474,0.002040341979968966,114.88014799769728
2475,0.002100081901711659,355.2412858384293
2476,0.0022245705259808447,196.68197261094923
2477,0.001993233013754373,167.80622970211422
2478,0.002137077571480416,157.97106917545273
2479,0.0018822338077536022,50.99869708243152
2480,0.001852437776016394,119.33381980422925
2481,0.0017161902480018819,111.69124674970043
2482,0.0018210513662779704,154.72677509956364
2483,0.0014776235222432826,54.702354117456
2484,0.0017491284833550497,121.50010621100668
2485,0.0015031897915622932,112.90919130089674
2486,0.0017104587714373753,155.42948578463995
2487,0.0014968916145554777,30.66134384007412
2488,0.001444269807797889,208.13619901853363
2489,0.0014821576395171667,110.37624367959573
2490,0.001579324297458466,67.03700826282588
2491,0.001215262560929089,68.18054809383646
2492,0.0014612122793716314,53.118583368437044
2493,0.0014202796536677928,296.3056193117575
2494,0.001557265241915001,67.9547252686109
2495,0.0015173199884320895,289.6350327473543
2496,0.001812275779918088,79.9323129572237
2497,0.0016716694899898844,273.05622299566187
2498,0.0019303770702456611,352.3229687756507
2499,0.002086778056751952,163.37150974586677
2500,0.002083776246133941,108.52234889509783
2501,0.0018852786453518657,92.22127625574134
2502,0.0020629991802427238,103.06679581975915
2503,0.002043410164207734,37.488019741786
2504,0.0019436996473114001,368.7671564727978
2505,0.0018698198645577895,194.61785508868957
2506,0.0020236383253183442,163.41459639176531
2507,0.0019549042670125626,116.88231537555328
2508,0.001749508872000635,278.2155324154882
2509,0.0017668793552729767,52.96458677068731
2510,0.0018774065764115095,35.855849059375004
2511,0.0016166483454008844,35.012755161917404
2512,0.0018319026480960122,282.8363046726418
2513,0.0018936480985776265,147.4464813010847
2514,0.0019329746702135314,354.80458576208565
2515,0.0018122678994660492,81.84164559556763
2516,0.0019790574851739763,281.31969463920643
2517,0.0018498402978793637,152.46635829507454
2518,0.0019731466519760303,293.1110914273015
2519,0.0019912324679568984,212.15009481260677
2520,0.0020887420697224533,65.30872630541947
2521,0.001986822577102747,142.01715734742203
2522,0.0022279978193336766,71.272917496438
2523,0.0019956683511203476,33.20198455182656
2524,0.0019721815139313605,360.55586164366264
2525,0.0020174586574490017,281.00440585152575
2526,0.001751775274712245,59.81901670068409
2527,0.0018327835129437994,166.06083240815303
2528,0.0019245287801501999,372.92267915073523
2529,0.001840171603221607,200.65228187071725
2530,0.0018444023210656495,149.6441950952543
2531,0.001799096570465108,287.7936045610013
2532,0.0018283519571427446,56.93966024438923
2533,0.0019425533752842374,366.26491554176124
2534,0.0016670086441050536,69.77605132839481
2535,0.0020051617177849605,35.671048485691166
2536,0.0017864331304902497,274.2429442675769
2537,0.0017366408960157768,65.84553070014121
2538,0.0017912014730793145,205.96703332327778
2539,0.0015890959293943692,206.8837143305595
2540,0.0018744437501564707,363.5689326027963
2541,0.001960751382535693,29.504708027385988
2542,0.0017223620044512153,375.6717994980325
2543,0.0016948756550923014,295.7560006947362
2544,0.0015833185611650845,72.87066055678937
2545,0.0016426743352604182,198.2909349655099
2546,0.0018591377609258426,360.0086943940574
2547,0.0016431623133307844,66.47371434175781
2548,0.001904028610648982,365.146063920249
2549,0.0017723201174679136,83.29940575263232
2550,0.001737518303429133,157.197578849609
2551,0.001616111827830979,98.03091681289139
2552,0.0015830368704612468,88.50939060366352
2553,0.002092266422612553,73.50647020842335
2554,0.001833988773932772,367.20377801426554
2555,0.001861604495187315,166.41105144987108
2556,0.001642917155715457,56.62627293739168
2557,0.0016923957587445888,127.97365712919935
2558,0.0012253431326324313,31.402753270810514
2559,0.0014920614778643143,167.41869312148282
2560,0.0013346060073892304,170.82560977985545
2561,0.0015566768615826732,288.4987384849228
2562,0.0013395382224730015,89.1055853868112
2563,0.0013474383778048905,90.28833445617265
2564,0.0014106480178838101,164.6311639093424
2565,0.0013842429332064719,46.83633125369254
2566,0.0011920772486864108,38.09494529612859
2567,0.0014531591476387238,93.15389417482933
2568,0.0012314584990162497,149.08997718444246
2569,0.0012716925230668464,63.70335534277917
2570,0.0014872829455396578,37.32608551797274
2571,0.0015666412223207275,196.24273513498227
2572,0.0016217930120439954,366.04580800831644
2573,0.0016182482961989673,367.6745644459876
2574,0.001734373069974052,291.714408257786
2575,0.0016950998357880425,290.14771962113883
2576,0.0016229800023901243,35.827219285033436
2577,0.0015879587827979636,111.58853103886851
2578,0.0015064955717976913,118.40187166275085
2579,0.0015336806306480027,121.77154780390107
2580,0.0018522508953975633,365.4910779543727
2581,0.0017901098140164706,285.8606136559599
2582,0.001725590271604942,66.14384486109485
2583,0.0016864734580580468,280.05004945240785
2584,0.001567378904813243,77.80031428591387
2585,0.0019454511735553701,85.23361443561897
2586,0.001904638351004527,159.6169183987435
2587,0.001981225422700986,212.9819810142768
2588,0.0017791236451877332,84.9025455825148
2589,0.0015612403004103648,164.7604159537574
2590,0.0014788066781131254,51.36602845426989
2591,0.002147767917697572,54.16650413877321
2592,0.0016929418123664349,293.5650633176544
2593,0.0017967442607431832,109.6500392024433
2594,0.0018169126516030783,54.36202690687547
2595,0.0016467935171161885,116.18864747384683
2596,0.001502477606318907,35.97133579970059
2597,0.0012860892559481065,51.64686330109062
2598,0.0016762093906864345,375.74331144848276
2599,0.001937802203346192,53.54383904486276
2600,0.001669971568907354,31.75004022800444
2601,0.0016634482373174438,195.5546124407624
2602,0.001789970768627005,201.5086341737562
2603,0.0019499239956944207,55.97058629400352
2604,0.0019614870358482758,373.8537318224342
2605,0.0014170939711303536,50.78434476913923
2606,0.001633726675794874,168.22983392582506
2607,0.001462422872534192,108.30392567860075
2608,0.0014729660018099138,164.6534071573392
2609,0.0014275767578360548,208.09829886363786
2610,0.001310944126420178,54.830014163948775
2611,0.0015882750753503801,53.989941278360234
2612,0.0015995119131774235,383.39710845056356
2613,0.0016061242155766598,374.3928709362519
2614,0.0014925281836666111,164.27805954822344
2615,0.0011271459819720898,33.85108066685647
2616,0.001904624208642368,81.01303255027725
2617,0.0017021957323380555,148.67863167229874
2618,0.0018136751194537807,72.7348357628258
2619,0.001694096564381358,288.4265263906464
2620,0.001585876938469451,34.16142940773632
2621,0.0016831297203630988,87.61150652178408
2622,0.0015865868337135269,207.63892980775492
2623,0.0016151871564456012,202.33886057933466
2624,0.0016531852464862007,34.6025105144029
2625,0.001776885610194189,49.21985140413511
2626,0.0015086224138574213,180.82738854057135
2627,0.0015795201167026695,31.48654584837119
2628,0.0015857785961245477,30.06418730625369
2629,0.0014925183264895784,72.05543107992882
2630,0.0015096025991541947,55.28236198443456
2631,0.0013009406640653112,70.80502161688729
2632,0.001378022285372658,65.12841063067629
2633,0.0014474890906573678,370.69246621912555
2634,0.0017062968755857447,366.2311982290991
2635,0.0018935050918782472,201.1607822798914
2636,0.00204379130669126,46.00608796438378
2637,0.0013165203916385606,91.72367865573395
2638,0.0013788027990185897,34.4482341105834
2639,0.0016236853285049987,83.2241133672332
2640,0.0012515729968385883,32.51894419605169
2641,0.0016863417642769528,196.51078219902277
2642,0.0017149666822722609,65.49188513093671
2643,0.0016030223276962696,206.10498655708602
2644,0.0015354475276994476,55.81647070510892
2645,0.0016976187245155735,94.56890630087413
2646,0.0014038921522037757,71.06189582889816
2647,0.0014311081650410385,60.8953253506543
2648,0.0014954503468223115,195.12965941462602
2649,0.0014073888822290967,73.82708451612007
2650,0.0013428353469518352,82.75371665575575
2651,0.0014651842462957245,52.09650780324776
2652,0.0015388094288937282,53.18494817346122
2653,0.0017727868299503749,291.2188075433658
2654,0.0014341428628330715,118.33048905142962
2655,0.0014646181719978233,52.76291541173136
2656,0.0013920995575476395,54.78877702000694
2657,0.001462375530228216,67.1573339289886
2658,0.0011796993946110636,35.431692860219684
2659,0.001337223021502873,202.30871113131496
2660,0.001282427946604842,116.1472417499834
2661,0.0014643503897983914,208.99555839742283
2662,0.001261879787291992,70.71075741103373
2663,0.001402838543462649,153.78443659788064
2664,0.0014886533102650321,54.60852915944214
2665,0.0014464005709212257,369.5042629011116
2666,0.0018252254116165345,121.54869369664624
2667,0.0015156382616059374,33.3560378301973
2668,0.0013097281146856711,75.18058619838052
2669,0.0012083382792027536,93.10435936169128
2670,0.001244090359040666,127.88362436806162
2671,0.000961766725626056,66.40884609739469
2672,0.0013255558063282875,281.7392746869913
2673,0.0014580970315841173,386.0875234360525
2674,0.0017170390861268724,67.12661370215366
2675,0.0015689688972679037,215.58512161894313
2676,0.0014983650622029513,57.195399806583694
2677,0.0014523615447895,111.09099640143631
2678,0.001446685880882097,112.46267333087116
2679,0.0013323053291091568,34.59533310878594
2680,0.0016043851272141336,294.31782661038113
2681,0.0014969365284078114,87.24250563361095
2682,0.0014039692098767491,210.75933379577546
2683,0.0016995916840851302,372.46125475982114
2684,0.0016049505831181976,199.65575427728345
2685,0.0016196592588941614,85.22144890045602
2686,0.0018106349599550796,373.1521963645144
2687,0.0018562827103625946,161.40526313988653
2688,0.0016673567347547883,92.86180035822787
2689,0.0015877567492052422,279.4320529898479
2690,0.001626404120594396,287.2634859846468
2691,0.0016679866717281952,86.99272677934817
2692,0.0018262329542957213,33.461713347288764
2693,0.0014528175910860407,299.0417511189996
2694,0.0014418748017968768,70.16598373762378
2695,0.0014855636225469824,374.6825893240277
2696,0.0017411342811793078,292.3507049335904
2697,0.0015540449119013369,195.74690561490894
2698,0.0015691739529957284,68.280088080754
2699,0.0015145721071831032,157.0981773998431
2700,0.0016557749712096696,167.01805481096787
2701,0.0013275308612442055,73.10648792374963
2702,0.0012372011684607875,35.65237376513249
2703,0.001551788994468304,53.040716267014574
2704,0.0013548683015410321,213.19511407189742
2705,0.0011129467585023717,35.22796544117352
2706,0.0014348183860913534,70.38383382951929
2707,0.001477559800621058,36.5633690048827
2708,0.0014678514853585511,37.125966606392296
2709,0.0015795652843674257,165.97316343065663
2710,0.0013845789527135587,200.21783597188437
2711,0.0013183895730804038,95.53954626770941
2712,0.001352970047539214,160.68583495352826
2713,0.0011768210935205671,34.745529478519494
2714,0.0013823552790749114,156.69943894409482
2715,0.0015281444933769586,64.80347333293433
2716,0.0016337854977174044,373.0008450335317
2717,0.001913876482080465,158.7774343667146
2718,0.0017015456109084213,385.7338049531785
2719,0.0018783017056131061,34.05903059080529
2720,0.001804239750206659,285.4972984416988
2721,0.0016493108466715007,301.44470465659
2722,0.0015540074254130486,84.67226090436124
2723,0.0014822980746302219,159.45248492061265
2724,0.0015330596046531633,71.7285850938798
2725,0.0015026174022735224,78.77768289491834
2726,0.0014426434157504562,306.569415788551
2727,0.001492179194934715,391.18853872597055
2728,0.001299047791933882,192.6666121117947
2729,0.0012042467883318373,37.577714295499234
2730,0.0015793595096689275,201.28858868771025
2731,0.0013822163798829785,85.34999903475126
2732,0.0013827676200260331,114.87582774404586
2733,0.0013607710583967453,33.400928887467735
2734,0.0013689095329065127,197.4096984923216
2735,0.0013023028559159841,33.40252456897795
2736,0.0012673880589947938,127.75467246362197
2737,0.0013397413153895818,33.560630404475575
2738,0.00126866678485214,172.37177355461742
2739,0.0014071596167643573,125.83139358674426
2740,0.0013172936709564703,206.5694311098308
2741,0.0013074307251910386,300.12250617704996
2742,0.0011914822720553212,31.637099913060396
2743,0.0014706524295472494,286.945434876851
2744,0.0015233700838011414,51.07514260034825
2745,0.0014811551546489892,129.26290950687655
2746,0.001462262493028853,86.60286703748959
2747,0.001480388228358336,93.13941268720617
2748,0.0014981350713324819,58.90360625244512
2749,0.0013804354441009296,290.2048758411104
2750,0.0013546883083354506,90.03605249407204
2751,0.0014442024230982712,381.81468026589073
2752,0.0013761950715372616,89.75542016882349
2753,0.0013707183532966794,207.3396113442667
2754,0.0014119325349249584,167.00522340771974
2755,0.001303119547526261,293.6960604476199
2756,0.0013291534059495437,176.86599511676826
2757,0.0010800495514620523,62.8824365476985
2758,0.0013761091075729062,85.23343541316565
2759,0.0017489778899245603,363.85390105951006
2760,0.0021577630405804015,35.08689419137681
2761,0.0018812486140066885,88.33838878905196
2762,0.0018861925319260291,130.10419856317952
2763,0.001959230688204544,390.35136608748473
2764,0.002086051546099882,129.10211199999665
2765,0.001967145256089311,91.50253539534361
2766,0.0017524843275499404,50.51186000751795
2767,0.0019050819965077855,82.82767097190828
2768,0.0019214374947910688,87.80871994409027
2769,0.0020362591961669307,87.05960947695341
2770,0.0018356171713094227,34.67542367789497
2771,0.0016378913065918969,381.5260323593677
2772,0.0014214794040920415,199.14126742383212
2773,0.0015679461232751962,383.69332955383607
2774,0.0012926069673109876,87.04218836694454
2775,0.0013805482536629347,202.40171564725964
2776,0.001395642555696119,37.028938852903096
2777,0.0016264615901368292,87.017913068261
2778,0.0013300463193947256,36.24143966592861
2779,0.0013215028599897656,172.38520585051276
2780,0.0013085423789881453,88.52363293376146
2781,0.001128907153327156,67.69198939153875
2782,0.0012830651517720686,83.22944127067403
2783,0.0012763257309171916,171.10519442085717
2784,0.0012731356489264446,115.5796395899989
2785,0.0013487498959669389,210.32184848925328
2786,0.0015046312767281733,384.3133359289832
2787,0.001452112740726325,78.91316414934292
2788,0.001727935501339044,118.92760888025677
2789,0.0016887623908825873,382.2409828987137
2790,0.0019044243908671065,380.5414210540897
2791,0.0018456295719399844,68.66089391601653
2792,0.0019434936449712397,197.74564211576518
2793,0.0017134040826931596,287.55483892075983
2794,0.0016521750380028657,89.73891572987537
2795,0.0016807853146681075,50.46235043183738
2796,0.0020616046144980296,37.57562557903613
2797,0.0015648132773024442,114.20479205994859
2798,0.001673130456045834,381.1498687369691
2799,0.0018377152403539594,36.70016716596243
2800,0.00162855138478335,115.82839639861646
2801,0.0013189116699240085,51.2935723720255
2802,0.0015073863599933577,55.33627567514162
2803,0.0015060740802486396,64.72719804492313
2804,0.0014823599062157473,390.30306120401673
2805,0.0012983511688270078,213.2473951576464
2806,0.0012422312393027823,82.63521548772259
2807,0.001299138558070027,298.9920044103095
2808,0.0011409221593351242,73.24700957533929
2809,0.0012704281847287678,53.487275238331584
2810,0.00140799572134341,390.69213579583857
2811,0.0012774438935350154,211.02248592499873
2812,0.00149001612580161,167.80841050740085
2813,0.002035882667306874,67.5229697164862
2814,0.0016204466352978987,385.6024544305782
2815,0.0014632710517372782,166.42519057780092
2816,0.0014749571875717234,35.49005806497156
2817,0.0014510379314548205,387.0849133784892
2818,0.0014207084809610426,174.445616289768
2819,0.0012792109817802645,128.09528519856605
2820,0.0014198979732664783,31.769215860218587
2821,0.00149966727066557,85.67656523315289
2822,0.001345492092407487,130.56197343433936
2823,0.0011899990215319984,204.8383212473218
2824,0.0010526666592096756,175.49590808256826
2825,0.0010129011149309429,119.31938133404586
2826,0.0008737893853404702,53.435996360594224
2827,0.0009304318888923459,218.61237502049485
2828,0.001118560103598363,384.425287370723
2829,0.0012650834622776129,68.05279087405073
2830,0.0011340712161164936,124.0651644437629
2831,0.0012869924479942505,302.88961988917316
2832,0.0011981990894090599,206.6059256613208
2833,0.0011101473532940194,72.54253181948232
2834,0.0014475707919978126,61.11626043553506
2835,0.0015772871549164973,38.509455095862215
2836,0.0015613070106834566,294.75408471342905
2837,0.001466898884883477,215.4077609638858
2838,0.0015232777702250924,379.2187505713547
2839,0.0016093404285450507,396.823238286867
2840,0.0018308678743311822,385.8702820631081
2841,0.0018170652713791044,203.6532731057205
2842,0.0020145291017232354,88.52135399021965
2843,0.001871602703515949,223.06119697177
2844,0.001761486980979236,70.55290694940588
2845,0.0018374209213510128,195.81678719573748
2846,0.0019599323765690383,115.77739982667673
2847,0.0022705010985121657,108.70755337781625
2848,0.0018095038928897839,165.6458331268362
2849,0.0017394245798475988,398.47929283838465
2850,0.001573691096625776,316.7583859127902
2851,0.001471002890237007,119.24661425267333
2852,0.0015528686252331218,168.44590747118633
2853,0.0012435612196576265,90.99676454315282
2854,0.0013595209984584428,391.168519281971
2855,0.0013801059351420343,403.9807597560361
2856,0.0013371899584714042,109.83485872846174
2857,0.0010804361339148499,161.30371963161303
2858,0.0015041781843074642,375.6691965710471
2859,0.0014554295080095368,298.32438734814497
2860,0.0014122377738250676,209.92649540534796
2861,0.001349176400901219,66.87844299706633
2862,0.0013702366581498408,68.81371712461666
2863,0.002025587033524455,91.0023825565272
2864,0.001776044871307518,57.53740562893285
2865,0.0015399685219396725,304.74136454546647
2866,0.0013723662419140275,33.44129442991792
2867,0.0014798826588733006,221.15067879401514
2868,0.0015234948777769868,90.7546134104813
2869,0.0014536412474516686,173.81255402657277
2870,0.0010382330126811063,83.712978844786
2871,0.0012458247458254715,200.0900315807722
2872,0.0013156045283599146,85.80034572509227
2873,0.0013502288510955118,206.11817515407435
2874,0.001350848819691743,206.26264766001054
2875,0.0011877260268224276,37.12933913824951
2876,0.0013152346524795324,37.811507015975096
2877,0.001029350214405989,36.6496648539513
2878,0.001193584074928982,295.9562264629675
2879,0.0012598796569573795,125.03008460179282
2880,0.0012726095251245695,301.2109019961282
2881,0.0013505115183261936,303.5662430898124
2882,0.0013815550379585031,291.46133112571374
2883,0.0013071408778567526,36.25495513517102
2884,0.0013562815690394774,307.7928883412316
2885,0.0017444459271418226,94.21506003692556
2886,0.0015076445013000547,210.38974642897443
2887,0.0017213362694452076,84.47140473190153
2888,0.0015473372817526782,86.98083754598058
2889,0.0014207272567039538,174.1223655977755
2890,0.0014558897338375518,175.7190358153739
2891,0.0015148758725955756,390.4533975142478
2892,0.0016162410856850329,50.230911757434626
2893,0.001474493945177061,386.16582302574074
2894,0.0013204271958415662,83.72537711763361
2895,0.0012382114196200214,37.315452722316415
2896,0.001476577996495315,292.3832198743072
2897,0.0013360873080620372,215.70395961694513
2898,0.0012474001864988663,55.95217794854497
2899,0.0011336296545116718,57.544951282868546
2900,0.0012264415764737398,167.56186015737333
2901,0.001278601895921446,33.55996383809068
2902,0.0013823384855139263,36.23256447208893
2903,0.0011909959437421307,170.15712906274044
2904,0.0013085849785050374,310.6721620231913
2905,0.001113581286841447,75.38788208418286
2906,0.0013326770148120615,210.44165538998107
2907,0.001495823601160118,213.19913623282932
2908,0.0013251047007390494,168.35488431792595
2909,0.0012841558330543082,210.1120439664643
2910,0.0010972058388970568,32.94985234261909
2911,0.0012778141165138033,91.31012352536241
2912,0.0013380078122156255,35.769325023089365
2913,0.0013523996097099934,34.16788873105215
2914,0.0010103071888744157,34.560553590809704
2915,0.0012381352669879873,397.83653025497523
2916,0.0013818723342352158,392.29464242957874
2917,0.0013722011287707293,115.98133151834922
2918,0.0013103030303063487,207.4547121935638
2919,0.0011957396649187413,224.21744864524703
2920,0.0010747612137005415,222.37698658430992
2921,0.0013404585982287362,398.08837920566015
2922,0.0013010519284544502,297.1254108668371
2923,0.0015045883790515142,86.95336462942642
2924,0.001473035901222623,215.61815804380748
2925,0.0013037996050726307,165.99192186006246
2926,0.001353156186192113,72.26269756333282
2927,0.0014034227449780995,310.17931012345423
2928,0.0015440450461028377,402.3974948756479
2929,0.0021870796295717873,36.329514569563045
2930,0.0017016728438033464,92.08123793442371
2931,0.0014395941970842367,87.11229368476062
2932,0.0015770838903508902,298.99158239334525
2933,0.001018953892243785,34.64259457203523
2934,0.0013095334953332723,95.95459661077331
2935,0.0012015152181099847,169.25599327516662
2936,0.0013095007556238039,76.15334477045562
2937,0.0011983919621279327,303.9107726431368
2938,0.0015861575846594694,56.58409693373953
2939,0.0012746748831929818,161.76678947685477
2940,0.0009993784493748205,56.08569392608672
2941,0.0011474172878748298,291.23177153724214
2942,0.0012341496883524227,123.34803753144257
2943,0.0013749365668693579,54.32131347539688
2944,0.0010681703734499515,84.34497305869861
2945,0.001441178943660419,295.54995739947253
2946,0.0015488898055904196,396.7208932740827
2947,0.0017452010797569528,72.92552575914767
2948,0.0016785921631628981,157.51008261796173
2949,0.0016729560973710084,55.26326770054007
2950,0.0015416393091296403,409.1098648654907
2951,0.0012692631668402544,81.21594047915437
2952,0.0013880670941050037,74.40946788847042
2953,0.001286342279540961,36.44910642895018
2954,0.0014270569558614715,313.4122655339349
2955,0.001128377958926089,115.53024208911944
2956,0.00108711330887507,55.19334849492865
2957,0.0011590151427638268,75.03740611519181
2958,0.0013163845783675306,391.1227528603525
2959,0.001392819128121683,34.669180826645025
2960,0.0013394537149859801,219.2650684170104
2961,0.0015484920397033546,35.537720881059506
2962,0.0013234771536068646,407.6810634722887
2963,0.0011872749653649374,405.0283524338386
2964,0.0015933356368560243,131.90337909425298
2965,0.0011913756144732925,96.72651424766806
2966,0.0013114611921438838,212.1356377635519
2967,0.0016090680581180856,83.91621706844653
2968,0.0013366288319342807,310.71264124986175
2969,0.001118291260326325,222.73391318474634
2970,0.0013094511364628984,56.13372394711305
2971,0.0013728596916814466,168.47694198224406
2972,0.0015542751260069893,123.62807068203767
2973,0.0011814561657572508,311.2300355013619
2974,0.0012566090362054535,219.4116678756256
2975,0.0011286146364778338,392.444335979022
2976,0.001133975844164399,34.08967970955429
2977,0.0011989292767285113,75.17380919307264
2978,0.00118379450338001,58.76233070560343
2979,0.0011102780086242926,213.4999218942528
2980,0.0010429055382526432,134.25262017919292
2981,0.0010035065703819454,168.03555017865153
2982,0.001322390429087481,33.774520032379364
2983,0.0012882269900067265,387.1868154002558
2984,0.0011374587730812382,65.25237979271289
2985,0.0013634028369958453,312.3531099398094
2986,0.0013734663191896218,119.76404200369608
2987,0.0015736705227854227,404.0777656795853
2988,0.0015465553369909853,227.54459050129032
2989,0.0014801145030058664,217.59355729639933
2990,0.0014367088426180687,388.9360281598368
2991,0.0014490699978105604,85.08350390237116
2992,0.0012962222729067828,92.04209718119827
2993,0.0013393271399144932,218.36119727525016
2994,0.0015195938637448234,400.8223710006272
2995,0.0017430699043797103,96.39923048123521
2996,0.0015097700577186785,96.50332000058413
2997,0.0013513091437641013,228.0195205291218
2998,0.0015296146344446564,387.29258720417283
2999,0.0014654449138437155,53.03839573595876
3000,0.00144779231087686,36.81047141044523
3001,0.0018500091325231833,210.71568173535468
3002,0.0012320095481839948,404.9682801854786
3003,0.0011214946377019362,397.30551428530214
3004,0.0011948796148069298,57.063885035514254
3005,0.001016492715427523,89.68101878283936
3006,0.0010073730041472732,85.99318926612943
3007,0.0010779724862782691,397.80123562292465
3008,0.0011355489265542289,316.40227176859395
3009,0.0010107670333692677,88.17592049590422
3010,0.0012875270140598174,34.450168356764046
3011,0.0009638607630635802,54.26382911601839
3012,0.0010906163682239682,67.95294612758977
3013,0.0012490891006785426,91.81509242958681
3014,0.0012213772438249056,92.03043201833405
3015,0.0013780003768337798,308.9425521911743
3016,0.0014307309644084006,36.01986295913405
3017,0.0011870010263573675,302.7489716966958
3018,0.001325331206375423,393.39614952967116
3019,0.0013659549070792775,85.05310062908099
3020,0.0013660477723631728,89.95514017885031
3021,0.001172203171685956,126.35929417018782
3022,0.0012763052014339042,92.87059767897037
3023,0.001214143171393101,185.8535448609859
3024,0.0012992329789008412,77.78198035965998
3025,0.0011690241774666556,36.40534138588238
3026,0.0014408220693063602,37.46079919392486
3027,0.0011713997113231376,318.71677687694165
3028,0.0012416949458880838,208.50377152030435
3029,0.0012371776289263525,221.12160511953198
3030,0.0009749563733214355,220.81518324576257
3031,0.0010639449459131996,316.7289589839929
3032,0.0013092844114383367,122.6802168103875
3033,0.0011734111349579765,404.61205888890834
3034,0.0011534905954312276,36.389994114327635
3035,0.0010176866632006037,82.19420613027172
3036,0.0010857440989736808,170.08580457374663
3037,0.0011330623254850905,178.19288788537008
3038,0.0008631486748113689,56.65385715409092
3039,0.0009676948030491159,51.48370261332495
3040,0.0011409609955139032,420.2532572486223
3041,0.0011882089665133126,55.81900557757065
3042,0.0011647488487953426,97.63182227451509
3043,0.0009291039819505091,86.07010335084682
3044,0.0011720012319800816,215.80454528807869
3045,0.001124002208254407,94.30059972307068
3046,0.0012588188634450686,80.11465449186308
3047,0.0011005038980081074,58.49438567708369
3048,0.0011518078813680121,319.7867339041911
3049,0.000984030138525527,312.9864275242126
3050,0.0008583345953966944,165.15980475338148
3051,0.000914831911444671,174.65827764849783
3052,0.0008861620761814903,220.97817936613285
3053,0.0010316379876502862,118.54691655677397
3054,0.000995004263984942,211.35865748011764
3055,0.0010158146306325348,56.60511175717036
3056,0.0010901198477251848,90.59466975979069
3057,0.00117361686075051,67.15780099592062
3058,0.0010718807108372516,170.59124434290055
3059,0.0008853397912389482,54.259829530716466
3060,0.001318689003302756,36.18685253891348
3061,0.0011427350012635836,72.92704045274078
3062,0.0007094347732884765,38.736198793577096
3063,0.001073093571490767,303.53592722392506
3064,0.0011792876636723439,416.43338433032727
3065,0.0012202033329202018,398.5147654541524
3066,0.0012062179742670042,64.01441893417405
3067,0.0013413238877138431,396.4032819764471
3068,0.0015113908327268138,309.9413911391963
3069,0.0011396540947561545,128.66617395443814
3070,0.0011712939321098976,69.4137404738037
3071,0.001105867144862463,34.39349243807668
3072,0.0012214658852136727,35.03002534238246
3073,0.001499501471143804,66.56895104854621
3074,0.0013326617546396337,66.00439202473969
3075,0.0012382898155290324,120.91893391062243
3076,0.0012441212286971096,179.78893273877958
3077,0.0011504831847803907,223.31141362995234
3078,0.001104600312527522,320.65841877943313
3079,0.001097180611283657,319.3740383831614
3080,0.0009310230975734768,174.21689329488038
3081,0.0010659565977011929,392.08558094258973
3082,0.001256057783934552,93.01121156051687
3083,0.0015548854016988363,88.14649454605711
3084,0.0011086383535829432,206.83118350681585
3085,0.0013745065643061853,56.829126258061535
3086,0.0011499415260377097,176.28425608541968
3087,0.0011820990044676314,87.85051935140422
3088,0.0011303785450924326,412.8560102324285
3089,0.0013338019009369842,405.17510468147725
3090,0.001132202664187141,56.99033705865892
3091,0.0011086792506869443,426.457655610922
3092,0.0010616675235374155,124.08954504181966
3093,0.0009375526662307283,121.93695209745879
3094,0.0008687311478338829,57.31878305758318
3095,0.0007086495504687452,38.810960505864166
3096,0.0010960420635538785,51.63800827406737
3097,0.001310615614470564,36.78115426663104
3098,0.001079620362497492,410.5522625618
3099,0.0007835507568333097,57.33688379725187
3100,0.000919466276872509,115.58640707770434
3101,0.0009141001491181819,218.19247785315343
3102,0.0009239844886136639,124.88734312725364
3103,0.0010693371117594251,90.77811302815199
3104,0.0011173080731098778,127.57514635300866
3105,0.001201478038607185,67.80674110955785
3106,0.0010362735088868427,215.45054931783048
3107,0.0009142807797427944,35.59329331407637
3108,0.0012488152020902919,395.832010820625
3109,0.0012014794763986238,310.52209934176926
3110,0.001298271017856615,36.50599822674391
3111,0.001228975544987499,73.23854969124639
3112,0.0010082157098840468,307.4695254713885
3113,0.0011647188074758478,406.52958749109746
3114,0.0012489970638191814,51.43604305746936
3115,0.0011866602753273653,129.58564047442619
3116,0.0012063546299185886,312.961154406005
3117,0.0011108697555510633,123.22020597989858
3118,0.0011838188593944739,74.15934834880468
3119,0.0013194369566528797,409.5355409728732
3120,0.0012975909511762933,72.14111819631876
3121,0.0012972840131974057,124.69338400763417
3122,0.0011720315489264508,211.04638937410098
3123,0.0012240855110794142,301.58321909300196
3124,0.0013354424543675276,316.04500565481965
3125,0.0011503382196973984,85.07617397341262
3126,0.001177027624355385,121.24845358783891
3127,0.0009748171033273868,310.06946734748493
3128,0.0010699804476065435,58.29756263787092
3129,0.0009983391248601244,221.32504784811954
3130,0.001109619166527409,223.0427387089982
3131,0.0010680696520921629,321.55635138254826
3132,0.0010088871075755537,170.04584438861002
3133,0.0008787327914766318,326.8433600306759
3134,0.0008316818069978091,130.9434972333231
3135,0.0009142482532158699,68.1750444597043
3136,0.0014785779357672731,71.82997453754157
3137,0.0008907090807286333,219.68990297692932
3138,0.0010381782280393555,406.9633975241012
3139,0.0008899562543209302,93.83492448944973
3140,0.0015160594278205604,74.346594854024
3141,0.0010872444764635947,417.4135134312404
3142,0.0010931917666786037,309.25691204670494
3143,0.0012207300463858341,310.52254267930397
3144,0.001294353220392792,74.92514839957677
3145,0.0011078659188435585,170.28567448470014
3146,0.0012469933162719826,122.64632373115279
3147,0.0011640630166812886,70.21919176076094
3148,0.0013421276383007229,68.9766671851099
3149,0.0013628656700610546,172.09967286443808
3150,0.0010543835574439568,55.9901444339216
3151,0.0010824702234102231,216.97423957188013
3152,0.001079627994211198,120.12973428597441
3153,0.0012435655953979708,317.65893632774015
3154,0.0012174953768282711,34.35056311033299
3155,0.0012531644789222892,55.06680217109825
3156,0.0008467610679528317,95.77958044183848
3157,0.0009164711923874385,35.97251508935907
3158,0.0011998184591890018,306.7672522336006
3159,0.0009733753188881495,122.87741129330814
3160,0.00104861053286814,213.5379444088598
3161,0.0011341195565467753,218.35658778284164
3162,0.0011644065037286894,125.08704487716693
3163,0.001006456997229493,37.48949564255874
3164,0.0012266666691190902,70.60861797147972
3165,0.0009591462107891857,53.06678864450639
3166,0.0011391295003453832,36.94032775546034
3167,0.001137311357430833,214.99486306119113
3168,0.0010855938584164815,222.50454704641896
3169,0.0010181746632763956,33.49671359296961
3170,0.0011243122950465225,32.955050379568426
3171,0.0011833114144379083,54.80251916010562
3172,0.0010203169027383238,179.60999984474333
3173,0.0011495304810208696,121.26096429473922
3174,0.0010751507032219921,219.3569543265078
3175,0.0008967664381444024,401.57684370591204
3176,0.0010368047153476545,210.97653022275924
3177,0.0012361994170424946,76.27478356333688
3178,0.0012024814666728584,176.10773031726984
3179,0.0013072813510813465,220.84260885485864
3180,0.0011465808728570591,90.88195514556878
3181,0.001189564471258501,36.38941117500336
3182,0.0010980978574013068,92.09342302681746
3183,0.0011129320095838362,124.75663006186609
3184,0.0011355126703635726,36.23469809047295
3185,0.0009221121383297,36.26545790622275
3186,0.0008025373997576214,37.11085689713681
3187,0.0009374644884949455,54.57900943214879
3188,0.0012317755754751984,52.33256499761167
3189,0.0011924193393759897,399.50768194220643
3190,0.0010963681896170713,123.4664569147371
3191,0.0012053984251410425,58.49078821385112
3192,0.0010477836579214914,235.22516928290722
3193,0.0011968120973398395,71.10739964854073
3194,0.0010178403969235514,184.40092999475215
3195,0.0009255361455243787,39.356672106158726
3196,0.0007922849014495773,37.68876571030509
3197,0.0008170917760035594,335.28017608760365
3198,0.0009507300402060302,231.62339654370916
3199,0.0010973031502653355,315.3861796786883
3200,0.0014620718307364418,119.3554792101055
3201,0.0010287129444878774,97.57439684257608
3202,0.0009006762045138547,39.3759694221358
3203,0.0008609709710009187,37.63286330096255
3204,0.0008310944091952839,429.7356969886856
3205,0.0010200375234995726,417.55328311724685
3206,0.0011401887819571326,95.17901395825594
3207,0.0006970296947437074,38.81749101863494
3208,0.0011943352238454616,177.2212916391702
3209,0.0010912504632082365,223.52804616873723
3210,0.000746113111180703,35.22348608725294
3211,0.0010262116296056274,36.716959055079876
3212,0.001021403783380055,127.01642414585768
3213,0.0010530726661267774,406.51498211485676
3214,0.00121379482575129,330.3049215140167
3215,0.001464241481683576,71.66950628986685
3216,0.0010320644189443949,92.76932542046428
3217,0.0012311711604691571,315.436991162717
3218,0.001296182239117807,326.7619277446466
3219,0.0009066539367433342,57.99196759090274
3220,0.0012485367625196466,127.85336749077678
3221,0.0012393838286220286,74.15571968763646
3222,0.001109867642213467,168.54787585480184
3223,0.0012530208513530402,316.42183089004754
3224,0.001086486071162466,217.751759421598
3225,0.0010807987850553632,59.839841074248596
3226,0.0010242397529201313,73.59032919858332
3227,0.0009952605716028904,326.50842692710563
3228,0.0010336259583099362,179.77498670809481
3229,0.0010551426381031897,228.79953163378298
3230,0.000995634176552159,322.55405567082164
3231,0.0012471329846448498,95.60653227942356
3232,0.0007588594414580887,133.9424990477096
3233,0.0008241191394343052,131.60172070037876
3234,0.0008081596597394772,73.40810454181258
3235,0.0008544250989516172,406.45846122143047
3236,0.0009008491500604908,59.546104726610444
3237,0.0008542895517986297,325.2280752344746
3238,0.000802109662221152,59.75609374999993
3239,0.00077683603623142,76.67907573974688
3240,0.0006459852919283163,66.43216005625183
3241,0.0008430311394526192,88.84175836534064
3242,0.0011993689307740263,35.079897847370205
3243,0.0006490133451070751,92.3793971296246
3244,0.0010572924901510814,71.73571855390908
3245,0.0008954650593995422,125.45924285353075
3246,0.0009684095991487118,410.76808574984346
3247,0.0013166138831303246,38.100386083044384
3248,0.001052169279397766,118.26080381848118
3249,0.0011383983199203644,35.834180122136
3250,0.0009092402271397242,54.49706908075072
3251,0.0010904929482752448,57.18371269509465
3252,0.0012421360517093747,168.3646729235441
3253,0.0014633397881466822,59.754322528287126
3254,0.0010513412492120832,126.6397029598277
3255,0.0013777087513974651,413.6618831123689
3256,0.0013654084476411939,319.2125415440504
3257,0.0012678726765828357,122.32156714882422
3258,0.0013220612602421683,174.40242644232708
3259,0.0009718397656727645,119.89395511501834
3260,0.0009760938455810439,77.54381874519537
3261,0.0013165494925585683,184.27445015192419
3262,0.0011394552985328089,77.03599538797666
3263,0.000936676032545841,85.76521918924288
3264,0.0011245947839184241,62.187739550739416
3265,0.0010063499236539555,328.50347570246106
3266,0.0007933610872665451,74.7948850205459
3267,0.000877743762048246,220.09207494459622
3268,0.0010192775774820633,77.90041553023255
3269,0.0008890623537179356,125.95589343181356
3270,0.0009699343506597231,90.6063431485764
3271,0.0008255785074444986,171.14953096736713
3272,0.0008447632479622817,183.2142548646545
3273,0.0008285717580683495,164.45736443205615
3274,0.0008603749669906467,230.5588706732245
3275,0.0007830591302502478,170.3682700515996
3276,0.0008917278408852006,90.75445434261762
3277,0.0008245925741323314,169.52287840106976
3278,0.0007243041638751245,57.54007000834397
3279,0.0007004017664836614,56.67182451899648
3280,0.000767485191506145,35.95427611710997
3281,0.0007677433473040533,74.80197484759532
3282,0.0007283526118013561,72.66104520371857
3283,0.0007242575263532942,93.8530482823383
3284,0.0007064647357012667,36.639030596764016
3285,0.0008049952513759378,131.41639083958708
3286,0.0008608102402047671,37.16675859178147
3287,0.0008389215487322823,425.4333304734144
3288,0.0008590049242133651,316.0237204384108
3289,0.0010119883407212833,411.06336433668497
3290,0.0009408902419251055,76.94203664226356
3291,0.0012330234074903912,217.459503841253
3292,0.0011418079845340729,132.67473987381973
3293,0.0014170528426732814,123.60509803753914
3294,0.0009160107346532813,97.55045504217796
3295,0.0007108130559008086,36.04948533496868
3296,0.0007842538920207566,85.6383404566612
3297,0.0008627234746801165,70.3555114176085
3298,0.0011313641280702137,222.86066960280823
3299,0.0012912860488463824,75.97832714198191
3300,0.00114287126052659,92.08103141810051
3301,0.0013638139270338357,37.965212266432594
3302,0.0010392319343698316,327.27931624917534
3303,0.0012628250754806033,316.7731822523963
3304,0.0012117070051356478,407.1760724744739
3305,0.0014227117591102656,127.85332851897907
3306,0.0011020479766191728,224.7632193927122
3307,0.0014871101759383128,178.2206220421782
3308,0.0011369953593781577,58.00738530262475
3309,0.001402039130710213,423.0363967597297
3310,0.0014031017719045504,94.12927484369708
3311,0.0011848867929953888,183.64757590087353
3312,0.0011744732964871218,127.95237158914631
3313,0.0011545113371262403,405.8574946252929
3314,0.0012275399900950029,74.87839754577166
3315,0.0010513175363541319,220.57632438798294
3316,0.0013406826030781115,39.619685421746794
3317,0.0010421245880204136,318.96472463790735
3318,0.0009317884799556696,74.83672592532672
3319,0.0010312948591875118,170.1948373149588
3320,0.0010475515801017074,73.9227452547791
3321,0.002172360273685957,55.06112383789408
3322,0.0009692133055730003,58.44067127281963
3323,0.0009046613825965913,83.94453325370047
3324,0.0010175576721176698,308.51157151603326
3325,0.001047569539279977,178.12814996215724
3326,0.0013707820529474848,174.4761667024038
3327,0.0010776496382724852,418.43491965833914
3328,0.0014455910450673424,180.90859912220873
3329,0.0011531536877991476,224.38968010999085
3330,0.0008554734303570826,36.76542253449938
3331,0.001060258366893462,126.23368474468279
3332,0.0010300243424301969,219.89613256296303
3333,0.001202776855927245,71.84540342882286
3334,0.001139345825914467,173.99221296219048
3335,0.001590050075813859,37.583960684278
3336,0.0012773287396405728,54.57151593302382
3337,0.0009107377547858148,179.76057387141915
3338,0.0011077312729051384,213.7453796119312
3339,0.0010848589775116,77.4190062928963
3340,0.0008074949746514903,35.41721723937156
3341,0.0012001039253846102,318.4412792321558
3342,0.001312711792913681,60.04675629117464
3343,0.0011701938769074075,325.0791329797633
3344,0.0009467521481796707,58.77428828014989
3345,0.0010320130895461015,99.0274036716257
3346,0.0010762971284461393,425.6897270326306
3347,0.0010345352398302868,415.4648612165604
3348,0.0009466326092242012,328.3635777913743
3349,0.0010046215447606388,422.2505467105241
3350,0.001031566075460852,123.7740767608008
3351,0.0008793660446395209,78.00280128168737
3352,0.000847873950673462,129.84035277397103
3353,0.0008228899627668468,127.88236381130132
3354,0.000965389702735554,323.6917347391163
3355,0.0011578397891918773,51.793049382674475
3356,0.0010445603465225343,68.86062542258615
3357,0.0010848074510828485,56.75578005179845
3358,0.0008902361304707656,95.3065718180514
3359,0.0009678816005109116,422.96367778832024
3360,0.0009956218803789194,37.91301244198297
3361,0.0008196227191870941,72.09751686757585
3362,0.0008708787906670524,420.0368153271718
3363,0.001065013284165321,95.30872292531029
3364,0.001001791789509349,318.1702900718083
3365,0.000964344589146233,72.51839966342844
3366,0.001033537703414048,92.01414452040986
3367,0.0009953910823076678,52.874788642513586
3368,0.0011233360773436265,180.08783835186665
3369,0.0008060375976442471,39.74283750099148
3370,0.0009738229652804456,122.2337732111086
3371,0.0012944335495341454,122.52643343986152
3372,0.0010378115777588761,74.14942332454731
3373,0.0010920919671784882,89.41198480665578
3374,0.0009154540215435584,234.37828873625458
3375,0.0009613116587294418,38.548663459780066
3376,0.0009149712064258479,54.64347588027755
3377,0.0007763020461228538,93.85364693837879
3378,0.0009392559808872301,325.1532699695265
3379,0.000902606442294425,223.91796657927154
3380,0.0008751493810037077,53.065193594531635
3381,0.0008313140513225443,72.03292427282254
3382,0.0009104432085286103,37.74454818381177
3383,0.0009224661849571967,179.91188727548467
3384,0.001091716134190144,57.71936623858391
3385,0.0011162762904428222,73.66812054960168
3386,0.0007420944776044805,36.8886598866639
3387,0.0006688463627569762,169.12975409560235
3388,0.0008782224597518384,75.61205473196294
3389,0.0008527797471847757,130.85973847411287
3390,0.0007884963624278077,225.55194395269785
3391,0.0007553302046388224,87.90514822371868
3392,0.0008278124432609282,71.46262579642607
3393,0.000720241967800658,54.061317566147295
3394,0.0007345782043916521,313.2859646012958
3395,0.0006922965452783361,174.8275547925894
3396,0.0009376077376041044,132.7574221165724
3397,0.0007287704153560313,405.58261804786093
3398,0.0009026373133827415,75.61973716571295
3399,0.0008990182644824411,220.28780099756358
3400,0.000884992199148242,62.644898600320516
3401,0.0008645669677515783,68.9481086934361
3402,0.0008513528437419907,37.94465855051652
3403,0.0008791617620107406,172.21853581538164
3404,0.000881288033646154,34.70916845666053
3405,0.0008104150891251101,53.26657818784517
3406,0.0008244418266014653,224.81379361361454
3407,0.0007497128087285593,36.64738051871291
3408,0.0007809154333783939,229.28167337122468
3409,0.0005888891581225136,131.7986706442661
3410,0.0005433783047723213,93.43216643476921
3411,0.0004894579175517469,38.688625851540976
3412,0.0019084844088316435,182.1499685604334
3413,0.00100969130127532,217.61350457293963
3414,0.000709786548712262,426.19481599723645
3415,0.0008688349074057849,34.25061328692867
3416,0.0007549869107287563,224.86230449685374
3417,0.000665650854543087,327.423470191551
3418,0.0007242556227384726,326.15588933094824
3419,0.0008841042845695914,71.15749207675177
3420,0.0007523634259564845,81.48990883937736
3421,0.0006906367705141747,126.24618979426191
3422,0.000674475278261665,131.69494893400005
3423,0.0005754553353654046,60.78573590886641
3424,0.0005053360397092498,97.74269191192624
3425,0.0007875086573518459,419.77484295447584
3426,0.0008748480125947166,129.10364684746776
3427,0.0008427099144532098,428.82415897552426
3428,0.0007291442797891664,58.63696558161052
3429,0.0009521218564714218,319.85100219271254
3430,0.001043149200322076,428.77062841773784
3431,0.001153251969516929,331.5131749323837
3432,0.0010683962761030555,317.9249875883272
3433,0.0009935507586421879,175.53300847602677
3434,0.0010763636571706665,320.4823530169674
3435,0.0011405689520731772,73.8427853318413
3436,0.0007854829734775383,38.14884946327295
3437,0.0009684427418749128,431.3580044888736
3438,0.0009875744361727903,422.42985918712515
3439,0.0008443216965434645,327.7920066888904
3440,0.0006839597768024976,76.75174958275534
3441,0.000954335883803155,420.85294413506114
3442,0.0008001677949255403,415.44129932287393
3443,0.000810332290298406,56.82632545120315
3444,0.0007890400104816624,74.96407795906258
3445,0.0011563931073750847,171.89257881838844
3446,0.0010097677558888064,188.57123384253416
3447,0.0011836729076129325,123.236685479344
3448,0.0012372273734119798,130.9760339234057
3449,0.0008780385538267927,57.75153759946693
3450,0.0011101578996425127,98.34755638655322
3451,0.0008656976628589501,128.0672884366425
3452,0.0010345684660889557,421.7837715326643
3453,0.0010269445721281625,50.758688306357456
3454,0.0011690500288473154,75.20400080631714
3455,0.0010486544575872938,50.14359630870277
3456,0.0011973304204523807,222.14459263600895
3457,0.0012059659913637884,32.94248082527785
3458,0.0012289598958591956,88.9236484566501
3459,0.0009317538293631748,417.1181943772789
3460,0.0009277151880644279,218.4884759482836
3461,0.0010146026063896872,89.16463907548237
3462,0.0008892224549398688,174.1058447500081
3463,0.0008120437573902687,94.67870199995666
3464,0.0008031135750293211,69.78504730512624
3465,0.0008659077920055023,86.03366459478698
3466,0.0009572858713435265,317.90392438199336
3467,0.0008972321707005904,310.32274580430345
3468,0.0008286983162580034,75.20471610439714
3469,0.0009375553895552002,57.542245020908446
3470,0.0010052428378912737,409.1059310700624
3471,0.0008801480685410059,71.96817902287339
3472,0.0009594494372245439,76.08994952167728
3473,0.0008754540618561756,87.37843862708225
3474,0.0008501786486514853,173.1424894002573
3475,0.0010718970185739952,407.77376425102636
3476,0.0010507061294581842,317.7602862685584
3477,0.0009684690388943685,89.98496655791016
3478,0.0007835618817725018,59.28464927727864
3479,0.0006121937510117179,89.8135553141108
3480,0.0007533334564555092,37.70176139809715
3481,0.0008188213206254582,317.79915084726855
3482,0.0007635210544617006,87.28108995201698
3483,0.0008657892118658169,216.66575705368655
3484,0.000991296475295192,407.18750689128893
3485,0.0011881145889922416,52.26881142990789
3486,0.0010391306609516008,224.01727930024555
3487,0.0009526689890541074,231.06526259657068
3488,0.0009186492939866534,119.52255152127053
3489,0.0010854916371249449,176.07683619858673
3490,0.0008369341680979092,408.303250402686
3491,0.0008812737752494696,331.8507545628533
3492,0.0007478691394511369,70.8726617127937
3493,0.0009379115216743597,174.65352486261867
3494,0.0008392942927107819,125.7064223682709
3495,0.0009386149093548485,427.2244323757416
3496,0.0010245306113409408,55.75595738273674
3497,0.0008034226326532822,34.14798748440562
3498,0.0009646634633265256,57.15427972874139
3499,0.0008839422454430486,424.7465694354766
3500,0.0005177768253368844,72.8872189795844
3501,0.0006246613313000496,78.73499210632947
3502,0.000986336603281012,430.00373426529114
3503,0.0008657596592206893,321.5172609591703
3504,0.0007703258586350446,76.474115799011
3505,0.001003125471003374,86.44908810285261
3506,0.0008337043569169439,127.19621237183198
3507,0.0009537216627403903,420.1011816278163
3508,0.0010021000647758296,171.14077860265272
3509,0.0009502849357447523,34.15360362798784
3510,0.0009760753427324617,417.6504352995515
3511,0.0009748474897850639,129.3596606274064
3512,0.0007775026381470804,134.91359910910055
3513,0.000783125054602771,136.47277252471898
3514,0.0007189814071328303,90.53818005206476
3515,0.0009002877225630194,181.1032464445013
3516,0.0007659834485266247,72.03560057651684
3517,0.0007968789534917211,419.50011864352683
3518,0.0008754040190351902,37.37888507627335
3519,0.0008046367319504991,74.50575567446036
3520,0.0009364225563336137,420.7628221966204
3521,0.0010652446864525774,175.82644743939656
3522,0.0008060950391237884,321.5087301280174
3523,0.0015528244296954905,32.8211913563967
3524,0.001441729386991436,37.872937874756076
3525,0.0011423720393164115,72.27173139868881
3526,0.0009563776705941895,58.01407234906503
3527,0.000988745060549141,185.47370757122982
3528,0.0011740465738041856,37.70387637372531
3529,0.0011539782683720314,38.817353190822736
3530,0.0010168413466427532,228.9091694857812
3531,0.0008528890382445546,223.98696841878635
3532,0.0010049095850954985,332.0820452400896
3533,0.0015333705306113704,409.6414554972506
3534,0.0011371892424314968,323.9509387885763
3535,0.0008509312393188935,37.85229340734971
3536,0.000993440279401241,94.65590419816613
3537,0.0009857788977633774,323.12774698798444
3538,0.000815336690843774,90.2390849341158
3539,0.0009278673994333691,320.52167262920113
3540,0.0009158191502802555,130.19096402991272
3541,0.0009598486862777595,412.74509104499936
3542,0.0012415225621102224,74.08929922243176
3543,0.0007854762164218275,95.84939705592403
3544,0.0008274651693020794,55.35280857278065
3545,0.0008225580306065365,37.11083754065236
3546,0.0009216016199004406,223.19654729379204
3547,0.0008363767704291518,184.06084228472534
3548,0.0009058923220076418,174.73886034327668
3549,0.0008103976362346313,89.58978759165663
3550,0.0011825191120922993,420.6174127501685
3551,0.0012969800341124937,118.28162204748396
3552,0.0012564388983977355,95.01819116658814
3553,0.0009232435218969791,89.79439283153494
3554,0.0010476800673074303,327.22831746800415
3555,0.0008382382577729379,224.59537109541796
3556,0.0009940788489796527,35.82788189667139
3557,0.0010622577368812683,180.91639303118617
3558,0.0008364779810749222,184.58058198868673
3559,0.0014337094750050616,37.17233776378111
3560,0.0006923169080650859,174.2479287896702
3561,0.0009594894087500949,91.01819212165343
3562,0.0005594961092700376,98.22264949243406
3563,0.0007050288315779545,75.42619064150779
3564,0.000731298184921168,127.88475299703858
3565,0.0006789452854472738,92.91763420846077
3566,0.0005891206022637119,86.65694407089681
3567,0.0005930709554879035,33.48012434436849
3568,0.0008640794029029706,74.09515970418894
3569,0.0005615094661930625,224.22004087846352
3570,0.0005834206793119498,124.98504147991687
3571,0.0009944607318525063,129.31490847586997
3572,0.0008746579299662011,94.10039698140042
3573,0.0007551380176910489,93.09889110893982
3574,0.0006262436406138255,91.31285541415782
3575,0.0004244630626999424,40.08218047811149
3576,0.000596932082643489,179.46105400190942
3577,0.0008784330541021097,170.52916181844202
3578,0.0008525374010983993,95.55107416559864
3579,0.0008396719597115761,71.12502943029672
3580,0.0006924297489114486,124.0081711796664
3581,0.0008405520913239908,95.94099515830715
3582,0.0009795806013030506,166.8233448464907
3583,0.001170378979967891,35.37211459674541
3584,0.0007376769704548608,121.82906405352124
3585,0.0008154571821499055,56.11281131525112
3586,0.0009961547790668635,91.27507870733102
3587,0.0010723404818338783,323.6114617150091
3588,0.0010195129529082306,314.7907326930871
3589,0.0009327993859290838,227.28294906613738
3590,0.0010320545144731766,306.8272722486431
3591,0.001176919258630898,54.19282924311866
3592,0.0011258891238670463,225.54795821904992
3593,0.0009510009193871991,95.99842569557165
3594,0.0011645223718953505,314.991268137693
3595,0.0011077962070763514,219.4580826097907
3596,0.0011883482290521348,410.6776685250318
3597,0.001199900551049442,173.2267196748677
3598,0.0008585665266231256,37.417877938609124
3599,0.001221303658204651,35.72351573993841
3600,0.0013635993864473013,91.64852119500202
3601,0.0011274397485382137,129.0080117185813
3602,0.0010233524467783124,321.3843272965619
3603,0.001195415689220976,89.55903081349601
3604,0.0008538296480594072,189.67406741952695
3605,0.0009368317530907948,35.350864146296466
3606,0.0008858078379304616,74.1772558286554
3607,0.0010057641607163726,399.722832877338
3608,0.0011571190881745602,71.61474411038687
3609,0.0010072031544291029,313.79988564209117
3610,0.0010393370055846224,58.63272191160134
3611,0.0009888481182639163,80.15384606654438
3612,0.0008389790596505843,236.9007264749557
3613,0.0007742599632334934,173.86909083949882
3614,0.0007721786809319432,94.99844677032263
3615,0.0008845335979302833,413.28632255411065
3616,0.000819627349940404,94.72294712081926
3617,0.0009450309440425259,407.26523957314134
3618,0.0007727765583676393,225.50266930199263
3619,0.0008072352978136198,90.22739609251
3620,0.0010163710845030362,221.96551586857615
3621,0.0011652771070715408,320.0889131375863
3622,0.0013542891548101994,67.25907454793695
3623,0.0011466308538780447,318.5074436508492
3624,0.0009725481491447691,226.8330605762148
3625,0.0009604542385531345,314.9670861627842
3626,0.0008966640882165016,410.6464727650161
3627,0.0008090929873889826,38.25345900892227
3628,0.001039185612034083,172.078670619687
3629,0.0010874111864633423,330.3673549131317
3630,0.0009468780496139185,57.70205720386436
3631,0.000921924026856273,57.27087745405098
3632,0.0009149066925894792,181.07006841055625
3633,0.0007479373256550438,91.23428827119842
3634,0.0012423620317855546,315.030317413947
3635,0.0010137191960490008,425.2224370750111
3636,0.0009683078222964067,77.30000730399229
3637,0.0009006308041534794,56.2664055381558
3638,0.0006785179863935949,75.71907656153441
3639,0.000800020386971473,217.95155768866434
3640,0.0009681303702658122,32.738161058247606
3641,0.0007954601803496851,55.72297247261059
3642,0.0010730528253693943,127.18572504133958
3643,0.0008388964921274188,94.65249146092741
3644,0.0008125310380508791,310.76723455657356
3645,0.0009817755153830256,408.48519194934465
3646,0.0011828342170273948,415.1671861677999
3647,0.0010043023790736647,86.98045581235839
3648,0.0009960371761416034,90.27808683595177
3649,0.0011399035864009819,400.192522545053
3650,0.0013602313729828917,164.50419996927283
3651,0.0015022091973986716,88.94512986571729
3652,0.0011669538590798436,60.2909152503686
3653,0.0009743198636381232,96.55379821380899
3654,0.0012815292764796525,212.5257004552751
3655,0.0011017029878858762,227.715092781926
3656,0.001072377801287635,119.41364918693498
3657,0.0010570611061544977,418.09282473528583
3658,0.001149965908427538,36.65764409861745
3659,0.000992863895961901,57.25734481762499
3660,0.0010485336854817555,164.7849076762331
3661,0.0010340606532135083,67.03735559956327
3662,0.0009683048832481621,54.62831480606646
3663,0.0008432637758652653,130.70872787028492
3664,0.0009158370441417156,52.85103491228718
3665,0.0011186247212355712,324.20721012470244
3666,0.0011073727026379991,163.77473330057506
3667,0.0009877367931046177,320.2311690918115
3668,0.0010076899358509917,74.31022642212996
3669,0.0012717752443538717,65.75031990185735
3670,0.0010403154139289577,68.37030327748859
3671,0.0011141318676327757,322.68945262444043
3672,0.0010998812136180773,60.01642439098232
3673,0.0009169274384145286,60.61763506365826
3674,0.001070216323679056,172.23016533701832
3675,0.0012911495585450955,48.88648770743554
3676,0.0010061188191245712,38.43659387304861
3677,0.0010252177240948788,320.7940970408044
3678,0.0010715513346274913,57.47496334715248
3679,0.0011539091066405374,315.01547193813235
3680,0.0011016603478354345,410.16980068553886
3681,0.0012818101578763532,76.7431106715335
3682,0.0010997438269151109,228.8764263846094
3683,0.0010912530626858196,132.87105123885473
3684,0.0010761436239810228,35.475614154432236
3685,0.0011173075948417918,319.8640368476314
3686,0.0009126826683211858,401.61410330753745
3687,0.0009023216778530827,228.8857464067377
3688,0.0010815611419537287,71.27090513871678
3689,0.0009363116958094003,173.92683388017406
3690,0.001103910520951841,93.02805715832928
3691,0.0010091344113883178,34.42757063579223
3692,0.0011103664082011992,57.89757435164405
3693,0.001121647353210068,74.83697740311472
3694,0.0009972064997039614,306.2120451321902
3695,0.001318541966904511,183.91930054107567
3696,0.000949107464252434,58.66974055463085
3697,0.0013685133822113808,73.83568918079081
3698,0.0012073905965569959,55.4565792451865
3699,0.0012403953237637702,33.851864574750664
3700,0.0014136966299308886,94.93734763912407
3701,0.0013117641978132935,174.70437526187538
3702,0.0008957866990716535,54.62414992737652
3703,0.001012156685952114,178.21976300335155
3704,0.001091525334039734,409.48566247980534
3705,0.0009251014616220858,322.06431446845494
3706,0.000769429696226104,83.13571339602333
3707,0.0009208356056908749,54.063060448190264
3708,0.0009392138653003687,314.7054092609469
3709,0.0006955902340685254,230.84051887733384
3710,0.0008551060516006099,218.01853650369966
3711,0.0008883290227332475,420.89580484850444
3712,0.0011675943288706949,72.98039049620692
3713,0.0009403626557999618,97.33139360022895
3714,0.0009210018795290695,78.07913660594598
3715,0.0010486997559673535,230.3400794516491
3716,0.0013825449123346359,36.53213419999123
3717,0.0007942571222687351,90.55568780405548
3718,0.0011243322014401593,181.9354268856619
3719,0.0010884157160365828,52.12617828306456
3720,0.0008382832872939616,122.38994761558969
3721,0.0007720735674523632,229.05638096295084
3722,0.000846424247913364,428.5673381033548
3723,0.0007789078421358051,120.75565496284266
3724,0.0007325097947865162,33.75229549418789
3725,0.0012272185535948665,58.15120453847068
3726,0.0009305069172452144,205.10946642415234
3727,0.0007853441827142294,407.5381143409966
3728,0.000966499009779442,89.43073741287493
3729,0.0008507958146101619,80.87872047163152
3730,0.0008214461284048659,55.66251303157864
3731,0.0007396152794241901,132.32326520964557
3732,0.000809893249502007,75.22213732457814
3733,0.0009107294822156705,429.0317180511875
3734,0.0009675616716523951,414.86873286958246
3735,0.001034695296419665,216.39589629956913
3736,0.0012847336898718145,416.92434143762466
3737,0.001028522615096999,84.77759565917458
3738,0.0012045722455055305,317.76134329239034
3739,0.0013229790116298355,181.51083806072464
3740,0.0011095851045792903,412.7896385042329
3741,0.0011552979707093155,55.106745206183994
3742,0.0010039009881048031,172.70189610034973
3743,0.0009886582266841225,72.5547862933794
3744,0.0007295444702322129,36.60564822134235
3745,0.0009624874201935282,55.35708155873481
3746,0.0008807272150866975,221.71347997371382
3747,0.0010404845803442817,67.08129688083943
3748,0.0008725696282205965,52.82458889545709
3749,0.0009977068444223948,221.72613743499028
3750,0.0009501556577643813,55.9091726269973
3751,0.0009566608089428612,87.70357622162193
3752,0.0008237211889714559,231.1901892320918
3753,0.0005821053639258687,54.626222133108065
3754,0.0006745899456952677,53.129205403400334
3755,0.0008995668151900524,223.2094501956008
3756,0.0012379204110741632,75.4681882310231
3757,0.000950569833009267,72.02561880127124
3758,0.0009066003786196794,129.41363911102815
3759,0.0008395519054250723,49.316779188821165
3760,0.0007472536800393709,73.8556807126967
3761,0.0009682538329798263,86.8197465859188
3762,0.0007681788272086785,52.377048928738645
3763,0.001158667785402632,68.51225459824315
3764,0.0010494959179561708,405.2067269569317
3765,0.0012523880923562486,72.98189563726815
3766,0.001196695909725506,32.07221575935951
3767,0.0010181206522106613,337.03266881530146
3768,0.0013039403193827168,171.8463523706658
3769,0.0011269877865962717,36.2062767697232
3770,0.0013821801281679693,410.72057087126063
3771,0.001467250282103967,223.66714339280276
3772,0.0010066606141249808,59.20376942933361
3773,0.0012195864330133703,318.8318085310832
3774,0.0012491643029656208,225.3815364403364
3775,0.0010992783967580142,402.09617196046287
3776,0.0010864448715980101,127.4833245079265
3777,0.0009683825963726063,406.7021654885748
3778,0.0007670030031947355,34.5611522809277
3779,0.0009099681093003537,95.81246174605845
3780,0.0008871578095819971,121.51123358824746
3781,0.000712358312305448,57.20642138573574
3782,0.0007222989685848508,38.903054232966475
3783,0.000776615352947374,127.43210343563011
3784,0.0010954448899597915,317.979500079827
3785,0.0009137426963256125,96.41254089551084
3786,0.0008112982053799814,56.35142873951135
3787,0.0007248270808843899,76.44712453918014
3788,0.0008560564629172488,225.540656711494
3789,0.0007930279384709138,52.32027599853611
3790,0.0008023499334701427,412.55441607088017
3791,0.0007654938043253004,129.1208302377078
3792,0.0008571513933045051,94.42307246947834
3793,0.0007103404329592384,177.04826135012527
3794,0.0007824816683961006,129.0128591145763
3795,0.0006382202331736842,174.45349825222723
3796,0.0007007659616749766,311.0617771647814
3797,0.0008779663293325095,227.3082909980328
3798,0.0008173887896681173,123.93491211607537
3799,0.0007943102970888589,169.9031502571759
3800,0.0008001505928475056,120.76922347109941
3801,0.0009639772877632752,118.16908838666855
3802,0.0007448902502431538,75.21759922872975
3803,0.0012871343880741378,391.1759050871588
3804,0.0011753888491185395,326.11822117398316
3805,0.0012626918404539586,413.4667450010672
3806,0.0013065576612292316,70.63230461824396
3807,0.0016109296449354526,71.29488861482582
3808,0.001256235973193438,421.2492553414001
3809,0.001065687361500408,175.895891853242
3810,0.0013138679550873068,124.88376951452571
3811,0.0011429203006442343,318.97774692865806
3812,0.0011386409508056452,55.743175552227086
3813,0.0015365572938302147,39.2952299514531
3814,0.0011892689180601624,176.04503967895894
3815,0.0010884841215308618,55.5538879825555
3816,0.0011099769554310651,316.48750641249075
3817,0.0011611580820329946,70.30949710782004
3818,0.0010178631713911547,185.92455606577826
3819,0.0009757187480678089,179.08666926880213
3820,0.0008979845939063656,179.1163006412296
3821,0.0009028542544723509,217.99307554486015
3822,0.000769529666600787,127.30700953924276
3823,0.0007169654565834869,54.85778389643349
3824,0.0008180131732248041,134.53641263254843
3825,0.0009678567943984373,175.00701486024894
3826,0.000655623983816597,34.49578459984796
3827,0.0007986183528338678,128.05567967762894
3828,0.0008255695516318583,175.81509178512013
3829,0.000636673605193641,75.44751721826916
3830,0.0010538596214836296,90.76295808035682
3831,0.0009056205304726814,175.1120876286043
3832,0.0009287339895031607,415.2666624060119
3833,0.0010312364887352953,86.67750987955911
3834,0.0009424285212328859,225.04438848678785
3835,0.0009687408700929811,227.38411295173407
3836,0.0008781035764424276,321.69331685560246
3837,0.0008326642031863609,180.1390681346264
3838,0.0008177149202019013,403.70896948213544
3839,0.0008396758257731562,34.76252158836795
3840,0.0009887772781702242,235.2170262263996
3841,0.0008098605979852583,174.79837304107562
3842,0.0009196384481956007,181.26978244992293
3843,0.0009723790074793752,170.1496072424251
3844,0.0009760006510526144,323.98217634344047
3845,0.0009106027481411542,219.79657273913705
3846,0.0010237637645200874,217.53767563367145
3847,0.0007743058681155851,37.449976707383655
3848,0.0008769285031542574,180.97157644148155
3849,0.0008929767641301127,236.47824581348638
3850,0.0009298307690822173,168.63551185383008
3851,0.0012475226587130364,316.31735363381364
3852,0.0010324347431064937,38.98453124999996
3853,0.0009519022188711816,220.843191608323
3854,0.0009964749361014837,220.19540709213965
3855,0.001169926505345093,88.92798892789932
3856,0.0008615543763504509,38.801245659618004
3857,0.0010199217613675996,411.408254420648
3858,0.0011450713481702302,173.09428282175514
3859,0.0009812551961979,318.5504132922701
3860,0.000719976666347328,222.65435577122
3861,0.0013697167462335012,97.83870430977841
3862,0.0015983126642571859,32.93176844252984
3863,0.0011634114570452684,59.377565667687776
3864,0.0011292431737191773,56.63515266509756
3865,0.000886082042562764,319.949107712045
3866,0.0008331713198789327,56.57502886856407
3867,0.00080057592782334,81.18159651881388
3868,0.0008371549851325164,121.7521456476096
3869,0.0008856390856470335,51.3633750161599
3870,0.0007297800985123998,72.61073179640343
3871,0.0009763455788553478,423.18802196195196
3872,0.0007932173816541387,33.578698010983715
3873,0.0010333053328651376,329.51749315110413
3874,0.0008532445166066013,323.01808337594633
3875,0.0008199147632694803,36.016152532000184
3876,0.0007545245928762095,35.38091719794626
3877,0.0006242287422124223,59.56506992655644
3878,0.000518690092513711,34.9164721391205
3879,0.0009260522416677406,414.33441243270386
3880,0.0009085668436101276,169.60954905051997
3881,0.0009923967580538898,74.46995928150407
3882,0.0008965806388506939,37.700900236216505
3883,0.0011103118121389764,119.25800856301043
3884,0.0009739831415436372,414.7876426265459
3885,0.0007911147473800925,224.20002085314155
3886,0.0006720980745123628,78.35404207875037
3887,0.0009879186047767892,180.55763161849424
3888,0.0008790483841844085,127.30890935618267
3889,0.0007362912163104846,72.84620017936089
3890,0.0006246377835573108,76.99569156007286
3891,0.001161738562793537,56.95059550072742
3892,0.0007589315384466806,181.14130408407598
3893,0.000869619498150993,328.2248052387844
3894,0.0006619991034165503,92.9095729862777
3895,0.0008850277973898621,91.25108967804427
3896,0.0008238273670074821,415.83324034813427
3897,0.0007344695340761098,420.0344506630659
3898,0.0008522633565026461,225.5254874325287
3899,0.0007613018441871049,35.96582408446744
3900,0.0008025492898227548,167.54877181104953
3901,0.0007490761817562402,35.310652154826045
3902,0.0008284080968637268,53.89110943030324
3903,0.0009637237661179923,94.65234782934968
3904,0.0008171703648258699,37.229652260436346
3905,0.0008354176491367687,171.75937559000988
3906,0.0009990232258971932,310.9636155197038
3907,0.0011225912728997204,34.8088015343655
3908,0.0010139925911187612,33.54009523140524
3909,0.0010693678598702693,95.56873435808691
3910,0.000903512189211142,123.60500382461821
3911,0.0010102935921167955,56.10894547794783
3912,0.0011034820692078608,58.91455902103411
3913,0.0010745251636988017,233.10124910439131
3914,0.0012584091828423073,315.1711962371959
3915,0.0008785216100652458,122.70129000019303
3916,0.0012075822413928259,222.37834977147375
3917,0.001170410635126786,86.85055936037888
3918,0.0011018681554999805,174.52338308852225
3919,0.0009945444860370617,178.82339722261804
3920,0.001262676400965012,217.66112426398067
3921,0.0009588915540548073,93.40771817233312
3922,0.0012591264698865135,134.2980876035554
3923,0.0010082868563119052,87.98206333059684
3924,0.0009552850009850562,123.30051150980317
3925,0.001221852934424124,412.80090149008265
3926,0.001204283976653962,325.6527997721242
3927,0.0011452576919515841,169.31629872436102
3928,0.0009311716860031231,94.55011408526165
3929,0.0009717896202839595,71.37846406214993
3930,0.0007441871929512598,94.52344840305021
3931,0.0008669219144486855,409.62754521143745
3932,0.0011197789178274025,38.27507351639553
3933,0.0010457028337280943,416.4267754306391
3934,0.0009363154930807385,55.301961103596135
3935,0.0008936690732110131,36.02062226607869
3936,0.0007345995521572442,80.38394202658311
3937,0.0010219979202136873,85.94127635768159
3938,0.0007815728574489653,422.49767179587366
3939,0.0010429680759582464,67.28290970396307
3940,0.001027516899627052,210.67612275274283
3941,0.0009581541763524864,76.57878548028306
3942,0.0009906477718576929,171.97116021563832
3943,0.0011045027372760655,56.24583521418628
3944,0.0010582000621333254,413.95827010160843
3945,0.0010683018585694582,317.1841292466241
3946,0.001331509379074497,301.7914679767144
3947,0.0013986038575239945,60.5399666857301
3948,0.001280434965808346,34.94642674748654
3949,0.0010539283116409255,71.47401419115853
3950,0.001248565388156659,319.97811614904316
3951,0.0011243520581377777,53.516167550968696
3952,0.0012836159350996619,419.3865486308091
3953,0.0011535416221807647,223.10463757267004
3954,0.001425570736046211,117.0986300972356
3955,0.0010845953566503935,37.86863852945837
3956,0.001045565162407392,168.54425954782934
3957,0.001284483588755451,405.18732528559235
3958,0.0013706416001868264,90.66554539553618
3959,0.0012235189517161564,91.08821734472482
3960,0.0012999783283880453,174.55698806646703
3961,0.0013243369296990725,97.90544305963975
3962,0.0014016892555352486,220.6067414995138
3963,0.0012139564171145768,132.91447006682358
3964,0.001169282494420307,422.4285178121056
3965,0.0009401820966367025,328.84676020359774
3966,0.0009518757840116918,413.14727716017677
3967,0.0009249818135071404,95.34418936686154
3968,0.0009248520464162014,318.25381048244213
3969,0.0010148132772698584,417.01276696702723
3970,0.0010813904638185844,135.66141869846845
3971,0.0009623749309372557,170.59873511811756
3972,0.0007610734361966526,38.67714615259955
3973,0.0010983893467648343,74.83473704932851
3974,0.0008472622395512755,84.34766982797579
3975,0.0008952867219704785,56.322744422088626
3976,0.000879985114997416,83.72360792750774
3977,0.0007316175659321618,37.024093251692705
3978,0.0009649738651355572,220.33777364542712
3979,0.000946538160442779,94.79044901646277
3980,0.001099598643612318,130.89881109577405
3981,0.0010408915152727556,314.65629957184683
3982,0.0010539347337831155,127.9921210780246
3983,0.0012955362863529877,72.37408756805222
3984,0.0010934952571817023,92.48914305404054
3985,0.0012947752491984533,407.83353836788893
3986,0.0012784155005647335,125.82752894641307
3987,0.0009334422904076508,177.81597781714632
3988,0.0011315165467170698,57.896516351235945
3989,0.001101934277597035,215.24562942423395
3990,0.0011533611699133602,334.4487804645665
3991,0.0010120641584788399,322.4273462396213
3992,0.0009878511304619183,59.37816419113186
3993,0.0010279409389753916,307.85012175785647
3994,0.0009838566471409228,129.35982631433325
3995,0.0010474744214999314,226.88993886187941
