regular_train_reward,ga_guided_train_reward,regular_test_reward,ga_guided_test_reward
30.073448311043467,17.03281767933027,107.13638374278517,108.77383909826366
39.27010246850745,43.72000019379472,34.4299658098257,33.88283054957263
27.801242300680375,111.00578842938612,126.0533972034979,126.17344714259713
128.43512507196675,97.97015329818323,222.51107390258124,220.4979813060055
72.21067524657893,69.87894182899261,99.90920339558443,99.05894790699679
41.35955784239447,43.417051709994496,22.71300512852027,22.864344892415325
72.22597592073254,29.013103992945705,22.923214440581063,23.034250864810552
34.67307539050245,96.76775358848838,38.36739300088874,37.78553208854978
158.21584887411808,23.154375561882148,23.158361334173307,23.3001662049816
78.59611124481563,72.89187407081378,54.61731368577195,54.14112447509425
22.766878428964592,37.87578576092468,106.17322990969495,107.25081952718239
128.3823265701159,99.84999711263606,34.63666008545405,34.96748297505309
81.10835616007644,100.26054162556129,36.651713224807956,36.6113436439818
93.50328014645262,107.29820056287605,48.730258997772616,48.753586945907585
157.2043295800647,71.8729819274286,168.24412194230425,162.9567671168372
74.1267687042395,110.81788280180034,101.63911937920602,100.43426384024063
52.92514540814694,56.61381492679742,49.45234169263028,48.83677568836343
32.40009481292858,30.667775561572657,229.12447033116013,223.41235390399876
130.9931727363198,22.2435902784564,129.45261003433748,127.51703169967305
69.42919668307924,66.6566343779244,25.413884309283503,25.543136671636706
50.099399700267114,54.27301044100839,52.21223191103607,52.8857240056502
40.73495608222622,54.13340769942297,219.4992354747547,217.33404761717796
95.2936910606835,40.03949227660001,36.94138879272528,36.27998716240742
47.5615537252984,19.57897477701357,228.36829561729593,223.22648023451225
104.41710076502534,79.48395982524087,69.97729405241381,71.27703951904694
129.25973001753664,20.430978475679105,219.94666179102597,211.59452778228763
60.11731027417449,111.3743632608759,73.55226921616062,74.56261577790288
50.40683359774724,51.9430741954686,52.12278941524692,52.31335459986597
52.496018980051424,19.660452129950865,81.03400744524257,80.65384691983076
41.11204195629214,104.90297042438857,80.09282498597506,80.2182410997919
161.45056606508655,86.8049675632172,105.69898155955494,104.4177116359071
121.52660401119768,55.18655442168089,122.85807051502519,122.6938137577262
53.721397122104094,58.916054260966675,34.892349062771906,34.610340398889676
57.30869107538038,101.40286562588463,36.80582217491591,36.51013557898357
96.78630642671263,64.29224620830905,95.53857647645435,96.3314414888936
162.7151689064499,37.98671104676274,25.009480463612043,24.786543467941023
19.361670019038453,155.90942813370313,108.53422978911851,107.60779972778602
131.38371200739132,117.48983932220527,52.76068423757049,53.03843691858015
42.113729055423775,47.709081133281785,77.4351776995429,77.08822678990697
155.19797663755287,155.6923704706859,38.024199062227495,37.856285881332546
89.12136573932148,26.830810764160045,80.57239276395589,80.52683640747168
106.24182679467853,107.09223355149673,76.74768805598012,77.6117522328739
58.618312767937816,77.98361741819983,171.18043989653268,174.38114542310421
50.57504950532152,54.00348985589252,222.15936010897178,213.87660697048986
120.79867533364832,97.8931769424156,47.48219309738092,47.228276635357744
83.69566858153094,17.866149198403125,212.55573187756153,217.0537718521057
156.4991591574085,34.73436527255994,54.460814980606244,54.880544186744686
66.60298283607119,59.24495521768711,25.588342680038767,25.49090616718965
72.30998238182941,151.3507289649548,70.91533583424429,70.30302592629533
90.67260801775127,55.07105737729624,226.5737153778149,221.2539404554062
131.02478861837233,191.9799628856816,47.07224257008969,46.49168695686995
18.313420241387913,193.66567822596048,96.37219000687097,94.42674618644622
51.28265342114108,30.998080570887492,47.44276718955234,47.280609183518116
19.815169827701755,28.487498574513747,81.4189143951611,80.47291109970578
21.222299527121436,48.7295582780604,49.51777544608582,49.20440110682354
120.85926347976799,18.6962379460107,173.27964783356572,168.24846464699203
37.79978826090009,57.36483605446447,37.76681886520957,37.95626756751311
43.51281870132328,148.51589631553543,49.18163721450254,48.47317991081313
50.80342555047892,16.986322995034897,36.35814905920199,36.38088393479359
157.08533413858288,35.12684381053199,168.5051062200814,162.59719871045723
129.38955640530472,41.0753335816011,76.77489757156007,77.5300969496626
27.396852369794527,93.50884120520227,131.0077347105159,133.66489495085438
78.64521366184181,108.3280315782627,45.495893916266105,45.266240473330704
22.225009265969796,64.69912348764944,225.00542591604324,216.0552506087222
126.89447174666249,190.86592595423724,124.24991272263907,126.0440800567295
87.21670907876185,194.7702970836103,105.91800830099933,108.00187295385209
94.92907494158842,46.69732055556284,49.06561344827537,48.359642482374596
129.63435593860783,188.92715816758871,38.4795944611578,38.052342073967665
163.8424909325378,193.64467849764324,25.361172592629163,25.206327014966977
30.0273650104357,41.792018957661355,35.203696622918685,35.065462281883626
43.695880210730564,17.169879685898014,31.095195581501535,32.397556585476075
60.43103975997115,192.74693845541307,25.504893421989358,25.497874378747238
155.68988182119892,51.96656606340059,71.38724149253883,71.45417812986415
37.46630588743607,187.01019811643638,37.94033978662209,38.08397730250074
21.065682968525905,37.234262000771835,57.35435170309657,57.1445813442191
66.19929783815425,46.49166298180467,133.31542917394682,133.12291251543422
42.078133754302144,31.158943838284273,98.36092464801558,100.0200174553635
84.56886653243625,76.59680409629767,48.450141483029185,48.40057963837917
20.54985038372526,83.80196893027174,219.88585408025978,212.79139689771108
85.90788221156367,18.66161606387693,36.26283951622465,36.04071780876486
74.4036305211961,49.322741665573275,226.4827407162396,221.26699174061724
59.35245124842059,186.50560557810095,134.8472462522036,132.96233542638805
56.10049378086702,107.74053596299203,180.30740939259042,176.96306382889355
154.51194740090068,43.16598374566536,98.94351874525739,100.0218286484976
71.06287084062922,101.80400273381167,74.73545326668409,74.06279405733736
48.863484663014766,89.44547569318854,60.03494105665648,59.6930240267143
27.954377033176357,33.89992813310865,59.748976726847694,59.48007364125696
93.25666068245964,40.442162879682115,127.51585370382233,129.76145680708908
104.36722723759796,119.56292148281393,100.85999789237835,100.38818580063412
29.048620066820778,18.777070497001915,38.2280857247268,37.44244549994149
20.452421692457953,34.172754934997066,23.762325930314507,23.81435527834263
61.24170302311418,144.4966169962262,106.33150120051538,107.9197126615532
35.71403837611863,27.64887303056535,69.63484724538367,71.1011035402117
57.47835900402261,145.08136389439295,128.1487133353617,129.86228066627447
88.56336581057202,47.96800869448695,38.08307463899959,37.59327367953254
48.18106104164327,109.18229757456945,134.54237036747813,132.08161682984527
90.90472760452836,51.26138980416316,167.5583255477471,166.719877788553
94.64810873713327,191.09467253558347,37.18510131935848,36.849177326127446
95.89261935122731,39.187081325621044,24.893249321926564,25.144374955685276
40.06152232573503,107.58571736718177,116.38799623162005,118.77787288465437
58.22890940150837,54.09837092214747,179.29996176112746,178.7023980876946
36.26050371316297,17.067506226373023,134.545617656201,133.76673483418205
129.2019328859156,16.882956794841938,225.97016047669518,217.28551166982646
34.43371154910597,18.43722101351997,175.35665703103695,170.54023004350216
122.10489434359401,34.13121569628432,48.710695756224865,48.97980264234813
78.5180248121776,194.17529689527314,57.246807246782076,56.946765937643626
61.1093317358247,38.27550063282195,55.037708686952264,55.14293625661763
44.0067699550287,20.02285147669217,70.26682175463279,71.06855002421358
62.314705867142386,38.49215446844927,72.39239042095376,74.0028662966682
154.74542878857045,50.77858819099527,75.20865541099622,75.94449525756067
21.10188525954902,26.168370718643544,109.3712900337006,108.45012182538471
65.44592598924609,151.84861929907086,38.59155770742289,38.26702306499072
39.23648806549332,42.327221241809966,37.87428715643402,37.78117814687077
79.28314875601923,36.440581904221986,42.4134269268462,42.90276684779294
115.23936250544307,44.9473330943114,121.79654011659312,124.96406987110468
67.82094485733927,110.28628335492692,52.47323013059268,52.863812306044906
69.47541950469608,94.75825788949761,32.63774876376509,33.40499643559894
92.63199658967045,39.67321250668361,59.3325589303042,58.68668752404625
77.32797870814315,20.514976725034302,226.79938609251673,221.23216251966252
71.6513000924718,115.68400041487722,181.12126014626222,175.68874748039383
47.61709015987271,19.558204244764458,180.53674802789777,178.75804493983338
20.13901363424458,45.22813719690282,57.156689362062394,58.02187260061737
91.98922910763174,140.51984511208605,45.70854671827651,45.40532442839376
84.15790521677206,88.24276827387673,180.83538446307452,177.49028687570683
70.8885199699236,17.337954957443465,224.57433128580323,216.03265292575722
100.78235003074442,34.158757754491305,178.1261512957759,171.89154895758574
100.94830551833577,47.652954869858476,168.81318497769695,167.02137881490128
50.19614543932127,151.07886540036998,122.63509925807999,122.41398442166526
31.49263659056956,93.7954522789198,76.54883854379774,76.01358087439323
76.15470257940234,65.49043127268133,52.510209478799084,52.86613858745415
70.55293894124804,94.61680003829447,107.35990578632104,107.02078507723157
22.998466445728873,26.718039088359426,38.47874327080525,38.06974366162258
87.08146214112152,192.49931906890177,130.32661109958605,132.07014027346926
78.15323073818043,43.48834909362632,60.38203073636931,59.51834681855533
30.509182743322874,17.47079086256017,21.71064870099331,21.47703957114809
18.741679882772836,58.87511956360952,54.193387459051635,54.69537176836754
22.03356503591697,150.74292669300866,100.80513731005745,100.02592443535966
157.96935065068487,43.391262749822474,49.523032432844005,49.80496394479336
49.54583263170354,75.04880582991002,168.6126761026606,163.02985196240311
33.30203009536117,186.10308161398757,108.98905527282696,108.78931990443218
130.5844293201765,50.2138717632874,107.86412011615178,107.52345528121904
92.3929500864504,45.095595001278646,121.67220448044897,123.08352227052359
48.47444807028761,108.74479271661178,73.30478185675047,73.935006648473
123.84264282744829,39.94497222868143,25.04335487269437,24.996860294051714
88.88148021693158,86.3613802408472,170.04776688928735,170.6474260921823
128.49008440270563,66.2137691658469,45.57360577611134,45.465053472540674
85.53559291560218,84.1662028010348,22.830358669067184,22.847278493131704
56.75028489936774,41.7369158135062,80.57329586138418,80.9179465111018
21.251008662276806,36.04362488686181,38.443840538556486,37.67958327850702
31.09420650527783,151.57892250763103,72.72241700564132,74.05516932424335
155.9260712213525,19.206875892150343,38.774127649866976,38.90987275362173
88.30623146505087,107.84014960704248,45.433648021107224,45.47015966541197
96.51692638943847,66.37970248908512,48.7310435912707,48.682676368652245
45.67683665018511,22.905357321654417,120.92396909913376,118.3965956875082
31.854105383768843,36.40121259759079,44.60056868497051,45.0253372710602
18.055847635108567,55.759530507994015,134.46200940255838,132.2353456684089
65.42373817593567,112.33576167832861,47.35501251035829,47.18686835401812
69.77883658955948,45.791851135367764,92.45008431779877,95.51510016683272
32.16698838451678,190.16752422715706,134.22408150232144,133.24176024329668
123.00112076777363,39.43203426555,224.12876153258458,215.05495059619938
92.85536317481476,18.442191149207947,81.57864283859843,80.68358999737524
22.472673540561946,32.866216073193755,134.30568126871123,132.05174628361095
154.69105335049662,103.79791143647125,58.83641584010984,58.19124574396744
41.70634023153946,90.21677937446218,179.90890366351493,177.3932365543037
49.07710963373095,42.23180107281751,38.30468056837934,37.567688964942356
20.536877320446887,100.26404698864009,49.17307804124698,48.565883791784586
161.47460292683905,63.72393671652244,173.52351002900778,167.90666668136478
52.53323108201244,39.34524724580792,21.492484940652993,21.87121529503669
22.802334792919126,39.03548053981432,222.1199959258864,214.01335617450883
36.72503678282027,110.55306951915391,130.11838086733883,132.48270543256712
146.0947161246983,29.200155350744502,172.2325342786409,174.38700701386762
34.89171527343555,115.49004249671634,22.49515098634956,22.72091018386249
64.18890627583403,195.48498246955202,100.63289825710694,103.31908598102338
60.36322163782333,105.02486234802325,58.20764012024754,57.80670574358551
151.08175900774003,45.23610406485029,117.49188180489128,118.13548794910858
52.12215942391409,147.21665944326656,78.39551509811994,79.42493835718119
58.34053138431085,47.75511061814222,79.24187731496116,79.09621435091697
21.407462634738028,100.94931777008232,73.24998779013225,73.92537354263648
148.26198045348832,60.58042236725791,80.0268252872153,80.93500085070063
45.223618250522925,189.46521019304163,222.36297003952822,212.9111563250023
37.9976658050908,194.2244195031149,107.23386206460252,108.94950518844595
91.10383470715998,32.761382526458775,25.50601103995472,25.244744236424555
124.39757830020291,189.51426403718096,174.50441140570487,174.5627990074052
22.218122927712145,16.35732878281406,54.34237055812892,54.91210989963041
19.758928964876638,18.187252217668288,101.18252303662186,103.18129388128398
153.71041754970503,43.523124181216275,58.62227083904082,58.54715471733737
59.434068518740396,119.04703316919229,52.72232946630609,52.47928506400183
31.676168641112316,44.3223043694143,24.682502303001478,24.57049143523583
41.87633143802594,29.58407337306432,60.57744374913108,60.02499388910745
91.06476793010677,189.90875223261213,171.5582243272657,165.25727438231885
39.66552486333673,145.7849114481906,173.7177752567194,174.88159754868002
123.42332997035545,17.954618030133933,81.40595057347946,81.03118654230141
68.31617007281339,109.43469077003695,108.46619984564762,107.59235071833628
21.520938680191993,19.286755748743026,36.53278571031109,36.47166086837612
44.2422126638771,143.49966594170323,23.429166908933787,23.340142325910264
33.50781178700059,96.31253533543784,133.7951109323665,131.96550524407667
33.26229689036637,51.63634382763648,128.37405938473805,129.83176672542237
37.16863408680789,52.691247943321436,45.297185767405296,45.575968112416064
57.252836576329436,157.01825999162455,35.742913138240276,35.553415839158106
68.89936517075478,20.915972801488532,217.17416351504164,207.85555528603658
89.3363701971573,38.284802188759485,128.80835389107892,130.22583637446687
151.6279383102035,113.46180398472167,72.82815261001772,74.05446388931261
147.92249043205706,112.89328646606155,181.23655170737246,175.80922203807145
92.48234683688591,52.093506952612984,121.88585610096425,125.01612082859273
155.64481739904517,145.71394349809646,230.14989552108182,221.01656197352605
31.32858437075128,47.66692728625307,37.95896517983542,37.69113742011178
30.438600581308002,84.69446911664436,177.756805226522,172.55193569764873
89.24908903621898,74.48435784610305,25.10870000126475,25.07234938271248
34.50156788895605,104.28598548702404,182.653668457381,177.43637184387578
94.59961186709718,86.70248398366613,95.59990558658069,94.45575195938416
122.03332824963196,21.38697509821445,103.41245260222813,105.68286757363406
94.17054333767332,28.33381701307301,23.17847099354923,23.454675417831915
101.24476597121492,61.54821102032915,212.03524961536294,212.39644231466966
18.458753539192045,58.336908656462924,119.88807322403646,122.56715075117809
69.97005154287139,18.769637148767934,45.645770276312284,45.83497448641106
92.40816415288069,145.1747178765572,34.629240668169274,34.58961060032432
57.941116352140234,33.1356339953002,104.61103104586716,105.51988097340127
82.44399228557333,85.4562578814022,45.68974758589787,46.424462015182755
49.9292680539568,71.07335629202178,108.45341847349849,107.29509532292407
122.08975336699699,148.26960424600733,35.288221852856765,35.1726091008173
91.0136192136498,188.22766912804076,52.51570079486443,52.8805688759924
84.65349564392635,145.4040686051177,25.18489868106076,25.582502541681183
87.80413978006601,26.88141489046112,98.5616139037698,100.42074454415814
32.3181045181191,98.54236821579974,125.60913955258293,128.68331348526365
148.52662523566556,71.24223083133009,219.1942064908898,212.04714050978887
163.05196268629098,96.06861658986207,42.34976776451317,42.35763919750203
150.0405816500048,51.287059569287564,45.321429835351054,45.48813993240414
44.2350164311192,54.841110418154045,219.2728393430399,217.32070689910117
43.39398132369567,19.60149505031873,173.4154598292062,167.97976426453545
124.52998217182773,76.74012480286785,77.21456931900035,78.47663215939912
41.03829396911947,27.263177710818205,32.36624935631637,32.6416321626688
165.23556661203827,81.65027524503877,221.57418258821025,211.2044392490218
66.01037268079067,47.33645003194447,48.41350024433236,48.04286112240704
44.832209386881736,84.54061888929199,212.67083042030225,214.69853360583542
105.83952460257399,113.86580197521609,131.09203981506928,132.7212684805217
157.3333739338189,21.659750705970556,80.63125045732409,80.501685930573
44.17699998856043,147.61926730688717,105.76100640178092,106.78687038172679
154.43297605698615,151.0672566081663,54.340293392307295,54.6976271687673
120.32753138909062,22.098743349226424,126.94610571771777,124.08575080171025
36.131509919765584,46.19331662441678,54.160829665344934,54.22763608854976
122.40064903121205,113.64364877106603,74.51529667107663,74.70525329382632
44.77703706401819,43.13705041546208,77.12825585328876,77.11037963194698
19.736264539033492,43.65506237292125,55.84265586205578,55.754325994956645
46.59945605087895,32.57617751130584,35.64741865850597,35.09975590331947
157.56220720118614,31.325939906408962,38.80523983467634,38.88133425658174
72.15753906956614,85.57808667969215,43.96756904764221,45.11231101056068
86.73111055068246,32.03667514641005,48.68426381081442,48.28382683554289
71.96388555125478,183.32961536667645,99.69127401799959,101.08131866654145
32.22349199840381,118.79100498288042,38.488700093708985,38.209898319670955
100.03438202765943,45.055951036095045,24.499531175740593,24.693519533893493
78.56325812395401,110.31059175283387,171.1669372689799,167.48431520281747
61.04316062151632,42.74658485580869,99.1351705105002,100.53629758896398
131.0836582132964,34.116695174256044,212.30972315416355,208.82325968647623
69.36250085653066,190.8133365512705,24.228515641080627,24.05947914143184
72.68571390429604,113.8438110794707,76.47672876019763,77.93034214643392
61.86827960895795,59.090914099012835,47.60981501814262,47.463759556198966
157.3877890808666,145.15047609267083,229.0859990011495,220.6230957216465
123.77277224294608,113.27826471184883,175.53070294688166,170.60248615391768
164.59388054245977,46.960948111522484,24.20985356478428,23.880382093592846
30.91331773990113,146.56250339761147,25.373101139423756,25.217711350381304
152.88523238483228,95.48967150594042,206.32760595055987,208.4513252758196
20.61992652985023,90.39700568630307,74.39911582542578,74.88061804557127
67.65309296971793,110.83920853532354,52.21748100040347,52.86167254719154
38.24394524052534,63.63424043221073,49.67929337016251,49.147108725495556
88.23125141324982,44.973249720132515,77.70915897674402,78.37688222799628
21.148014725637218,143.04411657838432,38.6280030230601,37.838295471325985
116.54290665017061,195.20393661997295,25.27079819338657,24.81177224358469
36.598642230250555,20.489224112440226,24.448293427587192,24.27659125844987
161.48619232562916,107.59107321945889,181.51801804167647,175.34755875775355
103.62000226638925,80.45830331659214,21.505464417053027,21.790144628669484
36.18301891103105,145.28220968133968,106.41534382175135,108.54426607136423
38.34943298376482,70.14313862493277,173.72037271121076,168.3038984039984
26.206718925825555,30.219775057397033,71.05350913424495,71.06008679706667
123.20247728234358,187.42831405973584,44.16916672819183,44.307394467363544
48.75462594232506,75.15959804698079,23.41689477232341,23.492391894277468
158.5308205974652,94.33191859044234,23.196901342678373,22.954938208754882
34.79217141823365,20.782338669465265,35.609013883354756,35.9913566760271
19.229591406910604,59.257371753263506,222.00990649922755,215.96226092427165
40.33452189819314,113.12967273041296,127.807688879225,129.9838429030045
35.50079779722226,19.780640173312282,49.41395140449009,49.15537254426647
34.21943415731358,61.93744496516601,121.35935942568398,122.84770990752808
33.17989988420624,74.75024389424152,45.08718888576223,45.15732538364453
99.60759646352733,142.94254830306645,182.26109468136517,178.70682883022192
121.11796216158083,27.445443213785968,74.04560471560067,75.72008453690682
35.627350323146054,28.583351207811095,119.91674005780676,116.8128851405341
36.75115099316677,68.48177898711695,125.02841600253876,125.34578136481701
63.32458804407952,144.29414138263417,119.77242797778885,116.6374287968654
32.268127798437845,106.75975498396453,73.19882007688727,73.85314702146877
157.1503510065656,146.884852059206,181.31918621541737,178.50307792330466
152.7229680397559,111.10627301281485,104.3663917396654,105.5079146464067
119.8946563069386,105.13633469309826,178.74325568104842,178.7482536906267
18.237152574323652,54.3727332518773,25.035983742319175,24.66049399390514
20.61774817533359,34.45195811270537,103.02397673112839,103.39742436023556
24.011514739095563,41.2208173744622,174.7161923945469,174.04253193672804
23.702131097169293,186.50595866877885,35.82891644081498,35.57317858869331
85.20184394756181,154.19691111325594,225.32048110432112,216.08703392837003
128.22354033363908,157.28438433134835,98.66171860358406,100.74195022550785
30.528581468717796,20.95701385827702,38.695021188257,38.764606568969256
59.668728143861514,85.51926655544088,218.6497610375926,208.01759873548244
46.550833025524376,39.95305279945155,47.29299666804629,47.14425404928891
45.538309507664415,52.385710937174935,69.83703532583436,70.955901129502
22.292261226317212,85.66037947143147,95.19710212216526,96.37549909702045
45.83461568385656,20.93216438868063,68.47317500563166,70.28430868488084
32.98044581500511,59.96286598040681,34.63309865598658,34.3087190221384
103.12176795991132,36.16257137878385,53.53473267556648,54.50095295619879
72.11204848430313,118.05368380738842,110.08862302936473,108.75245847175583
89.43801748367642,63.405410553805055,124.28095815643931,125.57764719615248
95.56775347839647,41.13451014584069,71.25800117066741,71.45503330717447
50.88278480632475,30.617839609318274,218.7944931009642,207.7090196387034
50.00940954833826,86.6773767737798,130.32635755546278,131.62364405785377
27.11529246209144,45.19342994204972,98.7590903391411,100.69533511067317
49.89511541483284,151.91012731465403,58.974895489439206,58.98683270945555
36.822649964421615,193.94719817114338,94.97159013484786,96.08990613987658
34.21084827985318,194.11226999431068,221.60681266752528,220.82816314612816
154.79708482584385,192.6188475641336,160.52416252408293,163.17089835592634
30.534496165490822,151.55472842804718,21.829905127482068,21.658570061489026
21.65978933733923,106.35318445256341,124.75896488362336,122.98459858057139
47.01969848181221,31.40872613435968,167.17340857263721,167.0880138471274
126.24665524610893,118.73432295065408,59.158410599291415,59.49301650898977
18.576178612451237,48.215905241259875,79.01787141687106,80.16200321008648
156.67179908673012,23.852571882672404,60.089764536027204,59.8136633450312
63.63494145582195,36.2741073755884,217.73718255557753,223.05978379540383
22.474990394893265,59.84068784761153,38.341733886881094,37.479085579151345
31.10421842999347,53.27639558550663,49.25203631771993,49.00186603669261
27.575326176190764,108.45226322989461,57.90445684261415,58.06901967063533
89.00630685840275,29.040930378603644,229.28571180421153,220.583548984281
83.7863999275961,19.924935259196786,69.22134009153432,70.02277413229257
49.98914837351615,29.107896253971948,79.90104424386395,79.50526011121141
83.3278731077692,105.32564628115553,49.33601850753019,48.87865021755201
44.42476739907902,188.69574701865673,116.24024429165328,118.3433171476581
45.44086806039038,65.2467410047523,106.10884987924716,105.13321229309872
32.84283173142036,19.180243721097124,178.6260773347006,179.07910846571286
45.40075049407707,149.40337350452373,55.790550825391406,55.86496798092013
133.06597058184036,28.34336936129455,34.513997907141395,34.400329882176216
23.120996131313426,19.37484617338754,175.2350335954797,170.46318105189033
54.03197630801758,28.845581213075683,176.36462405876614,177.2319616281136
84.86911519957933,28.317501779483553,55.1914421319661,55.241904720001386
152.8309985252049,19.893109823641804,22.74387630592525,22.964951843652045
154.1019268786144,73.13503038513335,225.8632292883596,217.45747163160036
18.942498233721665,115.87004910258763,109.18761859952119,108.90255127212465
86.36986768596536,37.67383059590949,25.263903635062444,25.15360227132033
45.87792854161206,65.25497019361704,81.31571428557106,80.96711522529097
36.810949435560595,52.75442898379769,174.99000079330952,170.71590048588558
62.48078919508912,71.76181979398883,124.3328363099645,125.09466221607317
51.129005577070174,30.407755937305115,95.15002042531252,96.29884317178195
47.23422582696785,27.36743586730948,126.49860072676177,124.89450064865103
23.908502456838225,190.86848168480648,38.16857455845977,37.6755322754527
87.31231287590448,146.752140567835,106.83081273968017,108.44143703054178
82.03325455578144,54.81893158311662,23.45791043670402,23.351225282171452
33.031234740006,104.34152776194865,103.91127035120705,105.38407781535888
87.53235586244142,189.02654119557167,74.22887192249699,75.83444111459423
76.19009645556369,90.39786674970165,42.18823454469591,42.45180546588676
43.55430487861973,109.45271828941739,51.6660291052052,52.10590806386182
92.59348668322954,104.27844424099858,221.6892288177092,210.8789680809018
92.04369049434794,21.789156244886957,23.22298094355588,23.34444607106052
150.3937503664927,22.385227752358297,37.17093475034373,37.16193668573278
33.16446446406699,43.88732540685578,164.8063496815521,168.5465757517653
96.16161368926116,69.03506090118864,37.58557925630387,37.51554190002175
75.67228661647184,86.38474988299063,44.06634694703449,44.67710383627897
130.18094207684078,40.10519016652372,69.72492443684035,70.69529700659467
42.677608594192755,106.91827474552956,173.65280385937552,167.61959284010834
95.5517116552374,189.51496592893307,48.923984028094004,48.24875285699778
154.43102692239248,143.9727111737634,72.80622617840172,74.23341420447292
52.7359991771997,104.60239471280106,47.24018828843347,46.6769002195398
154.56013543184454,43.441835596705715,21.51568171590644,21.786153182024965
70.06834574905157,188.55209550029383,51.888666913905084,52.72625051882049
80.8072175223117,152.27356981003672,57.7195767709466,57.899494465348724
30.154234017656545,40.610823195971996,25.678036712605234,26.206521934391212
71.5524895169198,181.96371703867814,70.31093245336048,71.2587226278867
48.452863821088314,192.89981379314696,221.84733844846667,210.83745729885288
117.43394969435417,19.441376355302797,49.107273545115234,49.259304340988066
49.25627155509481,95.28668438902513,121.75336914320961,124.7777205617032
126.3005203255166,81.54039426056326,49.33982149675895,48.89879838982811
22.62211916416388,55.03067584587494,45.45777789593205,45.293962923994016
120.64863932048972,68.60190914408946,34.44919818601399,34.229298651993346
33.87540833827662,98.87085990659816,54.63844229170761,54.961736673402285
32.02965434140982,192.7578634920837,36.14562378224421,36.15497205992715
145.70064456361644,143.10413683096172,48.92215201592074,48.031576076041546
66.44627576493366,112.96059785116645,38.51107698207065,38.20122400150013
32.345173701905466,41.41141896967713,94.96049632076647,95.49179679068011
133.89609342603006,36.88979755754351,60.15885264371115,60.31016739859419
35.44193936314766,53.60998292892769,44.06510823957471,44.39024407877882
156.77704898500772,84.30910881852186,128.66151498215277,127.13233690073773
95.50851463596497,43.86495561175287,60.453865852810665,59.63448662862277
36.54704364232263,150.01766714457244,221.99344172743866,212.4487245942763
84.99865923900553,105.00645187150809,107.85019725563549,107.44188651815551
40.060591896160055,21.054094187968158,46.85426787782434,46.918227933926346
80.7839696864496,31.791251077911415,49.44909185091666,49.410497895112826
55.234872277657,20.810083072073034,131.13089902630432,133.6122983151083
56.2169007442497,34.566574873268664,35.77179674098627,35.506492488099965
74.59323022500713,88.48235423887543,22.66113199600147,22.812574526457137
30.990427738424582,67.36863831014692,51.68909830450356,52.28126874281095
98.3258493819619,90.25762515444568,105.68713582588768,107.77634635686714
51.705315488195744,38.608933502767364,180.17123275160156,178.53641110505572
63.27890004880948,54.20043753551699,23.184155491929236,23.10337744704748
30.879845677522038,74.17467908245179,108.05151056926616,107.83581575023858
22.542595254448077,191.18112137445698,51.47395333349772,52.40476270899193
17.040949718897007,86.18921983176055,180.0523795799751,175.31312402620966
90.51522075148779,64.48443295818134,60.07224483834528,60.05158772858532
68.8299053849034,62.71940457193558,219.11409022651287,209.21451118745463
44.42305076827626,108.16926124220441,215.64560717230674,216.5659223586464
56.53676146198312,47.08505071733217,119.84612682308025,122.7603091223805
81.73969285219427,18.93096048663675,25.48237240009414,25.07460603536995
23.317992728670745,153.69715352278962,32.32288521088505,33.1765203124851
84.68904975622785,71.0851764742376,73.62725157965862,74.5278110856883
91.85711770167654,150.156926500802,42.034243229665314,42.46545257988913
19.878262561584034,193.3886537316561,124.48883780833509,121.70471162698664
36.297664351451616,105.42184880110447,118.07854923410565,118.75597058836263
90.25468978639165,58.72674726096219,101.03990552791367,102.42614931973597
96.72703465671155,19.03631778377306,131.5610858743982,133.31710300843713
20.746232737986265,18.151082866320564,126.4215380246574,123.90199884389283
34.93646838595413,189.04091936841235,106.21546909225144,107.22177763255607
121.78717584770486,19.129530614260556,49.753859722049,49.12994436603502
92.76242211815392,62.13658402845756,42.02058426152275,42.341334230157216
57.31153412115536,117.8978287988955,47.307299890928604,47.70059902664
30.11002169280601,28.08389971243677,32.57968288940569,32.61346751402079
59.38256434691908,36.00269592472931,56.41226378046322,55.939786522935854
31.30859219255685,40.284521887248786,22.70867743568815,22.59373486070083
53.60286374586755,75.83051767346107,47.283243331352814,46.76911548199715
57.10227385988902,35.168249845587255,115.92009587237912,118.95766502000471
66.64153470382787,48.88261800309859,179.29054002935234,177.26524127434692
21.392424251486986,92.7185332893526,44.6783751369708,44.06254656012885
18.17188089071751,156.5792535662159,212.6278467989963,217.352172816816
98.36341013479748,19.46921332889793,122.45781092148513,123.01544380934175
27.2825609952751,35.03821120007479,23.432302579253015,23.345866765276064
39.729293229004924,28.639989511062726,56.32588125577203,56.572652828500445
27.015621350496403,21.444042023189038,25.348061010079732,25.685785224052623
44.86980950153285,190.04972027477052,32.133875916991286,33.07982847012854
165.11217219005712,58.406928460101454,54.97438739743414,55.44847329878768
45.25257101659516,31.910340475949706,181.62373585533635,176.72707872881398
150.70574790013862,80.88692145637548,38.99057001523287,38.562023141191695
67.29262893863041,29.22102488322027,123.95880734411654,125.35067103248491
153.91111412541252,151.24144542982913,48.98239140286473,48.50581043198106
31.20637980171168,21.106312978097584,80.92388166042329,80.14900029095398
38.73250178877796,41.95275494503931,129.8587297380109,132.28164921133836
151.19374630942858,195.11813187697504,211.49003118978976,208.51670360407178
86.6698480474619,84.17149334159438,130.28848809283858,132.12055649959436
30.694913977060587,193.79357003726128,182.42390059193184,177.19411361684848
125.69298496897059,114.32662439164605,79.87145884516663,79.87911052614997
29.314724763889156,63.34219835924519,24.353998888545377,24.602315293856964
45.641849945699434,31.817759406599837,22.98686987795615,22.490103396344377
45.18591790682165,69.5960205925215,212.66753505671883,212.66857158257244
19.873804583464096,37.14893694907875,77.39581281896479,77.1207198621321
92.58194860925218,76.38444971898092,80.27599518524391,80.382292629234
95.2475497745358,145.54081649023686,124.10639229446092,124.94016957360944
86.67004450254767,195.48028818266346,44.00061564400075,44.6774819237586
19.591096703024277,34.004436706845446,54.993264684692804,55.16080746798319
75.99014518352949,90.79656209988596,21.65632031206516,21.631808344859376
84.79091539934912,21.56216905507108,32.56142480231662,32.73098066854725
52.84774369041593,148.12587122895965,166.463775289417,161.84937269720132
163.6146404135267,32.69946633610705,98.32908835139,99.79623460188348
23.42395703064282,20.171720044627595,164.84483377021883,163.13689629546383
25.379113775483237,94.61056413176483,59.81983413073225,59.17152323001286
87.03776912142654,55.692136109964366,49.099466860972925,48.531144544838575
47.3084137764976,108.8003122689594,105.89756436393323,107.52978965870557
50.40797019275807,37.924743497597774,59.58060544261727,59.214607227550935
47.646193131609635,42.82864634028216,24.56429529190247,24.437660647047096
66.1596969422596,89.66273301400966,21.74144610228717,21.836105597731933
32.36398693913674,34.410348534856254,76.67613432928525,76.38832553646436
33.0665408902098,195.03223843118084,219.95745973171626,216.88431907727255
61.644613507660466,145.36077239362245,107.13638374278517,108.77383909826366
33.627388295643506,56.741642418446155,25.029475587887926,24.69168753024892
45.24327306941517,32.410364043605846,38.63914207192842,38.5432431246082
23.43636829574525,55.234510410459905,80.9806274908116,81.21101969699879
56.1614384398671,145.1957629992497,74.96715222870945,75.87680771002698
44.1201748407309,42.35232223753643,76.45032223752247,78.2641724591063
17.04856394232392,143.49612643043093,229.31714557118394,220.9499732097484
85.5077976846158,70.05806310406003,25.38270851255907,25.337568312827802
94.20885020455438,54.40566024522752,24.896562002397804,24.89348042853817
44.68328225768772,187.70626196376145,23.639745965861792,23.52152943126225
161.89087401987658,97.94102079731037,222.42982423066832,222.54532566786455
21.575256238019836,58.96540407081744,174.146897553577,168.05221297599024
84.5234696451978,144.5749035837958,54.47779158028743,54.629832224377154
132.38276604661084,107.80908004948095,42.49439472416048,42.877422509666324
36.44820400287275,145.69340029933065,175.64889259501936,177.54504455560033
123.41146556087517,47.18188938592261,46.190954503299615,45.68197719898487
88.25676041163591,27.009041498981237,99.04154451406306,100.57877380793599
161.19129246195922,104.11204187545101,32.74957504737336,32.34389915451492
69.46948367582127,188.29072861260525,180.83655802890263,177.44917367108803
44.395752244024926,187.78756490024085,106.80105046972281,108.15616640548896
164.6885538538196,28.92617064235561,181.81630592858193,179.1622346769835
152.0129568294902,149.56026414073486,41.64494663941658,42.37173032823363
96.79435844665262,148.0943987729187,99.28049027140335,100.37700241686211
24.300555767875608,63.53719034190576,59.31856756227508,59.23704294798065
160.92269790570225,36.214365165471314,47.746983714604355,47.29527098660981
22.741340132426153,41.55404512756709,81.26356408986364,81.33009169360263
136.17766146711017,36.86663562135064,76.11399520685549,75.55457471576003
39.375199592033674,184.51402111667971,172.459017628377,165.25403372458777
33.6002558209367,68.86420325796145,109.3754164810733,109.39657484727871
34.78513172489899,46.48832627398199,44.64444552062919,44.248042359323065
40.33303654200451,104.70563802080702,38.58299885926407,37.96483995224477
46.07514800901457,31.993163196738013,44.704784982549086,45.17166782763791
54.650224046819936,155.036578760783,51.48047613731977,52.250139510238576
159.03389058833952,51.047847423281056,75.71208276411004,76.38584211139451
43.74549936244788,186.90450860817745,222.09036808679343,210.84938452597055
39.1485636209073,41.9880666619337,210.17150398513127,208.70106592394865
71.06184986600864,26.431080821822338,23.162719165572486,22.901857337150176
130.4155352796605,191.70642658683258,219.9075210785577,212.91020320870416
101.9177453040873,150.00104153466262,73.40834054369742,74.1009881320472
165.7030713676342,47.0810621646688,47.394989725591785,47.38331899641339
45.939299702383636,108.68312573251697,159.5541081565342,163.15651769942048
22.06851347051186,44.9354739679276,69.51660166254985,70.53109983871865
161.84550530973104,18.62525771094596,49.225279290973475,49.02987100034577
152.2569841828332,47.395788014439034,47.629965847717344,47.238299392509795
44.901089919878544,95.4045587676878,37.04260852771609,36.46835436172998
75.88643579894978,76.21289171239128,44.515231342218435,43.88839125728254
119.9059743059005,29.871841921912814,177.4594090014524,177.0852981884831
88.38905642302181,107.44426852239201,58.07882908830794,57.83978199338744
97.60252358655809,114.25493110415817,53.98960616506071,54.2000305933021
31.461340393576997,42.75886319751172,117.7516966688589,119.14842640196179
33.814152196964265,57.228110690316804,23.802246565091647,23.70244073660398
66.22725348655206,72.79265426726644,49.72309660571186,49.3318744158054
45.77775759609085,105.29904705354284,102.87977285034805,102.13772945988832
154.64676765110528,71.44095558817793,178.25257522056282,172.57753488167924
160.0827961770566,82.78936065511616,23.310107608955477,23.19725771199849
86.9618335679366,152.09868901203913,176.08980317190094,173.9408173188339
55.14181220758701,42.201167314533805,212.767564906708,217.118836802972
160.88239655104329,108.35930397947742,25.43941930050687,25.464754468814682
150.69245667009423,151.7449210950133,103.80308618725185,105.77967225179489
168.8622291030183,59.35876730201183,134.08043222701517,132.28204431695326
20.214555599589172,46.413395005708644,76.64865489666518,76.63413771254875
18.2612317802802,25.846875583825863,24.18672265294811,24.391918691299903
26.475854895917298,50.47200060009633,230.53450054429533,223.027409279514
39.34731987267106,49.06826963815373,36.99428516692744,36.49768329517294
20.400566108872844,60.802571367390584,37.830676904322665,37.81120580106543
35.29797938457814,28.060648466119233,118.88656475699977,118.54514859922332
41.758776018680024,37.17822534568888,59.119848639630206,59.051040650816844
96.40412966201852,78.62264000815614,170.27457061865175,174.06160183796374
61.55513677994545,115.58879469595843,180.57715711331463,175.79089600140657
131.9963295270708,106.6892420391634,166.9834396764536,170.38093944167645
134.34566358140702,185.63374319253958,49.14387358108108,49.29483886420384
64.48819909525461,53.47259847224086,129.56548092682146,131.57903631415599
121.26866176301296,107.38757355281435,76.46644527897749,75.8830287483744
40.360698074408305,103.08166059881178,129.39699677862797,131.92455851832662
17.478416440371316,188.93390678241693,42.60233043949801,44.67467833968959
41.47190985655654,48.08038124946288,215.51927745507737,214.99745617396167
123.64426236339519,86.25296290702943,99.2136731423311,100.74954049110389
34.8700274382957,151.72600786939023,23.351691955672553,23.29274767353287
22.533738267495202,35.271411062746544,105.51572204038658,104.84057247933086
38.83786035962083,60.39070134343456,222.34687270334143,213.70702544178732
25.578335257576484,82.4617373812654,210.0241753179933,208.4266021918852
99.09035204413158,38.222846954927654,59.50327179351328,59.2853094013962
36.831002389027844,64.49834456140637,228.91697335117345,221.77490742807146
45.918582164844594,39.406848862974705,122.16761472914601,123.54444684089279
162.84661324093585,186.61627450041127,93.83790475164304,95.5377385077067
132.688401727612,68.92625052707535,54.00714405596369,54.48921089811143
155.00012119317466,28.175078637050902,96.5909447106379,94.6747010386687
69.44146422196059,66.01997594315799,45.80298159953004,46.09138548026335
73.68826190996728,64.98186859090082,103.84649139123451,105.66530643464259
37.076455588613506,28.34481158699733,227.73014065207144,218.58191854706072
43.50770536256063,188.48138224415877,38.2156516521701,37.83151906387947
155.06966765536492,62.98708820269597,22.59168809247183,22.488046513575654
58.89415822041645,83.29089584282721,59.101584205747365,58.7071356703317
89.41244383333682,42.25499073974103,76.07385209136072,77.46093938764405
42.63810478641506,43.27600924670241,36.881681999733644,36.444714150035836
31.822512176792905,65.69602404679108,36.935931824247575,36.92974713970506
29.084815667410457,17.774778179713064,171.48871736391004,174.70510997783708
165.5264479942805,20.424215979030222,51.171650772383394,52.512272433310805
17.97250084914274,34.10001367377119,23.460560810492247,23.358911917754217
21.09087123585803,116.11075996965164,81.3047698947585,80.8747107890386
42.67695268278825,144.93868502584706,22.62895581706497,22.96875129663191
95.58808390914092,36.371264535093765,181.42651770766633,178.69411671916666
70.80053590143503,113.23521615227337,34.17361976058389,33.88920605696467
21.52502466875326,20.047363511283585,131.87563001444408,133.66767345418927
133.42227143592353,40.24957827764462,102.91306100147881,102.17797820966672
31.68374730241919,152.04614155440171,22.82428671251714,22.539084973269095
36.453260386766644,189.81397914416792,221.68548243967103,213.9826343351617
119.27635326764268,82.61438344022646,171.25829491557045,167.23242580428305
44.05605996769435,28.914126687649212,35.0339292954245,35.01058679068972
53.61838270681008,194.2095959687006,25.372748745664897,25.083470642250564
55.643680819297295,68.29262011706118,54.087973080342046,54.73574167680082
58.845676035376805,17.838469639995797,212.01765075832236,214.43394623947273
164.7991582921123,18.547539923869884,21.499888978660078,21.502872306218528
81.51374751204965,147.15133765060995,125.74806345090096,128.11487532408006
73.5516996893208,106.1269824348085,23.647953298531206,23.564125481466082
104.27069367313058,107.60031055366044,215.73410912502578,214.54028003792115
41.622354864520254,32.029241829821615,103.35888332615676,102.58541731710463
46.30716980319573,196.57623664546466,165.3049407474196,167.0759970939347
59.875933672934515,18.065246674264177,224.95923593101978,215.681682716254
60.76250109422399,28.608666547143667,98.21152899659822,100.18778741804726
49.18551546190588,45.50631521904153,169.52843053136996,161.784226882974
76.47458608555401,29.598860528393907,42.24459301005699,42.87583482978496
94.32288062864652,23.669973275842878,38.737545973103664,38.48914916859859
75.17204405561147,28.45560660472814,24.181750803374673,24.22360054738742
22.33744687551932,189.70794926133286,132.42895499959502,131.37457806198384
88.39700871805809,51.15037847885324,25.045084797533764,25.375829865657636
71.50948645705128,20.775367379944264,55.716045222359476,55.92409860777401
33.28548884714714,83.836433140708,131.83326053323808,133.59008274585534
57.23324411065093,30.483294098873788,175.1846261710171,178.92709995219036
134.27569318444586,84.22668192498982,25.130203417036935,24.83488542825911
158.5054622890753,20.29324407769006,41.95851319133465,42.492552209228634
132.71760607487874,88.19367423426306,103.93405155921623,105.53444137551222
42.428279127448675,74.01814025489948,77.53351859878038,77.18372724490337
19.800963227569156,32.7084021561044,104.21041419468241,105.63453373440387
27.167824204001846,62.5840545440443,59.14900920814729,59.14234930231366
87.87515732878391,104.46011923206345,100.75608760332946,101.8911039556084
21.86357771796256,192.690127406056,181.99513616737482,176.79788441730813
38.8775402951217,90.50248883809564,223.9655470112336,214.91547499641302
133.2258074686288,101.49421892423837,57.55062114588951,58.46299409485745
20.322942708928796,43.420600188383325,54.795630937831135,54.773596657616835
62.35043241332106,95.21382174715936,213.94886301521444,212.28417163873223
30.66583813576455,106.76426382587468,45.583056966109986,45.855752634814564
130.39812831124422,87.06263684816963,225.09346610928952,217.65544164387234
21.022991053255378,39.69834438069777,34.27075314111592,34.19520273093518
89.81896389637606,49.69074367277151,35.66037455045512,35.19636567155496
84.36707024967284,146.34722751968442,59.74721281607825,59.717740383649286
97.8775335547218,148.15574972990387,34.373793350837225,34.83952912969987
82.18387453939525,192.81358066027016,24.737049661768523,25.67820993171517
98.31054215242872,71.45694007513174,130.09510505063997,132.13440756273928
36.158411290593804,86.31128404231647,32.76994553025672,32.4966774562824
56.83287950498457,19.246784937394985,74.70108066997881,73.72627097965042
72.03601714002868,30.518189779468777,34.41502325293709,34.592370750056865
50.085972392648976,33.41658093006094,38.45807551575912,38.625752420753145
21.900532920620325,111.32418368327555,181.03967985458266,177.61258366684274
18.069067479576237,156.64628011812928,109.75062272808971,109.00489226206656
19.49788842236789,104.83128829114507,35.89972828400285,35.753931215974816
34.926880013930244,145.43400664371012,80.24649656296111,80.29328823949969
31.580548074692565,79.57613224656332,69.17450426561952,70.04406004828076
68.36557304039346,188.43070765712997,47.57309950036684,47.38147329898235
35.227628985690814,53.8826994190054,42.413132727532776,41.99274417555785
102.24124713337142,21.015278988157704,103.34537286256726,102.26809843279457
77.18435646103117,66.48441167719292,227.79356832878045,218.8312224663497
48.4656304796804,29.902251116856455,103.2533200323652,101.72017626601952
40.72791798550633,193.10588756594365,120.28418911982826,116.93297601424761
20.81715247069911,142.62123807691165,42.31830870052327,43.05220078135274
100.23825094770848,186.5252614922779,103.01028403489146,105.06924939336315
101.43443756438245,36.245863317308455,131.91669684660116,133.08981144282833
32.640990158937505,57.2107903134399,36.94138879272528,36.27998716240742
96.45060927308158,19.681367882156536,23.312777097460508,23.292166763099576
25.929772495540778,72.40126315732178,35.56664156500537,35.679327032324714
162.21822881440136,52.093191706852316,116.6370563769573,118.98772821743788
91.75596609600072,28.645263435246953,53.70040021692375,55.18493527747647
68.39049709309691,149.39032852795376,103.6620711387983,105.36171911657851
22.02303365703667,150.2359256906489,120.37507966155543,118.34734438648401
20.212650732948685,56.05332295997828,35.6199161148069,35.4825828304883
28.081539742761183,50.083833240414215,219.16977488152196,222.68156886821032
35.52737687254314,150.4970495573111,57.301783603857814,56.89980521847008
34.835545356130204,41.85536909887621,25.079362630358496,24.688309236795877
76.76597576465143,42.105615480323074,41.456073388600764,42.59280274055044
157.91475259574514,54.928492613544805,170.20402644844052,170.48978646159873
75.29249042152206,65.37410152608534,134.8787632046865,133.54287098071055
46.37795783277951,102.92605087115108,168.9806529205453,161.78473755246233
40.73295572123846,102.96926339302826,215.84936871747345,208.97418195393624
94.0696340021885,51.69622986171623,54.26954730897655,55.13733221505877
33.48143020757847,30.90329988001223,179.23659839451335,179.12762308102515
51.15427117116175,44.08865109904973,133.26376975445723,132.49884182103585
69.43492205374255,84.16949134044339,108.55051921493126,108.31286751597162
37.76084314304192,112.30865704029515,176.3804499976418,179.12722607317804
17.20679468857765,20.83456046331398,76.9798701271115,77.61566511180192
97.29875386410576,112.09166948482387,124.44356789694861,122.6294490104375
163.17956466060872,149.2742689149128,79.50146164917946,79.36035954342631
88.8484944162595,20.126839170969486,119.36190498492905,121.34727034283995
79.53508935934966,27.828889701789382,48.94162533060842,48.69788082227806
155.90502730619846,196.07062741741967,129.19163874278144,127.37650887392567
135.1159276974199,146.67619444247845,172.2238613657432,167.01705847380572
45.181329816478865,194.0741565521091,56.093608126973244,56.378321394895735
135.9020159233759,192.48749364011323,58.37299811593556,58.18165873406788
22.518343376838462,192.7716489776013,44.067167816599415,44.33896332064551
159.44944037291248,20.79973541811522,24.696729762290996,25.240800043745658
54.329203259786645,76.04253703504192,21.436730655277916,21.595357670947344
41.78078896356849,21.112989875578744,21.382328457529336,21.573706644626665
88.57209007098159,55.976704695436155,34.20791133439443,34.38246762345513
37.20701856371891,54.410717828190464,36.69835243628519,36.46750572367452
45.306148424325215,20.560972334532625,160.5151539129225,163.1768223133023
41.93631272851084,79.51815306784525,220.83439566919404,220.70668420876996
130.82294237527705,100.1742500970882,164.87936163147606,163.1751426961643
161.01456691962142,34.020645674904344,104.2016530391617,105.58184445701622
125.74440623231828,105.11047616009492,80.29322412024806,79.2873785196051
54.79718906928714,143.00739900071244,25.649161349064027,25.555866276760746
35.80896836909684,88.17705454386812,228.064470461077,218.89284476559058
20.282666675664743,47.63150627350605,202.4147706635241,207.62835176511408
27.79410679496843,18.436980097638354,24.071954226871124,24.171526643349093
21.77956906739229,142.76092732900034,79.55937821309107,79.20063991347254
31.019515100116376,48.16381056913793,32.76768669401371,32.764196513428324
101.48256311917746,19.48912120491683,132.40773986207967,133.00008028244557
23.175770204496498,37.63250194177887,33.98681778021727,33.99916910873108
80.46710447213653,31.435927762727726,38.085590981073665,37.61916862885774
19.422764793821635,154.1209601880648,70.0359001978212,70.85060171584442
44.333188836503375,102.7332423988342,32.45266482604426,31.949203497100406
157.49846867970697,52.350245557761355,133.92348415067488,133.00690429443898
26.577976679696036,143.66716186957723,45.96244106957032,45.69835380686364
42.160552473114635,44.62810079474329,213.8053838705572,212.10443301791594
57.6201901293349,35.03824443978196,76.73587345392826,77.81029626002079
70.05719831623074,145.01831072198738,182.21254733332904,176.92028969721815
82.35132324495738,113.75969299717067,174.77578113283022,168.28136878507507
35.654436463161446,74.53234529906605,221.44367992709675,214.70074477255974
164.5003064130848,46.189536957595315,128.61144907110145,128.1867556500078
92.33631222266892,20.541192049892455,37.00292652455371,36.580621840588265
45.38860300988744,32.597741646092096,22.838018092756304,22.955953637312696
52.53676946767432,188.49916403650846,71.93948414099894,71.06829731919343
166.3228869980804,42.935077813558266,59.992283137304774,60.174369333259605
62.153504272823525,111.53109789152734,80.85115591956884,80.25722651188826
67.09488791120977,44.83575941802863,163.21683076915,167.3032470271114
33.61922857236667,112.07538403806377,45.94649309149069,45.806370889341366
83.92622817446674,68.68931465507809,181.9899360999156,177.07645298259575
102.17950284439512,145.29458506158517,105.15915463707644,107.74818560246912
22.518369103784973,151.203752387754,32.622145464401484,32.720617402994925
79.32694445973948,19.446512187994177,229.06167800779272,221.18477914559304
24.006415430366832,47.73135695515203,103.74035208210523,105.2985485713596
94.74456086200266,49.19939113372093,129.899689203579,128.56814534463018
22.795551892920138,41.876048487038446,105.70378768013455,105.07459251145787
165.96614335530742,153.01199463194632,106.2123042908785,107.485666556025
86.42043876402826,37.689248141304596,34.48897935628871,33.7593852191179
20.27151216725658,114.47403327003154,35.40737791786612,35.7300248365183
54.371946737064874,74.15231704252659,25.460179562384155,25.81849482693256
127.41965084302628,29.384779797682153,177.4204711662963,177.47377670550833
120.30862024244577,151.49883744445208,76.71581044458574,78.00809438254022
42.990576650242055,143.85834058927173,173.66196959427782,167.968815215193
41.664030647764626,17.878023455227137,60.19513392867813,60.45408839015246
135.82702921302712,67.54605981941286,108.7609070565952,108.7748683180307
52.833641808186876,86.23258804291495,49.42697476402652,48.787346579274384
132.64766688522954,152.35702624943082,23.51879693845688,23.221958625318113
155.83536885036975,59.8981333040827,129.88467276221803,132.06832365420797
53.10980776978582,146.97174976847734,22.739727161423946,22.766467634428118
40.855799875933215,187.6672122712499,106.23291649174816,105.72262074112813
35.79472560872172,19.957117609078644,133.06604110629632,131.23037891677592
102.85785728463117,62.81583267217986,22.48790570208293,22.784851716180267
22.511020270054736,192.25920659604785,175.60170928293957,170.75767253217623
45.88583198458898,35.180280702230554,49.63895481391697,48.98156934443084
21.33008361197032,41.679265361870115,121.41424802696034,122.5469125866612
127.22944205192182,186.73775055197862,182.21760946759719,177.11682403472213
23.160959295989233,191.95910016982654,60.08828718223863,59.73293015042792
82.50992030906768,87.2425170499294,34.87428427253964,34.425511701842424
132.01032095136728,91.96000016675607,35.18501855026277,35.824973586929325
18.797394746446205,84.51271051722021,100.74050177917472,103.17125559732554
31.267852882364974,185.41231249733966,35.2935609439961,35.17426484046828
65.87311103082772,38.6364163535351,80.11829162496345,79.32793893946379
18.606842590872546,45.33653273731718,34.69542254355377,34.35575931799428
47.04217311854934,41.113165709097345,23.755940670309588,23.470127117527895
99.62860859951704,36.9069081101325,93.43536690836206,95.10968602356337
34.52867323343598,84.02862013657393,96.45341510922152,94.1193022330226
20.26659372205328,82.80082710992963,55.83402548932075,56.30220808458273
69.6185184266581,18.96617209986256,49.67981027761032,49.742016285687875
125.62092546420966,150.8357179136607,55.09489257401583,55.35019911335338
18.060801905633884,194.80255594089743,57.31053013318683,57.12173255484833
157.83252365323236,105.30118941752959,56.838666081006885,57.276475185921576
61.32519344692149,18.48365306301222,54.69037200874868,54.39168169367923
164.4555356714528,147.8413933380753,174.27080440207686,176.38300895261665
165.399760062298,144.85951672284028,172.6664841861299,174.81330548491178
85.79744955160807,190.4743099511014,214.07429435356823,215.19997711462196
41.840446243826335,19.918770160474697,78.9741671925375,79.69769720632169
123.44444090622257,67.32496421133703,34.47733667356923,34.54885362724103
33.9240539639235,109.91629097014318,23.502537473413398,23.457032466938767
33.9592995970853,29.015761631101853,102.67744189842237,105.5596737893193
57.186260237149696,145.5413321051866,47.02338477831041,46.9691323729984
166.14836577657508,101.70339244080586,168.59190324945297,167.48720114521558
166.9861721818312,73.12276396628029,49.176851997846846,49.437153664055636
20.82042767515645,42.38458691492842,54.14998731092452,54.66485173294741
101.70790545435138,38.17896524215466,34.40320967580475,34.334638838322064
133.92427461969848,153.13779063331984,229.81928210953305,221.3628791330828
124.4659300797525,19.80917113351318,74.3987062758599,75.06103180464864
33.67195230881196,104.78538959188128,21.6995880353074,21.70728240336293
171.62196674290905,106.89078737175531,25.0392062878465,25.213903480583163
42.7453175160868,190.55348934642885,75.25080730129791,75.10745004871963
30.00948108064208,189.93750866878278,175.50545397751873,177.50525770389527
70.69421072746059,146.7834939685841,221.24516784325033,214.90383602396977
129.74430539743003,27.86193839936747,45.8889380072767,46.22359493598512
157.02160825773345,189.89124205771589,77.8894904690761,77.61770293772383
36.59318277011929,152.5569250407016,177.7581370930259,178.83701406721795
37.57093617861925,189.83173309037892,52.402039481961594,52.78857680129047
27.965022078121507,55.113674226375466,38.023796883824396,37.27407376904874
42.09464163026169,83.27150828734597,71.54471083950851,71.46124905016664
120.16775974922703,51.079442090888996,172.8362353606681,170.55864557088302
71.87772112679583,70.17236738810479,176.89904628931328,174.6201578391608
45.70714244203897,67.96364908920485,105.69950496117484,105.0867086899353
90.95102828561737,188.92837613636186,228.85825703276905,221.4153431844026
58.96968907390953,105.6416349545436,44.45168605535545,44.81272221821712
23.134888305603592,30.842184717904942,48.24715801831959,48.701150828793594
20.04520414271986,19.133546414103588,59.95445162026468,59.38507029529675
51.044920462394124,64.71761830478245,80.05404142333137,79.7470627905073
72.61954618768252,182.90506398617794,56.71501131926441,56.838126480803886
95.99082760036413,21.521275163461276,74.32032849756192,75.49947241383934
31.087881929917806,101.61565190196544,45.506946374711596,45.3819967946019
102.57753773892482,44.457479287509955,124.46385187224331,122.63472650336941
39.08301688589337,80.62249579654126,23.7101904600307,23.816630166611223
53.64806707420659,192.99783018629677,81.24940879475062,80.70972390722035
160.60389769814776,146.9625950867676,226.6399849341497,221.18380787626958
37.87967788435401,95.66645237927139,93.12019183155509,95.25125291799435
94.49100766848443,37.428638828462326,174.32276466442917,168.3371694836244
17.554928327526788,59.05389856649269,59.041806763811906,58.988238270683304
83.98606721769754,89.02504028750998,48.06982670696313,48.24812230011009
17.432778071454322,59.573271959303845,126.93196256413736,124.76623948440147
18.978606241599362,89.69758914345351,77.50678204248266,77.19651555727333
78.17112503051253,104.57764251802887,178.70503760520697,177.0105208994808
128.3956880935512,43.38335895295966,219.77553740298333,212.94715583684854
161.24339111637363,90.52911846781834,126.18941411620935,128.66948291600917
73.62653315679283,63.11900105349035,59.83697003323534,59.40989803892949
167.45312287133038,110.7019008533918,49.35165819827078,48.58243303693763
50.78425328999998,190.6206962831931,174.46011025047625,168.1396660187266
46.825197357312504,66.23540763271083,57.091528301793666,57.91733885655256
42.876508932800625,41.52509554204949,174.93804132091105,168.91187416306047
72.50894334971696,195.78993251519515,59.685520236343805,59.93001291684779
30.212215541473284,73.42848437442022,73.63625676577736,74.59172903940564
163.92916636375998,29.99150124348661,118.65174836102057,118.44316254908021
22.294383515345483,68.20209783060498,121.11803548325673,116.77294779942439
165.323836613189,44.94432026604311,55.20746002605258,54.64664046777074
136.81048262808957,30.549124591176394,182.38905316954276,177.5650638127492
67.38687418392344,45.786045691638094,48.767650418183614,47.92543609682407
99.19524271172104,71.48890373197742,171.7721207361004,167.50666886841668
158.9328763969245,143.61683932379154,34.423647512267195,33.999843068701445
95.91303797223222,106.98887976822591,35.529835198775395,35.36726608261327
33.624754077710264,53.21631184636427,175.1574496521463,174.29274424741348
53.89264918194616,65.67572969860404,24.251923505048726,23.869166891271846
132.91866141674492,74.7383543041939,226.76065070274592,220.72324659277234
85.54943202781489,18.70678901525948,22.60361948601062,22.49427628040503
33.33319861320932,19.32496843769769,76.05114471802466,75.83215012146513
45.103646757273175,155.14452111422156,130.58283544116426,132.25425006230512
73.05607680312256,43.48883134086858,58.730605076968146,58.65960439148619
165.40104231907677,67.29905917585253,37.975065167663324,37.64803192483766
157.7699336175693,85.81887669969278,121.53492730093964,123.61376955020123
35.607970301072505,81.40664431641258,106.95848641468838,108.25910550224476
24.362332066902685,20.14628891187011,69.1503453454458,70.31282500281173
49.627403852832906,195.22594848168694,222.8316095691675,213.65780993397982
77.97861841565387,63.87313035008538,107.78345091832108,108.69590071323594
33.70477971895108,94.71231587518913,220.30571720793824,211.29418425444155
97.73167324680418,44.53700508039827,226.26058989743808,217.32678438938694
81.06924549355881,39.62291979418469,32.083796116443175,32.747167004590445
84.2995865393199,84.32376717905956,25.044774813056282,25.29660014817368
21.104055463706466,61.38767400082026,180.57829677322323,177.60815031128715
76.65089108226908,80.35607952499556,107.67314295332459,108.55018472697515
23.358389775625934,97.04868229931753,21.6403752947839,21.472435648626444
24.938394420238698,153.31649536182547,215.61375550400746,213.5832818543259
70.37793398369783,21.03917231612016,24.320581185100902,24.375988343295084
104.39616007012759,28.877104413951475,60.183716152584395,59.78586220703431
45.296849437148495,85.02467440711314,44.69993702765822,44.44774561887929
129.7337987917888,183.63659300019214,174.85563392421105,170.31490497165692
95.2763102428782,20.466928925482236,79.70238307962619,79.54078307051576
29.580404806286047,189.44071234199018,211.90742593134735,211.92582882381697
26.47308514998587,86.08798179462228,171.45710612331737,174.24876596994667
87.82051893783506,38.091228041838484,51.529501018467265,52.32060719458427
94.64295035093988,86.9890496913252,70.05960503872423,70.86845932861114
35.88938762878162,87.74277939934655,25.04242994624434,24.931686061983427
45.33738698132124,43.11944968740224,38.11154189149259,37.826105190577536
66.11879400143788,74.5414109186408,101.72265260380645,103.37381503207989
70.17419473072627,84.25173637785679,70.07021020383934,70.76883207463104
131.9557031649024,20.83123708373581,126.97942294032273,125.18324855591315
45.180513542741345,84.17972821055562,171.85345512299526,167.24774101820205
33.64660132056996,110.49155453326193,35.44379578677337,35.21637899585573
63.192664833703546,44.271694350217025,213.6189750281466,214.78566062953496
91.82173947542077,149.95604696702168,32.39380850412219,32.326542107208546
19.686569988348115,38.77186330793279,71.68908937810052,71.20089501255364
98.17705424679498,71.9502690762453,24.530555768241427,24.680840296429906
30.13366535646064,33.93893113656007,34.38182583274694,33.91592189611413
57.91176370180125,45.63132332366802,49.63685986782626,49.172138532113564
23.24698450196678,192.28256918917242,116.37193997946113,118.34960675893586
25.619315482227123,153.96115154261614,53.05950556496393,53.020289417082964
76.01103856446522,48.01877780158209,37.010297918100875,36.906377629462305
45.166751812168265,147.44891534632825,129.46211380687572,131.65555067677442
102.19079487218687,107.08417757778832,44.649191872545295,44.34379816159367
43.75576307411615,192.13031677071862,214.10507806431377,212.2638742743507
65.40403162950574,49.40204987133553,59.70564912247504,59.85458607794155
100.64974095215733,21.531379577586957,177.5920421775666,174.40485830449657
22.23517148745993,89.7590157768904,73.32288638316749,74.2423136007223
17.990452551481017,142.06876998590096,25.34909645765479,26.051734517123787
23.398182869100083,154.565065200519,220.01350777133712,212.65626229696875
23.194636824037552,55.05002031225801,25.323328743234327,25.406788162840165
55.52138476538177,48.945050437426964,107.76275279173981,108.93324969352503
127.42159223806576,149.88782452752838,34.279807889092766,34.421241695496064
88.33241154707247,194.81437821613883,44.31800872206111,44.86660701486093
101.69357644653809,27.918736528225242,25.43695436536705,25.16644771985642
95.28924953291228,22.587751053627954,105.30443509313659,104.78215488209534
22.433545177043623,17.958913696035815,49.07485633413268,48.830635997684624
72.98258754823054,33.77160439652068,25.11405759100375,24.551674482350855
46.81168441669284,54.655373256617075,24.216384512555567,24.187966092577064
31.732749932343868,17.46481308294848,177.65312665804393,173.99164910618106
135.71936338349192,190.1710407096104,24.095560451345175,23.845969333186364
99.32233104484045,19.65116908712471,73.44635881601306,73.91093037054472
90.05210074525992,95.12391194483544,225.05512458880023,215.4950574374944
33.349019904254064,21.103891565980568,46.88138222339639,46.879364582017246
164.0474012128482,20.240105585160908,24.766897765589363,25.13758049873605
44.891120410480475,33.441031339891914,229.5563799444538,220.9517374736933
72.3326807427458,71.12876515658218,48.56303627962342,47.882758988343014
44.87890734912433,28.63484820762265,38.31804123685393,38.22406854574371
157.55019401425588,21.648318876390658,56.22584137402828,56.28612292003424
21.444211671454187,192.09857281592346,129.0092092336249,126.84739586099504
98.39490991782347,59.25159197162804,24.34191609702083,24.463388426194285
124.022605509232,153.5293222456444,25.351077384427015,25.258442857167836
81.94789555712208,49.80476266646068,80.01710231222071,80.5104452401026
18.637636075603158,102.82913311319835,222.71138505193272,213.93657061235635
31.119871144231293,32.45998730284458,205.48379751023677,209.2494385697501
45.06602900645085,192.59540790506938,99.08424067112728,101.07684416614917
82.42215938840413,43.93345137158359,128.86894985280148,127.60988405785892
35.632698309849694,85.01161994255963,22.877792774910368,22.864871295568335
128.01908458092623,89.89442960859223,79.10458400768628,79.92874794992818
160.4878101551585,151.622949154587,124.70746214579695,125.91141155597165
29.411411620105344,105.82425119714084,69.25873887390338,70.23240566250988
82.57130037724896,38.033805915619595,226.4585386365472,216.9832507035104
26.602907394970057,51.59319503952025,222.2311461890858,223.07281582198777
81.51364865875514,113.69146702676301,25.271450500828006,25.445559827597663
42.709225875940305,71.53230036182649,225.12092682998824,215.46853509600427
20.74022067797097,141.07729467674207,21.58927350336351,21.855383721641424
61.20741226407035,21.551715114258094,25.08409598705785,24.92920886990248
83.4105949001295,45.405758521665575,100.64949654322149,99.21068632886285
43.0217559833204,145.18806760373857,36.62750881000495,36.30479305134739
157.331988456928,188.67491645598025,73.22142182799283,74.19825074056227
27.43659626415054,71.24121256753912,53.685365000005135,54.492272105241454
61.368551131071214,34.934671123540554,95.97988362488297,96.62279030561987
124.5298000189514,21.16118539205259,225.4370308163117,215.83566667801722
78.16916837219009,80.9579228084987,218.29668776450757,207.55982995507043
101.91592638595162,54.94042581832779,126.56253393597868,123.92105870629568
163.33238923210976,80.47444068992266,131.5118624979778,133.59650898769246
100.57876488801723,111.30168959850943,100.28583223302319,100.92096936119484
33.9293210304554,145.85004744664386,173.10110027049166,167.94219854387273
122.00059474519153,20.232810764141455,55.154973272298214,56.00686617833897
97.75258987449672,43.73177788832525,80.47060212643389,81.02631957309491
30.377576610137023,47.64436584686295,37.130516214367816,36.94835772102877
74.29001938914168,41.06169703428666,162.6005874253342,163.0009271489325
159.69179296678524,50.98881041496095,105.51940363941475,107.68894557346454
44.50505644648189,46.07544071759902,100.32723877989963,98.80864984229792
46.263394023165326,44.00478369447688,77.54053648080453,78.13922626060864
78.6005149760504,109.28292838829202,76.53862324707335,77.97171870085853
163.17505385285523,27.627290186878646,49.83482152114657,49.348453453001646
43.672429265964475,105.07934670946918,41.75339233161418,42.5424904315368
93.70301711330531,111.93075562018183,24.210312374517656,24.23543595420346
37.65202059874652,61.46089053788284,93.4682923461941,95.16809925572703
78.77739897427591,113.19083769981735,32.26954767485306,32.33834220034654
42.6916105002311,45.8814068541041,25.472436542850694,25.62678060619414
59.72637663165359,90.13846808988721,38.548077050464826,38.26879634307478
160.08386497297,62.99395620043114,168.57080236665865,162.53851639944975
26.560580798390472,55.62619944410276,38.106125666348674,37.597572071723285
36.12118854627491,29.710019400380684,32.14766496209498,32.083703238160666
106.98351296774709,19.464093009301937,76.29035941554855,78.26386474173523
28.796491288811925,110.3420847417937,35.51393899158717,34.94289740730461
70.75546103045946,93.127446728384,38.82290915290729,38.326700809680844
30.429145128656266,53.446049348352375,46.26125278992867,45.90761472118055
159.01340908746707,22.103755929859044,21.707227262277968,21.82940346653335
132.97821821674054,189.7000530201047,221.76520621190255,210.89140478553102
33.64623142416509,50.451783742545985,106.02903837034552,107.27597406587944
76.48763638747081,36.18195417164664,77.90706984381461,77.93564736161758
68.12306239204182,104.37580877921515,220.0386878044152,211.50468022272614
41.93543190408478,51.377479249645724,51.61776690147249,52.38521377684667
97.72273657498236,189.5844089698801,59.42241780177157,58.812540583170616
19.12291608826792,91.63894453593558,48.937672730110876,47.94477917728544
94.27351322345032,149.01758849883944,173.49674337536862,168.37734467238926
129.69425611075417,51.543638218793916,53.70484597802936,54.27247571594606
168.28755014858723,60.62584972551334,229.18755545874805,221.99198428429943
134.4362370187324,37.37838022921022,170.52118471989726,170.43050379472356
18.792760190760784,197.24827658706388,59.85194820060225,59.91782833001849
158.83633045275184,30.400289100904455,179.70475096664535,177.19214827414822
41.589455634442395,55.860685332134516,105.76347168647709,107.67241197095511
46.38339006771847,71.93748134069149,174.76163787483736,168.40398591090883
136.39561730509647,63.380161173958,21.63405991700243,21.275511969902503
158.14015335224158,107.21933428181606,218.04221190110385,207.5222373118995
28.765722770071516,64.5437738881215,73.1296822301257,74.14729466449674
160.91286809189066,105.81570470754303,171.4968557841779,167.57624508539888
27.490064793707667,101.12682479569584,225.01485548862377,215.88616981559437
132.7348419977238,30.641065350632978,60.00918857583626,59.690642297383235
96.87904607745465,114.19887201949238,230.3680149037587,221.5051010533631
42.241064914430694,30.311581854970527,24.754984265318374,24.739662287158435
72.42481191175142,19.84415693749166,49.46815119540656,48.84044895832767
49.07631804563076,149.72339840159245,108.52369363841069,107.33603965629925
26.457520997484934,36.947956368580094,46.99460349558085,46.826457288658986
42.822430353350484,55.62505792106448,76.97738782339455,77.32939154291937
29.971868643909254,39.02280434906466,36.80142975410269,36.326520692904964
86.65705700961217,41.97411231795007,32.92433297932165,32.486675897139435
19.797404009202676,40.46632235772657,48.69091940259071,48.50546528430837
164.0262708132983,185.50143603671268,24.954395798982883,24.697354150637356
163.80180837406118,102.64710661575532,56.67555171824617,56.39643726200161
60.69650183602056,32.608829476189385,59.742554777841434,59.42926317212008
18.90307004380659,27.0763812425677,164.96984608447576,166.55339951681037
132.46062799763664,21.42829090188697,229.66673959273973,220.9825631810558
32.620080635333,31.581347710522003,57.47435637201785,57.11794075582181
48.110008606636626,67.66375319491993,173.51135292117863,168.34291288003948
123.95780519464985,186.71156504539087,57.56561055994748,57.19567084339971
31.865997108516634,40.94777965604709,54.5788261606389,55.00303790076082
22.8988032644948,75.58880612403179,24.726820430953346,24.652298103307825
62.4675672131002,67.7624074128093,121.56252619197431,122.89059063286712
50.626513783403986,21.951327390826776,44.52802830911643,44.05344062085083
77.09797524577094,83.83678103423104,223.684976020468,213.515192345727
44.82035811900941,90.71434034071947,36.68473762048163,36.38346420333148
61.120642653999916,88.83452009071273,222.88339772773594,213.1721334097427
29.960968202241162,91.63746210551193,228.21695224893034,223.12017680307994
47.77105091215965,90.3477136827335,38.59622492620162,38.89702419715885
82.3727912411856,20.31397943190356,103.26083425118608,105.34901440635275
45.76403412016037,115.52944978814739,21.326160346194335,21.27602893890982
164.5131142713651,81.15619828299657,35.75564324070585,35.52069452789155
103.19511557114305,55.4274648184841,178.71993183999228,172.65086987726886
47.25917951535388,30.529341537956267,74.37105359464115,75.62296246754767
84.8079595573262,195.4522127663113,177.9675314222011,178.90131357191837
123.08021086012769,46.10024868962909,124.87544732201326,126.04567065699537
19.36756999003024,85.36614166300485,79.93084710000718,79.90129444261382
44.01127084503378,105.73176134000165,24.962425851106346,25.054029176510852
128.03884812975184,44.04554624374711,48.067405060378555,48.20569320182899
96.03347820368434,34.81480242669927,22.780437009366388,22.92224285011894
48.9616450203664,34.273097047211664,105.87194701030734,107.79056573961026
129.70543986245926,109.41773560855248,224.55209223647756,222.2845793120383
69.69297459438954,194.4325504566019,127.67122240028115,129.9245835572101
93.98998005072532,152.44874135748285,126.44059830227997,124.09674729939513
166.93410485943596,82.39968266382267,47.54737347818907,47.34520678770038
53.25671669562615,112.44605851094825,167.6747821290843,163.30586187298334
20.94257999760839,34.044119931789936,34.54614407395424,34.454625350443195
87.41461914203141,52.66246804547811,223.2456265807728,213.5647336662082
62.34946557916072,152.47745071830198,120.60283961811987,117.27959007691832
36.45660276491275,38.27950014156651,124.48966883081924,122.00234357616847
169.32858097119626,92.19072435592763,133.19385431240033,131.77955497074726
73.306705985463,40.02611438994965,35.104112440768276,35.685008044801826
36.293381219515894,30.644217440192826,21.308619924738018,21.101747342506016
170.58670078346015,151.9589991662275,25.135590757130664,25.569728091665432
55.25173973350701,31.26878849518189,167.78126717700076,163.3173130097531
104.76804174541218,35.18225017745354,133.28422349477643,131.98538080437083
57.636968670673554,49.14181917246156,48.73356979468088,48.01034677374417
54.6019944276246,61.983430257450635,35.68165194718968,35.40244932581
67.64146542170201,53.68448183395694,80.70940980076536,80.43317988862626
123.12535993884285,111.18618579665127,47.94726121879984,47.21061251240545
86.89578453831014,81.92331861379265,101.5059342549441,103.14793033056401
46.00681943514944,19.937017520963728,101.89462807869529,103.02759485518894
84.19093800901362,19.404586964257614,170.42075379693745,170.3421340932685
85.16594498904915,33.20694631335402,127.16758669509483,125.14009789773101
92.44717697762472,94.01411977467676,119.54244525943638,122.30485278427864
74.17881049907457,46.12556930127975,106.18528268419149,108.04997579440342
164.4772812835284,111.09512561440431,38.967816825467786,38.913279646385796
99.16835214742993,45.605345068185294,220.15011766924124,211.22569062294514
95.58025752386568,19.28862850401255,226.753371812706,217.6958004938225
58.244192496462325,194.01672072550411,48.80544131270295,48.39566910979019
41.22185041899171,183.20501873753133,42.50807812699562,42.92612851800263
32.99050147767909,30.29268175859899,38.59301308215141,38.10719682209559
63.094755470333105,27.536508176105006,60.324746034452026,59.887990083246336
157.20328799549492,20.017276427543706,180.35075615309768,177.25645471671237
162.9514038359977,102.30161420295786,133.7951109323665,131.96550524407667
130.96498016178236,32.09760731779244,219.5160957038537,212.42018362795994
31.651745166856035,29.50510796929271,45.879101678513166,45.32458423199619
33.3055146891241,47.83394128578821,22.13021537052159,22.32380120014948
96.4430022031481,28.103545606965774,45.26313310626201,45.31142774606891
39.952043034153654,19.7187042988631,126.19637020909883,124.03509666713514
69.37203586063393,186.0843921162608,220.18218291940826,211.3737252869941
42.011697224312066,66.00096743770587,42.32799713707513,42.429376406622296
87.88345961086033,36.855540315470385,159.6992702517034,163.00389696520023
51.13905153743753,90.79219449009045,47.104329424558244,47.012261907950965
43.726789057341186,192.18253250138238,132.304590828674,131.6158827045869
122.58515929010595,146.94195146250996,49.73419374046567,49.775289676862826
87.82080472134196,30.655012767202077,75.6230452160476,76.01900980425862
46.21693015935282,27.324011790090182,55.54321915750329,56.229870689599935
34.07838942680492,183.9302015943781,124.59709694021939,121.2390650823763
38.02047627817652,20.545885743240543,60.819395980309864,60.74353798702884
31.922854224517614,47.76169436379246,211.73712668607703,208.00472565131884
162.05184515622287,41.36588160328066,175.44465819810756,170.26945615858142
21.689679078316743,153.40957512238737,57.96462252298734,57.646459746209466
29.028000820743035,185.89612467623067,58.1269594463206,57.77097333321736
55.807292495290845,49.979642163937434,36.93152850015851,36.5662278624458
91.05115092814177,190.64940039731277,44.65432377455536,44.669208823282034
19.176327912486126,96.1446699846036,23.3544828704833,23.28868506636062
124.39483619805324,83.6475132348434,166.72751774064847,170.22960756618969
52.897056648180396,92.65237711253671,77.31329225476563,78.12387232064671
169.8580399241891,20.261124648240745,167.58586955465825,162.2360381589634
85.21812617655078,88.52503426003861,37.866563761292646,37.737210613088166
132.7227366328447,104.8234789020547,227.57865039941274,218.85617965727056
65.56576634704426,109.3198776270319,182.86235151676613,179.1038868707225
66.86370658234513,149.54271738492784,226.37521273523203,220.85585867795473
35.12879198655192,152.3961454535316,168.151265069328,162.72000488637946
102.40873004361666,147.92859941476982,56.128666016509925,56.10157905796352
43.27054811199221,193.97743090640134,43.88842253274566,44.35438220731034
126.60373014757162,64.59329409349453,120.14055922937654,116.54628742684274
154.36428966763674,197.56195726828807,24.30114909494391,24.38798140242079
163.62124774822135,40.789574082865265,211.74632578405638,214.31178307964242
39.85777434423623,70.39039204416392,214.1954625950557,214.88019752979335
27.60967653250133,152.2057147353969,58.25514443238283,57.82095033937103
64.94661447881823,55.41772562284841,176.7823175436647,179.1956096037673
40.830363079072924,36.719836442319604,106.30614920623033,107.26760714479931
164.60888983959424,43.98853816196293,42.25571872909178,42.204404636351335
138.03752788707837,45.73406473090119,129.7885907619579,127.51535695357008
122.67469478473,44.848665349319106,22.90874218788086,23.1696147474382
102.60682329371244,38.806274018416154,129.77068235506167,128.38086047309346
103.5521967752028,66.78981428790206,49.25109782327342,48.499326232228974
167.18709169588772,194.38447672402236,164.82945524485075,162.53963869919244
38.70136562101921,106.72799523503704,77.85157830999431,77.5032974416575
54.618811425310135,192.0206640806349,77.81945211843963,77.76163805107014
169.79541525345226,47.658464718982856,58.06329404895003,57.20667387993258
159.06620301573767,84.95991219949356,44.26692877027485,44.79379303767562
91.09356661393483,94.51544873808571,74.91904405217292,75.70718771151874
80.81527134559099,18.249557610489504,23.494348874909974,23.289295030606056
32.124431883378136,153.47394960944055,41.994667975309625,42.327968343454565
88.19621906048498,187.8163358919373,181.9888660599281,177.26934633087035
40.178227920428924,17.951611699621488,51.913800736709796,52.17135932345084
33.19307458264449,70.23709692612702,42.12831858973013,42.73725887243619
98.28231178598487,55.994936759457616,168.56409801197933,170.57365378164627
87.52874132259016,18.837922041036933,97.48262720883297,98.68165788862855
128.95072170648382,153.52867840770125,223.5465748765207,217.3306887312938
80.5312070680758,189.6676855823948,77.67911747947352,77.9903853137844
45.64490282921112,186.57451057705092,79.4320044975417,79.11703793757623
52.23131241838615,72.36382048527722,80.14981693382822,80.53909582851634
76.36000102679452,44.95843181289628,23.53312715985769,23.616808868884892
39.23366937272455,188.13806898718695,47.3889435766669,46.93809197663173
37.582877461689115,86.19910814692575,215.26328097356222,214.33201946024977
96.71089900522351,148.42600213825048,134.44096154649583,132.18441212538983
159.09281453402176,147.97840209826364,60.34156786500898,60.000345923522566
70.66530833110619,21.84274876687314,176.96898709625387,174.6311709784055
139.64183157678607,47.897582994853934,54.042652299170626,54.28765894312627
43.74775548070973,44.4370211988224,132.752584680812,130.6358361026247
38.840134605268105,44.36207275929174,38.05939954919528,38.044047356432486
19.51385770928757,68.38075169436841,223.1064952675389,213.56289903172018
18.69727710068271,76.4224671630738,80.90359433636914,80.61238454010349
160.97561904759584,194.81583568898648,78.64674439285486,78.7423834066033
128.3785465208132,151.65507273769316,168.75775153458983,167.4519286362686
67.98228098457615,145.1375328062192,80.32681005725004,79.78550603037783
168.09608029060036,72.50655341869783,37.9618705553777,37.980623232567936
94.3607197613565,113.32236609055369,205.81268879112127,209.2130932271367
39.793380490454055,56.21128689956096,32.63323354025342,32.7949935963628
104.17478404826191,49.963703933367164,79.88696045426258,79.80450457744408
36.87296995923634,195.32946116430554,79.35269587448596,79.23500645742102
77.42222350998071,35.30753241216897,25.094927562006532,24.988156181797617
31.167962698517773,66.66664065226145,78.91051099838174,80.08036761435181
83.89919215276028,192.9951654624485,45.26969565575437,45.341368364077965
54.85143492924611,31.798974311800816,98.82376322744726,100.68267155417384
78.82541758953755,190.7359029622789,126.26574914245909,123.8998599975908
19.50069435536272,150.0812999852703,55.88925413107215,55.59248890527364
104.04772859331624,56.3802139946357,37.8504918111797,37.466755886377044
46.21948203837727,21.472613451165916,59.682162759803106,58.969661483964025
20.80814499700348,67.77185302180928,24.34191609702083,24.463388426194285
34.853393972368224,35.38677649928837,56.369178828296796,56.21047527727436
126.32340442928545,69.1397004340505,122.74259943492702,125.0910011598875
43.970659936934084,30.56745783687907,21.844129504084663,21.689297317975196
124.71513278985712,35.259111688840065,131.29738413189156,133.4872553382873
21.192342826403152,31.93592343607762,24.090684402860305,24.13811722911691
137.92706535725162,109.97986905641069,74.03959382521549,74.54992380867566
44.03351779359441,110.75440468230232,24.300597655752462,24.346237784067945
41.06677232634269,196.1526973006515,45.81215137516618,46.19556327390622
159.64947512211575,103.60769686706199,49.40528449450428,49.42629652404308
17.894576941654186,151.73877691458904,38.36753703533434,38.030376415110325
126.26099107908584,22.76293445502878,49.7312165928426,49.36469132659785
102.47106857439795,60.6603444275862,79.24269123878288,78.86591600002454
124.78332642965258,73.97377109368965,56.09646154235379,56.24556294974423
165.3867663761613,21.575880610191618,49.26735742861164,48.911511598575316
20.984859448588224,47.54723135172065,57.339906699394334,57.2553865619996
162.83260997926902,153.00195926562952,168.89792291930507,162.69105726075932
170.7028466380233,112.39862750654923,120.67540183214663,117.27785195441905
41.54340212194321,39.112633429170785,121.04599411459387,118.50032567449111
45.879467346610376,194.62504311116007,24.24551801565169,24.361704073276606
31.2236301348497,195.3934658237579,107.87483994854482,107.35687099302335
17.335528902970783,40.0232991971608,180.10557206411136,177.39717667064713
102.59904219115309,32.29281029013194,46.91298756710452,46.742446021991455
63.37289649665644,102.56779118026347,130.2235431563096,132.3534590650582
34.75894433964507,43.29852590907507,167.9384323802555,162.23799640494505
42.26964483691708,43.85231675007387,74.73711378073052,76.09064927516873
17.218348703126583,41.596755754415355,36.92202894305621,36.6267015850682
170.25802517996178,147.02495464218603,174.8050098964228,168.57608752016498
162.69689417386203,17.706942832092384,131.23955947653633,133.36350678679088
135.2829156661407,196.6656590216267,81.57980583965802,80.06347425485015
52.05718785056415,19.551366858997,38.13234107373978,37.72152602499377
21.830031772953422,105.5948810767218,175.54532912510626,177.33046994909552
75.47317120869081,45.386821168505556,35.78724533720241,35.23819933647819
41.6448371655573,188.81748806699682,32.74768019223207,32.77281581843022
17.85081590927709,54.604181595298144,39.032403281762726,38.839135190927976
77.69557515646191,29.989891084095408,103.83757023151145,105.60474169151858
32.30350470774562,44.87134067313538,60.32373220218953,60.067576093015305
35.18547806501294,59.914578380048766,54.49983550717344,54.90959109442905
94.18703546697273,87.1575786678717,53.98757277953154,54.97449990945214
19.89518201063318,192.5070490348387,22.64172103186484,23.11649235943341
22.618450904477506,154.81744025097169,75.0602277120723,76.52618071986635
97.74729993307977,18.361158111224018,174.76659351581384,170.33247813288725
62.230048630601765,194.538287007868,216.25599356810648,214.48080794264075
169.74593148387044,147.1155345381006,37.530475990739546,37.34847196676588
57.84525616080175,28.29403453870104,125.99638732164007,123.58362084773707
34.63053386249475,52.511629996803954,177.51810983702794,172.22364636700567
22.281351512512508,30.05901566735402,56.11391157547449,56.35170202090079
131.7252016376904,110.3556649396242,47.18463687756282,46.90483644090945
91.67489887068075,185.46648292115307,182.09273159458863,178.8237043517136
40.81589190448468,85.02775142237525,23.444129843149597,23.33048056946408
102.714866630483,19.113346735206754,73.85602186299641,74.33890725396859
52.73574361411543,71.8569944593593,54.50759816046255,54.13234311000853
124.89950517516982,55.17752001901559,176.4079671969269,174.78961339824656
19.812860807643577,93.97365440078343,107.08934149793586,108.82841892656853
30.798197263637924,34.16824921859087,130.92530336083536,133.23848328548343
96.98003352524273,26.56493056116427,96.37257207243054,95.4372033856449
19.069147257172595,152.92234817024823,45.28014473577301,45.20875029464383
20.743078296934577,61.88005181211147,49.13810588994707,48.95504242923671
42.5691874939853,19.76028632666767,44.522507646523465,45.29019289353952
35.08298617878021,150.39458636535974,130.21788193511844,127.6453405159377
35.361872364204,42.955233923546054,53.82653587389038,54.79479884880063
76.06065599290466,151.06805644620823,133.41014827699945,131.40750042077946
101.74229950554485,151.38278804386331,34.418808878120565,34.53897654404759
22.67846159979654,23.71293575294087,127.9289852466272,129.77626646037618
46.66803703675485,151.84667094017877,97.34984876154651,95.79685939093264
168.75031465509966,29.33514154133736,229.28908512906963,220.7886585535959
55.30429917769026,185.25100350876167,105.38615200172134,107.62806562367312
127.1521176652423,73.52356290076828,174.59923136307643,168.27685158185005
42.19149224695137,29.791845535977767,172.23613517640558,165.66250626077502
21.09241029057469,187.06730633436538,48.822871971165235,48.608982698533296
125.26064994351033,196.83742000393818,105.84616941540827,107.39471729016525
104.2475504587408,96.46075757087503,230.46702649099922,223.28885995934132
44.68082522733745,30.91283810736087,21.326160346194335,21.27602893890982
166.1455293447574,89.72818041752522,38.404364824079124,37.671082802460575
87.35595973615429,21.53222709528308,120.41889032540763,118.29839497064194
79.373833417549,36.42368650170002,25.361340730843043,25.309462803297084
157.6662100498665,151.214388825863,130.30583919801734,128.40998147870974
124.19144530189928,189.00198363377535,163.50473061408542,167.58039244806977
43.990073006527375,33.09700320774479,24.10443759002297,24.196445220633393
32.01089918008957,84.86202602624658,52.263297612364894,52.141739240670546
96.99343918782718,91.3628862007923,35.29253236606647,35.18355735416374
137.8664742017046,86.43373964918918,219.5483180421233,217.29834933572954
162.01659319344964,69.4513612952404,35.6849714573321,35.34737280219184
32.99011336356924,17.916769131930376,21.545112765415045,21.66177542244671
170.98203468003086,143.84516790789797,133.5266940296092,132.30827914686418
31.85527317965595,73.31306438820924,44.10707663952208,45.10868749220899
69.92510939161492,67.29499826239024,80.50495672109665,80.20674174552104
170.50711552178785,73.21893527551073,38.00661170526353,37.51218547555672
29.810818884463288,145.66797085891906,108.55051921493126,108.31286751597162
43.29013774903407,185.41136115396128,54.66437878437781,54.681363803652275
89.84309253374045,18.692093845822512,131.79832265932075,133.7025470297893
37.201184097948705,146.52137974181184,130.61431894230108,132.86246605720248
169.02312278503183,45.78097294839924,126.32244170494596,128.44200139462757
29.101077603507022,30.597956976325957,32.37452810199149,32.383961281907226
91.41729314155381,55.09129926337767,115.51161180479515,118.78571881467992
41.441766967139195,93.60314242760454,54.42122950128159,54.43198172474645
165.96472870176368,153.76132934392396,57.43820653104024,57.016748050708
26.64220950613525,34.42738502732034,25.38723844350482,25.605872187596958
44.41574947067561,191.62720622095858,178.57626642910208,174.01626210712396
91.0607120187554,38.683524217081754,46.04914638086973,45.75124347997802
19.421581758919704,193.91517113018344,44.869108526866455,44.27012272939455
39.22832828113929,57.94139940330583,51.8520734554873,52.20002358636904
23.374538546475954,30.44881653476836,102.51000359206182,102.32856164366353
42.68990192773362,93.01914668004548,101.95189946884473,100.35137759493162
27.307920177489443,48.78940492459902,130.0333418189627,132.49061003899584
95.00212090537661,185.3985092227702,216.70925231912514,220.25750159289396
58.58716907376891,111.91731797788132,73.63694921963021,74.21786672414524
50.41170101462232,194.53907494990975,71.09157126317042,70.80525243735559
18.893570352150764,40.95449204166415,76.80345683118092,75.95297250403146
86.37043228944425,29.93062880114484,228.63247138659767,220.30006646224308
76.60334532520679,195.53734246262778,222.05778992898973,212.455568499189
127.23446022330765,191.6862326045182,57.17387291151509,57.358388397967644
45.79054302352415,40.70252810119297,132.1849101512918,133.5733236621208
87.60114021841564,36.97349296648031,47.31597866887818,46.50836723144657
39.730513404259156,38.747779847914224,217.05810405612704,211.73630167460706
87.3137753314037,111.6036207744111,37.50282890203469,37.53892885241275
35.724952449274156,20.11009740925778,209.4642294251774,212.38849236703652
55.88013565913521,35.408773050534386,213.74188866294298,214.8756027611135
43.694012614452,148.43553819394518,56.305266185177885,56.06289074789973
48.83373891507831,82.00529412255784,69.63304435330485,70.68073535672895
137.04116823738124,63.31271886326988,22.936876510122403,22.518580006160075
163.1068947917204,190.85021415881624,223.058151901418,213.90194415236337
70.10003859523658,198.03745877514783,208.1011635188033,213.3123564539207
88.7346148503626,104.97782263212214,38.16536044390263,37.76667066844492
156.72704174133216,33.05034542487066,229.101316680045,223.52249769973787
56.42231846988125,46.33395282717719,217.9675556404717,217.50911172209203
47.71442536157077,47.156305025591564,38.47082506544578,38.22076563528712
65.29367513392057,189.62565834528763,24.28042862780679,24.279830864634256
68.79365052314483,22.20876616335924,32.78203140813466,32.056083548866155
50.60985880747272,154.7779073243803,73.18828971578596,74.464222899833
72.27902644277673,194.43253530181423,79.7126349006281,80.01956144502975
42.20921866506273,106.11427784922884,24.30566141029596,24.258367460108897
32.91514044647051,37.4909837782756,75.01730675022506,75.51297919045916
40.306934209996136,47.82480420925847,22.94052999527308,22.715776531831686
69.008375343127,187.07737042426913,49.27869278206147,49.45731302668543
18.090213416024937,23.45732887041986,32.226313788081605,32.71779699079683
36.88347798600822,184.7026758423528,44.013853081292794,44.88631730555426
34.506161638959824,46.82079405666336,179.19377621143155,177.23230140702105
133.48196869118004,48.65981862005362,48.87503519066325,48.13251821198432
86.84296240110454,31.26125439784741,173.01573395234874,177.06329771023871
45.264077325915494,31.852731392006984,21.77975952236387,21.544452227501562
30.20179223079954,20.48696294581469,49.18605233310024,48.987363163075756
103.7271331614102,20.240213188374998,175.0312678153822,174.03903615512593
53.443406489483664,47.56493815646449,163.3111952838451,167.0280974669242
36.8887215132004,50.68356963779318,222.34715357340113,221.00133068512724
51.810214427324716,193.0983432477971,54.28498553385265,54.740313594637286
39.81306969388036,59.7431112019912,21.573258599153643,21.555377138414702
22.02649562718668,62.34602542599284,23.644684359192013,23.26592313264964
45.20032354692045,32.27009672006598,36.916856233783804,36.29126716404693
85.15521840212345,44.80356265806519,219.80984000174442,212.02703110663256
55.10367969606784,108.29948840815568,21.9060194277011,21.486277521192903
126.27823482514377,196.54609560263762,98.67015907470568,100.54144929062225
161.5023550335793,196.68067986746652,119.92895598242887,118.82830803005953
130.32291531491612,19.957303656072664,35.62642986641271,35.13530752006897
36.80823968953681,37.3338706828062,179.1441416868351,172.9598178207134
127.42067498693858,95.82205235515441,37.33151988100754,36.67096841664609
41.964939685207426,111.77385198156723,36.26247241743238,36.24002215309545
68.93953651708969,35.438128187028425,32.77425013313757,32.509637156290054
36.31853087569164,31.85412796966538,21.770359994607663,22.05281085368112
41.44273797932791,106.49160669247537,107.76572101375714,108.3384226050907
103.13908137835855,154.5324672984675,168.64617420260674,163.65267360102345
34.186022903575804,53.153701089868434,45.913687313183814,45.939297150362954
47.14065203815154,190.61658235362802,80.29079592406117,80.59918494566257
167.62766013417868,54.45050120353758,99.93309938234864,98.88738110773761
169.42680695008016,85.1066168474542,177.95791103685812,172.37700522549562
97.75387278773123,52.64727601075806,45.42127131510217,45.44099661577267
44.87996308443302,28.049629649993395,36.77330882038268,36.22913571090893
27.82750155768332,45.57310547313753,21.88404407616836,21.893113434252847
94.68711261159521,58.82061331440082,221.54943026955135,211.0346190347405
78.06431190292142,36.4117913156691,109.37874935879296,108.82085430908191
36.07617593587675,29.979071265398325,80.12887465128935,79.51973536063727
39.9145655991348,52.46222217767413,108.08975888343335,108.2028974222491
126.03471611063664,93.44873161364988,34.575294493121206,34.47811145085157
70.23200916098021,32.11682842402513,53.96486599258293,54.19054935087981
38.16992864624962,93.69551315349467,38.015314754367175,37.7364019565467
23.323009099566562,100.78670293573882,225.63186316525992,217.16664391351006
51.082445427610466,110.73169149466504,224.78161409005793,222.5059699499305
19.309986053829764,34.389469254090564,74.91918792320449,74.73705575653597
38.35321710851104,191.65487403331016,71.32668933428941,71.05126445468078
125.11697188393325,42.986093889023635,95.54752426050138,96.35729785591334
35.9621519495359,42.790699930226495,225.4022222964202,215.39314724064587
171.1321251267921,22.219520068042495,75.88130044158379,76.17099501266705
40.73091861584066,66.62710698455165,32.416498906021886,32.72700772452999
36.205705072415086,68.74489522515199,23.233418576972326,22.99570083182844
103.08675027123392,60.41964651046355,51.758999818861945,52.06393576017258
77.95149987904686,59.85830132080989,125.24298042388554,125.99148816009294
140.80145564129435,189.21731740001164,47.17849261236733,46.96440532059306
49.61128744675707,152.64281487230375,45.68358079040339,45.31191093744583
27.17573314671066,21.44011322144618,222.73930831571207,213.57320608496394
44.89576918726087,32.33224642785008,38.71494321888881,38.065820142725045
51.226441081971984,193.09827478935077,56.023811471702956,56.34623127688799
63.58959520432773,28.576173661830705,178.06578567547785,174.04426766552479
18.753986382139736,56.37298596250383,180.59166061152797,178.51400108796412
174.37616964680873,63.38384244831333,171.34036328023294,170.72574430722096
86.29460340077844,195.37613163012767,38.52644938323872,37.507338282933304
177.5272048678059,193.86204159910017,35.64947204333602,35.17586063495072
43.27853392426122,33.28684986444303,105.73445736851943,104.90641682610082
159.37535612199116,56.089781800167685,70.12560241438479,71.15673774434654
135.5725075272451,87.70279061166988,215.01844839044873,214.50448654400844
42.83704005005139,46.740594516143986,102.11615029553575,103.23605995288287
90.46882957538196,41.60752323090454,173.8054102059765,174.10799540468815
102.23016600509573,40.470440152848795,121.07659662135353,118.92156049561217
66.43775698976454,114.34341742662326,80.17815091713058,79.5366981602686
23.317365092672105,189.7548217904072,122.41574389404903,124.99365920106032
54.726076374119046,193.63331833707872,52.05860267214081,52.315151204791356
103.96857276184545,48.10175134003618,173.61757238980994,177.52262347724053
81.39309596568924,42.36036560683754,55.64591560624582,56.707721252841715
79.82779963964009,91.32292590211517,49.471935050287485,48.6515996509881
38.4930758790299,62.743754139567166,133.20542713034408,132.69684883823032
29.414270145866627,148.8782266302558,36.75884525298969,36.31899624947492
18.914414920772618,107.31989995972114,21.29554344735186,21.25073238253079
76.93330026116894,48.63927135504569,219.89359905837944,212.925654594433
21.841696392289755,152.88285238967893,73.28589830441325,74.06367322783618
40.04109218097497,197.42287816509986,54.685268268625016,55.286870010845576
84.97374517281148,153.29040546218502,133.3464943036769,131.30969564298667
19.921175507308376,39.97027542861681,45.75506042550043,45.489300658902394
138.20198967643393,97.30549401103643,47.60065599392435,47.09319982643289
104.09364812658968,20.97904267994787,22.015363958940394,21.803127488710302
33.79589134135528,45.776581346600715,59.182013026457376,58.89352252133641
41.913643821976066,58.96766631779283,79.6592942563056,80.2849645103293
84.48940911450597,109.62842822690075,108.97604094770477,108.96726492649343
44.707834816152925,145.16124297016518,69.6868809335384,71.15140367722515
39.180364916408195,20.386040451392397,103.59807813107864,101.96390154788836
32.81473930378118,35.39485664965955,81.22475083963892,80.88409131001399
78.43134573190109,86.59653415702664,98.70415629602812,100.1367417658458
21.739447126021883,195.38201987309395,171.44888542336437,167.41882580076947
48.2538418017919,39.20329934228298,52.120676942701714,52.83949773998081
99.73765878319573,34.515146551870494,99.98943599752408,100.36280024307345
46.282966904793845,196.98733910483298,132.05367071452648,133.82910943379565
36.85255194231949,50.91534998279543,216.9276907129746,208.78723952713113
71.99616328936484,149.8495524561585,99.5253878439477,98.47341680516138
34.39464642835315,150.7922127150139,102.91919896411494,103.05073258057098
131.59606121831226,113.74752764087462,166.1503554742738,163.11555433823645
162.13515340891075,45.11050351918744,228.34345326905074,219.21781270281315
36.27838104985687,73.49116278343486,101.40617395219374,102.45559558452656
171.2310988026663,47.16456315650209,47.23436868876051,47.121431322357985
29.100321195820605,146.793095615665,105.73901217907351,107.61144760196676
136.83224774977964,35.92070111112008,54.66937414125805,54.7952986715823
41.46115482570934,189.64772175413856,23.562008808433898,23.52046213563531
166.58406342071936,50.32582756956589,95.100358967198,96.18815856130118
80.43721709540482,90.51503172686097,57.66112027432906,57.89427602086502
66.13201100466237,37.84447949013607,23.346874544825678,23.24126529738711
37.29281953797378,69.73795534596138,79.24625790563324,78.85647998355435
159.14947109700708,84.22892082404526,58.09667580005414,57.71258023766984
34.95269833583194,142.8120049219832,37.20167483771519,36.85268400527285
137.11163558385425,153.05465680555915,53.95343326545014,54.56462487371224
17.388755124651677,189.15073572858418,182.1350129316442,178.82923124182116
36.045832576864285,42.99589597509226,45.8457488270481,46.09056983888109
94.0714978529959,147.59129578641057,105.69419167626585,107.37191043064158
59.44562494304908,79.09386041616996,59.33327837564693,59.027427606834195
102.93184277272692,108.45038903767703,103.22523812434837,101.61216920586422
40.4362901587376,41.53422267945363,132.43984606060343,133.8801560150464
64.76389767109036,153.4926573775498,126.47822891210427,124.0748032878841
50.36131212973344,51.491388924214846,36.84725652580344,36.64717563416167
28.403062327879944,194.2736187079446,95.33007745603572,96.02940869030681
133.9686380302277,21.048178745554132,73.06838691271007,74.28881818495533
169.65879140363333,86.20500413486667,129.780559869661,128.25097011230815
21.350336119078143,87.70099689108046,129.72058397832532,131.74393352986442
21.443997822775913,85.8035056515865,24.997845690470488,25.41059943945636
46.72748344580611,20.486167375583605,177.96660782374929,179.3114528873416
34.62817284255506,63.18593337900401,229.44398458623593,220.49321668655926
74.1289208091396,103.36608335781526,104.68033050970121,104.82999992110442
85.55905741021982,108.82377171449038,23.621947907750272,23.62043868736705
42.04026282402334,21.49089522632288,46.0609128655543,45.50857443254607
82.81128321456626,20.598771000571006,96.31749402697308,94.74250519825256
141.08510792559775,145.28243704024132,98.62935856278399,100.45347214830659
97.73223560638345,144.65214194634063,130.72531386943095,131.7307031646537
20.737860035929465,195.09881448054205,35.451131375501944,35.186532127529624
34.26244136547902,30.141568641852587,126.4594240092585,128.49964683416405
53.53571644543852,34.22849526727058,49.52865304810053,48.80622645152956
53.195601835844684,19.144828245792887,103.49490546863433,102.69369930358265
135.08971314183876,52.859686358621346,49.53396036776233,49.24729095718424
68.35911585782765,93.45889127547046,99.4293891726003,100.81438773604394
37.98455759988758,149.6302072925669,80.53621976245306,79.8901679190059
166.0348742373317,55.76973589716619,166.95458668714454,170.31002541163102
17.616664126527915,49.23804810391658,104.28810564498983,105.80858242360574
163.09490042846818,104.0365028321686,38.67790488688992,38.394448473959585
164.07883624155934,68.8127182033797,105.4548314563538,105.14950612685725
128.75337275913057,196.72799648702514,101.09755667553713,102.94418715748836
128.3526228851784,42.307690122236245,224.18243223304486,219.17882213153155
22.472856603368882,190.99464605817238,164.2736097069852,167.15483931647523
139.60066453991274,20.103625085259573,24.566110443572583,25.04258392172131
168.82661555827366,100.79360478510291,51.48047613731977,52.250139510238576
97.79406235540101,101.60195882035266,59.431832331332515,58.9773079471755
65.7071005608284,194.02284417927936,45.04139145525323,46.137537872629636
170.08425721865552,90.2991974913023,107.44659295293414,108.82579024573589
137.99776378068793,147.55137039619444,42.696519268189974,44.652038117679375
64.45236756982884,189.83069536628753,119.55135973267693,122.64759460714131
77.28897128191237,55.20565479778469,49.51027515275868,48.866154921726896
34.23760398330804,39.31401986288403,134.85056551279285,133.41343956164133
45.760356712536456,21.23879927929721,44.45341239334804,44.54028914905741
23.771319433548666,42.474172231957986,57.908129465167384,57.6539939913939
29.83938421478197,72.34921100112132,103.67757783267658,103.08449151428128
78.47419623428847,144.37306152209374,21.41784525059451,21.399932505404372
168.00597830428825,51.98356708451898,222.36616273003213,212.94508142532231
164.56041166957098,193.0499962180212,168.21080277478853,163.31266941004634
43.957585831166455,44.84420237160447,129.44615281045589,132.02808415261464
83.82814906617388,39.47729569915306,25.28172823350272,25.01467007130991
37.957757001486335,147.4157515732446,117.4731052889841,118.62371237424877
94.28653076127324,149.77059813564992,133.53431709586724,131.83907194480852
170.56690109039175,81.30626413344588,217.44327906422188,217.03040617121025
168.82725659629426,196.24453469091102,56.083411772460444,55.74711798730135
22.40637476624238,19.894453625230025,107.09131380187642,109.05684457025697
27.418851035776157,54.29477495863909,36.801006103695514,36.39964854755023
35.73286665079436,70.92100065910068,127.04714790913827,124.9408620986807
57.57220048558236,112.46666933272039,38.88550062958134,38.619146401258206
47.8376206787623,151.50653087847064,47.56631054981302,47.94179803898458
101.73263757868892,87.93701780485821,171.25311031195702,164.96523069712217
41.528708397182434,35.95458729139605,51.8129348283862,52.70179736651133
45.27754521354573,108.7196228448998,80.40418596023686,80.33956755071178
31.790963645739264,36.07722091526616,79.82286757499337,80.28735050033453
39.59144589473479,44.261998529077374,37.129840981449924,37.21778827523749
20.37048927756348,47.39153084149969,57.35190944749415,56.99930934409214
124.55874676134451,84.82888000021427,221.52668805137841,210.95238868872462
88.7906311239862,109.64475581125109,96.54939769811182,94.374923054791
43.67935163783823,94.21180179221926,224.84337147198391,222.92172204749266
19.471310663435954,52.353967102767925,122.626775252735,125.73431898682269
105.90099227033072,53.64793569247701,221.11409249254768,220.47193427160664
58.3179875951833,46.53796329327496,56.04415834203791,55.505355218948566
27.24892665980081,74.5797017793144,230.13387572313022,221.33358640901395
95.49540256449009,153.07631390451647,177.55283795787528,173.34986009534964
166.6738942780905,190.1581557844319,98.39943202101242,100.95387012661686
41.725237560263274,81.80318114505984,221.50669658868588,210.5419962743041
85.42355262027495,101.03988340935959,81.03020600920713,81.3479472165581
58.58053376376642,36.27538015759799,226.69017700513095,221.18589658222083
101.47265298463152,38.40507425940753,36.749535527414444,36.2090838810378
35.27001256112339,60.920041277081204,32.54247151087171,32.570769046757036
102.3325889267987,190.4345919388614,52.66647587595967,52.93208936478955
34.460395725359184,20.605719446123363,213.9701556359122,211.79846937896434
21.90228792474405,29.638416732162188,169.41141714844002,170.43868397675794
23.09866366199834,84.82340759346961,169.1604629235892,161.4527342014494
168.5311111375176,32.75720464427772,34.37228016296052,34.29373971001053
131.66550357767127,50.32264114964201,34.902543887227786,34.75649108477687
35.011664397479635,92.90188799989647,60.35481534713881,60.16486155699204
61.85325095998828,106.42359883546962,180.67200906805724,177.3530246166162
79.9986787593716,31.324159003214664,226.68168613292002,221.17474586171312
89.01371600075376,45.682410595999194,218.84201326068955,207.79750268784926
47.172725050030124,114.92474549064187,55.499021801294475,56.37238718018638
103.1030102375151,60.33159074501717,93.55583902994998,95.71590655746107
41.132437564172236,88.19224779420816,35.62457423028542,35.083036557558245
133.43957609505506,195.76410686503462,49.87946621285075,49.025236655434405
19.846267896813462,34.7146215544394,57.19790556193679,57.887574926201715
38.484702449001304,64.23531871385094,179.91199487442347,176.81069211596073
47.77662093551475,28.850621261802843,32.297854246730495,32.9770281418339
61.02210275738802,93.33217594005342,75.33495572943491,76.0351623801725
40.978323781266035,41.047997305454004,168.71902496778418,165.41890960122674
163.85819527788433,60.565403792115205,25.317228985500336,25.630790352457407
42.9179990183513,31.736514033733105,73.39181508590126,74.61734483266804
135.52964967684227,51.04534431580544,218.14089691288146,207.43735166186335
39.31192518416607,64.04825203835185,54.57046097650981,54.69459775345808
172.48073021089692,28.746582321637977,159.69067612836182,162.64646252042044
98.79760400866284,20.30672576538006,133.06231676346079,131.47338150821017
22.541265845546196,105.72542840859464,36.71952811592756,36.578165043537396
90.50059378308843,43.58567496959596,37.88755951133299,38.30725817296391
127.44119251533341,89.57354156670573,103.88928134537082,104.96322432536464
60.838983852681174,86.7075297094895,69.45120689742937,71.23262689902397
29.16616420076399,23.36909335760456,59.38002142962189,59.6548278812822
173.0326520650555,63.05067358739921,25.170082245646658,24.972582891884247
19.331241463590032,60.70916926338545,37.125495265976085,37.07490269654271
165.009305605707,72.00010469006084,75.3893998058607,75.93176827564389
38.21652403001935,20.93450438156266,69.0668238170049,69.91164875288142
75.16615467610693,105.20248609073558,177.80918224766538,174.34136350055877
81.16522649403566,110.63699647959707,108.96990932399135,108.20491743894249
29.48681221074445,85.51933891762317,38.45229225064666,37.97320574685462
83.90033991724917,44.75946365347672,60.76013470138528,60.32303670435374
33.54232636636625,47.68312553413299,73.44724607698843,74.57262673396694
52.72355023698634,147.44054729339442,171.71210904345787,170.87700105869538
55.887373810295614,83.4291425856832,75.14776586222474,75.3719067274814
44.49332070729461,53.212847235012724,133.73770494306967,132.66881621019894
41.88018992550035,148.5001232816415,21.923287006352847,21.671677605860797
62.743481017256556,43.38573052155227,164.40595716372556,162.96264642694587
48.18793403159145,53.06778276792317,121.06131095108188,122.56845560268847
48.04732973280592,92.76290820476052,230.88921025970217,222.8402677654261
165.245986944342,22.113518372284144,71.68564466421896,71.51560928248706
45.006282062219555,186.72618137121992,221.96063011390248,222.38183950280177
166.51887251796083,150.2632762833628,133.01938059158493,131.1284580899863
158.74101978154158,39.00826085199242,25.418818487938715,25.124345493649592
103.81231050111396,43.14173183679732,36.85559724905909,36.34800161394989
43.43670032027566,18.53929460994535,229.16593333054573,221.88022051895314
93.96597040202013,149.49704212234022,21.325821166127234,21.297745414412834
128.81092020646167,195.49900706432413,25.296782626739947,25.113112586037893
80.88078611651515,197.66082798888277,104.15129926852362,105.14535300065663
48.19132465788998,47.422052869162876,230.5435443716308,223.18643322106922
89.67443854133658,43.06357079150143,226.13556425721927,217.02325352409179
104.67316861781796,184.75794207232585,24.212368351858977,24.232215425075115
76.41110135630367,151.76384057572272,170.52118471989726,170.43050379472356
21.8718880867476,188.8015682869565,25.135590757130664,25.569728091665432
33.838126628021364,65.99147778516765,120.16682625698269,122.57042954958027
51.958386207068685,63.05110096393693,80.20376395203024,79.26307220782729
52.97113337759675,46.11808124472625,106.54886659660289,105.14301749773557
80.8276341691854,88.67125225629883,35.577410535067386,35.27722430986969
75.0943437638296,188.50860237994607,44.348141655941134,45.17330439086112
134.3621832291093,148.32632860568327,48.96491570808877,49.31570041411658
42.176263571465626,72.3814227124391,25.33854764352317,25.415465271186775
21.019920872111346,155.09019002466897,98.45928563002663,100.39973019371446
133.3142363821072,71.58222605560378,22.84115174368372,23.163381982119972
177.36618433418658,47.10259670721008,128.22017619109928,129.95232098391782
104.02919376777756,91.11163319846956,93.34875052292854,95.69567747998522
17.707979406432532,52.88758624954036,51.56968435275914,52.35714052156875
63.8133322657218,30.602843710003945,47.524936724382584,46.90823638867453
123.47120840274113,32.51649441486905,41.731931986675704,42.11228310220096
18.589675416931545,70.5609607874014,132.60954746498487,131.08095356003
48.04083460009025,23.043854422521992,36.44863400667801,36.44462486502662
47.42301999591301,146.48049495915998,120.46924280678464,116.84011502767792
79.23352982889061,70.22604508077626,32.050567057424,32.59717277759603
68.31690116306018,39.33493553805695,60.57266284384231,59.975405862871185
74.03925642756894,150.6612190627223,219.6853143384733,220.18243329128694
16.788034513888604,64.28100604091506,221.89265219255475,211.34494151855029
17.776715763425923,89.86694259030514,119.59014336994301,116.86104919439015
160.42956032081457,44.699895004775755,32.16443900248982,32.35429842712827
35.04629595404963,33.92068186561073,99.0175610803116,100.91762783760907
51.63551900109396,190.33272851780305,78.6855876243549,79.84153823586988
131.3465547251227,20.61526996356175,34.225804690980524,34.44163648434204
90.61801969021998,106.42335676692082,24.370686109137054,24.368665638315328
33.63075551283379,66.52904083879272,106.13102443090932,107.69514701475293
55.80806475109775,43.35868706920742,53.94983884196266,54.80633584601678
29.799051675806187,22.825526984189747,178.30876120664456,174.45419828409985
44.43860600711925,106.35399666028351,45.960033997622084,45.893249277649616
171.69629410031305,55.84045844354302,41.90445768473362,42.410547639341864
28.939687682264246,34.031117222751675,54.88965771262829,55.016630671292916
132.85797045825146,113.41466322546569,34.40558163062568,34.15566954216118
42.05756049915094,105.25915003093537,49.337977689942605,48.68717592206618
76.92601125330802,149.84818214607725,52.94451981607502,52.17385937346019
31.3861117834712,40.405146203983286,220.88715842792385,211.58126986892466
51.98916926486347,34.85984160155618,45.935779502786836,45.79885986752146
33.83025043637451,89.12990455610891,58.407903023450466,58.400536011232816
17.69581080742475,90.75415260544985,228.8773460362433,220.4254680341736
91.19086034518386,106.13600808687431,24.123822472357077,23.889245657500325
105.90944174442326,193.97707010442505,24.596128817865242,24.584832644974036
162.7434561384393,193.71904667922624,223.24291313770289,213.43789377290167
90.07787014283758,66.79162456118287,58.165341967575024,57.66250996540566
164.53713209998085,107.04220801819629,59.9035528421293,59.463573750092436
133.6284297277763,63.43079956603353,79.96128828080231,79.92525769733105
131.75496085857608,147.43011527119208,54.140577378122224,54.79299576400849
37.22467803206495,196.5593539586313,106.38949317672643,105.64659869833982
29.918432746545815,73.65381668904953,229.3698533770213,222.10727938170345
55.38132753601944,50.59256709790416,49.46424346545993,48.804616819920966
59.60376896268504,35.97158119572718,37.03509644653976,36.90735950716533
68.58448626743956,191.24949108771168,47.26986292992941,47.10491798257759
165.64472549971953,150.088553935447,106.93465434705398,108.55125121741261
30.166162002771014,21.607244551563223,177.00424620629448,174.4326042569999
42.59071760646364,50.76452948769513,22.402476810107604,22.343651550164644
46.418240227537105,48.71918710150303,54.73174551116196,54.248231325058455
41.06881072577729,45.15150176996051,169.31152737574095,161.54023315644395
52.51238684879983,31.19442880110787,74.86957605687128,75.73555328648192
26.753331909119954,70.93245954875242,73.27591277607456,73.76793644890282
43.200986961670296,49.161535176066685,59.25140181960454,59.06516282639777
31.28789858833684,42.78624227655505,228.91324232483083,220.817387755905
142.33465746177512,144.85874050085258,133.26288711080724,130.98717227748236
172.5153930804841,44.247989376336506,223.23062739775887,213.31545663957473
65.58103465998511,149.84899648850356,56.03788241090962,56.13266148755625
21.926974004068192,40.427413573894626,162.9378429758126,163.62269620303294
26.24906799889452,144.26046590970833,34.22556311002065,33.98344933716942
32.79852629733907,34.72715374425039,121.16492454267338,123.31855709020988
44.95258749570275,146.11627684459714,129.61532502723642,131.9702841522908
44.871678334026036,186.87501720102344,161.6518610600781,165.58672772626164
28.994476925052677,186.97972988518953,21.8155724531193,21.702429583471872
52.82431840744173,61.380187546964855,167.7612460488932,163.228908126973
28.571344104018525,40.464760020556284,102.33410308374893,102.89100951786051
88.74388884835133,44.1708924903479,56.202467223467636,55.869721906639526
26.774909266025507,41.573460662522386,60.14442388480619,60.15618974390444
91.51978285014313,66.80303192217187,223.25882673875404,212.96545330956897
22.153549215733936,144.35673789840052,221.78778699923487,213.42739824723324
42.3869925949206,46.18460757444917,94.15110284303618,95.29681001991287
168.03594187785922,54.800578685825414,218.6896260766794,207.4429673417553
33.760822501984066,32.25554888272451,164.8933475567718,167.3304543036469
62.67329825910178,58.07701656902767,130.81989744410862,133.93912118427943
32.10565324233836,24.06271158350586,38.37178266484806,37.72953656384492
48.27283674373279,82.00009906101488,76.6270261811522,76.23346492921601
78.02539290880615,149.25118912193238,49.079806510714484,48.54302477680817
22.167449182328554,32.6089536713275,32.467375936494534,32.86440325241991
41.8256224104813,17.98072470657243,124.09082079968282,122.5986559067735
99.54045276666766,45.467896254363644,38.64666118476184,38.131451134538565
44.51095594302933,197.29681440058351,74.71336546588498,73.83379200219335
20.17336415947869,95.24901410349672,44.66789898910998,44.52307287093699
42.5995393564499,29.25737839493038,41.739516820001185,42.335980652268255
59.858197359238964,111.23852557243995,76.61239780947827,76.48368689348598
78.85608315773118,192.2076520201729,226.32409597794123,223.06649640294825
132.83502619840837,198.43698296552452,22.62958550317945,22.53701864860929
136.1507222176159,45.82297691100171,120.88845725621363,119.23085682502278
84.76874805374975,18.09934930073753,134.17654867865073,131.57541792711135
35.71408786293209,55.08977836569101,52.30858416901158,52.89789095240799
104.48388351272159,107.42549125317232,41.962846838870156,42.715500820050856
20.91346767822046,149.5391024059627,216.03893333811413,209.64601821546276
86.6727138282394,154.24839798496558,42.41920460205865,42.33408516537805
163.03318507949874,20.40065846680651,223.1376025770452,213.6301144385488
161.0101504851492,21.929845203962227,121.05295457093041,123.11922186509375
20.356802094710666,94.39872152830068,72.78625526134923,74.18962687232643
50.82073139082161,22.398633996731157,120.82319940931879,118.72837723764545
77.87115793469081,30.66592329778641,134.24206340524321,132.79628729817415
59.431703156441834,23.02062045514299,106.57645127073292,107.39327852726586
87.2254394483943,44.617081702007376,106.9020063378668,108.97771278303449
78.57840678847866,148.5490356392661,167.35938718493696,167.38855607122358
74.5742253445987,105.42665790213071,74.74438663261007,75.1703522918539
52.80669258127323,60.20074877631108,218.971364804671,209.49083223069118
165.54149301281873,60.15355476804817,78.07078692165081,78.58458083516976
66.74684335165391,34.32254013072996,59.37494296574121,59.36087075888307
68.37982204967389,108.22365983222734,228.5363045278213,222.88774610677837
159.38491829593917,89.00610966754779,227.8824798652241,218.9348851610995
62.51588060965218,88.46855692211028,77.18418918049707,77.17649804458335
42.39846895282373,82.09549942038706,22.26323780057497,22.58911852967939
81.21325003390369,43.83556834100208,49.0828390813552,48.81185763900812
96.43216773397344,188.4379704539088,25.199773476963436,25.99328106648091
64.87592807853376,44.79016599831788,109.29167368041968,109.32295073964512
33.57238496909387,36.973671291212376,168.41910591371703,162.5384926573035
170.15521149699362,150.41219802343747,119.2180761663512,118.25916274034041
45.69142578827494,33.229291129762274,94.75525177860418,96.0606387856578
65.01840424211257,186.6682522854548,222.3029479329062,212.40063774039797
45.85149697269874,33.62902019059245,56.13546325094647,56.23899782652315
173.24000685940942,46.82447733577885,96.51607929051295,94.55318703159506
99.47165233427859,22.027907429803523,23.248642917560854,23.178380801168302
89.81557661428288,45.534846489909796,44.071934998797616,44.8163708053236
31.550002606347228,34.928772351200664,80.66913183097543,80.68877840302687
22.048558359155614,146.11227668944716,100.25689643180844,99.17133298427034
29.575207672906384,114.91222727965267,81.5811493000445,80.17138443616403
137.80236678181217,34.412921254853764,35.408894865399645,35.231969184792916
18.871449764206233,18.03566400953909,59.91941703663341,59.900806238901765
50.300608073879324,82.81045838692744,99.89712477071632,99.24417481297249
62.59099186145854,106.4069159648448,32.554410189548925,33.03925466363097
135.45528983023974,189.66523310067402,126.95932672906612,125.39864153780411
47.15961654368254,37.96427251238317,166.5641887929794,170.26116565711632
101.96583718111073,21.942204924365218,38.94269456679933,38.498559315833425
132.99949489841802,88.60732092726195,51.67770143620474,52.28971904452354
23.51461634644421,186.1745030593887,181.81168580642108,178.80262572945776
88.91997317126324,195.38833126349064,76.21545351019628,75.759157285008
85.60930724115104,37.52668767863563,229.83845620609486,220.49139522642866
161.23771334520353,36.365867213093715,52.66316430822447,52.64661817638165
167.94069947690477,63.13364756080312,69.60196873420321,70.72593090565334
33.460019582051956,59.20663933039761,24.32325475933392,24.014098815488065
166.85370965629815,191.30921188635003,128.1101937726154,129.9720541718345
23.873589617405482,42.145581001627484,38.07252155153432,37.773478407768145
49.83680067423931,72.8093252987702,36.530982857335815,36.45691680150978
25.490950479005114,82.14081265058516,229.1028734724844,221.6373587395305
63.50226596094249,152.97753425019525,35.80433422688089,35.37167553870478
65.39966798691056,113.38258560817815,102.96906819868789,101.64048339887252
110.92977091805696,43.62267622691622,166.70517011060042,170.15914718470154
27.248861333429097,58.92969927073476,58.69631439231056,58.59155438879308
168.34527631906195,28.88073110973659,212.1266571858506,217.32490790514055
20.563406572374433,36.59463757264385,109.1549797779908,108.48989363953146
137.43037352247094,112.08234772667903,37.18075547075953,36.691607107447524
33.92236247565409,21.164906422265663,108.96360810300114,108.23010571035795
31.488925305836233,42.05591404079307,47.618640096822105,47.27881771457385
63.73259752426913,30.211665479143115,96.44197161344181,95.0987749295681
34.3578358739471,107.90502073937314,47.52862915659595,47.519458994939484
165.65752967143706,156.20381041106168,119.39100051417698,122.59323119605243
82.73542677951336,51.747689422093806,74.23975331577543,74.54276730174743
79.02814148834032,55.351931661831735,103.83812063607685,103.19334127956924
53.5636425225998,103.40379592038524,106.59588210513591,107.76123325172927
22.83793087041669,151.36714892327606,122.27898200598364,123.0627163941251
40.254309805276826,33.88389607378113,107.58559828182862,108.20170287845326
49.19350041380782,36.339610044396444,98.7206587434946,100.80748972459422
22.535166634233267,67.24133102861852,178.49674034088088,174.77633445988224
69.56464946012056,108.1196201466856,45.66970064389865,45.79399267033982
139.8295208676983,146.2629761150416,48.82348815776765,48.355620197492684
42.22048840600083,158.0973759414654,96.38033224351196,94.09641822903795
51.55163599568701,92.98405708101927,75.63674895906475,78.68916175221304
27.787762847591075,23.4824252343876,42.17148589870097,42.897671167248504
22.39508617591844,155.71992110205176,117.64171976727187,118.35224226807787
162.38823009636707,196.42907574715733,36.96837599280871,36.96027067914254
27.58141059051276,31.867929528986576,130.183391300598,132.5993039337091
45.98150519984566,91.75461385619181,123.95976092197634,126.05226751838846
49.24732078460921,36.16274555666047,103.46105481045248,102.30530297540307
135.60189532309963,65.68058473968154,127.06694205014131,124.03289759519676
159.90127879503717,29.645091229105486,174.96196467264912,178.5414184046435
69.9137397482923,93.60527686312801,219.797291416468,213.19420689940506
141.39641862707768,96.03348831111929,225.99154144806556,217.21629271971952
97.31074046144266,17.709811353253198,25.465299483933922,24.959409421552348
30.1373316444814,91.87794521331227,162.0709391134589,162.9362748973947
70.68651657252056,39.60826454844734,180.446480351407,176.17521068923187
65.83801021603644,42.25274016690148,115.95047331427631,118.87532636566722
19.27071449399123,113.66110050929497,34.43598700384573,34.52752117380143
37.44485199520093,112.8895824291495,125.82190172845813,128.51794415399934
37.631977336269735,43.47311355563969,222.01842403856818,210.7522913716398
35.77894772589887,80.94701888831639,73.9581582871113,75.63788268369893
137.10214452280968,21.867230617862372,105.69347244025968,104.96722045969943
33.9216377802604,63.48376625623815,72.58207042368659,74.16719302508602
160.8734194788313,149.5793859516016,108.88774266521246,107.78507691180421
44.56313925628538,104.27901474008219,69.71990488573192,70.86554289005241
91.40166902489473,63.36455630114493,106.35415708096387,104.76684832321443
51.66789230558189,23.5591986239243,106.77391237049846,107.55159152345706
28.373387480062313,63.45336396986674,181.68161084907456,178.067871084292
105.11609498735821,47.79362574525764,71.78566961740748,71.23539127287091
62.863858720986826,105.8631343805181,174.48865494200675,174.13354186046553
33.843540177326744,199.05231034658013,178.04180732956252,178.899832472911
124.94591152344331,154.77074444705815,37.84148971201498,37.49142993844825
76.7177158818639,110.19872691828316,219.26186796094146,209.060944895908
91.18726116757375,146.27730425276062,22.81111888082675,22.983692600581705
78.65788555593552,21.22921858366069,182.0029158321882,179.56502395268797
59.389204334566394,33.83386933377735,127.19404270805643,125.35076578846567
173.90023950429057,54.58176408847463,229.75622642749306,221.7922074432387
82.5020472568373,36.25334333033352,121.00234307976251,118.64310289005414
101.44432226526163,45.98655544724853,47.553171285525174,47.02694087576461
52.90375279853547,196.95080862146455,34.20512225664669,33.99150231307968
66.07694353179954,19.851178699880254,124.581024434476,121.65038963140482
107.29927510971848,64.39866097624642,96.02211959444813,94.02618345560096
21.95198093187893,93.26668659620007,218.65577425569046,222.60122251792683
36.10073613104939,146.42086889200448,218.54026888222313,207.4852096684644
169.6392949903674,192.51906298591695,42.0308195743767,42.97181981752003
64.81596045283949,35.83188804812629,55.36855839684499,56.716332305993014
177.44528563550608,67.58226968420234,93.73395031577162,95.37996161633171
31.71060559833361,150.71358210700674,127.74437775933288,129.39015138196757
52.52916700129045,50.464641149883896,79.72981377036628,79.18549956392914
124.80833509394968,153.8177283631588,175.35868004030345,170.86539404460584
56.59898813617242,24.126648522028823,42.17588837771119,42.504120246530725
129.64122421898847,151.16125652999878,126.52381998154007,124.00646827769012
99.08732266694958,54.13302536537347,49.95365994489279,49.36159646069092
109.56667541787826,146.64449870527073,170.709155711856,167.2513303681353
164.2096008299604,30.64821889105479,171.3057185875457,174.53838818955617
51.088000416417444,112.35850766377149,24.528895514951408,24.46430063325319
75.80993698901044,18.300371719851967,215.9903824185222,220.71260709161368
24.11384550669781,62.48790250340458,223.3228949799917,213.80895266132111
76.19208259412801,54.4040238557575,178.0530632838903,178.47490160943522
101.88702140844407,150.5280558393277,100.54447247232164,103.00051422137616
100.68725932621203,106.71609853759621,116.09527412975105,118.60633232460543
98.26615158457972,67.95230349064535,77.99011605847788,78.56831065478718
41.523287400067055,43.46875301940734,36.6002351333222,36.480922425686614
45.4178658041846,110.87529817588259,46.624757118464885,46.9752931428658
64.85106418375725,195.0601831675256,50.7054270855664,52.22088042048311
162.58272661810747,38.5512047707509,35.32628987086893,35.155583193392225
171.12860938956408,111.20662186860588,49.20350714852829,49.00030274492831
159.63872901174744,55.821630598061176,80.15212119871605,79.7816866082128
38.86924342321135,36.793808605351956,163.19944095753118,167.1466956822157
163.56549110826936,91.18572691456193,230.3680149037587,221.5051010533631
89.64358015591881,30.92001030100728,57.329591572401824,57.64848913110679
75.84851951439835,92.19329834091279,49.500221185230046,48.8370827599592
133.66154651979423,43.81462651642554,80.24770614648646,80.67998970834867
42.48844837449443,19.3613203086752,128.76291473696358,129.92438740419442
92.59944594361286,51.44368853879172,71.67666968741923,71.84902496974057
96.9441845122739,23.66567809751489,42.207110268411206,42.193247887098565
42.12795465049773,70.93886044518788,38.62293502742694,38.29902476358814
32.91183841421341,21.571805267400435,44.07195180147904,44.801960303293406
40.00024956237088,104.61604301922122,55.560495305496026,55.55605447891965
31.424512106506572,93.02273019111777,47.53358051716669,47.05904389835609
107.20699785274098,86.05762654901993,182.74166499614137,177.4294726631749
66.06092359942777,68.42585005215533,218.28857573092694,217.15952843483723
103.97385956809013,199.50091604797439,95.55571823925379,96.44814447987736
101.62255192206274,19.835161612948898,94.00148204039161,95.566488037933
38.98281026453472,55.72962396525529,171.00577590321245,167.1638858383703
172.5338856708611,149.84611194472126,109.25311350275442,108.37723594082446
94.26561374346865,98.9259038540369,32.68518392937136,32.406418234438576
21.279927688931387,194.3489127707953,42.47555392612556,42.646100065258416
103.29212471147088,23.522416077122806,177.23522007883201,177.74455051763533
35.489002267844675,107.30785177439405,60.15140783241181,59.22487715395341
20.779285422686215,112.5710250065304,22.739841091684266,22.64320918940844
85.31815446824875,81.47811609269115,81.13475322045933,79.93711360366385
20.580834661444122,153.2046632645794,23.326959305270442,23.22676519204437
34.85688877535615,45.704474117279965,54.04062233951809,54.736142009134994
35.83793819434133,109.52255175305862,60.03494105665648,59.6930240267143
77.33219636813507,63.08553001644563,171.2440278700405,167.35405648752544
96.13906111567817,145.49246153478444,181.07236470635019,175.85011330933588
95.53988081162575,66.73985542823208,24.708381829156856,25.054338177528436
135.42378431926292,50.14592564985526,79.87893749950751,80.1160862548387
160.2207309623987,152.08271449875178,43.249844957814034,45.025178049925366
104.50900928422611,111.11934893915063,42.09225018875939,42.864132209043845
45.498322431548154,44.57195779741566,169.78531977326065,162.01583272001145
168.8839783495281,154.65351782189043,107.466377214245,108.28973045752142
21.082726805603507,197.85707733612662,108.19691238300234,107.3454523956596
50.845672765068336,193.4280955710788,211.98606976154738,208.4898691442546
44.90917788200827,83.4691196021787,165.16601016780209,162.77408578666717
60.82619748941589,105.50330350677493,58.83762742136797,58.98085272443187
65.77498848100988,151.74444904697575,76.84525909468434,78.25018055946641
174.86218513040967,110.92712383736652,122.45077024534024,122.59661918257882
20.720467182797687,35.101717681772776,44.3940504730432,44.08617355921658
176.2445847730122,44.58944652283053,25.799896339856744,25.959687902961875
49.453584066036264,19.97450273409404,51.461999208368326,52.301053957916864
176.68346517686464,111.99859385143847,167.91621159596673,163.0427802195966
42.01488319824934,27.404937001292197,171.34615407121072,170.21251892918107
46.03195454650798,21.69862284261995,167.31881500546865,167.5816915443553
53.94101763577548,105.80815615784715,172.5308459920526,165.61211892495828
85.78492421106897,187.87109500802526,55.27762263278862,56.09123526041827
163.90463860145144,34.04869505307018,59.10251592829522,58.90815892893394
24.13904405116341,83.59497912730559,214.19596133528216,214.46392749593815
62.162575962216906,45.22046348600637,25.470514648073657,25.238753784698748
107.66167868553036,41.24365839555183,76.96279401048801,77.77548543032779
170.61873124549763,17.99453827360742,218.76768172176068,207.64980630723633
21.81933968328147,113.94687261799432,105.75354667156654,105.06831093218597
63.51972973713512,157.840907258391,79.1764989831536,80.50896583137825
77.12192040027146,20.93809289652393,76.18966784445819,76.00971379301109
85.65864458539552,189.94240989367472,34.48414849948212,34.008177294642564
17.675497941850775,91.71194371471394,181.1203717748466,175.90989705326
30.74153198578396,48.66185378612104,220.55123567929695,220.73312142223338
43.20645664787165,32.89906836565018,38.59187778014383,38.11585140052458
103.40381747348128,43.7895780871616,77.38893825328708,77.08542130562967
107.8598660924902,86.08142805233894,55.62475279010919,56.13252754789271
18.52202049062971,39.93822027966339,122.1442635754672,125.2440608147424
49.439758934209166,23.122674946187974,75.65276605803709,76.40029261545261
46.98886905645763,31.007600910598093,81.03020600920713,81.3479472165581
20.440402864759957,48.2139432849462,49.14447941876359,48.65500579798926
41.59016349365802,40.66754753104152,216.3759010020495,216.90577545702826
89.49058620344057,62.880069599162844,103.18768777242241,105.13628852801622
19.049061221654718,66.42803129302693,100.88134962738408,99.55453214355774
40.70212661898705,27.805804395326714,179.57535800606448,177.46546059897125
23.72735787046815,196.66371844379154,42.53428320590571,42.46786788003965
36.558566884347165,44.684787676230584,167.08567989976868,167.61065974626473
138.93641110692417,197.1816206334454,22.913364639125295,22.819755999036847
34.16269888212229,31.66391940126821,44.3940504730432,44.08617355921658
178.19770100496604,188.03168381694303,24.173560441583554,24.171611741349317
62.77769897224543,106.01019404065133,56.968452080120386,57.635944779996336
99.37461797238247,157.23087016391466,211.65460220647213,208.5963661012212
75.74338065040752,40.72625670804862,129.19976004362178,127.09254386762638
21.77144006590879,36.8397126395941,101.17274701691804,102.86708261232542
179.557778052778,189.70847807945484,23.0192063874639,22.66885657764857
42.136754280703286,107.25796270721901,41.93480618019343,42.65246728489342
180.02564688831092,70.7243696038259,35.401174044596914,35.412550642056566
30.145878666449608,53.57129155729452,180.8360015315675,177.73587257055806
109.15531205836187,198.19242525609627,101.20844381255877,102.20939546852262
19.180334795967088,186.88048708564494,34.22423087894827,34.347761934918594
21.750483515391476,194.6798780646728,23.587291955274335,23.10073035476461
17.84653133132974,62.35620253780828,225.5126066397174,215.66913770911032
170.74236947581088,49.639693579066225,96.50394204509837,95.33737828179034
140.1545518316272,23.270178763345164,225.58899948838382,223.42105738218055
177.93548131104788,29.239702244827626,24.42434795881322,24.121793578187443
34.92281004079626,155.65647481627113,73.4495159927251,74.048722468112
27.918515130447922,32.93394003037754,180.87207974667078,177.4506973043869
18.571216903082792,55.40160457515488,24.40334703831753,24.67188276390432
177.78257855761598,84.72277942194876,122.21570854203495,125.105714457003
164.625283053465,22.934147966479486,23.37037074402315,23.537884539379764
59.51784404784439,111.67396384864574,44.45603346082275,44.36619423407401
136.4086674671584,151.40403641579223,58.891285857328015,59.145243172106106
39.241392290565194,32.5072019457039,168.30374159665132,163.42521420101272
34.221323454278576,198.62196773985485,76.16600446526976,75.52664876508994
34.25407020074426,188.34525152475237,59.59139883435785,58.83805696334505
23.53347799354338,22.30843094554077,44.72337578170622,44.71952445643391
35.92220961634665,189.35525244010827,37.81231364525526,37.8075055191393
48.411413898249194,34.36469344257957,79.01041765931504,78.6772890717068
48.94011640353743,154.7417870554935,129.52655460801572,128.58684018296384
42.98971495567584,91.2285139421572,121.62474584470469,123.43497652377043
136.58310494823024,21.058327214676094,130.0286955870543,128.4674337125037
28.65950687738362,92.1244036241502,24.262766195692155,24.351021397358654
43.94003405418646,157.4027022668947,35.638783825589,35.156738250538304
103.60668988916397,61.43280046866671,103.65803286150083,102.84898589864774
76.54564835055588,44.84117348613733,103.74345367874288,104.96390731422736
166.7724715106279,148.05514405370587,59.86863146438227,59.54251830054189
172.80990431963048,71.84543090277742,81.3380918133412,80.7149321732083
99.52451830032278,191.6184148470854,32.31353328713059,32.55407232394019
171.32915453629906,72.83810236600975,24.221676778179017,24.23404611362126
93.75150072876454,145.2960093842956,21.43322941908781,21.413858641519177
94.87872169904117,50.87168283497091,176.59125532434155,174.42082630818285
45.960004232507664,50.41100918192409,34.36178109857104,33.80569031893225
107.05519335672872,186.22117689345168,24.149114064641275,23.90764250475015
41.77908331100084,55.170880355426135,122.678052610287,122.34202650026502
167.43339738268247,93.57901919095386,94.53515800018184,95.89549362274035
133.31258341176974,111.20509273019648,100.91535032845853,100.32146180169755
81.96521746043321,147.80129855581606,35.66162318202168,35.24795711632285
168.5662669949011,36.40663795613552,25.016627753481146,25.813991387507333
30.96230663797243,37.67629470524211,180.8404245689413,177.3375752979016
86.6422225220147,60.3299163939788,103.86538449651466,105.66620408577432
23.109476375385412,103.44336006100448,107.822831731733,107.43955772946127
29.60144796742254,20.103453901646237,225.21368834451818,215.8176503504873
102.61453913116954,149.54371725142923,45.63791205089316,46.35759404279743
90.90328360040893,21.1876236979083,56.193550770107265,56.2935172543437
141.78119766956516,36.26252311149397,51.92725536972454,52.8211633547983
21.672643166479727,71.56176394702004,79.32939864284518,79.44876408010157
36.508691957598316,69.93430309502637,36.88695276053491,36.777875790594756
97.45832529723006,110.16077270751583,49.24090564314827,49.13339470267369
41.43354400449352,39.41422302413779,25.14935322021608,24.59815947050392
40.88702084277203,20.26049115672222,21.56298608710692,21.589117392388918
85.32061521199293,151.97262506105088,21.533403170023718,21.56969046650153
145.6530238033779,114.26023044819286,95.19963850683231,96.8594867231741
71.76991600892724,84.55963485795144,23.3219129579248,23.166347814682382
41.54984626745523,18.16765125881657,180.92782629573253,175.71549855998597
57.57897943852404,111.86756531813779,213.79801541341095,217.3076174742552
33.39315553349316,43.94874556266032,100.99141967718015,103.00098969784
26.548537485379494,153.69334440381746,37.6405402872511,37.655846593141305
43.425097953677614,20.92787360650011,32.2161471929816,32.97167742281034
108.40418086337847,104.3294281080689,116.10343408499004,118.54953013707222
60.19618174562275,65.01735857752388,124.69287158786622,125.64822622854473
111.35938553922888,194.73854248876205,57.517811781326756,58.009305540770924
82.09460722966371,45.54985591555884,215.76209783230644,212.29622844173002
22.816646652582996,21.124696409019762,79.9423217952779,78.83788183290699
34.79397199832068,48.37623104642624,101.48533796549177,100.64055441584296
22.817646750175957,153.71891936208536,22.95243927043924,23.010794778922254
44.77112502999361,108.3448646789471,215.5530812572859,208.94148834240508
42.88840009359058,155.39693803257558,180.47988861906327,175.7258918303845
106.39975490189954,189.7881651166493,178.208568890862,178.19353288683942
51.98535159349286,19.86399187262248,106.42514564713628,105.21172357034882
84.01841730446506,21.36200961660567,54.570360229685,55.10448402321854
49.54160175148278,54.86244713627184,56.05315157816486,55.79032678165267
44.78247645673516,60.274993841383605,76.84717709428179,77.83106497047868
17.749908018456306,194.0505978572341,22.74792387950384,22.445522915883338
44.27248798580865,34.46107363201756,178.0453178472339,178.98809852790532
145.49195958192735,42.23959902525949,25.208072887721272,25.209332441994338
172.56374329848506,29.142534784579475,93.86403837861322,95.47084693493878
66.3853263423681,90.85624207738232,70.48296421639591,70.75431097216736
135.6845505809146,106.51998886075357,57.65828856612774,57.38808437265075
19.82475173305419,32.473119718549064,227.73389613950104,219.2816480477654
176.15278521828452,44.84952474225332,80.65510894295868,80.30632618594507
46.34131414728911,94.52479054530038,38.09712708452476,37.78402587592401
51.04248737867937,69.67576951101962,230.917052560118,223.2035436065363
103.84244799538679,45.52476086218801,59.61737842533029,59.47180889071123
132.35823344963862,24.016507434466558,73.41374713798173,74.54723064046132
169.45356892990063,112.32610377105219,76.17941323190462,77.64249294467224
32.17278261262144,62.4095421797023,106.155880885139,107.60066952587579
109.13540289258752,190.73035128117317,51.88802586848028,52.52330378846408
101.02438331880704,26.872298516126605,52.398928828865564,53.054981506600924
170.78515168992817,113.29359827204172,32.957206964804,32.77391048228621
48.57669857127098,196.43781601817557,56.16949513167965,55.572994465493494
103.08108069611157,198.58632599731428,227.67002431089193,218.50622836917364
86.51679334051467,90.70424761800584,109.1999419571156,108.61395388691278
173.70811459848497,107.50835765556407,38.6280030230601,37.838295471325985
42.59657211625493,33.93653731715849,49.352840507071356,48.58251842739627
143.98515095325885,117.26851353863312,179.11440456122935,178.65570448681945
41.718902950417274,110.4324916988178,132.96355740504777,132.7637571449406
57.26383895929593,24.22921008684054,45.51443593659633,45.37575586317946
143.37350096955862,67.2450617877422,179.31775002081133,177.45525537147012
137.5084195483775,90.68633057630093,131.0650807367133,133.41861226882403
165.6331059904806,107.65317887871403,60.6862682588867,60.35949837889906
91.8411234908398,113.42048917665744,49.40988927144719,49.04581972761239
33.2620045386981,36.03502620549649,59.571009691729046,58.95739114966058
71.14105783868445,19.522894247542382,59.945246417337785,60.04210204391474
19.596608650157304,69.43053061108883,217.2329923002013,207.7032383676601
83.65822660658999,149.25278708278162,213.4971432442365,209.05667463614347
40.58375027489536,22.582994082318013,229.6399984402351,220.48110916432373
23.07941485680763,34.74923658422974,217.58651039774423,221.91369642628808
176.90650709669606,193.13094241879392,176.4518845503921,179.33372444225654
68.02329593362282,70.79213815388913,51.32890595252298,52.506097692592505
65.27096312670632,194.33801265995913,48.814969489327424,48.61228999455576
29.349913983147665,88.05662218787732,229.2690384089291,220.53583557041986
44.34534997576238,44.399617353291774,21.789541221959393,21.945053054191614
85.39294870986048,22.715919686842188,59.67600405768837,59.55283745480736
132.1720161286427,87.90420144764363,44.88701049221568,44.37033337366864
27.537168263877636,152.93441056777505,69.69707767022349,70.75775483243902
84.33427728703187,150.54852905806177,179.53863611883975,177.72590988298816
52.50570220477727,113.72765914947604,25.573588467087575,25.73535188728008
84.28187515043179,114.69628696977942,101.73483864728777,100.6477239578171
85.87779134020221,38.127897772015025,107.78623386904712,108.40953745768297
101.02148077516351,112.91282189344626,177.79402967583425,178.59153189910884
40.80889343620511,97.1079988023008,23.70428011971712,23.566908690979005
19.191509839815552,27.89747121230974,21.583212420727296,21.522833105874003
18.489370423115542,40.89238012846479,221.37846168606313,220.68830535288433
85.88873312293049,94.53951985728747,24.07321399407293,23.76428102495348
175.4301209269111,59.978486417180186,105.73335425541966,105.37451189778713
45.841929387044004,30.791900653025788,57.90540142989588,57.155501969793214
67.46602611455877,73.40625138095848,34.653684304524205,34.212994173214526
19.08135646232711,55.50828004874682,51.44428388323096,52.20623217512599
46.248459049957276,151.249326690238,23.491174089009363,23.282030529506784
133.96987334327153,63.603743048840165,169.51695789795352,162.0747905936517
87.29386599188351,150.8461477355242,38.541932534988646,38.479767895374565
38.11182428307588,55.461566840046544,94.58792267341487,96.286327157915
46.312200726042654,40.20641374330834,217.6642070134842,222.77459652632615
134.4071464820002,155.61073983455958,182.05515242761535,178.97861416923115
183.42482530423223,47.754139952068044,60.47904716126571,60.1857721504229
107.65329723316465,96.44672500520034,24.900856280847513,25.647138159226294
35.353419602331286,18.50617829121242,36.05928159321214,35.398969735608404
67.03277896841013,23.968030851338476,93.23278808318797,95.34572699492546
21.875853708654983,68.10692058819674,129.38810959831807,127.57055531722179
19.56007107053322,197.98601016961433,38.84415763613368,38.325417441482884
19.767396102214214,118.59429274281398,119.80280479961198,118.3208089544472
53.266862162213165,22.169050568343014,45.61992535245005,46.00875400535982
104.47580903786412,45.09006556942958,103.07607236804574,102.04438611463544
178.0408295623117,199.38497175378606,35.45553998959798,35.042388717709045
38.257772348723876,52.32730858909927,115.75846818376728,118.51153933249077
40.834273852571144,49.98801125959479,79.08225689065047,79.15260806525757
65.42450219639136,53.060733574510415,225.45502799207514,215.75022659998587
100.4269494490303,48.30768921159242,166.87853303002424,170.8594062396894
22.837241975560456,45.34772209032905,131.77456287016687,134.2025592171259
37.5069334112463,196.8736149760067,60.877844256959,60.802396103683776
27.942606480088322,21.001231965322983,98.60819423528696,100.41306598559265
19.221782376589694,35.84778781890236,48.538268470364315,48.54989361900977
170.87133568855398,33.785736198904374,77.70754872033336,78.59669537706577
46.692114920292056,28.88109256208842,45.8735663432781,45.41420364936503
42.677074222184864,70.33784840568114,73.3770768320557,74.36106694064645
170.7857019381598,113.7012103131233,172.1568080904518,165.3794576526547
52.1762489775449,33.992644869579934,229.09730495743034,221.4786199855492
56.47471043049707,35.35439782389221,77.80631364227447,77.82014107254597
102.73694663789186,34.69751940612998,47.390564883153694,47.50285694554036
66.16746515860005,45.41712198724538,115.67355996706435,118.682556356073
82.47356457663025,154.94027342793922,53.86034096929724,54.946943753594255
20.666701451513006,52.19091835657578,169.58537461876017,161.77180271481484
166.10996258970604,200.65204533276818,55.28256656610969,55.91229033941236
29.957196132970335,107.748326764539,44.80295688666141,44.589772256599865
36.52719637100044,106.31311618282544,95.4626160860023,96.02573312911892
28.22120905445604,188.80038989642082,107.94099517636074,108.2395730302328
31.703899188752025,104.90264728743334,23.277276703681125,23.464949916571573
61.15922396030273,42.10817641885429,34.020489344216045,33.68323945325396
128.21701206303453,46.911411745676546,37.73618527413538,37.76387001028886
47.2470750850219,60.05968700181287,32.1671312350131,32.928771191096395
179.19074068846004,21.71859624007607,123.99047439450246,125.01300987799324
42.40127834614383,64.51285466878065,56.98108265573278,56.903124698510545
23.009464485960216,20.48993106156385,124.14807360730062,121.56050538248319
29.49278143496673,69.95823496538462,175.04452183827698,174.78460088522183
77.46402387909897,194.29416857263317,72.83838291559098,74.49321275430523
30.64006221085066,198.81137724427128,169.3272482627415,161.7629517223263
65.17618200275471,68.64935077694354,25.176789773752237,25.060758641752404
102.22312996293368,69.80272818672313,73.26689861814114,74.18230483954753
101.0615944044075,63.97141848242184,173.92304910735965,174.86520753292842
177.04993225079522,22.425550375775646,34.410672696739205,34.3133592371722
108.63310205075736,41.19150378713779,59.909792155597614,59.71676923951985
91.18630089010901,29.656632131093655,58.21570138179705,57.77389312283078
132.86440844966947,38.361733533157604,211.66796761704109,208.72204375792003
19.139615316265484,154.0875247744484,55.01926668534138,54.5965698073056
137.8330752808476,194.84379226360454,21.75136115737513,21.545460513683082
35.15387967102366,21.12979859205825,48.57567962114842,48.468292587841546
77.38090242286096,201.79054361100222,178.49307559839494,178.89860452206307
46.067239891587285,30.461795945931588,22.687148712112787,22.59457089105281
21.068041248686225,187.23892169964674,130.26310466914958,132.76694165836147
171.22762264636722,64.96978386537047,181.88692357636336,178.7043914869561
142.31279578235493,113.487478745939,100.85224643261225,102.8370921787748
32.68757614025598,88.8600003219467,129.38245013787684,128.902011223819
59.07475477592293,34.07319326383778,96.5255126983256,95.24881614150212
18.74024049694639,72.38024944182477,57.84635886821302,57.8805694935279
65.14093630250797,150.96573963458857,108.05151056926616,107.83581575023858
28.5224570575533,190.13900960154103,25.21474232317384,24.720318590364343
47.90982294599726,65.2538734874973,103.59707899146377,105.38525743699367
21.458341193373627,110.84604934230298,102.27243212761572,101.61843060963251
43.14266881323365,41.46380521348017,41.35726291105079,42.608137199115085
109.86541265566079,116.74773394208529,222.0552138944983,210.6318450319387
20.44922291685335,88.63086345910091,132.9164612184564,131.32650568042803
61.19110940062421,40.77777311937074,35.28905022014415,35.49971087169694
18.28896284739903,196.24580075510121,121.66883398448996,123.03747129536589
40.394057183324136,86.05186998480328,98.43108506014403,100.91893387995754
84.55299411134769,18.971896815315972,22.702511755139554,22.56236277415408
33.84844869001525,31.962829397718895,36.79134549182658,36.533170386934074
82.8038525949365,42.53920261918519,107.49218710926485,108.25436726465108
29.939751282840298,62.19579824667155,38.60617363344102,38.368486863356395
129.77896636342354,68.3568353983662,207.9078747720878,208.58400127523666
174.71368137996734,40.62262863767392,172.61403931493027,172.79719285956403
53.764714422720864,63.50331871621485,223.11557155742045,221.05826004374367
46.73820362979701,196.83525913737265,22.378842229596618,22.44151562042011
165.33120968139607,51.68728158885198,24.95330148585471,24.64976045725861
52.90270140752373,87.93698003564477,60.00312009362105,59.46816540390586
58.68512648425696,39.09235167103748,32.61381527573644,32.97460314233205
35.59108642464598,49.96517919300909,44.24899967288439,44.734898101975
43.17820062496511,52.74174370189463,57.5996870012329,57.346246216978706
66.92838912530112,91.19332916088402,80.40749614275852,80.31508071174929
102.12570641876168,20.601574801397227,226.24020123221362,222.86031714710376
103.5124632837615,21.551546189460435,105.65166491582701,107.34582034122722
86.24767665602181,46.41270095742116,120.5275561947833,117.0631319057218
54.69591210031518,53.88405603651188,224.9977759418109,222.9347334810971
51.51069081584446,46.204005727264445,73.19429771849435,73.697027286369
44.75962788514102,23.432944641679384,129.66841971851548,132.2660434954717
36.610459613924164,37.327048454227324,25.377061349702117,25.12141220841515
103.1731699920637,103.79744233054932,35.25014862628798,35.21491201283323
68.20422330619529,46.82787180065964,180.38540204574537,177.04323312601517
32.86322017426359,87.32825984804066,35.59418595950835,35.21575259131704
35.343362898905234,41.6209426280635,55.41473234654454,56.01736842883559
34.86240886443585,46.50327006137902,57.92908447863553,57.69025524899037
38.62130519902391,34.88135491955813,55.780548521355755,55.937462122390706
102.08865369344649,87.75761933914987,228.5363045278213,222.88774610677837
108.00918591001043,159.24921745671486,182.32338892588587,177.1168841595862
24.001192752976255,102.34535392605754,174.41419567128173,168.57843306944733
147.4005074068408,89.09335883925476,37.59915595433125,37.862425859943286
168.41200813412308,93.90985495176143,45.51504778007732,45.625039691305915
135.59761400135687,108.54219973749709,25.1095640060373,25.667120297597425
34.77653752978286,158.022569757976,223.42107617652533,213.00748365577257
89.09377933706513,43.193527623957635,36.88434516472436,37.146807284929416
44.30180656151292,110.9176251497276,34.55377834089116,34.57553940829174
89.5830747132083,48.65203272756742,118.83284899658729,118.67395243692953
111.8147363640353,32.36959766821532,49.462739928180724,49.17166985475827
45.764118795862416,70.56754611960032,79.64815128775086,78.83863612783318
50.606710415586434,20.599586421177257,122.63723025176053,122.86562057453799
61.66164046459062,48.61813157797027,174.43606884542112,177.21321102284134
65.04147559694059,90.46877504217012,124.66617749859405,121.74654070924856
100.33589125012149,72.54903073935627,47.50264459456928,47.20541731584359
45.001591494054914,67.0695290220316,109.30309904834539,108.45289150603637
70.26227950291272,194.38124424610723,79.42918327854778,79.06569684179416
146.5643419147196,39.06091595013415,217.73050735791787,213.8366568249974
33.506268935241714,157.1862352034803,176.41954400169723,174.31475348851663
60.28218206411479,66.24959093613455,75.37071585053246,75.90898562331827
50.56346502848011,92.84033848527235,37.526574050351854,37.61359808897873
92.64025913831932,53.87049758068135,80.64700285428202,80.04924764081304
23.177048581559667,103.81060534322226,101.25620481420046,102.80606859419849
169.69052528907943,198.6577550953929,23.050325065315075,22.946383491064022
27.92328970267115,156.69149861571177,37.776082512244855,37.1867188230833
96.23685767899457,114.24602393697239,121.31633866806368,122.75420583847163
83.25662378033238,194.40768581027686,124.34451474998134,121.54834260278054
135.67044908502126,152.92015811345487,42.19780353681083,42.21193615281169
169.55326948939856,158.47566888286252,72.22197357110065,74.07557490505823
96.79118319858588,155.33608261852345,25.10599005719113,24.84749075525351
87.13368338665435,37.3204687304755,121.07529019652404,122.50847555667305
182.3460799602376,20.337472370262194,48.76563917101058,48.41510180424656
110.36010936358049,28.32486746074217,228.4011135613607,219.0472832830857
44.20618312575419,197.12483890807087,132.32575851104582,133.54948204358536
169.65731750762882,36.380780766175896,123.01276825069097,122.78908433614723
146.1240737428915,192.97294067256678,121.26676984306599,118.60518830410473
65.96405613047038,23.022298208697098,109.37874935879296,108.82085430908191
32.30754699813492,52.65927891952663,133.3864737850871,130.96913655287278
52.845242554655755,45.50257401337925,47.645573840347936,47.6941708479827
96.61373488479606,114.52372571295159,21.64622737905335,21.55206164929658
72.56738315351348,47.21105342744501,208.02104907281307,208.93460947592473
105.78122027653605,24.233190631795395,23.964328334343286,23.817911954829025
34.91636789019665,29.068842417316173,35.80375596501436,35.49655757284985
141.76314356817153,18.917003054212,32.77029758528587,32.93405912045473
142.88001041788996,51.419512516215825,126.72371312015304,128.60102308774037
19.156524484951834,18.876722652435376,106.03928434953639,107.70139452035744
38.26474883647303,197.71054467013127,57.899347990187195,57.45248634862426
22.849710153194845,155.7346358373709,24.340396606089612,24.179129999770886
148.1753201787708,68.74786224782756,181.36770029415504,178.8264848003704
148.22502064337192,32.3100843504007,45.711963661594474,46.05019164799224
48.26791347550357,85.30718599306438,60.76013470138528,60.32303670435374
137.9275879092446,22.709224746305253,223.55464533481808,213.4793805440628
85.1498366890254,49.112660512564226,76.83157820760877,77.90949043077737
53.76960315615022,94.51013558326447,163.06850736434617,162.99082981100284
103.77161269606985,156.77509982496045,116.00134577570971,118.83467693103489
58.21691118924767,68.72020465837764,49.29171861110782,48.9171661978964
17.917499735600025,149.49590667802647,77.10742123319238,77.90416289254917
136.03883797119624,199.9445910018894,80.43866635980777,80.42337809830528
80.27779862566057,28.91656188277149,46.891769116536395,46.7011583108154
61.593223621959574,154.64173762066233,106.24321511993199,107.50067003763144
47.86865514578301,42.791224504531556,74.76280466271177,75.49822094014581
168.2565358416287,31.919698951438548,56.187532162468905,56.32709611150236
35.18093860383433,41.42364626653934,75.47044172861229,76.36239581806501
178.28813332756965,67.33170651842005,212.8381080890874,217.0837559699142
95.47473189872015,91.5097365781014,60.88893494448135,60.155156120149044
108.45333968682456,43.72907381615541,130.81844411039066,132.38138247431283
82.6202284027566,193.54155111940423,35.6923012456881,35.68302410225191
179.42885241072946,60.9874687546502,51.988847103031716,52.481042138083616
61.646889820600144,29.854603067046504,49.00769189629048,48.714655070124856
22.61294213579839,86.24327944098432,60.585349457708574,59.73275641670257
184.16747760668846,199.26020075162288,55.22290972170554,56.71019681948607
47.75425386947212,53.56993548684675,106.37477346410589,105.51514636586816
147.4212655028573,40.50150399664618,21.666622372068126,21.519784285238444
18.61842569622113,46.70674133672647,32.61533160830637,32.854038991595615
41.712637938717954,20.12734554400099,120.95889055885912,118.31862860825349
91.36288415147672,37.28898918908146,24.405830199433616,24.449833534762888
148.40698841417216,187.73533948554856,169.53522841611485,161.71336967903397
82.76758078163219,22.788574214226596,24.04027829775045,24.3574082956866
103.88261284255144,20.373106200100167,218.90667236199636,207.68301446402342
85.15658576260671,44.67563690396323,164.0127483567818,163.0699674816542
101.68935763440578,95.64566660028159,103.62877453755343,105.04742728927293
108.96817057982086,23.725744502914825,24.266436731693858,24.27118183749893
43.80447371703902,94.51541062162487,45.763602827752834,45.27862796496141
143.15764130092995,109.55513618292768,25.200526108116495,25.538512319912897
53.612391932089764,115.58835475793556,74.79028990126847,75.87483272268457
79.76412484321621,64.6797029258737,23.193062260224266,23.666404619609107
18.40527669940618,149.2910244719128,60.099576425412096,59.66975123521422
70.44172727215403,157.9386272241356,127.04714790913827,124.9408620986807
88.30650808402251,71.18189263134836,130.2072832944193,128.91536733825802
26.545235569514897,109.16448868531579,24.350293164270592,24.73895276801177
109.25187404945537,21.830171691927163,100.9554214033321,102.78467478116329
143.49518363717172,44.76156619916202,94.14688909415096,95.52913731862151
45.64998538832304,37.84605036029177,206.53321812730226,208.5779914605091
88.75694115216052,44.03232052551,225.16425975680787,222.71635248314914
181.03223308609893,189.41346420234413,32.06602984374018,32.93906562226777
144.84416616747598,18.714755240886777,178.40031482802448,174.80420571682487
63.81970016887536,106.86964558115062,24.61512224196861,24.55190765914007
41.03725434440088,189.90238404209722,23.119902507769087,23.16467188958149
46.105856593863116,43.34883760052375,55.455310236306445,56.17793833755803
21.566659965928988,45.04003333826816,72.53902945899878,73.97483758949893
133.85136654042265,151.78180405497116,78.10796340327877,77.99282556372884
88.35520289566335,108.00818638754114,218.18160916422758,217.2783959014796
133.0533704559907,39.597457821959296,46.770224818668055,46.50410892172902
41.891387038030125,69.62567884957076,121.66033059990279,122.71308396152871
139.5738885993559,89.81536697827148,126.86976472270457,124.26092213547702
47.593150356577695,44.78541554216794,74.3905231499214,74.11808346841462
176.65153779055498,71.20046569930389,55.154973272298214,56.00686617833897
23.46742897874642,40.577806688951206,21.394368585713003,21.613209054225933
58.337271628192504,23.82471646997686,106.80514252394582,105.35597443603292
23.245030266073304,61.112750169722,60.22245750258272,59.564328940920575
28.999718157984148,192.55027404489664,100.9299167190135,102.99315269099723
21.994528961275325,36.56991044776614,45.37781073600839,46.10974314045607
150.090109471743,39.807477553090656,221.39457198461733,210.3889153932335
62.002689341696126,31.49796088863239,173.20641545102382,168.2280146742692
59.66317965604338,95.37850523046038,98.9195688142638,100.16661807995749
138.32620715155122,38.428127281838236,60.11331483385638,60.442439140813335
20.738140802142787,94.71834879595824,78.60580007512738,78.42063299423496
49.05023734933554,55.42326784502851,21.740040159799833,21.349139072057575
20.364222491530334,153.54486926381892,180.42396101594636,178.72613533548926
34.30033665647395,22.581905350530416,56.07164168384946,56.0556151831884
150.33935620796498,156.9179920247028,177.6676015881966,174.5702146260484
19.703296765148654,51.43131816339303,224.99147941744909,215.73375418049883
71.65602325241527,40.56594162569267,38.07881240373952,37.40379630771717
181.90252484163625,149.07394987815235,133.70515242650112,133.02887899779282
109.58499668700362,193.93893213107583,218.5936272750444,207.66123142499447
31.20582518866109,110.52897013883351,48.982148848327064,48.66500714173038
62.174483059321716,192.7471164097263,47.56683269699895,47.011431184086604
130.89041602763845,41.34017347521227,48.497946732922564,48.19753326569813
43.98721064198008,112.93001731339919,52.47081825424784,53.21822335410987
170.7729615167829,36.40968046996641,131.22114015883733,133.46132112058623
109.41152820268564,22.54989762656429,42.600494014612714,45.002277407790935
141.8506989730826,200.53945492177715,59.33512455965127,58.82393295099371
33.942698888210195,109.04793724064584,225.21117365217123,217.68578539685745
51.06436784433427,150.5637536454718,44.31843348392742,44.42034442263253
85.34315386226595,21.061931703350965,217.9289514266922,222.78636706768808
69.01948268626515,194.008638258915,178.045126027371,173.70759331934653
92.0440607199092,63.29461253816641,223.99941048738373,221.84549079400225
186.50712263137865,35.02798042678101,80.26527584803038,80.142141012503
39.0045852915185,23.262049484202986,24.22111496170379,24.69175502825702
49.93334818073115,85.12979967086417,50.14729302190317,49.01177037350923
84.29346329706881,35.47186770002787,42.315548879965746,42.4475318224715
143.09923316635403,155.84772541218373,221.87144946064504,213.5533330286722
139.20854733695722,44.594711390249984,222.55304855540783,223.00499145018338
146.92072058400507,197.72378495571098,45.649306255017144,45.686045590140694
91.08403706929366,22.075674653201496,169.22282705401187,161.38034949041014
38.80830280614695,29.916558305914467,49.06813710243783,48.52190580095146
33.13347222068283,96.55372799770741,42.12452319324059,42.828075756035204
34.85840659729921,196.98884855972437,98.92286092245617,100.25647336659995
46.83115367593357,109.81269659966259,129.3635469645901,126.9810187284605
180.98400599668807,95.76647966653219,177.9275437498036,173.85344468115522
88.89341095267203,39.22405407649832,133.81802643460793,132.31563287292138
39.08884135290275,88.851070406173,229.16472752615596,221.25043627705134
70.00262147525886,36.711491634696145,132.4756786936787,130.04223758629578
108.94725294193366,72.2413178002348,23.445820869812774,23.364555011193357
53.484857747714564,196.95745590683535,135.0329334004486,133.35170711525143
49.24494230167048,147.01648312255665,108.3947809178741,107.50495240636963
45.686472722946206,194.032631045784,106.00340336427134,105.11335874445928
38.188852295829726,153.23045081457673,79.70123808143535,79.63375305530045
67.75583563665695,86.15347436252048,49.40553310272009,49.22225476257075
65.72969306412006,53.58816070488682,221.62293317757454,211.46465220049868
22.853017553396434,43.29636408411911,32.31511045690483,32.35907922998986
31.404678110974302,31.46534806998368,72.13889932789377,71.7419321844289
174.5141830529117,63.5863412911859,180.39277416863808,178.72472238707593
142.53749347949946,193.25809796854855,32.399035418084225,32.29666690329484
36.824346112500116,51.344673338196294,57.547145515604186,57.215494325795234
38.60621240418849,90.53091501253247,21.224230845746668,21.500261625873733
93.74195408789684,23.97402104004383,42.405409720460085,42.493689953541654
45.35598689140289,153.5372149708797,60.5291409749005,59.71555565403037
83.28784733935609,109.36649077847663,52.879478991807744,52.434867980333536
27.392514902997195,48.360611681143354,229.3821975503505,221.65752284849088
112.24180262677842,69.59248803795222,38.77755255005614,38.16482687565163
108.74808112718847,22.611499477062594,115.33449135069809,118.57411513711409
153.45276041104162,203.63382864003415,171.54606177478772,165.2563549284728
33.775784795546926,91.95340428454185,104.24189213991811,105.01126956860811
182.98861434235772,34.96858868470296,72.84358510295803,74.14863479551337
106.00742465023635,28.52031481933879,126.47320710203356,128.71012591216683
56.606208385726916,117.78848569799894,60.58598307556814,60.13200960519849
93.72815875091949,151.6565678817382,175.58753458459168,170.88432088703416
27.397043363740256,20.926533588450788,218.78298339995033,207.79205355267902
100.38031821831835,23.58627516098294,219.45566947375772,212.73686169889544
97.69684651225526,30.4303760391817,23.909393936081106,24.220821314810276
109.77874778279953,20.38321390961095,229.48037952446185,221.20130731684077
20.670162374002572,51.38964326531079,226.0637183346726,220.75437254735758
19.487708119911627,45.81597915027288,36.56041674049239,36.5206562919738
178.69265094006292,86.9676260251355,25.465156747692383,25.16349330787746
63.31873703701938,73.68380890620928,124.37181043924073,121.59594247549839
180.35656379951243,50.21630229443127,100.95937057608964,103.15973083542404
54.27105190671144,30.86541267149367,76.20978947821538,75.83925906324617
112.4747261242744,60.30392945625127,25.637519461616506,26.27119933041483
182.9128366365587,21.908780375871107,21.666199678692585,21.838638897174626
23.09132418841379,94.48261584409173,125.01423634748082,126.18077983027612
85.13335814932823,69.36647011758369,37.93130532802748,37.55388322287935
51.3390312115148,20.779552828369496,131.5296267814546,131.7211925575089
44.33534444042201,189.35900341340135,51.66361199350771,52.68438932314935
83.92931497443817,42.062685903601285,32.72213575716748,33.06482662097828
44.80516465217735,194.74458065136454,94.0607149863628,95.526531765779
30.528106570647584,156.93473549086409,25.44145718900044,25.460424110987674
106.02383832239337,161.3592129039239,74.86453260909218,73.98656495452957
41.95157852613943,151.63019835326654,104.23756164718193,105.6036216709034
151.41905367348593,90.12720374091353,47.24959891096316,47.2141903683037
21.032217468527556,33.90669970326242,35.55966772119575,34.97643699540745
30.122342201830655,110.06183142073755,44.8897283555711,44.79018878620678
34.93676127098985,150.08607543278714,23.24620115912559,23.14477540021361
112.82040132589958,74.98989471735302,225.17568910924214,215.77819634262204
23.234240791355766,111.50901976670002,59.294267807378986,58.85738922407944
47.60189168585041,161.3365107797637,105.32450250919189,107.30512616770771
111.1649822591366,61.78376170935567,131.80915809658134,133.47741627716496
105.10987348459355,160.39434133438425,99.85998366094258,98.75368651568245
97.66926521558159,22.440403194807107,42.83004511726726,42.5094945446305
17.92619959001817,36.11435560197161,80.39492464180415,80.21289621878142
68.98464434796585,64.02197919073282,219.06170572581573,209.1881696667644
181.9106750567464,192.7449252785466,160.40415240619524,162.74696420472858
182.22446753995098,41.92349345422689,104.04104875813346,102.55996628263833
36.515721816987174,117.21230175590443,100.74375564413789,102.92025908482933
34.73773273065237,50.935916741094495,34.55102639498898,34.763359912122944
81.97729435826436,28.215415495915085,77.03609527579444,77.00225876554896
39.071769287121235,31.024797053299274,103.88836770914683,102.22808190030564
150.7711852536966,88.94280208503015,24.619770319633922,24.73652706898322
20.079451118638868,20.683137580325596,44.582903276966434,44.51963634869555
31.13998763129565,199.05606332988054,42.146706020647045,42.23586994832528
111.41315419349952,64.87472074482116,133.218437468991,130.3784913285965
89.71435827764044,53.111323084506374,107.01857671605639,107.71982194565548
175.9648002679195,85.12520922309216,23.710946873907226,23.58843647428874
96.15215075018419,22.359495866185043,38.50807258633422,37.925139726209366
21.428970830054272,116.89993287648555,116.19856488708439,118.20006943944416
143.09874306047976,22.330027993073042,225.56834788820072,217.77223568754363
52.1899137998081,52.14905142533072,178.17003470166077,174.2732975494033
52.328997511672085,92.13498135881525,173.58284466795664,177.410204872988
54.435738872639746,29.330877855074927,76.80345683118092,75.95297250403146
137.50734650165109,111.97977292983079,55.09123842307446,55.4273076604547
175.73119848077954,153.6935356065077,76.15804727418842,75.77320260009145
79.14728852279372,158.31150446571485,34.930949393660846,34.60340129675263
33.3295764674775,154.52562680524073,24.345133190074705,24.400868705576013
23.926259294829993,51.342118219299074,32.75917980478881,32.669560847520785
174.9115509618887,152.09251176922174,174.75791291568203,168.14105063724554
46.36630546672731,41.899928568993126,48.403436552918535,47.987590458658815
76.85373373763366,29.248291089214227,80.68027993205777,80.4443456916347
145.81028354024784,65.61831378560927,80.15508890331469,80.03774481239691
110.2696856156111,63.18905088796823,45.47165964284847,45.75144470560125
39.83818696571876,22.777352868894596,76.48369698346605,77.74417898382299
104.91646227207055,46.10702676955268,32.95088750965031,32.4226044150476
45.72026396127903,40.3851899156987,220.35122207038654,222.6060723301803
52.250556353143,20.47342988867313,23.30953104890606,23.463204141643764
23.089131527068528,112.64806335183826,49.85119781891249,49.21659739131742
108.14034503141013,22.80238518803145,34.09690274557639,33.992895372229746
179.18244963355397,31.177149609253803,60.03583493626728,59.559117750674964
34.120927125980025,85.21068586857093,175.0131142967408,169.04980824533118
24.33394888791928,45.61012331129852,34.44428979877603,34.076496586299406
34.094574166417694,64.20060237295388,22.80521436022593,22.867482128688223
111.23106005703804,93.450332733953,101.69871319440142,102.52743838256018
177.53436134181234,64.8029438343366,178.06351473434407,172.41662781546538
180.4732681309347,71.71415287395496,32.52502605255843,33.122047933653086
20.009430440009517,118.17354858903846,180.94970246222036,177.27153797196533
21.4926424164664,69.7525991152935,79.56088664039295,79.35070836191342
167.28806024597708,47.13735721607189,103.36176961282291,102.64166508242221
90.10971175539571,62.04521189977138,47.52921321772381,46.636641497359506
35.77941583682559,90.55840371495066,109.51430416289625,108.48443866237662
98.28512715782435,95.77087631789335,126.55905963292622,123.67915096765975
61.071737232704486,20.52631160115472,96.13003321605407,95.52571995058871
62.60134229097526,62.754735263926555,159.43409757088784,163.08413555629528
43.307629534867424,69.74052917516642,44.76095246770473,44.69894593468221
22.91825059726485,191.3715054112771,58.84906584836915,57.96609412020539
69.720478099842,86.6312783613529,131.2899572951129,133.62702733168697
91.30145626640926,19.871089634299413,129.74161839544473,127.77530420995008
148.0030135145439,66.15550784139563,99.09962627238372,100.99001743856769
182.81766287984374,34.404225409773396,96.30040603055747,95.38395317924967
32.325470198673145,23.11724138036852,59.38002142962189,59.6548278812822
23.37228393065491,62.42836557615086,55.8654522359278,56.19275552439066
69.44747861507496,153.91185665375897,105.34421037792721,105.00782141042075
183.52754269903423,92.12705566740176,107.48126530933152,108.77466424435954
44.20904766275468,42.42125871467363,69.4216374113843,71.50988335549143
144.86407049632655,112.16962566235833,180.53523810739588,177.39516807053937
70.43805900592686,93.42926179745666,77.97890136591639,77.60340326390505
22.532145595607233,112.54608410381103,35.82033701291983,35.26913979416013
32.08519708673894,32.16607811043802,59.78875207365405,58.83793304417296
51.45286402629602,37.704925805677874,36.95762727078068,36.9220011109053
68.21943869793496,71.3923841289465,174.46775908608095,168.63404308382783
22.33734748577109,65.24478959004216,69.56390740474743,71.09924160195055
19.845842976805905,66.55792652624156,107.85250034619891,108.37961017503851
40.63081910977328,53.0790884875131,25.01545232548149,26.1728579844997
53.90303956211697,36.181822673575574,44.490539557079245,45.198161982761434
71.83587212453874,53.853570339011235,133.98137156603198,131.837901652882
59.172225361832226,31.07227626031041,60.33534951434302,60.34713937400678
110.37317210910803,111.50044560791167,45.454092662900656,46.19856437825137
80.79192721780025,23.335426550375093,25.09149696978051,25.989522157956948
53.21814170156932,23.12587415838067,211.93603324053515,208.7001227072782
57.747714431673785,118.0207855594064,42.54266794330885,42.19637172320382
137.3928990643607,70.90129889963899,52.37294895376305,52.92892061142601
52.06429167075271,114.35311873169475,170.60781580726427,170.66817887550627
137.3971026976791,190.57476136289478,172.91089196740432,170.7807239089308
83.28259995668056,21.862007306465102,159.94790725729865,162.87382408639075
20.007955740124185,21.275813752197724,71.27380333116857,71.31706334790022
70.74682964410977,105.99464591583273,49.44748483920215,48.98892247433199
106.04851492250059,159.2275052148719,54.55616712359685,54.611865493302155
91.21198849018703,54.04814680201287,107.38150724273137,107.40128537207273
23.062204277478013,85.32873214747057,164.73929414306423,163.24938626734058
22.83993084977058,36.01672920594696,34.4981955103458,34.04500058596244
23.280519113967078,29.21882234268208,46.06398802516468,46.20489999337502
105.19622414582436,84.02113470937441,98.66171860358406,100.74195022550785
28.13671372428204,88.13365282875033,34.533250427179176,34.98407515109339
44.84105139600117,52.96192531753322,128.22011410114777,130.0544366780658
36.22884886751055,153.87390956837308,22.703189571578672,23.12873268923819
32.45207113153929,38.08873304657596,78.57821306973199,78.77222795119408
69.48773949032027,50.81587385281177,180.26351990391618,177.54186788481059
57.781109013135406,39.94352253380475,59.5365181226089,59.110899307916
27.528953365016708,67.55568763354779,108.52428972336197,108.4309166129672
133.2380623805014,54.12173020484271,212.8018510796951,213.1607127698733
61.48350303478629,70.86460000203996,118.76990755810007,118.71181214673709
70.32207460002255,29.07339504380299,71.87811577499677,71.56132498320528
92.68907465995014,53.12410513606472,45.86998641340113,45.95154625471538
29.4186023351719,163.9652570005451,36.53150815906203,36.50209081299663
19.229754640859284,47.914103787386324,215.92603637429158,212.2338585776007
44.907298838630226,32.833119177631914,163.4185827370906,163.03626079398003
72.28982376510048,112.30730489343487,59.9759943118046,59.999182104688614
80.69375527390561,28.802182668363834,167.60263620485605,167.07870476988444
86.43916816580995,35.896951823573225,227.01641749739832,221.22827244188153
40.37087343846887,29.891293461092296,219.1530773041885,212.15475722321236
67.33044814706393,28.812899865436666,36.957714898235096,36.69365087197056
23.531584184783014,53.73657270540814,24.0604089454829,23.829393631778686
182.16166291403175,43.91461279034802,116.19483104258205,118.66627295788707
183.6861526968236,65.98200850617214,47.51086378316063,47.07889996950627
44.85468659554725,21.66212294552696,173.35376789393695,167.88387513362142
143.32231734432784,33.09008595994808,25.74121392800204,25.650644230083213
51.490958388456384,45.11159019235989,120.08536956424854,122.67397914044724
46.754037590538516,18.49108777035337,42.18593212545001,42.198694810486344
90.5836806893572,115.67912399241173,81.38596522012247,80.32858352060174
186.35841430452712,28.52073024917588,34.91023126201458,35.18786619108616
62.67469523757878,159.07442196741349,23.403295253741373,22.979215677347668
80.46975341632464,157.40735061202597,181.9053647805772,178.99611625146423
55.44159660303651,89.59551502901424,25.138935641796966,25.45518652145631
69.72450763724022,158.66399666268316,38.48592870966866,38.448007782113464
86.61981876480993,106.56069751401958,102.85099183063653,102.91786805953764
45.990824852792535,66.64355050533814,126.49161476988849,128.85299199137728
189.8935437953326,42.29539202221137,217.5426721173123,220.52550324387363
44.08619006753271,22.404391633196727,217.71861388373932,214.52962089044468
18.83112951809494,47.79689105591222,36.59175971767866,36.888739739021695
21.304236647484093,20.837738400085936,220.1746880824855,213.05886855892606
54.41689605178145,194.87637281081356,60.36995680264404,59.63173789032485
45.39835417376944,112.28110890370058,114.39123151581214,117.07568540664514
62.32446813927645,153.21148333401882,71.02626363549635,70.10461922050688
52.3124049363575,159.6963442016796,168.64617420260674,163.65267360102345
49.51122022593203,29.092657938549266,223.57361299228995,217.46461126851318
72.30118571910157,32.62369169866301,22.57411138057927,23.025208673665198
152.67599681599822,20.41325376747861,38.70307236501618,37.794956190174766
66.35763535146793,116.04317995929681,217.08504221296516,213.67259139228202
64.91719864175143,94.93376655044068,38.311373862984425,37.849664657791614
110.1055645831301,158.07402929909972,127.28898365099107,125.39434405088286
65.51539048552915,195.6344508012478,77.256050226893,76.8318715918621
183.81404726469438,29.21984429644402,127.33994181905952,129.84111851869773
20.23046828974529,159.3468444764852,60.69775746518104,59.707098367048786
45.99589649593018,32.1232215295051,42.1813001241743,42.80421059144459
24.11989539783987,93.24862950099948,173.87340577604408,168.52932551946694
149.30007237381167,41.9866761297024,52.76769401876784,52.81615538682713
154.100831156115,21.511474473571585,24.85843289689713,24.704925229600942
101.92567879133455,66.45605257718809,73.11450920616159,74.12289773404919
104.63165779169735,52.286158950670654,52.63878930892601,52.91072075198281
32.52225416518443,50.93320844083842,69.43178523487518,70.35193203509749
187.25723537415533,114.08360951553438,131.86549597129607,132.95968136983058
188.0984915695561,204.10824484911515,25.418261945995805,25.127715143102925
81.11758734764875,35.26871395928006,47.15427087110403,46.959085950928255
45.48092489493293,54.62537819989772,22.382010097829742,22.360710241840415
103.34595613258152,93.5819968298296,124.35514620932442,121.57001124697334
175.47191568058176,29.01340549005777,74.83422595235886,75.68149775485679
45.747441275074905,113.0817041237096,80.95697689453833,80.75887608106038
33.19167166115768,44.02965815755822,108.21496548578442,107.69116158162905
44.680315151466175,202.45947664763406,122.76056593197518,125.05370410340046
181.9616457012486,69.16134236430693,104.12392022219429,105.56986733973
145.1566617469039,44.774907930838005,51.38243654369941,51.98836388622192
35.48356860979211,54.337299424538095,106.58653228748678,107.76078821386008
70.30961748906137,200.685907032164,106.37865758310889,106.96549404588905
20.071425290233627,27.817676477142058,227.10952763373132,220.94770939536824
185.01526005701322,196.73486561226864,175.0562019585654,177.28609330955808
63.54899258321412,20.568796407847497,176.76612600633644,174.7418731393612
23.289611252571323,21.917722747926817,60.35205396698387,59.44782300954783
43.353823099776434,19.038729859301515,73.14067229302141,73.83258850297753
144.62814536229797,65.32397816654534,48.365149285059616,48.37633745191266
139.67744168009244,66.5731137753621,174.0316898310781,170.2738816868745
28.730039958129268,47.53287882201391,75.70821864879912,75.5265067785286
48.23956357193377,33.362872879827776,180.86591268268302,177.4803294637082
152.86452742861326,117.81622564180066,131.62921533109196,131.65128483913958
91.99381573599871,117.79238082775001,223.1105268915434,213.19259543941348
28.588232238031765,108.31787335121439,75.34600266146208,75.98864731759707
100.21215491970908,86.0647925914386,80.45392113666217,80.58464060329113
92.27893796287559,69.94501659938915,221.5992594223862,214.4730551923588
68.33812491827345,22.588268092494687,59.59452874697209,59.31816296256423
54.05463991500006,34.91644813426857,55.67310322956169,56.11693745859081
186.6184827113265,32.19495040159063,80.57411074866573,79.848465953757
94.04349881281868,43.75232632095843,60.158590910146245,60.14864289053182
181.7520336824226,93.90505305070393,101.56342318237182,100.33512563978472
146.10326542404343,158.50479028438173,21.687039177192197,21.532021942379252
153.6763160195308,20.977333209597948,38.10131738840468,38.10198094693398
49.62048057201212,155.39344536748396,101.51762138116001,102.86177132122052
112.23674293968817,85.9910209700227,44.2013400486154,45.06664853527113
36.421597221047,39.074529979994495,56.20150570506682,55.850513228286516
42.837041824026265,29.509091604361,22.814765142396535,22.834232276617445
19.20758827570834,114.64419184856168,78.89441203899199,78.7329685093634
149.42067150956203,112.32484408420653,217.7233164374511,222.02799464046635
39.645345935012436,115.86005809947285,73.39269675283226,73.72639950521943
142.15852584368739,71.95442488777557,127.30765002598878,128.94222843084574
151.65023464297462,156.9614111068287,122.56602642989472,122.43775512812365
173.17703771527636,115.3045110977785,131.7312093123993,133.6703082229992
67.0667421657723,31.477229815803508,34.34047947668901,34.89333587736321
187.51129746599088,153.4821518068522,123.8039278850555,124.9581658897491
88.74458030848,188.28189114980222,74.33888246538574,75.28683920077343
112.86068551930151,39.8298803681331,121.84470516053813,123.18069269919958
186.0020503216088,195.98583866798663,47.687198586451146,47.60329110350501
21.103015474996468,89.39407861456137,163.7876702964264,167.405655000608
88.82759657530423,18.555438723718527,125.88662506870209,128.5415079147281
43.88491444202565,52.83419795152204,23.031967256461982,23.028681438363193
19.793492193631185,20.535111529409512,32.29120792193572,32.31304746183401
149.91912667585643,64.10626436539323,57.3210901125759,57.993172769660376
132.94294505868916,46.412727824109275,81.4774561704329,81.2544388123106
51.77575077759701,24.607145425281935,57.49020480007926,57.236831523742836
88.49082413804678,159.7024844712113,22.627942840644828,22.72912806816433
33.40492114479161,154.07651671201995,228.64334240572984,220.404985161228
22.629702660841165,22.17046535211173,101.40139859648814,102.86433289075947
52.87252661321603,157.30896817653272,57.676697349738134,57.599429823521035
34.9022820883889,88.68168299197973,25.210995000653142,25.669284876986623
64.41202805413327,22.32903199694133,79.98602829193722,80.04297818030055
56.44919202467122,32.15714375395748,173.86132648765903,174.24975348026965
42.745073630248335,94.9070852512539,59.74659246748344,59.33335113792074
89.41373982150316,110.49223814910641,221.5680324877772,214.98572628751515
88.6196665461986,51.17490867841135,23.550274739369875,23.52125822623696
48.8467428631873,31.650731850859344,42.10450724532454,42.58727690086442
66.96580366380464,22.826333071895174,42.01636612544142,42.92718425242017
188.13699156317108,52.48017929614746,25.41818840536084,25.238476590440282
69.3106622586367,95.49630874198469,169.46370858220888,161.78938497820712
36.13879023206286,39.97561730082116,96.72350451897256,94.97036895713939
137.3788738305335,23.171702136282878,38.092671922682996,37.890878566865354
185.29525033175025,189.62729876731183,21.690977196674325,21.491466175549878
23.258483289194242,35.68617068311187,49.417864940933136,48.8769533962576
43.2641871602861,35.05955212699348,171.35481810671777,167.5909380157101
90.11554412546508,91.70474930764237,182.54791919823248,177.10194261969275
88.28196490355879,105.11666634366871,133.0647811833541,131.11975438215984
114.21738284318458,116.62093250362834,32.65395228055717,32.32724148808211
35.67848346968126,22.525465740832722,23.250848751134857,23.01055215765209
105.52265303359877,55.896782967362455,60.41479941645288,60.33221736294382
113.96495447598322,36.00693998108487,23.564678404341617,23.331645791299437
49.5362296568497,42.34252403218631,37.739843142024526,37.40714195530805
147.45548244774074,86.3886577427884,25.10870000126475,25.07234938271248
23.085222961355424,162.28913378850493,175.438132942197,170.70696349481915
21.832620790694097,43.252306692368336,216.95525000308788,207.35670134342914
20.483152438018724,19.698601361074072,21.429570611078045,21.367608550795115
106.04780031009042,54.157058459244624,47.0001026664802,47.032659531369234
51.055832747604654,196.80255607880008,122.05655382591232,123.02142457673256
88.8906703799528,160.34324087782386,130.23712035164053,132.5485160738525
22.709640392785236,44.50385704954749,23.889833662101246,24.077964362434173
101.4132473716535,41.10981588467806,22.702256239963436,22.47091148254555
35.95051154978201,93.17440453587973,173.90929679660493,176.8641025383114
114.07814926650164,161.7819081990164,107.25667923597487,108.57455743664259
20.608152574782466,199.73055426221856,59.40691287705552,59.26117150548459
90.17132508401322,20.183218131851003,107.23386206460252,108.94950518844595
142.65986126536652,21.080479212660773,38.60225459805973,38.293885729593185
58.5527918122466,63.60286234475899,49.32326279608798,49.09388512812626
177.9953463770773,69.3159183471649,24.165899801538423,24.11761112095677
27.099039405775024,66.42835112308234,42.17952449634137,42.011212407184836
143.90370250600446,90.81976155773849,122.09388558790714,122.34748345427609
22.54463862916607,35.13796059985063,105.88257297596591,108.13700520161554
105.15802088775798,155.72229308167329,217.50693050196813,217.33439655401992
20.889738105111636,20.678233658857135,55.22112655449474,55.90670914989473
141.54548089503376,116.58210791383989,44.550361103663775,44.53355761734933
85.42403190426188,91.6236382229485,49.41076612626364,49.32753704012894
141.65814990950665,117.54498310068195,22.596065863545828,22.492862049981092
90.74987776244262,20.42616721061139,165.67625248854068,167.09379704703434
48.9677769680435,31.515099968537484,24.697523077910464,24.62698900703166
156.21468152098237,19.3103425429619,25.22714742668083,24.920579982478614
64.72466771620984,156.2338469761207,57.79004214428885,58.15910155723061
102.0431910229972,47.153313465052236,131.75815720165733,131.15080329350423
60.62940875323266,66.43824329798504,36.03394982226835,35.722910392486206
41.86001155311765,20.343126367886175,218.96090385428147,222.50929487128215
34.92239737969928,201.29112569370017,80.77637857004135,79.76644294583286
18.444303501162217,196.72999158053761,48.871016785727804,48.66886847782156
23.19452771230151,196.54008470367836,59.796000731832834,59.92061688586941
112.50571304894277,50.09514560274536,215.8100144196809,209.05965137230277
70.81587840263249,23.308666721244165,25.10422519260775,25.931403800001227
180.56464128163873,38.24221060807508,34.42310600138653,34.06826350712939
191.7067789765522,20.590656917441496,75.20213560303631,76.01003036116728
139.69684170676226,150.9183287574633,45.59084371526672,45.51039608127241
42.981738516802125,160.1854826807759,126.4160889418466,126.41664554773881
115.26890598963745,54.12153001345896,44.47547427653964,44.39143123579983
61.958959975160624,110.65246743111327,38.057251925086064,37.574380544245045
39.867610364605596,21.12128072846601,226.2903791869954,217.41796871060168
29.626570380356565,33.45196106029024,125.00792257996929,125.89762273672866
100.07140321669313,41.704219036044606,108.27990864739508,108.20954894265095
31.701210071408667,31.800826937764313,178.4185283962347,172.59604116802217
181.22529152799302,50.29379074747166,60.4110827163065,59.91597677867602
151.726043859764,21.57461835454575,180.615510708746,177.52996231508632
21.543468999978426,202.29185833642185,38.069362184484625,37.83246321727859
36.97383941053369,51.01160747450278,104.09834513860774,105.57543121200433
59.1045503828337,196.53430060744935,42.03496557785594,42.47241790634665
186.16512635115836,61.88631333682768,36.781488598404465,36.67191602886115
52.943983309146894,94.71001589254298,130.55728900072756,132.19579638607115
55.25521660365523,39.67330847093476,218.70942230611757,207.7666479549105
21.438331087751045,66.32464131734015,35.16298654790427,35.86218578909332
42.5582347583242,96.64449785751187,100.86522509836298,102.94735027523026
19.733675406870688,109.45277668152548,100.21064855556247,103.08889076594863
69.28538141321866,93.82152432126445,25.131620041215314,26.026289562415155
146.09544624050832,64.7928190760011,130.538410803196,132.20637400853292
185.05924673730345,42.92252561721653,22.76314004115948,22.614470996028412
61.68096895574796,199.46340706901128,230.9913081920467,222.14058643678402
153.43330029088,68.40093683523213,45.60535820940604,45.988249113846656
91.32210685684409,158.8370824971292,75.149671045249,75.66051679091831
53.061083001885706,20.55657725783214,109.01194311835405,109.23087554649851
37.455378507336874,106.19222952357421,81.16022904093992,80.52632844290126
52.58973429971217,67.6483377056308,121.13925636537556,122.58572855149104
19.559778138809246,196.35132686577052,69.26979948901447,70.7732912045462
22.68399585524938,118.91082316683503,80.96482982086567,80.11283660918599
147.26617064995517,94.58542325354675,25.668925656134377,25.670774686407093
69.57039464920328,198.04789478911897,22.738978408234424,23.070978351782035
143.6600733534668,20.912995973362243,100.47701746063925,99.32547963905736
183.77227948527573,34.83840323510281,34.57569236713243,33.6968525269944
36.089595780050345,97.31144530123814,105.6526377136324,105.07053423370597
109.55306128732961,155.7032813257037,42.343147185437836,42.72915048389219
112.45248889421332,112.232662504588,166.93958817695338,170.57249372898428
40.07892532621241,21.82135521728252,52.4397097378649,53.39181067855401
106.60911770805762,120.8730903165014,125.03773701422656,126.6074917334802
23.01556172034249,34.88239425502138,69.5417681656598,71.29935425189171
29.729131587954534,155.47582755693165,211.77627382386572,212.09565390098328
32.17153860209075,23.32683515920346,32.59943695064334,32.22519704285598
180.5616486806395,89.49048728940451,54.2894050585015,54.250602389466096
64.75238037767389,24.627265818094237,38.26329724808667,38.00021401817126
64.51408746752469,46.91583475775622,175.04457479711436,170.8689016091
86.79341118362416,107.59935055861118,34.959976644385435,34.46770329246925
46.05054686343232,70.71343160032471,23.537734877745677,23.36388470495951
20.13657349102095,41.71981552625061,210.82997568895607,215.39176290972844
45.43211323455393,109.60688536428825,47.43776105280938,47.321347991710944
91.01138792675789,201.45282225161316,48.1304395739629,47.92170310509115
23.645543626266047,49.136421857509276,218.72059185052447,207.7418498325402
93.62651270651769,55.419228093992096,134.15178891903832,131.69486427393602
19.280580133079855,23.90240085549898,44.673658084271395,44.10030909138855
86.30125005509831,33.78662552512866,22.375404778300044,22.707122112314888
179.54877391260032,46.75888226975168,93.26675123864008,95.28018643005765
88.00675869274862,50.20819949055267,221.91582342290482,213.6511574638062
85.42875038032963,205.88269326110412,73.11777918735396,74.04913789078854
65.41645041113345,42.75399611290881,59.67285248374303,58.684279447478694
29.341698516613373,159.36670297870654,56.18093974697976,56.34006725999044
47.590641370617135,190.35247922482137,45.9822641933374,45.57972601457229
88.47478434206988,35.28178225585637,35.40394028230454,35.344835594295006
39.91411786515936,90.07863767783523,42.706045987040206,42.459263364733154
146.95842048957388,195.04068314115244,211.46561358833873,208.4601685779037
53.762223206694074,110.34837531319424,22.780437009366388,22.92224285011894
94.82198467112934,33.478038348912435,105.55363410619901,107.42355599137639
154.66890621023302,30.49535477782473,58.85693150099496,58.23243558752186
42.05950255416969,118.46902340324768,73.26779249080703,74.39658073436442
66.92380558946138,20.766029313208737,126.1195000478702,128.53379417567788
29.05107902176548,32.558107210144115,223.44366698366446,214.58960002024457
40.38037209888495,85.96402028175584,47.67556681823597,47.45712735951361
110.31699412969134,29.031895167508473,79.45419961433038,78.98851938885099
106.90022442458245,49.472299813152944,217.16501777121408,207.96557035929618
112.32560303363954,107.97770354163193,49.63685986782626,49.172138532113564
151.19631839749158,162.13846854015424,34.60971776192327,34.653307591102504
98.23863072021906,85.4246657690243,69.03199147246832,70.75514680635531
62.39121080417661,195.80514554623272,120.83241788057433,118.48785710321664
35.15559895865684,41.03326490964947,124.2265875260143,121.61930015440451
151.29942152125463,34.450526645512724,75.48145208228013,75.47952436968649
87.17128307463693,23.633677904565882,77.32123008163623,77.69449864801172
36.575607720472334,42.948340976245056,122.76416750383032,123.23463137940765
148.47751455250483,93.15871000707722,38.2288843466046,37.647020639541374
182.65682217848467,38.803007068128416,170.8751477353274,174.70774927231585
28.581039783823392,44.96082498815349,38.43202765835092,38.16758591532874
55.969011017306414,44.45482864494239,229.9905016506848,220.9637548672382
60.81724515443237,161.86862358032667,125.93487278923755,128.5435478823622
65.34119882126701,67.04157008222508,75.02555545954488,74.15219309268662
36.239391167024486,64.02419303629493,174.06791440702864,170.24369490069665
55.137322257664145,33.657431652157314,225.85163290291928,217.1918295417945
63.76045743984641,34.881437863962766,212.47774607730898,209.18835257102972
94.45163876024606,39.44487158287099,48.39015282017629,48.27001508220041
92.37597706225367,53.69680955779342,71.72136969031541,71.44469136442044
177.36364495123496,33.118243631748065,107.20106734140296,108.57566948075441
156.23012773002694,69.57385610724793,21.479613125451404,21.46164292302755
31.383917398615875,31.886314704316042,75.05308254135994,75.61103055346915
30.586815649525594,66.59595996673201,223.80186856700902,217.40810304423476
91.34251398899795,146.20865200115983,120.62009197354732,118.17085408565373
19.112009552662126,73.98796475862197,93.2864769756393,95.18554644565599
188.98754636178572,157.91181551889528,47.428327042431135,46.58512010376998
28.937277658382364,21.073924589806367,126.8823921717514,123.92018184774429
24.31884102072204,113.7185686049374,38.44831800005417,37.88230383240138
32.53828594235185,36.26556744837739,38.72057077157215,38.43378773047744
69.87009362622706,202.32215174457286,32.73362551203373,33.02408512179762
54.869552717940095,162.50933507813983,42.09989889681544,43.00231927098364
61.17205765223549,115.21909549292353,24.950226213919173,25.506989680402008
139.57647171697286,45.97894642759537,228.5911457536577,221.61279032748405
144.75245418884157,31.38275694053443,35.48847469656727,34.93459511244727
46.63198830555836,117.47206666575944,129.07624059375257,127.12371620010026
153.4200240857196,43.59810977628939,21.548992647572828,21.414878515504835
63.29054895410183,189.36355631770414,56.23120561913117,55.68831127580397
28.845874441380865,199.72166600623302,76.99757032954913,77.89710697897712
51.752123441766074,193.49512101156085,60.35086503761422,59.79925974478189
86.11711830814697,90.23060294598564,34.598009133091125,34.96754345198563
63.16199984693157,69.88350231768634,217.34855718503994,207.75226346306366
45.236256323398884,202.08057202477448,42.79520728923122,42.97590922074151
34.18885851266605,56.73703804117456,130.40067999464284,127.37994149484214
67.60504858350215,45.654692263107314,174.16579714696755,170.5512988674431
53.05466741364197,42.79276265429379,132.06807814192828,134.06162033699238
84.89548224830908,85.4476356612797,54.05365343880689,54.06811616515377
19.21365359351329,202.57579199580593,175.4608253199115,170.96091130862033
144.1893168978653,70.72273853152993,71.79510683220158,71.84075876074638
35.111662292185876,29.000577482544323,56.196643451152994,56.23386566005394
52.05574253751453,161.4540563075543,99.41004625277807,100.27291056887012
67.7027034334319,198.18864550726866,96.59856600478267,95.5850662690562
61.34897266277461,50.09653957247028,24.99911677843589,24.86742530465358
33.74660428691469,118.17148269091557,79.4724289330943,78.92796718118919
34.880523352849394,116.0472709416156,38.49349933580616,38.24513454298622
22.841664694410408,191.5387623883662,24.781396569154467,25.128823454047552
40.16916498745032,48.52737335156053,48.77238120706782,48.54562402976997
106.83505646464704,86.93446047330548,127.42362305538255,128.11656792517618
156.70503095026845,95.67801569343413,220.258247400916,210.8907823113439
67.11663435796467,154.67757102369384,125.20030094541437,125.11599187566327
141.2081029635007,33.917270570983646,24.82736994795536,24.589526313665008
69.58707582979034,198.90632493484327,103.57214920792441,102.53885386985023
147.10489033059824,202.55571437928506,78.3788436647252,78.01864074242476
112.35729950910054,29.901681670248994,218.47137749604923,207.9380350224076
35.5933539427224,23.086030937715044,128.35708381148996,129.81215225201618
64.00690904016392,47.052286717392256,76.03988686852449,76.19999015103087
51.75434424696264,55.354144312449726,132.32575851104582,133.54948204358536
54.13637916667628,49.984148159404434,51.81177063269365,52.3509028904446
105.20379041224311,157.54764108822258,77.707693012282,77.52582262768203
85.24508230632694,96.25058324239093,204.94001108584865,209.51274561432746
41.57786070723465,73.60338059831464,58.630267939726934,58.75344871572855
144.32765333788186,42.09360652695647,57.1512662359654,58.07432471938463
108.09351093932752,23.54666811758164,71.68873940449373,71.60937310238863
53.91237459288744,114.7348802459116,131.59994388583735,134.16380051727805
18.138474260494934,204.1835290926228,57.663163329933326,57.27700732560329
34.917484611562415,38.84420481963338,69.9770341798924,71.10138718466003
55.47303377451429,110.04228964719395,93.66257360851527,95.59793382932247
148.5384650176275,72.17885914111709,218.85186039093696,207.4954802776452
141.83487355013102,39.87252049649111,32.787916111532944,32.79094504821485
89.95086918249064,22.426637732297365,43.69631805068806,44.781624856390444
93.40163572180866,90.01676468961067,25.436914919747167,25.270178826522866
50.738958892351974,20.333533130803353,59.67669563996384,59.097778597424444
73.03539476357048,47.622483293809935,48.57273104817669,48.25927792789994
71.32122014407261,36.53053340961051,55.36346222912894,55.34898855118918
179.97574884827887,45.68032744902391,60.4800610440209,59.520044419164215
37.341516441400366,49.69451634089039,104.23733595603787,105.21449139385712
110.21789575658796,46.05651288217959,38.628348893820124,38.43625503294477
23.160097431447834,205.29998909450347,80.27550739380406,80.3621624056062
20.791384226789752,32.344842392259,42.093404137599244,43.105696010029824
114.57909662580376,43.41982636683405,81.5470339200526,81.34228237445038
45.22029909810811,37.41797607911568,22.668962138157358,22.70996970089508
183.47778550070555,110.81902738193772,225.98433483970956,217.97998753766652
82.64100920225862,161.16943068195837,52.8862871476674,52.6155120821021
183.67692860410173,193.7069892471601,21.88650638102875,21.517589225487637
117.79484530044842,48.43881688092937,37.890979633691146,37.69530614667505
60.99079482074991,40.75561580586895,223.22787069263472,213.4054737830973
156.93704636051473,55.276758614306004,56.68838787173551,56.35191425280852
81.56419052022716,198.06833233138593,106.35282384823779,107.74289145700135
110.31122007090813,95.8689390568408,79.16364779774906,79.71960994583388
192.16951450736684,49.90628129056399,25.035807154260244,24.829576735223746
189.7236286450578,70.14408315849705,22.399290944127955,22.822189919647453
49.5675324670816,48.23006299100752,44.78535082013553,44.40447041824346
146.18350677097644,155.3848808106509,38.36583710587549,37.866295171469616
108.93564449887874,198.75121139782175,49.960566664793234,49.157533570149404
41.8226956588322,45.777633627943516,210.46240671521588,211.76569785622223
102.92379991496925,44.394961700851944,173.95917897658967,174.73052489019523
53.119261091414096,41.1629903368433,,
23.252630767143085,111.7988807046931,,
29.632039801632285,28.717596019030328,,
196.90577618697336,156.5677700518313,,
23.920216048015277,44.448502311784296,,
23.934624352451856,18.780681735036005,,
98.68492481072714,71.28502922395931,,
43.47674951556932,112.54065320930607,,
115.85285788424838,54.24757517149954,,
42.916752188503764,155.94814008573073,,
51.97134946992017,36.76368664111346,,
56.96948603962749,31.218732068316694,,
70.76758082828452,152.42528366672332,,
113.36794090734061,67.63442396386884,,
20.442182632184753,95.14251281351274,,
197.09498454458026,45.1242336892002,,
101.91513275423542,20.62811437145389,,
31.186447001103865,20.185164194960326,,
23.661051046051785,23.785468089810117,,
110.90864462674082,205.6794706970786,,
33.07052072422853,118.87565724669143,,
189.3138496937889,202.47514159862618,,
158.9773856227304,21.904981638013005,,
46.25208160475954,110.65573926400127,,
193.3158223211462,72.13291187672253,,
145.21565446075928,72.95064821393301,,
92.70053547632399,199.7665339686202,,
20.520783061949665,208.5152546373491,,
23.560609535735747,111.45708712952084,,
23.43249850747675,56.9803273056158,,
106.07041823473129,93.3757963371261,,
117.54754408591052,19.02902512192372,,
151.6909232901999,21.51668464473883,,
35.87979920035495,23.85470164482156,,
54.14113389593546,31.480465370674704,,
45.77713617696347,88.53830823777581,,
67.02428041686099,92.68213808019442,,
52.33324812592778,161.6130721166974,,
72.62980540101111,158.10592830633405,,
34.39407826831066,20.518833766550742,,
114.06708740680097,45.62544538762124,,
65.76395944093902,24.173749492038194,,
68.807073600867,196.99222919743949,,
92.42853411976535,71.47082925930592,,
114.9792895129297,163.0639197102149,,
82.32060600723906,41.82011696487286,,
145.3134289720659,98.3734083115489,,
71.53284483189705,44.34772400068018,,
148.01295463774534,155.29367273278518,,
35.25797333188323,199.39162516546122,,
69.05723559772115,30.614571944013488,,
24.076110110042443,121.36147570047181,,
52.763696344980154,160.0733677473832,,
51.40802770134534,117.33343771814454,,
68.12318903531018,97.48657344796293,,
139.76887836768154,199.8632363307266,,
151.69140308408785,205.81874678841447,,
153.3485842505973,29.62249810703309,,
138.93238787766086,53.630291428560916,,
46.16842329013201,117.60757916319761,,
194.61994442880606,89.05909624256016,,
54.71566366000644,19.26743479371639,,
33.14563303439015,30.427304680060036,,
155.0509920730704,155.26451619329913,,
109.2387362500456,30.101191004013884,,
35.92255914662955,152.83243400992248,,
22.69924008920628,160.1705095426023,,
71.11380828288917,49.18265131582541,,
92.36297250559556,94.55291469561855,,
151.1647942850969,66.82551091225527,,
118.84221181702765,162.3668917317181,,
39.77938178632202,60.59721478644297,,
57.06355833250461,86.66727995452504,,
50.30021705230167,38.34878388764626,,
35.81081146325591,86.92296457161109,,
148.40384368049118,49.47162346280695,,
148.70051300777934,42.20761871745479,,
42.59510982637022,22.55880879961264,,
91.75401033748385,72.98089014103908,,
141.56023677127993,24.563588336736117,,
54.300823263419744,18.518368576208513,,
39.865444146397174,163.13064171297287,,
33.599020977544974,54.18174649111554,,
96.54068177964335,150.62610030872347,,
91.5137506469443,19.605378922562206,,
196.4884096700409,69.50013422279484,,
194.13692601610242,206.69921312465533,,
109.99269143633927,68.93304254350775,,
68.3322215247328,116.7020729716242,,
56.15906179773053,49.37512854529291,,
31.888902711607166,35.40550788171442,,
142.77650800796067,197.9225967422888,,
156.24274607100486,197.61693771382141,,
152.16026239000794,35.554489446762894,,
31.357272325599062,96.92519772911446,,
68.63252321005707,70.70366769767986,,
140.51584938075462,165.0856919756349,,
37.40248065839607,152.09083015186243,,
96.41702371637705,32.28435414076418,,
141.21768547562493,45.2486128802308,,
38.52378403239829,31.52141258679067,,
24.557989852869863,67.15196534409306,,
51.67818474226761,202.31285619880512,,
147.81871287895402,23.425345038965798,,
198.13601592993615,193.85326945967213,,
22.91017596029671,108.42437009958999,,
67.91421383131738,72.26421384045814,,
154.50939595340026,44.69362722607503,,
140.50657118026518,202.89175689880759,,
66.01961379503946,156.91538009193033,,
84.2875165536887,34.735179530396884,,
38.84996387485502,29.94705379452456,,
143.20298329269434,46.470629055405304,,
155.02704487595938,121.47254482347805,,
143.8749894495598,198.27704868942305,,
52.25942671664115,150.80228194500017,,
146.03888902426309,98.6978077521368,,
22.78640668100863,66.77285361154263,,
113.76979818397763,198.54248411459392,,
201.20323013422973,42.01260951007055,,
70.30132281038449,111.01881789020146,,
50.843414009014346,203.65594332661288,,
149.84152239930606,54.99763474386274,,
36.55410040586735,21.636918063960223,,
35.57865405449961,161.51328467214483,,
41.30389788463133,63.52924667973077,,
39.854294304503355,152.1723546237265,,
157.32606708751493,201.90516879866152,,
21.45319882091297,30.567644819084098,,
53.05646216623826,95.0087859918775,,
183.81247531445723,120.78973376887386,,
34.46207468553856,41.2771246027919,,
94.6492716828456,209.26180629136067,,
83.81132461929852,115.0501849087765,,
43.01862590903997,69.1196348891631,,
149.5371515856355,148.9563158653428,,
22.535898963482207,56.10452770480647,,
43.01250211457021,72.29419466477154,,
41.955497750636226,118.03915525004551,,
37.711839614713945,69.24777451080065,,
147.26376100935127,204.90110757918515,,
149.05015028130407,42.23188348166756,,
46.82512672673993,20.813483451635758,,
157.60924850094872,49.86172152431465,,
32.21537189794547,192.90189154761973,,
31.964128947020498,92.20472979840049,,
186.8239478957224,22.671207807768464,,
66.48277809364205,19.377518151847134,,
31.83148641397153,94.5421224345587,,
144.59727301681764,45.14682791351928,,
34.574438073107885,40.85842643263984,,
71.46002311610697,201.47898983648054,,
51.74096669846649,31.446271395888065,,
50.74429630989648,207.4653391772828,,
54.58887362040991,73.0566346003857,,
182.31755543230614,34.794012734706406,,
31.991898136107658,114.65202991135824,,
20.62921070736097,117.20526573205663,,
148.32018157792456,206.0496809530448,,
158.78814539966714,23.523035094698884,,
94.70758351673753,46.23742710572735,,
41.11620567836416,120.16405832578468,,
24.143108110436767,109.86329122480105,,
153.14049689962704,67.0886482107464,,
64.2656544023142,204.06349763460878,,
35.729979147212916,99.76355892160787,,
145.73605806058202,118.31315587397724,,
64.64862510994922,112.16211622348881,,
24.798995339965394,95.89078247238301,,
95.65527134916603,39.256377728886534,,
197.69821156421946,109.61656390380969,,
99.41109444798711,34.70947468386122,,
89.21565099830451,51.45922382642153,,
39.95122604888761,95.1813781002072,,
109.40825866738818,54.89141485290313,,
43.94363939768406,23.323355481343718,,
143.15279426959106,167.27246306655184,,
38.60638936147004,160.4772497320617,,
72.34621932359843,71.21321267752634,,
40.614449918855655,93.94618574879192,,
89.98513877857441,51.17009462913955,,
24.637182790931583,154.33009297580435,,
196.62712632891888,111.47233210465099,,
95.09691299849662,111.69870680290353,,
92.86671549019948,21.50243822248691,,
157.56104236326556,44.460330666905556,,
71.80083533131005,120.1133183164717,,
88.4998328577539,203.4455671372858,,
158.94216147511892,164.5621828534995,,
53.32462045969138,35.04292518228921,,
89.53497482297387,198.78535548239913,,
45.73428575680286,111.12447551008265,,
95.76617862131448,197.20454055522444,,
97.72919525049639,22.30695139976594,,
21.475665281054482,163.42045524679244,,
157.1715179061745,84.69076274021555,,
75.09667352840324,64.58168949569483,,
146.53790802819267,48.328707210667716,,
21.710655822847425,91.20243292231038,,
158.32887897351432,203.8532947764582,,
194.5414854505536,90.41024288240483,,
24.496953364630794,160.43870110210608,,
46.544046237277364,160.1968199334123,,
94.82900412397198,122.91947576822545,,
18.72417044479055,39.832753053961085,,
159.95403237923014,23.730459421183458,,
195.45128760250745,89.12604483534759,,
65.39511996612032,151.3272931069837,,
66.89673252189151,29.110408998541736,,
144.71921753913648,97.12907615718736,,
63.89579053731319,53.303232162724576,,
34.73378646573635,50.18248167104782,,
34.47387827177173,96.65805497703118,,
155.79843478749711,40.110624265614675,,
191.36983770174314,23.99497957791411,,
21.903364611964154,165.77967411905217,,
146.52697434071496,50.02831328352464,,
49.06728269783849,199.52623562450881,,
163.3496038142729,202.99837633450787,,
53.63383247365298,87.76853310601348,,
23.3548074244956,43.790336571392025,,
53.02719593910432,21.95715236778156,,
24.276842701932843,30.5513590859696,,
20.194614903466288,117.93319237018129,,
155.9979197705577,35.11375739640222,,
41.345040214109176,94.38677772765561,,
54.36537298044063,156.25852576189314,,
184.63645703248426,56.48738106769188,,
42.385133800455485,64.64331054444122,,
33.52057479881521,93.72922206273871,,
53.01709765932751,31.067662538898976,,
86.10020522722662,41.929918624174164,,
159.1869602941902,52.825279141459674,,
68.04119327930474,117.54869224020166,,
42.98598869906337,66.93621952085202,,
73.42479192960026,115.1926238823505,,
92.1924150176849,35.13227682802558,,
22.4479965581806,65.99767242339486,,
117.14892111821152,164.73056500368122,,
70.20870819089633,68.24545399823923,,
119.04764636863138,117.8255600580444,,
44.574938420604866,192.27658997348198,,
47.014367099969405,90.94607428345978,,
92.4085630270427,53.715313185910006,,
32.430340696149635,88.91735727833218,,
191.03379112103957,113.69036943655594,,
23.8394865674843,64.61507631325983,,
46.963044143271034,92.86281760728522,,
67.19758012563507,23.604473751167102,,
21.937800349269335,66.58421957766095,,
44.822221517293315,66.51558752791777,,
117.18436474903675,152.42964383101594,,
43.41437035631405,96.76771492611174,,
112.61706316636128,50.13808136894767,,
106.39652953574131,72.4575399636993,,
93.20970977329239,201.43655989178072,,
22.062492889354274,161.90678779292415,,
21.997298323484035,34.9471000864177,,
39.57406151408847,202.53370149522704,,
117.66943333988642,21.54112238607165,,
33.798584302956684,46.32378274094961,,
149.8456301132101,162.54031120989123,,
199.3771312706514,158.12207211878047,,
46.80308032264706,200.4780815137123,,
86.40174241401505,36.38965280370201,,
24.298151315383347,109.50085923389851,,
143.2933222359936,69.90009595425785,,
160.40028263183035,48.2005196184578,,
85.0830800638334,198.48104064783456,,
155.74511851800202,48.42959956544635,,
90.99100377105867,64.30060341176308,,
44.29102259003672,72.46349214428342,,
91.21897785847848,92.81357808558472,,
191.86319910283848,194.94484698979872,,
35.17692557632337,22.71218195034902,,
161.50628795392174,19.86241924316343,,
96.46268205157264,38.01994990737906,,
115.18796241859091,44.91927441549053,,
119.22380032918944,208.4431731111926,,
34.33925943990735,31.38450606281286,,
115.59598987362553,111.58074532453358,,
66.47460790613655,19.158889440906098,,
19.413080891258222,89.77355983482934,,
48.32326827001134,73.15226720757843,,
40.46551248570211,167.0896049821844,,
22.358444030198502,22.839627629086824,,
192.9554116223853,48.80783558970332,,
158.51207578919193,54.78753127000563,,
70.77808534951672,41.71243149601426,,
195.136777026256,36.5591590714222,,
99.32559430354137,45.35334766350748,,
103.84295643806594,21.76549713734029,,
186.04806469901376,62.273512454753416,,
96.08383869524806,32.53517148364114,,
63.10062692615901,196.5687259461097,,
157.7254284546588,52.4655928965881,,
29.98648663646373,50.19334467355873,,
53.94184163523002,51.85807836419423,,
34.152803541675105,209.0966232361875,,
24.184882221698224,97.0067637775592,,
35.2082350178809,70.85240844563657,,
73.39949351639642,43.126919869761586,,
188.6146146628273,45.880316470243,,
121.30444737017335,93.40789033214757,,
63.34421364243097,47.204560175064174,,
31.89106537247947,201.36839649199578,,
64.95881085813899,165.8943416206497,,
86.02449743072282,153.55089258158262,,
116.04517084309263,21.83261974974003,,
119.68614240567224,50.45006903900627,,
99.37527720450636,41.52648796343473,,
85.02488705192573,198.96786083154262,,
46.21945603601061,29.15880898789893,,
96.51182999423332,93.31461161372317,,
24.574988586889067,164.02187765419998,,
154.90582378511266,93.71252064406369,,
36.05539700444766,209.06992912739221,,
119.60856822966821,46.09830965915293,,
92.4885009091408,116.09780185894269,,
39.79670699198123,96.63946888265046,,
55.78333079529043,41.834587814259564,,
67.83995976116012,52.55838761124033,,
199.73660139260804,44.833635096800435,,
51.74780456300911,46.98674131159104,,
71.13772213499946,91.2366486018942,,
68.44912305601598,44.08859590657005,,
93.80152739792966,21.751908986793964,,
33.11419578411792,165.7761822792757,,
69.30396728694174,205.68831653351046,,
74.00700276535866,155.79031823467275,,
198.47885633345183,93.41182451884715,,
86.954471316635,46.401602876547095,,
98.78525027744247,22.176977007249818,,
91.29736852180484,22.359326015857356,,
30.617484658883484,34.92510019222517,,
30.932209103643835,111.63651665319378,,
95.44961389354792,99.79723842046684,,
160.20056189764045,160.71279453540492,,
190.6859318950023,166.72742775966472,,
36.342723859456065,95.34788184525347,,
156.81846262779086,198.80325475722734,,
121.30150621293515,23.313336023127473,,
74.06286037581941,21.73902661831811,,
85.87659363858212,114.61484108874019,,
84.7556072081021,55.14027379612441,,
46.26895089665034,113.15517363326907,,
21.324223389667903,50.35841100641805,,
21.843186241543528,118.56610833540707,,
62.81912792002682,117.12058050316308,,
72.71046019780265,31.828371729945086,,
33.214507452800014,71.79050408602323,,
51.212682790523075,39.236694925747486,,
163.02625078242286,46.766265565171615,,
91.15347106824517,70.87636592363216,,
153.5694616049928,34.27042079111156,,
192.33243350615973,73.4096360861199,,
116.70332271562312,71.9651837424275,,
96.89568973359732,50.62137278209527,,
73.51666141062262,113.31649795258757,,
122.97747177934127,64.95251887642328,,
160.9614568045909,73.80479703836667,,
112.09729814305932,33.65520618141603,,
193.91866769662073,155.69867695680767,,
53.532517294261915,50.0407380865498,,
29.897233158956528,98.98345324576668,,
159.26859004405728,88.21671232047332,,
199.62685192424763,22.986425404611737,,
32.92976016093157,205.02366792193212,,
45.640376865318046,44.659202156645655,,
23.374672581329843,47.677122342736915,,
155.7525925396703,48.81823934089499,,
203.85315772788522,49.66006624372066,,
30.927593190176864,210.21868809888852,,
86.36918075805845,209.76792760351725,,
164.72961879189197,37.00071131948513,,
199.768376658593,158.08533306770585,,
98.27834974286834,206.33941197232545,,
51.87518474796566,158.61185306366474,,
37.39833503299397,109.12901802609674,,
42.03859723441682,36.74964959696807,,
51.32542587926583,122.97261783098524,,
67.11711571641673,94.79729184930432,,
120.06850851347772,43.92082015694748,,
57.46297981673057,98.05746515692076,,
23.189771248316593,199.99632067129568,,
115.33279497105454,41.45513316394181,,
94.12047213687794,77.10584713722683,,
153.22160885051977,33.3118563335057,,
98.95345595572621,47.89438949250407,,
54.366304808683324,87.49251682093566,,
162.72818608824517,30.09125324128198,,
41.12049282178926,205.36556286768572,,
189.65459786457055,41.6786975819248,,
30.05269806440567,66.69257239762756,,
55.87251698697002,95.62054314685666,,
50.91333450145576,66.18882522416982,,
69.34844283443688,20.83475780220256,,
57.098368563158886,35.97101185867315,,
21.824708846960274,167.18886745224975,,
97.02959646185138,89.17548211481306,,
66.09434073137167,23.697488160296558,,
97.92744046495012,49.83976856630097,,
50.36260443213775,55.21715893686913,,
24.529114775533234,197.67868183951526,,
99.81736719110481,207.58251898104155,,
62.64435299149275,35.42333732338339,,
69.16797460927563,109.53521071650249,,
159.73466993672974,110.75503768716162,,
21.149922709095577,51.79642664580028,,
56.364330921522146,43.87304374110264,,
106.41099015734906,21.651841163372893,,
96.90945341506841,66.72079823028334,,
51.3427947026095,207.52408255348362,,
68.49880278823258,90.51698652907814,,
198.93161174890218,24.002315135788248,,
188.05793226037022,88.1714235675373,,
164.5118464294716,90.67277722925313,,
119.87785076767925,50.0882872143692,,
36.351633451483394,159.93705214877764,,
199.67221063327855,34.16902414053953,,
115.3677509421654,53.849247121616116,,
191.69083050496138,98.01128738789845,,
23.330299397874853,43.51608486542096,,
22.220665479712558,24.39502299256487,,
92.73911850097348,65.5763639473601,,
38.313239622989855,118.22423240292716,,
167.28688776293652,98.37979666239958,,
20.093063892543945,44.999556298400115,,
72.60740838346483,111.3270566737002,,
96.85002717382211,48.21138897801161,,
51.71269006118497,199.90271593565677,,
111.09051650604252,19.746230802480014,,
74.69828038759158,22.900817574228665,,
108.34860129596697,20.996634805716088,,
123.3820157917048,123.10462840214836,,
161.10457864349763,50.34458121434105,,
48.18637876815392,51.02685118899985,,
119.3040038512116,203.41441782961445,,
194.58507944012823,31.734506679596546,,
157.66214859860168,113.2189419290592,,
30.437417936165158,97.68460661503902,,
36.45688641904676,50.47488457719159,,
73.36975991108906,208.33595492362784,,
34.341608436546,72.34151873488776,,
157.917024363017,76.29755385477941,,
42.45078705798103,197.12725395678243,,
73.35906549133516,163.18676005898016,,
72.44055796968026,93.42499905827341,,
119.2209641766941,69.14606605241595,,
19.830008543547812,162.7542855093251,,
116.89167876347663,158.87114197064855,,
196.72986344620662,69.74102589258142,,
48.92054710792514,164.44393541060845,,
114.43489537135024,19.29262847569457,,
56.321547719741794,31.10116093929002,,
36.86137755739489,70.03513071889743,,
65.73506180499358,53.2581977774593,,
42.36676098953133,72.11901865540412,,
69.02723965200133,65.58145593660714,,
53.18577732234921,35.958485533424614,,
197.3197060764456,45.69005615768632,,
56.75452810851253,118.0847412593296,,
96.45404968035702,97.22088643699442,,
203.03820164509057,41.58568728146685,,
51.15165346882787,100.9813010288027,,
162.16240711508595,69.18132779243945,,
64.66374671013943,161.38394148372748,,
161.74713782412275,51.95662156397337,,
22.24126605995101,95.46842095796833,,
46.295036135401816,120.15873965337165,,
73.81258087067913,67.82274134984016,,
115.3731326837846,151.85815889932925,,
32.20346082400695,116.643336400415,,
47.098008214614296,56.02523257137247,,
166.31970633221692,154.2856801250091,,
94.6004996219959,159.38246089240417,,
44.196603689814374,201.50241533204516,,
162.8729110847263,111.85262022531026,,
35.50653734116867,63.28632059112972,,
113.78155682704006,50.58192337312786,,
162.70108008423887,68.90356365003827,,
123.44904922822093,56.4762752673113,,
207.56024442725806,24.518148990877332,,
20.444388316379687,122.70099300440003,,
35.23071685898795,47.63280157073676,,
32.25793611345125,89.4050809935483,,
159.37153404558808,34.16759404662037,,
99.22406955342109,72.03584798363234,,
160.56354238989127,52.80352766241356,,
206.82651404113238,46.650936169575516,,
49.79323135459274,41.89849378475315,,
55.507168013170684,71.19047255341466,,
21.95116694786912,23.063016651800865,,
22.105908527438835,36.12411148020644,,
101.10492456138542,37.742587264621015,,
206.98591377620826,55.03195638038145,,
66.99900723596119,156.1143242306473,,
24.104209910853953,98.91245570968603,,
21.433270697760026,70.64064125661618,,
42.47122536736147,20.831624667318067,,
67.98608682069866,207.55490836774342,,
161.43944315915536,20.145711443735365,,
36.80838775488629,65.04276537329726,,
32.524231189136955,32.85510457987093,,
53.95975326602387,101.73685611614921,,
49.888007909236926,51.707000172455075,,
162.56125962988412,47.0165438184412,,
42.192166023751895,124.32874157139109,,
67.37776278215662,74.81228117431347,,
163.65083185706092,125.11166275939675,,
89.63552627073625,66.76326848410184,,
191.26980791075167,91.78496206666753,,
43.851957883361656,197.0558356432499,,
74.90346421567554,169.90152443375916,,
68.8603116611517,112.41656921840965,,
62.181468773324134,201.7404590863041,,
99.82676327598384,36.66684805888616,,
75.52237580670918,23.45061745522633,,
195.31947238003602,159.83253137529212,,
95.7599860721428,116.66061912052561,,
55.34364795288519,67.82509091387577,,
33.22577146109372,198.09927716098957,,
164.58207019565526,88.64771929644405,,
47.41482000205038,22.642658835882486,,
50.50631451866155,100.42292627582691,,
55.067962804760356,110.91578806131292,,
53.586035651495415,91.38378762038744,,
120.4704667390903,163.6470760996582,,
166.1869955464216,160.33770419479484,,
76.45511662697103,98.61339255167053,,
202.74287111540588,162.90608092165516,,
55.70082341259493,36.11128957498288,,
167.70577762946576,21.679882915000555,,
119.4581055467599,30.587355532977405,,
150.89513646962132,68.91610606184258,,
120.54083881513414,204.2672855869946,,
115.74410129510463,195.76749665188595,,
43.78738930726397,74.79056608991318,,
23.00527671783278,53.82675753238916,,
53.56281180332194,50.52970157825554,,
90.56180740244865,57.24164091045586,,
50.57719485178845,200.7775849561111,,
55.15860269161238,23.771334311009237,,
197.8587025924232,36.760201616687745,,
151.75167523987275,40.56421658205226,,
31.98338058259637,199.78756824808966,,
96.6637151179203,46.8221562525411,,
157.06725427410984,45.49379492596652,,
37.314330310357164,21.324361741310465,,
70.03218238848173,48.62532490490274,,
159.61889715239576,56.868876653230835,,
117.94064185375838,167.3983894579062,,
114.90881506495167,110.22831243488375,,
51.635361346968345,74.50542305424207,,
91.23655822749778,45.00831323161398,,
74.7757355878768,195.7654669218833,,
48.49125654499103,50.39926232229685,,
73.10661731843435,153.92126864319363,,
57.09944795067493,94.8232727374243,,
69.69832048554353,45.91001129539788,,
23.85621280401389,31.83260892555767,,
166.0828309370902,19.818214008514516,,
32.0516284906638,35.74606656580689,,
34.947652427807604,97.63755839458221,,
114.32779021024726,160.7676606915069,,
52.513824754936444,35.556391587007674,,
64.0407349909181,202.90587365077164,,
119.36339081416538,22.558302994025443,,
64.54745206932553,162.8135143328322,,
164.65241850079389,201.75907700207435,,
46.89834767264606,161.08618466752606,,
44.93177374285762,69.49726356629434,,
42.3292744301928,93.0687403682292,,
32.74258792388141,21.981667800598547,,
66.83351112634521,38.60921413314624,,
202.48223592973943,162.2365960281964,,
163.15004148179685,40.63361598298328,,
20.996366353723303,24.255486762044463,,
112.1179652284633,35.252317738291545,,
195.62933523980354,69.68576773939965,,
33.876833715831886,153.83947606167607,,
115.49387526315364,154.6700558969854,,
47.130684406610555,22.546982537447256,,
45.05722200784258,115.20169164993395,,
72.28134268572244,95.83596136591912,,
162.6280708729359,55.4800456058056,,
193.96877708726768,100.78523500072106,,
63.209723649252446,167.70614085058287,,
93.3715803851819,202.6896310146874,,
98.95612684805134,125.35350981316898,,
36.96759929133232,212.40911509983007,,
41.4503085531475,162.91626535955876,,
163.52530477833147,95.79163084027603,,
113.7166585298373,33.298779079442404,,
47.34270665695892,123.73741808915003,,
119.11101988733739,94.01296465565001,,
157.5763750218483,50.478480864179126,,
94.80789296361019,50.85227665995076,,
151.94701397852873,122.61802039180479,,
73.82953471890987,54.83325629664107,,
192.0831471667001,20.030425072084498,,
22.90647194130201,36.76572769095165,,
162.7980375563301,96.14250409487988,,
21.60696671577143,31.640867117357484,,
90.07650845554674,23.59789836843853,,
195.53686698060704,98.41279054958447,,
120.56190597499092,72.2386820283941,,
203.61671381777242,154.78748926771553,,
34.78922170902424,197.2082146287471,,
54.276830997162584,34.95757910419918,,
99.73900636994689,23.924756547862568,,
53.29584788255701,112.73709652405424,,
35.24343702424286,41.64448762945209,,
116.61492943028722,97.74108990548356,,
74.59905796535506,101.27607925507309,,
22.400773222812475,199.24439808926923,,
48.09284540600177,69.72123074997764,,
23.473010136212956,23.8663421959341,,
41.334179538691686,156.65163583865908,,
32.04364721118705,75.60834688638907,,
124.13370802240956,41.819563568258886,,
95.74931839590352,39.10275133911118,,
164.40624523994362,166.03119314168177,,
68.74781597427283,99.1118336041097,,
112.25425836394818,34.833034796220886,,
23.99580577667092,209.05082537258585,,
148.52179729336012,159.39248053535044,,
21.053633563280687,157.92103833502048,,
109.80676896663583,169.27235786116566,,
50.52867490589222,123.31833765750763,,
33.96032202221437,70.75087824685627,,
50.275908423827936,32.359727470943156,,
161.7078454443867,33.053447379094095,,
41.421051835981984,93.33181224702123,,
162.71624646624875,41.94365317777468,,
88.341246403108,39.76457184760806,,
113.28767529888371,97.90572262361745,,
204.32621313352345,91.14789599165736,,
112.7683840005769,46.790099682300344,,
98.35081983782828,121.14501479882529,,
34.269456574057685,96.67309195358582,,
87.23333453731306,50.96052913447925,,
91.82799301016334,205.694561771198,,
21.46815801810258,33.89911700280845,,
156.20750970669005,92.52866631539374,,
98.00586061988284,158.64614869194932,,
115.55259677995134,118.03102710291172,,
23.8954502450241,202.72690336448906,,
44.18140178703306,57.009785616188,,
30.169433285647983,52.673244132454734,,
159.1393659469782,168.0249186401718,,
159.1988625532423,124.85858767530101,,
32.27544461643988,119.14297034428903,,
93.89457686566922,94.8314705848733,,
96.77712935775945,160.58931579319326,,
33.78687443916489,75.84900175792777,,
34.93084767268514,92.32009251420557,,
114.43756583394371,56.82638080242842,,
39.805798181672856,100.11371070375672,,
86.94055571821094,98.97858236512732,,
124.74147870266667,75.65728385897133,,
93.61981154088821,74.93319354685312,,
23.056663310069982,22.047203638044817,,
114.83669192376438,127.51341844206776,,
99.87590492358716,73.81873394738516,,
119.36678140971772,123.01569471779382,,
55.025035851938796,20.490521099642798,,
89.90310427007319,88.36994640037165,,
94.05868621707005,50.01916084195315,,
38.081911302123565,23.61785330201012,,
198.771808558343,49.91402976517939,,
189.27349498186922,40.000377915108906,,
68.56591546312839,114.81745937582113,,
120.47133277928995,200.64038139015838,,
115.67650419662952,165.9990297901442,,
199.55937433380308,89.55427565316052,,
197.51072861773446,37.36563027620824,,
97.58961952747872,124.60297242601035,,
36.6818815828204,123.82853315481661,,
163.87511522475668,40.177272641455815,,
109.66834081281858,158.38532881692134,,
41.52580918840327,36.1529560738781,,
37.12474000476659,57.42464731744994,,
123.15124556431641,210.7308917322522,,
45.21851810373456,73.06315879466327,,
196.39425362267457,50.13597501885672,,
150.34054013351022,124.91629957431773,,
66.59224077797737,32.36858198544915,,
95.66838924913344,20.395383762161693,,
189.3946443933144,46.829895177321234,,
152.29935225766295,166.25961491175255,,
200.61082198251046,97.93124307908347,,
152.79077799546698,34.888838632222466,,
23.15686752339991,22.36964391304578,,
54.13353497781639,194.28265943934514,,
51.12943288462533,120.68243725761879,,
122.04575142005959,54.28183161726546,,
41.47724205815275,68.04368208354826,,
38.6917749044229,92.78299623609304,,
203.07397774232396,95.03070215287663,,
201.4681115987834,154.39161174777843,,
21.790295057078232,100.51102638928927,,
39.93470766878925,91.74754137848988,,
36.72191792203914,21.02654317595245,,
20.611199623851533,21.293947178967148,,
20.391315294829944,69.4457832333268,,
20.09270252206879,156.89879669059218,,
68.00258173744596,23.28269216254826,,
101.55641349297608,46.24817955518278,,
20.038078357198522,37.19331742823973,,
19.285464056987816,96.01249390105563,,
30.149259551575312,207.69418826969044,,
40.52416722320577,74.90280280273073,,
29.873271572884924,21.830498019621427,,
48.07454310715051,36.203797857820675,,
22.44291707698862,166.81826091847867,,
113.55993691762426,120.09445722669655,,
42.752344363347596,159.29363714645842,,
37.88211036791842,24.74928568144389,,
73.81841770943313,46.38532656137967,,
70.11121167375447,166.410210830482,,
204.88077055333864,207.7723841978236,,
107.33099025243602,109.02100812884734,,
52.55783116380645,23.873527641029607,,
35.75817555942137,162.68607449887023,,
98.01275499743194,34.22563047737773,,
71.09847069076592,77.52120954115199,,
32.10678316887942,42.28747015328452,,
89.0517724698339,120.22192997336049,,
120.49606105207977,124.87470889764417,,
20.99859265947631,23.841658763489736,,
21.65255181759089,56.773347009903745,,
24.4792114915753,72.50947498958307,,
110.57486494058172,34.22437296994816,,
72.4568604969575,117.0317893034994,,
164.50600984996575,207.4444338654884,,
54.79522228292454,212.44467396764358,,
193.8282798148832,53.28628517076695,,
73.30092379646709,49.347719391040194,,
110.18516475979912,36.57652655250101,,
152.99512461017267,210.45838694490985,,
94.16278821534554,195.97454529511364,,
65.20098442897253,165.27153482423338,,
34.05851399066353,46.73471747548401,,
22.73089156331915,54.309839763809705,,
122.0307253101057,210.59206072048033,,
72.75172954404891,22.24164007662545,,
63.12094942639508,115.54128087242074,,
204.18302655227637,42.7140617426172,,
38.86724082138695,114.5280734683127,,
21.079954495881765,99.48173492865578,,
57.286041086438004,22.979407356344446,,
75.52488065508928,93.9136747401241,,
38.629563074915694,21.57881982031903,,
157.81422473588842,123.93440839613378,,
45.65429900973649,115.46908359188912,,
64.5529889852151,53.20350638016411,,
196.06587670394313,99.4459482018579,,
109.65434056616103,33.526542443734996,,
145.37349153434232,124.7612154544518,,
28.70498650170948,167.57484881062072,,
155.2454625662867,209.7621050676846,,
23.807583193078855,100.38634443137333,,
157.87126344285582,98.14539787227936,,
45.33451454640648,50.50115144660516,,
190.483489402909,123.18196251150081,,
112.71054248244586,22.314509045844137,,
100.6381424210862,199.94805891818373,,
54.292791996457474,75.24721735274034,,
20.036250387276013,49.11364520201789,,
200.08192806947878,32.95159864351355,,
73.44914038010886,22.495123229960626,,
192.69655450297532,42.12660251639653,,
124.29016014017685,34.429640774341735,,
54.88058378218356,93.77541043332562,,
205.5756729168575,90.69467636292758,,
47.66211946348242,204.27851791146975,,
24.236517231328413,125.49439576198746,,
51.92502518697392,206.1240842703593,,
87.59103805003065,40.81547929806768,,
202.2737693939977,123.21625646113232,,
35.4132805004536,165.3462492119985,,
36.732246870187026,112.44488596769483,,
71.22485461284137,34.67076811148178,,
189.75458136694664,47.37466587169489,,
23.70898853471503,24.3508511657957,,
30.901931642797486,41.828285035094765,,
113.68873132204986,39.51619247318348,,
22.179383352465873,153.81267435807112,,
55.06322095233622,201.3162681171344,,
119.38296747636987,22.215323539812104,,
114.44180618193982,54.33600662322871,,
97.42331362559625,54.06846491562537,,
49.404136819994015,33.90051106717786,,
121.80712095296774,95.6306764949328,,
30.003307840152413,20.10170199210378,,
204.02344525487842,89.53841012149978,,
20.871481265175408,71.95248235613043,,
72.97317219314614,205.22889853153586,,
163.13047830403525,158.96538211291283,,
70.70645674865467,32.55639782483423,,
52.97216258259509,119.63219003911182,,
32.21472287114019,33.04193365033074,,
35.105559038935446,78.3865979010877,,
124.72195022436827,97.06572254096936,,
115.5899964068767,35.07017302792924,,
111.56698991298538,123.63721225339965,,
193.40080022224777,66.93304001856173,,
75.0442996018048,51.8655408316862,,
198.7046885548613,75.92734350256917,,
113.82579249768081,206.3974755619473,,
35.753155963807224,101.29055327898895,,
54.177302544049056,161.08197115547833,,
205.79389756938522,94.85183226331802,,
22.63994406946375,49.58390311967379,,
37.03754024092472,48.14810543922757,,
85.93772367567068,66.7745331307625,,
45.868926307372824,45.20436906834065,,
58.02048918376777,75.41820492716364,,
42.5678068966672,55.99989692839327,,
74.17293772752838,32.55794499142502,,
87.16609914388874,32.518198397573464,,
111.33926326755648,30.526511834581452,,
92.29658853044779,44.68475611660058,,
57.60807557982254,169.5815831324558,,
51.93309087264469,34.968934602106785,,
55.245623351392325,43.626990805176185,,
52.5306570569226,95.278005808397,,
20.418845509676256,201.89801273806967,,
34.45729693234325,113.07480167396261,,
91.40867722012527,47.78905906363881,,
19.315235695921103,51.02163692048929,,
35.90531700883186,90.56686749075811,,
36.00577661847434,40.13916379463941,,
154.2890895338506,125.03739231425102,,
97.2898705275443,96.4438733039951,,
97.7026984962867,115.66818405415997,,
49.836863317871675,40.46912635897992,,
156.14919748870648,66.71827101230002,,
164.85326761344717,101.72372580054267,,
165.45961660733695,24.25681358559518,,
112.69460734633947,90.96001561193772,,
192.77827209311175,74.97485448710378,,
123.30969907095132,44.36778327793834,,
197.42514302928106,24.297933656657804,,
102.5662525003589,66.93231947561696,,
74.17463614648587,39.88391644149346,,
36.50791532637883,51.20573040411806,,
113.33951805536032,213.18524797532606,,
34.48319782633311,41.83635636672866,,
207.66295091820203,57.155618568358555,,
100.38494462621637,56.78804764558429,,
155.49748487905438,24.28043975419964,,
151.81333360286254,55.74137770921396,,
55.14057706622828,170.511405391548,,
152.53768519692773,20.84849369623822,,
150.54437288881388,35.449923643352776,,
34.293420546304546,91.66459145545562,,
203.38937304021715,47.825932079441586,,
201.41760807109426,42.46895934672519,,
98.79929185429691,102.70468064472486,,
23.358458931875983,71.87656907167042,,
58.331358960709736,76.80558029621801,,
96.43346253600922,96.75014803921157,,
116.24281635598726,158.25454221106241,,
201.2307963683339,42.221077763626624,,
34.78592394782873,40.86812815456736,,
23.951580959242655,125.64388062056967,,
29.798899886494368,57.54107047476623,,
41.181622813327714,37.839453488200334,,
54.54631703223473,69.73329697845585,,
22.228283938717688,41.99436485531957,,
73.7128509976875,55.42537175323715,,
46.04796116070531,76.76861609702718,,
39.5305486781207,33.853241035682885,,
75.0957874871526,37.404375891657374,,
75.11064263562797,90.268578625762,,
20.506047903951277,45.554275862471,,
115.90305534246335,35.57398872034727,,
203.49650835210184,211.0884371580975,,
96.95074874999062,32.21439760432085,,
164.29386897758135,162.40036691950604,,
47.99574288266512,116.25604827018408,,
19.337268947402784,123.35946449929651,,
164.30328027380003,37.912625353447055,,
72.5024989640256,45.75784538186688,,
97.2817511073466,71.3879010365431,,
200.5896981827186,112.79330088769015,,
89.668653842467,36.163751173776895,,
154.6786107154107,69.28825139922634,,
162.70937846092437,98.16553934322337,,
56.252952937152735,36.95279870534301,,
74.34924381818811,116.74365208464054,,
108.81969315456249,34.05237949991331,,
39.66163553622353,116.66916864265781,,
165.1846023441242,74.58833890414125,,
21.886516850264588,21.162831783720012,,
200.81727987040375,36.005488087617444,,
204.9938027826547,21.452123256241226,,
107.74720574573104,73.57093199447897,,
21.730400220386464,41.251570539619756,,
111.48427073660295,69.97415122202143,,
36.69169210015573,90.97374331784536,,
21.347527934853296,199.91650242483095,,
123.34628517384985,124.40006717203052,,
19.66841421904048,165.38026180399024,,
205.92465014329184,93.28506392187833,,
194.49747008986907,116.13238442231341,,
54.84671284163829,56.68793041187552,,
71.23122589280598,206.55453365685537,,
152.2706177372218,73.92268279855779,,
57.01728365077012,32.34034272616526,,
67.48712323157025,98.33534580469548,,
197.11015989663557,24.515018678147456,,
75.1405358278188,23.40193893190605,,
64.98160672570222,208.94544060378175,,
76.22873578297205,50.47282804007823,,
40.41385827390763,34.15947039989026,,
40.83852729346621,77.23536668392506,,
73.82699919497973,96.12921807910246,,
47.52541542666079,102.29992990523506,,
31.92670880200149,21.777117928852878,,
21.236601424591637,42.52440899498086,,
21.603632373315047,120.40947814448306,,
70.41675592272676,157.92181098632116,,
64.55473277217813,72.78443058240923,,
48.074370001298405,44.348065604352485,,
34.5507859804824,47.16633121905993,,
149.91760249332924,76.11809124143142,,
163.4116628810314,100.87605022198693,,
94.52405634615205,42.21289516052097,,
65.3526599543277,166.6971964095255,,
157.28312890679973,215.3884479284881,,
208.92318157853097,212.25288300288136,,
204.21159186731583,211.4404125461472,,
41.934549717854416,32.42615714314267,,
56.2358954724368,36.53494862258471,,
23.50029326995619,23.920422726206173,,
157.8784340145858,172.496586353163,,
72.12756119889602,70.97306594963885,,
48.92456505458526,165.83120252495684,,
68.18626699977901,23.394530105089025,,
67.98427619065608,53.68884322719812,,
95.24361593451621,46.97780660896384,,
96.87672019046822,43.49781281010134,,
147.81998254957333,213.76500456698906,,
117.52432488245515,100.82897633940584,,
194.72940096641227,161.15790080054882,,
42.134893010039065,32.40089702280836,,
113.49525405269476,171.57599511175127,,
19.93324186008417,123.58808023450027,,
52.47016145066582,214.56869123054528,,
29.8509198287191,77.5927356132,,
75.2545802053666,21.95785618385302,,
47.68923949343931,50.70963578821451,,
71.15373305246779,100.95859729090817,,
165.41596764970095,102.65345066499367,,
73.67638263741937,205.85233019434727,,
95.4533609377851,99.40093239530667,,
30.449189751786005,41.12820817076375,,
92.18255913438796,165.3398898445141,,
36.17531558376199,32.04752464007039,,
69.47602375935446,104.58370520619802,,
166.007779681643,41.14500858603037,,
32.883769250546855,205.84550189962908,,
43.96062858951748,117.61756863782257,,
188.1748671087712,33.19708518484972,,
23.255542892854702,46.286745027453016,,
23.029739673003768,41.97763840085528,,
23.804936548936755,168.92245452757984,,
48.6215169328395,40.091349735498014,,
43.71408019481676,215.53172919708058,,
30.61420289966841,22.773758556938365,,
122.4668664185181,71.38990167225467,,
40.25733674495933,169.85198527340395,,
37.10877433536696,36.579470811406104,,
51.587575438051005,24.354427616584324,,
20.76128446775867,44.670586266636036,,
34.340231714460636,41.16866565255302,,
43.10469495837106,168.7340918549904,,
98.8042493549312,173.10750945114353,,
74.2593093158121,169.86460269112465,,
51.17763119176552,93.1654590307067,,
44.76077994684218,117.35092535738063,,
41.78784827455252,55.465949718730755,,
49.02893811170693,35.679675829918985,,
51.26433414772812,154.4467106755017,,
162.90478184408482,37.206349801175804,,
208.44121957696788,126.69554353421852,,
100.2845023522938,97.78184201599575,,
52.86855484827311,69.48882319048326,,
34.09421940874898,53.05144683981945,,
45.995241143307965,50.08682618656659,,
39.88010724072373,91.06512973247605,,
43.91408809412985,114.85138040398668,,
88.86604973281436,42.580634755146164,,
38.815202938824484,24.48029369028614,,
207.57691041588572,23.154998397948496,,
48.132720790703736,75.34753672452938,,
45.165181943938514,160.8165504810002,,
161.83826518311247,158.06297340117487,,
167.299439832297,35.17611781816454,,
197.8520211509573,172.1853918802831,,
207.84526526440249,91.87559302261785,,
110.25877376219837,36.51535495029926,,
34.791637854131594,32.08976870234645,,
56.21507159458197,56.441950306733744,,
157.72099293699233,47.162863776350044,,
43.84693410550475,117.22787423017459,,
49.89012895855,119.32735824852871,,
23.35502009700461,208.21083706968707,,
71.14993091459934,35.03923956109194,,
49.93478584146309,37.41202015251991,,
38.7139533115387,32.63729256558855,,
152.6170032986823,56.33120088882729,,
121.29073080149512,77.3555229670864,,
57.51242036022086,200.71764656851462,,
156.14155290885455,76.36654383367937,,
200.51425019537345,205.04371274032596,,
23.133872704937637,90.67971989026849,,
201.3855768746079,102.3233728021492,,
56.23250855090189,47.2434669414284,,
45.49281543571413,35.782841464496656,,
96.82317622745316,53.821119528938574,,
52.93435680491096,100.76381447110103,,
35.08067184580982,40.098564922770095,,
39.03428955788665,42.393343655273796,,
147.6686131756637,170.89672702893165,,
204.16626588439553,20.856815242975912,,
204.42585165397867,47.9322756225741,,
162.98171147366384,45.39194149948745,,
55.514324031388455,210.14120600684768,,
159.3863925539014,125.92412692386159,,
20.94157732524379,23.176838939032844,,
205.47861166044189,162.7980416946989,,
100.70973272903842,51.57936959382986,,
71.0166798791206,36.152781145836535,,
119.78306919498321,67.43694451924347,,
46.3878610952373,214.28431304512426,,
21.278162824428787,97.74498536148417,,
102.36100990417805,36.17932066895476,,
47.837043546409355,47.483140476668545,,
116.99040926509652,69.24219733203724,,
46.050593900123154,20.899871118405784,,
56.50654693469678,51.28058640765895,,
46.557783233867376,23.127280611299707,,
204.52775568735214,67.58919255941247,,
162.13091904284377,33.252733924097804,,
38.437398433341684,127.53009029685161,,
202.0004698620526,74.8213425765344,,
34.945662709170676,201.15971738151046,,
71.60692451913188,24.853186450963662,,
48.683265437606074,52.497827697111404,,
39.190525058762134,34.41809042001799,,
166.65593368122057,207.42905682016016,,
35.46922364483565,34.296597583599386,,
72.86372471754576,59.406483012385245,,
22.30796627732803,126.01297910058028,,
38.31924561211147,40.543068229329556,,
69.25239339912554,44.217084678822836,,
165.44107397475753,21.576666221579416,,
164.5897782022515,22.95417300060064,,
95.51192133103,24.501054333487392,,
113.8367702503767,174.43159354806153,,
95.31496731872973,77.07095368829998,,
47.602809375554216,68.99283255739662,,
71.88885594803315,173.88803376600205,,
200.17731380012347,53.1909447480035,,
70.6369456378166,76.31756673685501,,
73.53081463949157,96.6544408801118,,
43.71402826443829,53.631759939649484,,
41.540172856909166,23.499450030086603,,
52.411026672535485,128.93448635604,,
208.08341882011007,169.73738290442589,,
44.25083980138425,101.00406171173978,,
191.7819443245682,22.07455829027719,,
96.26821825587665,69.35916990636811,,
41.18095209469557,97.43699825444669,,
203.80070545954447,124.28341662867966,,
99.06362027654751,24.604254974218183,,
32.78310822763357,101.57675806436681,,
155.45325394005354,36.726472290058894,,
203.22956291640304,56.3811476005513,,
55.59350553826619,75.1736008190586,,
93.58100715616888,78.61931737843494,,
34.30036095570429,30.85269223909923,,
37.70320189210007,31.252126655114093,,
123.51103899456382,101.16081098956579,,
22.1508032329534,216.21373555055828,,
100.55593620863019,55.456166133057145,,
23.356582089539728,99.2404532264865,,
44.23488667176143,162.09750799386885,,
197.1888265044185,216.4796815277918,,
54.033675120500966,168.15739058081155,,
156.4730333746532,206.35899054019657,,
19.769990927130266,100.850292233167,,
64.9788594307085,23.03393381806521,,
54.17545655555937,77.66524845269551,,
32.70115805694152,57.8260673584673,,
87.40069941021275,77.76921059333152,,
116.33138359178488,120.341861109948,,
35.46324773418674,171.22327613618825,,
120.81084759351819,42.24633310136042,,
91.93713328517164,57.21317419166568,,
115.15495442990334,42.157291258982454,,
165.63185244184783,33.33569651843141,,
50.33104426557311,77.34843700882149,,
92.97353002286991,22.30482112238255,,
56.10361732374884,45.702266114429804,,
162.42737110270124,172.134537503194,,
24.404625053388887,201.23519665189394,,
23.59905360343004,101.45800558848198,,
31.129470869610802,36.585370188016654,,
121.45353130265903,164.42716057906804,,
31.43084689337673,21.64024192037592,,
22.77883220683672,22.216982459992575,,
22.846102831972107,36.81288030006662,,
28.76659859191821,171.5163516327769,,
97.55024195389231,54.96164798124392,,
114.4973815914687,105.41641733872207,,
159.23132762086226,53.39289984856377,,
164.52249251414597,119.68138674808827,,
154.91097259866353,74.3009465820338,,
33.640765155512874,161.07928104256433,,
196.27969880210208,164.582453812593,,
100.06132625221731,23.235485221277596,,
72.65873201286087,20.896461238466642,,
53.5994741222196,21.74730348196762,,
113.07132691028008,20.402239937098493,,
32.6107389421866,169.60022861740157,,
108.7609877682753,38.6039587039945,,
124.53244173427267,54.04037802854628,,
122.12308922494219,34.160928456255185,,
209.62052045445824,164.02641601387862,,
197.38084511941153,24.48194237440646,,
206.86907077427955,37.39455873973928,,
167.84467941351855,24.67156720284825,,
160.76612756059356,43.936354069343345,,
46.772249194457345,33.26264578864449,,
43.93907433012099,72.87199027753319,,
40.41655566034464,166.21563172257322,,
48.9807966814477,97.1641230477106,,
95.31374347441472,72.70225710368476,,
109.96860313723663,46.54010315458527,,
67.75283381314743,92.52235943912589,,
107.33797047316915,42.61819936626951,,
21.511644719319357,205.26338225507095,,
122.60280540217961,25.08258863894736,,
114.06186483814135,120.49270598752621,,
124.54082914632673,167.26404903064338,,
165.14865206191345,126.19930879427032,,
32.50278093556487,35.95635971214839,,
35.430477193953664,54.39927082979612,,
19.0473298293983,111.99598242525683,,
74.815304650384,160.16412524330536,,
48.89084350309079,114.81566554262177,,
99.35020642107098,170.2214131917611,,
49.645025505771514,20.909893879973097,,
68.82187730676826,92.13601033689437,,
41.400568545569875,31.681385519260267,,
34.38385915444217,126.67798585649693,,
100.49752149780893,35.73509551245435,,
205.27353411486456,126.90496525775302,,
32.90919069253634,207.96249756337423,,
44.187248567438154,47.44179491717473,,
34.72184806622596,78.28663241212989,,
117.7940029606489,38.017575035222585,,
100.07905771614685,52.18726339461752,,
20.428589564040394,102.74639452382632,,
64.3027363697323,24.45142936734884,,
42.17249254254468,174.8912452251645,,
90.35905150966997,98.37796910244343,,
44.51112609151989,209.6788293610504,,
45.11290266771629,67.18000332628714,,
54.77466126829811,37.883460927688766,,
55.83412740560141,20.604171143206873,,
35.98504381195464,40.88932881834538,,
74.4314559214685,58.448357891214826,,
63.25194941227877,34.489329041585854,,
195.09648264677577,211.08482342749514,,
68.89997896178045,199.9772026905405,,
70.30477628965272,96.90371504975758,,
35.789774796839986,77.43423382545777,,
156.54578966846086,102.41540159825692,,
65.4914081246077,70.73896913678688,,
71.87605855122635,211.96276963123393,,
44.58983630127158,46.755848630727755,,
65.93473835928265,208.0338231505822,,
42.953497274115826,92.66900717993052,,
36.21160693323458,172.8624343912095,,
90.9884932570892,75.35828232053387,,
32.11696214887562,23.46544385784241,,
33.499380249772784,122.1526892468785,,
204.8570947550847,101.19093817197516,,
23.817747737213182,118.24902362228902,,
86.7878256940579,50.582557243859014,,
156.69299946001112,48.56157166815746,,
159.2817365471037,54.106471085985056,,
119.13090622674883,77.2698925265695,,
155.93138643775194,73.90359141999838,,
46.56495003275083,38.05293479408524,,
188.37660432405133,50.03519033547115,,
47.272128774745056,89.98424658073374,,
207.75300347585446,23.29854968105755,,
73.31049521082335,115.40421072814253,,
32.001736083459264,22.558172852519274,,
99.8262592015581,36.13724025643296,,
72.04244794219001,97.40465518793708,,
195.28336267753892,36.964867519495535,,
152.15732140219154,78.13406328541747,,
152.78810262942002,102.85426564756449,,
40.1856479263775,130.1825145698705,,
32.36352724034431,120.31391187200553,,
48.072837364222856,74.38991199503087,,
54.28101349922834,220.12832503381892,,
201.29443261173543,217.922646080476,,
41.106762990414694,111.89811260431425,,
31.97882720231547,123.6547218347743,,
23.52376825858601,211.51944597995296,,
49.88781018698304,165.7373641699837,,
41.91009148852223,57.43601983732621,,
156.9142951264615,125.08175894029627,,
208.5504853138623,77.62636929854936,,
45.77747335690651,215.4460309716709,,
110.3341115079018,208.78744517075634,,
114.05298026812937,22.415527881432446,,
200.8262684340577,78.00296912936584,,
55.27704171944504,37.345557551260086,,
72.61305600045036,54.23507637710849,,
65.32456089631084,92.67067086771267,,
122.60816538983329,23.190123245905358,,
22.778731802046686,25.41780817478694,,
40.16245757707478,122.06721027516937,,
162.80920841816257,78.22433027820048,,
38.107860056063316,41.9697944329123,,
34.10453759529631,163.94905901996427,,
90.55365387480617,121.44505590507339,,
36.26599991656032,105.91126177497105,,
24.147235058600707,216.53376441079837,,
193.52261852574463,173.10162925480245,,
121.72420571284674,173.66443519806236,,
45.20148771540214,47.822546234468845,,
47.12354578485041,129.13033184111455,,
73.4836815048223,213.18487503762526,,
191.786230089006,128.1517671661677,,
101.28560605794348,25.022125067587112,,
23.220181404476747,76.12794428433317,,
23.683109137933513,73.64800822711379,,
29.831786571971872,23.363772858359503,,
45.55738342192908,25.58904130194209,,
206.81019490316731,58.89521178816379,,
193.22811102991386,126.27928085286439,,
64.38646524887616,21.440052901852443,,
22.470773581062417,69.63600828807562,,
39.421412695867595,23.170554510665543,,
22.042784185530156,36.98428671037665,,
51.06333698483181,48.01736814699767,,
202.45105998694822,95.2401984387203,,
34.557836130043725,33.58101768187941,,
20.526757336952183,55.200171135569434,,
196.9977133178463,118.5366036372684,,
202.75878233372566,36.58225723195855,,
124.18157639864818,32.0624949329907,,
102.8712609695392,126.08541063819881,,
116.69072867767905,53.16816003880061,,
23.111494544896704,103.66720725529753,,
198.4716471594595,58.82506442662088,,
45.27688215136069,122.21938048645688,,
47.215099173529254,206.20276098869004,,
34.35896648013152,124.14361860957627,,
36.89512846227381,25.07158473025202,,
64.64887654617795,37.541502204299164,,
21.33736124055291,32.55267361700557,,
162.07145752315012,37.753040656315214,,
32.905898087592504,102.95333619658034,,
117.86505342267732,56.282703364165364,,
31.85787514140305,55.74764615443789,,
50.97529471751465,211.46300046947147,,
64.08071458675194,77.48100757285795,,
41.02718591970861,21.888765493524676,,
93.04502146386648,77.88235800238186,,
204.19670929260909,119.23117686792268,,
43.337294809134626,53.14866754795468,,
74.55539464462025,214.52488115080644,,
70.5004979662496,226.51567636401984,,
23.702769656136685,44.94961172208735,,
116.68886547009735,35.1474371970626,,
89.49356249482382,58.3086709647488,,
93.07998937215245,165.6532338630113,,
21.048999054541273,36.21457877979903,,
69.15698227876163,38.21538530283421,,
108.41203385503789,174.47499328572098,,
91.57147313575624,206.5241365886289,,
32.26621981946249,100.17032900613289,,
112.62471448814736,40.48597599186784,,
66.08695632942852,54.73002900166311,,
