episode,train_loss,train_reward
0,0.011378513769244652,257.32806970680406
1,0.004471814330186839,279.6747805329384
2,0.0035775225095515933,351.16944771973203
3,0.0036796646560793996,74.47294928940825
4,0.004539309671074497,347.3886125682897
5,0.0038495835173167647,103.662429295129
6,0.004061098914413329,71.51923004794891
7,0.007189050291653059,62.9389777013107
8,0.006277347406934053,74.90108340183082
9,0.0067240742936445635,75.30394234995882
10,0.005196357953867515,46.21425983921938
11,0.006634809699872593,351.27366674828875
12,0.004715422580515083,105.93177476841743
13,0.006680902955239489,146.8591055229424
14,0.004928182515207233,46.921658776124225
15,0.007188754481900945,104.68777976719126
16,0.004340943172886085,187.01994883131877
17,0.004732369147280802,43.72812614778764
18,0.008938170039492923,106.5667369869544
19,0.008345574997631848,62.54471228938541
20,0.006667932250830117,188.17108253806126
21,0.005659099748176601,64.11921203163054
22,0.007090720481126202,107.56881078147022
23,0.004613627707426945,45.342165443976064
24,0.007146290762202686,140.69738998510746
25,0.008348199686505976,186.6852635535078
26,0.007132957044101301,142.85905699598052
27,0.007654688702943432,76.95069363884953
28,0.008242468969398595,265.0143270552467
29,0.01025249064993907,48.47559182053567
30,0.0072292861193607285,73.36246682312338
31,0.008359362649901992,43.80402420930336
32,0.005765741009118092,78.06312080910247
33,0.007083417892107928,102.99886891089488
34,0.006744601775016229,149.26858252812906
35,0.007483995489839811,148.94030526290464
36,0.007439682779725196,48.98084391621295
37,0.006143063718012592,184.56564757441473
38,0.004281690624558551,147.98011446021235
39,0.006116493380699574,356.6341739447577
40,0.005012121939839282,355.88997188415317
41,0.00440824235155215,29.588902469648886
42,0.003508904274036775,268.2170576501241
43,0.004374540871409203,270.64963846225254
44,0.0030558789169294292,277.4492827852862
45,0.004364819706428203,45.9978101688642
46,0.0034134550872714988,99.91300351347763
47,0.0033407056127816273,356.93601703370575
48,0.006081779535314716,77.490348806217
49,0.003752310799179461,45.84834772879739
50,0.005218060638349093,62.075912587889256
51,0.0033120369927858587,103.41662705620237
52,0.0038990236055444537,107.47849552094107
53,0.005390314407875472,30.544005691758098
54,0.006003725012795677,106.25607424933783
55,0.0063910258997810195,190.46033652191508
56,0.005653803087187695,350.9282604228071
57,0.0030351437809005483,192.16306640623526
58,0.004234842889410547,140.88426430588822
59,0.004643273746897664,63.74212381467513
60,0.004154249711706036,361.19376955283707
61,0.003419307827268337,77.46893556604076
62,0.004180030493074101,61.67242234960061
63,0.004374932404521273,185.27773186696976
64,0.003650788758022827,47.27603514455545
65,0.0035301578320976316,31.435251230804663
66,0.004653097794570135,147.29177160190775
67,0.004351337408188931,187.6466465920342
68,0.003199928556238195,47.719082551273424
69,0.005654257338233495,148.8507101640869
70,0.003202254011026722,78.66320998623368
71,0.004177255812354992,146.11750203122168
72,0.00441729470777049,268.7328646072665
73,0.005599709360223604,189.865330588334
74,0.004393877303249302,275.5842865092148
75,0.0038117429098299036,268.4185409541366
76,0.003056776573561665,190.4715927740431
77,0.0028533301707976137,271.6103032961687
78,0.003989024050769303,184.25911052926705
79,0.00351250378288846,355.28634116164056
80,0.003432295331409148,150.84663235313573
81,0.003407187527168929,60.48369355705433
82,0.004136240130017711,146.73635611740235
83,0.0023929261043467076,30.702208266393924
84,0.006808642034623001,78.87177257920823
85,0.0034134986025672206,356.3750547891902
86,0.0037894318344283934,189.88690989996502
87,0.005271073549700868,30.58990293863348
88,0.006539089224483737,104.30869776618566
89,0.004473520167284854,145.96790773320268
90,0.0043089111720197755,31.632266805230785
91,0.004940623270011054,78.05546317560236
92,0.004883933408913995,106.78495588717087
93,0.005787141763273842,102.36282652016385
94,0.006580740942039343,108.20754125613811
95,0.005021960240792274,151.83253829316885
96,0.004110101913514446,276.80797811679275
97,0.004276164805385354,101.60093184314454
98,0.0038371176455816915,102.47607384360134
99,0.004991955428291912,271.7798818292983
100,0.003244141556943482,361.70461335435704
101,0.003454196151743907,106.45492668627091
102,0.002118359476675135,29.772388869263647
103,0.003014712141332987,30.784257516140755
104,0.002522921319091515,58.09445754554013
105,0.003584231792221824,103.89803670742026
106,0.002967464722983849,363.38651986496194
107,0.003268552171190291,77.89909013357082
108,0.002954351094750807,264.9782190574971
109,0.0028896373097757953,107.56011961546179
110,0.004316907750976765,356.85944420772074
111,0.004330774541223356,78.44698160055702
112,0.0039312622617706855,101.81517060766419
113,0.0024096663707776035,101.56286340045314
114,0.0031353299685169707,188.13011522269295
115,0.002819346997692252,150.73251920217575
116,0.0040180323377234815,359.2992306910744
117,0.004265836516800658,31.058430796150674
118,0.0035103212055149083,103.5221785248268
119,0.0036870630692830077,144.02603938511666
120,0.0038689813863411787,32.97256507066713
121,0.00724445414479388,45.92348168898621
122,0.004324555562017905,185.61340853131233
123,0.0037620356731318475,356.8732953159927
124,0.0033777331423061087,145.2433045942231
125,0.00295755886092932,60.35485681224426
126,0.0038944389613381394,30.885704543849286
127,0.00333109982113036,103.34227585788074
128,0.0038301717205775697,106.69148201765371
129,0.009835229408715597,49.318002834919895
130,0.009466565849489315,29.946535980695202
131,0.0052826018077020065,272.93395577298725
132,0.004783738476362487,101.52184552247115
133,0.004373886860868602,63.409566524494366
134,0.004609207769952541,60.317919305916504
135,0.005818978719617007,103.71840674448121
136,0.004264514659960947,31.983062800415908
137,0.005932298428851692,142.47843833864476
138,0.007780941962649241,60.41020890890178
139,0.0074469344976462485,29.511164668467483
140,0.007876484609928762,104.92751090092244
141,0.007994120113694471,272.7074305678091
142,0.004520951398872151,184.07149004787803
143,0.0031672738129021705,47.531768643030574
144,0.0050398595693558175,75.81487679591119
145,0.0032732263250087774,29.372039000027367
146,0.006694579684997073,47.62897289260515
147,0.007562708397705825,77.3984301028099
148,0.00622828991940814,262.08780560710136
149,0.005185500932314496,101.40236761363066
150,0.004490964906066298,104.85376840235344
151,0.004830138009153949,30.206489140520677
152,0.007654430942308794,105.19438417344384
153,0.004123575499557229,348.04183302073
154,0.003864605119599866,60.103356891060876
155,0.0038182527316597977,192.92222606839368
156,0.004486713010849668,102.33425152855142
157,0.003467808403170754,185.47163768773802
158,0.0024421830240339425,188.7882605683925
159,0.002520377163906466,357.70501993426456
160,0.0018129894211672286,186.40034598500944
161,0.0019521504020942942,75.3456098581233
162,0.004025431991914078,26.812313296322806
163,0.00494315211735425,30.31810718190833
164,0.0027303817224982106,102.25449754168726
165,0.005377745155287398,48.58880889463884
166,0.003923353226789252,47.63174620367614
167,0.004420343008175607,192.741706864795
168,0.004155862450214295,33.33493473836362
169,0.005480111094647296,30.672576885639813
170,0.005003173584555043,271.58407013450545
171,0.004146904453499069,63.29184207210791
172,0.004601507759660424,356.41031256152905
173,0.003214439227634448,275.1913154966621
174,0.004385453510011629,142.61078720838495
175,0.0036625869651954004,149.34265909510674
176,0.00382501391232864,186.49270332826245
177,0.0022582712702833244,141.3104620153807
178,0.003658633777767618,146.3995683437372
179,0.002861214701070252,357.70602815311423
180,0.0027311603844282217,49.13601701791595
181,0.003191988843055825,148.84257666809776
182,0.003600721364178118,146.3689738148274
183,0.0033249739901441136,75.38730401681825
184,0.0032263301126823937,190.40705324388549
185,0.0037442854109874892,194.2763682936245
186,0.002959059307963823,344.9732552086492
187,0.002558440359537983,358.6833519102023
188,0.004008984679220137,77.54979892772562
189,0.0035035575138381136,142.67514588870995
190,0.0024743137305353563,271.7960500600489
191,0.003302449630056574,188.66942775157037
192,0.002060685432876529,47.314573331439085
193,0.001323544799631166,103.98462571962507
194,0.0026636047956419564,189.9867749111331
195,0.0020118363207240527,47.56206026052359
196,0.005032874246105414,45.04340589402482
197,0.0023159059984953437,47.560579208607386
198,0.005321355918677733,149.6240253828073
199,0.0034580228685252437,352.37523459356913
200,0.0017949333443288322,33.43702791232086
201,0.003539317932419098,48.62155308179851
202,0.0038403678950538014,273.5006664034236
203,0.005887739412663415,103.20185937807754
204,0.004934374285353856,44.98557981780012
205,0.005195007556022364,106.96135306167552
206,0.004671956682560609,350.03283513045056
207,0.0034182784894745476,105.53372041721991
208,0.0030955864330207005,75.0111794038849
209,0.0038777800744910222,341.14697080275346
210,0.0025890066174045863,264.82048522939544
211,0.0020322983042536757,44.88556525607322
212,0.002629664531337705,59.44662854171711
213,0.004948823354094533,48.309610543556005
214,0.00305308210176761,30.78159584447651
215,0.0029736677986130604,148.41862978467458
216,0.0016335690535826772,71.9895436001875
217,0.003493177702414239,108.49672932239766
218,0.004349706489256746,192.12562627725717
219,0.003325991792404569,47.20219997585563
220,0.004329825519365391,187.070831895243
221,0.00380456982069567,81.17400532508272
222,0.006101478582562637,102.5246636243313
223,0.004168483258168139,354.10475485236736
224,0.0035471244065108844,277.9828520386127
225,0.003067111687292501,146.51564980410942
226,0.0034662663132131945,105.38406611839717
227,0.0033815097523398376,62.88019795900765
228,0.0013538709494737718,44.58709428237587
229,0.0028958736695468483,190.01103606618548
230,0.0060497382923180385,72.32101346051145
231,0.003321524371643482,268.4096057636875
232,0.0017962965847785246,61.90193900018893
233,0.0037559831540125445,75.13724521575938
234,0.003539194005843712,270.8036837310401
235,0.004023410138879907,185.4917262552071
236,0.004203063425988478,144.7759145277783
237,0.0036318007965104805,353.64913344339
238,0.00324706425628167,187.357880881191
239,0.0009132479893396829,63.428842291041995
240,0.00454907912230198,60.75483638805564
241,0.003913336456099711,63.3379276511044
242,0.0031392641206384846,147.48271864355988
243,0.0039667357163144165,186.75032433226085
244,0.003952459199599862,72.51847410214053
245,0.003283658945380245,359.9871726093343
246,0.004003639327651851,149.10507373261763
247,0.00625366187234939,31.65743985905365
248,0.003968243106154499,356.3347146452845
249,0.00566567915186831,42.50422975407842
250,0.0030969548132504967,149.37154857681364
251,0.0032280469995513016,270.6895282131176
252,0.0022547344314857738,29.871900025035508
253,0.0031880505926175163,270.6781180343474
254,0.004241935740453497,190.66005808637632
255,0.0033676738822901765,65.51833004025363
256,0.002903586884647516,189.86665363413672
257,0.003236251709466082,353.6806368511493
258,0.003518328832809332,145.18678688086493
259,0.0025882334451704414,43.98345027797826
260,0.0031516723080461484,356.3294271972117
261,0.002387260684757829,63.778660475244344
262,0.002827297908809739,105.70806458976978
263,0.0035810113234686935,77.4591618702088
264,0.0036284268994630524,190.9098525496722
265,0.0031367530685914775,74.36771661390574
266,0.002938385640705165,185.56930000946159
267,0.002509038716114856,275.0834263964636
268,0.003126110081933634,186.97036265571592
269,0.002161121585866555,153.09914104668917
270,0.003648165518825408,31.401071009964543
271,0.004152679327000022,101.82469713710171
272,0.005302630544040742,74.92725526917937
273,0.002865402243591695,268.748234618634
274,0.006807688928926258,47.44936790271404
275,0.003165019088836493,145.89978446162561
276,0.003142395722865,45.17258396531641
277,0.004654298058239412,60.77982557583358
278,0.0033806369726265143,102.32121934719733
279,0.006409872630370203,31.240313971695645
280,0.0043991465259890766,106.92411472683631
281,0.0050319676972251795,104.89162054594043
282,0.004543962688253935,276.22298939199334
283,0.0019265109627228632,29.279231417273728
284,0.004354996491648786,64.32507422315138
285,0.0036574396863678408,63.18358421720072
286,0.004040251610499231,105.1840834956501
287,0.0035658121443112897,76.41015749321689
288,0.005847313837209736,274.86136831018916
289,0.003975629672835644,268.56105612049544
290,0.0038756728896198367,59.61690807299336
291,0.004768382663244735,107.18387738480327
292,0.0031213967315227523,282.0993042571611
293,0.004193468682139858,46.92254704308513
294,0.0038669252102470453,65.76551533539438
295,0.0047736943732592935,60.15058467012233
296,0.003059930454831126,51.63698400283549
297,0.003611077760651074,183.94606957665292
298,0.0032816560082706433,358.7826010317955
299,0.003221735383913955,106.95157998360794
300,0.004124577756415484,268.7243801250512
301,0.002915896102627223,278.3793426400076
302,0.004602316380849766,31.148648880237808
303,0.003067119830969101,152.20671983364485
304,0.002636228054128015,58.393418392693555
305,0.0038072437335524064,46.714883117446504
306,0.004129630929975096,32.536314978803404
307,0.002653326146583553,272.59966170205627
308,0.00568983630616388,105.77333824131466
309,0.00345899219781551,106.68216614437974
310,0.0038101756310925643,149.98119759947366
311,0.00354932465730383,62.398604899812874
312,0.005174229046914802,269.7162152335421
313,0.0035468628237840727,357.95173765680454
314,0.0031497115040227384,358.2283639404315
315,0.0033052735712659604,189.17230801598473
316,0.0015348211465537203,107.13006061685148
317,0.002076382362692978,146.97178792688436
318,0.002354460832732566,355.35352162573605
319,0.0041219888559586755,31.414084821186712
320,0.0038288188491357937,45.993187850157966
321,0.0042679801268555775,72.95053741209529
322,0.0037238710360816794,150.81217813923962
323,0.003566165994692088,353.3941740296383
324,0.003353146807281509,355.3797890130411
325,0.0030009580970756437,357.82185343201536
326,0.0023411471962825883,274.8667694155659
327,0.002283087160321884,57.389273036643544
328,0.0019359606735248481,59.001505087649015
329,0.000662046157732879,30.35652244731973
330,0.0032110669735446805,149.99229671960697
331,0.00417572030941161,106.77913159260025
332,0.002451515041519253,46.57030894163934
333,0.0022150151206998007,47.738553164285825
334,0.005055267398937438,74.7968049704878
335,0.00438548414772063,101.20147467658114
336,0.005397738071297755,78.70718417675177
337,0.0035448236604710913,31.93595145586123
338,0.006957661505404789,63.305232867151744
339,0.005086682507304619,29.512080515101236
340,0.007313951406663714,103.17061220131718
341,0.005470785594360646,32.23263486080553
342,0.005464501210596591,149.04965782920257
343,0.005646948996406273,144.53138701565356
344,0.0062645617112698695,108.52291983609923
345,0.00425136718743962,267.67172002006765
346,0.003223656738389929,49.18391834831033
347,0.004459698499956106,102.05481735357137
348,0.0039940168928576615,107.92873873958199
349,0.004424788242462894,30.7347256663306
350,0.0037866522754764166,107.13631132599036
351,0.0047640179990847496,184.5035356609096
352,0.003157399526688407,359.5542935701571
353,0.004491028067672074,150.31641749300016
354,0.002162258418410574,187.0094121388905
355,0.006265289530535389,29.198440040138895
356,0.0042249249971986575,274.1070243916523
357,0.003671869157467602,104.6639685433769
358,0.0028763260211697363,355.23221102884924
359,0.002272403707522731,266.04368732478275
360,0.004039578064740932,61.97475279619514
361,0.003370545639989945,61.742013159147064
362,0.0017211518430046673,30.927934794202947
363,0.0024225932657072455,63.008250268293516
364,0.0029633375632181777,76.55730050404543
365,0.004008332863769592,190.67245466408315
366,0.00418364910451771,357.32935030987835
367,0.0034089944107439474,44.9276125550357
368,0.006056162285445184,46.826342944349264
369,0.0046885752373372535,268.9604281336818
370,0.0025196292953856194,101.84046963137014
371,0.004325059517048596,48.123866096987115
372,0.004094720632575168,365.4238498865549
373,0.0030448563938989537,106.92652919107434
374,0.003537914462238125,99.88356995650878
375,0.0030290083783636066,357.00244406894274
376,0.004348939571455362,32.333269897928545
377,0.00427277308666486,48.23116457320928
378,0.0022575710107648585,190.65219813535126
379,0.002393011411166853,356.0832234421415
380,0.001882866021674853,151.32608811703153
381,0.0025099512919092683,269.2221723893603
382,0.002943236151371946,33.23515183830295
383,0.0030077191063291662,273.0951216082317
384,0.0029791985952589825,353.6673734051159
385,0.0023577902082101945,189.00276670758365
386,0.003053951910815312,59.28390541312273
387,0.004234268650056407,60.22000433444461
388,0.0057136847136807145,29.5508120252246
389,0.0046053966266422445,72.44840436513192
390,0.0027675152567380665,271.4379397952739
391,0.0034259174432700605,273.5070689317113
392,0.002439256654847791,75.05849952396886
393,0.003722597678534913,74.53380720947999
394,0.002672236738695753,276.5879003608987
395,0.0029721406722227088,188.39046613779942
396,0.0037059999004004814,76.36278546692792
397,0.002865454103077634,103.27639915607122
398,0.0032641993784286918,105.51158300219794
399,0.002411163280212716,144.98636868021998
400,0.005188890060137856,65.07092243637189
401,0.007865155877441103,32.47222824570011
402,0.005045099492046526,144.11229258006043
403,0.0038255787177319182,60.673153183668376
404,0.006372779760078209,107.65805498351008
405,0.004661209581746218,146.64154645112197
406,0.0037179190298764963,271.18427153110053
407,0.004862481495488822,59.0207408703879
408,0.0036235804995265104,352.2114229596732
409,0.0032184425341143913,190.73020727568115
410,0.003745867943507619,33.178590914407025
411,0.0029945056523239355,350.02500325784996
412,0.0017589976056096366,188.14701312440224
413,0.0021639157737529157,103.1340634600771
414,0.0026315724357659376,76.7323830097376
415,0.00512131046506793,32.28327945343437
416,0.0024681116682669117,41.437965816213534
417,0.003945079169391868,78.77317719052785
418,0.0037208639014633515,189.01999416605926
419,0.0032084042059965135,266.00472796088206
420,0.0034146142154063966,361.51917206843785
421,0.002462043688846626,188.7859003855827
422,0.0024555080182553993,274.04298730302503
423,0.0037966105008894434,63.10550712535021
424,0.002177782711305797,354.02946214404193
425,0.0020078442624663424,267.82469248508505
426,0.002230494458763743,142.02634293335262
427,0.0026595039199282136,110.19677971157716
428,0.0032211645161764535,189.8945608600625
429,0.0032280403245059804,31.66860234108956
430,0.0035477997602405644,74.14937299196546
431,0.004754991140387198,32.2329392810464
432,0.004100134013688087,145.3361220839269
433,0.0032523106628073507,29.087259967321966
434,0.00423474298991672,268.4990533041932
435,0.006339564567512706,61.554075669376466
436,0.006069335811381757,60.80492926544949
437,0.004647930613608533,33.51768259598724
438,0.004550366218571765,185.2369961691964
439,0.003847036329643548,350.9963984513089
440,0.0031545098070441995,142.50781889354127
441,0.002287813232564636,106.1441951941869
442,0.003537366538035587,30.782920063739738
443,0.003443793467556237,182.82702020190905
444,0.003952996284262194,360.03981338958454
445,0.0028509056808960283,75.1976105075674
446,0.004356006012060858,104.50506220884368
447,0.004366865285546066,143.5574375005425
448,0.0029628953908719734,148.5330351638127
449,0.0032709304801231817,58.56002163910977
450,0.0051517996696268465,47.61783948807115
451,0.004175241208847098,186.49794167968682
452,0.003970561313200935,275.26037613290424
453,0.0034402493348026576,350.65773307647993
454,0.003729114412049905,62.744460827834494
455,0.0036716012519705976,269.4273271328238
456,0.0038236358189103407,44.58257879415313
457,0.003476304115344685,276.87455952046867
458,0.002672164379349012,104.6553213209389
459,0.0029884382281404843,105.03432853206883
460,0.0024424180511988186,275.280566556192
461,0.0025208402594601043,272.6667810802498
462,0.0021408042718008653,145.645434412319
463,0.002564329172385222,31.93479669265284
464,0.0012004806892284912,47.86454661294795
465,0.0021255069345757294,188.14463198485674
466,0.004618299594861535,31.544237801851008
467,0.00238195008067374,31.284169371503886
468,0.003965081553827543,73.26248145527164
469,0.0034497849466444334,75.24030925770332
470,0.0029853254052183004,355.1702382684883
471,0.004483314354041107,77.54738802746566
472,0.0030722153713778145,30.49529835405008
473,0.004465063023093804,146.9797460971275
474,0.0037280255696104992,188.29689785301696
475,0.005256086627615348,57.02297754758375
476,0.005234520250129348,106.80326242390223
477,0.003956667804552228,275.3083146777615
478,0.004552097774186701,63.08784424947458
479,0.004434057849846732,32.049360638466986
480,0.005652319459778513,30.32080045421003
481,0.003341707089580618,106.78124140700868
482,0.003939601685299843,31.981069532922515
483,0.0055537906742215825,77.67618352808536
484,0.0050503115741430266,269.63342972172694
485,0.003949411233720482,29.541145662253598
486,0.006030338666879304,62.993252054180225
487,0.003990938153837482,143.75401605358056
488,0.003905749641928886,33.004340970869194
489,0.004031638110755524,271.4324010304323
490,0.004282649058508026,77.59802951797454
491,0.003789477975954207,62.835600607212406
492,0.004649650051550662,100.85991243160039
493,0.004542777867905693,347.73476901506587
494,0.0038317177808247665,61.78993051275946
495,0.004182261720083081,264.670521123875
496,0.0036940425530112508,265.2956745354826
497,0.003190822630480957,107.7053242764076
498,0.0026017655590051068,275.16558963989286
499,0.0025790895183904054,44.828288727704845
500,0.0027534989296946525,189.14776522578262
501,0.001911672385713795,146.52317853541098
502,0.0031416811153885836,186.9617082252011
503,0.002532214151607393,273.8649638262465
504,0.0029088387016765246,44.28525026979775
505,0.0029040869114326665,106.78202371014454
506,0.0023685852868984,268.0679170030773
507,0.0034266662296431605,105.9728631410743
508,0.0035307372320266036,145.45430589018366
509,0.004442070493819942,142.10685169523302
510,0.003576369149202588,270.2140910171661
511,0.00295558763050744,105.0005032668438
512,0.00272771114200273,106.22130972104726
513,0.0038641878743244608,101.8477028101554
514,0.005659272227431585,79.00845893400752
515,0.0032240798231017638,77.64394628241348
516,0.002451482215071116,78.46028436103401
517,0.0030354970114933313,77.17328503040896
518,0.00373702259114977,102.55343662552588
519,0.00553694643267904,29.70116861341268
520,0.003109947289472488,44.61784813754456
521,0.0047399675271494225,183.15160224151572
522,0.002120807710839315,28.964807477565383
523,0.004354430932615851,30.423184127942957
524,0.005884806713596444,62.88002037079952
525,0.004942861487716772,103.555607957075
526,0.004860534859524462,190.28067673345723
527,0.006429009288860305,44.31494187603599
528,0.0047419162354159754,63.23295303235096
529,0.004523013447211989,341.5028447108124
530,0.004380055617034395,144.87046062476216
531,0.004154655339240482,32.33255718593085
532,0.004179355034607333,270.0600766299048
533,0.003423443678106281,151.92925012006393
534,0.003418976600520361,277.19801448589527
535,0.003142675617534666,355.3330949102189
536,0.0023548061691131728,277.0106175500584
537,0.0023883114384479483,267.61843965980376
538,0.0033238897671548626,79.63321990707142
539,0.0013858861802246198,31.125434487309978
540,0.003011108644133537,186.07985139191166
541,0.002702092557045633,148.61825512334354
542,0.003685553501659692,103.21954559430584
543,0.002034853608878424,76.74857087133488
544,0.002960119302864267,29.748816835115363
545,0.00909530696828204,46.040254348307364
546,0.004035662351344473,70.01577704435817
547,0.0033217630107523852,107.13428260519841
548,0.004089445387246988,190.6815008369297
549,0.004425176231126062,77.17723578556259
550,0.004874757185461931,149.6108117671994
551,0.003930304355666532,355.54712951111725
552,0.003513466775294891,29.755117033405025
553,0.0025640026676253024,75.30723924204463
554,0.004504200444923324,76.80667946213231
555,0.0053512261179877955,29.558235196115636
556,0.0065985554698519255,64.41927554282428
557,0.004232407195059481,271.9298226150819
558,0.002907595966596683,145.4474144021932
559,0.0028491524962401646,105.16578497370925
560,0.003430743808043976,72.02165498081966
561,0.005547228219266171,192.7424216053403
562,0.005571664602030069,43.99455678860085
563,0.004756051404370196,70.69074662382499
564,0.00497515421847237,74.21727331374214
565,0.00412063219466125,44.95860382004951
566,0.004899580499282426,183.97512596078747
567,0.003988989078140081,74.50799682761705
568,0.004982814876956087,148.81746256122176
569,0.0027986787030681013,76.7888617952928
570,0.0037814931075411157,357.6744924801584
571,0.0035421890626969035,77.0876218942065
572,0.0046382367541131534,65.72783203275588
573,0.0033066839830568624,147.44413830670447
574,0.002872283453829378,349.4075121495164
575,0.0022795235114038584,190.13730779649626
576,0.0019832910467689003,62.41470497046026
577,0.0024719621880424326,188.91718312690762
578,0.002676147968870769,278.69776989475685
579,0.002561084833841425,349.5017861553699
580,0.003274363479618301,78.12587862756902
581,0.0025068697462054183,47.8097477250556
582,0.0023169006666697947,79.3194637174011
583,0.0018287189301387312,73.6369319415064
584,0.002813437081877152,360.6897595053084
585,0.003005644217861704,148.41359417358413
586,0.00218932236429462,355.6664523599543
587,0.002646306717677965,353.44757975769704
588,0.0031106353201899653,191.78641711324772
589,0.0023732020279336645,272.9091614494632
590,0.0029207505156535396,194.51935464470475
591,0.002563419665292768,147.80397921513563
592,0.0036328611200255,268.43995685714293
593,0.0030461546677444757,76.58541516742262
594,0.0037658286208910392,62.38358551543974
595,0.002723100957654693,271.1587279839356
596,0.002554857175991728,272.226132249071
597,0.003677654430818728,62.81855784822217
598,0.003302860808756892,106.78000650540108
599,0.0028082739252999612,63.34426885161011
600,0.005732455052503641,28.722469315903474
601,0.005278957434269172,76.05128004014827
602,0.003286360353108478,354.83307136158203
603,0.004033636074856192,267.2288872497654
604,0.006615245715523597,63.614025359052256
605,0.0032300854092528414,269.7901644653351
606,0.005336056275249073,30.757870441330116
607,0.0043034070045956775,269.22938135410834
608,0.0028177414411295425,348.16491585167455
609,0.003359504330128894,75.2522049099441
610,0.0028969165714491717,348.40648638758285
611,0.003960257388329906,44.87813035965913
612,0.004040812265811349,149.38896572685783
613,0.002376357328295187,275.1918027019388
614,0.0018217378614093017,29.897873221785648
615,0.0029182301935758337,46.41979232540331
616,0.0018610093664736614,75.09688817418565
617,0.002554809891912786,60.33417358978385
618,0.0035748490058019164,193.40582798368104
619,0.0039567436031857015,273.4236841425423
620,0.004343789940616557,73.98059083545579
621,0.003128410533021009,77.14376239268043
622,0.004135143895504191,268.6436162166512
623,0.0029877864817243922,351.30742551391273
624,0.0035378970706355737,104.9751623124694
625,0.003189553336018104,49.881294378667945
626,0.0030224414537629524,150.20956702130627
627,0.002568840098611741,344.51493082493624
628,0.003312986370887798,48.05155314033503
629,0.0022159944973877983,31.330638542636894
630,0.00325299420139094,32.71187790102597
631,0.0034289240848761203,191.1259312730364
632,0.0032759203571838522,191.51165647397633
633,0.003807829159751026,106.23182648265937
634,0.0030544224207225286,31.959570664520122
635,0.005116721352186498,147.72672363495846
636,0.004417391010968721,145.33735568373112
637,0.003246738660220246,346.6732525384311
638,0.006862772634937348,32.350970255985445
639,0.0034249987903153148,273.7279924468414
640,0.0027452487831426046,349.33962604564016
641,0.002076657365177619,146.37035273392
642,0.0033665504274325722,144.62367672306902
643,0.0033063996696992863,47.12182597468841
644,0.0021838488399349076,59.78870211010069
645,0.0032514416860669345,272.9581135317162
646,0.0029237997634444365,187.10158073196163
647,0.0023841736936866744,105.88743927546281
648,0.003024235246050159,73.84006357602154
649,0.0033293642919891954,187.7384096318343
650,0.004132652417144433,31.51674345237057
651,0.003128576941646278,189.41655810112064
652,0.003368049941099356,265.4739896999956
653,0.0032662495684525846,188.10907321510643
654,0.0023005667180768796,43.01559351391664
655,0.002637002262024514,73.22179603009216
656,0.005337289940930409,76.54403089851768
657,0.004908260898434107,141.80442480682072
658,0.0035624003555978522,191.82224394398116
659,0.002312120421073571,273.96301404736545
660,0.003038746318911903,187.13695543377068
661,0.0026223305334096333,59.613342156798545
662,0.00474903073375529,144.77568590378843
663,0.002336217964312481,352.080214468157
664,0.002003000199617896,191.9051340155582
665,0.0014579632872384438,81.09669137047692
666,0.002257745101150459,106.84748655401704
667,0.002610519839117373,188.78324628429667
668,0.0021072971624908204,269.60545838344365
669,0.00226780593273081,104.695985278695
670,0.001907079388438808,191.52225377613675
671,0.0026034530247042564,182.6031544082554
672,0.0032782776523507325,71.45240874041242
673,0.0035613685078302653,184.60287578352762
674,0.0035633823276368967,32.493635895952394
675,0.002259129365458494,277.54376741680693
676,0.0017818420277237656,351.90197873723406
677,0.0018632880687161236,143.21639553483254
678,0.0014138142523106895,31.29472454415953
679,0.002637793409506893,57.645887323792174
680,0.0021891461536367772,189.25616045496668
681,0.0028843859338824563,75.95832268122672
682,0.002449130653483986,31.336069252142533
683,0.002061221727009239,61.34061335854402
684,0.0035182078250517615,104.02416512193412
685,0.0020374297268559035,42.92944118749204
686,0.003580843068645204,187.0609136364661
687,0.0023797242426752976,359.1791384401744
688,0.002538905619572192,351.01851280944
689,0.0037415664397269857,59.90142093132786
690,0.0025489565416759946,144.62884370228298
691,0.002344578895504055,349.05355004618696
692,0.003420279665602967,64.02447494536905
693,0.0017077000103943812,44.44234157107251
694,0.0034206202574007965,264.9158825881738
695,0.0025439130273477695,278.96123234456974
696,0.0027903033880366038,264.4121900484551
697,0.0031364071349946217,276.2981323869724
698,0.0024215217374832427,149.7998521345336
699,0.0025514571212128926,48.43485945405425
700,0.0030774299608557327,61.57164583840021
701,0.0022280808135023314,275.57688717692105
702,0.002099167894408447,355.84179174124574
703,0.0017902205226538867,348.4850815050982
704,0.00238301517590559,351.7173957271479
705,0.001384583859043673,187.59242724314217
706,0.0012332217336086739,61.164784917217204
707,0.0027194487126001106,145.38332321208958
708,0.0018817758487749904,104.38639357651618
709,0.00341214750363379,64.70523248886666
710,0.005608256016095201,32.705021546451015
711,0.003916236615867507,145.25081683055052
712,0.0025368536418250574,60.21846447244959
713,0.0036376028285641164,187.62046664158788
714,0.005072874237841986,183.28379016258913
715,0.005545503681892465,103.77411381392702
716,0.006758961832159772,102.38676972894908
717,0.004167662399369581,150.1635869816153
718,0.003589956108870948,49.80878119199497
719,0.002288288446364057,28.97309755681953
720,0.004428409816874835,274.31852784557293
721,0.005153410879222402,187.000617137649
722,0.0032941376070673768,269.97327266481165
723,0.003068074152040008,145.16160694071385
724,0.0035592376580924874,48.927525445548895
725,0.0032827435623823055,105.02335584239155
726,0.0034567321672511753,43.87720758813812
727,0.004240520011567434,269.8796922131392
728,0.0038076066952179013,64.42925113583908
729,0.002053151921270025,76.97834652145512
730,0.00425904158575423,269.81348490553415
731,0.005015217886278245,29.79629363580823
732,0.006279229635224879,74.98351930803172
733,0.004147069174143473,71.44242929576932
734,0.004024441429936557,352.59442421043565
735,0.003988875978168451,187.6494953204108
736,0.002462757920934372,267.23457003128283
737,0.002399364087282174,149.12960371584632
738,0.003478709125457416,48.189360003368634
739,0.003617394322748329,274.8552747805776
740,0.002960974020907271,148.58452480817743
741,0.0024301684910636233,33.553781217552654
742,0.0025498688268481393,108.88424758086757
743,0.003039806253676118,193.6106172680633
744,0.0039169102978573065,145.15464454317708
745,0.004501582904719147,47.49963108642001
746,0.004850115588781661,103.18348515264714
747,0.004774423125546981,104.70568112321132
748,0.004242301013734287,267.6231240957797
749,0.0032443100767679802,31.437525825062227
750,0.004021458026810168,45.12798660433236
751,0.005032558776432639,106.33331458053104
752,0.004555475957938585,352.78075880736145
753,0.0032292680234758783,62.84006319092373
754,0.004342355169613326,105.10517626794297
755,0.0025575079861565346,44.4702929490537
756,0.004353138950464949,183.09609264454025
757,0.0032002398235628283,353.0580583091727
758,0.0029339587290451163,105.84626020349769
759,0.0032904583132250015,187.9974336502158
760,0.0027219868500872727,71.58855761179282
761,0.004071826990019128,45.409825807134474
762,0.0030327360214536204,279.8313138671058
763,0.0035195761158942846,145.64641533923327
764,0.0029881788060924135,29.70915898859536
765,0.003417787283177535,59.126253159499036
766,0.003929390254982045,345.0272938589325
767,0.003535115494524292,271.8602616931731
768,0.0030962430951513914,357.06267744815773
769,0.002500495894548323,351.246511957785
770,0.002482327430473176,193.8703317204904
771,0.001782450066549877,65.30141534654413
772,0.003894922385004352,146.2213319747364
773,0.0021643707470872338,356.8787650803702
774,0.0022308189741281617,31.58628081352455
775,0.002618969028844731,33.2575431484828
776,0.0035023913311934066,268.2243635943883
777,0.003662052089880333,31.09707323786552
778,0.005979111647069784,28.39187502583976
779,0.004011279473430272,275.5184714249881
780,0.005744665013976787,47.24021653152885
781,0.00527297831895585,77.61422549942466
782,0.004040547664378726,78.24599389422322
783,0.004389619324993151,186.4262647792224
784,0.004209479539475489,100.83659103489856
785,0.0038039813579207526,352.746976408809
786,0.0037556233450195334,146.07520747924679
787,0.004822237982283449,62.210660765453675
788,0.003448104536358654,75.94824917633132
789,0.005920302358142429,48.43677294466651
790,0.0032022902247204757,352.4590430992109
791,0.002428978239107449,72.20587239934609
792,0.004328161633099159,77.70977001516178
793,0.002199773941439079,49.22240239910196
794,0.0016175173917998046,30.39690115910685
795,0.003033549331371585,138.7112945318359
796,0.0031080672280072107,31.646618601389854
797,0.002054427025293328,44.78533314210525
798,0.003117384875272714,105.03475566343346
799,0.004465846186646489,103.04333521530648
800,0.004019033102726885,73.49988472546654
801,0.004383779728442212,186.97466751966326
802,0.007029403385943091,32.81866442555177
803,0.004299593012350473,74.91322522741457
804,0.002389594409165015,47.31969365963781
805,0.002709584936663025,103.07424193115203
806,0.004799840337469017,189.34407259367825
807,0.004873009595520181,108.76092960712658
808,0.0037286966620032652,148.31240181686985
809,0.004445475631992971,188.0320907813152
810,0.0039675985754001886,30.902367450396856
811,0.0062646181048132184,46.45907395052014
812,0.005756360007488461,60.46095220540557
813,0.0050794219176868915,349.0573777253102
814,0.003905274283389745,142.76966976254147
815,0.004759482811727971,62.09653359331042
816,0.0034941994813647505,363.05433666399455
817,0.004976018882157875,31.037068541330623
818,0.004331421571711464,29.873953112128316
819,0.003062602881612493,62.27004824147452
820,0.004216361615209267,269.9535879689735
821,0.005426596569785773,63.591184709858894
822,0.0037497354184200626,47.59277470490039
823,0.004379269078819592,60.44040551935483
824,0.0027532525597516785,148.19148202714567
825,0.0029429344778525938,47.07315605744189
826,0.004488896222398379,60.720695406604264
827,0.0032382062311696177,101.7857234910583
828,0.003614929244882269,146.65647857369234
829,0.003526628225742552,145.4662619090766
830,0.005453213626940458,75.96965039283873
831,0.004885565017716453,145.86397174354244
832,0.003336000455527614,65.14598890221592
833,0.003398949470789314,59.18840783104589
834,0.00360857335346571,49.453019273455595
835,0.003695352025369828,268.3966809547946
836,0.0036078319576121213,146.05582730002996
837,0.003974099721796245,265.75582589447885
838,0.006127757990093492,60.83328201980979
839,0.003691172299254577,354.3393024666953
840,0.0028375399238357952,194.31861539652334
841,0.0032324631369400037,143.83379001894562
842,0.0034582730680155624,102.35545337957853
843,0.004366936760222524,63.93909884169419
844,0.002419743737564332,274.6194005827837
845,0.0022438463551435026,102.44570046945618
846,0.00434328673715576,188.55250739093592
847,0.003107787625405714,149.7946385949684
848,0.002578349064081099,276.12740973670816
849,0.002390656250347754,348.75368297945624
850,0.0018731663756010625,269.46384293329606
851,0.001322998923014739,61.20551476084284
852,0.003819060883944149,70.93719133047426
853,0.0022177505520630802,265.8299955012421
854,0.003853927967331681,104.62886715282677
855,0.0029953206267236965,46.765867429667225
856,0.001849027251161963,45.422714802978575
857,0.0034702553395520126,79.1917064460477
858,0.0031847269635465907,351.4326073613258
859,0.0034376280896489895,110.45928180539408
860,0.005981224762669219,32.96035610876929
861,0.005842677626913365,32.10068184696813
862,0.004639524811754376,148.9289480343475
863,0.0030330969570737366,58.895403275618094
864,0.003556068076173009,61.37817339626934
865,0.003921827110878859,104.9633144465843
866,0.003405530756819333,351.6918177169035
867,0.0029654355053422695,148.91551948154944
868,0.002327899649946416,349.762242532023
869,0.004567639007537934,64.63849791035872
870,0.0069304352730576845,29.877303424167835
871,0.004865287682505214,61.56314828376776
872,0.003981412006020224,32.14977463974102
873,0.003131814124367703,354.4989102210792
874,0.0033589281727643464,145.0591621624526
875,0.004938426666416551,61.789112202844635
876,0.0036541032997034965,62.65540650825734
877,0.0059867309033067835,31.945810046542825
878,0.004463591022454004,188.28627735787396
879,0.0038925761140986156,44.82228634809954
880,0.004172382018354461,267.2410027953856
881,0.0038216505565977625,29.13372863226287
882,0.0044830162830332716,269.4889660957906
883,0.0038348353157965213,79.99973084887336
884,0.003989603397469144,185.43600602237328
885,0.004283855538233183,70.91749999039997
886,0.0047567231767074265,265.11335126881494
887,0.00489573270897381,47.72845875411943
888,0.004174668190117559,265.3343417817696
889,0.002172476942836636,31.080056982664697
890,0.004159861321324928,273.44368722735277
891,0.0038510133343987872,74.18992346669066
892,0.0028267759383826412,149.67249948516778
893,0.0023643950519948013,74.67138122177306
894,0.0036857717923585616,80.54264908026302
895,0.005806547298310887,29.985720325124237
896,0.0033409323284644037,345.3842335275737
897,0.0031557830150200764,184.48033440169638
898,0.004259518392909494,72.16882644412883
899,0.004467695608664971,48.87518962646377
900,0.00338806374806524,60.86110257629472
901,0.0033240606343465985,30.703434601617218
902,0.003955766352998875,269.0045600129495
903,0.0036099239949033144,75.36819459985321
904,0.0033286886919394404,61.562024219879696
905,0.0032501150271855295,47.362099332730196
906,0.004381768607511821,271.8277652328006
907,0.003542867927428554,348.25026352619375
908,0.004360063757819778,79.28283155118524
909,0.0030877040675973562,45.42251086772182
910,0.005136204229281496,47.58655593373802
911,0.00403916697667165,31.211062908590176
912,0.0046106878961159085,146.94793862201684
913,0.003216348034490285,33.01034165645686
914,0.0034815645998298324,270.8086992669949
915,0.00476096794296314,75.55057161716682
916,0.003374261843643965,194.4763665525143
917,0.0023737919744467066,149.10900262214176
918,0.0018068518901772394,78.2240866052499
919,0.004156147091451801,146.91008745209584
920,0.0027349869732671114,99.53861106299598
921,0.003213309772382019,272.19795665096945
922,0.0022272617020812156,106.86641554425012
923,0.0023206645078475544,44.14941995239846
924,0.0024277527848627395,147.94967286010885
925,0.002856988013525675,61.56396837277338
926,0.003144553030132313,275.00253470158754
927,0.002608356486199717,103.06773686218017
928,0.0032250946139338217,144.46362433823734
929,0.0032521829803991084,145.93128023021956
930,0.003054917165266896,30.127245452586568
931,0.0037190748957751352,62.22250510881341
932,0.002970422060925403,62.1727652829336
933,0.00397021851972953,59.9944510526854
934,0.004885652320808731,29.31839986189993
935,0.00487176090281047,103.83332505948873
936,0.004015058899242901,105.56011328998694
937,0.004991900317691034,48.35621879405419
938,0.004329083949580143,47.93834764430627
939,0.004488553122673939,79.02790517056262
940,0.005899261880376099,104.66172028480837
941,0.004657142318921678,31.100574635346764
942,0.004134384234623187,265.36633628731903
943,0.004441557343176723,355.66018818257527
944,0.004289097661350783,62.33914718294951
945,0.003931395680970477,106.22014208087553
946,0.004838590324442731,101.60968671632152
947,0.005727875956909958,72.56104368776896
948,0.0028170339325603484,32.272630481104265
949,0.002856736514994567,63.33966731415974
950,0.0047676249265055665,76.71731084510242
951,0.003229560863818168,75.65757454976485
952,0.0030977421328593495,344.18496070167123
953,0.0027836657554288,353.0549603027206
954,0.00362094991051608,28.944454911582273
955,0.0039006897367282315,150.82611155795516
956,0.0027848991698522165,147.36654272124125
957,0.0036607555921980717,61.73701733923819
958,0.003877702560172203,61.08122811693002
959,0.0031985052228264976,107.5066230844505
960,0.0037195719390253476,107.032437086432
961,0.002494552802784607,189.25492803558623
962,0.0032315763113841705,191.7617990747443
963,0.0028372166473376453,355.80219381798685
964,0.001984262383287433,64.41263990674042
965,0.0023577688292649467,100.8994604473092
966,0.002423066449141241,149.05820172988373
967,0.0016340446756842894,59.55827461626307
968,0.0017445720393503695,32.68152739965235
969,0.002676012928458403,77.48682976825383
970,0.004391055324297419,46.39778474183746
971,0.003916129323735762,61.44169702926915
972,0.003924083690104784,49.502962719737276
973,0.004251674989755487,275.7552253066368
974,0.0034381630837664887,353.1007922195851
975,0.002948387315071257,76.48714435970854
976,0.0035880141565521723,352.5307786774712
977,0.0027340524242595488,273.2987672292937
978,0.002166759369313279,61.20968633337144
979,0.0020117879218086157,269.7359604549712
980,0.0023825836338506336,80.3321161260699
981,0.002734453523943729,75.08748725836372
982,0.0022948262687574232,346.4937086589674
983,0.003410791572605376,74.0525913971168
984,0.0029629156216303227,62.00178623599103
985,0.0029482968914681666,59.255093777292224
986,0.003550970871683475,275.93487270510553
987,0.003044707393857288,193.15969830164158
988,0.002900901629491085,188.6321105618632
989,0.004670220225153124,61.89257952402125
990,0.003578714438417775,150.03162197797576
991,0.0027276062604879095,350.6903363753243
992,0.0021772025332103435,60.184018123579165
993,0.0022468086700373167,146.37831507910755
994,0.0023823971643707276,192.09819638805968
995,0.002279049072179705,352.3852713869222
996,0.00456374338616363,46.7538594281472
997,0.002595158291105409,189.54510639634032
998,0.002173801857726037,60.4973199912205
999,0.0037042835840296346,59.9230863562927
1000,0.003929757627554716,73.92697165471978
1001,0.0032793538539408473,48.28714312391955
1002,0.003678366747688135,103.55248356798765
1003,0.003825980506815268,361.5169655636412
1004,0.004711806069158106,79.75824607419413
1005,0.0034536560130151417,79.93232281434646
1006,0.002886525941203917,109.83565100969477
1007,0.003815964809525878,186.37510433463035
1008,0.004435321034385928,187.84676403974476
1009,0.003793022393508111,101.60967126255073
1010,0.005274928401450853,78.52696952275637
1011,0.004070589419063401,77.34488639802387
1012,0.003657200233916023,262.3528003346684
1013,0.0027067911351795456,47.685307519740626
1014,0.007195546620441119,30.923789769633107
1015,0.004257131528091221,75.0306190948336
1016,0.005482816174380473,31.95879041617966
1017,0.0039354202801127865,60.28776004108154
1018,0.004054066498868835,351.8912740399228
1019,0.003814973016129987,190.87005047858682
1020,0.0035286597852642776,45.096070118728775
1021,0.003926166497706466,358.4285441581506
1022,0.003562150290235877,145.38149523962898
1023,0.004245369780180446,29.620585729668583
1024,0.0033843078080909184,189.1949746451418
1025,0.0032395427972750253,153.84426017546306
1026,0.002847262251979655,32.58005960644192
1027,0.0027832714218815314,107.89987777285465
1028,0.003805949711187912,44.34599033550767
1029,0.002865716908366359,352.55309035808574
1030,0.002461157586513243,352.12755049700036
1031,0.0026654688666174985,345.77366670102333
1032,0.002092820859285315,47.88537280341083
1033,0.0020078942049214423,29.604692508151373
1034,0.0024696094368212174,352.5392880616918
1035,0.0018162085727385724,359.77956364390997
1036,0.0026187717877209334,49.44925360381636
1037,0.0019410148293068001,59.78130070868755
1038,0.002736206258320589,62.73866895505981
1039,0.003674514549543503,29.847041822849256
1040,0.00302862337250608,353.95529890558987
1041,0.003238001722034454,61.93440625981158
1042,0.003279126657139001,60.99393019874364
1043,0.003326328980550058,105.12801812239991
1044,0.0023861819286963544,147.53285330354103
1045,0.0035632171741555503,144.7490930623318
1046,0.0049275160415925565,76.39080260108972
1047,0.004694412503753979,45.678269416999676
1048,0.003938888183348986,61.711749085607416
1049,0.004248637865692637,103.40989788887737
1050,0.0033566674022031014,184.70363794689575
1051,0.003943254489828318,106.66281254747344
1052,0.0039851418277484715,75.86308329912309
1053,0.0028618688284603702,190.532335845491
1054,0.0028559047623902783,29.894445222113106
1055,0.002710229488053608,271.253029796849
1056,0.0017653769745234527,31.241424724859343
1057,0.004498105146550105,47.14102745029408
1058,0.003123369342234281,344.81548103727897
1059,0.0020325840641503574,32.038474449403765
1060,0.0027976849575976487,356.95476523833076
1061,0.002923039995604651,73.70610335035036
1062,0.003817601291974147,146.2391231457208
1063,0.0032877896923334308,151.7043520848801
1064,0.0029733986307740414,264.6695476770506
1065,0.0027024019722949443,146.65937172675643
1066,0.004007954104194001,105.25001362341311
1067,0.0025982329331712276,103.20755547478353
1068,0.003276541905506747,80.55195937113837
1069,0.0027577911864451166,60.387100730064766
1070,0.0031560049474908245,58.9515881705291
1071,0.0027468171040414798,272.0464433659821
1072,0.003686001452447742,30.024329621265647
1073,0.006479325321410654,31.194863684272452
1074,0.00339973380211186,146.28747644753741
1075,0.0028239595543512936,73.11083175819662
1076,0.0032186210058993076,352.2403732641904
1077,0.0024231582511981195,344.67788635442747
1078,0.003453924787348884,108.09042424811274
1079,0.004780830989070868,63.645513983310785
1080,0.0036797138503831006,103.75329969640906
1081,0.002975839748012757,277.38501059612156
1082,0.002050666908312101,103.71224810071318
1083,0.002627929089415834,188.925430890458
1084,0.0022818463610870454,61.239277484793305
1085,0.0024452846536460494,148.652462330483
1086,0.0029220527126902376,189.7257061193793
1087,0.002989149114000611,30.26012980376296
1088,0.0021366910761501526,105.98939046590937
1089,0.003917687016223067,74.76470530691009
1090,0.0031461202373411906,268.7501513872385
1091,0.00391461175855975,147.56936554370873
1092,0.0035865865700299726,189.00416203774265
1093,0.004552065792738396,31.979584724317444
1094,0.003591381219339999,56.75948600307436
1095,0.0029206171422064752,33.39480549079887
1096,0.0022498429518849478,357.11725916423194
1097,0.0018078804399996903,278.4112427635034
1098,0.0029698602989685304,31.120255563313133
1099,0.003427686131692246,79.0049453910995
1100,0.003926705765971329,78.98442745332078
1101,0.00329336603714513,47.72170201247973
1102,0.0023663166136700326,75.05853820992867
1103,0.0024926251092532263,31.31227259738566
1104,0.0032133002198321643,357.89001691486493
1105,0.003073176569879655,359.3874612623691
1106,0.002998799562751978,102.4709596937518
1107,0.002843467077582318,103.49400024692774
1108,0.002228377587643677,30.54308193367288
1109,0.0032186717894098402,271.6042701817329
1110,0.002995993318952819,190.23735747675835
1111,0.002636101953116436,356.09028069462835
1112,0.0036611322745581697,75.76194127930034
1113,0.0026246618765686488,275.04734640253923
1114,0.0033883253714081765,33.7661550336766
1115,0.0042685380651311935,79.72234492205294
1116,0.0031338244007201865,358.0301269990734
1117,0.0027197342276220017,103.09007752987915
1118,0.004765320839992612,32.92715668792328
1119,0.003980445694059193,149.5735271714603
1120,0.003378717477840537,192.3109825267735
1121,0.0016035258701198143,49.28436076552964
1122,0.003750353652804007,149.34094867147036
1123,0.00342219282125651,149.9400040422786
1124,0.0045398070735147384,75.8904144691755
1125,0.003696529624538862,352.7274065286849
1126,0.0035813438432971733,106.1781962717565
1127,0.00226408322240188,357.9425751351852
1128,0.004270776750093897,49.678332792147955
1129,0.002760166168519714,62.37881198672731
1130,0.003393166075322321,146.84276919852437
1131,0.0026568308164481185,263.59329156081697
1132,0.002245263977504062,103.16587691426137
1133,0.0023801434356507593,44.8675406545864
1134,0.0017564833692558556,353.36147363561554
1135,0.0018126268652556838,150.65156350854463
1136,0.002884778412573558,48.669155827843554
1137,0.0022614191110489987,267.50277706431643
1138,0.0026397320283293307,186.8661785257428
1139,0.002436577921320874,60.89696985991014
1140,0.002775340544511722,59.201860320371814
1141,0.0025108390524441015,45.06469795028764
1142,0.0035992900009978726,184.97071331338097
1143,0.0019916001140452204,44.15616124972593
1144,0.0026813569172049866,345.85337668052875
1145,0.0022829035800352414,179.9401557592203
1146,0.002664157651452115,107.59603572358168
1147,0.0031830538912266814,30.945350232693524
1148,0.0025643058948834827,343.70311145170587
1149,0.0030650253806511914,46.1970714482423
1150,0.001849555915214296,108.0216477499393
1151,0.0029452187991759835,104.06446483252941
1152,0.003395365748351528,73.26062505959085
1153,0.0045934582857306535,73.26463981392986
1154,0.0032160866475433895,356.56139624870923
1155,0.002474506894521675,101.28553603518851
1156,0.003334388788621604,107.78009022017771
1157,0.0028713701220525406,186.90013160692075
1158,0.0028013340956840084,149.66419173187265
1159,0.002755246936800556,343.63745299657666
1160,0.0029307190749425856,147.02000266318205
1161,0.002011372955630638,150.79700644217607
1162,0.003155687025982971,266.4525658030381
1163,0.004197397527228719,29.851117894680623
1164,0.003462628276513267,106.28763368811724
1165,0.005085997831801334,49.30265463457691
1166,0.002907822452791254,272.84824763760594
1167,0.002957297409874766,61.914829745648184
1168,0.003568802803574027,106.6414093705862
1169,0.0030891515903178892,29.36563724978758
1170,0.0036315126256060747,104.27890951817719
1171,0.003885363721657718,63.9201167272827
1172,0.0023409793340817353,183.84896561592558
1173,0.0025957174400094486,188.6620423951764
1174,0.00268558737777094,271.48157612869966
1175,0.005395295848600277,31.489217486932045
1176,0.0026346041734635443,31.079346864513955
1177,0.002960069854565255,184.3942301541752
1178,0.0023511034913886743,188.58861518228974
1179,0.0023775551128595723,356.22862372103737
1180,0.00189671706093449,280.690338490962
1181,0.0016938777234170948,189.06219415777937
1182,0.002688578577739275,29.500631486255564
1183,0.002049533446552232,62.39303641009259
1184,0.0027144242668918636,185.11240160687595
1185,0.002850071494378295,185.3288393997013
1186,0.0019999999074423467,73.16187670191434
1187,0.0021729112813335377,354.6958047588129
1188,0.0024785383848211495,45.03977982066829
1189,0.0027142966504739253,149.19436851093516
1190,0.0030921733349055886,31.255656366386045
1191,0.0034851959224562797,44.04473975907999
1192,0.002909498565465831,48.068197778896106
1193,0.003414784173172541,346.1157049553187
1194,0.002813264780127349,63.496598237804335
1195,0.002756042234484655,62.825101972120706
1196,0.0030803181842614874,189.97140576494803
1197,0.003141977393109197,143.95108835301863
1198,0.003204118760147182,142.82379512823059
1199,0.004346690659496324,100.76214923264556
1200,0.003942419004666477,188.5771241669933
1201,0.003457661263551533,185.38419637016545
1202,0.0013066790674327359,30.16927706368536
1203,0.002258469473340714,61.493996400798956
1204,0.0029180949292220274,269.5016174389927
1205,0.004415571932007415,144.73234764573343
1206,0.0040912347089243455,101.58684020147261
1207,0.0027095775235402085,267.06879204285474
1208,0.002111723167748908,143.43884049489367
1209,0.002384471836882546,75.86992126269152
1210,0.00484172708444209,30.271659692574953
1211,0.0028260631126201035,192.48081275420705
1212,0.003819473019155759,98.38533331530012
1213,0.0022452021722838443,188.84961131585573
1214,0.0020311437479408182,49.13347691983815
1215,0.0029336098746124166,189.2944381833597
1216,0.0031467378226986676,275.71339918993084
1217,0.0036879746712165304,75.809627194764
1218,0.0024821060308159153,146.08577560762023
1219,0.002249794549078426,151.24733741086357
1220,0.0025853642660380997,46.93081141731677
1221,0.0028577780859278218,72.33600855021295
1222,0.001981960719521422,42.69980073802037
1223,0.0033128687242362687,57.578190388978655
1224,0.0030717602714149268,149.62198187684592
1225,0.00336785189818744,146.31132749389394
1226,0.0028656531877956143,184.95625903287583
1227,0.0028680399829337714,80.0984878784003
1228,0.0034764456991192797,75.16595928176034
1229,0.0019533196947866763,47.67717935239253
1230,0.0018408754561999652,29.487270877507704
1231,0.0014314912959576007,31.309500860658254
1232,0.004538106970301801,190.96354881343723
1233,0.0046244470702897,42.40568240858531
1234,0.003265518902630855,188.36352268326496
1235,0.005045517496725197,58.9031063595049
1236,0.004298076837023973,142.78719176908393
1237,0.0040624723999102014,60.40270368858103
1238,0.004801766164933893,186.56861116979758
1239,0.0033556502783997234,344.45064377791863
1240,0.00253833189904047,351.4889770164969
1241,0.002598795158174371,29.82577242103071
1242,0.002905226823084097,106.56798016737213
1243,0.003380532082287986,49.69919942558776
1244,0.002185489548600816,349.0673217420132
1245,0.0009595906572187608,32.345773935859796
1246,0.0026887474685446996,45.183452508560606
1247,0.003088565561483847,189.01765065976005
1248,0.002504212245019682,42.87856995119379
1249,0.0031499572401627574,354.1439149870426
1250,0.00220826343280658,275.08275592778284
1251,0.001624131174056939,45.158060953582044
1252,0.0029035230746135092,353.50052088438224
1253,0.0024750363628460465,344.7127153685993
1254,0.0028978912502260266,98.97745273636646
1255,0.003252684208325184,148.05910189110037
1256,0.002463003827374037,44.64000878704472
1257,0.0044806154179572,48.12587491715458
1258,0.004113389455762279,49.04281109490886
1259,0.0029799217195239846,271.0187736007749
1260,0.0020101161489947117,46.942602198528625
1261,0.003937298775575251,191.99680677614404
1262,0.0033395764303104196,75.7625540161815
1263,0.00320515154817258,46.39810344405385
1264,0.0041351178265008805,101.54779651382988
1265,0.002353492839657437,48.22559633774906
1266,0.0035315036663912626,103.74392350600277
1267,0.0033154041762778383,76.28533360662703
1268,0.0028695408339585882,353.30534980405844
1269,0.0029116639311531555,268.4679212395662
1270,0.0028683294624627436,76.6269021301558
1271,0.002375367273915882,44.93534812837789
1272,0.0030762640534972682,264.415853511444
1273,0.00260058347996651,268.46069426629356
1274,0.0026412884278748795,32.167436125788505
1275,0.0024847433965594075,183.93355348979443
1276,0.002310737123417343,29.650819250606375
1277,0.0024234372871005153,355.4720462119038
1278,0.0022169150900233285,47.95236182952253
1279,0.0030245789933714905,60.07322557056088
1280,0.004179088651812432,147.82299992489703
1281,0.002411854952313174,274.76641423833365
1282,0.002357396992965092,276.9851232255053
1283,0.0018668634260889535,47.85808571778269
1284,0.002407762713503941,104.24758598043304
1285,0.003804887128550232,72.59216918476247
1286,0.0030260398806463995,102.62940756313542
1287,0.003989619828644209,64.82930068430578
1288,0.0031757521505888166,273.5620712441541
1289,0.0029361934545952613,48.226521781408515
1290,0.002419991914943492,345.930285461564
1291,0.0015921624351242579,50.34670557781391
1292,0.002191659280726244,269.6974018449599
1293,0.002443312167365625,63.31126788272264
1294,0.002544883281767728,43.34694334960716
1295,0.0023318865057482415,32.216879974095974
1296,0.003506453999639111,74.70831687136771
1297,0.003502525195961845,106.84063577144624
1298,0.0027403645853437725,31.737934899584506
1299,0.004283198907639441,76.67888656008193
1300,0.00364881426903838,151.29515350536965
1301,0.0030769549615295797,32.82751280225183
1302,0.002877374386239476,76.23996191571808
1303,0.004228003989159002,48.4343433811571
1304,0.0038256465778591948,355.66528555846935
1305,0.004124903899380648,32.07756674935449
1306,0.00288377401921025,271.54902395170075
1307,0.004012616332726215,50.05973214192277
1308,0.001913120719987562,29.856109208731894
1309,0.0032935100973805727,265.6633868683046
1310,0.002845688550518338,266.4372629527297
1311,0.0032022600632692706,48.67063487455943
1312,0.002365483542543173,64.50855583373641
1313,0.0044536877886402725,147.7322403879735
1314,0.0029104268859440016,269.90948552875693
1315,0.0033041047981159128,76.46437422623958
1316,0.0033004740514021753,29.982515206543848
1317,0.0030517542746823366,344.06797128178545
1318,0.0025664706429825716,64.39179762964365
1319,0.0037020537917917614,47.60572439859587
1320,0.003627163804949151,57.77259466113863
1321,0.0034900191089532614,45.605591748519764
1322,0.0031482831092662436,269.52181198862536
1323,0.0027762543561165366,352.9610064245467
1324,0.0031350081520252608,78.87278793488375
1325,0.0027017196325532958,63.59908454752848
1326,0.0030295539648344354,30.802429949334755
1327,0.002565214865833034,47.52135630322591
1328,0.0028120315889640884,274.3205814537174
1329,0.002521090686232256,267.33466446709235
1330,0.001757751574410003,143.1593318067195
1331,0.0018783614733866492,343.97101059762434
1332,0.0031215365925163496,32.571008843740906
1333,0.0023849289679777398,181.99392200858136
1334,0.0015097065998677368,59.79179955884425
1335,0.0016695831632362037,29.43536862332369
1336,0.00230854866772304,31.487740059450616
1337,0.0038632941387901558,60.76528849839192
1338,0.006346403483646633,33.14134881501302
1339,0.0031293603103448113,144.4977117200036
1340,0.003323570360484833,63.69020959441407
1341,0.004316710543515894,62.94096515301202
1342,0.004909061799511527,60.25137490434023
1343,0.004733805880873817,31.348131864518507
1344,0.004065284255645836,72.40302228467199
1345,0.004537247979650431,58.96297363138337
1346,0.004257999869904023,267.8131068988822
1347,0.004504354305882931,356.16626861973816
1348,0.004220674144965687,191.48117883237623
1349,0.0028170243630006165,62.47676870335845
1350,0.0036489943226611517,45.56953606112975
1351,0.0030168606518971913,268.78170226002493
1352,0.0021302372620276644,269.6623326644886
1353,0.0012013822447074377,77.88635034406565
1354,0.0019039973015144195,103.79727100624861
1355,0.0035020216066988137,56.109909935780124
1356,0.0031747989562682425,189.7740014640332
1357,0.0026386130803136543,145.10916153503055
1358,0.0018522439925234102,187.87561818274895
1359,0.002556308204549242,78.35456976500225
1360,0.00503823645051633,29.909251865445736
1361,0.0036468716642883846,73.75876839543888
1362,0.0025972553783923592,106.17904842254829
1363,0.002918419912351634,44.25144435472863
1364,0.0053168731473753296,59.07059381963149
1365,0.003433872174158554,76.95938591094279
1366,0.0038358545950289294,104.39279987424004
1367,0.003244105951282485,29.895997651118506
1368,0.004519847501611921,63.24574591493419
1369,0.004677309947461204,73.59804201185126
1370,0.005711254624124007,28.254221496181625
1371,0.004439004900963151,46.936621514761455
1372,0.0033713451932609255,187.8683222930396
1373,0.003154221956155815,350.7577060083397
1374,0.002615120793607429,63.65485120428308
1375,0.0042237335675798186,49.051371830564946
1376,0.0017477037489980235,29.649487035308592
1377,0.0038709046798553696,75.47048135237262
1378,0.005143975637692325,185.11341178972617
1379,0.0035694941018681488,145.07807006071428
1380,0.0031209422082123565,187.37273666969392
1381,0.003667066810767456,73.68639722012868
1382,0.005316740436352451,45.51574245216251
1383,0.0032439451862391533,30.05775575630617
1384,0.003651101787740511,188.1355965349139
1385,0.0031943229788198614,273.06228860130824
1386,0.003727348060500058,57.627323000265925
1387,0.003175909244074037,30.433717560088763
1388,0.0025106380447477007,348.27968389731114
1389,0.002836182052830666,103.4323971850327
1390,0.0033500542562601393,343.45739890831936
1391,0.0023761822327238355,75.9623511231912
1392,0.00163036820118452,29.193904094564175
1393,0.003103082361452504,45.82298654890656
1394,0.002930265538452659,63.78289778349637
1395,0.0029272800314753445,48.0287886212174
1396,0.004706227370128357,30.676033522004698
1397,0.004033412581791069,75.46139146361475
1398,0.00458716157049037,28.1189443006873
1399,0.006617857660155726,103.71695868773712
1400,0.005107076034680901,61.64057399197782
1401,0.007340798436416662,49.636146529446634
1402,0.004437746137919534,270.23684997338444
1403,0.006325839387647795,72.93347363011566
1404,0.00483255342792806,187.91708856578884
1405,0.004024489065076606,46.200877912400095
1406,0.0034524876139939652,59.04927821093473
1407,0.0038329216589885356,190.30119700281966
1408,0.004325721004460246,70.71548819869079
1409,0.005011722908138522,30.192285659193814
1410,0.004532421986518737,184.2924347133523
1411,0.006953845899010174,30.452486154873085
1412,0.0036634107177756173,77.04248393523233
1413,0.0035418034317830213,60.31919781130705
1414,0.003200901071382899,102.39629053922943
1415,0.003130461344711475,62.60297258483298
1416,0.002744274683331449,143.33649651693054
1417,0.0038262796428957576,76.77398190504117
1418,0.003076194162979807,270.5450430533766
1419,0.0032131256141184968,143.04880606643908
1420,0.0037954744588765046,104.72125422601177
1421,0.003682424169587525,76.02756344383121
1422,0.003867501607001219,183.74751025471355
1423,0.004382813619193226,63.190806975204886
1424,0.003282493446512,106.4651685738966
1425,0.003968939642338507,101.1359177917427
1426,0.004875430311431508,58.601138464948285
1427,0.004039616010158096,76.16678243633694
1428,0.003605583352125486,348.54688472900546
1429,0.003349727223206914,190.299315565759
1430,0.0029589377801047785,43.28191950667299
1431,0.003584687611803924,348.26648849294423
1432,0.004098918024915215,63.45467238657719
1433,0.0026792968625733026,342.53403306606435
1434,0.0019578835707017624,46.39655721834611
1435,0.002264823687969724,145.80003153171054
1436,0.0023348318000930234,32.41066006861145
1437,0.0025569162924089332,271.9216924600099
1438,0.0023401825448945116,360.9847917866234
1439,0.00225425916471583,348.8244990831455
1440,0.0019728795589084953,143.2067386884322
1441,0.002612519939279521,33.373751910489666
1442,0.0036858184404113203,31.430100802620572
1443,0.0037461673394070453,48.84467243656796
1444,0.002521283627051948,71.61639171330067
1445,0.002841088223902371,150.3692178908084
1446,0.0036984130351875523,265.72040934121105
1447,0.005198639584581912,60.652746997585936
1448,0.003706939836374042,61.473272766458194
1449,0.0024269865310521653,359.13213502053424
1450,0.0038185584800720044,49.196142677462944
1451,0.00294241534943795,188.79788691785805
1452,0.0017459396953325205,32.659980807706134
1453,0.0032882958389641084,62.448186612741054
1454,0.005091723190632585,30.309855783146087
1455,0.00559330793475965,46.58207292581688
1456,0.004453551375953448,32.151258209061226
1457,0.005500651133843348,100.50122449229798
1458,0.004582950186911008,146.69440969154175
1459,0.0035042453410811425,267.8904862033138
1460,0.003977254650607458,184.16406617014184
1461,0.003622367508796742,46.243827456262764
1462,0.0015972888020867784,75.9658463184007
1463,0.005291714322646437,190.79859521851085
1464,0.003557559600495858,350.2566947825922
1465,0.00338707376348876,45.86568963559835
1466,0.002250634382327352,31.269442955140075
1467,0.0025067595691709776,352.3184022231593
1468,0.002534038613983005,105.52936518273708
1469,0.002591580889202305,48.57840770297277
1470,0.001792506389916772,61.797540219436115
1471,0.004555173270938243,30.134661313390847
1472,0.0034934002144074985,79.73917533876192
1473,0.0038066921347917836,182.16448026053487
1474,0.004837442200865057,47.84836053736845
1475,0.0032542951167042044,187.708352054724
1476,0.0023388222402323843,269.44418735304697
1477,0.0031607943394568604,31.4136738551036
1478,0.0036992635899062813,30.083944323505957
1479,0.004415922611507871,64.54125249801751
1480,0.0033610523869988525,360.4181960370092
1481,0.003478742982854153,101.49331721191396
1482,0.002770413758439065,143.24515018441275
1483,0.002863409072465432,142.01299111858623
1484,0.002406275434754507,192.67699565998836
1485,0.0036592528909938572,31.602333003040744
1486,0.0027864515871632244,354.03811479177483
1487,0.0027049800775440984,72.8493324155582
1488,0.0033950809291197334,105.27263544481175
1489,0.0033069544249921127,183.08661648951875
1490,0.0029605195292718304,105.45779952421175
1491,0.0025000511036937082,45.958199227241245
1492,0.0021167137840396684,270.6546548349693
1493,0.0028836218544442296,262.5460104364065
1494,0.0022424127435186274,149.6966669910441
1495,0.001975744271554105,352.85778522009946
1496,0.001597992817531676,352.1041006723479
1497,0.00135081309179378,33.06367550001212
1498,0.0012733167386238737,189.06803720823086
1499,0.0017390410777387354,101.17059487481924
1500,0.0031557945940093447,269.8721376846443
1501,0.0032089926069209075,77.5343516047528
1502,0.0034747502427922585,75.04951495611633
1503,0.003144906989419669,149.72028643715382
1504,0.0019665395967544117,184.75686641414816
1505,0.0029252494810166263,143.58543885625718
1506,0.002683597518042269,344.7734030285787
1507,0.0032781753662592646,45.02579517613129
1508,0.002473080758038024,75.10255722973767
1509,0.00280506913273152,103.45609425178144
1510,0.001953970612733935,144.86598744824917
1511,0.0024950977971149742,271.7531585023208
1512,0.0024322854256457207,72.69793106509098
1513,0.003199944348335311,106.8862227696419
1514,0.0030126183993564428,189.1644276000715
1515,0.0019830886039926554,105.8448031061862
1516,0.002813125709447273,146.57890831136348
1517,0.0033770944776691085,152.80572652588114
1518,0.002655892948746594,146.23156697482173
1519,0.00216561551857152,105.759044179133
1520,0.003378108850731885,46.83329969052313
1521,0.004166355562365671,76.98544921456661
1522,0.00354778573122351,272.02039503935913
1523,0.002980849792197894,189.03615258875504
1524,0.0034295369447276103,105.5543023636313
1525,0.003273712188643372,74.4851903757301
1526,0.002969160006077251,142.4825773328678
1527,0.005491647580898784,102.32358350984023
1528,0.003230639856202149,60.7105543403931
1529,0.0037140769747887083,350.99013437764575
1530,0.0040775124338184605,104.70123507741566
1531,0.003109579935290199,187.0399132398082
1532,0.0036549120719674816,60.830661527528704
1533,0.0033858023510312347,362.9772114837224
1534,0.0023211276591048363,148.5489899397243
1535,0.002986417987638281,104.24909595202142
1536,0.003024185598533991,269.4595112539733
1537,0.002003403057821909,275.1469903199384
1538,0.0037397081973251953,33.445105706988585
1539,0.002191608762285295,355.1746302708205
1540,0.002322870587876595,77.20530846323294
1541,0.0032419177907004396,272.0466462933493
1542,0.003283606075869598,46.08491563841989
1543,0.00402819860078282,33.363784597795096
1544,0.004846864105675811,57.65237389770995
1545,0.003710715598083959,146.7598480965026
1546,0.0043827219450974205,264.51420009371355
1547,0.002542863987566141,44.33807006993694
1548,0.004263020261685402,148.20521188232763
1549,0.0036488864884981573,100.84093244432245
1550,0.003519556548870779,270.49786087357785
1551,0.005256556629319675,32.117117337339934
1552,0.004010364835266955,33.620314786521305
1553,0.0043137744362104205,71.0494219936383
1554,0.003206621077611892,342.7215011522453
1555,0.0035351801331305922,192.13672930876487
1556,0.0033623335421364285,142.25563102966416
1557,0.002878902529974927,352.1684597089588
1558,0.0019662360958131696,351.776043724785
1559,0.004004268105663042,47.15499685115434
1560,0.002848494895509,42.887104178046265
1561,0.003299896578027983,42.538943881828985
1562,0.003317125935879901,78.160567620313
1563,0.003787982143458558,74.32387538123919
1564,0.003645857729901075,74.58476481539587
1565,0.0028627363181443232,270.61293297852114
1566,0.0024171960459490357,76.98823619827812
1567,0.0031541429786805316,351.4364818394808
1568,0.0022497353652631983,183.74088578147175
1569,0.0030420642500214,189.92789534122997
1570,0.003354842433439514,105.26184048044995
1571,0.0023909668080041475,79.27433227605731
1572,0.0020722749257652924,31.67888335743117
1573,0.002563587154186608,189.18271754913454
1574,0.002204616021944358,47.991908338892195
1575,0.004132968295431363,272.6328362551675
1576,0.0024606272101498853,44.95054213215572
1577,0.0034525464013478273,147.34523507550736
1578,0.0041574916103854775,62.174450934190524
1579,0.0037892348855422544,267.13232545887945
1580,0.0035409608382166373,63.82910891382242
1581,0.00341867580615284,105.45391122425909
1582,0.004547921842835234,28.821829778843966
1583,0.0027832457654166304,57.48351523050454
1584,0.0017714414723348062,79.31279321953193
1585,0.003925609425857909,75.99636855204842
1586,0.0032278285151815826,44.11335083264272
1587,0.005475364540291063,144.92365598882475
1588,0.0032287890524099233,265.2065616112203
1589,0.003845905543870285,59.38671750900158
1590,0.0030162858308288446,103.64782360844148
1591,0.0030067331104475215,348.831182661398
1592,0.0040740061348580785,187.40341846395341
1593,0.0037516334499949323,147.82087288558398
1594,0.0024261921446580076,73.34605883427082
1595,0.0034649005151673132,78.02652551616694
1596,0.002863281605151804,104.24339714846487
1597,0.0032762473566807287,271.8222607632057
1598,0.002415026747822312,29.932948718804127
1599,0.003509340255609336,73.5214008261516
1600,0.0031518054680408844,353.67602739797826
1601,0.004006481187058274,43.134654838305345
1602,0.00411840490870446,186.24995456715416
1603,0.0031401025624644956,148.94751305858836
1604,0.002793198311496323,144.38089986648603
1605,0.0020752332489491986,191.71107625064698
1606,0.00239217891530515,266.98713134153746
1607,0.0020354837409329893,350.83535984961657
1608,0.002435378960755545,186.90306549996532
1609,0.0016892859879648469,343.1164678271206
1610,0.002100898083389856,75.33014389520942
1611,0.0017526733451739933,60.534646779346
1612,0.00408588181529591,48.2598606537129
1613,0.0031310526108678334,31.22877590377893
1614,0.002725816072341613,267.47985680113015
1615,0.002080277113144253,352.38348756345613
1616,0.0023037528083862035,349.6897247848458
1617,0.00267637346945607,184.25173456537541
1618,0.0025553708822268705,185.34098970644948
1619,0.001981768292583657,270.08375997235504
1620,0.0016040470613980162,275.57609296836097
1621,0.0024076083953320066,141.28231396040593
1622,0.002580143863470165,64.05041847995292
1623,0.004135222398012096,76.53159702849462
1624,0.0029002326534691442,140.69180120819448
1625,0.0030245007353779333,150.1029122131143
1626,0.0024569304582270227,64.20149865894429
1627,0.004321142764224946,43.94444526799676
1628,0.0019820225186714226,31.86974977322654
1629,0.0036746361914685595,271.9828178905443
1630,0.0033022139939063873,147.69303860132038
1631,0.0020787189157719975,106.55114379567866
1632,0.002508818882023871,106.70345330318541
1633,0.0036136806184309143,148.37404622709138
1634,0.0035453468603470393,267.19127387001737
1635,0.0036727517736752898,46.78379696460879
1636,0.0029206800514161428,49.76849127664609
1637,0.003963887117683721,64.29618152713464
1638,0.0043653544664369,277.6774765852772
1639,0.0029349524864995045,191.19003145946093
1640,0.004526716334744301,64.60025551712027
1641,0.0032821372578043808,145.61606048949147
1642,0.004269591557728675,104.85777687598238
1643,0.0023154830675842027,47.5988205312161
1644,0.0026913895915173843,346.4881416022416
1645,0.003068678925159212,193.3848219156239
1646,0.0021522723672434347,351.48421746016686
1647,0.0028252049856250364,45.29878812088803
1648,0.002872812370660296,147.3290093631271
1649,0.002124668824856683,187.08942445877318
1650,0.002422319418937403,187.78378353738043
1651,0.0019308826349984395,184.49793838801412
1652,0.002533149920644654,77.1967768445036
1653,0.0020430245523299566,60.9583304532418
1654,0.0018397359059328386,64.84437637081953
1655,0.0028817329587577344,347.1650189504378
1656,0.0037211105721733726,32.8876179503502
1657,0.003935184796215797,188.33327384631346
1658,0.0037298173660349145,154.50060754836798
1659,0.002809526395509947,60.61551885291812
1660,0.0030757650908796947,78.87285479635801
1661,0.004854411488043663,186.93392833318427
1662,0.003490371639117983,149.9963155380336
1663,0.005546483022295308,31.77757146693125
1664,0.005509137260407637,148.77413239836534
1665,0.003588516587134464,352.9154816979598
1666,0.004314509436831891,73.72416241805148
1667,0.0048716188972651835,45.086002369239395
1668,0.0043444878983091954,103.69616791331967
1669,0.0032295995657453344,144.58364076930064
1670,0.0021622841288097498,49.1486770378256
1671,0.0039405902766977315,144.1690808386471
1672,0.0029698830771149706,103.79571451422977
1673,0.0027496409722589793,147.77585030949157
1674,0.0033085304210394542,189.02235037285612
1675,0.002941168580895157,266.73284874140336
1676,0.0036599065241227015,106.58792524094638
1677,0.002816258567377347,30.2470310625378
1678,0.002452556761890149,273.77366100346165
1679,0.002889062097738596,63.497778900760316
1680,0.0028087006832300597,103.86389385120084
1681,0.0024437417977633932,103.52423587653604
1682,0.003174221814579387,80.34578101552985
1683,0.0019372764875887293,355.87846370748906
1684,0.002904785338956425,151.17445927318312
1685,0.0022110916028113786,357.57083013729783
1686,0.0024290929184937475,144.63886943321702
1687,0.0028118493031657776,103.08908009823352
1688,0.002766075163063678,49.80795032801276
1689,0.0026498376175592047,353.31159565336276
1690,0.0026614610286431087,145.8734804593246
1691,0.0022821249638926362,77.74277568974276
1692,0.0025514383731225633,355.4552702926768
1693,0.0024699047619795005,269.2234392186541
1694,0.0012194027938598482,355.9716005476064
1695,0.0024372403596631697,107.22300544263494
1696,0.002513259870967283,352.8866325675036
1697,0.0016835107857393994,64.69105497710646
1698,0.0020875008732102727,145.95013672046704
1699,0.002548481912176962,100.0125557058113
1700,0.003241450449495948,144.71592489484206
1701,0.0027083259351981656,106.08633636930475
1702,0.0031012901766281726,352.8068075158835
1703,0.0027716382356887535,348.84374064510786
1704,0.00297585582784204,72.18029764819806
1705,0.002113937722861385,185.1299764337797
1706,0.0029257669451970103,60.95727904259215
1707,0.0030300409586653957,264.1510034535185
1708,0.0022619584156249616,61.45036397565709
1709,0.00301217895395058,77.58901692155177
1710,0.004282417950987458,147.16462605408847
1711,0.002863503463561225,151.24259572600604
1712,0.004168459088612361,71.83493773635534
1713,0.0028477117467028204,70.89003107786759
1714,0.00444286054008151,64.27226978097731
1715,0.004339854528202873,107.41524812963262
1716,0.004329955630588489,28.947146181877322
1717,0.004603435950742442,267.6606598617444
1718,0.004354769261889317,62.52559880024529
1719,0.0032992270246436023,149.92394289492324
1720,0.003847647143482243,72.59240629196364
1721,0.003652792658299561,31.073709192647122
1722,0.004217427600882936,194.86610986425126
1723,0.003916598979860562,107.26926274450763
1724,0.004190918027068785,50.6092991022665
1725,0.0035613732797159132,349.24748472561436
1726,0.0030674457303434856,267.42467032442875
1727,0.004526598328674161,75.98585130771572
1728,0.0041018496726839245,186.78529590077875
1729,0.004065126233189613,109.94978617030245
1730,0.002610441853096108,352.2314768936755
1731,0.003359687607895713,64.01658271235088
1732,0.0025505767465704246,141.28121915170738
1733,0.00153827359362963,33.16615454370292
1734,0.003857012553275239,189.617057376636
1735,0.0047845838959223,48.130028917441244
1736,0.0028067798367502235,151.2266786963666
1737,0.003829234110831358,147.68605754020345
1738,0.003131585324458659,348.325359809003
1739,0.00397406875959734,30.42921058869832
1740,0.003440279636797149,76.44489552153726
1741,0.003725716180038004,143.8579781299438
1742,0.002674256299812712,80.14233721794835
1743,0.0036448295910848118,190.89717187908366
1744,0.004124729485108849,101.97151298863353
1745,0.0015892612482902818,31.02273071572927
1746,0.0037215636500498067,149.8406242760502
1747,0.002745563085636299,150.52267886335295
1748,0.0021581002760809745,58.089408520873036
1749,0.0032501590673193054,190.6846455227136
1750,0.003351184786054349,193.4351352063189
1751,0.0025504425845032197,44.20538047975375
1752,0.0036569566098898156,102.6802259008817
1753,0.002630764925310308,269.3174825309427
1754,0.0034241871002512014,63.80184473574875
1755,0.0025921937813109253,102.6876940673631
1756,0.0018634878227924768,33.19196524740889
1757,0.002792368623886432,105.8504524361804
1758,0.003356429045844689,188.89288165116804
1759,0.003538855061461535,44.8688168870574
1760,0.0031595626416084407,74.10202089586707
1761,0.0027819293805601227,350.35437265798475
1762,0.0020899135871897327,80.03589189047655
1763,0.003510806670886735,78.18218630076005
1764,0.002569549252827636,59.39746618353765
1765,0.0035421263486870476,348.35399124122927
1766,0.006072988311016474,28.637488907985446
1767,0.0035853792203572364,101.06774102010726
1768,0.002555086924069918,146.6738190855721
1769,0.003754552165815226,75.50904406205987
1770,0.0036287388509001835,43.92504072905549
1771,0.0037791959560547215,345.0918900302515
1772,0.0022236413404409013,46.80788158922861
1773,0.0036297350634657464,146.383048443026
1774,0.003607412562128947,356.7514424000727
1775,0.0033379566723921858,102.08150452441853
1776,0.004405351409363432,30.486049150592205
1777,0.0030729187354574185,105.2354333785168
1778,0.0027801420131735913,359.603736821162
1779,0.002257568743855592,60.00230863089764
1780,0.002465478823161625,61.57056172218865
1781,0.0036647829134331864,75.42122319781988
1782,0.002302252995749851,49.525563286034696
1783,0.002518044039724898,273.23237165174163
1784,0.0019272348010301046,352.48458393001636
1785,0.0021458291354261943,76.03348008062046
1786,0.0028367498488338382,103.26387825608545
1787,0.0020710867715520594,48.88980201343746
1788,0.0031181247695163594,146.65470140369453
1789,0.0033010737843508363,149.09006903093746
1790,0.004115672014284593,46.94881876663634
1791,0.003643805989356877,147.91010523161677
1792,0.005431498936778898,28.65630342673728
1793,0.002731336463277574,192.71208628684408
1794,0.0032325739305339137,272.7412686698593
1795,0.0032214435546079256,195.50643775650352
1796,0.003602712131647297,29.349409267987035
1797,0.003808053965012486,75.74816670845014
1798,0.002628637558794661,32.040878104516935
1799,0.004081071183648774,58.75128848501147
1800,0.004478048723950241,103.25777892934492
1801,0.003689704202074517,150.15038369459472
1802,0.003093399974729859,271.9726633630326
1803,0.003186850334300702,46.6015687772311
1804,0.0038265774586515194,63.98472249207644
1805,0.003872853538612961,75.59469261359199
1806,0.004514042931692234,73.63990147570028
1807,0.002934397348676262,102.19669491673002
1808,0.0037383120685954567,269.12443097952826
1809,0.003609555397094388,30.816458975439783
1810,0.004932855897095578,45.68390046989666
1811,0.0044723542096262,65.10493986784738
1812,0.002874129929942892,349.91073871901375
1813,0.0037629443181563024,77.28480800119915
1814,0.0031640265298004877,147.40600066765222
1815,0.002435581738006384,357.93375191313487
1816,0.0016565342337363646,351.77036952500805
1817,0.004255763690955725,48.303920749437324
1818,0.00297915700784043,44.73072523651246
1819,0.001730028178053301,354.19787683052255
1820,0.0016312221338964246,149.4162360799054
1821,0.0018282990261552898,194.21930227545383
1822,0.0010408942176912785,44.04102373010228
1823,0.0012987272053453188,30.58971729105805
1824,0.0020078437310708237,357.28118214790004
1825,0.0018764244566941883,150.40642858989673
1826,0.001840819182523939,47.568486855387114
1827,0.0028039155625017224,49.24181126975033
1828,0.002969696600784493,355.47334461825744
1829,0.0026029339435025612,349.1796311111946
1830,0.0020924315464010035,58.38691471802691
1831,0.0022621582748544506,183.7484028334963
1832,0.0029479862829340795,58.93072710455836
1833,0.00289621951005475,187.0764804967539
1834,0.0023858500451905467,273.72658565167166
1835,0.0022385429761186213,359.17507584337187
1836,0.0016520193095692032,44.2516755848151
1837,0.002295021873166108,188.75050983491462
1838,0.001248667489231924,46.790586684570975
1839,0.0034849884741439173,144.07761229669737
1840,0.0032479791900805514,186.7488141292905
1841,0.0031433485736752946,47.29886471314684
1842,0.0025546265183388293,103.88916414777816
1843,0.0028304785520452515,188.91492862190546
1844,0.0025240786990252673,188.20121452925392
1845,0.0035971465902586023,190.98842054372872
1846,0.0030977151196813052,62.7178357963617
1847,0.0031935597512897772,72.52493144977068
1848,0.0026826218078154457,189.34818488245145
1849,0.0017457000653708166,195.347587771043
1850,0.003063999442788952,148.01963352073665
1851,0.0034151306164268455,80.0474301936819
1852,0.004334108491617618,59.465459654829274
1853,0.0028225890472850343,107.35658317682203
1854,0.0022442268331920225,106.33261648727881
1855,0.001198014587482083,47.944924387211806
1856,0.0040759369816253735,33.29292431402109
1857,0.003965479979124724,270.9449082384071
1858,0.0031063980103891273,108.09485194053427
1859,0.004339817751315422,31.731287508486812
1860,0.0035320212168973753,145.94215762553335
1861,0.0026787611728280552,62.59950959670156
1862,0.0032249307354173984,45.27097196382313
1863,0.005410987813728256,187.7616893293117
1864,0.005480256421903435,103.3853525113092
1865,0.008376426429283034,30.278794615132686
1866,0.004038367378102107,47.30148720053776
1867,0.0047842954510772485,189.8139394065841
1868,0.002023551316431787,47.42563309247204
1869,0.004351177827378832,31.292664971825648
1870,0.004294908776305633,146.73362935066865
1871,0.0032151080096656176,269.6285760143728
1872,0.00524683782048484,62.55020859122183
1873,0.004731195421582329,31.69816961027415
1874,0.0035423832455823696,192.2724151789566
1875,0.0034624027090943013,102.01263160426022
1876,0.0036161079257951297,154.56706645301588
1877,0.004725288138631139,62.276597206996406
1878,0.004083100392891378,190.83854755472677
1879,0.002625448787084144,350.00064293520074
1880,0.00309996398329116,141.23962858536905
1881,0.004068503294296659,32.74278725823912
1882,0.003218363759223525,355.90427869681685
1883,0.002856694880777538,103.21137047224128
1884,0.0023066168588968213,146.08070885840996
1885,0.003460065833015675,61.20557782887038
1886,0.002220520278411189,144.1413064941553
1887,0.0027354497983037005,77.57044538654851
1888,0.003387939023702308,77.49041238582134
1889,0.002859259414333177,261.61060309971924
1890,0.00378642413577197,77.42634155566138
1891,0.0030704040757634425,44.95824661185529
1892,0.005173206137087772,60.391449747210544
1893,0.004860962434984936,30.833932463558245
1894,0.0027924466761906908,147.2547726316298
1895,0.004132083842956364,31.781754516885208
1896,0.005410057075566548,30.515536165078903
1897,0.0040276243941861365,362.36240209698013
1898,0.004306824143109764,62.824879944215716
1899,0.003954732164195527,49.267479763444676
1900,0.003503977892663541,182.1665172954922
1901,0.0038521676032894567,188.40917478914864
1902,0.0036861100766839364,59.43192680334287
1903,0.002497958755901147,44.25167500797529
1904,0.004328766976455386,43.000133220166475
1905,0.004003664485182902,31.535247835702247
1906,0.0059273323417597815,62.15287167488891
1907,0.00427069734413776,271.69416588012433
1908,0.0033911323864649506,357.0309692683975
1909,0.0021249906291624433,350.5248019897101
1910,0.002610062424882299,30.416802790997373
1911,0.003604181396274891,45.08922227828
1912,0.0030406486333628313,48.376324866690524
1913,0.0025511777829536693,61.8993174215052
1914,0.0029097363279378414,186.0175847753206
1915,0.002397877926376588,109.18266939910535
1916,0.002135600579773817,264.13284531842635
1917,0.0017685173320963988,278.370025828462
1918,0.0038758212288555046,107.24072004839391
1919,0.002382330244662222,356.6169732478338
1920,0.003728795644673409,73.64317158308648
1921,0.0028325911746448873,189.01777726952687
1922,0.0022341432879609503,106.00656212473787
1923,0.002312198719942066,63.189192584857935
1924,0.0038979746095020138,99.30861065058814
1925,0.002132562755730145,271.9042450598198
1926,0.0021001107474708427,105.06011135322733
1927,0.0021980923379253245,186.30154709409405
1928,0.0019633679367524162,190.56713651115876
1929,0.0024130681624721885,63.29591840583178
1930,0.003284654143829936,48.09149011402746
1931,0.0017359049535147718,29.143093646059725
1932,0.0023716209103771357,46.97716238975124
1933,0.004669929319788935,46.65723164152996
1934,0.005824343838596817,74.91619012010464
1935,0.0040972199458337855,46.798121263989
1936,0.0048202569816714605,78.97226216931223
1937,0.0040615719310529855,31.849810748421152
1938,0.004084286126201802,104.0265388564154
1939,0.00415263735150392,274.9995445549207
1940,0.0034746355452459194,271.1490725607973
1941,0.00308626482354823,271.07854517963017
1942,0.0022654740082479817,267.62692701795856
1943,0.002612787098934694,46.13205084135824
1944,0.0038895066061079638,49.838222095754446
1945,0.0015015364402973898,48.30708574053618
1946,0.002554950894922182,348.45680622788416
1947,0.0020411405549713864,268.4065002385614
1948,0.002477742523792999,50.063977144086905
1949,0.0034643332351472155,271.63073475746063
1950,0.0019342858148285393,106.44193417323311
1951,0.0032375553449879137,147.9725798933055
1952,0.004175207620314954,62.37210036255526
1953,0.002362499031784262,272.39826540216893
1954,0.0022723541106560415,46.94054412704308
1955,0.002170599275820415,150.39609958303782
1956,0.0025500067071383505,74.77278768116987
1957,0.0021287587984786605,353.52173403754745
1958,0.0028259613560695177,62.656749303185144
1959,0.002241637340647657,193.95692122185469
1960,0.0023217848042927595,75.48334366227999
1961,0.002574162751093704,108.36997295759888
1962,0.0022784252946468964,143.63659011070143
1963,0.002100325214506973,110.74143921919716
1964,0.0019794973729698488,270.3328412252448
1965,0.0034257142297891814,46.18635247273804
1966,0.0046340742929632224,50.8208846849099
1967,0.0029977480164135968,74.92340650318434
1968,0.0035986688877929444,56.21807194935915
1969,0.0033592462001753778,29.97043718774047
1970,0.0020455813987196466,46.99521481977894
1971,0.003552098003977227,64.86066041782635
1972,0.0036177971043386053,191.97506807435417
1973,0.0030121606659000446,189.1758867412915
1974,0.0038850630388134796,45.72317513935739
1975,0.003884170026265502,29.97364911541636
1976,0.003720569918378958,265.7478420393743
1977,0.0033892199624398047,31.06796058959525
1978,0.003704964922585182,105.77337568803586
1979,0.0036453585312881463,147.29452190339921
1980,0.0034205768100871435,185.6839988996156
1981,0.0033026389742143196,190.13498252299775
1982,0.0036691468656597963,73.44224058730231
1983,0.0037723955890462753,47.00579884171314
1984,0.0029746172119209,30.029202214712324
1985,0.003930209785791634,104.02965954434636
1986,0.005008696983306929,59.33856876793985
1987,0.005320049722782146,46.64730656805702
1988,0.003257384896077665,32.17718698983553
1989,0.004057257334658879,350.6627796059332
1990,0.0037325620619048034,350.2130816364136
1991,0.0034012584078952604,31.44713228934216
1992,0.004571845991284301,49.03766914170201
1993,0.004335360695178562,359.13878661562245
1994,0.0033397914436117736,187.25181271682746
1995,0.0024002567907472133,348.7650950346557
1996,0.0023752221147287085,63.00689127797601
1997,0.00210361518692877,268.8183821696456
1998,0.00173273407069899,151.01294641494613
1999,0.0029368805911032655,112.49336721300243
2000,0.003046714675187664,108.38464945202385
2001,0.001998404882049892,46.74190095811776
2002,0.0025249074831390802,350.45184010216536
2003,0.0018128779059803821,45.91149686257223
2004,0.00181365919748218,43.23997298003563
2005,0.0036368753588668858,108.27700939116694
2006,0.002681257753995749,357.00791562221815
2007,0.0023501800191101014,80.19795107921644
2008,0.00269741290620158,272.2311815769207
2009,0.0026831857018652034,277.45683599971835
2010,0.003465415688506804,147.09734559156124
2011,0.002659816980562587,107.14658221005476
2012,0.0016149750467618637,31.872459094374932
2013,0.0024484400333845374,189.81298066235485
2014,0.002894822152410524,78.93243688189122
2015,0.00382339883986247,75.46268274557686
2016,0.002667368074071419,106.07175633714292
2017,0.0030013054460629137,194.0835489569562
2018,0.004110596643211186,107.78746783556096
2019,0.0023992748356493807,150.79759219373904
2020,0.0035712014485335232,33.102264435720535
2021,0.0025303338236074228,271.90548579928884
2022,0.004436999844168393,30.35515217347301
2023,0.00384767199889913,149.7466491935322
2024,0.0031561303658986383,189.69651436503503
2025,0.003307723985072155,150.26719763161435
2026,0.003115822426742609,271.86341258324967
2027,0.0021001932871120123,71.96447718570866
2028,0.002764988638926102,144.88750765006893
2029,0.003388510031520998,274.8532839094778
2030,0.0031314948957578024,28.11696421007951
2031,0.002931594684276626,110.19800037750305
2032,0.003188118518530563,147.21108117561673
2033,0.00219688415574975,191.6411450842706
2034,0.002662651656046856,74.5642348291686
2035,0.0029821870988684133,152.93054279006597
2036,0.002744876826665444,142.0553914066166
2037,0.002371679808680117,357.6973221240109
2038,0.004872635513162426,46.44094399017478
2039,0.0026241284507179862,349.3804772707149
2040,0.0019279280208855864,275.5984985080008
2041,0.002825278681484633,73.44187245260336
2042,0.0023973518350081015,105.39228040343716
2043,0.0016002279158344429,31.963863415935275
2044,0.002796559185884751,62.31034171474141
2045,0.0032951670980930266,46.32942502015033
2046,0.0022883325172270734,46.92813037215799
2047,0.004294496014755184,63.45919674880072
2048,0.0036847487492072473,58.88980972270769
2049,0.004444679838441615,74.28498635454424
2050,0.003548346313354242,49.95867574901379
2051,0.0035942245331042756,272.097077656624
2052,0.0034309159805574877,43.83791943340883
2053,0.004065205451227554,100.05271076481301
2054,0.0040218089095522035,58.78046403756939
2055,0.0038748296588217027,194.76212120931186
2056,0.004383968965571098,49.131582339341556
2057,0.005256082059859932,190.5519725263483
2058,0.006206987118589339,32.862988109494474
2059,0.005114535360804701,190.0163370457452
2060,0.003742143162624514,78.24596058125503
2061,0.00402044371005847,276.56784095202926
2062,0.0029368069085414636,191.81478890984596
2063,0.003516383201450724,261.0025743091489
2064,0.0027361680422123193,101.73052932973326
2065,0.0033231467571789145,78.24993671735129
2066,0.003011810107967573,45.00913620903758
2067,0.002068405369010923,48.68450994497446
2068,0.0031302886980649255,47.53329889001435
2069,0.0023349491948465584,273.75484317824896
2070,0.003546447959127942,45.75780894588051
2071,0.0017623333850020446,29.60164652271014
2072,0.002560507232622265,357.67622106603886
2073,0.0022192091184910375,186.3129302207544
2074,0.002255211392587847,77.05058664483984
2075,0.002336691889624866,29.595814287248693
2076,0.0029018480247369675,193.00988731729106
2077,0.0035430665180289918,195.39211606302538
2078,0.001893956522527448,274.6423892136248
2079,0.0020421980102655847,345.4038058697861
2080,0.006391923314116992,30.219715580733396
2081,0.00273251070848346,46.530295141407045
2082,0.003012974822810328,184.610019125515
2083,0.0026328493216986595,60.83576100707379
2084,0.0033198557347742072,108.03826022816698
2085,0.0027211877250682167,148.56690910549653
2086,0.0037901459504260295,98.68104839754159
2087,0.003436030538569262,149.05413436456763
2088,0.006405058731866904,29.216612999326486
2089,0.004884929528018871,101.94861429436529
2090,0.004237491352596099,64.92854175296159
2091,0.004887514950087585,148.77306166238913
2092,0.005455657917292018,103.41045616454866
2093,0.004751396226301668,191.22634749421408
2094,0.005338984926110844,59.78551411870841
2095,0.0027315337270424193,46.45668228935026
2096,0.0043224076325097515,60.38585718948603
2097,0.003668071972806245,268.92054700563705
2098,0.002510342553728536,59.50813375632752
2099,0.001575036477678905,30.21142052736335
2100,0.00347876766739411,359.8017624514225
2101,0.0038867844351002955,189.33266793324347
2102,0.003421183819074018,266.6445974431246
2103,0.0021954801018109526,354.90980829052836
2104,0.0026855383695976957,271.5749493069944
2105,0.0018348356365058618,152.90337095032822
2106,0.0014340668740573917,31.157499595131377
2107,0.0027743091572452793,273.31677772246616
2108,0.001902758765926869,359.9255507245849
2109,0.0020927353977931115,183.4771585571674
2110,0.003315649424872265,30.61261303064775
2111,0.0033860932018290714,185.25873211718928
2112,0.0035194118628086553,45.36775635187123
2113,0.0026746590061660614,107.24818642852911
2114,0.0036201057637299527,103.01988769418477
2115,0.0030094271230351748,190.30935397177336
2116,0.0032559280604087886,80.05013627125457
2117,0.0031686887799631963,65.53160771615086
2118,0.0030099575227799965,269.8734550996029
2119,0.003506583235028271,59.035073765170445
2120,0.0029780569107328227,349.37000531403294
2121,0.0023765907775617654,277.5846316173623
2122,0.0030829786855148004,46.49515508770996
2123,0.0033464433055577013,99.28355486025873
2124,0.0034520186676941468,147.51673741453132
2125,0.0031321731241836666,192.01766708968267
2126,0.004079070730138203,104.18076361898798
2127,0.0026401285835023513,105.44469588953164
2128,0.003290312045017776,63.59836820791344
2129,0.0018968993373179681,63.03340118656458
2130,0.002278169836687658,352.26061169540276
2131,0.0020160987364392525,78.0568149920539
2132,0.0026878420904453584,276.5968916290608
2133,0.0015068107350089122,106.25718555472146
2134,0.0017371828093409505,143.52385900169236
2135,0.0019272557224788945,272.9558661082909
2136,0.0018140330905392237,268.83475103455464
2137,0.003617093516515672,74.85787237308955
2138,0.002097876517306861,350.83458850013113
2139,0.002541946613624513,192.96184868218418
2140,0.0016821592698761378,46.119819719001825
2141,0.003410150637302484,44.87679194345454
2142,0.0028121523327668415,47.72582945927587
2143,0.003944306732886912,77.54818006712993
2144,0.0028675909570617043,354.0120715871133
2145,0.0028807361317775304,359.7177473542372
2146,0.003373826670047658,46.48480695302804
2147,0.003633047661493877,109.20423829556233
2148,0.003508969791407967,150.01159407339028
2149,0.004124374874994497,47.43607630937515
2150,0.0032846896753208118,147.50968639650733
2151,0.002704375632205971,191.75932351979012
2152,0.002797258363898436,107.66123069026669
2153,0.002335705428435323,145.48784862212116
2154,0.0028786369776996803,267.74283689009053
2155,0.0034825248240767078,49.017305265499914
2156,0.0047916997568320545,29.883358992128816
2157,0.0029631879820020243,356.4167859256607
2158,0.001683039987005157,30.489464905096476
2159,0.0023127498390185163,30.794761442630058
2160,0.0024266344434434677,189.8149862713674
2161,0.003826700534836132,31.65473382029254
2162,0.0034427975042840096,100.1661383750872
2163,0.003935508288891534,275.20893020046435
2164,0.003434799976695593,104.85447717632543
2165,0.004451419846761491,59.215260876163114
2166,0.003482894973226044,108.83390729077477
2167,0.00462099423698262,31.22454368894797
2168,0.003205798611684868,191.78924168124848
2169,0.0025489141274701362,60.277341851441065
2170,0.002379457829809191,147.2640601421072
2171,0.0024986727607516587,190.2086873918727
2172,0.0033289902437261204,75.4162502864643
2173,0.0032452095704436283,44.624633482237535
2174,0.0032738765984014697,106.07444852730164
2175,0.0024414748637601575,62.02862944761683
2176,0.002043304027614157,189.39489810951792
2177,0.0028076978942220936,192.30646450253823
2178,0.0029473984518167875,109.45733675802144
2179,0.002022706649967632,358.7634526511659
2180,0.003473951471170363,63.190623003765104
2181,0.002389751692744633,184.10919031821723
2182,0.0020931584533403587,271.96366503250545
2183,0.0029382848473519002,191.75067012016345
2184,0.0027707793785587205,47.347854568613755
2185,0.0018464069660987796,139.8349068751709
2186,0.002874410933542658,270.6879504132201
2187,0.00232533393913119,146.59696694913458
2188,0.002095824837968705,355.12119035293637
2189,0.0024319237586496456,102.8153158289237
2190,0.0047508146416768825,62.28011808255987
2191,0.0027185524493059067,106.96045572442578
2192,0.0029363389466082698,271.40903799044895
2193,0.001397205610781635,31.864909971696925
2194,0.002919607954119506,62.470645335940596
2195,0.00515607917703584,99.6698429296306
2196,0.004049742871654711,272.1323552239358
2197,0.003187530585716193,190.0694784129737
2198,0.0031545490722212867,77.46759776892476
2199,0.0028239019905992213,49.10919404463703
2200,0.003925197828371333,102.8072208453401
2201,0.002855859508060148,65.89090611822886
2202,0.003192831305288844,107.00611289859282
2203,0.00431632954408495,29.83039277433699
2204,0.003308096805378258,62.07411762909552
2205,0.0032846070923407984,274.97167662071456
2206,0.002785148601524173,353.01225816301223
2207,0.005269917402322541,48.47248857254697
2208,0.0025771915034299474,357.2350886089594
2209,0.0029366606148952005,44.191701534297366
2210,0.0038518636248572246,31.397895231805666
2211,0.002027338311403154,349.9300090583392
2212,0.0021426571016992715,31.922585618885986
2213,0.001787539426067741,352.99723870623905
2214,0.0017575352610334632,356.8437523401975
2215,0.001739376054708621,46.87638499785472
2216,0.0020339272543078296,270.94060668554465
2217,0.001709812279700928,187.51840421611365
2218,0.0028915187099650772,104.09319229753476
2219,0.0023979219499239463,59.72513877182296
2220,0.002083671877882209,152.19414890371408
2221,0.0026285156185482405,103.69374917477302
2222,0.0028165240461200647,268.8185493920385
2223,0.0022530914431761312,146.5892281412235
2224,0.0022800127445032773,359.0886132101165
2225,0.0032957988915475623,61.950971315951556
2226,0.001981102935456813,61.65131625920815
2227,0.0016375958350820568,78.03373352553793
2228,0.00189414522835498,45.166049633501984
2229,0.00510649164551006,30.301499399508646
2230,0.004894390986009967,61.03464401846729
2231,0.00454540386230152,105.16953057175814
2232,0.004598628734758956,109.10393040123908
2233,0.004242176047459213,58.555700417773465
2234,0.004567185783124496,33.40106824348115
2235,0.004796520451815344,45.500251652442486
2236,0.003658539582453347,30.329800457966567
2237,0.00477625241532783,105.12720841909801
2238,0.00422199188780446,57.745506875939675
2239,0.004333804284731348,77.06953768148874
2240,0.005999463871031084,30.79605652416881
2241,0.006289604038598059,44.33491297378215
2242,0.004162716272411352,77.79457670991836
2243,0.004075340574832133,186.0088178175505
2244,0.004743175395891409,44.51170475578524
2245,0.005313794476792346,265.5027788671414
2246,0.003940472747952019,106.11085272473844
2247,0.004361900882564629,30.62271586022429
2248,0.006440577475027217,104.76161675153612
2249,0.008247696000828662,44.54206547350995
2250,0.00543736994105699,63.761729537365724
2251,0.006551827470089352,46.14839159503686
2252,0.004340292962092142,271.27650721066726
2253,0.0048869152959368205,149.60597945756183
2254,0.005941395788996921,151.78899366372139
2255,0.002519838338430726,64.64596783275724
2256,0.004411140674189507,77.74221888026061
2257,0.004397903363167264,142.96397818193287
2258,0.003653542358977612,187.63686368631434
2259,0.004993148955936004,101.85701162821611
2260,0.0034969812970582726,106.84209382421109
2261,0.005417308866212963,32.565350345406515
2262,0.0038254742032356854,152.50276615977458
2263,0.0037301559188285785,61.84093333405347
2264,0.003183459429814141,273.34752289013073
2265,0.003100071821097379,62.52805962435933
2266,0.0032092852894160208,273.96547655267614
2267,0.002434207993272293,271.9613314384499
2268,0.002864363792303431,48.275790201613
2269,0.0027842938788608263,148.271839724287
2270,0.0034072748214159744,194.25763845857668
2271,0.002986431700493392,352.0457646182986
2272,0.0029628410880706787,32.965529178047234
2273,0.0020395899291415077,276.49034108448035
2274,0.0019137581786771048,30.317774678906275
2275,0.0027804434320470054,45.60274773095086
2276,0.0028629091575503095,276.06475373949587
2277,0.001957848744321102,106.45561997032966
2278,0.0018027560385952468,268.3757287778694
2279,0.0019540698413530247,76.81966716521578
2280,0.00236131951802469,358.93027608373563
2281,0.002063538399596209,270.25628329844704
2282,0.0023243539263464717,61.97025329247706
2283,0.0027645435566594355,148.85847446376988
2284,0.0018427182657817936,109.25349796411605
2285,0.0030944865273760604,102.57596997369349
2286,0.0020923090316085674,147.18764966728972
2287,0.002066307230674796,145.3900915082402
2288,0.00219206778869689,46.546501726743955
2289,0.0031198823197639645,276.4492996873965
2290,0.002512137828434422,146.27275324458702
2291,0.0028809814236690446,105.37088537103739
2292,0.002698836936385067,353.3257051276581
2293,0.0028953893404657254,353.42400764021716
2294,0.0030178499561691525,149.03343982270127
2295,0.002780993189479515,274.93109361976605
2296,0.0032106231138656722,60.97127051813976
2297,0.0021863010745086097,31.18450124805043
2298,0.002201581034245526,60.59464752501948
2299,0.00426357321248971,152.14925371264115
2300,0.002696414097241809,191.20382065511683
2301,0.003230616913139418,192.97067373995745
2302,0.002318601249071618,149.05105429904413
2303,0.002052253455045063,29.90519262291739
2304,0.0035706789228590924,149.58161583634302
2305,0.003887438911603497,102.27850873898832
2306,0.0031226926224777484,101.63517059595243
2307,0.003369858322080059,61.6283699878623
2308,0.003561098764542046,44.98512892493538
2309,0.0063295488118832325,30.435850642905294
2310,0.0035028158833404406,146.20300517846405
2311,0.004007670297102976,346.8785871085176
2312,0.005537010413937769,31.254193458637676
2313,0.005397440734178907,98.87493057787151
2314,0.004625062823089327,149.29038488669696
2315,0.00478196668805371,64.79180034181135
2316,0.00455498656083364,29.532932480349956
2317,0.003457751880810296,59.3198695886766
2318,0.005490771676955648,30.417453206419
2319,0.003419225778006049,44.66942910320366
2320,0.003204799226694834,350.9248307449076
2321,0.0035097872173367097,356.23322566310037
2322,0.003008184047840504,47.06284209467256
2323,0.003591087649651526,192.18849572000033
2324,0.0038555794879770117,186.58033815870238
2325,0.003798817259184244,104.28627190413005
2326,0.003448917035148299,265.6295028982986
2327,0.002565406629435949,101.29119697984194
2328,0.002257641603867175,267.4304058351136
2329,0.0021591190713012554,74.3961502387127
2330,0.0033421695630918807,192.23446649076425
2331,0.0023153950313471454,353.1327123988597
2332,0.00224802422011495,100.07840259405606
2333,0.0032676512872893836,78.34419170884932
2334,0.0017306180824644716,48.97972302469257
2335,0.003853661350400091,32.30333508883652
2336,0.0029137014996787006,149.40932814369023
2337,0.002508099563469998,30.249710591254274
2338,0.0030207699624875653,272.75137462635007
2339,0.0035569349173671986,361.9653436895214
2340,0.0027632836260057625,45.44852603566364
2341,0.003909208343347101,46.48830661698398
2342,0.0035990385122204316,109.36574681039187
2343,0.004785504139197821,49.437057104252766
2344,0.003482362137578426,271.85831443016355
2345,0.004166906511596546,63.425504726712326
2346,0.004421822450624929,103.08501481923095
2347,0.0027657167084516212,102.94415578936045
2348,0.004611672564701271,108.01397331264442
2349,0.0022278368925815976,48.253019092926856
2350,0.00467624277175887,147.28154071866493
2351,0.003879955303138146,194.02670928209224
2352,0.005922335576927323,108.8550793078822
2353,0.0033561755772146605,358.1286725452833
2354,0.0026895864705526857,271.46432353897484
2355,0.002268506659825812,351.32119345476775
2356,0.002098086305007191,179.69451008389203
2357,0.0017390851049828503,32.00910709057362
2358,0.0013621460863666062,30.47682614170267
2359,0.0030357023952458516,147.6029082200972
2360,0.004767675317045109,30.267774110382675
2361,0.0027033194556083644,29.86654240728881
2362,0.002978049774856847,356.7312328215967
2363,0.003468003351751679,358.15996079068117
2364,0.0027504013983283304,352.2505955412498
2365,0.0022479846536594445,267.6087053639354
2366,0.0017754937555149758,276.5707838866864
2367,0.002255569273524857,189.4705081155113
2368,0.001997735622261094,350.11701755561353
2369,0.003127865628655478,32.548907028775666
2370,0.0016034675756010394,78.07382969609324
2371,0.002637786487908174,45.04212519933342
2372,0.004114358242894373,361.193235990526
2373,0.004229054738107922,63.20353874598364
2374,0.002996949446180409,58.99200776009786
2375,0.003231458905222983,77.51582300570391
2376,0.0033800748891191744,193.87915908366685
2377,0.004264014525026802,46.109095766218374
2378,0.0033095060189788053,188.69860629570178
2379,0.0037473736229003407,63.77484160814037
2380,0.0039007028332176757,78.60655664224204
2381,0.004833414265983895,107.53766851885561
2382,0.005093204219023887,48.71441907486189
2383,0.0061406034505685405,104.33986603536054
2384,0.0028398208796229702,351.90596014634497
2385,0.0013210773041495926,31.13742593387037
2386,0.003768188137185663,150.90131944897175
2387,0.0028393296723658477,188.66032044295858
2388,0.0033813507300120486,184.8173006904015
2389,0.0032530100596941704,147.4832633512817
2390,0.002608911570860073,354.35709167545014
2391,0.0033723645633315378,28.883946263927502
2392,0.0029445035918073143,62.71045985929845
2393,0.0032545380534594933,47.38509358578721
2394,0.003753669876752745,148.4326110720233
2395,0.0026820367258232622,193.10415223946396
2396,0.0013910360920252405,79.57943451787105
2397,0.002362301474790838,359.0085331921695
2398,0.0032900343678069844,61.6303244856185
2399,0.003157204103429695,59.6873503474004
2400,0.003264392362137928,192.5155954764774
2401,0.0033008716785703795,105.96116439567834
2402,0.004280586316946772,49.63900559346337
2403,0.0037496215551781026,146.1762895377939
2404,0.0029157648239915273,149.97311207422362
2405,0.0029884008013680813,61.88932172342528
2406,0.0028361300747478005,275.9229096199318
2407,0.0027133417965067843,62.13650692054349
2408,0.0031404893472261556,46.56955394987916
2409,0.002591115647547098,356.59707111785036
2410,0.002366289946163892,147.0879090133489
2411,0.0025754628482452992,349.3165957491371
2412,0.001956193631018246,271.61512101597674
2413,0.002257853199292176,185.5137648287907
2414,0.0024020565071492155,183.11379896592436
2415,0.002668988599411519,45.131498199349004
2416,0.0020731343321942304,74.53444441107948
2417,0.0032676520446114146,63.17438738226053
2418,0.0040026041624148375,147.44829429119306
2419,0.0028219877319758443,352.90043624181436
2420,0.0029914390439584027,103.00446263813168
2421,0.003339315477967682,75.49287745667236
2422,0.0022289717612280087,46.3066477528886
2423,0.0026460066016895595,78.45292435178997
2424,0.0033394547042278006,72.34814642758782
2425,0.0043170798532428,63.27155160151701
2426,0.0036948424529865903,270.31789661243585
2427,0.0028843194146198534,72.64505793980062
2428,0.003596357614696899,104.21303546211524
2429,0.0028328396432783813,144.3471103294249
2430,0.0025325358145245236,351.85355461430805
2431,0.002870085731864791,150.68137114975002
2432,0.0048014812943212495,31.92714881706165
2433,0.002927600028272882,268.0765673383339
2434,0.0026039288253601766,106.64942310388393
2435,0.0025182320505491127,62.211047745043786
2436,0.003925032269637149,30.35800810840955
2437,0.0035187939646432274,277.9033479245446
2438,0.002534503015301397,356.4155411428712
2439,0.002430627843303247,350.90049203823656
2440,0.0027068645490513923,145.88788546373496
2441,0.0024552524146201904,190.1959685141153
2442,0.002781606651911421,78.86739986576333
2443,0.0023122081378911977,150.24842349815484
2444,0.0035596928324686536,59.35853939196533
2445,0.00229580729644312,349.1142154062193
2446,0.0017308839403677673,144.6113288736885
2447,0.0016558733115399828,78.28374248794671
2448,0.0023064290919798873,44.5137383363824
2449,0.004654858876473538,63.538760769717385
2450,0.004037062090556619,29.960488377639713
2451,0.004555023094676121,109.12809100348997
2452,0.002703461581748687,75.04137593507792
2453,0.003797710786528396,264.25028913521476
2454,0.004186541266510455,98.78288496918236
2455,0.00376989735769502,104.62837018631687
2456,0.004335524759438625,78.85983800240808
2457,0.0030452833483106644,188.14705075235162
2458,0.004582686777551208,62.57892087900469
2459,0.003352631383471085,186.85111239948787
2460,0.002499439999248075,58.606053247954
2461,0.0046578237119227475,59.43435562082973
2462,0.00297218986264205,148.35534854115392
2463,0.002950495145837935,45.422346101672815
2464,0.0037010348495988585,191.703296905548
2465,0.0025305654002197677,148.1332229067254
2466,0.0025968786405990113,146.43007539426748
2467,0.002559374932320801,355.340360003756
2468,0.003188667355770723,59.295829118432714
2469,0.0016354213823302115,187.2638878438578
2470,0.002013141416913205,274.66490803490814
2471,0.0014678865716376203,150.45941838702294
2472,0.0023714095180460797,30.32759826863835
2473,0.003169574299549409,48.313093029661324
2474,0.0025822383779716173,106.79825108297659
2475,0.002918481115357962,357.4169371660022
2476,0.003617643393545691,189.07182973855342
2477,0.002430525158179202,147.91075731504827
2478,0.0018008060564072927,152.93211321278554
2479,0.003457276609217595,46.366681819432905
2480,0.0020343177544208837,108.81709818405047
2481,0.0037812765757595256,104.4573091498616
2482,0.0029429743910148183,153.0667529632254
2483,0.003074378239696009,48.97418238551979
2484,0.002262170838338744,108.37942318133142
2485,0.002744449466787885,106.93376335978033
2486,0.002441505465006859,147.4236803812987
2487,0.0015157779487018506,30.671743354242246
2488,0.0031330808385823775,189.56862134461468
2489,0.00321067539838483,103.6280702860908
2490,0.0032722364167211246,64.75902543619962
2491,0.002985407908099814,63.53804638780708
2492,0.0050609898121778815,44.94383897985161
2493,0.0037968931125542953,273.49151691315046
2494,0.002849045044089415,61.94076180659483
2495,0.0036672381255632735,273.04591597879335
2496,0.0036008240905003558,76.47693804077382
2497,0.0038024379932081295,277.8680374089265
2498,0.0024819957486220436,356.8591008088932
2499,0.002096535157517377,150.81204254543002
2500,0.0018870292617346142,103.5583779569411
2501,0.0030059330665854096,79.61091957954486
2502,0.00305300689181492,101.03528859766801
2503,0.003921906165613046,30.767208067992655
2504,0.002844323485764117,356.2566280129386
2505,0.002644218062789488,187.1500992049526
2506,0.0035078118354011398,150.14759083433177
2507,0.003352561729815744,107.62905918883776
2508,0.002917177425490696,275.01318767555864
2509,0.002610119599549679,50.3273352614941
2510,0.0021300841738060437,31.448081789881368
2511,0.003862989692449979,30.47043767630193
2512,0.002599839741333839,278.1356747301476
2513,0.0017322325889201251,145.62101625261587
2514,0.0031087397585026415,359.38147135948276
2515,0.002969887353616729,77.35920683213445
2516,0.0027151933650394556,268.30952310247693
2517,0.003002144255693541,146.61603238306074
2518,0.002348936786699891,271.46670106438836
2519,0.002452182904628139,194.0008118733304
2520,0.001982194479643436,67.0058065092397
2521,0.002654097655318008,144.35486567994124
2522,0.003162185633747436,62.83544607294113
2523,0.004652850672849534,29.832820974188472
2524,0.0028856261440737664,357.4159528113897
2525,0.003076403679764374,274.23850430761456
2526,0.005126326732382857,60.85703621836805
2527,0.003296787471122451,152.41248491959428
2528,0.0029377400218154287,358.52657034287944
2529,0.002294681635858163,190.9919681370803
2530,0.001898804876110329,139.81945668832378
2531,0.0030808233275846004,265.0672049368081
2532,0.0048509491637312085,48.90745778328075
2533,0.0022862208936913473,361.8596425068916
2534,0.0020504294929103986,64.95994697653869
2535,0.0021262839002482562,30.766782054647663
2536,0.003705223973098891,268.04714983379404
2537,0.0037557248736956646,58.963561098514724
2538,0.003571890110102573,191.28436057626087
2539,0.0016975050215872207,193.40452974705187
2540,0.002904862037115025,358.2445249726426
2541,0.0027791278490471526,30.215662024902862
2542,0.0024594876728823534,359.8158457178886
2543,0.002112625720143678,279.8239794307853
2544,0.0035444266820485286,61.86403328542078
2545,0.002022945770524117,193.20294146644304
2546,0.0024047479562961434,355.44896985223096
2547,0.003313897293375734,60.03455591731627
2548,0.002829853621748082,352.66583025340316
2549,0.0028553768572876564,77.09721878403825
2550,0.002435153881708553,152.0901151010935
2551,0.0018978144555542196,78.53937667253642
2552,0.004345608870337585,80.44221251336496
2553,0.0037847824335015393,64.94439806631499
2554,0.002445351726660411,355.5063573544737
2555,0.00304329635344634,151.76427275097015
2556,0.0035072226063758453,45.68225735772373
2557,0.00222442804068543,107.94116278183282
2558,0.002953287341495462,29.801879257842735
2559,0.003082203293331913,150.84850765602442
2560,0.002022734588072065,150.52673590009093
2561,0.003257214518219973,272.6352646508668
2562,0.003028247439254522,76.03720389028007
2563,0.003868514899836186,79.84169971860337
2564,0.0036978802817362677,150.6109790495864
2565,0.003029903892721367,45.55180879631327
2566,0.0028687205209782154,33.0347881934533
2567,0.0034348610934102908,78.73295401561977
2568,0.0032865993959402223,141.64470981631194
2569,0.003714680516677001,59.387592264937375
2570,0.004056005661399907,32.59302108614686
2571,0.003982709854173344,180.03770140677523
2572,0.0030056851263795584,351.88514600659107
2573,0.0027952149099914544,359.44312896604583
2574,0.00221457168370275,272.989845223594
2575,0.0021473165188517283,276.0514069490847
2576,0.0015960157333806976,32.300816131567245
2577,0.0021572190030383354,106.72945779669581
2578,0.002658163944943226,106.88248470041266
2579,0.002538333549077484,105.98265416086664
2580,0.0016354487120103212,354.4102825660655
2581,0.001975005823764995,267.3930155301237
2582,0.0023860416746421093,63.68922524418541
2583,0.002142737072959713,275.13231110204964
2584,0.002112113447642391,74.94585500601711
2585,0.0028583386113963127,76.62056558396361
2586,0.0028437842183176823,147.21255296902058
2587,0.003485383112889657,196.2529059187634
2588,0.0024786826370227326,79.83374665986332
2589,0.002959202566482369,149.44408584774118
2590,0.002597862403821306,45.706839917876984
2591,0.003370092414777239,49.17850755613373
2592,0.0027446557664467983,275.99547389493137
2593,0.002872137238437762,102.15707953278735
2594,0.0036710839761905267,50.01288672395065
2595,0.003866547850450913,107.26899339914438
2596,0.001862574638176613,32.20089499091702
2597,0.0028069852466036205,47.69628129024822
2598,0.0031791688163070953,350.0785590709619
2599,0.0034281767372952095,45.84501869174824
2600,0.003585070233635508,30.817559150255132
2601,0.003627505344467732,186.52420141840366
2602,0.004003332666976236,186.27210904543804
2603,0.0033904499047242675,48.26797589537317
2604,0.00305751853695139,354.43002208077723
2605,0.002845429424434604,45.977801853210636
2606,0.0027172435226423615,154.18226003614
2607,0.003647137081945682,103.68592228087364
2608,0.004734758355446947,149.90788285231747
2609,0.0036172812646533934,193.57372836371317
2610,0.0025378499009424227,49.33417099059114
2611,0.0028172536397257568,50.161153446513175
2612,0.0028590934746128317,357.8797481242587
2613,0.0031311324791286925,352.7377724067802
2614,0.003976380785400964,148.10349632482797
2615,0.0016527646442008172,32.98406242610122
2616,0.00256963048918437,77.77398387066509
2617,0.00292637032214392,145.8098428168824
2618,0.004294342742946741,63.43544961666393
2619,0.0030050963326136975,274.04118189455124
2620,0.0037512894103138962,31.367164070974297
2621,0.004820168230671206,80.40136742080887
2622,0.004282387681593446,185.00126832281018
2623,0.0029972968538093427,188.5320527815107
2624,0.003678470045244843,32.73821143501599
2625,0.005917349636795486,46.08777475275747
2626,0.003906915513775155,145.76524930494782
2627,0.0014077282208620153,31.679406183499367
2628,0.0041083124092908515,29.117015707398366
2629,0.005780391779237908,59.86349196803563
2630,0.005203654806874428,46.23075283585792
2631,0.004183683437847738,58.842399139509894
2632,0.004188827200500705,63.01361286407915
2633,0.004008197909599481,353.47677211433177
2634,0.002864683763570178,354.75911773658197
2635,0.0027774122187373598,189.6821938464255
2636,0.0037571306083092086,48.11603160675279
2637,0.0030185511157076296,79.42109102068346
2638,0.002075911991565151,30.05140421835991
2639,0.0031340797265599846,72.65107279912871
2640,0.004101769960784466,30.587891180748276
2641,0.003354227642741591,190.9028980077945
2642,0.003264948482510744,60.910571721454204
2643,0.0028120861883995604,192.36618777035213
2644,0.002224261037802287,47.284357901524146
2645,0.0022000093429940877,78.33040984393483
2646,0.0033029416374767482,62.41456919272876
2647,0.003380573917129985,63.3589644680305
2648,0.002980567186859469,192.02816730069597
2649,0.0037695989594178202,65.22723712340964
2650,0.004792377503248202,74.18521079653567
2651,0.0032222345010020285,46.69711554885626
2652,0.004363377326874549,43.517803803813706
2653,0.0028675309346690996,268.971049580259
2654,0.003766163275311276,105.33852716873622
2655,0.0038434520404486898,49.459135526413746
2656,0.003837553262118573,49.786011459888734
2657,0.004042981322635245,61.450790082086286
2658,0.004422346554277063,32.20241894846637
2659,0.004580544221266557,190.0275208615754
2660,0.004564167148111245,108.8856345328292
2661,0.004775267239517806,194.25216098581896
2662,0.002813866894292128,62.211575503660185
2663,0.003943957634123305,150.04031894180193
2664,0.005652483128621746,47.88872726832556
2665,0.004442812075297146,353.045682482893
2666,0.00337559751191153,103.77494817883911
2667,0.004650284994819105,31.961499549637118
2668,0.004152356028498616,62.6390149457998
2669,0.004521573769149679,79.43045168570282
2670,0.003688217133405767,109.09043638705039
2671,0.002245131885471075,64.169281308647
2672,0.0034198532779760493,272.465869509867
2673,0.003384579374604092,352.0497363105073
2674,0.004675049293821804,58.93297292971765
2675,0.0025494719781640127,195.7649137254635
2676,0.0031420418941210796,48.61563085477528
2677,0.0032352663798659565,106.57980490456995
2678,0.002158859532860683,104.71953389498522
2679,0.0014329032960161165,29.550784356378397
2680,0.0031808175315771376,270.86199174046857
2681,0.0019015851646907174,77.59237509266141
2682,0.0026078308606584054,187.41810485993764
2683,0.0025184058644114695,361.86130594441767
2684,0.0025458313178477483,188.7594568788338
2685,0.0029851889690640696,73.14594863017581
2686,0.002320974361880648,345.7792667153934
2687,0.0033685176156649926,149.6644548010438
2688,0.0035704011396946217,79.22176817127453
2689,0.00275661189433277,272.16863176927575
2690,0.001877362360849308,273.9728870241961
2691,0.0032630568683679165,81.09305085612625
2692,0.0041350461502463135,29.27553403956795
2693,0.002253601292952072,276.3505431083827
2694,0.002621208947194815,64.61489107170556
2695,0.0028489796467204634,361.93994100864575
2696,0.0016942370519911851,274.1101242343058
2697,0.0023445991082365995,186.63985859071173
2698,0.0019478474582606627,60.40248312045515
2699,0.002892397396728801,149.9090834595658
2700,0.002773125562594673,151.19453669233178
2701,0.002843526651258028,65.08638621827276
2702,0.0023793585154133576,31.70686308380823
2703,0.003613015307399275,48.109159450557534
2704,0.0040073328895157394,188.27164006524782
2705,0.0016391930093332435,33.26900951782494
2706,0.004083017264547071,62.54557928157135
2707,0.0032792435043214434,33.4388899718057
2708,0.003353388132005609,31.534039068470832
2709,0.004630078814797582,149.04563972909997
2710,0.003990078391128468,184.04930466992278
2711,0.004866031885998185,79.03290778767669
2712,0.005219041684186539,149.7311089634637
2713,0.005797138449420815,34.20204119968536
2714,0.003990575208171621,149.50684069137063
2715,0.005499792736619553,60.423618126340266
2716,0.004598951484923725,358.4823569805555
2717,0.003765196381734478,148.84619641302962
2718,0.0028750989108119484,357.5927392808839
2719,0.0029609963184439353,32.58846081126634
2720,0.0033803816009361034,279.56495183484776
2721,0.0018983624323565481,275.6891838775168
2722,0.003115725569374705,74.66268308670776
2723,0.0031997921568406597,145.34654168885484
2724,0.001731977716714274,63.90491162592906
2725,0.002584972737876943,63.519729118989154
2726,0.0032861818364105766,275.36909654797586
2727,0.0026801119366867553,351.27575641248234
2728,0.0019922018517596353,193.43068519116005
2729,0.0019337338641795714,30.971128059353514
2730,0.004143559262863079,193.92891838460676
2731,0.0023889904258966627,75.78077069846601
2732,0.003175077913370982,105.9094642548408
2733,0.004786935973493984,32.33741952426726
2734,0.0031082939054125672,189.192524905338
2735,0.0015086523911530345,28.794844737101858
2736,0.0034260426145220455,109.39560968334705
2737,0.00578231087048811,30.139360899514557
2738,0.004140494248903811,150.8177564150969
2739,0.004398315921347463,107.04250503134075
2740,0.004110614673598171,195.69717181803455
2741,0.003800399437430212,278.465766157718
2742,0.005725857430912458,31.210642138668987
2743,0.003864576526993146,268.55961724352534
2744,0.0014747934895818946,43.04890933510671
2745,0.0026410943144653106,107.0121813692145
2746,0.0027882284046279746,75.95899152741016
2747,0.004871867009028761,79.92072625635817
2748,0.0029545278736226132,48.86623831363512
2749,0.003040968754043795,273.19172559591
2750,0.0019608286568876102,74.92773146518337
2751,0.002470863914463078,359.74460913377106
2752,0.002954139868224219,79.99913078753815
2753,0.0021637692540475515,190.62497033687436
2754,0.003157656307024772,145.59442847015347
2755,0.0032779459181871114,273.75966383250386
2756,0.00336710984971286,154.8688304231531
2757,0.0027097804847733766,60.419214050826255
2758,0.0025947303332744726,74.52227306563242
2759,0.0027516165145034443,362.2528443473988
2760,0.003725896534010174,34.26675853617035
2761,0.0047570451463036225,81.09529983263798
2762,0.0023873918905442573,108.55121389805468
2763,0.003242506678254679,356.3215463873675
2764,0.005096209626886916,108.19018090001256
2765,0.004496290213176729,80.78316555414172
2766,0.002295574969883257,46.734019935656974
2767,0.0047865125902840314,72.856301238998
2768,0.003929903817864928,76.36054347575565
2769,0.00599666856912852,74.1374716027852
2770,0.00474815682035365,30.82604623171126
2771,0.00457442007728315,361.80188157262535
2772,0.00265146627187034,189.78245920842426
2773,0.0029892022284425585,356.9192271372836
2774,0.002231627235183574,76.69911961871979
2775,0.002070223504092938,188.7439155621602
2776,0.0015615961951723498,30.498879573918853
2777,0.0028432459027523714,79.06023775471256
2778,0.0027622010063074916,32.828660850176256
2779,0.002189886236962575,152.33382802250932
2780,0.0031337013376066133,75.14569519298281
2781,0.0017792760849939225,61.911637294604
2782,0.003115026679871654,75.74824894204953
2783,0.0045571984185473115,150.5561037363001
2784,0.0034587445184115495,108.16113070684743
2785,0.003397682961654074,191.90702789816856
2786,0.003521849501183967,355.6940084656104
2787,0.004114943738484825,77.73544387899075
2788,0.0035672893905029923,102.31360017726597
2789,0.002874034949908331,357.7026953830479
2790,0.001880184823257975,352.8063696477024
2791,0.0019682793896763696,62.72537459564141
2792,0.00226390645763889,188.40206687111967
2793,0.0025569430927775308,268.2830763961383
2794,0.0021947833401763754,78.53464795210094
2795,0.004379819425594178,46.40727967735937
2796,0.002411081939122784,32.33956834844021
2797,0.002839979287098406,103.98951924211983
2798,0.0028213715234312715,359.9010551237264
2799,0.004287924968531146,32.85082365024692
2800,0.0028308675939045383,106.9027058400351
2801,0.0069437370070359475,45.86436217381551
2802,0.002579427445280916,45.38222391342224
2803,0.004505751698161475,58.86393676362068
2804,0.004194645512333005,353.34206349161826
2805,0.00323166154815873,187.41493517615058
2806,0.004901451306264986,75.27766063472455
2807,0.0028918172706461276,274.62169430919687
2808,0.003250596908802143,62.575426546394944
2809,0.004462284708510692,45.78007112738536
2810,0.0032434579259322215,357.7103757513187
2811,0.00233697015545724,194.5070617083962
2812,0.0026978881492476948,149.68540204663367
2813,0.0026202915017828504,60.82387109194251
2814,0.0025255346849601124,353.0115412051409
2815,0.0020245641918891794,146.16473173914227
2816,0.003939296459379718,32.5350915365343
2817,0.0024306598852587694,354.2611465630366
2818,0.0030203024989227225,147.6058165548597
2819,0.0029769431727380345,112.31294329289845
2820,0.0038949968990797564,30.612893511645126
2821,0.002829301355558454,75.39467648450297
2822,0.003670869578784802,107.6649653220969
2823,0.003584185960171078,188.90907540858467
2824,0.003134938840860393,145.96373628242145
2825,0.0033288294063403066,104.58152252543829
2826,0.004556071174730195,46.2410732745122
2827,0.0039494653306955466,196.27715508993634
2828,0.0031603950946079754,358.2014686825817
2829,0.0027374554682232963,62.38896305885618
2830,0.0022984619314719078,111.23529145481783
2831,0.002784837439244705,276.5036718291447
2832,0.002090004261469975,196.47994059982608
2833,0.0019217834137249402,60.15814290324164
2834,0.003416072796503382,59.84651930041587
2835,0.003964804688339114,33.19490807121058
2836,0.0020133432838994056,272.99975386585186
2837,0.0018909071923283675,196.00827900186212
2838,0.0023532565266996147,360.3922848990966
2839,0.0021897156714847875,357.98919104744135
2840,0.0021329142169429723,364.4397612559766
2841,0.0015960735324941984,190.14594450310716
2842,0.002114427602931313,76.6987257344834
2843,0.0023387410212833237,193.05085153113723
2844,0.0010068359510022043,62.55456238672444
2845,0.0024010348940005175,189.60934878937408
2846,0.002752286603936227,104.52175703771682
2847,0.0025488595426325514,100.60858494084432
2848,0.0025392103146338967,152.13869742376926
2849,0.002033786194372619,358.0813991132134
2850,0.002876907445471248,274.8339785566674
2851,0.0035145803204054225,106.68954182219015
2852,0.0023017521233845975,144.55804277114032
2853,0.002407428099079855,78.45061678500922
2854,0.0015603199171891902,354.9373584357498
2855,0.001923119259497173,359.5045592310028
2856,0.002420278282932906,105.60266398017522
2857,0.0021785630931649607,148.71220605443145
2858,0.00269606695564044,356.4088939111091
2859,0.0019258018057922194,271.680700421948
2860,0.0017777002183382924,187.82843509664113
2861,0.001626336701828207,61.11639913351423
2862,0.002747115734610677,60.714911675928185
2863,0.0020743987943943293,82.8290087944668
2864,0.0030911090675131577,50.21378904706703
2865,0.003465620032893383,273.80381469370053
2866,0.002986998840461983,31.447633260168907
2867,0.0033829581401189045,193.8725672009252
2868,0.003888382319584363,77.34033455673297
2869,0.002898641407887073,157.29394327492417
2870,0.0030584131028091005,74.07340964513968
2871,0.0036361703508369717,186.44909457537196
2872,0.0034860333814592465,75.90469783972692
2873,0.0035658328051045153,188.97326855084071
2874,0.002668664462296724,192.22306109306277
2875,0.0028387889562572098,34.17690493411029
2876,0.0039905618273067,32.024825921963966
2877,0.0017779177359098584,31.994719627724525
2878,0.00417309751518472,278.4977101893489
2879,0.0031368352666994235,107.23249088466498
2880,0.0030957742009134013,276.20962075763504
2881,0.0034208497784124453,273.54103842478094
2882,0.002331923858248405,268.0944546921197
2883,0.002421119356736669,30.27635458697281
2884,0.002631907530165233,280.97668227931877
2885,0.0026075507135042367,78.05404324121778
2886,0.0025017897395975017,191.99239971274736
2887,0.002838900310372402,76.39407024870488
2888,0.0029679717838892406,79.02319080742745
2889,0.0037659471913898323,144.9181882794755
2890,0.002922476555655192,147.05078847450181
2891,0.0036900777838959073,355.7751628552336
2892,0.003629384058182371,45.376704964270914
2893,0.0023589556159693305,353.76848255251343
2894,0.002480113390816228,78.09152920822515
2895,0.0031699077829624254,33.86726655880277
2896,0.00348212946667919,279.6909628419303
2897,0.0027900608255521614,194.3962896946338
2898,0.003820297596493302,46.73560739521659
2899,0.0032285201878039516,48.12231914095927
2900,0.002641401114127827,144.60429243858383
2901,0.004225435493873223,30.076315714541547
2902,0.0037091618880743947,33.69612840606163
2903,0.004070026523574457,148.8645342308345
2904,0.003498413314612752,274.33312082740605
2905,0.00433717113455868,65.38744064506464
2906,0.0032866812033126294,194.0074152554745
2907,0.002842724331955098,191.07387206974
2908,0.0025370740903775447,150.82326278597162
2909,0.00280399853027964,182.28871407543937
2910,0.003936348315870293,31.76274068203938
2911,0.0026343687434721664,79.6656401066084
2912,0.0031234182829864257,30.55858073970347
2913,0.004479646044211253,31.173298509866395
2914,0.0025374736689063237,29.005533785539452
2915,0.003795770026171374,360.152774596969
2916,0.0029404561410630516,353.97020806386274
2917,0.0019355666565668518,105.73854875500675
2918,0.0029207675931136635,192.28486138152272
2919,0.0027486830850395245,188.00220012339906
2920,0.0037602488546045355,192.55668013886987
2921,0.001604279606451497,362.74410216761044
2922,0.0012715776634541073,277.74831359203137
2923,0.0019250430683019364,75.53358551574512
2924,0.002074659693395925,194.4566814928439
2925,0.0017780875224595101,145.83553298111292
2926,0.0033499102376527705,62.14476267168425
2927,0.0022068108120537814,277.6491339849366
2928,0.002555293176468461,361.28317436412925
2929,0.0016995655279405865,30.969588510375623
2930,0.0031449582877669585,75.40914430339026
2931,0.0027753103614806015,80.54532033444717
2932,0.0036220593149690256,272.41832655679156
2933,0.0031595428746217734,32.042558406998864
2934,0.0044307006122638794,78.38175904131857
2935,0.0034300043774194836,145.3583048801557
2936,0.0034150271260887937,61.66822880880995
2937,0.003459209116627649,276.82592102691694
2938,0.0059765880277237475,50.48572597354915
2939,0.0036595796097492667,143.04710443388248
2940,0.00569102354298097,46.84368694714668
2941,0.004619856121952977,276.9111664805741
2942,0.004076994952706277,103.5183815836968
2943,0.005454271168921629,47.760086637880256
2944,0.0031989333831891576,77.21859878131245
2945,0.0037200493638984357,269.5758966407902
2946,0.003057983037660231,360.61351924103093
2947,0.004386596118003304,62.91486421288416
2948,0.0023608775385424,145.2425204422193
2949,0.003117759029671354,47.4932595394431
2950,0.0025408443749781818,361.7115474215293
2951,0.001788867633926251,74.44278000241685
2952,0.0019509351694346228,62.616414129651574
2953,0.004414013117011877,31.522251595531774
2954,0.0028279492749840153,277.0202268365275
2955,0.003528220344885715,101.68873203377983
2956,0.004250361118796387,47.62432551964767
2957,0.003959000417326332,64.0318271616858
2958,0.0032633567475021602,356.1213332810551
2959,0.0027444371948588705,29.44310842221788
2960,0.003096589847681918,189.2906858577641
2961,0.004535524731558138,33.14284158120126
2962,0.0033521390191392497,363.25240466455597
2963,0.002338201443152572,353.9347260995943
2964,0.0022853210599140974,108.80195592382609
2965,0.0027571823767986543,78.09083307955947
2966,0.002769927859713489,190.13711824655272
2967,0.0022194074649018445,75.81631661836762
2968,0.0025433726618949793,272.3333518691608
2969,0.001998905163155851,198.31560637841804
2970,0.004942859989982521,46.46325704603574
2971,0.0026762643947649666,151.90908205474898
2972,0.0018550844997662352,106.60106490099012
2973,0.003644183160855058,273.66431548682726
2974,0.00242269459014312,194.1789577566642
2975,0.0027729131988427766,362.1026947852632
2976,0.004209136908308398,30.532676421325778
2977,0.0036149688247074296,60.64568204927677
2978,0.004118026201137003,49.68996457827224
2979,0.0032577945511519896,192.83767203400336
2980,0.003268146795440211,108.36250581651296
2981,0.003577264095588209,150.88973244681088
2982,0.0019255225950097344,29.459926703668437
2983,0.0029071719781834137,351.5069295351413
2984,0.003193714039452508,60.72070810992632
2985,0.0032607883203524235,276.4707708942277
2986,0.0031183127229654087,103.30628756227185
2987,0.0027957052898370375,365.45579140821013
2988,0.002038351357760362,195.70216652668051
2989,0.0022571397180165395,190.8974640643705
2990,0.0021906509969206755,356.51040845052165
2991,0.0017152173591426076,77.88623893357307
2992,0.0018491070230673948,76.46836949917834
2993,0.002171044303526587,191.77749153456315
2994,0.0027946318456710736,364.7390193488619
2995,0.0027481782845653296,76.07867804054807
2996,0.0013459042882803605,78.88920359205457
2997,0.003536052733420313,195.43606428810332
2998,0.0024970946225832138,358.03951152225846
2999,0.0027333481693031817,44.50651848326466
3000,0.004469290380727436,29.669020946206768
3001,0.003022653737848627,185.3886393846665
3002,0.002128496680062894,360.2289027080192
3003,0.002397999726173612,354.92224009119
3004,0.0019840908438378724,48.477933922191504
3005,0.003520298359600585,74.32734878100456
3006,0.0026839484900748984,76.0609393045863
3007,0.00221892465181452,356.67102936572024
3008,0.0024723566130810917,283.39674883913005
3009,0.002671259004175128,74.69899436203902
3010,0.0018251886943070185,30.747615397005223
3011,0.0033985890678939704,49.37434311714311
3012,0.0030109033458895775,65.90107732777571
3013,0.0033806221974766624,76.77723180901886
3014,0.005088732839499858,79.23728205162185
3015,0.004068387098670146,268.7329648455289
3016,0.002061722971496959,31.452232824342033
3017,0.003097684267026714,279.25994375646724
3018,0.0037262509317356903,360.76823826014197
3019,0.003471899230479156,77.01193762391247
3020,0.002891591454524157,78.59587167478433
3021,0.004269661359033377,105.8908285084955
3022,0.002857249630717372,77.41497312050554
3023,0.0035673116678829092,148.95287983513057
3024,0.002433490301373857,64.99701482204598
3025,0.0054355895566725945,33.797012682665866
3026,0.002886196321422427,32.4112529092136
3027,0.0037251443394984885,278.8769194274756
3028,0.003482907185542965,186.1406060585998
3029,0.0038492604329353666,187.36343937670537
3030,0.0035325477889348324,187.54640028796277
3031,0.0025556216810464706,275.55863849367137
3032,0.0026678301467374975,105.7305536293306
3033,0.0025809966920986916,361.4069799987355
3034,0.0030499505303631506,30.20898829676761
3035,0.001969406342411546,71.68990755205577
3036,0.002649605940707456,146.39260385951187
3037,0.002859373549690889,147.28961935200434
3038,0.00358699156392752,51.37850057426824
3039,0.0050910842811307784,45.17953196159004
3040,0.002806618125555725,353.0096117374718
3041,0.0038009945387371276,49.894562121850306
3042,0.0028775628441606487,80.25662682011922
3043,0.003682993401673377,76.02881263802267
3044,0.003047117936954781,192.9124006304591
3045,0.00346736038517446,76.57830287820784
3046,0.00327978638523672,75.14882729399491
3047,0.004677328964713855,49.270279724711784
3048,0.003967427726384928,276.5069688595492
3049,0.0036253908486761363,272.7675881904281
3050,0.0028154276606684233,149.9753829484393
3051,0.0027246106538164503,151.68008911078994
3052,0.003485473300484561,196.1575751243104
3053,0.0029817324736995943,107.12994047684174
3054,0.002839759092295804,191.80625032204372
3055,0.004802919075121859,48.39201825165756
3056,0.0018282110554660117,77.26266522314204
3057,0.003039137460044743,59.6977122485102
3058,0.0037052055682188865,148.02305607119052
3059,0.002577750908626926,45.56076720981155
3060,0.002585804996136897,31.494701337489843
3061,0.005685782516809275,58.26551632119131
3062,0.002157941522078733,33.33560802876452
3063,0.004423863103908497,277.02111012826464
3064,0.004332137979201464,360.021392971013
3065,0.0030959815905229585,363.77795705127863
3066,0.002918995543549792,59.01503752173505
3067,0.0022651153813933495,365.62869766747593
3068,0.0015392623614504156,279.0752015812509
3069,0.0019618356062752495,109.71147667338425
3070,0.0022120332330937886,61.95700439047134
3071,0.0034324553768062195,29.86872466993406
3072,0.003122474515262654,30.894120491609804
3073,0.00425619542906041,64.89079456059821
3074,0.0033212806443709453,63.94318468346793
3075,0.0029393418853592614,106.23706507455137
3076,0.004342720342738297,146.9867892242854
3077,0.00296684065896321,187.52101761699612
3078,0.004619663719610581,280.4571423788065
3079,0.003285963933899118,267.39421131048607
3080,0.004865725897506485,150.98708170728804
3081,0.0026812929223709223,355.8329371108578
3082,0.001370239798947099,76.33954836273546
3083,0.00387723370757256,78.52634347347433
3084,0.002191186428239441,192.30895306975535
3085,0.0024250946182953407,49.49457388973896
3086,0.0024988456268128963,160.7769844725249
3087,0.0038139336308656334,77.01962064462538
3088,0.003001231065505431,360.7495742588722
3089,0.003192069710760194,360.8202635068167
3090,0.004768664547224365,50.622867325075234
3091,0.0031525129371952313,361.3880714548698
3092,0.00227853556739669,105.1339981244529
3093,0.003800951910674345,108.10019659699331
3094,0.002691713722345991,49.75046456603541
3095,0.002371523505581567,33.90067303952309
3096,0.004041515019459687,44.95810129084672
3097,0.005109083445357351,29.65690735111282
3098,0.00351229623970904,357.6539080652357
3099,0.004100074718735414,44.73740836243137
3100,0.0028425004204039464,106.30693062712643
3101,0.0038308567244402904,191.06578616572858
3102,0.004748938121128259,105.29760570110145
3103,0.0024156097614330655,76.45548454042563
3104,0.0030937293202161808,109.67561327669569
3105,0.004296112099806216,62.42396953511773
3106,0.0030697509313746926,189.42516619190442
3107,0.004539113458906349,33.208944763526844
3108,0.003144181490674077,357.4095102985395
3109,0.003531275827824597,275.1097151842789
3110,0.007778796174408916,31.85800477284448
3111,0.005535406551859786,59.92040547568381
3112,0.003773784977082113,281.05050589719735
3113,0.002824991832361298,363.6484316887504
3114,0.0022809708254333764,45.73330377438521
3115,0.0026968920653171855,112.31793983455852
3116,0.0027230441123015548,275.4013716520336
3117,0.0035583804437220143,103.14075377909127
3118,0.004588270895155956,65.13243779394458
3119,0.0027947263260428633,358.479137832337
3120,0.0025417823764378148,63.59478949934091
3121,0.002118782368143002,107.80059734715012
3122,0.0026449594559605815,196.3502059002016
3123,0.0030774429707351785,278.4580458063193
3124,0.0025333403706406924,276.6183218464456
3125,0.0019830903948368853,75.98791539606003
3126,0.0028231798971948873,106.36456759315546
3127,0.0024541790293702613,277.3940375201743
3128,0.00270411272619888,46.59211437401823
3129,0.0023762922394489953,194.05405068811692
3130,0.002120571168140402,194.91933830832053
3131,0.0017729556161227688,282.588997826399
3132,0.002430023403869334,147.189170217813
3133,0.0022754051380142184,280.2663748645967
3134,0.002518588047529682,112.3108922248049
3135,0.0019992618864477156,61.52247734909899
3136,0.0022102269092209685,64.2550453079631
3137,0.0028702798772241127,191.4114401792104
3138,0.003170317087315781,364.7155984499643
3139,0.003053708957973081,79.65740216751671
3140,0.004841400589103321,62.57939040854211
3141,0.0025072628127685783,360.61968207149266
3142,0.002377021540890472,277.50973883937763
3143,0.0024474424515664025,281.2472222040522
3144,0.0027213004808399385,66.0648008950594
3145,0.002210017689010527,147.66589262415263
3146,0.0034419330991987897,108.62895423757737
3147,0.0025823258719494826,58.505636399731486
3148,0.0013303009544854878,61.0418218985468
3149,0.0037968879956715926,149.61292197395423
3150,0.0030470146882428458,48.38178405709801
3151,0.002261714630764903,195.35064497095746
3152,0.0026727998384698227,102.1550963973974
3153,0.0034843226743196537,280.3594225628492
3154,0.002652014438479392,31.691698852158623
3155,0.002298036774763287,48.76251409894371
3156,0.0033849815881694667,73.39118298107554
3157,0.004690834552908702,32.93486787448273
3158,0.0037255414358376483,277.466800878721
3159,0.003969866825662813,105.65605725469585
3160,0.003889247901806999,189.5491470536769
3161,0.003160290588546315,193.08507672013494
3162,0.0030314527625705523,110.24259100195164
3163,0.0040393913350899,31.563904737653864
3164,0.0035047491065767137,63.954052862305446
3165,0.004266197059636893,44.86132084828634
3166,0.0015755192881474144,31.58005834351218
3167,0.0033896239745951516,190.2201748177877
3168,0.005278637217679247,195.29819315910845
3169,0.004133714339645692,29.27124573375228
3170,0.0036278158639043824,29.40433055258909
3171,0.005131529972707292,44.847320213728956
3172,0.0033768657853728437,147.61209959011816
3173,0.003375865973024562,105.84914579042339
3174,0.0036316850883409157,194.7053492405584
3175,0.003456332991680194,358.32558886015016
3176,0.0022046013783466084,190.9837483777623
3177,0.0030217628226313596,60.877231150263974
3178,0.003117986609702211,153.9551695073611
3179,0.002460377425037579,194.10910519561173
3180,0.003589390403519517,74.86402969851838
3181,0.0034658382320575864,32.00733096354717
3182,0.0018057210688582287,80.20738751253278
3183,0.0023731552855679183,107.00997386702258
3184,0.0030145350518006155,30.256132810478768
3185,0.0023689026829429322,31.13832412635632
3186,0.0022975897302566065,32.696844215675966
3187,0.0027304258386803585,45.604389899312096
3188,0.00412807254476568,48.016612896571246
3189,0.004104896508034535,359.53480033976035
3190,0.003971947195798118,105.52248982436866
3191,0.003984897099971105,47.92046562054407
3192,0.004490771288156165,193.18909827828438
3193,0.00296230823214963,62.79292969258434
3194,0.0037553007971550473,146.71573216657825
3195,0.004410437993948139,33.428700591586406
3196,0.007665109513568339,33.29553327300201
3197,0.004570030399188165,277.4651820506777
3198,0.0032873704439759996,196.23491194855535
3199,0.0038993428320217914,279.4289469190523
3200,0.0034652637804216424,103.24704185008842
3201,0.0030838009016725984,80.73191527685067
3202,0.0011620845872475285,30.869979277943656
3203,0.0030712220433433057,33.31540905073466
3204,0.003407100720095207,352.24331202286527
3205,0.0028868466328237645,356.93840420290593
3206,0.003588312416812531,78.78421459301697
3207,0.0026987536751629047,33.70932126202673
3208,0.0033322417289524528,144.40844746579717
3209,0.0035688081008498256,190.11049151890958
3210,0.0037616192451517642,30.344587580405115
3211,0.003079885938546042,33.6932090362572
3212,0.0032744767406536713,109.215068943508
3213,0.0028229651175827124,355.3580261928498
3214,0.0030137042652018916,278.3192727005178
3215,0.0035745840243673567,61.22572701562712
3216,0.0033534729822890397,77.82638022477875
3217,0.0027504157064227705,274.7657642715541
3218,0.002398368147841608,279.2421294958197
3219,0.002417089803533269,49.957030450233965
3220,0.0029839266351070993,107.9893427231793
3221,0.002167582216485644,63.804626819318926
3222,0.00238246404371129,148.7552188806752
3223,0.0034169405815217186,273.9715168042451
3224,0.0029465689559898594,190.10545561507578
3225,0.004208009276804991,49.27536285041319
3226,0.0033464242650691214,60.641868155580234
3227,0.0030051135775171186,277.69864486277345
3228,0.003365906405517747,153.46192382599529
3229,0.0033950445300883845,191.70392459289
3230,0.0025199717488441154,276.39624996618863
3231,0.002867118594106098,78.3458290076902
3232,0.0027187065764407567,108.79868504696658
3233,0.0033271823341377827,107.30501526126717
3234,0.003909784256701626,62.65672956821849
3235,0.0030562662494262706,363.6286900677473
3236,0.0021350501027138143,47.29366755061552
3237,0.002641512112782487,277.0624222941079
3238,0.0017884483702139485,47.4154940326083
3239,0.0023721951144842148,62.49965576397746
3240,0.0021889512279782233,62.21496537787574
3241,0.0033658539519524923,77.86699012135256
3242,0.0013935468694022536,32.58541061567975
3243,0.002797721837556015,80.05734403136714
3244,0.006063895327038076,63.98478879115349
3245,0.003771832918958423,106.5793907331517
3246,0.003580296115517784,366.09616601169324
3247,0.005779555896126489,33.6492071380028
3248,0.0038251929853196577,109.4083997007747
3249,0.003127601020768734,32.540859090033464
3250,0.0033067785317887847,42.73525179504634
3251,0.002506942176875203,50.67532778612455
3252,0.0051175623961684106,150.51542285283406
3253,0.005680232749413831,48.43672247579439
3254,0.006189087092584837,105.65494573994894
3255,0.004891704946519524,359.3615471137592
3256,0.003562621675203919,279.44900124449515
3257,0.0049974173763215595,105.00996735914894
3258,0.004770623435635095,146.78104966836867
3259,0.004711959824327585,103.87536498041004
3260,0.0035152257528892022,64.21970994216984
3261,0.0024398409377376475,155.09886248535148
3262,0.0024065211845928866,63.47655067162052
3263,0.0014550163545504187,77.64894224068635
3264,0.004158395909970833,50.33916785380565
3265,0.0032669143982108745,273.14022825326583
3266,0.003246025213383738,61.4804712911758
3267,0.0034902547074040936,190.79751578517948
3268,0.001909752433043727,64.13414630252876
3269,0.004025559751565966,109.29156889166401
3270,0.0033167031247717817,78.10078517316607
3271,0.0038837908926648837,149.8082692310358
3272,0.003763239009330446,151.03929994765775
3273,0.0039694404223222434,148.199291625806
3274,0.003476897189215116,192.95966379939455
3275,0.0031906238494309263,153.45642420405375
3276,0.0034238609327125282,80.63857451525378
3277,0.0035507832491698506,149.76566132864394
3278,0.0027690396846082876,47.58710830644482
3279,0.003941112290704041,48.73425905183423
3280,0.005828623384175067,30.620525293008424
3281,0.00467169490150547,63.299857699774925
3282,0.00586901106787806,60.08029706798276
3283,0.004917148038706777,78.75846083050806
3284,0.0028955575050123774,32.517630042498055
3285,0.003448283673151309,109.74751716295548
3286,0.003853377742855408,33.421767797539
3287,0.0042924955227534615,366.64544700946476
3288,0.00388175823958027,280.97565284035215
3289,0.0033383872338980285,361.4649877456488
3290,0.003739625639385757,61.09678126145988
3291,0.003362801922227761,190.3663029345352
3292,0.0020278993825181366,106.04547760120398
3293,0.004443601901654732,110.39229063142436
3294,0.0025900383409100105,78.4742651621677
3295,0.003288020786793164,30.787231044024665
3296,0.004185573477337351,74.55849994665431
3297,0.005164792301649745,60.6711355737128
3298,0.0036219378396839903,193.72479409817817
3299,0.0036408576134679114,64.93696230234502
3300,0.00376751366461945,77.10214205714026
3301,0.0023198682801789956,31.48857180370812
3302,0.0035249746267036757,285.3590998175814
3303,0.003481339007969798,280.7936757749027
3304,0.0020298567575218595,363.9150195420189
3305,0.0029041397827733397,108.39894341075902
3306,0.0027530805406415088,195.12613771230616
3307,0.002505392647295264,149.26264862060282
3308,0.002955659256506558,48.36235563296561
3309,0.002057854890163703,360.7055244275467
3310,0.0013249868976296006,75.51234751025457
3311,0.0032261802103468484,151.596171048794
3312,0.002279969965212121,108.47491021520649
3313,0.0023849809919743482,364.4176163513016
3314,0.0029676935088700394,64.61877299486731
3315,0.0023346033353049017,190.02370563534046
3316,0.002167730627316532,31.611793161424902
3317,0.0027708256132517447,280.06800044135514
3318,0.0016803128646180562,66.04005157679774
3319,0.003242711172214629,151.97155992059288
3320,0.0027025707720402014,63.63096282313683
3321,0.003710969444661962,47.892919177077964
3322,0.002339562244659729,48.842541804347164
3323,0.004218008120644938,75.1245464854135
3324,0.0027463991506574276,279.5243228320127
3325,0.0026924436220578107,147.74306515961996
3326,0.002802933582875115,149.7606972960797
3327,0.002439974342737976,363.28900143027
3328,0.0031698703394355816,150.84399260377415
3329,0.0023436021212040305,197.56645599187544
3330,0.0009447422876135157,31.781389562375942
3331,0.00324942112872752,104.15353714461752
3332,0.0022258872543425615,200.6169682164304
3333,0.0009687033658430387,64.19064387528937
3334,0.002279708274214719,150.97236537476482
3335,0.003953382008556469,31.151757892828606
3336,0.0027518114317320974,46.80282438767765
3337,0.0033808517893471586,154.35159621138664
3338,0.002559600359745673,190.98417148060003
3339,0.0023241442841180735,63.29761103053558
3340,0.0054031491616052365,31.43424179987267
3341,0.004185456364903588,281.9306775458167
3342,0.0041469509572132,49.62035264226188
3343,0.004533060929300608,276.4618252406152
3344,0.00612705427746815,47.30056287612214
3345,0.005409569402193459,80.52258903961979
3346,0.004379525620203048,365.13632603036814
3347,0.0035448072218779493,361.6157241035765
3348,0.0033643157588377224,278.16587036488244
3349,0.0021468048543804063,369.239962736134
3350,0.0017435671311257185,105.26804192004197
3351,0.0023473778082145637,62.403966890248654
3352,0.0027713925606594083,105.72159498261064
3353,0.004165891139074609,110.89140599034545
3354,0.0026909385631523957,279.141043771412
3355,0.002117054097818089,45.530956753794136
3356,0.0031543331468251922,61.45388301232042
3357,0.0031643981890903724,49.66809668337968
3358,0.0039860816749431845,80.60260678446726
3359,0.00268450256666217,358.49207815392447
3360,0.0026259439731928006,33.04925669570174
3361,0.002104858777922839,65.58916719589915
3362,0.0037500158882211054,362.2488116075546
3363,0.0033883388386547683,78.67137732312014
3364,0.003258591690622856,277.07687739586953
3365,0.001840708300424937,64.18098866743014
3366,0.003554751408070867,78.86568841961582
3367,0.0038851226360169344,46.84898982172835
3368,0.003708737211078468,148.88732508216063
3369,0.003745367978965454,33.92227241285849
3370,0.0033435676925644376,100.2863003085863
3371,0.003630278083689448,107.52528432015882
3372,0.003611361239548433,66.30408916105785
3373,0.0037646322158449235,76.79092319829957
3374,0.004294169159301109,197.0001553093002
3375,0.002982431176672529,32.6464741025777
3376,0.004853547611425959,45.45185814344462
3377,0.0034305843209212245,79.70015205112144
3378,0.004452506250864119,283.58304824010804
3379,0.00416050805367761,192.01511163294268
3380,0.006490318903491821,46.17845187460533
3381,0.005137304676636477,59.907715214435726
3382,0.004987312841845339,33.896049262494614
3383,0.00517888688673277,153.294055328032
3384,0.006170535812336972,50.082782518897886
3385,0.00637507207765169,61.58073555185817
3386,0.008714862605396273,32.37357145471734
3387,0.0055344173250698025,151.1537707098047
3388,0.005374807293573197,63.652248905369525
3389,0.0054682487492615246,107.83525026931025
3390,0.00522687808406022,193.21415767443537
3391,0.003907218891440975,77.8391048294693
3392,0.0035734699775861432,59.46085117458284
3393,0.002406290646170171,47.770000053943825
3394,0.0044403606353100745,279.6965316787492
3395,0.0030936045119636176,148.29549416781921
3396,0.003912643323928933,110.90979638095435
3397,0.0030778893930319636,365.10557721450425
3398,0.003404126328567114,64.69251111692928
3399,0.003299513753593123,186.17479354310018
3400,0.0033339392319414237,49.871803617224835
3401,0.002218842058567334,60.55582810294697
3402,0.004495879991611281,32.66527214946194
3403,0.00404072614725962,149.36220785737112
3404,0.0024498663988197222,31.63972193289177
3405,0.004943437029231229,43.59052093048325
3406,0.004595979545613482,193.55681891110356
3407,0.004630870510450693,32.12007738106873
3408,0.003363446462993959,193.58230422149015
3409,0.0029347986846565057,112.0714881923444
3410,0.0058577818371476666,78.59055787783602
3411,0.005550191650650833,31.4175297081988
3412,0.0040279389139313265,153.42411110633932
3413,0.004075463093988556,188.30176007852955
3414,0.003073673813579617,358.08474450552086
3415,0.005236921381357865,30.475971860958317
3416,0.003498366320967499,197.46624286102903
3417,0.00270242879671546,281.86926403678706
3418,0.002800340718352691,281.4367108168112
3419,0.003105105263029592,61.59469953904863
3420,0.005247451693028748,65.40469793849037
3421,0.004236100575116535,105.88269007027326
3422,0.0043312209101644,107.83869014480771
3423,0.00705652775385798,48.8090151469741
3424,0.0038601929240571365,79.76658151372834
3425,0.004190236160827425,358.5005725957963
3426,0.005730714620697724,109.49930653510265
3427,0.0035721259650562326,361.32995491027515
3428,0.004463545444774685,50.69578178433222
3429,0.003853707583255553,276.1120710806571
3430,0.001984012161218826,363.9041090015238
3431,0.002070195907294938,279.8448307525604
3432,0.001876117236403369,282.5058901505632
3433,0.002389577119345558,152.14267092249742
3434,0.0020791581413773905,272.4970447525417
3435,0.003115379863799208,64.06279051633251
3436,0.004995534693519183,32.37955917488728
3437,0.0029264347991887585,360.2392261708595
3438,0.0028032162884101806,361.87923709287026
3439,0.0029645399368413384,280.55648755060093
3440,0.0019498065482012107,63.68062399850109
3441,0.0019427443793705956,359.969256960053
3442,0.0014843002063279658,361.4632158430761
3443,0.0014795969180506124,47.38081618438023
3444,0.0016802401503624978,67.30519098522251
3445,0.002757827619565518,147.2806982676769
3446,0.0027045270487831767,152.44455738756093
3447,0.0024575663884346655,106.8626832934043
3448,0.0033954699574328864,109.43610680749283
3449,0.001613678187409691,47.639768368608244
3450,0.0026719028881268822,79.93921514310738
3451,0.003990077935213776,108.7203615832527
3452,0.0028880551893242733,366.42224862563313
3453,0.0027434106175199054,48.01788695088877
3454,0.003563302768933512,62.26222672397385
3455,0.0020110214794509707,45.648924805926164
3456,0.0028946158976789764,189.368532534578
3457,0.0033899560236524597,31.022026419350485
3458,0.003122679659517834,76.41640080111246
3459,0.002438637822565324,362.2826769443026
3460,0.003032976194479432,191.2937048349687
3461,0.002916821706045035,76.5344850758191
3462,0.002758006764262924,153.52733181841637
3463,0.0035214657945215476,80.30412633526781
3464,0.004206767238768299,61.649130706699744
3465,0.003621222828499142,78.57417529504208
3466,0.0024168561052980474,274.11928199820744
3467,0.0027438802425178797,276.9357348201972
3468,0.0029145567224092657,62.98998730749872
3469,0.0031582371474624697,50.70748839266707
3470,0.0020818244052851972,362.1960298421914
3471,0.0012987757465021262,58.0402682076015
3472,0.004351397201944719,61.98628602088013
3473,0.0018246678396158008,80.43663569044362
3474,0.0022269490784811146,149.41981737480106
3475,0.0025947807011603304,363.1082044092745
3476,0.0022243527041033483,279.2117416290057
3477,0.0037528146201136247,79.11452991506474
3478,0.0035037724301218987,50.59832369138404
3479,0.002114733267041408,76.60391000480837
3480,0.006249140715226531,31.988481201229035
3481,0.003250874534746223,277.0731714250859
3482,0.0019167404236852875,77.14868955376195
3483,0.002491679431166387,192.14605983433668
3484,0.0028910599649803618,357.166474301295
3485,0.0036390562348639255,46.83559749732923
3486,0.002579330204134374,187.05801616964067
3487,0.003153965978648576,193.28228438611197
3488,0.0020248076452494736,104.23301081123286
3489,0.0020369060875720193,151.45823430634368
3490,0.0024959826307196713,362.54391613455164
3491,0.0026326887021843478,285.4321623850741
3492,0.0030400590214905944,60.20225771383715
3493,0.003069979611243357,148.52972200387248
3494,0.003241579841100107,107.60395035189728
3495,0.002807524030433274,367.82770750828536
3496,0.0014808561710114273,47.297038876184224
3497,0.001546609982299209,31.211938217049788
3498,0.003946169724837422,48.65034899794628
3499,0.00254773011150497,367.92733137552375
3500,0.0028970332523231726,61.13782359085673
3501,0.0030255489288982186,64.80954682171159
3502,0.002279244877551821,365.270173603494
3503,0.0020359743332552223,276.41588649339565
3504,0.003958804969504669,64.74008619691685
3505,0.0026798356546449313,76.8424243119681
3506,0.003763277428263861,106.97416991967503
3507,0.0026774417663127776,364.42102262455387
3508,0.0028003584042588215,152.9357690927998
3509,0.0018777410802832838,33.79724600869758
3510,0.002397330004945139,366.5096568859607
3511,0.0019429294287734732,109.75251494120413
3512,0.00266295443333757,112.18009645483811
3513,0.00219051930085138,109.66829144541465
3514,0.0025806941880177504,76.64716169813641
3515,0.001712291270707173,148.28736652194843
3516,0.0016178847521186365,66.07968890206722
3517,0.0017976040461480855,366.5578522755704
3518,0.004323270439836678,30.83676526779617
3519,0.00552103937106795,65.08249583924842
3520,0.003516278990896037,362.0849537995827
3521,0.0032827070190129025,151.84588084817273
3522,0.0031342546772450564,276.1486502651428
3523,0.003313128630468092,30.779466174932388
3524,0.003527340336435812,32.2500541472041
3525,0.003123686859908048,60.31526794792014
3526,0.0033985248989086936,49.750768722863306
3527,0.002690674383821233,154.50239704716702
3528,0.003002935081393185,32.55557825564734
3529,0.0057094623530404,32.104530100909045
3530,0.0036404904461885533,192.61179794725732
3531,0.0040674512979843635,190.48885926332326
3532,0.002653617270284549,284.1861175070285
3533,0.003083477789408653,352.76292050541656
3534,0.002632941354598918,280.25785466641275
3535,0.0038240225926685903,31.353287367033836
3536,0.0043595735400771985,78.15757052879586
3537,0.0027380280009093043,281.3910375182422
3538,0.0047313959214964575,75.94049902679491
3539,0.0027868359987441578,279.84954728918046
3540,0.00374640967286793,110.71575460271144
3541,0.0023542745836060987,357.87486330133055
3542,0.0026090473829599894,61.326854609559454
3543,0.003341426511847326,81.52402182685837
3544,0.0028379851228237385,47.71636311447405
3545,0.0036931957910038083,33.07383015262446
3546,0.004477356899610406,189.40232745649743
3547,0.0026633313960982125,149.99839994726142
3548,0.0028350871718625754,153.94528362052228
3549,0.003592119682474043,76.31290523396733
3550,0.002819427295916659,361.9050105513265
3551,0.002644953449257278,105.48280759979613
3552,0.0034437341015487815,80.2077393619679
3553,0.002965726379713758,80.07459801888072
3554,0.0028280879280021213,276.6066708841185
3555,0.0024740423668095225,193.85019376388385
3556,0.001932038857971904,32.22879474425515
3557,0.0024494885130736184,156.2858408583542
3558,0.001955566650901389,155.968320261872
3559,0.0017162726041439374,33.14134440201629
3560,0.001942445133894177,152.40019049079413
3561,0.003395386371709252,80.89164481955254
3562,0.003933773670232276,80.66931559657198
3563,0.0033494913396233165,64.3363859626013
3564,0.002907152435752253,111.3966295339366
3565,0.0030255912423780428,77.55021689826066
3566,0.0037651372049121827,77.28859630761193
3567,0.0013931926010188583,32.096534808822454
3568,0.004593657335351316,63.22546630394245
3569,0.005210386958630628,191.61138167844436
3570,0.003360944097459231,111.43845086028466
3571,0.0024949727199572616,109.78302934425238
3572,0.004189637260817501,80.10881026479555
3573,0.003917668624175398,78.29230832926395
3574,0.003737775793795024,75.93856002300474
3575,0.00416051614643195,31.15837060513081
3576,0.00421567156686953,151.51210370381554
3577,0.0038650904067412282,151.36686572870937
3578,0.004076414060880386,76.419395324647
3579,0.003477969430327826,59.136904515030245
3580,0.002907267650558564,109.33068191201436
3581,0.0035244379131335016,81.57729585153774
3582,0.00333304262456649,147.75291130193511
3583,0.003067483076000795,31.137939483856
3584,0.0023742958637390423,105.81269251436417
3585,0.0025776601355160396,50.71056884883878
3586,0.004427262998679244,75.51836224690378
3587,0.0030660389032125517,281.21409087935814
3588,0.002754904272286451,277.56084922457507
3589,0.002340540521753113,201.76836398034266
3590,0.001962180419269944,277.8151136393138
3591,0.002479703270926786,43.777702196213376
3592,0.00252481426873929,194.37546908868177
3593,0.001341190709747418,78.43081549553281
3594,0.0019943120018915193,277.5765886906407
3595,0.001967997331721375,196.03897673669152
3596,0.0017206410386892274,363.7824116001143
3597,0.002899640831569344,147.04516518465752
3598,0.0021697802623183915,33.2893170958757
3599,0.005086725350902897,32.22878422838063
3600,0.0028082923135779973,77.24879390408883
3601,0.0036973834812670248,111.31981673737985
3602,0.0028535261784730813,279.46418553607845
3603,0.005741982005314935,75.89059761615198
3604,0.0037573203717451388,152.83449203706274
3605,0.0019562905415960842,32.45444827873162
3606,0.0020965029734262793,64.87157870256085
3607,0.002988561160961391,358.3367384839229
3608,0.0030576991854197053,63.299628557339034
3609,0.00329355855871052,281.02692312863405
3610,0.004039616726913664,47.606816176997825
3611,0.005107713789075822,63.35055114743788
3612,0.002895478603472698,199.03581824436455
3613,0.004183147615500556,153.80501337013416
3614,0.0035346313734653696,77.88003092171051
3615,0.0027883085227284436,367.6577720580584
3616,0.0021565475783210932,79.99177040828216
3617,0.002316936840227214,362.7582719896198
3618,0.0016948918122504915,199.75629816335422
3619,0.002687602666073134,79.22678891074145
3620,0.0016854436326988454,198.7586841335654
3621,0.0015259491137904135,279.76842458838314
3622,0.0022502015265872923,63.105858373855696
3623,0.0016233907821560293,282.8909424261406
3624,0.001659799490646281,193.77511280331677
3625,0.001997734012458212,281.148558538808
3626,0.002136444236404159,369.3304725578916
3627,0.0029609671974898887,33.554242855098494
3628,0.0025436327578795834,149.62781790514381
3629,0.003199350450608697,282.2686552006606
3630,0.0022062619458335,50.872616351577925
3631,0.0027843943938602356,48.43824852516007
3632,0.0038510443504394623,155.00166247867122
3633,0.0039041775865346585,78.42987355065159
3634,0.0033139126664255072,279.9414397586356
3635,0.00337863149460047,374.8889531914128
3636,0.0034624440088040407,63.498192809745966
3637,0.003019465556380138,50.01542968688984
3638,0.003953722927875233,63.37891527946229
3639,0.0033643135680979388,195.37561873305864
3640,0.004803282694473606,31.587409122753343
3641,0.002656304021580912,47.920182867844716
3642,0.00497828671541356,107.75518719005522
3643,0.004473914737064735,78.97520186378121
3644,0.003351811942189977,277.22312819807877
3645,0.0026250989236447147,364.5626561666003
3646,0.0020934092201575225,355.8923068399693
3647,0.0030626009335498346,75.88702415412708
3648,0.0033072286457379073,76.23127482062363
3649,0.0019600583157864124,366.6641435713752
3650,0.0014018064627921772,146.7371143662608
3651,0.003199222231700873,77.80900062970694
3652,0.003269389625777628,49.16415983018133
3653,0.0036385741856262226,80.78238627622508
3654,0.0027503373825611467,189.24809386591787
3655,0.0038249011582058637,191.3563602346919
3656,0.0029931137568242915,104.09055334793335
3657,0.0029874539103229105,361.8091899681907
3658,0.002769693008931113,31.651652147156028
3659,0.0019787494749669513,49.957885217949254
3660,0.0027617633308755895,151.44307636853551
3661,0.002955522551096461,60.28988886386379
3662,0.006426940815138302,46.23727487921368
3663,0.004082803909970887,111.40654616587669
3664,0.00391370561721322,47.68500043452633
3665,0.0037149505106997462,271.91300389439493
3666,0.003913284827910727,149.2380627486898
3667,0.0034339742094833666,285.12089419242375
3668,0.0031496389211975316,62.35488261297416
3669,0.004320037098141718,62.057193668482185
3670,0.0044208050392133035,61.237296763590805
3671,0.0030924194468586303,279.74311688332887
3672,0.004389338009414959,50.579950288448075
3673,0.004090577519243446,48.746821657489
3674,0.0028416584599892073,147.90696544805087
3675,0.0032539098738197936,46.42403451246345
3676,0.00286937739819505,32.48416371576626
3677,0.0035261875860464575,282.44006404810074
3678,0.005514390220923815,49.696584143310076
3679,0.0025239683532675716,284.20012367752696
3680,0.002518214140233897,364.148024099675
3681,0.0029502890648180225,62.367948119751134
3682,0.003282129164627926,201.7627440129794
3683,0.0016828264679483813,108.18103496848812
3684,0.0044862629546169675,32.848265120008364
3685,0.003292718634973323,277.5351151529765
3686,0.0026290049435505705,362.6164950357401
3687,0.0033008085164857623,201.13989745428094
3688,0.0031653711993061794,61.433510678046794
3689,0.004274029118296434,143.31775464407667
3690,0.003941712912106792,80.84967441677514
3691,0.003951442112181745,33.63468465068671
3692,0.0022933569783741736,48.511002276606504
3693,0.005318148111454922,63.86436950501599
3694,0.003212640491717177,277.4710591256248
3695,0.003835812353259679,147.5834307235523
3696,0.006752318035895852,50.509510636471774
3697,0.005019480116076874,65.92468881850846
3698,0.003280246022437826,47.87443810966673
3699,0.006502206650801436,30.833062493674653
3700,0.0063259780927674494,79.55756953022447
3701,0.005314713741909328,153.3827699093126
3702,0.004462099826427716,47.704061153263844
3703,0.0036292807075027815,153.64642887587507
3704,0.003940660485466378,371.82975373092177
3705,0.0028581725529145097,283.8425240387241
3706,0.002581086231092175,77.21369525761192
3707,0.004063794293787479,45.90845075305905
3708,0.0030083178553980705,277.1207946026234
3709,0.002808562568931201,190.1906952880118
3710,0.0023220551912654817,200.52809150810182
3711,0.0020936324658018773,371.2662365476317
3712,0.003267886197752856,64.83959342854823
3713,0.0028350627669931636,79.99747383957711
3714,0.0018389240118822426,64.20786229218204
3715,0.0030482460858281425,197.25701979338427
3716,0.00176646167353189,30.882910916220293
3717,0.0032511978245295453,75.81935223000141
3718,0.003433555488934859,153.49952424558617
3719,0.0051000032630823125,45.4558015177098
3720,0.003014358126550248,107.87589544752417
3721,0.0029841624767606243,194.90195257832355
3722,0.003773306351627435,364.7234603316434
3723,0.004266267652593132,109.52725490078927
3724,0.0029969478442769194,30.504981629308578
3725,0.002529139188730121,48.64790564648732
3726,0.003585451493301062,193.3657526528042
3727,0.003794873369009203,358.31610216893165
3728,0.002880162969754688,78.32583526605468
3729,0.0022325282941499216,76.92373271794456
3730,0.0018538844034827146,50.57377331760863
3731,0.002945959659847666,110.78383551117196
3732,0.005270277688827788,66.7733667712716
3733,0.003110470229320804,363.8369627600477
3734,0.002717256894833612,361.83144270850266
3735,0.0022904730551709155,192.31717447804553
3736,0.002003065405361098,367.49586007561373
3737,0.0015935564794032158,78.66184244318032
3738,0.0016904499893698043,283.5960500791275
3739,0.0029100209265489688,156.79982564523266
3740,0.002165012145262134,365.7094715748154
3741,0.003109451695060918,46.09995207691373
3742,0.002515837813574909,153.13831672407832
3743,0.0030152491360502733,59.90594948659222
3744,0.00477070543074033,29.124950912841065
3745,0.0032101208573956023,49.478701241275665
3746,0.003677709159167056,194.7562159941982
3747,0.002354775056720443,62.29983395905353
3748,0.004149935959834362,48.00426093661675
3749,0.003925472004750153,195.61162465315948
3750,0.0038290521864506777,47.72413582034128
3751,0.0026989246906777152,77.81896241109911
3752,0.0031778515129508847,197.5385021490485
3753,0.00288010715857209,47.57689699275348
3754,0.005043487457028691,46.229164336020865
3755,0.004011648024689495,192.348801741896
3756,0.004168467760622261,66.73167542660913
3757,0.0025782898105794396,64.90735274418441
3758,0.0033860817349635067,104.72824783255388
3759,0.003397409444170824,43.406440844365285
3760,0.0041407951808897624,62.24311188248336
3761,0.003912343744092583,77.04329419180004
3762,0.002868160704152119,50.75323470218767
3763,0.003003202810867737,63.89611442596061
3764,0.003551040763837095,364.91295410902546
3765,0.004125807529647827,63.798391389027834
3766,0.0020785794253681852,30.42163196283737
3767,0.00336900499242917,284.03780037005316
3768,0.002682766800692802,155.9494965300507
3769,0.0054812868681971124,32.70985716648495
3770,0.002936977564100734,361.9671509259978
3771,0.0029390050468586213,194.25369117544517
3772,0.003161019079925609,51.12166087597329
3773,0.0032071049319173156,277.97337010113347
3774,0.002605635498723844,197.73573966214587
3775,0.0022744186638333375,370.4540641313232
3776,0.002364738741632139,110.62525034509962
3777,0.001958413184106065,361.10925381704595
3778,0.004657869985184616,32.88975038868
3779,0.0018663077818829963,79.35857875409135
3780,0.0021727237313965675,107.25958613994325
3781,0.0035175878521675422,50.860715909605034
3782,0.0026820097882591654,31.75711780674211
3783,0.00340290359005079,109.46046714472976
3784,0.0029219660395746116,285.68799151652166
3785,0.0033218457894592475,79.43975559022616
3786,0.002717322380869353,49.55129253265999
3787,0.0037727518800361936,63.23584241679493
3788,0.004015295300557706,194.1082869797739
3789,0.0035918964829100082,49.44529793328245
3790,0.004327930738998446,367.23400440509147
3791,0.0036858620432072852,109.34884860078436
3792,0.003468767991246234,81.73915073509284
3793,0.002904822858518373,155.80966730931388
3794,0.0025638561445912975,105.60751709797712
3795,0.002982199723997752,158.71436902247603
3796,0.0026816903040602943,278.8947906784177
3797,0.0031174181545118454,199.1828503349178
3798,0.004348178349818437,112.24587576859963
3799,0.003103656724043876,152.8033255119632
3800,0.0036834804508316665,104.74013055932885
3801,0.0028287371505764615,107.78944701301154
3802,0.0021524664563481043,67.3596880133669
3803,0.0026209282251635976,365.5681916372976
3804,0.002583630864310308,281.24598997957077
3805,0.0023898305950318956,369.6830176464156
3806,0.004234364737462552,62.78152726411624
3807,0.002890988609270623,67.36664121936847
3808,0.003203936703381931,367.63308685270107
3809,0.0020006516277733424,151.76274925268848
3810,0.002959166346150036,104.13230573595743
3811,0.0027270336887584203,283.8563893450771
3812,0.004560486362937478,48.74740771079764
3813,0.003007761725617958,29.821547011738865
3814,0.002233713456385983,154.45114560650592
3815,0.003142756544134913,46.37610790634499
3816,0.0028814637321951343,280.3971416695389
3817,0.0034913146942094266,60.99475189968672
3818,0.0031554499534509556,157.88016051870815
3819,0.0033103965591565446,158.96193687694628
3820,0.003107822132611338,157.17239431608525
3821,0.0024034877814460977,197.03955421393982
3822,0.002959491735614742,110.28974488760258
3823,0.0018485036090086478,48.4370764853479
3824,0.002875427115493669,111.04372858863033
3825,0.002708494743396139,154.66254776704005
3826,0.0038772175629956424,27.62415997981115
3827,0.00372580181675193,106.09194648812137
3828,0.0033533317933480988,153.92536560948346
3829,0.0049788018192067915,63.83461359257949
3830,0.003726782040954473,77.75247034407857
3831,0.004550487335774545,152.3479394245884
3832,0.0027520828354662273,373.83334289606216
3833,0.003029154844822384,80.41742297420797
3834,0.00251142271948074,201.03932258578675
3835,0.0029324531144515483,196.6212809464009
3836,0.0022648325520876057,285.1443601766712
3837,0.002160204082484054,155.20921995781697
3838,0.002177954000426277,365.00210165296875
3839,0.0032523336442958177,30.459431750256048
3840,0.0024815175783232074,192.55845326173008
3841,0.0018566776624898897,147.05801250956006
3842,0.0018092806457810262,158.05102550123294
3843,0.002423602186360505,158.42762062149455
3844,0.002409893841309306,278.8408010906174
3845,0.001712443413331111,198.36505485393812
3846,0.002909414827617812,196.5829444769705
3847,0.004097237467688281,32.0068135636722
3848,0.00337212543667766,155.86928630169785
3849,0.0022927306595614864,196.64990161187407
3850,0.0027864565625276977,154.74439308956914
3851,0.002938415566654519,282.4849251063497
3852,0.0015254296205088834,34.58725467884373
3853,0.0031631250092912,195.63005301557794
3854,0.003136612658795691,199.40832605129995
3855,0.001693950315392293,81.36622031502435
3856,0.0023887524389308587,33.79666333762945
3857,0.002321544107609252,369.91064254029305
3858,0.0030523878963291686,153.97261381827255
3859,0.0021293420894848247,283.83097888201627
3860,0.00248032882619864,193.98006016338044
3861,0.0025024849763065357,83.78301876243762
3862,0.0022982794145154284,28.76189718570546
3863,0.0029866372382953573,51.21867182798983
3864,0.0032537604492145792,53.270388664325075
3865,0.0032525595021569913,286.87188328843894
3866,0.002990989426094033,51.11645271929341
3867,0.0028309144037879284,68.31248574673756
3868,0.003446317733435605,104.97454430582998
3869,0.0026955580067144842,46.364330788116604
3870,0.005488520461012278,65.11520418260405
3871,0.0034475822487784074,368.6831083973685
3872,0.0036447507325270824,32.31986405070814
3873,0.003114642145217812,283.31212704573335
3874,0.002957594684310504,288.49210305468927
3875,0.0012663359988876216,31.2738621848921
3876,0.0029239868681229537,32.13998080729529
3877,0.003953908040454156,49.60122239898988
3878,0.005664433661250173,33.83614931532393
3879,0.0033384787970388127,366.63591005862133
3880,0.003351809915744867,150.37587410501249
3881,0.0038719036221386807,62.25497927340426
3882,0.002784592075401853,33.09119080542128
3883,0.003238220779376906,108.24812367445837
3884,0.0027046495973028118,372.69977342689754
3885,0.003778576101129935,194.04801880210212
3886,0.0032424613834907286,61.8250471775124
3887,0.0024485857990027746,146.44915393241604
3888,0.003678596150831044,111.26405564071695
3889,0.0018782291520175807,63.67508593724418
3890,0.0030048923213375233,62.52857879301746
3891,0.004742553500115967,49.53902909712357
3892,0.003961445476770738,153.65547897568783
3893,0.0033685998842422995,282.3666660427285
3894,0.004834102698844839,79.3796779938322
3895,0.003752499882810642,76.31430748088793
3896,0.0033075596191260445,370.9116598197383
3897,0.002882466914805283,366.38757828492055
3898,0.0020377468867475716,193.06212837659402
3899,0.0021599507541897513,31.49065926636322
3900,0.0027347549126081516,150.60361421866926
3901,0.004063891120840081,33.18995506702205
3902,0.0017389127880795224,48.47175029034632
3903,0.00436412526038554,76.21746126921263
3904,0.002568268201841796,32.58259835342949
3905,0.003325027154441946,151.37991514598323
3906,0.003325839393127494,282.74082298508466
3907,0.00200718054136438,31.455778677847967
3908,0.0046620218445554956,30.252106527386108
3909,0.0029293390904255117,78.81458045222415
3910,0.004338134216490848,109.87154369327675
3911,0.003895879411753743,49.33667721299356
3912,0.00556564652089781,47.81781125995075
3913,0.004722886128050603,199.06792211225456
3914,0.0043150967206676,275.0610148843061
3915,0.00568526740670887,110.47785126668406
3916,0.004188338992273352,196.35290585424596
3917,0.003206357263922188,80.36143925298043
3918,0.0034764649657969718,157.93615168594627
3919,0.003040593842361099,157.28460979738603
3920,0.0026870853264590925,196.81429399297016
3921,0.002426008930391667,79.99842168202582
3922,0.0026768268352358204,112.54002912185139
3923,0.0024822507528222413,75.329258252246
3924,0.0033385188012639098,111.77631795361891
3925,0.0024531092811444334,368.7803718496148
3926,0.002461269620986238,286.8412273823799
3927,0.0012724510415376322,153.3308645871431
3928,0.0028989022902031728,76.86751815496422
3929,0.0036113791216941258,60.72376814344262
3930,0.002503926223456605,77.51419256846258
3931,0.0027568933139974204,369.32778882142026
3932,0.003441350252740386,31.797939029029763
3933,0.0029684881340515975,365.3796140929633
3934,0.0039834472200213486,46.72127394734243
3935,0.00459544489760823,31.699184711401287
3936,0.004286847433462045,68.0361593142955
3937,0.003489820352459336,78.7709166626297
3938,0.003673407144261658,371.96430714735044
3939,0.003778329517537436,61.88558270501857
3940,0.002997258117914301,192.5194196727662
3941,0.002425034196013427,67.11602105106489
3942,0.002922233808247549,154.2002985835585
3943,0.002504534952921941,49.26139724520419
3944,0.0024161190947993684,368.6969212675861
3945,0.0024910461224927007,286.7347088655043
3946,0.0023244985800759,281.56933258328485
3947,0.002237749272188177,51.41434360073189
3948,0.0021918840527711115,31.116929765142153
3949,0.0029515875478756566,61.23900947297671
3950,0.0025196518225539606,279.33127461535685
3951,0.0014883062710644233,46.263345496575745
3952,0.002857603483575718,361.6455628972214
3953,0.002428130407895072,202.0494492665026
3954,0.0019286168968532225,107.4053869874885
3955,0.0039129139314072435,32.75038345682104
3956,0.0028963127716885094,155.22937193664362
3957,0.0034790133975616177,366.4911726453751
3958,0.002472933836985691,78.43135497595462
3959,0.002757309715102688,78.34847614848749
3960,0.003039901891906688,153.49792369462088
3961,0.002703292178724754,84.5039204341166
3962,0.0025907452534588674,191.4777001696049
3963,0.0032012033284095544,112.65188639885649
3964,0.0022788370742660544,370.2759845250153
3965,0.0017164095140838648,280.22389796568024
3966,0.0015560206929657724,365.63072355580664
3967,0.0012410996667780194,83.03429895453719
3968,0.0016561597758786325,282.3334532840461
3969,0.0016356018539562668,373.57470314569304
3970,0.0013536199627861396,108.43034913121022
3971,0.002048072068390066,158.86616937308517
3972,0.001874807790327709,31.825185139066935
3973,0.0021763913081470536,61.57493983610868
3974,0.0014443418900014335,79.30144576758494
3975,0.0014053866617277063,46.89395618506894
3976,0.0032459569002222036,77.82816513322774
3977,0.000980965327973285,32.828900351652855
3978,0.0030725972854495397,198.02299605661148
3979,0.005974369793261144,81.30574703466839
3980,0.004230129872457138,112.88833477778077
3981,0.003067173289591537,285.06100536219157
3982,0.005678226520068655,111.74149801367146
3983,0.004807513354196198,64.20966372526331
3984,0.004727090249370785,80.12693377077596
3985,0.004405063608249871,373.67962082525435
3986,0.003055555106671958,108.86030193196238
3987,0.002358232558466222,153.69389839533412
3988,0.005458226656752562,50.8781544317716
3989,0.0021838468669416545,196.320537947042
3990,0.002206762224457788,286.5764856249253
3991,0.002760217567241161,287.582892538948
3992,0.002340686308095676,50.07340403551858
3993,0.002083002406277341,282.6886717154803
3994,0.0015141310254875862,109.6837477694543
3995,0.001761852578543842,193.4893318790197
