episode,train_loss,train_reward
0,0.15934516847329705,30.53084952863245
1,0.0636875131696632,48.47506989168353
2,0.07059322184332731,56.84514769958305
3,0.0588643249136874,76.52767052197444
4,0.03800848729639563,214.4809025085219
5,0.03235093168593172,27.817253632295866
6,0.029291051171169986,123.10839668990872
7,0.02798912923694966,76.9524097113527
8,0.029991300882432948,43.01245140661699
9,0.027965911967404396,215.1905217304825
10,0.019797561023182964,73.94558406480166
11,0.02584882856121865,35.320444760344685
12,0.027109510691489203,55.503368258694664
13,0.021957060033134346,28.103680517246616
14,0.020281822221443296,270.16702334732275
15,0.017802745594123665,98.45518239038124
16,0.014692398924002977,72.9746422525858
17,0.019659313272523623,113.97481521870597
18,0.019410848162475635,54.66353641829195
19,0.01996510923776965,70.59969125135711
20,0.02459225138988007,52.54753848123726
21,0.020121907407883555,95.49247855850237
22,0.026294917769641993,67.42084052981126
23,0.01965613293499258,83.05645383229394
24,0.023294677664119526,127.070972830227
25,0.015143560920618117,84.75528646851026
26,0.015585816015388715,80.37126405135423
27,0.0192433678625653,111.24272542335794
28,0.02013966443522249,54.82429267917127
29,0.021263858910717248,253.88677818665857
30,0.02020781263702843,265.7728467400025
31,0.016967370861315542,168.780490705151
32,0.015724888115688423,203.6338262527393
33,0.015529436890610912,125.5837270136938
34,0.01538054002976986,165.49153630639552
35,0.013853249413212044,112.17027473144714
36,0.014587884841101437,30.104063128610996
37,0.015286271585724674,99.27631673186751
38,0.0155859677311541,51.43638242594767
39,0.01778730392371389,53.14900342991976
40,0.0188856539977211,81.26319251409521
41,0.01416771113872528,47.81218896391991
42,0.022009630037214737,32.96008331291148
43,0.01751572209336287,46.75048599829577
44,0.019483741393990138,58.18016755692152
45,0.01443990672370261,56.272445219122474
46,0.02446650744993882,30.846456069708864
47,0.01660867009431476,73.19861479146527
48,0.026416631632531853,54.83955671961649
49,0.02081550123798901,146.85509181779082
50,0.018125181414752223,274.6598585568167
51,0.017122317893669647,277.35194661631425
52,0.015588816273089308,59.56629425489749
53,0.011775551219310227,33.7315478958151
54,0.015806347043328187,267.0978758062709
55,0.014078019066424719,30.148630525484215
56,0.012895231173248388,90.32779263589413
57,0.013069938907613727,72.26247141338231
58,0.015160031748705149,149.816187275774
59,0.014235031886951027,222.40146853560006
60,0.012962546973066194,216.53877812471035
61,0.012919101398438215,84.1635410580001
62,0.013020267864791327,271.22215113561674
63,0.013059233375296918,142.903474441222
64,0.012599766696000407,27.896498858129437
65,0.012004593079087926,271.2842209316974
66,0.012636711661900607,274.9535458827574
67,0.013432418076846907,266.17980481927503
68,0.013160459835264716,160.42448969603367
69,0.014320779925373454,107.01015637145605
70,0.013078231655526906,114.17493000839713
71,0.012613006051779794,134.66627465900646
72,0.012384816394026938,29.74461036000043
73,0.013313293423449907,98.76625749068742
74,0.01290477133777647,74.67591043822158
75,0.01731939445312877,55.341562866069566
76,0.01537628917441029,35.157936290431216
77,0.017574965849131246,117.15934602795708
78,0.011865401962915292,117.47130759011822
79,0.012448410462130303,58.36120129822982
80,0.013280981638560015,149.1642169197164
81,0.011784467105973966,67.59729753921249
82,0.021427048516347254,144.1998713056691
83,0.01628267816645471,67.193602966249
84,0.01577162765742175,264.5083623663717
85,0.017600460798183285,43.21557206792213
86,0.012994758298706994,158.5704291766672
87,0.01278745851420091,122.31520945872099
88,0.017491529621607202,54.55580916014729
89,0.013420249071483776,206.93718880782063
90,0.01384589127013208,80.1574552369848
91,0.01612968807355933,152.71046937663144
92,0.012500641418253662,212.24257609855619
93,0.012354434913710797,146.78341373360368
94,0.012115935931227064,154.67638697207585
95,0.010574879389161528,60.13842576244185
96,0.013301771564282855,52.415190772150915
97,0.011909274727332633,87.75856739943673
98,0.013977563863420146,122.4100298632351
99,0.012538903651517483,258.6502039450117
100,0.012430599794382803,82.94840623649951
101,0.012861877766016942,86.06100464953356
102,0.012829146538437768,50.879234555109086
103,0.012294197027671507,125.65534149195554
104,0.01162257666258929,131.28257004533515
105,0.011206319286680684,35.60002345361249
106,0.013028952257845446,197.8523297251475
107,0.013040442098613403,125.09619983988424
108,0.011231214675883,54.670635721961425
109,0.014433811447406056,218.0790684868564
110,0.012757673192853954,58.33061317698978
111,0.013561768514329204,138.02994694708
112,0.013023079104859277,211.25690025894977
113,0.011928355422536646,218.07354315706652
114,0.010877200609366816,138.22836070309594
115,0.010651754268488828,126.60958066482087
116,0.012419632010278292,112.99536359895816
117,0.01089680773727971,116.51074130368957
118,0.010416660325807963,137.64612367236143
119,0.009568983407948038,31.452595877293568
120,0.009262560108500356,87.5370616807488
121,0.012003722125483816,274.3685339649353
122,0.014279865057625133,30.376622660358244
123,0.010177670784508559,81.15279618630244
124,0.012270121308346154,274.08470481512535
125,0.015166362000886223,31.398392865248276
126,0.011000783418157052,43.68004171962285
127,0.01426534996823069,43.405847175315465
128,0.011699028197525932,135.57472361284624
129,0.011882722426983575,154.9379882628625
130,0.012247432680342788,67.85801969850215
131,0.011798825452809903,151.9190833428034
132,0.011916195566300303,155.3166098278515
133,0.011352814225689836,215.8939527684837
134,0.011624576666718829,165.23635171061662
135,0.011155130676831425,130.36101436196068
136,0.010712079201664277,210.53862451142084
137,0.013116269531151787,42.51048698044296
138,0.010911367525804346,54.898908705275375
139,0.010127579247386291,28.649347377443522
140,0.01099309790848361,269.90293759351283
141,0.011442234432891113,75.26324728037334
142,0.009549358478297704,27.975021376532755
143,0.011271774508995148,157.28010012676478
144,0.012520204836619087,114.0597704108403
145,0.01271905793839971,60.51096398997227
146,0.013107596004797634,274.3620932313367
147,0.011892040931236218,253.35037170468968
148,0.011748982524408084,171.01263606140728
149,0.013037877101361608,92.74960257056712
150,0.01108999350849031,48.86458558051693
151,0.013688254192144284,73.44363066803791
152,0.01377378346268625,103.3287259472053
153,0.013330161091682778,88.31181485555997
154,0.012213839857484882,204.51260560055704
155,0.011917897600638256,39.899453331835595
156,0.012866201090880415,51.25418235735657
157,0.013506091824535998,270.0313477826497
158,0.012363979962251057,211.76665204649944
159,0.011811752284263772,213.2752855373191
160,0.011663317164894254,269.6616909996494
161,0.011742113001393871,106.74664457373134
162,0.010389642125863413,48.143598579535734
163,0.013311953152490053,279.15276046981216
164,0.013583100892760804,218.1011497636499
165,0.010617278110846106,34.01547461081897
166,0.012522385289446096,145.9367486020866
167,0.011842269596531237,138.4586396160659
168,0.012974365635622794,88.31148569028808
169,0.011493200907187367,270.69558742354815
170,0.011143634293222095,84.36427579773755
171,0.012432458689373389,74.68823395120786
172,0.013707872700399241,87.88995442110163
173,0.010585461871430151,64.01471703113452
174,0.011913359618351963,118.54008306436808
175,0.01093592719929614,27.694602044549804
176,0.012582973434208807,264.6262843138894
177,0.013483166910282918,115.6592290344393
178,0.012924276811473474,77.08647026572834
179,0.022793720275613254,36.45997288100067
180,0.015201352571111016,209.3841197936168
181,0.011497044962280515,43.259300656921496
182,0.013875628139467397,129.63694885922848
183,0.013484692963009531,269.4805591338999
184,0.011666798789109903,199.77109673864695
185,0.010671299352071475,87.02813220744783
186,0.01117651490434601,145.68665183617557
187,0.011361636527232518,278.93984452212345
188,0.012386700246836347,30.50848216695348
189,0.011307300922287052,210.37472734647935
190,0.011023189847501332,120.95114166859564
191,0.011892180233685807,53.66743734418659
192,0.013097973462294212,150.0268907115273
193,0.012656647649065062,82.83328501148182
194,0.013164431320127243,87.50275603635536
195,0.012604709562106893,35.22145023700349
196,0.013392980009116031,75.19550970302402
197,0.014029918894536692,65.21838965124023
198,0.01144782195773882,81.11436754229118
199,0.012362415263832537,151.4860724275754
200,0.011554588632605655,217.61669893548506
201,0.012142275100017023,168.00924645531373
202,0.012939977994061668,52.23767455899136
203,0.012150213754043954,203.11447648439443
204,0.011006354235667879,97.41286218671898
205,0.011160836016740524,136.70504192957915
206,0.011026617802896183,277.8419111424688
207,0.011706147078340027,45.15653939859805
208,0.010492515348372623,87.03398449671312
209,0.010593269423263567,196.8668672504876
210,0.011603989437307146,56.963624553090085
211,0.01168462829182631,35.36822736156301
212,0.012991960350932046,52.946757929312035
213,0.011087488355430759,53.03384455645493
214,0.015825683878722123,62.09996471110282
215,0.012631061628317123,123.67613580778591
216,0.014531229962468953,75.42401049473034
217,0.011452611440538683,48.55470036628856
218,0.013234119091066532,94.10312272710784
219,0.017635816141915648,59.57766571617915
220,0.013099334737588023,73.71529010545099
221,0.01501015050051081,145.16843997930224
222,0.021067865686651706,34.63062881425133
223,0.020098684620561785,35.24127287195929
224,0.015070151587666183,211.40475252862882
225,0.014028433519838885,46.93417460748632
226,0.014252991010345375,103.3039302765867
227,0.013495461368965435,32.11587247974164
228,0.013031629378608967,219.08483279446634
229,0.010949864241955702,281.7393189913777
230,0.009798511363890573,217.5092152088556
231,0.009613412274556024,209.95054298993009
232,0.009944659372029657,51.760714170158955
233,0.010040100056652885,67.16509313689112
234,0.010103540707160182,87.77208044169682
235,0.010634018862458135,270.90836664922
236,0.010956544315794835,71.43878746992529
237,0.01138943781264445,272.9497946022987
238,0.011532380786799901,78.13651982356602
239,0.011258229609289816,30.686556254125932
240,0.011544174911312254,70.5494000454306
241,0.012408343772643927,153.64024857493465
242,0.012217294922183182,269.75576948500515
243,0.01144963826014247,278.2785352219291
244,0.011082424040315515,61.33812257900867
245,0.011919967249334251,210.46067983109896
246,0.011433373045539326,60.88240148048904
247,0.012515832989708207,268.75037360738395
248,0.01084312825024916,107.34787004989606
249,0.012379088238250438,128.69666180119236
250,0.010991830037390763,66.11043134627994
251,0.011341795537565999,272.18784757133113
252,0.010819058787835185,213.59633747587165
253,0.011526227889235243,71.63143296781261
254,0.010601043036261287,99.57145157935308
255,0.012357926472428848,57.06874047251611
256,0.00982244751051169,87.14359324834966
257,0.01065887847322632,42.734976756234786
258,0.01019557751295128,156.9831747105274
259,0.010541243982375957,109.61592172040429
260,0.01082414861608863,146.89743287534355
261,0.010285674945151296,135.57542528311413
262,0.009500443171224194,269.703206614331
263,0.010389568954518678,139.35072171130693
264,0.009830184837778073,76.07636425353175
265,0.015149736736710464,114.49967076760984
266,0.012333528551889556,205.01680921389453
267,0.011551757961130333,130.95456985614243
268,0.011289905494777486,92.46917296353172
269,0.0127635150235398,79.18879362785961
270,0.012646056958316368,60.25368031670947
271,0.011987654817730032,207.6539291587582
272,0.011226194396910544,93.58998937939882
273,0.012164734632194465,169.96068241638127
274,0.012077414884500332,71.22055220199766
275,0.011806448435448614,64.80048229323843
276,0.014016515117580607,51.94927682898289
277,0.013919812757489075,213.46788373777264
278,0.012150068466902487,208.9550462247594
279,0.011817807762574205,116.96487264431741
280,0.011848124864125818,32.422455108894084
281,0.011697323254184981,219.69847610473266
282,0.014367226442180069,59.971875515121575
283,0.012146439972770467,157.97351522615398
284,0.012426607670601119,54.93750558121178
285,0.010965824593481095,274.2472625478745
286,0.010235692504635555,58.685405576190746
287,0.010918527132874719,163.38892248449017
288,0.012469619183383625,31.508484259184968
289,0.011076123287257482,119.7809676849506
290,0.01070959823309409,278.0061579501362
291,0.010723053611551018,257.7579233668122
292,0.009904492523747723,75.03870546952417
293,0.011986290035467292,69.18126081980294
294,0.01050501419586461,54.22650750907771
295,0.011889889902456409,54.88667830380863
296,0.011329760380745442,277.3717659048468
297,0.011192720163648421,260.6441129210038
298,0.011582715059253009,70.51572848396953
299,0.010014747614683262,32.61521124449418
300,0.011223042008086022,54.48491070092373
301,0.01153991183352862,61.21020814352997
302,0.011602836319660718,63.14136141486312
303,0.012899338950503719,71.49385025538608
304,0.010295695285375337,120.64190036874129
305,0.011279898245153214,210.58033015020072
306,0.01116158077413377,212.01631052633803
307,0.010548565837932788,139.83935853967847
308,0.010241190741091208,72.59138470568196
309,0.009447085944585652,123.4023657638455
310,0.0101359297027877,204.23947651951005
311,0.009870192598037678,31.275162070851813
312,0.0110921841495348,95.36719258883858
313,0.011234050772366794,72.09751855966624
314,0.009923968408928858,164.1501353225788
315,0.009971019547293443,163.42151435343857
316,0.00830924854066374,76.6618542707028
317,0.010579527004921947,143.10582559841652
318,0.009677490526853866,270.1864691733299
319,0.009512519761651324,102.20744371025276
320,0.010487967372167218,279.3620284405446
321,0.010628958179822035,215.06305802293807
322,0.009399845548716873,220.10187740583055
323,0.009680999378968817,265.6538182826275
324,0.010383092718482133,171.95491422946532
325,0.01038193928067979,204.44438823286313
326,0.009904900020871734,145.24889148998267
327,0.010377472351766047,156.51462462681783
328,0.009263195359874202,73.38183568791031
329,0.011256160883931443,103.44407944670237
330,0.012509822686071564,135.66252783402268
331,0.010565051251502994,92.49627755930733
332,0.010623220800369839,278.17901416920284
333,0.009989545058208303,109.25893433811758
334,0.012291076292026916,33.84547904448304
335,0.011175824662005618,274.5108206041312
336,0.010145006236808304,92.10920956417517
337,0.008281738580188762,72.9371360298384
338,0.00949385214865334,53.77928687499831
339,0.010769852688430216,50.08110291839566
340,0.010560889740410292,33.39007469333727
341,0.011236407954985386,263.5917842750896
342,0.00968997346253359,32.775911317189106
343,0.011619308703722289,86.8023189928596
344,0.010357251228504958,98.2412934095869
345,0.010118320607736507,117.52310890626934
346,0.010090552699032494,60.02697757748518
347,0.014588387056799799,30.526018086192657
348,0.013123711365131805,85.38699065286274
349,0.012699922687245598,32.28822157725529
350,0.01122934894921911,162.13875615854593
351,0.008910566921634921,32.85503020661695
352,0.011977554761952806,45.47200308848574
353,0.011656914095899817,274.224376076434
354,0.011097871710736515,221.0091340604142
355,0.010383731644177599,213.55382852024658
356,0.01055655399473975,114.76490197094809
357,0.012480674487714833,75.13465582804417
358,0.014137428761883215,57.23396231417654
359,0.011170136291034444,144.23852198809848
360,0.012700044095352594,67.06369760144487
361,0.012480357927135909,93.68217010651354
362,0.011232836796394126,48.40952859858873
363,0.01320498650378655,98.18288943126193
364,0.011077564503383737,53.3290964858375
365,0.011577661744482125,164.18744887255102
366,0.009420359718009225,79.63594997817945
367,0.01013186948868269,213.6736293012408
368,0.009642155778307755,105.20695297017133
369,0.011607297479217365,50.79630925573863
370,0.009559666524814853,59.27992538451653
371,0.010490481083377683,29.40082077760718
372,0.009990299278156976,219.86686061111538
373,0.009724717184579595,163.18437089052549
374,0.009670443633816549,267.7615235705874
375,0.009893773212573084,206.49562960078433
376,0.009731780970469117,167.21525530911273
377,0.009576900341401106,282.4920178212117
378,0.01053029598897102,70.25141672397184
379,0.010878951566569,46.78273910602292
380,0.010481579769290685,277.7231197267929
381,0.009931314225321182,63.92222664152786
382,0.011977718423374674,42.77465982975475
383,0.008747425753269988,31.01347784724533
384,0.010220102057054403,222.5950171958566
385,0.009497119808694367,165.9537028170597
386,0.008685964328268993,35.32948922869582
387,0.009763761664296246,43.13849103201922
388,0.008870415440839479,55.85318426818782
389,0.009458265706360151,273.44687642719646
390,0.009206669026259648,64.74491107350165
391,0.010477902364287087,277.89729264702106
392,0.010762781817571853,48.60198559922758
393,0.011397646053629959,32.0740161876811
394,0.011179278411318437,60.9719868039137
395,0.013248417774940397,134.52719548173602
396,0.010711797921640728,103.00194314779755
397,0.011251406249357387,41.350064705787005
398,0.010981337898851347,88.95920500841498
399,0.010330642863587177,67.40472707327876
400,0.012068655094969393,149.11568844659394
401,0.009225655148888158,67.84329343491095
402,0.01004160401078505,221.9069200910338
403,0.009710189942919757,84.05248776981196
404,0.00982965571047562,69.08793429671769
405,0.01016679244444792,151.75349556365867
406,0.010289825532670644,207.12833775200485
407,0.010008651358706846,76.35926033506937
408,0.01076443053229169,270.1092780347496
409,0.011023536072137621,123.60257225742403
410,0.011101860516897306,31.176460032392708
411,0.01160519503036689,135.89739439279865
412,0.012870818841421114,128.2594166666548
413,0.01294004758752775,83.24407806227154
414,0.011909771665748747,216.08697603092025
415,0.01047198989097244,86.98537300648489
416,0.011425424310621398,213.86480199214557
417,0.012469725797402879,130.11723846940558
418,0.010322859363703875,277.29756601573814
419,0.010915688050364882,32.482859573206895
420,0.0101761760432399,72.70379356902805
421,0.0141744969728326,153.28236229665657
422,0.011219532689338707,221.1250343537033
423,0.010317360273941215,73.77043478740002
424,0.010250903870749834,31.19209918419911
425,0.011231276475685975,82.80675655194577
426,0.00984639361682269,69.27664427650035
427,0.010688004196400485,51.301219981489254
428,0.011467894418807379,28.48159719224874
429,0.00980164672423079,130.81611978579528
430,0.009721882679599694,136.35739300988845
431,0.009198957373095272,161.40791907272884
432,0.009358831737511631,32.40675537350648
433,0.009835379686657838,156.10318014737703
434,0.009636236509860781,219.54457311912643
435,0.009762569960333745,55.156795840902745
436,0.00996801903789133,87.47687900955489
437,0.00857151163792288,84.98123224928264
438,0.008639092348691431,219.51703333101057
439,0.009610577584219716,208.81316545185376
440,0.009407890009165833,208.21682614424145
441,0.01018425846484968,70.66099409199359
442,0.010075356541514898,101.82971620121567
443,0.01046715302856263,85.48095394668994
444,0.010170809673251246,41.14030998767796
445,0.012451448594219983,27.408555414640947
446,0.008914993722679686,46.64762512493328
447,0.010598387704206841,155.8163624532844
448,0.010550859458853909,130.60473395636095
449,0.011345344255320154,93.5997068200329
450,0.01225484593897679,62.32823842364636
451,0.009698859938830769,70.98257447110754
452,0.010809842832554515,162.20378929625102
453,0.01034889248806464,92.82040868529074
454,0.011690070389319936,118.31841656917932
455,0.009909883314133462,32.17387195910075
456,0.011694299708739322,143.596058083647
457,0.0110739096615527,49.242384388972816
458,0.010588711166043872,156.74781917645848
459,0.01008008211448958,48.93746239975495
460,0.009986976422053777,62.822227066926395
461,0.009732059265196458,147.90275736378604
462,0.01085059963137024,116.74080211727944
463,0.010639785880366678,113.52952260614057
464,0.009394123563722063,95.9544992875525
465,0.012270709022216626,64.67978981807951
466,0.011851830106902996,36.17058154122314
467,0.011787803384557021,148.12981677740305
468,0.011010898110744287,142.63349555106566
469,0.009313710625271419,159.15781044357567
470,0.009927851822666667,228.45879608325805
471,0.009209975973300805,42.489924202091565
472,0.00942277911850448,212.62202548647204
473,0.008977038726621008,56.29518000073113
474,0.009256494098298132,283.37894901816287
475,0.00991644231795237,32.3555816348309
476,0.011445158790612723,278.8930136946621
477,0.011446350278204372,31.81308830392299
478,0.009961954317986965,103.56290702130404
479,0.009788060972753625,88.00849400576553
480,0.012192982497667386,49.709684292693694
481,0.011607402767717408,109.4466993209833
482,0.008876487299607232,33.991170755857965
483,0.009983050579673306,274.4927736395234
484,0.009767599083306136,224.0223148812104
485,0.009477030992157907,128.2921995049137
486,0.0094533468723854,156.66767570300468
487,0.008983377619118143,112.09061851500563
488,0.009153771929781326,153.76277287909335
489,0.008665637573523616,42.26020122891372
490,0.009633866466399398,154.13168537625467
491,0.009618546921186723,104.38550460887832
492,0.01181321507266892,49.65084427962921
493,0.010875985181716626,222.72278346760956
494,0.010927553188280556,34.2197067122016
495,0.010733589525482106,219.4435494295274
496,0.010810370037860766,83.34453423402222
497,0.009351604540625657,274.38334632311313
498,0.010898317318925684,68.05665266152103
499,0.010335075321983403,90.57746788307735
500,0.009576701911518702,80.11768789343016
501,0.010331845036349617,102.7220109359277
502,0.01118455688814,274.86191536091616
503,0.00985919968330894,42.70155286781172
504,0.011108480992020461,35.17955909960316
505,0.00995547708060423,39.818537668174166
506,0.010720339293805631,82.25127717587975
507,0.01450021587142318,82.48239043838002
508,0.01300191594584083,46.563468198918336
509,0.011978576244818497,33.70620423232792
510,0.010528167605012555,129.2369099699159
511,0.01035570751544303,91.97229163883576
512,0.009910972929624392,267.72248667578833
513,0.01229842859400629,37.18188543860542
514,0.010012489178244812,96.34256803645417
515,0.009606560485799876,218.76619318946285
516,0.00897095027392277,67.0524738956703
517,0.009957535653112744,222.4772921556632
518,0.009790329196540689,74.02328839229784
519,0.01111330183669673,69.76057801902604
520,0.009910105718627897,128.918219404394
521,0.010575062897358392,71.51411540175565
522,0.009930181852572991,287.297895315262
523,0.010235124962223107,135.08914882934587
524,0.009390665940429112,166.38418177991147
525,0.012427669997454028,50.30461098781944
526,0.011117548683474664,96.4896068779003
527,0.010509096086025238,125.46733892925792
528,0.00997806236235602,211.65110989686949
529,0.0112744513326877,60.111530961054534
530,0.009979051070577288,66.3928120296018
531,0.013477250379670796,26.841132803220273
532,0.010604525000627082,95.72689896392725
533,0.009927651916038652,228.72042426946044
534,0.009999848907626206,164.99722183555107
535,0.0123160514049232,41.34506159347333
536,0.01033647454730187,162.93956971678017
537,0.010888813977519906,83.54430863390361
538,0.011049360937838981,207.59291749983183
539,0.010298217101905918,151.39123196469168
540,0.009778415902217712,121.20293699368061
541,0.01089955113555054,102.75064361883142
542,0.009740063330603087,58.822782622842055
543,0.010165421180458326,118.59968438139826
544,0.009956474904430326,69.31905741865363
545,0.008959219718235545,92.60802537784737
546,0.00846730120447946,30.901282028346802
547,0.009805477043597605,263.9985606766348
548,0.009099133322567884,69.59869706630202
549,0.009192251034033627,65.51320694081319
550,0.015531054774883314,70.32085984325407
551,0.011061566852321717,220.402058223437
552,0.01135842538496945,217.22214154949359
553,0.011068839694673333,127.79727974506126
554,0.010616375508815076,127.04038145470562
555,0.010710100440076866,271.7793579069945
556,0.009731194028637103,121.32932305442287
557,0.01061034663645725,285.59020970417646
558,0.009668856498559687,166.6097733913558
559,0.009173005104771462,27.0604179490486
560,0.009599389394820655,222.42147886763132
561,0.010089333990370356,156.7691209370823
562,0.009910462629597853,272.33151460209825
563,0.00967947754319399,90.69647982129874
564,0.009506484072930603,42.96899078750453
565,0.011713278106950477,55.853952417502306
566,0.009960194108671544,278.3761339924432
567,0.010509486856131718,35.09630586553824
568,0.010316220894669064,222.73894138859245
569,0.00946773415518887,117.77030720253761
570,0.010317842923972946,54.944917372937155
571,0.01084565501183864,49.58934992592442
572,0.010833748278225986,88.67498800226848
573,0.01035571559662679,86.94374054647818
574,0.010268522258163862,153.5969949550629
575,0.010464834038150283,85.82866864973133
576,0.011012166743179196,269.36477031679993
577,0.009921728762344935,67.50641947072303
578,0.00971984285303772,226.24216072532735
579,0.01047479834182766,32.75810264948632
580,0.010622074880156627,281.96661007902895
581,0.009958062247738013,154.98148834616396
582,0.010163075086293435,167.15004843982643
583,0.009112047955056022,221.26640174450492
584,0.009580548647588007,121.90406356690268
585,0.00964284755953242,166.75962189350284
586,0.009450764834499832,51.5727369336844
587,0.015841272788058067,31.763859221829065
588,0.009135083102950707,218.2231098362844
589,0.009588184611925378,266.86795612865853
590,0.0096761136918935,139.15571414750826
591,0.009938250100494258,225.07804723626492
592,0.008727325082371205,31.608101388330017
593,0.010210747897795493,218.5466447123823
594,0.011224113791038028,47.486522492321704
595,0.010269768033537383,220.21232342651678
596,0.009611978635444425,224.9584846969313
597,0.009667905489111254,33.70534285458409
598,0.009981662151403725,54.99338621666294
599,0.01010552533379932,78.72197640969864
600,0.009849031348775248,131.32857940323655
601,0.009697777604025093,224.01004093946847
602,0.00937850340566404,135.8012782280621
603,0.009363031614307852,276.5681820998205
604,0.010118543537608628,133.67520761280437
605,0.00954634665941205,147.19922054172565
606,0.009822813355409816,224.23300949145397
607,0.008933726592683202,134.4418534618314
608,0.009714539199754095,99.45771409030716
609,0.009182093418361145,56.0426143483736
610,0.009141172589167851,61.87865194027537
611,0.009626702508698641,50.081484640503355
612,0.01150856969549998,49.80216347501701
613,0.011779523117062108,165.37059258886006
614,0.010217401062176135,74.82180834534262
615,0.008829383425493265,216.08899661266352
616,0.00964031946633066,290.1060830017684
617,0.009446265904653747,109.60689343122965
618,0.009644678961869674,168.00734154534896
619,0.00967889866759916,50.983213828838956
620,0.009969133524603005,64.67421860595353
621,0.0100886344492013,145.92296423402559
622,0.009487990258176896,51.671430298921955
623,0.009911433343728215,64.25391042821465
624,0.00964421561328675,153.52969855102762
625,0.01038830116275548,129.51713513758867
626,0.011136381601152772,49.90332499235104
627,0.009982987259854538,284.10554533573765
628,0.01000914782159437,207.45262296483907
629,0.009604372960990943,269.3619019270258
630,0.011853304402581576,33.859548811999105
631,0.010206778576387696,224.46464543351397
632,0.009458752544957514,228.67289574860155
633,0.009781330794301199,70.3800668160052
634,0.009161295182331322,104.22385758593158
635,0.011827471991471777,48.91740337722335
636,0.01047083073268261,277.9543469691678
637,0.009653106288247329,280.78190011317474
638,0.009413840965642874,142.82667501841516
639,0.008047480699712072,42.14336218259535
640,0.009293656171664494,62.66918009279296
641,0.008808675291158764,55.228462640828106
642,0.00996371615293667,140.29769079865775
643,0.009407352915414694,280.32948420821083
644,0.00963617670085742,165.08061056258327
645,0.00830754535754436,29.92046515650766
646,0.010048330717348187,124.0824804196288
647,0.009969107762002058,210.95330905091558
648,0.010066549145817958,79.50868737478221
649,0.010105895269358806,216.38782189544938
650,0.009809444797440696,272.8749032580096
651,0.009891953572213393,35.11931767162475
652,0.010414087425311089,126.86042831508483
653,0.009526920775984996,281.1128675695088
654,0.009247759564179713,92.54706373827779
655,0.009622060494513203,72.6902347101435
656,0.00989136836733694,288.65808446079575
657,0.009154670240389089,53.76835639564944
658,0.010068935523956976,168.80988817157672
659,0.010167970534198411,146.19976307101925
660,0.009147354675060086,216.35488930465974
661,0.0087189258324956,52.24577088753265
662,0.008960854715868745,43.938313069244515
663,0.009945221131519329,48.334802247611975
664,0.009125374898835385,56.06155793552155
665,0.010534399681419768,154.29710577223568
666,0.009609309903515334,48.497646605677076
667,0.009244206154745398,167.31723757521172
668,0.008967673897840108,128.19192730408983
669,0.01000611768666141,32.57504391110144
670,0.00825601772788066,218.75354033190902
671,0.008248406451359089,74.82444026469291
672,0.009127995142474133,270.2355496341667
673,0.008811582330670583,127.47226050534744
674,0.010110414920332418,52.53254019027981
675,0.009924334723529262,89.38407741295677
676,0.010085545342131439,52.34216211458813
677,0.009259650955147254,273.0849151338056
678,0.00894630368286296,101.21523680870335
679,0.00961645512457786,67.2228769248688
680,0.009733580251305595,141.5542526679536
681,0.009944366627825878,69.14545265608777
682,0.009947654820690063,212.72129769019872
683,0.01004954539865061,277.0242544900063
684,0.01021133376933584,74.87758088720732
685,0.009885322230435173,219.26388715394947
686,0.008804861700387922,149.41187537339863
687,0.012038388360947878,47.19585342699396
688,0.009719665902193194,55.18284364091635
689,0.010237526272910392,55.80034319274769
690,0.010395302952713688,160.3088252312349
691,0.009708497874533473,68.88339469235146
692,0.010529683770659238,64.0090470041744
693,0.010559377101757987,55.07243145666803
694,0.011505517231290872,162.03851454805894
695,0.008641237099337477,58.145570990364
696,0.009712040090212563,114.65560059027295
697,0.009793774831484765,282.3173498348557
698,0.00929349186695837,128.17391704446126
699,0.008468948777815443,156.36979937738388
700,0.008477807671217055,28.15150931444242
701,0.008797774026862572,69.24051542258378
702,0.008542737846325438,88.07887319433472
703,0.009543578045850154,99.1784788037376
704,0.00930240702943812,34.19476945204875
705,0.007661702309584094,67.2167086781068
706,0.007689795007222685,25.3831013026369
707,0.008912976966600586,287.21909146086597
708,0.008814245267076639,61.950525444637414
709,0.010189285309909767,67.34043430054399
710,0.00929261979163317,157.80345738604836
711,0.009344708659859785,51.55385147244185
712,0.009532486773681214,284.5280247166538
713,0.009659831944960527,91.61829232952448
714,0.009476252563583386,165.51107752784608
715,0.009404048560476252,32.106468260527244
716,0.010269999123273133,59.580398030879635
717,0.009147133774881772,51.02649862447994
718,0.010651750014570187,214.42379133204108
719,0.012132080043023774,30.513646769795262
720,0.009422975475899875,54.728486592928405
721,0.009922653317599643,48.1000053209107
722,0.010752309313028167,53.113036825082176
723,0.011143210584648223,170.31162378800883
724,0.010507669680429479,100.67488539300659
725,0.01116332206054887,45.096858633064514
726,0.010390028673958716,219.1409312697075
727,0.009957209351804044,61.06767613318294
728,0.00908030279719367,26.52451905624069
729,0.00983728650358053,212.22226264429915
730,0.009553911051134,74.74904585310613
731,0.010268646756819988,224.39912511832665
732,0.008907525867394264,225.30082798761967
733,0.008912704502966938,223.43066261319098
734,0.010578166855758844,93.40670162335341
735,0.009720408905983559,279.09915891630965
736,0.009835841576039622,46.82351074882778
737,0.009646702688319379,162.6779781468246
738,0.009540980735315598,269.87940727677847
739,0.009723034859913677,230.3314494532142
740,0.009057412822922864,166.0192209967056
741,0.009136049533200344,141.65700039766003
742,0.008755241409579123,53.47813208465941
743,0.01154532329052348,52.29561141936242
744,0.010137765820008308,107.6211150941679
745,0.01058130503347996,70.75662442482331
746,0.009861098889763218,214.29576810779884
747,0.00879995563740817,78.8720247457547
748,0.00910609664657086,163.49858941175717
749,0.008936019734768519,36.32841397164853
750,0.00971527125005969,276.9339219718902
751,0.01012067835052641,95.13029880814682
752,0.009916514578604227,161.5737212344347
753,0.009525258781291663,210.51611202628712
754,0.00975971067613312,35.05629988861305
755,0.008432696386211618,147.873769464675
756,0.008598626688802364,80.73711233126453
757,0.00889663704385219,52.36084278689154
758,0.01031342477012836,68.09257634405206
759,0.01117445235266476,79.962741119867
760,0.010066970169325085,290.3627024162322
761,0.0094523383555828,54.81155483465083
762,0.009849838540853502,106.41872711526052
763,0.009739665989944059,159.42486532790846
764,0.009395211468481929,157.36526288910463
765,0.007971982536467047,46.76064511740216
766,0.009340195203646892,135.94105523262527
767,0.008820729079771937,130.40270638607524
768,0.008784279114141888,174.15512207684998
769,0.009113718375481446,294.4910864840283
770,0.009426436415806259,152.2871549268678
771,0.010356044625574401,34.28949363516016
772,0.009862769406318745,276.46488402182797
773,0.011222200507248108,132.79346158166805
774,0.0096489559086463,46.15708683567409
775,0.01087998953584771,63.605830638570886
776,0.010027034680132527,68.72484811138536
777,0.01044488984804887,108.49864336875783
778,0.009678124992847991,275.1280031279518
779,0.011063566853015407,73.48814188382573
780,0.009935235027076257,230.2659990025069
781,0.010223640395382132,110.08302315518205
782,0.010982612372865365,67.40699154580939
783,0.009396732206745395,25.156520658683327
784,0.010184003380217433,219.09707201295623
785,0.009753239268242795,278.2838395549711
786,0.009360692667737354,123.07682968357544
787,0.010568880422768826,228.52042786239684
788,0.009837820604122404,33.882534051477826
789,0.010443772823002535,160.06439010941966
790,0.009842800872305777,276.99589448220905
791,0.010407517572345499,96.87842386761281
792,0.009908221785838283,215.8508310525679
793,0.01058987289698879,53.312284990961466
794,0.009706725966192532,171.20492791889504
795,0.010349576689120498,162.8775658873405
796,0.011162287330832976,27.29119170094157
797,0.009809227049611194,51.45933959842466
798,0.009836730177900706,151.8734022338715
799,0.011478392953191557,86.43146500178631
800,0.011053135689600544,56.53705930828236
801,0.011150228542050925,31.968032206854385
802,0.010251539296020547,132.5898278201765
803,0.010090426711555002,57.60953890651094
804,0.01203625029001128,30.398760006299167
805,0.008698209284842518,82.87578863672148
806,0.009481463197873156,150.37182690263364
807,0.009869917266769335,53.609322882221356
808,0.010054592390834177,69.72920651876389
809,0.008633392750506558,56.627966468219974
810,0.008669648692540994,53.16349449348492
811,0.008994398969331418,48.64136902727631
812,0.009742316078150882,144.37973467101466
813,0.008839172246898043,33.050291131356445
814,0.008793593013374987,54.354567058631545
815,0.00856450613985347,163.710238087579
816,0.00814026372350334,293.4529463037689
817,0.008560602780100022,66.31726737245393
818,0.00911513159289971,294.2588392575187
819,0.009159704380058305,79.85902791193597
820,0.009114881883048126,87.30579558753
821,0.008718489653388546,48.35487468140693
822,0.010989875655021455,62.30732238897006
823,0.008293877299553875,35.193926333712916
824,0.010582048377696553,32.56974042863436
825,0.009073099089336806,29.409714554592227
826,0.008717301666806211,163.1168745247505
827,0.009041228513831837,216.8283167732734
828,0.008876960276333211,171.91425000542966
829,0.00947978469246829,50.620070605449584
830,0.010546501643892208,55.440817514588545
831,0.009097099175198457,79.22261714750056
832,0.009445184260794822,107.59517757299862
833,0.008252349617923128,27.228436528718394
834,0.008484908219543286,99.44430706069053
835,0.00784376916949284,32.898440763408715
836,0.008852604550171275,287.1953267482537
837,0.010783282957907597,42.549774409158516
838,0.009480100558986041,44.52727832876677
839,0.009300156073409527,165.0922765714241
840,0.009948452170057272,82.17563981268017
841,0.008716420728297954,82.59817080191965
842,0.008420548975983684,70.83409231492902
843,0.012211687411763705,41.01565871294977
844,0.013242639316213799,32.677057692317234
845,0.009319237702926184,125.16103065231046
846,0.009267471948131809,281.3854320711672
847,0.009190708194305567,75.42938657014972
848,0.011166425470602573,76.11729833372749
849,0.009851254445736781,224.58443249312796
850,0.008938551558128515,134.062896602364
851,0.010271254481330257,31.554163926214933
852,0.00943114090925799,92.44614368212693
853,0.008704487681494687,49.74032141875514
854,0.010130381324629793,265.0195150091713
855,0.008988442093773225,55.4268280499941
856,0.009765109886421553,142.30992076956758
857,0.010960502450895571,72.00511968767654
858,0.012577528736136597,28.230743646534293
859,0.010904086076938626,57.244127099639606
860,0.00992703662698411,48.043257858266806
861,0.010688732079310844,97.80110455853105
862,0.010411235790996497,232.18319629548478
863,0.009696551510477176,222.1080705379891
864,0.0094547039616678,140.67728306056415
865,0.009129775787676828,106.87365228945113
866,0.008892093989953328,93.05033597937276
867,0.008796329308159144,66.84580854419669
868,0.008867885072627483,83.69664895278919
869,0.00949887174287254,154.5124074576637
870,0.009239802581977926,219.8212499641867
871,0.007985855608978527,142.42763892817766
872,0.010553043867411042,82.65805763137881
873,0.008191922713938931,48.496570454891405
874,0.009669253752582659,65.54470858480977
875,0.008259081973599015,54.424180571804605
876,0.008141058088557866,97.39597673145724
877,0.008873411616010483,93.86943254558557
878,0.010304013618765198,70.7100324389488
879,0.008747657475536331,101.03590221997362
880,0.0083369218403029,40.29512159471752
881,0.008540769582002223,159.00167866417513
882,0.008265420870730837,218.07285997882988
883,0.008019791331592223,135.34894455201672
884,0.007704338802299885,47.50559261692944
885,0.008258606412294853,141.80636933706225
886,0.008160779010862686,100.09890814295495
887,0.009438997363450668,52.33099598215026
888,0.008952385366269895,45.34617744557214
889,0.008598190973159569,29.46636230477949
890,0.009301768943849901,76.54787110721574
891,0.010571161257261834,55.236975100286664
892,0.010518004008682092,72.81470714324553
893,0.008841880573088238,35.22513205970827
894,0.00818612540927555,35.561724946477746
895,0.010399249700701252,143.51623599480857
896,0.009060659597396551,140.7344983449882
897,0.008967132523317448,169.12807655138894
898,0.009881598318062903,285.94174995530085
899,0.00963232059103365,105.88912640044686
900,0.008752931310929421,71.92360580062389
901,0.007852096149911853,71.0021599194141
902,0.010096752050261691,65.2336117261805
903,0.00824304619583033,71.88944741420302
904,0.008138541231276646,106.55960754761155
905,0.010117874433588539,66.65477051928363
906,0.008719359482242485,167.92909263261606
907,0.007951966818766847,112.59185370576199
908,0.007973173999866067,165.4371833583142
909,0.008227041328634211,87.30658247748117
910,0.009251808712099548,134.7258753739727
911,0.009278922041740594,143.17789112271106
912,0.007221009572245309,31.493550782534694
913,0.010850526098775763,42.25485598041464
914,0.009559114947441015,155.5128537246661
915,0.00918463690623898,29.116457073760117
916,0.009410919403308071,79.1729712860189
917,0.009053343565745975,225.26450798305976
918,0.00891771145914507,289.5892476588379
919,0.009003523755638244,213.80266327597906
920,0.008967862165660898,222.9065751560007
921,0.00951293551342507,282.66724204237045
922,0.010601887945085764,31.184182342251354
923,0.010880546541116441,156.10273174251552
924,0.008567103698592761,32.75513669160068
925,0.012004662635842,48.72870684597109
926,0.010925220677179078,136.4074023305618
927,0.009927726607153041,79.87781325028742
928,0.009065104266800511,146.40449378837587
929,0.008356121414600728,102.22268484949126
930,0.009332808277507026,98.28682486985059
931,0.008180942702597964,68.89426104816808
932,0.008919655928624181,294.99238913838525
933,0.007778409523920675,127.88424048123791
934,0.0077487856038855035,114.44453149166256
935,0.008329531892041605,91.53975735082001
936,0.008188104852865998,169.6247440324696
937,0.007601112819345159,167.74689271737992
938,0.00875587936189078,216.8861476025295
939,0.008429007448304575,294.3878624616208
940,0.009568503484749188,154.44751431754736
941,0.010083051119943627,82.16661607899827
942,0.009261047509780166,128.73800871959426
943,0.008683396003058029,81.63196947913572
944,0.008584515099322803,290.21318047500546
945,0.008646086971006857,105.47360785308315
946,0.008864783319481408,165.09582470953816
947,0.010817995720446623,31.260537345498992
948,0.009093025501127928,96.12154503029768
949,0.008594589095145207,32.377116348258525
950,0.009567244375287087,138.92945804467192
951,0.009189496795773845,47.701246892881265
952,0.00903673267072316,230.77741149917563
953,0.009233509778060058,285.97644243178945
954,0.009314652432714446,98.39197571061061
955,0.008735487939665075,170.3638643254722
956,0.008392958155158779,36.87985697609984
957,0.00904347672361263,280.664916790842
958,0.009643088488293618,32.65591740414727
959,0.009926280234305357,53.31263383157906
960,0.009972136145795151,121.68730051515948
961,0.009515701082191444,284.9841734866924
962,0.009289969986779258,107.2288311027696
963,0.009954161484179517,94.737454762489
964,0.009319761929377406,40.88829040675404
965,0.01035440489460991,77.93938144469567
966,0.008449836147200266,65.22127107975415
967,0.010213158060577791,117.2417607321505
968,0.007877331516095277,27.325079010261156
969,0.010004584731824561,162.52438662854954
970,0.009359128250899839,293.5860486337051
971,0.008621588124540346,33.19556300926114
972,0.009209916019683769,34.589008102927764
973,0.009518919108135595,62.69230661060268
974,0.009659672927474446,58.24908714716673
975,0.009585247654631786,227.11184196760138
976,0.008882960484837756,94.93353630897467
977,0.009892947461180896,42.41026112839317
978,0.009101813235947002,86.82022493629302
979,0.00986342040593437,291.93714947169593
980,0.009573788787993425,74.67552514500274
981,0.00970497609095593,274.7484391367184
982,0.009990892568814823,54.59886894336847
983,0.00971312411060995,281.8109860164571
984,0.010383466241340077,82.69295163908119
985,0.009083015346814964,52.98568649434058
986,0.009748769046416268,296.1540078594003
987,0.009425685084991258,70.49764708628986
988,0.009277756557158017,83.91377493632247
989,0.009115397797672656,34.48818981422391
990,0.009207983320611048,34.43505004837506
991,0.009913936971480514,133.20634664499605
992,0.01137834418757568,97.28096595120705
993,0.011135998269310221,48.98353119255677
994,0.009878013061377434,105.28700830542432
995,0.011200875334907323,46.53219818327835
996,0.011273525603354682,74.1944127822671
997,0.013608779260439092,31.876342842807073
998,0.009357111405807774,67.42503722780444
999,0.008967292627544496,32.232952659934554
1000,0.009570933541177398,153.13904101849053
1001,0.009864215370622877,162.2031262738769
1002,0.009227359534486675,81.67559480217415
1003,0.009850748004039265,221.5664147408297
1004,0.009288643596612262,175.2778526335741
1005,0.00938287776199976,161.49449451319774
1006,0.00960141599049448,286.3698393652866
1007,0.008556639011965697,233.08064068868023
1008,0.008823699527900167,173.46507829558143
1009,0.009645414974452374,84.60241570692337
1010,0.009125469377490652,236.43868936485512
1011,0.008453936686485329,50.461227307263734
1012,0.010189290250201662,61.9590412532264
1013,0.008285953690343812,231.0628127818408
1014,0.00870608852020484,169.9940803292851
1015,0.00881737136694559,148.49343554032404
1016,0.0076950856500530036,28.124885327187258
1017,0.008350597122867148,285.19921565805146
1018,0.007959376411956279,141.7527181110023
1019,0.008964876162932867,281.20366321774765
1020,0.009529783454691541,31.925400733662258
1021,0.008329344658192548,226.93676401023953
1022,0.008884299535467918,79.64041125149969
1023,0.007468227260938749,33.08967299707607
1024,0.009644518763408215,123.11839972065732
1025,0.009628200620899804,220.61620437556385
1026,0.00778734938498458,36.81751917610532
1027,0.01077308138841405,94.56199899765372
1028,0.010036794813286915,67.26265847235192
1029,0.010496928793145344,84.42086660713187
1030,0.007876555860904674,67.44583773415374
1031,0.00905223750231668,299.6965934380065
1032,0.007984122769071808,171.51048330531444
1033,0.00950133421763501,70.07527917289022
1034,0.00912001348771491,172.18924108573225
1035,0.008116022124793131,292.9577944115711
1036,0.008209456738908417,105.28025542417038
1037,0.008577777899533384,54.89140635029046
1038,0.008345265997220474,31.937846196821965
1039,0.008425093644534722,238.27022920632584
1040,0.008066920245902897,66.4537047566789
1041,0.008978455976690523,91.29881219468598
1042,0.008859338717398321,163.43804626734934
1043,0.011789613840940955,35.71804115335501
1044,0.009751186075217197,137.0564321528514
1045,0.010305727157034338,107.90635754102648
1046,0.010085978846512484,79.58079451019171
1047,0.009572001963813538,112.78005373086943
1048,0.009989215603613738,281.4500789346355
1049,0.009240922304122028,67.18887973290751
1050,0.008996961409515091,34.890930860757365
1051,0.009599675317319797,293.15704179818596
1052,0.009114070332772223,287.39632243458976
1053,0.009051344217012454,162.9011082207585
1054,0.009092171131869999,67.36624835550582
1055,0.010452662574885002,51.62689545474262
1056,0.009815887154734417,77.7477291349675
1057,0.011206651397515088,83.93423876661605
1058,0.010105577682759421,170.0398795666859
1059,0.009922548760683996,174.94845379059035
1060,0.0092634317296525,29.51021025415389
1061,0.009610273639975304,290.50063348743737
1062,0.010031195075918311,110.48246821667047
1063,0.009593198426336665,158.44572749367808
1064,0.010987089274331575,74.20278124883995
1065,0.009734597002496924,160.77915042931483
1066,0.008019841535994127,223.96171516812376
1067,0.00868874758130333,166.18588705258608
1068,0.008774039787537224,145.66968465446803
1069,0.007757085070399375,34.871294711673585
1070,0.008022063022228675,93.8905216607492
1071,0.009201518966463106,29.774099746912725
1072,0.009139315439493988,53.12496399786116
1073,0.008902711757050359,295.32118442768166
1074,0.0093758037177601,165.04646484304772
1075,0.009609940218826718,148.02217429643588
1076,0.008791702307379719,53.691014867893976
1077,0.010496878991771891,81.95256735371973
1078,0.010564967080623516,66.61717463017212
1079,0.009312747290583578,166.02653498900497
1080,0.009799045128882146,93.7010004838636
1081,0.008902298210518316,238.15969520094728
1082,0.00886741599360657,85.40444043212422
1083,0.009020985818692836,26.113984406854637
1084,0.010192473192472715,79.06178618823435
1085,0.008622795594590497,141.8419825924869
1086,0.008017261081526207,80.10710808984953
1087,0.00972893959117076,218.932140793739
1088,0.009344886560247175,225.79801784030795
1089,0.010351030498703706,214.16935137464648
1090,0.008975757453669558,63.006312492888185
1091,0.010540534413933331,165.7059123668547
1092,0.009223080918760621,298.5658026217491
1093,0.008595114135799014,69.4888463059217
1094,0.009381567352238867,136.4119855993443
1095,0.009759576702807944,51.28004650769772
1096,0.008265254059428902,82.15460779623916
1097,0.010277965290728828,30.755761885837977
1098,0.009150868912140633,68.79602746654832
1099,0.009080457541970715,105.89411111184255
1100,0.009770590851654892,52.0935634792505
1101,0.0102476488830427,59.16188000947473
1102,0.009284613495269283,54.24595319239357
1103,0.008355957947245215,68.76580437392482
1104,0.009359186425500252,166.1353804451389
1105,0.008089992844476692,232.05646267030687
1106,0.00902399417380086,102.91088397838887
1107,0.0077234912593488955,164.18658505212804
1108,0.008201486477752859,303.78023245074746
1109,0.009414456500592878,69.1299973174066
1110,0.008066447367045012,58.32891608506248
1111,0.009379013034440078,132.0359621469386
1112,0.00868296000906042,299.6717052215762
1113,0.009326018844149075,100.52900370947393
1114,0.009054357991427989,84.66668810983248
1115,0.009267466161294247,43.335041509145796
1116,0.009056319382084026,53.96133156750024
1117,0.008903103612203951,143.60246898808998
1118,0.00957117399814027,223.52055423585327
1119,0.009721245854192932,126.73557050315517
1120,0.007966492491753095,48.545285296640884
1121,0.008456086029404217,164.3628568409846
1122,0.008479492266333717,302.0851926110438
1123,0.007867334767629823,92.41520131370174
1124,0.008635094869825614,128.7793477816901
1125,0.009981685274643666,68.09696849900455
1126,0.006907360796255737,43.84856639586555
1127,0.008757750104053576,236.94797158893437
1128,0.00909841637295703,29.998100428048442
1129,0.008621007948615813,295.45938690316666
1130,0.008890611796964884,145.87794080950982
1131,0.008586420528630142,52.73816687648155
1132,0.009301459560117641,137.40645296106567
1133,0.008984263294763168,64.28615040567753
1134,0.008864103354802677,33.65595870720739
1135,0.010720295768061822,49.127696470215746
1136,0.009304765803521355,221.7024638056777
1137,0.010715802639341828,48.15307656314639
1138,0.008856649211735765,235.4998022719834
1139,0.00853068196062248,230.7067868792591
1140,0.0073585348697643264,170.59275974765603
1141,0.008208381839491703,225.4976441002725
1142,0.007942939891522243,41.70843561211071
1143,0.009961999502916962,64.35166511214885
1144,0.008766028078676293,234.78153955018178
1145,0.008433694740233477,90.33600752658987
1146,0.009629787829068776,91.11739445067097
1147,0.009565017214609003,162.95877692439396
1148,0.008658303370131022,65.65578430963356
1149,0.008997643556810814,74.26549096584439
1150,0.010578064176885303,89.85211800589829
1151,0.009096226830469905,172.32835408129606
1152,0.009299345165625429,113.67827568260309
1153,0.009716223224853006,32.07069380802657
1154,0.008520942660239101,302.43379806093526
1155,0.009157399357906703,28.299871339430762
1156,0.008368172796438627,112.61915013025036
1157,0.009556854661586213,35.7108021349739
1158,0.009166994806936878,291.3306104943768
1159,0.007990738704142257,32.22396862788039
1160,0.009328544680502707,58.259816851235904
1161,0.009611917783331592,107.26473996062468
1162,0.009928571180633018,112.97105171935868
1163,0.009433849211838246,294.8233021726186
1164,0.00874212780816135,171.33108238358656
1165,0.008144972751521179,80.13056886845607
1166,0.008818361791470811,309.0772673061231
1167,0.00798675531854278,130.56460888131383
1168,0.008321824577909991,32.15803348252375
1169,0.008870910177458577,162.5460610156441
1170,0.012265518544530818,27.397565250363805
1171,0.009166360569616165,174.15068858683372
1172,0.010443653419385485,95.6615316462706
1173,0.01056568546541589,70.76601333978401
1174,0.010879365497832904,107.27333432226041
1175,0.010695276160510508,66.00659766864865
1176,0.009030121854304756,216.23300968517952
1177,0.008700519571833026,105.77452198827436
1178,0.009351736129733773,242.09196497518042
1179,0.011210025217846637,135.27837482774942
1180,0.009730201922304166,48.43531471323949
1181,0.009655089842943618,89.6224469484345
1182,0.01015974149723606,125.34168361098634
1183,0.010043008518059159,71.86532280380692
1184,0.008482489123214351,61.837978884818526
1185,0.009510238217124323,219.68919474173182
1186,0.00962400586101633,232.80822051876578
1187,0.009164475407688168,53.74836993886883
1188,0.009224687251356124,134.70831980987776
1189,0.009909983442272417,97.67938190059016
1190,0.009643752393140864,133.48445722309646
1191,0.008746863944969815,26.43404562209323
1192,0.010396536952513899,86.6908536079256
1193,0.00988993596600023,176.31704610820051
1194,0.00983028884765587,233.59531037349714
1195,0.009394430492898362,134.0199351277013
1196,0.009134640607265505,66.51456182312539
1197,0.008471052349845055,104.17330596314325
1198,0.009028389534002847,50.6862490592717
1199,0.009256460608660498,48.586907655032306
1200,0.009454682537342027,130.65710752357708
1201,0.008730148913763813,130.65179465020285
1202,0.0089126798001499,53.04812987085139
1203,0.00864790019782803,294.88740071936706
1204,0.010116028199823072,96.49629282625767
1205,0.008596432982684888,232.507991466341
1206,0.008592641821788797,167.28028989319188
1207,0.009177861697735044,51.73263765124642
1208,0.008807019686966358,300.52286165333567
1209,0.008920656408670104,54.69697549190573
1210,0.008843508625244625,161.4148695225958
1211,0.008093031932896172,48.53569871707234
1212,0.009701938162293486,76.24561742977797
1213,0.007777186929537305,35.46075785075253
1214,0.008396557371678024,29.345383428987358
1215,0.00927589548641855,230.84448105499644
1216,0.008888337462188,308.7566019055513
1217,0.008766220256802626,236.6896726943232
1218,0.008948010911064392,292.9685430510884
1219,0.01085659262627877,33.753457782268036
1220,0.009236054406878916,73.02444295707723
1221,0.009467248546045503,299.5137219141432
1222,0.009868756224701212,61.78016249637985
1223,0.009319416048250505,296.35837995286624
1224,0.00955425967867355,231.1630035634782
1225,0.009294084595470414,227.33103385405883
1226,0.008735982960452405,219.73776196885197
1227,0.009621038608293631,132.52907916309834
1228,0.009116339951209824,131.85086209623825
1229,0.009636100644133234,148.25977099677408
1230,0.010372122227140195,46.38363617307656
1231,0.008807395546262762,118.58984904802654
1232,0.008898265572004335,58.267640270530684
1233,0.011682396894850006,45.12599377520848
1234,0.009093764272669481,79.50752016211632
1235,0.010411420603013914,161.4705405470423
1236,0.010297771864525903,102.56670429178216
1237,0.00996656699069056,46.1132078230283
1238,0.010223845959125037,75.10473269698713
1239,0.009786819110494959,234.35304971261056
1240,0.009776960921574653,292.3852266333942
1241,0.010798522989779454,31.303390517470678
1242,0.009290130224899721,65.96969998709133
1243,0.009486883336836569,175.88605130363018
1244,0.009088258337924036,65.16069975601113
1245,0.008850195487453178,47.88622635987421
1246,0.008544456830593882,179.8026195483045
1247,0.00978089238773903,35.24797244418004
1248,0.009812524643256066,221.0831932190236
1249,0.008299653688697721,161.49746085598588
1250,0.00922141880549204,102.08979278283115
1251,0.00783129281999946,84.48309262139081
1252,0.010594132919901644,42.82872270892758
1253,0.0075631024966273325,36.06433494055288
1254,0.010137245328448828,173.72855228154975
1255,0.008930030420411971,50.72446848712679
1256,0.009029042461941786,294.1307037415037
1257,0.008972330306181036,288.75756711129435
1258,0.00918221111607957,285.30677835472153
1259,0.009133281066449573,108.2838739038528
1260,0.009415456757729722,77.4059757077445
1261,0.009632733011340652,112.48741487354276
1262,0.009802620851661305,74.12254409404477
1263,0.009429076336136159,97.0679712317563
1264,0.009505735699069472,90.33097536195577
1265,0.009377641314958137,51.50448244380236
1266,0.008923874831305363,73.51760227852886
1267,0.010705902089238545,65.40538598981938
1268,0.00962581065033515,64.60517127920308
1269,0.012057333217195139,29.880794943793095
1270,0.010210576668704072,97.87668306068477
1271,0.008217808958221922,65.63849470217461
1272,0.010414535732707009,45.001286861245646
1273,0.010152038478813434,56.84723524618068
1274,0.011517130219282867,69.39740625482888
1275,0.01096105933036848,32.37686668590784
1276,0.010229517447905952,148.38965465836347
1277,0.008619840133917782,300.24743287951895
1278,0.00853169996267313,36.158423040602266
1279,0.009151439752738067,84.2808030080593
1280,0.009514913856733165,129.0873806579899
1281,0.008619643352666082,113.65299123974499
1282,0.00786136366061967,85.03254997743731
1283,0.008190358144929633,307.29623449250795
1284,0.008850792284087779,106.99482670666741
1285,0.009928164709260901,105.50209256126129
1286,0.010309439740475204,69.15266008930801
1287,0.008667446945076557,80.57052487777406
1288,0.00947009962528426,231.3262872093407
1289,0.008160280326802213,117.9032580897451
1290,0.008101369569395991,99.9032283646509
1291,0.008065791293246583,291.9080113728244
1292,0.008415413883295305,96.89377985297476
1293,0.009258758868978926,173.01622629129244
1294,0.00864970763191545,95.87198253927174
1295,0.008115241071209311,61.65487509556759
1296,0.007967182829947277,172.3316332199757
1297,0.007394115441747624,158.6848832067248
1298,0.007154903340490599,36.2834494976313
1299,0.007940897538729414,76.69420308237225
1300,0.008238059569356476,131.7560579304775
1301,0.007303892442606539,129.58868111563484
1302,0.007331149440936067,52.49843185255452
1303,0.008044320287661173,75.22865700538351
1304,0.00887312508155373,139.6699453917532
1305,0.009262351074320233,27.955504381715688
1306,0.009540858309202153,36.910454751306496
1307,0.009364924836452551,172.83337959167307
1308,0.008483508625851335,106.0646972083546
1309,0.00822341237971428,238.7395305397923
1310,0.008025407903538695,30.390993496062134
1311,0.009271710781894368,31.461757692156002
1312,0.008951781822582456,74.74266283379265
1313,0.009185522352874448,53.08977569907507
1314,0.00935935891426072,32.36246508702002
1315,0.009041374722319478,82.00813706689165
1316,0.00848777776952574,286.1235589762538
1317,0.008121213532384422,64.98421286617285
1318,0.008930280858122214,72.98210053295799
1319,0.009596020232518794,241.22926456777435
1320,0.009321582328993827,171.11418773491678
1321,0.008809821611944714,30.41215434269968
1322,0.00894248746254576,289.54471045320196
1323,0.008653114516272258,70.5711295739537
1324,0.008606205653749257,135.85967643296937
1325,0.010329341271229215,69.35146789675976
1326,0.008920125183807212,61.57438812935698
1327,0.009652633530466529,241.14714241469736
1328,0.009324364392247436,32.178694811861995
1329,0.009523824651900603,139.12871754876488
1330,0.009712318630508062,51.709086871764505
1331,0.008351495137977625,239.3314096368625
1332,0.008055653979754914,140.74090481265736
1333,0.009597106485517096,70.65503837070177
1334,0.008045267144133015,113.18805982565756
1335,0.008600341429947023,226.73441464535736
1336,0.006813720994677138,31.327444476848104
1337,0.008896483710209319,55.94309726836677
1338,0.008022876138883557,53.15786819259802
1339,0.008974257762681438,48.53924158019234
1340,0.00915108679460404,44.87497176866613
1341,0.007649380277637076,68.38926545598615
1342,0.008528674055758695,296.3942244015029
1343,0.008455018676589274,132.12729679809627
1344,0.009616999674550685,76.1269222733825
1345,0.00896205104866319,50.16422602954993
1346,0.00929856376083971,169.6477902626201
1347,0.008668782182587502,169.7175570664399
1348,0.008484499496889526,32.56038195149099
1349,0.009352956456661394,52.643724337885224
1350,0.009646846714580583,72.73162489902765
1351,0.008772953527141842,176.80091442449466
1352,0.008422361408699711,234.20644558856608
1353,0.00907334320296426,98.42143157492414
1354,0.00765624114909153,145.73851391588266
1355,0.007699287797581276,31.948688422457895
1356,0.00824890236973945,167.75566759114534
1357,0.007652473306456991,62.74242164969096
1358,0.008385775794382565,113.87633337817121
1359,0.007339201955895485,31.83698502676729
1360,0.010062555880609843,170.33212470471656
1361,0.009135158599599742,86.36407435407544
1362,0.009202628655740145,42.579125595390146
1363,0.008356483753411506,243.84649715069875
1364,0.009395274121991613,50.71396481445242
1365,0.00804480985187603,93.87780017730532
1366,0.00889777492581851,64.71910388185519
1367,0.006663673234198569,182.0780392441302
1368,0.010460127248095247,64.70580355637443
1369,0.0068803884932027515,144.8344610170407
1370,0.006563847205104818,238.08291833204723
1371,0.006947157273481769,52.807851833284204
1372,0.006514569533840013,166.08041042299203
1373,0.00761455693882266,161.9027041552482
1374,0.007035129829597918,175.83329023155733
1375,0.007211981670645235,40.97166344433584
1376,0.007865879219025373,79.55779847632971
1377,0.008671851289863567,241.93021368109433
1378,0.008262133934491881,174.42722391104624
1379,0.008425045239695367,138.43742796788422
1380,0.008351785929648784,34.41605805387246
1381,0.00775237606423026,71.41342575145994
1382,0.008024075474962264,224.6937756249446
1383,0.008582099402643352,303.7246269519781
1384,0.00969876130191802,30.889507233283958
1385,0.008712290580800842,98.51297741295731
1386,0.007271774929019319,310.7207328427855
1387,0.006607065069617639,31.400528793855464
1388,0.008622680485525445,74.26433214734965
1389,0.009676720473337275,33.8787291347727
1390,0.00883887078741501,34.48748046208971
1391,0.008279227823918886,84.46215903608211
1392,0.009174024529896734,162.4934665263179
1393,0.008689752000152765,129.34339675360732
1394,0.008272673938644387,64.34304679482689
1395,0.009269637373136836,165.22979278314634
1396,0.008458433349943268,169.0617082240808
1397,0.008921236789319664,56.15162774850884
1398,0.009531708047473227,171.46327205523306
1399,0.009481334732965441,177.18866712625717
1400,0.00817144912356924,310.84378715772425
1401,0.007222479242509568,143.60196894518657
1402,0.00794460785366058,68.69792033066634
1403,0.008073790369552894,243.60480029427282
1404,0.009024877933287908,47.96621833335855
1405,0.008999979974509313,27.91973068762015
1406,0.008068914660146798,45.81556094717938
1407,0.00785119165286651,302.984171033721
1408,0.007389892698139758,80.99685072052134
1409,0.0083146674442105,45.81591693708836
1410,0.007605667953407326,237.32102400194069
1411,0.008055277377495477,28.574163181058154
1412,0.009012042106424468,161.43885233022715
1413,0.008347149203724131,29.39727269586841
1414,0.00986639966934242,51.92758001287599
1415,0.008570349404997974,300.8265387422563
1416,0.007631601372348337,31.19313818652027
1417,0.009346932578221735,30.6753716970461
1418,0.009150692017096528,307.05917212668675
1419,0.009834935814769078,93.5832281233676
1420,0.010412719167922576,167.60168425571152
1421,0.009181840433175052,172.96999776814266
1422,0.008782798295808249,300.84799444473765
1423,0.008360430184783864,30.446526048369957
1424,0.009948444496750688,102.42515492434448
1425,0.010003689692580494,31.595968110587503
1426,0.008053508804340918,103.20155724951644
1427,0.008694430909157303,75.99700267925104
1428,0.009475019143179636,308.54046853300474
1429,0.007663921951535064,146.6229657728285
1430,0.008653944489880522,129.57855764294962
1431,0.008029169645712916,72.00576664946988
1432,0.008216183375778426,176.26630807304514
1433,0.009465817628724098,77.68352678057654
1434,0.008616243100464892,304.66743089508986
1435,0.007863594361607312,171.93047803066366
1436,0.008046028228328886,101.75076550966973
1437,0.007756455941928615,29.459986040561695
1438,0.008777107610298759,305.3642543723187
1439,0.008127920981994606,302.35447499538054
1440,0.008775725326307068,128.24856556160793
1441,0.007959346925229606,32.44328948626277
1442,0.007789197316693174,61.890319592981015
1443,0.011086211033240968,83.94113533120587
1444,0.010242560794084938,167.72646917841598
1445,0.008650223837658936,170.2864777829153
1446,0.009119637776947511,133.22377074640653
1447,0.009307790206392007,34.28508379060214
1448,0.009543826851736882,26.56672450236364
1449,0.00956833223427877,133.56955382666547
1450,0.009602055527816096,108.32413554541628
1451,0.01069265543443735,62.44077711618169
1452,0.01025465491420008,142.61829290109398
1453,0.00862953668435248,140.32290166722441
1454,0.008550504639867175,170.30376646552867
1455,0.008777840302838326,134.26617839604648
1456,0.009186397614623644,307.8490274194736
1457,0.008270884033108142,133.62667290916485
1458,0.008536149895834651,43.34096232169388
1459,0.008130857659617087,63.92428908805406
1460,0.007949987059956502,46.22510681431905
1461,0.008755714688539648,108.81919144565256
1462,0.008457795621573248,48.17111350316506
1463,0.007434539430589924,170.6671703821596
1464,0.008204999018566125,175.38558714933743
1465,0.007738530417555012,95.44381836470559
1466,0.009256865614947278,247.6029242891513
1467,0.007960343496090221,250.2196110926278
1468,0.008068349030705774,81.36981038164353
1469,0.00813422432966223,170.67496976573477
1470,0.007770724125331287,163.05025788693877
1471,0.00797309322720016,82.24363320954252
1472,0.007978540789964733,305.8775210216119
1473,0.009181023310964643,57.90992172792324
1474,0.007426543575632623,63.72956893309744
1475,0.009232652545275197,68.12443608731736
1476,0.009177777071395336,73.92312529843716
1477,0.00916924248017046,239.46853775125794
1478,0.00894467338299158,167.9326815337852
1479,0.008660980437140343,67.90305787288462
1480,0.008710346130940776,99.63528824155954
1481,0.008430784175288863,42.80892058592257
1482,0.008458817703157507,235.25115149026044
1483,0.008188024299326227,73.70642189916006
1484,0.007683097825138736,138.4500868802892
1485,0.008506183451502763,105.9610174681542
1486,0.0075101329979637785,74.08593160495224
1487,0.007780285407403075,304.8182754434443
1488,0.0077529007808344675,239.56342252125697
1489,0.007600692809516199,178.52091748834556
1490,0.008063855375935831,48.77656201308
1491,0.007587451556023082,33.555203206524375
1492,0.009088535845311808,34.856814820796224
1493,0.008605569534735808,97.86854705170573
1494,0.011071528570028022,45.274492213960166
1495,0.00935161968325855,245.54291328830212
1496,0.008143188320844406,174.23574484881087
1497,0.008181787977958004,56.24579970684671
1498,0.007877651214252003,248.68396765760326
1499,0.006238147823123968,36.952598123614344
1500,0.009295229073569108,110.31186837405305
1501,0.009816051029536704,44.09620745887901
1502,0.009530058516350142,224.71345192332168
1503,0.009043106000270631,61.269169606430474
1504,0.009631457032220488,86.8739972116107
1505,0.009097308228596487,170.36443433228064
1506,0.008823342454640871,46.06461384294413
1507,0.00907387802462009,291.7625689013849
1508,0.009449655450365614,100.03768168959202
1509,0.009601806026713,160.37026875353052
1510,0.008835991578999926,164.67480261796578
1511,0.00858840789517452,30.723081296965013
1512,0.007951114916729486,57.461720859265014
1513,0.009571787925849024,107.58264806460396
1514,0.008237946874802358,95.5826910098957
1515,0.008914063211602591,233.16179985917287
1516,0.00942184661331479,108.01387532224003
1517,0.007763473989868189,67.80810115444847
1518,0.008556231803071322,68.30384329682755
1519,0.008424293110680006,231.78647681693474
1520,0.0069901581315709085,30.981990251472507
1521,0.008023719225025282,306.7328482234976
1522,0.007995678798359787,35.572736770818615
1523,0.007532408764885846,104.17529211675128
1524,0.007691230296212084,313.497771139504
1525,0.007859753366497437,235.58994454929461
1526,0.006743751467260832,62.48682788012904
1527,0.008093284627686674,227.43954306431206
1528,0.0071985819521024055,178.16533000049355
1529,0.007466024368702972,234.903270511676
1530,0.008066337362279073,65.619650036083
1531,0.007935770929364835,56.12526881884906
1532,0.00792719863285435,295.2144686705931
1533,0.00872852430786725,131.29004511273467
1534,0.008992665350610801,63.32229866998701
1535,0.00870548305904557,34.71948786394633
1536,0.008296469573381563,142.65873909964446
1537,0.008537428196730841,174.60320288562787
1538,0.00761651188343383,241.86982286510806
1539,0.0073418304487371565,180.30934099043824
1540,0.007858372488487008,72.87374278292636
1541,0.008291771233981025,36.344180173820476
1542,0.00790271504833442,68.1996590858613
1543,0.008481983155622307,33.650110128947354
1544,0.007393167362818998,72.30846151146598
1545,0.008847870535894552,55.49771309599108
1546,0.011653228883695757,34.658244717355494
1547,0.008071412757874048,32.60300479854512
1548,0.007717142484828152,60.91373843654967
1549,0.009057758413714317,228.70806430015946
1550,0.01006795552331658,47.734202912240214
1551,0.00880083254610357,143.00942328056584
1552,0.009471095999196521,146.3643367423121
1553,0.009927895982400514,113.19069105893873
1554,0.013761357416334594,36.94013373051725
1555,0.010196303243975382,84.83278743009198
1556,0.009476277314919374,77.76655423271094
1557,0.009816964178559007,302.1576250073085
1558,0.010790004323915406,71.64430812249292
1559,0.008698816487236067,244.46723702502166
1560,0.009932230078530583,43.59192833311685
1561,0.007898639818936098,306.0489459632347
1562,0.009179892715289665,247.16945994412356
1563,0.008480993014665605,66.73919547222172
1564,0.008775294008372193,314.22003708851514
1565,0.008657800775836222,232.26482753738108
1566,0.00983005111259645,59.87859946405681
1567,0.008954521456458182,53.00152524229927
1568,0.009032869892162752,32.806302623102106
1569,0.008457886227480347,243.4742706706631
1570,0.008651665964657376,239.27337228233705
1571,0.007240218692459166,28.859317190022015
1572,0.00937221484267726,100.82321996805592
1573,0.010308522498235106,62.06280813757092
1574,0.008408067322917432,137.29111794075172
1575,0.010522911774701086,32.58126563903855
1576,0.009723951165282275,105.72663943286469
1577,0.00958036389619991,236.49472228652775
1578,0.008291701774236144,304.09273516671016
1579,0.008216219150297646,67.74939706831476
1580,0.008575237541202076,243.099499861161
1581,0.0080911913342876,302.90390440552176
1582,0.008348837242877398,134.9997032530545
1583,0.008759930838388786,72.96856644706547
1584,0.008439477003832376,184.3476262293449
1585,0.007358160142501501,239.7873036874975
1586,0.008036745789019771,231.7968198769229
1587,0.007362400810036935,57.02979778501277
1588,0.007890207974796027,246.45294904422684
1589,0.007441885887105441,52.88807939334537
1590,0.007721621777844274,234.53245770623823
1591,0.0080098316637736,60.50344570586746
1592,0.008536546391682555,249.625068981437
1593,0.00877525023050543,58.785438930952054
1594,0.009389019097554786,35.424037095122735
1595,0.008594931576786062,111.20140282041201
1596,0.008522999491660967,58.79135154794657
1597,0.008626656889965808,81.82563416914923
1598,0.0091931623827689,242.03683065909536
1599,0.009499295784349916,58.520917212460105
1600,0.009631789373725979,180.74553966093416
1601,0.008486754154698961,138.65009544875244
1602,0.010313792627882856,36.17450751708092
1603,0.00819131345092817,307.7910262811753
1604,0.008099628581427645,306.0047578662141
1605,0.008033713418461213,51.690698334167585
1606,0.009151454672604104,54.89207829015306
1607,0.008972241593503648,51.609077334127974
1608,0.009079204920422414,32.77945769960072
1609,0.008105713852077118,77.09042221266003
1610,0.007773822346979824,100.16230910351986
1611,0.00853473647158214,65.8199701121708
1612,0.00841580568336188,144.7345637245766
1613,0.00858147573609162,27.732858853557747
1614,0.010746728662697196,66.2991177593438
1615,0.009743269051472514,61.4753827265061
1616,0.009387112455909454,319.7363447320419
1617,0.008401865126374601,57.78524037124469
1618,0.010210204206533352,59.481481847429365
1619,0.0100739694819574,51.29687282578436
1620,0.010095218306020597,60.13997837621529
1621,0.010980303437021133,85.77050046713906
1622,0.01110981727665953,103.78287997573823
1623,0.008854533184539447,236.54196340273828
1624,0.008115528796968812,55.77368503379474
1625,0.008198702278230148,176.57404451394277
1626,0.00840323510306791,35.257052604373946
1627,0.008885713336454014,175.34715603639876
1628,0.007140298422690159,97.39212040156373
1629,0.009007479423995723,307.35395625776954
1630,0.008604226290194226,242.26270916281538
1631,0.0073104439226468814,180.43883519132544
1632,0.008071535358760745,300.79997933544115
1633,0.00767855208496598,305.92849184982475
1634,0.007606154920615475,312.9747040031867
1635,0.00807883208468158,305.65082113713214
1636,0.008590882513167855,297.8529060196637
1637,0.008363494874111421,307.796959641038
1638,0.008285090199835296,85.92398536534257
1639,0.008695263465067103,308.36230821324625
1640,0.007820797495770495,72.98565325905635
1641,0.007788880260550748,67.85572897980252
1642,0.008066175778814775,309.34224027368015
1643,0.00732536079563613,144.67108659930753
1644,0.007190548505192411,162.9725831183649
1645,0.009324079620298641,36.46821203994723
1646,0.0083692661916155,242.61435224242953
1647,0.008692899417806545,33.14341321861138
1648,0.007165955268481577,53.097895735603416
1649,0.007878747769929861,240.16704849966214
1650,0.007240792342279644,235.31483811086204
1651,0.008135320347633788,143.14521194463993
1652,0.008650626211641105,67.99331403398283
1653,0.008078747066816053,141.35597212899705
1654,0.008990035949249726,84.61912270531649
1655,0.007232451947691681,49.76772406390848
1656,0.007301439005271371,34.97596197359321
1657,0.008530829705082859,310.1704793036841
1658,0.010995970537147388,31.025135580526637
1659,0.007744780954797878,75.26248359179309
1660,0.008499345289889404,320.51684243751566
1661,0.008991316241721056,177.22478470626154
1662,0.006638486879669002,30.03213745921453
1663,0.008686123087748208,52.94674758533295
1664,0.009445821093908369,62.19709676574652
1665,0.008613909780349885,80.94219314531705
1666,0.008861067667815158,301.01781344621526
1667,0.007770307404502153,72.84540541560177
1668,0.008611207177415741,73.4828372385698
1669,0.008987564854165115,54.49124025274723
1670,0.008759613058132613,313.9450858499532
1671,0.008788654237820007,226.8706036344148
1672,0.008513389122680577,243.25666522428813
1673,0.009717037771055,66.8161816393206
1674,0.00969515367355829,71.78467306397872
1675,0.008395605920388615,96.88264125510312
1676,0.009056219014522728,113.52412676711819
1677,0.00840027664700346,231.54794475598163
1678,0.00895385572892757,103.96337509188227
1679,0.008989473090554445,62.032782752023
1680,0.00942412600931208,78.42467237003234
1681,0.008441362809702355,150.49715769947505
1682,0.007641909088024163,34.23320585212337
1683,0.008233823596386558,314.7962292898464
1684,0.008031017721143806,42.4248328804685
1685,0.009238427727526418,182.0376977184457
1686,0.009196506317817425,130.24214074995325
1687,0.008956978943669381,176.67114861233046
1688,0.008142319294095684,103.86865407671952
1689,0.008033718526654021,138.6747147175361
1690,0.007782459230515356,146.44705184889725
1691,0.008373965879784628,171.67467643337096
1692,0.007512869134789996,62.96469638608593
1693,0.008338199702887123,312.59176751074585
1694,0.007231487859417759,318.0201597491322
1695,0.007429246919261999,311.3847347373323
1696,0.0075746127044869545,140.198435299059
1697,0.007084795140634434,96.66842769118723
1698,0.008402936195174383,68.1872425462713
1699,0.0075052391291337015,308.5531550010435
1700,0.008295033058278601,50.30382766192286
1701,0.008282837078282186,50.08203596982655
1702,0.007742032386224971,45.49800235588803
1703,0.008359142471602092,60.294627759944795
1704,0.008921532867915772,247.0479839895393
1705,0.007850218748196134,172.55999417733895
1706,0.007649996551313402,112.76870938868088
1707,0.008071491111755959,307.123934256844
1708,0.00778598042300225,56.27609326663989
1709,0.006984040418093832,33.74365821736043
1710,0.011482959732579037,55.74320194705762
1711,0.007699622523572403,111.21943164728974
1712,0.007907735671763677,134.89899204563892
1713,0.007467789737007177,316.4559704415862
1714,0.007635674557739231,145.65723072287608
1715,0.006621112854316317,31.17762749963921
1716,0.00916298050488089,137.44935368361382
1717,0.007875934738867446,175.79932601740498
1718,0.007857983593505381,71.94275569858064
1719,0.007338769218915978,58.390413588455395
1720,0.007757066511081755,240.37607189497433
1721,0.007957079349148828,69.53758369246752
1722,0.006951773115857081,50.42945484142588
1723,0.00902486041013617,109.4829568009124
1724,0.0074624161243880705,67.37071970046593
1725,0.007881667829162718,69.28513348503999
1726,0.009286422380352054,44.0513045283754
1727,0.007856227229793374,175.62757218397715
1728,0.008476798731582956,110.6404229161306
1729,0.009097312115308032,166.28963669856847
1730,0.008238227695348554,139.0226169869072
1731,0.00855098927142815,104.99528970171608
1732,0.009943766346127219,53.922153057026435
1733,0.009516484202447766,33.50382842192427
1734,0.009208041481786533,171.4480730740505
1735,0.008160415398609549,250.69553114172598
1736,0.008124563253464745,301.18715309078254
1737,0.008547080889279472,303.1753001113294
1738,0.009567056130216425,32.25611238144442
1739,0.008393170108631462,323.17678885211
1740,0.008883372468587298,106.01482188750548
1741,0.009147984002166513,50.801269140144235
1742,0.007904741267095195,180.1292708779272
1743,0.010129386628530202,106.73238301902909
1744,0.009591763529342488,59.18545476370822
1745,0.009162943653665996,30.13162352666754
1746,0.009107883249591497,248.17713209467004
1747,0.008587992484689506,245.87072732543874
1748,0.007481958302480667,252.3521862180697
1749,0.008484122392308729,53.913752328522854
1750,0.007420859167127517,35.36765104126985
1751,0.009486335614033474,103.90075205359993
1752,0.009931240897948066,114.24312328724356
1753,0.007861589347209099,253.92642036530125
1754,0.008538251808865673,43.47015715371493
1755,0.007649995469434474,103.24847630096492
1756,0.007248071232113687,140.64258436723944
1757,0.007568860503198894,254.3292488643356
1758,0.007153326776854039,76.39215962515829
1759,0.007590602632877613,233.9648849221489
1760,0.00676897106981433,176.89320992981226
1761,0.006904878089545478,253.25320958222738
1762,0.006057018553044393,53.5294010167085
1763,0.00747350111823135,96.43750105209462
1764,0.007741530000806143,321.22873761207
1765,0.0057433301659204575,30.02183219586073
1766,0.008040668479450163,184.08601908549292
1767,0.008162929422939773,173.82862072476598
1768,0.007221960811316071,99.84974361808011
1769,0.008102601690387184,46.71904119664024
1770,0.01055887147808319,34.543418987379155
1771,0.00844250700706866,138.37988621131623
1772,0.007705569818845009,327.4643648429625
1773,0.007346182226620871,29.70465139433403
1774,0.008212356343971227,51.226408209872595
1775,0.008357757959423966,316.5175568114984
1776,0.008990850996969339,97.51267989563297
1777,0.008428559217673656,113.59561271735168
1778,0.007272332404558626,64.9642640933417
1779,0.007896050018717762,71.61018198555594
1780,0.007795313291561058,146.45721867653054
1781,0.007238682992772763,255.0736141200153
1782,0.006672511576524867,149.04211322324184
1783,0.008898521569297033,66.69474520329317
1784,0.01034517806362022,45.86055300628003
1785,0.008521499652915553,146.96960136271667
1786,0.007597480112136426,48.38156185659952
1787,0.006604483453476609,34.51130789577416
1788,0.007766668176513703,181.2535379247327
1789,0.007394904598536438,321.1611313253415
1790,0.007821262284234819,180.43526432489077
1791,0.007799083225984365,315.2488355658866
1792,0.009825314794554663,30.823808261607283
1793,0.008088031720559476,67.41354517218033
1794,0.008199011735159923,308.4704794365432
1795,0.008367792712166332,97.95911482460052
1796,0.008470669197917093,101.40663442203909
1797,0.006561925594292392,56.26226887523885
1798,0.007354409538410519,55.22654124034512
1799,0.008194215792612541,140.77416431978878
1800,0.01203017097552596,29.771764903903076
1801,0.01006266442312732,56.635357238258436
1802,0.008758465502539585,33.15184138985456
1803,0.008024389764051596,178.47875638142602
1804,0.009345713035806759,54.83997611309078
1805,0.010353903345689601,46.35974711801816
1806,0.008554037652422929,50.49992358751071
1807,0.008738243767904844,63.96271430543211
1808,0.012428292478755888,30.273684665197496
1809,0.008889615281999871,258.77186152845854
1810,0.008244250014699488,45.53022789342341
1811,0.007943666602802974,246.63768118711027
1812,0.008377827480001281,57.765537928185154
1813,0.008419003635565987,68.23405110628306
1814,0.009793286799462154,109.6497230901599
1815,0.008142515359633791,320.2392139205035
1816,0.008091231005472274,112.51925222570189
1817,0.008305638250611673,72.93872803488891
1818,0.00836607681373386,78.09186087786564
1819,0.007299001749952318,323.3415010775176
1820,0.0072667840077102345,244.28619116458907
1821,0.007360141714581682,140.04946056934136
1822,0.007687665188727392,48.5030216473589
1823,0.0076425054184465595,98.47381743505483
1824,0.008228246593551541,50.82044507436012
1825,0.008408458572546733,142.1212891728693
1826,0.008598941199754616,99.15301677132197
1827,0.007967120243944876,303.4461102712297
1828,0.008093257190562904,241.2501777076291
1829,0.007462423529175904,145.24046547300216
1830,0.008305248939290617,77.02794146042395
1831,0.007250425684932535,47.26915968686418
1832,0.007351568991260738,167.27909515892685
1833,0.00833075253579479,97.20840437422206
1834,0.007263250080890989,104.06246665349214
1835,0.007979182170972779,136.18862740664065
1836,0.007574172770797178,35.499914397944956
1837,0.008836243454174235,35.24763032776502
1838,0.008624556225499716,34.338858237148116
1839,0.009344402539268644,54.245072968687616
1840,0.00910549816545267,184.49395152618527
1841,0.007728466036692012,136.668215007343
1842,0.007958759452113724,59.22149384061964
1843,0.009568346510852942,56.75575015776389
1844,0.008322145269939013,63.14887563524156
1845,0.008196083140586886,318.8946118945169
1846,0.008496666523618562,134.9519879718013
1847,0.0077662746342182275,185.51161395341765
1848,0.007820923423594577,137.9588547853387
1849,0.008740818930396048,135.2217207532678
1850,0.008551868208388942,320.93408200678635
1851,0.006600420793582653,30.190611428700972
1852,0.009559913727177962,83.8240901695711
1853,0.008745875031056062,308.7228793790814
1854,0.007682123860754704,69.92179905078392
1855,0.008546568924479338,73.48455952481865
1856,0.009646224132265454,66.76858662652334
1857,0.008365634373727848,47.162764198450645
1858,0.008703274037902125,251.10701745403793
1859,0.008024367175742307,51.44025196211755
1860,0.008648067170394246,323.91922648020693
1861,0.008470860517519841,250.80299898159046
1862,0.007690101401584054,54.00461804153195
1863,0.008292997940349699,152.5897390482646
1864,0.009371674728001756,30.644777263473813
1865,0.008621812428132125,142.86319307726583
1866,0.007838673610397539,72.0037069666378
1867,0.0077410700256363135,110.82982895290894
1868,0.008612011297373101,79.82121765271403
1869,0.009145977622750451,58.94697182963067
1870,0.00829732508953804,101.59327207624129
1871,0.008239241064881388,187.32296681068965
1872,0.006386394663792798,68.81337580567606
1873,0.007046420352093213,257.5456761569636
1874,0.006653919440067671,181.07892223710695
1875,0.006252604675152012,81.62211758705182
1876,0.007884639036581995,102.71793413886773
1877,0.007323502030418682,77.12591651118223
1878,0.009866545897569846,54.51901274909145
1879,0.00831807415904793,65.98941788899936
1880,0.007422865686101555,71.99727149320968
1881,0.007822215113572409,243.87244486443424
1882,0.010381692131562948,58.09513476293098
1883,0.009338693554988193,140.13699948003278
1884,0.009459737482427576,152.52106529043942
1885,0.007781940086160676,67.68381099520874
1886,0.008084841700391988,186.7518261698467
1887,0.008164845847892826,83.04247310895447
1888,0.010144244072605568,33.25700729989829
1889,0.006157019320104657,31.1336874051575
1890,0.00847463289046881,66.3882431980097
1891,0.008653670941994372,166.6625378424871
1892,0.008503619258673016,54.34973541630045
1893,0.009139996557256457,179.84426715638966
1894,0.007664958157023803,320.14276017497315
1895,0.007082700533509204,85.41793669017707
1896,0.0074630100428032045,68.24541155125348
1897,0.009262101841945754,84.27343937753224
1898,0.007312093608421632,100.95307282620189
1899,0.007936873718167986,145.3656803013771
1900,0.007683674233983486,112.69181541943156
1901,0.0077566325142890075,104.98076139426658
1902,0.0068731679012230835,174.7000303364676
1903,0.00737690435393627,175.7339040846364
1904,0.007445086712348865,239.98283976828876
1905,0.007440933053904037,81.12900937555703
1906,0.007604950662966617,84.59310617188409
1907,0.00808322085602511,83.76684313451949
1908,0.008090256667215521,243.57117752387782
1909,0.007296645043528226,184.112863704421
1910,0.007456915836932289,84.40004095216328
1911,0.006974985149678436,49.90843073737017
1912,0.00641320510526541,31.71164212944017
1913,0.006986720665058089,60.10037218101267
1914,0.007409924914287499,177.35414284752295
1915,0.009025270807218145,52.159126627045865
1916,0.0075666824584043075,250.5006220198469
1917,0.008928317023674026,95.60166914574917
1918,0.008395714502760464,48.345789232929874
1919,0.009580742575715041,57.781172754104446
1920,0.007759771703444805,171.09416347726855
1921,0.007708064679024836,58.30179456984537
1922,0.008335581314578127,155.35547008566203
1923,0.007435360626923917,318.51408772873975
1924,0.006859946606584407,34.0717683844137
1925,0.007779441188814445,169.82901152598822
1926,0.0068742467013534975,69.55295776884722
1927,0.008846482866749968,145.78484101033115
1928,0.00914971275211675,72.16440657168151
1929,0.007997210859715685,66.13183224913881
1930,0.007273217559205224,184.3037488921893
1931,0.009061109253459355,45.78279917086746
1932,0.008417687404474591,68.97630786944272
1933,0.007780941440081545,34.33614579432439
1934,0.010891197722983258,34.176429452143246
1935,0.00852578955361832,150.62163007073372
1936,0.007507952701810093,85.51596077720764
1937,0.009744467577941061,76.18606113221972
1938,0.009419700338904881,333.72627833869774
1939,0.007507004772308461,102.07773318389104
1940,0.010180682096013454,180.4851194990982
1941,0.008386848469508842,327.7811438691855
1942,0.00686518301382282,67.77036945508394
1943,0.005847804596592373,59.90701711576729
1944,0.00948674752197059,56.153713256131816
1945,0.007918691135639788,146.33672213025204
1946,0.006651156905974577,257.016092440174
1947,0.006989428011422074,177.26379185562845
1948,0.0066342585434002515,247.93789979193483
1949,0.007307374418805288,309.7884807351138
1950,0.006473779142432814,34.247351188331926
1951,0.008756563732384752,63.701064006057344
1952,0.0069240691333795215,83.1714293592957
1953,0.006875833309989549,70.22746620953878
1954,0.008337807312797187,62.33093699674503
1955,0.008043627505587111,82.5671957160513
1956,0.00753858810759956,180.73788175518203
1957,0.007999130200619835,75.16410766838065
1958,0.009719246301510548,87.33556005792315
1959,0.0086976630409481,110.29338591013945
1960,0.0064780039192064084,80.84547483349633
1961,0.007798434208411522,69.23455426061913
1962,0.007313750491573893,33.885047973947884
1963,0.010414499426418441,67.18313903794417
1964,0.009030891477227092,244.63553891176758
1965,0.008230853516704821,33.37893431132138
1966,0.011341738894631047,109.29844936995376
1967,0.009087737366741946,181.45957862864554
1968,0.00812266907034651,330.23215078241185
1969,0.007780312602053381,323.7377773119976
1970,0.007902808558208414,82.43845714170098
1971,0.007150136760453909,103.06333255915357
1972,0.007981009828374507,99.77490774274966
1973,0.0071196768231774595,307.2671714608622
1974,0.006030939591771646,75.34493120367847
1975,0.007151211610286903,244.33010342790178
1976,0.006912065303850069,145.89227971777677
1977,0.007109288518107168,242.6928065941187
1978,0.008395081241454544,32.3140465342557
1979,0.0076535456403138925,240.4351916264326
1980,0.006730838888916739,67.7608942281562
1981,0.008074892170387446,71.75988680274928
1982,0.008634330861190085,262.46044930956566
1983,0.007558476992738272,32.44729210607708
1984,0.007641030109909557,326.1345321350444
1985,0.008197770908457013,112.54817583786209
1986,0.006969914113573919,69.9145886790744
1987,0.008743453950968089,136.28430636645103
1988,0.007544664849939925,45.230461341383005
1989,0.00869003917935099,67.49712845207043
1990,0.007848254218977693,320.26902335700476
1991,0.007157220152573875,105.839175409131
1992,0.008709788855302754,150.70582372353266
1993,0.007974674411374947,32.50852958913866
1994,0.008929897896119986,48.4355580914216
1995,0.007319171908999455,42.05879435595309
1996,0.007187822370794423,106.40383094434733
1997,0.008254003751188004,28.91214263582109
1998,0.006996175763726404,52.670446390313316
1999,0.007385932608899152,54.23383743763659
2000,0.009584214223076858,141.61080246222622
2001,0.007450436573117015,316.5192289812801
2002,0.008555698848795146,108.49122175604293
2003,0.00927299852402688,33.69599966340897
2004,0.008630832984636072,108.45068325414621
2005,0.007964232328921537,174.8240904728661
2006,0.009277112224828164,175.78127770024753
2007,0.01105263343147965,70.0212914740574
2008,0.01037087779620598,34.78058317251255
2009,0.010115557257632956,152.4169176520245
2010,0.006942946122605996,28.971563592233927
2011,0.009502170450889087,39.88689800197833
2012,0.00956447060827671,60.21352819348172
2013,0.008830367792789938,320.26296646959656
2014,0.009114231966983376,86.94530745409871
2015,0.009322018127906477,253.56471001700655
2016,0.008915904761207375,54.854381209021426
2017,0.00770908494777014,32.15986379949637
2018,0.006966147911012301,36.61785736214371
2019,0.009538798008262265,46.89959623199735
2020,0.012215281330884016,39.01105648386542
2021,0.008973449057469827,246.03868478157608
2022,0.009446964214241477,181.69659989195281
2023,0.006335350253690287,72.56539591898265
2024,0.010492894240526547,31.724376344378456
2025,0.008685504701096546,173.98323976447594
2026,0.00764719610507059,241.8377990278603
2027,0.006945002370449747,35.315525147277995
2028,0.008641495925800527,62.59288771323904
2029,0.009241062047892882,143.0020821154374
2030,0.00804095259256895,319.1484502793678
2031,0.007641956349916782,255.9568395586853
2032,0.007415131460239189,187.98305875908719
2033,0.007088202943682868,111.26055066298464
2034,0.006718815343801753,67.91123892711865
2035,0.0073712599153423755,330.4805884248665
2036,0.006702956107200391,71.30162328771308
2037,0.0067942928481415765,146.71093103418596
2038,0.006583128664126082,261.5887668106411
2039,0.006707558971001732,324.9805835277705
2040,0.007878062974711593,148.2726803472141
2041,0.007639661568716222,109.99689248003128
2042,0.006651505809252702,255.65994113203382
2043,0.008380607797544844,109.2456134149016
2044,0.006989245877023144,36.813265488529815
2045,0.007117930285114033,47.11489206280792
2046,0.007721900475853299,87.2801090815832
2047,0.008692701811260367,88.15872345661101
2048,0.00781036506271345,175.70345436030289
2049,0.00830467999444012,147.2604517185299
2050,0.010089850221792686,33.165479934040626
2051,0.008013965923342253,152.8207668808936
2052,0.009243782241577032,75.88938779351412
2053,0.007754040169492264,320.5399743550971
2054,0.00702920489805967,262.7233197280948
2055,0.0067435442992896475,65.13174290924704
2056,0.007836923806061005,31.00613598593243
2057,0.0074458591523891525,326.5444816103017
2058,0.008391221125478026,85.77617586873828
2059,0.009782146263048696,34.52481787435677
2060,0.00712719409892198,149.25204495716633
2061,0.007047752699220617,37.36359537230932
2062,0.008362850912404967,185.60424691340634
2063,0.008057344081380324,144.5245402622689
2064,0.008196508286492711,141.80761318682218
2065,0.008481424234669981,134.23089624194168
2066,0.007927928976494365,80.46564158843717
2067,0.008592927160522885,61.26448906601642
2068,0.008266664962521044,71.32361896902732
2069,0.0076305574323886904,254.42327004358089
2070,0.0063243791003267024,54.508532916246494
2071,0.006853373563630362,263.45979403319603
2072,0.007124553147445408,73.05821923986144
2073,0.007356484175938615,325.5883340762702
2074,0.006898648109045995,248.43272112197087
2075,0.007135295192711055,311.0415934311115
2076,0.007167872586035525,188.46445969716424
2077,0.007318170319754595,114.86085626165978
2078,0.006929483476348899,46.65262069274963
2079,0.00721631427321964,52.3597026193531
2080,0.007339663820349122,56.37847095579908
2081,0.00827471339505644,80.65736407342395
2082,0.006902027260993832,31.72003529736378
2083,0.007478859533412045,148.1104188665749
2084,0.007352149031005314,256.4420131735958
2085,0.00844433948453837,35.324181578808215
2086,0.007762382235518663,146.3959732217998
2087,0.0075865965490278615,244.7759685415809
2088,0.01155132033404541,31.72864402169313
2089,0.007650719986147232,57.414051060223194
2090,0.0077595659573674505,320.43738545478175
2091,0.007162060859345857,255.818292529262
2092,0.007484111693475221,136.95146962065078
2093,0.007003698440589565,74.71270029699777
2094,0.007173982761009602,146.47931198629945
2095,0.008754566275653103,85.9834825578595
2096,0.007349735031751353,150.89455965913749
2097,0.008774263174588777,73.02095891352614
2098,0.007308524921357345,112.00025020066698
2099,0.007192730655849635,86.9763625445694
2100,0.006365262433409661,333.646281808624
2101,0.007068050635482413,328.3753220718895
2102,0.007177059577667567,184.10768119427755
2103,0.007149066058996717,251.23752550709227
2104,0.007221519283260792,117.21450381904734
2105,0.006235850105771202,52.75250348625098
2106,0.006695268258716589,104.6910314855189
2107,0.00607190775760525,83.8385943369241
2108,0.00554625058744883,80.10453587550566
2109,0.007789333662219441,65.07969957812998
2110,0.008409604352458236,139.34218978466825
2111,0.006785644135371916,324.91643663568766
2112,0.00624085947718664,36.982707254599475
2113,0.008142972770468172,35.74844231221899
2114,0.007711686886491214,248.5318903692866
2115,0.007374969756839023,266.1784915080533
2116,0.007938733530235621,187.6760867219545
2117,0.008295376251791478,85.2405116006979
2118,0.006900589597189829,322.48491215849737
2119,0.007351476872955518,153.44699442899378
2120,0.005432581874252907,30.395221842450287
2121,0.006422739845014072,189.47794911265032
2122,0.006048443383546188,110.59226222901628
2123,0.00658307073675902,107.98768729281609
2124,0.006991533901921268,72.69201049715544
2125,0.006992106311874272,35.12461847586348
2126,0.006049396663690238,81.51754299304056
2127,0.007397217586942211,332.09763925083905
2128,0.006625119419022411,251.79777807295494
2129,0.006382140601103024,261.0743597765632
2130,0.005824257164600898,52.30687876439372
2131,0.006259414834128493,327.71790682336473
2132,0.0063494433945214205,46.75637737114269
2133,0.00624088677530479,83.80780403301796
2134,0.0063267391386956735,262.26742963859067
2135,0.006258943761564516,140.1613888090761
2136,0.005707694542144378,66.29095096486739
2137,0.006944016465916607,323.75308091892964
2138,0.006386601255388124,186.1805924279894
2139,0.007562733163132064,142.18240110327446
2140,0.007169897715259041,84.63676691165094
2141,0.008034337153234943,54.3195544725409
2142,0.011279648418763074,33.24533296660079
2143,0.007953050905087824,324.54235911632276
2144,0.007638210588711299,322.5657056967385
2145,0.006998922958857669,34.93503200413242
2146,0.007678512308912198,187.1035567113294
2147,0.007747356716415019,172.8652057738799
2148,0.008379526370028183,323.3730259025227
2149,0.007359852635440452,105.23074047710492
2150,0.008041996369763408,139.34821758231473
2151,0.007419613158329502,251.49643978371967
2152,0.007862661272438216,256.98545870778645
2153,0.007481252994197844,47.21651235315841
2154,0.008281827109448355,36.50908904990639
2155,0.007401330585785728,329.052236114242
2156,0.007684565592641574,146.0631670771
2157,0.0065979487632061,104.42578178464797
2158,0.007386341748238242,73.42352940061534
2159,0.00754381603607252,257.8924431210379
2160,0.007657461345858745,61.01198332355684
2161,0.007580256003043237,78.7134331309128
2162,0.007550439386152946,330.3974526474519
2163,0.0063213723592589685,251.55063337360528
2164,0.007034329704569049,79.60430786839223
2165,0.00734695271239616,179.36178307965787
2166,0.007818573141280054,49.404278336201756
2167,0.009122392747117005,78.0554703993393
2168,0.006799088321252346,260.93655169515245
2169,0.007603684582773922,178.1277282637681
2170,0.007530966079083539,63.251025467653
2171,0.007640912207604673,101.77395818893443
2172,0.0084705837578794,150.86061038542599
2173,0.008162725786049221,76.45882956912148
2174,0.007101200643267433,157.3046153626994
2175,0.008874747038905714,58.37086054675169
2176,0.0077747945864588865,182.9219938386282
2177,0.00677407805815781,65.17602860951907
2178,0.0067821223739590875,143.95292448719707
2179,0.00677921742205329,105.00739200504376
2180,0.00644651097659874,72.00194892862824
2181,0.008226573722574605,51.207531071323935
2182,0.007932394797159037,36.271231369586694
2183,0.008285707364258406,74.56939461978564
2184,0.00637148911327019,328.96784476678926
2185,0.007451646438325119,248.56243987759308
2186,0.007896908229807965,105.61167057863099
2187,0.007114349436114498,324.75170772330426
2188,0.007200713915989507,75.8946752286775
2189,0.006691633384504642,108.5075692039077
2190,0.009803184504813418,38.81875665922321
2191,0.006979540524329862,33.29773788060437
2192,0.007849079441519817,140.5305872761094
2193,0.007616487192770121,180.95947821107538
2194,0.007482474651843959,151.60214810542746
2195,0.008643915791673442,102.28832392018079
2196,0.007770654599675843,243.9330218165969
2197,0.007985079911906785,31.76692845350413
2198,0.007919735786004519,316.4605439994468
2199,0.008652790344983213,60.4802738236276
2200,0.007752586234068908,65.83054629120943
2201,0.008697092417596369,182.24192978755937
2202,0.009416859271807661,35.04008598490141
2203,0.007832198959083003,322.2695366311933
2204,0.008344366628915776,83.68066163241794
2205,0.007834168113816107,187.03914781506404
2206,0.007326404142077081,328.50292035758036
2207,0.006891977204269586,109.90566341817203
2208,0.007006429242448343,153.7113594486902
2209,0.006225014307731303,256.436832028844
2210,0.0057365947687759294,78.98858703430331
2211,0.006177969336099291,70.72847773691905
2212,0.006417773751924011,246.61408712800304
2213,0.007243488939350535,34.990361782942806
2214,0.0071553297457285225,101.30626633197244
2215,0.007261849972895685,45.85592345541156
2216,0.007264756715672915,111.27246501133462
2217,0.007794922590479613,105.36916577095323
2218,0.007554622430523688,51.440161807808515
2219,0.007350697415340192,155.18095903309893
2220,0.007491993886169002,331.43231432545275
2221,0.006679679395040786,320.3518036203114
2222,0.006641665407271634,192.80735451975107
2223,0.005981865405081377,66.47051763037352
2224,0.007332423385658051,109.33997202371222
2225,0.007636094135126437,58.558890648731236
2226,0.00874166641845547,97.74382851338142
2227,0.00881397191852588,30.756623579498786
2228,0.008424937046646815,36.60309318673179
2229,0.006925116749914458,62.08293344010166
2230,0.008270289135260223,73.0007819710032
2231,0.006196554885140027,58.43832972845176
2232,0.009176286708286687,86.96466609672954
2233,0.008506584412481805,46.896574961614135
2234,0.00820351770577826,65.01274859095443
2235,0.008628771509490782,139.15233872182333
2236,0.009467580086493399,112.60158624697733
2237,0.008792912273451109,330.06663226296524
2238,0.007699594877812695,183.1715502795038
2239,0.008623541703295464,107.2525336317639
2240,0.008680948313888843,85.87624751432284
2241,0.009284869445223562,85.04791100042824
2242,0.007604970417307094,180.41048109126717
2243,0.007770027355606652,67.23982425695272
2244,0.008103762011310162,188.26837764103985
2245,0.009033103609631249,72.3227201536664
2246,0.006769388339969076,52.01483454388598
2247,0.0068172185615717005,104.10841643083434
2248,0.008210118917913954,172.44284261312228
2249,0.0077284213729692085,67.20051836521287
2250,0.008075809501930892,106.56425323829528
2251,0.006826017297994854,54.67580902348437
2252,0.008132872095456163,260.55978585244304
2253,0.008585169018426148,57.43317122142389
2254,0.008205206915870523,109.11120062165053
2255,0.007852546366911125,35.096315806529596
2256,0.007789628992072786,250.99824098890775
2257,0.0075145297027616334,54.54064804452444
2258,0.007723020718850452,35.05233544353932
2259,0.0088579743019796,80.75833469486419
2260,0.008002767230355924,149.59471427607699
2261,0.009002351575700968,86.03583973609618
2262,0.008122449893311694,31.21222559898792
2263,0.00784326828241144,328.424845073605
2264,0.00735631207103416,140.3658169728886
2265,0.007154618052701498,29.38179436930541
2266,0.005505770306375906,35.29720616652769
2267,0.011337560000935231,49.842693116184876
2268,0.007236496390517114,325.77338627101665
2269,0.007814423220579401,60.82795943826624
2270,0.009244777868951719,72.64881974164688
2271,0.009396288458107955,61.18112574518646
2272,0.008937658868521324,31.593482721991833
2273,0.008349671697532627,251.7373295606127
2274,0.007210693737388832,152.3033658219348
2275,0.007003665046026917,265.76370947967513
2276,0.007832903704913532,317.8395653575168
2277,0.007451395456981216,88.89931408967661
2278,0.007423995126208121,56.15230145135736
2279,0.007614978788330912,340.8650802110473
2280,0.00755299416260194,66.43748694697356
2281,0.01020906492278485,66.8355414181258
2282,0.0078071519324631,142.95039882963638
2283,0.007575203933762449,152.7872173197607
2284,0.007280700497889287,86.13991259430745
2285,0.007101982858724255,335.8295651648869
2286,0.006772735579447312,48.629241126160665
2287,0.006723521906730037,262.88695486171156
2288,0.007355973088173133,142.21150954416458
2289,0.006717754233403879,253.6468332697889
2290,0.006667773738048378,49.93879985315198
2291,0.007273646780897437,72.3025237928241
2292,0.008197473218048907,73.00700158179436
2293,0.009199886770643801,49.89924290881331
2294,0.007318831851211444,174.8308004773919
2295,0.00798079857385942,32.95566440213487
2296,0.008831168874166906,37.08532297931078
2297,0.007758172459713459,261.5483892174392
2298,0.007089134505862758,319.3342397766527
2299,0.006738249583372315,261.05302073444216
2300,0.006983662000149363,76.44969498915148
2301,0.008298384961735055,83.1508257190215
2302,0.008526516758138314,181.60122347704004
2303,0.007119628487361269,182.25290220333392
2304,0.007106719412639415,105.31486030506422
2305,0.006887307894907339,340.6087649758918
2306,0.00820181617216969,54.575483494958334
2307,0.008933138579997266,29.399713176096025
2308,0.00786069940389182,179.16455029983152
2309,0.006834440864233504,337.12050622639856
2310,0.007202784378072184,145.35485850001066
2311,0.00760996116297132,140.9725695104492
2312,0.007072273272735236,46.96244239608569
2313,0.0071019097497772,260.72758576111204
2314,0.006879575485072564,111.07080117774575
2315,0.010172123115525806,33.073121114777706
2316,0.007132108998328647,153.3412047617639
2317,0.006499249295400758,80.12976328139737
2318,0.006027520393374665,34.338377338984756
2319,0.00669005118794991,75.71962253609952
2320,0.010356820586477281,77.92506265817799
2321,0.0076300118380459026,49.421424522411044
2322,0.007432948393356973,251.23417230969054
2323,0.006857581278068367,36.70973619623863
2324,0.0064079953444888815,55.36514082411286
2325,0.006691607058970616,102.64815300381407
2326,0.007513250927608908,327.6352989824217
2327,0.007843353139889455,182.60839865672696
2328,0.007451061798100245,333.47956167903743
2329,0.007337912202860087,66.34625201991962
2330,0.007793747026757416,68.10769757830049
2331,0.009616671390992043,27.94090055428216
2332,0.008063490392762118,145.5340154634407
2333,0.007955198383078331,76.48095486017372
2334,0.008580815368846882,112.02002022032622
2335,0.008395995398992735,149.0287361510149
2336,0.009785202433457756,67.01322201911931
2337,0.006398441261965139,38.34301513651983
2338,0.008302868109380003,106.84784032257758
2339,0.007919332438590216,185.56804457908373
2340,0.008560307629425204,151.90334426765187
2341,0.009355176473036408,100.99523473145838
2342,0.010541483812796121,52.38064743479136
2343,0.008561949763479161,30.848643680064335
2344,0.009442740734174521,181.36626542351044
2345,0.007485948976616121,51.921178580258974
2346,0.008313485788550741,33.04470958987719
2347,0.007508941571524536,50.66004678993297
2348,0.007856460762480777,78.33144254270175
2349,0.00843533514304719,324.1179097309641
2350,0.007510823846048166,188.9909125648806
2351,0.007741237091039759,183.29909283082984
2352,0.006037048588041216,28.174485535217695
2353,0.007832956614307272,253.7423837343763
2354,0.006658122821880335,320.85541671562305
2355,0.006345035658894856,189.73517149309427
2356,0.006916544757338918,56.01797226470395
2357,0.0066360200494593406,262.9323350186483
2358,0.00676657129258805,152.45622425502367
2359,0.006725959874437017,58.17997015121293
2360,0.006677251019757766,271.87373211790094
2361,0.006959172351149479,340.3173176398935
2362,0.006989783017533588,151.28969427949022
2363,0.006257747665867354,189.6027915469118
2364,0.006050842541240699,328.6079424043414
2365,0.0058507005645955824,260.7446728225262
2366,0.006348137203103944,153.89044237452634
2367,0.006041359168413128,30.885809366344986
2368,0.006730370535863295,191.297445598783
2369,0.005737923539049213,182.36261645612848
2370,0.006133810041956653,337.1402780312013
2371,0.006448989989831506,102.52558043005068
2372,0.0077039984512689095,100.84573318104708
2373,0.006783005295966921,345.857546637438
2374,0.007481884452731306,44.66870634937505
2375,0.006232513863572173,45.315160687544
2376,0.006483187709203725,272.19620586098887
2377,0.007198128453857298,36.55109117214819
2378,0.0071717601691735754,61.41639086087749
2379,0.009550501778833747,113.12392514692505
2380,0.006209171136399194,64.7138336325915
2381,0.006858326382211385,81.55481946796438
2382,0.009916307817023816,59.396851790016605
2383,0.00798767838813052,156.01939768226342
2384,0.007851814398096534,110.5453348103487
2385,0.006163092597050528,38.41938105691588
2386,0.008295529131745834,56.06434152409941
2387,0.00755925276195778,257.06730450814365
2388,0.00653335721681987,115.61806814654558
2389,0.008243015198771037,61.32580951841924
2390,0.008481406159433318,147.5980112991365
2391,0.00936422942824469,33.790653790881
2392,0.007982025475353753,149.23927186164875
2393,0.007202570145155358,329.7780536694146
2394,0.007376909986587948,35.30897416814613
2395,0.008619955772332646,81.01397433186446
2396,0.0069839848595595845,88.21425254537299
2397,0.008402172892945944,84.12132839951478
2398,0.007320018868129526,340.5466772183953
2399,0.008380877782738853,51.98099486991896
2400,0.0068622407882269155,65.9910383782771
2401,0.007971345384849898,70.78850151737724
2402,0.0069595658232256856,54.02332709694065
2403,0.007471818208522014,337.1093738474358
2404,0.0054883811350340365,56.95917821791851
2405,0.00788867897630306,73.2161696010703
2406,0.008591533225486413,109.86009124225988
2407,0.007670294140176526,37.92805425192694
2408,0.007981718390923204,180.48728460944227
2409,0.00822432478791166,60.99073166753281
2410,0.011022518758244556,30.052288563540422
2411,0.008266751816177479,152.02707911275294
2412,0.00724963420633053,65.15846458675591
2413,0.007925931755966365,69.27472736174774
2414,0.0073736418869077445,329.2041958876145
2415,0.008582109135800394,35.907349466673615
2416,0.010052992967592383,51.389177368025656
2417,0.007727667482238478,112.17440075242348
2418,0.0072448171553193014,116.09738924287875
2419,0.008805170458923015,70.14213500874985
2420,0.010869507386814803,57.84130132631973
2421,0.007557691464530186,263.2555978523036
2422,0.006635416850437816,270.96881225582547
2423,0.0072929793093728535,146.06344755927844
2424,0.005919396512168037,48.41782172461572
2425,0.006641764599253755,68.1063034607763
2426,0.006278299474970327,67.39750907033303
2427,0.008452902235272262,65.80893213653879
2428,0.0077441706764391745,199.78108933944674
2429,0.007914128745734167,151.97672896288205
2430,0.006470632534237569,332.84910313908745
2431,0.007806659565579096,142.8027052157244
2432,0.007233505193627781,260.18031308938566
2433,0.00684815069167009,271.04409447785457
2434,0.006373448933188159,116.94738330187417
2435,0.007368703291520176,150.75767643772627
2436,0.007387640596977596,32.71670607058245
2437,0.006709813342736611,44.53740562706302
2438,0.008887235071221045,31.08965309505195
2439,0.006955811581891877,47.378703932006516
2440,0.008215859822407997,68.41587576874372
2441,0.008127463535996728,115.21411337468118
2442,0.007851146597491159,327.4347898335196
2443,0.007499388509360267,323.45192683458856
2444,0.007679526599531528,116.24437516928728
2445,0.009384852141575438,36.14991486499132
2446,0.0069003737604608605,70.03363623607281
2447,0.007430386996192455,88.45331404571654
2448,0.008196983284787419,173.70451050386458
2449,0.007323162060029889,50.21079988970966
2450,0.009065107451139748,184.04926615416764
2451,0.007850991726048629,50.78005403884861
2452,0.00754969978624638,180.63782126865905
2453,0.008634525549624272,276.2719243080794
2454,0.008321465091716688,65.09236233321322
2455,0.0076826281540372686,72.23530755139387
2456,0.009419274652890604,32.6227250072611
2457,0.009508052455864592,51.03472029089453
2458,0.008323863408779135,262.7294173954252
2459,0.006900648836073322,114.87441801544159
2460,0.008607055998604314,115.43604569327027
2461,0.006909084080127787,152.14228025967915
2462,0.007113079798433023,80.32458391185011
2463,0.007110044911160465,71.43386469309525
2464,0.0059689905837447006,145.11255807956312
2465,0.005907512227763775,33.1655874520569
2466,0.006845611430592193,33.62175333290693
2467,0.007620946621941163,191.50103439508217
2468,0.00918434068984256,195.97054075328998
2469,0.00860274532337476,110.57508887927492
2470,0.008944957074576947,48.24716371636875
2471,0.009265386249054373,142.5954004377527
2472,0.008450987199187064,108.86814205151336
2473,0.009444452724671242,76.3264040695714
2474,0.009465974912116606,86.14478598253972
2475,0.009499685648138282,31.346939067876797
2476,0.008455293328043515,72.30214506230185
2477,0.01009768810421666,154.3297106756928
2478,0.009038380304151411,272.91923262732627
2479,0.007693687032647054,87.13424703763657
2480,0.007434370442648831,195.54020379963185
2481,0.007603186721798969,335.53251109681133
2482,0.006737134280866062,349.43489458436306
2483,0.00640261689421327,145.65135629860814
2484,0.006264922652842439,193.63250770302233
2485,0.006163133238093816,260.4023021257425
2486,0.008339818467819978,54.09317823208767
2487,0.007235232522608555,66.5459266476193
2488,0.00660752446467261,349.5578016554302
2489,0.006660827928517955,187.33022558043828
2490,0.007549198242879749,75.43428048049063
2491,0.006052967760205619,146.66332274520505
2492,0.005729091475421394,54.342202567595585
2493,0.00744377830918753,104.68364342252572
2494,0.007121095880741041,147.37410150660872
2495,0.006256776411281799,351.74689438898486
2496,0.006062335118678255,116.85616126146674
2497,0.00584704483972787,274.1946622771375
2498,0.006316153306026487,143.07523687336183
2499,0.005992918716568146,265.6384075151787
2500,0.0063709543634055035,81.13198446826239
2501,0.005436525132910493,351.0138325189853
2502,0.0060998800274154,55.29766618560694
2503,0.005291209130644284,31.628359010993844
2504,0.005144947675605289,60.73394445208629
2505,0.0058638314046126246,33.893470377632376
2506,0.007650762159418142,199.07967191513532
2507,0.007828651505907804,38.34797929503439
2508,0.00703732754907027,155.97952373220835
2509,0.006964469619560987,34.367970187283696
2510,0.007759852015314931,182.84142593833576
2511,0.00910936046696814,35.801747450298606
2512,0.008213151118760278,154.44698007307764
2513,0.0067376566519008274,57.000627232919776
2514,0.00808483405993544,119.11577713816202
2515,0.007305980454971591,50.02148286451474
2516,0.007238588933086902,272.8440110394439
2517,0.007088506447769487,334.7729313969253
2518,0.0072626287423395615,270.3859555151564
2519,0.006488499325360724,74.92195202861595
2520,0.006414224304791678,150.3775497557678
2521,0.0065356144768884405,50.17568582381406
2522,0.00729540482131859,72.49542502377054
2523,0.007309712611950582,79.37328612566526
2524,0.006368222505409509,348.0237985056987
2525,0.006126341792831639,186.955081100964
2526,0.007672674287560171,34.80386388494188
2527,0.006468216146458872,53.945465638111045
2528,0.006782651115592914,185.31642326285984
2529,0.006944498927973679,346.6745338295644
2530,0.0068017474830132695,104.45519511694015
2531,0.005595840597871339,86.62351988995768
2532,0.0071795370633974355,72.50795723569911
2533,0.007979853895637367,30.445858193929823
2534,0.006641735643515671,186.94828375052057
2535,0.006834294758743088,190.10111823141256
2536,0.006920932206692389,116.5294915715357
2537,0.009369079540854065,48.9321077674061
2538,0.008798063081547113,73.34191640677834
2539,0.0070291332661692706,192.7353921453404
2540,0.007660481610169666,71.6925387410086
2541,0.0071884710262317885,48.35025880423378
2542,0.008316478027326584,86.60390676004529
2543,0.009183120709073183,36.729808337648215
2544,0.006736102064364943,36.606694802317165
2545,0.0074349933155913985,259.443060991976
2546,0.007267338276839107,261.8510009448247
2547,0.0076691448858410526,81.68233971481426
2548,0.008003115082498301,56.809986218126475
2549,0.00823132468533497,74.62256496615304
2550,0.007848782447133128,268.0653355976871
2551,0.00701373683782672,81.68391451057784
2552,0.006240980867005419,48.95640717636779
2553,0.007542391464872689,198.37219113960555
2554,0.007181136259813937,195.0148519295651
2555,0.006100632877373563,264.75120171716026
2556,0.005823920433282514,47.52104046686481
2557,0.005680612024527681,152.397485696562
2558,0.00673258505941538,51.49095255369412
2559,0.011818828095344762,32.40209143614904
2560,0.006363650173502597,85.4628272089012
2561,0.0065819534100197506,65.44270278508509
2562,0.00776879988440599,117.22108608043392
2563,0.00625416630933153,256.2911078883446
2564,0.006698514379015,31.865240541556645
2565,0.006022683069694232,105.78875809075075
2566,0.007632284340533343,56.06462568062755
2567,0.006050480911026484,34.1207352670812
2568,0.008117298626111831,347.2196972258493
2569,0.007252343540039264,160.7085587348103
2570,0.009374816851711577,46.40295282606881
2571,0.005926933826215692,72.41312956699585
2572,0.007165680924071378,66.48156945230382
2573,0.007374723180264388,187.36772157879957
2574,0.008264875302179338,79.89088595412161
2575,0.00680549654322837,32.970600501770924
2576,0.007870037906768813,146.98654612595337
2577,0.007928210304023443,54.561018092585094
2578,0.007352395886714062,51.78625647981797
2579,0.00900184116802517,59.21746012987756
2580,0.00947035400101661,56.78839122041914
2581,0.008325053737700308,117.13777114693397
2582,0.007599382287816413,153.24882071455465
2583,0.008364454552651564,149.2485218647822
2584,0.008018709627770439,258.67989056733694
2585,0.009150018427793965,33.48506321911032
2586,0.006963167960004119,44.6722740466607
2587,0.009185899626083063,118.00863162989135
2588,0.009114989009607683,145.15678640645982
2589,0.008304700555871366,77.54132206365142
2590,0.007648092508706092,193.60146042121949
2591,0.008952159554918565,59.51148363215011
2592,0.007364371058221707,155.39481228283188
2593,0.007391390440341852,340.5820494091323
2594,0.006942010943217807,84.00544731603188
2595,0.007431184610263822,80.19285333280764
2596,0.007984581753466832,82.54293163497435
2597,0.007116053881586198,146.37014504084047
2598,0.007273117205969216,270.8596112366643
2599,0.0059471598561713955,197.2305950683948
2600,0.006448983995696495,349.84813448972955
2601,0.005870075438522071,177.18707552144852
2602,0.007825432597833165,66.29420792199899
2603,0.0060091661420203875,157.93879799705735
2604,0.0062569978957115495,352.054147615893
2605,0.0072073934779099715,85.6569468246736
2606,0.006732302929599763,151.26824852788883
2607,0.006381226296070963,114.41075155923
2608,0.005735642737073993,54.29747917252828
2609,0.006944185162768052,336.18516131353874
2610,0.007353876442082126,87.84722288750179
2611,0.0069856702482227135,83.92290326720199
2612,0.010402975663468665,49.36958782473759
2613,0.006472691628530393,346.7962363591908
2614,0.006766551675854585,272.84615230340904
2615,0.005745564683771541,81.18759919490813
2616,0.007373018285048798,80.76138003460461
2617,0.006933452780336106,110.28450030083735
2618,0.00689653685471143,154.55801331687414
2619,0.008179562196137389,340.72573543575623
2620,0.007834954859224037,273.15986401559945
2621,0.007160064812793075,272.3517559887896
2622,0.007178503328389725,72.63565456997728
2623,0.006933155341975312,341.48287031551877
2624,0.00632072461458959,350.30783219360956
2625,0.007014799065253665,37.04570030224016
2626,0.005680176226843077,102.51772499252073
2627,0.007509015096803102,157.464185067283
2628,0.006578178772046654,344.9049490571451
2629,0.00714188608561148,194.90296649785267
2630,0.006879880131096938,111.92348602330303
2631,0.005824141160308107,76.46719299871783
2632,0.006897355398185076,162.5613191255302
2633,0.0068138733890311005,345.3134070358793
2634,0.006082704577488737,152.66081850596336
2635,0.0070308110147239995,110.34174101832413
2636,0.007686881850280896,39.18652196564115
2637,0.00846766044008385,34.36692582615749
2638,0.007730477006171478,76.80063365502988
2639,0.007969451519169819,80.81772791180536
2640,0.006917643390597781,340.23720918216054
2641,0.008020391864024016,203.2126974280362
2642,0.006134016112151459,35.89220231221651
2643,0.009471202061500993,55.78640999783473
2644,0.006484419027743424,155.15685175860932
2645,0.006690602521674419,270.1365688125012
2646,0.006695776309987361,52.79582605000052
2647,0.007481356413922454,160.5533679395628
2648,0.0073264603868026185,77.6510388450577
2649,0.0064206094334598,352.1435911877411
2650,0.0076290110621396135,68.61813233978043
2651,0.006712194051942788,56.38269550477992
2652,0.0072999002264082635,83.64424078346096
2653,0.0073560396062610275,261.9730472691586
2654,0.007680525825820111,120.6944529569388
2655,0.007083113739468358,78.24262731672857
2656,0.007504905764633318,277.07720497799255
2657,0.006626455939051269,67.30147195531333
2658,0.008639588287395954,82.30426496198852
2659,0.00661460964395453,57.16054846258991
2660,0.007023157456457669,109.77829725209958
2661,0.008002055035190801,264.665578399763
2662,0.008245851576201996,74.63335361189807
2663,0.007055445763645536,61.78846093297447
2664,0.008682284551370587,88.04862207293023
2665,0.006747925105800449,77.09841802744701
2666,0.007646326579930955,69.93157892942142
2667,0.007802318096818293,337.5594973207639
2668,0.007285871268060173,348.8734944373053
2669,0.005962322742445083,340.7007801807814
2670,0.006986172176778767,156.23640201663983
2671,0.0057358428482608545,31.834911832216395
2672,0.006413963063096162,108.18248215355287
2673,0.008143943446735979,56.42881204179866
2674,0.007342309371959219,349.5094040676929
2675,0.0069269850779896044,187.5688762234888
2676,0.007318435669018522,191.11693345433864
2677,0.007272017607729967,52.49052988761979
2678,0.007056678545890976,159.838722362024
2679,0.0064519022928615066,38.463484893265026
2680,0.007352530691794576,141.62161058871646
2681,0.008635767247129403,267.388041941098
2682,0.009125558945454722,34.072278883832325
2683,0.007348808455218033,85.24290494222798
2684,0.007543457754871855,69.17327031572069
2685,0.0069629153168937865,197.93973518913967
2686,0.009640717796644131,37.19694060719927
2687,0.0073427185750232025,155.07268217855062
2688,0.00793719398166888,33.64666817053393
2689,0.006991339351357469,56.454933319438126
2690,0.00935159341580319,49.581688742906195
2691,0.008651766811313931,121.8114218889426
2692,0.0067135467897337375,354.8705969287378
2693,0.008354001270069194,37.704006102421474
2694,0.0074074837124302375,78.30946021013837
2695,0.007584273841524272,146.24486161317006
2696,0.008638700940677483,150.2765217292706
2697,0.006939991839054837,181.34295978862264
2698,0.007286089099999607,102.26823611708531
2699,0.007129455524731965,185.30303385444395
2700,0.00679550602518279,37.15668782220387
2701,0.008156947678120776,67.75991766644324
2702,0.0077747103020334865,78.74900629541034
2703,0.007311017528991215,106.63439626809047
2704,0.006987220941317712,154.95192918269544
2705,0.006361597458478706,33.96933346745972
2706,0.00837478812880839,159.2416714691883
2707,0.00889310586983463,158.7826175988171
2708,0.007414965372217793,279.29375406712853
2709,0.007683520136172914,155.52209049028053
2710,0.006675477842890588,349.92167521222353
2711,0.006932816056779318,66.61826514248423
2712,0.007050766300940618,117.58807420873973
2713,0.00882843785935124,53.50501350260606
2714,0.006632750964289981,38.21657795315849
2715,0.007436507416753454,186.5449739448305
2716,0.0074291879536142035,64.9103933160546
2717,0.007705893405333891,186.71765407031907
2718,0.009032200924015011,51.393466762085694
2719,0.006919012864102873,349.6343665046101
2720,0.006234790809392373,162.56452927859195
2721,0.0072656952672306785,281.23189308578975
2722,0.01047922061467222,32.11404504015344
2723,0.005215197567755742,33.860623862913606
2724,0.0065215198379659205,114.1195679750327
2725,0.006349597248682302,38.01995737441287
2726,0.008923085389904224,84.04843006960594
2727,0.010042851931013336,57.58201799738149
2728,0.010061317100781569,72.55128678580908
2729,0.007034482287316468,351.3768676367341
2730,0.004847634714177071,34.33233896339633
2731,0.006369353309062056,50.99207207151976
2732,0.0081393855025767,32.469205492670646
2733,0.008639564122579312,102.92489402458759
2734,0.007435582384293322,269.7672204571112
2735,0.006339088867042658,154.73398421558605
2736,0.006797505162963221,51.38329498019276
2737,0.006155648126250839,37.335567530159736
2738,0.007859943048690464,111.04201069119749
2739,0.009283300955967907,114.95650310795399
2740,0.006013944153726863,52.9184766212269
2741,0.010766853025415912,55.52704166246891
2742,0.008506347703091293,50.022269341396516
2743,0.007999848881669235,117.1895055064775
2744,0.006935382239532027,273.72307732961406
2745,0.007430247916580321,112.0369522943739
2746,0.010257614605883458,35.69688801556418
2747,0.006786828549649595,203.589083134775
2748,0.005798567088302815,269.385249454814
2749,0.006619324226943376,160.11276741784
2750,0.0067878567847721675,261.4737145815817
2751,0.0057660985629821955,270.39767037931915
2752,0.005392208728153491,121.6182882131126
2753,0.005971533862402,158.54588017446585
2754,0.006048961391813809,351.13705783491815
2755,0.006590437159152666,103.51924375968599
2756,0.006120562794351896,120.15335327373458
2757,0.005707056394923301,271.39583676679325
2758,0.005372736874136499,157.28449120074336
2759,0.006824820256551286,66.28330289706636
2760,0.005390048687125451,197.49162798439457
2761,0.0050524340998702524,33.677841265712516
2762,0.006441081979744849,155.75168932201487
2763,0.007203075170064739,110.9104861916371
2764,0.005298698585565117,51.02592020253384
2765,0.00531381816276385,117.97740836372628
2766,0.007867201566507385,84.45919446717974
2767,0.008176590002148185,92.10790216286287
2768,0.007720638704861221,161.97373229153075
2769,0.0066507333043880545,339.7716721990816
2770,0.008570048238853213,71.23208139789875
2771,0.00657618339395525,204.14537969319446
2772,0.006613138043005966,62.22751104043791
2773,0.006954960126234722,86.07977821851036
2774,0.009370379374349095,110.12473492898626
2775,0.006905212146979835,66.67566235150562
2776,0.007434075451375724,32.80225523178237
2777,0.006191291458612718,66.88838833433219
2778,0.0069608264652049265,77.07129020443546
2779,0.007177500702925602,199.98930995315015
2780,0.006773280439645046,273.63213413136424
2781,0.007249162263253742,183.40837259893587
2782,0.006678274616633461,152.7840890901761
2783,0.009738536443208056,34.66176321287437
2784,0.009094546658531526,66.49349160119755
2785,0.0074914054134704615,202.93067915067084
2786,0.007382420588174235,67.77560758451985
2787,0.007591795208517814,81.78739733904904
2788,0.006978207888373695,68.62071036916784
2789,0.007388700219815144,78.81088311144055
2790,0.005501043120272119,52.021640247664344
2791,0.007177386170644215,276.54950630256053
2792,0.0077388901424048275,34.38885529248064
2793,0.007546439431796505,77.03628111766302
2794,0.0072401276505989764,157.7253379943861
2795,0.008350344637203647,66.15851118773227
2796,0.008488103508872712,155.92864987189301
2797,0.007526710759980374,191.61139906947483
2798,0.007237604738219414,91.4065210703314
2799,0.007663602062822655,201.35919269778148
2800,0.006770335136521185,51.48468401233044
2801,0.007293864794449361,112.55292986143732
2802,0.007522924470303571,194.4358379183125
2803,0.006858638150620606,152.5418156994401
2804,0.007099537968577952,187.7676287447941
2805,0.005932063355100003,56.77656497287089
2806,0.006308535892574894,355.7631759532829
2807,0.006601891950044197,279.12688873331905
2808,0.005665037767771123,53.8329703589386
2809,0.007138524247659995,150.60007455639683
2810,0.007919185481584263,162.09038362959015
2811,0.006591767378890374,349.21646420338834
2812,0.006593555689481011,79.51421166474145
2813,0.007412864658611149,55.49322410867695
2814,0.006911056993352571,35.09053803235982
2815,0.005564455088305183,355.81431749357995
2816,0.0045193505489309746,57.73428554754805
2817,0.007023651294399646,50.13567215249165
2818,0.005651764351131275,358.66212197943196
2819,0.005197285990328276,80.89648172291501
2820,0.004965645374564486,61.7155633122018
2821,0.005553811809796891,81.36984602511356
2822,0.005695967198397708,35.39860097330007
2823,0.00711476060775915,153.49333028429166
2824,0.0068097140522982505,352.6993153710734
2825,0.006955692530027591,91.12300904652146
2826,0.009284781767663926,54.147349878225235
2827,0.006889545863365411,361.225868217548
2828,0.007669710308655584,153.97801786229488
2829,0.009420571624874495,107.2654563288045
2830,0.0066906366418362055,110.91199366690205
2831,0.008491545924976057,67.00436553991402
2832,0.006378737292134198,360.1756757584504
2833,0.005151787916309497,53.15859896443576
2834,0.005238248792011291,31.50451278046915
2835,0.007895235508013602,57.39481181360925
2836,0.00788880055632158,61.5421306046214
2837,0.010804827461966355,51.258678521656385
2838,0.00636118621464861,54.25161008547467
2839,0.0072758490519933055,355.1358054589873
2840,0.007603787358014167,47.704917495117066
2841,0.011041817104781112,33.48199631639163
2842,0.007937509785326004,34.91824390168028
2843,0.0067619783902477665,70.48735519139645
2844,0.007366594439433907,278.29492136932936
2845,0.006600840973575388,203.7078035949683
2846,0.006678352859135256,200.19245488071883
2847,0.0067649584667083835,85.63662557508714
2848,0.006281912994333219,356.41837077869104
2849,0.006065615745042828,280.96263329107535
2850,0.005217529554985805,280.1231194766803
2851,0.005257904944376127,199.34964052006302
2852,0.005571447965867827,202.60608813385554
2853,0.005506082716097948,109.16019229655369
2854,0.005651756105186642,154.5190887477275
2855,0.006333361609148609,275.71439981765604
2856,0.005991564726255919,55.97706143734829
2857,0.008561465674449271,35.55026691968377
2858,0.005461130255094633,37.17575970771151
2859,0.008895121057730344,165.54428212217272
2860,0.007100763305819987,355.20750481402825
2861,0.007129136812320705,71.90409282683265
2862,0.007499508701328804,267.76384828646474
2863,0.006333018425080604,284.9840451640311
2864,0.006169531829773454,359.70267507659383
2865,0.0053435183472174685,114.91366931787205
2866,0.005877920445570435,159.74678419542323
2867,0.005762580887261378,160.92367345476305
2868,0.005957078534364071,86.48836865877978
2869,0.006034084579722969,163.4299299319363
2870,0.005290205419750221,63.91836812897093
2871,0.0070894635612958,71.57869323295837
2872,0.005894978951621069,361.9056852814866
2873,0.004877329550454614,72.41670026489011
2874,0.00637664565850065,72.16525158630122
2875,0.006363227724757095,150.53187877602073
2876,0.006182057449583202,163.4811140773241
2877,0.007551928672739523,154.82755493342532
2878,0.008120202515629452,64.97698587007756
2879,0.007285094261148938,265.2397890883615
2880,0.00623011603952388,354.56946730053534
2881,0.006545380420968435,197.46684555898204
2882,0.006027779377920804,112.04145793260288
2883,0.0061549815039497685,72.68705306031625
2884,0.0056844613558262895,364.66090520723867
2885,0.0062291506725490435,56.206436447113234
2886,0.006343681351439554,73.09764057372098
2887,0.0062865855485450105,262.70184188248874
2888,0.007985586621638003,35.81204268767473
2889,0.005848552576604892,49.73699017358426
2890,0.006544123606104644,199.32060579913738
2891,0.006647555343954597,366.33334194532506
2892,0.005920669730201135,355.0596023153814
2893,0.00714033832828258,163.98917144510142
2894,0.006649060113655435,63.78712849395506
2895,0.005845110723297461,366.60550254980274
2896,0.006330674791930481,144.61872353480322
2897,0.005347836912118805,87.32097026142691
2898,0.006003092969710361,284.8872365137796
2899,0.007150012570688174,83.40127769660339
2900,0.005606122554961554,189.4456931567791
2901,0.005737113806526152,354.23998704221185
2902,0.005900777191412307,262.9248219870908
2903,0.005292874871421669,75.5071145746013
2904,0.006062804292014334,120.09054930325453
2905,0.006466256211720535,37.005633335236865
2906,0.005150120517310615,113.2244150303562
2907,0.006746919736411355,198.06392663939266
2908,0.006218822327880426,354.03210796120953
2909,0.006325934534879238,197.56424324877756
2910,0.006218900265876219,342.1975095902944
2911,0.00577920392144635,90.30960869649351
2912,0.006869216585702157,164.114394867892
2913,0.005392118284362368,119.30051456860284
2914,0.005572765749424103,58.14297507347744
2915,0.006201736627436067,90.54853101239915
2916,0.007726214516583855,84.63802121037766
2917,0.007705872722294157,86.08961587283726
2918,0.0063534213519807065,362.04893350001123
2919,0.005922863572777715,201.34740925752024
2920,0.005294112048711843,113.12101367211618
2921,0.006856107959579204,347.23667989261605
2922,0.007182441930034024,67.26514394692137
2923,0.00830094245712048,33.28891261179257
2924,0.006303705321438113,355.9114067129122
2925,0.005866334405677881,360.26355633036343
2926,0.008956683702277148,31.172111281901067
2927,0.0068803887223179904,353.91464371436615
2928,0.006045454521144337,76.99371188950497
2929,0.007641384541504801,108.83096052686004
2930,0.006587677786648363,118.94057373979155
2931,0.007682003031516353,62.84135651812712
2932,0.006173993208704586,350.46766114626814
2933,0.005482642529091823,81.67963515697504
2934,0.006197636018859575,80.11075719968042
2935,0.0065683884863638395,280.9791939046708
2936,0.006865318356446821,84.4753166388098
2937,0.007037134324211645,108.68084516471157
2938,0.005825153147060729,119.79407551421215
2939,0.0072288868723879175,71.0394569748967
2940,0.005914500968753022,360.4101667626302
2941,0.005353928283949502,360.02446055540753
2942,0.00564873652885957,34.27102427062142
2943,0.005150338546560464,161.33410128606374
2944,0.0059535614317110875,280.6077244156514
2945,0.005948153400976493,274.12898554770516
2946,0.005553792762454868,189.26495591599442
2947,0.0058133012312704445,202.27887723864416
2948,0.006626852477112011,274.70821821479194
2949,0.0073288858746729186,112.08831378209496
2950,0.005440142912378248,116.12067756418512
2951,0.005839962762916579,283.73087435862146
2952,0.005392637701657743,68.5754726652542
2953,0.006566495668196764,120.76228313438541
2954,0.006018070101108239,166.8197478449921
2955,0.006385025171280395,364.43443923447524
2956,0.007330002132882576,57.97494574172161
2957,0.005582236250947145,364.10761068348717
2958,0.005817139912810682,284.1495808902248
2959,0.0062800241955871675,70.05421410922956
2960,0.005877629677471164,284.7344490693568
2961,0.004519477594997092,38.820823929863884
2962,0.005540891697556827,363.23535423429064
2963,0.006069894393966444,113.13935314453828
2964,0.005240802832054062,159.69646783763895
2965,0.009680354297321675,33.0838364049769
2966,0.006404671999411085,354.95021427550597
2967,0.006895153998827435,72.21938681282754
2968,0.005612305873619709,197.43005015368277
2969,0.007269478917640465,55.57949059684997
2970,0.006623489124070726,54.97630982631108
2971,0.00707034385263843,196.6200944156015
2972,0.0066179802043524645,108.07870368966468
2973,0.008902025770194914,51.245013139398424
2974,0.005598245036498366,110.19448017694506
2975,0.006575719453394413,198.71998801955826
2976,0.006653796317118962,63.87905900709235
2977,0.007108323788073041,68.34496300017547
2978,0.008276787748260316,120.03886048311075
2979,0.006499715603212346,192.35537997963502
2980,0.007547513628618542,186.65694185790707
2981,0.006314615869965657,68.24602423193069
2982,0.005843406181827929,362.22433215615814
2983,0.0058160918886263875,160.55277451680445
2984,0.0058899054486325686,59.05073551509891
2985,0.0073161900893911344,69.84936277702758
2986,0.005545547572097385,150.57534289859598
2987,0.005993018302593983,351.7556729830554
2988,0.0055777098959223035,199.3801809953273
2989,0.007322126401635676,68.86993662457894
2990,0.006439513532595683,280.23401864845437
2991,0.006672916125892899,62.962917768612584
2992,0.006414807490231892,55.1497419897695
2993,0.00717730615662916,65.45664765047414
2994,0.006647664893141671,90.32562714520105
2995,0.006988826764707203,117.76883171220128
2996,0.006534640076249876,156.33625193291726
2997,0.006785999853904782,56.943908275267425
2998,0.006632399538547957,35.56642682912437
2999,0.007445709442366093,116.10853738821382
3000,0.00826672637920407,285.70537212838366
3001,0.00761618861948731,119.11017041413488
3002,0.00731803931100246,207.09840545145295
3003,0.0066025832459862205,341.34968253473363
3004,0.0057529731088742965,160.00836698652395
3005,0.007076911769796756,47.14301956976717
3006,0.007952778033811498,90.0535550912603
3007,0.007716802211899239,111.4118961902928
3008,0.006368878198923661,288.4266246602178
3009,0.0042410713925572305,38.215197421187334
3010,0.00711710411868647,360.4679647835713
3011,0.005773018292627013,363.64149973126337
3012,0.005588364025012633,275.1817298598466
3013,0.004698008221838763,194.23065194086712
3014,0.005202297626552892,194.65568186613058
3015,0.005335432866004185,71.60568149496238
3016,0.005523187601819004,359.14542667926565
3017,0.004244363900274825,86.85412946426833
3018,0.004592278051564495,89.55707874345522
3019,0.005882996952326937,74.47082106940415
3020,0.00543132820371604,280.89865936427094
3021,0.006527802567606242,53.39423344959149
3022,0.006788271843399477,159.00011096560135
3023,0.006736428999532833,358.378592889723
3024,0.005795247058346364,78.18273950062165
3025,0.005553905487741036,205.76081411958324
3026,0.005063043519889156,90.39604538547191
3027,0.007147594877592796,55.05479299159167
3028,0.005621830521373671,51.054628381029545
3029,0.006333095638000175,164.4178968124543
3030,0.008262944786110893,57.172647763253885
3031,0.004902142842845272,51.3516552168459
3032,0.0067741232288003415,355.53802351364743
3033,0.007144136859944595,67.3682946035704
3034,0.0064872143354768545,194.0805713750023
3035,0.008355817127298435,35.15760684294641
3036,0.0069660669887269535,286.60918527795565
3037,0.0077415973927738874,64.40561532841888
3038,0.0067746681670152785,341.55916429561
3039,0.006239980876532589,65.890281433122
3040,0.006453057305650911,189.05564379692012
3041,0.004411264035628516,51.87727371760582
3042,0.0060011150967827775,356.6938975820796
3043,0.006153037294015204,56.4182087724172
3044,0.0069004020761685055,108.89396173719251
3045,0.006581836099609394,56.56784629356867
3046,0.007131784750247159,116.69108845883999
3047,0.006353865203432038,206.77353194213757
3048,0.006136657058959827,119.60613528319689
3049,0.006937292163382989,88.84608590074748
3050,0.006451472479966469,284.2679372332599
3051,0.006300959452346433,362.78588393978566
3052,0.006779438798692123,266.6087641793769
3053,0.006319187645997302,159.23605173792876
3054,0.007669724608372929,70.24393647526291
3055,0.005810091359701284,87.89286467627923
3056,0.007107740443720782,76.77510238096077
3057,0.007162566926224925,86.35241818197635
3058,0.007984324799591295,52.10849115192549
3059,0.007198474748852627,120.37226015387547
3060,0.007471057668665488,36.50170013123792
3061,0.0066266364751341325,355.3344508543931
3062,0.006784240320356871,278.3820468963521
3063,0.006813798220072076,203.05136597778755
3064,0.0076845316235938715,119.08706636710488
3065,0.006236263919985271,366.630730510043
3066,0.00655725398934698,76.71412135236967
3067,0.007204811944157464,88.23248357845021
3068,0.006255331641235917,197.48050607291233
3069,0.006374922376419139,286.35068455543035
3070,0.0054072116310215695,116.03078963642488
3071,0.005931025212534617,205.2620212681012
3072,0.0062038462142068465,49.21596601212443
3073,0.005503201930202235,368.6395117737997
3074,0.00569697618672816,362.4654167153638
3075,0.0058480164642222355,84.58056748843593
3076,0.005509712948400716,69.93800314326856
3077,0.005597101198415954,365.51372872582965
3078,0.007863651520516402,34.159995983558346
3079,0.006306182505795732,287.23275830338844
3080,0.004150459663254547,58.68969276574549
3081,0.0059846000258403365,107.33103545794445
3082,0.006847585469166426,114.17955315505355
3083,0.006631690940676807,52.11741234063827
3084,0.006925867626859157,290.32111198254535
3085,0.006381882487941356,285.4217444454804
3086,0.006068927964500697,36.09148280214476
3087,0.007315096641100018,166.24972574454415
3088,0.006841197381700939,57.490483442370476
3089,0.006639768263581929,201.8894408417995
3090,0.006635448424332804,195.5696610008705
3091,0.005393783252708398,284.4283141853376
3092,0.005296165872865599,122.69574717555018
3093,0.005911497004133933,192.02567474869917
3094,0.005635353475977161,280.7611381800108
3095,0.004091650301455268,82.98287382801816
3096,0.004983489441781722,32.13746272335918
3097,0.006031217322538075,291.8773747210754
3098,0.004784643839502192,373.34510896471886
3099,0.0048596403818445535,281.1368125275414
3100,0.004243686175124656,51.487137990532815
3101,0.006054226095432934,195.1763386535581
3102,0.004393126886743876,93.04632649157796
3103,0.0052274987903959775,273.3756528616242
3104,0.005590846458455251,48.34124177049412
3105,0.005626705078021907,85.378186396812
3106,0.006004618910453045,68.7154197988679
3107,0.006366122875848445,123.13617719718137
3108,0.007661713585297674,34.21110191558532
3109,0.007023294738666244,124.01606340329747
3110,0.0068452856774962765,200.95318075944252
3111,0.007851583274720462,160.21457785853787
3112,0.006295920802817849,152.03970039511609
3113,0.00747676901015881,89.70737377344054
3114,0.0067112872853500715,209.5321582491824
3115,0.006888766491052543,88.65327297959743
3116,0.004977221457710794,125.42431022941305
3117,0.007579192154804063,159.11422184166938
3118,0.0050205942720886396,281.78359346239915
3119,0.004488716091807212,59.166057280492865
3120,0.005229738661377081,39.59252646928461
3121,0.007372005352580517,84.45442170653803
3122,0.0067769095917309145,203.0047661631222
3123,0.005315727670326826,369.00727566723185
3124,0.004991653997234439,209.70796704777035
3125,0.004772704650941711,162.44437877146734
3126,0.0065171209360463484,166.40014585131888
3127,0.005984998376833842,279.12118636000986
3128,0.005090241496335194,280.6757959691476
3129,0.00498993184917652,206.08214803399738
3130,0.005485799487335638,163.88932548708175
3131,0.005417932732102186,48.41320934799023
3132,0.005632917197723033,201.82149820659137
3133,0.0035539656146911197,38.82308139737792
3134,0.005663842813245377,359.61303984484493
3135,0.005349925097985321,38.2822145083766
3136,0.006743981106535949,34.50455816433411
3137,0.0068345395245070365,284.0436098179015
3138,0.00664218658167901,34.62296291995263
3139,0.008110709713329957,68.212486328978
3140,0.007527042007434726,159.2973494643232
3141,0.007327077806867483,90.13703127155588
3142,0.007582679004464448,359.953235639447
3143,0.006493665669322453,287.4923525681518
3144,0.007272085473183605,160.19306647114314
3145,0.006897356625852129,290.26827632489477
3146,0.005991864857289699,356.9415447687766
3147,0.005613478454671356,153.56132030387926
3148,0.00486732176678079,91.93335853611308
3149,0.00805405309123887,76.57928457195713
3150,0.005628663779961326,57.62535562757473
3151,0.006497608689745988,164.0229094111609
3152,0.0066126380394986905,87.25724765078876
3153,0.006532947950640496,121.14063764452825
3154,0.005691321786302565,57.308936418399014
3155,0.006492625896793765,89.42024600713756
3156,0.008055508156820875,39.05507561241922
3157,0.007893168329666458,116.36931576396883
3158,0.007239334185251454,153.12488174057398
3159,0.006656288439047221,294.6927042099274
3160,0.008694648390470103,68.40547160473221
3161,0.008370527085432495,159.3858124736938
3162,0.00742458230013506,86.04247466181882
3163,0.006581894874250278,374.7477116392407
3164,0.006085205395860472,111.60971464996885
3165,0.007156026827393337,169.99296321932349
3166,0.006013486491441253,67.13909000415674
3167,0.006141593903963882,81.6816602030713
3168,0.00521315372418645,288.4838476822072
3169,0.006296934008806255,208.5567571820876
3170,0.007020224270783759,70.73889593598263
3171,0.004905926419250924,155.72905654000553
3172,0.006930424576285847,69.13179875324388
3173,0.005392116780827234,156.2221093993268
3174,0.004737887684753533,165.75385504688558
3175,0.006124459567705419,208.06078886661697
3176,0.005134383110286303,205.99815277907288
3177,0.005725888286255674,279.205198172315
3178,0.005093303866045397,362.84198918010054
3179,0.005507082008989528,56.864483800475625
3180,0.005887479732086047,33.524028250905936
3181,0.005074390741216261,120.21947390203003
3182,0.006361403076709467,161.11850002426792
3183,0.0077194342158825435,163.47446096837317
3184,0.007757945866025104,81.20197863243845
3185,0.007191287338296329,85.51591153964749
3186,0.005844573215819599,51.30453084674315
3187,0.0060201570618979485,91.9549455232494
3188,0.005370960734911601,56.07047320713867
3189,0.006641287683060437,375.90814617161914
3190,0.005696863166593827,356.30740587806383
3191,0.007504736970421052,92.46865700270922
3192,0.005266432107488912,116.81039537042936
3193,0.007925635163575924,34.77886139712826
3194,0.006270615616249671,293.8945184746747
3195,0.006017924518252177,37.74979590227812
3196,0.005775313528085297,54.91431478729667
3197,0.0048343222893104335,88.16070158257895
3198,0.0076395368060647425,52.40615928646496
3199,0.0070391366414795,86.11140987110838
3200,0.0054608392431676755,201.4193512016196
3201,0.005792155593771382,275.22623384379403
3202,0.005469935981316564,295.7939157884448
3203,0.005905744602674018,159.75747839533582
3204,0.005103740647345231,52.08177129974179
3205,0.0060538025185311335,113.69859921449783
3206,0.005797132777906444,375.42837956445373
3207,0.0041251996199361644,67.81391571275964
3208,0.005001029884707267,53.952513887591195
3209,0.005878159751983521,121.334095579834
3210,0.005532172955714191,80.22756698083253
3211,0.006577611322758126,56.16328459833697
3212,0.006550423622625957,365.7410924537013
3213,0.005352950555310806,203.10733778056095
3214,0.006281934825396588,51.538275738297855
3215,0.00671732439887647,81.03779603518063
3216,0.006880624071610245,49.97472618122949
3217,0.006301548804716534,84.75256910201007
3218,0.008409437739515099,35.75790355891127
3219,0.010085413068862119,36.55713074251332
3220,0.007630236577322899,37.57625894609217
3221,0.007914082828612098,39.14290978459443
3222,0.008983374302175471,164.32457110048944
3223,0.0077683538922020305,367.70437715978045
3224,0.007426820911033164,58.59701821105221
3225,0.006311780692816809,37.07706806199744
3226,0.0085084842312672,86.8807690964675
3227,0.00836200277731454,70.01273901281327
3228,0.006853804732199317,66.22659759764463
3229,0.007345634675183301,33.961203694757266
3230,0.008805672048970656,290.56722729296666
3231,0.01010108781264211,71.28866244289686
3232,0.008133349340039724,32.08345761499721
3233,0.0064826224737897006,35.451137383026555
3234,0.0077223248392391695,38.682650927984454
3235,0.008258363165287861,360.5508517034397
3236,0.008052526110111497,370.7790453429154
3237,0.008304500532866424,37.77866055396936
3238,0.006743297629677377,122.78747901925162
3239,0.00644448464862359,198.5153717035635
3240,0.0063647567648088075,282.260669525743
3241,0.005195222325197956,278.88462606254626
3242,0.004842795768281114,66.5679755252492
3243,0.005957176541602335,210.46724676684664
3244,0.004925314243682179,36.13633303037612
3245,0.00504975944106165,86.93740549854678
3246,0.004484799377678428,109.15851382695587
3247,0.008450372657865624,56.306724383447005
3248,0.0065073593081358605,368.4685075698251
3249,0.005079752621256646,83.35850979331695
3250,0.008955938151092805,123.4274027662796
3251,0.0056661413241685795,52.00997872983548
3252,0.006962508778087795,56.56625243181359
3253,0.007099650065946342,90.94867082543622
3254,0.007418723841292889,289.35162760797834
3255,0.006417855608585366,84.75422196619496
3256,0.007525924645125161,86.79293297320694
3257,0.007569583638821944,123.15725814940525
3258,0.007260280580998495,33.3694046059935
3259,0.006624474477267556,69.12521925699363
3260,0.0080615105079896,84.6418728387622
3261,0.007503135696283935,195.78508752132154
3262,0.007941503843394069,360.31236128513626
3263,0.00648876959658851,272.3671102915704
3264,0.0067837576893202455,372.51891260151365
3265,0.006064761126385138,210.21186637062772
3266,0.005454811613454563,364.06264060577473
3267,0.005551880952939641,151.9666891679752
3268,0.006421155261565358,120.23129596763883
3269,0.0033741039294219607,33.0019249038478
3270,0.005012470191376423,201.2064846570358
3271,0.005425823676331913,167.60884106090535
3272,0.004354243173971835,166.1825706031617
3273,0.0059674489835352205,169.58818899087635
3274,0.005855413514490062,199.70338429072717
3275,0.004381364183875401,125.16945391636611
3276,0.00693382320389139,82.95987488359168
3277,0.006119025626926294,296.9652213009735
3278,0.005743898308348386,160.29226023479188
3279,0.0066807193182863885,366.1988179059452
3280,0.00560975826603998,150.39841771199883
3281,0.004500113646210727,160.6254036566697
3282,0.007203408901212674,71.47219606731528
3283,0.007712390178469299,34.966523737076805
3284,0.006371533166816949,81.92748688050172
3285,0.0062920086833120215,170.31397674467416
3286,0.0051855646450667805,204.28927991071973
3287,0.0059629555493861865,117.42818911361603
3288,0.0068368590205031745,67.73596759224418
3289,0.006369410899122567,376.0539113684599
3290,0.00558378326240927,72.3207753114258
3291,0.0073586482069983436,123.65539285148411
3292,0.0058446265802174335,285.90611423202853
3293,0.005444648402130149,375.80840542988045
3294,0.006688926670215772,87.93753636044929
3295,0.004261321166393764,37.5154063573206
3296,0.005441354241246328,286.10501758870186
3297,0.005629527534788044,118.44558597740053
3298,0.005895615405624702,365.6533749337724
3299,0.005463480585102184,37.53471762144936
3300,0.006995464741031845,115.73268194534411
3301,0.006624331224761051,74.27772922583034
3302,0.0062258731453046995,363.0163776666743
3303,0.005992573036088752,167.10766533347658
3304,0.004764267565149676,161.23746020173493
3305,0.004696820141143106,362.9197683229962
3306,0.004966939172432335,58.58948398496388
3307,0.005060670043152191,207.8414814174689
3308,0.0045119476311936465,39.346079050672564
3309,0.0055427055450654105,36.134772028113076
3310,0.008852905769422019,69.18256332924706
3311,0.006356854245028886,83.92932997078881
3312,0.006827772772345917,164.33994337577928
3313,0.0064105390739659296,40.20175900542152
3314,0.006804078568411815,88.5625139899176
3315,0.0064062571323734736,90.49292400407727
3316,0.007541658527283214,209.07228700123102
3317,0.0058786437181300825,52.359748088937216
3318,0.007895777561400594,192.37093131339708
3319,0.006467304811692508,36.48449307955866
3320,0.008556018160291117,92.36740514491707
3321,0.006656370369967936,290.0570676657698
3322,0.006728979438231426,373.4027707721801
3323,0.005235330669813142,71.31651839773404
3324,0.006278753424524629,357.3952900912549
3325,0.006158090084233701,285.07397319553985
3326,0.005934644953343265,123.94354522454935
3327,0.005329763483240316,68.6840219249251
3328,0.005402451334552302,352.36491169895464
3329,0.005929857550794482,115.23939757502762
3330,0.008076429471574638,55.02160753726023
3331,0.004835627357459674,63.375525418690444
3332,0.006149842464737114,210.41117417095032
3333,0.004869525283328795,123.02781168716075
3334,0.006450811022100074,119.79410382081426
3335,0.005787235442229258,274.92926025032534
3336,0.0076106079322926234,111.48126614561832
3337,0.007793624753179818,71.44973517624607
3338,0.006596728152938481,365.09349855199855
3339,0.005833265423097082,362.8198940621178
3340,0.007477048538345054,69.856498346464
3341,0.0059472043938378506,166.8655175340174
3342,0.0055633122478453015,55.46136441507973
3343,0.005498933612300592,206.1485352226269
3344,0.006528069587282199,155.8771577806361
3345,0.009392503324376706,120.72615565731316
3346,0.006818413989291199,80.93087651647035
3347,0.005913945286010858,58.76873157259288
3348,0.007131737112919752,209.8651564498422
3349,0.006035826478182571,52.98407095555811
3350,0.006545425059555892,164.52168953122464
3351,0.006235370146056924,115.48452817863935
3352,0.007511423044935824,209.73119503574392
3353,0.006100276171939465,118.77460691811731
3354,0.0075935736452017654,56.41942568887601
3355,0.0074462909588791345,55.443489334129
3356,0.006825369862678894,289.55939260759004
3357,0.00696229325559077,74.05022670579262
3358,0.006918041714995455,117.67954946460641
3359,0.006044864249040666,168.19646869788428
3360,0.005636865424106348,171.57018735036561
3361,0.005987373126604106,358.13096961840307
3362,0.006242481209329513,284.23455025251417
3363,0.005966976667681143,209.78857586849946
3364,0.005620577430510795,285.5295671054751
3365,0.005245275512358851,60.564905899645986
3366,0.005596836367028748,122.89576546600847
3367,0.005990665361546357,91.12831764385719
3368,0.005768518071907776,294.93625019386843
3369,0.00621065927532919,35.391917312874
3370,0.006062895095303908,369.7998187551994
3371,0.005177318521997553,53.468111003881354
3372,0.006563837476165907,204.15230721480035
3373,0.005479510690982108,206.84825865898767
3374,0.004571717969093728,33.676724643568164
3375,0.006167827359049471,68.7588752457991
3376,0.005804698251427233,208.33021071692536
3377,0.006455507779676755,165.16726258421724
3378,0.004995120958825136,152.70015996633032
3379,0.005949287653689877,87.55640993232038
3380,0.006067989699099248,116.89735556637469
3381,0.004106864646269843,37.77411939269624
3382,0.007599439528160568,39.41788621950524
3383,0.006969843391759194,68.16382785686841
3384,0.007593387030360197,280.6351983183893
3385,0.005790858049783231,168.67986273562897
3386,0.007642706552396948,162.0603335983283
3387,0.006601001674705633,123.65743147399976
3388,0.006556406134305606,55.42366826331228
3389,0.006213442564843498,173.29988368061967
3390,0.008363108042641006,118.25367417050488
3391,0.007194753280245664,351.4969884342447
3392,0.005719119499880761,365.70395240412705
3393,0.00603660243618602,74.41616661924486
3394,0.00610054065061415,295.0231633735171
3395,0.006840333168529281,197.34829335311994
3396,0.0054084475800314415,116.17546301364635
3397,0.0073738032221888836,68.17418177275326
3398,0.00612422463684556,285.22818026378343
3399,0.006093883772984431,70.16630316323806
3400,0.00649778831233708,162.6216631050641
3401,0.005722728613091959,190.91993801612153
3402,0.006160582946165201,355.63915452813814
3403,0.006208868092746355,165.4090540357559
3404,0.005602852241657996,34.46086016956037
3405,0.0060288499596985,164.18775833672632
3406,0.005482221052471477,123.05365955250154
3407,0.006530211652408086,68.01644876031813
3408,0.004543139318584354,72.17087916090262
3409,0.0058537984097545796,52.41472718777516
3410,0.006737937655505109,69.12997702882693
3411,0.006179537719213976,362.62566223538755
3412,0.006431648137050347,283.9146632646526
3413,0.006809259017001712,204.70761760658087
3414,0.006388434634985614,197.09873730661243
3415,0.00579661605646014,274.25431910392933
3416,0.004819324546180473,37.70806543176727
3417,0.005156954297908572,376.1598032540084
3418,0.005698172580036719,203.80400267758503
3419,0.005243456338387753,36.890514131987416
3420,0.005564066457308774,361.6525971985342
3421,0.005385962232670766,169.01309564280976
3422,0.006508102913483463,33.797614802841665
3423,0.005356788551988937,365.5998849257756
3424,0.004352472414294342,57.58444687758074
3425,0.006284406029531178,86.57261418590531
3426,0.006243318895520553,121.83204750229616
3427,0.005537527298217575,39.002556136995445
3428,0.005847168809557709,155.68832657300493
3429,0.005175681206605372,86.97328338090824
3430,0.006588134251099282,203.81369006225916
3431,0.0061133407898086006,362.7156347226135
3432,0.0067733620940438975,114.63333401278918
3433,0.0056963846344353026,124.0655331212303
3434,0.0077828367841273295,111.94342918671803
3435,0.006645060501399148,290.39186551037284
3436,0.006447627113429609,64.42057827122731
3437,0.007104784413043536,71.60871907767938
3438,0.005854883414240948,118.54344275739335
3439,0.006614226437287053,89.14854192676358
3440,0.007925548393405596,72.72864967975701
3441,0.0058407395169478285,72.01560178709249
3442,0.006461535357076857,206.80819009038728
3443,0.006959630373459469,360.3375554513846
3444,0.004640374873840326,87.17478539590132
3445,0.007229730778058136,197.34127493705992
3446,0.007295642141448648,118.96081514544392
3447,0.007321066865019414,205.09686922879513
3448,0.005996891192386176,200.4081062940382
3449,0.006359164045982614,277.2159639608571
3450,0.0056261960240257215,287.7500721084224
3451,0.006097321925435922,38.808142813304855
3452,0.0062825621596056085,69.26225303768973
3453,0.005747689365063669,199.74334705800936
3454,0.004727933500152386,119.08521946202626
3455,0.006172901288613195,277.8592865983283
3456,0.008239648588445364,90.18120649696355
3457,0.006484038381028402,202.01764285211735
3458,0.005884622467166923,361.76263373193973
3459,0.006659545703474629,295.54829277686684
3460,0.0057498790404820355,365.94167797053655
3461,0.007555203146546626,84.85917012975432
3462,0.007446460971801445,35.093644633765436
3463,0.0072559586036592145,121.83883131885966
3464,0.006024135221613923,86.60644480668493
3465,0.005690866979421116,121.75158486833668
3466,0.006170822050144509,289.84154295157316
3467,0.006183844146230635,93.09089677213564
3468,0.007379764433690897,56.58838691396068
3469,0.00860822975528979,67.90542469280321
3470,0.006820623844790951,69.51438379951726
3471,0.006011734150574896,37.42275502519412
3472,0.007313155817751915,69.3689918628741
3473,0.008147222426487133,38.83975632584245
3474,0.007827654502224864,171.4926752607137
3475,0.007036967040590212,80.20164708405505
3476,0.007280237908381097,365.4357805980396
3477,0.006466078698426357,36.84461054739088
3478,0.009499154088158414,74.64440224408531
3479,0.007692976404554506,292.99381249139583
3480,0.009163708634885777,194.77019619848681
3481,0.006567355528554449,118.71528349979279
3482,0.00796699418011436,90.57367429512799
3483,0.007397681909442889,205.46731950507203
3484,0.005942189690030478,208.52728637884053
3485,0.005963038416335952,56.70665322921658
3486,0.00798788182482195,117.15100803573044
3487,0.006489379397978625,163.84345341904995
3488,0.00644239861582353,202.87614778243906
3489,0.005508494033380987,201.0682183585468
3490,0.005772283800814132,57.255793231825976
3491,0.006556225334422599,34.39732474157468
3492,0.0059654161231149595,284.19340953884875
3493,0.005835010453573254,72.69388278331036
3494,0.00656059608138068,284.5022342524848
3495,0.005879648366224778,66.28822165295699
3496,0.00446605224781458,54.52973104964355
3497,0.00586469956265928,195.1101311864436
3498,0.006356609311124713,90.01189198698383
3499,0.0068216160871088505,289.529343771902
3500,0.006155964392765435,195.19132828982148
3501,0.005559098464406825,208.2826082118321
3502,0.007014616732538509,360.58218989416304
3503,0.005795027013718082,160.55217724550775
3504,0.005833937812870293,92.15941146950922
3505,0.006042618312519686,37.10720272766419
3506,0.006486186395459053,80.89492658433016
3507,0.006471829379324204,292.1618519557634
3508,0.0067080236731271725,121.79108458148973
3509,0.006881227734224857,274.93014731718733
3510,0.007250284438888575,35.46686746406072
3511,0.00701351998864532,286.0368198283845
3512,0.006049585878840012,294.4043850550484
3513,0.006044455370073658,201.56412328818035
3514,0.005758539801810552,358.41227707083175
3515,0.006034794245505522,289.6111672928457
3516,0.005983314448418292,287.76888519378645
3517,0.003700283660095763,34.7704369372767
3518,0.0042245386329031855,199.07629423371134
3519,0.0057332567309258285,75.10354942530792
3520,0.004664119165485121,89.39960427664982
3521,0.006192585969266718,282.762462341323
3522,0.005810470569972687,290.0756129381779
3523,0.00597202531842951,300.2876623584054
3524,0.006847454546984339,120.67683621636937
3525,0.0051495994865455525,114.54638725771775
3526,0.005955553117275376,165.01348655419199
3527,0.006035389844328165,74.75258337023867
3528,0.005608215624866157,110.03397975600943
3529,0.006414172190149765,70.06176025974216
3530,0.0065028758826184245,119.65956670336526
3531,0.005998549247203526,161.4865888360079
3532,0.006530822533829085,205.29717868906877
3533,0.007669147296507039,51.870537106781924
3534,0.006196008981946347,50.36607697905253
3535,0.005578486323115769,36.8466594654946
3536,0.006952383934993659,169.6310915003146
3537,0.0066715816695211965,294.40630498782434
3538,0.0061988606377060985,155.05706956300583
3539,0.005546751825489417,380.9370210949386
3540,0.0055391453492453545,285.48971384619387
3541,0.005336908099511888,162.52338404197818
3542,0.0047125331677646395,75.32132235343657
3543,0.005486098351571905,276.7808365099339
3544,0.0052717016680197465,122.86631208156093
3545,0.005447561633586637,289.5521422741392
3546,0.005535742171503575,200.27281541073916
3547,0.003522629168181648,35.68941196489994
3548,0.006963184396415178,32.63940084488532
3549,0.00595308122714853,36.30861013776304
3550,0.00621341790062782,286.6283306797441
3551,0.006611029635678278,116.31612161767364
3552,0.005659011539858605,35.58146601230861
3553,0.0071034318243619055,93.12301946227025
3554,0.006215411487077786,52.606137948650094
3555,0.006844033230907409,197.44964466974636
3556,0.007019299195795052,119.06435680813033
3557,0.007778865216974297,31.2217897633593
3558,0.007748376375027213,54.40753956210693
3559,0.006584031273174918,163.86872828312363
3560,0.007344481071394859,191.4744850666828
3561,0.006752531341244948,33.92715529665864
3562,0.00775441624327319,158.71469681674793
3563,0.01029246597920127,35.148151767374515
3564,0.007402593940810828,358.6748266091177
3565,0.007202460835759409,368.86678720908014
3566,0.005604241627762848,281.5660227259601
3567,0.004961046914495028,163.04465932689226
3568,0.005382897161885362,112.69271437698069
3569,0.005872152314440116,162.21432807366264
3570,0.005690046981711067,73.05200739184264
3571,0.0068695635472669,77.14218120954969
3572,0.006128232584283608,77.73907004017362
3573,0.006318697741414551,161.87036844207734
3574,0.004424613745931279,34.25334686716568
3575,0.0071728083573831805,167.34551175795514
3576,0.0060905740573164325,354.5593061900986
3577,0.006431044451793719,75.29531440833244
3578,0.006923829300849442,154.09236147775937
3579,0.006691609595027576,91.10097952853931
3580,0.008565385262600258,74.33750467582576
3581,0.00749701151555102,78.53882472833259
3582,0.009272979059129615,52.74529286372407
3583,0.009856213455681096,55.02533638711648
3584,0.009657328834832633,283.0201666466573
3585,0.007093708052510723,91.31778515815462
3586,0.007332225412234769,200.5670796289894
3587,0.0072107669607273,355.1224713259331
3588,0.006687315181684303,88.47335957586021
3589,0.005543299403979216,83.51338632514319
3590,0.007812018418450526,368.17810384437786
3591,0.005736153080499084,72.01043708240455
3592,0.009441833838619377,49.336303144048806
3593,0.007388645257624621,82.7389409974955
3594,0.00689023520138462,75.67270788417198
3595,0.0073159137543618935,51.715624748651095
3596,0.00699032807250776,165.3193689257528
3597,0.006741406482849586,69.78905618034725
3598,0.007460524936714836,118.84048724182674
3599,0.006659638076005279,370.975777159116
3600,0.006986549468434779,72.65368290703805
3601,0.007554459151375926,166.9189378749803
3602,0.006078607591176879,68.74615413861726
3603,0.007234247663952622,48.71349046930438
3604,0.00779347974203852,159.75400505674108
3605,0.007299927263412644,207.73293075758008
3606,0.006612408229782361,191.22579614530514
3607,0.006832539206276954,155.4263690472626
3608,0.006087657053616236,45.403352418759155
3609,0.006998516712667776,193.0158429957473
3610,0.007593061905786318,207.81208137683885
3611,0.009049152505808863,32.111073270429316
3612,0.006737083884772955,66.90488482010393
3613,0.006849771110613927,39.611064227590944
3614,0.008078295564848452,91.77872820949926
3615,0.007574647250097572,93.61923712112731
3616,0.007782077816021467,370.75117989737777
3617,0.005142679340647662,36.42955482585005
3618,0.007822680353869642,55.12853144913042
3619,0.0063942176700668195,120.64788990091614
3620,0.007020472740829998,88.21649253616164
3621,0.008906330825993791,51.344992244145786
3622,0.008121365814216776,116.3389459753684
3623,0.007267259149057922,293.81257274487814
3624,0.006545704584170271,152.91934548725126
3625,0.005853043690500459,40.1694502713312
3626,0.005932113473558992,296.0254479756516
3627,0.005984948719140473,286.45356384326954
3628,0.0058624022174346745,123.62257518922561
3629,0.004837448366492152,32.943687365741276
3630,0.006235766247510373,117.57558637159573
3631,0.006914282771581152,73.74079448468095
3632,0.005259915667481656,36.0456158612191
3633,0.005523869688339481,89.90250634799084
3634,0.006409331871062454,68.54401845904847
3635,0.005625433041132055,52.421072428522095
3636,0.00691657029161321,209.01463390828002
3637,0.008047950547813569,151.51858671099527
3638,0.006608223953171054,88.54526534651686
3639,0.006816598766185791,366.19486498652947
3640,0.006498065762571059,114.01862155754154
3641,0.007650368408858284,277.8334405398765
3642,0.005963523902277144,158.13814023499964
3643,0.006160724532107616,157.34285085956282
3644,0.00528351012404129,369.6264316808244
3645,0.005474993641028196,357.47089639989787
3646,0.004908082420162415,207.88343355177503
3647,0.0050556482495845885,57.05392676120645
3648,0.004944729876612102,201.66756839550553
3649,0.005472719542012783,123.07063248526643
3650,0.005967087465810787,122.53326832051383
3651,0.006252099402738198,73.23670055521303
3652,0.0060469340945159605,161.17470690218798
3653,0.004646637756299327,154.8991220819426
3654,0.006894639348972525,36.211441013629326
3655,0.005728627438356946,209.4658233096328
3656,0.005632402086286509,370.86185819789466
3657,0.004964040528679014,71.77667639302892
3658,0.007810403980463571,161.6825583463221
3659,0.006656961288871781,120.37524417462802
3660,0.007269887958734882,206.60934399405744
3661,0.007123827982640422,82.40214093484659
3662,0.006485414363851305,111.49150846288849
3663,0.006017800192322201,56.08124010307025
3664,0.007020221822480939,115.91222998567753
3665,0.006805989300109381,370.60926967755864
3666,0.007098440317680466,51.87358634697193
3667,0.006092088340460257,292.4342289609605
3668,0.006011351412532597,52.43202632880231
3669,0.00606255635611271,70.5670473757643
3670,0.007408968214656705,83.30608452788728
3671,0.008215467526910785,58.742461341444056
3672,0.008309555046867605,83.8447199992076
3673,0.00621865459086965,90.84856773409062
3674,0.008218735636930919,287.45428465430103
3675,0.0068561016349722005,204.90140755320638
3676,0.007277624685303214,168.00145743885147
3677,0.007243861093103044,363.68300829047865
3678,0.0066441757771826815,286.7267714387074
3679,0.005305442936113976,365.23615204371725
3680,0.004715925794752205,368.82040417045806
3681,0.007685118358164222,50.15070853165029
3682,0.004767924206455166,284.2504907726221
3683,0.004660133690446277,56.13003843405011
3684,0.005218005808011494,196.34810676385848
3685,0.005152396591173866,59.17444405394356
3686,0.005063382614083976,364.7631911829646
3687,0.004466219442706047,50.26978614982332
3688,0.006501691488665529,55.56222963230107
3689,0.004883684661101804,58.749003152344066
3690,0.006937973636828749,39.40660100815514
3691,0.006923023988817407,114.21896157466043
3692,0.006748498853701542,162.99118007512726
3693,0.0062860171226592565,209.71985186894733
3694,0.006641476933842748,288.05662992142624
3695,0.006939263737215449,55.58890904687336
3696,0.008324000031279866,113.96210300987275
3697,0.00628328624824603,282.54174619684403
3698,0.006260620011856837,204.59876794932734
3699,0.0060733594170948165,36.91145519744489
3700,0.006309936970633286,157.99511218213655
3701,0.008137056846527114,160.5709463605952
3702,0.006990473501027981,159.88510552573197
3703,0.009023430635791337,35.86653802845126
3704,0.0065457304541053155,70.53878386062675
3705,0.00722014444064499,159.0927789315371
3706,0.006119654971830782,206.9452016678096
3707,0.006592167597642101,201.29689574531352
3708,0.005904774670883761,72.53799427247712
3709,0.005315429462604476,82.8039429223127
3710,0.009156994159786484,84.35214420829122
3711,0.007419157562504426,37.50680863593622
3712,0.007903245083351726,156.7690358407968
3713,0.007494241963694729,368.0801867676553
3714,0.007129480049184045,355.5393403533532
3715,0.0050847101196946605,69.6816278442388
3716,0.007827949593774974,60.127811092795184
3717,0.0065722261575944215,92.09154868978537
3718,0.009369716337305826,73.5723281547111
3719,0.007163557199072381,201.95749099203934
3720,0.006615269751587914,74.29299198029213
3721,0.004082685623494587,35.73412182893309
3722,0.006649165486982076,294.6121195569962
3723,0.005027962078615515,49.98048107696602
3724,0.006682772479066865,195.73936609584405
3725,0.0065765412915565185,123.20082312958114
3726,0.007238109574320764,202.6474005113669
3727,0.006234458602439436,89.22137429493205
3728,0.005174949767212544,35.46953080027902
3729,0.009906543282278139,37.33680994183839
3730,0.00666228272418196,117.67968744426648
3731,0.00583471609756113,159.25956090799679
3732,0.006643803054930045,275.00261848343996
3733,0.006688590091251736,37.9523016415598
3734,0.0066187746317056635,88.80605364137153
3735,0.006215478291638787,117.38186437019212
3736,0.007749157661268235,74.58692213797394
3737,0.006615294211025519,51.127208966876125
3738,0.0063582924025517105,93.70516398165313
3739,0.007426686001299704,93.77665419788929
3740,0.006839733933861915,200.84457823264268
3741,0.006182907943636861,374.96412870989855
3742,0.0059369629135533255,285.5288627828952
3743,0.006073957773616175,165.97855553124296
3744,0.004940212412083593,116.3878608635669
3745,0.006824373103551228,54.45561305941568
3746,0.005640558286481914,92.46505761220595
3747,0.006364190706685454,120.28352226156294
3748,0.005839268655933862,197.84038081335987
3749,0.005929085922949705,292.4338914534514
3750,0.004871305982493956,39.61213766445873
3751,0.0059384112362135,282.5589015552742
3752,0.006539071030913221,165.8123171130073
3753,0.005878114766181891,158.75750478326333
3754,0.006639434880385189,291.381855406988
3755,0.005849267496598949,39.621555588109395
3756,0.004811418164093551,91.25447354575347
3757,0.007317891499207524,55.53127727756365
3758,0.006154958522229302,194.40695918648285
3759,0.005500358899028047,278.7842865388328
3760,0.007107796329364646,50.55979658598102
3761,0.0061150339007027595,161.6531700241064
3762,0.006295692704125858,52.05186973006931
3763,0.005802141175306517,212.78862675941625
3764,0.0057260867492374724,66.67455772939496
3765,0.006246333550575858,161.42626437671288
3766,0.0057778884934443445,276.0882514743601
3767,0.00718594791314243,201.99638604577584
3768,0.006673232498052619,119.4468320224225
3769,0.00675282748576639,36.007323057275464
3770,0.007095061529292473,87.95385156974646
3771,0.0063454748310890615,66.72102646280719
3772,0.006527550906463785,200.37936491943915
3773,0.007470052449060792,158.266039072672
3774,0.007847217266881389,34.849218631436536
3775,0.009101300240865261,69.25275770239607
3776,0.006958946741757576,52.122310320443766
3777,0.0073617920538635905,366.7184387012883
3778,0.007295831769840436,204.57791068463015
3779,0.006499874913650171,290.4302285639426
3780,0.00551293236444158,117.78206077005107
3781,0.005875458622044375,51.94418676206303
3782,0.006875065553365001,358.5288383086763
3783,0.0059417284952861995,34.756988274281284
3784,0.006286175903466712,361.44116293727024
3785,0.005226853015893545,154.98196045590808
3786,0.005870670067811918,370.18366437978256
3787,0.006043412736515459,153.4009941618047
3788,0.004902549919860735,207.33998709623214
3789,0.004299627568829676,37.81575798458316
3790,0.0060984604084247575,80.07141197864823
3791,0.005274020403173483,368.08983797986514
3792,0.007275124404074277,68.19316945742528
3793,0.006207847492008183,123.19114783082146
3794,0.006837749467442997,59.23212793032045
3795,0.005251402120713782,161.48045024462667
3796,0.005245233151323065,34.13500259649338
3797,0.006417093867425779,360.197656978299
3798,0.004979358286283073,372.188366634379
3799,0.005234664582530968,54.135029296116606
3800,0.005701661295198701,213.00929196142084
3801,0.005076290718076638,162.44891908025474
3802,0.007659646970519828,73.90119274449943
3803,0.004716697895642498,39.40089330746904
3804,0.0073272424076930714,166.27653255749865
3805,0.006001590830805217,159.9979855942521
3806,0.006069984201860658,167.7492726849773
3807,0.008109915095628332,151.76548577917885
3808,0.010137184430716624,39.062778688721714
3809,0.007752544054364733,283.52118314526433
3810,0.007496766050910362,124.85158948260894
3811,0.007272153528776534,37.542428352650724
3812,0.009244182506253392,53.978347059386884
3813,0.00708983602225228,68.99925718022395
3814,0.007346548851196979,279.72157782048447
3815,0.007960968596616097,70.44006714693954
3816,0.009303404854428073,87.731237895607
3817,0.0063265680988619215,111.95061515087413
3818,0.007843651198517992,198.24591154479668
3819,0.008634001921074322,114.53145916499079
3820,0.006984084328502058,375.27293088462284
3821,0.007915006308455408,164.08265617392374
3822,0.00606372453992001,51.961285192153845
3823,0.006888627808198372,292.2485165503935
3824,0.006403987337335094,159.16799187701
3825,0.008240171099452586,72.6415355150529
3826,0.006439177641417224,353.3219089708707
3827,0.010255782367211991,33.28651336656119
3828,0.006152785860665016,78.2442645586617
3829,0.007176954689156139,364.58855189470404
3830,0.00756026185336429,160.07075141625506
3831,0.007696204717605431,163.25650913246665
3832,0.007253890777211449,163.06581044712607
3833,0.006875582717295457,201.5559230945007
3834,0.006333942328979755,159.5630648292284
3835,0.006590841855461578,164.45224151523368
3836,0.0062427789602286605,68.38493881130606
3837,0.00587959731453505,286.96853942302425
3838,0.0061922923426930634,34.724968585592286
3839,0.005213917900758903,122.22027172721775
3840,0.007432819083648718,70.20863344043585
3841,0.007484177055954144,73.65088072181811
3842,0.006357048441124199,84.93980267036694
3843,0.007941689110147065,277.54581190717664
3844,0.006792025509359798,116.24109160723292
3845,0.008117386773599057,49.09480582472281
3846,0.006932498041925115,372.4456793471372
3847,0.007288619008692409,95.93976193388649
3848,0.006738933383300245,285.8218690625218
3849,0.0068486952564101025,39.13094424291572
3850,0.006360158010555635,291.74421776189786
3851,0.005602600248041812,377.7836517593029
3852,0.005458985706685449,52.14198918318231
3853,0.0052495778171843,56.248177928888694
3854,0.00479659400902882,275.67319619426314
3855,0.003935186206158628,93.77494311891546
3856,0.00540783061655353,291.55767078572495
3857,0.005942819216308358,73.78838006016419
3858,0.005304854395125032,288.82246600880916
3859,0.0049748034038650055,373.96859237380977
3860,0.005441186390387444,155.25392293495423
3861,0.005938724729616598,369.04734542834535
3862,0.0044299205304972975,91.01152118122116
3863,0.006089973877141557,123.82415322773
3864,0.005948756349079957,282.65400497722817
3865,0.0050987080083779385,121.4001498568009
3866,0.006495716284357163,110.86858781110224
3867,0.005693842142413892,73.25936175784665
3868,0.006354191894528994,208.58441685786585
3869,0.007110155178032493,120.57598966049976
3870,0.00743186371243101,69.11734837019908
3871,0.0064640664116555405,358.26713187162125
3872,0.006595947891833173,162.0485031137722
3873,0.004684536005290033,36.45583428523071
3874,0.005552126172144692,70.04729969629044
3875,0.0041128857932374654,38.539085761542346
3876,0.008577583593975405,75.34173023183519
3877,0.007177854302743975,165.10529346776997
3878,0.006570654574438947,368.70909312770976
3879,0.006972809881837158,85.33649930109642
3880,0.005935440066713989,202.90904638292906
3881,0.005425384692815979,50.32200925051828
3882,0.006711572227640457,68.95811359960808
3883,0.005834896515856648,88.78230384087078
3884,0.006162115806930905,155.98221709939972
3885,0.007412541954560868,370.14384000548387
3886,0.006221828956669825,90.15503867544342
3887,0.0072827033577210635,74.64358312854746
3888,0.006435042020367009,37.41174934374652
3889,0.0069211753819297195,167.10727749318414
3890,0.008653893503763426,116.547785243602
3891,0.00685227705984542,357.5389435075418
3892,0.006983158285512333,274.7579460312299
3893,0.006972776551715329,207.91356230187566
3894,0.006708932010464121,207.59334760791543
3895,0.006668402182325595,117.53925066890213
3896,0.00851287341025785,50.98263997040087
3897,0.005581954795097388,297.9071635321154
3898,0.005304218800204384,201.82869040640455
3899,0.006159806443078273,279.9477772437255
3900,0.005504053184481831,372.88285582401755
3901,0.005125054306255938,71.25125524792517
3902,0.005317853278685697,205.02813144105167
3903,0.005110311768315595,360.0858527292329
3904,0.0056110499134285,120.67722776403731
3905,0.005780741897922912,207.65943020240712
3906,0.005914770250621421,56.25489797407053
3907,0.0056099424559441,293.68917317847263
3908,0.005255954266017811,57.62684953872983
3909,0.006449545132371978,57.029567230047206
3910,0.00652553049189135,37.88195032691135
3911,0.006102134558134891,122.95697060630525
3912,0.008743179074873954,35.96955949715345
3913,0.0067257696444018725,71.91708505086326
3914,0.006981809194537793,116.07224154207601
3915,0.007751112567488095,117.8407423359749
3916,0.006143611792646607,207.43095806137651
3917,0.007705296010405211,38.23466224825772
3918,0.006786664581550912,107.64441754272593
3919,0.007895274668743905,116.83997251699553
3920,0.006905057287670862,275.5046286468655
3921,0.006085987132582187,115.26323274521903
3922,0.007973270021393057,163.1684706540281
3923,0.006458375221094891,169.91741960172203
3924,0.006805475594701226,357.56440509934816
3925,0.006738653123353339,287.6959956835399
3926,0.004766532052722681,70.24430014192968
3927,0.005417016350706531,53.75615054433046
3928,0.0061780176177449065,378.95412139456005
3929,0.005060244864911179,58.425905470340524
3930,0.005482932699564604,200.81220744083234
3931,0.0061024302831543704,204.30607322237316
3932,0.004749645699275326,74.07828392428729
3933,0.0076261055369672,72.2547240899846
3934,0.0068880000586572215,123.18516425567051
3935,0.006439887258776752,290.8466342709824
3936,0.005441297571480468,361.40443900285493
3937,0.005708829133541655,161.6275679495805
3938,0.006317020864294933,209.07425842836224
3939,0.006599677506172382,206.6397970038865
3940,0.007268781171164433,49.38767851366269
3941,0.005435377049092066,371.6480251166747
3942,0.006215787357792283,89.96251108598881
3943,0.005831613473558248,166.78330789677324
3944,0.005787987799198225,68.29383796401746
3945,0.005379475809884473,113.88706524130293
3946,0.005165624528757653,154.1526275040778
3947,0.0064824257607358155,208.03719144821548
3948,0.006125791565864347,78.99359082710083
3949,0.006352205717946359,203.34532751034783
3950,0.007568015556397109,33.43026884572265
3951,0.006164308951972004,203.83363035444745
3952,0.006044367342278397,117.26442771701832
3953,0.005778833451289571,371.81946535225484
3954,0.005625360480169891,84.86297118603359
3955,0.005354664326480649,282.35449418977845
3956,0.005373895590063342,72.37218151843632
3957,0.005420357202910026,205.11341878236675
3958,0.005263287113208002,294.24633526302233
3959,0.004811443988466035,203.40036979199007
3960,0.005027226579226357,291.1675567040082
3961,0.00871071951857222,33.46473238983091
3962,0.00648186638689777,285.83864757383714
3963,0.0061036014951118345,70.68770223238114
3964,0.006224902702590704,361.3832562554045
3965,0.0048590849539938115,289.1355797814014
3966,0.005409645851492107,167.10927346942728
3967,0.005914337369485095,66.72428368191669
3968,0.004952534609664117,367.19425436060425
3969,0.005212322241779224,33.56321477083561
3970,0.005342222690999803,111.43685554242181
3971,0.007573021024802221,90.44560280494501
3972,0.005586681666461797,274.0977070774641
3973,0.0071951812863587225,122.66969496603522
3974,0.007771783534453475,36.56950791629382
3975,0.0062564525955936335,197.83120793988095
3976,0.005917822101642534,160.7649934048705
3977,0.00589750728107264,208.51855966884864
3978,0.006492422091848414,360.4636157366346
3979,0.007408316209675523,72.07746871199193
3980,0.006977502703444013,170.59834447389795
3981,0.005719687311371905,374.07071328044384
3982,0.005428008332226867,206.08562108187243
3983,0.005508967191837235,122.55411362351113
3984,0.004507026228931919,195.02729264984052
3985,0.005712237561685749,114.8565063724675
3986,0.006682356846647816,84.14421469676788
3987,0.005452322735644145,150.56090380847516
3988,0.006266091229328005,86.49418466740151
3989,0.006438211034729251,281.36940924884647
3990,0.006416261033845624,73.56201216883903
3991,0.006678397232243141,166.1337909571025
3992,0.006181348658648064,292.34989334851724
3993,0.007144305562878099,120.34840030987993
3994,0.007157212518536285,84.13605226820015
3995,0.008399125968886388,83.06844195882005
